business_code,business_name,hierarchy_path,biz_large_name,biz_middle_name,biz_small_name,biz_sub_name,linked_ksic_codes,linked_ksic_names,definition,include_activities,exclude_activities,detail_description,representative_items,activity_terms,synonyms,ksic_version,has_haeseol
011000,곡물 및 기타 식량작물 재배업,"농업, 임업 및 어업 > 농업 > 작물 재배업 > 곡물 및 기타 식량작물 재배업","농업, 임업 및 어업",농업,작물 재배업,곡물 및 기타 식량작물 재배업,01110,곡물 및 기타 식량작물 재배업,"곡물작물, 식량용 뿌리작물, 콩과 작물 및 기타 식량작물을 재배하는 산업활동을 말한다.","벼, 보리, 밀, 수수 재배|감자, 고구마 재배|메밀 재배|옥수수, 콩, 녹두 재배","작물의 종묘 생산|시설작물 재배|사료용 작물 재배|과실, 견과, 음료용 또는 향신용 작물 재배",,"벼, 보리, 밀, 수수|감자, 고구마|메밀|옥수수, 콩, 녹두",재배,,KSIC 11차 (2024),True
011001,채소작물 재배업,"농업, 임업 및 어업 > 농업 > 작물 재배업 > 채소, 화훼작물 및 종묘 재배업 > 채소작물 재배업","농업, 임업 및 어업",농업,작물 재배업,"채소, 화훼작물 및 종묘 재배업",01121,채소작물 재배업,노지에서 각종 채소작물을 재배하는 산업활동을 말한다. 노지에서 깻 잎 등과 같이 채소로 사용하기 위하여 각종 작물을 재배하는 경우에 도 여기에 분류된다.,"풋마늘, 마늘 및 풋고추 재배|파 및 양파 재배|아스파라거스 재배|잎채소 재배","채소작물 종자 및 묘목 생산|콩나물, 버섯 및 기타 채소작물의 시설재배",,"풋마늘, 마늘 및 풋고추|파 및 양파|아스파라거스|잎채소",재배,,KSIC 11차 (2024),True
011002,화훼작물 재배업,"농업, 임업 및 어업 > 농업 > 작물 재배업 > 채소, 화훼작물 및 종묘 재배업 > 화훼작물 재배업","농업, 임업 및 어업",농업,작물 재배업,"채소, 화훼작물 및 종묘 재배업",01122,화훼작물 재배업,"노지에서 화초, 잔디, 관상수 등과 같은 장식, 관상, 조원 및 조경용의 수목․ 꽃․풀 등을 재배하는 산업활동을 말한다.",정원수 재배|조원용 풀 재배|절화용 화초 재배|분재 재배,화훼작물의 종자 및 묘목 생산|화훼작물의 시설재배|공원에 화훼작물 식재 및 관리 활동,,정원수|조원용 풀|절화용 화초|분재,재배,,KSIC 11차 (2024),True
011003,종자 및 묘목 생산업,"농업, 임업 및 어업 > 농업 > 작물 재배업 > 채소, 화훼작물 및 종묘 재배업 > 종자 및 묘목 생산업","농업, 임업 및 어업",농업,작물 재배업,"채소, 화훼작물 및 종묘 재배업",01123,종자 및 묘목 생산업,"노지 또는 시설에서 각종 농작물의 종자, 버섯 종균, 묘목 등을 생산 하는 산업활동을 말한다.","채소, 화초, 과수 종자 생산|채소, 화초, 과수 묘목 생산|버섯 종균 생산|접수 및 삽수 묘목 생산|화초 종근 생산|벼 모판 생산",육림용 종자 및 묘목 생산|종균 없는 버섯재배용 배지 혼합|발효생산|종균 없는 버섯재배용 배지 단순 혼합 생산|판매(G|공원에 화훼작물 식재 및 관리 활동,,"채소, 화초, 과수 종자|채소, 화초, 과수 묘목|버섯 종균|접수 및 삽수 묘목|화초 종근|벼 모판",생산,,KSIC 11차 (2024),True
011004,과실작물 재배업,"농업, 임업 및 어업 > 농업 > 작물 재배업 > 과실, 음료용 및 향신용 작물 재배업 > 과실작물 재배업","농업, 임업 및 어업",농업,작물 재배업,"과실, 음료용 및 향신용 작물 재배업",01131,과실작물 재배업,노지에서 견과(땅콩 제외)를 포함한 각종 과실작물을 재배하는 산업 활동을 말한다.,"밤, 호두 및 대추 재배|복숭아, 포도 및 감귤 재배|바나나 재배|키위 및 망고스틴 재배|무화과 재배","호프 재배|낙화생(땅콩) 재배|유지(기름 추출용) 작물 재배|멜론, 수박, 토마토 및 기타 과일채소 노지재배",,"밤, 호두 및 대추|복숭아, 포도 및 감귤|바나나|키위 및 망고스틴|무화과",재배,,KSIC 11차 (2024),True
011005,음료용 및 향신용 작물 재배업,"농업, 임업 및 어업 > 농업 > 작물 재배업 > 과실, 음료용 및 향신용 작물 재배업 > 음료용 및 향신용 작물 재배업","농업, 임업 및 어업",농업,작물 재배업,"과실, 음료용 및 향신용 작물 재배업",01132,음료용 및 향신용 작물 재배업,노지에서 음료용 또는 향신용 작물을 재배하는 산업활동을 말한다.,고추(풋고추 제외) 재배|생강 재배|정향 재배|녹차용 작물 재배|커피 재배|코코아 재배,"커피 가공, 차류 가공|향신료 가공",,고추(풋고추 제외)|생강|정향|녹차용 작물|커피|코코아,재배,,KSIC 11차 (2024),True
011006,기타 작물 재배업,"농업, 임업 및 어업 > 농업 > 작물 재배업 > 기타 작물 재배업","농업, 임업 및 어업",농업,작물 재배업,기타 작물 재배업,01140,기타 작물 재배업,"노지에서 약용작물, 사료작물, 기름추출용 작물 및 공업용 원료작물 등 달리 분류되지 않은 기타 작물을 재배하는 산업활동을 말한다.",인삼 재배|호프 재배|섬유작물 재배|비 및 솔 제조용 작물 재배|유지작물 재배|조물재료용 작물 재배|낙화생(땅콩) 재배|잎담배 재배,곡물 및 기타 식량작물 재배|음료용 및 향신용 작물 재배|작물 배양 재배,,인삼|호프|섬유작물|비 및 솔 제조용 작물|유지작물|조물재료용 작물|낙화생(땅콩)|잎담배,재배|제조,,KSIC 11차 (2024),True
011007,기타 시설작물 재배업,"농업, 임업 및 어업 > 농업 > 작물 재배업 > 시설작물 재배업 > 기타 시설작물 재배업","농업, 임업 및 어업",농업,작물 재배업,시설작물 재배업,01159,기타 시설작물 재배업,"채소, 화훼 및 과실작물 이외의 각종 작물을 시설 재배하는 산업활동 을 말한다. 농업, 임업 및 어업 ，",버섯 재배|작물 배양 재배|음료용 작물 시설재배|공예작물 시설재배|향신용 작물 시설재배|콩나물 재배,화훼작물 시설 재배|노지 및 시설 내에서 종묘생산,콩나물 재배,버섯|작물 배양|음료용 작물 시설|공예작물 시설|향신용 작물 시설|콩나물,재배|어업,,KSIC 11차 (2024),True
011008,"채소, 화훼 및 과실작물 시설 재배업","농업, 임업 및 어업 > 농업 > 작물 재배업 > 시설작물 재배업 > 채소, 화훼 및 과실작물 시설 재배업","농업, 임업 및 어업",농업,작물 재배업,시설작물 재배업,01151,"채소, 화훼 및 과실작물 시설 재배업","시설 내에서 채소, 화훼 및 과실작물을 재배하는 산업활동을 말한다.",,"음료용 및 향신용, 공예용 작물 시설 재배",,"채소, 화훼 및 과실작물 시설 재배업",재배,,KSIC 11차 (2024),True
011009,기타 시설작물 재배업,"농업, 임업 및 어업 > 농업 > 작물 재배업 > 시설작물 재배업 > 기타 시설작물 재배업","농업, 임업 및 어업",농업,작물 재배업,시설작물 재배업,01159,기타 시설작물 재배업,"채소, 화훼 및 과실작물 이외의 각종 작물을 시설 재배하는 산업활동 을 말한다. 농업, 임업 및 어업 ，",버섯 재배|작물 배양 재배|음료용 작물 시설재배|공예작물 시설재배|향신용 작물 시설재배|콩나물 재배,화훼작물 시설 재배|노지 및 시설 내에서 종묘생산,,버섯|작물 배양|음료용 작물 시설|공예작물 시설|향신용 작물 시설|콩나물,재배|어업,,KSIC 11차 (2024),True
012101,육우 사육업,"농업, 임업 및 어업 > 농업 > 축산업 > 소 사육업 > 육우 사육업","농업, 임업 및 어업",농업,축산업,소 사육업,01212,육우 사육업,쇠고기를 생산하기 위하여 육우를 사육하는 산업활동을 말한다. 젖소 이외 기타 용도의 소 사육업도 포함한다.,,,,육우 사육업,사육|생산,,KSIC 11차 (2024),True
012102,말 및 양 사육업,"농업, 임업 및 어업 > 농업 > 축산업 > 기타 축산업 > 말 및 양 사육업","농업, 임업 및 어업",농업,축산업,기타 축산업,01291,말 및 양 사육업,"각종 용도의 말, 양 및 염소를 사육하는 산업활동을 말한다.",양 사육|양모 생산|당나귀 사육|양젖 생산|말 사육,도축활동에 관련된 양모 생산|경마장에서 경주마를 사육관리하는 경우,,양모|당나귀|양젖,사육|생산,,KSIC 11차 (2024),True
012103,"그 외 기타 축산업(사슴, 토끼)","농업, 임업 및 어업 > 농업 > 축산업 > 기타 축산업 > 그 외 기타 축산업(사슴, 토끼)","농업, 임업 및 어업",농업,축산업,기타 축산업,01299,그 외 기타 축산업,"달리 분류되지 않은 육지동물(소, 돼지, 가금류, 말 및 양을 제외)을 번식․증식․사육하는 산업활동을 말한다.","양봉업|실험용 쥐 생산|여우 및 곰 사육|곤충류 사육|토끼, 개 및 사슴 사육|양잠업|환형동물(지렁이 등) 사육",가금 및 조류 감별활동,"사슴, 토끼","양봉업|실험용 쥐|여우 및 곰|곤충류|토끼, 개 및 사슴|양잠업|환형동물(지렁이 등)",사육|양봉|생산,,KSIC 11차 (2024),True
012104,젖소 사육업,"농업, 임업 및 어업 > 농업 > 축산업 > 소 사육업 > 젖소 사육업","농업, 임업 및 어업",농업,축산업,소 사육업,01211,젖소 사육업,우유를 생산하기 위하여 젖소를 사육하는 산업활동을 말한다.,젖소 사육|생우유 생산,구입한 생우유의 처리 및 가공,,젖소|생우유,사육|생산,,KSIC 11차 (2024),True
012105,그 외 기타 축산업(개),"농업, 임업 및 어업 > 농업 > 축산업 > 기타 축산업 > 그 외 기타 축산업(개)","농업, 임업 및 어업",농업,축산업,기타 축산업,01299,그 외 기타 축산업,"달리 분류되지 않은 육지동물(소, 돼지, 가금류, 말 및 양을 제외)을 번식․증식․사육하는 산업활동을 말한다.","양봉업|실험용 쥐 생산|여우 및 곰 사육|곤충류 사육|토끼, 개 및 사슴 사육|양잠업|환형동물(지렁이 등) 사육",가금 및 조류 감별활동,개,"양봉업|실험용 쥐|여우 및 곰|곤충류|토끼, 개 및 사슴|양잠업|환형동물(지렁이 등)",사육|양봉|생산,,KSIC 11차 (2024),True
012201,양돈업,"농업, 임업 및 어업 > 농업 > 축산업 > 양돈업","농업, 임업 및 어업",농업,축산업,양돈업,01220,양돈업,"각종 용도의 돼지, 멧돼지를 번식 및 사육하는 산업활동을 말한다.",돼지 사육|멧돼지 사육,,,돼지|멧돼지,사육,,KSIC 11차 (2024),True
012202,양계업,"농업, 임업 및 어업 > 농업 > 축산업 > 가금류 및 조류 사육업 > 양계업","농업, 임업 및 어업",농업,축산업,가금류 및 조류 사육업,01231,양계업,"각종 용도의 닭을 사육하거나 병아리를 부화하는 산업활동을 말한다. 농업, 임업 및 어업 ，",닭 사육|양계장 운영|계란 생산|병아리 부화장 운영,가금 감별활동,,양계장|계란|병아리 부화장,사육|어업|생산,,KSIC 11차 (2024),True
012203,기타 가금류 및 조류 사육업,"농업, 임업 및 어업 > 농업 > 축산업 > 가금류 및 조류 사육업 > 기타 가금류 및 조류 사육업","농업, 임업 및 어업",농업,축산업,가금류 및 조류 사육업,01239,기타 가금류 및 조류 사육업,닭을 제외한 각종 용도의 가금 및 기타 조류를 사육하거나 부화하는 산업활동을 말한다.,가금(닭 제외) 사육|조란(계란 제외) 생산|실험용 조류 사육|관상용 조류 사육|메추리 사육|가금(닭 제외) 부화,가금 감별활동|닭 사육 및 부화,,가금(닭 제외)|조란(계란 제외)|실험용 조류|관상용 조류|메추리|가금(닭 제외) 부화,사육|생산,,KSIC 11차 (2024),True
012204,그 외 기타 축산업,"농업, 임업 및 어업 > 농업 > 축산업 > 기타 축산업 > 그 외 기타 축산업","농업, 임업 및 어업",농업,축산업,기타 축산업,01299,그 외 기타 축산업,"달리 분류되지 않은 육지동물(소, 돼지, 가금류, 말 및 양을 제외)을 번식․증식․사육하는 산업활동을 말한다.","양봉업|실험용 쥐 생산|여우 및 곰 사육|곤충류 사육|토끼, 개 및 사슴 사육|양잠업|환형동물(지렁이 등) 사육",가금 및 조류 감별활동,,"양봉업|실험용 쥐|여우 및 곰|곤충류|토끼, 개 및 사슴|양잠업|환형동물(지렁이 등)",사육|양봉|생산,,KSIC 11차 (2024),True
014300,축산 관련 서비스업,"농업, 임업 및 어업 > 농업 > 작물재배 및 축산 관련 서비스업 > 축산 관련 서비스업","농업, 임업 및 어업",농업,작물재배 및 축산 관련 서비스업,축산 관련 서비스업,01420,축산 관련 서비스업,수수료 또는 계약에 의하여 축산관련 서비스를 제공하는 산업활동을 어 말한다.,가금감별 서비스|동물 인공수정|품종개량 서비스|거세 서비스|혈통검사 서비스|동물 먹이주기 대리,가금부화 서비스|수렵관련 서비스 활동|축산분뇨 수집 및 처리,,가금감별|동물 인공수정|품종개량|거세|혈통검사|동물 먹이주기 대리,검사,,KSIC 11차 (2024),True
014301,작물재배 및 축산 복합농업,"농업, 임업 및 어업 > 농업 > 작물재배 및 축산 복합농업","농업, 임업 및 어업",농업,작물재배 및 축산 복합농업,작물재배 및 축산 복합농업,01300,작물재배 및 축산 복합농업,"농업, 임업 및 어업 ， 작물 재배활동과 축산활동을 복합적으로 운영하는 산업활동으로서 이 임 중 한편의 전문화율이 66% 이하로 운영되는 산업활동을 말한다.",작물재배와 축산 복합 생산,,,작물재배와 축산 복합,재배|어업|생산,,KSIC 11차 (2024),True
014302,작물재배 지원 서비스업,"농업, 임업 및 어업 > 농업 > 작물재배 및 축산 관련 서비스업 > 작물재배 관련 서비스업 > 작물재배 지원 서비스업","농업, 임업 및 어업",농업,작물재배 및 축산 관련 서비스업,작물재배 관련 서비스업,01411,작물재배 지원 서비스업,"수수료 또는 계약에 의하여 밭갈기, 작물심기, 농약뿌리기, 가지치기, 작물 수확하기 등 작물재배에 수반되는 활동을 제공하는 산업활동을 말한다. 운전자와 함께 농업용 기계 및 장비를 제공하는 활동과 농업 용수 공급활동도 포함한다.",농약 뿌리기 서비스|작물 수확 서비스|농업용수 공급|농업 노동자 공급,과실 선과장 운영|농산물 건조장 운영|생활용수 및 공업용수 공급|농업 노동력 이외의 인력공급,,농약 뿌리기|작물 수확|농업용수|농업 노동자,재배,,KSIC 11차 (2024),True
014303,"농산물 건조, 선별 및 기타 수확 후 서비스업","농업, 임업 및 어업 > 농업 > 작물재배 및 축산 관련 서비스업 > 작물재배 관련 서비스업 > 농산물 건조, 선별 및 기타 수확 후 서비스업","농업, 임업 및 어업",농업,작물재배 및 축산 관련 서비스업,작물재배 관련 서비스업,01412,"농산물 건조, 선별 및 기타 수확 후 서비스업","수수료 또는 계약에 의하여 곡물, 종자, 채소, 화훼 및 과실 등의 각 종 농산물을 선별, 건조 및 기타 출하준비를 위한 고정 처리시설(가 공처리시설 제외)을 운영하는 시장 출하 이전 활동을 말한다.",과실 선과장 운영|농산물 건조장 운영|종자 가공업 운영,담배 재건조업|농업용 종자 재배업|종자 신품종 개발을 위한 연구활동,,과실 선과장|농산물 건조장|종자 가공업,가공,,KSIC 11차 (2024),True
015000,수렵 및 관련 서비스업,"농업, 임업 및 어업 > 농업 > 수렵 및 관련 서비스업","농업, 임업 및 어업",농업,수렵 및 관련 서비스업,수렵 및 관련 서비스업,01500,수렵 및 관련 서비스업,육상에서 각종 야생 육지 동물과 수산 동물(고래 제외)을 포획 또는 채집하는 활동 및 수렵관련 서비스 활동을 포함한다.,"수렵활동|야생 개구리 포획|육상에서 수행하는 수산 포유동물(해마, 바다표범) 포획",사육활동에 결합된 동물성 물질 생산|고래 수상 포획활동,,"수렵활동|야생 개구리 포획|육상에서 수행하는 수산 포유동물(해마, 바다표범) 포획",,,KSIC 11차 (2024),True
020100,임업용 종묘 생산업,"농업, 임업 및 어업 > 임업 > 영림업 > 임업용 종묘 생산업","농업, 임업 및 어업",임업,임업,영림업,02011,임업용 종묘 생산업,조림 및 육림 등 임업용 수목의 종자 및 묘목을 생산 또는 채취하는 산업활동을 말한다.,임업용 묘목 생산|임업용 종자 생산,임업용 이외의 종묘 생산,,임업용 묘목|임업용 종자,채취|생산,,KSIC 11차 (2024),True
020101,육림업,"농업, 임업 및 어업 > 임업 > 영림업 > 육림업","농업, 임업 및 어업",임업,임업,영림업,02012,육림업,"임목을 생산하기 위하여 산림에서 나무를 심고, 가꾸고, 보호하는 산 업활동을 말한다.",임목지 운영|자영 산림 내에서 임업 부산물 생산,"식물원, 수목원 관리 운영",,임목지|자영 산림 내에서 임업 부산물,생산,,KSIC 11차 (2024),True
020102,임산물 채취업,"농업, 임업 및 어업 > 임업 > 임산물 채취업","농업, 임업 및 어업",임업,임업,임산물 채취업,02030,임산물 채취업,"자연적으로 번식․생장하는 각종 용도의 야생 식물 및 식물성 물질을 채취하는 산업활동을 말한다. 야생 딸기, 버섯, 송로 및 견과 등 식용 가능한 야생 식물을 채취하는 활동도 포함한다.","천연 검 및 수지 채취|쿠션, 매트리스 등 충전용 식물성 재료 채취|천연 코르크 채취",재배한 고무나무에서 천연고무 라텍스액 채취|임업사업자를 대리한 임산물 채취|정리활동|육림업자가 자영 산림 내에서 야생식물을 채취하는 경우,,"천연 검 및 수지 채취|쿠션, 매트리스 등 충전용 식물성 재료 채취|천연 코르크 채취",채취|리스,,KSIC 11차 (2024),True
020200,벌목업,"농업, 임업 및 어업 > 임업 > 벌목업","농업, 임업 및 어업",임업,임업,벌목업,02020,벌목업,원목과 연료용 목재를 벌목하는 산업활동을 말한다.,원목 생산|연료용 나무 생산|벌목업자|화목 생산,,,원목|연료용 나무|벌목업자|화목,벌목|생산,,KSIC 11차 (2024),True
020300,임업 관련 서비스업,"농업, 임업 및 어업 > 임업 > 임업 관련 서비스업","농업, 임업 및 어업",임업,임업,임업 관련 서비스업,02040,임업 관련 서비스업,수수료 또는 계약에 의하여 영림 및 벌목관련 서비스를 제공하는 산 업 활동을 말한다.,산불 방지 서비스|산림 병충해 방지 서비스|산림 경비 및 보조 서비스|수목 조사 및 평가 서비스|목재 운반 및 이동 서비스(벌목장 내),,,산불 방지|산림 병충해 방지|산림 경비 및 보조|수목 조사 및 평가|목재 운반 및 이동 서비스(벌목장 내),벌목|경비,,KSIC 11차 (2024),True
051102,연근해 어업,"농업, 임업 및 어업 > 어업 > 어로 어업 > 해수면 어업 > 연근해 어업","농업, 임업 및 어업",어업,어로 어업,해수면 어업,03112,연근해 어업,"연안 및 근해에서 어류, 갑각류, 연체동물, 해조류 및 기타 수산 동․ 식물을 채취 또는 포획하는 산업활동을 말한다.","어류 포획|수산 무척추동물 포획|진주조개 채취|산호 채취 농업, 임업 및 어업",,,"어류 포획|수산 무척추동물 포획|진주조개 채취|산호 채취 농업, 임업 및",어업|채취|주조,,KSIC 11차 (2024),True
051104,원양 어업,"농업, 임업 및 어업 > 어업 > 어로 어업 > 해수면 어업 > 원양 어업","농업, 임업 및 어업",어업,어로 어업,해수면 어업,03111,원양 어업,"원양에서 어류, 갑각류, 연체동물, 해조류 및 기타 수산 동․식물을 채취 또는 포획하는 산업활동을 말한다.",어류 포획|수산 무척추동물 포획|진주조개 채취|산호 채취,,,어류 포획|수산 무척추동물 포획|진주조개 채취|산호 채취,어업|채취|주조,,KSIC 11차 (2024),True
051200,내수면 어업,"농업, 임업 및 어업 > 어업 > 어로 어업 > 내수면 어업","농업, 임업 및 어업",어업,어로 어업,내수면 어업,03120,내수면 어업,"강, 호수, 하천 등 내수면에서 어류 등의 각종 수산 동․식물을 채취 또는 포획하는 산업활동을 말한다.",어류 포획|연체동물 포획|갑각류 채취|수산 식물 채취,,,어류 포획|연체동물 포획|갑각류 채취|수산 식물 채취,어업|채취,,KSIC 11차 (2024),True
052101,해수면 양식 어업,"농업, 임업 및 어업 > 어업 > 양식어업 및 어업관련 서비스업 > 양식 어업 > 해수면 양식 어업","농업, 임업 및 어업",어업,양식어업 및 어업관련 서비스업,양식 어업,03211,해수면 양식 어업,해수면 또는 육상에서 해수를 이용하여 각종 수산 동․식물을 증식 또는 양식하는 산업활동을 말한다.,수산 동물 양식|수산 식물 양식|진주 양식|해산물 양식,,,수산 동물|수산 식물|진주|해산물,양식|어업|이용,,KSIC 11차 (2024),True
052103,내수면 양식 어업,"농업, 임업 및 어업 > 어업 > 양식어업 및 어업관련 서비스업 > 양식 어업 > 내수면 양식 어업","농업, 임업 및 어업",어업,양식어업 및 어업관련 서비스업,양식 어업,03212,내수면 양식 어업,내수면에서 각종 수산 동․식물을 증식 또는 양식하는 산업활동을 말 한다.,수산 동물 양식|수산 식물 양식|개구리 양식|우렁이 양식,개구리 포획,,수산 동물|수산 식물|개구리|우렁이,양식|어업,,KSIC 11차 (2024),True
052104,수산물 부화 및 수산 종자 생산업,"농업, 임업 및 어업 > 어업 > 양식어업 및 어업관련 서비스업 > 양식 어업 > 수산물 부화 및 수산 종자 생산업","농업, 임업 및 어업",어업,양식어업 및 어업관련 서비스업,양식 어업,03213,수산물 부화 및 수산 종자 생산업,각종 수산 동물과 식물을 부화하거나 종자를 생산하는 산업활동을 말 한다.,수산 동물 및 식물 종자생산|어족 부화 서비스,,,수산 동물 및 식물 종자|어족 부화,생산,,KSIC 11차 (2024),True
052200,어업 관련 서비스업,"농업, 임업 및 어업 > 어업 > 양식어업 및 어업관련 서비스업 > 어업 관련 서비스업","농업, 임업 및 어업",어업,양식어업 및 어업관련 서비스업,어업 관련 서비스업,03220,어업 관련 서비스업,수수료 또는 계약에 의하여 어로어업 및 양식어업에 관련된 서비스를 제공하는 산업활동을 말한다.,"어획물 정리 서비스|어획물 출하 준비 서비스|수산물 선별, 정리 서비스",어족부화 서비스|채취,,"어획물 정리|어획물 출하 준비|수산물 선별, 정리",양식|어업,,KSIC 11차 (2024),True
101000,석탄 광업,"광업 > 석탄, 원유 및 천연가스 광업 > 석탄 광업",광업,"석탄, 원유 및 천연가스 광업",석탄 광업,석탄 광업,05100,석탄 광업,"무연탄, 유연탄, 갈탄 등의 석탄(토탄 제외)을 채굴하는 산업활동을 말한다. 석탄 광업 사업체와 수수료 또는 계약에 의해 채굴한 석탄의 파쇄․분쇄․체질 및 선별에 종사하는 사업체는 직접 채광활동을 하 지 않더라도 포함하여 분류한다.",역청질탄(석탄) 채굴 및 선광|유연탄 채굴 및 선광|갈탄 채굴 및 선광,구입한|유연탄 및 갈탄으로 연탄 생산|구입한 석탄을 건류하여 코크스 생산|토탄 채굴,,역청질탄(석탄) 채굴 및 선광|유연탄 채굴 및 선광|갈탄 채굴 및 선광,채굴,,KSIC 11차 (2024),True
101001,그 외 기타 비금속광물 광업,광업 > 비금속광물 광업; 연료용 제외 > 기타 비금속광물 광업 > 그 외 기타 비금속광물 광업,광업,비금속광물 광업; 연료용 제외,기타 비금속광물 광업,그 외 기타 비금속광물 광업,07290,그 외 기타 비금속광물 광업,그 외 기타 비금속광물 또는 천연 유출물을 채굴․채취하는 산업활동 을 말한다.,"장석, 규조토, 백류석 채굴|하석, 활석, 운모 채굴|섬장암 채굴|규산질 토(흙) 채굴|천연 동석 채굴|흑연, 인상흑연 채굴|토상흑연 채굴|연마용 광물재료 채굴|천연 아스팔트 채굴|석면 채굴|천연 커런덤 채굴|다이아몬드 채굴|토탄 채굴",천연 석고 및 무수석고 채굴,토탄,"장석, 규조토, 백류석 채굴|하석, 활석, 운모 채굴|섬장암 채굴|규산질 토(흙) 채굴|천연 동석 채굴|흑연, 인상흑연 채굴|토상흑연 채굴|연마용 광물재료 채굴|천연 아스팔트 채굴|석면 채굴|천연 커런덤 채굴|다이아몬드 채굴|토탄 채굴",채취|채굴,,KSIC 11차 (2024),True
131000,철 광업,광업 > 금속 광업 > 철 광업,광업,금속 광업,철 광업,철 광업,06100,철 광업,철 성분을 주로 함유하고 있는 각종 철광석을 채굴하는 산업활동으로 서 철광석의 정광 및 기타 부수적인 처리활동과 철광석의 응집처리 활동도 포함한다.,자철광석 채굴|철광석 채굴 및 정광활동|철광석분 응집처리|능철광석 채굴|사철광 채굴,황화철광 채굴,,자철광석 채굴|철광석 채굴 및 정광활동|철광석분 응집처리|능철광석 채굴|사철광 채굴,채굴,,KSIC 11차 (2024),True
131003,비철금속 광업,광업 > 금속 광업 > 비철금속 광업,광업,금속 광업,비철금속 광업,비철금속 광업,06200,비철금속 광업,"역청 우라늄광 등 우라늄 또는 토륨을 주로 함유한 광물, 금ㆍ은ㆍ백 금 등 귀금속광물, 희토류 금속광물 및 납, 아연, 구리, 주석 등 각종 비철금속광물 등을 채굴 및 정광하는 산업활동을 말한다.","우라늄 및 토륨광 채굴|귀금속 채굴 및 정광|배금광석 채굴 및 정광|사금 채취|연(납)광석 채굴 및 정광|아연광석 채굴 및 정광|동광석 채굴 및 정광|텅스텐광 채굴|주석 및 알루미늄광석 채굴|망가니즈 및 니켈광석 채굴|중석(흑중석, 회중석 등)광 채굴|수은 및 바나듐광석 채굴|몰리브덴광석 채굴|크롬광석 채굴|티타늄광석 채굴|지르코늄광석 채굴|탄탈륨광석 채굴|코발트광석 채굴|안티몬광석 채굴",,"텅스텐, 몰리브덴","우라늄 및 토륨광 채굴|귀금속 채굴 및 정광|배금광석 채굴 및 정광|사금 채취|연(납)광석 채굴 및 정광|아연광석 채굴 및 정광|동광석 채굴 및 정광|텅스텐광 채굴|주석 및 알루미늄광석 채굴|망가니즈 및 니켈광석 채굴|중석(흑중석, 회중석 등)광 채굴|수은 및 바나듐광석 채굴|몰리브덴광석 채굴|크롬광석 채굴|티타늄광석 채굴",채취|채굴,,KSIC 11차 (2024),True
132002,비철금속 광업,광업 > 금속 광업 > 비철금속 광업,광업,금속 광업,비철금속 광업,비철금속 광업,06200,비철금속 광업,"역청 우라늄광 등 우라늄 또는 토륨을 주로 함유한 광물, 금ㆍ은ㆍ백 금 등 귀금속광물, 희토류 금속광물 및 납, 아연, 구리, 주석 등 각종 비철금속광물 등을 채굴 및 정광하는 산업활동을 말한다.","우라늄 및 토륨광 채굴|귀금속 채굴 및 정광|배금광석 채굴 및 정광|사금 채취|연(납)광석 채굴 및 정광|아연광석 채굴 및 정광|동광석 채굴 및 정광|텅스텐광 채굴|주석 및 알루미늄광석 채굴|망가니즈 및 니켈광석 채굴|중석(흑중석, 회중석 등)광 채굴|수은 및 바나듐광석 채굴|몰리브덴광석 채굴|크롬광석 채굴|티타늄광석 채굴|지르코늄광석 채굴|탄탈륨광석 채굴|코발트광석 채굴|안티몬광석 채굴",,기타 비철금속,"우라늄 및 토륨광 채굴|귀금속 채굴 및 정광|배금광석 채굴 및 정광|사금 채취|연(납)광석 채굴 및 정광|아연광석 채굴 및 정광|동광석 채굴 및 정광|텅스텐광 채굴|주석 및 알루미늄광석 채굴|망가니즈 및 니켈광석 채굴|중석(흑중석, 회중석 등)광 채굴|수은 및 바나듐광석 채굴|몰리브덴광석 채굴|크롬광석 채굴|티타늄광석 채굴",채취|채굴,,KSIC 11차 (2024),True
132003,비철금속 광업,광업 > 금속 광업 > 비철금속 광업,광업,금속 광업,비철금속 광업,비철금속 광업,06200,비철금속 광업,"역청 우라늄광 등 우라늄 또는 토륨을 주로 함유한 광물, 금ㆍ은ㆍ백 금 등 귀금속광물, 희토류 금속광물 및 납, 아연, 구리, 주석 등 각종 비철금속광물 등을 채굴 및 정광하는 산업활동을 말한다.","우라늄 및 토륨광 채굴|귀금속 채굴 및 정광|배금광석 채굴 및 정광|사금 채취|연(납)광석 채굴 및 정광|아연광석 채굴 및 정광|동광석 채굴 및 정광|텅스텐광 채굴|주석 및 알루미늄광석 채굴|망가니즈 및 니켈광석 채굴|중석(흑중석, 회중석 등)광 채굴|수은 및 바나듐광석 채굴|몰리브덴광석 채굴|크롬광석 채굴|티타늄광석 채굴|지르코늄광석 채굴|탄탈륨광석 채굴|코발트광석 채굴|안티몬광석 채굴",,"금ㆍ은 및 백금, 동광석","우라늄 및 토륨광 채굴|귀금속 채굴 및 정광|배금광석 채굴 및 정광|사금 채취|연(납)광석 채굴 및 정광|아연광석 채굴 및 정광|동광석 채굴 및 정광|텅스텐광 채굴|주석 및 알루미늄광석 채굴|망가니즈 및 니켈광석 채굴|중석(흑중석, 회중석 등)광 채굴|수은 및 바나듐광석 채굴|몰리브덴광석 채굴|크롬광석 채굴|티타늄광석 채굴",채취|채굴,,KSIC 11차 (2024),True
141001,건설용 석재 채굴 및 쇄석 생산업,"광업 > 비금속광물 광업; 연료용 제외 > 토사석 광업 > 석재, 쇄석 및 모래, 자갈 채취업 > 건설용 석재 채굴 및 쇄석 생산업",광업,비금속광물 광업; 연료용 제외,토사석 광업,"석재, 쇄석 및 모래, 자갈 채취업",07121,건설용 석재 채굴 및 쇄석 생산업,"건설용 또는 기념비용의 각종 암석, 석재 및 판석을 채굴하는 산업활 동과 각종 암석을 채굴하고 이를 직접 분쇄하여 건축용 재료, 도로 포장재 및 철도 노반용 등 건설용에 적합한 상태의 쇄석 및 석분을 생산하는 산업활동을 말한다.",대리석 채취|화강암 채취|사암 채취|암석 채취(건축용)|쇄석 채굴 생산(건설용)|암석 채굴 분쇄|사암 채굴 분쇄|반려암 채굴 분쇄,구입한 석재로 쇄석 및 석분 생산,건설용 석재 채굴,대리석 채취|화강암 채취|사암 채취|암석 채취(건축용)|쇄석 채굴 생산(건설용)|암석 채굴 분쇄|사암 채굴 분쇄|반려암 채굴 분쇄,채취|채굴|생산|건설,,KSIC 11차 (2024),True
141002,석회석 및 점토 광업,광업 > 비금속광물 광업; 연료용 제외 > 토사석 광업 > 석회석 및 점토 광업,광업,비금속광물 광업; 연료용 제외,토사석 광업,석회석 및 점토 광업,07110,석회석 및 점토 광업,"천연 석고 채굴과 석회, 플라스터, 시멘트 제조용 및 농업용 등의 석 회석을 채굴하는 산업활동과 각종 용도의 고령토, 고령토질의 점토 및 기타 점토와 기타 내화용의 토사석을 채굴하는 산업활동을 말한 다. 백악 및 백운석을 채굴하는 산업활동도 포함한다.","석회질암석 채굴|백운석 채굴|천연 무수석고(경석고) 채굴|점토 채취|남정석, 규선석 채취|내화재용 광물 채취|천연 뮬라이트 채취|홍주석 채취","하소석고 및 플라스터 제조|천연 황산 마그네슘광 채굴|흑연, 장석, 백류석, 규조토 채굴|샤모트 가공|다이나스어스드(Dinas earth) 가공",,"석회질암석 채굴|백운석 채굴|천연 무수석고(경석고) 채굴|점토 채취|남정석, 규선석 채취|내화재용 광물 채취|천연 뮬라이트 채취|홍주석 채취",채취|채굴|제조,,KSIC 11차 (2024),True
141003,건설용 석재 채굴 및 쇄석 생산업,"광업 > 비금속광물 광업; 연료용 제외 > 토사석 광업 > 석재, 쇄석 및 모래, 자갈 채취업 > 건설용 석재 채굴 및 쇄석 생산업",광업,비금속광물 광업; 연료용 제외,토사석 광업,"석재, 쇄석 및 모래, 자갈 채취업",07121,건설용 석재 채굴 및 쇄석 생산업,"건설용 또는 기념비용의 각종 암석, 석재 및 판석을 채굴하는 산업활 동과 각종 암석을 채굴하고 이를 직접 분쇄하여 건축용 재료, 도로 포장재 및 철도 노반용 등 건설용에 적합한 상태의 쇄석 및 석분을 생산하는 산업활동을 말한다.",대리석 채취|화강암 채취|사암 채취|암석 채취(건축용)|쇄석 채굴 생산(건설용)|암석 채굴 분쇄|사암 채굴 분쇄|반려암 채굴 분쇄,구입한 석재로 쇄석 및 석분 생산,건설용 쇄석 생산,대리석 채취|화강암 채취|사암 채취|암석 채취(건축용)|쇄석 채굴 생산(건설용)|암석 채굴 분쇄|사암 채굴 분쇄|반려암 채굴 분쇄,채취|채굴|생산|건설,,KSIC 11차 (2024),True
141004,모래 및 자갈 채취업,"광업 > 비금속광물 광업; 연료용 제외 > 토사석 광업 > 석재, 쇄석 및 모래, 자갈 채취업 > 모래 및 자갈 채취업",광업,비금속광물 광업; 연료용 제외,토사석 광업,"석재, 쇄석 및 모래, 자갈 채취업",07122,모래 및 자갈 채취업,"건설용, 유리 제조용, 주형 제조용 및 연마재용 등의 천연 모래 및 자 갈을 채취하는 산업활동을 말한다.",자갈 채취|점토사 채취|규사 채취|장석사 채취,,,자갈 채취|점토사 채취|규사 채취|장석사 채취,채취|제조|건설,,KSIC 11차 (2024),True
141006,모래 및 자갈 채취업,"광업 > 비금속광물 광업; 연료용 제외 > 토사석 광업 > 석재, 쇄석 및 모래, 자갈 채취업 > 모래 및 자갈 채취업",광업,비금속광물 광업; 연료용 제외,토사석 광업,"석재, 쇄석 및 모래, 자갈 채취업",07122,모래 및 자갈 채취업,"건설용, 유리 제조용, 주형 제조용 및 연마재용 등의 천연 모래 및 자 갈을 채취하는 산업활동을 말한다.",자갈 채취|점토사 채취|규사 채취|장석사 채취,,공업용 모래 채취,자갈 채취|점토사 채취|규사 채취|장석사 채취,채취|제조|건설,,KSIC 11차 (2024),True
142101,그 외 기타 비금속광물 광업,광업 > 비금속광물 광업; 연료용 제외 > 기타 비금속광물 광업 > 그 외 기타 비금속광물 광업,광업,비금속광물 광업; 연료용 제외,기타 비금속광물 광업,그 외 기타 비금속광물 광업,07290,그 외 기타 비금속광물 광업,그 외 기타 비금속광물 또는 천연 유출물을 채굴․채취하는 산업활동 을 말한다.,"장석, 규조토, 백류석 채굴|하석, 활석, 운모 채굴|섬장암 채굴|규산질 토(흙) 채굴|천연 동석 채굴|흑연, 인상흑연 채굴|토상흑연 채굴|연마용 광물재료 채굴|천연 아스팔트 채굴|석면 채굴|천연 커런덤 채굴|다이아몬드 채굴|토탄 채굴",천연 석고 및 무수석고 채굴,"활석, 장석 및 규조토","장석, 규조토, 백류석 채굴|하석, 활석, 운모 채굴|섬장암 채굴|규산질 토(흙) 채굴|천연 동석 채굴|흑연, 인상흑연 채굴|토상흑연 채굴|연마용 광물재료 채굴|천연 아스팔트 채굴|석면 채굴|천연 커런덤 채굴|다이아몬드 채굴|토탄 채굴",채취|채굴,,KSIC 11차 (2024),True
142102,화학용 및 비료 원료용 광물 광업,광업 > 비금속광물 광업; 연료용 제외 > 기타 비금속광물 광업 > 화학용 및 비료 원료용 광물 광업,광업,비금속광물 광업; 연료용 제외,기타 비금속광물 광업,화학용 및 비료 원료용 광물 광업,07210,화학용 및 비료 원료용 광물 광업,"질소, 인산, 칼륨을 함유한 광물 및 구아노, 천연 바륨을 함유한 광물, 천연 황산마그네슘광, 색소토, 형석 등의 화학용, 비료용 광물을 채 굴․채취하는 산업활동을 말한다.","인산염 광석 채굴|어드칼라(earth collour, 색소토) 채굴|붕산나트륨광 채굴|황산마그네슘광 채굴|황함유 광석 채굴|빙정석 채굴|황화철광 채굴|치올라이트 채굴|납석광 채굴|붕산칼슘광 채굴|명반석 채굴|붕산광 채굴|규회석 채굴|황산비소광 채굴|황산바륨광, 탄산바륨광 채굴|연망가니즈광 채굴(건전지 제조용)",암염 채취 및 천일염 생산|합성 비료 및 질소 화합물 제조,납석,"인산염 광석 채굴|어드칼라(earth collour, 색소토) 채굴|붕산나트륨광 채굴|황산마그네슘광 채굴|황함유 광석 채굴|빙정석 채굴|황화철광 채굴|치올라이트 채굴|납석광 채굴|붕산칼슘광 채굴|명반석 채굴|붕산광 채굴|규회석 채굴|황산비소광 채굴|황산바륨광, 탄산바륨광 채굴",채취|채굴|제조,,KSIC 11차 (2024),True
142104,화학용 및 비료 원료용 광물 광업,광업 > 비금속광물 광업; 연료용 제외 > 기타 비금속광물 광업 > 화학용 및 비료 원료용 광물 광업,광업,비금속광물 광업; 연료용 제외,기타 비금속광물 광업,화학용 및 비료 원료용 광물 광업,07210,화학용 및 비료 원료용 광물 광업,"질소, 인산, 칼륨을 함유한 광물 및 구아노, 천연 바륨을 함유한 광물, 천연 황산마그네슘광, 색소토, 형석 등의 화학용, 비료용 광물을 채 굴․채취하는 산업활동을 말한다.","인산염 광석 채굴|어드칼라(earth collour, 색소토) 채굴|붕산나트륨광 채굴|황산마그네슘광 채굴|황함유 광석 채굴|빙정석 채굴|황화철광 채굴|치올라이트 채굴|납석광 채굴|붕산칼슘광 채굴|명반석 채굴|붕산광 채굴|규회석 채굴|황산비소광 채굴|황산바륨광, 탄산바륨광 채굴|연망가니즈광 채굴(건전지 제조용)",암염 채취 및 천일염 생산|합성 비료 및 질소 화합물 제조,,"인산염 광석 채굴|어드칼라(earth collour, 색소토) 채굴|붕산나트륨광 채굴|황산마그네슘광 채굴|황함유 광석 채굴|빙정석 채굴|황화철광 채굴|치올라이트 채굴|납석광 채굴|붕산칼슘광 채굴|명반석 채굴|붕산광 채굴|규회석 채굴|황산비소광 채굴|황산바륨광, 탄산바륨광 채굴",채취|채굴|제조,,KSIC 11차 (2024),True
142200,천일염 생산 및 암염 채취업,광업 > 비금속광물 광업; 연료용 제외 > 기타 비금속광물 광업 > 천일염 생산 및 암염 채취업,광업,비금속광물 광업; 연료용 제외,기타 비금속광물 광업,천일염 생산 및 암염 채취업,07220,천일염 생산 및 암염 채취업,"바닷물 및 기타 천연 염수를 태양열에 의하여 증발시켜 천일염, 염수 및 기타 간수를 생산하거나 암염을 채굴하는 산업활동을 말한다.",염수 생산(천연)|식염 채취|간수 생산(천연)|순염화나트륨 채취,,,염수 생산(천연)|식염 채취|간수 생산(천연)|순염화나트륨 채취,채취|채굴|생산,,KSIC 11차 (2024),True
142902,그 외 기타 비금속광물 광업,광업 > 비금속광물 광업; 연료용 제외 > 기타 비금속광물 광업 > 그 외 기타 비금속광물 광업,광업,비금속광물 광업; 연료용 제외,기타 비금속광물 광업,그 외 기타 비금속광물 광업,07290,그 외 기타 비금속광물 광업,그 외 기타 비금속광물 또는 천연 유출물을 채굴․채취하는 산업활동 을 말한다.,"장석, 규조토, 백류석 채굴|하석, 활석, 운모 채굴|섬장암 채굴|규산질 토(흙) 채굴|천연 동석 채굴|흑연, 인상흑연 채굴|토상흑연 채굴|연마용 광물재료 채굴|천연 아스팔트 채굴|석면 채굴|천연 커런덤 채굴|다이아몬드 채굴|토탄 채굴",천연 석고 및 무수석고 채굴,,"장석, 규조토, 백류석 채굴|하석, 활석, 운모 채굴|섬장암 채굴|규산질 토(흙) 채굴|천연 동석 채굴|흑연, 인상흑연 채굴|토상흑연 채굴|연마용 광물재료 채굴|천연 아스팔트 채굴|석면 채굴|천연 커런덤 채굴|다이아몬드 채굴|토탄 채굴",채취|채굴,,KSIC 11차 (2024),True
142909,원유 및 천연가스 채굴업,"광업 > 석탄, 원유 및 천연가스 광업 > 원유 및 천연가스 채굴업",광업,"석탄, 원유 및 천연가스 광업",원유 및 천연가스 채굴업,원유 및 천연가스 채굴업,05200,원유 및 천연가스 채굴업,"각종 형태의 유전, 천연가스전 또는 역청광물 채굴장에서 원유, 천연 가스 또는 역청질 광물, 석유 함유 혈암, 타르 모래를 채굴․추출․채 취하는 산업활동을 말한다. 원유생산에 관련된 부유처리․탈염․탈 수․침전․불순물 제거활동 및 그 생산물의 기본적 특성을 변경시키 지 않는 기타 단순한 처리활동이 결합될 수 있으며 수송을 위하여 유 전 또는 천연가스전에서 직접 채굴한 천연가스를 액화, 재가스화 및 액화 탄화수소화하는 경우도 포함한다.","원유 채굴|타르 모래 채굴|유모 혈암(oil shale, 油母頁岩) 채굴|천연가스 채굴|역청질을 함유한 광물 채굴(석탄 제외)","산업용 가스 제조(20121, 20122|석유, 천연가스의 운송을 위한 관로(파이프라인) 운영",,"원유 채굴|타르 모래 채굴|유모 혈암(oil shale, 油母頁岩) 채굴|천연가스 채굴|역청질을 함유한 광물 채굴(석탄 제외)",채굴|생산,,KSIC 11차 (2024),True
142910,광업 지원 서비스업,광업 > 광업 지원 서비스업,광업,광업 지원 서비스업,광업 지원 서비스업,광업 지원 서비스업,08000,광업 지원 서비스업,"수수료 또는 계약에 의하여 유전 및 천연가스전, 석탄, 금속 및 비금 속 광물의 탐사, 지질 조사, 표본 채취 및 시험 굴착, 채굴, 광산 배수 활동 등 광업 운영과 관련되는 지원 서비스를 제공하는 산업활동을 말한다.","원유 및 천연가스 채굴관련 서비스|유정 및 천연가스전 천공 서비스|매장량 탐사 서비스|유정 및 천연가스전 배수ㆍ양수 서비스|굴착 및 시험 굴착, 표본 채취 서비스|유전 및 천연가스전 소방 서비스",지구물리학적 지질 조사 및 탐사업|정리|분할|포장|단조,,"원유 및 천연가스 채굴관련|유정 및 천연가스전 천공|매장량 탐사|유정 및 천연가스전 배수ㆍ양수|굴착 및 시험 굴착, 표본 채취|유전 및 천연가스전 소방",채취|채굴|시험,,KSIC 11차 (2024),True
143101,비철금속 광업(조광권자),광업 > 금속 광업 > 비철금속 광업 > 비철금속 광업(조광권자),광업,금속 광업,비철금속 광업,비철금속 광업,06200,비철금속 광업,"역청 우라늄광 등 우라늄 또는 토륨을 주로 함유한 광물, 금ㆍ은ㆍ백 금 등 귀금속광물, 희토류 금속광물 및 납, 아연, 구리, 주석 등 각종 비철금속광물 등을 채굴 및 정광하는 산업활동을 말한다.","우라늄 및 토륨광 채굴|귀금속 채굴 및 정광|배금광석 채굴 및 정광|사금 채취|연(납)광석 채굴 및 정광|아연광석 채굴 및 정광|동광석 채굴 및 정광|텅스텐광 채굴|주석 및 알루미늄광석 채굴|망가니즈 및 니켈광석 채굴|중석(흑중석, 회중석 등)광 채굴|수은 및 바나듐광석 채굴|몰리브덴광석 채굴|크롬광석 채굴|티타늄광석 채굴|지르코늄광석 채굴|탄탈륨광석 채굴|코발트광석 채굴|안티몬광석 채굴",,조광권자,"우라늄 및 토륨광 채굴|귀금속 채굴 및 정광|배금광석 채굴 및 정광|사금 채취|연(납)광석 채굴 및 정광|아연광석 채굴 및 정광|동광석 채굴 및 정광|텅스텐광 채굴|주석 및 알루미늄광석 채굴|망가니즈 및 니켈광석 채굴|중석(흑중석, 회중석 등)광 채굴|수은 및 바나듐광석 채굴|몰리브덴광석 채굴|크롬광석 채굴|티타늄광석 채굴",채취|채굴,,KSIC 11차 (2024),True
143103,철 광업(조광권자),광업 > 금속 광업 > 철 광업 > 철 광업(조광권자),광업,금속 광업,철 광업,철 광업,06100,철 광업,철 성분을 주로 함유하고 있는 각종 철광석을 채굴하는 산업활동으로 서 철광석의 정광 및 기타 부수적인 처리활동과 철광석의 응집처리 활동도 포함한다.,자철광석 채굴|철광석 채굴 및 정광활동|철광석분 응집처리|능철광석 채굴|사철광 채굴,황화철광 채굴,조광권자,자철광석 채굴|철광석 채굴 및 정광활동|철광석분 응집처리|능철광석 채굴|사철광 채굴,채굴,,KSIC 11차 (2024),True
143106,석탄 광업(조광권자),"광업 > 석탄, 원유 및 천연가스 광업 > 석탄 광업 > 석탄 광업(조광권자)",광업,"석탄, 원유 및 천연가스 광업",석탄 광업,석탄 광업,05100,석탄 광업,"무연탄, 유연탄, 갈탄 등의 석탄(토탄 제외)을 채굴하는 산업활동을 말한다. 석탄 광업 사업체와 수수료 또는 계약에 의해 채굴한 석탄의 파쇄․분쇄․체질 및 선별에 종사하는 사업체는 직접 채광활동을 하 지 않더라도 포함하여 분류한다.",역청질탄(석탄) 채굴 및 선광|유연탄 채굴 및 선광|갈탄 채굴 및 선광,구입한|유연탄 및 갈탄으로 연탄 생산|구입한 석탄을 건류하여 코크스 생산|토탄 채굴,조광권자,역청질탄(석탄) 채굴 및 선광|유연탄 채굴 및 선광|갈탄 채굴 및 선광,채굴,,KSIC 11차 (2024),True
143107,석회석 및 점토 광업,광업 > 비금속광물 광업; 연료용 제외 > 토사석 광업 > 석회석 및 점토 광업,광업,비금속광물 광업; 연료용 제외,토사석 광업,석회석 및 점토 광업,07110 | 07121 | 07122 | 07210 | 07290,석회석 및 점토 광업 | 건설용 석재 채굴 및 쇄석 생산업 | 모래 및 자갈 채취업 | 화학용 및 비료 원료용 광물 광업 | 그 외 기타 비금속광물 광업,,,,조광권자,석회석 및 점토 광업,,,KSIC 11차 (2024),False
143200,무형 재산권 임대업,"사업시설 관리, 사업 지원 및 임대 서비스업 > 임대업; 부동산 제외 > 무형 재산권 임대업","사업시설 관리, 사업 지원 및 임대 서비스업",임대업; 부동산 제외,무형 재산권 임대업,무형 재산권 임대업,76400,무형 재산권 임대업,"특허권, 상표권, 광물 탐사권 등의 무형 재산권을 제3자에게 사용할 수 있는 권한을 부여하고 사용료를 받는 산업활동을 말한다.",특허권 임대|상표권 임대|브랜드 사용권 임대|기술 사용권 임대,,조광료,특허권|상표권|브랜드 사용권|기술 사용권,임대,,KSIC 11차 (2024),True
151101,육류 도축업(가금류 제외),"제조업 > 식료품 제조업 > 도축, 육류 가공 및 저장 처리업 > 도축업 > 육류 도축업(가금류 제외)",제조업,식료품 제조업,"도축, 육류 가공 및 저장 처리업",도축업,10111,육류 도축업(가금류 제외),"가금류를 제외한 소, 돼지 및 각종 육지 동물을 자영 또는 임가공 방 식으로 도축하는 산업활동을 말한다. 고래 및 수렵물의 도축활동도 포함한다.",가금류 이외 가축 도축|고래 도축|수렵동물 도축,도축된 고기를 일관된 공정에 의하여 분할|포장|구입한 도축 고기 냉동활동,,가금류 이외 가축 도축|고래 도축|수렵동물 도축,가공|도축,,KSIC 11차 (2024),True
151102,가금류 가공 및 저장 처리업,"제조업 > 식료품 제조업 > 도축, 육류 가공 및 저장 처리업 > 육류 가공 및 저장 처리업 > 가금류 가공 및 저장 처리업",제조업,식료품 제조업,"도축, 육류 가공 및 저장 처리업",육류 가공 및 저장 처리업,10121,가금류 가공 및 저장 처리업,"닭, 오리 등의 각종 가금 고기 및 조류 고기를 냉동․건조․훈연․염 장․조리 및 기타 방법으로 가공 또는 저장 처리하여 고기 가공품이 나 식용 또는 비식용의 고기 분말 등을 생산하는 산업활동을 말한다.",가금 고기 통조림 제조|가금 고기 훈제품 제조|가금 고기 햄 제조|가금 고기 커틀릿 제조|밀폐 포장한 가금 고기 가공품 제조,가금 동물 지방 용출 및 정제,,가금 고기 통조림|가금 고기 훈제품|가금 고기 햄|가금 고기 커틀릿|밀폐 포장한 가금 고기 가공품,제조|생산|가공|조리,,KSIC 11차 (2024),True
151103,가금류 도축업,"제조업 > 식료품 제조업 > 도축, 육류 가공 및 저장 처리업 > 도축업 > 가금류 도축업",제조업,식료품 제조업,"도축, 육류 가공 및 저장 처리업",도축업,10112,가금류 도축업,"닭, 오리 등 가금 및 조류 등을 자영 또는 임가공 방식으로 도축하는 산업활동을 말한다.",가금 도축,도축된 고기를 일관된 공정에 의하여 분할|포장|구입한 도축 고기 냉동활동,,가금 도축,가공|도축,,KSIC 11차 (2024),True
151104,육류 포장육 및 냉동육 가공업(가금류 제외),"제조업 > 식료품 제조업 > 도축, 육류 가공 및 저장 처리업 > 육류 가공 및 저장 처리업 > 육류 포장육 및 냉동육 가공업(가금류 제외)",제조업,식료품 제조업,"도축, 육류 가공 및 저장 처리업",육류 가공 및 저장 처리업,10122,육류 포장육 및 냉동육 가공업(가금류 제외),"가금 및 조류를 제외한 각종 육지동물 및 고래 고기 등을 특정 부위 별로 절단, 분할하고 진공․밀폐 포장하여 냉각, 냉동한 부분육, 포장 육, 냉동육을 생산하는 산업활동을 말한다.",,"식용동물(돼지, 소 등) 지방 용출 및 정제|가금류 가공품을 제조하는 산업활동",,육류 포장육 및 냉동육 가공업(가금류 제외),생산|가공,,KSIC 11차 (2024),True
151105,육류 기타 가공 및 저장 처리업(가금류 제외),"제조업 > 식료품 제조업 > 도축, 육류 가공 및 저장 처리업 > 육류 가공 및 저장 처리업 > 육류 기타 가공 및 저장 처리업(가금류 제외)",제조업,식료품 제조업,"도축, 육류 가공 및 저장 처리업",육류 가공 및 저장 처리업,10129,육류 기타 가공 및 저장 처리업(가금류 제외),가금 및 조류를 제외한 각종 육지동물 및 고래 고기를 건조․훈연․ 염장․조리 및 기타 방법으로 가공 또는 저장 처리하여 고기 가공품 이나 식용 또는 비식용의 고기 분말 등을 생산하는 산업활동을 말한다.,"육지 동물고기 통조림 제조|육지 동물고기 햄, 소시지 제조|육지 동물고기 커틀릿 제조|육지 동물고기 건조|훈제품 제조","식용동물(돼지, 소 등) 지방 용출 및 정제|가금류 가공품을 제조하는 산업활동",,"육지 동물고기 통조림|육지 동물고기 햄, 소시지|육지 동물고기 커틀릿|육지 동물고기 건조|훈제품",제조|생산|가공|조리,,KSIC 11차 (2024),True
151200,수산동물 건조 및 염장품 제조업,제조업 > 식료품 제조업 > 수산물 가공 및 저장 처리업 > 수산동물 가공 및 저장 처리업 > 수산동물 건조 및 염장품 제조업,제조업,식료품 제조업,수산물 가공 및 저장 처리업,수산동물 가공 및 저장 처리업,10212,수산동물 건조 및 염장품 제조업,"수산동물의 건제품, 염수장 및 염장품을 자영 또는 임가공 방식으로 제조하는 산업활동을 말한다.","어류 염장품 제조|어란 염장품 제조|건어물 제조|조미하지 않은 젓갈류 제조|수산동물 훈증|건조제품 제조|수산동물 염장|수산동물 소건품, 자건품, 염건품, 동건품 제조",직접 소비용 조미 젓갈제품 제조|포장방법을 불문하고 직접 소비할 수 있도록 조미|조제한 수산동 물의 염장품 제조|수산식물(해조류) 건조 및 염장품 제조,,"어류 염장품|어란 염장품|건어물|조미하지 않은 젓갈류|수산동물 훈증|건조제품|수산동물 염장|수산동물 소건품, 자건품, 염건품, 동건품",제조|가공,,KSIC 11차 (2024),True
151201,"수산동물 훈제, 조리 및 유사 조제식품 제조업","제조업 > 식료품 제조업 > 수산물 가공 및 저장 처리업 > 수산동물 가공 및 저장 처리업 > 수산동물 훈제, 조리 및 유사 조제식품 제조업",제조업,식료품 제조업,수산물 가공 및 저장 처리업,수산동물 가공 및 저장 처리업,10211,"수산동물 훈제, 조리 및 유사 조제식품 제조업","수산동물을 훈제, 조리, 조미, 분쇄 및 기타 유사 조제 처리하여 더 이상 가공하지 않고도 직접 소비할 수 있는 상태의 수산동물 조제 가 공식품을 제조하는 산업활동을 말한다. 이러한 제품은 신선, 냉동, 냉 장하거나 밀폐 포장 및 통조림 상태로 포장될 수 있다.",어묵 및 소시지 제조|젓갈 조미제품 제조|어류 조미제품 제조|수산동물 통조림 제조|식용 어분 생산|수산동물 훈제품 제조,고래고기 가공품 생산|비식용 어분 생산,,어묵 및 소시지|젓갈 조미제품|어류 조미제품|수산동물 통조림|식용 어분|수산동물 훈제품,제조|생산|가공|조리,,KSIC 11차 (2024),True
151202,수산동물 냉동품 제조업,제조업 > 식료품 제조업 > 수산물 가공 및 저장 처리업 > 수산동물 가공 및 저장 처리업 > 수산동물 냉동품 제조업,제조업,식료품 제조업,수산물 가공 및 저장 처리업,수산동물 가공 및 저장 처리업,10213,수산동물 냉동품 제조업,수산동물을 더 이상 가공하지 않고 냉동하는 산업활동을 말한다. 가 공 조제 활동에 결합된 냉동활동은 그 가공 조제품 생산활동에 부수 되는 보조활동으로 본다.,냉동 어류 생산|냉동 갑각류 생산|냉동 수산물 생산|수산 연체동물 냉동품 생산,냉동 수산물 보관업|해조류 냉동품 제조업,,냉동 어류|냉동 갑각류|냉동 수산물|수산 연체동물 냉동품,제조|생산|가공,,KSIC 11차 (2024),True
151203,기타 수산동물 가공 및 저장 처리업,제조업 > 식료품 제조업 > 수산물 가공 및 저장 처리업 > 수산동물 가공 및 저장 처리업 > 기타 수산동물 가공 및 저장 처리업,제조업,식료품 제조업,수산물 가공 및 저장 처리업,수산동물 가공 및 저장 처리업,10219,기타 수산동물 가공 및 저장 처리업,"수산동물을 기타의 방법으로 가공 및 저장 처리하는 산업활동으로서 직접 소비하기에 적합한 신선․냉장․냉동상태의 저민 어육(피레트, fillet)이나 뼈를 제거한 절단 어육을 생산하는 산업활동과 비식용 어 분 또는 수산동물 가공품을 혼합한 조제품, 구입한 수산동물의 탈각 활동 및 건제품 세절활동을 포함한다. 단순히 머리, 내장, 지느러미, 꼬리 등만을 제거하는 경우는 수산동물의 선별 및 정리활동으로 분류 한다.","어육 생산(등뼈가 제거된)|수산동물 탈각활동|저민 어육(피레트, fillet) 생산|어란 및 간장 생산(부산물)|오징어채 제조|비식용 어분 생산",수수료 또는 계약에 의한 수산물의 선별|정리 활동|식용 어분 생산,,"어육 생산(등뼈가 제거된)|수산동물 탈각활동|저민 어육(피레트, fillet)|어란 및 간장 생산(부산물)|오징어채|비식용 어분",제조|생산|가공,,KSIC 11차 (2024),True
151301,김치류 제조업,"제조업 > 식료품 제조업 > 과실, 채소 가공 및 저장 처리업 > 김치류 제조업",제조업,식료품 제조업,"과실, 채소 가공 및 저장 처리업","과실, 채소 가공 및 저장 처리업",10301,김치류 제조업,"배추 등 채소류를 주원료로 비식용 부분을 제거하고 절임 및 발효시 키거나 이를 가공한 배추김치, 기타 김치류를 제조하는 산업활동을 말한다.",배추 김치 제조|기타 김치 제조,김치용 절임배추 제조|발효하지 않은 겉절이 채소 식품 제조|김칫소 제조,,배추 김치|기타 김치,제조|가공,,KSIC 11차 (2024),True
151302,기타 과실ㆍ채소 가공 및 저장 처리업,"제조업 > 식료품 제조업 > 과실, 채소 가공 및 저장 처리업 > 기타 과실ㆍ채소 가공 및 저장 처리업",제조업,식료품 제조업,"과실, 채소 가공 및 저장 처리업","과실, 채소 가공 및 저장 처리업",10309,기타 과실ㆍ채소 가공 및 저장 처리업,"절임 가공을 제외한 건조, 조리, 분쇄, 씨 제거, 껍질 벗기기 및 기타 방법으로 과실 및 채소 가공품을 제조하는 산업활동을 말한다. 과실 이나 채소를 직접 가공하여 농축 원액 및 원액 주스(즙)를 제조하는 산업활동을 포함한다.","과실 및 채소 건조식품 제조|과실 및 채소 주스 제조|과실 통조림 제조|과실 및 채소 잼, 젤리 제조|음료용 및 향신용 작물 건조|과실 및 채소 샐러드 제조","마요네즈, 케첩 및 혼합 조미료 제조|건조한 강낭콩을 가공하여 분 및 조분 제조",,"과실 및 채소 건조식품|과실 및 채소 주스|과실 통조림|과실 및 채소 잼, 젤리|음료용 및 향신용 작물 건조|과실 및 채소 샐러드",제조|가공|조리,,KSIC 11차 (2024),True
151304,과실 및 그 외 채소 절임식품 제조업,"제조업 > 식료품 제조업 > 과실, 채소 가공 및 저장 처리업 > 과실 및 그 외 채소 절임식품 제조업",제조업,식료품 제조업,"과실, 채소 가공 및 저장 처리업","과실, 채소 가공 및 저장 처리업",10302,과실 및 그 외 채소 절임식품 제조업,"각종 과실 및 채소를 소금, 식초, 장류, 기름, 혼합 양념 등에 절여 단 무지, 피클 등 과실 및 채소 절임식품을 제조하는 산업활동을 말한다.",단무지 제조|오이피클 제조|채소 절임식품 제조|견과 절임식품 제조|과실 절임식품 제조,김치류 제조,,단무지|오이피클|채소 절임식품|견과 절임식품|과실 절임식품,제조,,KSIC 11차 (2024),True
151400,식물성 유지 제조업,제조업 > 식료품 제조업 > 동ㆍ식물성 유지 및 낙농제품 제조업 > 동물성 및 식물성 유지 제조업 > 식물성 유지 제조업,제조업,식료품 제조업,동ㆍ식물성 유지 및 낙농제품 제조업,동물성 및 식물성 유지 제조업,10412,식물성 유지 제조업,기름을 함유한 각종 식물성 물질로부터 조유를 생산하는 산업활동을 말한다. 참깨기름 및 들깨기름을 추출하는 활동 및 비식용의 식물성 정제유를 제조하는 산업활동도 포함한다.,대두유 생산|옥수수기름 추출|식물성 왁스 생산|면실유 생산|낙화생유 생산|피마자유 생산|식물성 혼합 유지 및 희석물 생산,식용 정제유 및 경화유를 생산하는 경우|옥수수의 습식 가공과 결합된 옥수수기름을 결합 생산,,대두유|옥수수기름 추출|식물성 왁스|면실유|낙화생유|피마자유|식물성 혼합 유지 및 희석물,제조|생산|정제,,KSIC 11차 (2024),True
151401,동물성 유지 제조업,제조업 > 식료품 제조업 > 동ㆍ식물성 유지 및 낙농제품 제조업 > 동물성 및 식물성 유지 제조업 > 동물성 유지 제조업,제조업,식료품 제조업,동ㆍ식물성 유지 및 낙농제품 제조업,동물성 및 식물성 유지 제조업,10411,동물성 유지 제조업,각종 육지 및 수산 동물성 물질로 조유를 생산하는 산업활동을 말한 다. 동물성의 비식용 정제유를 제조하는 산업활동도 포함한다.,"동물(소, 돼지 등) 지방 생산|수산동물 유지 생산|어류의 간유 생산|우각유 및 그 분획물 생산|라드스테아린 생산|올레오유 생산",,,"동물(소, 돼지 등) 지방|수산동물 유지|어류의 간유|우각유 및 그 분획물|라드스테아린|올레오유",제조|생산|정제,,KSIC 11차 (2024),True
151402,식용 정제유 및 가공유 제조업,제조업 > 식료품 제조업 > 동ㆍ식물성 유지 및 낙농제품 제조업 > 동물성 및 식물성 유지 제조업 > 식용 정제유 및 가공유 제조업,제조업,식료품 제조업,동ㆍ식물성 유지 및 낙농제품 제조업,동물성 및 식물성 유지 제조업,10413,식용 정제유 및 가공유 제조업,"동물성 및 식물성 기름을 정제․경화 및 기타 가공하여 식용 정제유, 식용 경화유 및 기타 식용 가공기름을 생산하는 산업활동을 말한다.",마가린 제조|쇼트닝 제조|식용 가공유 생산|이미테이션 라드 생산|식용 경화유 제조|라드 정제 생산,참깨기름 및 들기름 생산|비식용 정제유 생산(10411 또는 10412,,마가린|쇼트닝|식용 가공유|이미테이션 라드|식용 경화유|라드 정제,제조|생산|가공|정제,,KSIC 11차 (2024),True
152001,액상 시유 및 기타 낙농제품 제조업(분유 및 조제분유),제조업 > 식료품 제조업 > 동ㆍ식물성 유지 및 낙농제품 제조업 > 낙농제품 및 식용 빙과류 제조업 > 액상 시유 및 기타 낙농제품 제조업(분유 및 조제분유),제조업,식료품 제조업,동ㆍ식물성 유지 및 낙농제품 제조업,낙농제품 및 식용 빙과류 제조업,10421,액상 시유 및 기타 낙농제품 제조업,"젖을 분리, 여과, 살균, 발효 및 기타 처리하여 액상 시유, 발효유 및 관련 낙농제품을 제조하거나 전지유, 탈지유 및 기타 액상유 제품을 가당, 농축, 응축, 건조시켜 가당 우유, 연유, 분유, 농축유 제품을 제 조하는 산업활동을 말한다. 여기에는 치즈, 버터, 유당 등과 같이 젖 을 주원료로 제조되는 유가공품을 포함한다.",생크림 제조|탈지유 제조|치즈 제조|버터밀크 제조|유장 제조|케피어(발포성 발효유) 제조|발효유 제조|농축유 제조|버터 제조|연유 제조|전지분유 제조|유당 및 유당 시럽 제조,아이스크림 및 기타 식용 빙과류 제조,분유 및 조제분유,생크림|탈지유|치즈|버터밀크|유장|케피어(발포성 발효유)|발효유|농축유|버터|연유|전지분유|유당 및 유당 시럽,제조|가공|제분,,KSIC 11차 (2024),True
152002,액상 시유 및 기타 낙농제품 제조업,제조업 > 식료품 제조업 > 동ㆍ식물성 유지 및 낙농제품 제조업 > 낙농제품 및 식용 빙과류 제조업 > 액상 시유 및 기타 낙농제품 제조업,제조업,식료품 제조업,동ㆍ식물성 유지 및 낙농제품 제조업,낙농제품 및 식용 빙과류 제조업,10421,액상 시유 및 기타 낙농제품 제조업,"젖을 분리, 여과, 살균, 발효 및 기타 처리하여 액상 시유, 발효유 및 관련 낙농제품을 제조하거나 전지유, 탈지유 및 기타 액상유 제품을 가당, 농축, 응축, 건조시켜 가당 우유, 연유, 분유, 농축유 제품을 제 조하는 산업활동을 말한다. 여기에는 치즈, 버터, 유당 등과 같이 젖 을 주원료로 제조되는 유가공품을 포함한다.",생크림 제조|탈지유 제조|치즈 제조|버터밀크 제조|유장 제조|케피어(발포성 발효유) 제조|발효유 제조|농축유 제조|버터 제조|연유 제조|전지분유 제조|유당 및 유당 시럽 제조,아이스크림 및 기타 식용 빙과류 제조,,생크림|탈지유|치즈|버터밀크|유장|케피어(발포성 발효유)|발효유|농축유|버터|연유|전지분유|유당 및 유당 시럽,제조|가공,,KSIC 11차 (2024),True
152003,아이스크림 및 기타 식용 빙과류 제조업,제조업 > 식료품 제조업 > 동ㆍ식물성 유지 및 낙농제품 제조업 > 낙농제품 및 식용 빙과류 제조업 > 아이스크림 및 기타 식용 빙과류 제조업,제조업,식료품 제조업,동ㆍ식물성 유지 및 낙농제품 제조업,낙농제품 및 식용 빙과류 제조업,10422,아이스크림 및 기타 식용 빙과류 제조업,"우유를 주원료로 하는지 여부를 불문하고 아이스크림, 냉동 디저트 및 기타 식용 빙과류를 제조하는 산업활동을 말한다.",아이스크림 제조|셔벗(sherbet) 제조,얼음 제조,,아이스크림|셔벗(sherbet),제조,,KSIC 11차 (2024),True
153101,기타 곡물 가공품 제조업,"제조업 > 식료품 제조업 > 곡물 가공품, 전분 및 전분제품 제조업 > 곡물 가공품 제조업 > 기타 곡물 가공품 제조업",제조업,식료품 제조업,"곡물 가공품, 전분 및 전분제품 제조업",곡물 가공품 제조업,10519,기타 곡물 가공품 제조업,"낱알 또는 얇은 조각 상태의 곡물을 찌거나 볶거나 팽창 또는 기타 방법으로 조제하여 곡물 가공품을 제조하는 산업활동을 말한다. 이러 한 곡물 가공품은 식염, 설탕, 맥아엑스, 당밀, 과실 또는 코코아, 꿀, 채소 등이 첨가될 수 있으나 곡물 가공품의 특성을 변경시키지 않아 야 하며 보존성이 있어야 한다.","찐 곡물 제조|콘플레이크 제조|훈제, 조리 곡물 제조|튀김 곡물 제조|전투식량용 곡물 가공품 제조",빵 및 곡분 과자 제조,,"찐 곡물|콘플레이크|훈제, 조리 곡물|튀김 곡물|전투식량용 곡물 가공품",제조|가공|조리,,KSIC 11차 (2024),True
153102,곡물 도정업,"제조업 > 식료품 제조업 > 곡물 가공품, 전분 및 전분제품 제조업 > 곡물 가공품 제조업 > 곡물 도정업",제조업,식료품 제조업,"곡물 가공품, 전분 및 전분제품 제조업",곡물 가공품 제조업,10511,곡물 도정업,각종 곡물을 도정하여 도정 곡물을 생산하는 산업활동을 말한다.,"도정 쌀, 보리, 밀 생산|압맥 생산|도정 곡물 생산|정미소 운영",,,"도정 쌀, 보리, 밀|압맥|도정 곡물|정미소",생산,,KSIC 11차 (2024),True
153103,곡물 제분업,"제조업 > 식료품 제조업 > 곡물 가공품, 전분 및 전분제품 제조업 > 곡물 가공품 제조업 > 곡물 제분업",제조업,식료품 제조업,"곡물 가공품, 전분 및 전분제품 제조업",곡물 가공품 제조업,10512,곡물 제분업,"각종 곡물, 건조한 채소, 뿌리 또는 덩이줄기(괴경), 과실 및 견과 등 을 분쇄 또는 마쇄하여 이들의 분 및 조분을 생산하는 산업활동을 말 한다. 동물사료용 재료와 줄기, 뿌리 등을 절단․분쇄하는 활동은 제 외된다.",곡물 제분제품 생산|밀가루 및 콩가루 생산|제분소 운영|쌀가루 생산|줄기 및 뿌리 분쇄물 생산|건조된 강낭콩 분과 조분 생산,"타피오카 제조 및 옥수수의 습식 가공|고춧가루, 후춧가루, 겨자 등 천연 향신료 분쇄활동|동물사료용 재료의 분쇄물을 생산하는 경우",,곡물 제분제품|밀가루 및 콩가루|제분소|쌀가루|줄기 및 뿌리 분쇄물|건조된 강낭콩 분과 조분,생산|제분,,KSIC 11차 (2024),True
153104,반려동물용 사료 제조업,제조업 > 식료품 제조업 > 동물용 사료 및 조제식품 제조업 > 반려동물용 사료 제조업,제조업,식료품 제조업,동물용 사료 및 조제식품 제조업,동물용 사료 및 조제식품 제조업,10901 | 10903,반려동물용 사료 제조업 | 단미사료 및 기타 사료 제조업,"반려․애완동물용 사료를 생산하는 산업활동을 말한다. 반려․애완동 물용 기호식품도 포함한다. / 식물성, 동물성 또는 광물성 물질로서 사료로 직접 사용되거나 배합 사료의 원료로 사용되는 단미사료를 생산하는 산업활동과 배합사료용 혼합 조제품 및 조제 보조사료 등을 제조하는 산업활동을 말한다. 동 물사료용의 재료와 줄기, 뿌리 등을 절단․분쇄하는 활동도 포함한다.",반려|애완동물용 사료|애완동물용 기호식품(개껌 및 비스킷 등) 제조|단미사료(원료 사료) 제조|조제 보조사료 제조|동물사료용 재료 분쇄물 생산|음식폐기물 가공 단미사료 생산,반려|애완동물용 사료 및 기호식품,사료절단 분쇄,반려|애완동물용 사료|애완동물용 기호식품(개껌 및 비스킷 등)|단미사료(원료 사료)|조제 보조사료|동물사료용 재료 분쇄물|음식폐기물 가공 단미사료,제조|생산|가공|음식,,KSIC 11차 (2024),True
153105,전분제품 및 당류 제조업,"제조업 > 식료품 제조업 > 곡물 가공품, 전분 및 전분제품 제조업 > 전분제품 및 당류 제조업",제조업,식료품 제조업,"곡물 가공품, 전분 및 전분제품 제조업",전분제품 및 당류 제조업,10520,전분제품 및 당류 제조업,"각종 곡물 및 감자, 고구마 등의 식물성 재료로 전분, 글루텐, 타피오 카를 제조하는 산업활동과 포도당, 과당, 맥아당 등 당류를 제조하는 산업활동을 말한다. 옥수수 습식 가공과정에서 생산된 글루텐, 전분 등을 제조하는 산업활동도 포함한다.",이눌린 제조|글루텐 제조|가용성 녹말(전분) 제조|타피오카 제조|물엿 제조,"접착용 풀 생산|조각 감자, 으깬 감자 제조|사탕수수당 및 자당 제조|유당 제조|인조꿀, 캐러멜당 제조|전화당 제조",전분 및 전분제품,이눌린|글루텐|가용성 녹말(전분)|타피오카|물엿,제조|생산|가공,,KSIC 11차 (2024),True
153106,곡물 혼합 분말 및 반죽 제조업,"제조업 > 식료품 제조업 > 곡물 가공품, 전분 및 전분제품 제조업 > 곡물 가공품 제조업 > 곡물 혼합 분말 및 반죽 제조업",제조업,식료품 제조업,"곡물 가공품, 전분 및 전분제품 제조업",곡물 가공품 제조업,10513,곡물 혼합 분말 및 반죽 제조업,"곡분 및 기타 분말을 혼합하여 파이, 비스킷, 빵, 과자 등의 베이커리 제품 제조용 반죽이나 혼합 분말을 생산하는 산업활동을 말한다. 각 종 분말을 혼합하여 인조 곡물을 제조하는 경우와 곡물을 주재료로 떡고물 및 빵속을 제조하는 산업활동도 여기에 포함한다.",만두피 제조|제과 및 제빵용 가루반죽 제조|곡분제 빵속 제조|곡분제 떡고물 제조|면류 제조용 혼합분말 및 반죽 제조,빵 및 곡분과자 제조,,만두피|제과 및 제빵용 가루반죽|곡분제 빵속|곡분제 떡고물|면류 제조용 혼합분말 및 반죽,제조|생산|제과,,KSIC 11차 (2024),True
153107,도시락류 제조업,제조업 > 식료품 제조업 > 도시락 및 식사용 조리식품 제조업 > 도시락류 제조업,제조업,식료품 제조업,도시락 및 식사용 조리식품 제조업,도시락 및 식사용 조리식품 제조업,10701,도시락류 제조업,"곡류, 육류, 어패류, 채소류 등 동․식물성 식품을 혼합, 배합하여 도 시락, 김밥류, 샌드위치류 등 식사용 조리식품을 제조하는 산업활동을 말한다. 별도의 장소에서 다량의 집단 급식용 식사를 제조할 수 있는 특정 시설을 갖추고 계약기관에 일정 기간 동안 지속적으로 급식용 식사를 조제하여 운송․공급하는 산업활동을 포함한다. 식사용 조리 식품은 양념 이외에 두 가지 이상의 명확하게 구분되는 재료가 포함 되어야 한다. 냉동 포장하거나, 레토르트 용기 등으로 가공 처리한 식 사용 조리식품을 제조하는 산업활동을 포함한다.",도시락 제조|김밥 제조|식사용 죽류 제조|집단급식용 식사 제조(구내식당 제외),곡분 등 분말로 만든 균질화식품 제조,,도시락|김밥|식사용 죽류|집단급식용 식사 제조(구내식당 제외),제조|가공|운송|조리,,KSIC 11차 (2024),True
153202,전분제품 및 당류 제조업,"제조업 > 식료품 제조업 > 곡물 가공품, 전분 및 전분제품 제조업 > 전분제품 및 당류 제조업",제조업,식료품 제조업,"곡물 가공품, 전분 및 전분제품 제조업",전분제품 및 당류 제조업,10520,전분제품 및 당류 제조업,"각종 곡물 및 감자, 고구마 등의 식물성 재료로 전분, 글루텐, 타피오 카를 제조하는 산업활동과 포도당, 과당, 맥아당 등 당류를 제조하는 산업활동을 말한다. 옥수수 습식 가공과정에서 생산된 글루텐, 전분 등을 제조하는 산업활동도 포함한다.",이눌린 제조|글루텐 제조|가용성 녹말(전분) 제조|타피오카 제조|물엿 제조,"접착용 풀 생산|조각 감자, 으깬 감자 제조|사탕수수당 및 자당 제조|유당 제조|인조꿀, 캐러멜당 제조|전화당 제조",당류,이눌린|글루텐|가용성 녹말(전분)|타피오카|물엿,제조|생산|가공,,KSIC 11차 (2024),True
153300,반려동물용 사료 제조업,제조업 > 식료품 제조업 > 동물용 사료 및 조제식품 제조업 > 반려동물용 사료 제조업,제조업,식료품 제조업,동물용 사료 및 조제식품 제조업,동물용 사료 및 조제식품 제조업,10901 | 10902,반려동물용 사료 제조업 | 배합사료 제조업,"반려․애완동물용 사료를 생산하는 산업활동을 말한다. 반려․애완동 물용 기호식품도 포함한다. / 가금류를 포함한 가축용, 어류 양식용, 실험 동물용 각종 배합사료를 생산하는 산업활동을 말한다.",반려|애완동물용 사료|애완동물용 기호식품(개껌 및 비스킷 등) 제조|가축용 배합사료 제조|어류용 배합사료 제조|실험 동물용 배합사료 제조,,,반려|애완동물용 사료|애완동물용 기호식품(개껌 및 비스킷 등)|가축용 배합사료|어류용 배합사료|실험 동물용 배합사료,양식|제조|생산,,KSIC 11차 (2024),True
153301,반려동물용 사료 제조업,제조업 > 식료품 제조업 > 동물용 사료 및 조제식품 제조업 > 반려동물용 사료 제조업,제조업,식료품 제조업,동물용 사료 및 조제식품 제조업,동물용 사료 및 조제식품 제조업,10901 | 10903,반려동물용 사료 제조업 | 단미사료 및 기타 사료 제조업,"반려․애완동물용 사료를 생산하는 산업활동을 말한다. 반려․애완동 물용 기호식품도 포함한다. / 식물성, 동물성 또는 광물성 물질로서 사료로 직접 사용되거나 배합 사료의 원료로 사용되는 단미사료를 생산하는 산업활동과 배합사료용 혼합 조제품 및 조제 보조사료 등을 제조하는 산업활동을 말한다. 동 물사료용의 재료와 줄기, 뿌리 등을 절단․분쇄하는 활동도 포함한다.",반려|애완동물용 사료|애완동물용 기호식품(개껌 및 비스킷 등) 제조|단미사료(원료 사료) 제조|조제 보조사료 제조|동물사료용 재료 분쇄물 생산|음식폐기물 가공 단미사료 생산,반려|애완동물용 사료 및 기호식품,,반려|애완동물용 사료|애완동물용 기호식품(개껌 및 비스킷 등)|단미사료(원료 사료)|조제 보조사료|동물사료용 재료 분쇄물|음식폐기물 가공 단미사료,제조|생산|가공|음식,,KSIC 11차 (2024),True
154101,떡류 제조업,"제조업 > 식료품 제조업 > 떡, 빵 및 과자류 제조업 > 떡류 제조업",제조업,식료품 제조업,"떡, 빵 및 과자류 제조업","떡, 빵 및 과자류 제조업",10601,떡류 제조업,각종 떡류 및 유사 제품을 제조하는 산업활동을 말한다.,떡류 제조|약과 제조,,,떡류|약과,제조,,KSIC 11차 (2024),True
154102,과자류 및 코코아 제품 제조업,"제조업 > 식료품 제조업 > 떡, 빵 및 과자류 제조업 > 과자류 및 코코아 제품 제조업",제조업,식료품 제조업,"떡, 빵 및 과자류 제조업","떡, 빵 및 과자류 제조업",10603,과자류 및 코코아 제품 제조업,"곡물 분말 등을 주원료로 하는 비스킷, 크래커, 와플 및 웨이퍼, 의약 용 또는 식용 캡슐(젤라틴 캡슐 제외), 라이스 페이퍼 및 유사 식품을 제조하거나 코코아를 가공 처리하여 코코아 분 및 코코아 제품, 초콜 릿 또는 코코아를 함유한 조제 식료품, 추잉 껌, 설탕과자 및 설탕으 로 저장처리한 과일, 견과류 등을 제조하는 산업활동을 말한다.",건빵 제조|쌀과자 제조|전분제 빈 캡슐 제조|튀김과자 제조|코코아 버터 제조|코코아 분말 제조|캐러멜과자 제조|초콜릿 및 초콜릿과자 제조|설탕 절임 과실 및 견과 제조|코코아 유지 제조,젤라틴 빈 캡슐 제조,,건빵|쌀과자|전분제 빈 캡슐|튀김과자|코코아 버터|코코아 분말|캐러멜과자|초콜릿 및 초콜릿과자|설탕 절임 과실 및 견과|코코아 유지,제조|가공,,KSIC 11차 (2024),True
154103,기타 식사용 가공처리 조리식품 제조업,제조업 > 식료품 제조업 > 도시락 및 식사용 조리식품 제조업 > 기타 식사용 가공처리 조리식품 제조업,제조업,식료품 제조업,도시락 및 식사용 조리식품 제조업,도시락 및 식사용 조리식품 제조업,10709,기타 식사용 가공처리 조리식품 제조업,"도시락류 등 식사용 조리식품을 제외한 기타 식사용 가공처리 조리식 품(반조리식품 포함)을 제조하는 산업활동을 말한다. 이들 기타 식사 용 조리ㆍ반조리 식품은 양념 이외에 두 가지 이상의 명확하게 구분 되는 재료가 포함되어야 한다. 냉동 포장하거나, 통조림 및 레토르트 용기 등으로 가공 처리한 기타 식사용 조리식품(반조리식품 포함)을 제조하는 산업활동을 포함한다.",식사용 냉동 포장식품 제조|레토르트 식품 제조|식사용 음식 통조림 제조|냉동 피자|만두|찐빵 제조,곡분 등 분말로 만든 균질화 식품 제조,,식사용 냉동 포장식품|레토르트 식품|식사용 음식 통조림|냉동 피자|만두|찐빵,제조|가공|음식|조리,,KSIC 11차 (2024),True
154104,빵류 제조업,"제조업 > 식료품 제조업 > 떡, 빵 및 과자류 제조업 > 빵류 제조업",제조업,식료품 제조업,"떡, 빵 및 과자류 제조업","떡, 빵 및 과자류 제조업",10602,빵류 제조업,신선․냉동된 빵 및 생과자를 제조하는 산업활동을 말한다.,"케이크 제조|파이 제조|생과자 제조|베이커리제품 제조(신선, 냉동)|냉동 케이크, 파이, 기타 생과자류 제조|식빵 제조",즉석식 빵을 생산하여 최종 소비자에게 판매,,"케이크|파이|생과자|베이커리제품 제조(신선, 냉동)|냉동 케이크, 파이, 기타 생과자류|식빵",제조,,KSIC 11차 (2024),True
154200,설탕 제조업,제조업 > 식료품 제조업 > 기타 식품 제조업 > 설탕 제조업,제조업,식료품 제조업,기타 식품 제조업,설탕 제조업,10810,설탕 제조업,사탕수수 및 사탕무 등으로 원당 및 당즙(시럽)을 제조하거나 원당을 정제하여 정제당을 생산하는 산업활동을 말한다.,사탕수수당 제조|사탕무당 제조|전화당 제조|순수한 자당(고체) 제조,"캐러멜당 및 인조 감미료 제조|맥아당, 포도당 및 과당 생산",,사탕수수당|사탕무당|전화당|순수한 자당(고체),제조|생산|정제,,KSIC 11차 (2024),True
154400,"면류, 마카로니 및 유사 식품 제조업","제조업 > 식료품 제조업 > 기타 식품 제조업 > 면류, 마카로니 및 유사 식품 제조업",제조업,식료품 제조업,기타 식품 제조업,"면류, 마카로니 및 유사 식품 제조업",10820,"면류, 마카로니 및 유사 식품 제조업","곡물 분말 등으로 신선․건조한 상태의 라면, 국수, 마카로니 및 유사 면류를 제조하는 산업활동을 말한다.",메밀국수 제조|스파게티 제조|당면 제조|인스턴트 면류 제조|마카로니 제조,면류 제조용 혼합분말 및 가루반죽을 제조하는 경우|인스턴트 면류용 소스만 제조하는 경우,,메밀국수|스파게티|당면|인스턴트 면류|마카로니,제조,,KSIC 11차 (2024),True
154501,천연 및 혼합 조제 조미료 제조업,제조업 > 식료품 제조업 > 기타 식품 제조업 > 조미료 및 식품 첨가물 제조업 > 천연 및 혼합 조제 조미료 제조업,제조업,식료품 제조업,기타 식품 제조업,조미료 및 식품 첨가물 제조업,10832,천연 및 혼합 조제 조미료 제조업,"고추, 후추, 겨자, 계피 등 천연 조미 및 향신용 재료를 분쇄 및 기타 가공처리하여 천연 조미제품을 생산하거나 천연․정제 및 발효 조미 료와 기타 향신료를 혼합․조제하여 혼합 소스 및 양념, 김칫소 등의 혼합 조미료 및 조제 조미료를 제조하는 산업활동을 말한다.","고추, 후추 및 계피가루 제조|천연 향신재료 분 제조|마요네즈 제조|케첩 제조|혼합양념 제조|김칫소 제조|인스턴트 커리 제조|조제한 겨자 제조","조미료, 향신재료 이외의 기타 채소 건조|분쇄활동|곡물을 주 재료로 한 빵속 제조",,"고추, 후추 및 계피가루|천연 향신재료 분|마요네즈|케첩|혼합양념|김칫소|인스턴트 커리|조제한 겨자",제조|생산|가공|정제,,KSIC 11차 (2024),True
154502,장류 제조업,제조업 > 식료품 제조업 > 기타 식품 제조업 > 조미료 및 식품 첨가물 제조업 > 장류 제조업,제조업,식료품 제조업,기타 식품 제조업,조미료 및 식품 첨가물 제조업,10833,장류 제조업,"콩, 보리, 밀, 탈지 대두 등을 발효시켜 메주 및 각종 장류를 제조하 는 산업활동을 말한다.",간장 제조|고추장 제조|춘장 제조|된장 및 청국장 제조,,,간장|고추장|춘장|된장 및 청국장,제조,,KSIC 11차 (2024),True
154503,"식초, 발효 및 화학 조미료 제조업","제조업 > 식료품 제조업 > 기타 식품 제조업 > 조미료 및 식품 첨가물 제조업 > 식초, 발효 및 화학 조미료 제조업",제조업,식료품 제조업,기타 식품 제조업,조미료 및 식품 첨가물 제조업,10831,"식초, 발효 및 화학 조미료 제조업","정제, 발효, 화학적 합성 및 기타 유사한 방법으로 가공하여 식품용 보조재료 및 첨가제로 사용되는 식초, 아미노산 및 글루탐산 소다 (MSG) 등을 제조하는 산업활동을 말한다.",조미료(합성) 제조|아미노산 제조(식품 첨가용)|식초 대용품 제조|글루탐산 소다 제조(식품용)|맛소금 제조,장류 제조|정제 및 가공염 제조|식품용의 죽염 및 구운 소금 제조,,조미료(합성)|아미노산 제조(식품 첨가용)|식초 대용품|글루탐산 소다 제조(식품용)|맛소금,제조|가공|정제,,KSIC 11차 (2024),True
154509,기타 식품 첨가물 제조업,제조업 > 식료품 제조업 > 기타 식품 제조업 > 조미료 및 식품 첨가물 제조업 > 기타 식품 첨가물 제조업,제조업,식료품 제조업,기타 식품 제조업,조미료 및 식품 첨가물 제조업,10839,기타 식품 첨가물 제조업,"기타 조미료 및 식품 첨가물을 제조하는 산업활동을 말하며, 양조용 또는 제빵용 첨가물 및 효모를 제조하거나 색소용 식품, 식품 향미료, 고기 유연제 등의 식품 첨가물을 생산하는 산업활동을 포함한다. 천 일염 또는 정제염(기계염)을 구입하여 식탁용으로 특별히 가공하는 경우도 포함한다.","누룩 및 종국 제조|효모(이스트) 제조(활성, 불활성)|조제 베이킹파우더 제조|인조꿀 제조|커피크리머 제조|캐러멜당 제조|감미용 조제품 제조|단세포 미생물(박테리아, 단세포 조류 등) 제조(죽은 것)|죽염 제조|구운 소금 제조(식품용)|재제염(꽃소금)",이눌린 및 물엿 제조|정제염(기계염) 제조|소금과 화학 조미료를 혼합한 제품(맛소금 등) 제조,,"누룩 및 종국|효모(이스트) 제조(활성, 불활성)|조제 베이킹파우더|인조꿀|커피크리머|캐러멜당|감미용 조제품|죽염|구운 소금 제조(식품용)|재제염(꽃소금)",제조|생산|가공|정제|미용,,KSIC 11차 (2024),True
154801,곡물 도정업,"제조업 > 식료품 제조업 > 곡물 가공품, 전분 및 전분제품 제조업 > 곡물 가공품 제조업 > 곡물 도정업",제조업,식료품 제조업,"곡물 가공품, 전분 및 전분제품 제조업",곡물 가공품 제조업,10511,곡물 도정업,각종 곡물을 도정하여 도정 곡물을 생산하는 산업활동을 말한다.,"도정 쌀, 보리, 밀 생산|압맥 생산|도정 곡물 생산|정미소 운영",,임가공,"도정 쌀, 보리, 밀|압맥|도정 곡물|정미소",생산,,KSIC 11차 (2024),True
154802,곡물 제분업,"제조업 > 식료품 제조업 > 곡물 가공품, 전분 및 전분제품 제조업 > 곡물 가공품 제조업 > 곡물 제분업",제조업,식료품 제조업,"곡물 가공품, 전분 및 전분제품 제조업",곡물 가공품 제조업,10512,곡물 제분업,"각종 곡물, 건조한 채소, 뿌리 또는 덩이줄기(괴경), 과실 및 견과 등 을 분쇄 또는 마쇄하여 이들의 분 및 조분을 생산하는 산업활동을 말 한다. 동물사료용 재료와 줄기, 뿌리 등을 절단․분쇄하는 활동은 제 외된다.",곡물 제분제품 생산|밀가루 및 콩가루 생산|제분소 운영|쌀가루 생산|줄기 및 뿌리 분쇄물 생산|건조된 강낭콩 분과 조분 생산,"타피오카 제조 및 옥수수의 습식 가공|고춧가루, 후춧가루, 겨자 등 천연 향신료 분쇄활동|동물사료용 재료의 분쇄물을 생산하는 경우",떡방앗간,곡물 제분제품|밀가루 및 콩가루|제분소|쌀가루|줄기 및 뿌리 분쇄물|건조된 강낭콩 분과 조분,생산|제분,,KSIC 11차 (2024),True
154803,육류 도축업(가금류 제외),"제조업 > 식료품 제조업 > 도축, 육류 가공 및 저장 처리업 > 도축업 > 육류 도축업(가금류 제외)",제조업,식료품 제조업,"도축, 육류 가공 및 저장 처리업",도축업,10111 | 10112,육류 도축업(가금류 제외) | 가금류 도축업,,,,임가공,육류 도축업(가금류 제외),도축,,KSIC 11차 (2024),False
154804,가금류 가공 및 저장 처리업,"제조업 > 식료품 제조업 > 도축, 육류 가공 및 저장 처리업 > 육류 가공 및 저장 처리업 > 가금류 가공 및 저장 처리업",제조업,식료품 제조업,"도축, 육류 가공 및 저장 처리업",육류 가공 및 저장 처리업,10121 | 10122 | 10213 | 10309,가금류 가공 및 저장 처리업 | 육류 포장육 및 냉동육 가공업(가금류 제외) | 수산동물 냉동품 제조업 | 기타 과실ㆍ채소 가공 및 저장 처리업,,,,임가공(가금류 냉동) | 임가공(육류 가공냉동) | 임가공(수산물 및 가공식품냉동) | 임가공(과실 및 채소 냉동),가금류 가공 및 저장 처리업,가공,,KSIC 11차 (2024),False
154805,동물성 유지 제조업,제조업 > 식료품 제조업 > 동ㆍ식물성 유지 및 낙농제품 제조업 > 동물성 및 식물성 유지 제조업 > 동물성 유지 제조업,제조업,식료품 제조업,동ㆍ식물성 유지 및 낙농제품 제조업,동물성 및 식물성 유지 제조업,10411 | 10412 | 10212 | 10220 | 10309 | 10519 | 10896,동물성 유지 제조업 | 식물성 유지 제조업 | 수산동물 건조 및 염장품 제조업 | 수산식물 가공 및 저장 처리업 | 기타 과실ㆍ채소 가공 및 저장 처리업 | 기타 곡물 가공품 제조업 | 건강 보조용 액화식품 제조업,,,,"임가공(동물성 유지 원료의 착유) | 임가공(식물성 유지 원료의 착유) | 임가공(어류, 염장품) | 임가공(해조류 건조품) | 임가공(과실 및 채소 건조식품) | 임가공(튀김 곡물) | 임가공(한약 및 건강식품 액화처리)",동물성 유지,제조,,KSIC 11차 (2024),False
154806,곡물 제분업,"제조업 > 식료품 제조업 > 곡물 가공품, 전분 및 전분제품 제조업 > 곡물 가공품 제조업 > 곡물 제분업",제조업,식료품 제조업,"곡물 가공품, 전분 및 전분제품 제조업",곡물 가공품 제조업,10512,곡물 제분업,"각종 곡물, 건조한 채소, 뿌리 또는 덩이줄기(괴경), 과실 및 견과 등 을 분쇄 또는 마쇄하여 이들의 분 및 조분을 생산하는 산업활동을 말 한다. 동물사료용 재료와 줄기, 뿌리 등을 절단․분쇄하는 활동은 제 외된다.",곡물 제분제품 생산|밀가루 및 콩가루 생산|제분소 운영|쌀가루 생산|줄기 및 뿌리 분쇄물 생산|건조된 강낭콩 분과 조분 생산,"타피오카 제조 및 옥수수의 습식 가공|고춧가루, 후춧가루, 겨자 등 천연 향신료 분쇄활동|동물사료용 재료의 분쇄물을 생산하는 경우",임가공,곡물 제분제품|밀가루 및 콩가루|제분소|쌀가루|줄기 및 뿌리 분쇄물|건조된 강낭콩 분과 조분,생산|제분,,KSIC 11차 (2024),True
154901,커피 가공업,제조업 > 식료품 제조업 > 기타 식품 제조업 > 기타 식료품 제조업 > 커피 가공업,제조업,식료품 제조업,기타 식품 제조업,기타 식료품 제조업,10891,커피 가공업,"커피 가공품, 커피를 함유하는 커피 대용품 및 농축물 생산과 이들을 재료로 하는 조제식품을 제조하는 산업활동을 말한다.",볶은 커피 생산|카페인 제거 커피 생산|커피 농축물 생산|커피 대용품 제조(커피 함유한 것)|커피 조제품 제조,캔커피(음료) 제조|볶은 곡물|치커리 등으로 만든 기타 대용차 제조,,볶은 커피|카페인 제거 커피|커피 농축물|커피 대용품 제조(커피 함유한 것)|커피 조제품,제조|생산|가공,,KSIC 11차 (2024),True
154902,두부 및 유사 식품 제조업,제조업 > 식료품 제조업 > 기타 식품 제조업 > 기타 식료품 제조업 > 두부 및 유사 식품 제조업,제조업,식료품 제조업,기타 식품 제조업,기타 식료품 제조업,10894,두부 및 유사 식품 제조업,"콩, 메밀, 도토리 등을 원료로 두부, 유부, 묵 등을 생산하는 산업활동 을 말한다.",유부 제조|묵 제조|두부 제조|순두부 제조,생선 어묵 제조|식용 한천 제조,,유부|두부|순두부,제조|생산,,KSIC 11차 (2024),True
154903,건강 보조용 액화식품 제조업,제조업 > 식료품 제조업 > 기타 식품 제조업 > 기타 식료품 제조업 > 건강 보조용 액화식품 제조업,제조업,식료품 제조업,기타 식품 제조업,기타 식료품 제조업,10896,건강 보조용 액화식품 제조업,육지 및 수산 동물고기 등에 한약재를 혼합하고 추출기에서 가열 및 농축하여 액화한 후 1회용으로 포장한 액화식품을 제조하는 산업활동 을 말한다. 이러한 산업활동을 수행하는 사업체가 과실 및 채소를 동 일한 방법으로 함께 가공하는 경우에도 이곳에 분류한다.,육지 동물고기 혼합 추출물 엑스 제조|수산 동물고기 혼합 추출물 엑스 제조|건강원,과실 및 채소 원액 주스 제조,,육지 동물고기 혼합 추출물 엑스|수산 동물고기 혼합 추출물 엑스|건강원,제조|가공,,KSIC 11차 (2024),True
154904,수산식물 가공 및 저장 처리업,제조업 > 식료품 제조업 > 수산물 가공 및 저장 처리업 > 수산식물 가공 및 저장 처리업,제조업,식료품 제조업,수산물 가공 및 저장 처리업,수산식물 가공 및 저장 처리업,10220,수산식물 가공 및 저장 처리업,"김, 미역, 다시마 등의 식용 해조류를 조제․염장․건조․냉동 및 기 타 가공처리하여 해조류 가공식품을 제조하는 산업활동을 말한다. 여 기에는 식용 우뭇가사리(한천) 제조활동도 포함한다.",해조류 건조품 제조|해조류 염장품 제조|조미 해조류 제조|조미 구운김 제조|식용 우뭇가사리 제조|해조류 튀김제품 제조,수산동물 가공품 제조,,해조류 건조품|해조류 염장품|조미 해조류|조미 구운김|식용 우뭇가사리|해조류 튀김제품,제조|가공,,KSIC 11차 (2024),True
154905,차류 가공업,제조업 > 식료품 제조업 > 기타 식품 제조업 > 기타 식료품 제조업 > 차류 가공업,제조업,식료품 제조업,기타 식품 제조업,기타 식료품 제조업,10892,차류 가공업,"율무, 유자, 꽃잎, 곡물 등으로 각종 차류를 제조하는 산업활동을 말 하며, 음료로 가공된 차제품은 제외한다.",홍차(발효차) 제조|차 농축물 및 추출물 제조|차류 조제품 제조|대용차류 제조|볶은 치커리차 제조|둥글레차 제조,"인삼차 제조|캔음료(녹차, 홍차 등) 제조",,홍차(발효차)|차 농축물 및 추출물|차류 조제품|대용차류|볶은 치커리차|둥글레차,제조|가공,,KSIC 11차 (2024),True
154906,인삼식품 제조업,제조업 > 식료품 제조업 > 기타 식품 제조업 > 기타 식료품 제조업 > 인삼식품 제조업,제조업,식료품 제조업,기타 식품 제조업,기타 식료품 제조업,10895,인삼식품 제조업,인삼 가공품 또는 인삼 성분을 주재료로 각종 인삼 조제식품을 제조 하는 산업활동을 말한다.,인삼 분말 제조|인삼차 제조|인삼 즙 및 주스 제조|홍삼차 제조,인삼주 제조|캔 인삼음료 제조,,인삼 분말|인삼차|인삼 즙 및 주스|홍삼차,제조|가공,,KSIC 11차 (2024),True
154907,수프 및 균질화식품 제조업,제조업 > 식료품 제조업 > 기타 식품 제조업 > 기타 식료품 제조업 > 수프 및 균질화식품 제조업,제조업,식료품 제조업,기타 식품 제조업,기타 식료품 제조업,10893,수프 및 균질화식품 제조업,"육류, 어류, 과실 또는 채소 등의 기본재료를 두 가지 이상 혼합하여 균질화한 조제 수프 및 균질화 식품을 제조하는 산업활동을 말한다. 이러한 제품은 주성분 외에 우유, 맥아 추출물 등의 각종 보조적인 물질이 첨가될 수 있다. 또한 이들은 액체, 분말, 입상, 말랑말랑한 덩 어리, 스트립 및 디스크 등의 형상으로서 단순히 우유 또는 물에 혼 합하거나 가열하여 음료, 유아식용, 식이요법용 등으로 사용된다. 육 지 및 수산동물의 농축액과 추출물의 생산활동도 여기에 포함한다.",조제 수프 제조|맥아 농축액 및 추출물 제조,유아용 조제분유 제조|베이커리제품 제조용 혼합물 및 반죽 제조|동물고기와 한약재를 혼합|가열하여 건강보조용 액화식품(1회용으 로 포장된) 제조,,조제 수프|맥아 농축액 및 추출물,제조|생산,,KSIC 11차 (2024),True
154908,건강 기능식품 제조업,제조업 > 식료품 제조업 > 기타 식품 제조업 > 기타 식료품 제조업 > 건강 기능식품 제조업,제조업,식료품 제조업,기타 식품 제조업,기타 식료품 제조업,10897,건강 기능식품 제조업,"동물성, 식물성, 광물성 등의 각종 물질에서 추출한 기능성 원료에 비 타민류, 철화합물 등을 첨가하여 만든 건강 유지 또는 건강 증진용 조제 가공식품을 제조하는 산업활동을 말한다. 의약용 물질이나 다 른 산업에서 분류되는 식품을 제조하는 산업활동은 제외된다.","스쿠알렌 제조|키토산 제조|로열젤리 가공품 제조|효모, 효소 추출 가공품 제조|화분 가공품 제조|인삼, 홍삼, 엽록소, 클로렐라 함유 가공식품 제조|농축 미네랄 제조|알로에 가공품 제조|식이섬유 가공식품 제조|오메가-3, 레시틴, 스쿠알렌(상어간유) 등 지방산 가공식품 제조|발효 미생물류 가공식품 제조|아미노산 및 단백질류 가공식품 제조",건강원에서 제조한 1회용 액화식품,,"스쿠알렌|키토산|로열젤리 가공품|효모, 효소 추출 가공품|화분 가공품|인삼, 홍삼, 엽록소, 클로렐라 함유 가공식품|농축 미네랄|알로에 가공품|식이섬유 가공식품|발효 미생물류 가공식품|아미노산 및 단백질류 가공식품",제조|가공,,KSIC 11차 (2024),True
154909,그 외 기타 식료품 제조업,제조업 > 식료품 제조업 > 기타 식품 제조업 > 기타 식료품 제조업 > 그 외 기타 식료품 제조업,제조업,식료품 제조업,기타 식품 제조업,기타 식료품 제조업,10899,그 외 기타 식료품 제조업,그 외 기타 식료품을 제조하는 산업활동을 말한다.,조란 껍질 제거제품 생산|새알 가공품 제조,,,조란 껍질 제거제품|새알 가공품,제조|생산|가공,,KSIC 11차 (2024),True
155101,주정 제조업,제조업 > 음료 제조업 > 알코올 음료 제조업 > 증류주 및 합성주 제조업 > 주정 제조업,제조업,음료 제조업,알코올 음료 제조업,증류주 및 합성주 제조업,11121,주정 제조업,"고구마, 감자 등 전분 또는 당분을 함유하는 원료를 발효 및 증류시 켜 비변성 에틸알코올 및 중성 주정을 생산하는 산업활동을 말한다.","비변성 에틸알코올 제조|발효주정, 조주정, 정제주정 제조","합성주정, 무수주정",,"비변성 에틸알코올|발효주정, 조주정, 정제주정",제조|생산|정제,,KSIC 11차 (2024),True
155102,소주 제조업,제조업 > 음료 제조업 > 알코올 음료 제조업 > 증류주 및 합성주 제조업 > 소주 제조업,제조업,음료 제조업,알코올 음료 제조업,증류주 및 합성주 제조업,11122,소주 제조업,"증류소주, 희석소주 또는 혼합소주를 제조하는 산업활동을 말한다.","소주 제조(희석, 혼합)|합성 증류소주 제조",소주 이외의 곡물을 주성분으로 증류주(고량주 등) 제조,,"소주 제조(희석, 혼합)|합성 증류소주",제조,,KSIC 11차 (2024),True
155103,기타 증류주 및 합성주 제조업,제조업 > 음료 제조업 > 알코올 음료 제조업 > 증류주 및 합성주 제조업 > 기타 증류주 및 합성주 제조업,제조업,음료 제조업,알코올 음료 제조업,증류주 및 합성주 제조업,11129,기타 증류주 및 합성주 제조업,직접 발효시키거나 구입한 발효주를 증류하여 직접 마실 수 있는 상 태의 각종 증류주(주정 및 소주 제외)를 제조하는 산업활동 및 증류 주에 다른 물질을 주입하거나 혼합하여 조제 증류주 및 합성 증류주 를 제조하는 산업활동을 말한다.,위스키 제조|진 제조|꼬낙 제조|브랜디 제조|럼 제조|고량주 제조|타피아 제조|보드카 제조|오가피주 제조|가향 조제주 제조,희석 또는 혼합 소주 및 증류소주 제조,,위스키|꼬낙|브랜디|고량주|타피아|보드카|오가피주|가향 조제주,제조,,KSIC 11차 (2024),True
155201,탁주 및 약주 제조업,제조업 > 음료 제조업 > 알코올 음료 제조업 > 발효주 제조업 > 탁주 및 약주 제조업,제조업,음료 제조업,알코올 음료 제조업,발효주 제조업,11111,탁주 및 약주 제조업,"쌀, 보리, 밀 등 곡식을 발효하여 탁주, 약주를 제조하는 산업활동을 말한다.",모주 제조|곡주 제조|동동주 제조|막걸리 제조,,탁주,모주|곡주|동동주|막걸리,제조,,KSIC 11차 (2024),True
155202,탁주 및 약주 제조업,제조업 > 음료 제조업 > 알코올 음료 제조업 > 발효주 제조업 > 탁주 및 약주 제조업,제조업,음료 제조업,알코올 음료 제조업,발효주 제조업,11111,탁주 및 약주 제조업,"쌀, 보리, 밀 등 곡식을 발효하여 탁주, 약주를 제조하는 산업활동을 말한다.",모주 제조|곡주 제조|동동주 제조|막걸리 제조,,약주,모주|곡주|동동주|막걸리,제조,,KSIC 11차 (2024),True
155203,기타 발효주 제조업,제조업 > 음료 제조업 > 알코올 음료 제조업 > 발효주 제조업 > 기타 발효주 제조업,제조업,음료 제조업,알코올 음료 제조업,발효주 제조업,11119,기타 발효주 제조업,과실 및 기타 식물성 물질을 발효시켜 기타의 발효주를 제조하는 산 업활동을 말한다.,포도주 제조|과실 발효주 제조|유자 발효주 제조|생강 발효주 제조|채소 발효주 제조|청주 제조,,,포도주|과실 발효주|유자 발효주|생강 발효주|채소 발효주|청주,제조,,KSIC 11차 (2024),True
155300,맥아 및 맥주 제조업,제조업 > 음료 제조업 > 알코올 음료 제조업 > 발효주 제조업 > 맥아 및 맥주 제조업,제조업,음료 제조업,알코올 음료 제조업,발효주 제조업,11112,맥아 및 맥주 제조업,"보리, 밀, 맥아밀 등을 발아 및 건조시켜 맥아 및 맥아분을 생산하거 나 맥아를 원료로 맥주를 제조하는 산업활동을 말한다.",맥아 제조|맥아분 제조|맥주 제조|합성 맥주 제조,맥아 엑스 및 그 조제식품 제조|차류 대용품으로 볶은 맥아 생산,,맥아|맥아분|맥주|합성 맥주,제조|생산,,KSIC 11차 (2024),True
155401,기타 비알코올 음료 제조업,제조업 > 음료 제조업 > 비알코올 음료 및 얼음 제조업 > 기타 비알코올 음료 제조업,제조업,음료 제조업,비알코올 음료 및 얼음 제조업,비알코올 음료 및 얼음 제조업,11209,기타 비알코올 음료 제조업,"물에 설탕, 감미료 또는 향미료를 첨가한 음료를 생산하거나, 과실주 스, 과실 추출물 또는 기타 합성 추출물을 첨가하여 청량음료 또는 기타 비알코올성 음료를 제조하는 산업활동을 포함한다. 이들 제품에 는 우유, 구연산 등의 첨가 여부를 불문하며 천연 광수 및 천연 탄산 수를 생산하여 병에 포장하는 산업활동도 포함한다.",강장음료 제조|곡물음료 제조|가당음료 생산|인삼드링크 제조|캔커피(음료) 제조|캔차류 제조,천연 생수를 생산|포장하는 산업활동,탄산음료,강장음료|곡물음료|가당음료|인삼드링크|캔커피(음료)|캔차류,제조|생산,,KSIC 11차 (2024),True
155402,기타 비알코올 음료 제조업,제조업 > 음료 제조업 > 비알코올 음료 및 얼음 제조업 > 기타 비알코올 음료 제조업,제조업,음료 제조업,비알코올 음료 및 얼음 제조업,비알코올 음료 및 얼음 제조업,11209,기타 비알코올 음료 제조업,"물에 설탕, 감미료 또는 향미료를 첨가한 음료를 생산하거나, 과실주 스, 과실 추출물 또는 기타 합성 추출물을 첨가하여 청량음료 또는 기타 비알코올성 음료를 제조하는 산업활동을 포함한다. 이들 제품에 는 우유, 구연산 등의 첨가 여부를 불문하며 천연 광수 및 천연 탄산 수를 생산하여 병에 포장하는 산업활동도 포함한다.",강장음료 제조|곡물음료 제조|가당음료 생산|인삼드링크 제조|캔커피(음료) 제조|캔차류 제조,천연 생수를 생산|포장하는 산업활동,,강장음료|곡물음료|가당음료|인삼드링크|캔커피(음료)|캔차류,제조|생산,,KSIC 11차 (2024),True
155403,생수 생산업,제조업 > 음료 제조업 > 비알코올 음료 및 얼음 제조업 > 생수 생산업,제조업,음료 제조업,비알코올 음료 및 얼음 제조업,비알코올 음료 및 얼음 제조업,11202,생수 생산업,천연 생수를 생산하여 병 또는 기타 포장용기에 포장하는 산업활동을 말한다.,천연 생수 생산(용기 포장),천연 탄산수를 생산하여 용기에 포장하는 산업,,천연 생수 생산(용기 포장),생산,,KSIC 11차 (2024),True
155404,얼음 제조업,제조업 > 음료 제조업 > 비알코올 음료 및 얼음 제조업 > 얼음 제조업,제조업,음료 제조업,비알코올 음료 및 얼음 제조업,비알코올 음료 및 얼음 제조업,11201,얼음 제조업,식용 또는 냉장용 얼음 및 인조 눈(雪)을 생산하는 산업활동을 말한 조 다. 천연 얼음을 채취하여 저장하는 경우도 포함한다. 업,얼음 제조(식용 또는 냉장용)|천연 얼음 채취 및 저장활동,빙과 제조|드라이아이스 제조,,얼음 제조(식용 또는 냉장용)|천연 얼음 채취 및 저장활동,채취|제조|생산,,KSIC 11차 (2024),True
160000,담배제품 제조업,제조업 > 담배 제조업 > 담배제품 제조업,제조업,담배 제조업,담배 제조업,담배 제조업,12000,담배제품 제조업,담배를 가공하여 각종 담배제품을 제조하거나 담배가 함유되지 않은 흡연용 담배 대용품을 제조하는 산업활동을 말한다. 1차 건조된 잎담 배를 구입하여 줄기를 제거하거나 재건조하는 산업활동도 포함한다.,담배 에센스 제조|금연용 담배 제조(비의약성)|담배 줄기 제거|잎담배 재건조|니코틴이 함유된 전자담배 기기용 용액 제조,니코틴(연초에서 추출된 알칼로이드) 제조|담배필터 제조|재배 농가에서 자기 잎담배를 직접 건조할 경우|니코틴이 함유되지 않은 전자담배 기기용 용액 제조,,담배 에센스|금연용 담배 제조(비의약성)|담배 줄기 제거|잎담배 재건조|니코틴이 함유된 전자담배 기기용 용액,제조|가공,,KSIC 11차 (2024),True
171101,화학섬유 방적업,제조업 > 섬유제품 제조업; 의복 제외 > 방적 및 가공사 제조업 > 화학섬유 방적업,제조업,섬유제품 제조업; 의복 제외,방적 및 가공사 제조업,방적 및 가공사 제조업,13103,화학섬유 방적업,주로 구입한 화학섬유(합성섬유 또는 재생섬유 등)를 방적하여 화학 섬유사를 제조하는 산업활동을 말한다.,합성섬유 방적사 제조|재생섬유 방적사 제조|인조섬유 방적사 제조|반합성섬유 방적사 제조,,"인견사, 아세테이드사",합성섬유 방적사|재생섬유 방적사|인조섬유 방적사|반합성섬유 방적사,제조|방적,,KSIC 11차 (2024),True
171102,면 방적업,제조업 > 섬유제품 제조업; 의복 제외 > 방적 및 가공사 제조업 > 면 방적업,제조업,섬유제품 제조업; 의복 제외,방적 및 가공사 제조업,방적 및 가공사 제조업,13101,면 방적업,면을 방적하여 면사를 제조하는 산업활동을 말한다.,면사 제조|면 혼방사 제조,"아바카, 사이잘마, 라미사, 코이어사등 마섬유류 방적",,면사|면 혼방사,제조|방적,,KSIC 11차 (2024),True
171104,모 방적업,제조업 > 섬유제품 제조업; 의복 제외 > 방적 및 가공사 제조업 > 모 방적업,제조업,섬유제품 제조업; 의복 제외,방적 및 가공사 제조업,방적 및 가공사 제조업,13102,모 방적업,면양 털(양모) 또는 기타 동물 털(수모)을 방적하여 소모사 및 방모사 를 제조하는 산업활동을 말한다.,견(실크) 노일 혼방모사 제조|마모사 제조|섬수모사 제조|조수모사 제조,,,견(실크) 노일 혼방모사|마모사|섬수모사|조수모사,제조|방적,,KSIC 11차 (2024),True
171105,연사 및 가공사 제조업,제조업 > 섬유제품 제조업; 의복 제외 > 방적 및 가공사 제조업 > 연사 및 가공사 제조업,제조업,섬유제품 제조업; 의복 제외,방적 및 가공사 제조업,방적 및 가공사 제조업,13104,연사 및 가공사 제조업,"각종 섬유 원사로 합사, 재봉사 등의 연사 및 가공사를 제조하는 산 업활동을 말한다. 수수료 또는 계약에 의한 실감기 등 가공활동도 여 기에 포함한다.",자수사 제조|텍스처드 가공사 제조|편물사 제조|견재봉사 제조|가연사 제조,,,자수사|텍스처드 가공사|편물사|견재봉사|가연사,제조|가공,,KSIC 11차 (2024),True
171106,화학섬유 방적업,제조업 > 섬유제품 제조업; 의복 제외 > 방적 및 가공사 제조업 > 화학섬유 방적업,제조업,섬유제품 제조업; 의복 제외,방적 및 가공사 제조업,방적 및 가공사 제조업,13103,화학섬유 방적업,주로 구입한 화학섬유(합성섬유 또는 재생섬유 등)를 방적하여 화학 섬유사를 제조하는 산업활동을 말한다.,합성섬유 방적사 제조|재생섬유 방적사 제조|인조섬유 방적사 제조|반합성섬유 방적사 제조,,나일론사,합성섬유 방적사|재생섬유 방적사|인조섬유 방적사|반합성섬유 방적사,제조|방적,,KSIC 11차 (2024),True
171107,화학섬유 방적업,제조업 > 섬유제품 제조업; 의복 제외 > 방적 및 가공사 제조업 > 화학섬유 방적업,제조업,섬유제품 제조업; 의복 제외,방적 및 가공사 제조업,방적 및 가공사 제조업,13103,화학섬유 방적업,주로 구입한 화학섬유(합성섬유 또는 재생섬유 등)를 방적하여 화학 섬유사를 제조하는 산업활동을 말한다.,합성섬유 방적사 제조|재생섬유 방적사 제조|인조섬유 방적사 제조|반합성섬유 방적사 제조,,PVC사류,합성섬유 방적사|재생섬유 방적사|인조섬유 방적사|반합성섬유 방적사,제조|방적,,KSIC 11차 (2024),True
171108,화학섬유 방적업,제조업 > 섬유제품 제조업; 의복 제외 > 방적 및 가공사 제조업 > 화학섬유 방적업,제조업,섬유제품 제조업; 의복 제외,방적 및 가공사 제조업,방적 및 가공사 제조업,13103,화학섬유 방적업,주로 구입한 화학섬유(합성섬유 또는 재생섬유 등)를 방적하여 화학 섬유사를 제조하는 산업활동을 말한다.,합성섬유 방적사 제조|재생섬유 방적사 제조|인조섬유 방적사 제조|반합성섬유 방적사 제조,,,합성섬유 방적사|재생섬유 방적사|인조섬유 방적사|반합성섬유 방적사,제조|방적,,KSIC 11차 (2024),True
171109,화학섬유직물 직조업,제조업 > 섬유제품 제조업; 의복 제외 > 직물 직조 및 직물제품 제조업 > 직물 직조업 > 화학섬유직물 직조업,제조업,섬유제품 제조업; 의복 제외,직물 직조 및 직물제품 제조업,직물 직조업,13213,화학섬유직물 직조업,화학섬유사로 일반용 광폭 섬유직물을 직조하는 산업활동을 말한다.,인조 섬유직물 직조|재생 섬유직물 직조|합성 섬유직물 직조|반합성 섬유직물 직조|셀룰로오스 섬유직물 직조|레이온(인견직물) 섬유직물 직조,특수 인견직물 직조,,인조 섬유직물 직조|재생 섬유직물 직조|합성 섬유직물 직조|반합성 섬유직물 직조|셀룰로오스 섬유직물 직조|레이온(인견직물) 섬유직물 직조,직조,,KSIC 11차 (2024),True
171110,기타 방적업,제조업 > 섬유제품 제조업; 의복 제외 > 방적 및 가공사 제조업 > 기타 방적업,제조업,섬유제품 제조업; 의복 제외,방적 및 가공사 제조업,방적 및 가공사 제조업,13109,기타 방적업,부잠사를 방적하여 견방적사를 제조하거나 기타 섬유재료로 종이실 및 기타 섬유 방적사를 제조하는 산업활동을 말한다. 여기에는 조사 기를 사용하여 생사를 제조하는 제사활동을 포함한다.,"견방사 제조|견 노일 제조|마방적|마사(삼실, 삼껍질에서 뽑은 실) 제조|코이어사 제조|라미사 제조|아바카사 제조|사이잘마사 제조|종이실(초섬사) 제조|생사 제조",,"생사, 견방적사","견방사|견 노일|마방적|마사(삼실, 삼껍질에서 뽑은 실)|코이어사|라미사|아바카사|사이잘마사|종이실(초섬사)|생사",제조|방적,,KSIC 11차 (2024),True
171112,모직물 직조업,제조업 > 섬유제품 제조업; 의복 제외 > 직물 직조 및 직물제품 제조업 > 직물 직조업 > 모직물 직조업,제조업,섬유제품 제조업; 의복 제외,직물 직조 및 직물제품 제조업,직물 직조업,13212,모직물 직조업,소모사 또는 방모사로 일반용 광폭 모직물을 직조하는 산업활동을 말 한다.,섬수모직물 직조|소모직물 직조|조수모직물 직조|모직물 직조,특수 모직물 직조,,섬수모직물 직조|소모직물 직조|조수모직물 직조|모직물 직조,직조,,KSIC 11차 (2024),True
171114,기타 방적업,제조업 > 섬유제품 제조업; 의복 제외 > 방적 및 가공사 제조업 > 기타 방적업,제조업,섬유제품 제조업; 의복 제외,방적 및 가공사 제조업,방적 및 가공사 제조업,13109,기타 방적업,부잠사를 방적하여 견방적사를 제조하거나 기타 섬유재료로 종이실 및 기타 섬유 방적사를 제조하는 산업활동을 말한다. 여기에는 조사 기를 사용하여 생사를 제조하는 제사활동을 포함한다.,"견방사 제조|견 노일 제조|마방적|마사(삼실, 삼껍질에서 뽑은 실) 제조|코이어사 제조|라미사 제조|아바카사 제조|사이잘마사 제조|종이실(초섬사) 제조|생사 제조",,,"견방사|견 노일|마방적|마사(삼실, 삼껍질에서 뽑은 실)|코이어사|라미사|아바카사|사이잘마사|종이실(초섬사)|생사",제조|방적,,KSIC 11차 (2024),True
171115,면직물 직조업,제조업 > 섬유제품 제조업; 의복 제외 > 직물 직조 및 직물제품 제조업 > 직물 직조업 > 면직물 직조업,제조업,섬유제품 제조업; 의복 제외,직물 직조 및 직물제품 제조업,직물 직조업,13211,면직물 직조업,면사로 일반용 광폭 면직물을 직조하는 산업활동을 말한다.,면직물 직조|무명 직조,마직물 및 특수 면직물 직조,,면직물 직조|무명 직조,직조,,KSIC 11차 (2024),True
171116,특수직물 및 기타 직물 직조업,제조업 > 섬유제품 제조업; 의복 제외 > 직물 직조 및 직물제품 제조업 > 직물 직조업 > 특수직물 및 기타 직물 직조업,제조업,섬유제품 제조업; 의복 제외,직물 직조 및 직물제품 제조업,직물 직조업,13219,특수직물 및 기타 직물 직조업,"각종 섬유사로 파일(pile), 셔닐(chenille), 테리(terry), 거즈(gauze), 및 터프티드(tufted) 직물 등 각종 특수직물을 직조하는 산업활동과 마 등 기타 인피(靭皮) 섬유사, 생사 및 견방적사, 유리섬유사, 고무사, 금속사 등으로 광폭 직물 등을 직조하는 산업활동을 말한다.","파일, 셔닐, 테리, 거즈, 터프티드 직물 직조|타포린직물 직조|마직물 직조|아바카직물 직조|코이어직물 직조|포대용 직물 직조|견직물 직조",전동벨트 등 기계용 직물 및 섬유제품 제조|인조견 광폭직물 직조,,"파일, 셔닐, 테리, 거즈, 터프티드 직물 직조|타포린직물 직조|마직물 직조|아바카직물 직조|코이어직물 직조|포대용 직물 직조|견직물 직조",방적|직조,,KSIC 11차 (2024),True
171200,"직물, 편조 원단 및 의복류 염색 가공업","제조업 > 섬유제품 제조업; 의복 제외 > 섬유제품 염색, 정리 및 마무리 가공업 > 직물, 편조 원단 및 의복류 염색 가공업",제조업,섬유제품 제조업; 의복 제외,"섬유제품 염색, 정리 및 마무리 가공업","섬유제품 염색, 정리 및 마무리 가공업",13402,"직물, 편조 원단 및 의복류 염색 가공업","각종 직물 및 편조원단, 의복 및 의복 액세서리를 염색․표백 및 가 공․정리하는 산업활동을 말한다. 염색 가공공정 전후에 연결하여 수 행하는 표백 및 기타 정리 작업(날염처리 이외의 정련, 유연화 처리, 광택내기, 보풀 제거, 건조 및 다림질 등)도 포함한다.",직물 및 편물 원단 염색 가공|직물 및 편물 원단 정리 가공|의복 염색 가공|의복 액세서리류 염색 가공,,,직물 및 편물 원단 염색|직물 및 편물 원단 정리|의복 염색|의복 액세서리류 염색,가공,,KSIC 11차 (2024),True
171201,솜 및 실 염색 가공업,"제조업 > 섬유제품 제조업; 의복 제외 > 섬유제품 염색, 정리 및 마무리 가공업 > 솜 및 실 염색 가공업",제조업,섬유제품 제조업; 의복 제외,"섬유제품 염색, 정리 및 마무리 가공업","섬유제품 염색, 정리 및 마무리 가공업",13401,솜 및 실 염색 가공업,"각종 솜, 실, 끈, 끈 가공품을 염색 가공하는 산업활동을 말한다. 염색 가공공정 전후에 연결하여 수행하는 표백 및 기타 정리 작업(날염처 리 이외의 정련, 유연화 처리, 광택내기, 보풀 제거, 건조 및 다림질 등)도 포함한다.","솜, 실 염색 및 정리 가공",섬유 및 실 날염,,"솜, 실 염색 및 정리",가공,,KSIC 11차 (2024),True
171202,날염 가공업,"제조업 > 섬유제품 제조업; 의복 제외 > 섬유제품 염색, 정리 및 마무리 가공업 > 날염 가공업",제조업,섬유제품 제조업; 의복 제외,"섬유제품 염색, 정리 및 마무리 가공업","섬유제품 염색, 정리 및 마무리 가공업",13403,날염 가공업,"각종 직조 원단, 편조 원단 및 직물제품(의복 포함)을 기계 또는 수작 업으로 날염 가공 및 정리하는 산업활동을 말한다.",,,,날염,가공|직조,,KSIC 11차 (2024),True
171203,섬유제품 기타 정리 및 마무리 가공업,"제조업 > 섬유제품 제조업; 의복 제외 > 섬유제품 염색, 정리 및 마무리 가공업 > 섬유제품 기타 정리 및 마무리 가공업",제조업,섬유제품 제조업; 의복 제외,"섬유제품 염색, 정리 및 마무리 가공업","섬유제품 염색, 정리 및 마무리 가공업",13409,섬유제품 기타 정리 및 마무리 가공업,"각종 솜, 실, 끈, 끈 가공품, 직물 및 편조 원단, 의복 및 의복 액세서 리류를 정련․유연화․광택 내기․보풀 제거․건조 및 다림질․주름 가공․단추구멍 내기 및 싸기․풀 처리 등 가공, 정리하는 산업활동 을 말한다.",의복 정리 및 마무리 가공|의복 액세서리 정리 및 마무리 가공,"섬유제품 염색 가공(13401, 13402|섬유제품 날염 가공",,의복 정리 및 마무리|의복 액세서리 정리 및 마무리,가공,,KSIC 11차 (2024),True
172101,침구 및 관련제품 제조업,제조업 > 섬유제품 제조업; 의복 제외 > 직물 직조 및 직물제품 제조업 > 직물제품 제조업 > 침구 및 관련제품 제조업,제조업,섬유제품 제조업; 의복 제외,직물 직조 및 직물제품 제조업,직물제품 제조업,13221,침구 및 관련제품 제조업,"각종 침구류 및 관련제품, 침대용․식탁용 또는 기타 가정용 린넨류 등을 제조하는 산업활동을 말한다. 봉제 방석 및 방석 커버, 전기담요 용 직물 부분품을 제조하는 산업활동도 여기에 포함한다.",모포 제조|쿠션 제조|베개 및 베개보 제조|침낭 제조|매트리스 커버 제조|이불 제조|식탁보 제조,수공 또는 기계자수 제품 제조|전기담요 제조,,모포|쿠션|베개 및 베개보|침낭|매트리스 커버|이불|식탁보,제조|봉제|리스,,KSIC 11차 (2024),True
172102,자수제품 및 자수용 재료 제조업,제조업 > 섬유제품 제조업; 의복 제외 > 직물 직조 및 직물제품 제조업 > 직물제품 제조업 > 자수제품 및 자수용 재료 제조업,제조업,섬유제품 제조업; 의복 제외,직물 직조 및 직물제품 제조업,직물제품 제조업,13222,자수제품 및 자수용 재료 제조업,"직물 원단을 기계 또는 손으로 자수하여 자수제품을 생산하거나 각종 직물 원단에 날염 등의 방법으로 자수 도안 및 재단하여 방석, 자수 포, 기타 자수제품 제조용 재료와 관련 재료를 소매용 세트로 생산하 는 산업활동을 말한다.",태피스트리 제조|자수용 재료 세트 생산|장식용 자수제품 제조,,,태피스트리|자수용 재료 세트|장식용 자수제품,제조|생산|소매,,KSIC 11차 (2024),True
172103,"천막, 텐트 및 유사 제품 제조업","제조업 > 섬유제품 제조업; 의복 제외 > 직물 직조 및 직물제품 제조업 > 직물제품 제조업 > 천막, 텐트 및 유사 제품 제조업",제조업,섬유제품 제조업; 의복 제외,직물 직조 및 직물제품 제조업,직물제품 제조업,13224,"천막, 텐트 및 유사 제품 제조업","타포린 직물 또는 캔버스 직물로 천막, 캠프용 텐트, 차량용․기계 용․가구용의 겉덮개 등을 제조하는 산업활동을 말한다.",차양 제조|캠핑용 직물제품 제조|압축공기식 매트리스 제조|돛 제조,"구명대, 구명조끼 및 구명벨트 제조",,차양|캠핑용 직물제품|압축공기식 매트리스,제조|리스,,KSIC 11차 (2024),True
172106,커튼 및 유사 제품 제조업,제조업 > 섬유제품 제조업; 의복 제외 > 직물 직조 및 직물제품 제조업 > 직물제품 제조업 > 커튼 및 유사 제품 제조업,제조업,섬유제품 제조업; 의복 제외,직물 직조 및 직물제품 제조업,직물제품 제조업,13223,커튼 및 유사 제품 제조업,방직용 섬유제의 각종 커튼 및 유사 제품을 제조하는 산업활동을 말 한다.,벽덮개 제조|무대막 제조|벽가리개 제조|실내용 블라인드 제조(직물제),"국기, 페넌트 및 기타 깃발 제조|직물 벽지 제조",,벽덮개|무대막|벽가리개|실내용 블라인드 제조(직물제),제조,,KSIC 11차 (2024),True
172107,직물포대 제조업,제조업 > 섬유제품 제조업; 의복 제외 > 직물 직조 및 직물제품 제조업 > 직물제품 제조업 > 직물포대 제조업,제조업,섬유제품 제조업; 의복 제외,직물 직조 및 직물제품 제조업,직물제품 제조업,13225,직물포대 제조업,"직물을 재단 및 재봉하여 곡식, 석탄, 우편물 등을 담는 직물포대를 제조하는 산업활동을 말한다. 합성섬유 또는 플라스틱 재료를 봉제하 여 제조한 포대도 포함한다.",직물포대 제조|플라스틱제 봉제 포대 제조,"직물 직조에 연관된 포대 제조|직물류 가방, 배낭 및 보호용 케이스 제조|플라스틱 필름을 절단|접합하여 포대를 제조",,직물포대|플라스틱제 봉제 포대,제조|봉제,,KSIC 11차 (2024),True
172108,자동차용 신품 의자 제조업,제조업 > 자동차 및 트레일러 제조업 > 자동차 신품 부품 제조업 > 자동차용 기타 신품 부품 제조업 > 자동차용 신품 의자 제조업,제조업,자동차 및 트레일러 제조업,자동차 신품 부품 제조업,자동차용 기타 신품 부품 제조업,30393,자동차용 신품 의자 제조업,자동차용 신품 의자(시트) 및 관련 부속품을 제조하는 산업활동을 말 한다.,자동차용 의자(시트) 및 관련 부품 제조,,,자동차용 의자(시트) 및 관련 부품,제조,,KSIC 11차 (2024),True
172109,기타 직물제품 제조업,제조업 > 섬유제품 제조업; 의복 제외 > 직물 직조 및 직물제품 제조업 > 직물제품 제조업 > 기타 직물제품 제조업,제조업,섬유제품 제조업; 의복 제외,직물 직조 및 직물제품 제조업,직물제품 제조업,13229,기타 직물제품 제조업,기타 직물제품을 제조하는 산업활동을 말한다.,"먼지떨이 제조(직물제)|직물제 마스크 제조|깃발 제조|낙하산 제조|구명벨트 제조|구명조끼, 구명대 제조|신발류 끈 제조|드레스 패턴 제조|페넌트 제조",천막 및 캔버스제품 제조,,"먼지떨이 제조(직물제)|직물제 마스크|깃발|낙하산|구명벨트|구명조끼, 구명대|신발류 끈|드레스 패턴|페넌트",제조,,KSIC 11차 (2024),True
172111,기타 직물제품 제조업,제조업 > 섬유제품 제조업; 의복 제외 > 직물 직조 및 직물제품 제조업 > 직물제품 제조업 > 기타 직물제품 제조업,제조업,섬유제품 제조업; 의복 제외,직물 직조 및 직물제품 제조업,직물제품 제조업,13229,기타 직물제품 제조업,기타 직물제품을 제조하는 산업활동을 말한다.,"먼지떨이 제조(직물제)|직물제 마스크 제조|깃발 제조|낙하산 제조|구명벨트 제조|구명조끼, 구명대 제조|신발류 끈 제조|드레스 패턴 제조|페넌트 제조",천막 및 캔버스제품 제조,수건,"먼지떨이 제조(직물제)|직물제 마스크|깃발|낙하산|구명벨트|구명조끼, 구명대|신발류 끈|드레스 패턴|페넌트",제조,,KSIC 11차 (2024),True
172200,"카펫, 마루덮개 및 유사 제품 제조업","제조업 > 섬유제품 제조업; 의복 제외 > 기타 섬유제품 제조업 > 카펫, 마루덮개 및 유사 제품 제조업",제조업,섬유제품 제조업; 의복 제외,기타 섬유제품 제조업,"카펫, 마루덮개 및 유사 제품 제조업",13910,"카펫, 마루덮개 및 유사 제품 제조업","각종 방직용 섬유 또는 섬유사로 직조, 편조 또는 기타 방법으로 가 공하여 카펫, 융단, 마루덮개 및 유사제품을 생산하는 산업활동을 말 한다.",마루덮개 제조|카펫 제조|양탄자류 제조|융단 제조,직물을 재단|재봉한 방석 및 방석커버 제조|방직용 이외의 조물재료로 엮은 매트류(깔개) 제조|리놀륨 및 경표면 바닥덮개 제조,,마루덮개|카펫|양탄자류|융단,제조|생산|직조,,KSIC 11차 (2024),True
172300,어망 및 기타 끈 가공품 제조업,"제조업 > 섬유제품 제조업; 의복 제외 > 기타 섬유제품 제조업 > 끈, 로프, 망 및 끈 가공품 제조업 > 어망 및 기타 끈 가공품 제조업",제조업,섬유제품 제조업; 의복 제외,기타 섬유제품 제조업,"끈, 로프, 망 및 끈 가공품 제조업",13922,어망 및 기타 끈 가공품 제조업,"섬유제의 끈, 로프 및 케이블로 망지, 어망, 망제품 및 끈 가공 제품 을 제조하는 산업활동을 말한다. 이러한 제품에는 금속 링 및 기타 부착물이 결합될 수 있다.",로프 가공품 제조|물품 운반용 망제품 제조|줄사다리 제조|끈으로 만든 걸레 제조,신발끈 제조|망직물을 재단|재봉하여 머리망(헤어네트) 제조|경기용 네트 및 낚시용 고기망 제조,,로프 가공품|물품 운반용 망제품|줄사다리|끈으로 만든 걸레,제조|가공,,KSIC 11차 (2024),True
172301,끈 및 로프 제조업,"제조업 > 섬유제품 제조업; 의복 제외 > 기타 섬유제품 제조업 > 끈, 로프, 망 및 끈 가공품 제조업 > 끈 및 로프 제조업",제조업,섬유제품 제조업; 의복 제외,기타 섬유제품 제조업,"끈, 로프, 망 및 끈 가공품 제조업",13921,끈 및 로프 제조업,"각종 섬유 물질로 끈, 로프 및 케이블을 제조하는 산업활동을 말한다.",로프 제조|밧줄 제조,금속사 제조|신발끈 제조,,로프|밧줄,제조,,KSIC 11차 (2024),True
172901,세폭직물 제조업,제조업 > 섬유제품 제조업; 의복 제외 > 기타 섬유제품 제조업 > 그 외 기타 섬유제품 제조업 > 세폭직물 제조업,제조업,섬유제품 제조업; 의복 제외,기타 섬유제품 제조업,그 외 기타 섬유제품 제조업,13991,세폭직물 제조업,"각종 방직용 섬유로 폭이 30cm 미만의 각종 세폭직물, 라벨, 배지 및 유사 직물을 직조하거나 경사만을 접착제로 접합시켜 만든 세폭직 물을 제조하는 산업활동을 말한다.",탄성 세폭직물 직조|섬유제 직조 라벨 제조,"특정형의 레이스제품 편조|자수제의 라벨|배지 제조|원단, 스트립 및 모티브상의 레이스 제조",,탄성 세폭직물 직조|섬유제 직조 라벨,제조|직조,,KSIC 11차 (2024),True
172902,그 외 기타 분류 안된 섬유제품 제조업,제조업 > 섬유제품 제조업; 의복 제외 > 기타 섬유제품 제조업 > 그 외 기타 섬유제품 제조업 > 그 외 기타 분류 안된 섬유제품 제조업,제조업,섬유제품 제조업; 의복 제외,기타 섬유제품 제조업,그 외 기타 섬유제품 제조업,13999,그 외 기타 분류 안된 섬유제품 제조업,"위생수건(타월), 유아용 기저귀, 탐폰 및 유사 위생용 섬유제품을 제 조하거나 직조, 편조 또는 엮어서 기계용, 공업용 또는 장식용 섬유제 품을 제조하는 산업활동을 말한다. 각종 섬유물질로 이불, 베개, 의자, 침대 등에 넣는 충전물, 솜털 및 기타 충전용 재료를 생산하는 산업 활동을 포함한다. 이러한 제품은 금속 또는 기타 물질로 보강된 것인 지 여부를 불문한다.",유아용 냅킨 제조(섬유제)|위생용 섬유 충전제품 제조|베일용 그물 제조|블레이드 제조|제면활동|방울술(리본) 제조|전동용 벨트 제조|여과포 제조|제지용 직물 및 펠트 제조|섬유 분말 제조|빗질 및 정리제품 생산|섬유제 호스 제조|충전솜을 넣어 누빈 섬유제품(원단상) 제조|테이블 린넨 제조(편조물),패딩 또는 조합하여 누비거나 겹붙인 섬유제품 제조|섬유제 마스크 제조|구입한 편조원단을 재단|재봉하여 의복을 제조,,유아용 냅킨 제조(섬유제)|위생용 섬유 충전제품|베일용 그물|블레이드|제면활동|방울술(리본)|전동용 벨트|여과포|제지용 직물 및 펠트|섬유 분말|빗질 및 정리제품|섬유제 호스|충전솜을 넣어 누빈 섬유제품(원단상)|테이블 린넨 제조(편조물),제조|생산|직조,,KSIC 11차 (2024),True
172903,부직포 및 펠트 제조업,제조업 > 섬유제품 제조업; 의복 제외 > 기타 섬유제품 제조업 > 그 외 기타 섬유제품 제조업 > 부직포 및 펠트 제조업,제조업,섬유제품 제조업; 의복 제외,기타 섬유제품 제조업,그 외 기타 섬유제품 제조업,13992,부직포 및 펠트 제조업,직조 또는 편조하지 않고 각종 섬유에 접착 물질을 침투․도포․피 복․적층 또는 기타 방법으로 처리하여 부직포 및 펠트를 생산하는 산업활동을 말한다. 이러한 제품은 종이 등을 보조재로 사용하거나 고무 또는 플라스틱 물질 등의 각종 접착제를 사용할 수 있으나 접착 물질이 주성분이 아니어야 한다.,,접착제로 접합한 세폭직물 제조,,부직포 및 펠트,제조|생산|직조,,KSIC 11차 (2024),True
172904,특수사 및 코드직물 제조업,제조업 > 섬유제품 제조업; 의복 제외 > 기타 섬유제품 제조업 > 그 외 기타 섬유제품 제조업 > 특수사 및 코드직물 제조업,제조업,섬유제품 제조업; 의복 제외,기타 섬유제품 제조업,그 외 기타 섬유제품 제조업,13993,특수사 및 코드직물 제조업,"각종 특수사 및 고무 가연(假撚) 코드(이합연사 두 올을 합연한 것), 고무 또는 플라스틱이 도포․침지․피복된 섬유사 및 스트립, 타이어 코드 직물 등 코드직물 등을 제조하는 산업활동을 말한다.",고무 합연사 제조|금속 드리사(metallised yarn)제조|김프사(gimp) 제조|셔니일사(chenille yarn) 제조|금속 가연사 제조|루프웨일사(loop wale yarn) 제조|타이어코드 직물 제조,,,고무 합연사|금속 드리사(metallised yarn)|김프사(gimp)|셔니일사(chenille yarn)|금속 가연사|루프웨일사(loop wale yarn)|타이어코드 직물,제조,,KSIC 11차 (2024),True
172905,표면처리 및 적층 직물 제조업,제조업 > 섬유제품 제조업; 의복 제외 > 기타 섬유제품 제조업 > 그 외 기타 섬유제품 제조업 > 표면처리 및 적층 직물 제조업,제조업,섬유제품 제조업; 의복 제외,기타 섬유제품 제조업,그 외 기타 섬유제품 제조업,13994,표면처리 및 적층 직물 제조업,"구입한 직물에 검, 전분질, 천연 수지, 플라스틱, 기름, 아교, 셀룰로오 스 유도체, 규산염, 섬유 부스러기, 왁스, 역청 물질, 유리 가루, 운모 등을 도포․삼투 또는 피복하여 표면 처리한 직물을 제조하거나 접합 제, 가열 접착, 바느질 및 기타 방법으로 두 겹 이상의 직물을 접합시 켜 원단 형태의 접합․도포 및 적층 직물을 제조하는 산업활동을 말 한다.","투사포(tracing cloth) 제조|유포(oil cloth) 제조|접착 섬유테이프 제조|경화 가공된 방직용 직물 제조|캔버스(canvas), 버크럼(buckram) 제조|타포린(tarpaulin) 직물 제조|보강용 적층 및 도포 직물 제조",광폭직물 직조활동에 연관된 접착물질의 도포|침투 및 적층 활동|각종 재료를 도포|경표면 마루덮개 제조,,"투사포(tracing cloth)|유포(oil cloth)|접착 섬유테이프|경화 가공된 방직용 직물|캔버스(canvas), 버크럼(buckram)|타포린(tarpaulin) 직물|보강용 적층 및 도포 직물",제조|가공,,KSIC 11차 (2024),True
173001,편조의복 제조업,"제조업 > 의복, 의복 액세서리 및 모피제품 제조업 > 편조의복 제조업",제조업,"의복, 의복 액세서리 및 모피제품 제조업",편조의복 제조업,편조의복 제조업,14300,편조의복 제조업,"각종 섬유로 남녀 및 유아용의 겉옷, 속옷 및 기타 의복을 편조하는 산업활동을 말한다.",저지 편조|스웨터 편조|카디건 편조|풀오버 편조|티셔츠 편조|조끼 편조,,,저지 편조|스웨터 편조|카디건 편조|풀오버 편조|티셔츠 편조|조끼 편조,제조,,KSIC 11차 (2024),True
173002,편조 원단 제조업,제조업 > 섬유제품 제조업; 의복 제외 > 편조 원단 제조업,제조업,섬유제품 제조업; 의복 제외,편조 원단 제조업,편조 원단 제조업,13300,편조 원단 제조업,"각종 섬유를 환편, 경편, 횡편 및 평편 등의 각종 기계적 방법으로 편 조하거나 또는 수작업으로 뜨개질 하여 의복용 및 기타 용도의 광폭 (폭 30cm 이상) 편조 원단을 제조하는 산업활동을 말한다.",메리야스 원단 제조|편조 원단 제조,"원단, 스트립 및 모티브상의 레이스 편조",,메리야스 원단|편조 원단,제조,,KSIC 11차 (2024),True
173004,스타킹 및 기타양말 제조업,"제조업 > 의복, 의복 액세서리 및 모피제품 제조업 > 의복 액세서리 제조업 > 편조 의복 액세서리 제조업 > 스타킹 및 기타양말 제조업",제조업,"의복, 의복 액세서리 및 모피제품 제조업",의복 액세서리 제조업,편조 의복 액세서리 제조업,14411,스타킹 및 기타양말 제조업,각종 섬유로 남녀용 및 유아용의 각종 스타킹 및 기타 양말을 편조하 는 산업활동을 말한다.,팬티호즈 편조|타이츠 편조,,,팬티호즈 편조|타이츠 편조,제조,,KSIC 11차 (2024),True
173006,기타 편조 의복 액세서리 제조업,"제조업 > 의복, 의복 액세서리 및 모피제품 제조업 > 의복 액세서리 제조업 > 편조 의복 액세서리 제조업 > 기타 편조 의복 액세서리 제조업",제조업,"의복, 의복 액세서리 및 모피제품 제조업",의복 액세서리 제조업,편조 의복 액세서리 제조업,14419,기타 편조 의복 액세서리 제조업,"탄성사, 고무사 및 기타 섬유사로 기타 의복 액세서리를 편조하는 산 업활동을 말한다.","장갑 및 모자 편조|숄, 스카프, 머플러 편조|의류 부속품 편조|만틸라 편조|레이스 제품 편조(특정제품)|탄성 편조물 제조|베일 편조|넥타이류 편조","원단, 스트립 및 모티브상의 레이스 제품 제조",장갑 편조,"장갑 및 모자 편조|숄, 스카프, 머플러 편조|의류 부속품 편조|만틸라 편조|레이스 제품 편조(특정제품)|탄성 편조물|베일 편조|넥타이류 편조",제조|정제,,KSIC 11차 (2024),True
173009,기타 편조 의복 액세서리 제조업,"제조업 > 의복, 의복 액세서리 및 모피제품 제조업 > 의복 액세서리 제조업 > 편조 의복 액세서리 제조업 > 기타 편조 의복 액세서리 제조업",제조업,"의복, 의복 액세서리 및 모피제품 제조업",의복 액세서리 제조업,편조 의복 액세서리 제조업,14419,기타 편조 의복 액세서리 제조업,"탄성사, 고무사 및 기타 섬유사로 기타 의복 액세서리를 편조하는 산 업활동을 말한다.","장갑 및 모자 편조|숄, 스카프, 머플러 편조|의류 부속품 편조|만틸라 편조|레이스 제품 편조(특정제품)|탄성 편조물 제조|베일 편조|넥타이류 편조","원단, 스트립 및 모티브상의 레이스 제품 제조",,"장갑 및 모자 편조|숄, 스카프, 머플러 편조|의류 부속품 편조|만틸라 편조|레이스 제품 편조(특정제품)|탄성 편조물|베일 편조|넥타이류 편조",제조|정제,,KSIC 11차 (2024),True
181101,남자용 겉옷 제조업,"제조업 > 의복, 의복 액세서리 및 모피제품 제조업 > 봉제의복 제조업 > 겉옷 제조업 > 남자용 겉옷 제조업",제조업,"의복, 의복 액세서리 및 모피제품 제조업",봉제의복 제조업,겉옷 제조업,14111,남자용 겉옷 제조업,"직물을 재단․재봉하여 일상, 사무 또는 공식행사에서 입는 남자용 정장, 코트, 예복, 재킷(jacket), 파카, 슈트, 바지 등의 겉옷(외의)을 제조하는 산업활동을 말한다.","재킷, 파카, 점퍼, 슈트 제조|신사복 정장 제조|남자용 코트류 제조|연미복, 턱시도 등 예복 제조|남자용 바지 제조|평상복 남자 외의","셔츠, 블라우스 및 체육복 제조|한복 제조",남자용 맞춤 겉옷,"재킷, 파카, 점퍼, 슈트|신사복 정장|남자용 코트류|연미복, 턱시도 등 예복|남자용 바지|평상복 남자 외의",제조,,KSIC 11차 (2024),True
181103,한복 제조업,"제조업 > 의복, 의복 액세서리 및 모피제품 제조업 > 봉제의복 제조업 > 한복 제조업",제조업,"의복, 의복 액세서리 및 모피제품 제조업",봉제의복 제조업,한복 제조업,14130,한복 제조업,남녀 또는 노소를 불문하고 전통적 또는 민속적인 의상과 한복을 제 조하는 산업활동을 말한다.,한복 제조|전통 민속복 제조|개량 한복 제조,,기성 한복,한복|전통 민속복|개량 한복,제조,,KSIC 11차 (2024),True
181105,여자용 겉옷 제조업,"제조업 > 의복, 의복 액세서리 및 모피제품 제조업 > 봉제의복 제조업 > 겉옷 제조업 > 여자용 겉옷 제조업",제조업,"의복, 의복 액세서리 및 모피제품 제조업",봉제의복 제조업,겉옷 제조업,14112,여자용 겉옷 제조업,"직물을 재단․재봉하여 일상, 사무 또는 공식행사에서 입는 여자용 정장, 코트, 예복, 재킷(jacket), 파카, 슈트, 바지 등의 겉옷(외의)을 제조하는 산업활동을 말한다.","원피스, 스커트 제조|여자용 코트류, 바지류 제조|재킷, 파카, 점퍼, 슈트 제조","셔츠, 블라우스 및 체육복 제조|한복 제조",여자용 맞춤 겉옷,"원피스, 스커트|여자용 코트류, 바지류|재킷, 파카, 점퍼, 슈트",제조,,KSIC 11차 (2024),True
181109,셔츠 및 블라우스 제조업,"제조업 > 의복, 의복 액세서리 및 모피제품 제조업 > 봉제의복 제조업 > 기타 봉제의복 제조업 > 셔츠 및 블라우스 제조업",제조업,"의복, 의복 액세서리 및 모피제품 제조업",봉제의복 제조업,기타 봉제의복 제조업,14191,셔츠 및 블라우스 제조업,"남녀용 각종 셔츠(와이셔츠, 티셔츠 등), 블라우스를 제조하는 산업활 동을 말한다. 가죽 및 모피 의복은 제외하나 가죽 또는 모피로 장식 한 것은 포함한다.","블라우스 제조|와이셔츠, 티셔츠 제조",,,"블라우스|와이셔츠, 티셔츠",제조,,KSIC 11차 (2024),True
181110,"근무복, 작업복 및 유사 의복 제조업","제조업 > 의복, 의복 액세서리 및 모피제품 제조업 > 봉제의복 제조업 > 기타 봉제의복 제조업 > 근무복, 작업복 및 유사 의복 제조업",제조업,"의복, 의복 액세서리 및 모피제품 제조업",봉제의복 제조업,기타 봉제의복 제조업,14192,"근무복, 작업복 및 유사 의복 제조업","근무복, 작업복, 체육복, 교복, 제복 등 단체복 및 수영복, 스키복 등 유사 의복류를 제조하는 산업활동을 말한다. 가죽 및 모피 의복은 제 외하나 가죽 또는 모피로 장식한 것은 포함한다. 일반용으로 사용 가 능한 겉옷, 셔츠류 등은 제외한다.","근무복, 작업복, 체육복 제조",,"체육복,수영복 및 경기복","근무복, 작업복, 체육복",제조,,KSIC 11차 (2024),True
181201,가죽의복 제조업,"제조업 > 의복, 의복 액세서리 및 모피제품 제조업 > 봉제의복 제조업 > 기타 봉제의복 제조업 > 가죽의복 제조업",제조업,"의복, 의복 액세서리 및 모피제품 제조업",봉제의복 제조업,기타 봉제의복 제조업,14193,가죽의복 제조업,천연 및 재생 가죽이나 플라스틱제 합성가죽 및 직물제 인조가죽으로 가죽의복을 제조하는 산업활동을 말한다.,가죽의복 제조(천연|인조|재생|합성 가죽제),,,가죽의복 제조(천연|인조|재생|합성 가죽제),제조,,KSIC 11차 (2024),True
181202,모자 제조업,"제조업 > 의복, 의복 액세서리 및 모피제품 제조업 > 의복 액세서리 제조업 > 기타 의복 액세서리 제조업 > 모자 제조업",제조업,"의복, 의복 액세서리 및 모피제품 제조업",의복 액세서리 제조업,기타 의복 액세서리 제조업,14491,모자 제조업,"가죽, 모피, 직물 등을 재단하고 재봉, 접합 및 기타의 방법으로 가공 하여 모자를 제조하는 산업활동을 말한다. 일반용의 가죽 보호모자 제조도 포함한다.",모자 제조|모자 부분품 제조,편조 모자 제조|조물재료를 엮어서 모자를 제조하는 경우|고무모자 제조|플라스틱제 모자 제조|철모 제조|운동 경기용 보호모자 제조,,모자|모자 부분품,제조|가공,,KSIC 11차 (2024),True
181203,속옷 및 잠옷 제조업,"제조업 > 의복, 의복 액세서리 및 모피제품 제조업 > 봉제의복 제조업 > 속옷 및 잠옷 제조업",제조업,"의복, 의복 액세서리 및 모피제품 제조업",봉제의복 제조업,속옷 및 잠옷 제조업,14120,속옷 및 잠옷 제조업,"직물 또는 편조 원단을 재단․재봉하거나 직물과 편조물을 결합하여 남녀용 속옷, 잠옷 및 관련 의복을 제조하는 산업활동을 말한다.",슬립 제조|브래지어 제조|코르셋 제조|거들 제조,,,슬립|브래지어|코르셋|거들,제조,,KSIC 11차 (2024),True
181204,그 외 기타 의복 액세서리 제조업,"제조업 > 의복, 의복 액세서리 및 모피제품 제조업 > 의복 액세서리 제조업 > 기타 의복 액세서리 제조업 > 그 외 기타 의복 액세서리 제조업",제조업,"의복, 의복 액세서리 및 모피제품 제조업",의복 액세서리 제조업,기타 의복 액세서리 제조업,14499,그 외 기타 의복 액세서리 제조업,"가죽, 모피, 직물 등을 재단하고 재봉, 접합 및 기타의 방법으로 남․ 녀용 장갑을 제조하거나 기타 의복 액세서리를 제조하는 산업활동을 말한다.","장갑 제조|손수건 제조|스카프 및 숄 제조|혁대 및 복대 제조|만틸라 제조|넥타이 제조|모피(천연, 인조)제 액세서리 제조",편조장갑 제조|골프 및 권투용 글러브 제조,,"장갑|손수건|스카프 및 숄|혁대 및 복대|만틸라|넥타이|모피(천연, 인조)제 액세서리",제조,,KSIC 11차 (2024),True
181205,남자용 겉옷 제조업,"제조업 > 의복, 의복 액세서리 및 모피제품 제조업 > 봉제의복 제조업 > 겉옷 제조업 > 남자용 겉옷 제조업",제조업,"의복, 의복 액세서리 및 모피제품 제조업",봉제의복 제조업,겉옷 제조업,14111,남자용 겉옷 제조업,"직물을 재단․재봉하여 일상, 사무 또는 공식행사에서 입는 남자용 정장, 코트, 예복, 재킷(jacket), 파카, 슈트, 바지 등의 겉옷(외의)을 제조하는 산업활동을 말한다.","재킷, 파카, 점퍼, 슈트 제조|신사복 정장 제조|남자용 코트류 제조|연미복, 턱시도 등 예복 제조|남자용 바지 제조|평상복 남자 외의","셔츠, 블라우스 및 체육복 제조|한복 제조",남자용 기성 겉옷,"재킷, 파카, 점퍼, 슈트|신사복 정장|남자용 코트류|연미복, 턱시도 등 예복|남자용 바지|평상복 남자 외의",제조,,KSIC 11차 (2024),True
181206,여자용 겉옷 제조업,"제조업 > 의복, 의복 액세서리 및 모피제품 제조업 > 봉제의복 제조업 > 겉옷 제조업 > 여자용 겉옷 제조업",제조업,"의복, 의복 액세서리 및 모피제품 제조업",봉제의복 제조업,겉옷 제조업,14112,여자용 겉옷 제조업,"직물을 재단․재봉하여 일상, 사무 또는 공식행사에서 입는 여자용 정장, 코트, 예복, 재킷(jacket), 파카, 슈트, 바지 등의 겉옷(외의)을 제조하는 산업활동을 말한다.","원피스, 스커트 제조|여자용 코트류, 바지류 제조|재킷, 파카, 점퍼, 슈트 제조","셔츠, 블라우스 및 체육복 제조|한복 제조",여자용 기성 겉옷,"원피스, 스커트|여자용 코트류, 바지류|재킷, 파카, 점퍼, 슈트",제조,,KSIC 11차 (2024),True
181207,"근무복, 작업복 및 유사 의복 제조업","제조업 > 의복, 의복 액세서리 및 모피제품 제조업 > 봉제의복 제조업 > 기타 봉제의복 제조업 > 근무복, 작업복 및 유사 의복 제조업",제조업,"의복, 의복 액세서리 및 모피제품 제조업",봉제의복 제조업,기타 봉제의복 제조업,14192,"근무복, 작업복 및 유사 의복 제조업","근무복, 작업복, 체육복, 교복, 제복 등 단체복 및 수영복, 스키복 등 유사 의복류를 제조하는 산업활동을 말한다. 가죽 및 모피 의복은 제 외하나 가죽 또는 모피로 장식한 것은 포함한다. 일반용으로 사용 가 능한 겉옷, 셔츠류 등은 제외한다.","근무복, 작업복, 체육복 제조",,,"근무복, 작업복, 체육복",제조,,KSIC 11차 (2024),True
181208,유아용 의복 제조업,"제조업 > 의복, 의복 액세서리 및 모피제품 제조업 > 봉제의복 제조업 > 기타 봉제의복 제조업 > 유아용 의복 제조업",제조업,"의복, 의복 액세서리 및 모피제품 제조업",봉제의복 제조업,기타 봉제의복 제조업,14194,유아용 의복 제조업,원단을 재단․재봉하여 유아용 의복 및 의복 액세서리를 제조하는 산 업활동을 말한다.,유아용 의복 제조|유아용 의복 액세서리 제조,,,유아용 의복|유아용 의복 액세서리,제조,,KSIC 11차 (2024),True
181209,한복 제조업,"제조업 > 의복, 의복 액세서리 및 모피제품 제조업 > 봉제의복 제조업 > 한복 제조업",제조업,"의복, 의복 액세서리 및 모피제품 제조업",봉제의복 제조업,한복 제조업,14130,한복 제조업,남녀 또는 노소를 불문하고 전통적 또는 민속적인 의상과 한복을 제 조하는 산업활동을 말한다.,한복 제조|전통 민속복 제조|개량 한복 제조,,개인 맞춤 한복,한복|전통 민속복|개량 한복,제조,,KSIC 11차 (2024),True
181211,그 외 기타 봉제의복 제조업,"제조업 > 의복, 의복 액세서리 및 모피제품 제조업 > 봉제의복 제조업 > 기타 봉제의복 제조업 > 그 외 기타 봉제의복 제조업",제조업,"의복, 의복 액세서리 및 모피제품 제조업",봉제의복 제조업,기타 봉제의복 제조업,14199,그 외 기타 봉제의복 제조업,특수 의복 및 의복 부분품 제조활동을 포함한다.,"잠수복 제조|우의 및 방수복 제조|방사선 예방 보호복 제조|의류 부분품 제조|특수환자용 의복 제조|가운류(종교 의식복, 학사복 등) 제조",,,"잠수복|우의 및 방수복|방사선 예방 보호복|의류 부분품|특수환자용 의복|가운류(종교 의식복, 학사복 등)",제조|봉제,,KSIC 11차 (2024),True
182001,모피제품 제조업,"제조업 > 의복, 의복 액세서리 및 모피제품 제조업 > 모피제품 제조업",제조업,"의복, 의복 액세서리 및 모피제품 제조업",모피제품 제조업,모피제품 제조업,14200,모피제품 제조업,천연모피 및 인조모피로 의복(모자 제외) 및 기타 모피제품을 제조하 는 산업활동을 말한다.,"모피 이불 제조|가정용 모피제품 제조|머리 달린 가공 원피제품 제조|천연 모피조각 조립품 제조(매트, 스트립 등)|모피 덮개 제조|모피 깔개 제조|모피 매트 제조","모피 모자, 장갑 및 부분품 제조|모조 모피 편조원단 제조|모조 모피 직조원단 제조",,"모피 이불|가정용 모피제품|머리 달린 가공 원피제품|천연 모피조각 조립품 제조(매트, 스트립 등)|모피 덮개|모피 깔개|모피 매트",제조|가공|조립,,KSIC 11차 (2024),True
191100,모피 및 가죽 제조업,"제조업 > 가죽, 가방 및 신발 제조업 > 가죽, 가방 및 유사 제품 제조업 > 모피 및 가죽 제조업",제조업,"가죽, 가방 및 신발 제조업","가죽, 가방 및 유사 제품 제조업",모피 및 가죽 제조업,15110,모피 및 가죽 제조업,"각종 짐승, 파충류, 아가미 동물 등의 원피 및 원모피를 다듬질, 표백, 무두질, 끝손질, 돋음 새김질 및 윤내기, 염색처리 등을 하여 각종 천 연가죽, 천연모피 및 펠트를 생산하거나 천연가죽의 조각 및 부스러 기를 처리하여 재생가죽을 생산하는 산업활동을 말한다. 인조 합성가 죽을 생산하는 산업활동도 포함한다. 천연 및 재생가죽을 특수 표면 가공하여 특수 가공가죽을 제조하는 산업활동과 머리 부분이 달린 원 피 처리활동과 가죽 등 각종 재료에 인조모 또는 천연모를 접합시켜 인조모피를 제조하는 산업활동도 포함한다.","가죽 유연 처리|가죽 염색 및 가공 처리|금속처리 가죽 제조|섀무 가죽 제조|양피지(파치먼트, parchment) 가죽 제조|페이턴트(patent leather) 가죽 제조|인조모피 제조|원모피 처리|모피 가공|전신 원피 처리(머리 달린)|원모피 무두질 처리|원모피 표백(염색 처리)",가죽의복 제조,,"가죽 유연 처리|가죽 염색 및 가공 처리|금속처리 가죽|섀무 가죽|양피지(파치먼트, parchment) 가죽|페이턴트(patent leather) 가죽|인조모피|원모피 처리|모피|전신 원피 처리(머리 달린)|원모피 무두질 처리|원모피 표백(염색 처리)",제조|생산|가공,,KSIC 11차 (2024),True
191200,가방 및 기타 보호용 케이스 제조업,"제조업 > 가죽, 가방 및 신발 제조업 > 가죽, 가방 및 유사 제품 제조업 > 핸드백, 가방 및 기타 보호용 케이스 제조업 > 가방 및 기타 보호용 케이스 제조업",제조업,"가죽, 가방 및 신발 제조업","가죽, 가방 및 유사 제품 제조업","핸드백, 가방 및 기타 보호용 케이스 제조업",15129,가방 및 기타 보호용 케이스 제조업,"가방, 각종 기구 및 용품의 보호용 케이스를 제조하는 산업활동을 말 한다. 이러한 제품은 목재 또는 금속 등의 보강재료를 사용할 수도 있다.",트렁크 제조|등산용 배낭류 제조|공구백 제조|안경 케이스 제조|사진기 케이스 제조|악기 케이스 제조,개인 휴대용품용 지갑류 및 유사 케이스 제조,,트렁크|등산용 배낭류|공구백|안경 케이스|사진기 케이스|악기 케이스,제조,,KSIC 11차 (2024),True
191201,기타 가죽제품 제조업,"제조업 > 가죽, 가방 및 신발 제조업 > 가죽, 가방 및 유사 제품 제조업 > 기타 가죽제품 제조업",제조업,"가죽, 가방 및 신발 제조업","가죽, 가방 및 유사 제품 제조업",기타 가죽제품 제조업,15190,기타 가죽제품 제조업,"천연가죽, 재생가죽, 합성가죽, 인조가죽으로 만든 산업용 가죽제품, 마구류 및 기타 가죽제품을 제조하는 산업활동을 말한다.",기계용 가죽제품 제조|가죽 시곗줄 제조|가죽 격막 제조|말채찍 제조|가죽 호스 제조|장선 제조,소독한 수술용 장선 제조|금속제 시곗줄 제조|나무제 마구류 제조,,기계용 가죽제품|가죽 시곗줄|가죽 격막|말채찍|가죽 호스|장선,제조,,KSIC 11차 (2024),True
191202,핸드백 및 지갑 제조업,"제조업 > 가죽, 가방 및 신발 제조업 > 가죽, 가방 및 유사 제품 제조업 > 핸드백, 가방 및 기타 보호용 케이스 제조업 > 핸드백 및 지갑 제조업",제조업,"가죽, 가방 및 신발 제조업","가죽, 가방 및 유사 제품 제조업","핸드백, 가방 및 기타 보호용 케이스 제조업",15121,핸드백 및 지갑 제조업,각종 재료로 여성용 핸드백 및 남녀용 지갑을 제조하는 산업활동을 말한다. 지갑 및 유사 케이스는 통상적으로 호주머니 및 핸드백에 넣 고 다닐 수 있는 개인 휴대용품용 지갑류를 말한다.,핸드백 제조|지갑 제조,,,핸드백|지갑,제조,,KSIC 11차 (2024),True
192001,구두류 제조업,"제조업 > 가죽, 가방 및 신발 제조업 > 신발 및 신발 부분품 제조업 > 신발 제조업 > 구두류 제조업",제조업,"가죽, 가방 및 신발 제조업",신발 및 신발 부분품 제조업,신발 제조업,15211,구두류 제조업,"가죽, 합성가죽, 고무 또는 플라스틱 등으로 만든 신발 밑창에 천연가 죽, 재생가죽, 합성가죽, 인조가죽으로 만든 봉제 가죽 갑피를 재봉 또는 기타 방법으로 결합시켜 가죽 구두를 제조하는 산업활동을 말한 다. 가죽제 캐주얼화, 부츠 등의 제조도 포함한다.",캐주얼화(가죽제) 제조|가죽 구두 제조,경기화 및 특수용 신발 제조,,캐주얼화(가죽제)|가죽 구두,제조|봉제,,KSIC 11차 (2024),True
192004,기타 신발 제조업,"제조업 > 가죽, 가방 및 신발 제조업 > 신발 및 신발 부분품 제조업 > 신발 제조업 > 기타 신발 제조업",제조업,"가죽, 가방 및 신발 제조업",신발 및 신발 부분품 제조업,신발 제조업,15219,기타 신발 제조업,"구두류를 제외한 운동용 신발, 특수용 신발, 경기용 신발 및 방수용 신발, 각종 재료제의 가정용 슬리퍼, 각반 및 발이나 다리의 일부 또 는 전체를 싸도록 만들어진 기타 제품(양말 제외)을 제조하는 산업활 동을 포함한다.",경기용 신발 제조|운동화 제조|나무 및 고무 신발 제조|플라스틱 신발 제조|발레용 신발 제조|각반 제조|짚신 제조|특수 목적용 신발 제조|종이 신발 제조,신발용 부분품(재단품) 제조,,경기용 신발|운동화|나무 및 고무 신발|플라스틱 신발|발레용 신발|각반|짚신|특수 목적용 신발|종이 신발,제조,,KSIC 11차 (2024),True
192005,신발 부분품 제조업,"제조업 > 가죽, 가방 및 신발 제조업 > 신발 및 신발 부분품 제조업 > 신발 부분품 제조업",제조업,"가죽, 가방 및 신발 제조업",신발 및 신발 부분품 제조업,신발 부분품 제조업,15220,신발 부분품 제조업,각종 재료로 신발 제조용 재단제품 및 부속품을 제조하는 산업활동을 말한다. 고무 또는 플라스틱을 성형하여 신발 부분품을 제조하는 경 업 우도 포함한다.,신발 갑피 제조|뒷굽 제조(신발용)|안창 제조(신발용)|바깥바닥 제조(신발용),,,신발 갑피|뒷굽 제조(신발용)|안창 제조(신발용)|바깥바닥 제조(신발용),제조|성형,,KSIC 11차 (2024),True
193001,연사 및 가공사 제조업,제조업 > 섬유제품 제조업; 의복 제외 > 방적 및 가공사 제조업 > 연사 및 가공사 제조업,제조업,섬유제품 제조업; 의복 제외,방적 및 가공사 제조업,방적 및 가공사 제조업,13104 | 13219 | 13222 | 13300 | 13409 | 13999,연사 및 가공사 제조업 | 특수직물 및 기타 직물 직조업 | 자수제품 및 자수용 재료 제조업 | 편조 원단 제조업 | 섬유제품 기타 정리 및 마무리 가공업 | 그 외 기타 분류 안된 섬유제품 제조업,,,,임가공(실감기) | 임가공(기타 직물 직조) | 임가공(직물 자수) | 임가공(섬유 편조 뜨개질) | 임가공(의복 액세서리 정리 및 마무리) | 임가공(그 외 기타 섬유제품),연사 및 가공사,제조|가공,,KSIC 11차 (2024),False
193009,솜 및 실 염색 가공업,"제조업 > 섬유제품 제조업; 의복 제외 > 섬유제품 염색, 정리 및 마무리 가공업 > 솜 및 실 염색 가공업",제조업,섬유제품 제조업; 의복 제외,"섬유제품 염색, 정리 및 마무리 가공업","섬유제품 염색, 정리 및 마무리 가공업",13401 | 13402 | 13403,"솜 및 실 염색 가공업 | 직물, 편조 원단 및 의복류 염색 가공업 | 날염 가공업",,,,"임가공(솜, 실 염색) | 임가공(직물, 편물 원단 염색) | 임가공(날염)",솜 및 실 염색,가공,,KSIC 11차 (2024),False
201001,일반 제재업,제조업 > 목재 및 나무제품 제조업; 가구 제외 > 제재 및 목재 가공업 > 일반 제재업,제조업,목재 및 나무제품 제조업; 가구 제외,제재 및 목재 가공업,제재 및 목재 가공업,16101,일반 제재업,"원목을 제재하거나 또는 제재목을 다시 제재하여 판재, 각재, 소할(小 割, resawn)재 등 거친 상태의 각종 일반용 목재 제재품을 생산하는 산업활동을 말한다.",각재 생산|일반 제재목 생산,,,각재|일반 제재목,생산,,KSIC 11차 (2024),True
201002,"목재 보존, 방부처리, 도장 및 유사 처리업","제조업 > 목재 및 나무제품 제조업; 가구 제외 > 제재 및 목재 가공업 > 목재 보존, 방부처리, 도장 및 유사 처리업",제조업,목재 및 나무제품 제조업; 가구 제외,제재 및 목재 가공업,제재 및 목재 가공업,16103,"목재 보존, 방부처리, 도장 및 유사 처리업","자영 또는 임가공 방식으로 목재에 방부제 또는 기타 물질을 도포․ 피복․적층․침적하거나 화학처리하여 화장목재, 방부처리 또는 보존 약품처리 목재를 생산하는 산업활동을 말한다.",도장(착색) 목재 생산|화장 목재 제조|약품처리 목재 생산|표면처리 목재 생산,강화 및 재생목재 제조,,도장(착색) 목재|화장 목재|약품처리 목재|표면처리 목재,제조|생산|가공,,KSIC 11차 (2024),True
201009,표면 가공목재 및 특정 목적용 제재목 제조업,제조업 > 목재 및 나무제품 제조업; 가구 제외 > 제재 및 목재 가공업 > 표면 가공목재 및 특정 목적용 제재목 제조업,제조업,목재 및 나무제품 제조업; 가구 제외,제재 및 목재 가공업,제재 및 목재 가공업,16102,표면 가공목재 및 특정 목적용 제재목 제조업,"각종 원목 또는 제재목을 대패질, 표면 세공, 무늬 새김, 모서리 가공 및 기타 표면 가공하여 표면 가공목재를 생산하는 산업활동과 특정 목적에 적합하도록 원목 또는 제재목을 절단, 분쇄 및 기타 가공하는 산업활동을 말한다.","표면 새김 가공목재 생산|견본 목공물 제조|인발재 제조|목모, 목분 및 목재칩 제조|침목 생산(방부처리 안된)|나무 조각판 제조(마루판 조립용)",일반제재목 생산|목재 표면 도포처리 및 방부처리 제품 제조,,"표면 새김 가공목재|견본 목공물|인발재|목모, 목분 및 목재칩|침목 생산(방부처리 안된)|나무 조각판 제조(마루판 조립용)",제조|생산|가공|조립,,KSIC 11차 (2024),True
202101,강화 및 재생 목재 제조업,"제조업 > 목재 및 나무제품 제조업; 가구 제외 > 나무제품 제조업 > 박판, 합판 및 강화 목제품 제조업 > 강화 및 재생 목재 제조업",제조업,목재 및 나무제품 제조업; 가구 제외,나무제품 제조업,"박판, 합판 및 강화 목제품 제조업",16212,강화 및 재생 목재 제조업,"목재를 화학적 또는 물리적으로 처리하여 목재의 밀도, 경도 및 기계 적 강도나 화학적․전기적 저항성이 높은 강화목재를 생산하는 산업 활동을 말한다. 나뭇조각, 부스러기, 톱밥, 쌀겨 등 목질 물질을 응집 시켜 판, 블록 및 기타 형태의 재생 목재를 생산하는 경우도 포함한다.",고밀도화 목재 제조|파이버보드 제조|파티클보드 제조|칩보드 제조,단판이 부착된 재생 목재판 제조,,고밀도화 목재|파이버보드|파티클보드|칩보드,제조|생산,,KSIC 11차 (2024),True
202102,"박판, 합판 및 유사 적층판 제조업","제조업 > 목재 및 나무제품 제조업; 가구 제외 > 나무제품 제조업 > 박판, 합판 및 강화 목제품 제조업 > 박판, 합판 및 유사 적층판 제조업",제조업,목재 및 나무제품 제조업; 가구 제외,나무제품 제조업,"박판, 합판 및 강화 목제품 제조업",16211,"박판, 합판 및 유사 적층판 제조업","각종 용도의 박판을 제조하거나, 박판 또는 합판에 나무 블록, 작은 널판 등을 접착하여 합판 및 기타 유사 적층판을 제조하는 산업활동 을 말한다. 이러한 제품은 연관적으로 착색․도포 및 침적되거나 종 이 또는 직물 등을 접착하여 보강될 수 있다.",합판용 단판 제조|블록 보드 제조|배튼 보드 제조|베니어 패널 제조,"제재한 판재, 각재 제조|건축용 셀룰라우드 패널 및 유사 적층목재 제조",,합판용 단판|블록 보드|배튼 보드|베니어 패널,제조,,KSIC 11차 (2024),True
202200,기타 건축용 나무제품 제조업,제조업 > 목재 및 나무제품 제조업; 가구 제외 > 나무제품 제조업 > 건축용 나무제품 제조업 > 기타 건축용 나무제품 제조업,제조업,목재 및 나무제품 제조업; 가구 제외,나무제품 제조업,건축용 나무제품 제조업,16229,기타 건축용 나무제품 제조업,목재 문을 제외한 각종 건축용 목제품 또는 목공품을 생산하는 산업 활동을 말한다. 목재를 주재료로 하는 조립식 건물 및 이들의 부분품 을 제조하거나 셀룰라우드 패널 및 유사 목재 패널을 제조하는 산업 활동도 포함한다.,셀룰라우드 패널 제조|적층 목제품 제조(구조용)|파케이 패널 제조|지붕용 패널 제조,,,셀룰라우드 패널|적층 목제품 제조(구조용)|파케이 패널|지붕용 패널,제조|생산|조립,,KSIC 11차 (2024),True
202201,"목재 포장용 상자, 드럼 및 유사 용기 제조업","제조업 > 목재 및 나무제품 제조업; 가구 제외 > 나무제품 제조업 > 목재 상자, 드럼 및 적재판 제조업 > 목재 포장용 상자, 드럼 및 유사 용기 제조업",제조업,목재 및 나무제품 제조업; 가구 제외,나무제품 제조업,"목재 상자, 드럼 및 적재판 제조업",16232,"목재 포장용 상자, 드럼 및 유사 용기 제조업","제재목, 합판, 단판 및 박판 등을 사용하여 화물이나 상품의 운반 및 포장용 절목 상자, 통, 상자, 권선용 드럼, 동물 수송용 우리 등을 제 조하는 산업활동을 말한다. 이들은 금속, 종이 등으로 보강될 수 있으 며 돌쩌귀, 손잡이, 파스너, 다리 등이 부착될 수도 있다.",목재 배럴(barrel) 제조|목재 케이블 드럼(cable drum) 제조|목재 케이스 제조|목재 텁(tub) 및 유사 용기 제조|목재 통 제조|목재 상자 제조,목재 보석상자 제조,,목재 배럴(barrel)|목재 케이블 드럼(cable drum)|목재 케이스|목재 텁(tub) 및 유사 용기|목재 통|목재 상자,제조,,KSIC 11차 (2024),True
202202,목재 문 및 관련제품 제조업,제조업 > 목재 및 나무제품 제조업; 가구 제외 > 나무제품 제조업 > 건축용 나무제품 제조업 > 목재 문 및 관련제품 제조업,제조업,목재 및 나무제품 제조업; 가구 제외,나무제품 제조업,건축용 나무제품 제조업,16221,목재 문 및 관련제품 제조업,건물 및 구축물에 설치되는 각종 목재 문 및 관련제품을 제조하는 산 업활동을 말한다.,목재 창문 제조|목재 문지방 제조|목재 문틀 제조,,,목재 창문|목재 문지방|목재 문틀,제조|설치|구축,,KSIC 11차 (2024),True
202203,목재 깔판류 및 기타 적재판 제조업,"제조업 > 목재 및 나무제품 제조업; 가구 제외 > 나무제품 제조업 > 목재 상자, 드럼 및 적재판 제조업 > 목재 깔판류 및 기타 적재판 제조업",제조업,목재 및 나무제품 제조업; 가구 제외,나무제품 제조업,"목재 상자, 드럼 및 적재판 제조업",16231,목재 깔판류 및 기타 적재판 제조업,"각종 화물의 선적 및 하역, 운반, 보관 등에 사용되는 이동식 목재 깔 판류 및 기타 적재용 판 등의 제조활동을 말한다. 이들 제품은 단층 또는 복층으로 만들어 질 수 있으며, 지지용 다리가 부착되거나 분리 또는 접을 수 있도록 설계된 것도 있다.",적재용 목재판 제조|화물용 목재 보드 제조|화물용 목재 파렛트 제조|운반용 목재 파렛트 제조,,,적재용 목재판|화물용 목재 보드|화물용 목재 파렛트|운반용 목재 파렛트,제조|보관|하역|설계,,KSIC 11차 (2024),True
202901,목재 도구 및 주방용 나무제품 제조업,제조업 > 목재 및 나무제품 제조업; 가구 제외 > 나무제품 제조업 > 기타 나무제품 제조업 > 목재 도구 및 주방용 나무제품 제조업,제조업,목재 및 나무제품 제조업; 가구 제외,나무제품 제조업,기타 나무제품 제조업,16291,목재 도구 및 주방용 나무제품 제조업,"각종 목재 도구 및 기구, 도구용 몸체 및 손잡이 또는 대 등의 각종 도구용 목재 부분품과 주방용 또는 식탁용 기구 및 위생용 목제품을 제조하는 산업활동을 말한다.",목재 공구 제조|공구용 몸체 제조|공구 손잡이 제조|브러시 몸체 제조|밥주걱 제조|나무젓가락 제조|이쑤시개 제조|나무그릇 제조|절구통 및 절굿공이 제조|솥뚜껑 제조,,,목재 공구|공구용 몸체|공구 손잡이|브러시 몸체|밥주걱|나무젓가락|이쑤시개|나무그릇|절구통 및 절굿공이|솥뚜껑,제조,,KSIC 11차 (2024),True
202902,장식용 목제품 제조업,제조업 > 목재 및 나무제품 제조업; 가구 제외 > 나무제품 제조업 > 기타 나무제품 제조업 > 장식용 목제품 제조업,제조업,목재 및 나무제품 제조업; 가구 제외,나무제품 제조업,기타 나무제품 제조업,16292,장식용 목제품 제조업,"장식용 목제 조각품, 장식용 상자, 그림 틀 등의 목재 장식용품을 제 조하는 산업활동을 말한다.",상감 세공 목재 패널 제조|보석상자 제조|장식용 목재 칼집(은장도 등) 제조|목재 거울 틀 제조|목재 조각상 및 장식품 제조,목재 모조 신변 장신품 제조,장식용 칠기,상감 세공 목재 패널|보석상자|장식용 목재 칼집(은장도 등)|목재 거울 틀|목재 조각상 및 장식품,제조,,KSIC 11차 (2024),True
202903,코르크 및 조물 제품 제조업,제조업 > 목재 및 나무제품 제조업; 가구 제외 > 코르크 및 조물 제품 제조업,제조업,목재 및 나무제품 제조업; 가구 제외,코르크 및 조물 제품 제조업,코르크 및 조물 제품 제조업,16300,코르크 및 조물 제품 제조업,"천연 코르크를 분쇄, 성형 또는 기타 가공하여 분말, 블록, 판, 띠 등 의 코르크 제품을 제조하거나 코르크 가루를 응집하여 응집 코르크 및 그 제품을 제조하는 산업활동과 플라스틱 끈을 포함한 각종 조물 재료를 조합․직조 및 기타 방법으로 가공하여 끈 및 스트립(가늘고 긴 조각)상, 판상 제품, 모자 및 핸드백, 쇼핑백, 용기 및 기타 조물제 품을 제조하는 산업활동을 말한다. 조물재료를 특정 용도에 적합하도 록 절단하거나 쪼개는 경우도 포함한다.",천연 코르크 분말 제조|천연 코르크 제품 제조|밀짚모자 제조|새끼줄 제조|고공품 제조|매트 제조(조물제)|등 세공품 제조|가마니 제조|수세미 제품 제조,염주 및 관련제품 제조,죽세공품,천연 코르크 분말|천연 코르크 제품|밀짚모자|새끼줄|고공품|매트 제조(조물제)|등 세공품|가마니|수세미 제품,제조|가공|직조|성형,,KSIC 11차 (2024),True
202904,장식용 목제품 제조업,제조업 > 목재 및 나무제품 제조업; 가구 제외 > 나무제품 제조업 > 기타 나무제품 제조업 > 장식용 목제품 제조업,제조업,목재 및 나무제품 제조업; 가구 제외,나무제품 제조업,기타 나무제품 제조업,16292,장식용 목제품 제조업,"장식용 목제 조각품, 장식용 상자, 그림 틀 등의 목재 장식용품을 제 조하는 산업활동을 말한다.",상감 세공 목재 패널 제조|보석상자 제조|장식용 목재 칼집(은장도 등) 제조|목재 거울 틀 제조|목재 조각상 및 장식품 제조,목재 모조 신변 장신품 제조,,상감 세공 목재 패널|보석상자|장식용 목재 칼집(은장도 등)|목재 거울 틀|목재 조각상 및 장식품,제조,,KSIC 11차 (2024),True
202905,그 외 기타 나무제품 제조업,제조업 > 목재 및 나무제품 제조업; 가구 제외 > 나무제품 제조업 > 기타 나무제품 제조업 > 그 외 기타 나무제품 제조업,제조업,목재 및 나무제품 제조업; 가구 제외,나무제품 제조업,기타 나무제품 제조업,16299,그 외 기타 나무제품 제조업,"기타 목재용기, 창가리개, 옷걸이(입식 제외), 새집 등 달리 분류되지 않은 나무제품을 제조하는 산업활동을 말한다.","기구용 목재 케이스 제조|목재 새장 및 동물 우리 제조|나무 못 제조|목재 콥(cop), 릴(reel) 및 유사 제품 제조|부채 및 핸드 스크린(hand screen) 제조|땔감 및 연료용 압축 펠릿(목재, 커피|대두 부산물 등 이용) 제조|염주 및 관련제품 제조",목재 모조 신변 장신품 제조|동물 수송용 우리 제조,,"기구용 목재 케이스|목재 새장 및 동물 우리|나무 못|목재 콥(cop), 릴(reel) 및 유사 제품|부채 및 핸드 스크린(hand screen)|땔감 및 연료용 압축 펠릿(목재, 커피|대두 부산물 등 이용)|염주 및 관련제품",제조|이용,,KSIC 11차 (2024),True
202906,코르크 및 조물 제품 제조업,제조업 > 목재 및 나무제품 제조업; 가구 제외 > 코르크 및 조물 제품 제조업,제조업,목재 및 나무제품 제조업; 가구 제외,코르크 및 조물 제품 제조업,코르크 및 조물 제품 제조업,16300,코르크 및 조물 제품 제조업,"천연 코르크를 분쇄, 성형 또는 기타 가공하여 분말, 블록, 판, 띠 등 의 코르크 제품을 제조하거나 코르크 가루를 응집하여 응집 코르크 및 그 제품을 제조하는 산업활동과 플라스틱 끈을 포함한 각종 조물 재료를 조합․직조 및 기타 방법으로 가공하여 끈 및 스트립(가늘고 긴 조각)상, 판상 제품, 모자 및 핸드백, 쇼핑백, 용기 및 기타 조물제 품을 제조하는 산업활동을 말한다. 조물재료를 특정 용도에 적합하도 록 절단하거나 쪼개는 경우도 포함한다.",천연 코르크 분말 제조|천연 코르크 제품 제조|밀짚모자 제조|새끼줄 제조|고공품 제조|매트 제조(조물제)|등 세공품 제조|가마니 제조|수세미 제품 제조,염주 및 관련제품 제조,,천연 코르크 분말|천연 코르크 제품|밀짚모자|새끼줄|고공품|매트 제조(조물제)|등 세공품|가마니|수세미 제품,제조|가공|직조|성형,,KSIC 11차 (2024),True
202907,코르크 및 조물 제품 제조업,제조업 > 목재 및 나무제품 제조업; 가구 제외 > 코르크 및 조물 제품 제조업,제조업,목재 및 나무제품 제조업; 가구 제외,코르크 및 조물 제품 제조업,코르크 및 조물 제품 제조업,16300,코르크 및 조물 제품 제조업,"천연 코르크를 분쇄, 성형 또는 기타 가공하여 분말, 블록, 판, 띠 등 의 코르크 제품을 제조하거나 코르크 가루를 응집하여 응집 코르크 및 그 제품을 제조하는 산업활동과 플라스틱 끈을 포함한 각종 조물 재료를 조합․직조 및 기타 방법으로 가공하여 끈 및 스트립(가늘고 긴 조각)상, 판상 제품, 모자 및 핸드백, 쇼핑백, 용기 및 기타 조물제 품을 제조하는 산업활동을 말한다. 조물재료를 특정 용도에 적합하도 록 절단하거나 쪼개는 경우도 포함한다.",천연 코르크 분말 제조|천연 코르크 제품 제조|밀짚모자 제조|새끼줄 제조|고공품 제조|매트 제조(조물제)|등 세공품 제조|가마니 제조|수세미 제품 제조,염주 및 관련제품 제조,"자리, 고공품",천연 코르크 분말|천연 코르크 제품|밀짚모자|새끼줄|고공품|매트 제조(조물제)|등 세공품|가마니|수세미 제품,제조|가공|직조|성형,,KSIC 11차 (2024),True
210101,신문용지 제조업,"제조업 > 펄프, 종이 및 종이제품 제조업 > 펄프, 종이 및 판지 제조업 > 신문용지 제조업",제조업,"펄프, 종이 및 종이제품 제조업","펄프, 종이 및 판지 제조업","펄프, 종이 및 판지 제조업",17102,신문용지 제조업,신문 인쇄에 사용되는 신문용지를 제조하는 산업활동을 말한다.,,,,신문용지,제조|인쇄,,KSIC 11차 (2024),True
210102,"적층, 합성 및 특수 표면처리 종이 제조업","제조업 > 펄프, 종이 및 종이제품 제조업 > 기타 종이 및 판지 제품 제조업 > 적층, 합성 및 특수 표면처리 종이 제조업",제조업,"펄프, 종이 및 종이제품 제조업",기타 종이 및 판지 제품 제조업,기타 종이 및 판지 제품 제조업,17904,"적층, 합성 및 특수 표면처리 종이 제조업","구입한 원단 상태의 종이 및 판지에 보강재인 종이, 섬유 물질, 금속 망 및 금속 박지 등을 접합하여 적층지 및 합성지를 제조하거나 플라 스틱 물질, 물감, 기름 등을 삼투․도포․표면 착색, 표면 장식, 물결 무늬(파형)․주름 가공(축유)․천공 또는 단순 인쇄하여 원단상의 표 면가공 종이 및 판지를 제조하는 산업활동을 말한다.",도포지 및 판지 제조|금박 합성지 및 판지 제조|접착지와 판지 제조|전기 절연 가공지 제조|콘덴서용 가공지 제조|셀프 접착지(self-adhesive) 제조|역청 물질을 도포한 종이 및 판지 제조,골판지 제조|가공지 원지를 특정 용도에 맞도록 절단|가공한 종이 및 판지제품 제조|벽지 및 장판지 제조|사진 감광지 제조,,도포지 및 판지|금박 합성지 및 판지|접착지와 판지|전기 절연 가공지|콘덴서용 가공지|셀프 접착지(self-adhesive)|역청 물질을 도포한 종이 및 판지,제조|가공|인쇄,,KSIC 11차 (2024),True
210104,기타 종이 및 판지 제조업,"제조업 > 펄프, 종이 및 종이제품 제조업 > 펄프, 종이 및 판지 제조업 > 기타 종이 및 판지 제조업",제조업,"펄프, 종이 및 종이제품 제조업","펄프, 종이 및 판지 제조업","펄프, 종이 및 판지 제조업",17109,기타 종이 및 판지 제조업,"각종 용도의 원지 및 판지와 순수한 화학 목재 펄프 또는 면섬유로 만든 종이, 창호지, 장판용 원지, 서예지 등의 한지, 특수 수제지 및 판지 등을 제조하는 산업활동을 포함한다.",여과지와 판지 제조|지형 원지 제조|투사지(트레이싱지) 제조|펠트지와 판지 제조|글라신지 원지 제조|투명 광택지 제조|전기절연지 제조|포장용 원지 제조|황산지 제조|콘덴서지 제조,적층 합성 및 특수표면 처리 종이 제조,,여과지와 판지|지형 원지|투사지(트레이싱지)|펠트지와 판지|글라신지 원지|투명 광택지|전기절연지|포장용 원지|황산지|콘덴서지,제조,,KSIC 11차 (2024),True
210106,펄프 제조업,"제조업 > 펄프, 종이 및 종이제품 제조업 > 펄프, 종이 및 판지 제조업 > 펄프 제조업",제조업,"펄프, 종이 및 종이제품 제조업","펄프, 종이 및 판지 제조업","펄프, 종이 및 판지 제조업",17101,펄프 제조업,"각종 식물성 물질, 섬유, 넝마, 폐지, 고지 등으로 각종 형태의 펄프와 기타 섬유질의 셀룰로오스(섬유소) 물질을 제조하는 산업활동을 말한 다. 이러한 것들은 표백 여부를 불문한다.",화학 목재펄프 제조|기계 목재펄프 제조|섬유질 셀룰로오스펄프 제조|고지 재생펄프 제조,,,화학 목재펄프|기계 목재펄프|섬유질 셀룰로오스펄프|고지 재생펄프,제조,,KSIC 11차 (2024),True
210107,인쇄용 및 필기용 원지 제조업,"제조업 > 펄프, 종이 및 종이제품 제조업 > 펄프, 종이 및 판지 제조업 > 인쇄용 및 필기용 원지 제조업",제조업,"펄프, 종이 및 종이제품 제조업","펄프, 종이 및 판지 제조업","펄프, 종이 및 판지 제조업",17103,인쇄용 및 필기용 원지 제조업,"신문용지 이외의 인쇄, 필기, 도화 등에 적합한 종이 및 판지를 제조 하는 산업활동을 말한다.",벽지용 원지 제조|천공카드지 제조|인쇄용 원지 제조|필기용 원지 제조|일반 수제지 및 판지 원지 제조|백상지ㆍ중질지ㆍ아트지 원지 제조|인쇄용 박엽지 원지 제조,신문용 원지 제조|특수 수제지 및 한지 제조,,벽지용 원지|천공카드지|인쇄용 원지|필기용 원지|일반 수제지 및 판지 원지|백상지ㆍ중질지ㆍ아트지 원지|인쇄용 박엽지 원지,제조|인쇄,,KSIC 11차 (2024),True
210108,위생용 원지 제조업,"제조업 > 펄프, 종이 및 종이제품 제조업 > 펄프, 종이 및 판지 제조업 > 위생용 원지 제조업",제조업,"펄프, 종이 및 종이제품 제조업","펄프, 종이 및 판지 제조업","펄프, 종이 및 판지 제조업",17106,위생용 원지 제조업,"화장지 또는 안면용 티슈, 타월 또는 냅킨용 원지 및 기타 유사한 위 생용 원지, 셀룰로오스 섬유의 웨브 또는 워딩용 원지를 말한다. 위생 용 원지는 주름 가공, 압형, 천공, 착색, 표면 장식 또는 인쇄한 것인 지 여부를 불문하고 포함한다.","화장지 원지 제조|셀룰로오스 섬유 웨브(web), 충전제(wadding)용 원지 제조|타월|냅킨용 원지 제조|화장지용 박엽지 원지 제조",,,화장지 원지|타월|냅킨용 원지|화장지용 박엽지 원지,제조|가공|인쇄,,KSIC 11차 (2024),True
210111,골판지 원지 제조업,"제조업 > 펄프, 종이 및 종이제품 제조업 > 펄프, 종이 및 판지 제조업 > 골판지 원지 제조업",제조업,"펄프, 종이 및 종이제품 제조업","펄프, 종이 및 판지 제조업","펄프, 종이 및 판지 제조업",17104 | 17105,골판지 원지 제조업 | 크라프트지 및 기타 상자용 판지 제조업,골판지 원지 제조하는 산업활동을 말한다. / 황산 펄프(표백 여부 불문) 등으로 크라프트지 포장용지 및 기타 상 자 제조용 또는 기계장비 부속품 제조용 판지를 제조하는 산업활동을 말한다.,쥬트 라이너 제조|골판지 원지 제조|일반 골심지 제조|반화학 골심지 제조|백판지(마닐라 판지) 제조|아이보리 판지 제조업|다겹층지 제조|포장용 판지 제조,원단을 구입하여 도포한 크라프트지와 판지,,쥬트 라이너|골판지 원지|일반 골심지|반화학 골심지|백판지(마닐라 판지)|아이보리 판지|다겹층지|포장용 판지,제조,,KSIC 11차 (2024),True
210112,기타 종이 및 판지 제조업,"제조업 > 펄프, 종이 및 종이제품 제조업 > 펄프, 종이 및 판지 제조업 > 기타 종이 및 판지 제조업",제조업,"펄프, 종이 및 종이제품 제조업","펄프, 종이 및 판지 제조업","펄프, 종이 및 판지 제조업",17109,기타 종이 및 판지 제조업,"각종 용도의 원지 및 판지와 순수한 화학 목재 펄프 또는 면섬유로 만든 종이, 창호지, 장판용 원지, 서예지 등의 한지, 특수 수제지 및 판지 등을 제조하는 산업활동을 포함한다.",여과지와 판지 제조|지형 원지 제조|투사지(트레이싱지) 제조|펠트지와 판지 제조|글라신지 원지 제조|투명 광택지 제조|전기절연지 제조|포장용 원지 제조|황산지 제조|콘덴서지 제조,적층 합성 및 특수표면 처리 종이 제조,한지,여과지와 판지|지형 원지|투사지(트레이싱지)|펠트지와 판지|글라신지 원지|투명 광택지|전기절연지|포장용 원지|황산지|콘덴서지,제조,,KSIC 11차 (2024),True
210200,골판지 제조업,"제조업 > 펄프, 종이 및 종이제품 제조업 > 골판지, 종이 상자 및 종이 용기 제조업 > 골판지 및 골판지 가공제품 제조업 > 골판지 제조업",제조업,"펄프, 종이 및 종이제품 제조업","골판지, 종이 상자 및 종이 용기 제조업",골판지 및 골판지 가공제품 제조업,17211,골판지 제조업,골판지 제조용 원지를 가공하여 골판지 원단 및 골판지를 제조하거나 연속공정으로 골판지 상자 및 칸막이 등 관련 제품을 제조하는 산업 활동을 말한다.,골판지 제조,,,골판지,제조|가공,,KSIC 11차 (2024),True
210201,판지 상자 및 용기 제조업,"제조업 > 펄프, 종이 및 종이제품 제조업 > 골판지, 종이 상자 및 종이 용기 제조업 > 종이 포대, 판지 상자 및 종이 용기 제조업 > 판지 상자 및 용기 제조업",제조업,"펄프, 종이 및 종이제품 제조업","골판지, 종이 상자 및 종이 용기 제조업","종이 포대, 판지 상자 및 종이 용기 제조업",17222,판지 상자 및 용기 제조업,"판지(골판지 제외)로 상품의 포장 또는 운반용기, 상품의 진열․저장 및 판매용 상자, 포장용 삽입물 및 칸막이 등의 포장용 판지 상자 및 관련제품을 제조하는 산업활동을 말한다. 사업장에서 사용되는 캔, 드 럼, 캐비닛 및 유사 용기 등의 각종 판지제품을 제조하는 활동도 포 함한다. 이러한 제품은 포장용기에 비해 정교하고 견고한 내구적인 형태로 만들어지며 금속, 목재, 플라스틱 또는 섬유 물질로 보강되거 나 손잡이 및 개폐장치 등을 부착할 수 있다.",포장용 삽입물 제조|상자용 칸막이 제조|서류 상자 제조|보관함 제조|서류 캐비닛 제조|서류 받침 제조,골판지 및 골판지상자 제조,,포장용 삽입물|상자용 칸막이|서류 상자|보관함|서류 캐비닛|서류 받침,제조|판매|보관,,KSIC 11차 (2024),True
210202,골판지 상자 및 가공제품 제조업,"제조업 > 펄프, 종이 및 종이제품 제조업 > 골판지, 종이 상자 및 종이 용기 제조업 > 골판지 및 골판지 가공제품 제조업 > 골판지 상자 및 가공제품 제조업",제조업,"펄프, 종이 및 종이제품 제조업","골판지, 종이 상자 및 종이 용기 제조업",골판지 및 골판지 가공제품 제조업,17212,골판지 상자 및 가공제품 제조업,구입한 골판지 원단 및 골판지를 가공하여 골판지 상자 및 관련 제품 을 제조하는 산업활동을 말한다.,골판지 상자 제조|골판지 칸막이 제조,,,골판지 상자|골판지 칸막이,제조|가공,,KSIC 11차 (2024),True
210203,종이 포대 및 가방 제조업,"제조업 > 펄프, 종이 및 종이제품 제조업 > 골판지, 종이 상자 및 종이 용기 제조업 > 종이 포대, 판지 상자 및 종이 용기 제조업 > 종이 포대 및 가방 제조업",제조업,"펄프, 종이 및 종이제품 제조업","골판지, 종이 상자 및 종이 용기 제조업","종이 포대, 판지 상자 및 종이 용기 제조업",17221,종이 포대 및 가방 제조업,종이 또는 판지를 단 겹 또는 여러 겹으로 결합시켜 각종 상품 및 제 품을 포장하는데 사용되는 종이 포대 및 봉지 또는 휴대용 종이가방 (쇼핑백 등)을 제조하는 산업활동을 말한다.,종이 쇼핑백 제조|종이 봉지 제조(포장용)|종이 식품백 제조|종이 의복백 제조,사무용 종이봉투 제조,,종이 쇼핑백|종이 봉지 제조(포장용)|종이 식품백|종이 의복백,제조,,KSIC 11차 (2024),True
210204,식품 위생용 종이 상자 및 용기 제조업,"제조업 > 펄프, 종이 및 종이제품 제조업 > 골판지, 종이 상자 및 종이 용기 제조업 > 종이 포대, 판지 상자 및 종이 용기 제조업 > 식품 위생용 종이 상자 및 용기 제조업",제조업,"펄프, 종이 및 종이제품 제조업","골판지, 종이 상자 및 종이 용기 제조업","종이 포대, 판지 상자 및 종이 용기 제조업",17223,식품 위생용 종이 상자 및 용기 제조업,"식품용으로 위생 처리한 종이 및 판지를 가공하여 액상, 분상 및 고 형상의 식품을 담을 수 있는 관, 병, 원추통, 상자 등의 식품용 종이 상자 및 용기를 제조하는 산업활동을 말한다.",액체 포장용기 제조|식품 포장용 종이용기 제조|식품 포장용 상자 제조|버터 포장용 파라핀 상자 제조,"종이컵, 종이접시 제조",,액체 포장용기|식품 포장용 종이용기|식품 포장용 상자|버터 포장용 파라핀 상자,제조|가공|이용,,KSIC 11차 (2024),True
210205,기타 종이 상자 및 용기 제조업,"제조업 > 펄프, 종이 및 종이제품 제조업 > 골판지, 종이 상자 및 종이 용기 제조업 > 종이 포대, 판지 상자 및 종이 용기 제조업 > 기타 종이 상자 및 용기 제조업",제조업,"펄프, 종이 및 종이제품 제조업","골판지, 종이 상자 및 종이 용기 제조업","종이 포대, 판지 상자 및 종이 용기 제조업",17229,기타 종이 상자 및 용기 제조업,판지 및 골판지 이외의 종이로 포장용 종이 상자 및 용기를 제조하거 나 포장용 삽입물 및 칸막이 등 관련 제품을 제조하는 산업활동을 말 한다.,종이 상자 제조|종이 용기 제조,골판지 상자 및 용기 제조|판지제 상자 및 용기 제조,,종이 상자|종이 용기,제조,,KSIC 11차 (2024),True
210206,그 외 기타 종이 및 판지 제품 제조업,"제조업 > 펄프, 종이 및 종이제품 제조업 > 기타 종이 및 판지 제품 제조업 > 그 외 기타 종이 및 판지 제품 제조업",제조업,"펄프, 종이 및 종이제품 제조업",기타 종이 및 판지 제품 제조업,기타 종이 및 판지 제품 제조업,17909,그 외 기타 종이 및 판지 제품 제조업,"종이 및 판지를 일정한 크기로 압단 또는 재단하여 담배용, 사진 부 착용, 기계용 또는 기타 용도의 종이 및 판지제품 또는 펄프 성형제 품을 제조하는 산업활동을 포함하며, 관련 단순 인쇄활동이 결합될 수 있다.","궐연지 제조|개스킷 및 와셔 제조(종이제)|종이 필터 제조|판지제 실패 및 유사 지지물 제조|여과용 종이제품 제조|스티커 제조|펄프제 필터 블록 및 슬래브 제조|종이 수저, 접시, 컵 및 유사제품 제조|종이 라벨 제조",,종이컵,"궐연지|개스킷 및 와셔 제조(종이제)|종이 필터|판지제 실패 및 유사 지지물|여과용 종이제품|스티커|펄프제 필터 블록 및 슬래브|종이 수저, 접시, 컵 및 유사제품|종이 라벨",제조|성형|인쇄,,KSIC 11차 (2024),True
210901,문구용 종이제품 제조업,"제조업 > 펄프, 종이 및 종이제품 제조업 > 기타 종이 및 판지 제품 제조업 > 문구용 종이제품 제조업",제조업,"펄프, 종이 및 종이제품 제조업",기타 종이 및 판지 제품 제조업,기타 종이 및 판지 제품 제조업,17901,문구용 종이제품 제조업,"인쇄용 또는 필기용 원지 및 판지를 일정한 형태로 절단 및 기타 가 공하여 사무용지, 봉투 또는 책 형태로 인쇄․제책된 노트, 장부, 바 인더 등의 종이제 문구류를 제조하는 산업활동을 말한다. 이러한 제 품은 종이로서의 기능을 유지하는 범위 내에서 부수적으로 도안(주소 및 성명란, 상표, 무늬 장식 등) 및 선(줄) 등이 인쇄될 수 있다.",복사지 제조|바인더 및 홀더 제조|앨범 제조|영수증 용지 제조|자동기록기용 종이제품 제조|카본지 절단품 제조|표지 및 파일커버 제조|접착지 절단품 제조,"유가증권, 우편엽서, 사진 복제품, 판화 등 출판",,복사지|바인더 및 홀더|앨범|영수증 용지|자동기록기용 종이제품|카본지 절단품|표지 및 파일커버|접착지 절단품,제조|인쇄|제책,,KSIC 11차 (2024),True
210902,벽지 및 장판지 제조업,"제조업 > 펄프, 종이 및 종이제품 제조업 > 기타 종이 및 판지 제품 제조업 > 벽지 및 장판지 제조업",제조업,"펄프, 종이 및 종이제품 제조업",기타 종이 및 판지 제품 제조업,기타 종이 및 판지 제품 제조업,17903,벽지 및 장판지 제조업,"종이와 판지로 벽지, 바닥깔개, 장판지, 투명 무늬지 등을 제조하는 산업활동을 말한다. 방직용 섬유로 직물 벽지를 제조하는 경우도 포 함한다.",섬유 벽지 제조|장판지 제조(원지 제외)|벽 피복용지 제조(원지 제외)|창문용 투명 무늬지 제조,,,섬유 벽지|장판지 제조(원지 제외)|벽 피복용지 제조(원지 제외)|창문용 투명 무늬지,제조,,KSIC 11차 (2024),True
210903,위생용 종이제품 제조업,"제조업 > 펄프, 종이 및 종이제품 제조업 > 기타 종이 및 판지 제품 제조업 > 위생용 종이제품 제조업",제조업,"펄프, 종이 및 종이제품 제조업",기타 종이 및 판지 제품 제조업,기타 종이 및 판지 제품 제조업,17902,위생용 종이제품 제조업,위생용 원지 및 관련 재료를 절단 또는 기타 가공하여 위생용지 및 위생용 종이제품을 제조하는 산업활동을 말한다.,화장지 제조|탐폰 제조|기저귀 제조,식품위생용 종이 상자 및 용기 제조,,화장지|탐폰|기저귀,제조|가공,,KSIC 11차 (2024),True
210905,그 외 기타 종이 및 판지 제품 제조업,"제조업 > 펄프, 종이 및 종이제품 제조업 > 기타 종이 및 판지 제품 제조업 > 그 외 기타 종이 및 판지 제품 제조업",제조업,"펄프, 종이 및 종이제품 제조업",기타 종이 및 판지 제품 제조업,기타 종이 및 판지 제품 제조업,17909,그 외 기타 종이 및 판지 제품 제조업,"종이 및 판지를 일정한 크기로 압단 또는 재단하여 담배용, 사진 부 착용, 기계용 또는 기타 용도의 종이 및 판지제품 또는 펄프 성형제 품을 제조하는 산업활동을 포함하며, 관련 단순 인쇄활동이 결합될 수 있다.","궐연지 제조|개스킷 및 와셔 제조(종이제)|종이 필터 제조|판지제 실패 및 유사 지지물 제조|여과용 종이제품 제조|스티커 제조|펄프제 필터 블록 및 슬래브 제조|종이 수저, 접시, 컵 및 유사제품 제조|종이 라벨 제조",,,"궐연지|개스킷 및 와셔 제조(종이제)|종이 필터|판지제 실패 및 유사 지지물|여과용 종이제품|스티커|펄프제 필터 블록 및 슬래브|종이 수저, 접시, 컵 및 유사제품|종이 라벨",제조|성형|인쇄,,KSIC 11차 (2024),True
221100,일반 서적 출판업,"정보통신업 > 출판업 > 서적, 잡지 및 기타 인쇄물 출판업 > 서적 출판업 > 일반 서적 출판업",정보통신업,출판업,"서적, 잡지 및 기타 인쇄물 출판업",서적 출판업,58113,일반 서적 출판업,"학습 서적, 만화, 잡지 및 정기 간행물을 제외한 각종 서적이나 서적 성격의 팸플릿을 출판하는 산업활동을 말한다.",소설 및 수필집 출판|동화책 출판|여행 가이드 서적 출판|지도 및 해도 출판|사업체 목록 출판|전화번호부 출판|판례집 출판|정보 목록부 출판|인터넷 웹 소설 출판,악보 등 음악책 출판활동|지도 및 해도를 제작하는 산업활동,,소설 및 수필집 출판|동화책 출판|여행 가이드 서적 출판|지도 및 해도 출판|사업체 목록 출판|전화번호부 출판|판례집 출판|정보 목록부 출판|인터넷 웹 소설 출판,출판|지도,,KSIC 11차 (2024),True
221103,교과서 및 학습 서적 출판업,"정보통신업 > 출판업 > 서적, 잡지 및 기타 인쇄물 출판업 > 서적 출판업 > 교과서 및 학습 서적 출판업",정보통신업,출판업,"서적, 잡지 및 기타 인쇄물 출판업",서적 출판업,58111,교과서 및 학습 서적 출판업,"초․중․고등학교 교과서 및 교과관련 학습지, 참고서 등을 출판하는 산업활동을 말한다.",교과서 출판|학습지 출판|참고서 출판|국어사전 출판,,,교과서 출판|학습지 출판|참고서 출판|국어사전 출판,출판,,KSIC 11차 (2024),True
221104,만화 출판업,"정보통신업 > 출판업 > 서적, 잡지 및 기타 인쇄물 출판업 > 서적 출판업 > 만화 출판업",정보통신업,출판업,"서적, 잡지 및 기타 인쇄물 출판업",서적 출판업,58112,만화 출판업,만화를 출판하는 산업활동을 말한다.,만화책 출판|인터넷 웹툰 출판,,,만화책 출판|인터넷 웹툰 출판,출판,,KSIC 11차 (2024),True
221200,잡지 및 정기 간행물 발행업,"정보통신업 > 출판업 > 서적, 잡지 및 기타 인쇄물 출판업 > 신문, 잡지 및 정기 간행물 출판업 > 잡지 및 정기 간행물 발행업",정보통신업,출판업,"서적, 잡지 및 기타 인쇄물 출판업","신문, 잡지 및 정기 간행물 출판업",58122,잡지 및 정기 간행물 발행업,"전문 또는 일반적인 내용에 관한 주간, 순간, 월간, 계간, 연간 등의 정기 간행물 및 잡지 등을 발행하는 산업활동을 말한다.",주간 신문 발행|월간지 발행,신문 발행,,주간 신문 발행|월간지 발행,,,KSIC 11차 (2024),True
221201,신문 발행업,"정보통신업 > 출판업 > 서적, 잡지 및 기타 인쇄물 출판업 > 신문, 잡지 및 정기 간행물 출판업 > 신문 발행업",정보통신업,출판업,"서적, 잡지 및 기타 인쇄물 출판업","신문, 잡지 및 정기 간행물 출판업",58121,신문 발행업,일반대중이 관심을 갖는 뉴스를 제공하기 위하여 일간 및 주 3일 이 상 발간하는 신문을 발행하는 산업활동을 말한다.,경제 신문 발행|스포츠 신문 발행|일반 신문 발행,"생활 정보지 발행|전문 회보, 주간 뉴스 및 주간지 발행",,경제 신문 발행|스포츠 신문 발행|일반 신문 발행,스포츠,,KSIC 11차 (2024),True
221202,정기 광고 간행물 발행업,"정보통신업 > 출판업 > 서적, 잡지 및 기타 인쇄물 출판업 > 신문, 잡지 및 정기 간행물 출판업 > 정기 광고 간행물 발행업",정보통신업,출판업,"서적, 잡지 및 기타 인쇄물 출판업","신문, 잡지 및 정기 간행물 출판업",58123,정기 광고 간행물 발행업,"부동산, 중고품 등의 각종 상품의 거래, 산업활동 안내, 구인․구직 신 등에 관한 광고 간행물을 정기적으로 발행하는 산업활동을 말한다.",생활 정보지 발행|광고 간행물 발행,신문 발행,,생활 정보지 발행|광고 간행물 발행,부동산|광고,,KSIC 11차 (2024),True
221300,음악 및 기타 오디오물 출판업,정보통신업 > 영상ㆍ오디오 기록물 제작 및 배급업 > 오디오물 출판 및 원판 녹음업 > 음악 및 기타 오디오물 출판업,정보통신업,영상ㆍ오디오 기록물 제작 및 배급업,오디오물 출판 및 원판 녹음업,오디오물 출판 및 원판 녹음업,59201,음악 및 기타 오디오물 출판업,"음악 및 기타 소리를 기록한 레코드, 테이프 및 기타 오디오 기록물 업 을 기획․제작하거나 제작한 것을 직접 출판하는 산업활동을 말한다. 악보 등 음악책 출판활동도 포함한다.",레코드 출판|음악 기록 매체 출판|오디오 테이프 출판|음성 기록 매체 출판|악보 등 음악책 출판활동,,,레코드 출판|음악 기록 매체 출판|오디오 테이프 출판|음성 기록 매체 출판|악보 등 음악책 출판활동,출판|제작|기획,,KSIC 11차 (2024),True
221900,기타 인쇄물 출판업,"정보통신업 > 출판업 > 서적, 잡지 및 기타 인쇄물 출판업 > 기타 인쇄물 출판업",정보통신업,출판업,"서적, 잡지 및 기타 인쇄물 출판업",기타 인쇄물 출판업,58190,기타 인쇄물 출판업,"기타 출판업으로서 사진, 판화 및 우편 엽서, 시간표, 캘린더, 예술 복 제품 및 기타 인쇄물을 발행하는 산업활동을 말한다. 각종 마이크로 출판물의 발행도 포함한다.",우표 발행|축하 카드 발행|지폐 발행|예술 복제품 제조,,,우표 발행|축하 카드 발행|지폐 발행|예술 복제품,제조|인쇄|출판,,KSIC 11차 (2024),True
222101,경 인쇄업,제조업 > 인쇄 및 기록매체 복제업 > 인쇄 및 인쇄관련 산업 > 인쇄업 > 경 인쇄업,제조업,인쇄 및 기록매체 복제업,인쇄 및 인쇄관련 산업,인쇄업,18111,경 인쇄업,"수수료 또는 계약에 의하여 각종 인쇄물을 프린트, 공판 또는 마스터 제판술에 의해 인쇄하는 산업활동을 말한다.",프린트 인쇄|마스터 제판 인쇄,스크린 인쇄,프린트,프린트 인쇄|마스터 제판 인쇄,인쇄,,KSIC 11차 (2024),True
222102,스크린 인쇄업,제조업 > 인쇄 및 기록매체 복제업 > 인쇄 및 인쇄관련 산업 > 인쇄업 > 스크린 인쇄업,제조업,인쇄 및 기록매체 복제업,인쇄 및 인쇄관련 산업,인쇄업,18112,스크린 인쇄업,수수료 또는 계약에 의하여 각종 인쇄물을 스크린 제판술에 의하여 인쇄하는 산업활동을 말한다.,"평면, 곡면 스크린 인쇄|패드(pad) 인쇄",,,"평면, 곡면 스크린 인쇄|패드(pad) 인쇄",인쇄,,KSIC 11차 (2024),True
222103,경 인쇄업,제조업 > 인쇄 및 기록매체 복제업 > 인쇄 및 인쇄관련 산업 > 인쇄업 > 경 인쇄업,제조업,인쇄 및 기록매체 복제업,인쇄 및 인쇄관련 산업,인쇄업,18111,경 인쇄업,"수수료 또는 계약에 의하여 각종 인쇄물을 프린트, 공판 또는 마스터 제판술에 의해 인쇄하는 산업활동을 말한다.",프린트 인쇄|마스터 제판 인쇄,스크린 인쇄,,프린트 인쇄|마스터 제판 인쇄,인쇄,,KSIC 11차 (2024),True
222104,오프셋 인쇄업,제조업 > 인쇄 및 기록매체 복제업 > 인쇄 및 인쇄관련 산업 > 인쇄업 > 오프셋 인쇄업,제조업,인쇄 및 기록매체 복제업,인쇄 및 인쇄관련 산업,인쇄업,18113,오프셋 인쇄업,수수료 또는 계약에 의하여 각종 인쇄물을 금속판과 고무 롤러 등으 로 오프셋 간접 제판술에 의하여 인쇄하는 산업활동을 말한다. 대부 분 평판인쇄 방식으로 인쇄하지만 볼록판 및 오목판 인쇄방식으로도 가능하다.,단식 오프셋 인쇄|오프셋 4도 인쇄|오프셋 평판ㆍ볼록판ㆍ오목판 인쇄,스크린 인쇄,,단식 오프셋 인쇄|오프셋 4도 인쇄|오프셋 평판ㆍ볼록판ㆍ오목판 인쇄,인쇄,,KSIC 11차 (2024),True
222105,기타 인쇄업,제조업 > 인쇄 및 기록매체 복제업 > 인쇄 및 인쇄관련 산업 > 인쇄업 > 기타 인쇄업,제조업,인쇄 및 기록매체 복제업,인쇄 및 인쇄관련 산업,인쇄업,18119,기타 인쇄업,"경 인쇄, 스크린 인쇄 및 오프셋 인쇄 이외의 각종 제판술에 의한 출 판물 및 인쇄물을 인쇄하는 산업활동을 말한다.",그라비아 인쇄|석판 인쇄|고무판 인쇄|플라스틱판 인쇄|활판 및 연판 인쇄|목각판 인쇄|특수인쇄(전사처리)|공판 인쇄,,,그라비아 인쇄|석판 인쇄|고무판 인쇄|플라스틱판 인쇄|활판 및 연판 인쇄|목각판 인쇄|특수인쇄(전사처리)|공판 인쇄,인쇄,,KSIC 11차 (2024),True
222201,제책업,제조업 > 인쇄 및 기록매체 복제업 > 인쇄 및 인쇄관련 산업 > 인쇄관련 산업 > 제책업,제조업,인쇄 및 기록매체 복제업,인쇄 및 인쇄관련 산업,인쇄관련 산업,18122,제책업,수수료 또는 계약에 의하여 각종 서적 및 인쇄물을 제책하는 산업활 동을 말한다.,,,,제책업,인쇄|제책,,KSIC 11차 (2024),True
222202,기타 인쇄관련 산업,제조업 > 인쇄 및 기록매체 복제업 > 인쇄 및 인쇄관련 산업 > 인쇄관련 산업 > 기타 인쇄관련 산업,제조업,인쇄 및 기록매체 복제업,인쇄 및 인쇄관련 산업,인쇄관련 산업,18129,기타 인쇄관련 산업,"수수료 또는 계약에 의하여 금박 처리, 엠보싱 가공, 모서리 다듬기, 재단 등의 인쇄물 가공활동 및 기타 인쇄관련 서비스업을 포함한다.",금박 처리(인쇄물)|엠보싱 가공(인쇄물)|모서리 다듬기(인쇄물)|재단 및 인쇄물 기타 가공,,,금박 처리(인쇄물)|엠보싱 가공(인쇄물)|모서리 다듬기(인쇄물)|재단 및 인쇄물 기타,가공|인쇄,,KSIC 11차 (2024),True
222203,제판 및 조판업,제조업 > 인쇄 및 기록매체 복제업 > 인쇄 및 인쇄관련 산업 > 인쇄관련 산업 > 제판 및 조판업,제조업,인쇄 및 기록매체 복제업,인쇄 및 인쇄관련 산업,인쇄관련 산업,18121,제판 및 조판업,"수수료 또는 계약에 의하여 사진 식자, 전산 식자와 각종 인쇄용 사 진원판 제작, 연판, 고무판, 플라스틱판, 동판, 목판, 석판 등의 각종 제판 및 조판작업을 수행하는 산업활동을 말한다.","전산 식자 제판|인쇄용 사진 제판|디지털 제판|인쇄용 활판, 동판, 고무판 식각",인쇄 목적 이외의 금속 식각 활동,,"전산 식자 제판|인쇄용 사진 제판|디지털 제판|인쇄용 활판, 동판, 고무판 식각",인쇄|제작,,KSIC 11차 (2024),True
223001,기록매체 복제업,제조업 > 인쇄 및 기록매체 복제업 > 기록매체 복제업,제조업,인쇄 및 기록매체 복제업,기록매체 복제업,기록매체 복제업,18200,기록매체 복제업,"음반 및 기타 오디오물, 비디오물, 소프트웨어 및 컴퓨터 호환성 테이 프의 원판을 복사하여 이들의 복제품을 생산하는 활동으로서 플로피, 하드 디스크, 콤팩트디스크의 복제품, 범용성 소프트웨어 및 필름의 복제품을 생산하는 산업활동을 포함한다. 또한, 수수료 또는 계약에 의하여 각종 기록매체를 복제하는 활동도 포함한다.",소프트웨어(범용성) 복제|전산 기록물 복제|음반 복제|비디오물 복제|레이저 광학 판독장치를 가진 기록매체 복제,수수료 또는 계약에 의한 레코드 원판 녹음활동|영화 상영용 필름 복제 생산,,소프트웨어(범용성) 복제|전산 기록물 복제|음반 복제|비디오물 복제|레이저 광학 판독장치를 가진 기록매체 복제,생산,,KSIC 11차 (2024),True
231001,코크스 및 연탄 제조업,"제조업 > 코크스, 연탄 및 석유정제품 제조업 > 코크스 및 연탄 제조업",제조업,"코크스, 연탄 및 석유정제품 제조업",코크스 및 연탄 제조업,코크스 및 연탄 제조업,19100,코크스 및 연탄 제조업,"석탄, 갈탄, 토탄 등을 코크스로에서 처리하여 코크스 또는 반성 코크 스, 피치 및 피치 코크스, 콜타르, 건류 카본(레토르트 카본, 가스 카 본) 등을 생산하는 산업활동(코크스의 응집처리 활동도 포함)과 석탄, 코크스, 숯가루, 피치 등의 탄화물을 배합하거나, 당밀, 전분, 펄프, 석 회 등의 점결제 등을 혼합하여 성형 건조시킨 고체 연료를 제조하는 산업활동을 말한다.",코크스로(爐) 운영|코크스 응집처리|코크스로 미정제 가스 제조|석탄 증류 타르 제조|광물성 타르 제조|토탄 증류 타르 제조|연탄 제조|응집 석탄제품 제조|조개탄 제조|피치 연탄 제조,콜타르 증류 활동,,코크스로(爐)|코크스 응집처리|코크스로 미정제 가스|석탄 증류 타르|광물성 타르|토탄 증류 타르|연탄|응집 석탄제품|조개탄|피치 연탄,제조|생산|정제|성형,,KSIC 11차 (2024),True
231002,코크스 및 연탄 제조업,"제조업 > 코크스, 연탄 및 석유정제품 제조업 > 코크스 및 연탄 제조업",제조업,"코크스, 연탄 및 석유정제품 제조업",코크스 및 연탄 제조업,코크스 및 연탄 제조업,19100,코크스 및 연탄 제조업,"석탄, 갈탄, 토탄 등을 코크스로에서 처리하여 코크스 또는 반성 코크 스, 피치 및 피치 코크스, 콜타르, 건류 카본(레토르트 카본, 가스 카 본) 등을 생산하는 산업활동(코크스의 응집처리 활동도 포함)과 석탄, 코크스, 숯가루, 피치 등의 탄화물을 배합하거나, 당밀, 전분, 펄프, 석 회 등의 점결제 등을 혼합하여 성형 건조시킨 고체 연료를 제조하는 산업활동을 말한다.",코크스로(爐) 운영|코크스 응집처리|코크스로 미정제 가스 제조|석탄 증류 타르 제조|광물성 타르 제조|토탄 증류 타르 제조|연탄 제조|응집 석탄제품 제조|조개탄 제조|피치 연탄 제조,콜타르 증류 활동,,코크스로(爐)|코크스 응집처리|코크스로 미정제 가스|석탄 증류 타르|광물성 타르|토탄 증류 타르|연탄|응집 석탄제품|조개탄|피치 연탄,제조|생산|정제|성형,,KSIC 11차 (2024),True
232100,원유 정제처리업,"제조업 > 코크스, 연탄 및 석유정제품 제조업 > 석유 정제품 제조업 > 원유 정제처리업",제조업,"코크스, 연탄 및 석유정제품 제조업",석유 정제품 제조업,원유 정제처리업,19210,원유 정제처리업,원유 및 역청 물질을 정제 및 기타 처리하여 석유 정제품 및 관련 제 품을 제조하는 산업활동을 말한다.,"가솔린, 경유, 등유 제조|윤활유 기유 제조|나프타 제조|석유 정제 가스 제조|연료유 제조|중유 및 벙커C유 제조",,,"가솔린, 경유, 등유|윤활유 기유|나프타|석유 정제 가스|연료유|중유 및 벙커C유",제조|정제,,KSIC 11차 (2024),True
232101,기타 기초 무기화학 물질 제조업,제조업 > 화학 물질 및 화학제품 제조업; 의약품 제외 > 기초 화학물질 제조업 > 기초 무기화학 물질 제조업 > 기타 기초 무기화학 물질 제조업,제조업,화학 물질 및 화학제품 제조업; 의약품 제외,기초 화학물질 제조업,기초 무기화학 물질 제조업,20129,기타 기초 무기화학 물질 제조업,"무기화학 원소, 무기산 및 금속․비금속 산화물(무기염료용 금속산화 물 제외), 알칼리 및 기타 기초 무기 화합물을 제조하는 산업활동을 말한다. 우라늄, 토륨 등의 방사성 물질을 혼합․배합․농축하는 산업 활동도 포함한다.",아세틸렌블랙 제조|이산화규소 제조|이산화황 제조|붕소 산화물과 붕산 제조|방사성 원소 및 동위원소 제조|방사성 물질 혼합물 제조|비금속 황화물 제조|수산화나트륨 제조|과산화수소 제조|수은 제조|카본블랙 제조|탄화칼슘 및 탄화물 제조|규소 및 염소 제조|압전기용 석영 제조|플루토늄 농축물 제조|핵연료 농축|정제한 황 제조|배소한 황화철광 제조|비금속 할로겐 화합물 및 황화물 제조|무수 암모니아 또는 암모니아수 제조|알루미늄|마그네슘|스트론튬|바륨 산화물 및 과산화물 제조|금속산염 또는 과산화금속염 제조|합성 또는 재생 귀석 또는 반귀석 제조,산업용 가스 제조|비료 및 질소 화합물 제조,방사성물질 혼합ㆍ배합ㆍ농축,아세틸렌블랙|이산화규소|이산화황|붕소 산화물과 붕산|방사성 원소 및 동위원소|방사성 물질 혼합물|비금속 황화물|수산화나트륨|과산화수소|수은|카본블랙|탄화칼슘 및 탄화물|규소 및 염소|압전기용 석영|플루토늄 농축물,제조|정제,,KSIC 11차 (2024),True
232200,윤활유 및 그리스 제조업,"제조업 > 코크스, 연탄 및 석유정제품 제조업 > 석유 정제품 제조업 > 석유 정제물 재처리업 > 윤활유 및 그리스 제조업",제조업,"코크스, 연탄 및 석유정제품 제조업",석유 정제품 제조업,석유 정제물 재처리업,19221,윤활유 및 그리스 제조업,"원유 및 역청 물질의 일관 정제과정에서 얻어지는 윤활유 기유 또는 기타 역청 물질을 처리하여 석유 성분의 윤활유, 그리스 및 유사 제 품을 생산하는 산업활동을 말한다. 재생 윤활유 및 그리스 등 생산활 동(중량 기준으로 석유 및 역청유 성분 함유량이 70% 이상인 경우) 도 포함한다.",윤활유 제조|그리스 제조|재생 윤활유 제조|재생 그리스 제조,조제 윤활유 및 그리스 제조,,윤활유|그리스|재생 윤활유|재생 그리스,제조|생산|정제|리스|제과,,KSIC 11차 (2024),True
232201,기타 석유 정제물 재처리업,"제조업 > 코크스, 연탄 및 석유정제품 제조업 > 석유 정제품 제조업 > 석유 정제물 재처리업 > 기타 석유 정제물 재처리업",제조업,"코크스, 연탄 및 석유정제품 제조업",석유 정제품 제조업,석유 정제물 재처리업,19229,기타 석유 정제물 재처리업,"원유 및 역청유의 일괄 정제과정에서 얻어지는 석유정제 분획물 및 잔유물, 기타 광물성 역청 물질을 재정유, 혼합, 조합 및 기타 재처리 하여 윤활유 및 그리스(grease)를 제외한 기타 석유 정제품을 생산하 는 산업활동을 말한다. 석유 아스팔트 물질과 이를 공기 변성한 것, 용제․유화제, 수지 등을 첨가한 것도 포함한다.","석유 왁스 생산|석유 아스팔트 물질 제조|감압식 석유 물질 처리|잔사유 재정유 처리|석유 코크스 제조|가소홀(무연 휘발유 및 에탄올 혼합물) 제조|석유 젤리, 백유(white spirit, white oil) 제조",,,석유 왁스|석유 아스팔트 물질|감압식 석유 물질 처리|잔사유 재정유 처리|석유 코크스|가소홀(무연 휘발유 및 에탄올 혼합물),제조|생산|정제|리스|제과,,KSIC 11차 (2024),True
241101,수소 제조업,제조업 > 화학 물질 및 화학제품 제조업; 의약품 제외 > 기초 화학물질 제조업 > 기초 무기화학 물질 제조업 > 수소 제조업,제조업,화학 물질 및 화학제품 제조업; 의약품 제외,기초 화학물질 제조업,기초 무기화학 물질 제조업,20121 | 20122,"수소 제조업 | 산소, 질소 및 기타 산업용 가스 제조업","수소를 제조하는 산업활동을 말한다. / 산업용 압축, 액화 또는 냉동 공기, 원소 가스, 혼합 가스 등을 제조 하는 산업활동을 말한다.","수소 제조|제조식 수소충전소|질소, 아르곤, 네온 가스 제조|희소 가스 제조|크세논(제논) 가스 제조|크립톤 가스 제조|아세틸렌 가스 제조|드라이아이스 제조|단일원소의 산업용 가스|각 원소의 혼합 가스 제조","배관을 통한 수소공급|구입한 수소를 재판매하는 경우(46, 47|구입한 산업용 가스 도매업",,"수소|제조식 수소충전소|질소, 아르곤, 네온 가스|희소 가스|크세논(제논) 가스|크립톤 가스|아세틸렌 가스|드라이아이스|단일원소의 산업용 가스|각 원소의 혼합 가스",제조,,KSIC 11차 (2024),True
241102,기타 기초 무기화학 물질 제조업,제조업 > 화학 물질 및 화학제품 제조업; 의약품 제외 > 기초 화학물질 제조업 > 기초 무기화학 물질 제조업 > 기타 기초 무기화학 물질 제조업,제조업,화학 물질 및 화학제품 제조업; 의약품 제외,기초 화학물질 제조업,기초 무기화학 물질 제조업,20129,기타 기초 무기화학 물질 제조업,"무기화학 원소, 무기산 및 금속․비금속 산화물(무기염료용 금속산화 물 제외), 알칼리 및 기타 기초 무기 화합물을 제조하는 산업활동을 말한다. 우라늄, 토륨 등의 방사성 물질을 혼합․배합․농축하는 산업 활동도 포함한다.",아세틸렌블랙 제조|이산화규소 제조|이산화황 제조|붕소 산화물과 붕산 제조|방사성 원소 및 동위원소 제조|방사성 물질 혼합물 제조|비금속 황화물 제조|수산화나트륨 제조|과산화수소 제조|수은 제조|카본블랙 제조|탄화칼슘 및 탄화물 제조|규소 및 염소 제조|압전기용 석영 제조|플루토늄 농축물 제조|핵연료 농축|정제한 황 제조|배소한 황화철광 제조|비금속 할로겐 화합물 및 황화물 제조|무수 암모니아 또는 암모니아수 제조|알루미늄|마그네슘|스트론튬|바륨 산화물 및 과산화물 제조|금속산염 또는 과산화금속염 제조|합성 또는 재생 귀석 또는 반귀석 제조,산업용 가스 제조|비료 및 질소 화합물 제조,,아세틸렌블랙|이산화규소|이산화황|붕소 산화물과 붕산|방사성 원소 및 동위원소|방사성 물질 혼합물|비금속 황화물|수산화나트륨|과산화수소|수은|카본블랙|탄화칼슘 및 탄화물|규소 및 염소|압전기용 석영|플루토늄 농축물,제조|정제,,KSIC 11차 (2024),True
241105,기타 기초 무기화학 물질 제조업,제조업 > 화학 물질 및 화학제품 제조업; 의약품 제외 > 기초 화학물질 제조업 > 기초 무기화학 물질 제조업 > 기타 기초 무기화학 물질 제조업,제조업,화학 물질 및 화학제품 제조업; 의약품 제외,기초 화학물질 제조업,기초 무기화학 물질 제조업,20129,기타 기초 무기화학 물질 제조업,"무기화학 원소, 무기산 및 금속․비금속 산화물(무기염료용 금속산화 물 제외), 알칼리 및 기타 기초 무기 화합물을 제조하는 산업활동을 말한다. 우라늄, 토륨 등의 방사성 물질을 혼합․배합․농축하는 산업 활동도 포함한다.",아세틸렌블랙 제조|이산화규소 제조|이산화황 제조|붕소 산화물과 붕산 제조|방사성 원소 및 동위원소 제조|방사성 물질 혼합물 제조|비금속 황화물 제조|수산화나트륨 제조|과산화수소 제조|수은 제조|카본블랙 제조|탄화칼슘 및 탄화물 제조|규소 및 염소 제조|압전기용 석영 제조|플루토늄 농축물 제조|핵연료 농축|정제한 황 제조|배소한 황화철광 제조|비금속 할로겐 화합물 및 황화물 제조|무수 암모니아 또는 암모니아수 제조|알루미늄|마그네슘|스트론튬|바륨 산화물 및 과산화물 제조|금속산염 또는 과산화금속염 제조|합성 또는 재생 귀석 또는 반귀석 제조,산업용 가스 제조|비료 및 질소 화합물 제조,가성소다,아세틸렌블랙|이산화규소|이산화황|붕소 산화물과 붕산|방사성 원소 및 동위원소|방사성 물질 혼합물|비금속 황화물|수산화나트륨|과산화수소|수은|카본블랙|탄화칼슘 및 탄화물|규소 및 염소|압전기용 석영|플루토늄 농축물,제조|정제,,KSIC 11차 (2024),True
241106,기타 기초 유기 화학물질 제조업,제조업 > 화학 물질 및 화학제품 제조업; 의약품 제외 > 기초 화학물질 제조업 > 기초 유기화학 물질 제조업 > 기타 기초 유기 화학물질 제조업,제조업,화학 물질 및 화학제품 제조업; 의약품 제외,기초 화학물질 제조업,기초 유기화학 물질 제조업,20119,기타 기초 유기 화학물질 제조업,콜타르 및 기타 광물타르를 고온으로 처리하여 석탄화학계 기초 화학 물질을 제조하거나 알코올 및 기타 기초 유기 화합물을 제조하는 산 업활동을 말한다.,"벤젠, 크실렌, 나프탈렌, 페놀 및 톨루엔 제조|콜타르 분류(分溜) 잔재물(피치) 제조|솔벤트 나프타 제조|광물타르 증류 생산물 제조|아민 관능 화합물 제조|우레인 및 그 유도체 제조|효소 및 기타 효소제품 제조|질소 관능 화합물 제조|알데히드, 퀴논 관능 화합물 제조|모노카르복시산 및 그 유도체 제조|페놀 및 그 유도체 제조|부탄올, 에탄올, 옥탄올, 메탄올 제조|무기산 에스테르 및 그 염과 유도체 제조|유기 황화합물 및 기타 유기|무기 화합물 제조","석유화학계 방향족 화합물(벤젠, 톨루엔 등) 제조|톨오일, 수탄 및 폐수탄 제조|활성화된 광물성 제품 제조",,"벤젠, 크실렌, 나프탈렌, 페놀 및 톨루엔|콜타르 분류(分溜) 잔재물(피치)|솔벤트 나프타|광물타르 증류 생산물|아민 관능 화합물|우레인 및 그 유도체|효소 및 기타 효소제품|질소 관능 화합물|알데히드, 퀴논 관능 화합물|모노카르복시산 및 그 유도체|페놀 및 그 유도체|부탄올, 에탄올, 옥탄올, 메탄올|무기산 에스테르 및 그 염과 유도체|유기 황화합물 및 기타 유기|무기 화합물",제조|생산,,KSIC 11차 (2024),True
241109,무기 안료용 금속 산화물 및 관련 제품 제조업,"제조업 > 화학 물질 및 화학제품 제조업; 의약품 제외 > 기초 화학물질 제조업 > 무기 안료, 염료, 유연제 및 기타 착색제 제조업 > 무기 안료용 금속 산화물 및 관련 제품 제조업",제조업,화학 물질 및 화학제품 제조업; 의약품 제외,기초 화학물질 제조업,"무기 안료, 염료, 유연제 및 기타 착색제 제조업",20131,무기 안료용 금속 산화물 및 관련 제품 제조업,무기 안료용으로 주로 사용되는 금속 산화물 및 각종 무기 염기를 제 조하는 산업활동을 말한다.,산화 아연|망가니즈|티타늄 제조|산화철과 수산화철 제조|산화 니켈|텅스텐 제조|색소토 가공품 제조,알루미늄|마그네슘|스트론튬|바륨 산화물 제조|조제 무기안료 제조,,산화 아연|망가니즈|티타늄|산화철과 수산화철|산화 니켈|텅스텐|색소토 가공품,제조|가공,,KSIC 11차 (2024),True
241110,석유화학계 기초 화학 물질 제조업,제조업 > 화학 물질 및 화학제품 제조업; 의약품 제외 > 기초 화학물질 제조업 > 기초 유기화학 물질 제조업 > 석유화학계 기초 화학 물질 제조업,제조업,화학 물질 및 화학제품 제조업; 의약품 제외,기초 화학물질 제조업,기초 유기화학 물질 제조업,20111,석유화학계 기초 화학 물질 제조업,석유 또는 석유 부생가스 중에 함유된 탄화수소를 분해․분리 또는 기타 화학 처리하여 석유화학계 기초제품과 그 유도체를 생산하는 산 업활동을 말한다. 석유화학계 기초제품 제조에 연관된 지방족계 또는 방향족계 유도품 등을 제조하는 경우에도 여기에 포함한다.,"탄화수소 지방족 화합물(에틸렌, 프로필렌, 부타디엔 등) 제조|탄화수소 할로겐화 유도체 제조|탄화수소 질산화 유도체 제조|탄화수소 유황화 유도체 제조",콜타르 증류 생산품 제조,,탄화수소 할로겐화 유도체|탄화수소 질산화 유도체|탄화수소 유황화 유도체,제조|생산,,KSIC 11차 (2024),True
241114,바이오매스계 기초 화학물질 제조업,제조업 > 화학 물질 및 화학제품 제조업; 의약품 제외 > 기초 화학물질 제조업 > 기초 유기화학 물질 제조업 > 바이오매스계 기초 화학물질 제조업,제조업,화학 물질 및 화학제품 제조업; 의약품 제외,기초 화학물질 제조업,기초 유기화학 물질 제조업,20112,바이오매스계 기초 화학물질 제조업,"옥수수 등 전분계 곡물류, 목질계 등 비곡물류, 미세조류 등 바이오매 스를 원료로 사용하거나, 효소, 미생물을 이용하여 바이오 화학제품 제조에 광범위하게 사용되는 기초 화학 물질과 그 유도체를 생산하는 산업활동을 말한다. 천연수지, 나무 및 식물성 피치 등을 증류하여 유 연제 엑스를 제외한 증류물질 및 기타 관련 제품을 제조하는 산업활 동과 톨유(tall oil), 수탄 및 폐수탄 제품을 생산하는 산업활동도 포함 한다.","바이오 메탄올, 바이오 에탄올(연료 제외) 제조|바이오 기반 젖산 및 그 유도체 제조|바이오 기반 숙신산 및 그 유도체 제조|목탄(쉘 또는 너트 모양의 탄 포함) 제조|로진|수지산 또는 식물성 피치 조제품 제조|톨유(tall oil) 제조|수탄(animal charcoal, 獸炭) 제조","착화탄 제조|활성탄, 활성처리한 광물성 물질 제조|바이오 연료 및 혼합물 제조",,"바이오 메탄올, 바이오 에탄올(연료 제외)|바이오 기반 젖산 및 그 유도체|바이오 기반 숙신산 및 그 유도체|목탄(쉘 또는 너트 모양의 탄 포함)|로진|수지산 또는 식물성 피치 조제품|톨유(tall oil)|수탄(animal charcoal, 獸炭)",제조|생산|이용,,KSIC 11차 (2024),True
241115,"염료, 조제 무기 안료, 유연제 및 기타 착색제 제조업","제조업 > 화학 물질 및 화학제품 제조업; 의약품 제외 > 기초 화학물질 제조업 > 무기 안료, 염료, 유연제 및 기타 착색제 제조업 > 염료, 조제 무기 안료, 유연제 및 기타 착색제 제조업",제조업,화학 물질 및 화학제품 제조업; 의약품 제외,기초 화학물질 제조업,"무기 안료, 염료, 유연제 및 기타 착색제 제조업",20132,"염료, 조제 무기 안료, 유연제 및 기타 착색제 제조업","동․식물성 재료를 이용한 염료용․유연제용 추출물, 유연제로 사용 되는 타닌(tannin), 이들을 유기 용제 등으로 추출한 물질, 합성 또는 조제 유연제 및 유연처리 이전에 사용하는 효소계 조제품, 합성 유기 염료, 조제 무기 안료 및 기타 착색제를 제조하는 산업활동을 말한다.",동물성 착색제 제조|염료용 동ㆍ식물성 추출물 제조|섬유 유연제 제조|피혁 유연제 제조|스틸벤(stilbene) 염료 제조|니트로조(nitroso) 및 니트로(nitro)염료 제조|퀴논이민(quinonimin) 염료 제조|모노 및 폴리아조(azo) 염료 제조,무기 안료 및 금속 산화물 제조|요업용 조제 안료 및 조제 유백제 제조,,동물성 착색제|염료용 동ㆍ식물성 추출물|섬유 유연제|피혁 유연제|스틸벤(stilbene) 염료|니트로조(nitroso) 및 니트로(nitro)염료|퀴논이민(quinonimin) 염료|모노 및 폴리아조(azo) 염료,제조|이용,,KSIC 11차 (2024),True
241200,복합비료 및 기타 화학비료 제조업,"제조업 > 화학 물질 및 화학제품 제조업; 의약품 제외 > 비료, 농약 및 살균ㆍ살충제 제조업 > 비료 및 질소 화합물 제조업 > 복합비료 및 기타 화학비료 제조업",제조업,화학 물질 및 화학제품 제조업; 의약품 제외,"비료, 농약 및 살균ㆍ살충제 제조업",비료 및 질소 화합물 제조업,20312,복합비료 및 기타 화학비료 제조업,"화학비료의 3대 요소인 질소, 인, 칼륨 중 두 가지 이상의 성분을 함 유한 비료를 직접 생산하거나 서로 다른 무기질 비료 성분을 구입․ 배합하여 복합비료를 생산하는 산업활동을 말한다. 그 외 기타 화학 비료를 제조하는 산업활동을 포함한다.",복합비료 제조(무기질),유기질 질소비료와 무기질 비료의 혼합비료 제조,,복합비료 제조(무기질),제조|생산,,KSIC 11차 (2024),True
241201,"질소 화합물, 질소ㆍ인산 및 칼리질 화학비료 제조업","제조업 > 화학 물질 및 화학제품 제조업; 의약품 제외 > 비료, 농약 및 살균ㆍ살충제 제조업 > 비료 및 질소 화합물 제조업 > 질소 화합물, 질소ㆍ인산 및 칼리질 화학비료 제조업",제조업,화학 물질 및 화학제품 제조업; 의약품 제외,"비료, 농약 및 살균ㆍ살충제 제조업",비료 및 질소 화합물 제조업,20311,"질소 화합물, 질소ㆍ인산 및 칼리질 화학비료 제조업",무기질 질소 비료 및 질소 화합물을 제조하거나 비료용 광물 및 기초 화합물을 화학 처리하여 인산질 또는 칼리질을 함유한 화학비료를 제 조하는 산업활동을 말한다.,"질소질 비료 제조(무기질)|질소 화합물 제조|인산질 비료 제조|칼리질 비료 제조|질산, 암모니아, 요소, 황산암모늄, 질산칼륨(초석) 제조",유기질 질소비료 제조,,"질소질 비료 제조(무기질)|질소 화합물|인산질 비료|칼리질 비료|질산, 암모니아, 요소, 황산암모늄, 질산칼륨(초석)",제조,,KSIC 11차 (2024),True
241202,유기질 비료 및 상토 제조업,"제조업 > 화학 물질 및 화학제품 제조업; 의약품 제외 > 비료, 농약 및 살균ㆍ살충제 제조업 > 비료 및 질소 화합물 제조업 > 유기질 비료 및 상토 제조업",제조업,화학 물질 및 화학제품 제조업; 의약품 제외,"비료, 농약 및 살균ㆍ살충제 제조업",비료 및 질소 화합물 제조업,20313,유기질 비료 및 상토 제조업,"천연 동․식물성 물질을 화학적으로 처리하여 유기질 비료를 제조하 거나 유․무기질 비료의 배합물, 화분용 배합토, 구아노 화학처리, 비 료용 광물슬래그 가공품, 상토 등 토질 개량용 토사석 조제품을 제조 하는 산업활동을 말한다. 미량 요소 성분을 함유한 광물을 화학처리 하거나 성분을 조정․배합하여 특별히 비료용으로 제조한 경우 및 부 산물, 분뇨, 음식물류 폐기물, 토양 미생물 제제, 토양 활성제 등을 이 용하여 제조한 비료도 포함한다.","유기질 비료 제조|유기 및 무기질 비료 배합물 제조|부산물 비료 제조|토질개량용 토사석 조제품 제조|상토 제조|음식 폐기물, 톱밥, 돈분 등을 혼합|발효한 퇴비 제조|염기성 제강 슬래그 가공품 제조",농축산물 폐기물 처리장 운영,,"유기질 비료|유기 및 무기질 비료 배합물|부산물 비료|토질개량용 토사석 조제품|상토|음식 폐기물, 톱밥, 돈분 등을 혼합|발효한 퇴비|염기성 제강 슬래그 가공품",제조|가공|음식,,KSIC 11차 (2024),True
241301,합성고무 제조업,제조업 > 화학 물질 및 화학제품 제조업; 의약품 제외 > 합성고무 및 플라스틱 물질 제조업 > 합성고무 제조업,제조업,화학 물질 및 화학제품 제조업; 의약품 제외,합성고무 및 플라스틱 물질 제조업,합성고무 및 플라스틱 물질 제조업,20201,합성고무 제조업,"합성고무(라텍스 포함)와 식물성 기름에서 유도되는 팩티스, 천연고무 및 유사 천연검의 혼합물을 제조하는 산업활동을 말한다.",부타디엔고무(BR) 제조|클로로프렌고무(CR) 제조|아크릴로니트릴-이소프렌 고무 제조|천연 및 합성고무 혼합물 제조|식물성 기름에서 유도된 팩티스 제조|아이소프렌고무(IR) 제조|스티렌-부타디엔 고무(SBR) 제조|아크릴로니트릴-부타디엔고무 제조,,,부타디엔고무(BR)|클로로프렌고무(CR)|아크릴로니트릴-이소프렌 고무|천연 및 합성고무 혼합물|식물성 기름에서 유도된 팩티스|아이소프렌고무(IR)|스티렌-부타디엔 고무(SBR)|아크릴로니트릴-부타디엔고무,제조,,KSIC 11차 (2024),True
241302,합성수지 및 기타 플라스틱 물질 제조업,제조업 > 화학 물질 및 화학제품 제조업; 의약품 제외 > 합성고무 및 플라스틱 물질 제조업 > 합성수지 및 기타 플라스틱 물질 제조업,제조업,화학 물질 및 화학제품 제조업; 의약품 제외,합성고무 및 플라스틱 물질 제조업,합성고무 및 플라스틱 물질 제조업,20202,합성수지 및 기타 플라스틱 물질 제조업,"화학적 합성방법에 의하여 액상, 분말, 입상 및 기타 원료 상태의 합 성수지(플라스틱 소재 물질)를 제조하거나 1차 형태의 천연 중합체 (알긴산 등)․경화 단백질 및 천연고무의 화학적 유도체인 변성 천연 중합체․섬유소(셀룰로오스) 및 재생 섬유소와 이들의 화학적 유도체 등 기타 플라스틱 소재 물질을 제조하는 산업활동을 말한다. 바이오 플라스틱 소재물질을 제조하는 산업활동과 합성수지 및 기타 플라스 틱 소재 물질을 자체 생산하고, 유리섬유, 탄소섬유, 금속 분말 등의 첨가제 및 각종 강화제 등을 혼합하여 혼성 플라스틱 소재 물질을 연 관 공정으로 제조하는 경우도 포함한다.",에틸렌 중합체 제조|폴리아미드 제조|스티렌 중합체 제조|아미노수지 제조|에폭시수지 제조|폴리우레탄 제조|프로필렌 중합체 제조|초산비닐 중합체 제조|페놀수지 제조|실리콘수지 제조|폴리에스터수지 제조|아크릴 중합체 제조|재생셀룰로오스 제조|알긴산과 그 염 및 에스테르 제조|셀룰로오스 에테르 제조|변성 천연 중합체 제조|이온교환수지 제조|초산셀룰로오스 제조|엔지니어링 플라스틱수지 제조|폴리유산(PLA) 제조,,,에틸렌 중합체|폴리아미드|스티렌 중합체|아미노수지|에폭시수지|폴리우레탄|프로필렌 중합체|초산비닐 중합체|페놀수지|실리콘수지|폴리에스터수지|아크릴 중합체|재생셀룰로오스|알긴산과 그 염 및 에스테르|셀룰로오스 에테르,제조|생산|엔지니어링,,KSIC 11차 (2024),True
241303,혼성 및 재생 플라스틱 소재 물질 제조업,제조업 > 화학 물질 및 화학제품 제조업; 의약품 제외 > 합성고무 및 플라스틱 물질 제조업 > 혼성 및 재생 플라스틱 소재 물질 제조업,제조업,화학 물질 및 화학제품 제조업; 의약품 제외,합성고무 및 플라스틱 물질 제조업,합성고무 및 플라스틱 물질 제조업,20203,혼성 및 재생 플라스틱 소재 물질 제조업,"구입한 합성수지 등 각종 플라스틱 소재 물질에 유리섬유, 탄소섬유, 금속 분말 등의 강화제 및 각종 첨가제 등을 배합, 혼합, 착색 등으로 가공하여 물리적 특성을 변화시킨 혼성 플라스틱 소재 물질을 생산하 거나 재생용 플라스틱 제품 등을 용해하여 액상, 분말, 입상 및 기타 상태의 재생 플라스틱 소재 물질(수지 등)을 생산하는 산업활동을 말 한다.",배합한 혼성 플라스틱 소재 물질(수지 등) 제조|재생 플라스틱 소재 물질 제조|섬유 강화 플라스틱 소재 물질 제조,,,배합한 혼성 플라스틱 소재 물질(수지 등)|재생 플라스틱 소재 물질|섬유 강화 플라스틱 소재 물질,제조|생산|가공,,KSIC 11차 (2024),True
242101,화학 살균ㆍ살충제 및 농업용 약제 제조업,"제조업 > 화학 물질 및 화학제품 제조업; 의약품 제외 > 비료, 농약 및 살균ㆍ살충제 제조업 > 살균ㆍ살충제 및 농약 제조업 > 화학 살균ㆍ살충제 및 농업용 약제 제조업",제조업,화학 물질 및 화학제품 제조업; 의약품 제외,"비료, 농약 및 살균ㆍ살충제 제조업",살균ㆍ살충제 및 농약 제조업,20321,화학 살균ㆍ살충제 및 농업용 약제 제조업,"가정용, 공중위생용, 농업용으로 사용되는 화학 살충제, 방충제, 살균 제, 소독제 및 유사 화학제품을 제조하는 산업활동을 말한다. 식물 성 장 조절용 화학 약제 및 유사 화학제품을 제조하는 산업활동도 포함 한다.","화학 살충제, 살균제, 방충제, 소독제 제조|살서제(쥐약) 제조|가정용, 공중위생용 화학 살균 및 소독제 제조","생물학적 농약, 미생물 농약, 바이러스 농약 제조","가정용,공중위생용","화학 살충제, 살균제, 방충제, 소독제|살서제(쥐약)|가정용, 공중위생용 화학 살균 및 소독제",제조,,KSIC 11차 (2024),True
242102,화학 살균ㆍ살충제 및 농업용 약제 제조업,"제조업 > 화학 물질 및 화학제품 제조업; 의약품 제외 > 비료, 농약 및 살균ㆍ살충제 제조업 > 살균ㆍ살충제 및 농약 제조업 > 화학 살균ㆍ살충제 및 농업용 약제 제조업",제조업,화학 물질 및 화학제품 제조업; 의약품 제외,"비료, 농약 및 살균ㆍ살충제 제조업",살균ㆍ살충제 및 농약 제조업,20321,화학 살균ㆍ살충제 및 농업용 약제 제조업,"가정용, 공중위생용, 농업용으로 사용되는 화학 살충제, 방충제, 살균 제, 소독제 및 유사 화학제품을 제조하는 산업활동을 말한다. 식물 성 장 조절용 화학 약제 및 유사 화학제품을 제조하는 산업활동도 포함 한다.","화학 살충제, 살균제, 방충제, 소독제 제조|살서제(쥐약) 제조|가정용, 공중위생용 화학 살균 및 소독제 제조","생물학적 농약, 미생물 농약, 바이러스 농약 제조",,"화학 살충제, 살균제, 방충제, 소독제|살서제(쥐약)|가정용, 공중위생용 화학 살균 및 소독제",제조,,KSIC 11차 (2024),True
242103,생물 살균ㆍ살충제 및 식물보호제 제조업,"제조업 > 화학 물질 및 화학제품 제조업; 의약품 제외 > 비료, 농약 및 살균ㆍ살충제 제조업 > 살균ㆍ살충제 및 농약 제조업 > 생물 살균ㆍ살충제 및 식물보호제 제조업",제조업,화학 물질 및 화학제품 제조업; 의약품 제외,"비료, 농약 및 살균ㆍ살충제 제조업",살균ㆍ살충제 및 농약 제조업,20322,생물 살균ㆍ살충제 및 식물보호제 제조업,"생물, 미생물, 식물 또는 천연 유기ㆍ무기 화합물을 유효 성분으로 제 조한 가정용, 공중위생용, 농업용 천연 살충제, 방충제, 살균제, 소독 제 및 유사 제품을 제조하는 산업활동을 말한다. 식물 성장 조절용 천연 약제 및 유사 제품을 제조하는 산업활동도 포함한다.","생물학적 살충제, 미생물 또는 바이러스 성분 살균|살충제 및 농 약 제조|식물성 살충|살균제 제조|생화학성 농약 제조|천연 식물 보호제 제조|진균, 세균, 바이러스 또는 원생동물 재료 농약",화학적으로 조성된 농약 제조,"가정용,공중위생용","생물학적 살충제, 미생물 또는 바이러스 성분 살균|살충제 및 농 약|식물성 살충|살균제|생화학성 농약|천연 식물 보호제|진균, 세균, 바이러스 또는 원생동물 재료 농약",제조,,KSIC 11차 (2024),True
242104,생물 살균ㆍ살충제 및 식물보호제 제조업,"제조업 > 화학 물질 및 화학제품 제조업; 의약품 제외 > 비료, 농약 및 살균ㆍ살충제 제조업 > 살균ㆍ살충제 및 농약 제조업 > 생물 살균ㆍ살충제 및 식물보호제 제조업",제조업,화학 물질 및 화학제품 제조업; 의약품 제외,"비료, 농약 및 살균ㆍ살충제 제조업",살균ㆍ살충제 및 농약 제조업,20322,생물 살균ㆍ살충제 및 식물보호제 제조업,"생물, 미생물, 식물 또는 천연 유기ㆍ무기 화합물을 유효 성분으로 제 조한 가정용, 공중위생용, 농업용 천연 살충제, 방충제, 살균제, 소독 제 및 유사 제품을 제조하는 산업활동을 말한다. 식물 성장 조절용 천연 약제 및 유사 제품을 제조하는 산업활동도 포함한다.","생물학적 살충제, 미생물 또는 바이러스 성분 살균|살충제 및 농 약 제조|식물성 살충|살균제 제조|생화학성 농약 제조|천연 식물 보호제 제조|진균, 세균, 바이러스 또는 원생동물 재료 농약",화학적으로 조성된 농약 제조,,"생물학적 살충제, 미생물 또는 바이러스 성분 살균|살충제 및 농 약|식물성 살충|살균제|생화학성 농약|천연 식물 보호제|진균, 세균, 바이러스 또는 원생동물 재료 농약",제조,,KSIC 11차 (2024),True
242201,인쇄 잉크 및 회화용 물감 제조업,"제조업 > 화학 물질 및 화학제품 제조업; 의약품 제외 > 기타 화학제품 제조업 > 잉크, 페인트, 코팅제 및 유사제품 제조업 > 인쇄 잉크 및 회화용 물감 제조업",제조업,화학 물질 및 화학제품 제조업; 의약품 제외,기타 화학제품 제조업,"잉크, 페인트, 코팅제 및 유사제품 제조업",20413,인쇄 잉크 및 회화용 물감 제조업,"농축 액체 또는 고체 형상 여부를 불문하고 인쇄용 잉크를 제조하는 산업활동과 화가, 학생, 간판 도장공 등이 사용할 수 있도록 정제, 튜 브, 병, 접시 등에 포장 또는 주입된 회구류 및 유사 물감을 제조하는 산업활동을 말한다.",인쇄용 잉크 제조|유성 회구류 제조|회화용 물감 제조|수성 회구류 제조|간판 도장공용 물감 제조,"필기용, 제도용 잉크 제조|크레용 및 파스텔 제조",인쇄용잉크,인쇄용 잉크|유성 회구류|회화용 물감|수성 회구류|간판 도장공용 물감,제조|정제|인쇄,,KSIC 11차 (2024),True
242202,인쇄 잉크 및 회화용 물감 제조업,"제조업 > 화학 물질 및 화학제품 제조업; 의약품 제외 > 기타 화학제품 제조업 > 잉크, 페인트, 코팅제 및 유사제품 제조업 > 인쇄 잉크 및 회화용 물감 제조업",제조업,화학 물질 및 화학제품 제조업; 의약품 제외,기타 화학제품 제조업,"잉크, 페인트, 코팅제 및 유사제품 제조업",20413,인쇄 잉크 및 회화용 물감 제조업,"농축 액체 또는 고체 형상 여부를 불문하고 인쇄용 잉크를 제조하는 산업활동과 화가, 학생, 간판 도장공 등이 사용할 수 있도록 정제, 튜 브, 병, 접시 등에 포장 또는 주입된 회구류 및 유사 물감을 제조하는 산업활동을 말한다.",인쇄용 잉크 제조|유성 회구류 제조|회화용 물감 제조|수성 회구류 제조|간판 도장공용 물감 제조,"필기용, 제도용 잉크 제조|크레용 및 파스텔 제조",회화용물감,인쇄용 잉크|유성 회구류|회화용 물감|수성 회구류|간판 도장공용 물감,제조|정제|인쇄,,KSIC 11차 (2024),True
242203,일반용 도료 및 관련제품 제조업,"제조업 > 화학 물질 및 화학제품 제조업; 의약품 제외 > 기타 화학제품 제조업 > 잉크, 페인트, 코팅제 및 유사제품 제조업 > 일반용 도료 및 관련제품 제조업",제조업,화학 물질 및 화학제품 제조업; 의약품 제외,기타 화학제품 제조업,"잉크, 페인트, 코팅제 및 유사제품 제조업",20411,일반용 도료 및 관련제품 제조업,"각종 용도의 도료 및 유사 피막 형성용 조제품, 칠기에 사용하는 옻 칠 및 캐슈(cashew), 도료 또는 도장 관련 제품을 제조하거나 페인트 및 에나멜 제조용으로 물이 아닌 매체에 분산한 안료, 도료 및 금속 분 등을 종이, 플라스틱 물질, 접착제 등에 지지한 것으로써 요철을 이용한 판금 및 인쇄 등에 사용되는 박(sheet) 등을 제조하는 산업활 동을 말한다.",페인트 및 바니시(varnish) 제조|에나멜(enamel) 및 래커(lacquer) 제조|유기 혼합 용제 제조|디스템퍼 제조|캐슈(cashew) 제조|도료 용제(솔벤트) 제조|수지시멘트 제조|비내화성 표면처리제 제조|콕킹 화합물(cauking compound) 제조|페인트 및 도료 제거제 제조|매스틱(mastic) 제조|바니시 제거제 제조,고객 주문에 의한 도료 혼합 소매,칠기 옻칠 및 캐슈 제조,페인트 및 바니시(varnish)|에나멜(enamel) 및 래커(lacquer)|유기 혼합 용제|디스템퍼|캐슈(cashew)|도료 용제(솔벤트)|수지시멘트|비내화성 표면처리제|콕킹 화합물(cauking compound)|페인트 및 도료 제거제|매스틱(mastic)|바니시 제거제,제조|인쇄|이용,,KSIC 11차 (2024),True
242204,일반용 도료 및 관련제품 제조업,"제조업 > 화학 물질 및 화학제품 제조업; 의약품 제외 > 기타 화학제품 제조업 > 잉크, 페인트, 코팅제 및 유사제품 제조업 > 일반용 도료 및 관련제품 제조업",제조업,화학 물질 및 화학제품 제조업; 의약품 제외,기타 화학제품 제조업,"잉크, 페인트, 코팅제 및 유사제품 제조업",20411,일반용 도료 및 관련제품 제조업,"각종 용도의 도료 및 유사 피막 형성용 조제품, 칠기에 사용하는 옻 칠 및 캐슈(cashew), 도료 또는 도장 관련 제품을 제조하거나 페인트 및 에나멜 제조용으로 물이 아닌 매체에 분산한 안료, 도료 및 금속 분 등을 종이, 플라스틱 물질, 접착제 등에 지지한 것으로써 요철을 이용한 판금 및 인쇄 등에 사용되는 박(sheet) 등을 제조하는 산업활 동을 말한다.",페인트 및 바니시(varnish) 제조|에나멜(enamel) 및 래커(lacquer) 제조|유기 혼합 용제 제조|디스템퍼 제조|캐슈(cashew) 제조|도료 용제(솔벤트) 제조|수지시멘트 제조|비내화성 표면처리제 제조|콕킹 화합물(cauking compound) 제조|페인트 및 도료 제거제 제조|매스틱(mastic) 제조|바니시 제거제 제조,고객 주문에 의한 도료 혼합 소매,,페인트 및 바니시(varnish)|에나멜(enamel) 및 래커(lacquer)|유기 혼합 용제|디스템퍼|캐슈(cashew)|도료 용제(솔벤트)|수지시멘트|비내화성 표면처리제|콕킹 화합물(cauking compound)|페인트 및 도료 제거제|매스틱(mastic)|바니시 제거제,제조|인쇄|이용,,KSIC 11차 (2024),True
242205,요업용 도포제 및 관련제품 제조업,"제조업 > 화학 물질 및 화학제품 제조업; 의약품 제외 > 기타 화학제품 제조업 > 잉크, 페인트, 코팅제 및 유사제품 제조업 > 요업용 도포제 및 관련제품 제조업",제조업,화학 물질 및 화학제품 제조업; 의약품 제외,기타 화학제품 제조업,"잉크, 페인트, 코팅제 및 유사제품 제조업",20412,요업용 도포제 및 관련제품 제조업,"요업용, 법랑용 및 유리 가공용에 사용되는 조제 안료, 조제 유백제, 조제 착색제, 법랑 유약, 유약용 화장토(slip, engobe) 및 이와 유사한 조제품을 제조하는 산업활동을 말한다.","요업용 물감 제조|액상 러스터(lustres) 제조|유약용 화장토(슬립, 엥고베) 제조|요업용 프리트(frit) 제조",,,"요업용 물감|액상 러스터(lustres)|유약용 화장토(슬립, 엥고베)|요업용 프리트(frit)",제조|가공,,KSIC 11차 (2024),True
242301,생물 의약품 제조업,제조업 > 의료용 물질 및 의약품 제조업 > 의약품 제조업 > 완제 의약품 제조업 > 생물 의약품 제조업,제조업,의료용 물질 및 의약품 제조업,의약품 제조업,완제 의약품 제조업,21211 | 21212,생물 의약품 제조업 | 합성의약품 및 기타 완제 의약품 제조업,"사람이나 다른 생물체에서 유래된 세포, 조직, 호르몬 등을 원료 또는 재료로 유전자재조합기술, 세포배양기술 등 생명공학 방식을 이용하 여 의약품을 제조하는 산업활동을 말한다. / 생물의약품으로 분류되지 않는 완제 의약품을 제조하는 산업활동을 말한다. 화학물질의 합성을 통해 화학합성 완제의약품을 제조하는 산 업활동을 포함한다. 생물학적 원천에서 유래된 물질을 원료 또는 재 료로 약효 성분을 단순 추출·정제하여 완제의약품을 제조하는 산업활 동도 포함한다.","항체치료제 제조|유전자치료제 제조|세포치료제 제조|동등생물의약품 제조|합성의약품 제조|연고, 패치(파스), 스프레이 형태 의약품 제조",생물 의약품 제조|체외 진단 시약 제조,,"항체치료제|유전자치료제|세포치료제|동등생물의약품|합성의약품|연고, 패치(파스), 스프레이 형태 의약품",제조|정제|치료|이용,,KSIC 11차 (2024),True
242302,한의약품 제조업,제조업 > 의료용 물질 및 의약품 제조업 > 의약품 제조업 > 한의약품 제조업,제조업,의료용 물질 및 의약품 제조업,의약품 제조업,한의약품 제조업,21220,한의약품 제조업,"한의학적 처방에 의한 특정 질환 예방 및 치료용으로 사용할 수 있도 록 의약용 동․식물성 물질을 배합 및 기타 조제하여 규격화한 한의 약 조제품을 제조하는 산업활동을 말한다. 그러나 각종 한의약 재료 를 절단, 소형포장 등의 처리는 판매활동의 부수적 활동으로 본다.",,개인 진단 및 처방에 의하여 조제하는 한의원,,한의약품,제조|판매|치료,,KSIC 11차 (2024),True
242303,기초 의약 물질 제조업,제조업 > 의료용 물질 및 의약품 제조업 > 기초 의약 물질 제조업,제조업,의료용 물질 및 의약품 제조업,기초 의약 물질 제조업,기초 의약 물질 제조업,21100,기초 의약 물질 제조업,"합성, 발효, 추출 또는 이의 조합을 통해 의약용 화합물을 생산하는 산업활동과 원료 상태의 의약물질, 의약품 중간체를 생산하는 산업활 동을 말한다.",의약용 화합물 제조|스트렙토마이신 제조|글리코시드 및 그 유도체 제조|엑티노마이신 제조|테트라사이크린계 항생 물질 제조|미생물 배양체 제조|살균소 및 독소 제조|동물성 의료용 물질 제조,"화학적으로 순수한 맥아당, 과당, 포도당 제조|완제 의약품 제조|생물학적 농약 제조",,의약용 화합물|스트렙토마이신|글리코시드 및 그 유도체|엑티노마이신|테트라사이크린계 항생 물질|미생물 배양체|살균소 및 독소|동물성 의료용 물질,제조|생산,,KSIC 11차 (2024),True
242304,동물용 의약품 제조업,제조업 > 의료용 물질 및 의약품 제조업 > 의약품 제조업 > 동물용 의약품 제조업,제조업,의료용 물질 및 의약품 제조업,의약품 제조업,동물용 의약품 제조업,21230,동물용 의약품 제조업,"동물의 각종 질병 치료․진단 및 예방을 위하여 직접 사용하기에 적 합한 완제품 형태(알약, 캡슐, 시럽, 주사제, 연고, 용액 등)의 약제품 을 제조하는 산업활동을 말한다.",동물용 의약품 제조,,,동물용 의약품,제조|치료,,KSIC 11차 (2024),True
242305,체외 진단 시약 제조업,제조업 > 의료용 물질 및 의약품 제조업 > 의료용품 및 기타 의약 관련제품 제조업 > 체외 진단 시약 제조업,제조업,의료용 물질 및 의약품 제조업,의료용품 및 기타 의약 관련제품 제조업,의료용품 및 기타 의약 관련제품 제조업,21301 | 21100,체외 진단 시약 제조업 | 기초 의약 물질 제조업,"인간이나 동물로부터 유래하는 검체를 체외에서 검사하기 위하여 단 독 또는 조합하여 사용하는 시약을 제조하는 산업활동을 말한다. 키 트 형태로 포장되어 있는 제품의 생산활동도 포함한다. 다양한 진단 시약 검사방식(화학적 또는 면역반응 등), 의료용이 아닌 과학용·산업 실험용 시약을 생산하는 활동은 제외한다.",혈액|소변 검사용 시약|혈액형 분류용 시약|임신진단 시약|독감진단 시약,과학용|산업 실험용 조제 및 분석 시약|환자투여용 진단시약 제조,생물학적 제제 제조,혈액|소변 검사용 시약|혈액형 분류용 시약|임신진단 시약|독감진단 시약,제조|생산|검사,,KSIC 11차 (2024),True
242309,체외 진단 시약 제조업,제조업 > 의료용 물질 및 의약품 제조업 > 의료용품 및 기타 의약 관련제품 제조업 > 체외 진단 시약 제조업,제조업,의료용 물질 및 의약품 제조업,의료용품 및 기타 의약 관련제품 제조업,의료용품 및 기타 의약 관련제품 제조업,21301 | 21309,체외 진단 시약 제조업 | 그 외 기타 의료용품 및 의약 관련제품 제조업,"인간이나 동물로부터 유래하는 검체를 체외에서 검사하기 위하여 단 독 또는 조합하여 사용하는 시약을 제조하는 산업활동을 말한다. 키 트 형태로 포장되어 있는 제품의 생산활동도 포함한다. 다양한 진단 시약 검사방식(화학적 또는 면역반응 등), 의료용이 아닌 과학용·산업 실험용 시약을 생산하는 활동은 제외한다. / 재료를 불문하고 내과용, 외과용, 치과용 및 수의과용 등의 의료적 처 치에 사용될 수 있도록 살균, 부패방지 등 특수 처리된 각종 의료용 제 품 및 기타 의약 관련제품 제조활동을 포함한다. 조","혈액|소변 검사용 시약|혈액형 분류용 시약|임신진단 시약|독감진단 시약|피임성의 화학 조제품 제조|탈지면, 창상 등 의료용 피복재, 습포제 제조|엑스선 검사용 조영제 제조|살균한 라미나리아 제조|의약품 등을 갖춘 구급상자, 구급대 제조",과학용|산업 실험용 조제 및 분석 시약|환자투여용 진단시약 제조|정형외과용품 제조|의사용 의료대|목제 구급상자 케이스|살균하지 않은 장선,,"혈액|소변 검사용 시약|혈액형 분류용 시약|임신진단 시약|독감진단 시약|피임성의 화학 조제품|탈지면, 창상 등 의료용 피복재, 습포제|엑스선 검사용 조영제|살균한 라미나리아|의약품 등을 갖춘 구급상자, 구급대",제조|생산|수의|검사,,KSIC 11차 (2024),True
242401,"치약, 비누 및 기타 세제 제조업","제조업 > 화학 물질 및 화학제품 제조업; 의약품 제외 > 기타 화학제품 제조업 > 세제, 화장품 및 광택제 제조업 > 치약, 비누 및 기타 세제 제조업",제조업,화학 물질 및 화학제품 제조업; 의약품 제외,기타 화학제품 제조업,"세제, 화장품 및 광택제 제조업",20422,"치약, 비누 및 기타 세제 제조업","각종 형태의 지방산 중합 반응을 이용하여 만든 비누, 비누로 사용되 는 유기 계면활성제품, 치약, 합성세제가 도포되거나 침적된 종이, 펠 트 및 기타 세정용 제품, 유기 계면활성제를 조제하여 액상․분상 또 는 페이스트상의 합성세제 및 세정제를 제조하는 산업활동을 말한다. 원료 상태의 글리세린을 제조하는 산업활동도 포함한다.",합성 세정제 제조|글리세린 제조,샴푸 및 면도용 조제품 제조,세탁비누,합성 세정제|글리세린,제조|정제|이용,,KSIC 11차 (2024),True
242402,"치약, 비누 및 기타 세제 제조업","제조업 > 화학 물질 및 화학제품 제조업; 의약품 제외 > 기타 화학제품 제조업 > 세제, 화장품 및 광택제 제조업 > 치약, 비누 및 기타 세제 제조업",제조업,화학 물질 및 화학제품 제조업; 의약품 제외,기타 화학제품 제조업,"세제, 화장품 및 광택제 제조업",20422,"치약, 비누 및 기타 세제 제조업","각종 형태의 지방산 중합 반응을 이용하여 만든 비누, 비누로 사용되 는 유기 계면활성제품, 치약, 합성세제가 도포되거나 침적된 종이, 펠 트 및 기타 세정용 제품, 유기 계면활성제를 조제하여 액상․분상 또 는 페이스트상의 합성세제 및 세정제를 제조하는 산업활동을 말한다. 원료 상태의 글리세린을 제조하는 산업활동도 포함한다.",합성 세정제 제조|글리세린 제조,샴푸 및 면도용 조제품 제조,,합성 세정제|글리세린,제조|정제|이용,,KSIC 11차 (2024),True
242403,화장품 제조업,"제조업 > 화학 물질 및 화학제품 제조업; 의약품 제외 > 기타 화학제품 제조업 > 세제, 화장품 및 광택제 제조업 > 화장품 제조업",제조업,화학 물질 및 화학제품 제조업; 의약품 제외,기타 화학제품 제조업,"세제, 화장품 및 광택제 제조업",20423,화장품 제조업,"향수 및 화장수, 화장품을 제조하는 산업활동으로서 미용 또는 안면 보호용, 두발용 또는 면도용, 목욕용 조제품과 인체용 탈취제, 탈모제 등을 제조하는 산업활동을 포함한다.",샴푸 제조|헤어 스프레이 제조|향낭 제조|콘택트렌즈 세정액 제조|의안용 세정액 제조|구강 세척제(치약 제외) 제조|가향한 목욕용 염 제조|내발한제 제조|구강 위생용품 제조,실내 가향제 제조|치약 제조,,샴푸|헤어 스프레이|향낭|콘택트렌즈 세정액|의안용 세정액|구강 세척제(치약 제외)|가향한 목욕용 염|내발한제|구강 위생용품,제조|미용,,KSIC 11차 (2024),True
242404,계면활성제 제조업,"제조업 > 화학 물질 및 화학제품 제조업; 의약품 제외 > 기타 화학제품 제조업 > 세제, 화장품 및 광택제 제조업 > 계면활성제 제조업",제조업,화학 물질 및 화학제품 제조업; 의약품 제외,기타 화학제품 제조업,"세제, 화장품 및 광택제 제조업",20421,계면활성제 제조업,"섬유, 종이, 펄프, 화장품 및 세척제, 농약 등의 제조 가공에 사용되는 유기 또는 조제 계면활성제를 제조하는 산업활동을 말한다.",,비누 및 합성세제 제조,,계면활성제,제조|가공,,KSIC 11차 (2024),True
242405,표면 광택제 및 실내 가향제 제조업,"제조업 > 화학 물질 및 화학제품 제조업; 의약품 제외 > 기타 화학제품 제조업 > 세제, 화장품 및 광택제 제조업 > 표면 광택제 및 실내 가향제 제조업",제조업,화학 물질 및 화학제품 제조업; 의약품 제외,기타 화학제품 제조업,"세제, 화장품 및 광택제 제조업",20424,표면 광택제 및 실내 가향제 제조업,"가구, 금속, 신발, 마룻바닥, 차량 유리 등의 표면 광택용 인조왁스, 광택제, 조제 연마분 및 페이스트 등을 제조하는 산업활동을 말한다. 이러한 광택제 및 연마용 조제품을 종이, 펠트 및 기타 물질에 도포 또는 피복한 제품을 제조하거나 실내용 가향 및 방향제 등을 제조하 는 산업활동도 포함한다.","신발 광택제 및 크림 제조|마루 광택제 및 크림 제조|아가바티(agarbatti, 인도 분향) 및 기타 분향 제조|실내용 방향제품(악취 방지용)|분향(제사용) 제조|조제 연마페이스트 제조",,표면광택제,"신발 광택제 및 크림|마루 광택제 및 크림|아가바티(agarbatti, 인도 분향) 및 기타 분향|실내용 방향제품(악취 방지용)|분향(제사용)|조제 연마페이스트",제조,,KSIC 11차 (2024),True
242406,표면 광택제 및 실내 가향제 제조업,"제조업 > 화학 물질 및 화학제품 제조업; 의약품 제외 > 기타 화학제품 제조업 > 세제, 화장품 및 광택제 제조업 > 표면 광택제 및 실내 가향제 제조업",제조업,화학 물질 및 화학제품 제조업; 의약품 제외,기타 화학제품 제조업,"세제, 화장품 및 광택제 제조업",20424,표면 광택제 및 실내 가향제 제조업,"가구, 금속, 신발, 마룻바닥, 차량 유리 등의 표면 광택용 인조왁스, 광택제, 조제 연마분 및 페이스트 등을 제조하는 산업활동을 말한다. 이러한 광택제 및 연마용 조제품을 종이, 펠트 및 기타 물질에 도포 또는 피복한 제품을 제조하거나 실내용 가향 및 방향제 등을 제조하 는 산업활동도 포함한다.","신발 광택제 및 크림 제조|마루 광택제 및 크림 제조|아가바티(agarbatti, 인도 분향) 및 기타 분향 제조|실내용 방향제품(악취 방지용)|분향(제사용) 제조|조제 연마페이스트 제조",,실내가향제,"신발 광택제 및 크림|마루 광택제 및 크림|아가바티(agarbatti, 인도 분향) 및 기타 분향|실내용 방향제품(악취 방지용)|분향(제사용)|조제 연마페이스트",제조,,KSIC 11차 (2024),True
242901,접착제 및 젤라틴 제조업,제조업 > 화학 물질 및 화학제품 제조업; 의약품 제외 > 기타 화학제품 제조업 > 그 외 기타 화학제품 제조업 > 접착제 및 젤라틴 제조업,제조업,화학 물질 및 화학제품 제조업; 의약품 제외,기타 화학제품 제조업,그 외 기타 화학제품 제조업,20493,접착제 및 젤라틴 제조업,"아교, 접착제, 젤라틴, 펩톤 및 기타 펩톤 성분과 이들의 유도체를 제 조하는 산업활동을 말한다. 고무 또는 플라스틱 물질을 주성분으로 접착제를 제조하는 산업활동도 포함한다.","젤라틴 캡슐 제조|카세인염과 카세인 유도체 제조|알부민(난백 제외), 알부민산염 및 그 유도체 제조",전분제 식용 및 의약용 캡슐 제조,,"젤라틴 캡슐|카세인염과 카세인 유도체|알부민(난백 제외), 알부민산염 및 그 유도체",제조,,KSIC 11차 (2024),True
242902,마그네틱 및 광학 매체 제조업,"제조업 > 전자 부품, 컴퓨터, 영상, 음향 및 통신장비 제조업 > 마그네틱 및 광학 매체 제조업",제조업,"전자 부품, 컴퓨터, 영상, 음향 및 통신장비 제조업",마그네틱 및 광학 매체 제조업,마그네틱 및 광학 매체 제조업,26600,마그네틱 및 광학 매체 제조업,마그네틱 또는 광학에 의한 각종 기록 매체를 제조하는 산업활동을 말한다.,디스켓(기록되지 않은 것) 제조|광학 디스크(기록되지 않은 것) 제조|CD(기록되지 않은 것) 제조,스트라이프 또는 칩이 자장된 마그네틱 카드 제조|기록된 매체의 복제|감광성 사진 인화지 제조,,디스켓(기록되지 않은 것)|광학 디스크(기록되지 않은 것)|CD(기록되지 않은 것),제조,,KSIC 11차 (2024),True
242903,그 외 기타 분류 안된 화학제품 제조업,제조업 > 화학 물질 및 화학제품 제조업; 의약품 제외 > 기타 화학제품 제조업 > 그 외 기타 화학제품 제조업 > 그 외 기타 분류 안된 화학제품 제조업,제조업,화학 물질 및 화학제품 제조업; 의약품 제외,기타 화학제품 제조업,그 외 기타 화학제품 제조업,20499,그 외 기타 분류 안된 화학제품 제조업,"향수, 식품, 음료 등의 향료로 사용되는 동․식물성의 방향유(정유), 동식물성 수지질 재료로 만든 레지노이드, 정유 농축물, 정유의 테르 펜계 부산물․혼합물․수성 증류액 및 용액 등을 제조하는 산업활동; 광물성, 동물성 및 식물성 재료 등을 혼합․조합하여 각종 재료 처리 용 조제 윤활제품(석유 성분 함유량 70% 미만)을 제조하는 산업활동; 필기용 잉크, 용접용 분 또는 페이스트 및 금속 표면처리 용제, 활성 탄, 고무 가황 촉진제, 촉매제 및 기타 산업용 화학제품, 안티녹제, 부 동액, 실험실용 시약 등을 제조하는 산업활동을 포함한다.","정유 혼합물 제조|정유 수성 증류액 및 용액 제조|합성 향료 혼합물 제조|정유 테르펜계 화합물 제조|조제 그리스 제조(석유류 함유량 70% 미만)|활성탄 제조|조제 절삭제 제조|소화기용 조제품 제조|전자공업용 화학 원소 및 화합물 제조|도금용 조제품 제조|조제 유기 과산화물 제조|고무, 플라스틱용 복합 가소제 제조|조형용 페이스트(반죽) 제조|고무, 플라스틱용 산화방지 조제품|부동액 등 동결 방지제|LCD용 액정액 제조|이화학 시험관용 진단 시약|의학용ㆍ수의학용ㆍ과학용ㆍ산업 실험용 조제 및 분석 시약|이화학용 시약 관련 조립용품 묶음(키트)|필기용, 제도용 잉크 제조",환자 투여용 진단 시약 제조|인쇄 잉크 제조|미생물용 조제 배양제 제조,재료처리용 조제윤활제품,"정유 혼합물|정유 수성 증류액 및 용액|합성 향료 혼합물|정유 테르펜계 화합물|조제 그리스 제조(석유류 함유량 70% 미만)|활성탄|조제 절삭제|소화기용 조제품|전자공업용 화학 원소 및 화합물|도금용 조제품|조제 유기 과산화물|고무, 플라스틱용 복합 가소제|조형용 페이스트(반죽)|고무, 플라스틱용 산화방지 조제품|부동액 등 동결 방지제",제조|조립|리스|시험|분석|수의,,KSIC 11차 (2024),True
242904,가공 및 정제염 제조업,제조업 > 화학 물질 및 화학제품 제조업; 의약품 제외 > 기타 화학제품 제조업 > 그 외 기타 화학제품 제조업 > 가공 및 정제염 제조업,제조업,화학 물질 및 화학제품 제조업; 의약품 제외,기타 화학제품 제조업,그 외 기타 화학제품 제조업,20492,가공 및 정제염 제조업,천일염을 재처리하거나 해수를 이온교환 분리 및 결합 방법 등으로 처리하여 가공염 및 정제염을 제조하는 산업활동을 말한다.,기계염 제조|가공염 제조,"식탁용 맛소금 제조, 구운 소금 제조",,기계염|가공염,제조|가공|정제,,KSIC 11차 (2024),True
242905,감광 재료 및 관련 화학제품 제조업,제조업 > 화학 물질 및 화학제품 제조업; 의약품 제외 > 기타 화학제품 제조업 > 그 외 기타 화학제품 제조업 > 감광 재료 및 관련 화학제품 제조업,제조업,화학 물질 및 화학제품 제조업; 의약품 제외,기타 화학제품 제조업,그 외 기타 화학제품 제조업,20491,감광 재료 및 관련 화학제품 제조업,"영상 및 기타 현상 기록용 감광성 판, 필름, 종이, 판지와 사진처리용 화학제품을 제조하는 산업활동을 말한다.",감광성 사진 인화지 및 판지 제조|사진처리용 단일 화학 물질 제조|프린터용 토너 및 토너 카트리지,,,감광성 사진 인화지 및 판지|사진처리용 단일 화학 물질|프린터용 토너 및 토너 카트리지,제조,,KSIC 11차 (2024),True
242906,화약 및 불꽃제품 제조업,제조업 > 화학 물질 및 화학제품 제조업; 의약품 제외 > 기타 화학제품 제조업 > 그 외 기타 화학제품 제조업 > 화약 및 불꽃제품 제조업,제조업,화학 물질 및 화학제품 제조업; 의약품 제외,기타 화학제품 제조업,그 외 기타 화학제품 제조업,20494,화약 및 불꽃제품 제조업,"여러 가지 형태의 추진(발사) 화약, 조제 폭약, 신관, 뇌관, 점화기 및 불꽃제품 등을 생산하는 산업활동을 말한다.",점화기 제조|신호용 조명탄 제조|폭죽 제조|성냥 제조,"양초 제조|포탄, 폭탄 및 총탄 제조",,점화기|신호용 조명탄|폭죽|성냥,제조|생산,,KSIC 11차 (2024),True
242907,체외 진단 시약 제조업,제조업 > 의료용 물질 및 의약품 제조업 > 의료용품 및 기타 의약 관련제품 제조업 > 체외 진단 시약 제조업,제조업,의료용 물질 및 의약품 제조업,의료용품 및 기타 의약 관련제품 제조업,의료용품 및 기타 의약 관련제품 제조업,21301 | 20499,체외 진단 시약 제조업 | 그 외 기타 분류 안된 화학제품 제조업,"인간이나 동물로부터 유래하는 검체를 체외에서 검사하기 위하여 단 독 또는 조합하여 사용하는 시약을 제조하는 산업활동을 말한다. 키 트 형태로 포장되어 있는 제품의 생산활동도 포함한다. 다양한 진단 시약 검사방식(화학적 또는 면역반응 등), 의료용이 아닌 과학용·산업 실험용 시약을 생산하는 활동은 제외한다.",혈액|소변 검사용 시약|혈액형 분류용 시약|임신진단 시약|독감진단 시약,과학용|산업 실험용 조제 및 분석 시약|환자투여용 진단시약 제조,,혈액|소변 검사용 시약|혈액형 분류용 시약|임신진단 시약|독감진단 시약,제조|생산|검사,,KSIC 11차 (2024),True
242908,바이오 연료 및 혼합물 제조업,제조업 > 화학 물질 및 화학제품 제조업; 의약품 제외 > 기타 화학제품 제조업 > 그 외 기타 화학제품 제조업 > 바이오 연료 및 혼합물 제조업,제조업,화학 물질 및 화학제품 제조업; 의약품 제외,기타 화학제품 제조업,그 외 기타 화학제품 제조업,20495,바이오 연료 및 혼합물 제조업,"동․식물성 유지, 식물, 해조류, 축산 폐기물 등을 재료로 추출 및 발 효 등의 공정을 거쳐 연료용, 발전용 등에 사용하는 바이오 디젤, 바 이오 에탄올, 바이오 가스 등을 생산하는 산업활동을 말한다. 바이오 연료와 석유 및 역청유 혼합물(중량 기준으로 석유 및 역청유 함유량 이 70% 미만)을 제조하는 산업활동을 포함한다.",,,,바이오 연료 및 혼합물,제조|생산,,KSIC 11차 (2024),True
243000,합성섬유 제조업,제조업 > 화학 물질 및 화학제품 제조업; 의약품 제외 > 화학섬유 제조업 > 합성섬유 제조업,제조업,화학 물질 및 화학제품 제조업; 의약품 제외,화학섬유 제조업,화학섬유 제조업,20501,합성섬유 제조업,"석탄 혹은 석유 증류물 등을 원료로 유기 단량체(모노머)를 중합하고 필라멘트사, 스트립, 토우 및 스테이플 상태의 합성섬유를 제조하는 산업활동을 말한다.",나일론 및 비닐론 제조|아라미드 합성섬유 제조|폴리염화비닐리덴 섬유 제조|폴리염화비닐 섬유 제조|폴리에스터 섬유 제조|폴리에틸렌 섬유 제조|아크릴 섬유 제조|폴리프로필렌 섬유 제조,,,나일론 및 비닐론|아라미드 합성섬유|폴리염화비닐리덴 섬유|폴리염화비닐 섬유|폴리에스터 섬유|폴리에틸렌 섬유|아크릴 섬유|폴리프로필렌 섬유,제조,,KSIC 11차 (2024),True
243001,재생 섬유 제조업,제조업 > 화학 물질 및 화학제품 제조업; 의약품 제외 > 화학섬유 제조업 > 재생 섬유 제조업,제조업,화학 물질 및 화학제품 제조업; 의약품 제외,화학섬유 제조업,화학섬유 제조업,20502,재생 섬유 제조업,"섬유소, 카제인, 단백질 및 해조류 등과 같은 천연 유기 폴리머(중합 체)를 화학적으로 재생 또는 반합성하여 유기 폴리머섬유를 제조하는 산업활동을 말한다.",레이온 섬유 제조|초산 셀룰로오스 섬유 제조|아세테이트 섬유 제조|알기네이트 섬유 제조,구입한 화학섬유를 방적하여 화학섬유사를 제조하는 경우,,레이온 섬유|초산 셀룰로오스 섬유|아세테이트 섬유|알기네이트 섬유,제조,,KSIC 11차 (2024),True
251101,고무 타이어 및 튜브 제조업,제조업 > 고무 및 플라스틱제품 제조업 > 고무제품 제조업 > 고무 타이어 및 튜브 생산업 > 고무 타이어 및 튜브 제조업,제조업,고무 및 플라스틱제품 제조업,고무제품 제조업,고무 타이어 및 튜브 생산업,22110,고무 타이어 및 튜브 제조업,"각종 차량, 항공기, 자전거, 이륜 자동차 등에 사용되는 타이어, 튜브 및 재생용 부분품을 생산하는 산업활동을 말한다. 중고 타이어를 재 생하는 산업활동도 포함한다.",이너 튜브 제조|고무제 공기 타이어 제조|고무제 솔리드 타이어 제조|고무 타이어 재생용 캐멀백(camel back) 스트립 제조|타이어 트레드 고무 제조,폐타이어를 이용한 고무분말 생산,,이너 튜브|고무제 공기 타이어|고무제 솔리드 타이어|고무 타이어 재생용 캐멀백(camel back) 스트립|타이어 트레드 고무,제조|생산,,KSIC 11차 (2024),True
251102,고무 타이어 및 튜브 제조업,제조업 > 고무 및 플라스틱제품 제조업 > 고무제품 제조업 > 고무 타이어 및 튜브 생산업 > 고무 타이어 및 튜브 제조업,제조업,고무 및 플라스틱제품 제조업,고무제품 제조업,고무 타이어 및 튜브 생산업,22110,고무 타이어 및 튜브 제조업,"각종 차량, 항공기, 자전거, 이륜 자동차 등에 사용되는 타이어, 튜브 및 재생용 부분품을 생산하는 산업활동을 말한다. 중고 타이어를 재 생하는 산업활동도 포함한다.",이너 튜브 제조|고무제 공기 타이어 제조|고무제 솔리드 타이어 제조|고무 타이어 재생용 캐멀백(camel back) 스트립 제조|타이어 트레드 고무 제조,폐타이어를 이용한 고무분말 생산,재생타이어,이너 튜브|고무제 공기 타이어|고무제 솔리드 타이어|고무 타이어 재생용 캐멀백(camel back) 스트립|타이어 트레드 고무,제조|생산,,KSIC 11차 (2024),True
251901,산업용 그 외 비경화 고무제품 제조업,제조업 > 고무 및 플라스틱제품 제조업 > 고무제품 제조업 > 기타 고무제품 제조업 > 산업용 그 외 비경화 고무제품 제조업,제조업,고무 및 플라스틱제품 제조업,고무제품 제조업,기타 고무제품 제조업,22192,산업용 그 외 비경화 고무제품 제조업,"비경화 고무 배합물․용액 및 분산액, 1차 형태 및 기타 형태의 산업 용 비경화 고무제품을 제조하는 산업활동을 말한다. 이러한 제품은 가황하거나 방직용 섬유물질, 철심 등으로 보강한 것을 포함한다.",배합고무 라텍스 제조|고무봉|호스 제조|기계용 비경화 고무제품 제조|전동용 벨트 제조(고무 피복)|고무를 주재료로 만든 접착 테이프 제조,고무사 세폭직물 직조|타이어코드 직물 제조|재생 타이어용 캐멀백 스트립 제조|위생용 비경화 고무제품 제조|경화 고무제품 제조,,배합고무 라텍스|고무봉|호스|기계용 비경화 고무제품|전동용 벨트 제조(고무 피복)|고무를 주재료로 만든 접착 테이프,제조,,KSIC 11차 (2024),True
251902,그 외 기타 고무제품 제조업,제조업 > 고무 및 플라스틱제품 제조업 > 고무제품 제조업 > 기타 고무제품 제조업 > 그 외 기타 고무제품 제조업,제조업,고무 및 플라스틱제품 제조업,고무제품 제조업,기타 고무제품 제조업,22199,그 외 기타 고무제품 제조업,각종 형태의 경화 고무제품 및 발포 성형 고무제품을 제조하거나 구 입한 1차 형태의 비경화 고무제품을 절단․접합․표면 가공하여 각종 고무제품을 제조하는 산업활동을 포함한다.,지우개 제조|고무 밴드 제조|고무 스펀지 제조|비경화 고무 가공품 제조|쿠션 및 베개 제조|바닥깔개와 매트 제조|고무제 자석 제조,고무 재생제품 제조용 가공 이차원료 생산|고무자석 원료인 고무제품 제조,,지우개|고무 밴드|고무 스펀지|비경화 고무 가공품|쿠션 및 베개|바닥깔개와 매트|고무제 자석,제조|가공|성형,,KSIC 11차 (2024),True
251903,고무 패킹류 제조업,제조업 > 고무 및 플라스틱제품 제조업 > 고무제품 제조업 > 기타 고무제품 제조업 > 고무 패킹류 제조업,제조업,고무 및 플라스틱제품 제조업,고무제품 제조업,기타 고무제품 제조업,22191,고무 패킹류 제조업,"관 이음매 또는 틈새 따위에 물이나 공기가 새지 않도록 끼워 넣는 고무제 개스킷, 마개, 와셔, 실(seal, 봉함재) 등 밀봉용 고무제품을 제 조하는 산업활동을 말한다. 이러한 제품은 가황하거나 방직용 섬유물 질, 철심 등으로 보강한 것을 포함한다.","고무 패킹 제조|고무 디스크(disc), 링(ring) 및 와셔(washer) 제조",,,고무 패킹,제조,,KSIC 11차 (2024),True
251904,고무 의류 및 기타 위생용 비경화 고무제품 제조업,제조업 > 고무 및 플라스틱제품 제조업 > 고무제품 제조업 > 기타 고무제품 제조업 > 고무 의류 및 기타 위생용 비경화 고무제품 제조업,제조업,고무 및 플라스틱제품 제조업,고무제품 제조업,기타 고무제품 제조업,22193,고무 의류 및 기타 위생용 비경화 고무제품 제조업,"비경화 가황 고무를 압출․성형․접합하여 의복, 의복 액세서리 및 기타 위생용 고무제품을 제조하는 산업활동을 말한다.",고무 장갑 및 모자 제조|방사선 방호복 제조|잠수복 제조|고무 젖꼭지 제조|의류 및 의류 부속품 제조|콘돔 및 피임용품 제조|위생용품 및 의료용품 제조,고무 신발 제조,,고무 장갑 및 모자|방사선 방호복|잠수복|고무 젖꼭지|의류 및 의류 부속품|콘돔 및 피임용품|위생용품 및 의료용품,제조|성형,,KSIC 11차 (2024),True
252101,"플라스틱 선, 봉, 관 및 호스 제조업","제조업 > 고무 및 플라스틱제품 제조업 > 플라스틱 제품 제조업 > 1차 플라스틱제품 제조업 > 플라스틱 선, 봉, 관 및 호스 제조업",제조업,고무 및 플라스틱제품 제조업,플라스틱 제품 제조업,1차 플라스틱제품 제조업,22211,"플라스틱 선, 봉, 관 및 호스 제조업","원료 상태의 플라스틱 물질을 비발포 성형하여 선, 봉, 관 및 관 연결 구류, 튜브, 호스, 벨트 및 유사제품을 제조하는 산업활동을 말한다.",,,,"플라스틱 선, 봉, 관 및 호스",제조|성형,,KSIC 11차 (2024),True
252102,플라스틱 필름 제조업,제조업 > 고무 및 플라스틱제품 제조업 > 플라스틱 제품 제조업 > 1차 플라스틱제품 제조업 > 플라스틱 필름 제조업,제조업,고무 및 플라스틱제품 제조업,플라스틱 제품 제조업,1차 플라스틱제품 제조업,22212,플라스틱 필름 제조업,"원료 상태의 플라스틱 물질을 비발포 성형하여 두께 0.25mm 미만의 연질성, 경질성 플라스틱 필름, 스트립, 포일, 랩 등을 제조하는 산업 활동을 말한다.",폴리에틸렌 필름(PE) 제조|폴리프로필렌 필름(PP) 제조|폴리염화비닐 필름(PVC) 제조|폴리에스터 필름(PET) 제조,"벽, 바닥 피복용 플라스틱제품 제조|플라스틱 합성피혁 제조",폴리에틸렌필름의 농협 납품분,폴리에틸렌 필름(PE)|폴리프로필렌 필름(PP)|폴리염화비닐 필름(PVC)|폴리에스터 필름(PET),제조|성형,,KSIC 11차 (2024),True
252103,플라스틱 합성피혁 제조업,제조업 > 고무 및 플라스틱제품 제조업 > 플라스틱 제품 제조업 > 1차 플라스틱제품 제조업 > 플라스틱 합성피혁 제조업,제조업,고무 및 플라스틱제품 제조업,플라스틱 제품 제조업,1차 플라스틱제품 제조업,22214,플라스틱 합성피혁 제조업,섬유 물질 등의 지지물에 플라스틱 물질을 피복 성형하여 플라스틱 합성피혁을 제조하는 산업활동을 말한다.,,섬유물질을 주재료로 하고 플라스틱 물질을 도포하는 경우,,플라스틱 합성피혁,제조|성형,,KSIC 11차 (2024),True
252105,플라스틱 필름 제조업,제조업 > 고무 및 플라스틱제품 제조업 > 플라스틱 제품 제조업 > 1차 플라스틱제품 제조업 > 플라스틱 필름 제조업,제조업,고무 및 플라스틱제품 제조업,플라스틱 제품 제조업,1차 플라스틱제품 제조업,22212,플라스틱 필름 제조업,"원료 상태의 플라스틱 물질을 비발포 성형하여 두께 0.25mm 미만의 연질성, 경질성 플라스틱 필름, 스트립, 포일, 랩 등을 제조하는 산업 활동을 말한다.",폴리에틸렌 필름(PE) 제조|폴리프로필렌 필름(PP) 제조|폴리염화비닐 필름(PVC) 제조|폴리에스터 필름(PET) 제조,"벽, 바닥 피복용 플라스틱제품 제조|플라스틱 합성피혁 제조",,폴리에틸렌 필름(PE)|폴리프로필렌 필름(PP)|폴리염화비닐 필름(PVC)|폴리에스터 필름(PET),제조|성형,,KSIC 11차 (2024),True
252106,플라스틱 시트 및 판 제조업,제조업 > 고무 및 플라스틱제품 제조업 > 플라스틱 제품 제조업 > 1차 플라스틱제품 제조업 > 플라스틱 시트 및 판 제조업,제조업,고무 및 플라스틱제품 제조업,플라스틱 제품 제조업,1차 플라스틱제품 제조업,22213,플라스틱 시트 및 판 제조업,"원료 상태의 플라스틱 물질을 비발포 성형하여 스트립, 시트, 판상의 플라스틱제품을 제조하는 산업활동을 말한다.",플라스틱 시트(0.25mm 이상 연질성 제품) 제조|플라스틱 판(0.25mm 이상 경질성 제품) 제조,"벽, 바닥 피복용 플라스틱제품 제조|플라스틱 합성피혁 제조",,플라스틱 시트(0.25mm 이상 연질성 제품)|플라스틱 판(0.25mm 이상 경질성 제품),제조|성형,,KSIC 11차 (2024),True
252200,폴리스티렌 발포 성형제품 제조업,제조업 > 고무 및 플라스틱제품 제조업 > 플라스틱 제품 제조업 > 플라스틱 발포 성형제품 제조업 > 폴리스티렌 발포 성형제품 제조업,제조업,고무 및 플라스틱제품 제조업,플라스틱 제품 제조업,플라스틱 발포 성형제품 제조업,22251,폴리스티렌 발포 성형제품 제조업,"원료 상태의 폴리스티렌 수지에 탄화수소 가스 등을 주입시킨 후 이 를 증기로 부풀린 발포 성형제품을 제조하는 산업활동을 말한다. 폴 리스티렌 발포 성형제품은 내수성ㆍ단열성ㆍ방음성ㆍ완충성 등이 우 수하여 컵, 그릇, 접시, 포장 용기, 운송용 포장재, 건축재료, 농수산물 상자 등에 널리 사용된다. 발포 원단을 구입하여 성형제품을 제조하 는 경우도 포함한다.",스티로폼 제조|정형 스티로폼 제품 제조|EPS(expanded polystyrene) 성형제품 제조|EPS제 아이스박스ㆍ부표 제조,플라스틱 합성피혁 제조|벽 및 바닥 피복용 플라스틱 제품 제조|우레탄 발포 성형제품(우레탄폼) 제조,,스티로폼|정형 스티로폼 제품|EPS(expanded polystyrene) 성형제품|EPS제 아이스박스ㆍ부표,제조|성형|운송|리스,,KSIC 11차 (2024),True
252201,기타 플라스틱 발포 성형제품 제조업,제조업 > 고무 및 플라스틱제품 제조업 > 플라스틱 제품 제조업 > 플라스틱 발포 성형제품 제조업 > 기타 플라스틱 발포 성형제품 제조업,제조업,고무 및 플라스틱제품 제조업,플라스틱 제품 제조업,플라스틱 발포 성형제품 제조업,22259,기타 플라스틱 발포 성형제품 제조업,"원료 상태의 폴리우레탄, 폴리프로필렌 등 플라스틱 물질(폴리스티렌 제외)을 발포 성형하여 판, 관, 용기 등 각종 용도의 발포 성형제품을 제조하는 산업활동을 말한다. 건축용, 포장용, 기계․장비 조립용 등 각종 용도의 발포 성형제품 제조를 포함하며, 발포 원단을 구입하여 성형제품을 제조하는 경우도 포함한다.",우레탄 스펀지 제조|우레탄 발포 성형제품 제조,스티로폼 제조|정형 스티로폼 제품 제조|플라스틱 합성피혁 제조|벽 및 바닥 피복용 플라스틱 제품 제조,,우레탄 스펀지|우레탄 발포 성형제품,제조|조립|성형|리스,,KSIC 11차 (2024),True
252301,설치용 및 위생용 플라스틱제품 제조업,제조업 > 고무 및 플라스틱제품 제조업 > 플라스틱 제품 제조업 > 건축용 플라스틱제품 제조업 > 설치용 및 위생용 플라스틱제품 제조업,제조업,고무 및 플라스틱제품 제조업,플라스틱 제품 제조업,건축용 플라스틱제품 제조업,22222,설치용 및 위생용 플라스틱제품 제조업,"플라스틱 물질을 성형하여 설치용 또는 저장용의 목욕통, 배관 조직, 탱크 및 유사용기 등을 성형 제조하는 산업활동을 말한다. 변기용 시 트 및 커버 등 배관 조직에 결합되는 위생용 플라스틱 제품을 제조하 는 경우도 포함한다. 가정용 일반 플라스틱 용품, 포장용 또는 운반용 플라스틱 용기를 제조하는 산업활동은 제외된다.","세면기, 화장실용 팬, 분뇨 정화조 제조","1차형 플라스틱제품을 절단|가공 및 조립하여 창틀, 문 제조 제",,"세면기, 화장실용 팬, 분뇨 정화조",제조|성형|설치,,KSIC 11차 (2024),True
252303,벽 및 바닥 피복용 플라스틱 제품 제조업,제조업 > 고무 및 플라스틱제품 제조업 > 플라스틱 제품 제조업 > 건축용 플라스틱제품 제조업 > 벽 및 바닥 피복용 플라스틱 제품 제조업,제조업,고무 및 플라스틱제품 제조업,플라스틱 제품 제조업,건축용 플라스틱제품 제조업,22221,벽 및 바닥 피복용 플라스틱 제품 제조업,"원료 상태의 플라스틱 물질을 비발포 성형하여 롤상 또는 타일상 등 의 벽, 천장 및 바닥 피복용 제품(접착성을 가진 제품 포함)을 제조하 는 산업활동을 말한다.",비닐 벽지 제조|플라스틱제 타일 제조|플라스틱제 벽돌 제조|바닥 피복용 플라스틱 제품 제조|플라스틱제 바닥깔개,,,비닐 벽지|플라스틱제 타일|플라스틱제 벽돌|바닥 피복용 플라스틱 제품|플라스틱제 바닥깔개,제조|성형,,KSIC 11차 (2024),True
252400,플라스틱 창호 제조업,제조업 > 고무 및 플라스틱제품 제조업 > 플라스틱 제품 제조업 > 건축용 플라스틱제품 제조업 > 플라스틱 창호 제조업,제조업,고무 및 플라스틱제품 제조업,플라스틱 제품 제조업,건축용 플라스틱제품 제조업,22223,플라스틱 창호 제조업,"1차 형태의 플라스틱 제품을 절단, 접합, 조립 및 기타 방법으로 가공 하여 플라스틱 물질이 주된 재료가 되는 플라스틱 문, 창문, 문틀 등 을 제조하는 산업활동을 말한다.",창문 및 문틀 제조,,,창문 및 문틀,제조|가공|조립,,KSIC 11차 (2024),True
252401,기타 건축용 플라스틱 조립제품 제조업,제조업 > 고무 및 플라스틱제품 제조업 > 플라스틱 제품 제조업 > 건축용 플라스틱제품 제조업 > 기타 건축용 플라스틱 조립제품 제조업,제조업,고무 및 플라스틱제품 제조업,플라스틱 제품 제조업,건축용 플라스틱제품 제조업,22229,기타 건축용 플라스틱 조립제품 제조업,"1차 형태의 플라스틱 제품을 성형, 절단, 접합, 조립 등의 방법으로 가공하여 플라스틱이 주된 재료가 되는 기타 건축용 조립 구조재를 제조하는 산업활동을 말한다.",플라스틱제 건축 구조재 제조,새시바 등 1차 형태의 건축용 플라스틱제품 제조|플라스틱 창호 제조,,플라스틱제 건축 구조재,제조|가공|조립|성형,,KSIC 11차 (2024),True
252402,"플라스틱 포대, 봉투 및 유사제품 제조업","제조업 > 고무 및 플라스틱제품 제조업 > 플라스틱 제품 제조업 > 포장용 플라스틱제품 제조업 > 플라스틱 포대, 봉투 및 유사제품 제조업",제조업,고무 및 플라스틱제품 제조업,플라스틱 제품 제조업,포장용 플라스틱제품 제조업,22231,"플라스틱 포대, 봉투 및 유사제품 제조업","플라스틱 필름, 시트, 판 등을 절단․접합하여 상품 포장 또는 운반용 포대, 봉투 및 기타 유사 용기를 제조하는 산업활동을 말한다.",플라스틱 포대 제조|플라스틱 봉투 제조,재봉방법에 의한 플라스틱 포대 제조,,플라스틱 포대|플라스틱 봉투,제조,,KSIC 11차 (2024),True
252403,플라스틱 접착처리 제품 제조업,제조업 > 고무 및 플라스틱제품 제조업 > 플라스틱 제품 제조업 > 기타 플라스틱 제품 제조업 > 플라스틱 접착처리 제품 제조업,제조업,고무 및 플라스틱제품 제조업,플라스틱 제품 제조업,기타 플라스틱 제품 제조업,22291,플라스틱 접착처리 제품 제조업,"플라스틱 제품 표면에 접착 물질을 처리한 판, 시트, 필름, 박, 테이프 또는 스트립과 기타 평면 및 롤 형태의 제품을 제조하는 산업활동을 말한다.",접착용 비닐테이프 제조,플라스틱제 합성피혁 제조,,접착용 비닐테이프,제조,,KSIC 11차 (2024),True
252404,"플라스틱 적층, 도포 및 기타 표면처리 제품 제조업","제조업 > 고무 및 플라스틱제품 제조업 > 플라스틱 제품 제조업 > 기타 플라스틱 제품 제조업 > 플라스틱 적층, 도포 및 기타 표면처리 제품 제조업",제조업,고무 및 플라스틱제품 제조업,플라스틱 제품 제조업,기타 플라스틱 제품 제조업,22292,"플라스틱 적층, 도포 및 기타 표면처리 제품 제조업","플라스틱 제품 표면에 금속 물질 및 기타 물질을 도포, 도장․피복 등을 하여 특수용 플라스틱 표면 가공품을 제조하는 산업활동을 말한 다.",금속 도포 플라스틱 필름 제조|표면 도포 플라스틱 시트 및 판재 생산,플라스틱제 합성피혁 제조|플라스틱 접착처리 제품 제조,,금속 도포 플라스틱 필름|표면 도포 플라스틱 시트 및 판재,제조|생산|가공,,KSIC 11차 (2024),True
252901,포장용 플라스틱 성형용기 제조업,제조업 > 고무 및 플라스틱제품 제조업 > 플라스틱 제품 제조업 > 포장용 플라스틱제품 제조업 > 포장용 플라스틱 성형용기 제조업,제조업,고무 및 플라스틱제품 제조업,플라스틱 제품 제조업,포장용 플라스틱제품 제조업,22232,포장용 플라스틱 성형용기 제조업,"플라스틱 물질을 성형하여 병, 통, 상자 등의 플라스틱 포장용 또는 운반용의 용기, 마개 및 관련제품을 제조하는 산업활동을 말한다.","플라스틱제 운반 및 포장용기 제조|플라스틱제 용기 뚜껑, 마개 제조",발포 플라스틱용기 제조|설치용 및 위생용 플라스틱 용기 제조,,"플라스틱제 운반 및 포장용기|플라스틱제 용기 뚜껑, 마개",제조|성형,,KSIC 11차 (2024),True
252902,그 외 기타 플라스틱 제품 제조업,제조업 > 고무 및 플라스틱제품 제조업 > 플라스틱 제품 제조업 > 기타 플라스틱 제품 제조업 > 그 외 기타 플라스틱 제품 제조업,제조업,고무 및 플라스틱제품 제조업,플라스틱 제품 제조업,기타 플라스틱 제품 제조업,22299,그 외 기타 플라스틱 제품 제조업,"개인, 가정, 식탁 및 주방용 플라스틱제품, 플라스틱 모자, 플라스틱 의복 및 기타 플라스틱 성형제품, 구입한 1차 플라스틱제품을 절단․ 접합 및 기타 가공하여 기타 플라스틱 가공품을 제조하는 산업활동을 포함한다.",플라스틱 인조 잔디 제조|플라스틱 헬멧 및 안전모 제조|플라스틱 성형 의복 제조|플라스틱제 사무 및 학용품 제조|플라스틱제 자석 제조,포장용 또는 운반용 플라스틱 성형 용기 제조|플라스틱 절연재료 제조|덮개를 씌우지 않은 셀룰러 플라스틱 매트리스 제조|재생 플라스틱제품 제조용 이차 원료 생산,가정용 플라스틱 일반 성형 제품,플라스틱 인조 잔디|플라스틱 헬멧 및 안전모|플라스틱 성형 의복|플라스틱제 사무 및 학용품|플라스틱제 자석,제조|가공|성형,,KSIC 11차 (2024),True
252903,운송장비 조립용 플라스틱제품 제조업,제조업 > 고무 및 플라스틱제품 제조업 > 플라스틱 제품 제조업 > 기계장비 조립용 플라스틱제품 제조업 > 운송장비 조립용 플라스틱제품 제조업,제조업,고무 및 플라스틱제품 제조업,플라스틱 제품 제조업,기계장비 조립용 플라스틱제품 제조업,22241,운송장비 조립용 플라스틱제품 제조업,플라스틱 물질을 성형하여 자동차 및 각종 운송장비 제품의 조립용 구성품 및 내장품을 제조하는 산업활동을 말한다.,운송장비 조립용 부분품 제조,,,운송장비 조립용 부분품,제조|조립|성형|운송,,KSIC 11차 (2024),True
252904,기타 기계ㆍ장비 조립용 플라스틱제품 제조업,제조업 > 고무 및 플라스틱제품 제조업 > 플라스틱 제품 제조업 > 기계장비 조립용 플라스틱제품 제조업 > 기타 기계ㆍ장비 조립용 플라스틱제품 제조업,제조업,고무 및 플라스틱제품 제조업,플라스틱 제품 제조업,기계장비 조립용 플라스틱제품 제조업,22249,기타 기계ㆍ장비 조립용 플라스틱제품 제조업,플라스틱 물질을 성형하여 운송장비 조립용 이외의 각종 기계 및 장 비 또는 기타 제품의 조립용 구성품 및 내장품을 제조하는 산업활동 을 말한다.,기타 기계장비(운송장비 제외) 조립용 플라스틱 부분품 제조|공업용 플라스틱제품 제조|장비 제조업으로 분류,건축용 플라스틱 제품 성형 제조|발포 플라스틱 제품 제조|플라스틱 가구 제조,,기타 기계장비(운송장비 제외) 조립용 플라스틱 부분품|공업용 플라스틱제품|장비 제조업으로 분류,제조|조립|성형|운송,,KSIC 11차 (2024),True
252909,그 외 기타 플라스틱 제품 제조업,제조업 > 고무 및 플라스틱제품 제조업 > 플라스틱 제품 제조업 > 기타 플라스틱 제품 제조업 > 그 외 기타 플라스틱 제품 제조업,제조업,고무 및 플라스틱제품 제조업,플라스틱 제품 제조업,기타 플라스틱 제품 제조업,22299,그 외 기타 플라스틱 제품 제조업,"개인, 가정, 식탁 및 주방용 플라스틱제품, 플라스틱 모자, 플라스틱 의복 및 기타 플라스틱 성형제품, 구입한 1차 플라스틱제품을 절단․ 접합 및 기타 가공하여 기타 플라스틱 가공품을 제조하는 산업활동을 포함한다.",플라스틱 인조 잔디 제조|플라스틱 헬멧 및 안전모 제조|플라스틱 성형 의복 제조|플라스틱제 사무 및 학용품 제조|플라스틱제 자석 제조,포장용 또는 운반용 플라스틱 성형 용기 제조|플라스틱 절연재료 제조|덮개를 씌우지 않은 셀룰러 플라스틱 매트리스 제조|재생 플라스틱제품 제조용 이차 원료 생산,,플라스틱 인조 잔디|플라스틱 헬멧 및 안전모|플라스틱 성형 의복|플라스틱제 사무 및 학용품|플라스틱제 자석,제조|가공|성형,,KSIC 11차 (2024),True
261001,판유리 제조업,제조업 > 비금속 광물제품 제조업 > 유리 및 유리제품 제조업 > 판유리 및 판유리 가공품 제조업 > 판유리 제조업,제조업,비금속 광물제품 제조업,유리 및 유리제품 제조업,판유리 및 판유리 가공품 제조업,23111,판유리 제조업,판유리를 제조하는 산업활동을 말한다.,플로트 판유리 제조|표면 연마 판유리 제조|망입 판유리 제조,,,플로트 판유리|표면 연마 판유리|망입 판유리,제조,,KSIC 11차 (2024),True
261002,가정용 유리제품 제조업,제조업 > 비금속 광물제품 제조업 > 유리 및 유리제품 제조업 > 기타 유리제품 제조업 > 가정용 유리제품 제조업,제조업,비금속 광물제품 제조업,유리 및 유리제품 제조업,기타 유리제품 제조업,23191,가정용 유리제품 제조업,"식탁 및 주방용 유리제품, 화장실용 또는 문구용 유리제품 등을 성형 제조하는 산업활동을 말한다.",식탁용 유리제품 성형 제조|문구용 유리제품 성형 제조|화장실용 유리제품 성형 제조|생활용 유리제품 성형 제조,판유리를 가공한 가정용 유리제품 제조,,식탁용 유리제품 성형|문구용 유리제품 성형|화장실용 유리제품 성형|생활용 유리제품 성형,제조|성형,,KSIC 11차 (2024),True
261004,안전유리 제조업,제조업 > 비금속 광물제품 제조업 > 유리 및 유리제품 제조업 > 판유리 및 판유리 가공품 제조업 > 안전유리 제조업,제조업,비금속 광물제품 제조업,유리 및 유리제품 제조업,판유리 및 판유리 가공품 제조업,23112,안전유리 제조업,"구입한 판유리를 가공하여 차량 등 운송장비용, 건축용 등에 사용하 는 각종 강화유리와 접합유리를 제조하는 산업활동을 말한다.","열 강화유리, 화학 강화유리 제조|합판 유리, 샌드위치 유리 제조",복층 절연유리 제조|거울유리 제조|디스플레이 장치용 및 태양전지용 기판유리 제조,,"열 강화유리, 화학 강화유리|합판 유리, 샌드위치 유리",제조|가공|운송,,KSIC 11차 (2024),True
261005,기타 판유리 가공품 제조업,제조업 > 비금속 광물제품 제조업 > 유리 및 유리제품 제조업 > 판유리 및 판유리 가공품 제조업 > 기타 판유리 가공품 제조업,제조업,비금속 광물제품 제조업,유리 및 유리제품 제조업,판유리 및 판유리 가공품 제조업,23119,기타 판유리 가공품 제조업,"구입한 판유리를 용해하지 않고 절단․조립․가열 및 냉각․변형․식 각, 적층 및 복층․표면처리․착색 및 표면 장식 등에 의하여 거울용 및 차량용 유리제품, 상자 및 케이스, 복층 및 적층유리, 곡상 유리제 품 등 판유리 가공품을 제조하는 산업활동을 말한다. 판유리로 가공 한 가정용 유리제품도 포함한다.","자동차 백미러(뒷거울) 제조|복층 절연유리 제조|거울 유리 제조|착색 유리, 코팅 유리, 곡유리 제조",포장용 유리병 및 앰플 제조,,"자동차 백미러(뒷거울)|복층 절연유리|거울 유리|착색 유리, 코팅 유리, 곡유리",제조|가공|조립,,KSIC 11차 (2024),True
261006,"1차 유리제품, 유리섬유 및 광학용 유리 제조업","제조업 > 비금속 광물제품 제조업 > 유리 및 유리제품 제조업 > 산업용 유리 제조업 > 1차 유리제품, 유리섬유 및 광학용 유리 제조업",제조업,비금속 광물제품 제조업,유리 및 유리제품 제조업,산업용 유리 제조업,23121,"1차 유리제품, 유리섬유 및 광학용 유리 제조업",,,,,"1차 유리제품, 유리섬유 및 광학용 유리",제조,,KSIC 11차 (2024),False
261007,디스플레이 장치용 유리 제조업,제조업 > 비금속 광물제품 제조업 > 유리 및 유리제품 제조업 > 산업용 유리 제조업 > 디스플레이 장치용 유리 제조업,제조업,비금속 광물제품 제조업,유리 및 유리제품 제조업,산업용 유리 제조업,23122,디스플레이 장치용 유리 제조업,"무알칼리 유리 또는 소다석회 유리 등을 소재로 연마, 코팅 등 표면 가공하여 각종 디스플레이 장치(LCD, OLED, PDP 등) 소재로 사용 되는 기판 유리를 제조하는 산업활동을 말한다. 저철분 유리 소재로 가공한 태양전지용 기판 유리도 포함한다.",LCD용 무알칼리 기판 유리 제조|PDP용 소다석회 기판 유리 제조|OLED용 무알칼리 기판 유리 제조|태양전지용 저철분 기판 유리 제조|ITO용 기판 유리 제조,"차량용, 건축용 플로트 판유리 제조|화학 강화유리 제조",,LCD용 무알칼리 기판 유리|PDP용 소다석회 기판 유리|OLED용 무알칼리 기판 유리|태양전지용 저철분 기판 유리|ITO용 기판 유리,제조|가공,,KSIC 11차 (2024),True
261008,기타 산업용 유리제품 제조업,제조업 > 비금속 광물제품 제조업 > 유리 및 유리제품 제조업 > 산업용 유리 제조업 > 기타 산업용 유리제품 제조업,제조업,비금속 광물제품 제조업,유리 및 유리제품 제조업,산업용 유리 제조업,23129,기타 산업용 유리제품 제조업,"압출, 사출 및 기타 성형하여 전구용 유리관 및 구, 유리 애자 및 절 연 부착물, 조명기구용 유리제품, 이화학․위생 및 약제용 유리제품, 벽돌 및 타일, 슬래브 등의 건축용 유리제품, 시계유리, 신호등, 보온 병 속의 유리제품 등 기타 산업용 성형 유리제품을 제조하는 산업활 동을 말한다.",건축용 다공질 유리 및 관련 제품 제조|시계용 유리 제조,"일반 운반용 플라스크, 항아리 제조|광학유리 생지 제조|구입한 광학유리 생지 가공활동|포장 또는 운반용 유리 용기 제조",,건축용 다공질 유리 및 관련 제품|시계용 유리,제조|성형,,KSIC 11차 (2024),True
261009,포장용 유리용기 제조업,제조업 > 비금속 광물제품 제조업 > 유리 및 유리제품 제조업 > 기타 유리제품 제조업 > 포장용 유리용기 제조업,제조업,비금속 광물제품 제조업,유리 및 유리제품 제조업,기타 유리제품 제조업,23192,포장용 유리용기 제조업,"압출, 사출, 접착 및 기타 방법으로 성형하여 음․식료품, 화장품, 화 공 약품 및 기타 상품의 포장 또는 운반용에 사용되는 유리용기 및 관련제품을 제조하는 산업활동을 말한다.",유리 앰플 제조|유리병 및 유리제 마개류 제조,가정용 유리용기 및 관련제품 제조|판유리를 가공하여 포장용 유리상자 및 케이스 제조,,유리 앰플|유리병 및 유리제 마개류,제조|성형,,KSIC 11차 (2024),True
261011,그 외 기타 유리제품 제조업,제조업 > 비금속 광물제품 제조업 > 유리 및 유리제품 제조업 > 기타 유리제품 제조업 > 그 외 기타 유리제품 제조업,제조업,비금속 광물제품 제조업,유리 및 유리제품 제조업,기타 유리제품 제조업,23199,그 외 기타 유리제품 제조업,"광학 유리 및 판유리, 구, 봉, 관, 슬래브, 괴 등 각종 형태의 1차 유 리제품을 제외한 유리제의 모조 진주, 모조 귀석, 유사 장식용 유리제 품 등 기타 유리제품을 제조하는 산업활동을 말한다.","유리제 비드(bead) 제조|유리제 소상(모조 신변 장신품 제외) 제조|유리제 안구(인형용, 로봇용 등) 제조|프로파일상 유리 제조","보정용 인조 안구(眼球) 제조|기계장치로 움직이는 완구용 유리 안구|건설용 유리제품 제조|광학유리 생지, 유리섬유 및 유리사 제조",,"유리제 비드(bead)|유리제 소상(모조 신변 장신품 제외)|유리제 안구(인형용, 로봇용 등)|프로파일상 유리",제조,,KSIC 11차 (2024),True
269100,가정용 및 장식용 도자기 제조업,"제조업 > 비금속 광물제품 제조업 > 내화, 비내화 요업제품 제조업 > 비내화 일반 도자기 제조업 > 가정용 및 장식용 도자기 제조업",제조업,비금속 광물제품 제조업,"내화, 비내화 요업제품 제조업",비내화 일반 도자기 제조업,23221,가정용 및 장식용 도자기 제조업,"주방용, 식탁용 및 장식용 도기, 자기 및 토기를 제조하는 산업활동을 말한다. 도자기를 장식 처리하는 활동도 포함한다.",가정용 토기제품 제조|도자기제 조상 제조|도자기 화병 제조|장식용 도자기제품 제조,위생용 도자기제품 제조|도관 및 건축용 도자기제품 제조,,가정용 토기제품|도자기제 조상|도자기 화병|장식용 도자기제품,제조,,KSIC 11차 (2024),True
269101,위생용 및 산업용 도자기 제조업,"제조업 > 비금속 광물제품 제조업 > 내화, 비내화 요업제품 제조업 > 비내화 일반 도자기 제조업 > 위생용 및 산업용 도자기 제조업",제조업,비금속 광물제품 제조업,"내화, 비내화 요업제품 제조업",비내화 일반 도자기 제조업,23222,위생용 및 산업용 도자기 제조업,"상․하수도 조직과 통상적으로 연결되어 건물 내에 고정 설치되는 세 면대, 변기, 개수대 등 각종 위생용품을 제조하는 산업활동과 이화학 용, 전기 기기용 및 기타 산업용 도기제품을 제조하는 산업활동을 말 한다.","개수대(싱크대) 제조|위생용기(세면대, 변기 등) 제조|목욕통 제조|전기용 도자기제품 제조|전자기용 세라믹제품 제조|전기 애자 및 절연제품 제조|세라믹 및 페라이트제 자석 제조",,,"개수대(싱크대)|위생용기(세면대, 변기 등)|목욕통|전기용 도자기제품|전자기용 세라믹제품|전기 애자 및 절연제품|세라믹 및 페라이트제 자석",제조|설치,,KSIC 11차 (2024),True
269102,기타 일반 도자기 제조업,"제조업 > 비금속 광물제품 제조업 > 내화, 비내화 요업제품 제조업 > 비내화 일반 도자기 제조업 > 기타 일반 도자기 제조업",제조업,비금속 광물제품 제조업,"내화, 비내화 요업제품 제조업",비내화 일반 도자기 제조업,23229,기타 일반 도자기 제조업,"일반용의 상자 및 케이스, 램프 갓 및 램프 부품, 문 손잡이 등의 기 타 일반 도자기제품을 제조하는 활동과 도기 제조용 조제 원료를 생 산하는 활동을 포함한다.",상자 및 케이스 제조|잉크 스탠드 제조|도자기 제조용 조제 원료 제조|램프 갓 및 램프 부품 제조,요업용 유약 제조,,상자 및 케이스|잉크 스탠드|도자기 제조용 조제 원료|램프 갓 및 램프 부품,제조,,KSIC 11차 (2024),True
269200,정형 내화 요업제품 제조업,"제조업 > 비금속 광물제품 제조업 > 내화, 비내화 요업제품 제조업 > 내화 요업제품 제조업 > 정형 내화 요업제품 제조업",제조업,비금속 광물제품 제조업,"내화, 비내화 요업제품 제조업",내화 요업제품 제조업,23211,정형 내화 요업제품 제조업,각종 내화용 원료로 건축용 또는 구조물용의 단열 및 내화용 정형제 품을 제조하는 산업활동을 말한다.,내화 벽돌 및 타일 제조|구조용 내화 요업제품 제조|건설용 내화 요업제품 제조|건축용 내화 요업제품 제조|레토르트 제조|도가니 제조|반응 그릇 제조|머플 제조|노즐 제조|플럭 제조|튜브와 파이프 제조,내화 모르타르제품 제조,,내화 벽돌 및 타일|구조용 내화 요업제품|건설용 내화 요업제품|건축용 내화 요업제품|레토르트|도가니|반응 그릇|머플|노즐|플럭|튜브와 파이프,제조|건설,,KSIC 11차 (2024),True
269201,부정형 내화 요업제품 제조업,"제조업 > 비금속 광물제품 제조업 > 내화, 비내화 요업제품 제조업 > 내화 요업제품 제조업 > 부정형 내화 요업제품 제조업",제조업,비금속 광물제품 제조업,"내화, 비내화 요업제품 제조업",내화 요업제품 제조업,23212,부정형 내화 요업제품 제조업,"각종 부정형 내화물 및 내화용 조제 배합원료를 제조하는 산업활동을 말하며, 소성처리 여부는 불문한다.",내화물용 조제 배합원료 제조|알루미나 제조(보오크사이트 원광 이외 물질 사용)|샤모트 제조|다이나스어드(Dinas earth) 제조,,,내화물용 조제 배합원료|알루미나 제조(보오크사이트 원광 이외 물질 사용)|샤모트|다이나스어드(Dinas earth),제조,,KSIC 11차 (2024),True
269300,타일 및 유사 비내화 요업제품 제조업,"제조업 > 비금속 광물제품 제조업 > 내화, 비내화 요업제품 제조업 > 건축용 비내화 요업제품 제조업 > 타일 및 유사 비내화 요업제품 제조업",제조업,비금속 광물제품 제조업,"내화, 비내화 요업제품 제조업",건축용 비내화 요업제품 제조업,23232,타일 및 유사 비내화 요업제품 제조업,"흙을 구워서 벽, 벽난로 또는 도로포장용 등에 사용되는 타일, 판석 및 유사 비내화 요업제품을 제조하는 산업활동을 말한다.",벽 타일 제조|포장용 타일 제조|모자이크 타일 제조|포석 제조,도로 포장용 콘크리트 블록 및 벽돌 제조,,벽 타일|포장용 타일|모자이크 타일|포석,제조,,KSIC 11차 (2024),True
269301,"점토 벽돌, 블록 및 유사 비내화 요업제품 제조업","제조업 > 비금속 광물제품 제조업 > 내화, 비내화 요업제품 제조업 > 건축용 비내화 요업제품 제조업 > 점토 벽돌, 블록 및 유사 비내화 요업제품 제조업",제조업,비금속 광물제품 제조업,"내화, 비내화 요업제품 제조업",건축용 비내화 요업제품 제조업,23231,"점토 벽돌, 블록 및 유사 비내화 요업제품 제조업","점토를 성형하고 구워서 건물 및 구조물 축조, 바닥 포장 등에 사용 되는 벽돌, 블록, 기와 등 비내화 요업제품 및 관련제품을 제조하는 산업활동을 말한다.","점토 벽돌 및 블록(조적용, 포장용) 제조|미장 벽돌 및 블록(조적용) 제조|점토 바닥 벽돌 및 블록(포장용) 제조|굴뚝용 벽돌 및 블록 제조",도로 포장용 콘크리트 블록 및 벽돌 제조|비내화성 벽 및 바닥 포장용 요업타일 제조,,"점토 벽돌 및 블록(조적용, 포장용)|미장 벽돌 및 블록(조적용)|점토 바닥 벽돌 및 블록(포장용)|굴뚝용 벽돌 및 블록",제조|성형|축조,,KSIC 11차 (2024),True
269302,기타 건축용 비내화 요업제품 제조업,"제조업 > 비금속 광물제품 제조업 > 내화, 비내화 요업제품 제조업 > 건축용 비내화 요업제품 제조업 > 기타 건축용 비내화 요업제품 제조업",제조업,비금속 광물제품 제조업,"내화, 비내화 요업제품 제조업",건축용 비내화 요업제품 제조업,23239,기타 건축용 비내화 요업제품 제조업,"각종 비금속 광물을 성형하고 구워서 도관, 배관 연결구류, 연탄난로 라이너 등을 생산하는 산업활동을 포함한다.",연탄난로 라이너|홈통 제조|배관 연결구류 제조|건축물 구조재 제조|설치용 물탱크 제조,,,연탄난로 라이너|홈통|배관 연결구류|건축물 구조재|설치용 물탱크,제조|생산|성형|설치,,KSIC 11차 (2024),True
269401,시멘트 제조업,"제조업 > 비금속 광물제품 제조업 > 시멘트, 석회, 플라스터 및 그 제품 제조업 > 시멘트, 석회 및 플라스터 제조업 > 시멘트 제조업",제조업,비금속 광물제품 제조업,"시멘트, 석회, 플라스터 및 그 제품 제조업","시멘트, 석회 및 플라스터 제조업",23311,시멘트 제조업,"석회석을 소성하여 각종 시멘트를 생산하는 산업활동을 말한다. 실리 카, 알루미나 또는 철 등을 함유한 물질을 첨가할 수도 있다.",포졸란 시멘트 제조|로만 시멘트 제조|점토 시멘트 제조|백색 시멘트 제조|섬유질 시멘트 제조|알루미나 시멘트 제조|시멘트 클링커 제조|포틀랜드 시멘트 제조,치과용 시멘트 제조|킨스 시멘트 제조|제철 용광로 슬래그 생산활동,,포졸란 시멘트|로만 시멘트|점토 시멘트|백색 시멘트|섬유질 시멘트|알루미나 시멘트|시멘트 클링커|포틀랜드 시멘트,제조|생산,,KSIC 11차 (2024),True
269402,석회 및 플라스터 제조업,"제조업 > 비금속 광물제품 제조업 > 시멘트, 석회, 플라스터 및 그 제품 제조업 > 시멘트, 석회 및 플라스터 제조업 > 석회 및 플라스터 제조업",제조업,비금속 광물제품 제조업,"시멘트, 석회, 플라스터 및 그 제품 제조업","시멘트, 석회 및 플라스터 제조업",23312,석회 및 플라스터 제조업,"석회석을 소성하여 생석회, 소석회 및 수경성 석회를 생산하는 산업 활동과 석고를 하소하여 부분적으로 또는 완전히 탈수한 황산칼슘을 기본 재료로 플라스터를 제조하는 산업활동을 말한다.",생석회 및 소석회 제조|돌로마이트 석회 제조|플라스터 제조|킨스 시멘트 제조|하소 석고 제조,석고 및 경석고 채취활동|치과용으로 특별히 가공한 플라스터 제조,석회,생석회 및 소석회|돌로마이트 석회|플라스터|킨스 시멘트|하소 석고,제조|생산,,KSIC 11차 (2024),True
269403,석회 및 플라스터 제조업,"제조업 > 비금속 광물제품 제조업 > 시멘트, 석회, 플라스터 및 그 제품 제조업 > 시멘트, 석회 및 플라스터 제조업 > 석회 및 플라스터 제조업",제조업,비금속 광물제품 제조업,"시멘트, 석회, 플라스터 및 그 제품 제조업","시멘트, 석회 및 플라스터 제조업",23312,석회 및 플라스터 제조업,"석회석을 소성하여 생석회, 소석회 및 수경성 석회를 생산하는 산업 활동과 석고를 하소하여 부분적으로 또는 완전히 탈수한 황산칼슘을 기본 재료로 플라스터를 제조하는 산업활동을 말한다.",생석회 및 소석회 제조|돌로마이트 석회 제조|플라스터 제조|킨스 시멘트 제조|하소 석고 제조,석고 및 경석고 채취활동|치과용으로 특별히 가공한 플라스터 제조,플라스터,생석회 및 소석회|돌로마이트 석회|플라스터|킨스 시멘트|하소 석고,제조|생산,,KSIC 11차 (2024),True
269501,레미콘 제조업,"제조업 > 비금속 광물제품 제조업 > 시멘트, 석회, 플라스터 및 그 제품 제조업 > 콘크리트, 레미콘 및 기타 시멘트, 플라스터 제품 제조업 > 레미콘 제조업",제조업,비금속 광물제품 제조업,"시멘트, 석회, 플라스터 및 그 제품 제조업","콘크리트, 레미콘 및 기타 시멘트, 플라스터 제품 제조업",23322,레미콘 제조업,"시멘트와 모래, 자갈 등의 광물성 물질 혼합물에 물을 첨가하여 굳지 않은 상태로 구매자에게 공급하는 콘크리트용 비내화 혼합물을 제조 하는 산업활동을 말한다.",비내화 레미콘 제조,플라스터 혼합물 제조|비내화성 모르타르 제조,,비내화 레미콘,제조,,KSIC 11차 (2024),True
269502,플라스터 혼합제품 제조업,"제조업 > 비금속 광물제품 제조업 > 시멘트, 석회, 플라스터 및 그 제품 제조업 > 콘크리트, 레미콘 및 기타 시멘트, 플라스터 제품 제조업 > 플라스터 혼합제품 제조업",제조업,비금속 광물제품 제조업,"시멘트, 석회, 플라스터 및 그 제품 제조업","콘크리트, 레미콘 및 기타 시멘트, 플라스터 제품 제조업",23323,플라스터 혼합제품 제조업,플라스터를 주재료로 제조한 혼합물 및 플라스터 제품을 제조하는 산 업활동을 말한다.,,섬유시멘트 제품 제조(23324～23329,,플라스터 혼합제품,제조,,KSIC 11차 (2024),True
269503,콘크리트 관 및 기타 구조용 콘크리트제품 제조업,"제조업 > 비금속 광물제품 제조업 > 시멘트, 석회, 플라스터 및 그 제품 제조업 > 콘크리트, 레미콘 및 기타 시멘트, 플라스터 제품 제조업 > 콘크리트 관 및 기타 구조용 콘크리트제품 제조업",제조업,비금속 광물제품 제조업,"시멘트, 석회, 플라스터 및 그 제품 제조업","콘크리트, 레미콘 및 기타 시멘트, 플라스터 제품 제조업",23325,콘크리트 관 및 기타 구조용 콘크리트제품 제조업,"콘크리트를 재료로 관, 조립식 구조재, 건물 부착용 장치물 등 건축용 또는 토목용의 기타 콘크리트제품을 제조하는 산업활동을 말한다. 시 멘트, 석회, 플라스터 등에 셀룰로오스섬유, 유리섬유, 목질섬유 등 섬 유질을 혼합․응집․성형하여 만든 섬유시멘트제 유사 제품도 포함한 다.",콘크리트제 받침대 제조|콘크리트 인조목 제조|콘크리트 조립식 건축자재 제조,인조대리석 제품 제조,"관, 받침대, 빔",콘크리트제 받침대|콘크리트 인조목|콘크리트 조립식 건축자재,제조|조립|성형,,KSIC 11차 (2024),True
269504,인조대리석 제품 제조업,"제조업 > 비금속 광물제품 제조업 > 시멘트, 석회, 플라스터 및 그 제품 제조업 > 콘크리트, 레미콘 및 기타 시멘트, 플라스터 제품 제조업 > 인조대리석 제품 제조업",제조업,비금속 광물제품 제조업,"시멘트, 석회, 플라스터 및 그 제품 제조업","콘크리트, 레미콘 및 기타 시멘트, 플라스터 제품 제조업",23326 | 23324,"인조대리석 제품 제조업 | 콘크리트 타일, 기와, 벽돌 및 블록 제조업","천연광물질을 주된 성분으로 아크릴수지, 폴리에스테르수지 등과 안 료, 안정제 등의 첨가물을 배합하여 각종 인조대리석 제품을 제조하 는 산업활동을 말한다.",인조대리석 주방 상판|식탁 테이블|세면대 등 유사 제품 제조,합성수지를 주된 원료로 하여 생산한 제품,,인조대리석 주방 상판|식탁 테이블|세면대 등 유사 제품,제조|정제,,KSIC 11차 (2024),True
269505,비내화 모르타르 제조업,"제조업 > 비금속 광물제품 제조업 > 시멘트, 석회, 플라스터 및 그 제품 제조업 > 콘크리트, 레미콘 및 기타 시멘트, 플라스터 제품 제조업 > 비내화 모르타르 제조업",제조업,비금속 광물제품 제조업,"시멘트, 석회, 플라스터 및 그 제품 제조업","콘크리트, 레미콘 및 기타 시멘트, 플라스터 제품 제조업",23321,비내화 모르타르 제조업,"시멘트 또는 비광물성 접착제와 모래를 혼합한 후 물을 첨가하지 않 고, 포장하여 미장용 또는 콘크리트용으로 사용되는 혼합물을 제조하 는 산업활동을 말한다.",비내화 모르타르 제조|미장용 모르타르 제조|콘크리트용 비광물성 접착제 및 모래혼합물 제조,내화용 모르타르 제조,,비내화 모르타르|미장용 모르타르|콘크리트용 비광물성 접착제 및 모래혼합물,제조,,KSIC 11차 (2024),True
269506,그 외 기타 콘크리트 제품 및 유사 제품 제조업,"제조업 > 비금속 광물제품 제조업 > 시멘트, 석회, 플라스터 및 그 제품 제조업 > 콘크리트, 레미콘 및 기타 시멘트, 플라스터 제품 제조업 > 그 외 기타 콘크리트 제품 및 유사 제품 제조업",제조업,비금속 광물제품 제조업,"시멘트, 석회, 플라스터 및 그 제품 제조업","콘크리트, 레미콘 및 기타 시멘트, 플라스터 제품 제조업",23329,그 외 기타 콘크리트 제품 및 유사 제품 제조업,"인공 어초, 조각상, 모형 및 형상, 가구, 화병, 화분 용기, 실험실 용품 등 장식용, 산업용, 가정용 등 각종 용도의 콘크리트제품 제조활동을 포함하며, 다른 항목에서 분류되지 않은 석회제품 제조도 포함한다. 시멘트, 석회, 플라스터 등에 셀룰로오스섬유, 유리섬유, 목질섬유 등 섬유질을 혼합․응집․성형하여 만든 섬유시멘트제 유사 제품도 포함 한다.",,,기타 건축용 섬유시멘트 제품,그 외 기타 콘크리트 제품 및 유사 제품,제조|성형,,KSIC 11차 (2024),True
269507,"콘크리트 타일, 기와, 벽돌 및 블록 제조업","제조업 > 비금속 광물제품 제조업 > 시멘트, 석회, 플라스터 및 그 제품 제조업 > 콘크리트, 레미콘 및 기타 시멘트, 플라스터 제품 제조업 > 콘크리트 타일, 기와, 벽돌 및 블록 제조업",제조업,비금속 광물제품 제조업,"시멘트, 석회, 플라스터 및 그 제품 제조업","콘크리트, 레미콘 및 기타 시멘트, 플라스터 제품 제조업",23324,"콘크리트 타일, 기와, 벽돌 및 블록 제조업","콘크리트를 재료로 토목용, 건축용, 방파제용 등으로 사용되는 벽돌, 조 블록, 덮개 및 깔판, 타일, 기와 및 관련 제품을 생산하는 산업활동을 업 말한다. 시멘트, 석회, 플라스터 등에 셀룰로오스 섬유, 유리 섬유, 목 질 섬유 등 섬유질을 혼합․응집․성형하여 만든 섬유시멘트제 유사 제품도 포함한다.","콘크리트 타일, 기와, 벽돌, 블록 제조",인조대리석 제품 제조,섬유 시멘트,"콘크리트 타일, 기와, 벽돌, 블록",제조|생산|성형,,KSIC 11차 (2024),True
269508,인조대리석 제품 제조업,"제조업 > 비금속 광물제품 제조업 > 시멘트, 석회, 플라스터 및 그 제품 제조업 > 콘크리트, 레미콘 및 기타 시멘트, 플라스터 제품 제조업 > 인조대리석 제품 제조업",제조업,비금속 광물제품 제조업,"시멘트, 석회, 플라스터 및 그 제품 제조업","콘크리트, 레미콘 및 기타 시멘트, 플라스터 제품 제조업",23326 | 23325,인조대리석 제품 제조업 | 콘크리트 관 및 기타 구조용 콘크리트제품 제조업,"천연광물질을 주된 성분으로 아크릴수지, 폴리에스테르수지 등과 안 료, 안정제 등의 첨가물을 배합하여 각종 인조대리석 제품을 제조하 는 산업활동을 말한다.",인조대리석 주방 상판|식탁 테이블|세면대 등 유사 제품 제조,합성수지를 주된 원료로 하여 생산한 제품,,인조대리석 주방 상판|식탁 테이블|세면대 등 유사 제품,제조|정제,,KSIC 11차 (2024),True
269509,그 외 기타 콘크리트 제품 및 유사 제품 제조업,"제조업 > 비금속 광물제품 제조업 > 시멘트, 석회, 플라스터 및 그 제품 제조업 > 콘크리트, 레미콘 및 기타 시멘트, 플라스터 제품 제조업 > 그 외 기타 콘크리트 제품 및 유사 제품 제조업",제조업,비금속 광물제품 제조업,"시멘트, 석회, 플라스터 및 그 제품 제조업","콘크리트, 레미콘 및 기타 시멘트, 플라스터 제품 제조업",23329,그 외 기타 콘크리트 제품 및 유사 제품 제조업,"인공 어초, 조각상, 모형 및 형상, 가구, 화병, 화분 용기, 실험실 용품 등 장식용, 산업용, 가정용 등 각종 용도의 콘크리트제품 제조활동을 포함하며, 다른 항목에서 분류되지 않은 석회제품 제조도 포함한다. 시멘트, 석회, 플라스터 등에 셀룰로오스섬유, 유리섬유, 목질섬유 등 섬유질을 혼합․응집․성형하여 만든 섬유시멘트제 유사 제품도 포함 한다.",,,,그 외 기타 콘크리트 제품 및 유사 제품,제조|성형,,KSIC 11차 (2024),True
269601,건설용 석제품 제조업,제조업 > 비금속 광물제품 제조업 > 기타 비금속 광물제품 제조업 > 석제품 제조업 > 건설용 석제품 제조업,제조업,비금속 광물제품 제조업,기타 비금속 광물제품 제조업,석제품 제조업,23911,건설용 석제품 제조업,"천연 석재 및 응집한 천연 슬레이트(점판암)를 절단․성형 가공하여 기념비용, 건축용 등 건설용 석제품을 제조하는 산업활동을 말한다.",건설용 석재 가공품 제조|건설용 천연 응결 슬레이트제품 제조|건설용 석재 착색|벽면 부착용 대리석 제조|도로 경계석 제조|바닥용 대리석 제조|묘지석 제조|스톤 네트 제조,,,건설용 석재 가공품|건설용 천연 응결 슬레이트제품|건설용 석재 착색|벽면 부착용 대리석|도로 경계석|바닥용 대리석|묘지석|스톤 네트,제조|가공|성형|건설,,KSIC 11차 (2024),True
269603,기타 석제품 제조업,제조업 > 비금속 광물제품 제조업 > 기타 비금속 광물제품 제조업 > 석제품 제조업 > 기타 석제품 제조업,제조업,비금속 광물제품 제조업,기타 비금속 광물제품 제조업,석제품 제조업,23919,기타 석제품 제조업,천연 석재 및 응집한 천연 슬레이트(점판암)를 절단․성형 가공하여 건설용 이외의 석제품을 제조하는 산업활동을 말한다.,건설용 이외의 석제품 착색|장식용 석재 가공품 제조,,,건설용 이외의 석제품 착색|장식용 석재 가공품,제조|가공|성형|건설,,KSIC 11차 (2024),True
269901,암면 및 유사 제품 제조업,제조업 > 비금속 광물제품 제조업 > 기타 비금속 광물제품 제조업 > 그 외 기타 비금속 광물제품 제조업 > 암면 및 유사 제품 제조업,제조업,비금속 광물제품 제조업,기타 비금속 광물제품 제조업,그 외 기타 비금속 광물제품 제조업,23994,암면 및 유사 제품 제조업,"인공 무기섬유인 암면(록울(rock wool), 슬래그울(slag wool) 등) 및 유사 광물면(석면 제외), 팽창 점토 및 유사 광물제품, 탄산마그네슘 등을 가공하여 광물질의 절연․단열․방음재와 블록, 벽돌, 타일, 튜 브, 코드 등의 광물제품을 제조하는 산업활동을 포함한다.",팽창 펄라이트(perlite) 제조|내화 피복재 제조|세라믹 파이버 제조|암면(록울) 제조|박리한 질석 제조,유리솜 및 그 제품제조|석면 및 관련제품 제조,,팽창 펄라이트(perlite)|내화 피복재|세라믹 파이버|암면(록울)|박리한 질석,제조|가공,,KSIC 11차 (2024),True
269902,연마재 제조업,제조업 > 비금속 광물제품 제조업 > 기타 비금속 광물제품 제조업 > 그 외 기타 비금속 광물제품 제조업 > 연마재 제조업,제조업,비금속 광물제품 제조업,기타 비금속 광물제품 제조업,그 외 기타 비금속 광물제품 제조업,23992,연마재 제조업,"천연석, 응집된 천연 연마재 및 인공 연마재로 각종용의 연마석, 연마 휠 및 유사 연마재를 제조하는 산업활동과 종이, 직물, 실 및 기타 재 료에 천연 또는 인조 연마재용 분말을 접착제로 접착시켜 연마포, 연 업 마지, 연마사 및 유사 제품을 제조하는 산업활동을 말한다.",연마용 수지석(手砥石) 제조|동력기계용 연마석 제조,,,연마용 수지석(手砥石)|동력기계용 연마석,제조,,KSIC 11차 (2024),True
269903,아스팔트 콘크리트 및 혼합제품 제조업,제조업 > 비금속 광물제품 제조업 > 기타 비금속 광물제품 제조업 > 그 외 기타 비금속 광물제품 제조업 > 아스팔트 콘크리트 및 혼합제품 제조업,제조업,비금속 광물제품 제조업,기타 비금속 광물제품 제조업,그 외 기타 비금속 광물제품 제조업,23991,아스팔트 콘크리트 및 혼합제품 제조업,"아스팔트, 콜타르 피치, 석유 역청 등을 주요 재료로 시멘트, 플라스 터, 석분, 활석, 섬유류, 수지류 등의 충전물을 혼합하여 굳지 않은 아 스팔트 콘크리트(아스콘), 매스틱 등의 아스팔트 혼합제품 및 유사 제 품을 생산하는 산업활동을 말한다. 역청 물질 혼합제품 중 재용융하 여 사용하는 각종 응결제품(블록 등)을 제조하는 경우도 포함한다.",아스팔트 콘크리트(아스콘) 제조|역청 물질 혼합 블록제품 제조|아스팔트 매스틱 제조,,,아스팔트 콘크리트(아스콘)|역청 물질 혼합 블록제품|아스팔트 매스틱,제조|생산,,KSIC 11차 (2024),True
269904,비금속광물 분쇄물 생산업,제조업 > 비금속 광물제품 제조업 > 기타 비금속 광물제품 제조업 > 그 외 기타 비금속 광물제품 제조업 > 비금속광물 분쇄물 생산업,제조업,비금속 광물제품 제조업,기타 비금속 광물제품 제조업,그 외 기타 비금속 광물제품 제조업,23993,비금속광물 분쇄물 생산업,"채굴 및 채취활동과 연관되지 않은 중정석, 석고, 활석, 석영, 천연 보 석 등 특정 산업용 비금속 광물(연료 광물 제외)을 파쇄․분쇄․마쇄 하여 분말 및 기타 분쇄물을 생산하는 산업활동을 말한다.","비금속 광물 분쇄물 생산|활석, 석영, 천연 보석 분쇄",농업용 광물슬래그 가공품 제조|건축 폐기물 처리활동,,"비금속 광물 분쇄물|활석, 석영, 천연 보석 분쇄",채취|채굴|생산,,KSIC 11차 (2024),True
269905,탄소섬유 제조업,제조업 > 비금속 광물제품 제조업 > 기타 비금속 광물제품 제조업 > 그 외 기타 비금속 광물제품 제조업 > 탄소섬유 제조업,제조업,비금속 광물제품 제조업,기타 비금속 광물제품 제조업,그 외 기타 비금속 광물제품 제조업,23995,탄소섬유 제조업,"아크릴로나이트릴, 레이온, 콜타르 피치 등을 재료로 열처리, 탄화, 결 정화 등을 거쳐 탄소섬유사 및 관련 탄소섬유 반제품을 제조하는 산 업활동을 말한다.",탄소섬유(CF: cabon fiber) 제조|레이온계 활성 탄소섬유 제조,탄소섬유 직물 제조,,탄소섬유(CF: cabon fiber)|레이온계 활성 탄소섬유,제조,,KSIC 11차 (2024),True
269906,그 외 기타 분류 안된 비금속 광물제품 제조업,제조업 > 비금속 광물제품 제조업 > 기타 비금속 광물제품 제조업 > 그 외 기타 비금속 광물제품 제조업 > 그 외 기타 분류 안된 비금속 광물제품 제조업,제조업,비금속 광물제품 제조업,기타 비금속 광물제품 제조업,그 외 기타 비금속 광물제품 제조업,23999,그 외 기타 분류 안된 비금속 광물제품 제조업,"인공 경량 골재, 아스팔트 성형제품, 인조 커런덤(강옥), 가공 운모 및 운모제품, 현무암을 용해하여 성형한 제품 등 기타 비금속 광물제품 을 제조하는 산업활동을 말한다. 인조 흑연, 콜로이드 흑연을 제조하 거나 반제품 상태 및 기타 비전기용 흑연 또는 탄소제품을 제조하는 산업활동을 포함한다.",건설용 아스팔트 성형제품 제조|지붕용 아스팔트 성형제품 제조|아스팔트 바닥 타일 제조|인조 커런덤(강옥)제조|현무암 용해 성형제품 제조|인공 경량 골재 제조|흙벽돌 및 블록 제조(굽지 않은)|콜로이드 흑연 제조|흑연 조제품 제조(비전기용)|탄소물 조제품 제조(비전기용),전기용 탄소 또는 흑연제품 제조|흑연도자기 제조|역청물 도포지 제조|타르물 도포 목재 생산|탄소섬유 제조,석면,건설용 아스팔트 성형제품|지붕용 아스팔트 성형제품|아스팔트 바닥 타일|인조 커런덤(강옥)|현무암 용해 성형제품|인공 경량 골재|흙벽돌 및 블록 제조(굽지 않은)|콜로이드 흑연|흑연 조제품 제조(비전기용)|탄소물 조제품 제조(비전기용),제조|가공|성형|건설,,KSIC 11차 (2024),True
269907,연마재 제조업,제조업 > 비금속 광물제품 제조업 > 기타 비금속 광물제품 제조업 > 그 외 기타 비금속 광물제품 제조업 > 연마재 제조업,제조업,비금속 광물제품 제조업,기타 비금속 광물제품 제조업,그 외 기타 비금속 광물제품 제조업,23992,연마재 제조업,"천연석, 응집된 천연 연마재 및 인공 연마재로 각종용의 연마석, 연마 휠 및 유사 연마재를 제조하는 산업활동과 종이, 직물, 실 및 기타 재 료에 천연 또는 인조 연마재용 분말을 접착제로 접착시켜 연마포, 연 업 마지, 연마사 및 유사 제품을 제조하는 산업활동을 말한다.",연마용 수지석(手砥石) 제조|동력기계용 연마석 제조,,연마지,연마용 수지석(手砥石)|동력기계용 연마석,제조,,KSIC 11차 (2024),True
269908,그 외 기타 분류 안된 비금속 광물제품 제조업,제조업 > 비금속 광물제품 제조업 > 기타 비금속 광물제품 제조업 > 그 외 기타 비금속 광물제품 제조업 > 그 외 기타 분류 안된 비금속 광물제품 제조업,제조업,비금속 광물제품 제조업,기타 비금속 광물제품 제조업,그 외 기타 비금속 광물제품 제조업,23999,그 외 기타 분류 안된 비금속 광물제품 제조업,"인공 경량 골재, 아스팔트 성형제품, 인조 커런덤(강옥), 가공 운모 및 운모제품, 현무암을 용해하여 성형한 제품 등 기타 비금속 광물제품 을 제조하는 산업활동을 말한다. 인조 흑연, 콜로이드 흑연을 제조하 거나 반제품 상태 및 기타 비전기용 흑연 또는 탄소제품을 제조하는 산업활동을 포함한다.",건설용 아스팔트 성형제품 제조|지붕용 아스팔트 성형제품 제조|아스팔트 바닥 타일 제조|인조 커런덤(강옥)제조|현무암 용해 성형제품 제조|인공 경량 골재 제조|흙벽돌 및 블록 제조(굽지 않은)|콜로이드 흑연 제조|흑연 조제품 제조(비전기용)|탄소물 조제품 제조(비전기용),전기용 탄소 또는 흑연제품 제조|흑연도자기 제조|역청물 도포지 제조|타르물 도포 목재 생산|탄소섬유 제조,,건설용 아스팔트 성형제품|지붕용 아스팔트 성형제품|아스팔트 바닥 타일|인조 커런덤(강옥)|현무암 용해 성형제품|인공 경량 골재|흙벽돌 및 블록 제조(굽지 않은)|콜로이드 흑연|흑연 조제품 제조(비전기용)|탄소물 조제품 제조(비전기용),제조|가공|성형|건설,,KSIC 11차 (2024),True
271101,제철업,"제조업 > 1차 금속 제조업 > 1차 철강 제조업 > 제철, 제강 및 합금철 제조업 > 제철업",제조업,1차 금속 제조업,1차 철강 제조업,"제철, 제강 및 합금철 제조업",24111,제철업,"철광석, 코크스 원료탄 등으로 선철, 주철, 경철 등의 철을 생산하는 산업활동을 말한다. 제철활동과 결합되어 운영되는 합금철, 제강, 압 연활동을 별도로 파악할 수 없을 경우에는 여기에 포함한다.","선철, 주철과 경철 제조",,,"선철, 주철과 경철",제조|생산,,KSIC 11차 (2024),True
271102,제강업,"제조업 > 1차 금속 제조업 > 1차 철강 제조업 > 제철, 제강 및 합금철 제조업 > 제강업",제조업,1차 금속 제조업,1차 철강 제조업,"제철, 제강 및 합금철 제조업",24112,제강업,"선철, 고철을 처리하여 강괴, 퍼들바(puddle bar), 파일링(piling), 슬래 브, 블룸, 빌릿 등과 같은 1차 형재 또는 반제품 상태의 철강 재료를 제조하는 산업활동을 말한다.",강 1차 형재 제조|강 반제품 제조,"순철, 해면철, 철강 분말 제조",,강 1차 형재|강 반제품,제조,,KSIC 11차 (2024),True
271103,합금철 제조업,"제조업 > 1차 금속 제조업 > 1차 철강 제조업 > 제철, 제강 및 합금철 제조업 > 합금철 제조업",제조업,1차 금속 제조업,1차 철강 제조업,"제철, 제강 및 합금철 제조업",24113,합금철 제조업,합금철을 제조하는 산업활동을 말한다.,망가니즈 합금철(망가니즈철) 제조|텅스텐 합금철 제조|크롬 합금철 제조|니켈 합금철 제조|실리콘 합금철 제조|바나듐 합금철 제조|바이메탈용 합금철 제조,,,망가니즈 합금철(망가니즈철)|텅스텐 합금철|크롬 합금철|니켈 합금철|실리콘 합금철|바나듐 합금철|바이메탈용 합금철,제조,,KSIC 11차 (2024),True
271104,기타 제철 및 제강업,"제조업 > 1차 금속 제조업 > 1차 철강 제조업 > 제철, 제강 및 합금철 제조업 > 기타 제철 및 제강업",제조업,1차 금속 제조업,1차 철강 제조업,"제철, 제강 및 합금철 제조업",24119,기타 제철 및 제강업,"순철, 분말야금용 철강 분말 등을 제조하는 산업활동을 말한다.",해면철 제조|철강 분말 제조|분말야금용 등 철강 분말 제조,,,해면철|철강 분말|분말야금용 등 철강 분말,제조,,KSIC 11차 (2024),True
271201,그 외 기타 1차 철강 제조업,제조업 > 1차 금속 제조업 > 1차 철강 제조업 > 기타 1차 철강 제조업 > 그 외 기타 1차 철강 제조업,제조업,1차 금속 제조업,1차 철강 제조업,기타 1차 철강 제조업,24199,그 외 기타 1차 철강 제조업,,,,"단공 강재, 용접 형강",그 외 기타 1차 철강,제조,,KSIC 11차 (2024),False
271202,주철관 제조업,제조업 > 1차 금속 제조업 > 1차 철강 제조업 > 철강관 제조업 > 주철관 제조업,제조업,1차 금속 제조업,1차 철강 제조업,철강관 제조업,24131,주철관 제조업,"주형, 주조 또는 원심 분리 등의 방법에 의하여 주철관, 중공 파일 및 관련 연결구류를 제조하는 산업활동을 말한다.",주철 중공 프로파일 제조|주철관 연결구류 제조,,,주철 중공 프로파일|주철관 연결구류,제조|주조,,KSIC 11차 (2024),True
271204,열간 압연 및 압출제품 제조업,"제조업 > 1차 금속 제조업 > 1차 철강 제조업 > 철강 압연, 압출 및 연신제품 제조업 > 열간 압연 및 압출제품 제조업",제조업,1차 금속 제조업,1차 철강 제조업,"철강 압연, 압출 및 연신제품 제조업",24121,열간 압연 및 압출제품 제조업,"철강재를 열간 압연․압출 및 인발하여 판, 로드(rod), 바(bar), 형강, 궤조, 선재 등 1차 형태의 압연 강재(철강선 및 강관 제외)를 생산하 는 산업 활동을 말한다.","철강 열간 압연 제품 제조|열간 스테인레스강 평판 제조|열간 합금강 평판 제조|열간 철강 봉 제조|열간 철강 형강 제조|열간 압연, 압출 및 인발 철강 제조",철강선 제조,,"철강 열간 압연 제품|열간 스테인레스강 평판|열간 합금강 평판|열간 철강 봉|열간 철강 형강|열간 압연, 압출 및 인발 철강",제조|생산,,KSIC 11차 (2024),True
271205,냉간 압연 및 압출 제품 제조업,"제조업 > 1차 금속 제조업 > 1차 철강 제조업 > 철강 압연, 압출 및 연신제품 제조업 > 냉간 압연 및 압출 제품 제조업",제조업,1차 금속 제조업,1차 철강 제조업,"철강 압연, 압출 및 연신제품 제조업",24122,냉간 압연 및 압출 제품 제조업,열간 압연 강재를 냉간 압연․압출 및 인발하여 1차 형태의 냉간 압 연 강재를 생산하는 산업활동을 말한다.,"냉간 압연, 압출 및 인발제품 제조",철강선 제조,,"냉간 압연, 압출 및 인발제품",제조|생산,,KSIC 11차 (2024),True
271206,철강선 제조업,"제조업 > 1차 금속 제조업 > 1차 철강 제조업 > 철강 압연, 압출 및 연신제품 제조업 > 철강선 제조업",제조업,1차 금속 제조업,1차 철강 제조업,"철강 압연, 압출 및 연신제품 제조업",24123,철강선 제조업,"선재, 봉, 바 등의 1차 강재를 연신하여 철강선을 제조하는 산업활동 을 말한다.",철 및 비합금강 선 제조|스테인레스강 선 제조|합금강 선 제조|철강선 제조,비절연 철선제품 및 철강선 가공품 제조|구입한 철강선을 절단하여 1차 철강재 제조,,철 및 비합금강 선|스테인레스강 선|합금강 선|철강선,제조,,KSIC 11차 (2024),True
271207,강관 제조업,제조업 > 1차 금속 제조업 > 1차 철강 제조업 > 철강관 제조업 > 강관 제조업,제조업,1차 금속 제조업,1차 철강 제조업,철강관 제조업,24132,강관 제조업,"강재를 단조, 인발, 압출, 용접 및 기타 가공하여 무계목 강관, 단접 강관, 용접 강관, 튜브 등을 제조하는 산업활동을 말한다.",단접 철강관 제조|압출 철강관 제조|강관 제조|철강 튜브 제조,주철관 제조,,단접 철강관|압출 철강관|강관|철강 튜브,제조|가공|단조,,KSIC 11차 (2024),True
271208,강관 가공품 및 관 연결구류 제조업,제조업 > 1차 금속 제조업 > 1차 철강 제조업 > 철강관 제조업 > 강관 가공품 및 관 연결구류 제조업,제조업,1차 금속 제조업,1차 철강 제조업,철강관 제조업,24133,강관 가공품 및 관 연결구류 제조업,"구입한 강관을 절단, 절곡, 나사골 내기 등으로 가공하여 강관 연결구 류를 제조하거나 인발 강관 또는 중고 강관을 재생 인발한 강관을 제 조하는 산업활동을 포함한다.",철강관 연결구류 제조|중고 철강관 재생 인발제품 제조,주철제 연결구류 제조,,철강관 연결구류|중고 철강관 재생 인발제품,제조|가공,,KSIC 11차 (2024),True
271901,"도금, 착색 및 기타 표면 처리 강재 제조업","제조업 > 1차 금속 제조업 > 1차 철강 제조업 > 기타 1차 철강 제조업 > 도금, 착색 및 기타 표면 처리 강재 제조업",제조업,1차 금속 제조업,1차 철강 제조업,기타 1차 철강 제조업,24191,"도금, 착색 및 기타 표면 처리 강재 제조업","구입한 철강재를 도금, 착색 및 기타 표면 처리하여 특정형의 1차 또 는 중간재 상태의 철강재를 제조하는 산업활동을 말한다. 철강재 성 형가공 과정에 결합되어 표면 가공활동을 수행할 경우에는 그 성형가 공 활동에 따라 분류한다.","열처리 강재 생산|주름처리 강재 생산|도금, 도장 및 피복 철강재 제조",단조 금속제품 제조,,"열처리 강재|주름처리 강재|도금, 도장 및 피복 철강재",제조|생산|가공|성형,,KSIC 11차 (2024),True
271902,그 외 기타 1차 철강 제조업,제조업 > 1차 금속 제조업 > 1차 철강 제조업 > 기타 1차 철강 제조업 > 그 외 기타 1차 철강 제조업,제조업,1차 금속 제조업,1차 철강 제조업,기타 1차 철강 제조업,24199,그 외 기타 1차 철강 제조업,,,,절단 철강재,그 외 기타 1차 철강,제조,,KSIC 11차 (2024),False
272100,"기타 비철금속 제련, 정련 및 합금 제조업","제조업 > 1차 금속 제조업 > 1차 비철금속 제조업 > 비철금속 제련, 정련 및 합금 제조업 > 기타 비철금속 제련, 정련 및 합금 제조업",제조업,1차 금속 제조업,1차 비철금속 제조업,"비철금속 제련, 정련 및 합금 제조업",24219,"기타 비철금속 제련, 정련 및 합금 제조업","금, 은, 백금 등의 귀금속, 주석, 니켈, 안티몬, 수은, 망가니즈, 크롬, 텅스텐, 몰리브덴, 마그네사이트, 지르코늄 등의 비철금속 광석 또는 괴(덩어리) 및 스크랩을 처리하여 제련 및 정련하거나 이들의 합금을 제조하는 산업활동을 말한다.","금, 은 등의 귀금속 및 주석의 1|2차 제련 및 정련, 합금 제조|니켈, 안티모니, 수은, 망가니즈 1|몰리브덴, 마그네사이트 1|우라늄 제련 및 정련",,"기타 비철금속 제1차 제련, 정련","금, 은 등의 귀금속 및 주석의 1|2차 제련 및 정련, 합금|니켈, 안티모니, 수은, 망가니즈 1|몰리브덴, 마그네사이트 1|우라늄 제련 및 정련",제조|제련,,KSIC 11차 (2024),True
272101,"동 제련, 정련 및 합금 제조업","제조업 > 1차 금속 제조업 > 1차 비철금속 제조업 > 비철금속 제련, 정련 및 합금 제조업 > 동 제련, 정련 및 합금 제조업",제조업,1차 금속 제조업,1차 비철금속 제조업,"비철금속 제련, 정련 및 합금 제조업",24211,"동 제련, 정련 및 합금 제조업","동 광석 또는 괴(덩어리) 및 스크랩 등을 제련, 정련 및 재생하는 산 업활동을 말한다. 동합금 제조활동도 포함한다.",동 1차 및 2차 제련|동 1차 및 2차 정련|동합금 제조,,"동 1차 제련, 정련",동 1차 및 2차 제련|동 1차 및 2차 정련|동합금,제조|제련,,KSIC 11차 (2024),True
272102,"알루미늄 제련, 정련 및 합금 제조업","제조업 > 1차 금속 제조업 > 1차 비철금속 제조업 > 비철금속 제련, 정련 및 합금 제조업 > 알루미늄 제련, 정련 및 합금 제조업",제조업,1차 금속 제조업,1차 비철금속 제조업,"비철금속 제련, 정련 및 합금 제조업",24212,"알루미늄 제련, 정련 및 합금 제조업","알루미늄 원광(보크사이트), 알루미나 또는 괴(덩어리) 및 스크랩 등 을 제련, 정련 및 재생하는 산업활동을 말한다. 알루미늄 합금을 제조 하거나 알루미늄 원광을 처리하여 알루미나를 생산하는 산업활동도 포함한다.",알루미늄 1차 및 2차 제련|알루미늄 1차 및 2차 정련|알루미늄 재생|알루미늄 합금 제조|알루미늄 원광을 제련한 알루미나 (산화알루미늄) 제조,인조커런덤(강옥) 제조,"알루미늄 1차 제련, 정련",알루미늄 1차 및 2차 제련|알루미늄 1차 및 2차 정련|알루미늄 재생|알루미늄 합금|알루미늄 원광을 제련한 알루미나 (산화알루미늄),제조|생산|제련,,KSIC 11차 (2024),True
272103,"연 및 아연 제련, 정련 및 합금 제조업","제조업 > 1차 금속 제조업 > 1차 비철금속 제조업 > 비철금속 제련, 정련 및 합금 제조업 > 연 및 아연 제련, 정련 및 합금 제조업",제조업,1차 금속 제조업,1차 비철금속 제조업,"비철금속 제련, 정련 및 합금 제조업",24213,"연 및 아연 제련, 정련 및 합금 제조업",연(납) 및 아연 광석 또는 괴(덩어리) 및 스크랩을 제련․정련 및 재 생하는 산업활동을 말한다. 이들의 합금을 제조하는 경우도 포함한다.,납(연) 제 1차 제련 및 정련|납(연) 제 2차 제련 및 정련|아연 제 1차 제련 및 정련|아연 제 2차 제련 및 정련,,"연 및 아연 제1차 제련, 정련",납(연) 제 1차 제련 및 정련|납(연) 제 2차 제련 및 정련|아연 제 1차 제련 및 정련|아연 제 2차 제련 및 정련,제조|제련,,KSIC 11차 (2024),True
272200,"기타 비철금속 제련, 정련 및 합금 제조업","제조업 > 1차 금속 제조업 > 1차 비철금속 제조업 > 비철금속 제련, 정련 및 합금 제조업 > 기타 비철금속 제련, 정련 및 합금 제조업",제조업,1차 금속 제조업,1차 비철금속 제조업,"비철금속 제련, 정련 및 합금 제조업",24219,"기타 비철금속 제련, 정련 및 합금 제조업","금, 은, 백금 등의 귀금속, 주석, 니켈, 안티몬, 수은, 망가니즈, 크롬, 텅스텐, 몰리브덴, 마그네사이트, 지르코늄 등의 비철금속 광석 또는 괴(덩어리) 및 스크랩을 처리하여 제련 및 정련하거나 이들의 합금을 제조하는 산업활동을 말한다.","금, 은 등의 귀금속 및 주석의 1|2차 제련 및 정련, 합금 제조|니켈, 안티모니, 수은, 망가니즈 1|몰리브덴, 마그네사이트 1|우라늄 제련 및 정련",,"기타 비철금속 제2차 제련, 정련 및 합금","금, 은 등의 귀금속 및 주석의 1|2차 제련 및 정련, 합금|니켈, 안티모니, 수은, 망가니즈 1|몰리브덴, 마그네사이트 1|우라늄 제련 및 정련",제조|제련,,KSIC 11차 (2024),True
272201,"동 제련, 정련 및 합금 제조업","제조업 > 1차 금속 제조업 > 1차 비철금속 제조업 > 비철금속 제련, 정련 및 합금 제조업 > 동 제련, 정련 및 합금 제조업",제조업,1차 금속 제조업,1차 비철금속 제조업,"비철금속 제련, 정련 및 합금 제조업",24211,"동 제련, 정련 및 합금 제조업","동 광석 또는 괴(덩어리) 및 스크랩 등을 제련, 정련 및 재생하는 산 업활동을 말한다. 동합금 제조활동도 포함한다.",동 1차 및 2차 제련|동 1차 및 2차 정련|동합금 제조,,"동 2차 제련, 정련 및 합금",동 1차 및 2차 제련|동 1차 및 2차 정련|동합금,제조|제련,,KSIC 11차 (2024),True
272202,"알루미늄 제련, 정련 및 합금 제조업","제조업 > 1차 금속 제조업 > 1차 비철금속 제조업 > 비철금속 제련, 정련 및 합금 제조업 > 알루미늄 제련, 정련 및 합금 제조업",제조업,1차 금속 제조업,1차 비철금속 제조업,"비철금속 제련, 정련 및 합금 제조업",24212,"알루미늄 제련, 정련 및 합금 제조업","알루미늄 원광(보크사이트), 알루미나 또는 괴(덩어리) 및 스크랩 등 을 제련, 정련 및 재생하는 산업활동을 말한다. 알루미늄 합금을 제조 하거나 알루미늄 원광을 처리하여 알루미나를 생산하는 산업활동도 포함한다.",알루미늄 1차 및 2차 제련|알루미늄 1차 및 2차 정련|알루미늄 재생|알루미늄 합금 제조|알루미늄 원광을 제련한 알루미나 (산화알루미늄) 제조,인조커런덤(강옥) 제조,"알루미늄 2차 제련, 정련 및 합금",알루미늄 1차 및 2차 제련|알루미늄 1차 및 2차 정련|알루미늄 재생|알루미늄 합금|알루미늄 원광을 제련한 알루미나 (산화알루미늄),제조|생산|제련,,KSIC 11차 (2024),True
272203,"연 및 아연 제련, 정련 및 합금 제조업","제조업 > 1차 금속 제조업 > 1차 비철금속 제조업 > 비철금속 제련, 정련 및 합금 제조업 > 연 및 아연 제련, 정련 및 합금 제조업",제조업,1차 금속 제조업,1차 비철금속 제조업,"비철금속 제련, 정련 및 합금 제조업",24213,"연 및 아연 제련, 정련 및 합금 제조업",연(납) 및 아연 광석 또는 괴(덩어리) 및 스크랩을 제련․정련 및 재 생하는 산업활동을 말한다. 이들의 합금을 제조하는 경우도 포함한다.,납(연) 제 1차 제련 및 정련|납(연) 제 2차 제련 및 정련|아연 제 1차 제련 및 정련|아연 제 2차 제련 및 정련,,"연 및 아연 제2차 제련, 정련 및 합금",납(연) 제 1차 제련 및 정련|납(연) 제 2차 제련 및 정련|아연 제 1차 제련 및 정련|아연 제 2차 제련 및 정련,제조|제련,,KSIC 11차 (2024),True
272300,"알루미늄 압연, 압출 및 연신제품 제조업","제조업 > 1차 금속 제조업 > 1차 비철금속 제조업 > 비철금속 압연, 압출 및 연신제품 제조업 > 알루미늄 압연, 압출 및 연신제품 제조업",제조업,1차 금속 제조업,1차 비철금속 제조업,"비철금속 압연, 압출 및 연신제품 제조업",24222,"알루미늄 압연, 압출 및 연신제품 제조업","알루미늄재를 압연, 압출, 인발 및 기타 가공하여 1차 형태의 알루미 늄제품을 생산하는 산업활동을 말한다.",알루미늄 및 알루미늄 합금 반제품 제조,,,알루미늄 및 알루미늄 합금 반제품,제조|생산|가공,,KSIC 11차 (2024),True
272301,"동 압연, 압출 및 연신제품 제조업","제조업 > 1차 금속 제조업 > 1차 비철금속 제조업 > 비철금속 압연, 압출 및 연신제품 제조업 > 동 압연, 압출 및 연신제품 제조업",제조업,1차 금속 제조업,1차 비철금속 제조업,"비철금속 압연, 압출 및 연신제품 제조업",24221,"동 압연, 압출 및 연신제품 제조업",동재를 압연․압출․인발 및 기타 가공하여 1차 형태의 동제품을 생 산하는 산업활동을 말한다.,동 합금 압연제품 및 반제품 제조,,,동 합금 압연제품 및 반제품,제조|가공,,KSIC 11차 (2024),True
272302,"기타 비철금속 압연, 압출 및 연신제품 제조업","제조업 > 1차 금속 제조업 > 1차 비철금속 제조업 > 비철금속 압연, 압출 및 연신제품 제조업 > 기타 비철금속 압연, 압출 및 연신제품 제조업",제조업,1차 금속 제조업,1차 비철금속 제조업,"비철금속 압연, 압출 및 연신제품 제조업",24229,"기타 비철금속 압연, 압출 및 연신제품 제조업","금, 은, 주석, 니켈, 수은, 망가니즈, 크롬, 텅스텐, 마그네사이트 등 기 타 비철금속을 압연․압출․인발 및 기타 가공하여 1차 형태의 비철 금속 제품을 생산하는 산업활동을 말한다.","판, 시트, 대 및 박 제조|관 및 관 연결구류 제조|봉, 프로파일, 선 제조|주석 관 및 관 연결구류 제조|주석 판, 시트, 대 및 박 제조",,,"판, 시트, 대 및 박|관 및 관 연결구류|봉, 프로파일, 선|주석 관 및 관 연결구류|주석 판, 시트, 대 및 박",제조|생산|가공,,KSIC 11차 (2024),True
272900,기타 1차 비철금속 제조업,제조업 > 1차 금속 제조업 > 1차 비철금속 제조업 > 기타 1차 비철금속 제조업,제조업,1차 금속 제조업,1차 비철금속 제조업,기타 1차 비철금속 제조업,24290,기타 1차 비철금속 제조업,,,,,기타 1차 비철금속,제조,,KSIC 11차 (2024),False
273101,선철 주물 주조업,제조업 > 1차 금속 제조업 > 금속 주조업 > 철강 주조업 > 선철 주물 주조업,제조업,1차 금속 제조업,금속 주조업,철강 주조업,24311,선철 주물 주조업,선철 또는 합금철로 각종 선철(회) 주물 및 가단철 주물을 제조하는 산업활동을 말한다.,가단철 주물 주조|합금철 주물 주조|정밀 선철 주물 주조|정밀 합금철 주물 주조,주철관 및 관 연결구류 제조,,가단철 주물 주조|합금철 주물 주조|정밀 선철 주물 주조|정밀 합금철 주물 주조,제조|주조,,KSIC 11차 (2024),True
273102,강 주물 주조업,제조업 > 1차 금속 제조업 > 금속 주조업 > 철강 주조업 > 강 주물 주조업,제조업,1차 금속 제조업,금속 주조업,철강 주조업,24312,강 주물 주조업,강재 또는 합금강재로 강 주물 및 합금강 주물을 제조하는 산업활동 을 말한다.,강 주물 주조|합금강 주물 주조|정밀 강 주물 주조|정밀 합금강 주물 주조,주철관 및 관연결구류 제조|가단 주철 주물 제조,,강 주물 주조|합금강 주물 주조|정밀 강 주물 주조|정밀 합금강 주물 주조,제조|주조,,KSIC 11차 (2024),True
273200,알루미늄 주물 주조업,제조업 > 1차 금속 제조업 > 금속 주조업 > 비철금속 주조업 > 알루미늄 주물 주조업,제조업,1차 금속 제조업,금속 주조업,비철금속 주조업,24321,알루미늄 주물 주조업,알루미늄 및 그 합금으로 알루미늄 주물을 제조하는 산업활동을 말한다.,알루미늄 주물 주조|알루미늄 합금 주물 주조,,,알루미늄 주물 주조|알루미늄 합금 주물 주조,제조|주조,,KSIC 11차 (2024),True
273201,기타 비철금속 주조업,제조업 > 1차 금속 제조업 > 금속 주조업 > 비철금속 주조업 > 기타 비철금속 주조업,제조업,1차 금속 제조업,금속 주조업,비철금속 주조업,24329,기타 비철금속 주조업,"금, 은, 동, 주석, 니켈, 수은, 망가니즈, 크롬, 텅스텐, 마그네사이트 등의 기타 비철금속 주물을 제조하는 산업활동을 말한다.",동 주물 주조|동합금 주물 주조|기타 비철금속 주조|기타 비철금속 합금 주물 주조,,동주물,동 주물 주조|동합금 주물 주조|기타 비철금속 주조|기타 비철금속 합금 주물 주조,제조|주조,,KSIC 11차 (2024),True
273202,기타 비철금속 주조업,제조업 > 1차 금속 제조업 > 금속 주조업 > 비철금속 주조업 > 기타 비철금속 주조업,제조업,1차 금속 제조업,금속 주조업,비철금속 주조업,24329,기타 비철금속 주조업,"금, 은, 동, 주석, 니켈, 수은, 망가니즈, 크롬, 텅스텐, 마그네사이트 등의 기타 비철금속 주물을 제조하는 산업활동을 말한다.",동 주물 주조|동합금 주물 주조|기타 비철금속 주조|기타 비철금속 합금 주물 주조,,,동 주물 주조|동합금 주물 주조|기타 비철금속 주조|기타 비철금속 합금 주물 주조,제조|주조,,KSIC 11차 (2024),True
281100,"금속 문, 창, 셔터 및 관련제품 제조업","제조업 > 금속 가공제품 제조업; 기계 및 가구 제외 > 구조용 금속제품, 탱크 및 증기발생기 제조업 > 구조용 금속제품 제조업 > 금속 문, 창, 셔터 및 관련제품 제조업",제조업,금속 가공제품 제조업; 기계 및 가구 제외,"구조용 금속제품, 탱크 및 증기발생기 제조업",구조용 금속제품 제조업,25111,"금속 문, 창, 셔터 및 관련제품 제조업",금속제의 문 및 관련 금속제품을 제조하는 산업활동을 말한다.,"금속제 창문 제조|철문 제조|금속 롤링도어(rolling door, 두루마리 문) 제조|금속 스크린도어(screen door) 제조|금속 셔터문(shutter door) 제조|새시문(sash door) 제조|회전문(revolving door) 제조|금속제 수문(철골제 제외) 제조",,,"금속제 창문|철문|금속 롤링도어(rolling door, 두루마리 문)|금속 스크린도어(screen door)|금속 셔터문(shutter door)|새시문(sash door)|회전문(revolving door)|금속제 수문(철골제 제외)",제조,,KSIC 11차 (2024),True
281101,그 외 기타 분류 안된 금속 가공제품 제조업,제조업 > 금속 가공제품 제조업; 기계 및 가구 제외 > 기타 금속 가공제품 제조업 > 그 외 기타 금속 가공제품 제조업 > 그 외 기타 분류 안된 금속 가공제품 제조업,제조업,금속 가공제품 제조업; 기계 및 가구 제외,기타 금속 가공제품 제조업,그 외 기타 금속 가공제품 제조업,25999,그 외 기타 분류 안된 금속 가공제품 제조업,"금속 재료로 장식용 금속제품, 체인(동력전달용 제외), 선박용 프로펠 러 및 그 날, 비전기식 벨, 종 및 유사제품, 바늘, 핀, 버클, 훅(hook), 이동용 또는 설치용 각종 금고 및 관련 장치 등을 제조하는 산업활동 을 말한다.","적재용 금속판 제조|상패, 명패, 감사패 제조|버클 제조|철모 제조|사진틀 제조|화물용 금속 플랫폼(platform) 제조|이동식 사다리 제조|금속제 침 및 바늘 제조|금속제 트로피 제조|금속제 유금, 꺾쇠, 유금이 붙은 프레임 제조|버클용 유금, 아이(eye), 아이렛(eyelet), 구슬과 스팽글 제조|선박 추진기 및 관련 블레이드 제조|금속제 자석 제조|금고실 라이닝(내장재) 제조|금고실 문 제조|현금함 제조|스트롱 박스 제조|안전장치를 갖춘 금속제 수집 상자","귀금속제 경기 또는 예술용 트로피, 메달 제조|재봉기용 바늘 제조|용제 피복 없는 용접봉",,"적재용 금속판|상패, 명패, 감사패|버클|철모|사진틀|화물용 금속 플랫폼(platform)|이동식 사다리|금속제 침 및 바늘|금속제 트로피|금속제 유금, 꺾쇠, 유금이 붙은 프레임|선박 추진기 및 관련 블레이드|금속제 자석|금고실 라이닝(내장재)|금고실 문|현금함",제조|가공|설치,,KSIC 11차 (2024),True
281102,"탭, 밸브 및 유사 장치 제조업","제조업 > 기타 기계 및 장비 제조업 > 일반 목적용 기계 제조업 > 펌프 및 압축기 제조업; 탭, 밸브 및 유사 장치 제조 포함 > 탭, 밸브 및 유사 장치 제조업",제조업,기타 기계 및 장비 제조업,일반 목적용 기계 제조업,"펌프 및 압축기 제조업; 탭, 밸브 및 유사 장치 제조 포함",29133,"탭, 밸브 및 유사 장치 제조업","파이프, 보일러의 동체, 탱크, 통 등에 사용되어 액체 또는 기체의 흐 름을 조정하는 탭, 코크, 수도꼭지, 마개, 노즐, 밸브 및 유사 장치를 제조하는 산업활동을 말한다. 감압 밸브 및 온도 제어식 밸브 제조도 포함한다.",감압 밸브 및 온도 제어식 밸브 제조,유압(공기압) 밸브 제조,,감압 밸브 및 온도 제어식 밸브,제조,,KSIC 11차 (2024),True
281103,구조용 금속 판제품 및 공작물 제조업,"제조업 > 금속 가공제품 제조업; 기계 및 가구 제외 > 구조용 금속제품, 탱크 및 증기발생기 제조업 > 구조용 금속제품 제조업 > 구조용 금속 판제품 및 공작물 제조업",제조업,금속 가공제품 제조업; 기계 및 가구 제외,"구조용 금속제품, 탱크 및 증기발생기 제조업",구조용 금속제품 제조업,25112,구조용 금속 판제품 및 공작물 제조업,건물 및 기타 구축물에 설치 또는 부착되는 각종 구조용 금속 판제품 및 금속 공작물을 제조하는 산업활동을 말한다.,금속 지붕 및 벽면 제조|처마용 금속 판제품 제조|금속 발코니 제조|건물용 금속 계단 및 사다리 제조|설치용 금속 울타리 제조|금속 베란다 제조,"이동식 금속 사다리 제조|골조 구조재 제조(25113, 25114|구조물용 이외 판금제품 제조",,금속 지붕 및 벽면|처마용 금속 판제품|금속 발코니|건물용 금속 계단 및 사다리|설치용 금속 울타리|금속 베란다,제조|설치|구축,,KSIC 11차 (2024),True
281104,육상 금속 골조 구조재 제조업,"제조업 > 금속 가공제품 제조업; 기계 및 가구 제외 > 구조용 금속제품, 탱크 및 증기발생기 제조업 > 구조용 금속제품 제조업 > 육상 금속 골조 구조재 제조업",제조업,금속 가공제품 제조업; 기계 및 가구 제외,"구조용 금속제품, 탱크 및 증기발생기 제조업",구조용 금속제품 제조업,25113,육상 금속 골조 구조재 제조업,"형강, 강판, 평강 등의 금속 재료를 가공하여 건물, 교량, 철탑 및 기 타 육상 구축물, 기계 및 장비류(용광로, 물품 취급 장비 등) 축조 또 는 설치에 사용되는 조립용 금속 골조 구조재 및 구성 부분품을 생산 하는 산업활동을 말한다.",교량 조립 구조재 제조|탑 조립 구조재 제조|철골 조립 육상 구조재 제조|비계용 지주 및 유사기구 제조|조립식 철골제 수문 제조,구조용 금속 판제품 및 금속 공작물 제조|금속제 조립식 건물 및 그 구성품 제조,,교량 조립 구조재|탑 조립 구조재|철골 조립 육상 구조재|비계용 지주 및 유사기구|조립식 철골제 수문,제조|생산|가공|조립|축조|설치|구축,,KSIC 11차 (2024),True
281105,수상 금속 골조 구조재 제조업,"제조업 > 금속 가공제품 제조업; 기계 및 가구 제외 > 구조용 금속제품, 탱크 및 증기발생기 제조업 > 구조용 금속제품 제조업 > 수상 금속 골조 구조재 제조업",제조업,금속 가공제품 제조업; 기계 및 가구 제외,"구조용 금속제품, 탱크 및 증기발생기 제조업",구조용 금속제품 제조업,25114,수상 금속 골조 구조재 제조업,"형강, 강판, 평강 등의 금속 재료를 가공하여 선박 및 수상 부유 구조 물의 축조 또는 설치에 사용되는 조립용 금속 골조 구조재 및 구성 부분품을 생산하는 산업활동을 말한다.",선박용 철골 조립 구조재 제조,구조용 금속 판제품 및 금속 공작물 제조|금속제 조립식 건물 및 그 구성품 제조,,선박용 철골 조립 구조재,제조|생산|가공|조립|축조|설치,,KSIC 11차 (2024),True
281106,기타 구조용 금속제품 제조업,"제조업 > 금속 가공제품 제조업; 기계 및 가구 제외 > 구조용 금속제품, 탱크 및 증기발생기 제조업 > 구조용 금속제품 제조업 > 기타 구조용 금속제품 제조업",제조업,금속 가공제품 제조업; 기계 및 가구 제외,"구조용 금속제품, 탱크 및 증기발생기 제조업",구조용 금속제품 제조업,25119,기타 구조용 금속제품 제조업,달리 분류되지 않은 기타 구조용 금속제품 제조업으로서 금속 재료를 가공하여 금속제 조립식 건물 및 그 부분품 등을 제조하는 산업활동 을 말한다.,건물용 컨테이너 제조|금속제 조립식 건물 및 그 구성품 제조,건물 부착 설치용 계단 및 사다리 제조|이동식 금속제 사다리 제조,,건물용 컨테이너|금속제 조립식 건물 및 그 구성품,제조|가공|조립,,KSIC 11차 (2024),True
281201,산업용 난방보일러 및 방열기 제조업,"제조업 > 금속 가공제품 제조업; 기계 및 가구 제외 > 구조용 금속제품, 탱크 및 증기발생기 제조업 > 산업용 난방 보일러, 금속탱크 및 유사 용기 제조업 > 산업용 난방보일러 및 방열기 제조업",제조업,금속 가공제품 제조업; 기계 및 가구 제외,"구조용 금속제품, 탱크 및 증기발생기 제조업","산업용 난방 보일러, 금속탱크 및 유사 용기 제조업",25121,산업용 난방보일러 및 방열기 제조업,"가정용 이외의 공장, 빌딩 및 산업 시설물 등의 난방용 온수보일러, 저압 증기보일러 및 관련 방열기를 제조하는 산업활동을 말한다.",중앙난방용 보일러 제조|기타 산업시설 난방용 보일러 제조|방열기 제조(중앙난방 보일러용)|중앙난방용 저압 증기보일러 제조,,,중앙난방용 보일러|기타 산업시설 난방용 보일러|방열기 제조(중앙난방 보일러용)|중앙난방용 저압 증기보일러,제조,,KSIC 11차 (2024),True
281202,산업용 난방보일러 및 방열기 제조업,"제조업 > 금속 가공제품 제조업; 기계 및 가구 제외 > 구조용 금속제품, 탱크 및 증기발생기 제조업 > 산업용 난방 보일러, 금속탱크 및 유사 용기 제조업 > 산업용 난방보일러 및 방열기 제조업",제조업,금속 가공제품 제조업; 기계 및 가구 제외,"구조용 금속제품, 탱크 및 증기발생기 제조업","산업용 난방 보일러, 금속탱크 및 유사 용기 제조업",25121,산업용 난방보일러 및 방열기 제조업,"가정용 이외의 공장, 빌딩 및 산업 시설물 등의 난방용 온수보일러, 저압 증기보일러 및 관련 방열기를 제조하는 산업활동을 말한다.",중앙난방용 보일러 제조|기타 산업시설 난방용 보일러 제조|방열기 제조(중앙난방 보일러용)|중앙난방용 저압 증기보일러 제조,,방열기,중앙난방용 보일러|기타 산업시설 난방용 보일러|방열기 제조(중앙난방 보일러용)|중앙난방용 저압 증기보일러,제조,,KSIC 11차 (2024),True
281204,금속 탱크 및 저장 용기 제조업,"제조업 > 금속 가공제품 제조업; 기계 및 가구 제외 > 구조용 금속제품, 탱크 및 증기발생기 제조업 > 산업용 난방 보일러, 금속탱크 및 유사 용기 제조업 > 금속 탱크 및 저장 용기 제조업",제조업,금속 가공제품 제조업; 기계 및 가구 제외,"구조용 금속제품, 탱크 및 증기발생기 제조업","산업용 난방 보일러, 금속탱크 및 유사 용기 제조업",25122,금속 탱크 및 저장 용기 제조업,"주로 건물 및 구축물, 선박 및 제조업용 기계․장비 등에 설치 및 부 착되거나 가공 또는 저장용으로 사용되는 대용량(300리터 초과) 금속 용기를 제조하는 산업활동을 말한다. 이러한 용기가 부착되는 기계․ 장비를 제조하는 사업체에서 이를 함께 생산할 경우에는 그 제조되는 기계․장비 종류에 따라 분류한다.",금속 저장 조 제조|금속 탱크 제조,,,금속 저장 조|금속 탱크,제조|생산|가공|설치|구축,,KSIC 11차 (2024),True
281205,압축 및 액화 가스 용기 제조업,"제조업 > 금속 가공제품 제조업; 기계 및 가구 제외 > 구조용 금속제품, 탱크 및 증기발생기 제조업 > 산업용 난방 보일러, 금속탱크 및 유사 용기 제조업 > 압축 및 액화 가스 용기 제조업",제조업,금속 가공제품 제조업; 기계 및 가구 제외,"구조용 금속제품, 탱크 및 증기발생기 제조업","산업용 난방 보일러, 금속탱크 및 유사 용기 제조업",25123,압축 및 액화 가스 용기 제조업,압축 또는 액화 가스 저장 및 운반용으로 사용하는 가스 용기를 제조 하는 산업활동을 말한다. 밸브ㆍ탭ㆍ압력계ㆍ액면계 등 조정용ㆍ제어 용 또는 측정용 장치가 붙을 수도 있다. 이러한 용기가 부착되는 기 계ㆍ장비를 제조하는 사업체에서 이를 함께 생산할 경우에는 그 제조 되는 기계ㆍ장비 종류에 따라 분류한다.,금속 가스 용기 제조|금속 압축 용기 제조,,,금속 가스 용기|금속 압축 용기,제조|생산|측정,,KSIC 11차 (2024),True
281300,핵반응기 및 증기보일러 제조업,"제조업 > 금속 가공제품 제조업; 기계 및 가구 제외 > 구조용 금속제품, 탱크 및 증기발생기 제조업 > 핵반응기 및 증기보일러 제조업",제조업,금속 가공제품 제조업; 기계 및 가구 제외,"구조용 금속제품, 탱크 및 증기발생기 제조업",핵반응기 및 증기보일러 제조업,25130,핵반응기 및 증기보일러 제조업,동위원소 분리기를 제외한 각종 목적용 핵반응기를 제조하는 산업활 동과 선박용 또는 동력용 증기 및 과열수 발생 보일러와 관련 보조장 치를 제조하는 산업활동을 말한다.,핵반응기(원자로) 제조|핵반응기(원자로) 부분품 제조|증기 원동기용 응축기 제조|증기 원동기용 응축기 보조 장치 제조,동위원소 분리기 제조|증기 기관차 제조,,핵반응기(원자로)|핵반응기(원자로) 부분품|증기 원동기용 응축기|증기 원동기용 응축기 보조 장치,제조,,KSIC 11차 (2024),True
289101,분말 야금제품 제조업,"제조업 > 금속 가공제품 제조업; 기계 및 가구 제외 > 기타 금속 가공제품 제조업 > 금속 단조, 압형 및 분말 야금제품 제조업 > 분말 야금제품 제조업",제조업,금속 가공제품 제조업; 기계 및 가구 제외,기타 금속 가공제품 제조업,"금속 단조, 압형 및 분말 야금제품 제조업",25911,분말 야금제품 제조업,금속 분말을 형틀에 주입하고 이를 가열 및 압착하여 기계 부품을 포 함한 각종 특정형의 금속 분말 야금제품을 직접 제조하는 산업활동을 말한다.,,,,분말 야금제품,제조,,KSIC 11차 (2024),True
289102,금속 단조제품 제조업,"제조업 > 금속 가공제품 제조업; 기계 및 가구 제외 > 기타 금속 가공제품 제조업 > 금속 단조, 압형 및 분말 야금제품 제조업 > 금속 단조제품 제조업",제조업,금속 가공제품 제조업; 기계 및 가구 제외,기타 금속 가공제품 제조업,"금속 단조, 압형 및 분말 야금제품 제조업",25912,금속 단조제품 제조업,단조 방법에 의하여 각종 금속 단조제품을 제조하는 산업활동을 말한다.,,1차 형태의 단공 철강재 생산,,금속 단조제품,제조|단조,,KSIC 11차 (2024),True
289103,자동차용 금속 압형제품 제조업,"제조업 > 금속 가공제품 제조업; 기계 및 가구 제외 > 기타 금속 가공제품 제조업 > 금속 단조, 압형 및 분말 야금제품 제조업 > 자동차용 금속 압형제품 제조업",제조업,금속 가공제품 제조업; 기계 및 가구 제외,기타 금속 가공제품 제조업,"금속 단조, 압형 및 분말 야금제품 제조업",25913,자동차용 금속 압형제품 제조업,"금속 자재를 굽히기, 휘기, 회전 조형, 찍기, 압축 등의 방법으로 가공 하여 자동차용 부분품을 제조하는 산업활동을 말한다.",,자동차용 이외 금속 압형제품 제조,,자동차용 금속 압형제품,제조|가공,,KSIC 11차 (2024),True
289104,그 외 금속 압형제품 제조업,"제조업 > 금속 가공제품 제조업; 기계 및 가구 제외 > 기타 금속 가공제품 제조업 > 금속 단조, 압형 및 분말 야금제품 제조업 > 그 외 금속 압형제품 제조업",제조업,금속 가공제품 제조업; 기계 및 가구 제외,기타 금속 가공제품 제조업,"금속 단조, 압형 및 분말 야금제품 제조업",25914,그 외 금속 압형제품 제조업,"금속 자재를 굽히기, 휘기, 회전 조형, 찍기, 압축 등의 방법으로 기계 장비 부분품, 의료용품, 장식용품, 가구 부속품, 가정용품, 모형 등의 특정 제품 및 조립용 부분품을 제조하는 산업활동을 말한다.",,자동차용 금속 압형제품 제조,,그 외 금속 압형제품,제조|조립,,KSIC 11차 (2024),True
289201,그 외 기타 금속 가공업,"제조업 > 금속 가공제품 제조업; 기계 및 가구 제외 > 기타 금속 가공제품 제조업 > 금속 열처리, 도금 및 기타 금속 가공업 > 그 외 기타 금속 가공업",제조업,금속 가공제품 제조업; 기계 및 가구 제외,기타 금속 가공제품 제조업,"금속 열처리, 도금 및 기타 금속 가공업",25929,그 외 기타 금속 가공업,"금속 물질을 용접 및 용단하거나 연마 및 기타 금속 표면을 가공하는 산업활동을 말한다. 수수료 및 계약에 의해 각종 금속 물질을 특정한 규격으로 단순 절단, 절곡, 판금(절단, 구멍 내기, 구부리기, 모양 형 성 및 용접 등) 처리하는 산업활동도 포함한다.",,"건물, 구축물용 판금제품|선반, 레이저 기기 등을 이용한 절삭, 재단",금속용접처리,그 외 기타 금속,가공,,KSIC 11차 (2024),True
289202,도장 및 기타 피막 처리업,"제조업 > 금속 가공제품 제조업; 기계 및 가구 제외 > 기타 금속 가공제품 제조업 > 금속 열처리, 도금 및 기타 금속 가공업 > 도장 및 기타 피막 처리업",제조업,금속 가공제품 제조업; 기계 및 가구 제외,기타 금속 가공제품 제조업,"금속 열처리, 도금 및 기타 금속 가공업",25923,도장 및 기타 피막 처리업,"금속 가공제품을 에나멜, 래커, 충전 물질 등으로 착색․피복 또는 도 장․법랑처리․충전․기타 피막 형성 처리하는 산업활동을 말한다.",,,,도장 및 기타 피막 처리업,가공,,KSIC 11차 (2024),True
289205,절삭 가공 및 유사 처리업,"제조업 > 금속 가공제품 제조업; 기계 및 가구 제외 > 기타 금속 가공제품 제조업 > 금속 열처리, 도금 및 기타 금속 가공업 > 절삭 가공 및 유사 처리업",제조업,금속 가공제품 제조업; 기계 및 가구 제외,기타 금속 가공제품 제조업,"금속 열처리, 도금 및 기타 금속 가공업",25924,절삭 가공 및 유사 처리업,"선반, 레이저 및 기타 전자응용 기계 등을 이용하여 철강 또는 비철 금속 물질을 절삭, 식각, 재단 및 기타 표면 가공하여 특정 제품의 부 분품, 반제품 또는 완제품 형태의 각종 철강 또는 비철금속 제품을 생산하는 산업활동을 말한다.",,가압방법에 의한 금속 압형제품 제조|연마방법에 의한 금속 표면 처리|철골 용접공사 활동,,절삭 가공 및 유사 처리업,생산|가공|이용,,KSIC 11차 (2024),True
289206,금속 열처리업,"제조업 > 금속 가공제품 제조업; 기계 및 가구 제외 > 기타 금속 가공제품 제조업 > 금속 열처리, 도금 및 기타 금속 가공업 > 금속 열처리업",제조업,금속 가공제품 제조업; 기계 및 가구 제외,기타 금속 가공제품 제조업,"금속 열처리, 도금 및 기타 금속 가공업",25921,금속 열처리업,기계 부분품 및 일반 철물 등 금속 가공제품을 열처리 가공하는 산업 활동을 말한다.,,,,금속 열처리업,가공,,KSIC 11차 (2024),True
289207,도금업,"제조업 > 금속 가공제품 제조업; 기계 및 가구 제외 > 기타 금속 가공제품 제조업 > 금속 열처리, 도금 및 기타 금속 가공업 > 도금업",제조업,금속 가공제품 제조업; 기계 및 가구 제외,기타 금속 가공제품 제조업,"금속 열처리, 도금 및 기타 금속 가공업",25922,도금업,"철강 및 비철금속을 각종 방법으로 도금하는 산업활동을 말한다. 도 금활동에 결합 수행되는 도금 전․후 처리활동(산세․수세․탈사, 마 무리 등 공정)이 부수될 수 있다.",,제철공정과 열간|제강공정과 열간,,도금업,,,KSIC 11차 (2024),True
289208,그 외 기타 금속 가공업,"제조업 > 금속 가공제품 제조업; 기계 및 가구 제외 > 기타 금속 가공제품 제조업 > 금속 열처리, 도금 및 기타 금속 가공업 > 그 외 기타 금속 가공업",제조업,금속 가공제품 제조업; 기계 및 가구 제외,기타 금속 가공제품 제조업,"금속 열처리, 도금 및 기타 금속 가공업",25929,그 외 기타 금속 가공업,"금속 물질을 용접 및 용단하거나 연마 및 기타 금속 표면을 가공하는 산업활동을 말한다. 수수료 및 계약에 의해 각종 금속 물질을 특정한 규격으로 단순 절단, 절곡, 판금(절단, 구멍 내기, 구부리기, 모양 형 성 및 용접 등) 처리하는 산업활동도 포함한다.",,"건물, 구축물용 판금제품|선반, 레이저 기기 등을 이용한 절삭, 재단",,그 외 기타 금속,가공,,KSIC 11차 (2024),True
289301,비동력식 수공구 제조업,"제조업 > 금속 가공제품 제조업; 기계 및 가구 제외 > 기타 금속 가공제품 제조업 > 날붙이, 수공구 및 일반 철물 제조업 > 비동력식 수공구 제조업",제조업,금속 가공제품 제조업; 기계 및 가구 제외,기타 금속 가공제품 제조업,"날붙이, 수공구 및 일반 철물 제조업",25933,비동력식 수공구 제조업,"농업용, 정원용, 공업용, 광업용 등 각종 용도의 수공구를 제조하는 산업활동으로서 가정용 수공구를 제조하는 산업활동을 포함한다.",원예용|임업용 수공구 제조|줄 및 유사 공구 제조|유리 및 다이아몬드 가공용 수공구 제조,탭렌치 등 기계용 및 호환성 공구 제조,농업용 및 정원용,원예용|임업용 수공구|줄 및 유사 공구|유리 및 다이아몬드 가공용 수공구,제조|가공,,KSIC 11차 (2024),True
289302,일반 철물 제조업,"제조업 > 금속 가공제품 제조업; 기계 및 가구 제외 > 기타 금속 가공제품 제조업 > 날붙이, 수공구 및 일반 철물 제조업 > 일반 철물 제조업",제조업,금속 가공제품 제조업; 기계 및 가구 제외,기타 금속 가공제품 제조업,"날붙이, 수공구 및 일반 철물 제조업",25932,일반 철물 제조업,"자물쇠 및 열쇠 제조를 포함하여 문 및 창문용, 건물용, 가구용, 선박 및 차량 등의 운송장비용 및 기타 일반용의 철물을 제조하는 산업활 동을 말한다. 가구 성격이 아닌 금속제 옷걸이, 타월걸이, 커튼 및 차 양 부착물 등을 제조하는 경우도 포함한다.","자물쇠 제조|다이얼식 자물쇠 제조|경첩 제조|열쇠 제조|카스터 제조|금속제 옷걸이 제조(입식 제외)|금속제 까치발(브래킷, bracket) 제조|금속제 선반 받침대 제조|자물쇠 및 열쇠에 결합되는 유금 제조",선박 및 부유물용 조립 부분품 제조,,"자물쇠|다이얼식 자물쇠|경첩|열쇠|카스터|금속제 옷걸이 제조(입식 제외)|금속제 까치발(브래킷, bracket)|금속제 선반 받침대|자물쇠 및 열쇠에 결합되는 유금",제조|운송,,KSIC 11차 (2024),True
289303,톱 및 호환성 공구 제조업,"제조업 > 금속 가공제품 제조업; 기계 및 가구 제외 > 기타 금속 가공제품 제조업 > 날붙이, 수공구 및 일반 철물 제조업 > 톱 및 호환성 공구 제조업",제조업,금속 가공제품 제조업; 기계 및 가구 제외,기타 금속 가공제품 제조업,"날붙이, 수공구 및 일반 철물 제조업",25934,톱 및 호환성 공구 제조업,"수동식 톱 및 톱날, 공작기계 등에 부착하여 사용하는 톱날, 칼, 칼날 등 기계용 또는 수공구용으로 사용되는 호환성 공구를 제조하는 산업 활동을 말한다.",톱 및 톱날 제조(수동식)|호환성 공구 제조,수지식 전동톱 제조,,톱 및 톱날 제조(수동식)|호환성 공구,제조,,KSIC 11차 (2024),True
289304,날붙이 제조업,"제조업 > 금속 가공제품 제조업; 기계 및 가구 제외 > 기타 금속 가공제품 제조업 > 날붙이, 수공구 및 일반 철물 제조업 > 날붙이 제조업",제조업,금속 가공제품 제조업; 기계 및 가구 제외,기타 금속 가공제품 제조업,"날붙이, 수공구 및 일반 철물 제조업",25931,날붙이 제조업,식탁용 금속제품(식탁용 그릇 등 용기류는 제외)을 포함하여 각종 용 도의 날붙이와 이들의 금속제 손잡이 등을 제조하는 산업활동을 말한다.,금속제 설탕 집게 제조|가위 제조|칼 및 칼날 제조|면도날 제조|비전기식 면도기 제조|비전기식 조발기 제조|손톱깎이 제조|무기용 대검 및 칼집 제조|금속제 날붙이 손잡이 제조,기계용 칼 및 칼날 제조,,금속제 설탕 집게|가위|칼 및 칼날|면도날|비전기식 면도기|비전기식 조발기|손톱깎이|무기용 대검 및 칼집|금속제 날붙이 손잡이,제조,,KSIC 11차 (2024),True
289305,일반 철물 제조업,"제조업 > 금속 가공제품 제조업; 기계 및 가구 제외 > 기타 금속 가공제품 제조업 > 날붙이, 수공구 및 일반 철물 제조업 > 일반 철물 제조업",제조업,금속 가공제품 제조업; 기계 및 가구 제외,기타 금속 가공제품 제조업,"날붙이, 수공구 및 일반 철물 제조업",25932,일반 철물 제조업,"자물쇠 및 열쇠 제조를 포함하여 문 및 창문용, 건물용, 가구용, 선박 및 차량 등의 운송장비용 및 기타 일반용의 철물을 제조하는 산업활 동을 말한다. 가구 성격이 아닌 금속제 옷걸이, 타월걸이, 커튼 및 차 양 부착물 등을 제조하는 경우도 포함한다.","자물쇠 제조|다이얼식 자물쇠 제조|경첩 제조|열쇠 제조|카스터 제조|금속제 옷걸이 제조(입식 제외)|금속제 까치발(브래킷, bracket) 제조|금속제 선반 받침대 제조|자물쇠 및 열쇠에 결합되는 유금 제조",선박 및 부유물용 조립 부분품 제조,자물쇠 및 열쇠,"자물쇠|다이얼식 자물쇠|경첩|열쇠|카스터|금속제 옷걸이 제조(입식 제외)|금속제 까치발(브래킷, bracket)|금속제 선반 받침대|자물쇠 및 열쇠에 결합되는 유금",제조|운송,,KSIC 11차 (2024),True
289306,비동력식 수공구 제조업,"제조업 > 금속 가공제품 제조업; 기계 및 가구 제외 > 기타 금속 가공제품 제조업 > 날붙이, 수공구 및 일반 철물 제조업 > 비동력식 수공구 제조업",제조업,금속 가공제품 제조업; 기계 및 가구 제외,기타 금속 가공제품 제조업,"날붙이, 수공구 및 일반 철물 제조업",25933,비동력식 수공구 제조업,"농업용, 정원용, 공업용, 광업용 등 각종 용도의 수공구를 제조하는 산업활동으로서 가정용 수공구를 제조하는 산업활동을 포함한다.",원예용|임업용 수공구 제조|줄 및 유사 공구 제조|유리 및 다이아몬드 가공용 수공구 제조,탭렌치 등 기계용 및 호환성 공구 제조,,원예용|임업용 수공구|줄 및 유사 공구|유리 및 다이아몬드 가공용 수공구,제조|가공,,KSIC 11차 (2024),True
289901,금속선 가공제품 제조업,"제조업 > 금속 가공제품 제조업; 기계 및 가구 제외 > 기타 금속 가공제품 제조업 > 금속 파스너, 스프링 및 금속선 가공제품 제조업 > 금속선 가공제품 제조업",제조업,금속 가공제품 제조업; 기계 및 가구 제외,기타 금속 가공제품 제조업,"금속 파스너, 스프링 및 금속선 가공제품 제조업",25944,금속선 가공제품 제조업,구입한 철선 및 기타 금속선(귀금속 제외)을 가공 또는 조립하여 각 종 금속선 조립제품을 제조하는 산업활동을 말한다.,"비절연 금속 로프 제조|금속 케이블 제조|철망제품 제조|철망제 발판 제조|콘크리트용 철망 제조|강망(expanded metal, 鋼網) 제조|새장 제조(철선제)|금속제 연선, 엮은 밴드, 사슬 제조|금속선제 그릴 제조|철망 제조|금속선 직물 제조|가시 있는 금속선(barbed wire) 제조","금속제 못 제조|스트립상의 스테이플, 클립 등 사무용 철선제품 제조|선스프링 제조",,"비절연 금속 로프|금속 케이블|철망제품|철망제 발판|콘크리트용 철망|강망(expanded metal, 鋼網)|새장 제조(철선제)|금속제 연선, 엮은 밴드, 사슬|금속선제 그릴|철망|금속선 직물|가시 있는 금속선(barbed wire)",제조|가공|조립,,KSIC 11차 (2024),True
289902,금속 캔 및 기타 포장용기 제조업,제조업 > 금속 가공제품 제조업; 기계 및 가구 제외 > 기타 금속 가공제품 제조업 > 그 외 기타 금속 가공제품 제조업 > 금속 캔 및 기타 포장용기 제조업,제조업,금속 가공제품 제조업; 기계 및 가구 제외,기타 금속 가공제품 제조업,그 외 기타 금속 가공제품 제조업,25991,금속 캔 및 기타 포장용기 제조업,"상품 운반용 또는 포장용 금속제 통, 드럼, 캔 및 유사 용기를 제조하 는 산업활동을 말한다.",금속 통 제조|금속제 병마개 제조|금속 상자 제조|도로 설치용 쓰레기통 제조|우편함 및 우체통 제조|소화장치 보관용 금속제 상자 제조,설치용 또는 저장용 금속용기 제조|가정용 쌀통 등 식품저장용 금속제품 제조,,금속 통|금속제 병마개|금속 상자|도로 설치용 쓰레기통|우편함 및 우체통|소화장치 보관용 금속제 상자,제조|설치|보관,,KSIC 11차 (2024),True
289903,수동식 식품 가공 기기 및 금속 주방용기 제조업,제조업 > 금속 가공제품 제조업; 기계 및 가구 제외 > 기타 금속 가공제품 제조업 > 그 외 기타 금속 가공제품 제조업 > 수동식 식품 가공 기기 및 금속 주방용기 제조업,제조업,금속 가공제품 제조업; 기계 및 가구 제외,기타 금속 가공제품 제조업,그 외 기타 금속 가공제품 제조업,25992,수동식 식품 가공 기기 및 금속 주방용기 제조업,"식품 가공용 비전기 수동식 기계 및 기구, 식품 저장․조리․공급용 의 용기류 및 기타 가정용 금속 가공제품을 제조하는 산업활동을 말 한다.","양념 분쇄기 제조|아이스크림 조제기 제조|고기 절단 및 분쇄기 제조|수동식 식품 가공기기 제조|캔 및 병 개폐기 제조|금속제 주방 용기 제조|쌀통 제조(금속)|수동식 국수 절단기 및 압출기 제조|달걀, 크림, 마요네즈 처리 도구 제조","금속 단조 및 압형 제품 제조|가정용 비전기식 연소기, 풍로 및 난방기구 제조",,"양념 분쇄기|아이스크림 조제기|고기 절단 및 분쇄기|수동식 식품 가공기기|캔 및 병 개폐기|금속제 주방 용기|쌀통 제조(금속)|수동식 국수 절단기 및 압출기|달걀, 크림, 마요네즈 처리 도구",제조|가공|조리,,KSIC 11차 (2024),True
289908,볼트 및 너트류 제조업,"제조업 > 금속 가공제품 제조업; 기계 및 가구 제외 > 기타 금속 가공제품 제조업 > 금속 파스너, 스프링 및 금속선 가공제품 제조업 > 볼트 및 너트류 제조업",제조업,금속 가공제품 제조업; 기계 및 가구 제외,기타 금속 가공제품 제조업,"금속 파스너, 스프링 및 금속선 가공제품 제조업",25941,볼트 및 너트류 제조업,틈을 조이거나 고정시키는데 사용되는 나선 가공된 원통형 금속제 볼 트 및 너트를 제조하는 산업활동을 말한다.,,나사못 제조,,볼트 및 너트류,제조|가공,,KSIC 11차 (2024),True
289910,그 외 금속 파스너 및 나사제품 제조업,"제조업 > 금속 가공제품 제조업; 기계 및 가구 제외 > 기타 금속 가공제품 제조업 > 금속 파스너, 스프링 및 금속선 가공제품 제조업 > 그 외 금속 파스너 및 나사제품 제조업",제조업,금속 가공제품 제조업; 기계 및 가구 제외,기타 금속 가공제품 제조업,"금속 파스너, 스프링 및 금속선 가공제품 제조업",25942,그 외 금속 파스너 및 나사제품 제조업,틈을 조이거나 고정시키는데 사용되는 금속 파스너 및 나사제품을 제 조하는 산업활동을 말한다.,"금속제품 영구 조립용 리벳 제조|금속제 못, 압정 제조|쐐기 및 쐐기 고정 못 제조","볼트 및 너트 제조|자물쇠가 결합된 금속제 유금 제조|관(管) 리벳, 이고(二股) 리벳 제조",,"금속제품 영구 조립용 리벳|금속제 못, 압정|쐐기 및 쐐기 고정 못",제조|조립,,KSIC 11차 (2024),True
289913,금속 스프링 제조업,"제조업 > 금속 가공제품 제조업; 기계 및 가구 제외 > 기타 금속 가공제품 제조업 > 금속 파스너, 스프링 및 금속선 가공제품 제조업 > 금속 스프링 제조업",제조업,금속 가공제품 제조업; 기계 및 가구 제외,기타 금속 가공제품 제조업,"금속 파스너, 스프링 및 금속선 가공제품 제조업",25943,금속 스프링 제조업,"선형, 코일형, 나선형, 판형 등의 각종 금속 스프링을 제조하는 산업 활동을 말한다.",코일형 금속 스프링 제조|금속 판 스프링 제조|스프링 제조(금속)|나선형 금속 스프링 제조,,,코일형 금속 스프링|금속 판 스프링|스프링 제조(금속)|나선형 금속 스프링,제조,,KSIC 11차 (2024),True
289914,피복 및 충전 용접봉 제조업,제조업 > 금속 가공제품 제조업; 기계 및 가구 제외 > 기타 금속 가공제품 제조업 > 그 외 기타 금속 가공제품 제조업 > 피복 및 충전 용접봉 제조업,제조업,금속 가공제품 제조업; 기계 및 가구 제외,기타 금속 가공제품 제조업,그 외 기타 금속 가공제품 제조업,25995,피복 및 충전 용접봉 제조업,"금속이 기초가 되고 용제(플럭스, flux)를 피복 또는 심에 충전하여 납땜, 납접, 용접, 융착 등에 사용하는 용접봉 및 용접용 선ㆍ관ㆍ판 ㆍ전극 등 유사 제품을 제조하는 산업활동을 말한다.",전기 아크용접용 용제 도포 용접봉|전기 아크용접용 용제 충전 용접봉,,,전기 아크용접용 용제 도포 용접봉|전기 아크용접용 용제 충전 용접봉,제조,,KSIC 11차 (2024),True
289915,그 외 기타 분류 안된 금속 가공제품 제조업,제조업 > 금속 가공제품 제조업; 기계 및 가구 제외 > 기타 금속 가공제품 제조업 > 그 외 기타 금속 가공제품 제조업 > 그 외 기타 분류 안된 금속 가공제품 제조업,제조업,금속 가공제품 제조업; 기계 및 가구 제외,기타 금속 가공제품 제조업,그 외 기타 금속 가공제품 제조업,25999,그 외 기타 분류 안된 금속 가공제품 제조업,"금속 재료로 장식용 금속제품, 체인(동력전달용 제외), 선박용 프로펠 러 및 그 날, 비전기식 벨, 종 및 유사제품, 바늘, 핀, 버클, 훅(hook), 이동용 또는 설치용 각종 금고 및 관련 장치 등을 제조하는 산업활동 을 말한다.","적재용 금속판 제조|상패, 명패, 감사패 제조|버클 제조|철모 제조|사진틀 제조|화물용 금속 플랫폼(platform) 제조|이동식 사다리 제조|금속제 침 및 바늘 제조|금속제 트로피 제조|금속제 유금, 꺾쇠, 유금이 붙은 프레임 제조|버클용 유금, 아이(eye), 아이렛(eyelet), 구슬과 스팽글 제조|선박 추진기 및 관련 블레이드 제조|금속제 자석 제조|금고실 라이닝(내장재) 제조|금고실 문 제조|현금함 제조|스트롱 박스 제조|안전장치를 갖춘 금속제 수집 상자","귀금속제 경기 또는 예술용 트로피, 메달 제조|재봉기용 바늘 제조|용제 피복 없는 용접봉",사무실용 금속비품,"적재용 금속판|상패, 명패, 감사패|버클|철모|사진틀|화물용 금속 플랫폼(platform)|이동식 사다리|금속제 침 및 바늘|금속제 트로피|금속제 유금, 꺾쇠, 유금이 붙은 프레임|선박 추진기 및 관련 블레이드|금속제 자석|금고실 라이닝(내장재)|금고실 문|현금함",제조|가공|설치,,KSIC 11차 (2024),True
289916,금속 위생용품 제조업,제조업 > 금속 가공제품 제조업; 기계 및 가구 제외 > 기타 금속 가공제품 제조업 > 그 외 기타 금속 가공제품 제조업 > 금속 위생용품 제조업,제조업,금속 가공제품 제조업; 기계 및 가구 제외,기타 금속 가공제품 제조업,그 외 기타 금속 가공제품 제조업,25993,금속 위생용품 제조업,"고정 설치용 여부를 불문하고 세면기, 개수통, 변기, 목욕통 등의 금 속 위생용품을 제조하는 산업활동을 말한다.",금속제 세면기 제조|금속제 목욕통 제조|금속제 개수통(싱크 상판) 제조|금속제 위생용품 및 부분품 제조,금속관 연결구류 제조|금속제 주방용기 제조|조립된 주방용 가구 제조,,금속제 세면기|금속제 목욕통|금속제 개수통(싱크 상판)|금속제 위생용품 및 부분품,제조|설치,,KSIC 11차 (2024),True
289917,금속 표시판 제조업,제조업 > 금속 가공제품 제조업; 기계 및 가구 제외 > 기타 금속 가공제품 제조업 > 그 외 기타 금속 가공제품 제조업 > 금속 표시판 제조업,제조업,금속 가공제품 제조업; 기계 및 가구 제외,기타 금속 가공제품 제조업,그 외 기타 금속 가공제품 제조업,25994,금속 표시판 제조업,"금속 표시판, 교통 금속 표시판 및 관련 장치물을 제조하는 산업활동 을 말한다.",도로 표지 금속판 제조|교통 표지 금속판 제조|표시 금속판 제조|교통 안전 표시 금속판 제조,교통 신호장치 제조,,도로 표지 금속판|교통 표지 금속판|표시 금속판|교통 안전 표시 금속판,제조,,KSIC 11차 (2024),True
289918,그 외 기타 분류 안된 금속 가공제품 제조업,제조업 > 금속 가공제품 제조업; 기계 및 가구 제외 > 기타 금속 가공제품 제조업 > 그 외 기타 금속 가공제품 제조업 > 그 외 기타 분류 안된 금속 가공제품 제조업,제조업,금속 가공제품 제조업; 기계 및 가구 제외,기타 금속 가공제품 제조업,그 외 기타 금속 가공제품 제조업,25999,그 외 기타 분류 안된 금속 가공제품 제조업,"금속 재료로 장식용 금속제품, 체인(동력전달용 제외), 선박용 프로펠 러 및 그 날, 비전기식 벨, 종 및 유사제품, 바늘, 핀, 버클, 훅(hook), 이동용 또는 설치용 각종 금고 및 관련 장치 등을 제조하는 산업활동 을 말한다.","적재용 금속판 제조|상패, 명패, 감사패 제조|버클 제조|철모 제조|사진틀 제조|화물용 금속 플랫폼(platform) 제조|이동식 사다리 제조|금속제 침 및 바늘 제조|금속제 트로피 제조|금속제 유금, 꺾쇠, 유금이 붙은 프레임 제조|버클용 유금, 아이(eye), 아이렛(eyelet), 구슬과 스팽글 제조|선박 추진기 및 관련 블레이드 제조|금속제 자석 제조|금고실 라이닝(내장재) 제조|금고실 문 제조|현금함 제조|스트롱 박스 제조|안전장치를 갖춘 금속제 수집 상자","귀금속제 경기 또는 예술용 트로피, 메달 제조|재봉기용 바늘 제조|용제 피복 없는 용접봉",금고,"적재용 금속판|상패, 명패, 감사패|버클|철모|사진틀|화물용 금속 플랫폼(platform)|이동식 사다리|금속제 침 및 바늘|금속제 트로피|금속제 유금, 꺾쇠, 유금이 붙은 프레임|선박 추진기 및 관련 블레이드|금속제 자석|금고실 라이닝(내장재)|금고실 문|현금함",제조|가공|설치,,KSIC 11차 (2024),True
291100,내연기관 제조업,제조업 > 기타 기계 및 장비 제조업 > 일반 목적용 기계 제조업 > 내연기관 및 터빈 제조업; 항공기용 및 차량용 제외 > 내연기관 제조업,제조업,기타 기계 및 장비 제조업,일반 목적용 기계 제조업,내연기관 및 터빈 제조업; 항공기용 및 차량용 제외,29111,내연기관 제조업,"석유, 등유, 알코올, 가스 등을 연료로 사용하는 불꽃 점화식 또는 압 축 점화식 피스톤 내연기관(엔진)을 제조하는 산업활동을 말한다. 자 동차용, 이륜차용, 항공기용은 제외한다.",선박용 피스톤 내연기관 제조,,,선박용 피스톤 내연기관,제조,,KSIC 11차 (2024),True
291101,기타 기관 및 터빈 제조업,제조업 > 기타 기계 및 장비 제조업 > 일반 목적용 기계 제조업 > 내연기관 및 터빈 제조업; 항공기용 및 차량용 제외 > 기타 기관 및 터빈 제조업,제조업,기타 기계 및 장비 제조업,일반 목적용 기계 제조업,내연기관 및 터빈 제조업; 항공기용 및 차량용 제외,29119,기타 기관 및 터빈 제조업,"내연기관을 제외한 기타 엔진 및 터빈, 풍력 엔진 및 수력 엔진 등을 제조하는 산업활동을 포함한다.",증기 기관 제조|증기 터빈 제조|가스 터빈 제조|추 구동식 모터 제조|스프링 구동식 모터 제조|수력 터빈 제조|조정기 등 터빈 부분품 제조,터보 제트 및 터보 프로펠러 제조|전기 모터 제조,,증기 기관|증기 터빈|가스 터빈|추 구동식 모터|스프링 구동식 모터|수력 터빈|조정기 등 터빈 부분품,제조,,KSIC 11차 (2024),True
291200,유압 기기 제조업,제조업 > 기타 기계 및 장비 제조업 > 일반 목적용 기계 제조업 > 유압 기기 제조업,제조업,기타 기계 및 장비 제조업,일반 목적용 기계 제조업,유압 기기 제조업,29120,유압 기기 제조업,"유압식 또는 기압식의 펌프, 모터, 실린더 등 유압 구동장치를 구성하 는 기기를 제조하는 산업활동을 말한다.","유압(공기압) 펌프 제조|유압(공기압) 모터 제조|유압(공기압) 실린더 제조|유압 시스템 제조|유압(공기압) 밸브, 호스, 연결구 제조|공기압 시스템에 사용되는 공기 준비장치 제조",전기 모터 제조|자동차의 자동변속기 제조|유압기기를 이용한 토목공사용 장비 제조,,"유압(공기압) 펌프|유압(공기압) 모터|유압(공기압) 실린더|유압 시스템|유압(공기압) 밸브, 호스, 연결구|공기압 시스템에 사용되는 공기 준비장치",제조,,KSIC 11차 (2024),True
291201,액체 펌프 제조업,"제조업 > 기타 기계 및 장비 제조업 > 일반 목적용 기계 제조업 > 펌프 및 압축기 제조업; 탭, 밸브 및 유사 장치 제조 포함 > 액체 펌프 제조업",제조업,기타 기계 및 장비 제조업,일반 목적용 기계 제조업,"펌프 및 압축기 제조업; 탭, 밸브 및 유사 장치 제조 포함",29131,액체 펌프 제조업,"일반 산업용․공업용 또는 계량용 액체 펌프, 양수기 및 유사 장치 를 제조하는 산업활동을 말한다.",펌프 제조|회전 펌프 제조|콘크리트 펌프 제조|원심 펌프 제조|왕복 펌프 제조|실험실용 펌프 제조|급유용 펌프 제조,유압(공기압) 펌프 제조|기체 펌프 제조,,펌프|회전 펌프|콘크리트 펌프|원심 펌프|왕복 펌프|실험실용 펌프|급유용 펌프,제조,,KSIC 11차 (2024),True
291202,기체 펌프 및 압축기 제조업,"제조업 > 기타 기계 및 장비 제조업 > 일반 목적용 기계 제조업 > 펌프 및 압축기 제조업; 탭, 밸브 및 유사 장치 제조 포함 > 기체 펌프 및 압축기 제조업",제조업,기타 기계 및 장비 제조업,일반 목적용 기계 제조업,"펌프 및 압축기 제조업; 탭, 밸브 및 유사 장치 제조 포함",29132,기체 펌프 및 압축기 제조업,"일반 산업용, 공업용 또는 계량용 공기 펌프 및 기타 가스 펌프 장비 와 압축기를 제조하는 산업활동을 말한다.",공기 펌프 제조|가스 펌프 제조|기체 압축기 제조|진공 펌프 제조|왕복 펌프 제조(공기용적형)|회전 펌프 제조(공기용적형),유압(공기압) 펌프 제조|액체 펌프 제조,,공기 펌프|가스 펌프|기체 압축기|진공 펌프|왕복 펌프 제조(공기용적형)|회전 펌프 제조(공기용적형),제조,,KSIC 11차 (2024),True
291300,기어 및 동력전달장치 제조업,"제조업 > 기타 기계 및 장비 제조업 > 일반 목적용 기계 제조업 > 베어링, 기어 및 동력 전달장치 제조업 > 기어 및 동력전달장치 제조업",제조업,기타 기계 및 장비 제조업,일반 목적용 기계 제조업,"베어링, 기어 및 동력 전달장치 제조업",29142,기어 및 동력전달장치 제조업,"항공기용 또는 차량용을 제외한 각종 기계․장비용 속도 변환기, 동 력 전달장치 및 기타 관련 장치를 제조하는 산업활동을 말한다.",전동축 제조|변속기 제조|크랭크 제조|플라이 휠 제조|베어링 하우징 제조|풀리 제조|클러치 제조|플레인 샤프트 베어링 제조|기어와 기어링 제조|샤프트 커플링 제조|볼 스크루 제조|링크 체인 제조|기어 박스 제조|발전기용 동력 전달장치,유압기기 제조|볼베어링 또는 롤러베어링 제조|전자석 클러치 제조,,전동축|변속기|크랭크|플라이 휠|베어링 하우징|풀리|클러치|플레인 샤프트 베어링|기어와 기어링|샤프트 커플링|볼 스크루|링크 체인|기어 박스|발전기용 동력 전달장치,제조,,KSIC 11차 (2024),True
291301,구름베어링 제조업,"제조업 > 기타 기계 및 장비 제조업 > 일반 목적용 기계 제조업 > 베어링, 기어 및 동력 전달장치 제조업 > 구름베어링 제조업",제조업,기타 기계 및 장비 제조업,일반 목적용 기계 제조업,"베어링, 기어 및 동력 전달장치 제조업",29141,구름베어링 제조업,"볼베어링, 롤러베어링 등 각종 구름베어링 및 이들의 전용 부분품을 제조하는 산업활동을 말한다.",볼베어링 제조|롤러베어링 제조,베어링 하우징 및 플레인 샤프트 베어링 제조,,볼베어링|롤러베어링,제조,,KSIC 11차 (2024),True
291401,"산업용 오븐, 노 및 노용 버너 제조업","제조업 > 기타 기계 및 장비 제조업 > 일반 목적용 기계 제조업 > 산업용 오븐, 노 및 노용 버너 제조업",제조업,기타 기계 및 장비 제조업,일반 목적용 기계 제조업,"산업용 오븐, 노 및 노용 버너 제조업",29150,"산업용 오븐, 노 및 노용 버너 제조업","광물, 금속 및 기타 물질을 가열․용해 또는 기타 열처리하는 전기식 또는 비전기식의 공업용 및 이화학용 노와 오븐을 제조하거나 액체, 고체 또는 기체 연료용의 노용 연소기 및 기계식 급탄기, 격자(불판), 재(회) 방출기 및 유사 기기를 제조하는 산업활동을 말한다. 태양열 집열 가열장치 및 건물 장착용 히터를 제조하는 활동을 포함한다.",폐기물 소각로 제조|공업용 가열기 제조|이화학용 가열기 제조|노용 연소기 제조|기계식 급탄기(탄 공급기) 제조|연소기가 장착된 산업용 노 및 오븐 제조|건물 장착용 히터 제조|태양열 집열 및 가열장치 제조(가정용 포함),가정용 버너 및 난로 제조|의료용 또는 실험실용 살균기 제조,,폐기물 소각로|공업용 가열기|이화학용 가열기|노용 연소기|기계식 급탄기(탄 공급기)|연소기가 장착된 산업용 노 및 오븐|건물 장착용 히터|태양열 집열 및 가열장치 제조(가정용 포함),제조,,KSIC 11차 (2024),True
291501,산업용 트럭 및 적재기 제조업,"제조업 > 기타 기계 및 장비 제조업 > 일반 목적용 기계 제조업 > 산업용 트럭, 승강기 및 물품 취급장비 제조업 > 산업용 트럭 및 적재기 제조업",제조업,기타 기계 및 장비 제조업,일반 목적용 기계 제조업,"산업용 트럭, 승강기 및 물품 취급장비 제조업",29161,산업용 트럭 및 적재기 제조업,"공장, 창고, 부두, 공항 등에서 비교적 단거리간의 각종 화물을 운반 제 또는 취급하는 비도로 주행용의 기계식 추진 트럭, 트랙터 및 적재기 조 등을 제조하는 산업활동을 말한다. 업","철도역의 플랫폼에서 사용하는 트랙터 제조|지게차(공장, 창고 등 단거리 운반용) 제조",산업용 트레일러 제조|특수 산업용 손수레 및 수동식 운반차량 제조|건설장비용 지게차 제조,,"철도역의 플랫폼에서 사용하는 트랙터|지게차(공장, 창고 등 단거리 운반용)",제조|창고,,KSIC 11차 (2024),True
291502,기타 물품 취급장비 제조업,"제조업 > 기타 기계 및 장비 제조업 > 일반 목적용 기계 제조업 > 산업용 트럭, 승강기 및 물품 취급장비 제조업 > 기타 물품 취급장비 제조업",제조업,기타 기계 및 장비 제조업,일반 목적용 기계 제조업,"산업용 트럭, 승강기 및 물품 취급장비 제조업",29169,기타 물품 취급장비 제조업,"물품 인양, 하역 및 취급용 기계장비를 제조하는 산업활동으로서 단 순식 및 복합식, 고정식, 로터리식 또는 운송장비에 완전 장착되는 이 동식의 것을 포함한다.","호이스트 제조|타워 크레인, 주행 크레인 제조|풀리 태클 제조|캡스턴 제조|잭 제조|윈치 제조|도르래 제조",스킵 호이스트 제조,,"호이스트|타워 크레인, 주행 크레인|풀리 태클|캡스턴|윈치|도르래",제조|운송|하역,,KSIC 11차 (2024),True
291503,승강기 제조업,"제조업 > 기타 기계 및 장비 제조업 > 일반 목적용 기계 제조업 > 산업용 트럭, 승강기 및 물품 취급장비 제조업 > 승강기 제조업",제조업,기타 기계 및 장비 제조업,일반 목적용 기계 제조업,"산업용 트럭, 승강기 및 물품 취급장비 제조업",29162,승강기 제조업,"공기식 또는 기타 방식으로 연속 작동되는 엘리베이터, 에스컬레이터, 이동식 계단 등 사람이나 물품을 이송시키는 승강기와 기타 유사한 장치를 제조하는 산업활동을 말한다.",엘리베이터 제조|에스컬레이터 제조|이동식 계단 제조|이동식 보도 제조,,,엘리베이터|에스컬레이터|이동식 계단|이동식 보도,제조,,KSIC 11차 (2024),True
291504,컨베이어 장치 제조업,"제조업 > 기타 기계 및 장비 제조업 > 일반 목적용 기계 제조업 > 산업용 트럭, 승강기 및 물품 취급장비 제조업 > 컨베이어 장치 제조업",제조업,기타 기계 및 장비 제조업,일반 목적용 기계 제조업,"산업용 트럭, 승강기 및 물품 취급장비 제조업",29163,컨베이어 장치 제조업,공기식 또는 기타 방식으로 연속 작동되는 컨베이어장치 및 유사 장 치를 제조하는 산업활동을 말한다.,컨베이어 장치 제조|스킵 호이스트 제조|건설용 및 스키장용 리프트 제조|농업용 컨베이어 장치 제조,광산 지하 작업용 컨베이어 및 엘리베이터 제조,,컨베이어 장치|스킵 호이스트|건설용 및 스키장용 리프트|농업용 컨베이어 장치,제조|건설,,KSIC 11차 (2024),True
291901,그 외 기타 일반 목적용 기계 제조업,제조업 > 기타 기계 및 장비 제조업 > 일반 목적용 기계 제조업 > 기타 일반 목적용 기계 제조업 > 그 외 기타 일반 목적용 기계 제조업,제조업,기타 기계 및 장비 제조업,일반 목적용 기계 제조업,기타 일반 목적용 기계 제조업,29199,그 외 기타 일반목적용 기계 제조업,"달리 분류되지 않은 일반 목적용 기계 제조업으로서 비전기식 용접 기, 압연기, 압축 롤러, 자동 판매기, 화폐 교환기 및 각종 저울 등을 제조하는 산업활동을 말한다. 가스 또는 기타 방식의 납땜기, 용접기, 표면 열처리용 기기 등을 제조하는 산업활동을 포함한다. 개스킷 및 유사 조인트 등은 금속 외의 재료와 결합한 금속판제의 것 또는 금속 을 두 개 이상 적층한 것만 포함한다.",가스킷 제조(적층 및 조립)|롤러 제조(압착용)|캘린더기(압축 롤러) 제조|기계 밀봉(mechanical seal) 제조|배소장치 제조|직물접착용 압연 기기|열식 살균장치 제조|원심 분리기 제조(산업용)|원심 청정기 제조(산업용)|산업용 접시 세척기 제조|비전기식 용접기 제조|가스 자동절단기 제조|납땜용 인두와 건 제조|표면 열처리용 기기 제조|자동 판매기 제조|화폐 교환기 제조|중량 측정기 제조|저울 제조(정밀 측정용 감량저울 제외)|저울 추 및 부분품 제조,크림 분리기 및 식품 가공용 열처리장치 제조|산업용 원심 의류탈수기 제조|전기식 용접기 제조|정밀 측정용 감량저울 제조,일반 저울,가스킷 제조(적층 및 조립)|롤러 제조(압착용)|캘린더기(압축 롤러)|기계 밀봉(mechanical seal)|배소장치|직물접착용 압연 기기|열식 살균장치|원심 분리기 제조(산업용)|원심 청정기 제조(산업용)|산업용 접시 세척기|비전기식 용접기|가스 자동절단기|납땜용 인두와 건|표면 열처리용 기기|자동 판매기,제조|조립|판매|측정,,KSIC 11차 (2024),True
291902,산업용 냉장 및 냉동장비 제조업,"제조업 > 기타 기계 및 장비 제조업 > 일반 목적용 기계 제조업 > 냉각, 공기 조화, 여과, 증류 및 가스 발생기 제조업 > 산업용 냉장 및 냉동장비 제조업",제조업,기타 기계 및 장비 제조업,일반 목적용 기계 제조업,"냉각, 공기 조화, 여과, 증류 및 가스 발생기 제조업",29171,산업용 냉장 및 냉동장비 제조업,"산업용, 상업용 냉장 및 냉동장비와 기타 유사 장비를 제조하는 산업 활동을 말한다.",냉각 단위 제조|냉동장비 제조|냉장고 제조|냉장장비 제조|열(히트)펌프 제조,가정용 냉장고 제조|공기조화장치용 열(히트)펌프 제조,,냉각 단위|냉동장비|냉장고|냉장장비|열(히트)펌프,제조,,KSIC 11차 (2024),True
291903,가정용 및 산업용 공기 조화장치 제조업,"제조업 > 기타 기계 및 장비 제조업 > 일반 목적용 기계 제조업 > 냉각, 공기 조화, 여과, 증류 및 가스 발생기 제조업 > 가정용 및 산업용 공기 조화장치 제조업",제조업,기타 기계 및 장비 제조업,일반 목적용 기계 제조업,"냉각, 공기 조화, 여과, 증류 및 가스 발생기 제조업",29172 | 29173,가정용 및 산업용 공기 조화장치 제조업 | 운송장비용 공기 조화장치 제조업,"가정용, 산업 및 상업용 등 각종 공기 조화 및 조절장치를 제조하는 산업활동을 말한다. 여기에는 공기의 온도(가열 또는 냉각) 및 습도 (가습 또는 건조)를 단일 또는 복합적으로 변화시킬 수 있는 것도 포 함한다. / 운송장비용 공기 조화 및 조절장치를 제조하는 산업활동을 말한다. 여기에는 공기의 온도(가열 또는 냉각) 및 습도(가습 또는 건조)를 단 일 또는 복합적으로 변화시킬 수 있는 것도 포함한다.",항온 및 항습기 제조|각종 용도의 에어컨디셔너 제조|각종 용도의 공기 조절장치 제조|공기 조절기 제조|운송장비용 항온 및 항습기 제조|운송장비용 에어컨디셔너 및 공기 조절장치 제조,운송장비용 공기 조화장치 제조|산업용 송풍기 제조|액체용 또는 기체용 여과기 및 청정기 제조,,항온 및 항습기|각종 용도의 에어컨디셔너|각종 용도의 공기 조절장치|공기 조절기|운송장비용 항온 및 항습기|운송장비용 에어컨디셔너 및 공기 조절장치,제조|운송,,KSIC 11차 (2024),True
291904,산업용 송풍기 및 배기장치 제조업,"제조업 > 기타 기계 및 장비 제조업 > 일반 목적용 기계 제조업 > 냉각, 공기 조화, 여과, 증류 및 가스 발생기 제조업 > 산업용 송풍기 및 배기장치 제조업",제조업,기타 기계 및 장비 제조업,일반 목적용 기계 제조업,"냉각, 공기 조화, 여과, 증류 및 가스 발생기 제조업",29174,산업용 송풍기 및 배기장치 제조업,"산업 및 상업용 송풍, 환풍 및 배기장치를 제조하는 산업활동을 말한다.",배기장치 제조|환풍장치 제조,액체용 또는 기체용 여과기 및 청정기 제조|가정 및 사무실용 선풍기 제조|산업용 원심분리기 제조,,배기장치|환풍장치,제조,,KSIC 11차 (2024),True
291905,기체 여과기 제조업,"제조업 > 기타 기계 및 장비 제조업 > 일반 목적용 기계 제조업 > 냉각, 공기 조화, 여과, 증류 및 가스 발생기 제조업 > 기체 여과기 제조업",제조업,기타 기계 및 장비 제조업,일반 목적용 기계 제조업,"냉각, 공기 조화, 여과, 증류 및 가스 발생기 제조업",29175,기체 여과기 제조업,"가정, 산업 및 상업용의 공기, 가스 또는 기타 기체 여과기 및 청정기 를 제조하는 산업활동을 말한다.","여과기 제조(공기, 기체용)|공기 청정기 제조|매연 여과기 제조|집진기 제조",유류 및 기타 액체 여과기 제조,,"여과기 제조(공기, 기체용)|공기 청정기|매연 여과기|집진기",제조,,KSIC 11차 (2024),True
291906,액체 여과기 제조업,"제조업 > 기타 기계 및 장비 제조업 > 일반 목적용 기계 제조업 > 냉각, 공기 조화, 여과, 증류 및 가스 발생기 제조업 > 액체 여과기 제조업",제조업,기타 기계 및 장비 제조업,일반 목적용 기계 제조업,"냉각, 공기 조화, 여과, 증류 및 가스 발생기 제조업",29176,액체 여과기 제조업,"가정, 산업 및 상업용의 액체 여과기 및 청정기를 제조하는 산업활동 을 말한다.",청정기 제조(액체용)|유류 여과기 제조|정수기(비전기식 정수기 필터) 제조|액체 연료 여과기 제조|폐수 처리장치 제조|식수 정수장치 제조,기체 여과기 제조|전기 이온 정수기 제조|여과포(직물제) 제조,,청정기 제조(액체용)|유류 여과기|정수기(비전기식 정수기 필터)|액체 연료 여과기|폐수 처리장치|식수 정수장치,제조,,KSIC 11차 (2024),True
291907,"증류기, 열 교환기 및 가스 발생기 제조업","제조업 > 기타 기계 및 장비 제조업 > 일반 목적용 기계 제조업 > 냉각, 공기 조화, 여과, 증류 및 가스 발생기 제조업 > 증류기, 열 교환기 및 가스 발생기 제조업",제조업,기타 기계 및 장비 제조업,일반 목적용 기계 제조업,"냉각, 공기 조화, 여과, 증류 및 가스 발생기 제조업",29177,"증류기, 열 교환기 및 가스 발생기 제조업","가스 발생기, 열 교환장치, 기체 또는 공기 액화용 기기, 고체 또는 액체 물질의 증류기, 건류기, 정류기를 제조하는 산업활동을 말한다.",가스 발생기 제조|열 교환장치 제조|증류기 제조|기체 액화용 기기 제조|정류기 제조|건류기 제조|액체 정류기 제조|공기 액화용 기기 제조,,,가스 발생기|열 교환장치|증류기|기체 액화용 기기|정류기|건류기|액체 정류기|공기 액화용 기기,제조,,KSIC 11차 (2024),True
291908,"용기 세척, 포장 및 충전기 제조업","제조업 > 기타 기계 및 장비 제조업 > 일반 목적용 기계 제조업 > 기타 일반 목적용 기계 제조업 > 용기 세척, 포장 및 충전기 제조업",제조업,기타 기계 및 장비 제조업,일반 목적용 기계 제조업,기타 일반 목적용 기계 제조업,29191,"용기 세척, 포장 및 충전기 제조업","용기의 세척 및 건조용 기계와 병, 깡통, 상자, 자루, 기타 용기에 음 료용 탄산가스를 포함한 각종 물질을 주입, 충전, 봉합, 캡슐 포장 또 는 상표를 부착하는 각종 포장용 기계를 제조하는 산업활동을 말한다.",가스 충전기 제조|음료용 탄산가스 주입기 제조|포장용 봉합기 제조,가정용 접시 세척기 제조|산업용 접시 세척기 제조,,가스 충전기|음료용 탄산가스 주입기|포장용 봉합기,제조,,KSIC 11차 (2024),True
291909,분사기 및 소화기 제조업,제조업 > 기타 기계 및 장비 제조업 > 일반 목적용 기계 제조업 > 기타 일반 목적용 기계 제조업 > 분사기 및 소화기 제조업,제조업,기타 기계 및 장비 제조업,일반 목적용 기계 제조업,기타 일반 목적용 기계 제조업,29192,분사기 및 소화기 제조업,"농업용 이외의 액체, 증기, 분말의 분사․살포 및 분무용 기기, 증기 또는 모래 분사기 및 기타 이와 유사한 제트 분사기 등을 제조하는 산업활동을 말한다.",소화용 분사기 제조|분무용 스프레이 건 제조|증기 또는 모래 분사기 제조|분사식 세차기 제조|액체 분무용 기기 제조|분말 분사용 기기 제조,농업용 분무기 제조|제트 수압 절단기,,소화용 분사기|분무용 스프레이 건|증기 또는 모래 분사기|분사식 세차기|액체 분무용 기기|분말 분사용 기기,제조,,KSIC 11차 (2024),True
291911,그 외 기타 일반 목적용 기계 제조업,제조업 > 기타 기계 및 장비 제조업 > 일반 목적용 기계 제조업 > 기타 일반 목적용 기계 제조업 > 그 외 기타 일반 목적용 기계 제조업,제조업,기타 기계 및 장비 제조업,일반 목적용 기계 제조업,기타 일반 목적용 기계 제조업,29199,그 외 기타 일반목적용 기계 제조업,"달리 분류되지 않은 일반 목적용 기계 제조업으로서 비전기식 용접 기, 압연기, 압축 롤러, 자동 판매기, 화폐 교환기 및 각종 저울 등을 제조하는 산업활동을 말한다. 가스 또는 기타 방식의 납땜기, 용접기, 표면 열처리용 기기 등을 제조하는 산업활동을 포함한다. 개스킷 및 유사 조인트 등은 금속 외의 재료와 결합한 금속판제의 것 또는 금속 을 두 개 이상 적층한 것만 포함한다.",가스킷 제조(적층 및 조립)|롤러 제조(압착용)|캘린더기(압축 롤러) 제조|기계 밀봉(mechanical seal) 제조|배소장치 제조|직물접착용 압연 기기|열식 살균장치 제조|원심 분리기 제조(산업용)|원심 청정기 제조(산업용)|산업용 접시 세척기 제조|비전기식 용접기 제조|가스 자동절단기 제조|납땜용 인두와 건 제조|표면 열처리용 기기 제조|자동 판매기 제조|화폐 교환기 제조|중량 측정기 제조|저울 제조(정밀 측정용 감량저울 제외)|저울 추 및 부분품 제조,크림 분리기 및 식품 가공용 열처리장치 제조|산업용 원심 의류탈수기 제조|전기식 용접기 제조|정밀 측정용 감량저울 제조,,가스킷 제조(적층 및 조립)|롤러 제조(압착용)|캘린더기(압축 롤러)|기계 밀봉(mechanical seal)|배소장치|직물접착용 압연 기기|열식 살균장치|원심 분리기 제조(산업용)|원심 청정기 제조(산업용)|산업용 접시 세척기|비전기식 용접기|가스 자동절단기|납땜용 인두와 건|표면 열처리용 기기|자동 판매기,제조|조립|판매|측정,,KSIC 11차 (2024),True
292100,농업 및 임업용 기계 제조업,제조업 > 기타 기계 및 장비 제조업 > 특수 목적용 기계 제조업 > 농업 및 임업용 기계 제조업,제조업,기타 기계 및 장비 제조업,특수 목적용 기계 제조업,농업 및 임업용 기계 제조업,29210,농업 및 임업용 기계 제조업,"농․임․축산물의 생산 및 출하 준비 과정에 사용되는 기계․장비를 제조하는 산업활동으로서 농업용 경작기, 파종기, 이앙기, 수확기 등 의 농업용 기계, 축산용 기계, 임업용 기계, 원예용 기계, 정원용 기계 를 제조하는 활동을 포함한다.",경운기 및 이앙기 제조|콤바인 및 탈곡기 제조|농업용 분무기 제조|잔디 깎는 기계 제조|착유기 제조|선별기 및 세척기 제조(농산물용)|부화기 제조|농산물용 건조기 제조|양봉용 기계 제조|농업용 관배수 기기 제조|농업용 트레일러 제조|농업용 트랙터 제조,"농업, 원예, 임업용 수공구 제조|산업용 트럭 및 플랫폼에서 사용되는 트랙터 제조|농장용 컨베이어 제조|건설 및 광산용 트랙터 제조|크림 분리기 제조|도로 주행용 세미 트레일러 트랙터 제조",,경운기 및 이앙기|콤바인 및 탈곡기|농업용 분무기|잔디 깎는 기계|착유기|선별기 및 세척기 제조(농산물용)|부화기|농산물용 건조기|양봉용 기계|농업용 관배수 기기|농업용 트레일러|농업용 트랙터,양봉|제조|생산,,KSIC 11차 (2024),True
292201,동력식 수지 공구 제조업,제조업 > 기타 기계 및 장비 제조업 > 일반 목적용 기계 제조업 > 기타 일반 목적용 기계 제조업 > 동력식 수지 공구 제조업,제조업,기타 기계 및 장비 제조업,일반 목적용 기계 제조업,기타 일반 목적용 기계 제조업,29193,동력식 수지 공구 제조업,"다양한 목적으로 사용되는 각종 수지식 동력공구를 제조하는 산업활 동을 말한다. 이러한 도구는 통상 압축 공기 모터, 내연기관 모터, 자 장 전기 모터 및 기타 형의 모터를 부착하고 있다.",착암기 제조|전기 그라인더 제조|수지식 전동공구 제조|수지식 동력 구동공구 제조|동력식 드릴 제조|동력식 나사용 드라이버 제조|대패(모터 자장) 제조|전기 톱 제조|동력식 임팩트 렌치 제조|정타기(모터 자장) 제조|체인 톱(비전기 모터식) 제조,비동력 수공구 제조,,착암기|전기 그라인더|수지식 전동공구|수지식 동력 구동공구|동력식 드릴|동력식 나사용 드라이버|대패(모터 자장)|전기 톱|동력식 임팩트 렌치|정타기(모터 자장)|체인 톱(비전기 모터식),제조,,KSIC 11차 (2024),True
292202,금속 절삭기계 제조업,제조업 > 기타 기계 및 장비 제조업 > 특수 목적용 기계 제조업 > 가공 공작기계 제조업 > 금속 절삭기계 제조업,제조업,기타 기계 및 장비 제조업,특수 목적용 기계 제조업,가공 공작기계 제조업,29223,금속 절삭기계 제조업,금속 가공용 머시닝센터 및 고정․이동 가공물 복합 공작기계(트랜스 퍼 머신)를 포함하여 금속을 수직․수평 및 원주형으로 분할․절단․ 절삭․천공․연마하여 필요한 형태의 제품을 만드는 금속 절삭가공 기계를 제조하는 산업활동을 말한다. 이러한 기계에 장착하는 호환성 공구 등의 제조는 원칙적으로 여기에 포함되지 않는다.,선반 제조|머시닝센터 제조(금속 가공용)|연삭기 및 평삭기 제조|밀링 머신 제조|호닝기 제조|탭핑용 공작기계 제조,호환성 공구 제조|주형 및 금형 제조|전자 응용 금속 절삭기계 제조|동력식 수지공구 제조,,선반|머시닝센터 제조(금속 가공용)|연삭기 및 평삭기|밀링 머신|호닝기|탭핑용 공작기계,제조|가공,,KSIC 11차 (2024),True
292203,전자 응용 절삭기계 제조업,제조업 > 기타 기계 및 장비 제조업 > 특수 목적용 기계 제조업 > 가공 공작기계 제조업 > 전자 응용 절삭기계 제조업,제조업,기타 기계 및 장비 제조업,특수 목적용 기계 제조업,가공 공작기계 제조업,29221,전자 응용 절삭기계 제조업,"레이저 및 기타 광선과 광자 빔, 초음파, 방전, 전기 화학, 전자 빔, 이온 빔, 플라스마 아크 등의 방식에 의하여 각종 재료(금속 또는 비 금속재 불문)를 재단 또는 표면 절삭하는 일반 절삭기계를 제조하는 산업활동을 말한다. 수압 또는 수압과 연마제 방식의 워터 제트 절단 기도 포함한다. 특정 재료의 절삭용으로만 사용될 수 있는 기계․장 비 제조는 제외한다.",레이저 응용 절삭기계 제조|광선 응용 절삭기계 제조|전자빔 응용 절삭기계 제조|이온빔 응용 절삭기계 제조|워터 제트 절단기 제조,다기능을 갖고 있는 산업용 로봇 제조,,레이저 응용 절삭기계|광선 응용 절삭기계|전자빔 응용 절삭기계|이온빔 응용 절삭기계|워터 제트 절단기,제조,,KSIC 11차 (2024),True
292204,기타 가공 공작기계 제조업,제조업 > 기타 기계 및 장비 제조업 > 특수 목적용 기계 제조업 > 가공 공작기계 제조업 > 기타 가공 공작기계 제조업,제조업,기타 기계 및 장비 제조업,특수 목적용 기계 제조업,가공 공작기계 제조업,29229,기타 가공 공작기계 제조업,"목재, 석재, 도자기, 콘크리트, 냉간 유리 및 기타 유사한 광물성 재 료, 뼈, 경화 고무, 경화 플라스틱 및 이와 유사한 경질 물질의 절삭 가공 공작기계를 제조하는 산업활동과 각종 공작기계 사용과 관련한 홀더, 분할대, 공구잡이 등을 제조하는 산업활동을 포함한다. 이러한 기계는 통상적으로 동력 작동식, 수동식 또는 발 작동식의 것을 포함 한다.",광물성 재료 가공기계 제조|파티클보드 제조용 프레스기 제조|공작물 조립기 제조|파이버보드 제조용 프레스기 제조|콘크리트 가공기계 제조|코르크 가공기계 제조|공구홀더 제조|분할대 제조|자동개폐식 다이헤드 제조|가공 홀더 제조|툴홀더 제조|다이 및 다이 세트 제조|코일 가공기 제조|철선 가공기(인발기 제외) 제조|공작기계용 특수 부착물 제조,동력식 수지공구 제조|주형 및 금형 제조|전선 피복 가공기 제조,,광물성 재료 가공기계|파티클보드 제조용 프레스기|공작물 조립기|파이버보드 제조용 프레스기|콘크리트 가공기계|코르크 가공기계|공구홀더|분할대|자동개폐식 다이헤드|가공 홀더|툴홀더|다이 및 다이 세트|코일 가공기|철선 가공기(인발기 제외)|공작기계용 특수 부착물,제조|가공|조립,,KSIC 11차 (2024),True
292205,디지털 적층 성형기계 제조업,제조업 > 기타 기계 및 장비 제조업 > 특수 목적용 기계 제조업 > 가공 공작기계 제조업 > 디지털 적층 성형기계 제조업,제조업,기타 기계 및 장비 제조업,특수 목적용 기계 제조업,가공 공작기계 제조업,29222,디지털 적층 성형기계 제조업,"3차원 디지털 설계도에 따라 금속, 플라스틱제 등의 액체, 가루 분말, 필라멘트사, 박판 등을 재료로 한층 씩 쌓아올리는 적층방식의 성형 기계(3D 프린터)를 제조하는 산업활동을 말한다.",쾌속 조형장비 제조|적층 제조장비 제조|삼차원(3D) 조형기 제조|삼차원 프린터 제조|디지털 제어 적층 조형기 제조,,,쾌속 조형장비|적층 제조장비|삼차원(3D) 조형기|삼차원 프린터|디지털 제어 적층 조형기,제조|성형|설계,,KSIC 11차 (2024),True
292206,금속 성형기계 제조업,제조업 > 기타 기계 및 장비 제조업 > 특수 목적용 기계 제조업 > 가공 공작기계 제조업 > 금속 성형기계 제조업,제조업,기타 기계 및 장비 제조업,특수 목적용 기계 제조업,가공 공작기계 제조업,29224,금속 성형기계 제조업,"금형 및 기타 장치를 장착하여 금속 물질을 단조, 압형, 압축, 굽힘, 접음, 회전 등의 방식을 통하여 금속 물질을 특정 형태로 성형하는 기계를 제조하는 산업활동을 말한다. 이러한 기계에 장착하는 금형 등의 제조는 원칙적으로 여기에 포함되지 않는다.",금속선 인발 및 가공기 제조|철판 절곡기 제조|금속 단조기(스탬핑기) 제조|다이 스탬핑기 제조|금속 절곡기 제조|펀칭기 제조|프레스기 제조|에어 해머 제조|전단기 제조|철망 제조기 제조,호환성공구 제조|주형 및 금형 제조|전자 응용 금속 절삭기계 제조|동력식 수지공구 제조,,금속선 인발 및 가공기|철판 절곡기|금속 단조기(스탬핑기)|다이 스탬핑기|금속 절곡기|펀칭기|프레스기|에어 해머|전단기|철망 제조기,제조|가공|성형|단조,,KSIC 11차 (2024),True
292300,금속 주조 및 기타 야금용 기계 제조업,제조업 > 기타 기계 및 장비 제조업 > 특수 목적용 기계 제조업 > 금속 주조 및 기타 야금용 기계 제조업,제조업,기타 기계 및 장비 제조업,특수 목적용 기계 제조업,금속 주조 및 기타 야금용 기계 제조업,29230,금속 주조 및 기타 야금용 기계 제조업,"금속을 용융 처리하거나 용융 가열된 금속을 가공하는 기계장비, 금 속 주조기, 금속 압연기, 압연기용 롤 및 기타 야금용 기계를 제조하 는 산업활동을 말한다.",금속 전기로 제조|금속 냉간 및 열간 압연기 제조|금속 압력 주조기 제조|금속 주괴(잉곳)용 주형과 레이들 제조|금속 다이케스팅기 제조|금속 압연기용 롤러 제조,금속 또는 유리용 이외의 압연기 제조,,금속 전기로|금속 냉간 및 열간 압연기|금속 압력 주조기|금속 주괴(잉곳)용 주형과 레이들|금속 다이케스팅기|금속 압연기용 롤러,제조|가공|주조,,KSIC 11차 (2024),True
292400,건설 및 채광용 기계장비 제조업,제조업 > 기타 기계 및 장비 제조업 > 특수 목적용 기계 제조업 > 건설 및 광업용 기계장비 제조업 > 건설 및 채광용 기계장비 제조업,제조업,기타 기계 및 장비 제조업,특수 목적용 기계 제조업,건설 및 광업용 기계장비 제조업,29241,건설 및 채광용 기계장비 제조업,"건설 또는 광업용의 굴착, 채굴 및 정지 등의 목적으로 사용하는 각 종 토목공사용 기계장비 및 유사 기기를 제조하는 산업활동을 말한다.","항타기, 항발기 제조|불도저와 앵글도저 제조|굴삭기 제조|시추기 제조|탬핑머신 제조(토목공사용)|기계식 삽 제조|그레이더와 레벨러 제조|무한궤도식 트랙터 제조|셔블 로우더 제조|광석 채굴기 제조|스크레이퍼 제조(토목공사용)|콘크리트 및 모르타르 믹서기 제조|건설장비용 지게차 제조","콘크리트 믹서 운반용 차량 제조|도로주행용 일반 덤프 트럭 제조|지게차(공장, 창고 등 단거리 운반용) 제조",,"항타기, 항발기|불도저와 앵글도저|굴삭기|시추기|탬핑머신 제조(토목공사용)|기계식 삽|그레이더와 레벨러|무한궤도식 트랙터|셔블 로우더|광석 채굴기|스크레이퍼 제조(토목공사용)|콘크리트 및 모르타르 믹서기|건설장비용 지게차",채굴|제조|건설,,KSIC 11차 (2024),True
292401,광물 처리 및 취급장비 제조업,제조업 > 기타 기계 및 장비 제조업 > 특수 목적용 기계 제조업 > 건설 및 광업용 기계장비 제조업 > 광물 처리 및 취급장비 제조업,제조업,기타 기계 및 장비 제조업,특수 목적용 기계 제조업,건설 및 광업용 기계장비 제조업,29242,광물 처리 및 취급장비 제조업,"지하 작업용 연속 작동식 물품 취급장비, 광물 재료의 처리, 혼합, 성 형용 기계를 제조하는 산업활동을 말한다.",광물 선별기 제조|광물 세척기 제조|광물 분리기 제조|광물 파쇄기 제조|광물 성형기 제조|광물 반죽기 제조|컨베이어 제조(지하 작업용)|엘리베이터 제조(지하 작업용),석재 및 요업제품 절삭 가공기계 제조,,광물 선별기|광물 세척기|광물 분리기|광물 파쇄기|광물 성형기|광물 반죽기|컨베이어 제조(지하 작업용)|엘리베이터 제조(지하 작업용),제조|성형,,KSIC 11차 (2024),True
292500,음ㆍ식료품 및 담배 가공기계 제조업,제조업 > 기타 기계 및 장비 제조업 > 특수 목적용 기계 제조업 > 음ㆍ식료품 및 담배 가공기계 제조업,제조업,기타 기계 및 장비 제조업,특수 목적용 기계 제조업,음ㆍ식료품 및 담배 가공기계 제조업,29250,음ㆍ식료품 및 담배 가공기계 제조업,"농업용 및 가정용을 제외한 우유, 곡물, 육지고기, 물고기, 과실 및 채 소류 가공기계와 과자, 제빵, 음료 및 담배 제조용 기계, 제빵용 오븐 등을 제조하는 산업활동을 말한다.",낙농품 가공처리기 제조|크림 분리기 제조|곡물 선별기 제조|제분용 기계 제조|곡물 세척기 제조|양조용 기계 제조|식품용 가열 및 냉각기 제조|베이커리용 오븐 제조|유지 추출기계 제조|건조기 제조,포장용 또는 병 세척용 기계 제조|가정용 식품 가공기계 제조,,낙농품 가공처리기|크림 분리기|곡물 선별기|제분용 기계|곡물 세척기|양조용 기계|식품용 가열 및 냉각기|베이커리용 오븐|유지 추출기계|건조기,제조|가공|제분,,KSIC 11차 (2024),True
292600,"기타 섬유, 의복 및 가죽 가공기계 제조업","제조업 > 기타 기계 및 장비 제조업 > 특수 목적용 기계 제조업 > 섬유, 의복 및 가죽 가공기계 제조업 > 기타 섬유, 의복 및 가죽 가공기계 제조업",제조업,기타 기계 및 장비 제조업,특수 목적용 기계 제조업,"섬유, 의복 및 가죽 가공기계 제조업",29269,"기타 섬유, 의복 및 가죽 가공기계 제조업","방직용 섬유의 방적 준비, 직조 및 편조 등 각종 섬유․의복 가공기 계 및 가죽 제품 생산용 기계를 제조하는 산업활동을 말한다. 가정용 의 것을 포함한 각종 용도의 재봉기, 자수기를 제조하는 산업활동을 포함한다.","재봉기 제조|재봉기용 바늘 및 부분품 제조|자수기 제조|자수기용 바늘 및 부분품 제조|방적 준비기 제조|편조기 및 직조기 제조|재단기 제조|방적기 및 연사기 제조|권사기 제조, 섬유용|사(실) 가공기 제조",수침 바늘 제조|제책용 재봉기 제조,,"재봉기|재봉기용 바늘 및 부분품|자수기|자수기용 바늘 및 부분품|방적 준비기|편조기 및 직조기|재단기|방적기 및 연사기|권사기 제조, 섬유용|사(실) 가공기",제조|생산|가공|방적|직조,,KSIC 11차 (2024),True
292601,"산업용 섬유 세척, 염색, 정리 및 가공 기계 제조업","제조업 > 기타 기계 및 장비 제조업 > 특수 목적용 기계 제조업 > 섬유, 의복 및 가죽 가공기계 제조업 > 산업용 섬유 세척, 염색, 정리 및 가공 기계 제조업",제조업,기타 기계 및 장비 제조업,특수 목적용 기계 제조업,"섬유, 의복 및 가죽 가공기계 제조업",29261,"산업용 섬유 세척, 염색, 정리 및 가공 기계 제조업","상업 또는 산업용 섬유, 사, 직물, 섬유제품을 세척․표백․염색․다 림질․정리․코팅․침적하거나 직물을 적층․권취․절단하는 각종 섬 유 물질 처리 가공용 기계를 제조하는 산업활동을 말한다. 원피, 가죽 처리 기계 및 부직포․펠트 가공기계를 제조하는 경우도 포함한다.",세탁소형 세탁기 제조|직물 절단기 제조|날염기 제조|드라이 클리닝기 제조|텐터기 제조|호부기 제조|원심식 의류 건조기 제조,"가정용 세탁기 및 건조기, 전기 다리미 제조|가죽생산용 또는 신발제조 및 수리용 기계 제조",,세탁소형 세탁기|직물 절단기|날염기|드라이 클리닝기|텐터기|호부기|원심식 의류 건조기,제조|가공|세탁,,KSIC 11차 (2024),True
292700,무기 및 총포탄 제조업,제조업 > 금속 가공제품 제조업; 기계 및 가구 제외 > 무기 및 총포탄 제조업,제조업,금속 가공제품 제조업; 기계 및 가구 제외,무기 및 총포탄 제조업,무기 및 총포탄 제조업,25200,무기 및 총포탄 제조업,"로켓 발사기, 소형 화기 및 중화기와 총탄, 포탄, 폭탄 등 군사용 및 경찰용의 각종 무기를 제조하는 산업활동을 말한다. 수렵용 및 경기 용의 총포탄을 제조하는 경우도 포함한다.",폭탄 제조|총탄 제조|비군사용 무기 제조|공기총 제조|가스총 제조|경기용 무기 제조|수렵용 무기 제조,"폭발 점화장치, 뇌관, 불꽃제품 및 화약 제조|탱크, 전차 제조|대륙간 탄도미사일 제조|단검 제조",,폭탄|총탄|비군사용 무기|공기총|가스총|경기용 무기|수렵용 무기,제조,,KSIC 11차 (2024),True
292901,산업용 로봇 제조업,제조업 > 기타 기계 및 장비 제조업 > 특수 목적용 기계 제조업 > 산업용 로봇 제조업,제조업,기타 기계 및 장비 제조업,특수 목적용 기계 제조업,산업용 로봇 제조업,29280,산업용 로봇 제조업,"자동 제어 및 프로그램 수정이 가능하며 다목적 기능(용접, 도장, 하 역ㆍ적하 및 양하, 절단, 조립ㆍ금속 기타 가공 등)을 수행하고 3개 축 이상을 가진 자동 조정장치인 산업용 로봇을 제조하는 산업활동을 말한다.",산업용 로봇 제조,물품 이송용 로봇 제조|액체 및 분말 분사용 로봇 제조|착유용 로봇 제조,,산업용 로봇,제조|가공|조립,,KSIC 11차 (2024),True
292902,인쇄 및 제책용 기계 제조업,제조업 > 기타 기계 및 장비 제조업 > 특수 목적용 기계 제조업 > 기타 특수 목적용 기계 제조업 > 인쇄 및 제책용 기계 제조업,제조업,기타 기계 및 장비 제조업,특수 목적용 기계 제조업,기타 특수 목적용 기계 제조업,29292,인쇄 및 제책용 기계 제조업,"활자 주조기, 활자 식자기, 인쇄용 판․블록․실린더 제조기, 인쇄용 활자․블록․판․실린더 제조, 인쇄기 및 인쇄 보조장치, 제책(제본) 용 기계 등을 제조하는 산업활동을 말한다.",인쇄 보조용 기계 제조|활자 주조기 제조|제판용 기계 제조|식자기 제조|오프셋 인쇄용 기계 제조|활판 인쇄용 기계 제조|곡면 인쇄용 기계 제조|그라비아 인쇄용 기계 제조|제책용 재봉기 제조|제본기 제조,,,인쇄 보조용 기계|활자 주조기|제판용 기계|식자기|오프셋 인쇄용 기계|활판 인쇄용 기계|곡면 인쇄용 기계|그라비아 인쇄용 기계|제책용 재봉기|제본기,제조|주조|인쇄|제책,,KSIC 11차 (2024),True
292903,주형 및 금형 제조업,제조업 > 기타 기계 및 장비 제조업 > 특수 목적용 기계 제조업 > 기타 특수 목적용 기계 제조업 > 주형 및 금형 제조업,제조업,기타 기계 및 장비 제조업,특수 목적용 기계 제조업,기타 특수 목적용 기계 제조업,29293,주형 및 금형 제조업,"각종 물질의 주조, 단조, 압형, 성형용 주형을 제조하거나 주형 제조 용 모형 및 산업용 금형 등을 제조하는 산업활동을 말한다.",다이 및 펀치 제조|주형 틀 제조|각종 물질용 금형 제조|주형 베이스 제조|산업용 금형 제조|콘크리트 제품용 주형 제조,지그 및 관련장치 제조|잉곳용 주형 제조,,다이 및 펀치|주형 틀|각종 물질용 금형|주형 베이스|산업용 금형|콘크리트 제품용 주형,제조|성형|주조|단조,,KSIC 11차 (2024),True
292905,그 외 기타 특수 목적용 기계 제조업,제조업 > 기타 기계 및 장비 제조업 > 특수 목적용 기계 제조업 > 기타 특수 목적용 기계 제조업 > 그 외 기타 특수 목적용 기계 제조업,제조업,기타 기계 및 장비 제조업,특수 목적용 기계 제조업,기타 특수 목적용 기계 제조업,29299,그 외 기타 특수목적용 기계 제조업,"유리 및 요업용 기계, 산업용 열식 건조기 및 금속 표면 처리용 기기, 전선 권선기, 동위원소 분리용 기기, 펄프, 종이, 판지 및 종이류 가공 제품용 기계와 개별 기능을 가진 기타 특수 기계를 제조하는 산업활 동을 말한다.","전구 제조기 제조|비금속 광물제품 열간 가공기 제조|비금속 광물제품 가공 기계 제조|산업용 물질 건조기 제조(농업용, 가정용 제외)|건조기 제조(열식, 산업용)|절연 또는 보호 재료 피복기 제조|공기 가습기 및 제습기 제조|로프 또는 케이블 제조기 제조|금속 세척기 제조|폐기물 처리 기기 제조|교반기 제조|아일레팅(eyeletting)기, 관상(튜우블러) 리베팅기 제조|자동 도어 작동기 제조|자동 마그네틱 테이프 제조기 제조|인쇄회로기판 표면실장용 기계(SMT 장비) 제조|동위원소 분리기 제조|디스플레이 유리 기판 제조용 기계 제조|전자식 모의 훈련 기기(시뮬레이터) 제조|펄프 제조 및 가공기 제조|종이 제조 및 가공기 제조|판지 제조 및 가공기 제조|종이 완성 가공기 제조|종이, 판지제품 제조기 제조",일반목적용 원심분리기 제조|가정용 의복건조기 제조|농산물 건조기 제조|산업용 식품 가열 또는 냉각기 제조|가정용 전기 가열기 및 건조기 제조|냉간 유리 가공 공작기계 제조|제본기 제조,펄프 및 종이 가공용 기계,"전구 제조기|비금속 광물제품 열간 가공기|비금속 광물제품 가공 기계|산업용 물질 건조기 제조(농업용, 가정용 제외)|건조기 제조(열식, 산업용)|절연 또는 보호 재료 피복기|공기 가습기 및 제습기|로프 또는 케이블 제조기|금속 세척기|폐기물 처리 기기|교반기|자동 도어 작동기|자동 마그네틱 테이프 제조기|인쇄회로기판 표면실장용 기계(SMT 장비)|동위원소 분리기",제조|가공|인쇄|훈련,,KSIC 11차 (2024),True
292906,"고무, 화학섬유 및 플라스틱 성형기 제조업","제조업 > 기타 기계 및 장비 제조업 > 특수 목적용 기계 제조업 > 기타 특수 목적용 기계 제조업 > 고무, 화학섬유 및 플라스틱 성형기 제조업",제조업,기타 기계 및 장비 제조업,특수 목적용 기계 제조업,기타 특수 목적용 기계 제조업,29291,"고무, 화학섬유 및 플라스틱 성형기 제조업","고무 또는 플라스틱 재료로 각종 제품을 사출 성형하는 기계 및 장비 를 제조하는 산업활동을 말한다. 화학섬유의 방사, 인발 및 텍스처용 가공기계 제조도 포함한다.",고무 성형 가공기 제조|플라스틱 성형 가공기 제조|화학섬유 방사기 제조|화학섬유 인발기 제조,경화 고무 또는 경화 플라스틱 가공기계 제조,,고무 성형 가공기|플라스틱 성형 가공기|화학섬유 방사기|화학섬유 인발기,제조|가공|성형,,KSIC 11차 (2024),True
292907,그 외 기타 특수 목적용 기계 제조업,제조업 > 기타 기계 및 장비 제조업 > 특수 목적용 기계 제조업 > 기타 특수 목적용 기계 제조업 > 그 외 기타 특수 목적용 기계 제조업,제조업,기타 기계 및 장비 제조업,특수 목적용 기계 제조업,기타 특수 목적용 기계 제조업,29299,그 외 기타 특수목적용 기계 제조업,"유리 및 요업용 기계, 산업용 열식 건조기 및 금속 표면 처리용 기기, 전선 권선기, 동위원소 분리용 기기, 펄프, 종이, 판지 및 종이류 가공 제품용 기계와 개별 기능을 가진 기타 특수 기계를 제조하는 산업활 동을 말한다.","전구 제조기 제조|비금속 광물제품 열간 가공기 제조|비금속 광물제품 가공 기계 제조|산업용 물질 건조기 제조(농업용, 가정용 제외)|건조기 제조(열식, 산업용)|절연 또는 보호 재료 피복기 제조|공기 가습기 및 제습기 제조|로프 또는 케이블 제조기 제조|금속 세척기 제조|폐기물 처리 기기 제조|교반기 제조|아일레팅(eyeletting)기, 관상(튜우블러) 리베팅기 제조|자동 도어 작동기 제조|자동 마그네틱 테이프 제조기 제조|인쇄회로기판 표면실장용 기계(SMT 장비) 제조|동위원소 분리기 제조|디스플레이 유리 기판 제조용 기계 제조|전자식 모의 훈련 기기(시뮬레이터) 제조|펄프 제조 및 가공기 제조|종이 제조 및 가공기 제조|판지 제조 및 가공기 제조|종이 완성 가공기 제조|종이, 판지제품 제조기 제조",일반목적용 원심분리기 제조|가정용 의복건조기 제조|농산물 건조기 제조|산업용 식품 가열 또는 냉각기 제조|가정용 전기 가열기 및 건조기 제조|냉간 유리 가공 공작기계 제조|제본기 제조,,"전구 제조기|비금속 광물제품 열간 가공기|비금속 광물제품 가공 기계|산업용 물질 건조기 제조(농업용, 가정용 제외)|건조기 제조(열식, 산업용)|절연 또는 보호 재료 피복기|공기 가습기 및 제습기|로프 또는 케이블 제조기|금속 세척기|폐기물 처리 기기|교반기|자동 도어 작동기|자동 마그네틱 테이프 제조기|인쇄회로기판 표면실장용 기계(SMT 장비)|동위원소 분리기",제조|가공|인쇄|훈련,,KSIC 11차 (2024),True
292908,반도체 제조용 기계 제조업,제조업 > 기타 기계 및 장비 제조업 > 특수 목적용 기계 제조업 > 반도체 및 디스플레이 제조용 기계 제조업 > 반도체 제조용 기계 제조업,제조업,기타 기계 및 장비 제조업,특수 목적용 기계 제조업,반도체 및 디스플레이 제조용 기계 제조업,29271,반도체 제조용 기계 제조업,"웨이퍼 가공 및 반도체 조립용 장비 등의 반도체 제조에 직접 사용되 는 기계․장비를 제조하는 산업활동을 말한다. 인쇄회로기판 제조관 련 장비, 반도체 시험검사기 등과 같이 그 특정 기능을 갖는 장비를 제조하는 경우에는 제외한다.",반도체 조립용 장비 제조|웨이퍼 식각 및 현상기계 제조|포토 레지스터 현상 및 도포용 기계 제조,반도체 시험 검사기 제조,,반도체 조립용 장비|웨이퍼 식각 및 현상기계|포토 레지스터 현상 및 도포용 기계,제조|가공|조립|인쇄|시험|검사,,KSIC 11차 (2024),True
292909,디스플레이 제조용 기계 제조업,제조업 > 기타 기계 및 장비 제조업 > 특수 목적용 기계 제조업 > 반도체 및 디스플레이 제조용 기계 제조업 > 디스플레이 제조용 기계 제조업,제조업,기타 기계 및 장비 제조업,특수 목적용 기계 제조업,반도체 및 디스플레이 제조용 기계 제조업,29272,디스플레이 제조용 기계 제조업,"디스플레이(표시장치) 패널(DP) 제조용 기계를 제조하는 산업활동과 DP, 구동 회로, 백라이트 유닛 등 구성 요소를 결합하여 디스플레이 를 조립하는 기계를 제조하는 산업활동을 말한다. 디스플레이용 유리 기판 제조용 기계, 백라이트 유닛 제조용 기계 등 디스플레이 구성 요소 제조용 기계를 제조하는 산업활동은 제외한다. 시험검사기 등과 같이 그 특정 기능을 갖는 장비 제조도 제외한다.",디스플레이 패널 제조용 기계 제조|디스플레이 조립용 기계 제조,디스플레이 유리 기판 제조용 기계 제조,,디스플레이 패널 제조용 기계|디스플레이 조립용 기계,제조|조립|시험|검사|이용,,KSIC 11차 (2024),True
293001,주방용 전기 기기 제조업,제조업 > 전기장비 제조업 > 가정용 기기 제조업 > 가정용 전기 기기 제조업 > 주방용 전기 기기 제조업,제조업,전기장비 제조업,가정용 기기 제조업,가정용 전기 기기 제조업,28511,주방용 전기 기기 제조업,"음식 조리 및 저장 기기, 식기 세척 및 건조기 등 주로 주방에서 사 용하는 주방용 전기 기기를 제조하는 산업활동을 말한다.","전기 보온밥솥 제조|가정용 냉장고, 냉동고 제조|접시 세척기 제조|식품용 그라인더 및 과즙기 제조|전기 토스터 제조|전자 레인지 제조|가정용 전기 오븐 제조",전기 다리미 제조|산업용 접시 세척기 제조|전기식 난방기 제조|가정용 정수기 제조,,"전기 보온밥솥|가정용 냉장고, 냉동고|접시 세척기|식품용 그라인더 및 과즙기|전기 토스터|전자 레인지|가정용 전기 오븐",제조|음식|조리,,KSIC 11차 (2024),True
293002,기타 가정용 전기 기기 제조업,제조업 > 전기장비 제조업 > 가정용 기기 제조업 > 가정용 전기 기기 제조업 > 기타 가정용 전기 기기 제조업,제조업,전기장비 제조업,가정용 기기 제조업,가정용 전기 기기 제조업,28519,기타 가정용 전기 기기 제조업,"주방용 기기와 가정용 전기 난방 기기를 제외한 세탁기, 선풍기, 진공 청소기, 전기 이․미용 기구, 전기 안마기, 손 건조기 등 기타 가정용 전기 기기 및 기구를 제조하는 산업활동을 말한다.",세탁기 제조|의류 건조기 제조|환풍기 제조|선풍기 제조|연탄 가스 배출기 제조|가정용 살균 소독기 제조|전기 다리미 제조|진공 청소기 및 마루 광택기 제조|전기 이발기 제조|전기 미용기 제조|전기 면도기 제조,장비 제조는 291 내지 292에 각각 분류|의료용 기계식 안마기 제조|가정용 공기 조화장치 제조|가정용 공기 청정기 제조,,세탁기|의류 건조기|환풍기|선풍기|연탄 가스 배출기|가정용 살균 소독기|전기 다리미|진공 청소기 및 마루 광택기|전기 이발기|전기 미용기|전기 면도기,제조|청소|세탁|미용,,KSIC 11차 (2024),True
293004,가정용 비전기식 조리 및 난방 기구 제조업,제조업 > 전기장비 제조업 > 가정용 기기 제조업 > 가정용 비전기식 조리 및 난방 기구 제조업,제조업,전기장비 제조업,가정용 기기 제조업,가정용 비전기식 조리 및 난방 기구 제조업,28520,가정용 비전기식 조리 및 난방 기구 제조업,"비전기식 조리기(레인지) 및 기타 유사 조리용 기구, 난로, 화덕, 가정 용 중앙 난방설비, 온수기 및 열판 등의 각종 비전기식 가정용 조리 또는 난방용 기구를 제조하는 산업활동을 말한다.",비전기식 가정용 조리 또는 난방장치 제조,태양열 집열장치 제조|열(히트)펌프 제조,,비전기식 가정용 조리 또는 난방장치,제조|조리,,KSIC 11차 (2024),True
293005,가정용 전기 난방기기 제조업,제조업 > 전기장비 제조업 > 가정용 기기 제조업 > 가정용 전기 기기 제조업 > 가정용 전기 난방기기 제조업,제조업,전기장비 제조업,가정용 기기 제조업,가정용 전기 기기 제조업,28512,가정용 전기 난방기기 제조업,"전기 장판, 전기 모포, 전기 온풍기 등 가정용 전기 난방 기기를 제조 하는 산업활동을 말한다.",전기 모포 제조|전기식 난방기 제조,,,전기 모포|전기식 난방기,제조,,KSIC 11차 (2024),True
300100,컴퓨터 제조업,"제조업 > 전자 부품, 컴퓨터, 영상, 음향 및 통신장비 제조업 > 컴퓨터 및 주변 장치 제조업 > 컴퓨터 제조업",제조업,"전자 부품, 컴퓨터, 영상, 음향 및 통신장비 제조업",컴퓨터 및 주변 장치 제조업,컴퓨터 제조업,26310,컴퓨터 제조업,"아날로그형, 하이브리드형 또는 디지털형의 자동 자료처리 장비(컴퓨 터)를 제조하는 산업활동으로서 중앙 처리장치를 생산하거나 중앙 처 리장치와 입출력 장치가 결합, 장착된 컴퓨터 장치를 제조하는 경우 도 여기에 분류된다.",탁상용(데스크톱) PC 제조|노트북 PC 제조|워크스테이션 제조|중형 및 대형 컴퓨터 제조|컴퓨터 중앙 자료처리 장치 제조|휴대용 소형 컴퓨터(PDA) 제조,,,탁상용(데스크톱) PC|노트북 PC|워크스테이션|중형 및 대형 컴퓨터|컴퓨터 중앙 자료처리 장치|휴대용 소형 컴퓨터(PDA),제조|생산,,KSIC 11차 (2024),True
300101,기타 주변 기기 제조업,"제조업 > 전자 부품, 컴퓨터, 영상, 음향 및 통신장비 제조업 > 컴퓨터 및 주변 장치 제조업 > 기억 장치 및 주변 기기 제조업 > 기타 주변 기기 제조업",제조업,"전자 부품, 컴퓨터, 영상, 음향 및 통신장비 제조업",컴퓨터 및 주변 장치 제조업,기억 장치 및 주변 기기 제조업,26329,기타 주변 기기 제조업,컴퓨터용 모니터 및 프린터를 제외한 컴퓨터용 입․출력 장치(입력 장치 또는 출력 장치) 및 기타 컴퓨터 주변 기기를 제조하는 산업활 동을 말한다. 기억 장치의 내장 여부를 불문한다.,스캐너 제조|마우스 제조|컴퓨터용 자판 제조|자료 전사기 제조|스마트 카드 리더 제조|바코드 리더 제조,컴퓨터용 모뎀 제조,,스캐너|마우스|컴퓨터용 자판|자료 전사기|스마트 카드 리더|바코드 리더,제조,,KSIC 11차 (2024),True
300102,기억 장치 제조업,"제조업 > 전자 부품, 컴퓨터, 영상, 음향 및 통신장비 제조업 > 컴퓨터 및 주변 장치 제조업 > 기억 장치 및 주변 기기 제조업 > 기억 장치 제조업",제조업,"전자 부품, 컴퓨터, 영상, 음향 및 통신장비 제조업",컴퓨터 및 주변 장치 제조업,기억 장치 및 주변 기기 제조업,26321,기억 장치 제조업,컴퓨터용 기억 장치를 제조하는 산업활동을 말한다.,CD 드라이브 제조|광 디스크 드라이브 제조|보조 기억장치 제조|하드 디스크 드라이브 제조|USB 제조|주 기억 장치(RAM 및 ROM) 제조,,,CD 드라이브|광 디스크 드라이브|보조 기억장치|하드 디스크 드라이브|USB|주 기억 장치(RAM 및 ROM),제조,,KSIC 11차 (2024),True
300103,컴퓨터 모니터 제조업,"제조업 > 전자 부품, 컴퓨터, 영상, 음향 및 통신장비 제조업 > 컴퓨터 및 주변 장치 제조업 > 기억 장치 및 주변 기기 제조업 > 컴퓨터 모니터 제조업",제조업,"전자 부품, 컴퓨터, 영상, 음향 및 통신장비 제조업",컴퓨터 및 주변 장치 제조업,기억 장치 및 주변 기기 제조업,26322,컴퓨터 모니터 제조업,각종 컴퓨터용 모니터를 제조하는 산업활동을 말한다. 입력장치를 겸 한 모니터 제조도 포함한다.,LCD 모니터 제조|OLED 모니터 제조|CRT 모니터 제조,,,LCD 모니터|OLED 모니터|CRT 모니터,제조,,KSIC 11차 (2024),True
300104,컴퓨터 프린터 제조업,"제조업 > 전자 부품, 컴퓨터, 영상, 음향 및 통신장비 제조업 > 컴퓨터 및 주변 장치 제조업 > 기억 장치 및 주변 기기 제조업 > 컴퓨터 프린터 제조업",제조업,"전자 부품, 컴퓨터, 영상, 음향 및 통신장비 제조업",컴퓨터 및 주변 장치 제조업,기억 장치 및 주변 기기 제조업,26323,컴퓨터 프린터 제조업,각종 컴퓨터용 프린터를 제조하는 산업활동을 말한다.,레이저 프린터 제조|잉크제트 프린터 제조,,,레이저 프린터|잉크제트 프린터,제조,,KSIC 11차 (2024),True
300201,사무용 기계 및 장비 제조업,제조업 > 기타 기계 및 장비 제조업 > 일반 목적용 기계 제조업 > 사무용 기계 및 장비 제조업,제조업,기타 기계 및 장비 제조업,일반 목적용 기계 제조업,사무용 기계 및 장비 제조업,29180,사무용 기계 및 장비 제조업,"복사기, 등사기, 주소 인쇄기, 타자기와 자동 타자기, 전자계산기 및 기타 계산기, 회계기, 현금 등록기, 우편요금 계산기, 표 발행기, 동전 분류․포장 및 계산기, 봉투 투입기, 연필 깎는 기계, 천공 또는 스테 플링기 등 사무용 기계 및 장비를 제조하는 산업활동을 말한다.","사진식 복사기 제조|열식 복사기 제조|건식 복사기 제조|습식 복사기 제조|금전 등록기 제조|우편요금 계기 제조|표권 발행기 제조|타자기 제조|워드프로세싱기 제조|등사기 제조(사무실용)|화폐 분류기, 계산기 및 포장기 제조|주소 인쇄기 제조|연필 깎는 기계 제조|천공기 제조(사무실용)|우편물 처리기 제조|전자계산기 제조|칠판 제조|현금 지급기 제조",화폐 교환기 제조|컴퓨터 및 그 주변 기기 제조|문구용 화이트보드 제조,,"사진식 복사기|열식 복사기|건식 복사기|습식 복사기|금전 등록기|우편요금 계기|표권 발행기|타자기|워드프로세싱기|등사기 제조(사무실용)|화폐 분류기, 계산기 및 포장기|주소 인쇄기|연필 깎는 기계|천공기 제조(사무실용)|우편물 처리기",제조|인쇄|회계,,KSIC 11차 (2024),True
300202,사무용 기계 및 장비 제조업,제조업 > 기타 기계 및 장비 제조업 > 일반 목적용 기계 제조업 > 사무용 기계 및 장비 제조업,제조업,기타 기계 및 장비 제조업,일반 목적용 기계 제조업,사무용 기계 및 장비 제조업,29180,사무용 기계 및 장비 제조업,"복사기, 등사기, 주소 인쇄기, 타자기와 자동 타자기, 전자계산기 및 기타 계산기, 회계기, 현금 등록기, 우편요금 계산기, 표 발행기, 동전 분류․포장 및 계산기, 봉투 투입기, 연필 깎는 기계, 천공 또는 스테 플링기 등 사무용 기계 및 장비를 제조하는 산업활동을 말한다.","사진식 복사기 제조|열식 복사기 제조|건식 복사기 제조|습식 복사기 제조|금전 등록기 제조|우편요금 계기 제조|표권 발행기 제조|타자기 제조|워드프로세싱기 제조|등사기 제조(사무실용)|화폐 분류기, 계산기 및 포장기 제조|주소 인쇄기 제조|연필 깎는 기계 제조|천공기 제조(사무실용)|우편물 처리기 제조|전자계산기 제조|칠판 제조|현금 지급기 제조",화폐 교환기 제조|컴퓨터 및 그 주변 기기 제조|문구용 화이트보드 제조,복사기(사진식 등),"사진식 복사기|열식 복사기|건식 복사기|습식 복사기|금전 등록기|우편요금 계기|표권 발행기|타자기|워드프로세싱기|등사기 제조(사무실용)|화폐 분류기, 계산기 및 포장기|주소 인쇄기|연필 깎는 기계|천공기 제조(사무실용)|우편물 처리기",제조|인쇄|회계,,KSIC 11차 (2024),True
311001,"전자코일, 변성기 및 기타 전자 유도자 제조업","제조업 > 전자 부품, 컴퓨터, 영상, 음향 및 통신장비 제조업 > 전자 부품 제조업 > 기타 전자 부품 제조업 > 전자코일, 변성기 및 기타 전자 유도자 제조업",제조업,"전자 부품, 컴퓨터, 영상, 음향 및 통신장비 제조업",전자 부품 제조업,기타 전자 부품 제조업,26293,"전자코일, 변성기 및 기타 전자 유도자 제조업",전자 기기에 사용되는 전자 주파수 및 음성 주파수 변환용 전자 코 일․변성기 및 기타 전자 유도자 등을 제조하는 산업활동을 말한다.,전자 변성기 제조|전자 주파수 변환용 전자 코일 제조|전자 유도자 제조|음성 주파수 변환용 전자 코일 제조,전기 기기용 전압 조정기(변압기) 제조,,전자 변성기|전자 주파수 변환용 전자 코일|전자 유도자|음성 주파수 변환용 전자 코일,제조,,KSIC 11차 (2024),True
311002,전동기 및 발전기 제조업,"제조업 > 전기장비 제조업 > 전동기, 발전기 및 전기 변환ㆍ공급ㆍ제어 장치 제조업 > 전동기, 발전기 및 전기 변환장치 제조업 > 전동기 및 발전기 제조업",제조업,전기장비 제조업,"전동기, 발전기 및 전기 변환ㆍ공급ㆍ제어 장치 제조업","전동기, 발전기 및 전기 변환장치 제조업",28111,전동기 및 발전기 제조업,"전기 모터, 발전기 장치, 회전 변환기를 제조하는 산업활동을 말한다.",전동기 제조|발전장치 제조|직류 발전기 제조|교류|직류 겸용 전동기 제조|태양광 발전장치 제조,"자동차용 발전기와 크랭크, 회전식 모터 제조|유압식 모터 제조",,전동기|발전장치|직류 발전기|교류|직류 겸용 전동기|태양광 발전장치,제조,,KSIC 11차 (2024),True
311003,변압기 제조업,"제조업 > 전기장비 제조업 > 전동기, 발전기 및 전기 변환ㆍ공급ㆍ제어 장치 제조업 > 전동기, 발전기 및 전기 변환장치 제조업 > 변압기 제조업",제조업,전기장비 제조업,"전동기, 발전기 및 전기 변환ㆍ공급ㆍ제어 장치 제조업","전동기, 발전기 및 전기 변환장치 제조업",28112,변압기 제조업,"교류 전류를 전압 및 기타 전기적 특성이 다른 교류로 변환시키는 장 치를 제조하는 산업활동으로서 전력용 변압기, 특수 변압기, 계기용 변압기 등을 제조하는 산업활동을 말한다.",전압 조정기 제조|변압기 및 부분품 제조,전자 기기용의 전자 변성기 제조|방전램프용 안정기 제조|방사선 기기용 고주파 발생기(변압기) 제조|산업처리용 전압 자동조정기 제조,,전압 조정기|변압기 및 부분품,제조,,KSIC 11차 (2024),True
311004,기타 전기 변환장치 제조업,"제조업 > 전기장비 제조업 > 전동기, 발전기 및 전기 변환ㆍ공급ㆍ제어 장치 제조업 > 전동기, 발전기 및 전기 변환장치 제조업 > 기타 전기 변환장치 제조업",제조업,전기장비 제조업,"전동기, 발전기 및 전기 변환ㆍ공급ㆍ제어 장치 제조업","전동기, 발전기 및 전기 변환장치 제조업",28119,기타 전기 변환장치 제조업,정지형 변환기 및 기타 유도자 및 방전 램프용 안정기를 제조하는 산 업활동을 말한다.,건전지 충전장치 제조|배터리 충전기 제조|컨버터 제조|파워팩 제조|인버터 제조|어댑터 제조|무정전 전원장치 제조|전기 유도자 제조|전류 조절기 제조|방전 램프용 안정기 제조,전자 유도자 제조,방전 램프용 안정기,건전지 충전장치|배터리 충전기|컨버터|파워팩|인버터|어댑터|무정전 전원장치|전기 유도자|전류 조절기|방전 램프용 안정기,제조,,KSIC 11차 (2024),True
311005,에너지 저장장치 제조업,"제조업 > 전기장비 제조업 > 전동기, 발전기 및 전기 변환ㆍ공급ㆍ제어 장치 제조업 > 전동기, 발전기 및 전기 변환장치 제조업 > 에너지 저장장치 제조업",제조업,전기장비 제조업,"전동기, 발전기 및 전기 변환ㆍ공급ㆍ제어 장치 제조업","전동기, 발전기 및 전기 변환장치 제조업",28113,에너지 저장장치 제조업,"인버터, 보호회로, 충전 컨트롤러, 표시반 등으로 구성되어 전류를 저 장하고 변환하여 외부에 공급하는 전원 공급장치를 제조하는 산업활 동을 말한다.",ESS(Energy Storage System) 제조,,,ESS(Energy Storage System),제조,,KSIC 11차 (2024),True
311006,기타 전기 변환장치 제조업,"제조업 > 전기장비 제조업 > 전동기, 발전기 및 전기 변환ㆍ공급ㆍ제어 장치 제조업 > 전동기, 발전기 및 전기 변환장치 제조업 > 기타 전기 변환장치 제조업",제조업,전기장비 제조업,"전동기, 발전기 및 전기 변환ㆍ공급ㆍ제어 장치 제조업","전동기, 발전기 및 전기 변환장치 제조업",28119,기타 전기 변환장치 제조업,정지형 변환기 및 기타 유도자 및 방전 램프용 안정기를 제조하는 산 업활동을 말한다.,건전지 충전장치 제조|배터리 충전기 제조|컨버터 제조|파워팩 제조|인버터 제조|어댑터 제조|무정전 전원장치 제조|전기 유도자 제조|전류 조절기 제조|방전 램프용 안정기 제조,전자 유도자 제조,,건전지 충전장치|배터리 충전기|컨버터|파워팩|인버터|어댑터|무정전 전원장치|전기 유도자|전류 조절기|방전 램프용 안정기,제조,,KSIC 11차 (2024),True
312000,배전반 및 전기 자동제어반 제조업,"제조업 > 전기장비 제조업 > 전동기, 발전기 및 전기 변환ㆍ공급ㆍ제어 장치 제조업 > 전기 공급 및 제어장치 제조업 > 배전반 및 전기 자동제어반 제조업",제조업,전기장비 제조업,"전동기, 발전기 및 전기 변환ㆍ공급ㆍ제어 장치 제조업",전기 공급 및 제어장치 제조업,28123,배전반 및 전기 자동제어반 제조업,"전기회로 개폐 또는 보호장치를 보드, 콘솔 및 캐비닛 등에 결합, 장 착하여 가정용, 산업용 기기를 위한 배전반 및 전기 제어반을 제조하 는 산업활동을 말한다. 여기에는 2721(측정, 시험, 항해, 제어 및 기타 정밀기기 제조업)산업에서 생산되는 계기와 변압기, 가감저항기 등의 보조장치가 결합될 수 있으며, 수치 제어식 또는 프로그램이 내장된 것도 포함한다.","교류(AC) 및 직류(DC) 드라이브 제조|모터 시동 및 속도 조정기 제조|전기 제어기 부분품 제조|배전기 부분품 제조|수치 제어반 제조|PLC(프로그램 내장 컨트롤러) 제조|배전기가 장착된 보드, 콘솔, 캐비닛 등 제조",산업용 컴퓨터 제조|산업 처리공정 자동 측정 및 제어장비 제조|시계 구동부 제조|스위치와 접속자만 결합된 배전반 제조|전자기기용 전자 접속장치 제조|자동차용 신품 모터 시동기 제조,,"교류(AC) 및 직류(DC) 드라이브|모터 시동 및 속도 조정기|전기 제어기 부분품|배전기 부분품|수치 제어반|PLC(프로그램 내장 컨트롤러)|배전기가 장착된 보드, 콘솔, 캐비닛 등",제조|생산|시험|측정,,KSIC 11차 (2024),True
312001,"전기회로 개폐, 보호 장치 제조업","제조업 > 전기장비 제조업 > 전동기, 발전기 및 전기 변환ㆍ공급ㆍ제어 장치 제조업 > 전기 공급 및 제어장치 제조업 > 전기회로 개폐, 보호 장치 제조업",제조업,전기장비 제조업,"전동기, 발전기 및 전기 변환ㆍ공급ㆍ제어 장치 제조업",전기 공급 및 제어장치 제조업,28121,"전기회로 개폐, 보호 장치 제조업","배전용 또는 기기용 전기회로의 개폐, 보호 장치를 제조하는 산업활 동을 말한다. 스위치를 제조하는 경우도 포함한다.",서지 억제기 제조|계전기 제조|전력 차단기 제조|퓨즈 제조|피뢰기 제조|스위치 제조,,,서지 억제기|계전기|전력 차단기|퓨즈|피뢰기|스위치,제조,,KSIC 11차 (2024),True
312002,전기회로 접속장치 제조업,"제조업 > 전기장비 제조업 > 전동기, 발전기 및 전기 변환ㆍ공급ㆍ제어 장치 제조업 > 전기 공급 및 제어장치 제조업 > 전기회로 접속장치 제조업",제조업,전기장비 제조업,"전동기, 발전기 및 전기 변환ㆍ공급ㆍ제어 장치 제조업",전기 공급 및 제어장치 제조업,28122,전기회로 접속장치 제조업,배전용 또는 기기용 전기회로의 상이한 각 부분을 접속시키기 위한 장치를 제조하는 산업활동을 말한다.,전기 커넥터 제조|전기 터미널 제조|플러그와 잭 제조|소켓 제조|램프 홀더(소켓) 제조|전기 접속자 제조(기기용),,,전기 커넥터|전기 터미널|플러그와 잭|소켓|램프 홀더(소켓)|전기 접속자 제조(기기용),제조,,KSIC 11차 (2024),True
313001,기타 절연선 및 케이블 제조업,제조업 > 전기장비 제조업 > 절연선 및 케이블 제조업 > 기타 절연선 및 케이블 제조업,제조업,전기장비 제조업,절연선 및 케이블 제조업,절연선 및 케이블 제조업,28302,기타 절연선 및 케이블 제조업,"비철금속 등에 절연 물질을 피복하여 전기 및 통신용의 절연 피복선, 에나멜선, 알루미늄 절연선 및 절연 케이블, 절연 동축 케이블 등을 제조하는 산업활동을 말한다.",절연 금속선 제조|절연 금속 케이블 제조,비절연 비철금속선 제조|광섬유 케이블 제조,,절연 금속선|절연 금속 케이블,제조|통신,,KSIC 11차 (2024),True
313002,절연 코드세트 및 기타 도체 제조업,제조업 > 전기장비 제조업 > 절연선 및 케이블 제조업 > 절연 코드세트 및 기타 도체 제조업,제조업,전기장비 제조업,절연선 및 케이블 제조업,절연선 및 케이블 제조업,28303,절연 코드세트 및 기타 도체 제조업,절연선 또는 절연 케이블로 가공 절연 코드 및 코드 세트를 제조하는 산업활동을 말한다. 대형 전기 기기 및 전기 제어장치에 사용되는 절 연대 및 전기 절연 도체를 제조하는 산업활동도 포함한다.,코드 세트 제조|접속자가 부착된 전선 제조|절연대 제조|전기 절연 도체 제조(기기용)|와이어 하니스 제조(비자동차용),,,코드 세트|접속자가 부착된 전선|절연대|전기 절연 도체 제조(기기용)|와이어 하니스 제조(비자동차용),제조|가공,,KSIC 11차 (2024),True
313003,광섬유 케이블 제조업,제조업 > 전기장비 제조업 > 절연선 및 케이블 제조업 > 광섬유 케이블 제조업,제조업,전기장비 제조업,절연선 및 케이블 제조업,절연선 및 케이블 제조업,28301,광섬유 케이블 제조업,광섬유에 절연 물질을 피복하여 광섬유 절연 피복선 또는 광섬유 절 연 케이블을 제조하는 산업활동을 말한다.,절연 광섬유 케이블 제조|절연 피복 광섬유 제조,절연 금속선 및 케이블 제조|광섬유 제조,,절연 광섬유 케이블|절연 피복 광섬유,제조,,KSIC 11차 (2024),True
314000,운송장비용 이차전지 제조업,제조업 > 전기장비 제조업 > 일차전지 및 이차전지 제조업 > 운송장비용 이차전지 제조업,제조업,전기장비 제조업,일차전지 및 이차전지 제조업,일차전지 및 이차전지 제조업,28202 | 28209,운송장비용 이차전지 제조업 | 기타 이차전지 제조업,운송장비용 리튬 이차전지 등 각종 이차전지와 그 부분품을 제조하는 산업활동을 말한다. / 운송장비용 이외 리튬 이차전지 등 각종 용도의 축전지와 그 부분품 을 제조하는 산업활동을 말한다. 이차전지(축전지)의 일반적 특성은 재충전성을 가진다.,"운송장비용 리튬 (이온, 폴리머) 이온 이차전지 제조|운송장비용 니켈 카드뮴 전지 제조|운송장비용 납(연)축전지 제조|운송장비용 니켈 수소 전지 제조|운송장비용 이차전지(축전지) 격리판 제조|리튬 이온 이차전지 제조|리튬 이온 폴리머 전지 제조|리튬 폴리머 전지 제조|니켈 카드뮴 전지 제조|납(연)축전지 제조|니켈 수소 전지 제조|기타 이차전지용 격리판 제조",양극활물질 제조|음극활물질 제조,,"운송장비용 리튬 (이온, 폴리머) 이온 이차전지|운송장비용 니켈 카드뮴 전지|운송장비용 납(연)축전지|운송장비용 니켈 수소 전지|운송장비용 이차전지(축전지) 격리판|리튬 이온 이차전지|리튬 이온 폴리머 전지|리튬 폴리머 전지|니켈 카드뮴 전지|납(연)축전지|니켈 수소 전지|기타 이차전지용 격리판",제조|운송,,KSIC 11차 (2024),True
314001,일차전지 제조업,제조업 > 전기장비 제조업 > 일차전지 및 이차전지 제조업 > 일차전지 제조업,제조업,전기장비 제조업,일차전지 및 이차전지 제조업,일차전지 및 이차전지 제조업,28201,일차전지 제조업,규모 및 용도를 불문하고 건식 또는 습식 등의 일차전지 및 그 부분 품을 제조하는 산업활동을 말한다. 일차전지의 일반적 특성은 재충전 성을 가지지 않는다.,리튬 전지 제조|알칼리 망가니즈 건전지 제조|망가니즈 건전지 제조|수은 전지 제조,,,리튬 전지|알칼리 망가니즈 건전지|망가니즈 건전지|수은 전지,제조,,KSIC 11차 (2024),True
315001,일반용 전기 조명장치 제조업,제조업 > 전기장비 제조업 > 전구 및 조명장치 제조업 > 조명장치 제조업 > 일반용 전기 조명장치 제조업,제조업,전기장비 제조업,전구 및 조명장치 제조업,조명장치 제조업,28422,일반용 전기 조명장치 제조업,"실내, 실외를 구분하지 않고 장소나 대상을 밝게 비추는 가정용, 사무 실용, 공장용 등의 각종 일반용 전기 조명장치를 제조하는 산업활동 을 말한다. 휴대용 조명장치와 비전기식 조명장치 제조는 제외된다.",가정용 조명기구 제조|사무실용 조명기구 제조|가로등 제조|스탠드 제조,광고용 조명장치 제조|교통 신호장치 제조|운송장비용 조명장치 제조|의료 검사용 조명등 제조,,가정용 조명기구|사무실용 조명기구|가로등|스탠드,제조,,KSIC 11차 (2024),True
315002,전시 및 광고용 조명장치 제조업,제조업 > 전기장비 제조업 > 전구 및 조명장치 제조업 > 조명장치 제조업 > 전시 및 광고용 조명장치 제조업,제조업,전기장비 제조업,전구 및 조명장치 제조업,조명장치 제조업,28423,전시 및 광고용 조명장치 제조업,"장소나 대상을 비추는 것이 목적이 아닌 광고용, 전시용의 각종 전기 조명장치를 제조하는 산업활동을 말한다.","조명 광고판 제조|조명 네임 플레이트 제조|장식용 조명판 제조|광고용 조명판 제조|네온류(수은, 네온, 아르곤 등) 광고판 제조|크리스마스 장식용 조명 세트 제조|표시등 제조",고정된 광원을 갖지 않은 광고판 제조,,"조명 광고판|조명 네임 플레이트|장식용 조명판|광고용 조명판|네온류(수은, 네온, 아르곤 등) 광고판|크리스마스 장식용 조명 세트|표시등",제조|리스|광고|전시,,KSIC 11차 (2024),True
315003,전구 및 램프 제조업,제조업 > 전기장비 제조업 > 전구 및 조명장치 제조업 > 전구 및 램프 제조업,제조업,전기장비 제조업,전구 및 조명장치 제조업,전구 및 램프 제조업,28410,전구 및 램프 제조업,각종 전구 및 램프를 제조하는 산업활동을 말한다.,백열 전구 제조|형광 램프 제조|방전 램프 제조|살균 램프 제조|섬광 전구 제조|아크 램프 제조|산업용 전구 제조|장식용 전구 제조,전구가 결합되는 각종 용도의 조명장치 제조|의료용 검사 램프 제조,,백열 전구|형광 램프|방전 램프|살균 램프|섬광 전구|아크 램프|산업용 전구|장식용 전구,제조,,KSIC 11차 (2024),True
315005,기타 조명장치 제조업,제조업 > 전기장비 제조업 > 전구 및 조명장치 제조업 > 조명장치 제조업 > 기타 조명장치 제조업,제조업,전기장비 제조업,전구 및 조명장치 제조업,조명장치 제조업,28429,기타 조명장치 제조업,휴대용 조명장치와 기타 비전기식 조명등 및 조명기구를 제조하는 산 업활동을 말한다.,휴대용 조명장치 제조|램프 등 비전기식 조명장치 제조,광고용 조명장치 제조|교통신호장치 제조|의료검사용 조명등 제조,,휴대용 조명장치|램프 등 비전기식 조명장치,제조,,KSIC 11차 (2024),True
319001,운송장비용 조명장치 제조업,제조업 > 전기장비 제조업 > 전구 및 조명장치 제조업 > 조명장치 제조업 > 운송장비용 조명장치 제조업,제조업,전기장비 제조업,전구 및 조명장치 제조업,조명장치 제조업,28421,운송장비용 조명장치 제조업,"차량, 선박, 철도 차량, 항공기, 오토바이, 자전거 등 운송장비에 적용 되는 조명장치를 제조하는 산업활동을 말한다.",운송장비용 조명 기구 제조|시각 신호용(운송장비) 기구 제조|자전거용 조명장치 제조,자동차 내연기관용 전기장치 및 배선장치 제조,,운송장비용 조명 기구|시각 신호용(운송장비) 기구|자전거용 조명장치,제조|운송,,KSIC 11차 (2024),True
319002,그 외 기타 전기장비 제조업,제조업 > 전기장비 제조업 > 기타 전기장비 제조업 > 그 외 기타 전기장비 제조업,제조업,전기장비 제조업,기타 전기장비 제조업,기타 전기장비 제조업,28909,그 외 기타 전기장비 제조업,"전기 저항체를 갖춘 신호 발생기, 광맥 탐지기, 전기 도금용 또는 전 기 분해용 기기, 운송장비용(자동차용 제외)의 제무기, 제상기 및 전 기적 기능으로 작동되는 기타 전기 또는 전자장비를 제조하는 산업활 동을 말한다. 전자석과 전자석 커플링․클러치 및 브레이크․리프팅 헤드, 전기 용접기 및 초음파 세척기(실험실용 및 치과용 제외)를 제 조하는 산업활동도 포함한다.","미립자 가속기 제조|전기식 오존 발생기 제조|전기 영동용 기기 제조|자외선 조사 기기 제조|전자석 제조|전기식 용접기 제조|초음파 세척기(실험실용, 치과용 제외) 제조",자동차용 제무기 및 제상기 제조|전기 용접기 이외의 용접기 제조|실험실용 및 치과용 초음파 세척기 제조,,"미립자 가속기|전기식 오존 발생기|전기 영동용 기기|자외선 조사 기기|전자석|전기식 용접기|초음파 세척기(실험실용, 치과용 제외)",제조|운송,,KSIC 11차 (2024),True
319003,전기 경보 및 신호장치 제조업,제조업 > 전기장비 제조업 > 기타 전기장비 제조업 > 전기 경보 및 신호장치 제조업,제조업,전기장비 제조업,기타 전기장비 제조업,기타 전기장비 제조업,28901,전기 경보 및 신호장치 제조업,전기식의 음향 또는 시각용 경보장치를 제조하는 산업활동을 말한다. 수동식 또는 자동식으로 작동되는 경우를 모두 포함한다.,"도난 경보기 제조|화재 경보기 제조|음향 신호장치 제조|전기 신호식 호출기기 제조|가스 경보기 제조|전기식 벨, 초인종, 버저 제조",차량용 조명장치 제조|교통 신호장치 제조|영상용 모니터 결합 여부를 불문한 인터폰 제조|중앙통제실 송신용 칩입 및 화재경보 시스템 제조,,"도난 경보기|화재 경보기|음향 신호장치|전기 신호식 호출기기|가스 경보기|전기식 벨, 초인종, 버저",제조,,KSIC 11차 (2024),True
319004,전기용 탄소제품 및 절연제품 제조업,제조업 > 전기장비 제조업 > 기타 전기장비 제조업 > 전기용 탄소제품 및 절연제품 제조업,제조업,전기장비 제조업,기타 전기장비 제조업,기타 전기장비 제조업,28902,전기용 탄소제품 및 절연제품 제조업,전기용 흑연 및 탄소 제품과 기타 절연체를 제조하는 산업활동을 말 한다.,전기 절연장비 제조|램프용 탄소제품 제조|전기용 탄소 브러시(brush) 제조|조립된 애자 제조|절연체 및 절연 부착물 제조,유리 및 도자제 애자 제조,,전기 절연장비|램프용 탄소제품|전기용 탄소 브러시(brush)|조립된 애자|절연체 및 절연 부착물,제조|조립,,KSIC 11차 (2024),True
319005,교통 신호장치 제조업,제조업 > 전기장비 제조업 > 기타 전기장비 제조업 > 교통 신호장치 제조업,제조업,전기장비 제조업,기타 전기장비 제조업,기타 전기장비 제조업,28903,교통 신호장치 제조업,전기식 신호장치 및 안전장치 등 교통통제용 전기장치를 제조하는 산 업활동을 말한다. 제,교통 음향 신호장치 제조|교통 시각 신호장치 제조|교통 통제용 전기장치 제조,,,교통 음향 신호장치|교통 시각 신호장치|교통 통제용 전기장치,제조,,KSIC 11차 (2024),True
321000,기타 반도체 소자 제조업,"제조업 > 전자 부품, 컴퓨터, 영상, 음향 및 통신장비 제조업 > 반도체 제조업 > 다이오드, 트랜지스터 및 유사 반도체 소자 제조업 > 기타 반도체 소자 제조업",제조업,"전자 부품, 컴퓨터, 영상, 음향 및 통신장비 제조업",반도체 제조업,"다이오드, 트랜지스터 및 유사 반도체 소자 제조업",26129,기타 반도체 소자 제조업,"광전도 셀을 포함하여 다이오드(LED 제외), 트랜지스터 및 기타 이 와 유사한 반도체 소자, 수정 진동자 등 장착된 압전기 결정 소자를 제조하는 산업활동을 말한다.","수정 진동자 제조|장착된 압전기 결정 소자 제조|광전도 셀 제조|다이리스터, 다이액과 트라이액 제조|저마늄 다이오드 제조|실리콘 트랜지스터 제조|광전지, 태양전지 제조",,,"수정 진동자|장착된 압전기 결정 소자|광전도 셀|다이리스터, 다이액과 트라이액|저마늄 다이오드|실리콘 트랜지스터|광전지, 태양전지",제조|리스,,KSIC 11차 (2024),True
321001,그 외 기타 전자 부품 제조업,"제조업 > 전자 부품, 컴퓨터, 영상, 음향 및 통신장비 제조업 > 전자 부품 제조업 > 기타 전자 부품 제조업 > 그 외 기타 전자 부품 제조업",제조업,"전자 부품, 컴퓨터, 영상, 음향 및 통신장비 제조업",전자 부품 제조업,기타 전자 부품 제조업,26299,그 외 기타 전자 부품 제조업,"진공 또는 가스가 봉입된 상태에서 음극으로부터 방출되는 전자의 작 용을 이용하는 열전자관, 냉음극관, 광전관 등 라디오 및 텔레비전 수 상기용 전자관, 산업용 및 기타 특수 목적용 전자관 및 부분품을 제 조하는 산업활동과 사운드 카드, 비디오 카드, 네트워크 카드, 모뎀 등 전자 접속 카드(인터페이스 카드)를 제조하는 산업활동 및 그 외 기타 전자 부품을 제조하는 산업활동을 말한다.",영상변화관 제조|마이크로 웨이브관 제조|영상증강관 제조|송신기용 열전자관 제조|광전관 제조|텔레비전용 촬상관 제조|수신관 제조|텔레비전용 음극선관 제조|증폭관 제조|방전관 제조|디플렉션 코일 제조|섀도마스크 제조|전자총 제조|리드프레임 제조|전자 접속자 제조|인쇄회로 사진원판(포토 마스크) 제조|사운드 카드 제조|비디오 카드(비디오 어댑터) 제조|네트워크 카드(랜카드) 제조|모뎀 제조|컴퓨터용 모뎀 제조,"전자 변성기, 전자 코일 및 유도자 제조|엑스선 장치 제조",,영상변화관|마이크로 웨이브관|영상증강관|송신기용 열전자관|광전관|텔레비전용 촬상관|수신관|텔레비전용 음극선관|증폭관|방전관|디플렉션 코일|섀도마스크|전자총|리드프레임|전자 접속자,제조|인쇄|이용,,KSIC 11차 (2024),True
321002,메모리용 전자집적회로 제조업,"제조업 > 전자 부품, 컴퓨터, 영상, 음향 및 통신장비 제조업 > 반도체 제조업 > 전자집적회로 제조업 > 메모리용 전자집적회로 제조업",제조업,"전자 부품, 컴퓨터, 영상, 음향 및 통신장비 제조업",반도체 제조업,전자집적회로 제조업,26111,메모리용 전자집적회로 제조업,"정보를 저장할 수 있는 휘발성 및 비휘발성 모노리식 모스 메모리용 전자집적회로(RAM, ROM)를 제조하는 산업활동을 말한다.","휘발성 메모리용 전자집적회로(DRAM, SRAM, VRAM 등) 제조",모노리식 바이폴라 전자집적회로 제조|모노리식 모스 비메모리용 전자집적회로 제조|아날로그 및 혼성 전자집적회로 제조,,메모리용 전자집적회로,제조,,KSIC 11차 (2024),True
321003,비메모리용 및 기타 전자집적회로 제조업,"제조업 > 전자 부품, 컴퓨터, 영상, 음향 및 통신장비 제조업 > 반도체 제조업 > 전자집적회로 제조업 > 비메모리용 및 기타 전자집적회로 제조업",제조업,"전자 부품, 컴퓨터, 영상, 음향 및 통신장비 제조업",반도체 제조업,전자집적회로 제조업,26112,비메모리용 및 기타 전자집적회로 제조업,"정보 저장없이 논리, 연산 또는 제어 기능 등을 수행하는 시스템 전 자집적회로 등을 제조하는 산업활동을 말한다.","모노리식 바이폴라 IC, 모스 비메모리용 IC 제조|아날로그 및 혼성 전자집적회로 제조",,,"모노리식 바이폴라 IC, 모스 비메모리용 IC|아날로그 및 혼성 전자집적회로",제조,,KSIC 11차 (2024),True
321004,발광 다이오드 제조업,"제조업 > 전자 부품, 컴퓨터, 영상, 음향 및 통신장비 제조업 > 반도체 제조업 > 다이오드, 트랜지스터 및 유사 반도체 소자 제조업 > 발광 다이오드 제조업",제조업,"전자 부품, 컴퓨터, 영상, 음향 및 통신장비 제조업",반도체 제조업,"다이오드, 트랜지스터 및 유사 반도체 소자 제조업",26121,발광 다이오드 제조업,"갈륨비소, 형광성 유기 화합물 등에 전류를 흘려 빛을 발산하는 반도 체 소자인 발광 다이오드(LED)를 제조하는 산업활동을 말한다.",발광 다이오드(LED) 제조업|유기 발광 다이오드(OLED) 제조업,기타 다이오드 제조업|기타 반도체 소자 제조업,,발광 다이오드(LED)|유기 발광 다이오드(OLED),제조,,KSIC 11차 (2024),True
321005,액정 표시장치 제조업,"제조업 > 전자 부품, 컴퓨터, 영상, 음향 및 통신장비 제조업 > 전자 부품 제조업 > 표시장치 제조업 > 액정 표시장치 제조업",제조업,"전자 부품, 컴퓨터, 영상, 음향 및 통신장비 제조업",전자 부품 제조업,표시장치 제조업,26211,액정 표시장치 제조업,각종 형상의 액정 표시장치(LCD 디스플레이) 모듈 및 부분품을 제조 하는 산업활동으로서 전기 접속자의 부착 여부를 불문한다. 다른 부 품이 결합되어 특정 제품화된 경우는 제외한다. 제,TV용 LCD 제조|컴퓨터용 LCD 제조|휴대 전자기기용 LCD 제조,액정액 제조|컴퓨터 모니터 제조|텔레비전 제조,,TV용 LCD|컴퓨터용 LCD|휴대 전자기기용 LCD,제조,,KSIC 11차 (2024),True
321006,유기 발광 표시장치 제조업,"제조업 > 전자 부품, 컴퓨터, 영상, 음향 및 통신장비 제조업 > 전자 부품 제조업 > 표시장치 제조업 > 유기 발광 표시장치 제조업",제조업,"전자 부품, 컴퓨터, 영상, 음향 및 통신장비 제조업",전자 부품 제조업,표시장치 제조업,26212,유기 발광 표시장치 제조업,형광성 유기 화합물 등 자체 발광형 유기 물질을 이용한 표시장치를 제조하는 산업활동으로서 전기 접속자의 부착 여부를 불문한다. 다른 부품이 결합되어 특정 제품화된 경우는 제외한다.,OLED 표시장치 제조,,,OLED 표시장치,제조|이용,,KSIC 11차 (2024),True
321007,기타 표시장치 제조업,"제조업 > 전자 부품, 컴퓨터, 영상, 음향 및 통신장비 제조업 > 전자 부품 제조업 > 표시장치 제조업 > 기타 표시장치 제조업",제조업,"전자 부품, 컴퓨터, 영상, 음향 및 통신장비 제조업",전자 부품 제조업,표시장치 제조업,26219,기타 표시장치 제조업,플라즈마 디스플레이(PDP) 등 기타 표시장치 모듈 및 부분품을 제조 하는 산업활동으로서 전기 접속자의 부착 여부를 불문한다.,플라즈마 디스플레이 모듈 및 부분품 제조,컴퓨터 모니터 제조|텔레비전 제조,,플라즈마 디스플레이 모듈 및 부분품,제조,,KSIC 11차 (2024),True
321008,인쇄회로기판용 적층판 제조업,"제조업 > 전자 부품, 컴퓨터, 영상, 음향 및 통신장비 제조업 > 전자 부품 제조업 > 인쇄회로기판 및 전자부품 실장기판 제조업 > 인쇄회로기판용 적층판 제조업",제조업,"전자 부품, 컴퓨터, 영상, 음향 및 통신장비 제조업",전자 부품 제조업,인쇄회로기판 및 전자부품 실장기판 제조업,26221,인쇄회로기판용 적층판 제조업,"인쇄회로기판 제조에 사용되는 페놀 동박 적층판, 에폭시 동박 적층 판 등을 제조하는 산업활동을 말한다.","에폭시, 페놀 동박 적층판 제조|기타 인쇄회로 원판 제조",,,"에폭시, 페놀 동박 적층판|기타 인쇄회로 원판",제조|인쇄,,KSIC 11차 (2024),True
321009,경성 인쇄회로기판 제조업,"제조업 > 전자 부품, 컴퓨터, 영상, 음향 및 통신장비 제조업 > 전자 부품 제조업 > 인쇄회로기판 및 전자부품 실장기판 제조업 > 경성 인쇄회로기판 제조업",제조업,"전자 부품, 컴퓨터, 영상, 음향 및 통신장비 제조업",전자 부품 제조업,인쇄회로기판 및 전자부품 실장기판 제조업,26222,경성 인쇄회로기판 제조업,"페놀, 에폭시 수지 등 경질의 절연재료로 만든 인쇄회로기판을 제조 하는 산업활동을 말한다.",에폭시 인쇄회로기판 제조|페놀 인쇄배선기판 제조,전자 초소형 집적회로 제조|인쇄회로기판에 각종 전자 부품을 실장|휴대기기용 연성 인쇄회로기판 제조,,에폭시 인쇄회로기판|페놀 인쇄배선기판,제조|인쇄,,KSIC 11차 (2024),True
321011,연성 및 기타 인쇄회로기판 제조업,"제조업 > 전자 부품, 컴퓨터, 영상, 음향 및 통신장비 제조업 > 전자 부품 제조업 > 인쇄회로기판 및 전자부품 실장기판 제조업 > 연성 및 기타 인쇄회로기판 제조업",제조업,"전자 부품, 컴퓨터, 영상, 음향 및 통신장비 제조업",전자 부품 제조업,인쇄회로기판 및 전자부품 실장기판 제조업,26223,연성 및 기타 인쇄회로기판 제조업,"폴리이미드(Polyimide) 수지 등 연질의 절연 재료로 만든 인쇄회로기 조 판을 제조하거나, 그 외 복합성 인쇄회로기판을 제조하는 산업활동을 업 말한다.","단면형, 양면형, 다층형 FPCB 제조|경성 및 연성 PCB 결합 제품 제조",,,"단면형, 양면형, 다층형 FPCB|경성 및 연성 PCB 결합 제품",제조|인쇄,,KSIC 11차 (2024),True
321012,전자 부품 실장기판 제조업,"제조업 > 전자 부품, 컴퓨터, 영상, 음향 및 통신장비 제조업 > 전자 부품 제조업 > 인쇄회로기판 및 전자부품 실장기판 제조업 > 전자 부품 실장기판 제조업",제조업,"전자 부품, 컴퓨터, 영상, 음향 및 통신장비 제조업",전자 부품 제조업,인쇄회로기판 및 전자부품 실장기판 제조업,26224,전자 부품 실장기판 제조업,표면 실장기술 등으로 인쇄회로기판에 전자 부품을 실장하는 산업활 동을 말한다.,표면 실장기술에 의한 전자부품 실장|인쇄회로 조립품 제조,,,표면 실장기술에 의한 전자부품 실장|인쇄회로 조립품,제조|조립|인쇄,,KSIC 11차 (2024),True
321013,전자 축전기 제조업,"제조업 > 전자 부품, 컴퓨터, 영상, 음향 및 통신장비 제조업 > 전자 부품 제조업 > 기타 전자 부품 제조업 > 전자 축전기 제조업",제조업,"전자 부품, 컴퓨터, 영상, 음향 및 통신장비 제조업",전자 부품 제조업,기타 전자 부품 제조업,26291,전자 축전기 제조업,"전자 기기용 축전기(고정식, 가변식 또는 조정식)를 제조하는 산업활 동을 말한다.","전자 축전기(콘덴서) 부분품 제조|전자 축전기 제조|전기 축전기 제조(고정식, 가변식 또는 조정식)","이차전지 제조(28202, 28209",,"전자 축전기(콘덴서) 부분품|전자 축전기|전기 축전기 제조(고정식, 가변식 또는 조정식)",제조,,KSIC 11차 (2024),True
321014,전자저항기 및 전자카드 제조업,"제조업 > 전자 부품, 컴퓨터, 영상, 음향 및 통신장비 제조업 > 전자 부품 제조업 > 기타 전자 부품 제조업 > 전자저항기 및 전자카드 제조업",제조업,"전자 부품, 컴퓨터, 영상, 음향 및 통신장비 제조업",전자 부품 제조업,기타 전자 부품 제조업,26292,전자저항기 및 전자카드 제조업,"고정식 또는 가변 전자 저항기, 가감 저항기와 전위차계를 제조하는 산업활동과 마그네틱 스트라이프 또는 칩을 자장하여 컴퓨터 및 기타 사무용 기계에 사용되는 스마트 카드를 제조하는 산업활동으로서 각 종 현상의 기록 여부 또는 전자집적회로의 자장 여부를 불문한다. 마 그네틱 카드를 제조하는 산업활동도 포함한다.",가감 저항기 제조|전자 저항기 제조|써머스터 제조|가변 저항기(배리스터) 제조|마그네틱 카드 제조|스마트 카드 제조|전자집적회로 자장 카드 제조|칩내장 카드 제조,가정용 등 전기 기기 전열 저항체 제조,,가감 저항기|전자 저항기|써머스터|가변 저항기(배리스터)|마그네틱 카드|스마트 카드|전자집적회로 자장 카드|칩내장 카드,제조|리스,,KSIC 11차 (2024),True
321015,전자저항기 및 전자카드 제조업,"제조업 > 전자 부품, 컴퓨터, 영상, 음향 및 통신장비 제조업 > 전자 부품 제조업 > 기타 전자 부품 제조업 > 전자저항기 및 전자카드 제조업",제조업,"전자 부품, 컴퓨터, 영상, 음향 및 통신장비 제조업",전자 부품 제조업,기타 전자 부품 제조업,26292,전자저항기 및 전자카드 제조업,"고정식 또는 가변 전자 저항기, 가감 저항기와 전위차계를 제조하는 산업활동과 마그네틱 스트라이프 또는 칩을 자장하여 컴퓨터 및 기타 사무용 기계에 사용되는 스마트 카드를 제조하는 산업활동으로서 각 종 현상의 기록 여부 또는 전자집적회로의 자장 여부를 불문한다. 마 그네틱 카드를 제조하는 산업활동도 포함한다.",가감 저항기 제조|전자 저항기 제조|써머스터 제조|가변 저항기(배리스터) 제조|마그네틱 카드 제조|스마트 카드 제조|전자집적회로 자장 카드 제조|칩내장 카드 제조,가정용 등 전기 기기 전열 저항체 제조,,가감 저항기|전자 저항기|써머스터|가변 저항기(배리스터)|마그네틱 카드|스마트 카드|전자집적회로 자장 카드|칩내장 카드,제조|리스,,KSIC 11차 (2024),True
321016,전자 감지장치 제조업,"제조업 > 전자 부품, 컴퓨터, 영상, 음향 및 통신장비 제조업 > 전자 부품 제조업 > 기타 전자 부품 제조업 > 전자 감지장치 제조업",제조업,"전자 부품, 컴퓨터, 영상, 음향 및 통신장비 제조업",전자 부품 제조업,기타 전자 부품 제조업,26294,전자 감지장치 제조업,"온도, 압력, 속도와 같은 물리적인 환경 정보의 변화를 전기적인 신호 로 바꿔주는 장치를 제조하는 산업활동을 말한다. 감지한 환경 정보 를 이용하여 제어, 조절 등의 각종 기능을 수행하는 경우에는 해당되 는 제품 제조업으로 분류한다.",자동차용 각종 센서|전자 감지장치(센서) 제조|감광 전자 감지장치(감광 센서) 제조,,,자동차용 각종 센서|전자 감지장치(센서)|감광 전자 감지장치(감광 센서),제조|이용,,KSIC 11차 (2024),True
322002,유선 통신장비 제조업,"제조업 > 전자 부품, 컴퓨터, 영상, 음향 및 통신장비 제조업 > 통신 및 방송장비 제조업 > 유선 통신장비 제조업",제조업,"전자 부품, 컴퓨터, 영상, 음향 및 통신장비 제조업",통신 및 방송장비 제조업,유선 통신장비 제조업,26410,유선 통신장비 제조업,송신소와 수신소를 연결하는 유선 통신회로에 의하여 두 지점간의 음 성 또는 기타 메시지를 전달해주는 각종 통신장치를 제조하는 산업활 동을 말한다.,"유선 전화기 세트 제조|유선 전신장치 제조|인터폰 제조(모니터 불문)|유선 팩시밀리 제조|텔레 프린터(인쇄 전신기) 제조|광섬유 전송시스템(광중계기, 단국장치 등) 제조|반송 통신기 제조|반송 통신용 신호 변환기 제조|페어케이블 반송장치 제조|동축케이블 반송장치 제조|교환기 제조(자동 또는 수동식)|유선 영상(사진) 전신기 제조",,,"유선 전화기 세트|유선 전신장치|인터폰 제조(모니터 불문)|유선 팩시밀리|텔레 프린터(인쇄 전신기)|광섬유 전송시스템(광중계기, 단국장치 등)|반송 통신기|반송 통신용 신호 변환기|페어케이블 반송장치|동축케이블 반송장치|교환기 제조(자동 또는 수동식)|유선 영상(사진) 전신기",제조|인쇄|통신,,KSIC 11차 (2024),True
322003,방송장비 제조업,"제조업 > 전자 부품, 컴퓨터, 영상, 음향 및 통신장비 제조업 > 통신 및 방송장비 제조업 > 방송 및 무선 통신장비 제조업 > 방송장비 제조업",제조업,"전자 부품, 컴퓨터, 영상, 음향 및 통신장비 제조업",통신 및 방송장비 제조업,방송 및 무선 통신장비 제조업,26421,방송장비 제조업,"유․무선 텔레비전 방송용 송신기 및 중계용 기기, 폐쇄회로 텔레비 전 기기, 텔레비전 카메라 등의 방송 및 관련 응용장치를 제조하는 산업활동을 말한다.","텔레비전 방송 중계기 제조|유선 및 무선방송 전송기 제조|라디오 방송용 기기 제조|텔레비전 카메라 및 수중 카메라 제조|폐쇄회로 카메라 제조(공업용 및 과학용, 교통관제용 등)",텔레비전 및 안테나 제조|통신위성 제조,,텔레비전 방송 중계기|유선 및 무선방송 전송기|라디오 방송용 기기|텔레비전 카메라 및 수중 카메라,제조|방송,,KSIC 11차 (2024),True
322004,이동 전화기 제조업,"제조업 > 전자 부품, 컴퓨터, 영상, 음향 및 통신장비 제조업 > 통신 및 방송장비 제조업 > 방송 및 무선 통신장비 제조업 > 이동 전화기 제조업",제조업,"전자 부품, 컴퓨터, 영상, 음향 및 통신장비 제조업",통신 및 방송장비 제조업,방송 및 무선 통신장비 제조업,26422,이동 전화기 제조업,,,,,이동 전화기,제조,,KSIC 11차 (2024),False
322005,기타 무선 통신장비 제조업,"제조업 > 전자 부품, 컴퓨터, 영상, 음향 및 통신장비 제조업 > 통신 및 방송장비 제조업 > 방송 및 무선 통신장비 제조업 > 기타 무선 통신장비 제조업",제조업,"전자 부품, 컴퓨터, 영상, 음향 및 통신장비 제조업",통신 및 방송장비 제조업,방송 및 무선 통신장비 제조업,26429,기타 무선 통신장비 제조업,"무선 호출기, 무선 전신기 등 기타 무선 통신장비를 제조하는 산업활 동을 말한다.",무선 전신기 제조|무선 전신용 송신기 제조|무전기 제조|무선 팩시밀리 제조,통신위성 제조,,무선 전신기|무선 전신용 송신기|무전기|무선 팩시밀리,제조|통신,,KSIC 11차 (2024),True
323001,비디오 및 기타 영상 기기 제조업,"제조업 > 전자 부품, 컴퓨터, 영상, 음향 및 통신장비 제조업 > 영상 및 음향 기기 제조업 > 텔레비전, 비디오 및 기타 영상 기기 제조업 > 비디오 및 기타 영상 기기 제조업",제조업,"전자 부품, 컴퓨터, 영상, 음향 및 통신장비 제조업",영상 및 음향 기기 제조업,"텔레비전, 비디오 및 기타 영상 기기 제조업",26519,비디오 및 기타 영상 기기 제조업,비디오 등 각종 기타 영상 기기를 제조하는 산업활동을 말한다.,"가정용 비디오 제조|가정용 비디오 카메라 제조|DVD 제조|가정용 가상 현실(VR, AR) 기기 제조",방송용 카메라 제조|CCTV용 카메라 제조|산업용 가상현실 기기(운전교습용 등 각종 시뮬레이터) 제조,,"가정용 비디오|가정용 비디오 카메라|DVD|가정용 가상 현실(VR, AR) 기기",제조,,KSIC 11차 (2024),True
323005,텔레비전 제조업,"제조업 > 전자 부품, 컴퓨터, 영상, 음향 및 통신장비 제조업 > 영상 및 음향 기기 제조업 > 텔레비전, 비디오 및 기타 영상 기기 제조업 > 텔레비전 제조업",제조업,"전자 부품, 컴퓨터, 영상, 음향 및 통신장비 제조업",영상 및 음향 기기 제조업,"텔레비전, 비디오 및 기타 영상 기기 제조업",26511,텔레비전 제조업,각종 텔레비전을 제조하는 산업활동을 말한다.,LCD TV 제조|PDP(플라즈마) TV|브라운관 TV 제조|휴대용 텔레비전 제조,표시장치(디스플레이) 모듈 및 부분품 제조|전자관 제조,,LCD TV|PDP(플라즈마) TV|브라운관 TV|휴대용 텔레비전,제조,,KSIC 11차 (2024),True
323006,"라디오, 녹음 및 재생 기기 제조업","제조업 > 전자 부품, 컴퓨터, 영상, 음향 및 통신장비 제조업 > 영상 및 음향 기기 제조업 > 오디오, 스피커 및 기타 음향 기기 제조업 > 라디오, 녹음 및 재생 기기 제조업",제조업,"전자 부품, 컴퓨터, 영상, 음향 및 통신장비 제조업",영상 및 음향 기기 제조업,"오디오, 스피커 및 기타 음향 기기 제조업",26521,"라디오, 녹음 및 재생 기기 제조업","라디오, 녹음기 및 음성 재생기 등의 음향 기기를 제조하는 산업활동 을 말한다.",라디오 제조|녹음기 제조|MP3 플레이어 제조|카세트 제조,스피커 제조,,라디오|녹음기|MP3 플레이어|카세트,제조|녹음,,KSIC 11차 (2024),True
323007,기타 음향기기 제조업,"제조업 > 전자 부품, 컴퓨터, 영상, 음향 및 통신장비 제조업 > 영상 및 음향 기기 제조업 > 오디오, 스피커 및 기타 음향 기기 제조업 > 기타 음향기기 제조업",제조업,"전자 부품, 컴퓨터, 영상, 음향 및 통신장비 제조업",영상 및 음향 기기 제조업,"오디오, 스피커 및 기타 음향 기기 제조업",26529,기타 음향기기 제조업,"스피커, 확성기, 이어폰 등 기타 음향기기를 제조하는 산업활동을 말 한다.","스피커 제조|이어폰, 헤드폰 제조|마이크로폰 제조|확성기 제조",,,"스피커|이어폰, 헤드폰|마이크로폰|확성기",제조,,KSIC 11차 (2024),True
331100,전기식 진단 및 요법 기기 제조업,"제조업 > 의료, 정밀, 광학 기기 및 시계 제조업 > 의료용 기기 제조업 > 방사선 장치 및 전기식 진단 기기 제조업 > 전기식 진단 및 요법 기기 제조업",제조업,"의료, 정밀, 광학 기기 및 시계 제조업",의료용 기기 제조업,방사선 장치 및 전기식 진단 기기 제조업,27112,전기식 진단 및 요법 기기 제조업,"내과, 외과, 치과용의 전기 및 전자식 진단장치, 신체 기능 검사 및 생리적 변화를 검사하는 기기, 자외선 또는 적외선을 응용한 기기를 제조하는 산업활동을 말한다.",심전계 제조|뇌파계 제조|혈압 측정기 제조|청력 검사용 기구 제조|전기 요법용 기기 제조|인공 보육기 제조,비전기식 진단용 기기 제조|진단용 방사선 장치 제조,,심전계|뇌파계|혈압 측정기|청력 검사용 기구|전기 요법용 기기|인공 보육기,제조|측정|검사,,KSIC 11차 (2024),True
331101,치과기공물 제조업,"제조업 > 의료, 정밀, 광학 기기 및 시계 제조업 > 의료용 기기 제조업 > 기타 의료용 기기 제조업 > 치과기공물 제조업",제조업,"의료, 정밀, 광학 기기 및 시계 제조업",의료용 기기 제조업,기타 의료용 기기 제조업,27192 | 27193,치과기공물 제조업 | 치과용 임플란트 제조업,"치과 치료용 및 치과용 작업 모형, 보철물, 충전물 등을 전문적으로 제작하는 산업활동을 말한다. 영구치를 뽑아낸 자리에 인공적으로 만 들어 놓은 의치도 포함한다. / 치과용 임플란트를 제작하는 산업활동을 말한다.",치과 기공물|교정장치|충전물|작업 모형 제조|의치 및 틀니 제조|치과용 임플란트,정형외과용 기기 제조|치과 기공소,치과기공소,치과 기공물|교정장치|충전물|작업 모형|의치 및 틀니|치과용 임플란트,제조|제작|치료,,KSIC 11차 (2024),True
331102,그 외 기타 의료용 기기 제조업,"제조업 > 의료, 정밀, 광학 기기 및 시계 제조업 > 의료용 기기 제조업 > 기타 의료용 기기 제조업 > 그 외 기타 의료용 기기 제조업",제조업,"의료, 정밀, 광학 기기 및 시계 제조업",의료용 기기 제조업,기타 의료용 기기 제조업,27199,그 외 기타 의료용 기기 제조업,달리 분류되지 않은 각종 의료용 기기 제품을 제조하는 산업활동을 포함한다.,"기계적 요법 기구 제조|물리요법용 기기 제조|시력 측정기 제조|임신 진단기 제조|안과용 기기 제조|비전기식 진단용 기기 제조|주사기 및 주사 바늘 제조|수혈 세트 및 수액 세트 제조|인공 신장기용 투석기 제조|산소 흡입기 제조|심리학적 적성 검사용 기기 제조|산부인과용 기기 제조|의료용 검사 램프 제조|광학식 내시경 제조|의료용, 이화학용 살균기 제조|에어로졸 치료기 제조|가스 마스크 제조|의료 마사지용 기기 제조",전기 또는 전자식 진단 기기 제조|진단 및 요법용 방사선 장비 제조|비의료용 전기 안마기 제조,,"기계적 요법 기구|물리요법용 기기|시력 측정기|임신 진단기|안과용 기기|비전기식 진단용 기기|주사기 및 주사 바늘|수혈 세트 및 수액 세트|인공 신장기용 투석기|산소 흡입기|심리학적 적성 검사용 기기|산부인과용 기기|의료용 검사 램프|광학식 내시경|의료용, 이화학용 살균기",제조|측정|치료|검사,,KSIC 11차 (2024),True
331103,방사선 장치 제조업,"제조업 > 의료, 정밀, 광학 기기 및 시계 제조업 > 의료용 기기 제조업 > 방사선 장치 및 전기식 진단 기기 제조업 > 방사선 장치 제조업",제조업,"의료, 정밀, 광학 기기 및 시계 제조업",의료용 기기 제조업,방사선 장치 및 전기식 진단 기기 제조업,27111,방사선 장치 제조업,"의료용 또는 기타 용도의 방사선 장치를 제조하는 산업활동으로서 촬 영용, 진단용, 치료용의 것도 포함한다.",X선 장치 제조|CT 제조|자동 단층 촬영기 제조|혈관 조영 촬영 장치 제조|공업용 방사선 장치 제조|실험 검사용 방사선 장치 제조,레이저 발생기 제조|레이저 공작기기 제조,,X선 장치|CT|자동 단층 촬영기|혈관 조영 촬영 장치|공업용 방사선 장치|실험 검사용 방사선 장치,제조|치료|검사,,KSIC 11차 (2024),True
331104,치과용 기기 제조업,"제조업 > 의료, 정밀, 광학 기기 및 시계 제조업 > 의료용 기기 제조업 > 기타 의료용 기기 제조업 > 치과용 기기 제조업",제조업,"의료, 정밀, 광학 기기 및 시계 제조업",의료용 기기 제조업,기타 의료용 기기 제조업,27191,치과용 기기 제조업,"치과용 드릴 엔진, 호환용 연삭도구 등 치과 전용 기계 및 기구를 제 조하는 산업활동을 말한다.","치과용 드릴(버, bur) 제조|치석 제거기 제조|치과용 유니트 제조",치과용 전기식 진단 기기 제조|치과용 시멘트 제조|인조 치아 제조,,"치과용 드릴(버, bur)|치석 제거기|치과용 유니트",제조,,KSIC 11차 (2024),True
331105,정형 외과용 및 신체 보정용 기기 제조업,"제조업 > 의료, 정밀, 광학 기기 및 시계 제조업 > 의료용 기기 제조업 > 기타 의료용 기기 제조업 > 정형 외과용 및 신체 보정용 기기 제조업",제조업,"의료, 정밀, 광학 기기 및 시계 제조업",의료용 기기 제조업,기타 의료용 기기 제조업,27194,정형 외과용 및 신체 보정용 기기 제조업,신체적 결함을 방지하거나 교정하기 위하여 사용되는 정형 외과용품 및 신체에 주입 또는 부착하거나 휴대할 수 있는 신체 결손 보정용 기기를 제조하는 산업활동을 말한다. 동물용의 것도 포함한다.,인공 장기 제조|골절 치료구 제조|보청기 제조|부목 제조(골절 치료용)|인체 보정기 제조|인체 부분 제조(인조)|보정용 의안(인조 눈) 제조,"의료용 장선, 봉합사 및 피복재 제조|치과기공물 제조|치과용 임플란트 제조",,인공 장기|골절 치료구|보청기|부목 제조(골절 치료용)|인체 보정기|인체 부분 제조(인조)|보정용 의안(인조 눈),제조|치료,,KSIC 11차 (2024),True
331106,의료용 가구 제조업,"제조업 > 의료, 정밀, 광학 기기 및 시계 제조업 > 의료용 기기 제조업 > 기타 의료용 기기 제조업 > 의료용 가구 제조업",제조업,"의료, 정밀, 광학 기기 및 시계 제조업",의료용 기기 제조업,기타 의료용 기기 제조업,27196,의료용 가구 제조업,"내과, 외과, 치과용의 각종 전문 가구, 이․미용실용 의자 및 이와 유 사한 용도의 것으로서 회전 또는 상․하 이동장치가 결합된 의자를 제조하는 산업활동을 말한다. 동물 치료용 가구도 포함한다.",의료용 가구 제조|치과용 의자 제조|수의용 가구 제조|미용실용 의자 제조,일반용 가구 제조,,의료용 가구|치과용 의자|수의용 가구|미용실용 의자,제조|치료|수의|미용,,KSIC 11차 (2024),True
331201,"물질 검사, 측정 및 분석 기구 제조업","제조업 > 의료, 정밀, 광학 기기 및 시계 제조업 > 측정, 시험, 항해, 제어 및 기타 정밀 기기 제조업; 광학 기기 제외 > 측정, 시험, 항해, 제어 및 기타 정밀 기기 제조업 > 물질 검사, 측정 및 분석 기구 제조업",제조업,"의료, 정밀, 광학 기기 및 시계 제조업","측정, 시험, 항해, 제어 및 기타 정밀 기기 제조업; 광학 기기 제외","측정, 시험, 항해, 제어 및 기타 정밀 기기 제조업",27213,"물질 검사, 측정 및 분석 기구 제조업","천문, 수로 및 지구물리 형상 또는 고체, 액체, 기체의 물리․화학용 측정 및 분석기구와 각종 산업용 재료 및 물질의 경도․강도․연성 등을 시험하는 기계, 기구를 제조하는 산업활동을 말한다. 각종 기 계․장비 또는 제품의 기능 및 특성 등을 측정․검사하는 기계, 기구 를 제조하는 경우도 포함한다.",부력 측정기 제조|기압계 제조|온도 및 습도계 제조|액면 측정기 제조(액체|기체)|변량 검사용 기기 제조|압력측정기 제조(액체|색층 분석기 제조|분광계 제조|노출계 제조|변량 측정기 제조|마이크로톰(시료 절단기) 제조|진동검사기 제조|균형 및 평형 검사기 제조|충격 검사기 제조|제품 부조화 검사기 제조|내연기관 시험대 제조|자동차 브레이크 시험대 제조|항장력(인장 강도) 시험기 제조|역량계 제조|압축 및 탄성 시험기 제조|재료 시험기 제조,,,부력 측정기|기압계|온도 및 습도계|액면 측정기 제조(액체|기체)|변량 검사용 기기|압력측정기 제조(액체|색층 분석기|분광계|노출계|변량 측정기|마이크로톰(시료 절단기)|진동검사기|균형 및 평형 검사기|충격 검사기,제조|시험|분석|측정|검사,,KSIC 11차 (2024),True
331203,"레이더, 항행용 무선 기기 및 측량 기구 제조업","제조업 > 의료, 정밀, 광학 기기 및 시계 제조업 > 측정, 시험, 항해, 제어 및 기타 정밀 기기 제조업; 광학 기기 제외 > 측정, 시험, 항해, 제어 및 기타 정밀 기기 제조업 > 레이더, 항행용 무선 기기 및 측량 기구 제조업",제조업,"의료, 정밀, 광학 기기 및 시계 제조업","측정, 시험, 항해, 제어 및 기타 정밀 기기 제조업; 광학 기기 제외","측정, 시험, 항해, 제어 및 기타 정밀 기기 제조업",27211,"레이더, 항행용 무선 기기 및 측량 기구 제조업","레이더 기기 및 방향 탐지․유도․항해․항공용 기기와 사진 측량용 의 것을 포함한 토지․수로․해양․수리 측량 기기와 기상 관측기, 지구물리학용의 기구 및 측거의를 제조하는 산업활동을 말한다.","항행용 무선기기 제조|항행용 레이더 장치|무선 원격 조절기 제조|군사용, 화기용, 항공기 침입 경계용 레이더 장치|레이더 고도 측정 기기|기상용 레이더 및 기상용 기구|방향 탐지용 컴퍼스 제조|토지 측량기 제조|위성 항법장치(GPS) 수신 기기 제조",,,"항행용 무선기기|항행용 레이더 장치|무선 원격 조절기|군사용, 화기용, 항공기 침입 경계용 레이더 장치|레이더 고도 측정 기기|기상용 레이더 및 기상용 기구|방향 탐지용 컴퍼스|토지 측량기|위성 항법장치(GPS) 수신 기기",제조|측정|수리,,KSIC 11차 (2024),True
331204,"전자기 측정, 시험 및 분석 기구 제조업","제조업 > 의료, 정밀, 광학 기기 및 시계 제조업 > 측정, 시험, 항해, 제어 및 기타 정밀 기기 제조업; 광학 기기 제외 > 측정, 시험, 항해, 제어 및 기타 정밀 기기 제조업 > 전자기 측정, 시험 및 분석 기구 제조업",제조업,"의료, 정밀, 광학 기기 및 시계 제조업","측정, 시험, 항해, 제어 및 기타 정밀 기기 제조업; 광학 기기 제외","측정, 시험, 항해, 제어 및 기타 정밀 기기 제조업",27212,"전자기 측정, 시험 및 분석 기구 제조업",전기 및 전자회로 장비의 전기적 특성을 시험․측정․분석하는 기구 를 제조하는 산업활동을 말한다.,전압 측정 및 검사기 제조|전류 측정 및 검사기 제조|저항 검사기 제조|전기 통신기기 검사기기(시험 및 분석기) 제조,전기 적산 공급계기 제조,,전압 측정 및 검사기|전류 측정 및 검사기|저항 검사기|전기 통신기기 검사기기(시험 및 분석기),제조|통신|시험|분석|측정|검사,,KSIC 11차 (2024),True
331205,속도계 및 적산계기 제조업,"제조업 > 의료, 정밀, 광학 기기 및 시계 제조업 > 측정, 시험, 항해, 제어 및 기타 정밀 기기 제조업; 광학 기기 제외 > 측정, 시험, 항해, 제어 및 기타 정밀 기기 제조업 > 속도계 및 적산계기 제조업",제조업,"의료, 정밀, 광학 기기 및 시계 제조업","측정, 시험, 항해, 제어 및 기타 정밀 기기 제조업; 광학 기기 제외","측정, 시험, 항해, 제어 및 기타 정밀 기기 제조업",27214,속도계 및 적산계기 제조업,"열․증기․기체 및 액체의 생산 또는 공급량을 측정하기 위한 적산계 기와 회전계, 속도계(측량 기구 제외), 생산량계, 적산 택시 미터기, 주행 거리계 및 이와 유사한 적산용 계기 등 각종 단위의 총량을 표 시하는 계기를 제조하는 산업활동을 말한다.",회전계 제조|보수계기 제조|공급량 계기 제조|택시 미터기 제조|전기 적산계기 제조|가스 적산계기 제조,,,회전계|보수계기|공급량 계기|택시 미터기|전기 적산계기|가스 적산계기,제조|생산|측정,,KSIC 11차 (2024),True
331206,기기용 자동 측정 및 제어장치 제조업,"제조업 > 의료, 정밀, 광학 기기 및 시계 제조업 > 측정, 시험, 항해, 제어 및 기타 정밀 기기 제조업; 광학 기기 제외 > 측정, 시험, 항해, 제어 및 기타 정밀 기기 제조업 > 기기용 자동 측정 및 제어장치 제조업",제조업,"의료, 정밀, 광학 기기 및 시계 제조업","측정, 시험, 항해, 제어 및 기타 정밀 기기 제조업; 광학 기기 제외","측정, 시험, 항해, 제어 및 기타 정밀 기기 제조업",27215,기기용 자동 측정 및 제어장치 제조업,"난방용 기기 및 공기 조절장치, 냉동기 등과 같은 각종 가정 또는 상 업용 기기의 작동에 관련되는 기체 및 액체의 유량, 압력, 온도, 밀도 등의 각종 관련 변수를 자동 조정하는 장치를 제조하는 산업활동을 말한다. 이러한 장치는 측정, 조정 및 시동, 정지 또는 작동장치를 갖 추고 있으며 전기량이나 비전기량을 전기 및 비전기적 변수로 조정할 수 있다.",온도 자동 조정장치 제조(기기용)|수위 자동 조정 제어장치 제조|안전판 제조(기기용)|가스버너 조정장치 제조(기기용)|습도 조절장치 제조(기기용)|매노우스타트 제조(기기용)|공기 유입 조정장치 제조(기기용),산업처리 자동 측정 및 제어장비 제조,,온도 자동 조정장치 제조(기기용)|수위 자동 조정 제어장치|안전판 제조(기기용)|가스버너 조정장치 제조(기기용)|습도 조절장치 제조(기기용)|매노우스타트 제조(기기용)|공기 유입 조정장치 제조(기기용),제조|측정,,KSIC 11차 (2024),True
331207,"기타 측정, 시험, 항해, 제어 및 정밀 기기 제조업","제조업 > 의료, 정밀, 광학 기기 및 시계 제조업 > 측정, 시험, 항해, 제어 및 기타 정밀 기기 제조업; 광학 기기 제외 > 측정, 시험, 항해, 제어 및 기타 정밀 기기 제조업 > 기타 측정, 시험, 항해, 제어 및 정밀 기기 제조업",제조업,"의료, 정밀, 광학 기기 및 시계 제조업","측정, 시험, 항해, 제어 및 기타 정밀 기기 제조업; 광학 기기 제외","측정, 시험, 항해, 제어 및 기타 정밀 기기 제조업",27219,"기타 측정, 시험, 항해, 제어 및 정밀 기기 제조업","정밀 측정용 감량저울, 비광학 현미경 및 회절기 등 기타 측정․검 사․시험․분석용 기구를 제조하는 산업활동을 말한다. 각종 형태의 제도용구, 설계용구, 자 및 측정용 봉 등의 수지식 길이 측정기를 제 조하는 산업활동도 포함한다.",비광학 현미경 제조|비광학 회절기 제조|마이크로미터 제조|캘리퍼스 제조|측정용 눈금자 제조|제도용 계산용구 제조|감량저울 제조(감량 50밀리그램 이내의 것)|기술자용 수지식 정밀 측정기 제조,방향탐지용 컴퍼스 제조,,비광학 현미경|비광학 회절기|마이크로미터|캘리퍼스|측정용 눈금자|제도용 계산용구|감량저울 제조(감량 50밀리그램 이내의 것)|기술자용 수지식 정밀 측정기,제조|설계|시험|분석|측정,,KSIC 11차 (2024),True
331300,산업 처리공정 제어장비 제조업,"제조업 > 의료, 정밀, 광학 기기 및 시계 제조업 > 측정, 시험, 항해, 제어 및 기타 정밀 기기 제조업; 광학 기기 제외 > 측정, 시험, 항해, 제어 및 기타 정밀 기기 제조업 > 산업 처리공정 제어장비 제조업",제조업,"의료, 정밀, 광학 기기 및 시계 제조업","측정, 시험, 항해, 제어 및 기타 정밀 기기 제조업; 광학 기기 제외","측정, 시험, 항해, 제어 및 기타 정밀 기기 제조업",27216,산업 처리공정 제어장비 제조업,"산업 처리공정에서 제품을 생산하기 위한 재료 및 기타 조건들이 일 정하게 유지․조정될 수 있도록 압력, 유입량, 습도, 유입되는 가스 및 액체의 배합 상태, 온도, 위치, 빈도, 밀도, 비중, 기계적 적합성 및 기타 변수를 계속적으로 측정하여 이들 변수를 최상의 조건으로 자동 조정하는 산업처리 제어장비를 제조하는 산업활동을 말한다. 이러한 장비는 측정, 조정 및 시동, 정지 또는 작동장치를 갖추고 있으며 전 기량이나 비전기량을 전기적 및 비전기적 변수로 조정할 수 있다.",습도 측정장치 제조|가스 및 액체 분석계기 제조|압력 측정장치 제조|산업처리 자동조절용 기기 제조|산업처리 공정용 컴퓨터 접속장치 제조|산업처리 공정용 흐름 조정자 제조|온도 변화에 반응하는 전기 저항기 제조,액상유리 및 바이메탈용 철강 제조(231 또는 24113|주거 또는 상업환경 기기용의 자동조정 제어기구 제조,,습도 측정장치|가스 및 액체 분석계기|압력 측정장치|산업처리 자동조절용 기기|산업처리 공정용 컴퓨터 접속장치|산업처리 공정용 흐름 조정자|온도 변화에 반응하는 전기 저항기,제조|생산|분석|측정,,KSIC 11차 (2024),True
332000,안경 및 안경렌즈 제조업,"제조업 > 의료, 정밀, 광학 기기 및 시계 제조업 > 의료용 기기 제조업 > 기타 의료용 기기 제조업 > 안경 및 안경렌즈 제조업",제조업,"의료, 정밀, 광학 기기 및 시계 제조업",의료용 기기 제조업,기타 의료용 기기 제조업,27195,안경 및 안경렌즈 제조업,"안경테 및 각종 용도의 완성된 안경, 안경용 렌즈 등을 제조하는 산 업활동을 말한다. 소매활동에 따른 안경 조립은 소매업으로 분류한다.","각종 용도 안경 제조|안경테 및 장착구 제조|고글테 및 장착구 제조|시력 교정용 안경 제조|보호용 안경 제조|선글라스 제조|안경렌즈, 콘택트 렌즈 제조",,,"각종 용도 안경|안경테 및 장착구|고글테 및 장착구|시력 교정용 안경|보호용 안경|선글라스|안경렌즈, 콘택트 렌즈",제조|조립|소매,,KSIC 11차 (2024),True
332001,기타 광학기기 및 사진기 제조업,"제조업 > 의료, 정밀, 광학 기기 및 시계 제조업 > 사진장비 및 광학 기기 제조업 > 사진장비 및 광학기기 제조업 > 기타 광학기기 및 사진기 제조업",제조업,"의료, 정밀, 광학 기기 및 시계 제조업",사진장비 및 광학 기기 제조업,사진장비 및 광학기기 제조업,27309,기타 광학기기 및 사진기 제조업,"정물 사진기 및 영화 촬영기, 영사기 및 이들의 부분품, 사진실용 또 는 영사실용의 장비, 기타 광학 기기 및 그 부분품을 제조하는 산업 활동을 말한다.","마이크로 피시 리더 제조|마이크로 폼 리더 제조|환등기 제조|마이크로 필름 리더 제조|대물렌즈 제조(사진기, 영사기용)|영사용 스크린 제조|사진 노광용 기기 제조|사진 노출용 기기 제조|사진 확대기 및 축소기 제조|빔 프로젝터 제조|OHP 프로젝터 제조|일반용 카메라 제조(방송 및 비디오용 제외)|가정용 디지털 카메라 제조|쌍안 확대경 제조|광학 천체 관측용 기기 제조|광학 망원경 제조|광학 현미경 제조|화기(火器)용 조정기 제조|잠망경 제조|광학 라이트빔 신호기 제조|수지식 확대경 제조|레이저 기기 제조(레이저 다이오드 제외)","사진 섬광 전구 제조|사진실용 용기류는 재료에 따라 각각 분류|방송용 카메라, 폐쇄회로 카메라 제조|가정용 비디오 카메라 제조|비광학식 현미경 제조|액정 디스플레이 제조",,"마이크로 피시 리더|마이크로 폼 리더|환등기|마이크로 필름 리더|대물렌즈 제조(사진기, 영사기용)|영사용 스크린|사진 노광용 기기|사진 노출용 기기|사진 확대기 및 축소기|빔 프로젝터|OHP 프로젝터|일반용 카메라 제조(방송 및 비디오용 제외)|가정용 디지털 카메라|쌍안 확대경|광학 천체 관측용 기기",제조|방송,,KSIC 11차 (2024),True
332002,안경 및 안경렌즈 제조업,"제조업 > 의료, 정밀, 광학 기기 및 시계 제조업 > 의료용 기기 제조업 > 기타 의료용 기기 제조업 > 안경 및 안경렌즈 제조업",제조업,"의료, 정밀, 광학 기기 및 시계 제조업",의료용 기기 제조업,기타 의료용 기기 제조업,27195,안경 및 안경렌즈 제조업,"안경테 및 각종 용도의 완성된 안경, 안경용 렌즈 등을 제조하는 산 업활동을 말한다. 소매활동에 따른 안경 조립은 소매업으로 분류한다.","각종 용도 안경 제조|안경테 및 장착구 제조|고글테 및 장착구 제조|시력 교정용 안경 제조|보호용 안경 제조|선글라스 제조|안경렌즈, 콘택트 렌즈 제조",,안경렌즈,"각종 용도 안경|안경테 및 장착구|고글테 및 장착구|시력 교정용 안경|보호용 안경|선글라스|안경렌즈, 콘택트 렌즈",제조|조립|소매,,KSIC 11차 (2024),True
332003,광학 렌즈 및 광학 요소 제조업,"제조업 > 의료, 정밀, 광학 기기 및 시계 제조업 > 사진장비 및 광학 기기 제조업 > 사진장비 및 광학기기 제조업 > 광학 렌즈 및 광학 요소 제조업",제조업,"의료, 정밀, 광학 기기 및 시계 제조업",사진장비 및 광학 기기 제조업,사진장비 및 광학기기 제조업,27301,광학 렌즈 및 광학 요소 제조업,"규소수지, 플라스틱 물질 및 기타 재료로 광섬유, 편광재료제의 판 및 기타 재료를 광학적으로 연마 및 가공하여 각종 광학 요소를 제조하 는 산업활동을 말한다.",광섬유 제조|프리즘 제조|광학용품 제조|반사경 제조|편광재료제의 판 제조|렌즈 제조,"광학적 연마가공을 하지 않은 유리생지 제조|광섬유 케이블 제조|카메라, 영사기, 사진기용 대물렌즈 제조|콘택트 렌즈 제조|안경 렌즈 제조",,광섬유|프리즘|광학용품|반사경|편광재료제의 판|렌즈,제조|가공,,KSIC 11차 (2024),True
332004,기타 광학기기 및 사진기 제조업,"제조업 > 의료, 정밀, 광학 기기 및 시계 제조업 > 사진장비 및 광학 기기 제조업 > 사진장비 및 광학기기 제조업 > 기타 광학기기 및 사진기 제조업",제조업,"의료, 정밀, 광학 기기 및 시계 제조업",사진장비 및 광학 기기 제조업,사진장비 및 광학기기 제조업,27309,기타 광학기기 및 사진기 제조업,"정물 사진기 및 영화 촬영기, 영사기 및 이들의 부분품, 사진실용 또 는 영사실용의 장비, 기타 광학 기기 및 그 부분품을 제조하는 산업 활동을 말한다.","마이크로 피시 리더 제조|마이크로 폼 리더 제조|환등기 제조|마이크로 필름 리더 제조|대물렌즈 제조(사진기, 영사기용)|영사용 스크린 제조|사진 노광용 기기 제조|사진 노출용 기기 제조|사진 확대기 및 축소기 제조|빔 프로젝터 제조|OHP 프로젝터 제조|일반용 카메라 제조(방송 및 비디오용 제외)|가정용 디지털 카메라 제조|쌍안 확대경 제조|광학 천체 관측용 기기 제조|광학 망원경 제조|광학 현미경 제조|화기(火器)용 조정기 제조|잠망경 제조|광학 라이트빔 신호기 제조|수지식 확대경 제조|레이저 기기 제조(레이저 다이오드 제외)","사진 섬광 전구 제조|사진실용 용기류는 재료에 따라 각각 분류|방송용 카메라, 폐쇄회로 카메라 제조|가정용 비디오 카메라 제조|비광학식 현미경 제조|액정 디스플레이 제조",,"마이크로 피시 리더|마이크로 폼 리더|환등기|마이크로 필름 리더|대물렌즈 제조(사진기, 영사기용)|영사용 스크린|사진 노광용 기기|사진 노출용 기기|사진 확대기 및 축소기|빔 프로젝터|OHP 프로젝터|일반용 카메라 제조(방송 및 비디오용 제외)|가정용 디지털 카메라|쌍안 확대경|광학 천체 관측용 기기",제조|방송,,KSIC 11차 (2024),True
333000,시계 및 시계 부품 제조업,"제조업 > 의료, 정밀, 광학 기기 및 시계 제조업 > 측정, 시험, 항해, 제어 및 기타 정밀기기 제조업; 광학기기 제외 > 시계 및 시계 부품 제조업",제조업,"의료, 정밀, 광학 기기 및 시계 제조업","측정, 시험, 항해, 제어 및 기타 정밀기기 제조업; 광학기기 제외",시계 및 시계 부품 제조업,27220,시계 및 시계 부품 제조업,"수동, 전기, 축전기 등의 동력원에 의하여 작동되는 각종 시계, 기타 시각 기록 및 측정장치를 제조하는 산업활동을 말한다. 시계 작동부 의 제조활동과 각종 시계 케이스 및 기타 시계 부품을 제조하는 산업 활동도 포함한다.",회중시계 제조|시계 작동부 제조|전자시계 제조|타임 스위치 제조|금속제 시곗줄 제조|시계 부품 제조|시계 케이스 제조,가죽제 시곗줄 제조|시계 유리 제조|전자시계용 전자 부품 제조,,회중시계|시계 작동부|전자시계|타임 스위치|금속제 시곗줄|시계 부품|시계 케이스,제조|측정,,KSIC 11차 (2024),True
341001,내연기관 화물자동차 및 특수목적용 자동차 제조업,제조업 > 자동차 및 트레일러 제조업 > 자동차용 엔진 및 자동차 제조업 > 자동차 제조업 > 내연기관 화물자동차 및 특수목적용 자동차 제조업,제조업,자동차 및 트레일러 제조업,자동차용 엔진 및 자동차 제조업,자동차 제조업,30123 | 30124,내연기관 화물자동차 및 특수목적용 자동차 제조업 | 전기 화물자동차 및 특수목적용 전기 자동차 제조업,"내연기관이 주동력인 화물 자동차, 세미 트레일러(semi-trailer) 견인 용의 도로 주행식 트랙터(tractor) 등 화물 운송용 완성차, 각종 특수 목적용 완성차를 제조하는 산업활동을 말하며, 화물 운송용 및 특수 목적용으로 사용되는 내연기관용 엔진을 갖춘 섀시(chassis)를 직접 제조하는 경우를 포함한다. / 전기에너지가 주동력인 화물 자동차, 세미 트레일러(semi-trailer) 견 인용의 도로 주행식 트랙터(tractor) 등 화물 운송용 완성차, 각종 특 수 목적용 완성차를 제조하는 산업활동을 말한다.",기중기차 제조|도로 주행용 덤프 트럭 제조|소방차 제조|특수 목적용 자동차 제조(승용 제외)|도로 청소차 제조|콘크리트 믹서 운반차 제조|이동 공작차 제조|살포차 제조|이동 방송차 제조|구난차 제조|전기 기중기차 제조|도로 주행용 전기 덤프 트럭 제조|전기 소방차 제조|특수 목적용 전기 자동차 제조(승용 제외)|도로 전기 청소차 제조|전기 콘크리트 믹서 운반차 제조|전기 이동 공작차 제조|전기 살포차 제조|전기 이동 방송차 제조|전기 구난차 제조,,,기중기차|도로 주행용 덤프 트럭|소방차|특수 목적용 자동차 제조(승용 제외)|도로 청소차|콘크리트 믹서 운반차|이동 공작차|살포차|이동 방송차|구난차|전기 기중기차|도로 주행용 전기 덤프 트럭|전기 소방차|특수 목적용 전기 자동차 제조(승용 제외)|도로 전기 청소차,제조|운송|방송|청소,,KSIC 11차 (2024),True
341003,자동차용 엔진 제조업,제조업 > 자동차 및 트레일러 제조업 > 자동차용 엔진 및 자동차 제조업 > 자동차용 엔진 제조업,제조업,자동차 및 트레일러 제조업,자동차용 엔진 및 자동차 제조업,자동차용 엔진 제조업,30110,자동차용 엔진 제조업,"도로 주행용 차량, 트랙터, 작업 트럭 및 장갑 차량용의 내연기관을 제조하는 산업활동을 말한다.",압축 점화식 내연기관 제조|왕복식 피스톤 내연기관 제조|불꽃 점화식 내연기관 제조|회전식 피스톤 내연기관 제조,,,압축 점화식 내연기관|왕복식 피스톤 내연기관|불꽃 점화식 내연기관|회전식 피스톤 내연기관,제조,,KSIC 11차 (2024),True
341004,내연기관 승용차 및 기타 여객용 자동차 제조,제조업 > 자동차 및 트레일러 제조업 > 자동차용 엔진 및 자동차 제조업 > 자동차 제조업 > 내연기관 승용차 및 기타 여객용 자동차 제조,제조업,자동차 및 트레일러 제조업,자동차용 엔진 및 자동차 제조업,자동차 제조업,30121 | 30122,내연기관 승용차 및 기타 여객용 자동차 제조 | 전기 승용차 및 기타 여객용 전기 자동차 제조업,"내연기관이 주동력인 승용차, 버스 및 기타 승용으로 제작된 완성차 를 제조하거나 내연기관용 엔진이 결합된 여객용 자동차 섀시를 제조 하는 산업활동을 말한다. / 전기에너지가 주동력인 승용차, 버스 및 기타 승용으로 제작된 완성 차를 제조하는 산업활동을 말한다.",설상용 승용차량 제조|골프용 차량 제조|특수 목적용 승용차 제조|대중 수송용 자동차 제조|스테이션 왜건 제조|구급차 제조|설상용 전기 승용차량 제조|골프용 전기 차량 제조|특수 목적용 전기 승용차 제조|대중 수송용 전기 자동차 제조|전기 자동차인 스테이션 왜건 제조|전기 구급차 제조,,,설상용 승용차량|골프용 차량|특수 목적용 승용차|대중 수송용 자동차|스테이션 왜건|구급차|설상용 전기 승용차량|골프용 전기 차량|특수 목적용 전기 승용차|대중 수송용 전기 자동차|전기 자동차인 스테이션 왜건|전기 구급차,제조|제작,,KSIC 11차 (2024),True
342000,트레일러 및 세미 트레일러 제조업,제조업 > 자동차 및 트레일러 제조업 > 자동차 차체 및 트레일러 제조업 > 트레일러 및 세미 트레일러 제조업,제조업,자동차 및 트레일러 제조업,자동차 차체 및 트레일러 제조업,자동차 차체 및 트레일러 제조업,30203,트레일러 및 세미 트레일러 제조업,"각종 자동차에 의하여 견인될 수 있도록 설계된 트레일러, 세미 트레 일러 및 상품 운송용으로 설계, 제작되고 특수 구조를 갖춘 컨테이너 를 제조하는 산업활동을 말한다.",트레일러 제조|트레일러 부분품 제조|차량용 컨테이너 제조|리프트용 운반 컨테이너 제조,건물용 컨테이너 제조,,트레일러|트레일러 부분품|차량용 컨테이너|리프트용 운반 컨테이너,제조|운송|제작|설계,,KSIC 11차 (2024),True
342001,차체 및 특장차 제조업,제조업 > 자동차 및 트레일러 제조업 > 자동차 차체 및 트레일러 제조업 > 차체 및 특장차 제조업,제조업,자동차 및 트레일러 제조업,자동차 차체 및 트레일러 제조업,자동차 차체 및 트레일러 제조업,30201,차체 및 특장차 제조업,각종 자동차의 차체를 제조하거나 엔진이 결합된 섀시(chassis)에 특 정 목적용의 차체를 결합하여 특장차를 제조하는 산업활동을 말한다. 여기에는 구입한 섀시에 특장을 결합하는 활동을 포함한다.,자동차 차체 제조|여객 운송용 특장차 제조|소방차 특장 제조|농업용 살포차 특장 제조|기중기차 특장 제조|특수목적용 차량 특장 제조|특수 운송차량 특장 제조|콘크리트 믹서 운반차 특장 제조,차체용 신품 부품 및 부속품 제조,,자동차 차체|여객 운송용 특장차|소방차 특장|농업용 살포차 특장|기중기차 특장|특수목적용 차량 특장|특수 운송차량 특장|콘크리트 믹서 운반차 특장,제조|운송,,KSIC 11차 (2024),True
342002,자동차 구조 및 장치 변경업,제조업 > 자동차 및 트레일러 제조업 > 자동차 차체 및 트레일러 제조업 > 자동차 구조 및 장치 변경업,제조업,자동차 및 트레일러 제조업,자동차 차체 및 트레일러 제조업,자동차 차체 및 트레일러 제조업,30202,자동차 구조 및 장치 변경업,"각종 자동차의 성능 향상을 위한 구조 변경과 적재․승차장치 구조를 변경하는 산업활동을 말한다. 엔진 출력 향상은 연소실 압축비 변경, 라디에이터, 오일 펌프 등 관련 부품 또는 장치를 변경하는 작업을 포함하며, 그 외 제동장치, 현가장치, 냉각장치, 섀시, 차량 중량 등 기본 설계 기준을 재설계하여 주행 성능, 제동 성능, 조정 안전성 등 을 향상시키거나 구조, 장치 및 부품 소재(티타늄, 카본 파이버, 우레 탄 등)까지 변경하는 작업을 포함하며, 자동차 전ㆍ후 축의 중량 및 길이ㆍ너비ㆍ높이 등을 변경하는 작업도 포함한다.",,,,자동차 구조 및 장치 변경업,설계,,KSIC 11차 (2024),True
343000,그 외 자동차용 신품 부품 제조업,제조업 > 자동차 및 트레일러 제조업 > 자동차 신품 부품 제조업 > 자동차용 기타 신품 부품 제조업 > 그 외 자동차용 신품 부품 제조업,제조업,자동차 및 트레일러 제조업,자동차 신품 부품 제조업,자동차용 기타 신품 부품 제조업,30399,그 외 자동차용 신품 부품 제조업,기타 자동차용 신품 부품을 제조하는 산업활동을 말한다.,에어백 조립품 제조|자동차용 방열기 제조|소음기 제조|냉각장치 제조|보기륜(로드휠) 및 그 부분품 제조|배기관 제조|연료탱크 제조|차륜 제조|안전벨트 제조|조립된 자동차용 섀시 프레임 제조,,,에어백 조립품|자동차용 방열기|소음기|냉각장치|보기륜(로드휠) 및 그 부분품|배기관|연료탱크|차륜|안전벨트|조립된 자동차용 섀시 프레임,제조|조립,,KSIC 11차 (2024),True
343001,자동차 엔진용 신품 부품 제조업,제조업 > 자동차 및 트레일러 제조업 > 자동차 신품 부품 제조업 > 자동차 엔진용 신품 부품 제조업,제조업,자동차 및 트레일러 제조업,자동차 신품 부품 제조업,자동차 엔진용 신품 부품 제조업,30310,자동차 엔진용 신품 부품 제조업,자동차용 내연기관의 신품 부분품 및 부속품을 제조하는 산업활동을 말한다.,"기화기(카뷰레터) 제조|피스톤 제조|피스톤 링 및 밸브 제조|엔진 부분품 제조|엔진용 냉각장치 제조|배기장치(밸브, 매니폴드 등) 제조|실린더 블록 및 헤드 제조",연료,,"기화기(카뷰레터)|피스톤|피스톤 링 및 밸브|엔진 부분품|엔진용 냉각장치|배기장치(밸브, 매니폴드 등)|실린더 블록 및 헤드",제조,,KSIC 11차 (2024),True
343002,자동차 차체용 신품 부품 제조업,제조업 > 자동차 및 트레일러 제조업 > 자동차 신품 부품 제조업 > 자동차 차체용 신품 부품 제조업,제조업,자동차 및 트레일러 제조업,자동차 신품 부품 제조업,자동차 차체용 신품 부품 제조업,30320,자동차 차체용 신품 부품 제조업,자동차 차체를 구성하는 각종 신품 부분품을 제조하는 산업활동을 말 한다.,"자동차용 조립 패널 제조|자동차용 보닛(덮개) 제조|차량용 문짝(도어) 제조|범퍼 제조|계기반(dashboard) 조립품 제조(자동차용)|자동차 도어, 천장, 트렁크 제조",,,"자동차용 조립 패널|자동차용 보닛(덮개)|차량용 문짝(도어)|범퍼|계기반(dashboard) 조립품 제조(자동차용)|자동차 도어, 천장, 트렁크",제조|조립,,KSIC 11차 (2024),True
343003,자동차용 신품 동력 전달장치 제조업,제조업 > 자동차 및 트레일러 제조업 > 자동차 신품 부품 제조업 > 자동차용 신품 동력 전달장치 및 전기장치 제조업 > 자동차용 신품 동력 전달장치 제조업,제조업,자동차 및 트레일러 제조업,자동차 신품 부품 제조업,자동차용 신품 동력 전달장치 및 전기장치 제조업,30331,자동차용 신품 동력 전달장치 제조업,"기어, 클러치, 수동 및 자동 변속기, 구동 축 등 자동차 신품 동력 전 달장치를 제조하는 산업활동을 말한다.",기어 및 수동|자동 변속기 제조|클러치 및 부분품 제조|구동 차축 제조,,,기어 및 수동|자동 변속기|클러치 및 부분품|구동 차축,제조,,KSIC 11차 (2024),True
343004,자동차용 신품 전기장치 제조업,제조업 > 자동차 및 트레일러 제조업 > 자동차 신품 부품 제조업 > 자동차용 신품 동력 전달장치 및 전기장치 제조업 > 자동차용 신품 전기장치 제조업,제조업,자동차 및 트레일러 제조업,자동차 신품 부품 제조업,자동차용 신품 동력 전달장치 및 전기장치 제조업,30332,자동차용 신품 전기장치 제조업,"시동 및 점화장치, 배선장치, 전압 조절기 등의 차량용 신품 전기장치 를 제조하는 산업활동을 말한다.","자동차용 발전기 제조|자동차용 교류기 제조|점화 플러그 제조|점화 배선 제조|파워 윈도우 시스템 제조|제무기, 제상기, 와이퍼 제조|차량용 전압 조절기 제조|자동차용 크랭크 회전식 모터 제조",자동차 이외의 내연기관용 전기장치 제조|차량용 조명장치 제조,,"자동차용 발전기|자동차용 교류기|점화 플러그|점화 배선|파워 윈도우 시스템|제무기, 제상기, 와이퍼|차량용 전압 조절기|자동차용 크랭크 회전식 모터",제조,,KSIC 11차 (2024),True
343005,자동차용 신품 조향장치 및 현가장치 제조업,제조업 > 자동차 및 트레일러 제조업 > 자동차 신품 부품 제조업 > 자동차용 기타 신품 부품 제조업 > 자동차용 신품 조향장치 및 현가장치 제조업,제조업,자동차 및 트레일러 제조업,자동차 신품 부품 제조업,자동차용 기타 신품 부품 제조업,30391,자동차용 신품 조향장치 및 현가장치 제조업,"자동차용 완충기, 서스펜션, 운전대 등 신품 조향장치, 현가장치 및 관련 부속품을 제조하는 산업활동을 말한다.","완충기, 서스펜션 및 부분품 제조|운전대 및 운전 박스 제조|기타 조향장치 제조|기타 현가장치 제조",,,"완충기, 서스펜션 및 부분품|운전대 및 운전 박스|기타 조향장치|기타 현가장치",제조,,KSIC 11차 (2024),True
343006,자동차용 신품 제동장치 제조업,제조업 > 자동차 및 트레일러 제조업 > 자동차 신품 부품 제조업 > 자동차용 기타 신품 부품 제조업 > 자동차용 신품 제동장치 제조업,제조업,자동차 및 트레일러 제조업,자동차 신품 부품 제조업,자동차용 기타 신품 부품 제조업,30392,자동차용 신품 제동장치 제조업,자동차용 브레이크 등 신품 제동장치 및 관련 부속품을 제조하는 산 업활동을 말한다.,자동차용 브레이크 및 관련 부분품 제조|자동차용 전자 제어식 제동장치(ABS) 제조|제동장치 및 부분품 제조,,,자동차용 브레이크 및 관련 부분품|자동차용 전자 제어식 제동장치(ABS)|제동장치 및 부분품,제조,,KSIC 11차 (2024),True
343007,자동차 재제조 부품 제조업,제조업 > 자동차 및 트레일러 제조업 > 자동차 재제조 부품 제조업,제조업,자동차 및 트레일러 제조업,자동차 재제조 부품 제조업,자동차 재제조 부품 제조업,30400,자동차 재제조 부품 제조업,"중고 부품 등 재활용 가능 자원을 완전 분해, 내부 세척, 검사, 부품 교체 및 조정, 수리, 재조립 등 일련의 재제조 과정을 거쳐 신품 성능 을 유지할 수 있는 상태로 만드는 산업활동을 말한다.",자동차 엔진 및 차체 재제조 부품 제조|자동차 재제조 동력 전달장치|전기장치|제동장치|현가장치|조 향장치 및 기타 재제조 부품 제조,,,자동차 엔진 및 차체 재제조 부품|자동차 재제조 동력 전달장치|전기장치|제동장치|현가장치|조 향장치 및 기타 재제조 부품,제조|조립|재활|검사|수리,,KSIC 11차 (2024),True
351101,강선 건조업,제조업 > 기타 운송장비 제조업 > 선박 및 보트 건조업 > 선박 및 수상 부유 구조물 건조업 > 강선 건조업,제조업,기타 운송장비 제조업,선박 및 보트 건조업,선박 및 수상 부유 구조물 건조업,31111,강선 건조업,"선박 제조․수리시설을 갖추고, 철강을 사용하여 화물 및 여객 운송 용, 어업 및 어획물 가공용, 군사용 선박 및 보트를 건조․수리하는 산업활동을 말한다.","유조선 제조|군함 제조|화물 및 여객 운송용 강선 제조|화물 및 수산물 운반용 냉동선 제조|구명 보트 제조|예인선 및 푸셔 크라프트 제조|페리 보트(도선) 제조|어선 및 어획물 가공용, 저장용 선박 제조",,,"유조선|군함|화물 및 여객 운송용 강선|화물 및 수산물 운반용 냉동선|구명 보트|예인선 및 푸셔 크라프트|페리 보트(도선)|어선 및 어획물 가공용, 저장용 선박",어업|제조|가공|운송|수리,,KSIC 11차 (2024),True
351102,기타 선박 건조업,제조업 > 기타 운송장비 제조업 > 선박 및 보트 건조업 > 선박 및 수상 부유 구조물 건조업 > 기타 선박 건조업,제조업,기타 운송장비 제조업,선박 및 보트 건조업,선박 및 수상 부유 구조물 건조업,31113,기타 선박 건조업,"선박 제조․수리시설을 갖추고, 철강 및 합성수지 이외의 비철금속 등을 사용하여 화물 및 여객 운송용, 어업 및 어획물 가공용, 군사용 선박 및 보트를 건조ㆍ수리하는 산업활동을 말한다. 각종 재료로 준 설선, 병원선, 학술 연구선, 시험선 등 특수 목적용 선박과 시추대 및 기타 수상 부유 작업대, 수상 구조물 및 기타 비항해용 선박을 건 조․수리하는 산업활동도 포함한다.",준설선 제조|병원선 제조|학술 연구선 및 시험선 제조|해난 구조선 제조|소방선 제조|비항해용 선박 제조|수상 구조물 제조|수상 작업대 제조|물에 뜨는 구조물 제조|수상 부유 작업대 제조,,목선,준설선|병원선|학술 연구선 및 시험선|해난 구조선|소방선|비항해용 선박|수상 구조물|수상 작업대|물에 뜨는 구조물|수상 부유 작업대,어업|제조|가공|운송|연구|시험|수리,,KSIC 11차 (2024),True
351103,선박 구성 부분품 제조업,제조업 > 기타 운송장비 제조업 > 선박 및 보트 건조업 > 선박 및 수상 부유 구조물 건조업 > 선박 구성 부분품 제조업,제조업,기타 운송장비 제조업,선박 및 보트 건조업,선박 및 수상 부유 구조물 건조업,31114,선박 구성 부분품 제조업,각종 선박 또는 수상 부유 구조물의 구성 부분품을 제조하는 산업활 동을 말한다.,선박 구성 부분품 제조|수상 부유 구조물 구성 부분품 제조,,,선박 구성 부분품|수상 부유 구조물 구성 부분품,제조,,KSIC 11차 (2024),True
351104,금속류 해체 및 선별업,"수도, 하수 및 폐기물 처리, 원료 재생업 > 폐기물 수집, 운반, 처리 및 원료 재생업 > 해체, 선별 및 원료 재생업 > 금속류 해체, 선별 및 원료 재생업 > 금속류 해체 및 선별업","수도, 하수 및 폐기물 처리, 원료 재생업","폐기물 수집, 운반, 처리 및 원료 재생업","해체, 선별 및 원료 재생업","금속류 해체, 선별 및 원료 재생업",38311,금속류 해체 및 선별업,"금속을 함유한 폐기물, 스크랩, 기타 폐품 등을 원료 재생 목적으로 해체, 절단, 압축하거나, 연속적으로 투입되는 혼합 폐기물로부터 재 활용이 가능한 금속 원료 물질을 단순 분리, 분류, 회수하는 산업활동 을 말한다.",,재생용 재료 도매업,선박해체,금속류 해체 및 선별업,해체,,KSIC 11차 (2024),True
351105,기타 선박 건조업,제조업 > 기타 운송장비 제조업 > 선박 및 보트 건조업 > 선박 및 수상 부유 구조물 건조업 > 기타 선박 건조업,제조업,기타 운송장비 제조업,선박 및 보트 건조업,선박 및 수상 부유 구조물 건조업,31113,기타 선박 건조업,"선박 제조․수리시설을 갖추고, 철강 및 합성수지 이외의 비철금속 등을 사용하여 화물 및 여객 운송용, 어업 및 어획물 가공용, 군사용 선박 및 보트를 건조ㆍ수리하는 산업활동을 말한다. 각종 재료로 준 설선, 병원선, 학술 연구선, 시험선 등 특수 목적용 선박과 시추대 및 기타 수상 부유 작업대, 수상 구조물 및 기타 비항해용 선박을 건 조․수리하는 산업활동도 포함한다.",준설선 제조|병원선 제조|학술 연구선 및 시험선 제조|해난 구조선 제조|소방선 제조|비항해용 선박 제조|수상 구조물 제조|수상 작업대 제조|물에 뜨는 구조물 제조|수상 부유 작업대 제조,,"쇄빙선,공장선 및 특수선박",준설선|병원선|학술 연구선 및 시험선|해난 구조선|소방선|비항해용 선박|수상 구조물|수상 작업대|물에 뜨는 구조물|수상 부유 작업대,어업|제조|가공|운송|연구|시험|수리,,KSIC 11차 (2024),True
351106,합성수지선 건조업,제조업 > 기타 운송장비 제조업 > 선박 및 보트 건조업 > 선박 및 수상 부유 구조물 건조업 > 합성수지선 건조업,제조업,기타 운송장비 제조업,선박 및 보트 건조업,선박 및 수상 부유 구조물 건조업,31112,합성수지선 건조업,"선박 제조․수리시설을 갖추고, 주로 합성수지를 사용하여 화물 및 여객 운송용, 어업 및 어획물 가공용, 군사용 선박 및 보트를 건조ㆍ 수리하는 산업활동을 말한다.",합성수지선 건조,,,합성수지선 건조,어업|제조|가공|운송|수리,,KSIC 11차 (2024),True
351107,기타 선박 건조업,제조업 > 기타 운송장비 제조업 > 선박 및 보트 건조업 > 선박 및 수상 부유 구조물 건조업 > 기타 선박 건조업,제조업,기타 운송장비 제조업,선박 및 보트 건조업,선박 및 수상 부유 구조물 건조업,31113,기타 선박 건조업,"선박 제조․수리시설을 갖추고, 철강 및 합성수지 이외의 비철금속 등을 사용하여 화물 및 여객 운송용, 어업 및 어획물 가공용, 군사용 선박 및 보트를 건조ㆍ수리하는 산업활동을 말한다. 각종 재료로 준 설선, 병원선, 학술 연구선, 시험선 등 특수 목적용 선박과 시추대 및 기타 수상 부유 작업대, 수상 구조물 및 기타 비항해용 선박을 건 조․수리하는 산업활동도 포함한다.",준설선 제조|병원선 제조|학술 연구선 및 시험선 제조|해난 구조선 제조|소방선 제조|비항해용 선박 제조|수상 구조물 제조|수상 작업대 제조|물에 뜨는 구조물 제조|수상 부유 작업대 제조,,,준설선|병원선|학술 연구선 및 시험선|해난 구조선|소방선|비항해용 선박|수상 구조물|수상 작업대|물에 뜨는 구조물|수상 부유 작업대,어업|제조|가공|운송|연구|시험|수리,,KSIC 11차 (2024),True
351200,오락 및 스포츠용 보트 건조업,제조업 > 기타 운송장비 제조업 > 선박 및 보트 건조업 > 오락 및 스포츠용 보트 건조업,제조업,기타 운송장비 제조업,선박 및 보트 건조업,오락 및 스포츠용 보트 건조업,31120,오락 및 스포츠용 보트 건조업,"모터, 풍력, 페달, 노에 의하여 추진될 수 있는 카누, 범선, 요트 및 이와 유사한 보트를 건조하는 산업활동을 말한다. 노로 추진되는 소 형 범선 및 구명정 등의 건조도 포함한다.",유람용 보트 제조|경기용 선박 제조|운동용 선박 제조|카약 제조|구명정(노 추진식) 제조|커터 제조|낚시용 보트 제조,,,유람용 보트|경기용 선박|운동용 선박|카약|구명정(노 추진식)|커터|낚시용 보트,제조|스포츠|오락,,KSIC 11차 (2024),True
352000,철도 차량 부품 및 관련 장치물 제조업,제조업 > 기타 운송장비 제조업 > 철도장비 제조업 > 철도 차량 부품 및 관련 장치물 제조업,제조업,기타 운송장비 제조업,철도장비 제조업,철도장비 제조업,31202,철도 차량 부품 및 관련 장치물 제조업,"기관차 및 철도 차량 전용 부품을 제조하는 산업활동과 철도, 도로, 주차시설, 항만 등에서 사용되는 기계식 및 전자 기계식의 교통 안전 용 기기 및 통제용 기기를 제조하는 산업활동을 말한다.",철도 차량 전용 부품 제조|전철기 제조|막대식 교통 통제기 제조|철도 차량용 의자(시트) 제조,조립되지 않은 레일 제조|압형 또는 단조 금속제품 제조|차량용 일반 철물 제조|철도 기관차용 엔진 및 터빈 제조,,철도 차량 전용 부품|전철기|막대식 교통 통제기|철도 차량용 의자(시트),제조,,KSIC 11차 (2024),True
352001,기관차 및 기타 철도 차량 제조업,제조업 > 기타 운송장비 제조업 > 철도장비 제조업 > 기관차 및 기타 철도 차량 제조업,제조업,기타 운송장비 제조업,철도장비 제조업,철도장비 제조업,31201,기관차 및 기타 철도 차량 제조업,철도 및 궤도용의 기관차 및 기타 철도 차량을 제조하는 산업활동을 말한다. 자주식 또는 비자주식의 것도 포함한다.,객차 제조|화차 제조|철도 차량 제조|유지|보수용 철도 차량 제조,,,객차|화차|철도 차량|유지|보수용 철도 차량,제조,,KSIC 11차 (2024),True
353000,항공기용 부품 제조업,"제조업 > 기타 운송장비 제조업 > 항공기, 우주선 및 부품 제조업 > 항공기용 엔진 및 부품 제조업 > 항공기용 부품 제조업",제조업,기타 운송장비 제조업,"항공기, 우주선 및 부품 제조업",항공기용 엔진 및 부품 제조업,31322,항공기용 부품 제조업,"항공기 및 우주 비행체의 동체 및 그 부분품, 프로펠러, 회전 날개, 바퀴통 등의 항공기 전용부품, 우주선 및 우주선 운반 로켓의 전용 부품 등을 제조하는 산업활동을 말한다.",항공기 엔진용 부품 제조|항공기 갑판 착륙장치용 부품 제조|항공기 발진장치용 부품 제조|항공기 보조장치용 부품 제조|항공기용 의자(시트) 제조,,,항공기 엔진용 부품|항공기 갑판 착륙장치용 부품|항공기 발진장치용 부품|항공기 보조장치용 부품|항공기용 의자(시트),제조,,KSIC 11차 (2024),True
353001,"유인 항공기, 항공 우주선 및 보조장치 제조업","제조업 > 기타 운송장비 제조업 > 항공기, 우주선 및 부품 제조업 > 항공기, 우주선 및 보조장치 제조업 > 유인 항공기, 항공 우주선 및 보조장치 제조업",제조업,기타 운송장비 제조업,"항공기, 우주선 및 부품 제조업","항공기, 우주선 및 보조장치 제조업",31311,"유인 항공기, 항공 우주선 및 보조장치 제조업","사람에 의해 조종되는 동력ㆍ비동력 항공기, 비행선, 활공 기구 및 우 주선, 기타 우주 비행체, 우주선 운반용 로켓 등을 제조․재제조 및 개조하는 산업활동을 말한다. 여기에는 우주선 발진장치 및 갑판 착 륙장치 또는 이와 유사한 장치, 지상 비행훈련 장치를 제조․재제조 및 개조하는 활동도 포함한다.",활공기 제조|비행용 기구 제조|인공위성 제조(각종용)|무동력 항공기 제조|지상 비행훈련 장치 제조|패러글라이딩 제조|대륙간 탄도 미사일 및 유사 미사일 제조,"취미, 스포츠용 무인 항공기 제조",,활공기|비행용 기구|인공위성 제조(각종용)|무동력 항공기|지상 비행훈련 장치|패러글라이딩|대륙간 탄도 미사일 및 유사 미사일,제조|훈련,,KSIC 11차 (2024),True
353002,무인 항공기 및 무인 비행장치 제조업,"제조업 > 기타 운송장비 제조업 > 항공기, 우주선 및 부품 제조업 > 항공기, 우주선 및 보조장치 제조업 > 무인 항공기 및 무인 비행장치 제조업",제조업,기타 운송장비 제조업,"항공기, 우주선 및 부품 제조업","항공기, 우주선 및 보조장치 제조업",31312,무인 항공기 및 무인 비행장치 제조업,"조종사를 태우지 않고, 공기 역학적 힘에 의해 부양하여 자율적으로 또는 원격 조종으로 시계 밖 비행이 가능하며, 각종 장비를 장착하여 통신, 정보 중계, 감시, 물품 이송 등에 사용하는 일회용 또는 재사용 할 수 있는 동력 항공기 및 비행장치를 제조하는 산업활동을 말한다. 스포츠 또는 취미용 비행 목적으로만 사용하는 소형 무인 비행장치는 제외한다.","무인 항공기(드론, drone) 제조|무인 비행장치 제조","취미, 스포츠용 무인 비행장치 제조",,"무인 항공기(드론, drone)|무인 비행장치",제조|통신|스포츠|미용,,KSIC 11차 (2024),True
353003,항공기용 엔진 제조업,"제조업 > 기타 운송장비 제조업 > 항공기, 우주선 및 부품 제조업 > 항공기용 엔진 및 부품 제조업 > 항공기용 엔진 제조업",제조업,기타 운송장비 제조업,"항공기, 우주선 및 부품 제조업",항공기용 엔진 및 부품 제조업,31321,항공기용 엔진 제조업,"비행기 또는 우주 비행체용의 모터 및 엔진을 제조․개조하는 산업활 동을 말한다. 각종 용도의 반동기관, 터보 프로펠러기관을 제조하는 산업활동도 포함한다.",반동기관 제조|항공기용 내연기관 제조|터보 제트기관 제조|램제트 및 펄스제트 엔진 제조,항공기 엔진용 부품 제조,,반동기관|항공기용 내연기관|터보 제트기관|램제트 및 펄스제트 엔진,제조,,KSIC 11차 (2024),True
359100,모터사이클 제조업,제조업 > 기타 운송장비 제조업 > 그 외 기타 운송장비 제조업 > 모터사이클 및 개인용 전기식 이동수단 제조업 > 모터사이클 제조업,제조업,기타 운송장비 제조업,그 외 기타 운송장비 제조업,모터사이클 및 개인용 전기식 이동수단 제조업,31921 | 31922,모터사이클 제조업 | 개인용 전기식 이동수단 제조업,"발동기가 달린 자전거(모페드), 모터사이클(이륜 자동차), 모터사이클 용 엔진, 사이드카 등의 모터사이클을 제조하는 산업활동을 말한다.",모터사이클 제조|모페드(발동기가 달린 자전거) 제조|오토바이 제조|사이드카 제조,자전거 및 환자용 자동 차량 제조,,모터사이클|모페드(발동기가 달린 자전거)|오토바이|사이드카,제조,,KSIC 11차 (2024),True
359200,자전거 및 환자용 차량 제조업,제조업 > 기타 운송장비 제조업 > 그 외 기타 운송장비 제조업 > 그 외 기타 분류 안된 운송장비 제조업 > 자전거 및 환자용 차량 제조업,제조업,기타 운송장비 제조업,그 외 기타 운송장비 제조업,그 외 기타 분류 안된 운송장비 제조업,31991,자전거 및 환자용 차량 제조업,한개 이상의 바퀴가 장착된 각종 비동력 자전거 및 환자용 차량을 제 조하는 산업활동을 말한다.,배달용 삼륜 자전거 제조|신체 장애자용 운송장비 제조|환자용 운송장비 제조(동력식 또는 비동력식 포함)|유모차 제조,어린이용 삼륜 자전거 제조,,배달용 삼륜 자전거|신체 장애자용 운송장비|환자용 운송장비 제조(동력식 또는 비동력식 포함)|유모차,제조|운송|배달,,KSIC 11차 (2024),True
359201,전투용 차량 제조업,제조업 > 기타 운송장비 제조업 > 그 외 기타 운송장비 제조업 > 전투용 차량 제조업,제조업,기타 운송장비 제조업,그 외 기타 운송장비 제조업,전투용 차량 제조업,31910,전투용 차량 제조업,탱크 및 장갑 차량 등 전투용 차량을 제조하는 산업활동을 말한다.,전차 제조|장갑 차량 제조|탱크 제조,무기 및 총포탄 제조,,전차|장갑 차량|탱크,제조,,KSIC 11차 (2024),True
359202,그 외 기타 달리 분류되지 않은 운송장비 제조업,제조업 > 기타 운송장비 제조업 > 그 외 기타 운송장비 제조업 > 그 외 기타 분류 안된 운송장비 제조업 > 그 외 기타 달리 분류되지 않은 운송장비 제조업,제조업,기타 운송장비 제조업,그 외 기타 운송장비 제조업,그 외 기타 분류 안된 운송장비 제조업,31999,그 외 기타 달리 분류되지 않은 운송장비 제조업,"동물 견인 차량, 상여 등 달리 분류되지 않은 운송장비를 제조하는 산업활동을 말한다.",손수레 제조|운송용 썰매 제조|우마차 제조|바퀴 달린 운반용 통 제조|매장 등에 사용되는 카트 제조,"환자용 차량 제조|운동용 썰매, 스케이트 제조",,손수레|운송용 썰매|우마차|바퀴 달린 운반용 통|매장 등에 사용되는 카트,제조|운송,,KSIC 11차 (2024),True
361001,금속 가구 제조업,제조업 > 가구 제조업 > 기타 가구 제조업 > 금속 가구 제조업,제조업,가구 제조업,가구 제조업,기타 가구 제조업,32091,금속 가구 제조업,"주방용 및 목욕탕용, 실내용 또는 실외용 등 금속 가구, 금속 캐비닛 제 및 유사 장치물을 제조하는 산업활동을 말한다. 조",금속 가구 제조|금속 캐비닛 제조|금속제 침대 제조|내장 침대용 금속제 프레임(틀) 제조,가구용 철물 제조|가구 이외의 사무용 금속제품 제조|금속 틀을 가진 내장가구 제조,,금속 가구|금속 캐비닛|금속제 침대|내장 침대용 금속제 프레임(틀),제조,,KSIC 11차 (2024),True
361002,기타 목재 가구 제조업,제조업 > 가구 제조업 > 목재 가구 제조업 > 기타 목재 가구 제조업,제조업,가구 제조업,가구 제조업,목재 가구 제조업,32029,기타 목재 가구 제조업,"기타 용도의 목재 가구, 캐비닛 및 관련 장치물을 제조하는 산업활동 을 말한다. 장식용 패각 또는 옥돌 등 장식용 재료를 세공하여 장식 하거나 옻칠 등을 하여 각종 나전칠기 가구를 제조하는 산업활동도 포함한다.",가구 제조(목제)|등 가구 제조|일반 목제 가구 제조|목제 캐비닛 제조|목제 침대 제조|내장 침대용 목제 프레임(틀) 제조|나전칠기 가구 제조,목제 틀을 갖는 내장 가구 제조|주방용 또는 음식점용 목재 가구 제조,,가구 제조(목제)|등 가구|일반 목제 가구|목제 캐비닛|목제 침대|내장 침대용 목제 프레임(틀)|나전칠기 가구,제조,,KSIC 11차 (2024),True
361003,그 외 기타 가구 제조업,제조업 > 가구 제조업 > 기타 가구 제조업 > 그 외 기타 가구 제조업,제조업,가구 제조업,가구 제조업,기타 가구 제조업,32099,그 외 기타 가구 제조업,"금속, 목제품을 제외한 기타 재료로 각종 가구 및 장치물을 제조하는 산업활동을 말한다.",플라스틱 가구 제조|플라스틱제 침대 제조|내장 침대용 플라스틱제 프레임(틀) 제조,,,플라스틱 가구|플라스틱제 침대|내장 침대용 플라스틱제 프레임(틀),제조,,KSIC 11차 (2024),True
361005,매트리스 및 침대 제조업,제조업 > 가구 제조업 > 침대 및 내장 가구 제조업 > 매트리스 및 침대 제조업,제조업,가구 제조업,가구 제조업,침대 및 내장 가구 제조업,32011,매트리스 및 침대 제조업,"금속 스프링을 결합하거나 기타 충전물을 내장한 매트리스, 매트리스 지지용 스프링 조립제품 및 매트리스를 결합한 침대를 제조하는 산업 활동을 말한다.",스프링 내장 매트리스 제조|셀룰러 고무제 매트리스 제조|셀룰러 플라스틱제 매트리스 제조|매트리스 내장 침대 제조,매트리스용으로 조립되지 않은 금속 스프링 제조,,스프링 내장 매트리스|셀룰러 고무제 매트리스|셀룰러 플라스틱제 매트리스|매트리스 내장 침대,제조|조립|리스,,KSIC 11차 (2024),True
361006,소파 및 기타 내장 가구 제조업,제조업 > 가구 제조업 > 침대 및 내장 가구 제조업 > 소파 및 기타 내장 가구 제조업,제조업,가구 제조업,가구 제조업,침대 및 내장 가구 제조업,32019,소파 및 기타 내장 가구 제조업,내장 의자 및 기타 내장 가구를 제조하는 산업활동을 말한다.,내장 의자 제조|소파 제조|침대겸용 의자 제조,매트리스 및 내장 침대 제조,,내장 의자|소파|침대겸용 의자,제조,,KSIC 11차 (2024),True
361007,주방용 및 음식점용 목재 가구 제조업,제조업 > 가구 제조업 > 목재 가구 제조업 > 주방용 및 음식점용 목재 가구 제조업,제조업,가구 제조업,가구 제조업,목재 가구 제조업,32021,주방용 및 음식점용 목재 가구 제조업,주방 또는 음식점에서 사용되는 목재 가구를 제조하는 산업활동을 말 한다.,주방 가구 제조|싱크대 제조|식탁 제조|찬장 제조,싱크대용 금속부분만을 제조하는 경우,,주방 가구|싱크대|식탁|찬장,제조|음식,,KSIC 11차 (2024),True
369101,귀금속 및 관련제품 제조업,제조업 > 기타 제품 제조업 > 귀금속 및 장신용품 제조업 > 귀금속 및 관련제품 제조업,제조업,기타 제품 제조업,귀금속 및 장신용품 제조업,귀금속 및 관련제품 제조업,33110,귀금속 및 관련제품 제조업,"구입한 천연․인조귀석, 준귀석, 진주, 금, 은 및 기타 귀금속으로 장 신구 및 세공품, 식기류, 예술 또는 경기용 메달 등을 제조 또는 세공 하는 산업활동을 말한다. 귀금속 여부를 불문한 법정 주화 및 기타 주화를 제조하는 활동을 포함한다.","귀금속 장신용품 제조|귀금속 목걸이 제조|귀금속 메달 제조|귀석 제품 제조(합성, 재생)|귀금속제 주화 제조","치과용 충전재와 살균한 봉합물 제조|연마재 제조|장식용 메달, 상패 등의 비귀금속 제품 제조|귀금속제의 시계 및 시계 부품 제조|모조 장신품 제조",,"귀금속 장신용품|귀금속 목걸이|귀금속 메달|귀석 제품 제조(합성, 재생)|귀금속제 주화",제조,,KSIC 11차 (2024),True
369200,기타 악기 및 전자 악기 제조업,제조업 > 기타 제품 제조업 > 악기 제조업 > 기타 악기 및 전자 악기 제조업,제조업,기타 제품 제조업,악기 제조업,악기 제조업,33209,기타 악기 및 전자 악기 제조업,"현악기, 각종 고유 국악기(국악용 현악기, 타악기, 관악기 등 포함), 소리가 전기․전자식으로 발생 및 증폭하도록 설계된 전자 건반 악 기, 전자 현악기 및 기타 악기를 제조하는 산업활동을 말한다.",현악기(전자 현악기 포함) 제조|하프 제조|바이올린 제조|만도린 제조|첼로 제조|기타(전자 기타 포함) 제조|국악 현악기 제조|뮤지컬(뮤직) 박스 제조|하모니카 제조|관악기 제조|리코더 제조|트럼펫 제조|트롬본 제조|휘슬 제조|목금 제조|탬버린 제조|북 제조|마라카스 제조|타악기 제조|캐스터네츠 제조|심벌즈 제조|뮤지컬 소 제조|아코디언 제조|전자 악기(건반 악기 포함) 제조,,,현악기(전자 현악기 포함)|하프|바이올린|만도린|첼로|기타(전자 기타 포함)|국악 현악기|뮤지컬(뮤직) 박스|하모니카|관악기|리코더|트럼펫|트롬본|휘슬|목금,제조|설계,,KSIC 11차 (2024),True
369201,건반 악기 제조업,제조업 > 기타 제품 제조업 > 악기 제조업 > 건반 악기 제조업,제조업,기타 제품 제조업,악기 제조업,악기 제조업,33201,건반 악기 제조업,"피아노 등 건반 현악기를 제조하는 산업활동을 말한다. 리드 오르간, 파이프 오르간을 제조하는 산업활동도 포함한다.","피아노, 하프시코드, 스피넷, 하모늄 제조|오르간, 파이프 오르간 제조",전자식 건반 현악기 제조|하모니카 제조,,"피아노, 하프시코드, 스피넷, 하모늄|오르간, 파이프 오르간",제조,,KSIC 11차 (2024),True
369202,기타 악기 및 전자 악기 제조업,제조업 > 기타 제품 제조업 > 악기 제조업 > 기타 악기 및 전자 악기 제조업,제조업,기타 제품 제조업,악기 제조업,악기 제조업,33209,기타 악기 및 전자 악기 제조업,"현악기, 각종 고유 국악기(국악용 현악기, 타악기, 관악기 등 포함), 소리가 전기․전자식으로 발생 및 증폭하도록 설계된 전자 건반 악 기, 전자 현악기 및 기타 악기를 제조하는 산업활동을 말한다.",현악기(전자 현악기 포함) 제조|하프 제조|바이올린 제조|만도린 제조|첼로 제조|기타(전자 기타 포함) 제조|국악 현악기 제조|뮤지컬(뮤직) 박스 제조|하모니카 제조|관악기 제조|리코더 제조|트럼펫 제조|트롬본 제조|휘슬 제조|목금 제조|탬버린 제조|북 제조|마라카스 제조|타악기 제조|캐스터네츠 제조|심벌즈 제조|뮤지컬 소 제조|아코디언 제조|전자 악기(건반 악기 포함) 제조,,"전자건반악기, 전자현악기",현악기(전자 현악기 포함)|하프|바이올린|만도린|첼로|기타(전자 기타 포함)|국악 현악기|뮤지컬(뮤직) 박스|하모니카|관악기|리코더|트럼펫|트롬본|휘슬|목금,제조|설계,,KSIC 11차 (2024),True
369301,"체조, 육상 및 체력 단련용 장비 제조업","제조업 > 기타 제품 제조업 > 운동 및 경기용구 제조업 > 체조, 육상 및 체력 단련용 장비 제조업",제조업,기타 제품 제조업,운동 및 경기용구 제조업,운동 및 경기용구 제조업,33301,"체조, 육상 및 체력 단련용 장비 제조업","체조용 장비, 트랙 및 육상경기 용구, 복싱용 링, 배구 및 농구장 설 치장비, 체력 단련용 장비 및 기계장치 등과 같은 장비를 제조하는 산업활동을 말한다.",헬스 장비 제조|체조용품 제조|체조용 링 제조|클라이밍 로프 제조|바벨 제조|스프링 보드 제조,어린이 놀이터용 장비 제조|복싱 글러브 및 보호물 제조,,헬스 장비|체조용품|체조용 링|클라이밍 로프|바벨|스프링 보드,제조,,KSIC 11차 (2024),True
369302,기타 운동 및 경기용구 제조업,제조업 > 기타 제품 제조업 > 운동 및 경기용구 제조업 > 기타 운동 및 경기용구 제조업,제조업,기타 제품 제조업,운동 및 경기용구 제조업,운동 및 경기용구 제조업,33309,기타 운동 및 경기용구 제조업,"코트 및 필드 게임용구, 등산장비, 동계 경기용 장비, 수중 경기용 장 비, 펜싱용구 등을 제조하는 산업활동을 포함한다.","펜싱용구 제조|라켓 제조|탁구용 기구 제조|공 제조(각종 경기용)|장갑류 제조(경기용)|설상 스키 제조|양궁장비 제조|배트 및 스틱류 제조|골프 글러브 제조|골프장비 제조|운동 경기용 보호 모자 제조|볼링장비(볼 등) 제조|운동용 썰매, 스케이트 제조","체조, 육상 및 체력 단련용 장비 제조|낚시 및 수렵용구 제조|당구용 장비(볼 포함) 제조|볼링장 핀 자동 고정기 제조|운송용 썰매 제조",,"펜싱용구|라켓|탁구용 기구|공 제조(각종 경기용)|장갑류 제조(경기용)|설상 스키|양궁장비|배트 및 스틱류|골프 글러브|골프장비|운동 경기용 보호 모자|볼링장비(볼 등)|운동용 썰매, 스케이트",제조,,KSIC 11차 (2024),True
369305,놀이터용 장비 제조업,제조업 > 기타 제품 제조업 > 운동 및 경기용구 제조업 > 놀이터용 장비 제조업,제조업,기타 제품 제조업,운동 및 경기용구 제조업,운동 및 경기용구 제조업,33302,놀이터용 장비 제조업,놀이터에 설치되는 놀이용 장비를 제조하는 산업활동으로서 특정 산 업에 분류되지 않은 제품을 제조하는 산업활동을 말한다.,시소 제조|미끄럼틀 제조|회전 그네 제조|놀이대 제조,다른 산업에서 분류되는 놀이터용 제품은 제외,,시소|미끄럼틀|회전 그네|놀이대,제조|설치|이용,,KSIC 11차 (2024),True
369306,낚시 및 수렵용구 제조업,제조업 > 기타 제품 제조업 > 운동 및 경기용구 제조업 > 낚시 및 수렵용구 제조업,제조업,기타 제품 제조업,운동 및 경기용구 제조업,운동 및 경기용구 제조업,33303,낚시 및 수렵용구 제조업,낚시 및 수렵용 장비를 제조하는 산업활동을 말한다.,낚시 장비 제조|조류 유인용구 제조|인조 미끼 제조|수렵용구 제조|낚시용 망 제조|포충망 제조,"양궁장비 제조|어망 제조|수렵 및 경기용 총포탄 제조|골프장비(공, 글러브 포함) 제조",,낚시 장비|조류 유인용구|인조 미끼|수렵용구|낚시용 망|포충망,제조,,KSIC 11차 (2024),True
369401,인형 및 장난감 제조업,"제조업 > 기타 제품 제조업 > 인형, 장난감 및 오락용품 제조업 > 인형 및 장난감 제조업",제조업,기타 제품 제조업,"인형, 장난감 및 오락용품 제조업","인형, 장난감 및 오락용품 제조업",33401,인형 및 장난감 제조업,"사람․동물 및 가상 형태를 형상화한 인형을 제조하거나 완구, 승용 및 비승용 등의 장난감을 제조하는 산업활동을 말한다. 이러한 인형 및 장난감에는 소리장치․동작장치 등의 기계적 장치가 부착될 수도 있다.","봉제 인형 제조|인형 액세서리 제조|사람 모형 인형 제조|인형극용 꼭두각시 제조|바퀴 달린 완구 제조|완구용 목제품 제조|조립식 완구 제조|조립용 키트 제조|플라스틱 조립용 모델 키트 제조|장난감 악기 제조|동력식 장난감 제조|인형용 의류와 부속품, 신발과 모자 제조|전기식 완구 제조(기차, 궤도, 신호기, 부속품 등)|취미, 오락용 무인 항공기(드론) 제조",어린이용 이륜자전거 제조|스케이트를 포함한 아동용 스키 및 썰매 제조,인형,"봉제 인형|인형 액세서리|사람 모형 인형|인형극용 꼭두각시|바퀴 달린 완구|완구용 목제품|조립식 완구|조립용 키트|플라스틱 조립용 모델 키트|장난감 악기|동력식 장난감|인형용 의류와 부속품, 신발과 모자|전기식 완구 제조(기차, 궤도, 신호기, 부속품 등)|취미, 오락용 무인 항공기(드론)",제조|조립|봉제|오락,,KSIC 11차 (2024),True
369402,인형 및 장난감 제조업,"제조업 > 기타 제품 제조업 > 인형, 장난감 및 오락용품 제조업 > 인형 및 장난감 제조업",제조업,기타 제품 제조업,"인형, 장난감 및 오락용품 제조업","인형, 장난감 및 오락용품 제조업",33401,인형 및 장난감 제조업,"사람․동물 및 가상 형태를 형상화한 인형을 제조하거나 완구, 승용 및 비승용 등의 장난감을 제조하는 산업활동을 말한다. 이러한 인형 및 장난감에는 소리장치․동작장치 등의 기계적 장치가 부착될 수도 있다.","봉제 인형 제조|인형 액세서리 제조|사람 모형 인형 제조|인형극용 꼭두각시 제조|바퀴 달린 완구 제조|완구용 목제품 제조|조립식 완구 제조|조립용 키트 제조|플라스틱 조립용 모델 키트 제조|장난감 악기 제조|동력식 장난감 제조|인형용 의류와 부속품, 신발과 모자 제조|전기식 완구 제조(기차, 궤도, 신호기, 부속품 등)|취미, 오락용 무인 항공기(드론) 제조",어린이용 이륜자전거 제조|스케이트를 포함한 아동용 스키 및 썰매 제조,장난감,"봉제 인형|인형 액세서리|사람 모형 인형|인형극용 꼭두각시|바퀴 달린 완구|완구용 목제품|조립식 완구|조립용 키트|플라스틱 조립용 모델 키트|장난감 악기|동력식 장난감|인형용 의류와 부속품, 신발과 모자|전기식 완구 제조(기차, 궤도, 신호기, 부속품 등)|취미, 오락용 무인 항공기(드론)",제조|조립|봉제|오락,,KSIC 11차 (2024),True
369404,영상게임기 제조업,"제조업 > 기타 제품 제조업 > 인형, 장난감 및 오락용품 제조업 > 영상게임기 제조업",제조업,기타 제품 제조업,"인형, 장난감 및 오락용품 제조업","인형, 장난감 및 오락용품 제조업",33402,영상게임기 제조업,영상 수상기를 갖춘 게임장비 또는 게임장에서 즐기는 게임기를 제조 하는 산업활동을 말한다.,아케이드 게임기 제조|전자오락실 게임장비 제조|휴대용 오락 게임기 제조,,,아케이드 게임기|전자오락실 게임장비|휴대용 오락 게임기,제조|오락|게임장,,KSIC 11차 (2024),True
369405,기타 오락용품 제조업,"제조업 > 기타 제품 제조업 > 인형, 장난감 및 오락용품 제조업 > 기타 오락용품 제조업",제조업,기타 제품 제조업,"인형, 장난감 및 오락용품 제조업","인형, 장난감 및 오락용품 제조업",33409,기타 오락용품 제조업,"판 게임용 장비, 스포츠 오락용 기계, 당구 등 오락용 테이블 및 장 비, 도박게임 장비 등을 제조하는 산업활동을 포함한다.",바둑 및 장기 제조|체스 제조|스포츠 오락용 기계 제조|도박게임 장비 제조|유희용구 제조|오락용 테이블 및 장비 제조|유희용 카드 제조|실내 게임용 기계 및 기구 제조|당구용구(볼 포함) 제조|테이블 게임용 기계 및 기구 제조|카지노 게임용 테이블 제조,,,바둑 및 장기|체스|스포츠 오락용 기계|도박게임 장비|유희용구|오락용 테이블 및 장비|유희용 카드|실내 게임용 기계 및 기구|당구용구(볼 포함)|테이블 게임용 기계 및 기구|카지노 게임용 테이블,제조|스포츠|오락,,KSIC 11차 (2024),True
369409,기타 오락용품 제조업,"제조업 > 기타 제품 제조업 > 인형, 장난감 및 오락용품 제조업 > 기타 오락용품 제조업",제조업,기타 제품 제조업,"인형, 장난감 및 오락용품 제조업","인형, 장난감 및 오락용품 제조업",33409,기타 오락용품 제조업,"판 게임용 장비, 스포츠 오락용 기계, 당구 등 오락용 테이블 및 장 비, 도박게임 장비 등을 제조하는 산업활동을 포함한다.",바둑 및 장기 제조|체스 제조|스포츠 오락용 기계 제조|도박게임 장비 제조|유희용구 제조|오락용 테이블 및 장비 제조|유희용 카드 제조|실내 게임용 기계 및 기구 제조|당구용구(볼 포함) 제조|테이블 게임용 기계 및 기구 제조|카지노 게임용 테이블 제조,,"놀이용 카드, 도박게임장비 등 유희용구",바둑 및 장기|체스|스포츠 오락용 기계|도박게임 장비|유희용구|오락용 테이블 및 장비|유희용 카드|실내 게임용 기계 및 기구|당구용구(볼 포함)|테이블 게임용 기계 및 기구|카지노 게임용 테이블,제조|스포츠|오락,,KSIC 11차 (2024),True
369501,모조 귀금속 및 모조 장신용품 제조업,제조업 > 기타 제품 제조업 > 귀금속 및 장신용품 제조업 > 모조 귀금속 및 모조 장신용품 제조업,제조업,기타 제품 제조업,귀금속 및 장신용품 제조업,모조 귀금속 및 모조 장신용품 제조업,33120,모조 귀금속 및 모조 장신용품 제조업,"귀금속, 귀석 이외의 각종 재료로 모조 장신용품을 제조하는 산업활 동을 말한다.","모조 목걸이, 팔찌 제조|모조 브로치 제조",,,"모조 목걸이, 팔찌|모조 브로치",제조,,KSIC 11차 (2024),True
369502,가발 및 유사 제품 제조업,"제조업 > 기타 제품 제조업 > 그 외 기타 제품 제조업 > 가발, 장식용품 및 전시용 모형 제조업 > 가발 및 유사 제품 제조업",제조업,기타 제품 제조업,그 외 기타 제품 제조업,"가발, 장식용품 및 전시용 모형 제조업",33931,가발 및 유사 제품 제조업,"모발, 동물 털 및 기타 섬유를 가공하여 가발, 가눈썹, 가수염 및 유 사 제품을 제조하는 산업활동을 말한다.",가발 제조|가수염 제조|가눈썹 제조,우모 가공 또는 장식 제품 제조,,가발|가수염|가눈썹,제조|가공,,KSIC 11차 (2024),True
369503,간판 및 광고물 제조업,제조업 > 기타 제품 제조업 > 그 외 기타 제품 제조업 > 간판 및 광고물 제조업,제조업,기타 제품 제조업,그 외 기타 제품 제조업,간판 및 광고물 제조업,33910,간판 및 광고물 제조업,고정 광원을 갖지 않는 간판 및 광고물을 제조하는 산업활동을 말한 다. 간판 및 광고물에는 형광등이나 전구가 결합될 수 있다.,간판 제조|광고물 제조,광고용 인쇄물 인쇄|마네킹 및 활동적인 진열물 제조,,간판|광고물,제조|광고,,KSIC 11차 (2024),True
369504,표구 처리업,"제조업 > 기타 제품 제조업 > 그 외 기타 제품 제조업 > 가발, 장식용품 및 전시용 모형 제조업 > 표구 처리업",제조업,기타 제품 제조업,그 외 기타 제품 제조업,"가발, 장식용품 및 전시용 모형 제조업",33933,표구 처리업,수수료에 의하여 표구하는 산업활동을 말한다. 예술품 이외의 표구 제품을 제조하는 경우도 포함한다.,,,,표구 처리업,제조,,KSIC 11차 (2024),True
369505,전시용 모형 제조업,"제조업 > 기타 제품 제조업 > 그 외 기타 제품 제조업 > 가발, 장식용품 및 전시용 모형 제조업 > 전시용 모형 제조업",제조업,기타 제품 제조업,그 외 기타 제품 제조업,"가발, 장식용품 및 전시용 모형 제조업",33932,전시용 모형 제조업,"교육용, 전시용 또는 기타 실물 설명용에 적합한 각종 모형을 제조하 는 산업활동을 말한다. 각종 재료로 만든 조화 및 인조물, 장식용 동․식물성(견과, 껍질, 열매, 상아, 뼈, 귀갑 등) 및 광물성 물질(호 박, 해포석 등)을 가공한 조각용 재료 및 이들의 장식용 제품, 밀랍, 스테아린, 천연검, 수지 및 비경화 젤라틴 등으로 가공한 장식용 성형 품 및 조각품을 제조하는 산업활동도 포함한다.","꽃, 잎, 과실 등의 모조품 제조|장식용 천연검 제품 제조|장식용 밀랍 제품 제조|장식용 수지 제품 제조|조각용 재료 가공품 제조|해부 모형 제조|건물 모형 제조(전시용)|기념관용 모형 제조|선박 축소 모형 제조(교시용)|도시 모형 제조(전시용)|기관차 원동기 모형 제조|동물 박제품 제조|기계장비 모형 제조(설명용)","장난감 제조|주형, 금형 및 산업용 금형 제조|금속제 조화 및 금속 장식품 제조|모조 장신품 제조|표구제품 제조",,"꽃, 잎, 과실 등의 모조품|장식용 천연검 제품|장식용 밀랍 제품|장식용 수지 제품|조각용 재료 가공품|해부 모형|건물 모형 제조(전시용)|기념관용 모형|선박 축소 모형 제조(교시용)|도시 모형 제조(전시용)|기관차 원동기 모형|동물 박제품|기계장비 모형 제조(설명용)",제조|가공|성형|교육|전시,,KSIC 11차 (2024),True
369902,사무 및 회화용품 제조업,제조업 > 기타 제품 제조업 > 그 외 기타 제품 제조업 > 사무 및 회화용품 제조업,제조업,기타 제품 제조업,그 외 기타 제품 제조업,사무 및 회화용품 제조업,33920,사무 및 회화용품 제조업,"필기용 또는 회화용구, 봉인기 및 수동식 소인(스탬프) 등 사무용구를 제조하는 산업활동을 말한다.","펜 제조|크레용, 파스텔 제조|필기용구 제조|사무용품 제조|도장 제조|필기용 붓 제조","회화용 물감 제조|자 및 제도용 기구 제조|사무용, 문구용 종이제품 제조|지우개 제조|연필깎기 칼 제조",,"크레용, 파스텔|필기용구|사무용품|도장|필기용 붓",제조,,KSIC 11차 (2024),True
369903,비 및 솔 제조업,제조업 > 기타 제품 제조업 > 그 외 기타 제품 제조업 > 그 외 기타 분류 안된 제품 제조업 > 비 및 솔 제조업,제조업,기타 제품 제조업,그 외 기타 제품 제조업,그 외 기타 분류 안된 제품 제조업,33993,비 및 솔 제조업,"동물 털, 식물 섬유 물질 및 인조 섬유, 금속 선 등을 재료로 비, 솔 및 걸레(자루용)를 제조하는 산업활동을 말한다. 여기에는 산업용 및 가정용의 솔 제조도 포함한다.",브러시 제조|페인트용 패드 제조|제판용 롤러 제조|페인트용 롤러 제조|먼지떨이 제조|페인트용 스퀴지 제조|걸레(자루용) 제조|칫솔 제조,자루가 없는 직물제 걸레 제조,,브러시|페인트용 패드|제판용 롤러|페인트용 롤러|먼지떨이|페인트용 스퀴지|걸레(자루용)|칫솔,제조,,KSIC 11차 (2024),True
369904,그 외 기타 달리 분류되지 않은 제품 제조업,제조업 > 기타 제품 제조업 > 그 외 기타 제품 제조업 > 그 외 기타 분류 안된 제품 제조업 > 그 외 기타 달리 분류되지 않은 제품 제조업,제조업,기타 제품 제조업,그 외 기타 제품 제조업,그 외 기타 분류 안된 제품 제조업,33999,그 외 기타 달리 분류되지 않은 제품 제조업,"회전목마 및 기타 흥행장용품, 소도구 및 화장용품, 마네킹 및 활동적 인 진열물, 회전 낙하장치(팔랑개비 등), 머리빗 및 머리핀, 리놀륨 (linoleum) 등 유사 경표면 마루덮개, 우산, 양산, 지팡이 및 그 부분 품, 다른 산업에서 분류되지 않은 개인 안전 보호장비와 그 외 달리 분류되지 않은 기타 제품을 제조하는 산업활동을 포함한다.","흥행장용품 제조|유희장용품 제조|빗, 핀(헤어 슬라이드, hair slide) 제조|수동식 체 및 어레미 제조|마네킹 인형 제조|젤라틴제 이쑤시개 제조|회전 낙하장치(팔랑개비 등) 제조|화장용 분첩, 패드 및 분무기 제조|우산, 양산, 지팡이 제조",귀금속제 머리 핀 제조|크리스마스 장식용 조명세트 제조,"우산, 지팡이","흥행장용품|유희장용품|빗, 핀(헤어 슬라이드, hair slide)|수동식 체 및 어레미|마네킹 인형|젤라틴제 이쑤시개|회전 낙하장치(팔랑개비 등)|화장용 분첩, 패드 및 분무기|우산, 양산, 지팡이",제조,,KSIC 11차 (2024),True
369905,단추 및 유사 파스너 제조업,제조업 > 기타 제품 제조업 > 그 외 기타 제품 제조업 > 그 외 기타 분류 안된 제품 제조업 > 단추 및 유사 파스너 제조업,제조업,기타 제품 제조업,그 외 기타 제품 제조업,그 외 기타 분류 안된 제품 제조업,33991,단추 및 유사 파스너 제조업,"각종 재료의 단추, 커프스 단추 및 기타 유사 파스너를 제조하는 산 업활동을 말한다.","똑딱 단추(프레스 파스너, 스냅 파스너) 제조|단추 제조|커프링크(커프스 단추) 제조|의류용 장식 못 제조",산업용 금속제 파스너 제조|귀금속제 단추 제조,,"똑딱 단추(프레스 파스너, 스냅 파스너)|단추|커프링크(커프스 단추)|의류용 장식 못",제조,,KSIC 11차 (2024),True
369906,"라이터, 연소물 및 흡연용품 제조업","제조업 > 기타 제품 제조업 > 그 외 기타 제품 제조업 > 그 외 기타 분류 안된 제품 제조업 > 라이터, 연소물 및 흡연용품 제조업",제조업,기타 제품 제조업,그 외 기타 제품 제조업,그 외 기타 분류 안된 제품 제조업,33992,"라이터, 연소물 및 흡연용품 제조업","각종 라이터, 라이터 돌 및 기타 유사 발화성 물질, 양초, 각종 재료 제의 담배 파이프 또는 담뱃대 등을 제조하는 산업활동을 말한다.",착화탄 제조|담배 필터 제조|연료용 성형제품(목재 및 플라스틱 등을 혼합|성형한 펠릿 등)|양초 제조,"라이터용 심지 제조|성냥, 화약 및 각종 불꽃제품 제조",,착화탄|담배 필터|연료용 성형제품(목재 및 플라스틱 등을 혼합|성형한 펠릿 등)|양초,제조|성형,,KSIC 11차 (2024),True
369907,화약 및 불꽃제품 제조업,제조업 > 화학 물질 및 화학제품 제조업; 의약품 제외 > 기타 화학제품 제조업 > 그 외 기타 화학제품 제조업 > 화약 및 불꽃제품 제조업,제조업,화학 물질 및 화학제품 제조업; 의약품 제외,기타 화학제품 제조업,그 외 기타 화학제품 제조업,20494,화약 및 불꽃제품 제조업,"여러 가지 형태의 추진(발사) 화약, 조제 폭약, 신관, 뇌관, 점화기 및 불꽃제품 등을 생산하는 산업활동을 말한다.",점화기 제조|신호용 조명탄 제조|폭죽 제조|성냥 제조,"양초 제조|포탄, 폭탄 및 총탄 제조",성냥,점화기|신호용 조명탄|폭죽|성냥,제조|생산,,KSIC 11차 (2024),True
369908,그 외 기타 달리 분류되지 않은 제품 제조업,제조업 > 기타 제품 제조업 > 그 외 기타 제품 제조업 > 그 외 기타 분류 안된 제품 제조업 > 그 외 기타 달리 분류되지 않은 제품 제조업,제조업,기타 제품 제조업,그 외 기타 제품 제조업,그 외 기타 분류 안된 제품 제조업,33999,그 외 기타 달리 분류되지 않은 제품 제조업,"회전목마 및 기타 흥행장용품, 소도구 및 화장용품, 마네킹 및 활동적 인 진열물, 회전 낙하장치(팔랑개비 등), 머리빗 및 머리핀, 리놀륨 (linoleum) 등 유사 경표면 마루덮개, 우산, 양산, 지팡이 및 그 부분 품, 다른 산업에서 분류되지 않은 개인 안전 보호장비와 그 외 달리 분류되지 않은 기타 제품을 제조하는 산업활동을 포함한다.","흥행장용품 제조|유희장용품 제조|빗, 핀(헤어 슬라이드, hair slide) 제조|수동식 체 및 어레미 제조|마네킹 인형 제조|젤라틴제 이쑤시개 제조|회전 낙하장치(팔랑개비 등) 제조|화장용 분첩, 패드 및 분무기 제조|우산, 양산, 지팡이 제조",귀금속제 머리 핀 제조|크리스마스 장식용 조명세트 제조,,"흥행장용품|유희장용품|빗, 핀(헤어 슬라이드, hair slide)|수동식 체 및 어레미|마네킹 인형|젤라틴제 이쑤시개|회전 낙하장치(팔랑개비 등)|화장용 분첩, 패드 및 분무기|우산, 양산, 지팡이",제조,,KSIC 11차 (2024),True
371000,금속류 원료 재생업,"수도, 하수 및 폐기물 처리, 원료 재생업 > 폐기물 수집, 운반, 처리 및 원료 재생업 > 해체, 선별 및 원료 재생업 > 금속류 해체, 선별 및 원료 재생업 > 금속류 원료 재생업","수도, 하수 및 폐기물 처리, 원료 재생업","폐기물 수집, 운반, 처리 및 원료 재생업","해체, 선별 및 원료 재생업","금속류 해체, 선별 및 원료 재생업",38312,금속류 원료 재생업,"폐기물, 스크랩, 기타 폐품 등에서 금속류를 분류, 분리하여 파쇄, 분 쇄하거나 화학적으로 처리하여 재생용의 금속 원료 물질로 전환하는 산업활동을 말한다.",,,,금속류 원료 재생업,,,KSIC 11차 (2024),True
371001,금속류 해체 및 선별업,"수도, 하수 및 폐기물 처리, 원료 재생업 > 폐기물 수집, 운반, 처리 및 원료 재생업 > 해체, 선별 및 원료 재생업 > 금속류 해체, 선별 및 원료 재생업 > 금속류 해체 및 선별업","수도, 하수 및 폐기물 처리, 원료 재생업","폐기물 수집, 운반, 처리 및 원료 재생업","해체, 선별 및 원료 재생업","금속류 해체, 선별 및 원료 재생업",38311,금속류 해체 및 선별업,"금속을 함유한 폐기물, 스크랩, 기타 폐품 등을 원료 재생 목적으로 해체, 절단, 압축하거나, 연속적으로 투입되는 혼합 폐기물로부터 재 활용이 가능한 금속 원료 물질을 단순 분리, 분류, 회수하는 산업활동 을 말한다.",,재생용 재료 도매업,,금속류 해체 및 선별업,해체,,KSIC 11차 (2024),True
372000,비금속류 원료 재생업,"수도, 하수 및 폐기물 처리, 원료 재생업 > 폐기물 수집, 운반, 처리 및 원료 재생업 > 해체, 선별 및 원료 재생업 > 비금속류 해체, 선별 및 원료 재생업 > 비금속류 원료 재생업","수도, 하수 및 폐기물 처리, 원료 재생업","폐기물 수집, 운반, 처리 및 원료 재생업","해체, 선별 및 원료 재생업","비금속류 해체, 선별 및 원료 재생업",38322,비금속류 원료 재생업,"처수 폐기물, 스크랩, 기타 폐품 등에서 비금속류를 분류, 분리하여 파쇄, 리도 ，， 분쇄하거나 화학적으로 처리하여 재생용의 비금속 원료 물질로 전환 원하 료수 하는 산업활동을 말한다. 재및","폐유리 세척, 선별, 분쇄|폐식용유, 폐유지 화학처리를 통한 이차원료 생산|폐타이어를 이용한 고무 분말 생산","재생 플라스틱 소재물질 제조|유기질 및 부산물 비료 제조|재생 윤활유, 재생유 및 그리스 제조|목분 제조|핵연료 농축 등 재처리",,"폐유리 세척, 선별, 분쇄|폐식용유, 폐유지 화학처리를 통한 이차원료|폐타이어를 이용한 고무 분말",생산|이용,,KSIC 11차 (2024),True
372001,비금속류 해체 및 선별업,"수도, 하수 및 폐기물 처리, 원료 재생업 > 폐기물 수집, 운반, 처리 및 원료 재생업 > 해체, 선별 및 원료 재생업 > 비금속류 해체, 선별 및 원료 재생업 > 비금속류 해체 및 선별업","수도, 하수 및 폐기물 처리, 원료 재생업","폐기물 수집, 운반, 처리 및 원료 재생업","해체, 선별 및 원료 재생업","비금속류 해체, 선별 및 원료 재생업",38321,비금속류 해체 및 선별업,"비금속류를 함유한 폐기물, 기타 폐품 등을 원료 재생 목적으로 해체, 절단, 압축하거나, 연속적으로 투입되는 혼합 폐기물로부터 재활용이 가능한 비금속 원료 물질을 단순 분리, 분류, 회수하는 산업활동을 말 한다.","폐목재류 해체 및 절단|폐지류 기계작업을 통한 압축|혼합 폐기물에서 플라스틱류 분류, 분리, 회수","면섬유 잔재물을 이용한 방적사 제조|건설 폐기물 및 폐주물사를 폐기 처리하는 경우|플라스틱류 파쇄, 용해, 압출 공정을 통한 입상화|축산물 폐기물 처리장 운영(37, 38|폐지 이용 펄프 제조|재생 타이어 제조",,"폐목재류 해체 및 절단|폐지류 기계작업을 통한 압축|혼합 폐기물에서 플라스틱류 분류, 분리, 회수",해체|재활,,KSIC 11차 (2024),True
372002,토양 및 지하수 정화업,"수도, 하수 및 폐기물 처리, 원료 재생업 > 환경 정화 및 복원업 > 토양 및 지하수 정화업","수도, 하수 및 폐기물 처리, 원료 재생업",환경 정화 및 복원업,환경 정화 및 복원업,환경 정화 및 복원업,39001,토양 및 지하수 정화업,"기계적, 화학적 또는 생물학적 방법을 이용하여 오염된 지역의 토양 및 지하수를 정화하는 산업활동을 말한다. 정화활동은 오염 현장 또 는 그 외 장소에서 수행할 수 있다.",기름에 오염된 토양 정화|기름에 오염된 지하수 정화,무해성 폐기물 처리|유해성 폐기물 처리,,기름에 오염된 토양 정화|기름에 오염된 지하수 정화,이용,,KSIC 11차 (2024),True
372003,기타 환경 정화 및 복원업,"수도, 하수 및 폐기물 처리, 원료 재생업 > 환경 정화 및 복원업 > 기타 환경 정화 및 복원업","수도, 하수 및 폐기물 처리, 원료 재생업",환경 정화 및 복원업,환경 정화 및 복원업,환경 정화 및 복원업,39009,기타 환경 정화 및 복원업,"오염된 건물, 강, 바다, 호수, 대기 등을 정화하여 복원하는 활동을 말 한다.",오염된 건물 정화|오염된 하천이나 해양 정화(하천이나 해양 기름띠 제거)|시굴|굴착|개축|수리 및 보수|자재|장비|자금|시공|품질,,,오염된 건물 정화|오염된 하천이나 해양 정화(하천이나 해양 기름띠 제거)|시굴|굴착|개축|수리 및 보수|자재|장비|자금|품질,시공|수리,,KSIC 11차 (2024),True
381000,절삭 가공 및 유사 처리업,"제조업 > 기타 제품 제조업 > 그외 기타 제품 제조업 > 금속 열처리, 도금 및 기타 금속 가공업 > 절삭 가공 및 유사 처리업",제조업,기타 제품 제조업,그외 기타 제품 제조업,"금속 열처리, 도금 및 기타 금속 가공업",25924,절삭 가공 및 유사 처리업,"선반, 레이저 및 기타 전자응용 기계 등을 이용하여 철강 또는 비철 금속 물질을 절삭, 식각, 재단 및 기타 표면 가공하여 특정 제품의 부 분품, 반제품 또는 완제품 형태의 각종 철강 또는 비철금속 제품을 생산하는 산업활동을 말한다.",,가압방법에 의한 금속 압형제품 제조|연마방법에 의한 금속 표면 처리|철골 용접공사 활동,소사장제,절삭 가공 및 유사 처리업,생산|가공|이용,,KSIC 11차 (2024),True
381003,그 외 기타 금속 가공업,"제조업 > 기타 제품 제조업 > 그외 기타 제품 제조업 > 금속 열처리, 도금 및 기타 금속 가공업 > 그 외 기타 금속 가공업",제조업,기타 제품 제조업,그외 기타 제품 제조업,"금속 열처리, 도금 및 기타 금속 가공업",25929,그 외 기타 금속 가공업,"금속 물질을 용접 및 용단하거나 연마 및 기타 금속 표면을 가공하는 산업활동을 말한다. 수수료 및 계약에 의해 각종 금속 물질을 특정한 규격으로 단순 절단, 절곡, 판금(절단, 구멍 내기, 구부리기, 모양 형 성 및 용접 등) 처리하는 산업활동도 포함한다.",,"건물, 구축물용 판금제품|선반, 레이저 기기 등을 이용한 절삭, 재단",소사장제,그 외 기타 금속,가공,,KSIC 11차 (2024),True
381004,그 외 자동차용 신품 부품 제조업,제조업 > 기타 제품 제조업 > 그외 기타 제품 제조업 > 자동차용 기타 신품 부품 제조업 > 그 외 자동차용 신품 부품 제조업,제조업,기타 제품 제조업,그외 기타 제품 제조업,자동차용 기타 신품 부품 제조업,30399,그 외 자동차용 신품 부품 제조업,기타 자동차용 신품 부품을 제조하는 산업활동을 말한다.,에어백 조립품 제조|자동차용 방열기 제조|소음기 제조|냉각장치 제조|보기륜(로드휠) 및 그 부분품 제조|배기관 제조|연료탱크 제조|차륜 제조|안전벨트 제조|조립된 자동차용 섀시 프레임 제조,,소사장제,에어백 조립품|자동차용 방열기|소음기|냉각장치|보기륜(로드휠) 및 그 부분품|배기관|연료탱크|차륜|안전벨트|조립된 자동차용 섀시 프레임,제조|조립,,KSIC 11차 (2024),True
381005,그 외 기타 달리 분류되지 않은 제품 제조업,제조업 > 기타 제품 제조업 > 그외 기타 제품 제조업 > 그 외 기타 분류 안된 제품 제조업 > 그 외 기타 달리 분류되지 않은 제품 제조업,제조업,기타 제품 제조업,그외 기타 제품 제조업,그 외 기타 분류 안된 제품 제조업,33999,그 외 기타 달리 분류되지 않은 제품 제조업,"회전목마 및 기타 흥행장용품, 소도구 및 화장용품, 마네킹 및 활동적 인 진열물, 회전 낙하장치(팔랑개비 등), 머리빗 및 머리핀, 리놀륨 (linoleum) 등 유사 경표면 마루덮개, 우산, 양산, 지팡이 및 그 부분 품, 다른 산업에서 분류되지 않은 개인 안전 보호장비와 그 외 달리 분류되지 않은 기타 제품을 제조하는 산업활동을 포함한다.","흥행장용품 제조|유희장용품 제조|빗, 핀(헤어 슬라이드, hair slide) 제조|수동식 체 및 어레미 제조|마네킹 인형 제조|젤라틴제 이쑤시개 제조|회전 낙하장치(팔랑개비 등) 제조|화장용 분첩, 패드 및 분무기 제조|우산, 양산, 지팡이 제조",귀금속제 머리 핀 제조|크리스마스 장식용 조명세트 제조,소사장제,"흥행장용품|유희장용품|빗, 핀(헤어 슬라이드, hair slide)|수동식 체 및 어레미|마네킹 인형|젤라틴제 이쑤시개|회전 낙하장치(팔랑개비 등)|화장용 분첩, 패드 및 분무기|우산, 양산, 지팡이",제조,,KSIC 11차 (2024),True
381006,포장 및 충전업,제조업 > 기타 제품 제조업 > 그외 기타 제품 제조업 > 그 외 기타 사업 지원 서비스업 > 포장 및 충전업,제조업,기타 제품 제조업,그외 기타 제품 제조업,그 외 기타 사업 지원 서비스업,75994,포장 및 충전업,"수수료 또는 계약에 의하여 자동 또는 수동 포장을 불문하고 수축 포 장, 투명 포장 등의 각종 포장 방법을 이용하여 음식물, 의약품, 화장 품, 철물 등의 제품을 포장하는 산업활동을 말한다. 이 산업에는 에어 로졸의 혼합 및 주입이 포함되며, 포장물에 상표 부착 및 날인하는 활동이 결합될 수 있다.",상표 부착 서비스|여행용구 조립 및 포장|부탄 가스 주입|의류 포장 및 업 임설,운수업과 관련된 화물 포장 활동 스사 업업,소사장제,상표 부착|여행용구 조립 및 포장|부탄 가스 주입|의류 포장 및 업 임설,조립|음식|이용,,KSIC 11차 (2024),True
381007,기타 소사장제,제조업 > 기타 제품 제조업 > 그외 기타 제품 제조업 > 기타 소사장제,제조업,기타 제품 제조업,그외 기타 제품 제조업,기타 소사장제,,해당사항 없음,,,,소사장제,기타 소사장제,,,KSIC 11차 (2024),False
401000,태양력 발전업,"전기, 가스, 증기 및 공기 조절 공급업 > 전기업 > 발전업 > 태양력 발전업","전기, 가스, 증기 및 공기 조절 공급업","전기, 가스, 증기 및 공기 조절 공급업",전기업,발전업,35114,태양력 발전업,태양 빛 또는 광을 에너지원으로 하여 전기를 직접 생산하는 산업활 동을 말한다.,,,,태양력 발전업,생산,,KSIC 11차 (2024),True
401001,원자력 발전업,"전기, 가스, 증기 및 공기 조절 공급업 > 전기업 > 발전업 > 원자력 발전업","전기, 가스, 증기 및 공기 조절 공급업","전기, 가스, 증기 및 공기 조절 공급업",전기업,발전업,35111,원자력 발전업,원자력을 에너지원으로 하여 전기를 직접 생산하는 산업활동을 말한다.,,,,원자력 발전업,생산,,KSIC 11차 (2024),True
401002,수력 발전업,"전기, 가스, 증기 및 공기 조절 공급업 > 전기업 > 발전업 > 수력 발전업","전기, 가스, 증기 및 공기 조절 공급업","전기, 가스, 증기 및 공기 조절 공급업",전기업,발전업,35112,수력 발전업,수력을 에너지원으로 하여 전기를 직접 생산하는 산업활동을 말한다.,,,,수력 발전업,생산,,KSIC 11차 (2024),True
401003,화력 발전업,"전기, 가스, 증기 및 공기 조절 공급업 > 전기업 > 발전업 > 화력 발전업","전기, 가스, 증기 및 공기 조절 공급업","전기, 가스, 증기 및 공기 조절 공급업",전기업,발전업,35113,화력 발전업,화력을 에너지원으로 하여 전기를 직접 생산하는 산업활동을 말한다.,화력 발전소|열병합 발전소,,,화력 발전소|열병합 발전소,생산,,KSIC 11차 (2024),True
401004,풍력 발전업,"전기, 가스, 증기 및 공기 조절 공급업 > 전기업 > 발전업 > 풍력 발전업","전기, 가스, 증기 및 공기 조절 공급업","전기, 가스, 증기 및 공기 조절 공급업",전기업,발전업,35115 | 35119,풍력 발전업 | 기타 발전업,풍력을 에너지원으로 전기를 직접 생산하는 산업활동을 말한다. / 조력 및 기타 에너지원으로 전기를 직접 생산하는 산업활동을 말한 다.,,,,풍력 발전업,생산,,KSIC 11차 (2024),True
401005,송전 및 배전업,"전기, 가스, 증기 및 공기 조절 공급업 > 전기업 > 송전 및 배전업","전기, 가스, 증기 및 공기 조절 공급업","전기, 가스, 증기 및 공기 조절 공급업",전기업,송전 및 배전업,35120,송전 및 배전업,생산된 전기를 특정 지역까지 송전하거나 송전된 전기를 최종 소비자 에게 공급하는 산업활동을 말한다.,송전소|변전소|배전소,,,송전소|변전소|배전소,생산,,KSIC 11차 (2024),True
401006,전기 판매업,"전기, 가스, 증기 및 공기 조절 공급업 > 전기업 > 전기 판매업","전기, 가스, 증기 및 공기 조절 공급업","전기, 가스, 증기 및 공기 조절 공급업",전기업,전기 판매업,35130,전기 판매업,"가정, 산업 및 상업 이용자에게 전기를 공급 및 판매하거나 전기 판 매를 중개하는 산업활동을 말한다.",전기 영업소 운영|전기 충전소 운영|전기 판매 중개,,,전기 영업소|전기 충전소|전기 판매,판매|중개|이용,,KSIC 11차 (2024),True
402001,연료용 가스 제조 및 배관공급업,"전기, 가스, 증기 및 공기 조절 공급업 > 연료용 가스 제조 및 배관공급업","전기, 가스, 증기 및 공기 조절 공급업","전기, 가스, 증기 및 공기 조절 공급업",연료용 가스 제조 및 배관공급업,연료용 가스 제조 및 배관공급업,35200,연료용 가스 제조 및 배관공급업,"석탄 가스, 수성 가스, 발생로 가스 등을 제조하거나 연료용 가스를 공전 혼합하여 혼합가스를 제조하는 산업활동을 말한다. 연료용 가스를 배 기기 ， 관시설에 의하여 가정, 산업 및 상업 사용자 등에게 직접 공급하는 절가 공， 산업활동을 포함한다.",연료용 혼합 가스 생산|연료용 석탄 가스 생산|연료용 가스 배관공급,산업용 압축 또는 액화 가스 제조|차량용 가스 충전소|소매업자에 공급하는 가스 충전소|수수료 또는 계약에 의한 가스 관로(파이프라인) 운영,,연료용 혼합 가스|연료용 석탄 가스|연료용 가스 배관,제조|생산,,KSIC 11차 (2024),True
403000,"증기, 냉ㆍ온수 및 공기 조절 공급업","전기, 가스, 증기 및 공기 조절 공급업 > 증기, 냉ㆍ온수 및 공기 조절 공급업","전기, 가스, 증기 및 공기 조절 공급업","전기, 가스, 증기 및 공기 조절 공급업","증기, 냉ㆍ온수 및 공기 조절 공급업","증기, 냉ㆍ온수 및 공기 조절 공급업",35300,"증기, 냉ㆍ온수 및 공기 조절 공급업","냉․난방, 동력 또는 기타 목적의 열, 증기, 냉․온수, 냉방 공기를 생 산하는 활동과 배관시설에 의하여 사용자에게 공급하는 산업활동을 말한다. 배관시설을 통한 온천수 공급활동도 포함한다.","냉수, 온수 생산 및 공급|증기 생산 및 공급|온천수 생산 및 공급|열 생산 및 공급|냉방 공기 생산 및 공급",온천 종합개발(도급,,"냉수, 온수 생산 및|증기 생산 및|온천수 생산 및|열 생산 및|냉방 공기 생산 및",생산,,KSIC 11차 (2024),True
410000,생활용수 공급업,"수도, 하수 및 폐기물 처리, 원료 재생업 > 수도업 > 생활용수 공급업","수도, 하수 및 폐기물 처리, 원료 재생업",수도업,수도업,생활용수 공급업,36010,생활용수 공급업,"수요자에게 생활용수를 공급하기 위하여 취수, 집수, 정수 및 급수를 하는 산업활동을 말한다. 생활용수는 도수관, 송수관, 배수관, 급수관 등 배관시설에 의하여 공급된다.",,,,생활용수 공급업,,,KSIC 11차 (2024),True
410001,산업용수 공급업,"수도, 하수 및 폐기물 처리, 원료 재생업 > 수도업 > 산업용수 공급업","수도, 하수 및 폐기물 처리, 원료 재생업",수도업,수도업,산업용수 공급업,36020,산업용수 공급업,"수요자에게 공업용수 및 상업용수를 공급하기 위하여 취수, 집수, 정 수 및 급수를 하는 산업활동을 말한다. 산업용수는 관련 배관시설에 의하여 공급된다.",,농업용수 공급 및 농업용 관개시설 운영,,산업용수 공급업,,,KSIC 11차 (2024),True
451101,아파트 건설업,건 설 업 > 종합 건설업 > 건물 건설업 > 주거용 건물 건설업 > 아파트 건설업,건 설 업,종합 건설업,건물 건설업,주거용 건물 건설업,41112,아파트 건설업,주거용 아파트를 건설하는 산업활동을 말한다.,아파트 건설|주상 복합 아파트 건설,,,아파트|주상 복합 아파트,건설,,KSIC 11차 (2024),True
451102,주거용 건물 건설업,건 설 업 > 종합 건설업 > 건물 건설업 > 주거용 건물 건설업,건 설 업,종합 건설업,건물 건설업,주거용 건물 건설업,68121,주거용 건물 개발 및 공급업,"직접 건설활동을 수행하지 않고 전체 건물 건설공사를 일괄 도급하여 주거용 건물을 건설하고, 이를 분양․판매하는 산업활동을 말한다. 구 입한 주거용 건물을 재판매하는 경우도 포함한다.",아파트 위탁 개발 분양|주택 위탁 개발 분양,,건축시행사(토지보유 5년 미만),아파트 위탁 개발 분양|주택 위탁 개발 분양,건설|판매|개발|분양,,KSIC 11차 (2024),True
451103,주거용 건물 건설업,건 설 업 > 종합 건설업 > 건물 건설업 > 주거용 건물 건설업,건 설 업,종합 건설업,건물 건설업,주거용 건물 건설업,68121,주거용 건물 개발 및 공급업,"직접 건설활동을 수행하지 않고 전체 건물 건설공사를 일괄 도급하여 주거용 건물을 건설하고, 이를 분양․판매하는 산업활동을 말한다. 구 입한 주거용 건물을 재판매하는 경우도 포함한다.",아파트 위탁 개발 분양|주택 위탁 개발 분양,,건축시행사(토지보유 5년 이상),아파트 위탁 개발 분양|주택 위탁 개발 분양,건설|판매|개발|분양,,KSIC 11차 (2024),True
451104,기타 비주거용 건물 건설업,건 설 업 > 종합 건설업 > 건물 건설업 > 비주거용 건물 건설업 > 기타 비주거용 건물 건설업,건 설 업,종합 건설업,건물 건설업,비주거용 건물 건설업,41129,기타 비주거용 건물 건설업,"각종 유형의 창고, 주차시설, 운송 터미널, 실내 경기장 등 기타 용도 의 비주거용 건물을 건설하는 산업활동을 말한다.",여객 및 화물 터미널 건설|주유소 건물 건설|차고시설 건설|박물관 및 유사 건물 건설|동물원용 건물 건설|운수관련 건물 건설|화학물 및 저유소 건물 건설|공항 건물 건설|실내 경기장 건설,,,여객 및 화물 터미널|주유소 건물|차고시설|박물관 및 유사 건물|동물원용 건물|운수관련 건물|화학물 및 저유소 건물|공항 건물|실내 경기장,건설|운송|운수|창고,,KSIC 11차 (2024),True
451105,단독 주택 건설업,건 설 업 > 종합 건설업 > 건물 건설업 > 주거용 건물 건설업 > 단독 주택 건설업,건 설 업,종합 건설업,건물 건설업,주거용 건물 건설업,41111 | 41112 | 41119,단독 주택 건설업 | 아파트 건설업 | 기타 공동 주택 건설업,,,,건설하여 분양(판매),단독 주택 건설업,건설,,KSIC 11차 (2024),False
451106,단독 주택 건설업,건 설 업 > 종합 건설업 > 건물 건설업 > 주거용 건물 건설업 > 단독 주택 건설업,건 설 업,종합 건설업,건물 건설업,주거용 건물 건설업,41111,단독 주택 건설업,주거용 단독 주택 및 다가구 주택 등을 건설하는 산업활동을 말한다.,"단독 주택 및 다중 주택 건설|다가구 주택(3층 이하, 660㎡ 이하) 건설",직접 건설한 주거용 건물을 임대하는 경우,,"단독 주택 및 다중 주택|다가구 주택(3층 이하, 660㎡ 이하)",건설,,KSIC 11차 (2024),True
451107,기타 공동 주택 건설업,건 설 업 > 종합 건설업 > 건물 건설업 > 주거용 건물 건설업 > 기타 공동 주택 건설업,건 설 업,종합 건설업,건물 건설업,주거용 건물 건설업,41119,기타 공동 주택 건설업,"다세대 주택, 연립 주택 등 아파트 이외의 공동 주택을 건설하는 산 업활동을 말한다.","연립 주택(4층 이하, 660㎡ 초과) 건설|다세대 주택(4층 이하, 660㎡ 이하) 건설",,,"연립 주택(4층 이하, 660㎡ 초과)|다세대 주택(4층 이하, 660㎡ 이하)",건설,,KSIC 11차 (2024),True
451108,사무ㆍ상업용 및 공공기관용 건물 건설업,건 설 업 > 종합 건설업 > 건물 건설업 > 비주거용 건물 건설업 > 사무ㆍ상업용 및 공공기관용 건물 건설업,건 설 업,종합 건설업,건물 건설업,비주거용 건물 건설업,41121,사무ㆍ상업용 및 공공기관용 건물 건설업,"사무, 상업용 및 공공기관용 건물을 건설하는 산업활동을 말한다.",교육|연구시설 및 의료시설용 건물 건설|상점 및 쇼핑센터 건설|경찰서 및 소방서 건설|오피스텔 건설,일반 창고 건설|특정용 창고(격납고 등) 건설|옥외 수영장 및 관련 탈의실 건설,,연구시설 및 의료시설용 건물|상점 및 쇼핑센터|경찰서 및 소방서|오피스텔,건설|연구|교육,,KSIC 11차 (2024),True
451109,제조업 및 유사 산업용 건물 건설업,건 설 업 > 종합 건설업 > 건물 건설업 > 비주거용 건물 건설업 > 제조업 및 유사 산업용 건물 건설업,건 설 업,종합 건설업,건물 건설업,비주거용 건물 건설업,41122,제조업 및 유사 산업용 건물 건설업,각종 제조 공장 및 유사 산업용 건물을 건설하는 산업활동을 말한다. 건물 건설공사와 함께 생산시설용 기계 및 설비의 부분적인 설치공사 가 수행될 수 있다.,공업용 건물 건설|광산용 건물 건설|화학산업용 건물 건설|발전소용 건물 건설,"설비류, 구조물 등의 설치를 병행하는 경우",,공업용 건물|광산용 건물|화학산업용 건물|발전소용 건물,제조|생산|건설|설치,,KSIC 11차 (2024),True
451200,기타 토목 시설물 건설업,건 설 업 > 종합 건설업 > 토목 건설업 > 토목 시설물 건설업 > 기타 토목 시설물 건설업,건 설 업,종합 건설업,토목 건설업,토목 시설물 건설업,41229,기타 토목 시설물 건설업,"실외 경기장, 상․하수도 본관 및 관련 시설물, 관로(파이프라인) 등 각종 토목 시설물을 건설하는 산업활동을 말한다.","종합계획에 의한 공항 건설|주경기장(스타디움, stadium) 공사|야외 경기장 및 유사 오락시설 공사|종합적 계획에 따라 조성되는 기반시설용|하수도 본관(도수관, 송수관, 배수관, 오수관),|공업용 수도관 공사|석유, 가스 등 관로(파이프라인) 공사|철탑 건설(송전탑은 42311)|취수, 정수,|배수용 기기 설치공사",,,"종합계획에 의한 공항|주경기장(스타디움, stadium)|야외 경기장 및 유사 오락시설|종합적 계획에 따라 조성되는 기반시설용|하수도 본관(도수관, 송수관, 배수관, 오수관)|공업용 수도관|석유, 가스 등 관로(파이프라인)|철탑 건설(송전탑은 42311)|취수, 정수|배수용 기기 설치",건설|설치|오락,,KSIC 11차 (2024),True
451204,지반조성 건설업,건 설 업 > 종합 건설업 > 토목 건설업 > 지반조성 건설업,건 설 업,종합 건설업,토목 건설업,지반조성 건설업,41210,지반조성 건설업,"택지 조성공사, 공장부지 조성공사, 광산용지 개발 등의 건설부지 및 기타 용지를 개발․조성하는 산업활동을 말한다. 각종 부지 조성공사 와 결합된 도로 및 관련 특수 구조물, 상․하수도, 가로등, 전기통신, 조경, 정보화 시설공사 등과 간척공사를 포함한다.",,토공사|묘지 개발|공급업|토지 개발|계약에 의한 원유 및 천연가스 채굴관련 건설활동,,지반조성 건설업,건설|통신|개발,,KSIC 11차 (2024),True
451205,도로 건설업,건 설 업 > 종합 건설업 > 토목 건설업 > 토목 시설물 건설업 > 도로 건설업,건 설 업,종합 건설업,토목 건설업,토목 시설물 건설업,41221,도로 건설업,"각종 도로, 공항 활주로, 인도 등의 도로 건설을 수행하는 산업활동으 건 로서 도로 건설활동과 결합된 포장공사 및 도로 관련 구조물을 설치 하는 산업활동도 포함한다.",도로공사|활주로공사|인도공사|보도공사|고속도로 건설,"도로건설과 분리된 교량, 고가도로 및 지하도공사|도로건설과 분리된 도로선 표시공사|도로 포장공사를 전문적으로 수행하는 경우",,도로|활주로|인도|보도|고속도로,건설|설치|포장공사,,KSIC 11차 (2024),True
451206,"교량, 터널 및 철도 건설업","건 설 업 > 종합 건설업 > 토목 건설업 > 토목 시설물 건설업 > 교량, 터널 및 철도 건설업",건 설 업,종합 건설업,토목 건설업,토목 시설물 건설업,41222,"교량, 터널 및 철도 건설업",도로건설과 분리된 교량․터널․고가도로 건설 및 철도․지하철도를 건설하는 산업활동을 말한다. 고가 수로 건설이 수로공사와 분리될 경우에도 포함한다.,철교 건설|터널 및 유사 구축물 건설|수중 터널 공사|이동식 교량 건설|지하도 건설|출렁다리(줄다리) 건설,,,철교|터널 및 유사 구축물|수중 터널|이동식 교량|지하도|출렁다리(줄다리),건설|구축,,KSIC 11차 (2024),True
451207,"항만, 수로, 댐 및 유사 구조물 건설업","건 설 업 > 종합 건설업 > 토목 건설업 > 토목 시설물 건설업 > 항만, 수로, 댐 및 유사 구조물 건설업",건 설 업,종합 건설업,토목 건설업,토목 시설물 건설업,41223,"항만, 수로, 댐 및 유사 구조물 건설업","종합적인 계획에 따라 관리되고 조성되는 항만시설, 댐 및 저수시설, 관개 및 기타 용도의 수로 등을 건설하는 산업활동을 말한다.","방파제 및 유사 구축물 건설|운하 및 유사 구축물 건설|항구 및 항만시설 건설|강 제방 및 유사 구조물 건설|부두, 잔교 및 유사 구조물 공사|저수지 개발 공사",조경용 인공호수(굴착) 건설|건축물 축조와 관련한 기초공사에 수반되는 배수로공사|송유관 등 관로(파이프라인) 설치 공사,,"방파제 및 유사 구축물|운하 및 유사 구축물|항구 및 항만시설|강 제방 및 유사 구조물|부두, 잔교 및 유사 구조물|저수지 개발",건설|개발|구축|관리,,KSIC 11차 (2024),True
451208,환경설비 건설업,건 설 업 > 종합 건설업 > 토목 건설업 > 토목 시설물 건설업 > 환경설비 건설업,건 설 업,종합 건설업,토목 건설업,토목 시설물 건설업,41224,환경설비 건설업,환경오염을 예방ㆍ제거ㆍ감축하거나 환경오염 물질을 처리ㆍ재활용하 기 위한 시설인 폐기물 처리 및 환경오염 방지시설을 건설하는 산업 활동을 말한다.,오수 및 폐수처리 시설공사|쓰레기처리 시설공사|하수 종말 처리장 시설공사|환경 오염방지 시설공사|분뇨처리 시설공사|폐기물 소각장 설치공사,관개 및 기타 용도의 수로 건설공사|산업 생산설비를 종합적으로 건설하는 공사,,오수 및 폐수처리 시설|쓰레기처리 시설|하수 종말 처리장 시설|환경 오염방지 시설|분뇨처리 시설|폐기물 소각장 설치,건설|설치|재활,,KSIC 11차 (2024),True
451300,산업 생산시설 종합 건설업,건 설 업 > 종합 건설업 > 토목 건설업 > 토목 시설물 건설업 > 산업 생산시설 종합 건설업,건 설 업,종합 건설업,토목 건설업,토목 시설물 건설업,41225,산업 생산시설 종합 건설업,"종합적인 계획에 따라 관리되고 조성되는 산업 생산시설, 전기 및 가 스 등 에너지 생산시설 등을 건설하는 산업활동을 말한다. 산업 생산 시설은 생산자가 목적으로 하는 원료, 에너지, 중간재, 최종 제품 등 을 독자적으로 생산할 수 있는 기계와 장치, 관련 구조물, 건물이 결 합된 단위 생산시설을 나타낸다.",화학공업설비 설치공사|발전설비 설치공사|화학 물질 처리설비 설치공사|광산설비 설치공사|도시가스 제조설비 설치공사,산업설비 설치용 건물 건설|설치는 해당 기계의 제조활동으로 분류|장비를 전문 건설업자가 조립|설치하는 경우,,화학공업설비 설치|발전설비 설치|화학 물질 처리설비 설치|광산설비 설치|도시가스 제조설비 설치,제조|생산|건설|설치|관리,,KSIC 11차 (2024),True
451400,조경 건설업,건 설 업 > 종합 건설업 > 토목 건설업 > 토목 시설물 건설업 > 조경 건설업,건 설 업,종합 건설업,토목 건설업,토목 시설물 건설업,41226,조경 건설업,"종합적인 계획에 따라 관리되고 조성되는 수목원, 공원, 녹지, 숲 조 성 등 경관 및 환경을 조성ㆍ개량하는 토목공사를 수행하는 산업활동 으로서 조경수, 잔디, 화초 등 각종 조경용 식물을 식재 또는 파종하 거나 조경 시설물을 설치하는 공사가 결합 수행될 수 있다.",외부 환경 조성공사|조경 건설공사|정원 조성공사|녹지 조성공사,,,외부 환경 조성|조경 건설|정원 조성|녹지 조성,건설|설치|관리,,KSIC 11차 (2024),True
452101,"미장, 타일 및 방수 공사업","건 설 업 > 전문직별 공사업 > 실내건축 및 건축마무리 공사업 > 기타 건축 마무리 공사업 > 미장, 타일 및 방수 공사업",건 설 업,전문직별 공사업,실내건축 및 건축마무리 공사업,기타 건축 마무리 공사업,42491,"미장, 타일 및 방수 공사업","전문직별 도급 건설업자가 건축물의 벽면 및 바닥의 미장공사, 방수 공사 및 타일공사를 수행하는 산업활동을 말한다.",모자이크공사|대리석 부착공사|프레스코공사|모래 분사 부착(취부)공사|타일 및 테라조 내장공사|회반죽 공사 및 관련 미장공사,"블록, 벽돌, 석재 조적공사|지붕공사|방음공사|핫 태핑, 콜드 태핑공사",,모자이크|대리석 부착|프레스코|모래 분사 부착(취부)|타일 및 테라조 내장|회반죽 공사 및 관련 미장,건설,,KSIC 11차 (2024),True
452102,유리 및 창호 공사업,건 설 업 > 전문직별 공사업 > 실내건축 및 건축마무리 공사업 > 유리 및 창호 공사업,건 설 업,전문직별 공사업,실내건축 및 건축마무리 공사업,유리 및 창호 공사업,42420,유리 및 창호 공사업,전문직별 건설업자가 각종 유리공사 및 창호공사를 전문적으로 수행 하는 산업활동을 말한다.,유리공사|유리 끼우기 공사|창문 유리 설치공사|플라스틱 창호 설치공사|목재 창호 설치공사|새시 설치공사|금속 창호 설치공사|일반 셔터 설치공사,회전문공사|회전문 또는 자동문 개폐장치 설치공사,,유리|유리 끼우기|창문 유리 설치|플라스틱 창호 설치|목재 창호 설치|새시 설치|금속 창호 설치|일반 셔터 설치,건설|설치,,KSIC 11차 (2024),True
452103,"보링, 그라우팅 및 관정 공사업","건 설 업 > 전문직별 공사업 > 기반조성 및 시설물 축조관련 전문공사업 > 기반조성 관련 전문공사업 > 보링, 그라우팅 및 관정 공사업",건 설 업,전문직별 공사업,기반조성 및 시설물 축조관련 전문공사업,기반조성 관련 전문공사업,42122,"보링, 그라우팅 및 관정 공사업","전문직별 도급 건설업자가 지반 또는 구조물 등에 천공을 하거나 압 력을 가하여 보강재를 설치하거나 회반죽 등을 주입 또는 혼합 처리 하는 공사를 수행하는 활동과 관정, 우물 등을 굴착하는 공사를 수행 하는 산업활동을 말한다.",보링 및 그라우팅공사|굴정공사|지하수 개발 공사|관정(관개용 우물)공사|우물공사,조경용 연못 건설,"보링, 그라우팅 공사",보링 및 그라우팅|굴정|지하수 개발|관정(관개용 우물)|우물,건설|설치|개발,,KSIC 11차 (2024),True
452104,배관 및 냉ㆍ난방 공사업,건 설 업 > 전문직별 공사업 > 건물설비 설치 공사업 > 배관 및 냉ㆍ난방 공사업,건 설 업,전문직별 공사업,건물설비 설치 공사업,건물설비 설치 공사업,42201,배관 및 냉ㆍ난방 공사업,"전문직별 건설업자가 건물이나 구축물 축조에 관련되는 배관, 냉․난 방, 환기 등 공기 조절설비의 설치․보수공사를 수행하는 산업활동을 말한다. 건물과 결합된 상수도, 하수시설 및 정화조 공사가 포함되나, 토목공사 성격을 갖는 하수관 및 하수 처리시설의 건설과 소방시설 성격의 배관공사는 제외한다.","보일러 공사|건물 내부 가스설비 설치공사|송풍관 건설 공사|환기시설 공사|화재방지용, 조경용 살수시설(스프링클러) 및 물펌프 설치 공사|보일러 연소기 설치공사|건물 하수시설 공사|건축물 등 설치용|배수시설(급수관, 배수설비) 공사|요업용, 금속용 요로 설치 공사|온돌 설치공사|보온ㆍ보냉 등 열절연 공사|태핑(핫태핑, 콜드태핑) 공사|덕트 설치공사","배관공사와 분리된 함석 및 판금공사|냉장고, 룸에어콘 등 가정용 기기 수리|토목성격의|하수도 배관공사|소방시설공사",,"보일러|건물 내부 가스설비 설치|송풍관 건설|환기시설|보일러 연소기 설치|건물 하수시설|건축물 등 설치용|배수시설(급수관, 배수설비)|요업용, 금속용 요로 설치|온돌 설치|보온ㆍ보냉 등 열절연|태핑(핫태핑, 콜드태핑)|덕트 설치",건설|축조|설치|구축,,KSIC 11차 (2024),True
452105,"도배, 실내 장식 및 내장 목공사업","건 설 업 > 전문직별 공사업 > 실내건축 및 건축마무리 공사업 > 도장, 도배 및 내장 공사업 > 도배, 실내 장식 및 내장 목공사업",건 설 업,전문직별 공사업,실내건축 및 건축마무리 공사업,"도장, 도배 및 내장 공사업",42412,"도배, 실내 장식 및 내장 목공사업","전문직별 건설업자가 건물 및 구축물 벽면의 도배공사, 카펫공사, 바 건 닥재 설치공사 등 실내 장식공사, 내장 목공사를 수행하는 산업활동 을 말한다.",벽지 부착공사|모노륨 등 바닥재 설치공사|마루 덮개공사|비닐장판 설치공사|장판 설치공사|목재 마루 깔기공사|목세공공사|목공물 부착공사|벽면 목공사|나무 및 금속 결합 실내 장식공사,문 및 창호 공사|형틀 목공사,도배,벽지 부착|모노륨 등 바닥재 설치|마루 덮개|비닐장판 설치|장판 설치|목재 마루 깔기|목세공|목공물 부착|벽면 목|나무 및 금속 결합 실내 장식,건설|설치|구축,,KSIC 11차 (2024),True
452106,"도배, 실내 장식 및 내장 목공사업","건 설 업 > 전문직별 공사업 > 실내건축 및 건축마무리 공사업 > 도장, 도배 및 내장 공사업 > 도배, 실내 장식 및 내장 목공사업",건 설 업,전문직별 공사업,실내건축 및 건축마무리 공사업,"도장, 도배 및 내장 공사업",42412,"도배, 실내 장식 및 내장 목공사업","전문직별 건설업자가 건물 및 구축물 벽면의 도배공사, 카펫공사, 바 건 닥재 설치공사 등 실내 장식공사, 내장 목공사를 수행하는 산업활동 을 말한다.",벽지 부착공사|모노륨 등 바닥재 설치공사|마루 덮개공사|비닐장판 설치공사|장판 설치공사|목재 마루 깔기공사|목세공공사|목공물 부착공사|벽면 목공사|나무 및 금속 결합 실내 장식공사,문 및 창호 공사|형틀 목공사,인테리어공사 등,벽지 부착|모노륨 등 바닥재 설치|마루 덮개|비닐장판 설치|장판 설치|목재 마루 깔기|목세공|목공물 부착|벽면 목|나무 및 금속 결합 실내 장식,건설|설치|구축,,KSIC 11차 (2024),True
452107,"도배, 실내 장식 및 내장 목공사업","건 설 업 > 전문직별 공사업 > 실내건축 및 건축마무리 공사업 > 도장, 도배 및 내장 공사업 > 도배, 실내 장식 및 내장 목공사업",건 설 업,전문직별 공사업,실내건축 및 건축마무리 공사업,"도장, 도배 및 내장 공사업",42412,"도배, 실내 장식 및 내장 목공사업","전문직별 건설업자가 건물 및 구축물 벽면의 도배공사, 카펫공사, 바 건 닥재 설치공사 등 실내 장식공사, 내장 목공사를 수행하는 산업활동 을 말한다.",벽지 부착공사|모노륨 등 바닥재 설치공사|마루 덮개공사|비닐장판 설치공사|장판 설치공사|목재 마루 깔기공사|목세공공사|목공물 부착공사|벽면 목공사|나무 및 금속 결합 실내 장식공사,문 및 창호 공사|형틀 목공사,,벽지 부착|모노륨 등 바닥재 설치|마루 덮개|비닐장판 설치|장판 설치|목재 마루 깔기|목세공|목공물 부착|벽면 목|나무 및 금속 결합 실내 장식,건설|설치|구축,,KSIC 11차 (2024),True
452108,포장 공사업,건 설 업 > 전문직별 공사업 > 기반조성 및 시설물 축조관련 전문공사업 > 기타 시설물 축조 관련 전문공사업 > 포장 공사업,건 설 업,전문직별 공사업,기반조성 및 시설물 축조관련 전문공사업,기타 시설물 축조 관련 전문공사업,42192,포장 공사업,"포장장비를 사용하여 역청 물질(아스팔트 등), 시멘트, 콘크리트 등으 로 도로 및 공항 등의 토목건설에 관련된 지면의 포장공사를 전문적 으로 수행하는 산업활동을 말한다.","아스팔트 포장공사|공항 활주로 포장공사|콘크리트 포장공사|과속 방지턱 설치공사|보도 블럭, 경계석, 특수 블럭 설치공사(석재 제외)",,,"아스팔트 포장|공항 활주로 포장|콘크리트 포장|과속 방지턱 설치|보도 블럭, 경계석, 특수 블럭 설치공사(석재 제외)",건설|설치|포장공사,,KSIC 11차 (2024),True
452109,수중 공사업,건 설 업 > 전문직별 공사업 > 기반조성 및 시설물 축조관련 전문공사업 > 기타 시설물 축조 관련 전문공사업 > 수중 공사업,건 설 업,전문직별 공사업,기반조성 및 시설물 축조관련 전문공사업,기타 시설물 축조 관련 전문공사업,42194,수중 공사업,전문직별 건설업자가 수중 또는 해저 작업이 요구되는 시설물을 설치 하거나 지장물을 해체하는 공사를 전문적으로 수행하는 산업활동을 말한다.,수중 건축 공사|잠수 및 수중 공사|수중 암석 파쇄공사|수중 구조물 설치 및 해체 공사,수중 터널 공사,,수중 건축|잠수 및 수중|수중 암석 파쇄|수중 구조물 설치 및 해체,건설|설치|해체,,KSIC 11차 (2024),True
452110,토공사업,건 설 업 > 전문직별 공사업 > 기반조성 및 시설물 축조관련 전문공사업 > 기반조성 관련 전문공사업 > 토공사업,건 설 업,전문직별 공사업,기반조성 및 시설물 축조관련 전문공사업,기반조성 관련 전문공사업,42121,토공사업,"계약에 의하여 도급 건설업자가 각종 공사를 위한 발파, 암석 제거, 굴착, 토사 운반, 땅 고르기, 절토, 성토, 비탈 보호, 물막이, 흙막이 및 관련 배수로 설치공사 등의 토공사 및 정지공사를 수행하는 산업 활동을 말한다.","공업용지 조성용 정지공사|사방공사|광산용지 조성관련 토공사|굴착, 흙 운반 및 땅 고르기공사|철도 도상 자갈공사|폐기물 매립지 굴착|선별|성토공사","건축물 축조 관련 굴착, 흙 운반, 배수로공사|택지 등 지반 조성공사|건물 축조관련 파일공사|묘지 개발 공급|판매",,"공업용지 조성용 정지|사방|광산용지 조성관련 토|굴착, 흙 운반 및 땅 고르기|철도 도상 자갈|폐기물 매립지 굴착|선별|성토",건설|설치,,KSIC 11차 (2024),True
452111,시설물 유지관리 공사업,건 설 업 > 전문직별 공사업 > 시설물 유지관리 공사업,건 설 업,전문직별 공사업,시설물 유지관리 공사업,시설물 유지관리 공사업,42500,시설물 유지관리 공사업,"시설물 완공 이후 그 기능을 보전하고 이용자의 편의와 안전을 높이 기 위하여 시설물을 점검․정비하고 개량․보수․보강하는 공사로서 2종 이상의 전문직별 공사업무 내용으로 수행하는 건축물 개량․보 수․보강공사를 수행하는 산업활동을 말한다. 건축물 증축․개축․재 축 및 대수선 공사, 건축물 이외 시설물 증설․확장공사, 주요 구조부 를 해체한 후 보수․보강 및 변경하는 공사, 전문 건설업종 중 1개 업종 업무 내용만으로 수행하는 건축물 개량․보수․보강공사는 제외 한다.",,,,시설물 유지관리,건설|해체|관리|정비|이용,,KSIC 11차 (2024),True
452112,"보링, 그라우팅 및 관정 공사업","건 설 업 > 전문직별 공사업 > 기반조성 및 시설물 축조관련 전문공사업 > 기반조성 관련 전문공사업 > 보링, 그라우팅 및 관정 공사업",건 설 업,전문직별 공사업,기반조성 및 시설물 축조관련 전문공사업,기반조성 관련 전문공사업,42122,"보링, 그라우팅 및 관정 공사업","전문직별 도급 건설업자가 지반 또는 구조물 등에 천공을 하거나 압 력을 가하여 보강재를 설치하거나 회반죽 등을 주입 또는 혼합 처리 하는 공사를 수행하는 활동과 관정, 우물 등을 굴착하는 공사를 수행 하는 산업활동을 말한다.",보링 및 그라우팅공사|굴정공사|지하수 개발 공사|관정(관개용 우물)공사|우물공사,조경용 연못 건설,관정공사,보링 및 그라우팅|굴정|지하수 개발|관정(관개용 우물)|우물,건설|설치|개발,,KSIC 11차 (2024),True
452113,파일공사 및 축조관련 기초 공사업,건 설 업 > 전문직별 공사업 > 기반조성 및 시설물 축조관련 전문공사업 > 기반조성 관련 전문공사업 > 파일공사 및 축조관련 기초 공사업,건 설 업,전문직별 공사업,기반조성 및 시설물 축조관련 전문공사업,기반조성 관련 전문공사업,42123,파일공사 및 축조관련 기초 공사업,"전문직별 도급 건설업자가 건축물의 축조에 관련되는 파일공사(항타 기에 의하여 파일을 박거나 샌드파일 등을 설치하는 공사), 축조용 대지 굴착 및 관련 흙 운반공사, 건축물 기초 공사관련 배수로공사 등의 축조관련 기초공사를 수행하는 산업활동을 말한다.","파일공사 및 관련공사|축조 관련 기초공사와 결합된 콘크리트공사|건축부지,|임업용지 배수로 공사","건설용지, 농지, 광산용지 등 지반조성 관련공사|사방공사 등 토공사",,파일공사 및 관련|축조 관련 기초공사와 결합된 콘크리트|건축부지|임업용지 배수로,건설|축조|설치,,KSIC 11차 (2024),True
452114,조적 및 석공사업,건 설 업 > 전문직별 공사업 > 기반조성 및 시설물 축조관련 전문공사업 > 기타 시설물 축조 관련 전문공사업 > 조적 및 석공사업,건 설 업,전문직별 공사업,기반조성 및 시설물 축조관련 전문공사업,기타 시설물 축조 관련 전문공사업,42191,조적 및 석공사업,전문직별 도급 건설업자가 구조물의 벽체나 기초 등을 시멘트 블록ㆍ 벽돌 등의 재료를 모르타르 등의 교착제로 부착시키거나 장치하여 쌓 거나 석재를 사용하여 시설물 등을 시공하는 공사를 수행하는 산업활 동을 말한다.,석조공사|벽돌 구조재 설치공사|벽돌 조적공사|조립식 벽면 부착공사|석재 조적공사|콘크리트 블록 조적공사|인도ㆍ광장 등 석재 포장공사|판석 포장공사|굴뚝 공사,,,석조|벽돌 구조재 설치|벽돌 조적|조립식 벽면 부착|석재 조적|콘크리트 블록 조적|인도ㆍ광장 등 석재 포장|판석 포장|굴뚝,조립|건설|시공|설치|포장공사,,KSIC 11차 (2024),True
452115,"방음, 방진 및 내화 공사업","건 설 업 > 전문직별 공사업 > 건물설비 설치 공사업 > 방음, 방진 및 내화 공사업",건 설 업,전문직별 공사업,건물설비 설치 공사업,건물설비 설치 공사업,42204,"방음, 방진 및 내화 공사업","전문직별 도급 건설업자가 건축물 축조와 관련하여 건물의 벽 및 천 정 등에 방음, 방진 및 내화 물질을 주입 또는 설치하는 산업활동을 말한다.",방열 및 방음공사|방음 및 음향 조절공사|방진 공사,미장 및 방수공사|난방 배관공사,,방열 및 방음|방음 및 음향 조절|방진,건설|축조|설치,,KSIC 11차 (2024),True
452116,소방시설 공사업,건 설 업 > 전문직별 공사업 > 건물설비 설치 공사업 > 소방시설 공사업,건 설 업,전문직별 공사업,건물설비 설치 공사업,건물설비 설치 공사업,42205,소방시설 공사업,건축물 축조와 관련하여 소방시설을 설치하는 산업활동을 말한다. 옥외 소화전 설치공사를 포함한다.,소화전 설치공사|건물 및 구축물 소방시설 공사|방화 셔터 설치공사,소방시설 설계 및 감리|일반 셔터 설치공사,,소화전 설치|건물 및 구축물 소방시설|방화 셔터 설치,축조|설치|구축,,KSIC 11차 (2024),True
452117,건물 및 구축물 해체 공사업,건 설 업 > 전문직별 공사업 > 기반조성 및 시설물 축조관련 전문공사업 > 건물 및 구축물 해체 공사업,건 설 업,전문직별 공사업,기반조성 및 시설물 축조관련 전문공사업,건물 및 구축물 해체 공사업,42110,건물 및 구축물 해체 공사업,계약에 의하여 도급 건설업자가 토목구축물 및 건물의 해체 또는 철 거공사를 전문적으로 수행하는 산업활동을 말한다. 건축물의 해체과 정에서 얻어지는 재활용 물질의 판매활동이 결합될 수 있다.,건축물 해체관련 발파공사|건축물 철거공사|건축물 해체공사|구축물 철거공사,,,건축물 해체관련 발파|건축물 철거|건축물 해체|구축물 철거,건설|해체|판매|구축|재활,,KSIC 11차 (2024),True
452118,철골 및 관련 구조물 공사업,"건 설 업 > 전문직별 공사업 > 기반조성 및 시설물 축조관련 전문공사업 > 철골, 철근 및 콘크리트 공사업 > 철골 및 관련 구조물 공사업",건 설 업,전문직별 공사업,기반조성 및 시설물 축조관련 전문공사업,"철골, 철근 및 콘크리트 공사업",42131,철골 및 관련 구조물 공사업,전문직별 건설업자가 건축물의 철골조 및 뼈대 등 관련 구조물을 설 치하는 산업활동을 말한다.,"철골공사|철골 용접공사|철강 구조물 조립, 설치공사|철제 수문 등 조립, 설치공사|철탑, 철교 조립 및 설치공사","토목공사와 병행하는 철탑, 철교 등 철구조물 조립|설치공사",,"철골|철골 용접|철강 구조물 조립, 설치|철제 수문 등 조립, 설치|철탑, 철교 조립 및 설치",조립|건설|설치,,KSIC 11차 (2024),True
452119,콘크리트 및 철근 공사업,"건 설 업 > 전문직별 공사업 > 기반조성 및 시설물 축조관련 전문공사업 > 철골, 철근 및 콘크리트 공사업 > 콘크리트 및 철근 공사업",건 설 업,전문직별 공사업,기반조성 및 시설물 축조관련 전문공사업,"철골, 철근 및 콘크리트 공사업",42132,콘크리트 및 철근 공사업,"전문직별 건설업자가 콘크리트공사, 철근공사 및 철근 콘크리트공사 를 수행하는 산업활동을 말한다. 포장장비를 사용하지 않는 소규모 도로 콘크리트 포장공사를 포함한다. 건",콘크리트공사|철근콘크리트공사|철근공사|프리스트레스트 콘크리트공사(PSC),"축조 관련 기초공사와 결합된 콘크리트공사|벽면, 바닥의 회반죽 공사 및 미장공사",,콘크리트|철근콘크리트|철근|프리스트레스트 콘크리트공사(PSC),건설|포장공사|리스,,KSIC 11차 (2024),True
452120,비계 및 형틀 공사업,건 설 업 > 전문직별 공사업 > 기반조성 및 시설물 축조관련 전문공사업 > 기타 시설물 축조 관련 전문공사업 > 비계 및 형틀 공사업,건 설 업,전문직별 공사업,기반조성 및 시설물 축조관련 전문공사업,기타 시설물 축조 관련 전문공사업,42195,비계 및 형틀 공사업,"전문직별 도급 건설업자가 수행하는 일반 비계공사, 발판 가설공사, 특수 중량물 설치공사, 콘크리트 형틀 설치공사, 기타 건축공사 보조 물을 설치하는 산업활동을 말한다.",콘크리트 형틀(거푸집) 설치공사|발판 가설공사|건축공사 보조물 설치공사,철근 콘크리트 공사와 결합 수행하는 형틀공사,,콘크리트 형틀(거푸집) 설치|발판 가설|건축공사 보조물 설치,건설|설치,,KSIC 11차 (2024),True
452121,건물용 금속 공작물 설치 공사업,건 설 업 > 전문직별 공사업 > 실내건축 및 건축마무리 공사업 > 기타 건축 마무리 공사업 > 건물용 금속 공작물 설치 공사업,건 설 업,전문직별 공사업,실내건축 및 건축마무리 공사업,기타 건축 마무리 공사업,42492,건물용 금속 공작물 설치 공사업,전문직별 건설업자가 건축물을 완성 및 마무리하는 과정에서 각종 금 속공작물을 설치하는 산업활동을 말한다.,"금속제 장식용 아치 설치공사|장식용 금속 공작물 설치공사|금속제 발코니 설치공사|장식용 금속제 모형 설치공사|금속제 차광막 설치공사|철사다리, 철난간, 철계단 설치공사",금속 구조재 제조업체가 설치하는 경우|축조관련 울타리 설치 공사 및 철망공사,,"금속제 장식용 아치 설치|장식용 금속 공작물 설치|금속제 발코니 설치|장식용 금속제 모형 설치|금속제 차광막 설치|철사다리, 철난간, 철계단 설치",건설|설치,,KSIC 11차 (2024),True
452122,철도 궤도 전문공사업,건 설 업 > 전문직별 공사업 > 기반조성 및 시설물 축조관련 전문공사업 > 기타 시설물 축조 관련 전문공사업 > 철도 궤도 전문공사업,건 설 업,전문직별 공사업,기반조성 및 시설물 축조관련 전문공사업,기타 시설물 축조 관련 전문공사업,42193,철도 궤도 전문공사업,철도 및 지하철 건설에 관련된 철도 궤도의 부설공사를 전문적으로 수행하는 산업활동을 말한다.,"궤도공사, 궤도 용접공사|선로 차단공사|침목(목재, 콘크리트 침목) 설치공사",,,"궤도공사, 궤도 용접|선로 차단|침목(목재, 콘크리트 침목) 설치",건설|설치,,KSIC 11차 (2024),True
452123,"지붕, 내ㆍ외벽 축조 관련 전문공사업","건 설 업 > 전문직별 공사업 > 기반조성 및 시설물 축조관련 전문공사업 > 기타 시설물 축조 관련 전문공사업 > 지붕, 내ㆍ외벽 축조 관련 전문공사업",건 설 업,전문직별 공사업,기반조성 및 시설물 축조관련 전문공사업,기타 시설물 축조 관련 전문공사업,42196,"지붕, 내ㆍ외벽 축조 관련 전문공사업","지붕 및 판금 설치공사, 내벽․외벽․바닥 패널 조립공사, 천장․벽 체․칸막이 공사를 전문적으로 수행하는 산업활동을 말한다.","지붕 단열, 장식 공사|판금 설치 공사|빗물받이 및 홈통 설치공사",함석공사(배관공사 관련|지붕 잇기공사와 분리되어 수행되는 지붕 도장공사,,"지붕 단열, 장식|판금 설치|빗물받이 및 홈통 설치",조립|축조|설치,,KSIC 11차 (2024),True
452124,승강설비 설치 공사업,건 설 업 > 전문직별 공사업 > 건물설비 설치 공사업 > 승강설비 설치 공사업,건 설 업,전문직별 공사업,건물설비 설치 공사업,건물설비 설치 공사업,42203 | 42202,승강설비 설치 공사업 | 건물용 기계ㆍ장비 설치 공사업,전문직별 건설업자가 건물이나 구축물의 본래 기능 수행을 위해 결합 설치되는 각종 기계 설비 및 장치를 설치하는 산업활동을 말한다. / 전문직별 건설업자가 건물이나 구축물의 본래 기능 수행을 위해 결합 설치되는 각종 승강설비 및 장치를 설치하는 산업활동을 말한다.,"물품 이동장치 설치공사|식품 이동장치 설치공사|집진기 설치공사|회전식 문 설치공사|기계식 주차 설비공사|건물 기계설비 제어기기 설치공사|지능형 제어시스템ㆍ자동 원격 검침설비 등 자동 제어공사|시스템 에어컨(GHP, 가스엔진|난방기) 설치 공사|시스템 에어컨(EHP, 전기엔진|피뢰침 등 낙뢰 방지설비 설치공사|엘리베이터(화물용 포함) 설치공사|리프트 및 에스컬레이터 설치공사|자동 길(무빙워크) 설치공사",토목공사 성격의 산업 설비공사|건물 내 배관 공사|건축물 관련 전기 공사 및 통신장비 설치공사|창호 설치공사,,"물품 이동장치 설치|식품 이동장치 설치|집진기 설치|회전식 문 설치|기계식 주차 설비|건물 기계설비 제어기기 설치|지능형 제어시스템ㆍ자동 원격 검침설비 등 자동 제어|시스템 에어컨(GHP, 가스엔진|난방기) 설치|시스템 에어컨(EHP, 전기엔진|피뢰침 등 낙뢰 방지설비 설치|엘리베이터(화물용 포함) 설치|리프트 및 에스컬레이터 설치|자동 길(무빙워크) 설치",건설|설치|구축,,KSIC 11차 (2024),True
452125,일반 전기 공사업,건 설 업 > 전문직별 공사업 > 전기 및 통신 공사업 > 전기 공사업 > 일반 전기 공사업,건 설 업,전문직별 공사업,전기 및 통신 공사업,전기 공사업,42311,일반 전기 공사업,"송․배전 설비공사, 송․배전선 설치공사 등과 같은 전기 관련 토목 공사 성격의 공사를 수행하는 산업활동을 말한다. 전기 설비공사와 관련한 구조물 건설활동도 포함한다.",송전 및 배전선 케이블공사|가로 조명 시설공사|교통 통제용 전기 시설공사|배전탑 공사,,,송전 및 배전선 케이블|가로 조명 시설|교통 통제용 전기 시설|배전탑,건설|설치,,KSIC 11차 (2024),True
452126,내부 전기배선 공사업,건 설 업 > 전문직별 공사업 > 전기 및 통신 공사업 > 전기 공사업 > 내부 전기배선 공사업,건 설 업,전문직별 공사업,전기 및 통신 공사업,전기 공사업,42312,내부 전기배선 공사업,건축물 내부의 전기 배선공사를 전문적으로 수행하는 산업활동을 말 한다.,건물 전기 배선공사|도난 방지용 전기 설비공사|지능형 빌딩시스템(IBS) 전기설비 제어 및 감시 공사|에너지관리시스템(EMS) 전기설비 제어 및 감시 공사,,,건물 전기 배선|도난 방지용 전기 설비|지능형 빌딩시스템(IBS) 전기설비 제어 및 감시|에너지관리시스템(EMS) 전기설비 제어 및 감시,관리,,KSIC 11차 (2024),True
452127,일반 통신 공사업,건 설 업 > 전문직별 공사업 > 전기 및 통신 공사업 > 통신 공사업 > 일반 통신 공사업,건 설 업,전문직별 공사업,전기 및 통신 공사업,통신 공사업,42321,일반 통신 공사업,통신 케이블 공사 및 통신선 관련 구조물 설치 등 토목공사의 성격을 가지는 통신공사를 수행하는 산업활동을 말한다.,통신 케이블공사|통신탑 설치공사|해저 통신 케이블공사,,,통신 케이블|통신탑 설치|해저 통신 케이블,설치|통신,,KSIC 11차 (2024),True
452128,내부 통신배선 공사업,건 설 업 > 전문직별 공사업 > 전기 및 통신 공사업 > 통신 공사업 > 내부 통신배선 공사업,건 설 업,전문직별 공사업,전기 및 통신 공사업,통신 공사업,42322,내부 통신배선 공사업,건축물 내부의 통신배선 공사를 전문적으로 수행하는 산업활동을 말 한다.,구내 정보통신(LAN) 공사|케이블 TV 접속공사|경보조직 관련 통신배선 설치공사|지능형 빌딩시스템(IBS) 통신설비 제어 및 감시 공사|원격자동검침(AMR) 통신설비 공사,,,구내 정보통신(LAN)|케이블 TV 접속|경보조직 관련 통신배선 설치|지능형 빌딩시스템(IBS) 통신설비 제어 및 감시|원격자동검침(AMR) 통신설비,설치|통신,,KSIC 11차 (2024),True
452129,도장 공사업,"건 설 업 > 전문직별 공사업 > 실내건축 및 건축마무리 공사업 > 도장, 도배 및 내장 공사업 > 도장 공사업",건 설 업,전문직별 공사업,실내건축 및 건축마무리 공사업,"도장, 도배 및 내장 공사업",42411,도장 공사업,"전문직별 건설업자가 건물, 구축물 및 구조물 등의 도장공사를 수행 하는 산업활동을 말한다.",선박 도장공사|건물|외부 도장공사|교량 및 기타 구축물 도장공사|도로선 표시 도장(도로 건설활동과 분리된)공사|부식 방지용 도장공사,도로선 표시 도장(도로포장 활동과 결합된)공사|프레스코공사,,선박 도장|건물|외부 도장|교량 및 기타 구축물 도장|도로선 표시 도장(도로 건설활동과 분리된)|부식 방지용 도장,건설|구축,,KSIC 11차 (2024),True
452130,기타 기반조성 관련 전문공사업,건 설 업 > 전문직별 공사업 > 기반조성 및 시설물 축조관련 전문공사업 > 기반조성 관련 전문공사업 > 기타 기반조성 관련 전문공사업,건 설 업,전문직별 공사업,기반조성 및 시설물 축조관련 전문공사업,기반조성 관련 전문공사업,42129,기타 기반조성 관련 전문공사업,"토공사, 보링 및 그라우팅 공사, 파일공사 이외의 기타 기반조성과 관 련된 전문공사를 수행하는 산업활동을 말한다.",,,,기타 기반조성 관련 전문,,,KSIC 11차 (2024),True
452131,기타 옥외 시설물 축조관련 전문공사업,건 설 업 > 전문직별 공사업 > 기반조성 및 시설물 축조관련 전문공사업 > 기타 시설물 축조 관련 전문공사업 > 기타 옥외 시설물 축조관련 전문공사업,건 설 업,전문직별 공사업,기반조성 및 시설물 축조관련 전문공사업,기타 시설물 축조 관련 전문공사업,42199,기타 옥외 시설물 축조관련 전문공사업,"건축물 공사와 관계없이 독립적으로 조성되는 조경 시설물 설치공사, 삭도공사, 옥외 안전․경계․방호․방음 시설물 축조와 관련한 공사 를 전문적으로 수행하는 산업활동을 말한다.","삭도(케이블카, 리프트 등) 공사|가드레일, 표지판, 방호 울타리, 낙석 방지망|철도기계 신호공사, 건널목 차단기 공사","함석공사(배관공사 관련|지붕 잇기 공사와 분리되어 수행되는 지붕 도장공사|철골, 철강재 구조물 설치공사",,"삭도(케이블카, 리프트 등)|가드레일, 표지판, 방호 울타리, 낙석 방지망|철도기계 신호공사, 건널목 차단기",축조|설치,,KSIC 11차 (2024),True
452132,배관 및 냉ㆍ난방 공사업,건 설 업 > 전문직별 공사업 > 건물설비 설치 공사업 > 배관 및 냉ㆍ난방 공사업,건 설 업,전문직별 공사업,건물설비 설치 공사업,건물설비 설치 공사업,42201,배관 및 냉ㆍ난방 공사업,"전문직별 건설업자가 건물이나 구축물 축조에 관련되는 배관, 냉․난 방, 환기 등 공기 조절설비의 설치․보수공사를 수행하는 산업활동을 말한다. 건물과 결합된 상수도, 하수시설 및 정화조 공사가 포함되나, 토목공사 성격을 갖는 하수관 및 하수 처리시설의 건설과 소방시설 성격의 배관공사는 제외한다.","보일러 공사|건물 내부 가스설비 설치공사|송풍관 건설 공사|환기시설 공사|화재방지용, 조경용 살수시설(스프링클러) 및 물펌프 설치 공사|보일러 연소기 설치공사|건물 하수시설 공사|건축물 등 설치용|배수시설(급수관, 배수설비) 공사|요업용, 금속용 요로 설치 공사|온돌 설치공사|보온ㆍ보냉 등 열절연 공사|태핑(핫태핑, 콜드태핑) 공사|덕트 설치공사","배관공사와 분리된 함석 및 판금공사|냉장고, 룸에어콘 등 가정용 기기 수리|토목성격의|하수도 배관공사|소방시설공사",상하수도설비공사,"보일러|건물 내부 가스설비 설치|송풍관 건설|환기시설|보일러 연소기 설치|건물 하수시설|건축물 등 설치용|배수시설(급수관, 배수설비)|요업용, 금속용 요로 설치|온돌 설치|보온ㆍ보냉 등 열절연|태핑(핫태핑, 콜드태핑)|덕트 설치",건설|축조|설치|구축,,KSIC 11차 (2024),True
452200,그 외 기타 건축 마무리 공사업,건 설 업 > 전문직별 공사업 > 실내건축 및 건축마무리 공사업 > 기타 건축 마무리 공사업 > 그 외 기타 건축 마무리 공사업,건 설 업,전문직별 공사업,실내건축 및 건축마무리 공사업,기타 건축 마무리 공사업,42499,그 외 기타 건축 마무리 공사업,전문직별 도급건설업자가 수행하는 달리 분류되지 않은 건축 마무리 공사를 수행하는 산업활동을 말한다.,"건축물 외부 증기청소 공사|바닥 정리 및 청소 공사|비금속제 건물부착 공작물(차광발, 커튼고리, 커튼 등) 설치공사",,,건축물 외부 증기청소|바닥 정리 및 청소,건설|설치|청소,,KSIC 11차 (2024),True
452201,기타 건물 관련설비 설치 공사업,건 설 업 > 전문직별 공사업 > 건물설비 설치 공사업 > 기타 건물 관련설비 설치 공사업,건 설 업,전문직별 공사업,건물설비 설치 공사업,건물설비 설치 공사업,42209,기타 건물 관련설비 설치 공사업,전문직별 건설업자에 의하여 수행되며 달리 분류되지 않은 건물 및 구조물 관련 부지 내 각종 설비를 설치하는 산업활동을 말한다.,"울타리(펜스, fence), 게양대 설치공사|철망 설치공사|옥외 모형 장식물 설치공사|풀장 설치공사|보도블록 깔기 공사(건축물 구내)|모래 깔기 공사(건축물 구내)","함석공사(배관공사 관련|지붕 잇기공사와 분리되어 수행되는 지붕 도장공사|철골, 철강재 구조물 설치공사|실외 수영경기장 건설업",,"울타리(펜스, fence), 게양대 설치|철망 설치|옥외 모형 장식물 설치|풀장 설치|보도블록 깔기 공사(건축물 구내)|모래 깔기 공사(건축물 구내)",건설|설치,,KSIC 11차 (2024),True
453000,건설장비 운영업,건 설 업 > 전문직별 공사업 > 건설장비 운영업,건 설 업,전문직별 공사업,건설장비 운영업,건설장비 운영업,42600,건설장비 운영업,"수수료 또는 계약에 의하여 개인 또는 다른 건설업자(종합, 전문, 자 영)의 요구에 따라 각종 건설용 기계 및 장비를 운전자와 함께 제공 하는 산업활동을 말한다. 도급 건설업자가 직접 도급건설 계약을 체 결하고, 자기 소유의 기계장비로 계약공사를 수행할 경우에는 그 계 약 건설 내용에 따라 적합한 항목에 각각 분류한다.",건설용 기계장비 운영업,,,건설용 기계장비 운,건설,,KSIC 11차 (2024),True
501101,자동차 신품 판매업,도매 및 소매업 > 자동차 및 부품 판매업 > 자동차 판매업 > 자동차 신품 판매업,도매 및 소매업,자동차 및 부품 판매업,자동차 판매업,자동차 신품 판매업,45110,자동차 신품 판매업,신품의 각종 자동차를 도․소매 및 중개하는 산업활동을 말한다.,"각종 승용차|소매|각종 화물 차량|트레일러|공업용 경자동차|응급 구급차(앰뷸런스)|특수 승용 자동차|특장차|도로 주행용 차량 중개|설상용 차량, 골프용 차량",,도매,"각종 승용차|각종 화물 차량|트레일러|공업용 경자동차|응급 구급차(앰뷸런스)|특수 승용 자동차|특장차|도로 주행용 차량|설상용 차량, 골프용 차량",소매|판매|중개,,KSIC 11차 (2024),True
501103,중고 자동차 판매업,도매 및 소매업 > 자동차 및 부품 판매업 > 자동차 판매업 > 중고 자동차 판매업,도매 및 소매업,자동차 및 부품 판매업,자동차 판매업,중고 자동차 판매업,45120,중고 자동차 판매업,각종 중고 자동차를 도․소매하거나 중개하는 산업활동을 말한다.,중고 화물차|소매|중고 버스 및 트럭|중고 자동차 매매|중고 승용차,,도매,중고 화물차|중고 버스 및 트럭|중고 자동차 매매|중고 승용차,소매|판매|중개,,KSIC 11차 (2024),True
501201,자동차 신품 판매업,도매 및 소매업 > 자동차 및 부품 판매업 > 자동차 판매업 > 자동차 신품 판매업,도매 및 소매업,자동차 및 부품 판매업,자동차 판매업,자동차 신품 판매업,45110,자동차 신품 판매업,신품의 각종 자동차를 도․소매 및 중개하는 산업활동을 말한다.,"각종 승용차|소매|각종 화물 차량|트레일러|공업용 경자동차|응급 구급차(앰뷸런스)|특수 승용 자동차|특장차|도로 주행용 차량 중개|설상용 차량, 골프용 차량",,소매,"각종 승용차|각종 화물 차량|트레일러|공업용 경자동차|응급 구급차(앰뷸런스)|특수 승용 자동차|특장차|도로 주행용 차량|설상용 차량, 골프용 차량",소매|판매|중개,,KSIC 11차 (2024),True
501202,중고 자동차 판매업,도매 및 소매업 > 자동차 및 부품 판매업 > 자동차 판매업 > 중고 자동차 판매업,도매 및 소매업,자동차 및 부품 판매업,자동차 판매업,중고 자동차 판매업,45120,중고 자동차 판매업,각종 중고 자동차를 도․소매하거나 중개하는 산업활동을 말한다.,중고 화물차|소매|중고 버스 및 트럭|중고 자동차 매매|중고 승용차,,소매,중고 화물차|중고 버스 및 트럭|중고 자동차 매매|중고 승용차,소매|판매|중개,,KSIC 11차 (2024),True
501301,자동차 신품 판매업,도매 및 소매업 > 자동차 및 부품 판매업 > 자동차 판매업 > 자동차 신품 판매업,도매 및 소매업,자동차 및 부품 판매업,자동차 판매업,자동차 신품 판매업,45110,자동차 신품 판매업,신품의 각종 자동차를 도․소매 및 중개하는 산업활동을 말한다.,"각종 승용차|소매|각종 화물 차량|트레일러|공업용 경자동차|응급 구급차(앰뷸런스)|특수 승용 자동차|특장차|도로 주행용 차량 중개|설상용 차량, 골프용 차량",,중개 매매 알선업,"각종 승용차|각종 화물 차량|트레일러|공업용 경자동차|응급 구급차(앰뷸런스)|특수 승용 자동차|특장차|도로 주행용 차량|설상용 차량, 골프용 차량",소매|판매|중개,,KSIC 11차 (2024),True
501302,자동차 신품 판매업,도매 및 소매업 > 자동차 및 부품 판매업 > 자동차 판매업 > 자동차 신품 판매업,도매 및 소매업,자동차 및 부품 판매업,자동차 판매업,자동차 신품 판매업,45110,자동차 신품 판매업,신품의 각종 자동차를 도․소매 및 중개하는 산업활동을 말한다.,"각종 승용차|소매|각종 화물 차량|트레일러|공업용 경자동차|응급 구급차(앰뷸런스)|특수 승용 자동차|특장차|도로 주행용 차량 중개|설상용 차량, 골프용 차량",,판매대리,"각종 승용차|각종 화물 차량|트레일러|공업용 경자동차|응급 구급차(앰뷸런스)|특수 승용 자동차|특장차|도로 주행용 차량|설상용 차량, 골프용 차량",소매|판매|중개,,KSIC 11차 (2024),True
501303,중고 자동차 판매업,도매 및 소매업 > 자동차 및 부품 판매업 > 자동차 판매업 > 중고 자동차 판매업,도매 및 소매업,자동차 및 부품 판매업,자동차 판매업,중고 자동차 판매업,45120,중고 자동차 판매업,각종 중고 자동차를 도․소매하거나 중개하는 산업활동을 말한다.,중고 화물차|소매|중고 버스 및 트럭|중고 자동차 매매|중고 승용차,,판매대리,중고 화물차|중고 버스 및 트럭|중고 자동차 매매|중고 승용차,소매|판매|중개,,KSIC 11차 (2024),True
503001,자동차 신품 타이어 및 튜브 판매업,도매 및 소매업 > 자동차 및 부품 판매업 > 자동차 부품 및 내장품 판매업 > 자동차 신품 부품 및 내장품 판매업 > 자동차 신품 타이어 및 튜브 판매업,도매 및 소매업,자동차 및 부품 판매업,자동차 부품 및 내장품 판매업,자동차 신품 부품 및 내장품 판매업,45211,자동차 신품 타이어 및 튜브 판매업,자동차용 신품 타이어 및 튜브를 도․소매하는 산업활동을 말한다.,차량용 타이어|소매|차량용 튜브,,도매,차량용 타이어|차량용 튜브,소매|판매,,KSIC 11차 (2024),True
503002,자동차 신품 타이어 및 튜브 판매업,도매 및 소매업 > 자동차 및 부품 판매업 > 자동차 부품 및 내장품 판매업 > 자동차 신품 부품 및 내장품 판매업 > 자동차 신품 타이어 및 튜브 판매업,도매 및 소매업,자동차 및 부품 판매업,자동차 부품 및 내장품 판매업,자동차 신품 부품 및 내장품 판매업,45211,자동차 신품 타이어 및 튜브 판매업,자동차용 신품 타이어 및 튜브를 도․소매하는 산업활동을 말한다.,차량용 타이어|소매|차량용 튜브,,소매,차량용 타이어|차량용 튜브,소매|판매,,KSIC 11차 (2024),True
503003,자동차 중고 부품 및 내장품 판매업,도매 및 소매업 > 자동차 및 부품 판매업 > 자동차 부품 및 내장품 판매업 > 자동차 중고 부품 및 내장품 판매업,도매 및 소매업,자동차 및 부품 판매업,자동차 부품 및 내장품 판매업,자동차 중고 부품 및 내장품 판매업,45220,자동차 중고 부품 및 내장품 판매업,자동차용 각종 중고 부품 및 내장품을 도․소매하는 산업활동을 말한다.,카인테리어 중고 부품 판매|차량용 중고 축전지(배터리)|소매|차량용 중고 에어컨|차량용 중고 타이어 및 튜브 판매,,도매,카인테리어 중고 부품|차량용 중고 축전지(배터리)|차량용 중고 에어컨|차량용 중고 타이어 및 튜브,소매|판매,,KSIC 11차 (2024),True
503004,자동차 중고 부품 및 내장품 판매업,도매 및 소매업 > 자동차 및 부품 판매업 > 자동차 부품 및 내장품 판매업 > 자동차 중고 부품 및 내장품 판매업,도매 및 소매업,자동차 및 부품 판매업,자동차 부품 및 내장품 판매업,자동차 중고 부품 및 내장품 판매업,45220,자동차 중고 부품 및 내장품 판매업,자동차용 각종 중고 부품 및 내장품을 도․소매하는 산업활동을 말한다.,카인테리어 중고 부품 판매|차량용 중고 축전지(배터리)|소매|차량용 중고 에어컨|차량용 중고 타이어 및 튜브 판매,,소매,카인테리어 중고 부품|차량용 중고 축전지(배터리)|차량용 중고 에어컨|차량용 중고 타이어 및 튜브,소매|판매,,KSIC 11차 (2024),True
503005,기타 자동차 신품 부품 및 내장품 판매업,도매 및 소매업 > 자동차 및 부품 판매업 > 자동차 부품 및 내장품 판매업 > 자동차 신품 부품 및 내장품 판매업 > 기타 자동차 신품 부품 및 내장품 판매업,도매 및 소매업,자동차 및 부품 판매업,자동차 부품 및 내장품 판매업,자동차 신품 부품 및 내장품 판매업,45219,기타 자동차 신품 부품 및 내장품 판매업,"자동차용 타이어 및 튜브, 전용 부품, 전기․전자․정밀기기류를 제외 한 자동차 신품 부품 및 내장품을 도․소매하는 산업활동을 말한다.",자동차 좌석덮개(시트커버)|소매|자동차 액세서리|자동차 인테리어용품|차량용 유리,자동차 타이어 및 튜브|소매,카인테리어(액세서리),자동차 좌석덮개(시트커버)|자동차 액세서리|자동차 인테리어용품|차량용 유리,소매|판매,,KSIC 11차 (2024),True
503006,자동차용 전용 신품 부품 판매업,도매 및 소매업 > 자동차 및 부품 판매업 > 자동차 부품 및 내장품 판매업 > 자동차 신품 부품 및 내장품 판매업 > 자동차용 전용 신품 부품 판매업,도매 및 소매업,자동차 및 부품 판매업,자동차 부품 및 내장품 판매업,자동차 신품 부품 및 내장품 판매업,45212,자동차용 전용 신품 부품 판매업,도매 및 소매업 자동차 엔진․차체․동력 전달장치․전기장치 및 그 외 전용 신품 부 품을 판매하는 산업활동을 말한다.,"자동차 엔진용 부품|소매|자동차 차체용 부품|자동차 동력 전달장치용 부품|소매 G|자동차 전기장치용 전용 부품(점화, 배선장치 등)|자동차 조향장치 부품|자동차 현가장치 부품",,도매,"자동차 엔진용 부품|자동차 차체용 부품|자동차 동력 전달장치용 부품|소매 G|자동차 전기장치용 전용 부품(점화, 배선장치 등)|자동차 조향장치 부품|자동차 현가장치 부품",도매|소매|판매,,KSIC 11차 (2024),True
503007,자동차 내장용 신품 전기ㆍ전자ㆍ정밀기기 판매업,도매 및 소매업 > 자동차 및 부품 판매업 > 자동차 부품 및 내장품 판매업 > 자동차 신품 부품 및 내장품 판매업 > 자동차 내장용 신품 전기ㆍ전자ㆍ정밀기기 판매업,도매 및 소매업,자동차 및 부품 판매업,자동차 부품 및 내장품 판매업,자동차 신품 부품 및 내장품 판매업,45213,자동차 내장용 신품 전기ㆍ전자ㆍ정밀기기 판매업,자동차 전용 부품을 제외한 내장용 신품 전기․전자․정밀 기기류를 판매하는 산업활동을 말한다.,"차량 경보기|소매|자동차용 에어컨|자동차용 라디오, 오디오|자동차용 스피커",,도매,"차량 경보기|자동차용 에어컨|자동차용 라디오, 오디오|자동차용 스피커",소매|판매,,KSIC 11차 (2024),True
503008,기타 자동차 신품 부품 및 내장품 판매업,도매 및 소매업 > 자동차 및 부품 판매업 > 자동차 부품 및 내장품 판매업 > 자동차 신품 부품 및 내장품 판매업 > 기타 자동차 신품 부품 및 내장품 판매업,도매 및 소매업,자동차 및 부품 판매업,자동차 부품 및 내장품 판매업,자동차 신품 부품 및 내장품 판매업,45219,기타 자동차 신품 부품 및 내장품 판매업,"자동차용 타이어 및 튜브, 전용 부품, 전기․전자․정밀기기류를 제외 한 자동차 신품 부품 및 내장품을 도․소매하는 산업활동을 말한다.",자동차 좌석덮개(시트커버)|소매|자동차 액세서리|자동차 인테리어용품|차량용 유리,자동차 타이어 및 튜브|소매,도매,자동차 좌석덮개(시트커버)|자동차 액세서리|자동차 인테리어용품|차량용 유리,소매|판매,,KSIC 11차 (2024),True
503009,자동차용 전용 신품 부품 판매업,도매 및 소매업 > 자동차 및 부품 판매업 > 자동차 부품 및 내장품 판매업 > 자동차 신품 부품 및 내장품 판매업 > 자동차용 전용 신품 부품 판매업,도매 및 소매업,자동차 및 부품 판매업,자동차 부품 및 내장품 판매업,자동차 신품 부품 및 내장품 판매업,45212,자동차용 전용 신품 부품 판매업,도매 및 소매업 자동차 엔진․차체․동력 전달장치․전기장치 및 그 외 전용 신품 부 품을 판매하는 산업활동을 말한다.,"자동차 엔진용 부품|소매|자동차 차체용 부품|자동차 동력 전달장치용 부품|소매 G|자동차 전기장치용 전용 부품(점화, 배선장치 등)|자동차 조향장치 부품|자동차 현가장치 부품",,소매,"자동차 엔진용 부품|자동차 차체용 부품|자동차 동력 전달장치용 부품|소매 G|자동차 전기장치용 전용 부품(점화, 배선장치 등)|자동차 조향장치 부품|자동차 현가장치 부품",도매|소매|판매,,KSIC 11차 (2024),True
503010,자동차 내장용 신품 전기ㆍ전자ㆍ정밀기기 판매업,도매 및 소매업 > 자동차 및 부품 판매업 > 자동차 부품 및 내장품 판매업 > 자동차 신품 부품 및 내장품 판매업 > 자동차 내장용 신품 전기ㆍ전자ㆍ정밀기기 판매업,도매 및 소매업,자동차 및 부품 판매업,자동차 부품 및 내장품 판매업,자동차 신품 부품 및 내장품 판매업,45213,자동차 내장용 신품 전기ㆍ전자ㆍ정밀기기 판매업,자동차 전용 부품을 제외한 내장용 신품 전기․전자․정밀 기기류를 판매하는 산업활동을 말한다.,"차량 경보기|소매|자동차용 에어컨|자동차용 라디오, 오디오|자동차용 스피커",,소매,"차량 경보기|자동차용 에어컨|자동차용 라디오, 오디오|자동차용 스피커",소매|판매,,KSIC 11차 (2024),True
503013,기타 자동차 신품 부품 및 내장품 판매업,도매 및 소매업 > 자동차 및 부품 판매업 > 자동차 부품 및 내장품 판매업 > 자동차 신품 부품 및 내장품 판매업 > 기타 자동차 신품 부품 및 내장품 판매업,도매 및 소매업,자동차 및 부품 판매업,자동차 부품 및 내장품 판매업,자동차 신품 부품 및 내장품 판매업,45219,기타 자동차 신품 부품 및 내장품 판매업,"자동차용 타이어 및 튜브, 전용 부품, 전기․전자․정밀기기류를 제외 한 자동차 신품 부품 및 내장품을 도․소매하는 산업활동을 말한다.",자동차 좌석덮개(시트커버)|소매|자동차 액세서리|자동차 인테리어용품|차량용 유리,자동차 타이어 및 튜브|소매,소매,자동차 좌석덮개(시트커버)|자동차 액세서리|자동차 인테리어용품|차량용 유리,소매|판매,,KSIC 11차 (2024),True
504001,모터사이클 및 부품 도매업,도매 및 소매업 > 자동차 및 부품 판매업 > 모터사이클 및 부품 판매업 > 모터사이클 및 부품 도매업,도매 및 소매업,자동차 및 부품 판매업,모터사이클 및 부품 판매업,모터사이클 및 부품 판매업,45301,모터사이클 및 부품 도매업,"신품 또는 중고 상태의 모터사이클, 전동 자전거 및 부품, 구성품을 도매하는 산업활동을 말한다.","오토바이 도매|오토바이 부품 도매|이륜차 도매|전동 자전거(모페드, moped) 도매",,,"오토바이|오토바이 부품|이륜차|전동 자전거(모페드, moped)",도매,,KSIC 11차 (2024),True
504002,모터사이클 및 부품 소매업,도매 및 소매업 > 자동차 및 부품 판매업 > 모터사이클 및 부품 판매업 > 모터사이클 및 부품 소매업,도매 및 소매업,자동차 및 부품 판매업,모터사이클 및 부품 판매업,모터사이클 및 부품 판매업,45302,모터사이클 및 부품 소매업,"신품 또는 중고 상태의 모터사이클, 전동 자전거 및 부품, 구성품을 소매하는 활동을 말한다. 도매 및 소매업",오토바이 소매|오토바이 부품 소매|이륜차 소매,,,오토바이|오토바이 부품|이륜차,도매|소매,,KSIC 11차 (2024),True
505001,운송장비용 주유소 운영업,도매 및 소매업 > 소매업; 자동차 제외 > 연료 소매업 > 운송장비용 연료 소매업 > 운송장비용 주유소 운영업,도매 및 소매업,소매업; 자동차 제외,연료 소매업,운송장비용 연료 소매업,47711,운송장비용 주유소 운영업,급유시설을 갖추고 차량용 또는 보트용 및 기타 운송장비용의 각종 액체 연료를 소매하는 산업활동을 말한다.,주유소 운영|차량용 액체 원료 소매,액체 연료 도매|가정용 액체 연료 소매,,주유소|차량용 액체 원료,소매|운송,,KSIC 11차 (2024),True
505002,운송장비용 수소 충전업,도매 및 소매업 > 소매업; 자동차 제외 > 연료 소매업 > 운송장비용 연료 소매업 > 운송장비용 수소 충전업,도매 및 소매업,소매업; 자동차 제외,연료 소매업,운송장비용 연료 소매업,47712 | 47713,운송장비용 수소 충전업 | 운송장비용 기타 가스 충전업,"운송장비용 수소 가스를 판매(충전)하는 산업활동을 말한다. / 차량용, 보트용 및 기타 운송장비용 가스를 충전하여 주는 산업활동 을 말한다.",운송장비용 수소 가스 소매|운송장비용 수소 가스 충전소|저장식 수소 충전소|차량용 가스 연료 소매|차량용 가스 충전소|보트용 가스 연료 소매|보트용 가스 충전소,제조식 수소 충전소|가스 연료 도매|가정용 가스 연료 소매|운송장비용 수소 가스 소매,,운송장비용 수소 가스|운송장비용 수소 가스 충전소|저장식 수소 충전소|차량용 가스 연료|차량용 가스 충전소|보트용 가스 연료|보트용 가스 충전소,소매|판매|운송,,KSIC 11차 (2024),True
511111,"산업용 농ㆍ축산물, 섬유 원료 및 동물 중개업","도매 및 소매업 > 도매 및 상품 중개업 > 상품 중개업 > 산업용 농ㆍ축산물, 섬유 원료 및 동물 중개업",도매 및 소매업,도매 및 상품 중개업,상품 중개업,상품 중개업,46101,"산업용 농ㆍ축산물, 섬유 원료 및 동물 중개업","산업용으로 사용되는 농․축산물, 살아 있는 동․식물 및 수렵물의 거래에 관련된 경매, 중개 또는 대리하는 산업활동을 말한다.","사료 중개|종묘 중개|가축 중개|화초 및 산식물 중개|공업용|축산물 중개|원피, 원모 및 조면 중개","정면(精綿), 실, 가죽 등의 중개|미가공 수산물 중개",,"사료|종묘|가축|화초 및 산식물|공업용|축산물|원피, 원모 및 조면",중개|경매,,KSIC 11차 (2024),True
511112,"산업용 농ㆍ축산물, 섬유 원료 및 동물 중개업","도매 및 소매업 > 도매 및 상품 중개업 > 상품 중개업 > 산업용 농ㆍ축산물, 섬유 원료 및 동물 중개업",도매 및 소매업,도매 및 상품 중개업,상품 중개업,상품 중개업,46101,"산업용 농ㆍ축산물, 섬유 원료 및 동물 중개업","산업용으로 사용되는 농․축산물, 살아 있는 동․식물 및 수렵물의 거래에 관련된 경매, 중개 또는 대리하는 산업활동을 말한다.","사료 중개|종묘 중개|가축 중개|화초 및 산식물 중개|공업용|축산물 중개|원피, 원모 및 조면 중개","정면(精綿), 실, 가죽 등의 중개|미가공 수산물 중개",법정도매시장 중매인,"사료|종묘|가축|화초 및 산식물|공업용|축산물|원피, 원모 및 조면",중개|경매,,KSIC 11차 (2024),True
511113,음ㆍ식료품 및 담배 중개업,도매 및 소매업 > 도매 및 상품 중개업 > 상품 중개업 > 음ㆍ식료품 및 담배 중개업,도매 및 소매업,도매 및 상품 중개업,상품 중개업,상품 중개업,46102,음ㆍ식료품 및 담배 중개업,"도매 및 소매업 미가공 수산물, 과일, 채소를 포함하여 각종 가공 음․식료품 및 담배 거래에 관련된 상품의 경매, 중개 또는 대리하는 산업활동을 말한다.","주류 및 비알코올 음료 중개|빵 및 과자 중개|도축고기 중개|생선 및 물고기 중개|조리 가공식품 중개|수산물(신선, 냉동, 건조, 염장 등 가공품) 중개",,위탁판매,"주류 및 비알코올 음료|빵 및 과자|도축고기|생선 및 물고기|조리 가공식품|수산물(신선, 냉동, 건조, 염장 등 가공품)",가공|도축|도매|소매|중개|경매|조리,,KSIC 11차 (2024),True
511114,음ㆍ식료품 및 담배 중개업,도매 및 소매업 > 도매 및 상품 중개업 > 상품 중개업 > 음ㆍ식료품 및 담배 중개업,도매 및 소매업,도매 및 상품 중개업,상품 중개업,상품 중개업,46102,음ㆍ식료품 및 담배 중개업,"도매 및 소매업 미가공 수산물, 과일, 채소를 포함하여 각종 가공 음․식료품 및 담배 거래에 관련된 상품의 경매, 중개 또는 대리하는 산업활동을 말한다.","주류 및 비알코올 음료 중개|빵 및 과자 중개|도축고기 중개|생선 및 물고기 중개|조리 가공식품 중개|수산물(신선, 냉동, 건조, 염장 등 가공품) 중개",,위탁매매(수산물),"주류 및 비알코올 음료|빵 및 과자|도축고기|생선 및 물고기|조리 가공식품|수산물(신선, 냉동, 건조, 염장 등 가공품)",가공|도축|도매|소매|중개|경매|조리,,KSIC 11차 (2024),True
511115,"섬유, 의복, 신발 및 가죽제품 중개업","도매 및 소매업 > 도매 및 상품 중개업 > 상품 중개업 > 섬유, 의복, 신발 및 가죽제품 중개업",도매 및 소매업,도매 및 상품 중개업,상품 중개업,상품 중개업,46103 | 46104 | 46105 | 46106 | 46107 | 46109,"섬유, 의복, 신발 및 가죽제품 중개업 | 목재 및 건축자재 중개업 | 연료, 광물, 1차 금속, 비료 및 화학제품 중개업 | 기계 및 장비 중개업 | 그 외 기타 특정 상품 중개업 | 상품 종합 중개업","섬유 및 실, 섬유제품 및 의복, 신발, 가죽 및 모피제품 거래에 관련된 상품의 경매, 중개 또는 대리하는 산업활동을 말한다. / 제재목 및 합판․박판 등 건축용 목재 가공품, 자갈 및 모래, 벽돌 및 블록, 시멘트, 건축용 유리 및 창호제품 등의 거래에 관련된 상품의 경매, 중개 또는 대리하는 산업활동을 말한다. / 산업용 기계․장비, 선박, 항공기 등 기타 기계․장비 및 관련용품 거 래에 관련된 상품의 경매, 중개 또는 대리하는 산업활동을 말한다. 사 무용 기계 및 컴퓨터 거래 관련 중개업도 포함한다. / 기타 특정 상품의 거래에 관련된 경매, 대리 또는 중개를 수행하는 산업활동을 말한다. / 도매 및 소매업 타인의 계정으로 타인을 대신하여 각종 상품의 거래와 관련된 경매 또는 중개를 수행하는 산업활동을 말한다. 전체 중개활동에서 발생한 부가가치액 중 특정 상품에 대한 부가가치액 비중이 50% 미만인 경 우에 분류한다.","섬유 및 실 중개|섬유제품 및 의복 중개|가죽제품 중개|합판, 박판, 제재목 중개|골재, 벽돌, 시멘트 중개|유리 및 창호 중개|농업용 기계|장비 중개|반도체 기계|과학용 기구 및 장비 중개|선박 및 항공기 중개|사무용 기계 및 컴퓨터 중개|목제품(건축용 제외) 중개|종이제품 중개|귀금속 중개|가정용 가구 중개|철물 및 수공구 중개|종합 무역 중개|연쇄화사업 종합 상품 중개 G",선박이나 항공기 사용 공간 임대 중개|종합 상품 연쇄화사업 도매,,"섬유 및 실|섬유제품 및 의복|가죽제품|합판, 박판, 제재목|골재, 벽돌, 시멘트|유리 및 창호|농업용 기계|장비|반도체 기계|과학용 기구 및 장비|선박 및 항공기|사무용 기계 및 컴퓨터|목제품(건축용 제외)|종이제품|귀금속",가공|도매|소매|중개|경매,,KSIC 11차 (2024),True
511116,"섬유, 의복, 신발 및 가죽제품 중개업","도매 및 소매업 > 도매 및 상품 중개업 > 상품 중개업 > 섬유, 의복, 신발 및 가죽제품 중개업",도매 및 소매업,도매 및 상품 중개업,상품 중개업,상품 중개업,46103 | 46104 | 46105 | 46106 | 46109,"섬유, 의복, 신발 및 가죽제품 중개업 | 목재 및 건축자재 중개업 | 연료, 광물, 1차 금속, 비료 및 화학제품 중개업 | 기계 및 장비 중개업 | 상품 종합 중개업","섬유 및 실, 섬유제품 및 의복, 신발, 가죽 및 모피제품 거래에 관련된 상품의 경매, 중개 또는 대리하는 산업활동을 말한다. / 제재목 및 합판․박판 등 건축용 목재 가공품, 자갈 및 모래, 벽돌 및 블록, 시멘트, 건축용 유리 및 창호제품 등의 거래에 관련된 상품의 경매, 중개 또는 대리하는 산업활동을 말한다. / 산업용 기계․장비, 선박, 항공기 등 기타 기계․장비 및 관련용품 거 래에 관련된 상품의 경매, 중개 또는 대리하는 산업활동을 말한다. 사 무용 기계 및 컴퓨터 거래 관련 중개업도 포함한다. / 도매 및 소매업 타인의 계정으로 타인을 대신하여 각종 상품의 거래와 관련된 경매 또는 중개를 수행하는 산업활동을 말한다. 전체 중개활동에서 발생한 부가가치액 중 특정 상품에 대한 부가가치액 비중이 50% 미만인 경 우에 분류한다.","섬유 및 실 중개|섬유제품 및 의복 중개|가죽제품 중개|합판, 박판, 제재목 중개|골재, 벽돌, 시멘트 중개|유리 및 창호 중개|농업용 기계|장비 중개|반도체 기계|과학용 기구 및 장비 중개|선박 및 항공기 중개|사무용 기계 및 컴퓨터 중개|종합 무역 중개|연쇄화사업 종합 상품 중개 G",선박이나 항공기 사용 공간 임대 중개|종합 상품 연쇄화사업 도매,수출주선,"섬유 및 실|섬유제품 및 의복|가죽제품|합판, 박판, 제재목|골재, 벽돌, 시멘트|유리 및 창호|농업용 기계|장비|반도체 기계|과학용 기구 및 장비|선박 및 항공기|사무용 기계 및 컴퓨터|종합 무역|연쇄화사업 종합 상품 중개 G",가공|도매|소매|중개|경매,,KSIC 11차 (2024),True
511117,"섬유, 의복, 신발 및 가죽제품 중개업","도매 및 소매업 > 도매 및 상품 중개업 > 상품 중개업 > 섬유, 의복, 신발 및 가죽제품 중개업",도매 및 소매업,도매 및 상품 중개업,상품 중개업,상품 중개업,46103 | 46104 | 46105 | 46106 | 46107,"섬유, 의복, 신발 및 가죽제품 중개업 | 목재 및 건축자재 중개업 | 연료, 광물, 1차 금속, 비료 및 화학제품 중개업 | 기계 및 장비 중개업 | 그 외 기타 특정 상품 중개업","섬유 및 실, 섬유제품 및 의복, 신발, 가죽 및 모피제품 거래에 관련된 상품의 경매, 중개 또는 대리하는 산업활동을 말한다. / 제재목 및 합판․박판 등 건축용 목재 가공품, 자갈 및 모래, 벽돌 및 블록, 시멘트, 건축용 유리 및 창호제품 등의 거래에 관련된 상품의 경매, 중개 또는 대리하는 산업활동을 말한다. / 산업용 기계․장비, 선박, 항공기 등 기타 기계․장비 및 관련용품 거 래에 관련된 상품의 경매, 중개 또는 대리하는 산업활동을 말한다. 사 무용 기계 및 컴퓨터 거래 관련 중개업도 포함한다. / 기타 특정 상품의 거래에 관련된 경매, 대리 또는 중개를 수행하는 산업활동을 말한다.","섬유 및 실 중개|섬유제품 및 의복 중개|가죽제품 중개|합판, 박판, 제재목 중개|골재, 벽돌, 시멘트 중개|유리 및 창호 중개|농업용 기계|장비 중개|반도체 기계|과학용 기구 및 장비 중개|선박 및 항공기 중개|사무용 기계 및 컴퓨터 중개|목제품(건축용 제외) 중개|종이제품 중개|귀금속 중개|가정용 가구 중개|철물 및 수공구 중개",선박이나 항공기 사용 공간 임대 중개,기타주선,"섬유 및 실|섬유제품 및 의복|가죽제품|합판, 박판, 제재목|골재, 벽돌, 시멘트|유리 및 창호|농업용 기계|장비|반도체 기계|과학용 기구 및 장비|선박 및 항공기|사무용 기계 및 컴퓨터|목제품(건축용 제외)|종이제품|귀금속",가공|중개|경매,,KSIC 11차 (2024),True
511118,음ㆍ식료품 및 담배 중개업,도매 및 소매업 > 도매 및 상품 중개업 > 상품 중개업 > 음ㆍ식료품 및 담배 중개업,도매 및 소매업,도매 및 상품 중개업,상품 중개업,상품 중개업,46102,음ㆍ식료품 및 담배 중개업,"도매 및 소매업 미가공 수산물, 과일, 채소를 포함하여 각종 가공 음․식료품 및 담배 거래에 관련된 상품의 경매, 중개 또는 대리하는 산업활동을 말한다.","주류 및 비알코올 음료 중개|빵 및 과자 중개|도축고기 중개|생선 및 물고기 중개|조리 가공식품 중개|수산물(신선, 냉동, 건조, 염장 등 가공품) 중개",,위탁판매,"주류 및 비알코올 음료|빵 및 과자|도축고기|생선 및 물고기|조리 가공식품|수산물(신선, 냉동, 건조, 염장 등 가공품)",가공|도축|도매|소매|중개|경매|조리,,KSIC 11차 (2024),True
511119,"섬유, 의복, 신발 및 가죽제품 중개업","도매 및 소매업 > 도매 및 상품 중개업 > 상품 중개업 > 섬유, 의복, 신발 및 가죽제품 중개업",도매 및 소매업,도매 및 상품 중개업,상품 중개업,상품 중개업,46103 | 46104 | 46105 | 46106 | 46109,"섬유, 의복, 신발 및 가죽제품 중개업 | 목재 및 건축자재 중개업 | 연료, 광물, 1차 금속, 비료 및 화학제품 중개업 | 기계 및 장비 중개업 | 상품 종합 중개업","섬유 및 실, 섬유제품 및 의복, 신발, 가죽 및 모피제품 거래에 관련된 상품의 경매, 중개 또는 대리하는 산업활동을 말한다. / 제재목 및 합판․박판 등 건축용 목재 가공품, 자갈 및 모래, 벽돌 및 블록, 시멘트, 건축용 유리 및 창호제품 등의 거래에 관련된 상품의 경매, 중개 또는 대리하는 산업활동을 말한다. / 산업용 기계․장비, 선박, 항공기 등 기타 기계․장비 및 관련용품 거 래에 관련된 상품의 경매, 중개 또는 대리하는 산업활동을 말한다. 사 무용 기계 및 컴퓨터 거래 관련 중개업도 포함한다. / 도매 및 소매업 타인의 계정으로 타인을 대신하여 각종 상품의 거래와 관련된 경매 또는 중개를 수행하는 산업활동을 말한다. 전체 중개활동에서 발생한 부가가치액 중 특정 상품에 대한 부가가치액 비중이 50% 미만인 경 우에 분류한다.","섬유 및 실 중개|섬유제품 및 의복 중개|가죽제품 중개|합판, 박판, 제재목 중개|골재, 벽돌, 시멘트 중개|유리 및 창호 중개|농업용 기계|장비 중개|반도체 기계|과학용 기구 및 장비 중개|선박 및 항공기 중개|사무용 기계 및 컴퓨터 중개|종합 무역 중개|연쇄화사업 종합 상품 중개 G",선박이나 항공기 사용 공간 임대 중개|종합 상품 연쇄화사업 도매,상품대리,"섬유 및 실|섬유제품 및 의복|가죽제품|합판, 박판, 제재목|골재, 벽돌, 시멘트|유리 및 창호|농업용 기계|장비|반도체 기계|과학용 기구 및 장비|선박 및 항공기|사무용 기계 및 컴퓨터|종합 무역|연쇄화사업 종합 상품 중개 G",가공|도매|소매|중개|경매,,KSIC 11차 (2024),True
511121,음ㆍ식료품 및 담배 중개업,도매 및 소매업 > 도매 및 상품 중개업 > 상품 중개업 > 음ㆍ식료품 및 담배 중개업,도매 및 소매업,도매 및 상품 중개업,상품 중개업,상품 중개업,46102,음ㆍ식료품 및 담배 중개업,"도매 및 소매업 미가공 수산물, 과일, 채소를 포함하여 각종 가공 음․식료품 및 담배 거래에 관련된 상품의 경매, 중개 또는 대리하는 산업활동을 말한다.","주류 및 비알코올 음료 중개|빵 및 과자 중개|도축고기 중개|생선 및 물고기 중개|조리 가공식품 중개|수산물(신선, 냉동, 건조, 염장 등 가공품) 중개",,"위탁판매(아동용 급식빵, 우유보급)","주류 및 비알코올 음료|빵 및 과자|도축고기|생선 및 물고기|조리 가공식품|수산물(신선, 냉동, 건조, 염장 등 가공품)",가공|도축|도매|소매|중개|경매|조리,,KSIC 11차 (2024),True
511122,음ㆍ식료품 및 담배 중개업,도매 및 소매업 > 도매 및 상품 중개업 > 상품 중개업 > 음ㆍ식료품 및 담배 중개업,도매 및 소매업,도매 및 상품 중개업,상품 중개업,상품 중개업,46102,음ㆍ식료품 및 담배 중개업,"도매 및 소매업 미가공 수산물, 과일, 채소를 포함하여 각종 가공 음․식료품 및 담배 거래에 관련된 상품의 경매, 중개 또는 대리하는 산업활동을 말한다.","주류 및 비알코올 음료 중개|빵 및 과자 중개|도축고기 중개|생선 및 물고기 중개|조리 가공식품 중개|수산물(신선, 냉동, 건조, 염장 등 가공품) 중개",,,"주류 및 비알코올 음료|빵 및 과자|도축고기|생선 및 물고기|조리 가공식품|수산물(신선, 냉동, 건조, 염장 등 가공품)",가공|도축|도매|소매|중개|경매|조리,,KSIC 11차 (2024),True
511123,음ㆍ식료품 및 담배 중개업,도매 및 소매업 > 도매 및 상품 중개업 > 상품 중개업 > 음ㆍ식료품 및 담배 중개업,도매 및 소매업,도매 및 상품 중개업,상품 중개업,상품 중개업,46102,음ㆍ식료품 및 담배 중개업,"도매 및 소매업 미가공 수산물, 과일, 채소를 포함하여 각종 가공 음․식료품 및 담배 거래에 관련된 상품의 경매, 중개 또는 대리하는 산업활동을 말한다.","주류 및 비알코올 음료 중개|빵 및 과자 중개|도축고기 중개|생선 및 물고기 중개|조리 가공식품 중개|수산물(신선, 냉동, 건조, 염장 등 가공품) 중개",,법정도매시장 중매인,"주류 및 비알코올 음료|빵 및 과자|도축고기|생선 및 물고기|조리 가공식품|수산물(신선, 냉동, 건조, 염장 등 가공품)",가공|도축|도매|소매|중개|경매|조리,,KSIC 11차 (2024),True
512111,곡물 및 유지작물 도매업,도매 및 소매업 > 도매 및 상품 중개업 > 산업용 농ㆍ축산물 및 동ㆍ식물 도매업 > 곡물 및 유지작물 도매업,도매 및 소매업,도매 및 상품 중개업,산업용 농ㆍ축산물 및 동ㆍ식물 도매업,산업용 농ㆍ축산물 및 동ㆍ식물 도매업,46201,곡물 및 유지작물 도매업,가공하지 않았거나 도정한 식량작물 및 각종 유지작물 등을 도매하는 산업활동을 말한다.,"쌀, 보리, 밀 도매|콩, 깨, 옥수수 도매|기름 함유된 열매 도매",곡물 가루 도매,식량작물,"쌀, 보리, 밀|콩, 깨, 옥수수|기름 함유된 열매",가공|도매,,KSIC 11차 (2024),True
512112,곡물 및 유지작물 도매업,도매 및 소매업 > 도매 및 상품 중개업 > 산업용 농ㆍ축산물 및 동ㆍ식물 도매업 > 곡물 및 유지작물 도매업,도매 및 소매업,도매 및 상품 중개업,산업용 농ㆍ축산물 및 동ㆍ식물 도매업,산업용 농ㆍ축산물 및 동ㆍ식물 도매업,46201,곡물 및 유지작물 도매업,가공하지 않았거나 도정한 식량작물 및 각종 유지작물 등을 도매하는 산업활동을 말한다.,"쌀, 보리, 밀 도매|콩, 깨, 옥수수 도매|기름 함유된 열매 도매",곡물 가루 도매,법정도매시장 중도매인,"쌀, 보리, 밀|콩, 깨, 옥수수|기름 함유된 열매",가공|도매,,KSIC 11차 (2024),True
512113,종자 및 묘목 도매업,도매 및 소매업 > 도매 및 상품 중개업 > 산업용 농ㆍ축산물 및 동ㆍ식물 도매업 > 종자 및 묘목 도매업,도매 및 소매업,도매 및 상품 중개업,산업용 농ㆍ축산물 및 동ㆍ식물 도매업,산업용 농ㆍ축산물 및 동ㆍ식물 도매업,46202,종자 및 묘목 도매업,"곡물, 채소, 과실 등의 종자나 묘목을 도매하는 산업활동을 말한다.",곡물 종자 도매|채소 및 과실 묘목 도매|채소 종자 도매|화훼 종자 도매,,종자,곡물 종자|채소 및 과실 묘목|채소 종자|화훼 종자,도매,,KSIC 11차 (2024),True
512116,기타 가공식품 도매업,도매 및 소매업 > 도매 및 상품 중개업 > 음ㆍ식료품 및 담배 도매업 > 가공식품 도매업 > 기타 가공식품 도매업,도매 및 소매업,도매 및 상품 중개업,음ㆍ식료품 및 담배 도매업,가공식품 도매업,46329,기타 가공식품 도매업,"과실 및 채소 가공식품, 곡물 가루, 국수 및 인스턴트 면류 등의 기타 가공 식품을 도매하는 산업활동을 말한다.","냉동 만두 도매|과일 통조림 도매|당면, 냉면, 스파게티 도매|깻잎 및 장아찌 통조림 제품 도매|곡물 가공품 도매|곡물 가루(쌀, 보리, 밀) 도매|녹말(전분) 도매",,곡물가루,"냉동 만두|과일 통조림|당면, 냉면, 스파게티|깻잎 및 장아찌 통조림 제품|곡물 가공품|곡물 가루(쌀, 보리, 밀)|녹말(전분)",가공|도매,,KSIC 11차 (2024),True
512119,곡물 및 유지작물 도매업,도매 및 소매업 > 도매 및 상품 중개업 > 산업용 농ㆍ축산물 및 동ㆍ식물 도매업 > 곡물 및 유지작물 도매업,도매 및 소매업,도매 및 상품 중개업,산업용 농ㆍ축산물 및 동ㆍ식물 도매업,산업용 농ㆍ축산물 및 동ㆍ식물 도매업,46201,곡물 및 유지작물 도매업,가공하지 않았거나 도정한 식량작물 및 각종 유지작물 등을 도매하는 산업활동을 말한다.,"쌀, 보리, 밀 도매|콩, 깨, 옥수수 도매|기름 함유된 열매 도매",곡물 가루 도매,유지작물,"쌀, 보리, 밀|콩, 깨, 옥수수|기름 함유된 열매",가공|도매,,KSIC 11차 (2024),True
512120,사료 도매업,도매 및 소매업 > 도매 및 상품 중개업 > 산업용 농ㆍ축산물 및 동ㆍ식물 도매업 > 사료 도매업,도매 및 소매업,도매 및 상품 중개업,산업용 농ㆍ축산물 및 동ㆍ식물 도매업,산업용 농ㆍ축산물 및 동ㆍ식물 도매업,46203,사료 도매업,축산 및 양식 사료용 농산물 및 각종 사료를 도매하는 산업활동을 말 한다.,단미 사료(원료 사료) 도매|배합 사료 도매|보조 사료 도매|어류용 사료 도매,식용작물 도매,,단미 사료(원료 사료)|배합 사료|보조 사료|어류용 사료,양식|도매,,KSIC 11차 (2024),True
512131,화훼류 및 식물 도매업,도매 및 소매업 > 도매 및 상품 중개업 > 산업용 농ㆍ축산물 및 동ㆍ식물 도매업 > 화훼류 및 식물 도매업,도매 및 소매업,도매 및 상품 중개업,산업용 농ㆍ축산물 및 동ㆍ식물 도매업,산업용 농ㆍ축산물 및 동ㆍ식물 도매업,46204,화훼류 및 식물 도매업,"화초, 과실수, 관상수 등 각종 살아있는 식물을 도매하는 산업활동을 말한다.",꽃 및 난 도매|관상수 도매|잔디 도매|분재류 도매|구근(서류작물 제외) 도매 도매 및 소매업,"채소, 화훼, 과실 등의 묘목을 도매하는 경우","과실수, 관상수",꽃 및 난|관상수|잔디|분재류|구근(서류작물 제외) 도매 도매 및,도매|소매,,KSIC 11차 (2024),True
512132,화훼류 및 식물 도매업,도매 및 소매업 > 도매 및 상품 중개업 > 산업용 농ㆍ축산물 및 동ㆍ식물 도매업 > 화훼류 및 식물 도매업,도매 및 소매업,도매 및 상품 중개업,산업용 농ㆍ축산물 및 동ㆍ식물 도매업,산업용 농ㆍ축산물 및 동ㆍ식물 도매업,46204,화훼류 및 식물 도매업,"화초, 과실수, 관상수 등 각종 살아있는 식물을 도매하는 산업활동을 말한다.",꽃 및 난 도매|관상수 도매|잔디 도매|분재류 도매|구근(서류작물 제외) 도매 도매 및 소매업,"채소, 화훼, 과실 등의 묘목을 도매하는 경우",화초,꽃 및 난|관상수|잔디|분재류|구근(서류작물 제외) 도매 도매 및,도매|소매,,KSIC 11차 (2024),True
512133,화훼류 및 식물 도매업,도매 및 소매업 > 도매 및 상품 중개업 > 산업용 농ㆍ축산물 및 동ㆍ식물 도매업 > 화훼류 및 식물 도매업,도매 및 소매업,도매 및 상품 중개업,산업용 농ㆍ축산물 및 동ㆍ식물 도매업,산업용 농ㆍ축산물 및 동ㆍ식물 도매업,46204,화훼류 및 식물 도매업,"화초, 과실수, 관상수 등 각종 살아있는 식물을 도매하는 산업활동을 말한다.",꽃 및 난 도매|관상수 도매|잔디 도매|분재류 도매|구근(서류작물 제외) 도매 도매 및 소매업,"채소, 화훼, 과실 등의 묘목을 도매하는 경우",생화(법정도매시장),꽃 및 난|관상수|잔디|분재류|구근(서류작물 제외) 도매 도매 및,도매|소매,,KSIC 11차 (2024),True
512135,종자 및 묘목 도매업,도매 및 소매업 > 도매 및 상품 중개업 > 산업용 농ㆍ축산물 및 동ㆍ식물 도매업 > 종자 및 묘목 도매업,도매 및 소매업,도매 및 상품 중개업,산업용 농ㆍ축산물 및 동ㆍ식물 도매업,산업용 농ㆍ축산물 및 동ㆍ식물 도매업,46202,종자 및 묘목 도매업,"곡물, 채소, 과실 등의 종자나 묘목을 도매하는 산업활동을 말한다.",곡물 종자 도매|채소 및 과실 묘목 도매|채소 종자 도매|화훼 종자 도매,,묘목,곡물 종자|채소 및 과실 묘목|채소 종자|화훼 종자,도매,,KSIC 11차 (2024),True
512140,육지동물 및 반려동물도매업,도매 및 소매업 > 도매 및 상품 중개업 > 산업용 농ㆍ축산물 및 동ㆍ식물 도매업 > 육지동물 및 반려동물도매업,도매 및 소매업,도매 및 상품 중개업,산업용 농ㆍ축산물 및 동ㆍ식물 도매업,산업용 농ㆍ축산물 및 동ㆍ식물 도매업,46205,육지동물 및 반려동물도매업,가축 및 기타 살아있는 육지 동물과 반려․애완용 동물을 도매하는 산업활동을 말한다. 관상용 수산 동물도 포함한다.,"소, 말, 돼지 도매|닭, 오리 등 가금류 도매|조류 도매|사슴, 멧돼지 도매|열대어 도매|관상어(바다 및 민물고기) 도매",반려|애완용 이외 수산 동물 도매,,"소, 말, 돼지|닭, 오리 등 가금류|조류|사슴, 멧돼지|열대어|관상어(바다 및 민물고기)",도매,,KSIC 11차 (2024),True
512190,기타 산업용 농산물 도매업,도매 및 소매업 > 도매 및 상품 중개업 > 산업용 농ㆍ축산물 및 동ㆍ식물 도매업 > 기타 산업용 농산물 도매업,도매 및 소매업,도매 및 상품 중개업,산업용 농ㆍ축산물 및 동ㆍ식물 도매업,산업용 농ㆍ축산물 및 동ㆍ식물 도매업,46209,기타 산업용 농산물 도매업,"기타 산업용 미가공 농산물 및 가죽 원단, 원모 및 원면 등을 도매하 는 산업활동을 말한다.",가죽 및 가죽 원단 도매|공업용 농산물(곡물 제외) 도매|원피 및 원모피 도매|영지버섯 도매|잎담배 도매|한약재 도매|누에고치 도매|원모 및 원면 도매|미가공 커피 도매,,,가죽 및 가죽 원단|공업용 농산물(곡물 제외)|원피 및 원모피|영지버섯|잎담배|한약재|누에고치|원모 및 원면|미가공 커피,가공|도매,,KSIC 11차 (2024),True
512192,육지동물 및 반려동물도매업,도매 및 소매업 > 도매 및 상품 중개업 > 산업용 농ㆍ축산물 및 동ㆍ식물 도매업 > 육지동물 및 반려동물도매업,도매 및 소매업,도매 및 상품 중개업,산업용 농ㆍ축산물 및 동ㆍ식물 도매업,산업용 농ㆍ축산물 및 동ㆍ식물 도매업,46205,육지동물 및 반려동물도매업,가축 및 기타 살아있는 육지 동물과 반려․애완용 동물을 도매하는 산업활동을 말한다. 관상용 수산 동물도 포함한다.,"소, 말, 돼지 도매|닭, 오리 등 가금류 도매|조류 도매|사슴, 멧돼지 도매|열대어 도매|관상어(바다 및 민물고기) 도매",반려|애완용 이외 수산 동물 도매,관상용 열대어 등,"소, 말, 돼지|닭, 오리 등 가금류|조류|사슴, 멧돼지|열대어|관상어(바다 및 민물고기)",도매,,KSIC 11차 (2024),True
512211,과실류 도매업,도매 및 소매업 > 도매 및 상품 중개업 > 음ㆍ식료품 및 담배 도매업 > 신선 식품 및 단순 가공 식품 도매업 > 과실류 도매업,도매 및 소매업,도매 및 상품 중개업,음ㆍ식료품 및 담배 도매업,신선 식품 및 단순 가공 식품 도매업,46311,과실류 도매업,견과를 포함한 각종 과실류를 도매하는 산업활동을 말한다.,"견과류(대추, 밤, 은행 등) 도매|사과, 배, 감, 포도 등 과일 도매",조제 가공식품 도매,,"견과류(대추, 밤, 은행 등)|사과, 배, 감, 포도 등 과일",도매,,KSIC 11차 (2024),True
512212,"채소류, 서류 및 향신작물류 도매업","도매 및 소매업 > 도매 및 상품 중개업 > 음ㆍ식료품 및 담배 도매업 > 신선 식품 및 단순 가공 식품 도매업 > 채소류, 서류 및 향신작물류 도매업",도매 및 소매업,도매 및 상품 중개업,음ㆍ식료품 및 담배 도매업,신선 식품 및 단순 가공 식품 도매업,46312,"채소류, 서류 및 향신작물류 도매업","각종 채소류, 서류 및 향신작물류를 도매하는 산업활동을 말한다.","채소(각종 나물) 도매|고구마, 감자 도매|마늘, 도라지, 오이, 호박 도매",조제 가공식품 도매,,"채소(각종 나물)|고구마, 감자|마늘, 도라지, 오이, 호박",도매,,KSIC 11차 (2024),True
512214,과실류 도매업,도매 및 소매업 > 도매 및 상품 중개업 > 음ㆍ식료품 및 담배 도매업 > 신선 식품 및 단순 가공 식품 도매업 > 과실류 도매업,도매 및 소매업,도매 및 상품 중개업,음ㆍ식료품 및 담배 도매업,신선 식품 및 단순 가공 식품 도매업,46311,과실류 도매업,견과를 포함한 각종 과실류를 도매하는 산업활동을 말한다.,"견과류(대추, 밤, 은행 등) 도매|사과, 배, 감, 포도 등 과일 도매",조제 가공식품 도매,과실(법정도매시장),"견과류(대추, 밤, 은행 등)|사과, 배, 감, 포도 등 과일",도매,,KSIC 11차 (2024),True
512215,"채소류, 서류 및 향신작물류 도매업","도매 및 소매업 > 도매 및 상품 중개업 > 음ㆍ식료품 및 담배 도매업 > 신선 식품 및 단순 가공 식품 도매업 > 채소류, 서류 및 향신작물류 도매업",도매 및 소매업,도매 및 상품 중개업,음ㆍ식료품 및 담배 도매업,신선 식품 및 단순 가공 식품 도매업,46312,"채소류, 서류 및 향신작물류 도매업","각종 채소류, 서류 및 향신작물류를 도매하는 산업활동을 말한다.","채소(각종 나물) 도매|고구마, 감자 도매|마늘, 도라지, 오이, 호박 도매",조제 가공식품 도매,채소(법정도매시장),"채소(각종 나물)|고구마, 감자|마늘, 도라지, 오이, 호박",도매,,KSIC 11차 (2024),True
512221,기타 산업용 농산물 도매업,도매 및 소매업 > 도매 및 상품 중개업 > 산업용 농ㆍ축산물 및 동ㆍ식물 도매업 > 기타 산업용 농산물 도매업,도매 및 소매업,도매 및 상품 중개업,산업용 농ㆍ축산물 및 동ㆍ식물 도매업,산업용 농ㆍ축산물 및 동ㆍ식물 도매업,46209,기타 산업용 농산물 도매업,"기타 산업용 미가공 농산물 및 가죽 원단, 원모 및 원면 등을 도매하 는 산업활동을 말한다.",가죽 및 가죽 원단 도매|공업용 농산물(곡물 제외) 도매|원피 및 원모피 도매|영지버섯 도매|잎담배 도매|한약재 도매|누에고치 도매|원모 및 원면 도매|미가공 커피 도매,,임산물(일반),가죽 및 가죽 원단|공업용 농산물(곡물 제외)|원피 및 원모피|영지버섯|잎담배|한약재|누에고치|원모 및 원면|미가공 커피,가공|도매,,KSIC 11차 (2024),True
512222,기타 산업용 농산물 도매업,도매 및 소매업 > 도매 및 상품 중개업 > 산업용 농ㆍ축산물 및 동ㆍ식물 도매업 > 기타 산업용 농산물 도매업,도매 및 소매업,도매 및 상품 중개업,산업용 농ㆍ축산물 및 동ㆍ식물 도매업,산업용 농ㆍ축산물 및 동ㆍ식물 도매업,46209,기타 산업용 농산물 도매업,"기타 산업용 미가공 농산물 및 가죽 원단, 원모 및 원면 등을 도매하 는 산업활동을 말한다.",가죽 및 가죽 원단 도매|공업용 농산물(곡물 제외) 도매|원피 및 원모피 도매|영지버섯 도매|잎담배 도매|한약재 도매|누에고치 도매|원모 및 원면 도매|미가공 커피 도매,,임산물(법정도매시장),가죽 및 가죽 원단|공업용 농산물(곡물 제외)|원피 및 원모피|영지버섯|잎담배|한약재|누에고치|원모 및 원면|미가공 커피,가공|도매,,KSIC 11차 (2024),True
512223,육류 도매업,도매 및 소매업 > 도매 및 상품 중개업 > 음ㆍ식료품 및 담배 도매업 > 신선 식품 및 단순 가공 식품 도매업 > 육류 도매업,도매 및 소매업,도매 및 상품 중개업,음ㆍ식료품 및 담배 도매업,신선 식품 및 단순 가공 식품 도매업,46313,육류 도매업,가축 및 기타 육지동물의 신선․냉장․냉동한 도축고기를 도매하는 산업활동을 말한다. G,우육 및 돈육 도매|가금육 도매|기타 조류 고기 도매|냉장육 도매,,,우육 및 돈육|가금육|기타 조류 고기|냉장육,도축|도매,,KSIC 11차 (2024),True
512224,육류 도매업,도매 및 소매업 > 도매 및 상품 중개업 > 음ㆍ식료품 및 담배 도매업 > 신선 식품 및 단순 가공 식품 도매업 > 육류 도매업,도매 및 소매업,도매 및 상품 중개업,음ㆍ식료품 및 담배 도매업,신선 식품 및 단순 가공 식품 도매업,46313,육류 도매업,가축 및 기타 육지동물의 신선․냉장․냉동한 도축고기를 도매하는 산업활동을 말한다. G,우육 및 돈육 도매|가금육 도매|기타 조류 고기 도매|냉장육 도매,,축산물(법정도매시장),우육 및 돈육|가금육|기타 조류 고기|냉장육,도축|도매,,KSIC 11차 (2024),True
512231,"신선, 냉동 및 기타 수산물 도매업","도매 및 소매업 > 도매 및 상품 중개업 > 음ㆍ식료품 및 담배 도매업 > 신선 식품 및 단순 가공 식품 도매업 > 신선, 냉동 및 기타 수산물 도매업",도매 및 소매업,도매 및 상품 중개업,음ㆍ식료품 및 담배 도매업,신선 식품 및 단순 가공 식품 도매업,46315,"신선, 냉동 및 기타 수산물 도매업","각종 해산물 및 민물고기 등의 살아있는 것, 신선한 것, 냉동 및 기타 단순 가공한 수산물을 도매하는 산업활동을 말한다.","신선 어류 도매|신선 해조류 도매|냉동 어개류(어류, 게, 새우 등) 도매",,생선(일반),"신선 어류|신선 해조류|냉동 어개류(어류, 게, 새우 등)",가공|도매,,KSIC 11차 (2024),True
512232,"신선, 냉동 및 기타 수산물 도매업","도매 및 소매업 > 도매 및 상품 중개업 > 음ㆍ식료품 및 담배 도매업 > 신선 식품 및 단순 가공 식품 도매업 > 신선, 냉동 및 기타 수산물 도매업",도매 및 소매업,도매 및 상품 중개업,음ㆍ식료품 및 담배 도매업,신선 식품 및 단순 가공 식품 도매업,46315,"신선, 냉동 및 기타 수산물 도매업","각종 해산물 및 민물고기 등의 살아있는 것, 신선한 것, 냉동 및 기타 단순 가공한 수산물을 도매하는 산업활동을 말한다.","신선 어류 도매|신선 해조류 도매|냉동 어개류(어류, 게, 새우 등) 도매",,냉동수산물(일반),"신선 어류|신선 해조류|냉동 어개류(어류, 게, 새우 등)",가공|도매,,KSIC 11차 (2024),True
512233,건어물 및 젓갈류 도매업,도매 및 소매업 > 도매 및 상품 중개업 > 음ㆍ식료품 및 담배 도매업 > 신선 식품 및 단순 가공 식품 도매업 > 건어물 및 젓갈류 도매업,도매 및 소매업,도매 및 상품 중개업,음ㆍ식료품 및 담배 도매업,신선 식품 및 단순 가공 식품 도매업,46314,건어물 및 젓갈류 도매업,"각종 해산물 및 민물고기 등을 건조, 염장한 수산물을 도매하는 산업 활동을 말한다.",건어물 도매|(조미하지 않은) 젓갈류 도매,,,건어물|(조미하지 않은) 젓갈류,도매,,KSIC 11차 (2024),True
512234,"신선, 냉동 및 기타 수산물 도매업","도매 및 소매업 > 도매 및 상품 중개업 > 음ㆍ식료품 및 담배 도매업 > 신선 식품 및 단순 가공 식품 도매업 > 신선, 냉동 및 기타 수산물 도매업",도매 및 소매업,도매 및 상품 중개업,음ㆍ식료품 및 담배 도매업,신선 식품 및 단순 가공 식품 도매업,46315,"신선, 냉동 및 기타 수산물 도매업","각종 해산물 및 민물고기 등의 살아있는 것, 신선한 것, 냉동 및 기타 단순 가공한 수산물을 도매하는 산업활동을 말한다.","신선 어류 도매|신선 해조류 도매|냉동 어개류(어류, 게, 새우 등) 도매",,생선(법정도매시장),"신선 어류|신선 해조류|냉동 어개류(어류, 게, 새우 등)",가공|도매,,KSIC 11차 (2024),True
512235,"신선, 냉동 및 기타 수산물 도매업","도매 및 소매업 > 도매 및 상품 중개업 > 음ㆍ식료품 및 담배 도매업 > 신선 식품 및 단순 가공 식품 도매업 > 신선, 냉동 및 기타 수산물 도매업",도매 및 소매업,도매 및 상품 중개업,음ㆍ식료품 및 담배 도매업,신선 식품 및 단순 가공 식품 도매업,46315,"신선, 냉동 및 기타 수산물 도매업","각종 해산물 및 민물고기 등의 살아있는 것, 신선한 것, 냉동 및 기타 단순 가공한 수산물을 도매하는 산업활동을 말한다.","신선 어류 도매|신선 해조류 도매|냉동 어개류(어류, 게, 새우 등) 도매",,냉동수산물(법정도매시장),"신선 어류|신선 해조류|냉동 어개류(어류, 게, 새우 등)",가공|도매,,KSIC 11차 (2024),True
512236,건어물 및 젓갈류 도매업,도매 및 소매업 > 도매 및 상품 중개업 > 음ㆍ식료품 및 담배 도매업 > 신선 식품 및 단순 가공 식품 도매업 > 건어물 및 젓갈류 도매업,도매 및 소매업,도매 및 상품 중개업,음ㆍ식료품 및 담배 도매업,신선 식품 및 단순 가공 식품 도매업,46314,건어물 및 젓갈류 도매업,"각종 해산물 및 민물고기 등을 건조, 염장한 수산물을 도매하는 산업 활동을 말한다.",건어물 도매|(조미하지 않은) 젓갈류 도매,,기타수산물(법정도매시장),건어물|(조미하지 않은) 젓갈류,도매,,KSIC 11차 (2024),True
512241,"빵류, 과자류, 당류, 초콜릿 도매업","도매 및 소매업 > 도매 및 상품 중개업 > 음ㆍ식료품 및 담배 도매업 > 가공식품 도매업 > 빵류, 과자류, 당류, 초콜릿 도매업",도매 및 소매업,도매 및 상품 중개업,음ㆍ식료품 및 담배 도매업,가공식품 도매업,46323,"빵류, 과자류, 당류, 초콜릿 도매업","빵류, 과자류, 떡류, 당류 및 초콜릿 등을 도매하는 산업활동을 말한다.",비스킷 및 크래커 도매|사탕 및 캔디 도매|초콜릿 및 껌 도매|햄버거 도매|피자 도매|빵가루 도매|설탕 및 당류 도매|코코아 분말 및 조제품 도매,,당류,비스킷 및 크래커|사탕 및 캔디|초콜릿 및 껌|햄버거|피자|빵가루|설탕 및 당류|코코아 분말 및 조제품,도매,,KSIC 11차 (2024),True
512242,"빵류, 과자류, 당류, 초콜릿 도매업","도매 및 소매업 > 도매 및 상품 중개업 > 음ㆍ식료품 및 담배 도매업 > 가공식품 도매업 > 빵류, 과자류, 당류, 초콜릿 도매업",도매 및 소매업,도매 및 상품 중개업,음ㆍ식료품 및 담배 도매업,가공식품 도매업,46323,"빵류, 과자류, 당류, 초콜릿 도매업","빵류, 과자류, 떡류, 당류 및 초콜릿 등을 도매하는 산업활동을 말한다.",비스킷 및 크래커 도매|사탕 및 캔디 도매|초콜릿 및 껌 도매|햄버거 도매|피자 도매|빵가루 도매|설탕 및 당류 도매|코코아 분말 및 조제품 도매,,빵류(식빵 등),비스킷 및 크래커|사탕 및 캔디|초콜릿 및 껌|햄버거|피자|빵가루|설탕 및 당류|코코아 분말 및 조제품,도매,,KSIC 11차 (2024),True
512243,"빵류, 과자류, 당류, 초콜릿 도매업","도매 및 소매업 > 도매 및 상품 중개업 > 음ㆍ식료품 및 담배 도매업 > 가공식품 도매업 > 빵류, 과자류, 당류, 초콜릿 도매업",도매 및 소매업,도매 및 상품 중개업,음ㆍ식료품 및 담배 도매업,가공식품 도매업,46323,"빵류, 과자류, 당류, 초콜릿 도매업","빵류, 과자류, 떡류, 당류 및 초콜릿 등을 도매하는 산업활동을 말한다.",비스킷 및 크래커 도매|사탕 및 캔디 도매|초콜릿 및 껌 도매|햄버거 도매|피자 도매|빵가루 도매|설탕 및 당류 도매|코코아 분말 및 조제품 도매,,"고급빵류(케이크, 피자 등)",비스킷 및 크래커|사탕 및 캔디|초콜릿 및 껌|햄버거|피자|빵가루|설탕 및 당류|코코아 분말 및 조제품,도매,,KSIC 11차 (2024),True
512244,"빵류, 과자류, 당류, 초콜릿 도매업","도매 및 소매업 > 도매 및 상품 중개업 > 음ㆍ식료품 및 담배 도매업 > 가공식품 도매업 > 빵류, 과자류, 당류, 초콜릿 도매업",도매 및 소매업,도매 및 상품 중개업,음ㆍ식료품 및 담배 도매업,가공식품 도매업,46323,"빵류, 과자류, 당류, 초콜릿 도매업","빵류, 과자류, 떡류, 당류 및 초콜릿 등을 도매하는 산업활동을 말한다.",비스킷 및 크래커 도매|사탕 및 캔디 도매|초콜릿 및 껌 도매|햄버거 도매|피자 도매|빵가루 도매|설탕 및 당류 도매|코코아 분말 및 조제품 도매,,"과자류, 초코릿",비스킷 및 크래커|사탕 및 캔디|초콜릿 및 껌|햄버거|피자|빵가루|설탕 및 당류|코코아 분말 및 조제품,도매,,KSIC 11차 (2024),True
512245,낙농품 및 동ㆍ식물성 유지 도매업,도매 및 소매업 > 도매 및 상품 중개업 > 음ㆍ식료품 및 담배 도매업 > 가공식품 도매업 > 낙농품 및 동ㆍ식물성 유지 도매업,도매 및 소매업,도매 및 상품 중개업,음ㆍ식료품 및 담배 도매업,가공식품 도매업,46324,낙농품 및 동ㆍ식물성 유지 도매업,"젖을 살균․분리․농축․건조․발효․냉동 및 기타 가공하여 생산된 매 액상 및 기타 형태의 각종 식용 유제품과 식용 빙과를 도매하는 산업 활동을 말한다. 조란 가공제품, 동․식물성 유지를 도매하는 산업활동 을 포함한다.",액상 시유 도매|우유 분리제품 도매|탈지유 및 탈지 분유 도매|생크림 도매|전지 분유 및 가당 우유 도매|연유 및 농축유 도매|아이스크림 도매|빙과류 도매,,식용 빙과,액상 시유|우유 분리제품|탈지유 및 탈지 분유|생크림|전지 분유 및 가당 우유|연유 및 농축유|아이스크림|빙과류,생산|가공|도매,,KSIC 11차 (2024),True
512251,주류 도매업,도매 및 소매업 > 도매 및 상품 중개업 > 음ㆍ식료품 및 담배 도매업 > 음료 및 담배 도매업 > 주류 도매업,도매 및 소매업,도매 및 상품 중개업,음ㆍ식료품 및 담배 도매업,음료 및 담배 도매업,46331,주류 도매업,"곡식, 과실 및 채소 등을 발효, 증류 또는 정제하거나 합성하여 제조 한 알코올성 음료를 도매하는 산업활동을 말한다.",주정 도매|소주 및 맥주 도매|양주 도매|탁주 및 약주 도매 도매 및 소매업,,"약주, 탁주",주정|소주 및 맥주|양주|탁주 및 약주 도매 도매 및,제조|정제|도매|소매,,KSIC 11차 (2024),True
512252,주류 도매업,도매 및 소매업 > 도매 및 상품 중개업 > 음ㆍ식료품 및 담배 도매업 > 음료 및 담배 도매업 > 주류 도매업,도매 및 소매업,도매 및 상품 중개업,음ㆍ식료품 및 담배 도매업,음료 및 담배 도매업,46331,주류 도매업,"곡식, 과실 및 채소 등을 발효, 증류 또는 정제하거나 합성하여 제조 한 알코올성 음료를 도매하는 산업활동을 말한다.",주정 도매|소주 및 맥주 도매|양주 도매|탁주 및 약주 도매 도매 및 소매업,,,주정|소주 및 맥주|양주|탁주 및 약주 도매 도매 및,제조|정제|도매|소매,,KSIC 11차 (2024),True
512260,비알코올 음료 도매업,도매 및 소매업 > 도매 및 상품 중개업 > 음ㆍ식료품 및 담배 도매업 > 음료 및 담배 도매업 > 비알코올 음료 도매업,도매 및 소매업,도매 및 상품 중개업,음ㆍ식료품 및 담배 도매업,음료 및 담배 도매업,46332,비알코올 음료 도매업,"생수, 천연 또는 인조 탄산수, 과실 등을 가미한 비알코올 음료를 도 매하는 산업활동을 말한다. 얼음, 음료용 캔커피 및 음료용 차류의 도 매활동도 포함한다.","과실 주스 도매|드링크제(비의약품) 도매|탄산 음료 도매|청량 음료 도매|캔 음료 도매|비알코올 음료 원액 도매|차 음료(홍차, 녹차 등) 도매|맥아 추출물 도매","인삼차, 율무차(분말) 도매|우유, 요구르트 및 아이스크림 등 낙농제품 도매",,"과실 주스|드링크제(비의약품)|탄산 음료|청량 음료|캔 음료|비알코올 음료 원액|차 음료(홍차, 녹차 등)|맥아 추출물",도매,,KSIC 11차 (2024),True
512271,육류 가공식품 도매업,도매 및 소매업 > 도매 및 상품 중개업 > 음ㆍ식료품 및 담배 도매업 > 가공식품 도매업 > 육류 가공식품 도매업,도매 및 소매업,도매 및 상품 중개업,음ㆍ식료품 및 담배 도매업,가공식품 도매업,46321,육류 가공식품 도매업,가축 및 기타 육지동물의 도축고기를 가공하여 만든 식품을 도매하는 산업활동을 말한다.,육류 통조림 도매|햄 및 소시지 도매|가금육 통조림 도매|베이컨 도매|육류 훈제식품 도매,,,육류 통조림|햄 및 소시지|가금육 통조림|베이컨|육류 훈제식품,가공|도축|도매,,KSIC 11차 (2024),True
512272,조미료 도매업,도매 및 소매업 > 도매 및 상품 중개업 > 음ㆍ식료품 및 담배 도매업 > 가공식품 도매업 > 조미료 도매업,도매 및 소매업,도매 및 상품 중개업,음ㆍ식료품 및 담배 도매업,가공식품 도매업,46326,조미료 도매업,조미료 및 식품 첨가물을 도매하는 산업활동을 말한다.,간장 및 케첩 도매|조미료 및 감미제 도매|향신료 도매|장류 도매,,,간장 및 케첩|조미료 및 감미제|향신료|장류,도매,,KSIC 11차 (2024),True
512273,커피 및 차류 도매업,도매 및 소매업 > 도매 및 상품 중개업 > 음ㆍ식료품 및 담배 도매업 > 가공식품 도매업 > 커피 및 차류 도매업,도매 및 소매업,도매 및 상품 중개업,음ㆍ식료품 및 담배 도매업,가공식품 도매업,46325,커피 및 차류 도매업,커피 및 차류 등의 가공 식료품을 도매하는 산업활동을 말한다.,"볶은 커피, 커피 농축물 및 조제품 도매|홍차, 대용차류, 차류 조제품 도매",캔 커피 및 차 음료 도매,,"볶은 커피, 커피 농축물 및 조제품|홍차, 대용차류, 차류 조제품",가공|도매,,KSIC 11차 (2024),True
512274,기타 가공식품 도매업,도매 및 소매업 > 도매 및 상품 중개업 > 음ㆍ식료품 및 담배 도매업 > 가공식품 도매업 > 기타 가공식품 도매업,도매 및 소매업,도매 및 상품 중개업,음ㆍ식료품 및 담배 도매업,가공식품 도매업,46329,기타 가공식품 도매업,"과실 및 채소 가공식품, 곡물 가루, 국수 및 인스턴트 면류 등의 기타 가공 식품을 도매하는 산업활동을 말한다.","냉동 만두 도매|과일 통조림 도매|당면, 냉면, 스파게티 도매|깻잎 및 장아찌 통조림 제품 도매|곡물 가공품 도매|곡물 가루(쌀, 보리, 밀) 도매|녹말(전분) 도매",,라면,"냉동 만두|과일 통조림|당면, 냉면, 스파게티|깻잎 및 장아찌 통조림 제품|곡물 가공품|곡물 가루(쌀, 보리, 밀)|녹말(전분)",가공|도매,,KSIC 11차 (2024),True
512279,기타 가공식품 도매업,도매 및 소매업 > 도매 및 상품 중개업 > 음ㆍ식료품 및 담배 도매업 > 가공식품 도매업 > 기타 가공식품 도매업,도매 및 소매업,도매 및 상품 중개업,음ㆍ식료품 및 담배 도매업,가공식품 도매업,46329,기타 가공식품 도매업,"과실 및 채소 가공식품, 곡물 가루, 국수 및 인스턴트 면류 등의 기타 가공 식품을 도매하는 산업활동을 말한다.","냉동 만두 도매|과일 통조림 도매|당면, 냉면, 스파게티 도매|깻잎 및 장아찌 통조림 제품 도매|곡물 가공품 도매|곡물 가루(쌀, 보리, 밀) 도매|녹말(전분) 도매",,국수 및 인스턴트면류,"냉동 만두|과일 통조림|당면, 냉면, 스파게티|깻잎 및 장아찌 통조림 제품|곡물 가공품|곡물 가루(쌀, 보리, 밀)|녹말(전분)",가공|도매,,KSIC 11차 (2024),True
512280,기타 가공식품 도매업,도매 및 소매업 > 도매 및 상품 중개업 > 음ㆍ식료품 및 담배 도매업 > 가공식품 도매업 > 기타 가공식품 도매업,도매 및 소매업,도매 및 상품 중개업,음ㆍ식료품 및 담배 도매업,가공식품 도매업,46329,기타 가공식품 도매업,"과실 및 채소 가공식품, 곡물 가루, 국수 및 인스턴트 면류 등의 기타 가공 식품을 도매하는 산업활동을 말한다.","냉동 만두 도매|과일 통조림 도매|당면, 냉면, 스파게티 도매|깻잎 및 장아찌 통조림 제품 도매|곡물 가공품 도매|곡물 가루(쌀, 보리, 밀) 도매|녹말(전분) 도매",,과실 및 채소 가공식품,"냉동 만두|과일 통조림|당면, 냉면, 스파게티|깻잎 및 장아찌 통조림 제품|곡물 가공품|곡물 가루(쌀, 보리, 밀)|녹말(전분)",가공|도매,,KSIC 11차 (2024),True
512281,기타 신선 식품 및 단순 가공 식품 도매업,도매 및 소매업 > 도매 및 상품 중개업 > 음ㆍ식료품 및 담배 도매업 > 신선 식품 및 단순 가공 식품 도매업 > 기타 신선 식품 및 단순 가공 식품 도매업,도매 및 소매업,도매 및 상품 중개업,음ㆍ식료품 및 담배 도매업,신선 식품 및 단순 가공 식품 도매업,46319,기타 신선 식품 및 단순 가공 식품 도매업,기타 가공하지 않은 식품이나 냉동․건조․염장 등과 같은 단순 가공 한 식품을 도매하는 산업활동을 말한다.,벌꿀 도매|조란 도매|식용 소금(천일염 포함) 도매,,,벌꿀|조란|식용 소금(천일염 포함),가공|도매,,KSIC 11차 (2024),True
512282,낙농품 및 동ㆍ식물성 유지 도매업,도매 및 소매업 > 도매 및 상품 중개업 > 음ㆍ식료품 및 담배 도매업 > 가공식품 도매업 > 낙농품 및 동ㆍ식물성 유지 도매업,도매 및 소매업,도매 및 상품 중개업,음ㆍ식료품 및 담배 도매업,가공식품 도매업,46324,낙농품 및 동ㆍ식물성 유지 도매업,"젖을 살균․분리․농축․건조․발효․냉동 및 기타 가공하여 생산된 매 액상 및 기타 형태의 각종 식용 유제품과 식용 빙과를 도매하는 산업 활동을 말한다. 조란 가공제품, 동․식물성 유지를 도매하는 산업활동 을 포함한다.",액상 시유 도매|우유 분리제품 도매|탈지유 및 탈지 분유 도매|생크림 도매|전지 분유 및 가당 우유 도매|연유 및 농축유 도매|아이스크림 도매|빙과류 도매,,"연유, 시유(양유포함)",액상 시유|우유 분리제품|탈지유 및 탈지 분유|생크림|전지 분유 및 가당 우유|연유 및 농축유|아이스크림|빙과류,생산|가공|도매,,KSIC 11차 (2024),True
512283,낙농품 및 동ㆍ식물성 유지 도매업,도매 및 소매업 > 도매 및 상품 중개업 > 음ㆍ식료품 및 담배 도매업 > 가공식품 도매업 > 낙농품 및 동ㆍ식물성 유지 도매업,도매 및 소매업,도매 및 상품 중개업,음ㆍ식료품 및 담배 도매업,가공식품 도매업,46324,낙농품 및 동ㆍ식물성 유지 도매업,"젖을 살균․분리․농축․건조․발효․냉동 및 기타 가공하여 생산된 매 액상 및 기타 형태의 각종 식용 유제품과 식용 빙과를 도매하는 산업 활동을 말한다. 조란 가공제품, 동․식물성 유지를 도매하는 산업활동 을 포함한다.",액상 시유 도매|우유 분리제품 도매|탈지유 및 탈지 분유 도매|생크림 도매|전지 분유 및 가당 우유 도매|연유 및 농축유 도매|아이스크림 도매|빙과류 도매,,식물성 유지,액상 시유|우유 분리제품|탈지유 및 탈지 분유|생크림|전지 분유 및 가당 우유|연유 및 농축유|아이스크림|빙과류,생산|가공|도매,,KSIC 11차 (2024),True
512284,기타 가공식품 도매업,도매 및 소매업 > 도매 및 상품 중개업 > 음ㆍ식료품 및 담배 도매업 > 가공식품 도매업 > 기타 가공식품 도매업,도매 및 소매업,도매 및 상품 중개업,음ㆍ식료품 및 담배 도매업,가공식품 도매업,46329,기타 가공식품 도매업,"과실 및 채소 가공식품, 곡물 가루, 국수 및 인스턴트 면류 등의 기타 가공 식품을 도매하는 산업활동을 말한다.","냉동 만두 도매|과일 통조림 도매|당면, 냉면, 스파게티 도매|깻잎 및 장아찌 통조림 제품 도매|곡물 가공품 도매|곡물 가루(쌀, 보리, 밀) 도매|녹말(전분) 도매",,"기타(전분, 만두, 물엿 등)","냉동 만두|과일 통조림|당면, 냉면, 스파게티|깻잎 및 장아찌 통조림 제품|곡물 가공품|곡물 가루(쌀, 보리, 밀)|녹말(전분)",가공|도매,,KSIC 11차 (2024),True
512285,낙농품 및 동ㆍ식물성 유지 도매업,도매 및 소매업 > 도매 및 상품 중개업 > 음ㆍ식료품 및 담배 도매업 > 가공식품 도매업 > 낙농품 및 동ㆍ식물성 유지 도매업,도매 및 소매업,도매 및 상품 중개업,음ㆍ식료품 및 담배 도매업,가공식품 도매업,46324,낙농품 및 동ㆍ식물성 유지 도매업,"젖을 살균․분리․농축․건조․발효․냉동 및 기타 가공하여 생산된 매 액상 및 기타 형태의 각종 식용 유제품과 식용 빙과를 도매하는 산업 활동을 말한다. 조란 가공제품, 동․식물성 유지를 도매하는 산업활동 을 포함한다.",액상 시유 도매|우유 분리제품 도매|탈지유 및 탈지 분유 도매|생크림 도매|전지 분유 및 가당 우유 도매|연유 및 농축유 도매|아이스크림 도매|빙과류 도매,,동물성 유지,액상 시유|우유 분리제품|탈지유 및 탈지 분유|생크림|전지 분유 및 가당 우유|연유 및 농축유|아이스크림|빙과류,생산|가공|도매,,KSIC 11차 (2024),True
512286,담배 도매업,도매 및 소매업 > 도매 및 상품 중개업 > 음ㆍ식료품 및 담배 도매업 > 음료 및 담배 도매업 > 담배 도매업,도매 및 소매업,도매 및 상품 중개업,음ㆍ식료품 및 담배 도매업,음료 및 담배 도매업,46333,담배 도매업,"필터 담배, 궐련, 각연(살담배), 판상엽, 여송연(시가) 등 각종 담배제 품을 도매하는 산업활동을 말한다.",,,,담배,도매,,KSIC 11차 (2024),True
512287,기타 가공식품 도매업,도매 및 소매업 > 도매 및 상품 중개업 > 음ㆍ식료품 및 담배 도매업 > 가공식품 도매업 > 기타 가공식품 도매업,도매 및 소매업,도매 및 상품 중개업,음ㆍ식료품 및 담배 도매업,가공식품 도매업,46329,기타 가공식품 도매업,"과실 및 채소 가공식품, 곡물 가루, 국수 및 인스턴트 면류 등의 기타 가공 식품을 도매하는 산업활동을 말한다.","냉동 만두 도매|과일 통조림 도매|당면, 냉면, 스파게티 도매|깻잎 및 장아찌 통조림 제품 도매|곡물 가공품 도매|곡물 가루(쌀, 보리, 밀) 도매|녹말(전분) 도매",,조제건강식품,"냉동 만두|과일 통조림|당면, 냉면, 스파게티|깻잎 및 장아찌 통조림 제품|곡물 가공품|곡물 가루(쌀, 보리, 밀)|녹말(전분)",가공|도매,,KSIC 11차 (2024),True
512288,기타 가공식품 도매업,도매 및 소매업 > 도매 및 상품 중개업 > 음ㆍ식료품 및 담배 도매업 > 가공식품 도매업 > 기타 가공식품 도매업,도매 및 소매업,도매 및 상품 중개업,음ㆍ식료품 및 담배 도매업,가공식품 도매업,46329,기타 가공식품 도매업,"과실 및 채소 가공식품, 곡물 가루, 국수 및 인스턴트 면류 등의 기타 가공 식품을 도매하는 산업활동을 말한다.","냉동 만두 도매|과일 통조림 도매|당면, 냉면, 스파게티 도매|깻잎 및 장아찌 통조림 제품 도매|곡물 가공품 도매|곡물 가루(쌀, 보리, 밀) 도매|녹말(전분) 도매",,인삼제품,"냉동 만두|과일 통조림|당면, 냉면, 스파게티|깻잎 및 장아찌 통조림 제품|곡물 가공품|곡물 가루(쌀, 보리, 밀)|녹말(전분)",가공|도매,,KSIC 11차 (2024),True
512289,수산물 가공식품 도매업,도매 및 소매업 > 도매 및 상품 중개업 > 음ㆍ식료품 및 담배 도매업 > 가공식품 도매업 > 수산물 가공식품 도매업,도매 및 소매업,도매 및 상품 중개업,음ㆍ식료품 및 담배 도매업,가공식품 도매업,46322,수산물 가공식품 도매업,해산물 및 민물고기 등 수산물의 가공식품을 도매하는 산업활동을 말 한다.,물고기 통조림 도매|어묵 도매|수산물 액젓 도매|구운 김 도매|맛살 도매|훈제 어류 도매 도매 및 소매업,,,물고기 통조림|어묵|수산물 액젓|구운 김|맛살|훈제 어류 도매 도매 및,가공|도매|소매,,KSIC 11차 (2024),True
512290,낙농품 및 동ㆍ식물성 유지 도매업,도매 및 소매업 > 도매 및 상품 중개업 > 음ㆍ식료품 및 담배 도매업 > 가공식품 도매업 > 낙농품 및 동ㆍ식물성 유지 도매업,도매 및 소매업,도매 및 상품 중개업,음ㆍ식료품 및 담배 도매업,가공식품 도매업,46324,낙농품 및 동ㆍ식물성 유지 도매업,"젖을 살균․분리․농축․건조․발효․냉동 및 기타 가공하여 생산된 매 액상 및 기타 형태의 각종 식용 유제품과 식용 빙과를 도매하는 산업 활동을 말한다. 조란 가공제품, 동․식물성 유지를 도매하는 산업활동 을 포함한다.",액상 시유 도매|우유 분리제품 도매|탈지유 및 탈지 분유 도매|생크림 도매|전지 분유 및 가당 우유 도매|연유 및 농축유 도매|아이스크림 도매|빙과류 도매,,분유,액상 시유|우유 분리제품|탈지유 및 탈지 분유|생크림|전지 분유 및 가당 우유|연유 및 농축유|아이스크림|빙과류,생산|가공|도매,,KSIC 11차 (2024),True
512293,복권 발행 및 판매업,"예술, 스포츠 및 여가관련 서비스업 > 스포츠 및 오락관련 서비스업 > 유원지 및 기타 오락관련 서비스업 > 사행시설 관리 및 운영업 > 복권 발행 및 판매업","예술, 스포츠 및 여가관련 서비스업",스포츠 및 오락관련 서비스업,유원지 및 기타 오락관련 서비스업,사행시설 관리 및 운영업,91241,복권 발행 및 판매업,각종 복권을 발행하거나 판매하는 산업활동을 말한다.,스포츠 복권 발행|기입식 복권 발행|즉석식 복권 발행|복권 판매소,,복권(도매),스포츠 복권 발행|기입식 복권 발행|즉석식 복권 발행|복권 판매소,판매|스포츠,,KSIC 11차 (2024),True
512294,낙농품 및 동ㆍ식물성 유지 도매업,도매 및 소매업 > 도매 및 상품 중개업 > 음ㆍ식료품 및 담배 도매업 > 가공식품 도매업 > 낙농품 및 동ㆍ식물성 유지 도매업,도매 및 소매업,도매 및 상품 중개업,음ㆍ식료품 및 담배 도매업,가공식품 도매업,46324,낙농품 및 동ㆍ식물성 유지 도매업,"젖을 살균․분리․농축․건조․발효․냉동 및 기타 가공하여 생산된 매 액상 및 기타 형태의 각종 식용 유제품과 식용 빙과를 도매하는 산업 활동을 말한다. 조란 가공제품, 동․식물성 유지를 도매하는 산업활동 을 포함한다.",액상 시유 도매|우유 분리제품 도매|탈지유 및 탈지 분유 도매|생크림 도매|전지 분유 및 가당 우유 도매|연유 및 농축유 도매|아이스크림 도매|빙과류 도매,,발효유(야쿠르트) 및 치즈,액상 시유|우유 분리제품|탈지유 및 탈지 분유|생크림|전지 분유 및 가당 우유|연유 및 농축유|아이스크림|빙과류,생산|가공|도매,,KSIC 11차 (2024),True
512295,기타 가공식품 도매업,도매 및 소매업 > 도매 및 상품 중개업 > 음ㆍ식료품 및 담배 도매업 > 가공식품 도매업 > 기타 가공식품 도매업,도매 및 소매업,도매 및 상품 중개업,음ㆍ식료품 및 담배 도매업,가공식품 도매업,46329,기타 가공식품 도매업,"과실 및 채소 가공식품, 곡물 가루, 국수 및 인스턴트 면류 등의 기타 가공 식품을 도매하는 산업활동을 말한다.","냉동 만두 도매|과일 통조림 도매|당면, 냉면, 스파게티 도매|깻잎 및 장아찌 통조림 제품 도매|곡물 가공품 도매|곡물 가루(쌀, 보리, 밀) 도매|녹말(전분) 도매",,"김치, 단무지","냉동 만두|과일 통조림|당면, 냉면, 스파게티|깻잎 및 장아찌 통조림 제품|곡물 가공품|곡물 가루(쌀, 보리, 밀)|녹말(전분)",가공|도매,,KSIC 11차 (2024),True
513111,생활용 섬유 및 실 도매업,"도매 및 소매업 > 도매 및 상품 중개업 > 생활용품 도매업 > 생활용 섬유제품, 의복, 의복 액세서리 및 모피제품 도매업 > 생활용 섬유 및 실 도매업",도매 및 소매업,도매 및 상품 중개업,생활용품 도매업,"생활용 섬유제품, 의복, 의복 액세서리 및 모피제품 도매업",46411,생활용 섬유 및 실 도매업,"소매용으로 포장된 섬유(솜), 사(실)를 도매하는 산업활동을 말한다.",섬유(솜) 도매|연사 도매|자수실(재봉사) 도매,직물 및 방직(산업)용 섬유 또는 사 도매,,섬유(솜)|연사|자수실(재봉사),도매|소매,,KSIC 11차 (2024),True
513112,커튼 및 침구용품 도매업,"도매 및 소매업 > 도매 및 상품 중개업 > 생활용품 도매업 > 생활용 섬유제품, 의복, 의복 액세서리 및 모피제품 도매업 > 커튼 및 침구용품 도매업",도매 및 소매업,도매 및 상품 중개업,생활용품 도매업,"생활용 섬유제품, 의복, 의복 액세서리 및 모피제품 도매업",46412,커튼 및 침구용품 도매업,"직물제로 만든 커튼, 침구용품 및 유사 제품을 도매하는 산업활동을 말한다.",쿠션 및 방석 도매|실내용 블라인드(직물) 도매|벽가리개 도매|무대막 도매,전기담요 도매|직물벽지 도매,침구용품,쿠션 및 방석|실내용 블라인드(직물)|벽가리개|무대막,도매,,KSIC 11차 (2024),True
513113,커튼 및 침구용품 도매업,"도매 및 소매업 > 도매 및 상품 중개업 > 생활용품 도매업 > 생활용 섬유제품, 의복, 의복 액세서리 및 모피제품 도매업 > 커튼 및 침구용품 도매업",도매 및 소매업,도매 및 상품 중개업,생활용품 도매업,"생활용 섬유제품, 의복, 의복 액세서리 및 모피제품 도매업",46412,커튼 및 침구용품 도매업,"직물제로 만든 커튼, 침구용품 및 유사 제품을 도매하는 산업활동을 말한다.",쿠션 및 방석 도매|실내용 블라인드(직물) 도매|벽가리개 도매|무대막 도매,전기담요 도매|직물벽지 도매,커튼,쿠션 및 방석|실내용 블라인드(직물)|벽가리개|무대막,도매,,KSIC 11차 (2024),True
513119,기타 생활용 섬유 및 직물 제품 도매업,"도매 및 소매업 > 도매 및 상품 중개업 > 생활용품 도매업 > 생활용 섬유제품, 의복, 의복 액세서리 및 모피제품 도매업 > 기타 생활용 섬유 및 직물 제품 도매업",도매 및 소매업,도매 및 상품 중개업,생활용품 도매업,"생활용 섬유제품, 의복, 의복 액세서리 및 모피제품 도매업",46419,기타 생활용 섬유 및 직물 제품 도매업,기타 생활용 섬유 및 직물 제품을 도매하는 산업활동을 말한다.,수예품 도매|위생 수건(타월) 도매|융단(카펫) 도매|국기 도매,융단 원단 도매 도매 및 소매업,,수예품|위생 수건(타월)|융단(카펫)|국기,도매,,KSIC 11차 (2024),True
513121,남녀용 겉옷 및 셔츠 도매업,"도매 및 소매업 > 도매 및 상품 중개업 > 생활용품 도매업 > 생활용 섬유제품, 의복, 의복 액세서리 및 모피제품 도매업 > 남녀용 겉옷 및 셔츠 도매업",도매 및 소매업,도매 및 상품 중개업,생활용품 도매업,"생활용 섬유제품, 의복, 의복 액세서리 및 모피제품 도매업",46413,남녀용 겉옷 및 셔츠 도매업,"남녀용 각종 겉옷, 셔츠 등을 도매하는 산업활동을 말한다.",양복 및 양장 도매|양복 조끼 도매|반바지 도매|작업복 및 체육복 도매|수영복 도매|소아용 기성 겉옷 도매,유아용 겉옷 도매,겉옷,양복 및 양장|양복 조끼|반바지|작업복 및 체육복|수영복|소아용 기성 겉옷,도매,,KSIC 11차 (2024),True
513130,남녀용 겉옷 및 셔츠 도매업,"도매 및 소매업 > 도매 및 상품 중개업 > 생활용품 도매업 > 생활용 섬유제품, 의복, 의복 액세서리 및 모피제품 도매업 > 남녀용 겉옷 및 셔츠 도매업",도매 및 소매업,도매 및 상품 중개업,생활용품 도매업,"생활용 섬유제품, 의복, 의복 액세서리 및 모피제품 도매업",46413,남녀용 겉옷 및 셔츠 도매업,"남녀용 각종 겉옷, 셔츠 등을 도매하는 산업활동을 말한다.",양복 및 양장 도매|양복 조끼 도매|반바지 도매|작업복 및 체육복 도매|수영복 도매|소아용 기성 겉옷 도매,유아용 겉옷 도매,셔츠,양복 및 양장|양복 조끼|반바지|작업복 및 체육복|수영복|소아용 기성 겉옷,도매,,KSIC 11차 (2024),True
513131,유아용 의류 도매업,"도매 및 소매업 > 도매 및 상품 중개업 > 생활용품 도매업 > 생활용 섬유제품, 의복, 의복 액세서리 및 모피제품 도매업 > 유아용 의류 도매업",도매 및 소매업,도매 및 상품 중개업,생활용품 도매업,"생활용 섬유제품, 의복, 의복 액세서리 및 모피제품 도매업",46414,유아용 의류 도매업,유아용 겉옷 및 속옷을 도매하는 산업활동을 말한다.,유아용 겉옷 도매|유아용 속옷 도매,,,유아용 겉옷|유아용 속옷,도매,,KSIC 11차 (2024),True
513132,속옷 및 잠옷 도매업,"도매 및 소매업 > 도매 및 상품 중개업 > 생활용품 도매업 > 생활용 섬유제품, 의복, 의복 액세서리 및 모피제품 도매업 > 속옷 및 잠옷 도매업",도매 및 소매업,도매 및 상품 중개업,생활용품 도매업,"생활용 섬유제품, 의복, 의복 액세서리 및 모피제품 도매업",46415,속옷 및 잠옷 도매업,남녀용 속옷 및 잠옷 등을 도매하는 산업활동을 말한다.,잠옷 도매|러닝 및 팬티 도매|브래지어 도매|캐미솔 도매,유아용 속옷 도매,,잠옷|러닝 및 팬티|브래지어|캐미솔,도매,,KSIC 11차 (2024),True
513141,신발 도매업,도매 및 소매업 > 도매 및 상품 중개업 > 생활용품 도매업 > 신발 도매업,도매 및 소매업,도매 및 상품 중개업,생활용품 도매업,신발 도매업,46420,신발 도매업,"가죽, 직물, 플라스틱, 고무, 나무 등으로 제조된 각종 신발을 도매하 는 산업활동을 말한다.",구두 도매|부츠 도매|운동화 도매,등산화 도매,,구두|부츠|운동화,제조|도매,,KSIC 11차 (2024),True
513150,가죽 및 모피 제품 도매업,"도매 및 소매업 > 도매 및 상품 중개업 > 생활용품 도매업 > 생활용 섬유제품, 의복, 의복 액세서리 및 모피제품 도매업 > 가죽 및 모피 제품 도매업",도매 및 소매업,도매 및 상품 중개업,생활용품 도매업,"생활용 섬유제품, 의복, 의복 액세서리 및 모피제품 도매업",46416,가죽 및 모피 제품 도매업,천연․재생․합성․인조 가죽 및 천연․인조 모피제품을 도매하는 산 업활동을 말한다.,가죽의복 도매|모피제품 도매,원모피 및 원피 도매|가죽 가방 및 여행용품 도매|가죽 신발 도매,,가죽의복|모피제품,도매,,KSIC 11차 (2024),True
513191,의복 액세서리 및 모조 장신구 도매업,"도매 및 소매업 > 도매 및 상품 중개업 > 생활용품 도매업 > 생활용 섬유제품, 의복, 의복 액세서리 및 모피제품 도매업 > 의복 액세서리 및 모조 장신구 도매업",도매 및 소매업,도매 및 상품 중개업,생활용품 도매업,"생활용 섬유제품, 의복, 의복 액세서리 및 모피제품 도매업",46417,의복 액세서리 및 모조 장신구 도매업,의복 액세서리(귀금속제 제외) 및 모조 장신구 등을 도매하는 산업활 동을 말한다.,가발 및 모자 도매|손수건 및 머플러 도매|귀걸이 및 머리핀 도매|브로치 도매|넥타이 도매|요대(벨트) 도매|양말 및 스타킹 도매|단추 및 파스너(지퍼 등) 도매|모피제 의복 액세서리 도매|모피제 모자 및 장갑 도매,모조 장식품 도매,의복 액세서리,가발 및 모자|손수건 및 머플러|귀걸이 및 머리핀|브로치|넥타이|요대(벨트)|양말 및 스타킹|단추 및 파스너(지퍼 등)|모피제 의복 액세서리|모피제 모자 및 장갑,도매,,KSIC 11차 (2024),True
513211,생활용 가구 도매업,"도매 및 소매업 > 도매 및 상품 중개업 > 생활용품 도매업 > 생활용 가구, 조명기구 및 비전기식 생활용기기 도매업 > 생활용 가구 도매업",도매 및 소매업,도매 및 상품 중개업,생활용품 도매업,"생활용 가구, 조명기구 및 비전기식 생활용기기 도매업",46431,생활용 가구 도매업,각종 재료로 제조된 생활용 가구를 도매하는 산업활동을 말한다.,장롱 도매|매트리스 및 침대 도매|주방용 가구 도매|책상 및 의자 도매(가정용),사무용 가구 도매|의료용 및 수의용 가구 도매,,장롱|매트리스 및 침대|주방용 가구|책상 및 의자 도매(가정용),제조|도매|리스,,KSIC 11차 (2024),True
513221,가전제품 및 부품 도매업,"도매 및 소매업 > 도매 및 상품 중개업 > 기계장비 및 관련 물품 도매업 > 가전제품, 통신장비 및 부품 도매업 > 가전제품 및 부품 도매업",도매 및 소매업,도매 및 상품 중개업,기계장비 및 관련 물품 도매업,"가전제품, 통신장비 및 부품 도매업",46521,가전제품 및 부품 도매업,가정용 전기․전자제품 및 비설치용 전기 난방기구 등을 도매하는 산 업활동을 말한다. 가스 레인지 등 가정용 비전기식 조리 및 난방기구 를 도매하는 경우도 포함한다.,영상기기 도매|음향기기(오디오 등) 도매|가정용|난방기(전기식) 도매|가정용 전열기기 도매|전자 레인지 및 전기 밥솥 도매|전기 면도기 도매|전기 담요 도매|가스 레인지 도매|가정용 비전기식 조리 및 난방기구 도매,설치용 배관 및 난방장치 도매,,영상기기|음향기기(오디오 등)|가정용|난방기(전기식)|가정용 전열기기|전자 레인지 및 전기 밥솥|전기 면도기|전기 담요|가스 레인지|가정용 비전기식 조리 및 난방기구,설치|도매|조리,,KSIC 11차 (2024),True
513230,생활용 유리ㆍ요업ㆍ목재ㆍ금속 제품 및 날붙이 도매업,"도매 및 소매업 > 도매 및 상품 중개업 > 생활용품 도매업 > 생활용 가구, 조명기구 및 비전기식 생활용기기 도매업 > 생활용 유리ㆍ요업ㆍ목재ㆍ금속 제품 및 날붙이 도매업",도매 및 소매업,도매 및 상품 중개업,생활용품 도매업,"생활용 가구, 조명기구 및 비전기식 생활용기기 도매업",46433,생활용 유리ㆍ요업ㆍ목재ㆍ금속 제품 및 날붙이 도매업,"생활용 및 주방용 유리제품, 요업제품, 목재제품, 주방용 금속제품, 날 붙이(칼․가위 등) 및 기타 관련 용품을 도매하는 산업활동을 말한다.",그릇(각종 재질) 도매|쌀통 및 김치통 도매|주방용품 도매|관상용 어항 도매|화분 도매|쓰레기통 도매|비전기식 면도기 도매|비전기식 이발기 도매,가스레인지 도매|비전기식 보일러 도매|가정용 비전기식 조리 및 난방기구 도매,"생활용 목재제품, 주방용 금속제품 등",그릇(각종 재질)|쌀통 및 김치통|주방용품|관상용 어항|화분|쓰레기통|비전기식 면도기|비전기식 이발기,도매,,KSIC 11차 (2024),True
513231,그 외 기타 기계 및 장비 도매업,도매 및 소매업 > 도매 및 상품 중개업 > 기계장비 및 관련 물품 도매업 > 기타 기계 및 장비 도매업 > 그 외 기타 기계 및 장비 도매업,도매 및 소매업,도매 및 상품 중개업,기계장비 및 관련 물품 도매업,기타 기계 및 장비 도매업,46599,그 외 기타 기계 및 장비 도매업,그 외 기타 일반 목적용으로 사용되는 기계 및 장비를 도매하는 산업 활동을 말한다.,밸브 도매|펌프 및 공기 압축기 도매|송풍기 및 환풍기 도매|구름(볼 및 롤러)베어링 도매|기계류 동력 전달장치 도매|소화장비 도매|물품 취급장비 도매|기중기 도매,자동차 엔진 도매|항공기 엔진 도매|이륜자동차(오토바이) 엔진 도매,자동판매기,밸브|펌프 및 공기 압축기|송풍기 및 환풍기|구름(볼 및 롤러)베어링|기계류 동력 전달장치|소화장비|물품 취급장비|기중기,도매,,KSIC 11차 (2024),True
513241,"전구, 램프 및 조명장치 도매업","도매 및 소매업 > 도매 및 상품 중개업 > 생활용품 도매업 > 생활용 가구, 조명기구 및 비전기식 생활용기기 도매업 > 전구, 램프 및 조명장치 도매업",도매 및 소매업,도매 및 상품 중개업,생활용품 도매업,"생활용 가구, 조명기구 및 비전기식 생활용기기 도매업",46432,"전구, 램프 및 조명장치 도매업","각종 조명기구, 조명장치 및 램프를 도매하는 산업활동을 말한다.",샹들리에 도매|전기스탠드 도매,,,샹들리에|전기스탠드,도매,,KSIC 11차 (2024),True
513250,악기 도매업,"도매 및 소매업 > 도매 및 상품 중개업 > 생활용품 도매업 > 음반 및 비디오물, 악기, 오락 및 경기용품 도매업 > 악기 도매업",도매 및 소매업,도매 및 상품 중개업,생활용품 도매업,"음반 및 비디오물, 악기, 오락 및 경기용품 도매업",46462,악기 도매업,"현악기, 타악기, 관악기, 건반악기 등 각종 악기를 도매하는 산업활동 을 말한다.","피아노 도매|전자 악기 도매|장구, 북 등 전통 악기 도매|국악기 도매|하모니카 등 기타 악기 도매",,,"피아노|전자 악기|장구, 북 등 전통 악기|국악기|하모니카 등 기타 악기",도매,,KSIC 11차 (2024),True
513253,음반 및 비디오물 도매업,"도매 및 소매업 > 도매 및 상품 중개업 > 생활용품 도매업 > 음반 및 비디오물, 악기, 오락 및 경기용품 도매업 > 음반 및 비디오물 도매업",도매 및 소매업,도매 및 상품 중개업,생활용품 도매업,"음반 및 비디오물, 악기, 오락 및 경기용품 도매업",46461,음반 및 비디오물 도매업,"음악 및 영상물을 수록한 테이프, 레코드, CD, DVD 등을 도매하는 산업활동을 말한다.","음악 및 영상물 수록 CD 도매|음악 테이프, CD, DVD 도매|음반 도매|비디오 테이프, CD, DVD 도매",비디오 및 음악 이외의 기록매체 도매,,"음악 및 영상물 수록 CD|음악 테이프, CD, DVD|음반|비디오 테이프, CD, DVD",도매,,KSIC 11차 (2024),True
513261,기타 생활용 섬유 및 직물 제품 도매업,"도매 및 소매업 > 도매 및 상품 중개업 > 생활용품 도매업 > 생활용 섬유제품, 의복, 의복 액세서리 및 모피제품 도매업 > 기타 생활용 섬유 및 직물 제품 도매업",도매 및 소매업,도매 및 상품 중개업,생활용품 도매업,"생활용 섬유제품, 의복, 의복 액세서리 및 모피제품 도매업",46419,기타 생활용 섬유 및 직물 제품 도매업,기타 생활용 섬유 및 직물 제품을 도매하는 산업활동을 말한다.,수예품 도매|위생 수건(타월) 도매|융단(카펫) 도매|국기 도매,융단 원단 도매 도매 및 소매업,"카펫, 융단, 자리",수예품|위생 수건(타월)|융단(카펫)|국기,도매,,KSIC 11차 (2024),True
513263,벽지 및 장판류 도매업,"도매 및 소매업 > 도매 및 상품 중개업 > 건축 자재, 철물 및 난방장치 도매업 > 기타 건축자재 도매업 > 벽지 및 장판류 도매업",도매 및 소매업,도매 및 상품 중개업,"건축 자재, 철물 및 난방장치 도매업",기타 건축자재 도매업,46692,벽지 및 장판류 도매업,"각종 재질의 벽지, 장판, 바닥깔개(직물제품 제외) 등을 도매하는 산 업활동을 말한다.","리놀륨 도매|화문석 및 유사 조물제품 도매|장판지 및 마루덮개 도매|융단 원단 도매|벽지(직물, 종이, 플라스틱제 포함) 도매",봉제 카펫(생활용) 도매,,"리놀륨|화문석 및 유사 조물제품|장판지 및 마루덮개|융단 원단|벽지(직물, 종이, 플라스틱제 포함)",도매,,KSIC 11차 (2024),True
513271,생활용 유리ㆍ요업ㆍ목재ㆍ금속 제품 및 날붙이 도매업,"도매 및 소매업 > 도매 및 상품 중개업 > 생활용품 도매업 > 생활용 가구, 조명기구 및 비전기식 생활용기기 도매업 > 생활용 유리ㆍ요업ㆍ목재ㆍ금속 제품 및 날붙이 도매업",도매 및 소매업,도매 및 상품 중개업,생활용품 도매업,"생활용 가구, 조명기구 및 비전기식 생활용기기 도매업",46433,생활용 유리ㆍ요업ㆍ목재ㆍ금속 제품 및 날붙이 도매업,"생활용 및 주방용 유리제품, 요업제품, 목재제품, 주방용 금속제품, 날 붙이(칼․가위 등) 및 기타 관련 용품을 도매하는 산업활동을 말한다.",그릇(각종 재질) 도매|쌀통 및 김치통 도매|주방용품 도매|관상용 어항 도매|화분 도매|쓰레기통 도매|비전기식 면도기 도매|비전기식 이발기 도매,가스레인지 도매|비전기식 보일러 도매|가정용 비전기식 조리 및 난방기구 도매,"생활용 요업제품, 유리제품",그릇(각종 재질)|쌀통 및 김치통|주방용품|관상용 어항|화분|쓰레기통|비전기식 면도기|비전기식 이발기,도매,,KSIC 11차 (2024),True
513272,생활용 유리ㆍ요업ㆍ목재ㆍ금속 제품 및 날붙이 도매업,"도매 및 소매업 > 도매 및 상품 중개업 > 생활용품 도매업 > 생활용 가구, 조명기구 및 비전기식 생활용기기 도매업 > 생활용 유리ㆍ요업ㆍ목재ㆍ금속 제품 및 날붙이 도매업",도매 및 소매업,도매 및 상품 중개업,생활용품 도매업,"생활용 가구, 조명기구 및 비전기식 생활용기기 도매업",46433,생활용 유리ㆍ요업ㆍ목재ㆍ금속 제품 및 날붙이 도매업,"생활용 및 주방용 유리제품, 요업제품, 목재제품, 주방용 금속제품, 날 붙이(칼․가위 등) 및 기타 관련 용품을 도매하는 산업활동을 말한다.",그릇(각종 재질) 도매|쌀통 및 김치통 도매|주방용품 도매|관상용 어항 도매|화분 도매|쓰레기통 도매|비전기식 면도기 도매|비전기식 이발기 도매,가스레인지 도매|비전기식 보일러 도매|가정용 비전기식 조리 및 난방기구 도매,주방용 요업제품,그릇(각종 재질)|쌀통 및 김치통|주방용품|관상용 어항|화분|쓰레기통|비전기식 면도기|비전기식 이발기,도매,,KSIC 11차 (2024),True
513290,생활용 가구 도매업,"도매 및 소매업 > 도매 및 상품 중개업 > 생활용품 도매업 > 생활용 가구, 조명기구 및 비전기식 생활용기기 도매업 > 생활용 가구 도매업",도매 및 소매업,도매 및 상품 중개업,생활용품 도매업,"생활용 가구, 조명기구 및 비전기식 생활용기기 도매업",46431,생활용 가구 도매업,각종 재료로 제조된 생활용 가구를 도매하는 산업활동을 말한다.,장롱 도매|매트리스 및 침대 도매|주방용 가구 도매|책상 및 의자 도매(가정용),사무용 가구 도매|의료용 및 수의용 가구 도매,싱크대 및 조리대,장롱|매트리스 및 침대|주방용 가구|책상 및 의자 도매(가정용),제조|도매|리스,,KSIC 11차 (2024),True
513291,가전제품 및 부품 도매업,"도매 및 소매업 > 도매 및 상품 중개업 > 기계장비 및 관련 물품 도매업 > 가전제품, 통신장비 및 부품 도매업 > 가전제품 및 부품 도매업",도매 및 소매업,도매 및 상품 중개업,기계장비 및 관련 물품 도매업,"가전제품, 통신장비 및 부품 도매업",46521,가전제품 및 부품 도매업,가정용 전기․전자제품 및 비설치용 전기 난방기구 등을 도매하는 산 업활동을 말한다. 가스 레인지 등 가정용 비전기식 조리 및 난방기구 를 도매하는 경우도 포함한다.,영상기기 도매|음향기기(오디오 등) 도매|가정용|난방기(전기식) 도매|가정용 전열기기 도매|전자 레인지 및 전기 밥솥 도매|전기 면도기 도매|전기 담요 도매|가스 레인지 도매|가정용 비전기식 조리 및 난방기구 도매,설치용 배관 및 난방장치 도매,가정용 비전기식 조리 및 난방기구,영상기기|음향기기(오디오 등)|가정용|난방기(전기식)|가정용 전열기기|전자 레인지 및 전기 밥솥|전기 면도기|전기 담요|가스 레인지|가정용 비전기식 조리 및 난방기구,설치|도매|조리,,KSIC 11차 (2024),True
513295,생활용 유리ㆍ요업ㆍ목재ㆍ금속 제품 및 날붙이 도매업,"도매 및 소매업 > 도매 및 상품 중개업 > 생활용품 도매업 > 생활용 가구, 조명기구 및 비전기식 생활용기기 도매업 > 생활용 유리ㆍ요업ㆍ목재ㆍ금속 제품 및 날붙이 도매업",도매 및 소매업,도매 및 상품 중개업,생활용품 도매업,"생활용 가구, 조명기구 및 비전기식 생활용기기 도매업",46433,생활용 유리ㆍ요업ㆍ목재ㆍ금속 제품 및 날붙이 도매업,"생활용 및 주방용 유리제품, 요업제품, 목재제품, 주방용 금속제품, 날 붙이(칼․가위 등) 및 기타 관련 용품을 도매하는 산업활동을 말한다.",그릇(각종 재질) 도매|쌀통 및 김치통 도매|주방용품 도매|관상용 어항 도매|화분 도매|쓰레기통 도매|비전기식 면도기 도매|비전기식 이발기 도매,가스레인지 도매|비전기식 보일러 도매|가정용 비전기식 조리 및 난방기구 도매,비전기식 이ㆍ미용기구,그릇(각종 재질)|쌀통 및 김치통|주방용품|관상용 어항|화분|쓰레기통|비전기식 면도기|비전기식 이발기,도매,,KSIC 11차 (2024),True
513296,기타 비전기식 생활용 기기 및 기구 도매업,"도매 및 소매업 > 도매 및 상품 중개업 > 생활용품 도매업 > 생활용 가구, 조명기구 및 비전기식 생활용기기 도매업 > 기타 비전기식 생활용 기기 및 기구 도매업",도매 및 소매업,도매 및 상품 중개업,생활용품 도매업,"생활용 가구, 조명기구 및 비전기식 생활용기기 도매업",46439,기타 비전기식 생활용 기기 및 기구 도매업,달리 분류되지 않은 생활용 기기 및 기구 등을 도매하는 산업활동을 말한다.,비전기식 재봉기 도매업|비전기식 정수기 도매업 도매 및 소매업,,,비전기식 재봉기|비전기식 정수기 도매업 도매 및,도매|소매,,KSIC 11차 (2024),True
513297,자전거 및 기타 운송장비 도매업,"도매 및 소매업 > 도매 및 상품 중개업 > 생활용품 도매업 > 음반 및 비디오물, 악기, 오락 및 경기용품 도매업 > 자전거 및 기타 운송장비 도매업",도매 및 소매업,도매 및 상품 중개업,생활용품 도매업,"음반 및 비디오물, 악기, 오락 및 경기용품 도매업",46465,자전거 및 기타 운송장비 도매업,자전거 등의 기타 가정용 운송장비를 도매하는 산업활동을 말한다.,자전거 및 부품 도매|개인용 운송장비 도매(동력식)|유모차 도매,,유모차,자전거 및 부품|개인용 운송장비 도매(동력식)|유모차,도매|운송,,KSIC 11차 (2024),True
513298,그 외 기타 상품 전문 도매업,도매 및 소매업 > 도매 및 상품 중개업 > 기타 전문 도매업 > 재생용 재료 및 기타 상품 전문 도매업 > 그 외 기타 상품 전문 도매업,도매 및 소매업,도매 및 상품 중개업,기타 전문 도매업,재생용 재료 및 기타 상품 전문 도매업,46799,그 외 기타 상품 전문 도매업,그 외 달리 분류되지 않은 특정 상품을 전문적으로 도매하는 산업활 동을 말한다.,화약 도매|폭약 도매|플라스틱 필름 도매|산업용 가죽제품 도매|유리섬유 도매|총포 도매 도매 및 소매업,,총포,화약|폭약|플라스틱 필름|산업용 가죽제품|유리섬유|총포 도매 도매 및,도매|소매,,KSIC 11차 (2024),True
513311,의약품 도매업,"도매 및 소매업 > 도매 및 상품 중개업 > 생활용품 도매업 > 의약품, 의료용품 및 화장품 도매업 > 의약품 도매업",도매 및 소매업,도매 및 상품 중개업,생활용품 도매업,"의약품, 의료용품 및 화장품 도매업",46441,의약품 도매업,최종 소비용 의약품 및 의약제제 등을 도매하는 산업활동을 말한다.,비타민제 도매|안약 도매|동물용 약품 도매|강장제 및 드링크제 도매(의약품),비의약품 드링크제 도매,,비타민제|안약|동물용 약품|강장제 및 드링크제 도매(의약품),도매,,KSIC 11차 (2024),True
513312,의약품 도매업,"도매 및 소매업 > 도매 및 상품 중개업 > 생활용품 도매업 > 의약품, 의료용품 및 화장품 도매업 > 의약품 도매업",도매 및 소매업,도매 및 상품 중개업,생활용품 도매업,"의약품, 의료용품 및 화장품 도매업",46441,의약품 도매업,최종 소비용 의약품 및 의약제제 등을 도매하는 산업활동을 말한다.,비타민제 도매|안약 도매|동물용 약품 도매|강장제 및 드링크제 도매(의약품),비의약품 드링크제 도매,각종 한약류,비타민제|안약|동물용 약품|강장제 및 드링크제 도매(의약품),도매,,KSIC 11차 (2024),True
513313,의료용품 도매업,"도매 및 소매업 > 도매 및 상품 중개업 > 생활용품 도매업 > 의약품, 의료용품 및 화장품 도매업 > 의료용품 도매업",도매 및 소매업,도매 및 상품 중개업,생활용품 도매업,"의약품, 의료용품 및 화장품 도매업",46442,의료용품 도매업,"각종 의료용품 및 기타 의약 관련제품과 보청기, 의족 등 신체 보정 용품 및 정형외과용품 등을 도매하는 산업활동을 말한다.","혈액형 분류용 시약 도매|탈지면, 피복재, 습포제 도매|의족, 의치 및 의수 도매|살균한 외과용의 장선(캣커트), 봉합재 및 지혈제 도매",의료 기구 및 의료용 기계|기구 도매,,"혈액형 분류용 시약|탈지면, 피복재, 습포제|의족, 의치 및 의수|살균한 외과용의 장선(캣커트), 봉합재 및 지혈제",도매,,KSIC 11차 (2024),True
513320,화장품 및 화장용품 도매업,"도매 및 소매업 > 도매 및 상품 중개업 > 생활용품 도매업 > 의약품, 의료용품 및 화장품 도매업 > 화장품 및 화장용품 도매업",도매 및 소매업,도매 및 상품 중개업,생활용품 도매업,"의약품, 의료용품 및 화장품 도매업",46443,화장품 및 화장용품 도매업,화장품 및 관련 제품을 도매하는 산업활동을 말한다.,"스킨, 로션 및 향수 도매|무스 및 스프레이 도매|화장 도구 도매|머리 염색약 및 머릿기름 도매|구강 세척제 도매|렌즈 세정액(클리너) 도매|탈모제 및 파마약 도매",,,"스킨, 로션 및 향수|무스 및 스프레이|화장 도구|머리 염색약 및 머릿기름|구강 세척제|렌즈 세정액(클리너)|탈모제 및 파마약",도매,,KSIC 11차 (2024),True
513330,비누 및 세정제 도매업,"도매 및 소매업 > 도매 및 상품 중개업 > 생활용품 도매업 > 의약품, 의료용품 및 화장품 도매업 > 비누 및 세정제 도매업",도매 및 소매업,도매 및 상품 중개업,생활용품 도매업,"의약품, 의료용품 및 화장품 도매업",46444,비누 및 세정제 도매업,"각종 용도의 비누, 세정제를 도매하는 산업활동을 말한다.",세수 및 약용 비누 도매|주방 및 세탁용 세제 도매|락스 도매|치약 도매,,,세수 및 약용 비누|주방 및 세탁용 세제|락스|치약,정제|도매|세탁,,KSIC 11차 (2024),True
513410,"생활용 포장 및 위생용품, 봉투 및 유사 제품 도매업","도매 및 소매업 > 도매 및 상품 중개업 > 생활용품 도매업 > 생활용 포장ㆍ위생용품, 문구용품 및 출판 인쇄물 도매업 > 생활용 포장 및 위생용품, 봉투 및 유사 제품 도매업",도매 및 소매업,도매 및 상품 중개업,생활용품 도매업,"생활용 포장ㆍ위생용품, 문구용품 및 출판 인쇄물 도매업",46451,"생활용 포장 및 위생용품, 봉투 및 유사 제품 도매업","주방용 포장용품, 위생용 종이제품, 종이 또는 비닐제의 가방 등을 도 매하는 산업활동을 말한다.","포장지(랩, wrap) 도매|은박지 도매|화장지 및 냅킨 도매|쇼핑백 도매","포장용 판지 상자 및 골판지 상자, 골판지|판지 및 크라프트지 도 매|폴리에틸렌 필름 도매 도매 및 소매업|장판지, 벽지, 융단 원단 및 마루덮개 도매|편지지, 편지봉투 및 서예지 도매",,"포장지(랩, wrap)|은박지|화장지 및 냅킨|쇼핑백",도매,,KSIC 11차 (2024),True
513414,"종이 원지, 판지, 종이상자 도매업","도매 및 소매업 > 도매 및 상품 중개업 > 기타 전문 도매업 > 종이 원지, 판지, 종이상자 도매업",도매 및 소매업,도매 및 상품 중개업,기타 전문 도매업,"종이 원지, 판지, 종이상자 도매업",46750,"종이 원지, 판지, 종이상자 도매업","펄프, 각종 종이원지, 판지 및 종이상자류를 도매하는 산업활동을 말 한다.","펄프 도매|신문용지, 인쇄용지, 필기용 원지 도매|골판지 및 크라프트지 도매|상자용|포장용 판지 및 종이 상자 도매",,,"펄프|신문용지, 인쇄용지, 필기용 원지|골판지 및 크라프트지|상자용|포장용 판지 및 종이 상자",인쇄|도매,,KSIC 11차 (2024),True
513415,그 외 기타 상품 전문 도매업,도매 및 소매업 > 도매 및 상품 중개업 > 기타 전문 도매업 > 재생용 재료 및 기타 상품 전문 도매업 > 그 외 기타 상품 전문 도매업,도매 및 소매업,도매 및 상품 중개업,기타 전문 도매업,재생용 재료 및 기타 상품 전문 도매업,46799,그 외 기타 상품 전문 도매업,그 외 달리 분류되지 않은 특정 상품을 전문적으로 도매하는 산업활 동을 말한다.,화약 도매|폭약 도매|플라스틱 필름 도매|산업용 가죽제품 도매|유리섬유 도매|총포 도매 도매 및 소매업,,"플라스틱필름, 폴리에틸렌필름",화약|폭약|플라스틱 필름|산업용 가죽제품|유리섬유|총포 도매 도매 및,도매|소매,,KSIC 11차 (2024),True
513421,"서적, 잡지 및 기타 인쇄물 도매업","도매 및 소매업 > 도매 및 상품 중개업 > 생활용품 도매업 > 생활용 포장ㆍ위생용품, 문구용품 및 출판 인쇄물 도매업 > 서적, 잡지 및 기타 인쇄물 도매업",도매 및 소매업,도매 및 상품 중개업,생활용품 도매업,"생활용 포장ㆍ위생용품, 문구용품 및 출판 인쇄물 도매업",46453,"서적, 잡지 및 기타 인쇄물 도매업","각종 서적, 간행물, 팸플릿, 신문 및 기타 인쇄물 등을 도매하는 산업 활동을 말한다. 비디오물 및 음반, 각종 소프트웨어 이외의 각종 출판 물을 전자매체에 수록하여 도매하는 경우도 포함한다.","각종 종이 인쇄물 및 출판물 도매|교과서 및 학습지 도매|만화 및 주간지 도매|어학 교재 및 어학 테이프 도매|달력(캘린더) 도매|소설, 수필, 시집 도매|기록물 도매(음반|비디오 기록물, 소프트웨어 제외)","음반, 비디오물 도매|범용성 소프트웨어 도매|공테이프|CD|DVD 도매",,"각종 종이 인쇄물 및 출판물|교과서 및 학습지|만화 및 주간지|어학 교재 및 어학 테이프|달력(캘린더)|소설, 수필, 시집|기록물 도매(음반|비디오 기록물, 소프트웨어 제외)",인쇄|도매|출판,,KSIC 11차 (2024),True
513430,"문구용품, 회화용품, 사무용품 도매업","도매 및 소매업 > 도매 및 상품 중개업 > 생활용품 도매업 > 생활용 포장ㆍ위생용품, 문구용품 및 출판 인쇄물 도매업 > 문구용품, 회화용품, 사무용품 도매업",도매 및 소매업,도매 및 상품 중개업,생활용품 도매업,"생활용 포장ㆍ위생용품, 문구용품 및 출판 인쇄물 도매업",46452,"문구용품, 회화용품, 사무용품 도매업","필기용구 등 문구용품, 회화용품, 사무용품 등을 도매하는 산업활동을 말한다.","공책, 메모장, 필기구, 각종 문구 용지 도매|펀치, 호치키스 도매|접착 테이프 도매|인주, 고무 도장(스탬프) 도매|절단 종이 도매|분필 도매|책상용 고무판 도매|크레용, 도화 물감 도매|공테이프|CD|DVD 도매",,,"공책, 메모장, 필기구, 각종 문구 용지|펀치, 호치키스|접착 테이프|인주, 고무 도장(스탬프)|절단 종이|분필|책상용 고무판|크레용, 도화 물감|공테이프|CD|DVD",도매,,KSIC 11차 (2024),True
513911,"안경, 사진장비 및 광학용품 도매업","도매 및 소매업 > 도매 및 상품 중개업 > 생활용품 도매업 > 가방, 시계, 안경 및 기타 생활용품 도매업 > 안경, 사진장비 및 광학용품 도매업",도매 및 소매업,도매 및 상품 중개업,생활용품 도매업,"가방, 시계, 안경 및 기타 생활용품 도매업",46493,"안경, 사진장비 및 광학용품 도매업","안경 및 콘택트 렌즈, 사진장비, 사진용품 및 광학용품 등을 도매하는 산업활동을 말한다. 도매 및 소매업","사진용품(필름 포함) 도매|망원경, 쌍안경 도매|광학기구 도매|선글라스 도매|안경 도매|콘택트 렌즈 도매|현미경 도매",영사기 및 영화촬영기 도매,광학용품,"사진용품(필름 포함)|망원경, 쌍안경|광학기구|선글라스|안경|콘택트 렌즈|현미경",도매|소매,,KSIC 11차 (2024),True
513912,"안경, 사진장비 및 광학용품 도매업","도매 및 소매업 > 도매 및 상품 중개업 > 생활용품 도매업 > 가방, 시계, 안경 및 기타 생활용품 도매업 > 안경, 사진장비 및 광학용품 도매업",도매 및 소매업,도매 및 상품 중개업,생활용품 도매업,"가방, 시계, 안경 및 기타 생활용품 도매업",46493,"안경, 사진장비 및 광학용품 도매업","안경 및 콘택트 렌즈, 사진장비, 사진용품 및 광학용품 등을 도매하는 산업활동을 말한다. 도매 및 소매업","사진용품(필름 포함) 도매|망원경, 쌍안경 도매|광학기구 도매|선글라스 도매|안경 도매|콘택트 렌즈 도매|현미경 도매",영사기 및 영화촬영기 도매,사진장비,"사진용품(필름 포함)|망원경, 쌍안경|광학기구|선글라스|안경|콘택트 렌즈|현미경",도매|소매,,KSIC 11차 (2024),True
513913,"안경, 사진장비 및 광학용품 도매업","도매 및 소매업 > 도매 및 상품 중개업 > 생활용품 도매업 > 가방, 시계, 안경 및 기타 생활용품 도매업 > 안경, 사진장비 및 광학용품 도매업",도매 및 소매업,도매 및 상품 중개업,생활용품 도매업,"가방, 시계, 안경 및 기타 생활용품 도매업",46493,"안경, 사진장비 및 광학용품 도매업","안경 및 콘택트 렌즈, 사진장비, 사진용품 및 광학용품 등을 도매하는 산업활동을 말한다. 도매 및 소매업","사진용품(필름 포함) 도매|망원경, 쌍안경 도매|광학기구 도매|선글라스 도매|안경 도매|콘택트 렌즈 도매|현미경 도매",영사기 및 영화촬영기 도매,안경,"사진용품(필름 포함)|망원경, 쌍안경|광학기구|선글라스|안경|콘택트 렌즈|현미경",도매|소매,,KSIC 11차 (2024),True
513920,의복 액세서리 및 모조 장신구 도매업,"도매 및 소매업 > 도매 및 상품 중개업 > 생활용품 도매업 > 생활용 섬유제품, 의복, 의복 액세서리 및 모피제품 도매업 > 의복 액세서리 및 모조 장신구 도매업",도매 및 소매업,도매 및 상품 중개업,생활용품 도매업,"생활용 섬유제품, 의복, 의복 액세서리 및 모피제품 도매업",46417,의복 액세서리 및 모조 장신구 도매업,의복 액세서리(귀금속제 제외) 및 모조 장신구 등을 도매하는 산업활 동을 말한다.,가발 및 모자 도매|손수건 및 머플러 도매|귀걸이 및 머리핀 도매|브로치 도매|넥타이 도매|요대(벨트) 도매|양말 및 스타킹 도매|단추 및 파스너(지퍼 등) 도매|모피제 의복 액세서리 도매|모피제 모자 및 장갑 도매,모조 장식품 도매,모조 장신구,가발 및 모자|손수건 및 머플러|귀걸이 및 머리핀|브로치|넥타이|요대(벨트)|양말 및 스타킹|단추 및 파스너(지퍼 등)|모피제 의복 액세서리|모피제 모자 및 장갑,도매,,KSIC 11차 (2024),True
513921,"장난감 및 취미, 오락용품 도매업","도매 및 소매업 > 도매 및 상품 중개업 > 생활용품 도매업 > 음반 및 비디오물, 악기, 오락 및 경기용품 도매업 > 장난감 및 취미, 오락용품 도매업",도매 및 소매업,도매 및 상품 중개업,생활용품 도매업,"음반 및 비디오물, 악기, 오락 및 경기용품 도매업",46463,"장난감 및 취미, 오락용품 도매업","각종 장난감, 모조 장식품, 오락용 기기 및 장비를 도매하는 산업활동 을 말한다.",낚시도구 도매|오락 게임용품 도매|유희용구 도매|당구장비 및 물품 도매|화투 및 트럼프 도매|트로피 도매|세발 자전거 도매,볼링장비 및 물품 도매|의복 액세서리(귀금속 제외) 및 모조 장신용품 도매,,낚시도구|오락 게임용품|유희용구|당구장비 및 물품|화투 및 트럼프|트로피|세발 자전거,도매|오락,,KSIC 11차 (2024),True
513931,시계 및 귀금속 제품 도매업,"도매 및 소매업 > 도매 및 상품 중개업 > 생활용품 도매업 > 가방, 시계, 안경 및 기타 생활용품 도매업 > 시계 및 귀금속 제품 도매업",도매 및 소매업,도매 및 상품 중개업,생활용품 도매업,"가방, 시계, 안경 및 기타 생활용품 도매업",46492,시계 및 귀금속 제품 도매업,"각종 귀금속 및 귀금속 제품, 시계 등을 도매하는 산업활동을 말한다.","시계 및 시계 부품 도매|보석 도매|귀금속제 장신구 도매|귀석제품 도매|루비, 진주 도매|시계 케이스 도매",귀금속 광물 도매,시계,"시계 및 시계 부품|보석|귀금속제 장신구|귀석제품|루비, 진주|시계 케이스",도매,,KSIC 11차 (2024),True
513933,시계 및 귀금속 제품 도매업,"도매 및 소매업 > 도매 및 상품 중개업 > 생활용품 도매업 > 가방, 시계, 안경 및 기타 생활용품 도매업 > 시계 및 귀금속 제품 도매업",도매 및 소매업,도매 및 상품 중개업,생활용품 도매업,"가방, 시계, 안경 및 기타 생활용품 도매업",46492,시계 및 귀금속 제품 도매업,"각종 귀금속 및 귀금속 제품, 시계 등을 도매하는 산업활동을 말한다.","시계 및 시계 부품 도매|보석 도매|귀금속제 장신구 도매|귀석제품 도매|루비, 진주 도매|시계 케이스 도매",귀금속 광물 도매,제품화 하거나 세공하지 않은 황금,"시계 및 시계 부품|보석|귀금속제 장신구|귀석제품|루비, 진주|시계 케이스",도매,,KSIC 11차 (2024),True
513934,시계 및 귀금속 제품 도매업,"도매 및 소매업 > 도매 및 상품 중개업 > 생활용품 도매업 > 가방, 시계, 안경 및 기타 생활용품 도매업 > 시계 및 귀금속 제품 도매업",도매 및 소매업,도매 및 상품 중개업,생활용품 도매업,"가방, 시계, 안경 및 기타 생활용품 도매업",46492,시계 및 귀금속 제품 도매업,"각종 귀금속 및 귀금속 제품, 시계 등을 도매하는 산업활동을 말한다.","시계 및 시계 부품 도매|보석 도매|귀금속제 장신구 도매|귀석제품 도매|루비, 진주 도매|시계 케이스 도매",귀금속 광물 도매,귀금속,"시계 및 시계 부품|보석|귀금속제 장신구|귀석제품|루비, 진주|시계 케이스",도매,,KSIC 11차 (2024),True
513941,운동 및 경기용품 도매업,"도매 및 소매업 > 도매 및 상품 중개업 > 생활용품 도매업 > 음반 및 비디오물, 악기, 오락 및 경기용품 도매업 > 운동 및 경기용품 도매업",도매 및 소매업,도매 및 상품 중개업,생활용품 도매업,"음반 및 비디오물, 악기, 오락 및 경기용품 도매업",46464,운동 및 경기용품 도매업,각종 운동 및 경기용품을 도매하는 산업활동을 말한다.,"운동장비 도매|등산장비 및 용품 도매|경기용품 도매|등산화, 스키화 등 전문 스포츠 신발 도매|볼링장비 도매",,,"운동장비|등산장비 및 용품|경기용품|등산화, 스키화 등 전문 스포츠 신발|볼링장비",도매|스포츠,,KSIC 11차 (2024),True
513942,운동 및 경기용품 도매업,"도매 및 소매업 > 도매 및 상품 중개업 > 생활용품 도매업 > 음반 및 비디오물, 악기, 오락 및 경기용품 도매업 > 운동 및 경기용품 도매업",도매 및 소매업,도매 및 상품 중개업,생활용품 도매업,"음반 및 비디오물, 악기, 오락 및 경기용품 도매업",46464,운동 및 경기용품 도매업,각종 운동 및 경기용품을 도매하는 산업활동을 말한다.,"운동장비 도매|등산장비 및 용품 도매|경기용품 도매|등산화, 스키화 등 전문 스포츠 신발 도매|볼링장비 도매",,골프장비,"운동장비|등산장비 및 용품|경기용품|등산화, 스키화 등 전문 스포츠 신발|볼링장비",도매|스포츠,,KSIC 11차 (2024),True
513945,"장난감 및 취미, 오락용품 도매업","도매 및 소매업 > 도매 및 상품 중개업 > 생활용품 도매업 > 음반 및 비디오물, 악기, 오락 및 경기용품 도매업 > 장난감 및 취미, 오락용품 도매업",도매 및 소매업,도매 및 상품 중개업,생활용품 도매업,"음반 및 비디오물, 악기, 오락 및 경기용품 도매업",46463,"장난감 및 취미, 오락용품 도매업","각종 장난감, 모조 장식품, 오락용 기기 및 장비를 도매하는 산업활동 을 말한다.",낚시도구 도매|오락 게임용품 도매|유희용구 도매|당구장비 및 물품 도매|화투 및 트럼프 도매|트로피 도매|세발 자전거 도매,볼링장비 및 물품 도매|의복 액세서리(귀금속 제외) 및 모조 장신용품 도매,낚시도구,낚시도구|오락 게임용품|유희용구|당구장비 및 물품|화투 및 트럼프|트로피|세발 자전거,도매|오락,,KSIC 11차 (2024),True
513950,가방 및 보호용 케이스 도매업,"도매 및 소매업 > 도매 및 상품 중개업 > 생활용품 도매업 > 가방, 시계, 안경 및 기타 생활용품 도매업 > 가방 및 보호용 케이스 도매업",도매 및 소매업,도매 및 상품 중개업,생활용품 도매업,"가방, 시계, 안경 및 기타 생활용품 도매업",46491,가방 및 보호용 케이스 도매업,"각종 재료(가죽, 플라스틱, 직물 등)로 만든 가방, 여행용품 및 기타 가정용 관련 가죽제품을 도매하는 산업활동을 말한다.",지갑 및 핸드백 도매|열쇠 케이스 도매|여행용 가방(트렁크) 도매|화장품 케이스 도매|보호용 케이스 도매,,,지갑 및 핸드백|열쇠 케이스|여행용 가방(트렁크)|화장품 케이스|보호용 케이스,도매,,KSIC 11차 (2024),True
513960,자전거 및 기타 운송장비 도매업,"도매 및 소매업 > 도매 및 상품 중개업 > 생활용품 도매업 > 음반 및 비디오물, 악기, 오락 및 경기용품 도매업 > 자전거 및 기타 운송장비 도매업",도매 및 소매업,도매 및 상품 중개업,생활용품 도매업,"음반 및 비디오물, 악기, 오락 및 경기용품 도매업",46465,자전거 및 기타 운송장비 도매업,자전거 등의 기타 가정용 운송장비를 도매하는 산업활동을 말한다.,자전거 및 부품 도매|개인용 운송장비 도매(동력식)|유모차 도매,,,자전거 및 부품|개인용 운송장비 도매(동력식)|유모차,도매|운송,,KSIC 11차 (2024),True
513991,의복 액세서리 및 모조 장신구 도매업,"도매 및 소매업 > 도매 및 상품 중개업 > 생활용품 도매업 > 생활용 섬유제품, 의복, 의복 액세서리 및 모피제품 도매업 > 의복 액세서리 및 모조 장신구 도매업",도매 및 소매업,도매 및 상품 중개업,생활용품 도매업,"생활용 섬유제품, 의복, 의복 액세서리 및 모피제품 도매업",46417,의복 액세서리 및 모조 장신구 도매업,의복 액세서리(귀금속제 제외) 및 모조 장신구 등을 도매하는 산업활 동을 말한다.,가발 및 모자 도매|손수건 및 머플러 도매|귀걸이 및 머리핀 도매|브로치 도매|넥타이 도매|요대(벨트) 도매|양말 및 스타킹 도매|단추 및 파스너(지퍼 등) 도매|모피제 의복 액세서리 도매|모피제 모자 및 장갑 도매,모조 장식품 도매,의복부착물,가발 및 모자|손수건 및 머플러|귀걸이 및 머리핀|브로치|넥타이|요대(벨트)|양말 및 스타킹|단추 및 파스너(지퍼 등)|모피제 의복 액세서리|모피제 모자 및 장갑,도매,,KSIC 11차 (2024),True
513992,그 외 기타 생활용품 도매업,"도매 및 소매업 > 도매 및 상품 중개업 > 생활용품 도매업 > 가방, 시계, 안경 및 기타 생활용품 도매업 > 그 외 기타 생활용품 도매업",도매 및 소매업,도매 및 상품 중개업,생활용품 도매업,"가방, 시계, 안경 및 기타 생활용품 도매업",46499,그 외 기타 생활용품 도매업,"그 외 기타 생활용품 도매업으로서 광택제, 접착제 등의 소비용 화학 제품 및 기타 생활용품 또는 소비자용 잡제품을 도매하는 산업활동을 말한다.","청소용품 도매|흡연용품 도매|파라솔 도매|양산 및 우산 도매|칫솔, 비, 솔, 걸레 도매|소화기 도매|광택제, 접착제 등 가정용 화학제품 도매",,,"청소용품|흡연용품|파라솔|양산 및 우산|칫솔, 비, 솔, 걸레|소화기|광택제, 접착제 등 가정용 화학제품",도매|청소,,KSIC 11차 (2024),True
514111,고체 연료 및 관련제품 도매업,"도매 및 소매업 > 도매 및 상품 중개업 > 기타 전문 도매업 > 연료, 연료용 광물 및 관련제품 도매업 > 고체 연료 및 관련제품 도매업",도매 및 소매업,도매 및 상품 중개업,기타 전문 도매업,"연료, 연료용 광물 및 관련제품 도매업",46711,고체 연료 및 관련제품 도매업,각종 용도의 고체 연료와 이들의 관련제품을 도매하는 산업활동을 말 한다.,목탄 도매|장작 도매|석탄 및 토탄 도매|핵 연료 도매|착화탄 도매|코크스 도매,,연탄,목탄|장작|석탄 및 토탄|핵 연료|착화탄|코크스,도매,,KSIC 11차 (2024),True
514112,고체 연료 및 관련제품 도매업,"도매 및 소매업 > 도매 및 상품 중개업 > 기타 전문 도매업 > 연료, 연료용 광물 및 관련제품 도매업 > 고체 연료 및 관련제품 도매업",도매 및 소매업,도매 및 상품 중개업,기타 전문 도매업,"연료, 연료용 광물 및 관련제품 도매업",46711,고체 연료 및 관련제품 도매업,각종 용도의 고체 연료와 이들의 관련제품을 도매하는 산업활동을 말 한다.,목탄 도매|장작 도매|석탄 및 토탄 도매|핵 연료 도매|착화탄 도매|코크스 도매,,,목탄|장작|석탄 및 토탄|핵 연료|착화탄|코크스,도매,,KSIC 11차 (2024),True
514121,액체 연료 및 관련제품 도매업,"도매 및 소매업 > 도매 및 상품 중개업 > 기타 전문 도매업 > 연료, 연료용 광물 및 관련제품 도매업 > 액체 연료 및 관련제품 도매업",도매 및 소매업,도매 및 상품 중개업,기타 전문 도매업,"연료, 연료용 광물 및 관련제품 도매업",46712,액체 연료 및 관련제품 도매업,각종 용도의 액체 연료 및 관련제품을 도매하는 산업활동을 말한다. 윤활유 도매도 여기에 포함한다.,원유 도매|그리스 도매|벙커유 도매|알코올 연료 도매|기계유 도매|파라핀 도매,,,원유|그리스|벙커유|알코올 연료|기계유|파라핀,도매|리스,,KSIC 11차 (2024),True
514122,그 외 기타 상품 전문 도매업,도매 및 소매업 > 도매 및 상품 중개업 > 기타 전문 도매업 > 재생용 재료 및 기타 상품 전문 도매업 > 그 외 기타 상품 전문 도매업,도매 및 소매업,도매 및 상품 중개업,기타 전문 도매업,재생용 재료 및 기타 상품 전문 도매업,46799,그 외 기타 상품 전문 도매업,그 외 달리 분류되지 않은 특정 상품을 전문적으로 도매하는 산업활 동을 말한다.,화약 도매|폭약 도매|플라스틱 필름 도매|산업용 가죽제품 도매|유리섬유 도매|총포 도매 도매 및 소매업,,아스팔트,화약|폭약|플라스틱 필름|산업용 가죽제품|유리섬유|총포 도매 도매 및,도매|소매,,KSIC 11차 (2024),True
514130,기체 연료 및 관련제품 도매업,"도매 및 소매업 > 도매 및 상품 중개업 > 기타 전문 도매업 > 연료, 연료용 광물 및 관련제품 도매업 > 기체 연료 및 관련제품 도매업",도매 및 소매업,도매 및 상품 중개업,기타 전문 도매업,"연료, 연료용 광물 및 관련제품 도매업",46713,기체 연료 및 관련제품 도매업,벌크 또는 충전 상태의 기체 연료 및 관련제품을 도매하는 산업활동 을 말한다.,액화 석유 가스(LPG) 도매|연료 가스 도매|액화 천연 가스(LNG) 도매,배관시설에 의한 연료가스 공급,,액화 석유 가스(LPG)|연료 가스|액화 천연 가스(LNG),도매,,KSIC 11차 (2024),True
514210,1차 금속제품 도매업,도매 및 소매업 > 도매 및 상품 중개업 > 기타 전문 도매업 > 1차 금속제품 및 금속광물 도매업 > 1차 금속제품 도매업,도매 및 소매업,도매 및 상품 중개업,기타 전문 도매업,1차 금속제품 및 금속광물 도매업,46721,1차 금속제품 도매업,,,,철근,1차 금속제품,도매,,KSIC 11차 (2024),False
514220,1차 금속제품 도매업,도매 및 소매업 > 도매 및 상품 중개업 > 기타 전문 도매업 > 1차 금속제품 및 금속광물 도매업 > 1차 금속제품 도매업,도매 및 소매업,도매 및 상품 중개업,기타 전문 도매업,1차 금속제품 및 금속광물 도매업,46721,1차 금속제품 도매업,,,,관,1차 금속제품,도매,,KSIC 11차 (2024),False
514232,1차 금속제품 도매업,도매 및 소매업 > 도매 및 상품 중개업 > 기타 전문 도매업 > 1차 금속제품 및 금속광물 도매업 > 1차 금속제품 도매업,도매 및 소매업,도매 및 상품 중개업,기타 전문 도매업,1차 금속제품 및 금속광물 도매업,46721,1차 금속제품 도매업,,,,"함석, 철판 등",1차 금속제품,도매,,KSIC 11차 (2024),False
514239,1차 금속제품 도매업,도매 및 소매업 > 도매 및 상품 중개업 > 기타 전문 도매업 > 1차 금속제품 및 금속광물 도매업 > 1차 금속제품 도매업,도매 및 소매업,도매 및 상품 중개업,기타 전문 도매업,1차 금속제품 및 금속광물 도매업,46721,1차 금속제품 도매업,,,,판재,1차 금속제품,도매,,KSIC 11차 (2024),False
514240,1차 금속제품 도매업,도매 및 소매업 > 도매 및 상품 중개업 > 기타 전문 도매업 > 1차 금속제품 및 금속광물 도매업 > 1차 금속제품 도매업,도매 및 소매업,도매 및 상품 중개업,기타 전문 도매업,1차 금속제품 및 금속광물 도매업,46721,1차 금속제품 도매업,,,,선재,1차 금속제품,도매,,KSIC 11차 (2024),False
514250,금속광물 도매업,도매 및 소매업 > 도매 및 상품 중개업 > 기타 전문 도매업 > 1차 금속제품 및 금속광물 도매업 > 금속광물 도매업,도매 및 소매업,도매 및 상품 중개업,기타 전문 도매업,1차 금속제품 및 금속광물 도매업,46722,금속광물 도매업,각종 금속광물을 도매하는 산업활동을 말한다.,철광석 도매|비철금속 광물 도매|귀금속 광물 도매|보크사이트 도매,,,철광석|비철금속 광물|귀금속 광물|보크사이트,도매,,KSIC 11차 (2024),True
514291,1차 금속제품 도매업,도매 및 소매업 > 도매 및 상품 중개업 > 기타 전문 도매업 > 1차 금속제품 및 금속광물 도매업 > 1차 금속제품 도매업,도매 및 소매업,도매 및 상품 중개업,기타 전문 도매업,1차 금속제품 및 금속광물 도매업,46721,1차 금속제품 도매업,,,,"연, 주물",1차 금속제품,도매,,KSIC 11차 (2024),False
514292,1차 금속제품 도매업,도매 및 소매업 > 도매 및 상품 중개업 > 기타 전문 도매업 > 1차 금속제품 및 금속광물 도매업 > 1차 금속제품 도매업,도매 및 소매업,도매 및 상품 중개업,기타 전문 도매업,1차 금속제품 및 금속광물 도매업,46721,1차 금속제품 도매업,,,,동관 및 기타,1차 금속제품,도매,,KSIC 11차 (2024),False
514312,원목 및 건축관련 목제품 도매업,"도매 및 소매업 > 도매 및 상품 중개업 > 건축 자재, 철물 및 난방장치 도매업 > 일반 건축자재 도매업 > 원목 및 건축관련 목제품 도매업",도매 및 소매업,도매 및 상품 중개업,"건축 자재, 철물 및 난방장치 도매업",일반 건축자재 도매업,46611,원목 및 건축관련 목제품 도매업,"원목, 건축용 목재 공작물, 가공 목재제품, 재생목재 등을 도매하는 산업활동을 말한다.","나무 판재 도매|나무 각재 도매|목재 창호(건구, fittings) 도매|합판 도매",,,"나무 판재|나무 각재|목재 창호(건구, fittings)|합판",가공|도매,,KSIC 11차 (2024),True
514320,"골재, 벽돌 및 시멘트 도매업","도매 및 소매업 > 도매 및 상품 중개업 > 건축 자재, 철물 및 난방장치 도매업 > 일반 건축자재 도매업 > 골재, 벽돌 및 시멘트 도매업",도매 및 소매업,도매 및 상품 중개업,"건축 자재, 철물 및 난방장치 도매업",일반 건축자재 도매업,46612,"골재, 벽돌 및 시멘트 도매업","석회 및 각종 시멘트, 골재 등을 도매하는 산업활동을 말한다. 비내화 용 혼합물을 도매하는 경우도 포함한다.",플라스터 도매|혼합 모르타르 도매|쇄석 도매|석회 도매|기와 도매|내화 및 비내화 벽돌 도매|콘크리트 제품 도매|레미콘 도매|대리석(인조 대리석 포함) 도매,,시멘트,플라스터|혼합 모르타르|쇄석|석회|기와|내화 및 비내화 벽돌|콘크리트 제품|레미콘|대리석(인조 대리석 포함),도매,,KSIC 11차 (2024),True
514321,유리 및 창호 도매업,"도매 및 소매업 > 도매 및 상품 중개업 > 건축 자재, 철물 및 난방장치 도매업 > 일반 건축자재 도매업 > 유리 및 창호 도매업",도매 및 소매업,도매 및 상품 중개업,"건축 자재, 철물 및 난방장치 도매업",일반 건축자재 도매업,46613,유리 및 창호 도매업,건축용 유리제품 및 창호를 도매하는 산업활동을 말한다. 광학용 유 리 및 목재 창호는 제외한다.,플라스틱 또는 금속제 문 도매|판유리 도매|건축용 유리 도매|복층 절연유리 도매|창틀(목재 제외) 도매,생활용 및 주방용 유리제품 도매|유리섬유 도매|목재 창호 도매 도매 및 소매업,,플라스틱 또는 금속제 문|판유리|건축용 유리|복층 절연유리|창틀(목재 제외),도매,,KSIC 11차 (2024),True
514330,"골재, 벽돌 및 시멘트 도매업","도매 및 소매업 > 도매 및 상품 중개업 > 건축 자재, 철물 및 난방장치 도매업 > 일반 건축자재 도매업 > 골재, 벽돌 및 시멘트 도매업",도매 및 소매업,도매 및 상품 중개업,"건축 자재, 철물 및 난방장치 도매업",일반 건축자재 도매업,46612,"골재, 벽돌 및 시멘트 도매업","석회 및 각종 시멘트, 골재 등을 도매하는 산업활동을 말한다. 비내화 용 혼합물을 도매하는 경우도 포함한다.",플라스터 도매|혼합 모르타르 도매|쇄석 도매|석회 도매|기와 도매|내화 및 비내화 벽돌 도매|콘크리트 제품 도매|레미콘 도매|대리석(인조 대리석 포함) 도매,,골재,플라스터|혼합 모르타르|쇄석|석회|기와|내화 및 비내화 벽돌|콘크리트 제품|레미콘|대리석(인조 대리석 포함),도매,,KSIC 11차 (2024),True
514350,도료 도매업,"도매 및 소매업 > 도매 및 상품 중개업 > 건축 자재, 철물 및 난방장치 도매업 > 기타 건축자재 도매업 > 도료 도매업",도매 및 소매업,도매 및 상품 중개업,"건축 자재, 철물 및 난방장치 도매업",기타 건축자재 도매업,46691,도료 도매업,"유성 도료, 수성 도료, 방수액 등 도료 및 관련 제품을 도매하는 산업 활동을 말한다.",형광 도료 도매|래커 도매|페인트 도매|요업용 도료 도매|바니시 도매|옻칠제품 도매|방수액 도매,,,형광 도료|래커|페인트|요업용 도료|바니시|옻칠제품|방수액,도매,,KSIC 11차 (2024),True
514361,"철물, 금속 파스너 및 수공구 도매업","도매 및 소매업 > 도매 및 상품 중개업 > 건축 자재, 철물 및 난방장치 도매업 > 냉ㆍ난방장치 및 철물, 수공구 도매업 > 철물, 금속 파스너 및 수공구 도매업",도매 및 소매업,도매 및 상품 중개업,"건축 자재, 철물 및 난방장치 도매업","냉ㆍ난방장치 및 철물, 수공구 도매업",46622,"철물, 금속 파스너 및 수공구 도매업","일반 철물, 금속 파스너 및 각종 용도의 수공구 등을 도매하는 산업 활동을 말한다.","건축관련 철물 도매|가정용 수공구 도매|열쇠 및 자물쇠 도매|못, 볼트 도매|비동력식 잔디깎이용 수공구","비설치용 난방용구 도매|전동공구, 기계공구 도매",,"건축관련 철물|가정용 수공구|열쇠 및 자물쇠|못, 볼트|비동력식 잔디깎이용 수공구",도매|이용,,KSIC 11차 (2024),True
514366,배관 및 냉ㆍ난방장치 도매업,"도매 및 소매업 > 도매 및 상품 중개업 > 건축 자재, 철물 및 난방장치 도매업 > 냉ㆍ난방장치 및 철물, 수공구 도매업 > 배관 및 냉ㆍ난방장치 도매업",도매 및 소매업,도매 및 상품 중개업,"건축 자재, 철물 및 난방장치 도매업","냉ㆍ난방장치 및 철물, 수공구 도매업",46621,배관 및 냉ㆍ난방장치 도매업,설치용 냉․난방장치 및 배관장치 등을 도매하는 산업활동을 말한다.,중앙 난방장치 도매|중앙 냉방장치 도매|배관장치 도매|보일러 도매,,,중앙 난방장치|중앙 냉방장치|배관장치|보일러,설치|도매,,KSIC 11차 (2024),True
514370,그 외 기타 건축자재 도매업,"도매 및 소매업 > 도매 및 상품 중개업 > 건축 자재, 철물 및 난방장치 도매업 > 기타 건축자재 도매업 > 그 외 기타 건축자재 도매업",도매 및 소매업,도매 및 상품 중개업,"건축 자재, 철물 및 난방장치 도매업",기타 건축자재 도매업,46699,그 외 기타 건축자재 도매업,"방음용, 단열용 재료, 석고 보드, 천장재, 타일, 위생용 및 내화용 요 업제품 등의 건축자재를 도매하는 산업활동을 포함한다. 각종 건축자 재를 종합적으로 도매하는 산업활동도 포함한다.","건축용 타일 도매|바닥 내장재 도매|금속제 난간 도매|스티로폼 도매 도매 및 소매업|욕조, 세면대, 변기 도매|건축용 칸막이 도매|조립식 건물자재 세트 도매",,조립식 건축자재 세트,"건축용 타일|바닥 내장재|금속제 난간|스티로폼 도매 도매 및|욕조, 세면대, 변기|건축용 칸막이|조립식 건물자재 세트",조립|도매|소매,,KSIC 11차 (2024),True
514380,"골재, 벽돌 및 시멘트 도매업","도매 및 소매업 > 도매 및 상품 중개업 > 건축 자재, 철물 및 난방장치 도매업 > 일반 건축자재 도매업 > 골재, 벽돌 및 시멘트 도매업",도매 및 소매업,도매 및 상품 중개업,"건축 자재, 철물 및 난방장치 도매업",일반 건축자재 도매업,46612,"골재, 벽돌 및 시멘트 도매업","석회 및 각종 시멘트, 골재 등을 도매하는 산업활동을 말한다. 비내화 용 혼합물을 도매하는 경우도 포함한다.",플라스터 도매|혼합 모르타르 도매|쇄석 도매|석회 도매|기와 도매|내화 및 비내화 벽돌 도매|콘크리트 제품 도매|레미콘 도매|대리석(인조 대리석 포함) 도매,,벽돌,플라스터|혼합 모르타르|쇄석|석회|기와|내화 및 비내화 벽돌|콘크리트 제품|레미콘|대리석(인조 대리석 포함),도매,,KSIC 11차 (2024),True
514392,그 외 기타 건축자재 도매업,"도매 및 소매업 > 도매 및 상품 중개업 > 건축 자재, 철물 및 난방장치 도매업 > 기타 건축자재 도매업 > 그 외 기타 건축자재 도매업",도매 및 소매업,도매 및 상품 중개업,"건축 자재, 철물 및 난방장치 도매업",기타 건축자재 도매업,46699,그 외 기타 건축자재 도매업,"방음용, 단열용 재료, 석고 보드, 천장재, 타일, 위생용 및 내화용 요 업제품 등의 건축자재를 도매하는 산업활동을 포함한다. 각종 건축자 재를 종합적으로 도매하는 산업활동도 포함한다.","건축용 타일 도매|바닥 내장재 도매|금속제 난간 도매|스티로폼 도매 도매 및 소매업|욕조, 세면대, 변기 도매|건축용 칸막이 도매|조립식 건물자재 세트 도매",,정화조,"건축용 타일|바닥 내장재|금속제 난간|스티로폼 도매 도매 및|욕조, 세면대, 변기|건축용 칸막이|조립식 건물자재 세트",조립|도매|소매,,KSIC 11차 (2024),True
514393,그 외 기타 건축자재 도매업,"도매 및 소매업 > 도매 및 상품 중개업 > 건축 자재, 철물 및 난방장치 도매업 > 기타 건축자재 도매업 > 그 외 기타 건축자재 도매업",도매 및 소매업,도매 및 상품 중개업,"건축 자재, 철물 및 난방장치 도매업",기타 건축자재 도매업,46699,그 외 기타 건축자재 도매업,"방음용, 단열용 재료, 석고 보드, 천장재, 타일, 위생용 및 내화용 요 업제품 등의 건축자재를 도매하는 산업활동을 포함한다. 각종 건축자 재를 종합적으로 도매하는 산업활동도 포함한다.","건축용 타일 도매|바닥 내장재 도매|금속제 난간 도매|스티로폼 도매 도매 및 소매업|욕조, 세면대, 변기 도매|건축용 칸막이 도매|조립식 건물자재 세트 도매",,,"건축용 타일|바닥 내장재|금속제 난간|스티로폼 도매 도매 및|욕조, 세면대, 변기|건축용 칸막이|조립식 건물자재 세트",조립|도매|소매,,KSIC 11차 (2024),True
514911,기타 화학 물질 및 화학제품 도매업,도매 및 소매업 > 도매 및 상품 중개업 > 기타 전문 도매업 > 화학 물질 및 화학제품 도매업 > 기타 화학 물질 및 화학제품 도매업,도매 및 소매업,도매 및 상품 중개업,기타 전문 도매업,화학 물질 및 화학제품 도매업,46739,기타 화학 물질 및 화학제품 도매업,"산업용 기초 유기 화합물, 기초 무기 화합물 및 산업용 화학제품을 도매하는 산업활동을 말한다.","기초 유기 화합물 도매|기초 무기 화합물 도매|산업용 기초 화학제품 도매|공업용 화합물 도매|원료 상태 의약 제제 도매|산업용 가스(연료용 제외) 도매|나프탈렌 도매|드라이아이스 도매|벤졸 도매|폐수 처리 약품 도매|경질 탄산칼륨 도매|도금 약품 도매|공업용 소금 도매|에틸렌, 프로필렌, 부틸렌 도매 도매 및 소매업",연료용 가스 도매,"유황, 산소","기초 유기 화합물|기초 무기 화합물|산업용 기초 화학제품|공업용 화합물|원료 상태 의약 제제|산업용 가스(연료용 제외)|나프탈렌|드라이아이스|벤졸|폐수 처리 약품|경질 탄산칼륨|도금 약품|공업용 소금|에틸렌, 프로필렌, 부틸렌 도매 도매 및",도매|소매,,KSIC 11차 (2024),True
514912,기타 화학 물질 및 화학제품 도매업,도매 및 소매업 > 도매 및 상품 중개업 > 기타 전문 도매업 > 화학 물질 및 화학제품 도매업 > 기타 화학 물질 및 화학제품 도매업,도매 및 소매업,도매 및 상품 중개업,기타 전문 도매업,화학 물질 및 화학제품 도매업,46739,기타 화학 물질 및 화학제품 도매업,"산업용 기초 유기 화합물, 기초 무기 화합물 및 산업용 화학제품을 도매하는 산업활동을 말한다.","기초 유기 화합물 도매|기초 무기 화합물 도매|산업용 기초 화학제품 도매|공업용 화합물 도매|원료 상태 의약 제제 도매|산업용 가스(연료용 제외) 도매|나프탈렌 도매|드라이아이스 도매|벤졸 도매|폐수 처리 약품 도매|경질 탄산칼륨 도매|도금 약품 도매|공업용 소금 도매|에틸렌, 프로필렌, 부틸렌 도매 도매 및 소매업",연료용 가스 도매,탄산나트륨,"기초 유기 화합물|기초 무기 화합물|산업용 기초 화학제품|공업용 화합물|원료 상태 의약 제제|산업용 가스(연료용 제외)|나프탈렌|드라이아이스|벤졸|폐수 처리 약품|경질 탄산칼륨|도금 약품|공업용 소금|에틸렌, 프로필렌, 부틸렌 도매 도매 및",도매|소매,,KSIC 11차 (2024),True
514916,플라스틱 물질 및 합성고무 도매업,도매 및 소매업 > 도매 및 상품 중개업 > 기타 전문 도매업 > 화학 물질 및 화학제품 도매업 > 플라스틱 물질 및 합성고무 도매업,도매 및 소매업,도매 및 상품 중개업,기타 전문 도매업,화학 물질 및 화학제품 도매업,46733,플라스틱 물질 및 합성고무 도매업,"1차 형태의 합성 수지, 재생 섬유소, 합성고무 및 플라스틱 물질을 도 매하는 산업활동을 말한다.","합성 수지(레진) 도매|페놀 수지 원료 도매|폴리스틸렌 및 우레탄 수지 도매|에폭시 수지 도매|페놀 및 실리콘 수지 도매|합성고무(BR, CR, IR 등) 도매",,생고무,"합성 수지(레진)|페놀 수지 원료|폴리스틸렌 및 우레탄 수지|에폭시 수지|페놀 및 실리콘 수지|합성고무(BR, CR, IR 등)",도매|리스,,KSIC 11차 (2024),True
514919,기타 화학 물질 및 화학제품 도매업,도매 및 소매업 > 도매 및 상품 중개업 > 기타 전문 도매업 > 화학 물질 및 화학제품 도매업 > 기타 화학 물질 및 화학제품 도매업,도매 및 소매업,도매 및 상품 중개업,기타 전문 도매업,화학 물질 및 화학제품 도매업,46739,기타 화학 물질 및 화학제품 도매업,"산업용 기초 유기 화합물, 기초 무기 화합물 및 산업용 화학제품을 도매하는 산업활동을 말한다.","기초 유기 화합물 도매|기초 무기 화합물 도매|산업용 기초 화학제품 도매|공업용 화합물 도매|원료 상태 의약 제제 도매|산업용 가스(연료용 제외) 도매|나프탈렌 도매|드라이아이스 도매|벤졸 도매|폐수 처리 약품 도매|경질 탄산칼륨 도매|도금 약품 도매|공업용 소금 도매|에틸렌, 프로필렌, 부틸렌 도매 도매 및 소매업",연료용 가스 도매,,"기초 유기 화합물|기초 무기 화합물|산업용 기초 화학제품|공업용 화합물|원료 상태 의약 제제|산업용 가스(연료용 제외)|나프탈렌|드라이아이스|벤졸|폐수 처리 약품|경질 탄산칼륨|도금 약품|공업용 소금|에틸렌, 프로필렌, 부틸렌 도매 도매 및",도매|소매,,KSIC 11차 (2024),True
514920,"염료, 안료 및 관련제품 도매업","도매 및 소매업 > 도매 및 상품 중개업 > 기타 전문 도매업 > 화학 물질 및 화학제품 도매업 > 염료, 안료 및 관련제품 도매업",도매 및 소매업,도매 및 상품 중개업,기타 전문 도매업,화학 물질 및 화학제품 도매업,46731,"염료, 안료 및 관련제품 도매업","각종 염료, 안료 및 관련제품을 도매하는 산업활동을 말한다.",안료 도매|염료 도매|착색제 도매|유연제 도매,,,안료|염료|착색제|유연제,도매,,KSIC 11차 (2024),True
514930,비료 및 농약 도매업,도매 및 소매업 > 도매 및 상품 중개업 > 기타 전문 도매업 > 화학 물질 및 화학제품 도매업 > 비료 및 농약 도매업,도매 및 소매업,도매 및 상품 중개업,기타 전문 도매업,화학 물질 및 화학제품 도매업,46732,비료 및 농약 도매업,혼합․화학용 비료와 농업용 약품을 도매하는 산업활동을 말한다.,질소비료 도매|복합비료 도매|석회 유기질 비료 도매|배양토 도매|살서제 도매|성장 조절제 도매,가정용 또는 위생용 살균|살충 및 소독제 도매,비료,질소비료|복합비료|석회 유기질 비료|배양토|살서제|성장 조절제,도매,,KSIC 11차 (2024),True
514940,비료 및 농약 도매업,도매 및 소매업 > 도매 및 상품 중개업 > 기타 전문 도매업 > 화학 물질 및 화학제품 도매업 > 비료 및 농약 도매업,도매 및 소매업,도매 및 상품 중개업,기타 전문 도매업,화학 물질 및 화학제품 도매업,46732,비료 및 농약 도매업,혼합․화학용 비료와 농업용 약품을 도매하는 산업활동을 말한다.,질소비료 도매|복합비료 도매|석회 유기질 비료 도매|배양토 도매|살서제 도매|성장 조절제 도매,가정용 또는 위생용 살균|살충 및 소독제 도매,농약,질소비료|복합비료|석회 유기질 비료|배양토|살서제|성장 조절제,도매,,KSIC 11차 (2024),True
514950,플라스틱 물질 및 합성고무 도매업,도매 및 소매업 > 도매 및 상품 중개업 > 기타 전문 도매업 > 화학 물질 및 화학제품 도매업 > 플라스틱 물질 및 합성고무 도매업,도매 및 소매업,도매 및 상품 중개업,기타 전문 도매업,화학 물질 및 화학제품 도매업,46733,플라스틱 물질 및 합성고무 도매업,"1차 형태의 합성 수지, 재생 섬유소, 합성고무 및 플라스틱 물질을 도 매하는 산업활동을 말한다.","합성 수지(레진) 도매|페놀 수지 원료 도매|폴리스틸렌 및 우레탄 수지 도매|에폭시 수지 도매|페놀 및 실리콘 수지 도매|합성고무(BR, CR, IR 등) 도매",,,"합성 수지(레진)|페놀 수지 원료|폴리스틸렌 및 우레탄 수지|에폭시 수지|페놀 및 실리콘 수지|합성고무(BR, CR, IR 등)",도매|리스,,KSIC 11차 (2024),True
514961,방직용 섬유 및 실 도매업,"도매 및 소매업 > 도매 및 상품 중개업 > 기타 전문 도매업 > 방직용 섬유, 실 및 직물 도매업 > 방직용 섬유 및 실 도매업",도매 및 소매업,도매 및 상품 중개업,기타 전문 도매업,"방직용 섬유, 실 및 직물 도매업",46741,방직용 섬유 및 실 도매업,"천연, 합성 및 재생 섬유의 필라멘트사 또는 스트립, 토우 등의 방직 용 섬유와 섬유사를 도매하는 산업활동을 말한다. 도",방직용 섬유 도매|방적사 도매|화섬사 도매|나일론 도매,소매용 섬유 및 사 도매,,방직용 섬유|방적사|화섬사|나일론,방적|도매,,KSIC 11차 (2024),True
514969,직물 도매업,"도매 및 소매업 > 도매 및 상품 중개업 > 기타 전문 도매업 > 방직용 섬유, 실 및 직물 도매업 > 직물 도매업",도매 및 소매업,도매 및 상품 중개업,기타 전문 도매업,"방직용 섬유, 실 및 직물 도매업",46742,직물 도매업,"천연, 합성 및 재생 섬유의 직물을 도매하는 산업활동을 말한다.",산업용 합성 섬유직물 도매|산업용 견직물 도매,소매용 포장 직물 도매,,산업용 합성 섬유직물|산업용 견직물,도매,,KSIC 11차 (2024),True
514971,재생용 재료 수집 및 판매업,도매 및 소매업 > 도매 및 상품 중개업 > 기타 전문 도매업 > 재생용 재료 및 기타 상품 전문 도매업 > 재생용 재료 수집 및 판매업,도매 및 소매업,도매 및 상품 중개업,기타 전문 도매업,재생용 재료 및 기타 상품 전문 도매업,46791,재생용 재료 수집 및 판매업,재생할 수 있는 각종 고물 및 스크랩(쇠부스러기 등)을 수집․판매하 는 산업활동을 말한다.,재생용 금속 수집 및 판매|재생용 비금속 수집 및 판매|재생용 플라스틱 수집 및 판매|고섬유 재생재료 수집 및 판매|재생용 고무 수집 및 판매|고지 수집 및 판매,연속 라인에 의한 재생원료 선별 활동,,재생용 금속 수집 및|재생용 비금속 수집 및|재생용 플라스틱 수집 및|고섬유 재생재료 수집 및|재생용 고무 수집 및|고지 수집 및,판매,,KSIC 11차 (2024),True
514990,그 외 기타 상품 전문 도매업,도매 및 소매업 > 도매 및 상품 중개업 > 기타 전문 도매업 > 재생용 재료 및 기타 상품 전문 도매업 > 그 외 기타 상품 전문 도매업,도매 및 소매업,도매 및 상품 중개업,기타 전문 도매업,재생용 재료 및 기타 상품 전문 도매업,46799,그 외 기타 상품 전문 도매업,그 외 달리 분류되지 않은 특정 상품을 전문적으로 도매하는 산업활 동을 말한다.,화약 도매|폭약 도매|플라스틱 필름 도매|산업용 가죽제품 도매|유리섬유 도매|총포 도매 도매 및 소매업,,기타 산업용 중간재,화약|폭약|플라스틱 필름|산업용 가죽제품|유리섬유|총포 도매 도매 및,도매|소매,,KSIC 11차 (2024),True
515010,그 외 기타 기계 및 장비 도매업,도매 및 소매업 > 도매 및 상품 중개업 > 기계장비 및 관련 물품 도매업 > 기타 기계 및 장비 도매업 > 그 외 기타 기계 및 장비 도매업,도매 및 소매업,도매 및 상품 중개업,기계장비 및 관련 물품 도매업,기타 기계 및 장비 도매업,46599,그 외 기타 기계 및 장비 도매업,그 외 기타 일반 목적용으로 사용되는 기계 및 장비를 도매하는 산업 활동을 말한다.,밸브 도매|펌프 및 공기 압축기 도매|송풍기 및 환풍기 도매|구름(볼 및 롤러)베어링 도매|기계류 동력 전달장치 도매|소화장비 도매|물품 취급장비 도매|기중기 도매,자동차 엔진 도매|항공기 엔진 도매|이륜자동차(오토바이) 엔진 도매,,밸브|펌프 및 공기 압축기|송풍기 및 환풍기|구름(볼 및 롤러)베어링|기계류 동력 전달장치|소화장비|물품 취급장비|기중기,도매,,KSIC 11차 (2024),True
515020,농림업용 기계 및 장비 도매업,도매 및 소매업 > 도매 및 상품 중개업 > 기계장비 및 관련 물품 도매업 > 산업용 기계 및 장비 도매업 > 농림업용 기계 및 장비 도매업,도매 및 소매업,도매 및 상품 중개업,기계장비 및 관련 물품 도매업,산업용 기계 및 장비 도매업,46531,농림업용 기계 및 장비 도매업,"농업용 경작기, 파종기, 수확기, 잔디 깎는 기계, 축산용 기계장비, 정 원용 기계, 임업용 기계장비를 도매하는 산업활동을 말한다.",농업용 기계 도매|축산용 기계|장비 도매|정원용 기계 도매|임업용 기계|잔디 깎기 도매,,,농업용 기계|축산용 기계|장비|정원용 기계|임업용 기계|잔디 깎기,도매,,KSIC 11차 (2024),True
515030,건설ㆍ광업용 기계 및 장비 도매업,도매 및 소매업 > 도매 및 상품 중개업 > 기계장비 및 관련 물품 도매업 > 산업용 기계 및 장비 도매업 > 건설ㆍ광업용 기계 및 장비 도매업,도매 및 소매업,도매 및 상품 중개업,기계장비 및 관련 물품 도매업,산업용 기계 및 장비 도매업,46532,건설ㆍ광업용 기계 및 장비 도매업,각종 건설 또는 광업용 기계 및 장비를 도매하는 산업활동을 말한다.,셔블(shovel) 도매|굴정기 및 굴착기 도매|도로 포장기 도매|그레이더 및 스크레이퍼 도매|착암기 도매|광물 선별기 및 파쇄기 도매,,,셔블(shovel)|굴정기 및 굴착기|도로 포장기|그레이더 및 스크레이퍼|착암기|광물 선별기 및 파쇄기,건설|도매,,KSIC 11차 (2024),True
515031,그 외 기타 기계 및 장비 도매업,도매 및 소매업 > 도매 및 상품 중개업 > 기계장비 및 관련 물품 도매업 > 기타 기계 및 장비 도매업 > 그 외 기타 기계 및 장비 도매업,도매 및 소매업,도매 및 상품 중개업,기계장비 및 관련 물품 도매업,기타 기계 및 장비 도매업,46599,그 외 기타 기계 및 장비 도매업,그 외 기타 일반 목적용으로 사용되는 기계 및 장비를 도매하는 산업 활동을 말한다.,밸브 도매|펌프 및 공기 압축기 도매|송풍기 및 환풍기 도매|구름(볼 및 롤러)베어링 도매|기계류 동력 전달장치 도매|소화장비 도매|물품 취급장비 도매|기중기 도매,자동차 엔진 도매|항공기 엔진 도매|이륜자동차(오토바이) 엔진 도매,"기중기, 호이스트",밸브|펌프 및 공기 압축기|송풍기 및 환풍기|구름(볼 및 롤러)베어링|기계류 동력 전달장치|소화장비|물품 취급장비|기중기,도매,,KSIC 11차 (2024),True
515040,공작용 기계 및 장비 도매업,도매 및 소매업 > 도매 및 상품 중개업 > 기계장비 및 관련 물품 도매업 > 산업용 기계 및 장비 도매업 > 공작용 기계 및 장비 도매업,도매 및 소매업,도매 및 상품 중개업,기계장비 및 관련 물품 도매업,산업용 기계 및 장비 도매업,46533,공작용 기계 및 장비 도매업,"금속 주조, 압연, 절삭 및 성형기계와 목재, 석재, 경질 고무, 플라스 틱 등의 경질 물질을 냉간 가공하는 각종 가공 공작기계 및 전동 공 구 등 관련 장비를 도매하는 산업활동을 말한다.","선반 및 밀링기 도매|석재 가공기계 도매|형삭 및 드릴링기 도매|냉간 유리 가공기계 도매|목공 기계 및 장비 도매|프레스기 도매(금속용)|경질 물질 가공 공작기계 도매|전동 공구, 기계 공구 도매",,,"선반 및 밀링기|석재 가공기계|형삭 및 드릴링기|냉간 유리 가공기계|목공 기계 및 장비|프레스기 도매(금속용)|경질 물질 가공 공작기계|전동 공구, 기계 공구",가공|성형|주조|도매,,KSIC 11차 (2024),True
515050,"컴퓨터 및 주변장치, 소프트웨어 도매업","도매 및 소매업 > 도매 및 상품 중개업 > 기계장비 및 관련 물품 도매업 > 컴퓨터 및 주변장치, 소프트웨어 도매업",도매 및 소매업,도매 및 상품 중개업,기계장비 및 관련 물품 도매업,"컴퓨터 및 주변장치, 소프트웨어 도매업",46510,"컴퓨터 및 주변장치, 소프트웨어 도매업","각종 컴퓨터 및 주변장치, 각종 소프트웨어를 도매하는 산업활동을 말한다.","데스크톱 PC 도매|노트북 PC 도매|범용성 소프트웨어 도매|컴퓨터 프린트기 도매|게임용 소프트웨어 도매|마우스, 키보드, 스캐너 도매",,,"데스크톱 PC|노트북 PC|범용성 소프트웨어|컴퓨터 프린트기|게임용 소프트웨어|마우스, 키보드, 스캐너",도매,,KSIC 11차 (2024),True
515051,사무용 가구 및 기기 도매업,도매 및 소매업 > 도매 및 상품 중개업 > 기계장비 및 관련 물품 도매업 > 기타 기계 및 장비 도매업 > 사무용 가구 및 기기 도매업,도매 및 소매업,도매 및 상품 중개업,기계장비 및 관련 물품 도매업,기타 기계 및 장비 도매업,46591,사무용 가구 및 기기 도매업,컴퓨터 이외의 사무용 기기를 도매하는 산업활동을 말한다.,사무용 가구 도매|금전 등록기 도매|복사기 도매|전자 계산기 도매,,,사무용 가구|금전 등록기|복사기|전자 계산기,도매,,KSIC 11차 (2024),True
515060,통신ㆍ방송장비 및 부품 도매업,"도매 및 소매업 > 도매 및 상품 중개업 > 기계장비 및 관련 물품 도매업 > 가전제품, 통신장비 및 부품 도매업 > 통신ㆍ방송장비 및 부품 도매업",도매 및 소매업,도매 및 상품 중개업,기계장비 및 관련 물품 도매업,"가전제품, 통신장비 및 부품 도매업",46522,통신ㆍ방송장비 및 부품 도매업,유․무선 통신장비 및 방송장비 등을 도매하는 산업활동을 말한다.,유선 전화기 및 휴대폰 도매|텔레비전 방송장치 도매 도매 및 소매업|통신 교환기 도매|폐쇄회로 카메라 도매|위성 안테나 등|수신 안테나 도매|전송장치 도매|팩시밀리 도매,가정용 캠코더 도매,,유선 전화기 및 휴대폰|텔레비전 방송장치 도매 도매 및|통신 교환기|폐쇄회로 카메라|위성 안테나 등|수신 안테나|전송장치|팩시밀리,도매|소매|방송|통신,,KSIC 11차 (2024),True
515070,전기용 기계ㆍ장비 및 관련 기자재 도매업,도매 및 소매업 > 도매 및 상품 중개업 > 기계장비 및 관련 물품 도매업 > 기타 기계 및 장비 도매업 > 전기용 기계ㆍ장비 및 관련 기자재 도매업,도매 및 소매업,도매 및 상품 중개업,기계장비 및 관련 물품 도매업,기타 기계 및 장비 도매업,46595,전기용 기계ㆍ장비 및 관련 기자재 도매업,"전기용 기계․장비 및 관련 기자재를 도매하는 산업활동을 말한다. 반도체, 트랜지스터 등의 전자부품을 도매하는 경우도 포함한다.","전기 제어반 및 배전반 도매|발전기, 변압기, 정류기 도매|전동기 도매|저항기 도매|개폐장치 도매|전자 부품 및 전자관 도매|피뢰장치 도매|형광등용 초크코일(안정기) 도매",전구 도매|각종 전지 및 케이블 도매,,"전기 제어반 및 배전반|발전기, 변압기, 정류기|전동기|저항기|개폐장치|전자 부품 및 전자관|피뢰장치|형광등용 초크코일(안정기)",도매,,KSIC 11차 (2024),True
515074,전지 및 케이블 도매업,도매 및 소매업 > 도매 및 상품 중개업 > 기계장비 및 관련 물품 도매업 > 기타 기계 및 장비 도매업 > 전지 및 케이블 도매업,도매 및 소매업,도매 및 상품 중개업,기계장비 및 관련 물품 도매업,기타 기계 및 장비 도매업,46596,전지 및 케이블 도매업,"일차전지, 이차전지(축전지) 및 절연선, 케이블과 절연 코드 세트 및 기타 관련 기자재를 도매하는 산업활동을 말한다.",,전구 도매,,전지 및 케이블,도매,,KSIC 11차 (2024),True
515080,의료 기기 도매업,도매 및 소매업 > 도매 및 상품 중개업 > 기계장비 및 관련 물품 도매업 > 기타 기계 및 장비 도매업 > 의료 기기 도매업,도매 및 소매업,도매 및 상품 중개업,기계장비 및 관련 물품 도매업,기타 기계 및 장비 도매업,46592,의료 기기 도매업,"내과, 외과 및 수의 기기 등 각종 의료 기기를 도매하는 산업활동을 말한다.","의료용 가구 도매|내과, 외과 및 수의 기기 도매|의료용 X선 기구 도매",의료용품 및 신체보정용 정형외과용품 도매,,"의료용 가구|내과, 외과 및 수의 기기|의료용 X선 기구",도매|수의,,KSIC 11차 (2024),True
515081,정밀 기기 및 과학 기기 도매업,도매 및 소매업 > 도매 및 상품 중개업 > 기계장비 및 관련 물품 도매업 > 기타 기계 및 장비 도매업 > 정밀 기기 및 과학 기기 도매업,도매 및 소매업,도매 및 상품 중개업,기계장비 및 관련 물품 도매업,기타 기계 및 장비 도매업,46593,정밀 기기 및 과학 기기 도매업,각종 정밀 기기 및 과학 기기를 도매하는 산업활동을 말한다.,제도 및 측량 기구 도매|측정 및 계량기 도매|물리 시험 기구 도매|과학 기구 및 장비 도매|이화학용 기구 도매|산업공정 측정 및 통제 기구 도매|미촬영 영화용 필름 도매|영화촬영기 도매|영사기 도매,의료용품 및 신체보정용 정형외과용품 도매,,제도 및 측량 기구|측정 및 계량기|물리 시험 기구|과학 기구 및 장비|이화학용 기구|산업공정 측정 및 통제 기구|미촬영 영화용 필름|영화촬영기|영사기,도매|시험|측정,,KSIC 11차 (2024),True
515090,기타 산업용 기계 및 장비 도매업,도매 및 소매업 > 도매 및 상품 중개업 > 기계장비 및 관련 물품 도매업 > 산업용 기계 및 장비 도매업 > 기타 산업용 기계 및 장비 도매업,도매 및 소매업,도매 및 상품 중개업,기계장비 및 관련 물품 도매업,산업용 기계 및 장비 도매업,46539,기타 산업용 기계 및 장비 도매업,"식품․섬유․화학산업용 기계 및 장비, 비금속 광물제품 성형기계 및 장비, 각종 상업 및 서비스 산업용 기계 및 장비를 도매하는 산업활 동을 포함한다.",제지산업용 기계|장비 도매|인쇄 및 제본용 기계|유리 성형용 기계|플라스틱 성형용 기계|용접기 도매,,,제지산업용 기계|장비|인쇄 및 제본용 기계|유리 성형용 기계|플라스틱 성형용 기계|용접기,성형|인쇄|도매,,KSIC 11차 (2024),True
515093,자전거 및 기타 운송장비 도매업,"도매 및 소매업 > 도매 및 상품 중개업 > 생활용품 도매업 > 음반 및 비디오물, 악기, 오락 및 경기용품 도매업 > 자전거 및 기타 운송장비 도매업",도매 및 소매업,도매 및 상품 중개업,생활용품 도매업,"음반 및 비디오물, 악기, 오락 및 경기용품 도매업",46465,자전거 및 기타 운송장비 도매업,자전거 등의 기타 가정용 운송장비를 도매하는 산업활동을 말한다.,자전거 및 부품 도매|개인용 운송장비 도매(동력식)|유모차 도매,,"리어카, 휠체어",자전거 및 부품|개인용 운송장비 도매(동력식)|유모차,도매|운송,,KSIC 11차 (2024),True
515094,수송용 운송장비 도매업,도매 및 소매업 > 도매 및 상품 중개업 > 기계장비 및 관련 물품 도매업 > 기타 기계 및 장비 도매업 > 수송용 운송장비 도매업,도매 및 소매업,도매 및 상품 중개업,기계장비 및 관련 물품 도매업,기타 기계 및 장비 도매업,46594,수송용 운송장비 도매업,"자동차, 자전거를 제외한 각종 운송용 장비를 도매하는 산업활동을 말한다.",기차 및 지하철 도매|항공기 도매|선박 도매,자동차 판매,,기차 및 지하철|항공기|선박,도매|운송,,KSIC 11차 (2024),True
519111,상품 종합 도매업,도매 및 소매업 > 도매 및 상품 중개업 > 상품 종합 도매업,도매 및 소매업,도매 및 상품 중개업,상품 종합 도매업,상품 종합 도매업,46800,상품 종합 도매업,"특정 상품을 전문적으로 도매하지 않고, 각종 상품을 자기계정으로 매 구매하여 종합적으로 도매하는 산업활동을 말한다.",종합무역상사(자기 상품)|연쇄화 사업 종합 상품 도매,수수료에 의한 종합 상품 무역 중개|회원사 및 가맹점을 대신하여 각종상품을 구매 대리,"직수출, 대행(위탁)수출",종합무역상사(자기 상품)|연쇄화 사업 종합 상품,도매,,KSIC 11차 (2024),True
519112,상품 종합 도매업,도매 및 소매업 > 도매 및 상품 중개업 > 상품 종합 도매업,도매 및 소매업,도매 및 상품 중개업,상품 종합 도매업,상품 종합 도매업,46800,상품 종합 도매업,"특정 상품을 전문적으로 도매하지 않고, 각종 상품을 자기계정으로 매 구매하여 종합적으로 도매하는 산업활동을 말한다.",종합무역상사(자기 상품)|연쇄화 사업 종합 상품 도매,수수료에 의한 종합 상품 무역 중개|회원사 및 가맹점을 대신하여 각종상품을 구매 대리,수입한 산업용 재화 도소매,종합무역상사(자기 상품)|연쇄화 사업 종합 상품,도매,,KSIC 11차 (2024),True
519113,상품 종합 도매업,도매 및 소매업 > 도매 및 상품 중개업 > 상품 종합 도매업,도매 및 소매업,도매 및 상품 중개업,상품 종합 도매업,상품 종합 도매업,46800,상품 종합 도매업,"특정 상품을 전문적으로 도매하지 않고, 각종 상품을 자기계정으로 매 구매하여 종합적으로 도매하는 산업활동을 말한다.",종합무역상사(자기 상품)|연쇄화 사업 종합 상품 도매,수수료에 의한 종합 상품 무역 중개|회원사 및 가맹점을 대신하여 각종상품을 구매 대리,수입한 기타 물품 도소매,종합무역상사(자기 상품)|연쇄화 사업 종합 상품,도매,,KSIC 11차 (2024),True
519910,상품 종합 도매업,도매 및 소매업 > 도매 및 상품 중개업 > 상품 종합 도매업,도매 및 소매업,도매 및 상품 중개업,상품 종합 도매업,상품 종합 도매업,46800,상품 종합 도매업,"특정 상품을 전문적으로 도매하지 않고, 각종 상품을 자기계정으로 매 구매하여 종합적으로 도매하는 산업활동을 말한다.",종합무역상사(자기 상품)|연쇄화 사업 종합 상품 도매,수수료에 의한 종합 상품 무역 중개|회원사 및 가맹점을 대신하여 각종상품을 구매 대리,,종합무역상사(자기 상품)|연쇄화 사업 종합 상품,도매,,KSIC 11차 (2024),True
519991,"장난감 및 취미, 오락용품 도매업","도매 및 소매업 > 도매 및 상품 중개업 > 생활용품 도매업 > 음반 및 비디오물, 악기, 오락 및 경기용품 도매업 > 장난감 및 취미, 오락용품 도매업",도매 및 소매업,도매 및 상품 중개업,생활용품 도매업,"음반 및 비디오물, 악기, 오락 및 경기용품 도매업",46463,"장난감 및 취미, 오락용품 도매업","각종 장난감, 모조 장식품, 오락용 기기 및 장비를 도매하는 산업활동 을 말한다.",낚시도구 도매|오락 게임용품 도매|유희용구 도매|당구장비 및 물품 도매|화투 및 트럼프 도매|트로피 도매|세발 자전거 도매,볼링장비 및 물품 도매|의복 액세서리(귀금속 제외) 및 모조 장신용품 도매,"휘, 트로피, 페난트, 뺏지, 메달 등",낚시도구|오락 게임용품|유희용구|당구장비 및 물품|화투 및 트럼프|트로피|세발 자전거,도매|오락,,KSIC 11차 (2024),True
519992,그 외 기타 상품 전문 도매업,도매 및 소매업 > 도매 및 상품 중개업 > 기타 전문 도매업 > 재생용 재료 및 기타 상품 전문 도매업 > 그 외 기타 상품 전문 도매업,도매 및 소매업,도매 및 상품 중개업,기타 전문 도매업,재생용 재료 및 기타 상품 전문 도매업,46799,그 외 기타 상품 전문 도매업,그 외 달리 분류되지 않은 특정 상품을 전문적으로 도매하는 산업활 동을 말한다.,화약 도매|폭약 도매|플라스틱 필름 도매|산업용 가죽제품 도매|유리섬유 도매|총포 도매 도매 및 소매업,,,화약|폭약|플라스틱 필름|산업용 가죽제품|유리섬유|총포 도매 도매 및,도매|소매,,KSIC 11차 (2024),True
521100,슈퍼마켓,도매 및 소매업 > 소매업; 자동차 제외 > 종합 소매업 > 음ㆍ식료품 위주 종합 소매업 > 슈퍼마켓,도매 및 소매업,소매업; 자동차 제외,종합 소매업,음ㆍ식료품 위주 종합 소매업,47121,슈퍼마켓,"단일 경영 주체가 일정 규모의 시설(165㎡～3,000㎡)을 갖추고 음․식 료품을 위주로 하여 각종 생활 잡화 등을 함께 소매하는 산업활동을 말한다. 체인화 편의점의 형태로 운영하는 산업활동은 제외한다.",슈퍼마켓|중형 종합 할인점|기업형 슈퍼마켓(SSM),,,슈퍼마켓|중형 종합 할인점|기업형 슈퍼마켓(SSM),소매,,KSIC 11차 (2024),True
521910,백화점,도매 및 소매업 > 소매업; 자동차 제외 > 종합 소매업 > 대형 종합 소매업 > 백화점,도매 및 소매업,소매업; 자동차 제외,종합 소매업,대형 종합 소매업,47111,백화점,단일 경영 주체가 일정한 장소에서 총괄적으로 관리되는 다수의 매장 으로 구획된 판매 시설을 갖추고 각종 상품을 종합적으로 소매하는 산업활동을 말한다. 일반적으로 이러한 백화점은 각 매장마다 전용 판매원이 고정 배치되어 있어 각 매장 단위로 직접 매매 및 계산활동 이 이루어진다. 백화점의 형태를 가지고 있으나 내부의 각 영업 부분 이 별도의 경영권을 가지고 운영되면 그 별도의 경영권을 가지는 개 별적인 사업체는 종합 소매업으로 분류하지 않고 전문 소매업의 각 해당 항목에 분류한다. 도매 및 소매업,,,,백화점,도매|소매|판매|관리|수의,,KSIC 11차 (2024),True
521911,기타 대형 종합 소매업,도매 및 소매업 > 소매업; 자동차 제외 > 종합 소매업 > 대형 종합 소매업 > 기타 대형 종합 소매업,도매 및 소매업,소매업; 자동차 제외,종합 소매업,대형 종합 소매업,47119,기타 대형 종합 소매업,"단일의 경영 체제 아래에서 대형 매장(백화점, 대형 마트 제외)을 갖 추고 식료품, 의류, 가구, 가전제품, 화장품, 귀금속, 약품 등의 각종 유형의 상품을 종합적으로 소매하는 산업활동을 말한다.","대형 종합 소매업(백화점, 대형 마트 제외)|대형 아울렛|대형 쇼핑센터|복합 쇼핑몰",,,"대형 종합 소매업(백화점, 대형 마트 제외)|대형 아울렛|대형 쇼핑센터|복합 쇼핑몰",소매,,KSIC 11차 (2024),True
521912,대형 마트,도매 및 소매업 > 소매업; 자동차 제외 > 종합 소매업 > 대형 종합 소매업 > 대형 마트,도매 및 소매업,소매업; 자동차 제외,종합 소매업,대형 종합 소매업,47112,대형 마트,"단일 경영 주체가 일정한 장소에서 총괄적으로 관리하는 대형 매장을 갖추고 식품, 가전, 농․수산물, 공산품 및 각종 생활용품에 이르기까 지 다양한 상품을 구비하여 셀프 서비스 방식으로 소매하는 산업활동 을 말한다. 대형 마트는 회원제로 운영하는 경우와 비회원제로 운영 하는 경우를 모두 포함하며 대량 구매 및 대량 판매 방식을 통한 가 격 경쟁력을 확보하는 것을 특징으로 한다.",대형 종합 할인점(백화점 제외),대형 아울렛|대형 면세점|대형 특정 상품 전문점|대형 쇼핑센터|복합 쇼핑몰,,대형 종합 할인점(백화점 제외),소매|판매|관리,,KSIC 11차 (2024),True
521913,면세점,도매 및 소매업 > 소매업; 자동차 제외 > 종합 소매업 > 면세점,도매 및 소매업,소매업; 자동차 제외,종합 소매업,면세점,47130,면세점,"각종 상품을 종합적으로 취급하고 여행자에게 부과되는 세금(소비세, 주세, 수입품 관세 등)을 면제하여 판매하는 산업활동을 말한다. 매장 면적과 관계없이 공항․항만 면세점, 시내 면세점, 내국인 면세점 등 을 모두 포함한다.",공항|항만 면세점|시내 면세점|내국인 면세점,,,공항|항만 면세점|시내 면세점|내국인 면세점,판매,,KSIC 11차 (2024),True
521991,그 외 기타 종합 소매업,도매 및 소매업 > 소매업; 자동차 제외 > 종합 소매업 > 그 외 기타 종합 소매업,도매 및 소매업,소매업; 자동차 제외,종합 소매업,그 외 기타 종합 소매업,47190,그 외 기타 종합 소매업,"단일 경영 주체가 일정한 장소에서 매장(3,000㎡ 미만)을 갖추고 특정 상품에 특화되지 않은 시계, 주방용품, 가구, 가전제품, 액세서리 및 도 기타 가정용품 등의 상품을 종합적으로 소매하는 산업활동을 말한다.",결혼용품 전문점(종합 상품으로 구성)|노인용품 전문점(종합 상품으로 구성),,,결혼용품 전문점(종합 상품으로 구성)|노인용품 전문점(종합 상품으로 구성),소매,,KSIC 11차 (2024),True
521992,체인화 편의점,도매 및 소매업 > 소매업; 자동차 제외 > 종합 소매업 > 음ㆍ식료품 위주 종합 소매업 > 체인화 편의점,도매 및 소매업,소매업; 자동차 제외,종합 소매업,음ㆍ식료품 위주 종합 소매업,47122,체인화 편의점,단일 경영 주체가 일정한 시설을 갖춘 매장에서 종합 상품 체인 공급 업자와 체인계약을 체결하고 편의점 운영에 필요한 식료품 및 담배 위주의 각종 상품을 계속적으로 공급받아 판매(소매)하는 산업활동을 말한다.,편의점,,,편의점,소매|판매,,KSIC 11차 (2024),True
522011,"곡물, 곡분 및 가축 사료 소매업","도매 및 소매업 > 소매업; 자동차 제외 > 음ㆍ식료품 및 담배 소매업 > 신선식품 및 단순 가공식품 소매업 > 곡물, 곡분 및 가축 사료 소매업",도매 및 소매업,소매업; 자동차 제외,음ㆍ식료품 및 담배 소매업,신선식품 및 단순 가공식품 소매업,47211,"곡물, 곡분 및 가축 사료 소매업","양곡 및 잡곡의 곡물, 곡분(제분), 가축용 사료 등을 소매하는 산업활 동을 말한다.","쌀, 보리, 밀 소매|콩, 팥 소매|옥수수 소매|곡물 가루 소매|가축용 사료 소매",반려용|애완용 동물 사료 소매,,"쌀, 보리, 밀|콩, 팥|옥수수|곡물 가루|가축용 사료",제분|소매,,KSIC 11차 (2024),True
522012,"곡물, 곡분 및 가축 사료 소매업","도매 및 소매업 > 소매업; 자동차 제외 > 음ㆍ식료품 및 담배 소매업 > 신선식품 및 단순 가공식품 소매업 > 곡물, 곡분 및 가축 사료 소매업",도매 및 소매업,소매업; 자동차 제외,음ㆍ식료품 및 담배 소매업,신선식품 및 단순 가공식품 소매업,47211,"곡물, 곡분 및 가축 사료 소매업","양곡 및 잡곡의 곡물, 곡분(제분), 가축용 사료 등을 소매하는 산업활 동을 말한다.","쌀, 보리, 밀 소매|콩, 팥 소매|옥수수 소매|곡물 가루 소매|가축용 사료 소매",반려용|애완용 동물 사료 소매,가축용사료,"쌀, 보리, 밀|콩, 팥|옥수수|곡물 가루|가축용 사료",제분|소매,,KSIC 11차 (2024),True
522020,육류 소매업,도매 및 소매업 > 소매업; 자동차 제외 > 음ㆍ식료품 및 담배 소매업 > 신선식품 및 단순 가공식품 소매업 > 육류 소매업,도매 및 소매업,소매업; 자동차 제외,음ㆍ식료품 및 담배 소매업,신선식품 및 단순 가공식품 소매업,47212,육류 소매업,"가금, 가축 및 수렵물의 도축 고기 등을 소매하는 산업활동을 말한다.","돈육, 우육 소매|가금육 소매|조류 고기 소매|식육점, 정육점 운영",,,"돈육, 우육|가금육|조류 고기|식육점, 정육점",도축|소매,,KSIC 11차 (2024),True
522031,"신선, 냉동 및 기타 수산물 소매업","도매 및 소매업 > 소매업; 자동차 제외 > 음ㆍ식료품 및 담배 소매업 > 신선식품 및 단순 가공식품 소매업 > 신선, 냉동 및 기타 수산물 소매업",도매 및 소매업,소매업; 자동차 제외,음ㆍ식료품 및 담배 소매업,신선식품 및 단순 가공식품 소매업,47214,"신선, 냉동 및 기타 수산물 소매업","각종 해산물 및 민물고기 등의 살아있는 것, 신선한 것, 냉동 및 기타 단순 가공한 수산물을 소매하는 산업활동을 말한다. 도매 및 소매업","수산 동물 활어, 선어 소매|어개류(어류, 게, 새우 등) 소매",조리 및 가공 수산식품 소매|관상어(열대어 등) 소매,,"수산 동물 활어, 선어|어개류(어류, 게, 새우 등)",가공|도매|소매,,KSIC 11차 (2024),True
522039,건어물 및 젓갈류 소매업,도매 및 소매업 > 소매업; 자동차 제외 > 음ㆍ식료품 및 담배 소매업 > 신선식품 및 단순 가공식품 소매업 > 건어물 및 젓갈류 소매업,도매 및 소매업,소매업; 자동차 제외,음ㆍ식료품 및 담배 소매업,신선식품 및 단순 가공식품 소매업,47213,건어물 및 젓갈류 소매업,"해산물 및 민물고기 등을 건조, 염장한 각종 수산물을 소매하는 산업 활동을 말한다.",염장 및 염수장(鹽水藏) 어류 및 어란 소매|조미하지 않은 젓갈 소매|건어물 소매,조리 및 가공 수산식품 소매|관상어(열대어 등) 소매,,염장 및 염수장(鹽水藏) 어류 및 어란|조미하지 않은 젓갈|건어물,소매,,KSIC 11차 (2024),True
522040,"채소, 과실 및 뿌리작물 소매업","도매 및 소매업 > 소매업; 자동차 제외 > 음ㆍ식료품 및 담배 소매업 > 신선식품 및 단순 가공식품 소매업 > 채소, 과실 및 뿌리작물 소매업",도매 및 소매업,소매업; 자동차 제외,음ㆍ식료품 및 담배 소매업,신선식품 및 단순 가공식품 소매업,47215,"채소, 과실 및 뿌리작물 소매업","각종 채소류 및 뿌리작물, 과일 및 견과류 등을 소매하는 산업활동을 말한다. 채소류, 과일류 등을 단순 건조, 냉동한 경우도 포함한다. 매","과실 소매|채소(각종 나물) 소매|견과류(밤, 호두 등) 소매|고구마 및 감자 소매|마늘, 도라지, 오이, 호박 소매|감 및 곶감 소매",채소 및 과실 가공식품 소매,채소 및 뿌리작물,"과실|채소(각종 나물)|견과류(밤, 호두 등)|고구마 및 감자|마늘, 도라지, 오이, 호박|감 및 곶감",소매,,KSIC 11차 (2024),True
522050,"채소, 과실 및 뿌리작물 소매업","도매 및 소매업 > 소매업; 자동차 제외 > 음ㆍ식료품 및 담배 소매업 > 신선식품 및 단순 가공식품 소매업 > 채소, 과실 및 뿌리작물 소매업",도매 및 소매업,소매업; 자동차 제외,음ㆍ식료품 및 담배 소매업,신선식품 및 단순 가공식품 소매업,47215,"채소, 과실 및 뿌리작물 소매업","각종 채소류 및 뿌리작물, 과일 및 견과류 등을 소매하는 산업활동을 말한다. 채소류, 과일류 등을 단순 건조, 냉동한 경우도 포함한다. 매","과실 소매|채소(각종 나물) 소매|견과류(밤, 호두 등) 소매|고구마 및 감자 소매|마늘, 도라지, 오이, 호박 소매|감 및 곶감 소매",채소 및 과실 가공식품 소매,과실,"과실|채소(각종 나물)|견과류(밤, 호두 등)|고구마 및 감자|마늘, 도라지, 오이, 호박|감 및 곶감",소매,,KSIC 11차 (2024),True
522061,"빵류, 과자류 및 당류 소매업","도매 및 소매업 > 소매업; 자동차 제외 > 음ㆍ식료품 및 담배 소매업 > 가공식품 소매업 > 빵류, 과자류 및 당류 소매업",도매 및 소매업,소매업; 자동차 제외,음ㆍ식료품 및 담배 소매업,가공식품 소매업,47221,"빵류, 과자류 및 당류 소매업","빵류, 과자류, 떡류 및 당류 등을 소매하는 산업활동을 말한다. 직접 제조하지 않고 체인 조직을 통하여 공급받아 소매하는 제과점도 포함 한다.","미과 및 생과자 소매|떡류(송편|인절미 등) 소매|아이스크림 소매|껌, 캔디 소매|피자 및 파이 소매|설탕 소매|햄버거 소매|빵가루 소매",,,"미과 및 생과자|떡류(송편|인절미 등)|아이스크림|껌, 캔디|피자 및 파이|설탕|햄버거|빵가루",제조|소매|제과,,KSIC 11차 (2024),True
522062,"빵류, 과자류 및 당류 소매업","도매 및 소매업 > 소매업; 자동차 제외 > 음ㆍ식료품 및 담배 소매업 > 가공식품 소매업 > 빵류, 과자류 및 당류 소매업",도매 및 소매업,소매업; 자동차 제외,음ㆍ식료품 및 담배 소매업,가공식품 소매업,47221,"빵류, 과자류 및 당류 소매업","빵류, 과자류, 떡류 및 당류 등을 소매하는 산업활동을 말한다. 직접 제조하지 않고 체인 조직을 통하여 공급받아 소매하는 제과점도 포함 한다.","미과 및 생과자 소매|떡류(송편|인절미 등) 소매|아이스크림 소매|껌, 캔디 소매|피자 및 파이 소매|설탕 소매|햄버거 소매|빵가루 소매",,설탕,"미과 및 생과자|떡류(송편|인절미 등)|아이스크림|껌, 캔디|피자 및 파이|설탕|햄버거|빵가루",제조|소매|제과,,KSIC 11차 (2024),True
522063,기타 신선식품 및 단순 가공식품 소매업,도매 및 소매업 > 소매업; 자동차 제외 > 음ㆍ식료품 및 담배 소매업 > 신선식품 및 단순 가공식품 소매업 > 기타 신선식품 및 단순 가공식품 소매업,도매 및 소매업,소매업; 자동차 제외,음ㆍ식료품 및 담배 소매업,신선식품 및 단순 가공식품 소매업,47219 | 47229,기타 신선식품 및 단순 가공식품 소매업 | 기타 가공식품 소매업,"기타 가공하지 않은 식품이나 냉동․건조․염장 등과 같은 단순 가공 한 식품을 소매하는 산업활동을 말한다. / 과실 및 채소 가공식품, 국수 및 인스턴트 면류 등의 기타 가공 식품 을 소매하는 산업활동을 말한다.","벌꿀 소매|계란 및 조란 소매|식용 소금(천일염 포함) 소매|코코아 소매|커피, 차류 소매|유지 소매|국수 등 면류 제품 소매|된장 및 고추장 소매|어묵 및 조미 해산물 소매",,제조하여 소매,"벌꿀|계란 및 조란|식용 소금(천일염 포함)|코코아|커피, 차류|유지|국수 등 면류 제품|된장 및 고추장|어묵 및 조미 해산물",가공|소매,,KSIC 11차 (2024),True
522071,기타 음ㆍ식료품 위주 종합 소매업,도매 및 소매업 > 소매업; 자동차 제외 > 종합 소매업 > 음ㆍ식료품 위주 종합 소매업 > 기타 음ㆍ식료품 위주 종합 소매업,도매 및 소매업,소매업; 자동차 제외,종합 소매업,음ㆍ식료품 위주 종합 소매업,47129,기타 음ㆍ식료품 위주 종합 소매업,"단일 경영 주체가 일정한 시설(165㎡ 미만)을 갖추고 슈퍼마켓, 체인 화 편의점 이외의 방식으로 음․식료품을 위주로 하여 각종 생활 잡 화 등을 함께 소매하는 산업활동을 말한다.",,,,기타 음ㆍ식료품 위주 종합,소매,,KSIC 11차 (2024),True
522080,담배 소매업,도매 및 소매업 > 소매업; 자동차 제외 > 음ㆍ식료품 및 담배 소매업 > 음료 및 담배 소매업 > 담배 소매업,도매 및 소매업,소매업; 자동차 제외,음ㆍ식료품 및 담배 소매업,음료 및 담배 소매업,47232,담배 소매업,각종 담배를 소매하는 산업활동을 말한다.,,,,담배,소매,,KSIC 11차 (2024),True
522081,그 외 기타 분류 안된 가정용품 소매업,도매 및 소매업 > 소매업; 자동차 제외 > 기타 생활용품 소매업 > 그 외 기타 가정용품 소매업 > 그 외 기타 분류 안된 가정용품 소매업,도매 및 소매업,소매업; 자동차 제외,기타 생활용품 소매업,그 외 기타 가정용품 소매업,47599,그 외 기타 분류 안된 가정용품 소매업,기타 가정용 기기 및 용품 등을 소매하는 산업활동을 말한다.,우산 및 양산 소매|파라솔 소매|대나무 소재 가정용품(화문석 등 마루덮개 제외) 소매|야외용 돗자리 소매(직물제품 제외)|비닐백 및 쇼핑백 소매,"가스 스토브, 가스 및 기름 보일러 소매|화문석 소매",쓰레기봉투,우산 및 양산|파라솔|대나무 소재 가정용품(화문석 등 마루덮개 제외)|야외용 돗자리 소매(직물제품 제외)|비닐백 및 쇼핑백,소매,,KSIC 11차 (2024),True
522082,복권 발행 및 판매업,"예술, 스포츠 및 여가관련 서비스업 > 스포츠 및 오락관련 서비스업 > 유원지 및 기타 오락관련 서비스업 > 사행시설 관리 및 운영업 > 복권 발행 및 판매업","예술, 스포츠 및 여가관련 서비스업",스포츠 및 오락관련 서비스업,유원지 및 기타 오락관련 서비스업,사행시설 관리 및 운영업,91241,복권 발행 및 판매업,각종 복권을 발행하거나 판매하는 산업활동을 말한다.,스포츠 복권 발행|기입식 복권 발행|즉석식 복권 발행|복권 판매소,,복권(소매),스포츠 복권 발행|기입식 복권 발행|즉석식 복권 발행|복권 판매소,판매|스포츠,,KSIC 11차 (2024),True
522091,건강 보조식품 소매업,도매 및 소매업 > 소매업; 자동차 제외 > 음ㆍ식료품 및 담배 소매업 > 가공식품 소매업 > 건강 보조식품 소매업,도매 및 소매업,소매업; 자동차 제외,음ㆍ식료품 및 담배 소매업,가공식품 소매업,47222,건강 보조식품 소매업,"동․식물성 추출물, 과실 및 채소 농축물 등 액화식품과 인삼, 홍삼, 알로에, 지방산 등의 기능성 원료나 비타민류, 철 화합물 등을 첨가하 여 만든 건강유지 또는 건강증진용 가공식품을 소매하는 산업활동을 말한다.","식이섬유 가공식품 소매|가공 건강식품 소매|달팽이, 흑염소 추출물 소매|알로에 가공품 소매|인삼, 홍삼, 엽록소, 클로렐라 함유 가공식품 소매|오메가-3, 레시틴, 스쿠알렌(상어간유) 등 지방산 가공식품 소매|발효 미생물류 가공식품 소매|아미노산 및 단백질류 가공식품 소매",,홍삼과 홍삼제품,"식이섬유 가공식품|가공 건강식품|달팽이, 흑염소 추출물|알로에 가공품|인삼, 홍삼, 엽록소, 클로렐라 함유 가공식품|발효 미생물류 가공식품|아미노산 및 단백질류 가공식품",가공|소매,,KSIC 11차 (2024),True
522092,그 외 기타 분류 안된 상품 전문 소매업,도매 및 소매업 > 소매업; 자동차 제외 > 기타 상품 전문 소매업 > 그 외 기타 상품 전문 소매업 > 그 외 기타 분류 안된 상품 전문 소매업,도매 및 소매업,소매업; 자동차 제외,기타 상품 전문 소매업,그 외 기타 상품 전문 소매업,47859,그 외 기타 분류 안된 상품 전문 소매업,달리 분류되지 않은 특정 상품 신품을 소매하는 산업활동을 포함한다.,수석점|총포 소매|한약재료 소매|비전기식 재봉기 소매,,인삼제품,수석점|총포|한약재료|비전기식 재봉기,소매,,KSIC 11차 (2024),True
522093,음료 소매업,도매 및 소매업 > 소매업; 자동차 제외 > 음료 소매업 > 음료 및 담배 소매업,도매 및 소매업,소매업; 자동차 제외,음료 소매업,음료 및 담배 소매업,47231,음료 소매업,주류 및 비알코올 음료를 소매하는 산업활동을 말한다.,우유 및 요구르트 소매|생수 소매|양주 소매|소주 및 맥주 소매|과실주 소매|탁주 및 약주 소매,,얼음,우유 및 요구르트|생수|양주|소주 및 맥주|과실주|탁주 및 약주,소매,,KSIC 11차 (2024),True
522094,음료 소매업,도매 및 소매업 > 소매업; 자동차 제외 > 음료 소매업 > 음료 및 담배 소매업,도매 및 소매업,소매업; 자동차 제외,음료 소매업,음료 및 담배 소매업,47231,음료 소매업,주류 및 비알코올 음료를 소매하는 산업활동을 말한다.,우유 및 요구르트 소매|생수 소매|양주 소매|소주 및 맥주 소매|과실주 소매|탁주 및 약주 소매,,알콜성음료,우유 및 요구르트|생수|양주|소주 및 맥주|과실주|탁주 및 약주,소매,,KSIC 11차 (2024),True
522095,음료 소매업,도매 및 소매업 > 소매업; 자동차 제외 > 음료 소매업 > 음료 및 담배 소매업,도매 및 소매업,소매업; 자동차 제외,음료 소매업,음료 및 담배 소매업,47231,음료 소매업,주류 및 비알코올 음료를 소매하는 산업활동을 말한다.,우유 및 요구르트 소매|생수 소매|양주 소매|소주 및 맥주 소매|과실주 소매|탁주 및 약주 소매,,,우유 및 요구르트|생수|양주|소주 및 맥주|과실주|탁주 및 약주,소매,,KSIC 11차 (2024),True
522096,기타 신선식품 및 단순 가공식품 소매업,도매 및 소매업 > 소매업; 자동차 제외 > 음ㆍ식료품 및 담배 소매업 > 신선식품 및 단순 가공식품 소매업 > 기타 신선식품 및 단순 가공식품 소매업,도매 및 소매업,소매업; 자동차 제외,음ㆍ식료품 및 담배 소매업,신선식품 및 단순 가공식품 소매업,47219 | 47229,기타 신선식품 및 단순 가공식품 소매업 | 기타 가공식품 소매업,"기타 가공하지 않은 식품이나 냉동․건조․염장 등과 같은 단순 가공 한 식품을 소매하는 산업활동을 말한다. / 과실 및 채소 가공식품, 국수 및 인스턴트 면류 등의 기타 가공 식품 을 소매하는 산업활동을 말한다.","벌꿀 소매|계란 및 조란 소매|식용 소금(천일염 포함) 소매|코코아 소매|커피, 차류 소매|유지 소매|국수 등 면류 제품 소매|된장 및 고추장 소매|어묵 및 조미 해산물 소매",,,"벌꿀|계란 및 조란|식용 소금(천일염 포함)|코코아|커피, 차류|유지|국수 등 면류 제품|된장 및 고추장|어묵 및 조미 해산물",가공|소매,,KSIC 11차 (2024),True
522098,음료 소매업,도매 및 소매업 > 소매업; 자동차 제외 > 음료 소매업 > 음료 및 담배 소매업,도매 및 소매업,소매업; 자동차 제외,음료 소매업,음료 및 담배 소매업,47231,음료 소매업,주류 및 비알코올 음료를 소매하는 산업활동을 말한다.,우유 및 요구르트 소매|생수 소매|양주 소매|소주 및 맥주 소매|과실주 소매|탁주 및 약주 소매,,우유,우유 및 요구르트|생수|양주|소주 및 맥주|과실주|탁주 및 약주,소매,,KSIC 11차 (2024),True
522099,음료 소매업,도매 및 소매업 > 소매업; 자동차 제외 > 음료 소매업 > 음료 및 담배 소매업,도매 및 소매업,소매업; 자동차 제외,음료 소매업,음료 및 담배 소매업,47231,음료 소매업,주류 및 비알코올 음료를 소매하는 산업활동을 말한다.,우유 및 요구르트 소매|생수 소매|양주 소매|소주 및 맥주 소매|과실주 소매|탁주 및 약주 소매,,자기명의 외판원 수수료,우유 및 요구르트|생수|양주|소주 및 맥주|과실주|탁주 및 약주,소매,,KSIC 11차 (2024),True
522101,건강 보조식품 소매업,도매 및 소매업 > 소매업; 자동차 제외 > 음ㆍ식료품 및 담배 소매업 > 가공식품 소매업 > 건강 보조식품 소매업,도매 및 소매업,소매업; 자동차 제외,음ㆍ식료품 및 담배 소매업,가공식품 소매업,47222,건강 보조식품 소매업,"동․식물성 추출물, 과실 및 채소 농축물 등 액화식품과 인삼, 홍삼, 알로에, 지방산 등의 기능성 원료나 비타민류, 철 화합물 등을 첨가하 여 만든 건강유지 또는 건강증진용 가공식품을 소매하는 산업활동을 말한다.","식이섬유 가공식품 소매|가공 건강식품 소매|달팽이, 흑염소 추출물 소매|알로에 가공품 소매|인삼, 홍삼, 엽록소, 클로렐라 함유 가공식품 소매|오메가-3, 레시틴, 스쿠알렌(상어간유) 등 지방산 가공식품 소매|발효 미생물류 가공식품 소매|아미노산 및 단백질류 가공식품 소매",,,"식이섬유 가공식품|가공 건강식품|달팽이, 흑염소 추출물|알로에 가공품|인삼, 홍삼, 엽록소, 클로렐라 함유 가공식품|발효 미생물류 가공식품|아미노산 및 단백질류 가공식품",가공|소매,,KSIC 11차 (2024),True
522105,그 외 기타 분류 안된 상품 전문 소매업,도매 및 소매업 > 소매업; 자동차 제외 > 기타 상품 전문 소매업 > 그 외 기타 상품 전문 소매업 > 그 외 기타 분류 안된 상품 전문 소매업,도매 및 소매업,소매업; 자동차 제외,기타 상품 전문 소매업,그 외 기타 상품 전문 소매업,47859,그 외 기타 분류 안된 상품 전문 소매업,달리 분류되지 않은 특정 상품 신품을 소매하는 산업활동을 포함한다.,수석점|총포 소매|한약재료 소매|비전기식 재봉기 소매,,한약업사,수석점|총포|한약재료|비전기식 재봉기,소매,,KSIC 11차 (2024),True
522109,조리 반찬류 소매업,도매 및 소매업 > 소매업; 자동차 제외 > 음ㆍ식료품 및 담배 소매업 > 가공식품 소매업 > 조리 반찬류 소매업,도매 및 소매업,소매업; 자동차 제외,음ㆍ식료품 및 담배 소매업,가공식품 소매업,47223,조리 반찬류 소매업,각종 재료로 만든 조리 반찬류를 소매하는 산업활동을 말한다. 판매 반찬류 중 일부를 직접 조리하여 판매하더라도 구입 상품 비중이 높 은 경우에는 포함한다.,반찬 소매,,,반찬,소매|판매|조리,,KSIC 11차 (2024),True
523111,의약품 및 의료용품 소매업,"도매 및 소매업 > 소매업; 자동차 제외 > 기타 상품 전문 소매업 > 의약품, 의료용 기구, 화장품 및 방향제 소매업 > 의약품 및 의료용품 소매업",도매 및 소매업,소매업; 자동차 제외,기타 상품 전문 소매업,"의약품, 의료용 기구, 화장품 및 방향제 소매업",47811,의약품 및 의료용품 소매업,"각종 의약품과 한의약품, 가정용 또는 위생용의 의료용품을 소매하는 산업활동을 말한다.",소독제 소매|가정용 방충제 및 살균제 소매|가축 약품 소매|드링크제 소매(의약품)|약국|한약 소매,한약재료 소매,의약품,소독제|가정용 방충제 및 살균제|가축 약품|드링크제 소매(의약품)|약국|한약,소매,,KSIC 11차 (2024),True
523114,의약품 및 의료용품 소매업,"도매 및 소매업 > 소매업; 자동차 제외 > 기타 상품 전문 소매업 > 의약품, 의료용 기구, 화장품 및 방향제 소매업 > 의약품 및 의료용품 소매업",도매 및 소매업,소매업; 자동차 제외,기타 상품 전문 소매업,"의약품, 의료용 기구, 화장품 및 방향제 소매업",47811,의약품 및 의료용품 소매업,"각종 의약품과 한의약품, 가정용 또는 위생용의 의료용품을 소매하는 산업활동을 말한다.",소독제 소매|가정용 방충제 및 살균제 소매|가축 약품 소매|드링크제 소매(의약품)|약국|한약 소매,한약재료 소매,한약소매 등,소독제|가정용 방충제 및 살균제|가축 약품|드링크제 소매(의약품)|약국|한약,소매,,KSIC 11차 (2024),True
523116,의약품 및 의료용품 소매업,"도매 및 소매업 > 소매업; 자동차 제외 > 기타 상품 전문 소매업 > 의약품, 의료용 기구, 화장품 및 방향제 소매업 > 의약품 및 의료용품 소매업",도매 및 소매업,소매업; 자동차 제외,기타 상품 전문 소매업,"의약품, 의료용 기구, 화장품 및 방향제 소매업",47811,의약품 및 의료용품 소매업,"각종 의약품과 한의약품, 가정용 또는 위생용의 의료용품을 소매하는 산업활동을 말한다.",소독제 소매|가정용 방충제 및 살균제 소매|가축 약품 소매|드링크제 소매(의약품)|약국|한약 소매,한약재료 소매,의료용품,소독제|가정용 방충제 및 살균제|가축 약품|드링크제 소매(의약품)|약국|한약,소매,,KSIC 11차 (2024),True
523120,의료용 기구 소매업,"도매 및 소매업 > 소매업; 자동차 제외 > 기타 상품 전문 소매업 > 의약품, 의료용 기구, 화장품 및 방향제 소매업 > 의료용 기구 소매업",도매 및 소매업,소매업; 자동차 제외,기타 상품 전문 소매업,"의약품, 의료용 기구, 화장품 및 방향제 소매업",47812,의료용 기구 소매업,외과 및 정형외과용 기구 등 각종 의료용 기구를 소매하는 산업활동 을 말한다.,"보청기 소매|뜸 치료기 소매|수지침 소매|혈압 측정기 소매|의족(足), 의수(手), 의지(指) 소매",,,"보청기|뜸 치료기|수지침|혈압 측정기|의족(足), 의수(手), 의지(指)",소매|측정|치료,,KSIC 11차 (2024),True
523131,"화장품, 비누 및 방향제 소매업","도매 및 소매업 > 소매업; 자동차 제외 > 기타 상품 전문 소매업 > 의약품, 의료용 기구, 화장품 및 방향제 소매업 > 화장품, 비누 및 방향제 소매업",도매 및 소매업,소매업; 자동차 제외,기타 상품 전문 소매업,"의약품, 의료용 기구, 화장품 및 방향제 소매업",47813,"화장품, 비누 및 방향제 소매업","각종 화장품, 비누 및 방향제 등을 소매하는 산업활동을 말한다. 도매 및 소매업",향수 소매|샴푸 및 비누 소매|세정제 및 세제 소매|머리 염색약 소매|탈모제 소매|면도용 크림 소매|화장 도구 소매|치약 소매|무스 및 스프레이 소매|렌즈 클리너 소매|구강 세척제 소매,,,향수|샴푸 및 비누|세정제 및 세제|머리 염색약|탈모제|면도용 크림|화장 도구|치약|무스 및 스프레이|렌즈 클리너|구강 세척제,정제|도매|소매,,KSIC 11차 (2024),True
523132,방문 판매업,도매 및 소매업 > 소매업; 자동차 제외 > 무점포 소매업 > 기타 무점포 소매업 > 방문 판매업,도매 및 소매업,소매업; 자동차 제외,무점포 소매업,기타 무점포 소매업,47993,방문 판매업,외판원이 가정이나 사업체를 방문하여 특정 상품을 소매하는 산업활 도매 및 소매업 동을 말한다.,화장품 방문 판매|정수기 방문 판매|서적 및 교육자재 방문 판매,,자기명의의 화장품 외판원,화장품 방문|정수기 방문|서적 및 교육자재 방문,도매|소매|판매|교육,,KSIC 11차 (2024),True
523211,"섬유 원단, 실 및 기타 섬유제품 소매업","도매 및 소매업 > 소매업; 자동차 제외 > 섬유, 의복, 신발 및 가죽제품 소매업 > 섬유, 직물 및 의복 액세서리 소매업 > 섬유 원단, 실 및 기타 섬유제품 소매업",도매 및 소매업,소매업; 자동차 제외,"섬유, 의복, 신발 및 가죽제품 소매업","섬유, 직물 및 의복 액세서리 소매업",47429,"섬유 원단, 실 및 기타 섬유제품 소매업","실, 직물 및 편조원단, 기타 의류관련 제품 등을 소매하는 산업활동을 도매 및 소매업 말한다.",한복지 및 양복지 소매|뜨개실 및 재봉실 소매|천막지 및 펠트지 소매,모조 장식품 소매,한복지,한복지 및 양복지|뜨개실 및 재봉실|천막지 및 펠트지,도매|소매,,KSIC 11차 (2024),True
523214,"섬유 원단, 실 및 기타 섬유제품 소매업","도매 및 소매업 > 소매업; 자동차 제외 > 섬유, 의복, 신발 및 가죽제품 소매업 > 섬유, 직물 및 의복 액세서리 소매업 > 섬유 원단, 실 및 기타 섬유제품 소매업",도매 및 소매업,소매업; 자동차 제외,"섬유, 의복, 신발 및 가죽제품 소매업","섬유, 직물 및 의복 액세서리 소매업",47429,"섬유 원단, 실 및 기타 섬유제품 소매업","실, 직물 및 편조원단, 기타 의류관련 제품 등을 소매하는 산업활동을 도매 및 소매업 말한다.",한복지 및 양복지 소매|뜨개실 및 재봉실 소매|천막지 및 펠트지 소매,모조 장식품 소매,,한복지 및 양복지|뜨개실 및 재봉실|천막지 및 펠트지,도매|소매,,KSIC 11차 (2024),True
523221,속옷 및 잠옷 소매업,"도매 및 소매업 > 소매업; 자동차 제외 > 섬유, 의복, 신발 및 가죽제품 소매업 > 의복 소매업 > 속옷 및 잠옷 소매업",도매 및 소매업,소매업; 자동차 제외,"섬유, 의복, 신발 및 가죽제품 소매업",의복 소매업,47413,속옷 및 잠옷 소매업,남녀용 속옷 및 잠옷을 소매하는 산업활동을 말한다.,러닝 소매|브래지어 소매|잠옷 소매,유아용 속옷 소매,,러닝|브래지어|잠옷,소매,,KSIC 11차 (2024),True
523223,유아용 의류 소매업,"도매 및 소매업 > 소매업; 자동차 제외 > 섬유, 의복, 신발 및 가죽제품 소매업 > 의복 소매업 > 유아용 의류 소매업",도매 및 소매업,소매업; 자동차 제외,"섬유, 의복, 신발 및 가죽제품 소매업",의복 소매업,47417,유아용 의류 소매업,유아용 겉옷 및 속옷을 소매하는 산업활동을 말한다.,유아용 겉옷 소매|유아용 속옷 소매,,,유아용 겉옷|유아용 속옷,소매,,KSIC 11차 (2024),True
523231,셔츠 및 블라우스 소매업,"도매 및 소매업 > 소매업; 자동차 제외 > 섬유, 의복, 신발 및 가죽제품 소매업 > 의복 소매업 > 셔츠 및 블라우스 소매업",도매 및 소매업,소매업; 자동차 제외,"섬유, 의복, 신발 및 가죽제품 소매업",의복 소매업,47414,셔츠 및 블라우스 소매업,"겉옷과 속옷을 제외한 남녀용 셔츠, 와이셔츠, 블라우스 등을 소매하 는 산업활동을 말한다.",니트 의복 소매|티셔츠 및 셔츠류 소매|블라우스 소매,,,니트 의복|티셔츠 및 셔츠류|블라우스,소매,,KSIC 11차 (2024),True
523233,남자용 겉옷 소매업,"도매 및 소매업 > 소매업; 자동차 제외 > 섬유, 의복, 신발 및 가죽제품 소매업 > 의복 소매업 > 남자용 겉옷 소매업",도매 및 소매업,소매업; 자동차 제외,"섬유, 의복, 신발 및 가죽제품 소매업",의복 소매업,47411,남자용 겉옷 소매업,"주로 남자용 정장류, 코트류, 예복류, 재킷, 파카, 슈트, 바지 등의 겉 옷(외의)을 소매하는 산업활동을 말한다.","남자용 코트 소매|양복 조끼 소매|남자용 재킷, 파카, 바지, 평상복 소매",,,"남자용 코트|양복 조끼|남자용 재킷, 파카, 바지, 평상복",소매,,KSIC 11차 (2024),True
523234,여자용 겉옷 소매업,"도매 및 소매업 > 소매업; 자동차 제외 > 섬유, 의복, 신발 및 가죽제품 소매업 > 의복 소매업 > 여자용 겉옷 소매업",도매 및 소매업,소매업; 자동차 제외,"섬유, 의복, 신발 및 가죽제품 소매업",의복 소매업,47412,여자용 겉옷 소매업,"주로 여자용 정장류, 코트류, 예복류, 재킷, 파카, 슈트, 스커트, 바지 등의 겉옷(외의)을 소매하는 산업활동을 말한다.","여자용 코트 소매|여자용 정장류 소매|여자용 재킷, 파카, 바지, 평상복 소매|스커트 소매",,,"여자용 코트|여자용 정장류|여자용 재킷, 파카, 바지, 평상복|스커트",소매,,KSIC 11차 (2024),True
523235,한복 소매업,"도매 및 소매업 > 소매업; 자동차 제외 > 섬유, 의복, 신발 및 가죽제품 소매업 > 의복 소매업 > 한복 소매업",도매 및 소매업,소매업; 자동차 제외,"섬유, 의복, 신발 및 가죽제품 소매업",의복 소매업,47415,한복 소매업,자기가 한복을 직접 제조하지 않고 기성복 형태로 제조된 한복을 구 입하여 소매하는 산업활동을 말한다. 도매 및 소매업,개량 한복 소매|기성 한복 소매,한복 맞춤집,,개량 한복|기성 한복,제조|도매|소매,,KSIC 11차 (2024),True
523236,가죽 및 모피 의복 소매업,"도매 및 소매업 > 소매업; 자동차 제외 > 섬유, 의복, 신발 및 가죽제품 소매업 > 의복 소매업 > 가죽 및 모피 의복 소매업",도매 및 소매업,소매업; 자동차 제외,"섬유, 의복, 신발 및 가죽제품 소매업",의복 소매업,47416,가죽 및 모피 의복 소매업,남녀용 가죽 및 모피 의복을 소매하는 산업활동을 말한다.,가죽제 의복 소매|모피제 의류 소매,가죽제 가방 및 기타 가죽제품 소매,,가죽제 의복|모피제 의류,소매,,KSIC 11차 (2024),True
523237,기타 의복 소매업,"도매 및 소매업 > 소매업; 자동차 제외 > 섬유, 의복, 신발 및 가죽제품 소매업 > 의복 소매업 > 기타 의복 소매업",도매 및 소매업,소매업; 자동차 제외,"섬유, 의복, 신발 및 가죽제품 소매업",의복 소매업,47419,기타 의복 소매업,"남녀용 운동복, 교복, 제복, 단체복, 작업복, 근무복, 수영복 등을 소매 하는 산업활동을 말한다.","체육복, 교복 소매|단체복, 작업복 소매|수영복 소매",,,"체육복, 교복|단체복, 작업복|수영복",소매,,KSIC 11차 (2024),True
523241,신발 소매업,"도매 및 소매업 > 소매업; 자동차 제외 > 섬유, 의복, 신발 및 가죽제품 소매업 > 신발 소매업",도매 및 소매업,소매업; 자동차 제외,"섬유, 의복, 신발 및 가죽제품 소매업",신발 소매업,47430,신발 소매업,각종 재료의 신발을 소매하는 산업활동을 말한다.,"남녀용 정장화 소매|운동화 소매|각반, 나무 신발 소매|신발 끈 소매",등산화 소매,"구두, 캐주얼화","남녀용 정장화|운동화|각반, 나무 신발|신발 끈",소매,,KSIC 11차 (2024),True
523242,신발 소매업,"도매 및 소매업 > 소매업; 자동차 제외 > 섬유, 의복, 신발 및 가죽제품 소매업 > 신발 소매업",도매 및 소매업,소매업; 자동차 제외,"섬유, 의복, 신발 및 가죽제품 소매업",신발 소매업,47430,신발 소매업,각종 재료의 신발을 소매하는 산업활동을 말한다.,"남녀용 정장화 소매|운동화 소매|각반, 나무 신발 소매|신발 끈 소매",등산화 소매,,"남녀용 정장화|운동화|각반, 나무 신발|신발 끈",소매,,KSIC 11차 (2024),True
523252,의복 액세서리 및 모조 장신구 소매업,"도매 및 소매업 > 소매업; 자동차 제외 > 섬유, 의복, 신발 및 가죽제품 소매업 > 섬유, 직물 및 의복 액세서리 소매업 > 의복 액세서리 및 모조 장신구 소매업",도매 및 소매업,소매업; 자동차 제외,"섬유, 의복, 신발 및 가죽제품 소매업","섬유, 직물 및 의복 액세서리 소매업",47422,의복 액세서리 및 모조 장신구 소매업,"각종 의복 액세서리, 가발, 모조 장신구를 소매하는 산업활동을 말한다.","버클(요대) 소매|머리핀 소매|넥타이, 넥타이핀 소매|가발 소매|모자 및 장갑 소매|스카프, 머플러, 숄 소매|양말 및 스타킹 소매|귀걸이(귀금속 제외) 소매|모피제 의복 액세서리 소매|장갑 소매|단추 및 파스너(지퍼 등) 소매",모조 장식품 소매,의복 액세서리,"버클(요대)|머리핀|넥타이, 넥타이핀|가발|모자 및 장갑|스카프, 머플러, 숄|양말 및 스타킹|귀걸이(귀금속 제외)|모피제 의복 액세서리|장갑|단추 및 파스너(지퍼 등)",소매,,KSIC 11차 (2024),True
523260,가방 및 기타 가죽제품 소매업,"도매 및 소매업 > 소매업; 자동차 제외 > 섬유, 의복, 신발 및 가죽제품 소매업 > 가방 및 기타 가죽제품 소매업",도매 및 소매업,소매업; 자동차 제외,"섬유, 의복, 신발 및 가죽제품 소매업",가방 및 기타 가죽제품 소매업,47440,가방 및 기타 가죽제품 소매업,가방 및 기타 가죽제품을 전문적으로 소매하는 산업활동을 말한다.,핸드백 및 지갑 소매|트렁크 소매|보호용 케이스 소매,장갑 및 의복 벨트 소매,,핸드백 및 지갑|트렁크|보호용 케이스,소매,,KSIC 11차 (2024),True
523291,"섬유 원단, 실 및 기타 섬유제품 소매업","도매 및 소매업 > 소매업; 자동차 제외 > 섬유, 의복, 신발 및 가죽제품 소매업 > 섬유, 직물 및 의복 액세서리 소매업 > 섬유 원단, 실 및 기타 섬유제품 소매업",도매 및 소매업,소매업; 자동차 제외,"섬유, 의복, 신발 및 가죽제품 소매업","섬유, 직물 및 의복 액세서리 소매업",47429,"섬유 원단, 실 및 기타 섬유제품 소매업","실, 직물 및 편조원단, 기타 의류관련 제품 등을 소매하는 산업활동을 도매 및 소매업 말한다.",한복지 및 양복지 소매|뜨개실 및 재봉실 소매|천막지 및 펠트지 소매,모조 장식품 소매,실,한복지 및 양복지|뜨개실 및 재봉실|천막지 및 펠트지,도매|소매,,KSIC 11차 (2024),True
523292,의복 액세서리 및 모조 장신구 소매업,"도매 및 소매업 > 소매업; 자동차 제외 > 섬유, 의복, 신발 및 가죽제품 소매업 > 섬유, 직물 및 의복 액세서리 소매업 > 의복 액세서리 및 모조 장신구 소매업",도매 및 소매업,소매업; 자동차 제외,"섬유, 의복, 신발 및 가죽제품 소매업","섬유, 직물 및 의복 액세서리 소매업",47422,의복 액세서리 및 모조 장신구 소매업,"각종 의복 액세서리, 가발, 모조 장신구를 소매하는 산업활동을 말한다.","버클(요대) 소매|머리핀 소매|넥타이, 넥타이핀 소매|가발 소매|모자 및 장갑 소매|스카프, 머플러, 숄 소매|양말 및 스타킹 소매|귀걸이(귀금속 제외) 소매|모피제 의복 액세서리 소매|장갑 소매|단추 및 파스너(지퍼 등) 소매",모조 장식품 소매,모조 장신구,"버클(요대)|머리핀|넥타이, 넥타이핀|가발|모자 및 장갑|스카프, 머플러, 숄|양말 및 스타킹|귀걸이(귀금속 제외)|모피제 의복 액세서리|장갑|단추 및 파스너(지퍼 등)",소매,,KSIC 11차 (2024),True
523311,가구 소매업,도매 및 소매업 > 소매업; 자동차 제외 > 기타 생활용품 소매업 > 가구 소매업,도매 및 소매업,소매업; 자동차 제외,기타 생활용품 소매업,가구 소매업,47520,가구 소매업,"목재 가구, 주방용 가구 등 각종 가구를 전문적으로 소매하는 산업활 동을 말한다.",등 가구 소매|화장대 소매|책상 및 걸상 소매|침대 소매|응접 세트 소매|사무용 가구 소매,,금속제가구,등 가구|화장대|책상 및 걸상|침대|응접 세트|사무용 가구,소매,,KSIC 11차 (2024),True
523312,가구 소매업,도매 및 소매업 > 소매업; 자동차 제외 > 기타 생활용품 소매업 > 가구 소매업,도매 및 소매업,소매업; 자동차 제외,기타 생활용품 소매업,가구 소매업,47520,가구 소매업,"목재 가구, 주방용 가구 등 각종 가구를 전문적으로 소매하는 산업활 동을 말한다.",등 가구 소매|화장대 소매|책상 및 걸상 소매|침대 소매|응접 세트 소매|사무용 가구 소매,,,등 가구|화장대|책상 및 걸상|침대|응접 세트|사무용 가구,소매,,KSIC 11차 (2024),True
523314,가구 소매업,도매 및 소매업 > 소매업; 자동차 제외 > 기타 생활용품 소매업 > 가구 소매업,도매 및 소매업,소매업; 자동차 제외,기타 생활용품 소매업,가구 소매업,47520,가구 소매업,"목재 가구, 주방용 가구 등 각종 가구를 전문적으로 소매하는 산업활 동을 말한다.",등 가구 소매|화장대 소매|책상 및 걸상 소매|침대 소매|응접 세트 소매|사무용 가구 소매,,가구 전문 판매 대리점(성실신고 회원),등 가구|화장대|책상 및 걸상|침대|응접 세트|사무용 가구,소매,,KSIC 11차 (2024),True
523321,가전제품 소매업,도매 및 소매업 > 소매업; 자동차 제외 > 가전제품 및 정보 통신장비 소매업 > 가전제품 소매업,도매 및 소매업,소매업; 자동차 제외,가전제품 및 정보 통신장비 소매업,가전제품 소매업,47320,가전제품 소매업,"영상 기기, 음향 기기, 전열 기기 등 가정용 전기 기기 및 비전기식 도매 및 소매업 조리 기기를 소매하는 산업활동을 말한다.","안테나(위성 포함) 소매|믹서, 녹즙기, 토스트기 소매|노래방 기기 소매|전기 면도기, 헤어 드라이기 소매|가스 누설 경보기 소매|환풍기 소매|전자 레인지, 가스 레인지 소매 G|전기식|미용 기기 소매|가정용 정미기 소매",보일러 소매|전화기 소매,,"안테나(위성 포함)|믹서, 녹즙기, 토스트기|노래방 기기|전기 면도기, 헤어 드라이기|가스 누설 경보기|환풍기|전자 레인지, 가스 레인지 소매 G|전기식|미용 기기|가정용 정미기",도매|소매|조리|미용,,KSIC 11차 (2024),True
523323,통신기기 소매업,"도매 및 소매업 > 소매업; 자동차 제외 > 가전제품 및 정보 통신장비 소매업 > 컴퓨터 및 주변장치, 소프트웨어 및 통신기기 소매업 > 통신기기 소매업",도매 및 소매업,소매업; 자동차 제외,가전제품 및 정보 통신장비 소매업,"컴퓨터 및 주변장치, 소프트웨어 및 통신기기 소매업",47312,통신기기 소매업,통신용 기기를 소매하는 산업활동을 말한다.,핸드폰 소매|전화기 소매|호출기 소매|카폰 소매|무전기 소매,,,핸드폰|전화기|호출기|카폰|무전기,소매|통신,,KSIC 11차 (2024),True
523330,가전제품 소매업,도매 및 소매업 > 소매업; 자동차 제외 > 가전제품 및 정보 통신장비 소매업 > 가전제품 소매업,도매 및 소매업,소매업; 자동차 제외,가전제품 및 정보 통신장비 소매업,가전제품 소매업,47320,가전제품 소매업,"영상 기기, 음향 기기, 전열 기기 등 가정용 전기 기기 및 비전기식 도매 및 소매업 조리 기기를 소매하는 산업활동을 말한다.","안테나(위성 포함) 소매|믹서, 녹즙기, 토스트기 소매|노래방 기기 소매|전기 면도기, 헤어 드라이기 소매|가스 누설 경보기 소매|환풍기 소매|전자 레인지, 가스 레인지 소매 G|전기식|미용 기기 소매|가정용 정미기 소매",보일러 소매|전화기 소매,가스렌지,"안테나(위성 포함)|믹서, 녹즙기, 토스트기|노래방 기기|전기 면도기, 헤어 드라이기|가스 누설 경보기|환풍기|전자 레인지, 가스 레인지 소매 G|전기식|미용 기기|가정용 정미기",도매|소매|조리|미용,,KSIC 11차 (2024),True
523331,가구 소매업,도매 및 소매업 > 소매업; 자동차 제외 > 기타 생활용품 소매업 > 가구 소매업,도매 및 소매업,소매업; 자동차 제외,기타 생활용품 소매업,가구 소매업,47520,가구 소매업,"목재 가구, 주방용 가구 등 각종 가구를 전문적으로 소매하는 산업활 동을 말한다.",등 가구 소매|화장대 소매|책상 및 걸상 소매|침대 소매|응접 세트 소매|사무용 가구 소매,,싱크대,등 가구|화장대|책상 및 걸상|침대|응접 세트|사무용 가구,소매,,KSIC 11차 (2024),True
523332,"주방용품 및 가정용 유리, 요업제품 소매업","도매 및 소매업 > 소매업; 자동차 제외 > 기타 생활용품 소매업 > 그 외 기타 가정용품 소매업 > 주방용품 및 가정용 유리, 요업제품 소매업",도매 및 소매업,소매업; 자동차 제외,기타 생활용품 소매업,그 외 기타 가정용품 소매업,47592,"주방용품 및 가정용 유리, 요업제품 소매업","각종 식탁용품, 주방용품과 가정용 유리 및 요업제품을 소매하는 산 도매 및 소매업 업활동을 말한다.","가정용 식기 소매|칼 및 도마 소매|식탁용품 소매|항아리(옹기) 소매|밥솥(철재, 비전기식) 소매|가정용 도자기제품 소매|거울 및 액자(내용물 없는 것) 소매|가정용 유리제품 소매|관상용 어항 소매|비전기식 면도기 소매","가전제품 소매|장식용 도자기 제품 소매|그림, 사진 등을 포함한 액자 소매",,"가정용 식기|칼 및 도마|식탁용품|항아리(옹기)|밥솥(철재, 비전기식)|가정용 도자기제품|거울 및 액자(내용물 없는 것)|가정용 유리제품|관상용 어항|비전기식 면도기",도매|소매,,KSIC 11차 (2024),True
523341,악기 소매업,도매 및 소매업 > 소매업; 자동차 제외 > 기타 생활용품 소매업 > 그 외 기타 가정용품 소매업 > 악기 소매업,도매 및 소매업,소매업; 자동차 제외,기타 생활용품 소매업,그 외 기타 가정용품 소매업,47593,악기 소매업,"현악기, 건반악기, 타악기, 관악기 및 전통 악기 등 각종 악기를 소매 하는 산업활동을 말한다.","타악기(드럼, 팀파니 등) 소매|전통악기(북, 장구 등) 소매|건반악기(피아노 등) 소매|현악기(바이올린 등) 소매|관악기(플루트, 트럼펫 등) 소매|전자악기(전자 기타 등) 소매",음반 및 비디오 테이프 소매,피아노,"타악기(드럼, 팀파니 등)|전통악기(북, 장구 등)|건반악기(피아노 등)|현악기(바이올린 등)|관악기(플루트, 트럼펫 등)|전자악기(전자 기타 등)",소매,,KSIC 11차 (2024),True
523349,악기 소매업,도매 및 소매업 > 소매업; 자동차 제외 > 기타 생활용품 소매업 > 그 외 기타 가정용품 소매업 > 악기 소매업,도매 및 소매업,소매업; 자동차 제외,기타 생활용품 소매업,그 외 기타 가정용품 소매업,47593,악기 소매업,"현악기, 건반악기, 타악기, 관악기 및 전통 악기 등 각종 악기를 소매 하는 산업활동을 말한다.","타악기(드럼, 팀파니 등) 소매|전통악기(북, 장구 등) 소매|건반악기(피아노 등) 소매|현악기(바이올린 등) 소매|관악기(플루트, 트럼펫 등) 소매|전자악기(전자 기타 등) 소매",음반 및 비디오 테이프 소매,기타악기,"타악기(드럼, 팀파니 등)|전통악기(북, 장구 등)|건반악기(피아노 등)|현악기(바이올린 등)|관악기(플루트, 트럼펫 등)|전자악기(전자 기타 등)",소매,,KSIC 11차 (2024),True
523352,전기용품 및 조명장치 소매업,도매 및 소매업 > 소매업; 자동차 제외 > 기타 생활용품 소매업 > 그 외 기타 가정용품 소매업 > 전기용품 및 조명장치 소매업,도매 및 소매업,소매업; 자동차 제외,기타 생활용품 소매업,그 외 기타 가정용품 소매업,47591,전기용품 및 조명장치 소매업,"전기용품, 옥내 배선 및 조명장치 등 각종 조명 및 전기장치를 소매 하는 산업활동을 말한다.",변압기(가정용) 소매|전구 및 램프 소매|콘센트 소매|플러그 소매|전기 스탠드 소매|스위치 소매,,,변압기(가정용)|전구 및 램프|콘센트|플러그|전기 스탠드|스위치,소매,,KSIC 11차 (2024),True
523361,가정용 직물제품 소매업,"도매 및 소매업 > 소매업; 자동차 제외 > 섬유, 의복, 신발 및 가죽제품 소매업 > 섬유, 직물 및 의복 액세서리 소매업 > 가정용 직물제품 소매업",도매 및 소매업,소매업; 자동차 제외,"섬유, 의복, 신발 및 가죽제품 소매업","섬유, 직물 및 의복 액세서리 소매업",47421,가정용 직물제품 소매업,가정용 직물제품을 소매하는 산업활동을 말한다.,"커튼 소매|가정용 침구류 소매(베게, 이불)|천막 소매|융단제품 소매(양탄자, 카펫)|수건, 타월 소매|수예품 소매|린넨 소매|방석 소매",,"커튼, 카페트","커튼|가정용 침구류 소매(베게, 이불)|천막|융단제품 소매(양탄자, 카펫)|수건, 타월|수예품|린넨|방석",소매,,KSIC 11차 (2024),True
523363,가정용 직물제품 소매업,"도매 및 소매업 > 소매업; 자동차 제외 > 섬유, 의복, 신발 및 가죽제품 소매업 > 섬유, 직물 및 의복 액세서리 소매업 > 가정용 직물제품 소매업",도매 및 소매업,소매업; 자동차 제외,"섬유, 의복, 신발 및 가죽제품 소매업","섬유, 직물 및 의복 액세서리 소매업",47421,가정용 직물제품 소매업,가정용 직물제품을 소매하는 산업활동을 말한다.,"커튼 소매|가정용 침구류 소매(베게, 이불)|천막 소매|융단제품 소매(양탄자, 카펫)|수건, 타월 소매|수예품 소매|린넨 소매|방석 소매",,,"커튼|가정용 침구류 소매(베게, 이불)|천막|융단제품 소매(양탄자, 카펫)|수건, 타월|수예품|린넨|방석",소매,,KSIC 11차 (2024),True
523370,그 외 기타 분류 안된 가정용품 소매업,도매 및 소매업 > 소매업; 자동차 제외 > 기타 생활용품 소매업 > 그 외 기타 가정용품 소매업 > 그 외 기타 분류 안된 가정용품 소매업,도매 및 소매업,소매업; 자동차 제외,기타 생활용품 소매업,그 외 기타 가정용품 소매업,47599,그 외 기타 분류 안된 가정용품 소매업,기타 가정용 기기 및 용품 등을 소매하는 산업활동을 말한다.,우산 및 양산 소매|파라솔 소매|대나무 소재 가정용품(화문석 등 마루덮개 제외) 소매|야외용 돗자리 소매(직물제품 제외)|비닐백 및 쇼핑백 소매,"가스 스토브, 가스 및 기름 보일러 소매|화문석 소매","등세공품, 조물제품 및 기타 목제품, 고공품 및 돗자리, 죽세공품",우산 및 양산|파라솔|대나무 소재 가정용품(화문석 등 마루덮개 제외)|야외용 돗자리 소매(직물제품 제외)|비닐백 및 쇼핑백,소매,,KSIC 11차 (2024),True
523390,가전제품 소매업,도매 및 소매업 > 소매업; 자동차 제외 > 가전제품 및 정보 통신장비 소매업 > 가전제품 소매업,도매 및 소매업,소매업; 자동차 제외,가전제품 및 정보 통신장비 소매업,가전제품 소매업,47320,가전제품 소매업,"영상 기기, 음향 기기, 전열 기기 등 가정용 전기 기기 및 비전기식 도매 및 소매업 조리 기기를 소매하는 산업활동을 말한다.","안테나(위성 포함) 소매|믹서, 녹즙기, 토스트기 소매|노래방 기기 소매|전기 면도기, 헤어 드라이기 소매|가스 누설 경보기 소매|환풍기 소매|전자 레인지, 가스 레인지 소매 G|전기식|미용 기기 소매|가정용 정미기 소매",보일러 소매|전화기 소매,전기식 정수기,"안테나(위성 포함)|믹서, 녹즙기, 토스트기|노래방 기기|전기 면도기, 헤어 드라이기|가스 누설 경보기|환풍기|전자 레인지, 가스 레인지 소매 G|전기식|미용 기기|가정용 정미기",도매|소매|조리|미용,,KSIC 11차 (2024),True
523391,그 외 기타 분류 안된 가정용품 소매업,도매 및 소매업 > 소매업; 자동차 제외 > 기타 생활용품 소매업 > 그 외 기타 가정용품 소매업 > 그 외 기타 분류 안된 가정용품 소매업,도매 및 소매업,소매업; 자동차 제외,기타 생활용품 소매업,그 외 기타 가정용품 소매업,47599,그 외 기타 분류 안된 가정용품 소매업,기타 가정용 기기 및 용품 등을 소매하는 산업활동을 말한다.,우산 및 양산 소매|파라솔 소매|대나무 소재 가정용품(화문석 등 마루덮개 제외) 소매|야외용 돗자리 소매(직물제품 제외)|비닐백 및 쇼핑백 소매,"가스 스토브, 가스 및 기름 보일러 소매|화문석 소매",,우산 및 양산|파라솔|대나무 소재 가정용품(화문석 등 마루덮개 제외)|야외용 돗자리 소매(직물제품 제외)|비닐백 및 쇼핑백,소매,,KSIC 11차 (2024),True
523411,철물 및 난방용구 소매업,"도매 및 소매업 > 소매업; 자동차 제외 > 기타 생활용품 소매업 > 철물, 공구, 창호 및 건설자재 소매업 > 철물 및 난방용구 소매업",도매 및 소매업,소매업; 자동차 제외,기타 생활용품 소매업,"철물, 공구, 창호 및 건설자재 소매업",47511,철물 및 난방용구 소매업,일반 철물 및 비전기식의 난방용 기기를 소매하는 산업활동을 말한다.,앵글 소매|열쇠 소매|가스 및 기름 보일러 소매|석유 난로 소매|가스 및 휘발유 스토브 소매,"수공구, 전동공구 소매",철물,앵글|열쇠|가스 및 기름 보일러|석유 난로|가스 및 휘발유 스토브,소매,,KSIC 11차 (2024),True
523412,철물 및 난방용구 소매업,"도매 및 소매업 > 소매업; 자동차 제외 > 기타 생활용품 소매업 > 철물, 공구, 창호 및 건설자재 소매업 > 철물 및 난방용구 소매업",도매 및 소매업,소매업; 자동차 제외,기타 생활용품 소매업,"철물, 공구, 창호 및 건설자재 소매업",47511,철물 및 난방용구 소매업,일반 철물 및 비전기식의 난방용 기기를 소매하는 산업활동을 말한다.,앵글 소매|열쇠 소매|가스 및 기름 보일러 소매|석유 난로 소매|가스 및 휘발유 스토브 소매,"수공구, 전동공구 소매",난방용구,앵글|열쇠|가스 및 기름 보일러|석유 난로|가스 및 휘발유 스토브,소매,,KSIC 11차 (2024),True
523413,공구 소매업,"도매 및 소매업 > 소매업; 자동차 제외 > 기타 생활용품 소매업 > 철물, 공구, 창호 및 건설자재 소매업 > 공구 소매업",도매 및 소매업,소매업; 자동차 제외,기타 생활용품 소매업,"철물, 공구, 창호 및 건설자재 소매업",47512,공구 소매업,"비동력식 수공구 및 각종 수지식 동력 기계공구(전동공구, 절삭공구, 공작공구 등)를 소매하는 산업활동을 말한다. 도매 및 소매업",비동력식 수공구 소매업|전동공구 소매업|절삭공구 소매업|전동식 잔디 깎기 소매업,전기식 잔디 깎기 도매업,농업용,비동력식 수공구|전동공구|절삭공구|전동식 잔디 깎기,도매|소매,,KSIC 11차 (2024),True
523421,"페인트, 창호 및 기타 건설자재 소매업","도매 및 소매업 > 소매업; 자동차 제외 > 기타 생활용품 소매업 > 철물, 공구, 창호 및 건설자재 소매업 > 페인트, 창호 및 기타 건설자재 소매업",도매 및 소매업,소매업; 자동차 제외,기타 생활용품 소매업,"철물, 공구, 창호 및 건설자재 소매업",47519,"페인트, 창호 및 기타 건설자재 소매업","페인트, 창호 및 기타 건설자재를 일반 소비자(자가 사용자)에게 소매 하는 산업활동을 포함한다.","광택제 소매|단열재 소매|묘석 소매|물탱크 소매|벽돌, 타일, 대리석 소매|위생용 도자기제품 소매|스티로폼 및 합판 소매|조립식 건축자재 소매|창호 및 문 소매",주방용 유리용기 소매,페인트,"광택제|단열재|묘석|물탱크|벽돌, 타일, 대리석|위생용 도자기제품|스티로폼 및 합판|조립식 건축자재|창호 및 문",조립|건설|소매,,KSIC 11차 (2024),True
523422,"주방용품 및 가정용 유리, 요업제품 소매업","도매 및 소매업 > 소매업; 자동차 제외 > 기타 생활용품 소매업 > 그 외 기타 가정용품 소매업 > 주방용품 및 가정용 유리, 요업제품 소매업",도매 및 소매업,소매업; 자동차 제외,기타 생활용품 소매업,그 외 기타 가정용품 소매업,47592,"주방용품 및 가정용 유리, 요업제품 소매업","각종 식탁용품, 주방용품과 가정용 유리 및 요업제품을 소매하는 산 도매 및 소매업 업활동을 말한다.","가정용 식기 소매|칼 및 도마 소매|식탁용품 소매|항아리(옹기) 소매|밥솥(철재, 비전기식) 소매|가정용 도자기제품 소매|거울 및 액자(내용물 없는 것) 소매|가정용 유리제품 소매|관상용 어항 소매|비전기식 면도기 소매","가전제품 소매|장식용 도자기 제품 소매|그림, 사진 등을 포함한 액자 소매",가정용 유리제품,"가정용 식기|칼 및 도마|식탁용품|항아리(옹기)|밥솥(철재, 비전기식)|가정용 도자기제품|거울 및 액자(내용물 없는 것)|가정용 유리제품|관상용 어항|비전기식 면도기",도매|소매,,KSIC 11차 (2024),True
523491,"페인트, 창호 및 기타 건설자재 소매업","도매 및 소매업 > 소매업; 자동차 제외 > 기타 생활용품 소매업 > 철물, 공구, 창호 및 건설자재 소매업 > 페인트, 창호 및 기타 건설자재 소매업",도매 및 소매업,소매업; 자동차 제외,기타 생활용품 소매업,"철물, 공구, 창호 및 건설자재 소매업",47519,"페인트, 창호 및 기타 건설자재 소매업","페인트, 창호 및 기타 건설자재를 일반 소비자(자가 사용자)에게 소매 하는 산업활동을 포함한다.","광택제 소매|단열재 소매|묘석 소매|물탱크 소매|벽돌, 타일, 대리석 소매|위생용 도자기제품 소매|스티로폼 및 합판 소매|조립식 건축자재 소매|창호 및 문 소매",주방용 유리용기 소매,시멘트,"광택제|단열재|묘석|물탱크|벽돌, 타일, 대리석|위생용 도자기제품|스티로폼 및 합판|조립식 건축자재|창호 및 문",조립|건설|소매,,KSIC 11차 (2024),True
523492,"페인트, 창호 및 기타 건설자재 소매업","도매 및 소매업 > 소매업; 자동차 제외 > 기타 생활용품 소매업 > 철물, 공구, 창호 및 건설자재 소매업 > 페인트, 창호 및 기타 건설자재 소매업",도매 및 소매업,소매업; 자동차 제외,기타 생활용품 소매업,"철물, 공구, 창호 및 건설자재 소매업",47519,"페인트, 창호 및 기타 건설자재 소매업","페인트, 창호 및 기타 건설자재를 일반 소비자(자가 사용자)에게 소매 하는 산업활동을 포함한다.","광택제 소매|단열재 소매|묘석 소매|물탱크 소매|벽돌, 타일, 대리석 소매|위생용 도자기제품 소매|스티로폼 및 합판 소매|조립식 건축자재 소매|창호 및 문 소매",주방용 유리용기 소매,"철근, 각종 타일, 위생용도기","광택제|단열재|묘석|물탱크|벽돌, 타일, 대리석|위생용 도자기제품|스티로폼 및 합판|조립식 건축자재|창호 및 문",조립|건설|소매,,KSIC 11차 (2024),True
523494,"페인트, 창호 및 기타 건설자재 소매업","도매 및 소매업 > 소매업; 자동차 제외 > 기타 생활용품 소매업 > 철물, 공구, 창호 및 건설자재 소매업 > 페인트, 창호 및 기타 건설자재 소매업",도매 및 소매업,소매업; 자동차 제외,기타 생활용품 소매업,"철물, 공구, 창호 및 건설자재 소매업",47519,"페인트, 창호 및 기타 건설자재 소매업","페인트, 창호 및 기타 건설자재를 일반 소비자(자가 사용자)에게 소매 하는 산업활동을 포함한다.","광택제 소매|단열재 소매|묘석 소매|물탱크 소매|벽돌, 타일, 대리석 소매|위생용 도자기제품 소매|스티로폼 및 합판 소매|조립식 건축자재 소매|창호 및 문 소매",주방용 유리용기 소매,"하드보드, 목재류","광택제|단열재|묘석|물탱크|벽돌, 타일, 대리석|위생용 도자기제품|스티로폼 및 합판|조립식 건축자재|창호 및 문",조립|건설|소매,,KSIC 11차 (2024),True
523499,"페인트, 창호 및 기타 건설자재 소매업","도매 및 소매업 > 소매업; 자동차 제외 > 기타 생활용품 소매업 > 철물, 공구, 창호 및 건설자재 소매업 > 페인트, 창호 및 기타 건설자재 소매업",도매 및 소매업,소매업; 자동차 제외,기타 생활용품 소매업,"철물, 공구, 창호 및 건설자재 소매업",47519,"페인트, 창호 및 기타 건설자재 소매업","페인트, 창호 및 기타 건설자재를 일반 소비자(자가 사용자)에게 소매 하는 산업활동을 포함한다.","광택제 소매|단열재 소매|묘석 소매|물탱크 소매|벽돌, 타일, 대리석 소매|위생용 도자기제품 소매|스티로폼 및 합판 소매|조립식 건축자재 소매|창호 및 문 소매",주방용 유리용기 소매,,"광택제|단열재|묘석|물탱크|벽돌, 타일, 대리석|위생용 도자기제품|스티로폼 및 합판|조립식 건축자재|창호 및 문",조립|건설|소매,,KSIC 11차 (2024),True
523511,"서적, 신문 및 잡지류 소매업","도매 및 소매업 > 소매업; 자동차 제외 > 문화, 오락 및 여가 용품 소매업 > 서적 및 문구용품 소매업 > 서적, 신문 및 잡지류 소매업",도매 및 소매업,소매업; 자동차 제외,"문화, 오락 및 여가 용품 소매업",서적 및 문구용품 소매업,47611,"서적, 신문 및 잡지류 소매업","각종 서적, 신문, 잡지 및 각종 인쇄물을 소매하는 산업활동을 말한다.","서점 및 잡지 소매점|외국 서적 및 어학 교재 소매|회화 테이프 소매|달력(캘린더), 복제 사진 및 연하장 소매",범용성 소프트웨어 소매 도매 및 소매업|음반 및 비디오 기록물 소매,,"서점 및 잡지 소매점|외국 서적 및 어학 교재|회화 테이프|달력(캘린더), 복제 사진 및 연하장",인쇄|소매,,KSIC 11차 (2024),True
523520,문구용품 및 회화용품 소매업,"도매 및 소매업 > 소매업; 자동차 제외 > 문화, 오락 및 여가 용품 소매업 > 서적 및 문구용품 소매업 > 문구용품 및 회화용품 소매업",도매 및 소매업,소매업; 자동차 제외,"문화, 오락 및 여가 용품 소매업",서적 및 문구용품 소매업,47612,문구용품 및 회화용품 소매업,"문구용구, 필기용구와 회화용품을 소매하는 산업활동을 말한다.","노트, 일기장, 앨범 소매|물감, 크레용, 붓 소매 G|인쇄 용지 또는 필기 용지 소매|공테이프, 공CD, 공디스켓 소매|풀, 접착 테이프 소매",,,"노트, 일기장, 앨범|물감, 크레용, 붓 소매 G|인쇄 용지 또는 필기 용지|공테이프, 공CD, 공디스켓|풀, 접착 테이프",인쇄|소매,,KSIC 11차 (2024),True
523521,"서적, 신문 및 잡지류 소매업","도매 및 소매업 > 소매업; 자동차 제외 > 문화, 오락 및 여가 용품 소매업 > 서적 및 문구용품 소매업 > 서적, 신문 및 잡지류 소매업",도매 및 소매업,소매업; 자동차 제외,"문화, 오락 및 여가 용품 소매업",서적 및 문구용품 소매업,47611,"서적, 신문 및 잡지류 소매업","각종 서적, 신문, 잡지 및 각종 인쇄물을 소매하는 산업활동을 말한다.","서점 및 잡지 소매점|외국 서적 및 어학 교재 소매|회화 테이프 소매|달력(캘린더), 복제 사진 및 연하장 소매",범용성 소프트웨어 소매 도매 및 소매업|음반 및 비디오 기록물 소매,교구,"서점 및 잡지 소매점|외국 서적 및 어학 교재|회화 테이프|달력(캘린더), 복제 사진 및 연하장",인쇄|소매,,KSIC 11차 (2024),True
523531,"컴퓨터 및 주변장치, 소프트웨어 소매업","도매 및 소매업 > 소매업; 자동차 제외 > 가전제품 및 정보 통신장비 소매업 > 컴퓨터 및 주변장치, 소프트웨어 및 통신기기 소매업 > 컴퓨터 및 주변장치, 소프트웨어 소매업",도매 및 소매업,소매업; 자동차 제외,가전제품 및 정보 통신장비 소매업,"컴퓨터 및 주변장치, 소프트웨어 및 통신기기 소매업",47311,"컴퓨터 및 주변장치, 소프트웨어 소매업",컴퓨터 및 주변 기기류와 범용성 소프트웨어를 소매하는 산업활동을 말한다.,컴퓨터 소매|범용성 소프트웨어 소매|프린트기 소매|바코드 리더기 소매,,,컴퓨터|범용성 소프트웨어|프린트기|바코드 리더기,소매,,KSIC 11차 (2024),True
523532,사무용 기기 소매업,"도매 및 소매업 > 소매업; 자동차 제외 > 기타 상품 전문 소매업 > 사무용 기기, 안경, 사진장비 및 정밀기기 소매업 > 사무용 기기 소매업",도매 및 소매업,소매업; 자동차 제외,기타 상품 전문 소매업,"사무용 기기, 안경, 사진장비 및 정밀기기 소매업",47821,사무용 기기 소매업,사무용 기기를 소매하는 산업활동을 말한다.,계산기 소매|복사기 소매|금전 등록기 소매|팩시밀리 소매|타자기 소매,사무용 가구 소매,,계산기|복사기|금전 등록기|팩시밀리|타자기,소매,,KSIC 11차 (2024),True
523541,안경 및 렌즈 소매업,"도매 및 소매업 > 소매업; 자동차 제외 > 기타 상품 전문 소매업 > 사무용 기기, 안경, 사진장비 및 정밀기기 소매업 > 안경 및 렌즈 소매업",도매 및 소매업,소매업; 자동차 제외,기타 상품 전문 소매업,"사무용 기기, 안경, 사진장비 및 정밀기기 소매업",47822,안경 및 렌즈 소매업,"콘택트 렌즈, 선글라스를 포함하여 각종 안경 및 렌즈를 소매하는 산 업활동을 말한다.",,,,안경 및 렌즈,소매,,KSIC 11차 (2024),True
523550,사진기 및 사진용품 소매업,"도매 및 소매업 > 소매업; 자동차 제외 > 기타 상품 전문 소매업 > 사무용 기기, 안경, 사진장비 및 정밀기기 소매업 > 사진기 및 사진용품 소매업",도매 및 소매업,소매업; 자동차 제외,기타 상품 전문 소매업,"사무용 기기, 안경, 사진장비 및 정밀기기 소매업",47823,사진기 및 사진용품 소매업,사진기 및 사진용품을 소매하는 산업활동을 말한다.,사진기 소매|사진용 화학 물질 소매|사진 필름 소매|사진 장비 소매,,,사진기|사진용 화학 물질|사진 필름|사진 장비,소매,,KSIC 11차 (2024),True
523552,기타 광학 및 정밀 기기 소매업,"도매 및 소매업 > 소매업; 자동차 제외 > 기타 상품 전문 소매업 > 사무용 기기, 안경, 사진장비 및 정밀기기 소매업 > 기타 광학 및 정밀 기기 소매업",도매 및 소매업,소매업; 자동차 제외,기타 상품 전문 소매업,"사무용 기기, 안경, 사진장비 및 정밀기기 소매업",47829,기타 광학 및 정밀 기기 소매업,각종 광학용품 및 정밀 기기를 소매하는 산업활동을 말한다.,정밀 기기 소매|현미경 소매|쌍안경 및 망원경 소매|영사기 소매|프리즘 소매|측량기 소매,안경 및 렌즈 소매|카메라(사진용) 소매,,정밀 기기|현미경|쌍안경 및 망원경|영사기|프리즘|측량기,소매,,KSIC 11차 (2024),True
523611,가정용 고체 연료 소매업,도매 및 소매업 > 소매업; 자동차 제외 > 연료 소매업 > 가정용 연료 소매업 > 가정용 고체 연료 소매업,도매 및 소매업,소매업; 자동차 제외,연료 소매업,가정용 연료 소매업,47721,가정용 고체 연료 소매업,연탄 및 기타 고체 연료를 소매하는 산업활동을 말한다.,착화탄(번개탄) 소매|연탄 소매|화목 및 목탄 소매|구공탄 소매,,연탄,착화탄(번개탄)|연탄|화목 및 목탄|구공탄,소매,,KSIC 11차 (2024),True
523612,가정용 고체 연료 소매업,도매 및 소매업 > 소매업; 자동차 제외 > 연료 소매업 > 가정용 연료 소매업 > 가정용 고체 연료 소매업,도매 및 소매업,소매업; 자동차 제외,연료 소매업,가정용 연료 소매업,47721,가정용 고체 연료 소매업,연탄 및 기타 고체 연료를 소매하는 산업활동을 말한다.,착화탄(번개탄) 소매|연탄 소매|화목 및 목탄 소매|구공탄 소매,,"무연탄, 연탄을 제외한 석탄연료, 유연탄, 토탄",착화탄(번개탄)|연탄|화목 및 목탄|구공탄,소매,,KSIC 11차 (2024),True
523619,가정용 고체 연료 소매업,도매 및 소매업 > 소매업; 자동차 제외 > 연료 소매업 > 가정용 연료 소매업 > 가정용 고체 연료 소매업,도매 및 소매업,소매업; 자동차 제외,연료 소매업,가정용 연료 소매업,47721,가정용 고체 연료 소매업,연탄 및 기타 고체 연료를 소매하는 산업활동을 말한다.,착화탄(번개탄) 소매|연탄 소매|화목 및 목탄 소매|구공탄 소매,,,착화탄(번개탄)|연탄|화목 및 목탄|구공탄,소매,,KSIC 11차 (2024),True
523621,가정용 액체 연료 소매업,도매 및 소매업 > 소매업; 자동차 제외 > 연료 소매업 > 가정용 연료 소매업 > 가정용 액체 연료 소매업,도매 및 소매업,소매업; 자동차 제외,연료 소매업,가정용 연료 소매업,47722,가정용 액체 연료 소매업,"조명, 난방 및 취사용 유류 및 기타 액체연료를 소매하는 산업활동을 말한다.",휘발유 소매|석유 및 등유 소매|경유 소매|벙커유 소매,차량용 액체 연료 소매,,휘발유|석유 및 등유|경유|벙커유,소매,,KSIC 11차 (2024),True
523630,가정용 가스 연료 소매업,도매 및 소매업 > 소매업; 자동차 제외 > 연료 소매업 > 가정용 연료 소매업 > 가정용 가스 연료 소매업,도매 및 소매업,소매업; 자동차 제외,연료 소매업,가정용 연료 소매업,47723,가정용 가스 연료 소매업,가정 소비용 가스를 직접 충전하여 주거나 용기에 충전된 가정용 가 스 연료를 소매하는 산업활동을 말한다.,부탄 가스 소매|프로판 가스 소매|액화 석유 가스(LPG) 소매|액화 천연 가스(LNG) 소매,차량용 기체 연료 소매,,부탄 가스|프로판 가스|액화 석유 가스(LPG)|액화 천연 가스(LNG),소매,,KSIC 11차 (2024),True
523910,"벽지, 마루덮개 및 장판류 소매업","도매 및 소매업 > 소매업; 자동차 제외 > 기타 생활용품 소매업 > 철물, 공구, 창호 및 건설자재 소매업 > 벽지, 마루덮개 및 장판류 소매업",도매 및 소매업,소매업; 자동차 제외,기타 생활용품 소매업,"철물, 공구, 창호 및 건설자재 소매업",47513,"벽지, 마루덮개 및 장판류 소매업","각종 벽지, 창호지, 장판지, 바닥재, 마루덮개 등을 소매하는 산업활동 을 말한다. 매",벽지 소매|창호지 소매|마루덮개 소매|장판지 소매|화문석 소매|비닐 장판 및 모노륨 등 바닥재 소매,,,벽지|창호지|마루덮개|장판지|화문석|비닐 장판 및 모노륨 등 바닥재,소매,,KSIC 11차 (2024),True
523921,시계 및 귀금속 소매업,도매 및 소매업 > 소매업; 자동차 제외 > 기타 상품 전문 소매업 > 시계 및 귀금속 소매업,도매 및 소매업,소매업; 자동차 제외,기타 상품 전문 소매업,시계 및 귀금속 소매업,47830,시계 및 귀금속 소매업,"시계와 귀금속, 귀석 및 준귀석의 장신구를 소매하는 산업활동을 말 한다.",시계(손목|탁상시계) 소매|은 세공품 소매|옥제품 소매|귀금속제 반지|귀걸이 소매,,제품화하거나 세공하지 않은 황금,시계(손목|탁상시계)|은 세공품|옥제품|귀금속제 반지|귀걸이,소매,,KSIC 11차 (2024),True
523922,시계 및 귀금속 소매업,도매 및 소매업 > 소매업; 자동차 제외 > 기타 상품 전문 소매업 > 시계 및 귀금속 소매업,도매 및 소매업,소매업; 자동차 제외,기타 상품 전문 소매업,시계 및 귀금속 소매업,47830,시계 및 귀금속 소매업,"시계와 귀금속, 귀석 및 준귀석의 장신구를 소매하는 산업활동을 말 한다.",시계(손목|탁상시계) 소매|은 세공품 소매|옥제품 소매|귀금속제 반지|귀걸이 소매,,귀금속,시계(손목|탁상시계)|은 세공품|옥제품|귀금속제 반지|귀걸이,소매,,KSIC 11차 (2024),True
523923,시계 및 귀금속 소매업,도매 및 소매업 > 소매업; 자동차 제외 > 기타 상품 전문 소매업 > 시계 및 귀금속 소매업,도매 및 소매업,소매업; 자동차 제외,기타 상품 전문 소매업,시계 및 귀금속 소매업,47830,시계 및 귀금속 소매업,"시계와 귀금속, 귀석 및 준귀석의 장신구를 소매하는 산업활동을 말 한다.",시계(손목|탁상시계) 소매|은 세공품 소매|옥제품 소매|귀금속제 반지|귀걸이 소매,,시계,시계(손목|탁상시계)|은 세공품|옥제품|귀금속제 반지|귀걸이,소매,,KSIC 11차 (2024),True
523931,운동 및 경기용품 소매업,"도매 및 소매업 > 소매업; 자동차 제외 > 문화, 오락 및 여가 용품 소매업 > 운동용품 및 자전거 소매업 > 운동 및 경기용품 소매업",도매 및 소매업,소매업; 자동차 제외,"문화, 오락 및 여가 용품 소매업",운동용품 및 자전거 소매업,47631,운동 및 경기용품 소매업,"운동, 스포츠 및 경기용품을 소매하는 산업활동을 말한다.","등산 장비(텐트, 등산화 포함) 소매|펜싱, 검도 장비 소매|헬스 기구 소매|코트 및 필드경기 장비 소매",낚시장비 소매,골프장비,"등산 장비(텐트, 등산화 포함)|펜싱, 검도 장비|헬스 기구|코트 및 필드경기 장비",소매|스포츠,,KSIC 11차 (2024),True
523932,운동 및 경기용품 소매업,"도매 및 소매업 > 소매업; 자동차 제외 > 문화, 오락 및 여가 용품 소매업 > 운동용품 및 자전거 소매업 > 운동 및 경기용품 소매업",도매 및 소매업,소매업; 자동차 제외,"문화, 오락 및 여가 용품 소매업",운동용품 및 자전거 소매업,47631,운동 및 경기용품 소매업,"운동, 스포츠 및 경기용품을 소매하는 산업활동을 말한다.","등산 장비(텐트, 등산화 포함) 소매|펜싱, 검도 장비 소매|헬스 기구 소매|코트 및 필드경기 장비 소매",낚시장비 소매,,"등산 장비(텐트, 등산화 포함)|펜싱, 검도 장비|헬스 기구|코트 및 필드경기 장비",소매|스포츠,,KSIC 11차 (2024),True
523935,기타 의복 소매업,"도매 및 소매업 > 소매업; 자동차 제외 > 섬유, 의복, 신발 및 가죽제품 소매업 > 의복 소매업 > 기타 의복 소매업",도매 및 소매업,소매업; 자동차 제외,"섬유, 의복, 신발 및 가죽제품 소매업",의복 소매업,47419,기타 의복 소매업,"남녀용 운동복, 교복, 제복, 단체복, 작업복, 근무복, 수영복 등을 소매 하는 산업활동을 말한다.","체육복, 교복 소매|단체복, 작업복 소매|수영복 소매",,등산용의류,"체육복, 교복|단체복, 작업복|수영복",소매,,KSIC 11차 (2024),True
523936,기타 의복 소매업,"도매 및 소매업 > 소매업; 자동차 제외 > 섬유, 의복, 신발 및 가죽제품 소매업 > 의복 소매업 > 기타 의복 소매업",도매 및 소매업,소매업; 자동차 제외,"섬유, 의복, 신발 및 가죽제품 소매업",의복 소매업,47419,기타 의복 소매업,"남녀용 운동복, 교복, 제복, 단체복, 작업복, 근무복, 수영복 등을 소매 하는 산업활동을 말한다.","체육복, 교복 소매|단체복, 작업복 소매|수영복 소매",,스포츠의류,"체육복, 교복|단체복, 작업복|수영복",소매,,KSIC 11차 (2024),True
523940,"게임용구, 인형 및 장난감 소매업","도매 및 소매업 > 소매업; 자동차 제외 > 문화, 오락 및 여가 용품 소매업 > 게임용구, 인형 및 장난감 소매업",도매 및 소매업,소매업; 자동차 제외,"문화, 오락 및 여가 용품 소매업","게임용구, 인형 및 장난감 소매업",47640,"게임용구, 인형 및 장난감 소매업",오락용 게임용구 및 장비와 각종 재료의 인형 및 장난감을 소매하는 산업활동을 말한다.,"낚시장비 소매|게임기 및 게임팩(game pack) 소매|당구장비 소매|바둑용구 소매|화투, 트럼프 소매|조립 완구 소매",,,"낚시장비|게임기 및 게임팩(game pack)|당구장비|바둑용구|화투, 트럼프|조립 완구",조립|소매|오락,,KSIC 11차 (2024),True
523951,예술품 및 골동품 소매업,"도매 및 소매업 > 소매업; 자동차 제외 > 기타 상품 전문 소매업 > 예술품, 기념품 및 장식용품 소매업 > 예술품 및 골동품 소매업",도매 및 소매업,소매업; 자동차 제외,기타 상품 전문 소매업,"예술품, 기념품 및 장식용품 소매업",47841,예술품 및 골동품 소매업,"미술품, 공예품, 예술품 등 각종 창작 예술품을 소매하는 산업활동을 말한다. 가정용으로 사용되는 도자기 등과 같이 예술적 성격을 가지 지 않는 상품은 제외한다.","그림 소매|조각품 소매|장식용 도자기 소매|미술품 소매(화랑)|목조 공예품 소매|고려청자, 이조백자 등 소매|고서적 소매(일반 중고 서적 제외)",,,"그림|조각품|장식용 도자기|미술품 소매(화랑)|목조 공예품|고려청자, 이조백자 등|고서적 소매(일반 중고 서적 제외)",소매|창작,,KSIC 11차 (2024),True
523952,예술품 및 골동품 소매업,"도매 및 소매업 > 소매업; 자동차 제외 > 기타 상품 전문 소매업 > 예술품, 기념품 및 장식용품 소매업 > 예술품 및 골동품 소매업",도매 및 소매업,소매업; 자동차 제외,기타 상품 전문 소매업,"예술품, 기념품 및 장식용품 소매업",47841,예술품 및 골동품 소매업,"미술품, 공예품, 예술품 등 각종 창작 예술품을 소매하는 산업활동을 말한다. 가정용으로 사용되는 도자기 등과 같이 예술적 성격을 가지 지 않는 상품은 제외한다.","그림 소매|조각품 소매|장식용 도자기 소매|미술품 소매(화랑)|목조 공예품 소매|고려청자, 이조백자 등 소매|고서적 소매(일반 중고 서적 제외)",,화랑(미술품),"그림|조각품|장식용 도자기|미술품 소매(화랑)|목조 공예품|고려청자, 이조백자 등|고서적 소매(일반 중고 서적 제외)",소매|창작,,KSIC 11차 (2024),True
523954,그 외 기타 분류 안된 상품 전문 소매업,도매 및 소매업 > 소매업; 자동차 제외 > 기타 상품 전문 소매업 > 그 외 기타 상품 전문 소매업 > 그 외 기타 분류 안된 상품 전문 소매업,도매 및 소매업,소매업; 자동차 제외,기타 상품 전문 소매업,그 외 기타 상품 전문 소매업,47859,그 외 기타 분류 안된 상품 전문 소매업,달리 분류되지 않은 특정 상품 신품을 소매하는 산업활동을 포함한다.,수석점|총포 소매|한약재료 소매|비전기식 재봉기 소매,,수석,수석점|총포|한약재료|비전기식 재봉기,소매,,KSIC 11차 (2024),True
523961,"기념품, 관광 민예품 및 장식용품 소매업","도매 및 소매업 > 소매업; 자동차 제외 > 기타 상품 전문 소매업 > 예술품, 기념품 및 장식용품 소매업 > 기념품, 관광 민예품 및 장식용품 소매업",도매 및 소매업,소매업; 자동차 제외,기타 상품 전문 소매업,"예술품, 기념품 및 장식용품 소매업",47842,"기념품, 관광 민예품 및 장식용품 소매업","각종 기념품, 조화, 관광 민예품 및 장식용품 등을 소매하는 산업활동 을 말한다.","기념품 및 기념 메달 소매|모조 장식품 소매|크리스마스 트리 장식품(전구 제외) 소매|선물가게|조화 소매|휘장(귀금속제 제외) 소매|액자(그림, 사진 등 내장품) 소매|박제(동물) 소매",,,"기념품 및 기념 메달|모조 장식품|크리스마스 트리 장식품(전구 제외)|선물가게|조화|휘장(귀금속제 제외)|액자(그림, 사진 등 내장품)|박제(동물)",소매|리스,,KSIC 11차 (2024),True
523970,자전거 및 기타 운송장비 소매업,"도매 및 소매업 > 소매업; 자동차 제외 > 문화, 오락 및 여가 용품 소매업 > 운동용품 및 자전거 소매업 > 자전거 및 기타 운송장비 소매업",도매 및 소매업,소매업; 자동차 제외,"문화, 오락 및 여가 용품 소매업",운동용품 및 자전거 소매업,47632,자전거 및 기타 운송장비 소매업,자전거 등 기타 개인용 운송장비를 소매하는 산업활동을 말한다. 자 전거 소매와 수리를 병행하는 경우도 포함한다.,자전거 및 자전거 부품 소매|개인용 비동력식 운송장비 소매|유모차 소매,자동차 및 이륜 자동차 소매,,자전거 및 자전거 부품|개인용 비동력식 운송장비|유모차,소매|운송|수리,,KSIC 11차 (2024),True
523980,음반 및 비디오물 소매업,"도매 및 소매업 > 소매업; 자동차 제외 > 문화, 오락 및 여가 용품 소매업 > 음반 및 비디오물 소매업",도매 및 소매업,소매업; 자동차 제외,"문화, 오락 및 여가 용품 소매업",음반 및 비디오물 소매업,47620,음반 및 비디오물 소매업,"음악 및 영상물을 수록한 테이프, 레코드, CD, DVD 등을 소매하는 산업활동을 말한다.",음악 테이프 소매|음악 콤팩트 디스크 소매|비디오 테이프 소매|비디오 콤팩트 디스크 소매,"음악, 비디오 이외의 기록 매체 출판물 소매|범용성 소프트웨어 소매|공테이프, 공CD, 공디스크, 공플로피 디스켓 소매|음악 파일 내려 받기(다운로드) 서비스",,음악 테이프|음악 콤팩트 디스크|비디오 테이프|비디오 콤팩트 디스크,소매,,KSIC 11차 (2024),True
523981,그 외 기타 분류 안된 가정용품 소매업,도매 및 소매업 > 소매업; 자동차 제외 > 기타 생활용품 소매업 > 그 외 기타 가정용품 소매업 > 그 외 기타 분류 안된 가정용품 소매업,도매 및 소매업,소매업; 자동차 제외,기타 생활용품 소매업,그 외 기타 가정용품 소매업,47599,그 외 기타 분류 안된 가정용품 소매업,기타 가정용 기기 및 용품 등을 소매하는 산업활동을 말한다.,우산 및 양산 소매|파라솔 소매|대나무 소재 가정용품(화문석 등 마루덮개 제외) 소매|야외용 돗자리 소매(직물제품 제외)|비닐백 및 쇼핑백 소매,"가스 스토브, 가스 및 기름 보일러 소매|화문석 소매","우산, 양산",우산 및 양산|파라솔|대나무 소재 가정용품(화문석 등 마루덮개 제외)|야외용 돗자리 소매(직물제품 제외)|비닐백 및 쇼핑백,소매,,KSIC 11차 (2024),True
523982,그 외 기타 분류 안된 가정용품 소매업,도매 및 소매업 > 소매업; 자동차 제외 > 기타 생활용품 소매업 > 그 외 기타 가정용품 소매업 > 그 외 기타 분류 안된 가정용품 소매업,도매 및 소매업,소매업; 자동차 제외,기타 생활용품 소매업,그 외 기타 가정용품 소매업,47599,그 외 기타 분류 안된 가정용품 소매업,기타 가정용 기기 및 용품 등을 소매하는 산업활동을 말한다.,우산 및 양산 소매|파라솔 소매|대나무 소재 가정용품(화문석 등 마루덮개 제외) 소매|야외용 돗자리 소매(직물제품 제외)|비닐백 및 쇼핑백 소매,"가스 스토브, 가스 및 기름 보일러 소매|화문석 소매",이ㆍ 미용기구,우산 및 양산|파라솔|대나무 소재 가정용품(화문석 등 마루덮개 제외)|야외용 돗자리 소매(직물제품 제외)|비닐백 및 쇼핑백,소매,,KSIC 11차 (2024),True
523983,문구용품 및 회화용품 소매업,"도매 및 소매업 > 소매업; 자동차 제외 > 문화, 오락 및 여가 용품 소매업 > 서적 및 문구용품 소매업 > 문구용품 및 회화용품 소매업",도매 및 소매업,소매업; 자동차 제외,"문화, 오락 및 여가 용품 소매업",서적 및 문구용품 소매업,47612,문구용품 및 회화용품 소매업,"문구용구, 필기용구와 회화용품을 소매하는 산업활동을 말한다.","노트, 일기장, 앨범 소매|물감, 크레용, 붓 소매 G|인쇄 용지 또는 필기 용지 소매|공테이프, 공CD, 공디스켓 소매|풀, 접착 테이프 소매",,도장(인장류),"노트, 일기장, 앨범|물감, 크레용, 붓 소매 G|인쇄 용지 또는 필기 용지|공테이프, 공CD, 공디스켓|풀, 접착 테이프",인쇄|소매,,KSIC 11차 (2024),True
523984,그 외 기타 분류 안된 상품 전문 소매업,도매 및 소매업 > 소매업; 자동차 제외 > 기타 상품 전문 소매업 > 그 외 기타 상품 전문 소매업 > 그 외 기타 분류 안된 상품 전문 소매업,도매 및 소매업,소매업; 자동차 제외,기타 상품 전문 소매업,그 외 기타 상품 전문 소매업,47859,그 외 기타 분류 안된 상품 전문 소매업,달리 분류되지 않은 특정 상품 신품을 소매하는 산업활동을 포함한다.,수석점|총포 소매|한약재료 소매|비전기식 재봉기 소매,,우표,수석점|총포|한약재료|비전기식 재봉기,소매,,KSIC 11차 (2024),True
523985,그 외 기타 분류 안된 상품 전문 소매업,도매 및 소매업 > 소매업; 자동차 제외 > 기타 상품 전문 소매업 > 그 외 기타 상품 전문 소매업 > 그 외 기타 분류 안된 상품 전문 소매업,도매 및 소매업,소매업; 자동차 제외,기타 상품 전문 소매업,그 외 기타 상품 전문 소매업,47859,그 외 기타 분류 안된 상품 전문 소매업,달리 분류되지 않은 특정 상품 신품을 소매하는 산업활동을 포함한다.,수석점|총포 소매|한약재료 소매|비전기식 재봉기 소매,,인지,수석점|총포|한약재료|비전기식 재봉기,소매,,KSIC 11차 (2024),True
523986,그 외 기타 분류 안된 상품 전문 소매업,도매 및 소매업 > 소매업; 자동차 제외 > 기타 상품 전문 소매업 > 그 외 기타 상품 전문 소매업 > 그 외 기타 분류 안된 상품 전문 소매업,도매 및 소매업,소매업; 자동차 제외,기타 상품 전문 소매업,그 외 기타 상품 전문 소매업,47859,그 외 기타 분류 안된 상품 전문 소매업,달리 분류되지 않은 특정 상품 신품을 소매하는 산업활동을 포함한다.,수석점|총포 소매|한약재료 소매|비전기식 재봉기 소매,,소방기구,수석점|총포|한약재료|비전기식 재봉기,소매,,KSIC 11차 (2024),True
523987,화초 및 식물 소매업,도매 및 소매업 > 소매업; 자동차 제외 > 기타 상품 전문 소매업 > 그 외 기타 상품 전문 소매업 > 화초 및 식물 소매업,도매 및 소매업,소매업; 자동차 제외,기타 상품 전문 소매업,그 외 기타 상품 전문 소매업,47851,화초 및 식물 소매업,"화초 및 살아있는 식물, 종묘 등을 소매하는 산업활동을 말한다.",분재류 소매|잔디 소매|난 및 꽃 소매|관상수 및 조경수 소매|종묘 소매,,종자,분재류|잔디|난 및 꽃|관상수 및 조경수|종묘,소매,,KSIC 11차 (2024),True
523988,화초 및 식물 소매업,도매 및 소매업 > 소매업; 자동차 제외 > 기타 상품 전문 소매업 > 그 외 기타 상품 전문 소매업 > 화초 및 식물 소매업,도매 및 소매업,소매업; 자동차 제외,기타 상품 전문 소매업,그 외 기타 상품 전문 소매업,47851,화초 및 식물 소매업,"화초 및 살아있는 식물, 종묘 등을 소매하는 산업활동을 말한다.",분재류 소매|잔디 소매|난 및 꽃 소매|관상수 및 조경수 소매|종묘 소매,,,분재류|잔디|난 및 꽃|관상수 및 조경수|종묘,소매,,KSIC 11차 (2024),True
523990,기타 여행 보조 및 예약 서비스업,"사업시설 관리, 사업 지원 및 임대 서비스업 > 사업 지원 서비스업 > 여행사 및 기타 여행 보조 서비스업 > 기타 여행 보조 및 예약 서비스업","사업시설 관리, 사업 지원 및 임대 서비스업",사업 지원 서비스업,여행사 및 기타 여행 보조 서비스업,기타 여행 보조 및 예약 서비스업,75290,기타 여행 보조 및 예약 서비스업,기타 여행 지원 서비스업을 수행하는 산업활동을 말한다.,관광 안내소|카풀체계 운영|매표 대리(여객 자동차 매표 대리 포함)|숙식 알선|여행자 가이드(안내) 서비스|숙박 예약 대리,,버스표,관광 안내소|카풀체계|매표 대리(여객 자동차 매표 대리 포함)|숙식|여행자 가이드(안내)|숙박 예약 대리,알선|숙박,,KSIC 11차 (2024),True
523993,가방 및 기타 가죽제품 소매업,"도매 및 소매업 > 소매업; 자동차 제외 > 섬유, 의복, 신발 및 가죽제품 소매업 > 가방 및 기타 가죽제품 소매업",도매 및 소매업,소매업; 자동차 제외,"섬유, 의복, 신발 및 가죽제품 소매업",가방 및 기타 가죽제품 소매업,47440,가방 및 기타 가죽제품 소매업,가방 및 기타 가죽제품을 전문적으로 소매하는 산업활동을 말한다.,핸드백 및 지갑 소매|트렁크 소매|보호용 케이스 소매,장갑 및 의복 벨트 소매,피혁류,핸드백 및 지갑|트렁크|보호용 케이스,소매,,KSIC 11차 (2024),True
523994,그 외 기타 분류 안된 상품 전문 소매업,도매 및 소매업 > 소매업; 자동차 제외 > 기타 상품 전문 소매업 > 그 외 기타 상품 전문 소매업 > 그 외 기타 분류 안된 상품 전문 소매업,도매 및 소매업,소매업; 자동차 제외,기타 상품 전문 소매업,그 외 기타 상품 전문 소매업,47859,그 외 기타 분류 안된 상품 전문 소매업,달리 분류되지 않은 특정 상품 신품을 소매하는 산업활동을 포함한다.,수석점|총포 소매|한약재료 소매|비전기식 재봉기 소매,,살충제 등 농업용약품,수석점|총포|한약재료|비전기식 재봉기,소매,,KSIC 11차 (2024),True
523995,그 외 기타 분류 안된 상품 전문 소매업,도매 및 소매업 > 소매업; 자동차 제외 > 기타 상품 전문 소매업 > 그 외 기타 상품 전문 소매업 > 그 외 기타 분류 안된 상품 전문 소매업,도매 및 소매업,소매업; 자동차 제외,기타 상품 전문 소매업,그 외 기타 상품 전문 소매업,47859,그 외 기타 분류 안된 상품 전문 소매업,달리 분류되지 않은 특정 상품 신품을 소매하는 산업활동을 포함한다.,수석점|총포 소매|한약재료 소매|비전기식 재봉기 소매,,비료,수석점|총포|한약재료|비전기식 재봉기,소매,,KSIC 11차 (2024),True
523996,반려용동물 및 관련용품 소매업,도매 및 소매업 > 소매업; 자동차 제외 > 기타 상품 전문 소매업 > 그 외 기타 상품 전문 소매업 > 반려용동물 및 관련용품 소매업,도매 및 소매업,소매업; 자동차 제외,기타 상품 전문 소매업,그 외 기타 상품 전문 소매업,47852,반려용동물 및 관련용품 소매업,반려용․애완용 동물 및 관련 용품을 소매하는 산업활동을 말한다.,반려|애완 동물 소매|반려용|애완용 동물 사료 소매|관상어(열대어 등) 소매,가축용 사료 소매,,반려|애완 동물|반려용|애완용 동물 사료|관상어(열대어 등),소매,,KSIC 11차 (2024),True
523999,그 외 기타 분류 안된 상품 전문 소매업,도매 및 소매업 > 소매업; 자동차 제외 > 기타 상품 전문 소매업 > 그 외 기타 상품 전문 소매업 > 그 외 기타 분류 안된 상품 전문 소매업,도매 및 소매업,소매업; 자동차 제외,기타 상품 전문 소매업,그 외 기타 상품 전문 소매업,47859,그 외 기타 분류 안된 상품 전문 소매업,달리 분류되지 않은 특정 상품 신품을 소매하는 산업활동을 포함한다.,수석점|총포 소매|한약재료 소매|비전기식 재봉기 소매,,,수석점|총포|한약재료|비전기식 재봉기,소매,,KSIC 11차 (2024),True
524000,의복 액세서리 및 모조 장신구 소매업,"도매 및 소매업 > 소매업; 자동차 제외 > 섬유, 의복, 신발 및 가죽제품 소매업 > 섬유, 직물 및 의복 액세서리 소매업 > 의복 액세서리 및 모조 장신구 소매업",도매 및 소매업,소매업; 자동차 제외,"섬유, 의복, 신발 및 가죽제품 소매업","섬유, 직물 및 의복 액세서리 소매업",47422,의복 액세서리 및 모조 장신구 소매업,"각종 의복 액세서리, 가발, 모조 장신구를 소매하는 산업활동을 말한다.","버클(요대) 소매|머리핀 소매|넥타이, 넥타이핀 소매|가발 소매|모자 및 장갑 소매|스카프, 머플러, 숄 소매|양말 및 스타킹 소매|귀걸이(귀금속 제외) 소매|모피제 의복 액세서리 소매|장갑 소매|단추 및 파스너(지퍼 등) 소매",모조 장식품 소매,가발,"버클(요대)|머리핀|넥타이, 넥타이핀|가발|모자 및 장갑|스카프, 머플러, 숄|양말 및 스타킹|귀걸이(귀금속 제외)|모피제 의복 액세서리|장갑|단추 및 파스너(지퍼 등)",소매,,KSIC 11차 (2024),True
524001,공구 소매업,"도매 및 소매업 > 소매업; 자동차 제외 > 기타 생활용품 소매업 > 철물, 공구, 창호 및 건설자재 소매업 > 공구 소매업",도매 및 소매업,소매업; 자동차 제외,기타 생활용품 소매업,"철물, 공구, 창호 및 건설자재 소매업",47512,공구 소매업,"비동력식 수공구 및 각종 수지식 동력 기계공구(전동공구, 절삭공구, 공작공구 등)를 소매하는 산업활동을 말한다. 도매 및 소매업",비동력식 수공구 소매업|전동공구 소매업|절삭공구 소매업|전동식 잔디 깎기 소매업,전기식 잔디 깎기 도매업,,비동력식 수공구|전동공구|절삭공구|전동식 잔디 깎기,도매|소매,,KSIC 11차 (2024),True
524010,중고 가구 소매업,도매 및 소매업 > 소매업; 자동차 제외 > 기타 상품 전문 소매업 > 중고 상품 소매업 > 중고 가구 소매업,도매 및 소매업,소매업; 자동차 제외,기타 상품 전문 소매업,중고 상품 소매업,47861,중고 가구 소매업,중고 가구를 소매하는 산업활동을 말한다.,중고 장롱 소매|중고 주방 가구 소매|중고 침대 소매|중고 등 가구 소매,,,중고 장롱|중고 주방 가구|중고 침대|중고 등 가구,소매,,KSIC 11차 (2024),True
524020,기타 중고 상품 소매업,도매 및 소매업 > 소매업; 자동차 제외 > 기타 상품 전문 소매업 > 중고 상품 소매업 > 기타 중고 상품 소매업,도매 및 소매업,소매업; 자동차 제외,기타 상품 전문 소매업,중고 상품 소매업,47869,기타 중고 상품 소매업,달리 분류되지 않은 각종 중고 상품을 전문적으로 소매하는 산업활동 을 포함한다.,중고 악기 소매|저당물 소매,,중고서적,중고 악기|저당물,소매,,KSIC 11차 (2024),True
524091,기타 중고 상품 소매업,도매 및 소매업 > 소매업; 자동차 제외 > 기타 상품 전문 소매업 > 중고 상품 소매업 > 기타 중고 상품 소매업,도매 및 소매업,소매업; 자동차 제외,기타 상품 전문 소매업,중고 상품 소매업,47869,기타 중고 상품 소매업,달리 분류되지 않은 각종 중고 상품을 전문적으로 소매하는 산업활동 을 포함한다.,중고 악기 소매|저당물 소매,,고철 등 각종고물,중고 악기|저당물,소매,,KSIC 11차 (2024),True
524092,중고 가전제품 및 통신장비 소매업,도매 및 소매업 > 소매업; 자동차 제외 > 기타 상품 전문 소매업 > 중고 상품 소매업 > 중고 가전제품 및 통신장비 소매업,도매 및 소매업,소매업; 자동차 제외,기타 상품 전문 소매업,중고 상품 소매업,47862,중고 가전제품 및 통신장비 소매업,"중고의 가정용 영상 기기, 음향 기기, 통신 기기, 전열 기기 등 가정 매 용 전기 기기를 소매하는 산업활동을 말한다.","중고 세탁기, 에어컨 소매|중고 전기 다리미 소매|중고 비디오, 오디오 소매|중고 전기 청소기 소매|중고 노래방 기기 소매|중고 휴대폰 소매",,,"중고 세탁기, 에어컨|중고 전기 다리미|중고 비디오, 오디오|중고 전기 청소기|중고 노래방 기기|중고 휴대폰",소매|통신|청소|세탁,,KSIC 11차 (2024),True
524093,기타 중고 상품 소매업,도매 및 소매업 > 소매업; 자동차 제외 > 기타 상품 전문 소매업 > 중고 상품 소매업 > 기타 중고 상품 소매업,도매 및 소매업,소매업; 자동차 제외,기타 상품 전문 소매업,중고 상품 소매업,47869,기타 중고 상품 소매업,달리 분류되지 않은 각종 중고 상품을 전문적으로 소매하는 산업활동 을 포함한다.,중고 악기 소매|저당물 소매,,,중고 악기|저당물,소매,,KSIC 11차 (2024),True
525101,전자상거래 소매업,도매 및 소매업 > 소매업; 자동차 제외 > 무점포 소매업 > 통신 판매업 > 전자상거래 소매업,도매 및 소매업,소매업; 자동차 제외,무점포 소매업,통신 판매업,47912,전자상거래 소매업,일반 대중을 대상으로 온라인 통신망을 통하여 각종 상품을 소매하는 산업활동을 말한다.,구입 상품 전자상거래 판매,전자상거래 중개,,구입 상품 전자상거래,소매|판매|전자상거래|통신,,KSIC 11차 (2024),True
525102,기타 통신 판매업,도매 및 소매업 > 소매업; 자동차 제외 > 무점포 소매업 > 통신 판매업 > 기타 통신 판매업,도매 및 소매업,소매업; 자동차 제외,무점포 소매업,통신 판매업,47919,기타 통신 판매업,온라인 통신망 이외의 기타 통신수단에 의하여 각종 상품을 소매하는 도 산업활동을 말한다.,"인쇄물 광고형 소매|카탈로그(상품안내서, catalog)형 소매|전화 소매|우편 소매|TV 홈쇼핑|통신 판매 중개",,,"인쇄물 광고형|카탈로그(상품안내서, catalog)형|전화|우편|TV 홈쇼핑|통신 판매",인쇄|소매|판매|중개|통신|광고,,KSIC 11차 (2024),True
525103,전자상거래 소매 중개업,도매 및 소매업 > 소매업; 자동차 제외 > 무점포 소매업 > 통신 판매업 > 전자상거래 소매 중개업,도매 및 소매업,소매업; 자동차 제외,무점포 소매업,통신 판매업,47911,전자상거래 소매 중개업,"사회 관계망 서비스(소셜 네트워크 서비스, SNS)를 통하여 일반 대 중을 대상으로 각종 상품을 소매할 수 있도록 중개하거나 개인 또는 소규모 업체가 온라인상에서 직접 상품을 등록해 판매할 수 있도록 만든 전자상거래 중개업무를 담당하는 산업활동을 말한다.",소셜 커머스(할인 쿠폰 공동 구매형 전자상거래 중개)|전자상거래 소매 중개(오픈마켓 사업자),,,소셜 커머스(할인 쿠폰 공동 구매형 전자상거래 중개)|전자상거래 소매 중개(오픈마켓 사업자),소매|판매|중개|전자상거래,,KSIC 11차 (2024),True
525104,SNS마켓,도매 및 소매업 > 소매업; 자동차 제외 > 무점포 소매업 > 통신 판매업 > SNS마켓,도매 및 소매업,소매업; 자동차 제외,무점포 소매업,통신 판매업,47911 | 47912,전자상거래 소매 중개업 | 전자상거래 소매업,,,,SNS마켓(전자상거래 소매중개업) | SNS마켓(전자상거래 소매업),SNS마켓,,,KSIC 11차 (2024),False
525105,해외직구대행업,도매 및 소매업 > 소매업; 자동차 제외 > 무점포 소매업 > 통신 판매업 > 해외직구대행업,도매 및 소매업,소매업; 자동차 제외,무점포 소매업,통신 판매업,47911 | 46101 | 46102 | 46103 | 46104 | 46105 | 46106 | 46107 | 46109,"전자상거래 소매 중개업 | 산업용 농ㆍ축산물, 섬유 원료 및 동물 중개업 | 음ㆍ식료품 및 담배 중개업 | 섬유, 의복, 신발 및 가죽제품 중개업 | 목재 및 건축자재 중개업 | 연료, 광물, 1차 금속, 비료 및 화학제품 중개업 | 기계 및 장비 중개업 | 그 외 기타 특정 상품 중개업 | 상품 종합 중개업","섬유 및 실, 섬유제품 및 의복, 신발, 가죽 및 모피제품 거래에 관련된 상품의 경매, 중개 또는 대리하는 산업활동을 말한다. / 제재목 및 합판․박판 등 건축용 목재 가공품, 자갈 및 모래, 벽돌 및 블록, 시멘트, 건축용 유리 및 창호제품 등의 거래에 관련된 상품의 경매, 중개 또는 대리하는 산업활동을 말한다. / 산업용 기계․장비, 선박, 항공기 등 기타 기계․장비 및 관련용품 거 래에 관련된 상품의 경매, 중개 또는 대리하는 산업활동을 말한다. 사 무용 기계 및 컴퓨터 거래 관련 중개업도 포함한다. / 기타 특정 상품의 거래에 관련된 경매, 대리 또는 중개를 수행하는 산업활동을 말한다. / 도매 및 소매업 타인의 계정으로 타인을 대신하여 각종 상품의 거래와 관련된 경매 또는 중개를 수행하는 산업활동을 말한다. 전체 중개활동에서 발생한 부가가치액 중 특정 상품에 대한 부가가치액 비중이 50% 미만인 경 우에 분류한다.","섬유 및 실 중개|섬유제품 및 의복 중개|가죽제품 중개|합판, 박판, 제재목 중개|골재, 벽돌, 시멘트 중개|유리 및 창호 중개|농업용 기계|장비 중개|반도체 기계|과학용 기구 및 장비 중개|선박 및 항공기 중개|사무용 기계 및 컴퓨터 중개|목제품(건축용 제외) 중개|종이제품 중개|귀금속 중개|가정용 가구 중개|철물 및 수공구 중개|종합 무역 중개|연쇄화사업 종합 상품 중개 G",선박이나 항공기 사용 공간 임대 중개|종합 상품 연쇄화사업 도매,해외직구대행(전자상거래 소매중개업) | 해외직구대행(상품중개업),"섬유 및 실|섬유제품 및 의복|가죽제품|합판, 박판, 제재목|골재, 벽돌, 시멘트|유리 및 창호|농업용 기계|장비|반도체 기계|과학용 기구 및 장비|선박 및 항공기|사무용 기계 및 컴퓨터|목제품(건축용 제외)|종이제품|귀금속",가공|도매|소매|중개|경매,,KSIC 11차 (2024),True
525200,방문 판매업,도매 및 소매업 > 소매업; 자동차 제외 > 무점포 소매업 > 기타 무점포 소매업 > 방문 판매업,도매 및 소매업,소매업; 자동차 제외,무점포 소매업,기타 무점포 소매업,47993,방문 판매업,외판원이 가정이나 사업체를 방문하여 특정 상품을 소매하는 산업활 도매 및 소매업 동을 말한다.,화장품 방문 판매|정수기 방문 판매|서적 및 교육자재 방문 판매,,다단계 판매원,화장품 방문|정수기 방문|서적 및 교육자재 방문,도매|소매|판매|교육,,KSIC 11차 (2024),True
525300,계약배달 판매업,도매 및 소매업 > 소매업; 자동차 제외 > 무점포 소매업 > 기타 무점포 소매업 > 계약배달 판매업,도매 및 소매업,소매업; 자동차 제외,무점포 소매업,기타 무점포 소매업,47992,계약배달 판매업,"일반 대중을 대상으로 매장을 개설하지 않고 약정 기간 동안 계속적 으로 신문, 우유, 요구르트 등 특정 상품을 소비자에게 직접 배달․소 매하는 산업활동을 말한다.",신문 배달 판매|우유 및 요구르트 배달 판매|식품 배달 판매,학습지 계약 배달 판매(교육 위주,,신문 배달|우유 및 요구르트 배달|식품 배달,판매|배달,,KSIC 11차 (2024),True
525910,자동 판매기 운영업,도매 및 소매업 > 소매업; 자동차 제외 > 무점포 소매업 > 기타 무점포 소매업 > 자동 판매기 운영업,도매 및 소매업,소매업; 자동차 제외,무점포 소매업,기타 무점포 소매업,47991,자동 판매기 운영업,일정한 장소에 자동 판매기를 설치․운영하면서 상품을 소매하는 산 업활동을 말한다.,담배 자판기 운영|커피 자판기 운영|음료 자판기 운영|라면 자판기 운영,동전 조작식 사진촬영기 운영|동전 조작식 세탁기 운영,,담배 자판기|커피 자판기|음료 자판기|라면 자판기,설치|소매|판매,,KSIC 11차 (2024),True
525911,노점 및 유사 이동 소매업,도매 및 소매업 > 소매업; 자동차 제외 > 무점포 소매업 > 노점 및 유사 이동 소매업,도매 및 소매업,소매업; 자동차 제외,무점포 소매업,노점 및 유사 이동 소매업,47920,노점 및 유사 이동 소매업,,,,,노점 및 유사 이동,소매,,KSIC 11차 (2024),False
525912,그 외 기타 무점포 소매업,도매 및 소매업 > 소매업; 자동차 제외 > 무점포 소매업 > 기타 무점포 소매업 > 그 외 기타 무점포 소매업,도매 및 소매업,소매업; 자동차 제외,무점포 소매업,기타 무점포 소매업,47999,그 외 기타 무점포 소매업,"달리 분류되지 않은 무점포 판매업으로서 차량 등을 이용하여 구역 도 간을 이동하면서 각종 상품을 소매하는 산업활동을 포함한다. H 운수 및 창고업(49 ~ 52) 1. 개요 이 대분류에는 각종 운송시설에 의한 여객 및 화물 운송업, 창고업 및 기타 운송관련 서비스업을 수행하는 산업활동을 포함한다. 운전자와 운송장비를 함께 임대하여 운전자가 운전 방법․일정․경로․기타 운전상 고려 사항 등 을 결정하는 경우도 포함한다. 가. 운송업 노선 또는 정기 운송 여부를 불문하고 철도, 도로, 관로(파이프라인), 해상 및 항공 등으로 여객 및 화물을 운송하는 산업활동을 말한다. 나. 운송관련 서비스업 여객 및 화물 운송업을 지원․보조하는 화물 취급업, 창고업, 터미널시설 운영업, 화물 운송 주선 및 기타 운송관련 서비스업을 수행하는 산업활동 을 말한다. 화물 취급 및 화물 운송 주선 사업체 등은 고객과 운송 업체간 에 화물의 수수 업무에 이용되는 운송시설을 보조적으로 소유할 수 있으 나 고객이 요구한 운송활동 전체를 수행하지는 않는다. 2. 타산업과 관계 가. 특정 산업활동에 결합된 운송활동은 그 산업의 주된 활동에 따라 다른 산 업에 분류되나, 동일 기업체를 위하여 운송에 종사하는 사업체가 독립적으 로 운영될 경우에는 운수업에 분류한다. 나. 자동차 유지 및 수리는 “95 : 개인 및 소비용품 수리업”에 분류하며, 철도 역사, 항구, 비행장에서 철도 차량, 선박, 항공기 운행과 관련하여 경상적 운수 및 창고업 으로 수행하는 유지․보수 활동은 각각의 운송지원 서비스에 분류한다. 철 도, 선박 및 비행기의 개량, 재생 및 개조활동은 “31 : 기타 운송장비 제조 업”에 분류한다. 다. 도로, 철도, 항구, 비행장 등의 건설은 “4122 : 토목시설물 건설업”에 분류 한다. 라. 운전자 없이 운송장비를 임대할 경우에는 운송장비의 종류에 따라 “761: 운송장비 임대업”의 해당 항목에 각각 분류한다. 마. 여행관련 서비스나 여행보조 서비스를 수행하는 경우에는 “752: 여행사 및 기타 여행보조 서비스업”에 분류한다. 고",,,,그 외 기타 무점포,제조|건설|소매|판매|운송|운수|창고|임대|수리|이용,,KSIC 11차 (2024),True
551001,호텔업,숙박 및 음식점업 > 숙박업 > 일반 및 생활 숙박시설 운영업 > 호텔업,숙박 및 음식점업,숙박업,일반 및 생활 숙박시설 운영업,일반 및 생활 숙박시설 운영업,55101,호텔업,"일반적으로 안내 서비스(데스크 서비스), 식사(룸 서비스)․세탁․통 역 등 개별 봉사 서비스를 제공하고, 공연․회의, 오락․스포츠, 주류 및 상품 판매 등의 관련 부대시설을 2종 이상 제공하는 숙박시설을 운영하는 산업활동을 말한다.",관광 호텔|의료 관광 일반 호텔|소형 호텔|수상 관광 호텔|한국 전통 호텔,가족 호텔업|호스텔업,,관광 호텔|의료 관광 일반 호텔|소형 호텔|수상 관광 호텔|한국 전통 호텔,판매|숙박|공연|스포츠|오락|세탁,,KSIC 11차 (2024),True
551002,여관업,숙박 및 음식점업 > 숙박업 > 일반 및 생활 숙박시설 운영업 > 여관업,숙박 및 음식점업,숙박업,일반 및 생활 숙박시설 운영업,일반 및 생활 숙박시설 운영업,55102,여관업,호텔에서 제공되는 서비스가 없거나 제한된 서비스를 제공하는 숙박 시설을 운영하는 산업활동을 말한다.,"여관, 모텔|여인숙",,,"여관, 모텔|여인숙",숙박,,KSIC 11차 (2024),True
551003,청소년 수련시설 운영업,교육서비스업 > 교육 서비스업 > 기타 교육기관 > 스포츠 및 레크리에이션 교육기관 > 청소년 수련시설 운영업,교육서비스업,교육 서비스업,기타 교육기관,스포츠 및 레크리에이션 교육기관,85614,청소년 수련시설 운영업,"청소년 교육 및 심신 수련을 위하여 체육, 문화, 오락, 레크리에이션 및 자연 체험시설 등을 함께 갖춘 수련시설을 운영하는 산업활동을 말한다. 교육서비스 제공을 위한 부대설비로써 숙박시설(야영장, 캠프 장 포함)을 갖춰 이용하는 경우도 포함한다.",청소년 수련원|자연 학습원,호스텔업 운영|오락 및 레크리에이션 위주의 놀이 시설 운영|교육 목적이 아닌 청소년 수련 숙박시설 운영,,청소년 수련원|자연 학습원,숙박|청소|교육|오락|이용,,KSIC 11차 (2024),True
551004,휴양 콘도 운영업,숙박 및 음식점업 > 숙박업 > 일반 및 생활 숙박시설 운영업 > 휴양 콘도 운영업,숙박 및 음식점업,숙박업,일반 및 생활 숙박시설 운영업,일반 및 생활 숙박시설 운영업,55103,휴양 콘도 운영업,약정에 의하여 이용권을 획득한 특정 회원을 대상으로 제공되는 숙박 시설로서 여유 객실은 일반인을 대상으로 제공하기도 한다. 스키장이 나 골프장 등의 레저시설을 함께 운영하는 경우도 포함한다.,회원제 숙박시설(취사시설을 갖춘) 운영|회원용 콘도미니엄 운영|특정 단체 전용 휴양|숙박시설 운영|가족호텔,,,회원제 숙박시설(취사시설을 갖춘)|회원용 콘도미니엄|특정 단체 전용 휴양|숙박시설|가족호텔,숙박|이용,,KSIC 11차 (2024),True
551005,민박업,숙박 및 음식점업 > 숙박업 > 일반 및 생활 숙박시설 운영업 > 민박업,숙박 및 음식점업,숙박업,일반 및 생활 숙박시설 운영업,일반 및 생활 숙박시설 운영업,55104,민박업,"단독 주택, 다가구 주택, 다세대 주택, 아파트 등 일반 주거용 주택을 음 이용하여 숙박 서비스를 제공하는 산업활동을 말한다. 숙박과 함께 점 취사시설을 제공하거나 식사를 제공하는 경우도 포함한다.",어촌 민박시설 운영|관광 도시 민박시설 운영,,,어촌 민박시설|관광 도시 민박시설,숙박|이용,,KSIC 11차 (2024),True
551006,기타 일반 및 생활 숙박시설 운영업,숙박 및 음식점업 > 숙박업 > 일반 및 생활 숙박시설 운영업 > 기타 일반 및 생활 숙박시설 운영업,숙박 및 음식점업,숙박업,일반 및 생활 숙박시설 운영업,일반 및 생활 숙박시설 운영업,55109,기타 일반 및 생활 숙박시설 운영업,"호텔, 여관, 휴양 콘도, 민박시설 및 야영장 등을 제외한 기타 일반 및 생활 숙박시설을 운영하는 산업활동을 말한다.",산장 및 방갈로 운영|호스텔 운영|숙박용 펜션 운영|교육 목적이 아닌 청소년 수련 숙박시설 운영,교육 목적용 청소년 수련 숙박시설 운영|서비스드 레지던스 임대 운영,,산장 및 방갈로|호스텔|숙박용 펜션|교육 목적이 아닌 청소년 수련 숙박시설,숙박|청소|교육,,KSIC 11차 (2024),True
551007,숙박공유업,숙박 및 음식점업 > 숙박업 > 일반 및 생활 숙박시설 운영업 > 숙박공유업,숙박 및 음식점업,숙박업,일반 및 생활 숙박시설 운영업,일반 및 생활 숙박시설 운영업,55104,민박업,"단독 주택, 다가구 주택, 다세대 주택, 아파트 등 일반 주거용 주택을 음 이용하여 숙박 서비스를 제공하는 산업활동을 말한다. 숙박과 함께 점 취사시설을 제공하거나 식사를 제공하는 경우도 포함한다.",어촌 민박시설 운영|관광 도시 민박시설 운영,,숙박공유업,어촌 민박시설|관광 도시 민박시설,숙박|이용,,KSIC 11차 (2024),True
551009,여관업,숙박 및 음식점업 > 숙박업 > 일반 및 생활 숙박시설 운영업 > 여관업,숙박 및 음식점업,숙박업,일반 및 생활 숙박시설 운영업,일반 및 생활 숙박시설 운영업,55102,여관업,호텔에서 제공되는 서비스가 없거나 제한된 서비스를 제공하는 숙박 시설을 운영하는 산업활동을 말한다.,"여관, 모텔|여인숙",,여인숙,"여관, 모텔|여인숙",숙박,,KSIC 11차 (2024),True
551010,휴양 콘도 운영업,숙박 및 음식점업 > 숙박업 > 일반 및 생활 숙박시설 운영업 > 휴양 콘도 운영업,숙박 및 음식점업,숙박업,일반 및 생활 숙박시설 운영업,일반 및 생활 숙박시설 운영업,55103,휴양 콘도 운영업,약정에 의하여 이용권을 획득한 특정 회원을 대상으로 제공되는 숙박 시설로서 여유 객실은 일반인을 대상으로 제공하기도 한다. 스키장이 나 골프장 등의 레저시설을 함께 운영하는 경우도 포함한다.,회원제 숙박시설(취사시설을 갖춘) 운영|회원용 콘도미니엄 운영|특정 단체 전용 휴양|숙박시설 운영|가족호텔,,휴가센터 및 휴식소 운영,회원제 숙박시설(취사시설을 갖춘)|회원용 콘도미니엄|특정 단체 전용 휴양|숙박시설|가족호텔,숙박|이용,,KSIC 11차 (2024),True
551015,야영장업,숙박 및 음식점업 > 숙박업 > 일반 및 생활 숙박시설 운영업 > 야영장업,숙박 및 음식점업,숙박업,일반 및 생활 숙박시설 운영업,일반 및 생활 숙박시설 운영업,55105,야영장업,"야영에 적합한 시설 및 설비 등을 갖추고 야영 편의 시설을 사용자 (이용자, 관광객 등)에게 제공하는 산업활동을 말한다.",일반 야영장 운영|자동차 야영장 운영,민박업|주차장 운영,야영장 및 캠프장 운영,일반 야영장|자동차 야영장,이용,,KSIC 11차 (2024),True
551016,기숙사 및 고시원 운영업,숙박 및 음식점업 > 숙박업 > 기타 숙박업 > 기숙사 및 고시원 운영업,숙박 및 음식점업,숙박업,기타 숙박업,기타 숙박업,55901,기숙사 및 고시원 운영업,"숙식을 함께 제공하는 기숙사 및 고시원을 운영하는 산업활동을 말한 다. 기숙사 운영은 일반적으로 특정 학교, 회사 및 단체 소속원을 대 상으로 하는 반면, 고시원은 일반인을 대상으로 서비스를 제공한다.",학교 기숙사 운영|회사 기숙사 운영|고시원 운영,,,학교 기숙사|회사 기숙사|고시원,,,KSIC 11차 (2024),True
551017,그 외 기타 숙박업,숙박 및 음식점업 > 숙박업 > 기타 숙박업 > 그 외 기타 숙박업,숙박 및 음식점업,숙박업,기타 숙박업,기타 숙박업,55909,그 외 기타 숙박업,약정 기간 동안 식사와 숙박 장소를 함께 제공하는 하숙업이나 기타 분류 안된 숙박시설을 운영하는 산업활동을 말한다.,하숙업 운영,숙식을 제공하지 않는 독서실 운영|숙식을 함께 제공하는 고시원,,하숙업,숙박,,KSIC 11차 (2024),True
552101,한식 일반 음식점업,숙박 및 음식점업 > 음식점 및 주점업 > 음식점업 > 한식 음식점업 > 한식 일반 음식점업,숙박 및 음식점업,음식점 및 주점업,음식점업,한식 음식점업,56111,한식 일반 음식점업,"백반류, 죽류, 찌개류(국, 탕, 전골), 찜류 등 한식 일반 음식을 제공하 는 산업활동을 말한다. 죽류, 찌개류 및 찜류는 육류 또는 해산물이 주재료가 되는 경우를 포함한다.",설렁탕집|해물탕집 I|해장국집|보쌈집|일반 한식 전문 뷔페,,,설렁탕집|해물탕집 I|해장국집|보쌈집|일반 한식 전문 뷔페,음식,,KSIC 11차 (2024),True
552102,중식 음식점업,숙박 및 음식점업 > 음식점 및 주점업 > 음식점업 > 외국식 음식점업 > 중식 음식점업,숙박 및 음식점업,음식점 및 주점업,음식점업,외국식 음식점업,56121,중식 음식점업,중국식 음식을 제공하는 산업활동을 말한다.,,,,중식 음식점업,음식,,KSIC 11차 (2024),True
552103,일식 음식점업,숙박 및 음식점업 > 음식점 및 주점업 > 음식점업 > 외국식 음식점업 > 일식 음식점업,숙박 및 음식점업,음식점 및 주점업,음식점업,외국식 음식점업,56122,일식 음식점업,정통 일본식 음식을 전문적으로 제공하는 산업활동을 말한다.,초밥집(일식 전문점)|일식 횟집|일식 구이 전문점(로바다야끼)|일식 우동 전문점,한국식으로 운영되는 횟집,,초밥집(일식 전문점)|일식 횟집|일식 구이 전문점(로바다야끼)|일식 우동 전문점,음식,,KSIC 11차 (2024),True
552104,서양식 음식점업,숙박 및 음식점업 > 음식점 및 주점업 > 음식점업 > 외국식 음식점업 > 서양식 음식점업,숙박 및 음식점업,음식점 및 주점업,음식점업,외국식 음식점업,56123,서양식 음식점업,유럽 및 미국 등에서 발달한 서양식 음식을 제공하는 산업활동을 말 한다.,서양식 레스토랑|서양식 패밀리 레스토랑|이탈리아 음식점,,,서양식 레스토랑|서양식 패밀리 레스토랑|이탈리아 음식점,양식|음식,,KSIC 11차 (2024),True
552105,출장 음식 서비스업,숙박 및 음식점업 > 음식점 및 주점업 > 음식점업 > 출장 및 이동 음식점업 > 출장 음식 서비스업,숙박 및 음식점업,음식점 및 주점업,음식점업,출장 및 이동 음식점업,56141,출장 음식 서비스업,"파티, 오찬, 연회 등의 행사시에 고객이 지정한 장소에 출장하여 주문 한 음식물을 조리하여 제공하는 산업활동을 말한다.",출장 음식 서비스|출장 뷔페음식 서비스|독립적인 식당차 운영,,,출장 음식|출장 뷔페음식|독립적인 식당차,음식|조리,,KSIC 11차 (2024),True
552107,치킨 전문점,"숙박 및 음식점업 > 음식점 및 주점업 > 음식점업 > 피자, 햄버거 및 치킨 전문점 > 치킨 전문점",숙박 및 음식점업,음식점 및 주점업,음식점업,"피자, 햄버거 및 치킨 전문점",56162,치킨 전문점,"양념 치킨, 프라이드 치킨 등 치킨 전문점을 운영하는 산업활동을 말 한다.",양념 치킨 전문점|프라이드 치킨 전문점,,,양념 치킨 전문점|프라이드 치킨 전문점,,,KSIC 11차 (2024),True
552108,김밥 및 기타 간이 음식점업,숙박 및 음식점업 > 음식점 및 주점업 > 음식점업 > 김밥 및 기타 간이 음식점업,숙박 및 음식점업,음식점 및 주점업,음식점업,김밥 및 기타 간이 음식점업,56191,김밥 및 기타 간이 음식점업,"간이 음식(대용식이나 간식, 야식 등)용으로 조리한 김밥, 만두류, 찐 빵, 면류(라면, 우동 등), 떡볶이류, 튀김류, 꼬치류 등을 제공하는 음 식점을 운영하는 산업활동을 말한다. 간이 음식류를 포장 판매도 하 지만 객석 판매가 많은 경우를 포함한다. 이들 음식점은 간단한 메뉴 를 동일한 방식으로 신속하게 조리하는 경우가 일반적이다.",김밥 판매점|일반 분식점|아이스크림 전문점,"객석 없이 간이 음식류를 조리하여 판매하는 경우|면류, 만두류를 전문적으로 요리하여 판매하는 경우",,김밥 판매점|일반 분식점|아이스크림 전문점,판매|음식|조리,,KSIC 11차 (2024),True
552109,기관 구내식당업,숙박 및 음식점업 > 음식점 및 주점업 > 음식점업 > 기관 구내식당업,숙박 및 음식점업,음식점 및 주점업,음식점업,기관 구내식당업,56130,기관 구내식당업,"회사, 학교, 공공기관 등의 기관과 계약에 의하여 구내식당을 설치하 음 고 음식을 조리하여 제공하는 산업활동을 말한다. 점",,공급하는 경우,,기관 구내식당업,설치|음식|조리,,KSIC 11차 (2024),True
552114,한식 면 요리 전문점,숙박 및 음식점업 > 음식점 및 주점업 > 음식점업 > 한식 음식점업 > 한식 면 요리 전문점,숙박 및 음식점업,음식점 및 주점업,음식점업,한식 음식점업,56112,한식 면 요리 전문점,"냉면, 칼국수, 국수 등 한식 면 요리 음식을 전문적으로 제공하는 산 업활동을 말한다.",냉면 전문점|칼국수 전문점,간이 음식 형태로 제공하는 면 요리 음식점,,냉면 전문점|칼국수 전문점,음식,,KSIC 11차 (2024),True
552115,한식 육류 요리 전문점,숙박 및 음식점업 > 음식점 및 주점업 > 음식점업 > 한식 음식점업 > 한식 육류 요리 전문점,숙박 및 음식점업,음식점 및 주점업,음식점업,한식 음식점업,56113,한식 육류 요리 전문점,"쇠고기, 돼지고기, 닭고기, 오리고기 등 육류 구이 및 횟 요리를 전문 적으로 제공하는 산업활동을 말한다.",,,,한식 육류 요리 전문점,,,KSIC 11차 (2024),True
552116,한식 해산물 요리 전문점,숙박 및 음식점업 > 음식점 및 주점업 > 음식점업 > 한식 음식점업 > 한식 해산물 요리 전문점,숙박 및 음식점업,음식점 및 주점업,음식점업,한식 음식점업,56114,한식 해산물 요리 전문점,"한국식 횟집, 생선 구이점 등 한식 해산물 요리를 제공하는 산업활동 을 말한다.",한국식 횟집|일식 이외의 해산물 요리 전문점,"해산물 찜류, 탕류, 죽류 전문점",,한국식 횟집|일식 이외의 해산물 요리 전문점,,,KSIC 11차 (2024),True
552117,기타 외국식 음식점업,숙박 및 음식점업 > 음식점 및 주점업 > 음식점업 > 외국식 음식점업 > 기타 외국식 음식점업,숙박 및 음식점업,음식점 및 주점업,음식점업,외국식 음식점업,56129,기타 외국식 음식점업,"동남아, 인도 등 기타 외국식 음식점업을 운영하는 산업활동을 말한다.",베트남 음식점|인도 음식점,,,베트남 음식점|인도 음식점,음식,,KSIC 11차 (2024),True
552118,"피자, 햄버거, 샌드위치 및 유사 음식점업","숙박 및 음식점업 > 음식점 및 주점업 > 음식점업 > 피자, 햄버거 및 치킨 전문점 > 피자, 햄버거, 샌드위치 및 유사 음식점업",숙박 및 음식점업,음식점 및 주점업,음식점업,"피자, 햄버거 및 치킨 전문점",56161,"피자, 햄버거, 샌드위치 및 유사 음식점업","피자, 햄버거, 샌드위치, 토스트 및 유사 음식을 직접 조리하여 일반 소비자에게 판매하는 산업활동을 말한다.",피자 전문점|샌드위치 전문점|햄버거 전문점|토스트 전문점,,,피자 전문점|샌드위치 전문점|햄버거 전문점|토스트 전문점,판매|음식|조리,,KSIC 11차 (2024),True
552119,김밥 및 기타 간이 음식점업,숙박 및 음식점업 > 음식점 및 주점업 > 음식점업 > 김밥 및 기타 간이 음식점업,숙박 및 음식점업,음식점 및 주점업,음식점업,김밥 및 기타 간이 음식점업,56191,김밥 및 기타 간이 음식점업,"간이 음식(대용식이나 간식, 야식 등)용으로 조리한 김밥, 만두류, 찐 빵, 면류(라면, 우동 등), 떡볶이류, 튀김류, 꼬치류 등을 제공하는 음 식점을 운영하는 산업활동을 말한다. 간이 음식류를 포장 판매도 하 지만 객석 판매가 많은 경우를 포함한다. 이들 음식점은 간단한 메뉴 를 동일한 방식으로 신속하게 조리하는 경우가 일반적이다.",김밥 판매점|일반 분식점|아이스크림 전문점,"객석 없이 간이 음식류를 조리하여 판매하는 경우|면류, 만두류를 전문적으로 요리하여 판매하는 경우",아이스크림 체인점,김밥 판매점|일반 분식점|아이스크림 전문점,판매|음식|조리,,KSIC 11차 (2024),True
552123,간이 음식 포장 판매 전문점,숙박 및 음식점업 > 음식점 및 주점업 > 음식점업 > 김밥 및 기타 간이 음식점업 > 간이 음식 포장 판매 전문점,숙박 및 음식점업,음식점 및 주점업,음식점업,김밥 및 기타 간이 음식점업,56199,간이 음식 포장 판매 전문점,고정된 장소에서 대용식이나 간식 등 간이 음식류를 조리하여 포장 판매하거나 일부 객석은 있으나 포장 판매 위주로 음식점을 운영하는 산업활동을 말한다.,,,,간이 음식 포장 판매 전문점,판매|음식|조리,,KSIC 11차 (2024),True
552201,일반 유흥 주점업,숙박 및 음식점업 > 음식점 및 주점업 > 주점 및 비알코올 음료점업 > 주점업 > 일반 유흥 주점업,숙박 및 음식점업,음식점 및 주점업,주점 및 비알코올 음료점업,주점업,56211,일반 유흥 주점업,접객시설과 함께 접객 요원을 두고 술을 판매하는 각종 형태의 유흥 주점을 말한다.,요정|한국식 접객 주점|룸살롱|바(접객 서비스 딸린)|서양식 접객 주점|비어홀(접객 서비스 딸린),,고급주점(독립된 객실),요정|한국식 접객 주점|룸살롱|바(접객 서비스 딸린)|서양식 접객 주점|비어홀(접객 서비스 딸린),양식|판매|주점,,KSIC 11차 (2024),True
552202,일반 유흥 주점업,숙박 및 음식점업 > 음식점 및 주점업 > 주점 및 비알코올 음료점업 > 주점업 > 일반 유흥 주점업,숙박 및 음식점업,음식점 및 주점업,주점 및 비알코올 음료점업,주점업,56211,일반 유흥 주점업,접객시설과 함께 접객 요원을 두고 술을 판매하는 각종 형태의 유흥 주점을 말한다.,요정|한국식 접객 주점|룸살롱|바(접객 서비스 딸린)|서양식 접객 주점|비어홀(접객 서비스 딸린),,"빠, 비어홀, 극장식식당",요정|한국식 접객 주점|룸살롱|바(접객 서비스 딸린)|서양식 접객 주점|비어홀(접객 서비스 딸린),양식|판매|주점,,KSIC 11차 (2024),True
552203,무도 유흥 주점업,숙박 및 음식점업 > 음식점 및 주점업 > 주점 및 비알코올 음료점업 > 주점업 > 무도 유흥 주점업,숙박 및 음식점업,음식점 및 주점업,주점 및 비알코올 음료점업,주점업,56212,무도 유흥 주점업,무도시설을 갖추고 술을 판매하는 무도 유흥 주점을 말한다.,무도 유흥 주점|카바레|극장식 주점(식당) 클럽|나이트클럽,무도장 및 콜라텍 운영,,무도 유흥 주점|카바레|극장식 주점(식당) 클럽|나이트클럽,판매|주점,,KSIC 11차 (2024),True
552204,일반 유흥 주점업,숙박 및 음식점업 > 음식점 및 주점업 > 주점 및 비알코올 음료점업 > 주점업 > 일반 유흥 주점업,숙박 및 음식점업,음식점 및 주점업,주점 및 비알코올 음료점업,주점업,56211,일반 유흥 주점업,접객시설과 함께 접객 요원을 두고 술을 판매하는 각종 형태의 유흥 주점을 말한다.,요정|한국식 접객 주점|룸살롱|바(접객 서비스 딸린)|서양식 접객 주점|비어홀(접객 서비스 딸린),,"관광음식점, 외국인 전용 유흥음식점",요정|한국식 접객 주점|룸살롱|바(접객 서비스 딸린)|서양식 접객 주점|비어홀(접객 서비스 딸린),양식|판매|주점,,KSIC 11차 (2024),True
552205,생맥주 전문점,숙박 및 음식점업 > 음식점 및 주점업 > 주점 및 비알코올 음료점업 > 주점업 > 생맥주 전문점,숙박 및 음식점업,음식점 및 주점업,주점 및 비알코올 음료점업,주점업,56213,생맥주 전문점,접객시설을 갖추고 대중에게 주로 생맥주를 전문적으로 판매하는 주 점을 말한다.,생맥주집(호프집),생맥주 이외 맥주 판매 주점,,생맥주집(호프집),판매,,KSIC 11차 (2024),True
552206,일반 유흥 주점업,숙박 및 음식점업 > 음식점 및 주점업 > 주점 및 비알코올 음료점업 > 주점업 > 일반 유흥 주점업,숙박 및 음식점업,음식점 및 주점업,주점 및 비알코올 음료점업,주점업,56211,일반 유흥 주점업,접객시설과 함께 접객 요원을 두고 술을 판매하는 각종 형태의 유흥 주점을 말한다.,요정|한국식 접객 주점|룸살롱|바(접객 서비스 딸린)|서양식 접객 주점|비어홀(접객 서비스 딸린),,기타 유흥 주점,요정|한국식 접객 주점|룸살롱|바(접객 서비스 딸린)|서양식 접객 주점|비어홀(접객 서비스 딸린),양식|판매|주점,,KSIC 11차 (2024),True
552207,기타 주점업,숙박 및 음식점업 > 음식점 및 주점업 > 주점 및 비알코올 음료점업 > 주점업 > 기타 주점업,숙박 및 음식점업,음식점 및 주점업,주점 및 비알코올 음료점업,주점업,56219,기타 주점업,"생맥주 전문점을 제외한 대폿집, 선술집 등과 같이 접객시설을 갖추 고 대중에게 술을 판매하는 기타의 주점을 말한다.",소주방|막걸리집|토속 주점,,단란주점,소주방|막걸리집|토속 주점,판매|주점,,KSIC 11차 (2024),True
552208,기타 주점업,숙박 및 음식점업 > 음식점 및 주점업 > 주점 및 비알코올 음료점업 > 주점업 > 기타 주점업,숙박 및 음식점업,음식점 및 주점업,주점 및 비알코올 음료점업,주점업,56219,기타 주점업,"생맥주 전문점을 제외한 대폿집, 선술집 등과 같이 접객시설을 갖추 고 대중에게 술을 판매하는 기타의 주점을 말한다.",소주방|막걸리집|토속 주점,,기타 서양식 주점,소주방|막걸리집|토속 주점,판매|주점,,KSIC 11차 (2024),True
552209,기타 주점업,숙박 및 음식점업 > 음식점 및 주점업 > 주점 및 비알코올 음료점업 > 주점업 > 기타 주점업,숙박 및 음식점업,음식점 및 주점업,주점 및 비알코올 음료점업,주점업,56219,기타 주점업,"생맥주 전문점을 제외한 대폿집, 선술집 등과 같이 접객시설을 갖추 고 대중에게 술을 판매하는 기타의 주점을 말한다.",소주방|막걸리집|토속 주점,,,소주방|막걸리집|토속 주점,판매|주점,,KSIC 11차 (2024),True
552210,기타 주점업,숙박 및 음식점업 > 음식점 및 주점업 > 주점 및 비알코올 음료점업 > 주점업 > 기타 주점업,숙박 및 음식점업,음식점 및 주점업,주점 및 비알코올 음료점업,주점업,56219,기타 주점업,"생맥주 전문점을 제외한 대폿집, 선술집 등과 같이 접객시설을 갖추 고 대중에게 술을 판매하는 기타의 주점을 말한다.",소주방|막걸리집|토속 주점,,소주방,소주방|막걸리집|토속 주점,판매|주점,,KSIC 11차 (2024),True
552211,기타 주점업,숙박 및 음식점업 > 음식점 및 주점업 > 주점 및 비알코올 음료점업 > 주점업 > 기타 주점업,숙박 및 음식점업,음식점 및 주점업,주점 및 비알코올 음료점업,주점업,56211 | 56212 | 56213 | 56219,일반 유흥 주점업 | 무도 유흥 주점업 | 생맥주 전문점 | 기타 주점업,,,,홀덤펍,기타 주점업,주점,,KSIC 11차 (2024),False
552301,제과점업,숙박 및 음식점업 > 음식점 및 주점업 > 음식점업 > 제과점업,숙박 및 음식점업,음식점 및 주점업,음식점업,제과점업,56150,제과점업,"즉석식의 빵, 케이크, 생과자 등을 직접 구워서 일반 소비자에게 판매 하거나 접객시설을 갖추고 구입한 빵, 케이크 등을 직접 소비할 수 있도록 제공하는 산업활동을 말한다. 접객시설을 갖추고 떡류를 제공 하는 경우도 포함한다.",제과점(즉석 식품 중심)|떡집(음식점 형태),,,제과점(즉석 식품 중심)|떡집(음식점 형태),판매|음식|제과,,KSIC 11차 (2024),True
552303,커피 전문점,숙박 및 음식점업 > 음식점 및 주점업 > 주점 및 비알코올 음료점업 > 비알코올 음료점업 > 커피 전문점,숙박 및 음식점업,음식점 및 주점업,주점 및 비알코올 음료점업,비알코올 음료점업,56221,커피 전문점,"접객시설을 갖추고 볶은 원두, 가공 커피류 등을 이용하여 생산한 커 피 음료를 전문적으로 제공하는 산업활동을 말한다. 접객시설 없이 커피 포장 판매를 전문적으로 하는 음료점도 포함한다.",커피 전문점|커피숍,전통식 다방(인스턴트 커피점,,커피 전문점|커피숍,생산|가공|판매|이용,,KSIC 11차 (2024),True
552305,간이 음식 포장 판매 전문점,숙박 및 음식점업 > 음식점 및 주점업 > 음식점업 > 김밥 및 기타 간이 음식점업 > 간이 음식 포장 판매 전문점,숙박 및 음식점업,음식점 및 주점업,음식점업,김밥 및 기타 간이 음식점업,56199,간이 음식 포장 판매 전문점,고정된 장소에서 대용식이나 간식 등 간이 음식류를 조리하여 포장 판매하거나 일부 객석은 있으나 포장 판매 위주로 음식점을 운영하는 산업활동을 말한다.,,,고속도로 휴게소 등 기타,간이 음식 포장 판매 전문점,판매|음식|조리,,KSIC 11차 (2024),True
552307,기타 비알코올 음료점업,숙박 및 음식점업 > 음식점 및 주점업 > 주점 및 비알코올 음료점업 > 비알코올 음료점업 > 기타 비알코올 음료점업,숙박 및 음식점업,음식점 및 주점업,주점 및 비알코올 음료점업,비알코올 음료점업,56229,기타 비알코올 음료점업,"접객시설을 갖추고 주스, 인스턴트 커피, 홍차, 생강차, 쌍화차 등을 만들어 제공하는 산업활동을 말한다. 접객시설 없이 비알코올 음료 포장 판매를 전문적으로 하는 음료점도 포함한다.","주스 전문점|찻집|개발|공급, 영상 및 오디오 기록물 제작",,,"주스 전문점|찻집|공급, 영상 및 오디오 기록물",판매|제작|개발,,KSIC 11차 (2024),True
552308,이동 음식점업,숙박 및 음식점업 > 음식점 및 주점업 > 음식점업 > 출장 및 이동 음식점업 > 이동 음식점업,숙박 및 음식점업,음식점 및 주점업,음식점업,출장 및 이동 음식점업,56142,이동 음식점업,,,,,이동 음식점업,음식,,KSIC 11차 (2024),False
552309,"피자, 햄버거, 샌드위치 및 유사 음식점업","숙박 및 음식점업 > 음식점 및 주점업 > 음식점업 > 피자, 햄버거 및 치킨 전문점 > 피자, 햄버거, 샌드위치 및 유사 음식점업",숙박 및 음식점업,음식점 및 주점업,음식점업,"피자, 햄버거 및 치킨 전문점",56161,"피자, 햄버거, 샌드위치 및 유사 음식점업","피자, 햄버거, 샌드위치, 토스트 및 유사 음식을 직접 조리하여 일반 소비자에게 판매하는 산업활동을 말한다.",피자 전문점|샌드위치 전문점|햄버거 전문점|토스트 전문점,,간이 양식,피자 전문점|샌드위치 전문점|햄버거 전문점|토스트 전문점,판매|음식|조리,,KSIC 11차 (2024),True
552310,동물카페,숙박 및 음식점업 > 음식점 및 주점업 > 주점 및 비알코올 음료점업 > 비알코올 음료점업 > 동물카페,숙박 및 음식점업,음식점 및 주점업,주점 및 비알코올 음료점업,비알코올 음료점업,56221 | 56229,커피 전문점 | 기타 비알코올 음료점업,,,,,동물카페,,,KSIC 11차 (2024),False
601000,도시철도 운송업,운수 및 창고업 > 육상 운송 및 파이프라인 운송업 > 육상 여객 운송업 > 도시 정기 육상 여객 운송업 > 도시철도 운송업,운수 및 창고업,육상 운송 및 파이프라인 운송업,육상 여객 운송업,도시 정기 육상 여객 운송업,49211,도시철도 운송업,도시 및 근교 내에서 노선을 정하고 정기적으로 승객을 도시철도로 운송하는 산업활동을 말한다. 도시철도는 출․퇴근 등 지역 내의 승 객 이동에 이용되므로 승․하차 구간이 짧고 요금이 저렴하며 일반 대중 교통수단이라는 특징이 있다.,지하철 운송|모노레일 운송(도시 및 근교 내),도시 간 철도 운송,,지하철|모노레일 운송(도시 및 근교 내),운송|이용,,KSIC 11차 (2024),True
601001,철도 여객 운송업,운수 및 창고업 > 육상 운송 및 파이프라인 운송업 > 철도 운송업 > 철도 여객 운송업,운수 및 창고업,육상 운송 및 파이프라인 운송업,철도 운송업,철도 운송업,49101,철도 여객 운송업,철도 차량을 이용하여 여객을 운송하는 산업활동(도시철도 제외)을 말한다.,도시 간 철도 운송|관광열차 운영,지하철 및 도시철도 운송|철도차량 운행관련 유지 및 단순 보수|독립적인 침대차 운영|독립적인 식당차 운영,,도시 간 철도|관광열차,운송|이용,,KSIC 11차 (2024),True
601002,철도 화물 운송업,운수 및 창고업 > 육상 운송 및 파이프라인 운송업 > 철도 운송업 > 철도 화물 운송업,운수 및 창고업,육상 운송 및 파이프라인 운송업,철도 운송업,철도 운송업,49102,철도 화물 운송업,철도 차량을 이용하여 화물을 운송하는 산업활동을 말한다.,화물 전용 철도 운송,지하철 및 도시철도 운송|철도 여객 운송업,,화물 전용 철도,운송|이용,,KSIC 11차 (2024),True
602101,시외버스 운송업,운수 및 창고업 > 육상 운송 및 파이프라인 운송업 > 육상 여객 운송업 > 시외버스 운송업,운수 및 창고업,육상 운송 및 파이프라인 운송업,육상 여객 운송업,시외버스 운송업,49220,시외버스 운송업,도시 간에 노선을 정하고 정기적으로 승객을 버스로 운송하는 산업활 동을 말한다.,도시 간 정기 여객 운송|시외 정기 노선 버스 운송|직통 여객 버스 운송|고속버스 운송 운수 및 창고업,,고속버스,도시 간 정기 여객|시외 정기 노선 버스|직통 여객 버스|고속버스 운송 운수 및 창고업,운송|운수|창고,,KSIC 11차 (2024),True
602102,시외버스 운송업,운수 및 창고업 > 육상 운송 및 파이프라인 운송업 > 육상 여객 운송업 > 시외버스 운송업,운수 및 창고업,육상 운송 및 파이프라인 운송업,육상 여객 운송업,시외버스 운송업,49220,시외버스 운송업,도시 간에 노선을 정하고 정기적으로 승객을 버스로 운송하는 산업활 동을 말한다.,도시 간 정기 여객 운송|시외 정기 노선 버스 운송|직통 여객 버스 운송|고속버스 운송 운수 및 창고업,,,도시 간 정기 여객|시외 정기 노선 버스|직통 여객 버스|고속버스 운송 운수 및 창고업,운송|운수|창고,,KSIC 11차 (2024),True
602103,시내버스 운송업,운수 및 창고업 > 육상 운송 및 파이프라인 운송업 > 육상 여객 운송업 > 도시 정기 육상 여객 운송업 > 시내버스 운송업,운수 및 창고업,육상 운송 및 파이프라인 운송업,육상 여객 운송업,도시 정기 육상 여객 운송업,49212,시내버스 운송업,주로 도시 및 군의 일정 행정구역 안에서 노선을 정하고 정기적으로 승객을 버스로 운송하는 산업활동을 말한다. 일부 구간을 도시 및 군 근교지역으로 연장하여 운영하는 경우도 포함한다.,"시내 노선 버스 운송|어촌 버스 운송|구역 내 노선 여객 버스 운송|정기순회 마을버스 운영|BRT(Bus Rapid Transit, 간선 급행 버스) 운영|광역 급행 버스, 직행 좌석 버스 운영",,,"시내 노선 버스|어촌 버스|구역 내 노선 여객 버스|정기순회 마을버스|광역 급행 버스, 직행 좌석 버스",운송,,KSIC 11차 (2024),True
602104,기타 도시 정기 육상 여객 운송업,운수 및 창고업 > 육상 운송 및 파이프라인 운송업 > 육상 여객 운송업 > 도시 정기 육상 여객 운송업 > 기타 도시 정기 육상 여객 운송업,운수 및 창고업,육상 운송 및 파이프라인 운송업,육상 여객 운송업,도시 정기 육상 여객 운송업,49219,기타 도시 정기 육상 여객 운송업,도시 및 근교 내에서 정기적으로 특정 이용 승객을 버스 또는 기타 장비로 운송하는 산업활동을 말한다.,학교버스 운영|직장버스 운영|공항버스 운영(정기노선)|정기 노선 케이블카 운영|트롤리 버스 운영,,공항버스,학교버스|직장버스|공항버스 운영(정기노선)|정기 노선 케이블카|트롤리 버스,운송|이용,,KSIC 11차 (2024),True
602109,기타 도시 정기 육상 여객 운송업,운수 및 창고업 > 육상 운송 및 파이프라인 운송업 > 육상 여객 운송업 > 도시 정기 육상 여객 운송업 > 기타 도시 정기 육상 여객 운송업,운수 및 창고업,육상 운송 및 파이프라인 운송업,육상 여객 운송업,도시 정기 육상 여객 운송업,49219,기타 도시 정기 육상 여객 운송업,도시 및 근교 내에서 정기적으로 특정 이용 승객을 버스 또는 기타 장비로 운송하는 산업활동을 말한다.,학교버스 운영|직장버스 운영|공항버스 운영(정기노선)|정기 노선 케이블카 운영|트롤리 버스 운영,,,학교버스|직장버스|공항버스 운영(정기노선)|정기 노선 케이블카|트롤리 버스,운송|이용,,KSIC 11차 (2024),True
602110,기타 도시 정기 육상 여객 운송업,운수 및 창고업 > 육상 운송 및 파이프라인 운송업 > 육상 여객 운송업 > 도시 정기 육상 여객 운송업 > 기타 도시 정기 육상 여객 운송업,운수 및 창고업,육상 운송 및 파이프라인 운송업,육상 여객 운송업,도시 정기 육상 여객 운송업,49219,기타 도시 정기 육상 여객 운송업,도시 및 근교 내에서 정기적으로 특정 이용 승객을 버스 또는 기타 장비로 운송하는 산업활동을 말한다.,학교버스 운영|직장버스 운영|공항버스 운영(정기노선)|정기 노선 케이블카 운영|트롤리 버스 운영,,어린이통학버스운송업(기사소유차량),학교버스|직장버스|공항버스 운영(정기노선)|정기 노선 케이블카|트롤리 버스,운송|이용,,KSIC 11차 (2024),True
602201,택시 운송업,운수 및 창고업 > 육상 운송 및 파이프라인 운송업 > 육상 여객 운송업 > 부정기 육상 여객 운송업 > 택시 운송업,운수 및 창고업,육상 운송 및 파이프라인 운송업,육상 여객 운송업,부정기 육상 여객 운송업,49231,택시 운송업,택시를 이용하여 승객을 운송하는 산업활동을 말한다. 운전자 딸린 승용차 임대도 포함한다.,택시 운송|승용차 임대(운전자 딸린)|개인택시 운송|리무진 운송,,,택시|승용차 임대(운전자 딸린)|개인택시|리무진,운송|임대|이용,,KSIC 11차 (2024),True
602203,택시 운송업,운수 및 창고업 > 육상 운송 및 파이프라인 운송업 > 육상 여객 운송업 > 부정기 육상 여객 운송업 > 택시 운송업,운수 및 창고업,육상 운송 및 파이프라인 운송업,육상 여객 운송업,부정기 육상 여객 운송업,49231,택시 운송업,택시를 이용하여 승객을 운송하는 산업활동을 말한다. 운전자 딸린 승용차 임대도 포함한다.,택시 운송|승용차 임대(운전자 딸린)|개인택시 운송|리무진 운송,,모범택시,택시|승용차 임대(운전자 딸린)|개인택시|리무진,운송|임대|이용,,KSIC 11차 (2024),True
602204,시내버스 운송업,운수 및 창고업 > 육상 운송 및 파이프라인 운송업 > 육상 여객 운송업 > 도시 정기 육상 여객 운송업 > 시내버스 운송업,운수 및 창고업,육상 운송 및 파이프라인 운송업,육상 여객 운송업,도시 정기 육상 여객 운송업,49212 | 49220,시내버스 운송업 | 시외버스 운송업,,,,직영 시내버스 | 직영 시외버스,시내버스 운송업,운송,,KSIC 11차 (2024),False
602205,전세버스 운송업,운수 및 창고업 > 육상 운송 및 파이프라인 운송업 > 육상 여객 운송업 > 부정기 육상 여객 운송업 > 전세버스 운송업,운수 및 창고업,육상 운송 및 파이프라인 운송업,육상 여객 운송업,부정기 육상 여객 운송업,49232,전세버스 운송업,노선과 일정을 정하지 않고 고객의 요구에 따라 승객을 버스로 운송 하는 산업활동을 말한다.,관광 버스 운영|버스 임대(운전자 딸린)|비노선 버스 운영,,,관광 버스|버스 임대(운전자 딸린)|비노선 버스,운송|임대,,KSIC 11차 (2024),True
602206,택시 운송업,운수 및 창고업 > 육상 운송 및 파이프라인 운송업 > 육상 여객 운송업 > 부정기 육상 여객 운송업 > 택시 운송업,운수 및 창고업,육상 운송 및 파이프라인 운송업,육상 여객 운송업,부정기 육상 여객 운송업,49231,택시 운송업,택시를 이용하여 승객을 운송하는 산업활동을 말한다. 운전자 딸린 승용차 임대도 포함한다.,택시 운송|승용차 임대(운전자 딸린)|개인택시 운송|리무진 운송,,직영 택시,택시|승용차 임대(운전자 딸린)|개인택시|리무진,운송|임대|이용,,KSIC 11차 (2024),True
602209,기타 부정기 여객 육상 운송업,운수 및 창고업 > 육상 운송 및 파이프라인 운송업 > 육상 여객 운송업 > 부정기 육상 여객 운송업 > 기타 부정기 여객 육상 운송업,운수 및 창고업,육상 운송 및 파이프라인 운송업,육상 여객 운송업,부정기 육상 여객 운송업,49239,기타 부정기 여객 육상 운송업,부정기로 여객을 육상 운송하는 기타의 산업활동을 말한다.,독립적으로 경영하는 부정기 케이블카 운송|비동력식 여객 운송 차량 운영|독립적으로 경영하는 스키 리프트 운영,관광지 또는 유원지의 오락 목적용 궤도시설 운영,,독립적으로 경영하는 부정기 케이블카|비동력식 여객 운송 차량|독립적으로 경영하는 스키 리프트,운송,,KSIC 11차 (2024),True
602301,일반 화물 자동차 운송업,운수 및 창고업 > 육상 운송 및 파이프라인 운송업 > 도로 화물 운송업 > 일반 화물 자동차 운송업,운수 및 창고업,육상 운송 및 파이프라인 운송업,도로 화물 운송업,도로 화물 운송업,49301 | 49302,일반 화물자동차 운송업 | 개인 화물자동차 운송업,"화물 자동차, 견인․구난 및 특수 목적용 자동차를 이용하여 각종 화 물 등을 운송하는 산업활동을 말한다.",특수 자동차 운송(견인 등) 운수 및 창고업|트럭 임대(운전자 딸린)|화물 자동차 운송,운전자 없는 자동차 임대,,특수 자동차 운송(견인 등) 운수 및 창고업|트럭 임대(운전자 딸린)|화물 자동차,운송|운수|창고|임대|이용,,KSIC 11차 (2024),True
602302,일반 화물 자동차 운송업,운수 및 창고업 > 육상 운송 및 파이프라인 운송업 > 도로 화물 운송업 > 일반 화물 자동차 운송업,운수 및 창고업,육상 운송 및 파이프라인 운송업,도로 화물 운송업,도로 화물 운송업,49301 | 49302,일반 화물자동차 운송업 | 개인 화물자동차 운송업,"화물 자동차, 견인․구난 및 특수 목적용 자동차를 이용하여 각종 화 물 등을 운송하는 산업활동을 말한다.",특수 자동차 운송(견인 등) 운수 및 창고업|트럭 임대(운전자 딸린)|화물 자동차 운송,운전자 없는 자동차 임대,대형 화물 자동차(5톤 이상),특수 자동차 운송(견인 등) 운수 및 창고업|트럭 임대(운전자 딸린)|화물 자동차,운송|운수|창고|임대|이용,,KSIC 11차 (2024),True
602303,일반 화물 자동차 운송업,운수 및 창고업 > 육상 운송 및 파이프라인 운송업 > 도로 화물 운송업 > 일반 화물 자동차 운송업,운수 및 창고업,육상 운송 및 파이프라인 운송업,도로 화물 운송업,도로 화물 운송업,49301 | 49302,일반 화물 자동차 운송업 | 개인 화물자동차 운송업,"화물 자동차, 견인․구난 및 특수 목적용 자동차를 이용하여 각종 화 물 등을 운송하는 산업활동을 말한다.",특수 자동차 운송(견인 등) 운수 및 창고업|트럭 임대(운전자 딸린)|화물 자동차 운송,운전자 없는 자동차 임대,덤프트럭(12톤 미만),특수 자동차 운송(견인 등) 운수 및 창고업|트럭 임대(운전자 딸린)|화물 자동차,운송|운수|창고|임대|이용,,KSIC 11차 (2024),True
602304,일반 화물 자동차 운송업,운수 및 창고업 > 육상 운송 및 파이프라인 운송업 > 도로 화물 운송업 > 일반 화물 자동차 운송업,운수 및 창고업,육상 운송 및 파이프라인 운송업,도로 화물 운송업,도로 화물 운송업,49301 | 49302,일반 화물 자동차 운송업 | 개인 화물자동차 운송업,"화물 자동차, 견인․구난 및 특수 목적용 자동차를 이용하여 각종 화 물 등을 운송하는 산업활동을 말한다.",특수 자동차 운송(견인 등) 운수 및 창고업|트럭 임대(운전자 딸린)|화물 자동차 운송,운전자 없는 자동차 임대,덤프트럭(12톤 이상),특수 자동차 운송(견인 등) 운수 및 창고업|트럭 임대(운전자 딸린)|화물 자동차,운송|운수|창고|임대|이용,,KSIC 11차 (2024),True
602305,일반 화물 자동차 운송업,운수 및 창고업 > 육상 운송 및 파이프라인 운송업 > 도로 화물 운송업 > 일반 화물 자동차 운송업,운수 및 창고업,육상 운송 및 파이프라인 운송업,도로 화물 운송업,도로 화물 운송업,49301 | 49302,일반 화물 자동차 운송업 | 개인 화물자동차 운송업,"화물 자동차, 견인․구난 및 특수 목적용 자동차를 이용하여 각종 화 물 등을 운송하는 산업활동을 말한다.",특수 자동차 운송(견인 등) 운수 및 창고업|트럭 임대(운전자 딸린)|화물 자동차 운송,운전자 없는 자동차 임대,대형 특수 자동차(10톤 이상),특수 자동차 운송(견인 등) 운수 및 창고업|트럭 임대(운전자 딸린)|화물 자동차,운송|운수|창고|임대|이용,,KSIC 11차 (2024),True
602306,특수 여객 자동차 운송업,운수 및 창고업 > 육상 운송 및 파이프라인 운송업 > 육상 여객 운송업 > 부정기 육상 여객 운송업 > 특수 여객 자동차 운송업,운수 및 창고업,육상 운송 및 파이프라인 운송업,육상 여객 운송업,부정기 육상 여객 운송업,49233,특수 여객 자동차 운송업,시체를 운구할 수 있는 특수한 설비를 갖춘 장의 차량을 운영하는 산 업활동을 말한다.,장의 차량 운영|장의 차량 임대(운전자 딸린),,,장의 차량|장의 차량 임대(운전자 딸린),운송|임대,,KSIC 11차 (2024),True
602307,일반 화물 자동차 운송업,운수 및 창고업 > 육상 운송 및 파이프라인 운송업 > 도로 화물 운송업 > 일반 화물 자동차 운송업,운수 및 창고업,육상 운송 및 파이프라인 운송업,도로 화물 운송업,도로 화물 운송업,49301 | 49302,일반 화물자동차 운송업 | 개인 화물자동차 운송업,"화물 자동차, 견인․구난 및 특수 목적용 자동차를 이용하여 각종 화 물 등을 운송하는 산업활동을 말한다.",특수 자동차 운송(견인 등) 운수 및 창고업|트럭 임대(운전자 딸린)|화물 자동차 운송,운전자 없는 자동차 임대,1톤이하 도시내 주행거리요금,특수 자동차 운송(견인 등) 운수 및 창고업|트럭 임대(운전자 딸린)|화물 자동차,운송|운수|창고|임대|이용,,KSIC 11차 (2024),True
602308,일반 화물 자동차 운송업,운수 및 창고업 > 육상 운송 및 파이프라인 운송업 > 도로 화물 운송업 > 일반 화물 자동차 운송업,운수 및 창고업,육상 운송 및 파이프라인 운송업,도로 화물 운송업,도로 화물 운송업,49301 | 49302,일반 화물자동차 운송업 | 개인 화물자동차 운송업,"화물 자동차, 견인․구난 및 특수 목적용 자동차를 이용하여 각종 화 물 등을 운송하는 산업활동을 말한다.",특수 자동차 운송(견인 등) 운수 및 창고업|트럭 임대(운전자 딸린)|화물 자동차 운송,운전자 없는 자동차 임대,1톤이하 이사화물 | 1톤초과 5톤미만 이사화물,특수 자동차 운송(견인 등) 운수 및 창고업|트럭 임대(운전자 딸린)|화물 자동차,운송|운수|창고|임대|이용,,KSIC 11차 (2024),True
602309,"화물 운송 중개, 대리 및 관련 서비스업","운수 및 창고업 > 창고 및 운송관련 서비스업 > 기타 운송관련 서비스업 > 그 외 기타 운송관련 서비스업 > 화물 운송 중개, 대리 및 관련 서비스업",운수 및 창고업,창고 및 운송관련 서비스업,기타 운송관련 서비스업,그 외 기타 운송관련 서비스업,52992,"화물 운송 중개, 대리 및 관련 서비스업","화물 운송업자와 화주 간에 화물 운송을 주선, 중개, 대리하는 산업활 동을 말한다.",국제 물류 주선업|복합 운송 주선업|화물 자동차 운송 주선업|도로 화물 운송 주선업|해운 대리점|항공 운송 대리점,,자기명의 화물운송 주선,국제 물류 주선업|복합 운송 주선업|화물 자동차 운송 주선업|도로 화물 운송 주선업|해운 대리점|항공 운송 대리점,중개|운송,,KSIC 11차 (2024),True
602310,개인 화물 자동차 운송업,운수 및 창고업 > 육상 운송 및 파이프라인 운송업 > 도로 화물 운송업 > 개인 화물 자동차 운송업,운수 및 창고업,육상 운송 및 파이프라인 운송업,도로 화물 운송업,도로 화물 운송업,49302,개인 화물자동차 운송업,"화물 자동차, 견인․구난 및 특수 목적용 자동차 1대를 이용하여 각 종 화물 등을 운송하는 산업활동을 말한다.",특수 자동차 운송(견인 등)|화물 자동차 운송,운전자 없는 자동차 임대,,특수 자동차 운송(견인 등)|화물 자동차,운송|이용,,KSIC 11차 (2024),True
602313,기타 도로 화물 운송업,운수 및 창고업 > 육상 운송 및 파이프라인 운송업 > 도로 화물 운송업 > 기타 도로 화물 운송업,운수 및 창고업,육상 운송 및 파이프라인 운송업,도로 화물 운송업,도로 화물 운송업,49309,기타 도로 화물 운송업,기타 도로 화물 운송사업을 수행하는 산업활동을 말한다.,동물 견인 화물 차량 운영|비동력 화물 차량 운영|인력 견인 화물 차량 운영,소화물 택배 서비스 및 늘찬 배달업,,동물 견인 화물 차량|비동력 화물 차량|인력 견인 화물 차량,운송,,KSIC 11차 (2024),True
602314,기타 도로 화물 운송업,운수 및 창고업 > 육상 운송 및 파이프라인 운송업 > 도로 화물 운송업 > 기타 도로 화물 운송업,운수 및 창고업,육상 운송 및 파이프라인 운송업,도로 화물 운송업,도로 화물 운송업,49309 | 49302 | 49301,기타 도로 화물 운송업 | 개인 화물자동차 운송업 | 일반 화물 자동차 운송업,"화물 자동차, 견인․구난 및 특수 목적용 자동차를 이용하여 각종 화 물 등을 운송하는 산업활동을 말한다.",특수 자동차 운송(견인 등) 운수 및 창고업|트럭 임대(운전자 딸린)|화물 자동차 운송,운전자 없는 자동차 임대,"수출입컨테이너, 시멘트, 철강재, 위험물질 운송",특수 자동차 운송(견인 등) 운수 및 창고업|트럭 임대(운전자 딸린)|화물 자동차,운송|운수|창고|임대|이용,,KSIC 11차 (2024),True
602315,일반 화물 자동차 운송업,운수 및 창고업 > 육상 운송 및 파이프라인 운송업 > 도로 화물 운송업 > 일반 화물 자동차 운송업,운수 및 창고업,육상 운송 및 파이프라인 운송업,도로 화물 운송업,도로 화물 운송업,49301 | 49302,일반 화물 자동차 운송업 | 개인 화물자동차 운송업,"화물 자동차, 견인․구난 및 특수 목적용 자동차를 이용하여 각종 화 물 등을 운송하는 산업활동을 말한다.",특수 자동차 운송(견인 등) 운수 및 창고업|트럭 임대(운전자 딸린)|화물 자동차 운송,운전자 없는 자동차 임대,가전제품 운송,특수 자동차 운송(견인 등) 운수 및 창고업|트럭 임대(운전자 딸린)|화물 자동차,운송|운수|창고|임대|이용,,KSIC 11차 (2024),True
602316,개인 화물 자동차 운송업,운수 및 창고업 > 육상 운송 및 파이프라인 운송업 > 도로 화물 운송업 > 개인 화물 자동차 운송업,운수 및 창고업,육상 운송 및 파이프라인 운송업,도로 화물 운송업,도로 화물 운송업,49302 | 49301 | 49309,개인 화물자동차 운송업 | 일반 화물 자동차 운송업 | 기타 도로 화물 운송업,"화물 자동차, 견인․구난 및 특수 목적용 자동차를 이용하여 각종 화 물 등을 운송하는 산업활동을 말한다.",특수 자동차 운송(견인 등) 운수 및 창고업|트럭 임대(운전자 딸린)|화물 자동차 운송,운전자 없는 자동차 임대,유통물류 운송,특수 자동차 운송(견인 등) 운수 및 창고업|트럭 임대(운전자 딸린)|화물 자동차,운송|운수|창고|임대|이용,,KSIC 11차 (2024),True
603000,파이프라인 운송업,운수 및 창고업 > 육상 운송 및 파이프라인 운송업 > 파이프라인 운송업,운수 및 창고업,육상 운송 및 파이프라인 운송업,파이프라인 운송업,파이프라인 운송업,49500,파이프라인 운송업,"원유, 천연 가스, 정제 석유제품 및 유사제품을 관로(파이프라인)를 이용하여 운송하는 산업활동을 말한다. 이 산업은 펌프장과 창고시설 을 부수적으로 운영할 수 있다.",,가스를 최종 소비자에게 배관 공급|증기를 최종 소비자에게 배관 공급|수돗물을 최종 소비자에게 배관 공급|수수료에 의한 가스 및 원유 저장소 운영,,파이프라인 운송업,정제|운송|창고|이용,,KSIC 11차 (2024),True
611001,내항 여객 운송업,운수 및 창고업 > 수상 운송업 > 해상 운송업 > 내항 운송업 > 내항 여객 운송업,운수 및 창고업,수상 운송업,해상 운송업,내항 운송업,50121,내항 여객 운송업,국내 항구 간에 각종 선박을 취항하여 여객을 운송하는 산업활동을 고 말한다.,내항 정기 여객 운송|내항 부정기 여객 운송|내항 여객선 임대(승무원 딸린)|유람선 운영(국내 항구 간),항만 내 여객 운송,,내항 정기 여객|내항 부정기 여객|내항 여객선 임대(승무원 딸린)|유람선 운영(국내 항구 간),운송|임대,,KSIC 11차 (2024),True
611002,외항 화물 운송업,운수 및 창고업 > 수상 운송업 > 해상 운송업 > 외항 운송업 > 외항 화물 운송업,운수 및 창고업,수상 운송업,해상 운송업,외항 운송업,50112,외항 화물 운송업,외국 항로에 선박을 취항하여 화물을 운송하는 산업활동을 말한다.,외항 화물 정기 운송|외항 화물 부정기 운송|외항 컨테이너 선박 운송|외항 화물 선박 임대(승무원 딸린),,,외항 화물 정기|외항 화물 부정기|외항 컨테이너 선박|외항 화물 선박 임대(승무원 딸린),운송|임대,,KSIC 11차 (2024),True
611003,내항 화물 운송업,운수 및 창고업 > 수상 운송업 > 해상 운송업 > 내항 운송업 > 내항 화물 운송업,운수 및 창고업,수상 운송업,해상 운송업,내항 운송업,50122,내항 화물 운송업,국내 항구 간에 각종 선박을 취항하여 화물을 운송하는 산업활동을 말한다.,내항 정기 화물 운송|내항 부정기 화물 운송|내항 화물 선박 임대(승무원 딸린),항만 내 여객 운송,,내항 정기 화물|내항 부정기 화물|내항 화물 선박 임대(승무원 딸린),운송|임대,,KSIC 11차 (2024),True
611004,기타 해상 운송업,운수 및 창고업 > 수상 운송업 > 해상 운송업 > 기타 해상 운송업,운수 및 창고업,수상 운송업,해상 운송업,기타 해상 운송업,50130,기타 해상 운송업,이 산업에는 예인선 운영 등을 포함한다.,예인선 운영(해상)|승무원이 동승하는 해수면 오락용 낚싯배 운영,항만 내 여객 및 화물 운송|내륙 수로 상의 예인선 운영|조난선의 구조 및 예인,,예인선 운영(해상)|승무원이 동승하는 해수면 오락용 낚싯배,운송|오락,,KSIC 11차 (2024),True
611005,외항 여객 운송업,운수 및 창고업 > 수상 운송업 > 해상 운송업 > 외항 운송업 > 외항 여객 운송업,운수 및 창고업,수상 운송업,해상 운송업,외항 운송업,50111,외항 여객 운송업,외국 항로에 선박을 취항하여 여객을 운송하는 산업활동을 말한다.,외항 여객 정기 운송|외항 여객 부정기 운송|유람선 운영(외국 항로),,,외항 여객 정기|외항 여객 부정기|유람선 운영(외국 항로),운송,,KSIC 11차 (2024),True
612000,기타 내륙 수상 여객 및 화물 운송업,운수 및 창고업 > 수상 운송업 > 내륙 수상 및 항만 내 운송업 > 기타 내륙 수상 여객 및 화물 운송업,운수 및 창고업,수상 운송업,내륙 수상 및 항만 내 운송업,내륙 수상 및 항만 내 운송업,50209,기타 내륙 수상 여객 및 화물 운송업,"강, 호수 등 내수면에서 선박에 의한 여객 및 화물 운송, 기타 내륙 수상 운송업을 수행하는 산업활동을 말한다.",내륙 수상용 유람선 및 예인선 운영|내륙 수상 택시 운영|내륙 여객선 및 화물 선박 임대(승무원 딸린)|내수면 오락용 낚싯배 운영(승무원 딸린),하역업체가 거룻배를 운영할 경우|물놀이 시설에서 오락용 보트 임대,,내륙 수상용 유람선 및 예인선|내륙 수상 택시|내륙 여객선 및 화물 선박 임대(승무원 딸린)|내수면 오락용 낚싯배 운영(승무원 딸린),운송|임대|오락,,KSIC 11차 (2024),True
612001,항만 내 여객 운송업,운수 및 창고업 > 수상 운송업 > 내륙 수상 및 항만 내 운송업 > 항만 내 여객 운송업,운수 및 창고업,수상 운송업,내륙 수상 및 항만 내 운송업,내륙 수상 및 항만 내 운송업,50201,항만 내 여객 운송업,항만 내에서 선박에 의하여 여객을 운송하는 산업활동을 말한다.,항만 내 여객 운송|항만 내 유람선업 운수 및 창고업,항만 내 화물 취급업|항만 내 화물 운송|항만 내 바지선(운전자 딸린) 임대,,항만 내 여객|항만 내 유람선업 운수 및 창고업,운송|운수|창고,,KSIC 11차 (2024),True
612002,기타 내륙 수상 여객 및 화물 운송업,운수 및 창고업 > 수상 운송업 > 내륙 수상 및 항만 내 운송업 > 기타 내륙 수상 여객 및 화물 운송업,운수 및 창고업,수상 운송업,내륙 수상 및 항만 내 운송업,내륙 수상 및 항만 내 운송업,50209,기타 내륙 수상 여객 및 화물 운송업,"강, 호수 등 내수면에서 선박에 의한 여객 및 화물 운송, 기타 내륙 수상 운송업을 수행하는 산업활동을 말한다.",내륙 수상용 유람선 및 예인선 운영|내륙 수상 택시 운영|내륙 여객선 및 화물 선박 임대(승무원 딸린)|내수면 오락용 낚싯배 운영(승무원 딸린),하역업체가 거룻배를 운영할 경우|물놀이 시설에서 오락용 보트 임대,"예인선, 견인선 등 기타내륙수상",내륙 수상용 유람선 및 예인선|내륙 수상 택시|내륙 여객선 및 화물 선박 임대(승무원 딸린)|내수면 오락용 낚싯배 운영(승무원 딸린),운송|임대|오락,,KSIC 11차 (2024),True
612003,수상 화물 취급업,운수 및 창고업 > 창고 및 운송관련 서비스업 > 기타 운송관련 서비스업 > 화물 취급업 > 수상 화물 취급업,운수 및 창고업,창고 및 운송관련 서비스업,기타 운송관련 서비스업,화물 취급업,52942,수상 화물 취급업,"항구 내에서 선박과 부두, 선박과 선박 간에 직접 화물을 운반하여 이를 선적 또는 하역하는 산업활동을 말한다.",수상 화물 하역|항만 내 화물 취급업|항만 내 화물 운송 운수 및 창고업|항만 내 바지선(운전자 딸린) 임대,,"강ㆍ운하, 항만내 화물운송",수상 화물 하역|항만 내 화물 취급업|항만 내 화물 운송 운수 및 창고업|항만 내 바지선(운전자 딸린),운송|운수|창고|하역|임대,,KSIC 11차 (2024),True
621000,항공 여객 운송업,운수 및 창고업 > 항공 운송업 > 항공 여객 운송업,운수 및 창고업,항공 운송업,항공 여객 운송업,항공 여객 운송업,51100,항공 여객 운송업,항공기 또는 우주선 등에 의하여 국내․외 항공 여객을 운송하는 산 업활동을 말한다.,항공 여객 운송(정기)|항공 여객 운송(부정기)|여객용 전세기 운송,,,항공 여객 운송(정기)|항공 여객 운송(부정기)|여객용 전세기,운송,,KSIC 11차 (2024),True
621001,항공 화물 운송업,운수 및 창고업 > 항공 운송업 > 항공 화물 운송업,운수 및 창고업,항공 운송업,항공 화물 운송업,항공 화물 운송업,51200,항공 화물 운송업,항공기 또는 우주선 등에 의하여 국내․외 항공 화물을 운송하는 산 업활동을 말한다. 운전자가 딸린 항공기 임대활동도 포함한다.,항공 화물 부정기 운송|항공 화물 정기운송|우주선 운행|화물 운송 항공기 임대(조종사 딸린)|화물의 우주 운송,"소화물 택배 운송업, 늘찬 배달업",,항공 화물 부정기|항공 화물 정기|우주선 운행|화물 운송 항공기 임대(조종사 딸린)|화물의 우주,운송|임대,,KSIC 11차 (2024),True
630101,항공 및 육상 화물 취급업,운수 및 창고업 > 창고 및 운송관련 서비스업 > 기타 운송관련 서비스업 > 화물 취급업 > 항공 및 육상 화물 취급업,운수 및 창고업,창고 및 운송관련 서비스업,기타 운송관련 서비스업,화물 취급업,52941,항공 및 육상 화물 취급업,"항공 및 육상, 철도 운송장비에 화물을 적재 및 하역하는 산업활동을 말한다.",항공 화물 하역|육상 화물 하역|철도 화물 하역,,,항공 화물 하역|육상 화물 하역|철도 화물 하역,운송|하역,,KSIC 11차 (2024),True
630102,수상 화물 취급업,운수 및 창고업 > 창고 및 운송관련 서비스업 > 기타 운송관련 서비스업 > 화물 취급업 > 수상 화물 취급업,운수 및 창고업,창고 및 운송관련 서비스업,기타 운송관련 서비스업,화물 취급업,52942,수상 화물 취급업,"항구 내에서 선박과 부두, 선박과 선박 간에 직접 화물을 운반하여 이를 선적 또는 하역하는 산업활동을 말한다.",수상 화물 하역|항만 내 화물 취급업|항만 내 화물 운송 운수 및 창고업|항만 내 바지선(운전자 딸린) 임대,,,수상 화물 하역|항만 내 화물 취급업|항만 내 화물 운송 운수 및 창고업|항만 내 바지선(운전자 딸린),운송|운수|창고|하역|임대,,KSIC 11차 (2024),True
630201,일반 창고업,운수 및 창고업 > 창고 및 운송관련 서비스업 > 보관 및 창고업 > 일반 창고업,운수 및 창고업,창고 및 운송관련 서비스업,보관 및 창고업,보관 및 창고업,52101,일반 창고업,온도 조절장치 등 물품 보존에 필요한 특수한 시설 없이 보통 상온에 서 보존이 가능한 물품을 보관하는 산업활동을 말한다.,보통 창고 운영|일반 물품 보세창고 운영 운수 및 창고업,,,보통 창고|일반 물품 보세창고 운영 운수 및 창고업,운수|보관|창고,,KSIC 11차 (2024),True
630202,냉장 및 냉동 창고업,운수 및 창고업 > 창고 및 운송관련 서비스업 > 보관 및 창고업 > 냉장 및 냉동 창고업,운수 및 창고업,창고 및 운송관련 서비스업,보관 및 창고업,보관 및 창고업,52102,냉장 및 냉동 창고업,상온에서 부패될 수 있는 물품을 보관하기 위하여 인공적으로 저온을 유지하여 물품을 보관하는 산업활동을 말한다. 이 사업체는 창고 내 에 급속 냉동시설을 보유할 수 있다.,냉장 창고 운영|냉동 물품 보관|얼음 보관소 운영|모피 보관(냉동)|냉동 식품 보관|농산물 보관(냉동|냉장),일반 농산물 보관|미곡 종합 처리장|수수료에 의하여 위탁된,,냉장 창고|냉동 물품 보관|얼음 보관소|모피 보관(냉동)|냉동 식품 보관|농산물 보관(냉동|냉장),보관|창고,,KSIC 11차 (2024),True
630203,농산물 창고업,운수 및 창고업 > 창고 및 운송관련 서비스업 > 보관 및 창고업 > 농산물 창고업,운수 및 창고업,창고 및 운송관련 서비스업,보관 및 창고업,보관 및 창고업,52103,농산물 창고업,미포장 벌크 상태 또는 포장된 농산물을 냉장․냉동 이외의 방법으로 보관하는 산업활동을 말한다.,곡물 창고,농산물의 냉장|냉동 보관,,곡물 창고,보관|창고,,KSIC 11차 (2024),True
630204,위험 물품 보관업,운수 및 창고업 > 창고 및 운송관련 서비스업 > 보관 및 창고업 > 위험 물품 보관업,운수 및 창고업,창고 및 운송관련 서비스업,보관 및 창고업,보관 및 창고업,52104,위험 물품 보관업,특별한 안전 유지가 요구되는 발화성 또는 인화성 물질 등을 보관하 는 산업활동을 말한다.,가스성 화물 보관소|액체 인화물 보관소|화학 물질 창고 운영|위험물 창고 운영|가스 포장 화물 창고 운영|미포장 벌크 상태의 석유 및 가스 보관,가스 및 원유의 도매활동에 결합된 창고 운영,,가스성 화물 보관소|액체 인화물 보관소|화학 물질 창고|위험물 창고|가스 포장 화물 창고|미포장 벌크 상태의 석유 및 가스 보관,보관|창고,,KSIC 11차 (2024),True
630205,기타 보관 및 창고업,운수 및 창고업 > 창고 및 운송관련 서비스업 > 보관 및 창고업 > 기타 보관 및 창고업,운수 및 창고업,창고 및 운송관련 서비스업,보관 및 창고업,보관 및 창고업,52109,기타 보관 및 창고업,기타 물품을 보관하는 산업활동을 말한다.,목재 하치장 운영|냉장|수면 목재 창고 운영|차량 보관소 운영,주차장 운영,,목재 하치장|냉장|수면 목재 창고|차량 보관소,보관|창고,,KSIC 11차 (2024),True
630301,철도 운송 지원 서비스업,운수 및 창고업 > 창고 및 운송관련 서비스업 > 기타 운송관련 서비스업 > 육상 운송 지원 서비스업 > 철도 운송 지원 서비스업,운수 및 창고업,창고 및 운송관련 서비스업,기타 운송관련 서비스업,육상 운송 지원 서비스업,52911,철도 운송 지원 서비스업,도시 내 또는 도시 간 철도 운송에 관련된 여객 및 화물 터미널 운영 과 기타 철도 운송 지원 서비스를 제공하는 산업활동을 말한다.,철도 차량 터미널 운영|철도 차량 점검 및 유지|관리 운수 및 창고업|기차역(역사) 운영,,,철도 차량 터미널|철도 차량 점검 및 유지|관리 운수 및 창고업|기차역(역사),운송|운수|창고|관리,,KSIC 11차 (2024),True
630302,여객 자동차 터미널 운영업,운수 및 창고업 > 창고 및 운송관련 서비스업 > 기타 운송관련 서비스업 > 육상 운송 지원 서비스업 > 여객 자동차 터미널 운영업,운수 및 창고업,창고 및 운송관련 서비스업,기타 운송관련 서비스업,육상 운송 지원 서비스업,52912,여객 자동차 터미널 운영업,승합 자동차의 정류 및 여객의 승․하차를 위한 여객 자동차 터미널 시설을 운영하는 산업활동을 말한다.,버스 정류장 운영(여객),주차장 운영|매표소 운영,,버스 정류장 운영(여객),,,KSIC 11차 (2024),True
630303,주차장 운영업,운수 및 창고업 > 창고 및 운송관련 서비스업 > 기타 운송관련 서비스업 > 육상 운송 지원 서비스업 > 주차장 운영업,운수 및 창고업,창고 및 운송관련 서비스업,기타 운송관련 서비스업,육상 운송 지원 서비스업,52915,주차장 운영업,수수료를 받고 자동차를 일정 시간 주차시키는 산업활동을 말한다.,주차장 운영,차량 장기 보관소 운영,,주차장,,,KSIC 11차 (2024),True
630304,자동차 임대업(렌트카),"사업시설 관리, 사업 지원 및 임대 서비스업 > 임대업; 부동산 제외 > 운송장비 임대업 > 자동차 임대업 > 자동차 임대업(렌트카)","사업시설 관리, 사업 지원 및 임대 서비스업",임대업; 부동산 제외,운송장비 임대업,자동차 임대업,76110,자동차 임대업,운전자 없이 승용 및 화물 자동차를 리스 또는 임대하는 산업활동을 말한다.,승용차 임대|리무진 임대|버스 임대|트럭 임대|화물 자동차 임대|레저용 차량 임대,,,승용차|리무진|버스|트럭|화물 자동차|레저용 차량,임대|리스,,KSIC 11차 (2024),True
630305,물류 터미널 운영업,운수 및 창고업 > 창고 및 운송관련 서비스업 > 기타 운송관련 서비스업 > 육상 운송 지원 서비스업 > 물류 터미널 운영업,운수 및 창고업,창고 및 운송관련 서비스업,기타 운송관련 서비스업,육상 운송 지원 서비스업,52913,물류 터미널 운영업,"육상 화물의 집하, 하역, 분류, 포장, 보관 등에 필요한 물류 터미널을 운영하는 산업활동을 말한다.",복합ㆍ일반 물류 터미널 운영,,,복합ㆍ일반 물류 터미널,보관|하역,,KSIC 11차 (2024),True
630309,기타 육상 운송지원 서비스업,운수 및 창고업 > 창고 및 운송관련 서비스업 > 기타 운송관련 서비스업 > 육상 운송 지원 서비스업 > 기타 육상 운송지원 서비스업,운수 및 창고업,창고 및 운송관련 서비스업,기타 운송관련 서비스업,육상 운송 지원 서비스업,52919,기타 육상 운송지원 서비스업,기타 육상 운송지원 서비스를 수행하는 산업활동을 말한다.,콜택시 연결 서비스,,,콜택시 연결,운송,,KSIC 11차 (2024),True
630311,도로 및 관련시설 운영업,운수 및 창고업 > 창고 및 운송관련 서비스업 > 기타 운송관련 서비스업 > 육상 운송 지원 서비스업 > 도로 및 관련시설 운영업,운수 및 창고업,창고 및 운송관련 서비스업,기타 운송관련 서비스업,육상 운송 지원 서비스업,52914,도로 및 관련시설 운영업,"유료 도로, 터널, 교량 등을 운영하는 산업활동을 말한다.",유료 고가 도로 운영,,,유료 고가 도로,,,KSIC 11차 (2024),True
630401,기타 수상 운송 지원 서비스업,운수 및 창고업 > 창고 및 운송관련 서비스업 > 기타 운송관련 서비스업 > 수상 운송 지원 서비스업 > 기타 수상 운송 지원 서비스업,운수 및 창고업,창고 및 운송관련 서비스업,기타 운송관련 서비스업,수상 운송 지원 서비스업,52929,기타 수상 운송 지원 서비스업,"선박이 항구를 입․출항하거나, 정해진 구역(도선구)에서 이동 시 선 박을 안내하는 산업활동 등 기타 수상 운송 지원 서비스를 제공하는 산업활동을 말한다.","도선 서비스|수로 안내 및 정박 서비스|등대 운영|수로, 갑문 운영|운하 운영|항해 조력 서비스|선박 구난 및 인양 서비스",해상 터미널시설 운영|선박 소독 및 해충 구제 서비스|선박 및 유조선 청소,선박 구난 및 인양,"도선|수로 안내 및 정박|등대|수로, 갑문|운하|항해 조력|선박 구난 및 인양",운송,,KSIC 11차 (2024),True
630402,선박관리업,운수 및 창고업 > 창고 및 운송관련 서비스업 > 기타 운송관련 서비스업 > 수상 운송 지원 서비스업 > 선박관리업,운수 및 창고업,창고 및 운송관련 서비스업,기타 운송관련 서비스업,수상 운송 지원 서비스업,52922 | 52929,선박관리업 | 기타 수상 운송 지원 서비스업,선박소유자로부터 선박 관련 총괄적인 업무에 관한 중개․알선․관리 감독 등을 수탁받아 선박관리를 수행하는 산업활동을 말한다.,선박관리에 필요한 기술적|상업적인 활동 관리,"해상운송업 운수 및 창고업|해운중개업, 대리",,선박관리에 필요한 기술적|상업적인 활동 관리,중개|알선|관리,,KSIC 11차 (2024),True
630403,기타 수상 운송 지원 서비스업,운수 및 창고업 > 창고 및 운송관련 서비스업 > 기타 운송관련 서비스업 > 수상 운송 지원 서비스업 > 기타 수상 운송 지원 서비스업,운수 및 창고업,창고 및 운송관련 서비스업,기타 운송관련 서비스업,수상 운송 지원 서비스업,52929,기타 수상 운송 지원 서비스업,"선박이 항구를 입․출항하거나, 정해진 구역(도선구)에서 이동 시 선 박을 안내하는 산업활동 등 기타 수상 운송 지원 서비스를 제공하는 산업활동을 말한다.","도선 서비스|수로 안내 및 정박 서비스|등대 운영|수로, 갑문 운영|운하 운영|항해 조력 서비스|선박 구난 및 인양 서비스",해상 터미널시설 운영|선박 소독 및 해충 구제 서비스|선박 및 유조선 청소,도선사,"도선|수로 안내 및 정박|등대|수로, 갑문|운하|항해 조력|선박 구난 및 인양",운송,,KSIC 11차 (2024),True
630405,항구 및 기타 해상 터미널 운영업,운수 및 창고업 > 창고 및 운송관련 서비스업 > 기타 운송관련 서비스업 > 수상 운송 지원 서비스업 > 항구 및 기타 해상 터미널 운영업,운수 및 창고업,창고 및 운송관련 서비스업,기타 운송관련 서비스업,수상 운송 지원 서비스업,52921,항구 및 기타 해상 터미널 운영업,"항구, 부두, 도크, 잔교 및 해상 터미널 등을 운영하는 산업활동을 말 한다.",항만시설 운영|해상 터미널시설 운영,,,항만시설|해상 터미널시설,,,KSIC 11차 (2024),True
630500,기타 항공 운송지원 서비스업,운수 및 창고업 > 창고 및 운송관련 서비스업 > 기타 운송관련 서비스업 > 항공 운송 지원 서비스업 > 기타 항공 운송지원 서비스업,운수 및 창고업,창고 및 운송관련 서비스업,기타 운송관련 서비스업,항공 운송 지원 서비스업,52939,기타 항공 운송지원 서비스업,기타 항공 운송지원 서비스를 제공하는 산업활동을 말한다.,공항 지상 서비스|비행기 견인|격납고 서비스|급유 점검(경상 유지)|항공기 관제 서비스|공항설비 운영(항공 터미널 제외),무선 표지 및 레이더 통신소,,공항 지상|비행기 견인|격납고|급유 점검(경상 유지)|항공기 관제|공항설비 운영(항공 터미널 제외),운송,,KSIC 11차 (2024),True
630501,공항 운영업,운수 및 창고업 > 창고 및 운송관련 서비스업 > 기타 운송관련 서비스업 > 항공 운송 지원 서비스업 > 공항 운영업,운수 및 창고업,창고 및 운송관련 서비스업,기타 운송관련 서비스업,항공 운송 지원 서비스업,52931,공항 운영업,비행기가 이․착륙하기 위한 시설을 운영하는 산업활동을 말한다.,항공 터미널시설 운영|비행장 운영업,,,항공 터미널시설|비행장 운,,,KSIC 11차 (2024),True
630600,여행사업,"사업시설 관리, 사업 지원 및 임대 서비스업 > 사업 지원 서비스업 > 여행사 및 기타 여행 보조 서비스업 > 여행사업","사업시설 관리, 사업 지원 및 임대 서비스업",사업 지원 서비스업,여행사 및 기타 여행 보조 서비스업,여행사업,75210,여행사업,"국내․외를 여행하는 관광객을 대상으로 여행관련 시설 이용의 알선, 여행에 관한 안내, 계약 체결의 대리 및 기타 여행의 편의를 제공하 는 산업활동을 말하며, 부수적으로 항공권, 숙박시설 이용권, 레포츠 시설 이용권 등의 판매 대리 활동을 수행할 수 있다. 사업시설 관리, 사업 지원 및 임대 서비스업",일반 여행사|국외 여행사,,,일반 여행사|국외 여행사,판매|알선|임대|숙박|관리|이용,,KSIC 11차 (2024),True
630601,기타 여행 보조 및 예약 서비스업,"사업시설 관리, 사업 지원 및 임대 서비스업 > 사업 지원 서비스업 > 여행사 및 기타 여행 보조 서비스업 > 기타 여행 보조 및 예약 서비스업","사업시설 관리, 사업 지원 및 임대 서비스업",사업 지원 서비스업,여행사 및 기타 여행 보조 서비스업,기타 여행 보조 및 예약 서비스업,75290,기타 여행 보조 및 예약 서비스업,기타 여행 지원 서비스업을 수행하는 산업활동을 말한다.,관광 안내소|카풀체계 운영|매표 대리(여객 자동차 매표 대리 포함)|숙식 알선|여행자 가이드(안내) 서비스|숙박 예약 대리,,,관광 안내소|카풀체계|매표 대리(여객 자동차 매표 대리 포함)|숙식|여행자 가이드(안내)|숙박 예약 대리,알선|숙박,,KSIC 11차 (2024),True
630701,시내버스 운송업,운수 및 창고업 > 육상 운송 및 파이프라인 운송업 > 육상 여객 운송업 > 도시 정기 육상 여객 운송업 > 시내버스 운송업,운수 및 창고업,육상 운송 및 파이프라인 운송업,육상 여객 운송업,도시 정기 육상 여객 운송업,49212 | 49220 | 49231,시내버스 운송업 | 시외버스 운송업 | 택시 운송업,,,,지입 시내버스 | 지입 시외버스 | 지입 택시,시내버스 운송업,운송,,KSIC 11차 (2024),False
630702,일반 화물 자동차 운송업,운수 및 창고업 > 육상 운송 및 파이프라인 운송업 > 도로 화물 운송업 > 일반 화물 자동차 운송업,운수 및 창고업,육상 운송 및 파이프라인 운송업,도로 화물 운송업,도로 화물 운송업,49301 | 49302,일반 화물 자동차 운송업 | 개인 화물자동차 운송업 | 일반 화물자동차 운송업,"화물 자동차, 견인․구난 및 특수 목적용 자동차를 이용하여 각종 화 물 등을 운송하는 산업활동을 말한다.",특수 자동차 운송(견인 등) 운수 및 창고업|트럭 임대(운전자 딸린)|화물 자동차 운송,운전자 없는 자동차 임대,지입,특수 자동차 운송(견인 등) 운수 및 창고업|트럭 임대(운전자 딸린)|화물 자동차,운송|운수|창고|임대|이용,,KSIC 11차 (2024),True
630901,택배업,운수 및 창고업 > 육상 운송 및 파이프라인 운송업 > 소화물 전문 운송업 > 택배업,운수 및 창고업,육상 운송 및 파이프라인 운송업,소화물 전문 운송업,소화물 전문 운송업,49401,택배업,"대도시 지역이나 도시 간 소화물 택배 서비스를 제공하는 산업활동을 말한다. 이러한 사업체는 택배 물품 수집 및 배달을 포함하는 네트워 크 시스템을 형성하며 육상, 수상, 항공 수송 수단이 결합되어 수행될 수 있다. 국영 또는 공영 이외의 우편업 활동도 포함한다.",택배 서비스|직영ㆍ위탁 운영하는 우체국 택배 서비스,팔레트로 운반하는 화물 자동차 운송,,택배|직영ㆍ위탁 운영하는 우체국 택배,배달|택배,,KSIC 11차 (2024),True
630902,통관 대리 및 관련서비스업,운수 및 창고업 > 창고 및 운송관련 서비스업 > 기타 운송관련 서비스업 > 그 외 기타 운송관련 서비스업 > 통관 대리 및 관련서비스업,운수 및 창고업,창고 및 운송관련 서비스업,기타 운송관련 서비스업,그 외 기타 운송관련 서비스업,52991 | 52992,"통관 대리 및 관련서비스업 | 화물 운송 중개, 대리 및 관련 서비스업",,,,,통관 대리 및 관련,,,KSIC 11차 (2024),False
630903,"화물 포장, 검수 및 계량 서비스업","운수 및 창고업 > 창고 및 운송관련 서비스업 > 기타 운송관련 서비스업 > 그 외 기타 운송관련 서비스업 > 화물 포장, 검수 및 계량 서비스업",운수 및 창고업,창고 및 운송관련 서비스업,기타 운송관련 서비스업,그 외 기타 운송관련 서비스업,52993,"화물 포장, 검수 및 계량 서비스업","운송 물품의 보호를 위하여 운송 화물을 포장하거나 운송 화물을 검 수, 계량하는 산업활동을 말한다.",화물 포장(운송관련)|화물 계량(운송관련)|화물 검수(운송관련)|선적 화물 포장(운송관련),일반 상품 포장|계량 서비스,,화물 포장(운송관련)|화물 계량(운송관련)|화물 검수(운송관련)|선적 화물 포장(운송관련),운송,,KSIC 11차 (2024),True
630904,늘찬 배달업,운수 및 창고업 > 육상 운송 및 파이프라인 운송업 > 소화물 전문 운송업 > 늘찬 배달업,운수 및 창고업,육상 운송 및 파이프라인 운송업,소화물 전문 운송업,소화물 전문 운송업,49402,늘찬 배달업,도시 내에서 소화물을 수집 및 배달하는 산업활동을 말한다. 도시 간 택배 네트워크의 일부로서 운영하는 경우는 제외한다.,지역 내 소화물 배달|꽃 배달|퀵 서비스 운수 및 창고업,,,지역 내 소화물|퀵 서비스 운수 및 창고업,운수|배달|택배|창고,,KSIC 11차 (2024),True
630905,"화물 포장, 검수 및 계량 서비스업","운수 및 창고업 > 창고 및 운송관련 서비스업 > 기타 운송관련 서비스업 > 그 외 기타 운송관련 서비스업 > 화물 포장, 검수 및 계량 서비스업",운수 및 창고업,창고 및 운송관련 서비스업,기타 운송관련 서비스업,그 외 기타 운송관련 서비스업,52993,"화물 포장, 검수 및 계량 서비스업","운송 물품의 보호를 위하여 운송 화물을 포장하거나 운송 화물을 검 수, 계량하는 산업활동을 말한다.",화물 포장(운송관련)|화물 계량(운송관련)|화물 검수(운송관련)|선적 화물 포장(운송관련),일반 상품 포장|계량 서비스,포장이사,화물 포장(운송관련)|화물 계량(운송관련)|화물 검수(운송관련)|선적 화물 포장(운송관련),운송,,KSIC 11차 (2024),True
630909,그 외 기타 분류 안된 운송관련 서비스업,운수 및 창고업 > 창고 및 운송관련 서비스업 > 기타 운송관련 서비스업 > 그 외 기타 운송관련 서비스업 > 그 외 기타 분류 안된 운송관련 서비스업,운수 및 창고업,창고 및 운송관련 서비스업,기타 운송관련 서비스업,그 외 기타 운송관련 서비스업,52999,그 외 기타 분류 안된 운송관련 서비스업,그 외 기타 운송관련 서비스업을 수행하는 산업활동을 말한다.,"동물 운송 관리 서비스|가축 운송관련 서비스|선박 임대 및 사용 알선, 중개|임시 가축 사육장 운영(운송관련)|항공기 임대 및 사용 알선, 중개",운송관련 화물 계량 서비스,,동물 운송 관리|가축 운송관련|선박 임대 및 사용 알선|임시 가축 사육장 운영(운송관련)|항공기 임대 및 사용 알선,사육|중개|알선|운송|임대|관리,,KSIC 11차 (2024),True
641100,중앙은행,금융 및 보험업 > 금융업 > 은행 및 저축기관 > 중앙은행,금융 및 보험업,금융업,은행 및 저축기관,중앙은행,64110,중앙은행,"통화의 원천적 공급과 조절, 자금의 효율적 배분 관리를 위하여 통화 발행과 금융기관의 여․수신, 지불 준비금 조달, 외국환 관리 및 업 무, 정부 여․수신 및 관련 정부 위임 업무 취급 등의 기능을 수행하 는 산업활동을 말한다.",한국은행,,,한국은행,금융|관리,,KSIC 11차 (2024),True
641200,공영 우편업,정보통신업 > 우편 및 통신업 > 공영 우편업,정보통신업,우편 및 통신업,공영 우편업,공영 우편업,61100,공영 우편업,"국가 또는 공공기관이 우편서비스 제공 의무에 따라 우편함 또는 우 정 체국 창구시설 등을 통해 우편물을 수집 및 분배․배달하는 활동으로 보 서 우표 판매활동과 우편물 분류 및 처리활동, 사서함 임대, 우편물 유치활동을 포함한다.",우체국,사설 우편서비스 제공업,,우체국,판매|배달|임대,,KSIC 11차 (2024),True
641201,택배업,운수 및 창고업 > 육상 운송 및 파이프라인 운송업 > 소화물 전문 운송업 > 택배업,운수 및 창고업,육상 운송 및 파이프라인 운송업,소화물 전문 운송업,소화물 전문 운송업,49401,택배업,"대도시 지역이나 도시 간 소화물 택배 서비스를 제공하는 산업활동을 말한다. 이러한 사업체는 택배 물품 수집 및 배달을 포함하는 네트워 크 시스템을 형성하며 육상, 수상, 항공 수송 수단이 결합되어 수행될 수 있다. 국영 또는 공영 이외의 우편업 활동도 포함한다.",택배 서비스|직영ㆍ위탁 운영하는 우체국 택배 서비스,팔레트로 운반하는 화물 자동차 운송,"서신송달, 소화물 수집ㆍ운반ㆍ배달",택배|직영ㆍ위탁 운영하는 우체국 택배,배달|택배,,KSIC 11차 (2024),True
642001,무선 및 위성 통신업,정보통신업 > 우편 및 통신업 > 전기 통신업 > 무선 및 위성 통신업,정보통신업,우편 및 통신업,전기 통신업,무선 및 위성 통신업,61220,무선 및 위성 통신업,"무선 통신시설을 이용하여 음성, 데이터, 문자, 음향, 영상 및 기타 정 보를 송․수신하는 산업활동을 말한다. 위성 통신시설을 이용하는 통 신업도 포함한다.",무선 전화 서비스|무선 호출 서비스|무선 인터넷 서비스|주파수 공용통신(TRS) 사업|위성 전화 서비스|위성 인터넷 서비스,인공위성 시스템을 이용한 텔레비전 방송활동,,무선 전화|무선 호출|무선 인터넷|주파수 공용통신(TRS) 사업|위성 전화|위성 인터넷,통신|이용,,KSIC 11차 (2024),True
642002,통신 재판매업,정보통신업 > 우편 및 통신업 > 전기 통신업 > 기타 전기 통신업 > 통신 재판매업,정보통신업,우편 및 통신업,전기 통신업,기타 전기 통신업,61291,통신 재판매업,기간통신 사업자로부터 전기 통신 회선설비를 임차하여 기업 및 가정 을 대상으로 전화사업(회선 재판매 포함)을 하는 산업활동을 말한다. 이 사업체는 통신망을 운영․관리하지 않는다.,무선 통신 재판매|유선 통신 재판매|유선 인터넷 재판매,,,무선 통신 재|유선 통신 재|유선 인터넷 재,판매|통신|관리,,KSIC 11차 (2024),True
642003,그 외 기타 전기 통신업,정보통신업 > 우편 및 통신업 > 전기 통신업 > 기타 전기 통신업 > 그 외 기타 전기 통신업,정보통신업,우편 및 통신업,전기 통신업,기타 전기 통신업,61299,그 외 기타 전기 통신업,그 외 기타 전기 통신업을 수행하는 산업활동을 말한다.,레이더 서비스|방송 전송 서비스|미사일 유도 서비스|통신 위성 지구국 운영|통신 중계 서비스|통신 위성 운영,,,레이더|방송 전송|미사일 유도|통신 위성 지구국|통신 중계|통신 위성,방송|통신,,KSIC 11차 (2024),True
642004,포털 및 기타 인터넷 정보 매개 서비스업,"정보통신업 > 정보서비스업 > 자료 처리, 호스팅, 포털 및 기타 인터넷 정보 매개 서비스업 > 포털 및 기타 인터넷 정보 매개 서비스업",정보통신업,정보서비스업,"자료 처리, 호스팅, 포털 및 기타 인터넷 정보 매개 서비스업",포털 및 기타 인터넷 정보 매개 서비스업,63120,포털 및 기타 인터넷 정보 매개 서비스업,"인터넷에서 검색, 커뮤니티, 전자메일, 블로그 등의 서비스를 통해 금 융, 생활 정보, 뉴스, 이용자 제작 콘텐츠 및 디지털화된 다양한 정보 를 매개하는 산업활동을 말한다.",포털 서비스|인터넷 정보 매개 서비스,데이터베이스를 직접 구축하여 정보를 판매하는 서비스|전자상거래 방법에 의한 상품 소매|온라인상의 증권 중개 서비스|온라인상의 부동산 중개 서비스 J|온라인상의 인력 알선 서비스,,포털|인터넷 정보 매개,제작|이용,,KSIC 11차 (2024),True
642005,유선 통신업,정보통신업 > 우편 및 통신업 > 전기 통신업 > 유선 통신업,정보통신업,우편 및 통신업,전기 통신업,유선 통신업,61210,유선 통신업,"유선 통신시설을 이용하여 음성, 데이터, 문자, 음향, 영상 및 기타 정 보를 송․수신하는 산업활동을 말한다. 여기에는 유선 통신 회선설비 를 임대하는 산업활동을 포함한다.",유선 전화 서비스|유선 전신 및 전보 서비스|유선 인터넷 서비스|유선 통신 회선설비 임대,임차한 통신 회선설비를 이용한 전화사업,,유선 전화|유선 전신 및 전보|유선 인터넷|유선 통신 회선설비,통신|임대|이용,,KSIC 11차 (2024),True
659201,국내은행,금융 및 보험업 > 금융업 > 은행 및 저축기관 > 일반은행 > 국내은행,금융 및 보험업,금융업,은행 및 저축기관,일반은행,64121,국내은행,"일반 대중 및 기업을 대상으로 여․수신 활동을 수행하는 시중은행 및 지방은행을 말하며, 금융 업무를 수행하는 농협․축협․수협의 중 앙회를 포함한다.",시중은행|지방은행|농협중앙회|수협중앙회|축협중앙회,농협|축협|수협의 단위 조합,,시중은행|지방은행|농협중앙회|수협중앙회|축협중앙회,금융,,KSIC 11차 (2024),True
659202,신용조합,금융 및 보험업 > 금융업 > 은행 및 저축기관 > 신용조합 및 저축기관 > 신용조합,금융 및 보험업,금융업,은행 및 저축기관,신용조합 및 저축기관,64131,신용조합,고객으로부터 상호 부금 형태로 조성된 자금을 고객에게 대출하는 은 행 이외의 여․수신 기관을 말한다.,"신용협동조합|새마을금고|농협, 축협, 수협의 단위조합|산림조합",,,"신용협동조합|새마을금고|농협, 축협, 수협의 단위조합|산림조합",대출,,KSIC 11차 (2024),True
659203,그 외 기타 여신 금융업,금융 및 보험업 > 금융업 > 기타 금융업 > 여신 금융업 > 그 외 기타 여신 금융업,금융 및 보험업,금융업,기타 금융업,여신 금융업,64919,그 외 기타 여신 금융업,"은행, 개발 금융회사, 신용카드 및 할부 금융기관을 제외한 기타 자금 대부에 관련되는 금융활동을 수행하는 여신 전문 금융기관을 포함한 다. 소비자 단기 자금 대부, 재할인 금융업무 등도 포함한다.",재할인 개인 대출회사(비은행)|증권 금융회사|전당포|파이낸스(여신기관)|종합 금융회사|매출 채권 등 팩토링(factoring) 금융|소비자 단기 자금 대부(사채업)|온라인투자연계금융업,,금융기관 이외,재할인 개인 대출회사(비은행)|증권 금융회사|전당포|파이낸스(여신기관)|종합 금융회사|매출 채권 등 팩토링(factoring) 금융|소비자 단기 자금 대부(사채업)|온라인투자연계금융업,개발|금융|대출|투자,,KSIC 11차 (2024),True
659204,그 외 기타 여신 금융업,금융 및 보험업 > 금융업 > 기타 금융업 > 여신 금융업 > 그 외 기타 여신 금융업,금융 및 보험업,금융업,기타 금융업,여신 금융업,64919,그 외 기타 여신 금융업,"은행, 개발 금융회사, 신용카드 및 할부 금융기관을 제외한 기타 자금 대부에 관련되는 금융활동을 수행하는 여신 전문 금융기관을 포함한 다. 소비자 단기 자금 대부, 재할인 금융업무 등도 포함한다.",재할인 개인 대출회사(비은행)|증권 금융회사|전당포|파이낸스(여신기관)|종합 금융회사|매출 채권 등 팩토링(factoring) 금융|소비자 단기 자금 대부(사채업)|온라인투자연계금융업,,전당포업,재할인 개인 대출회사(비은행)|증권 금융회사|전당포|파이낸스(여신기관)|종합 금융회사|매출 채권 등 팩토링(factoring) 금융|소비자 단기 자금 대부(사채업)|온라인투자연계금융업,개발|금융|대출|투자,,KSIC 11차 (2024),True
659205,상호 저축은행 및 기타 저축기관,금융 및 보험업 > 금융업 > 은행 및 저축기관 > 신용조합 및 저축기관 > 상호 저축은행 및 기타 저축기관,금융 및 보험업,금융업,은행 및 저축기관,신용조합 및 저축기관,64132,상호 저축은행 및 기타 저축기관,일반 고객으로부터 예금 등을 받아 조성된 자금을 고객에게 대출하는 일반은행 이외의 저축기관을 말한다.,상호 저축은행|상호 신용금고|우체국 예금,,,상호 저축은행|상호 신용금고|우체국 예금,대출,,KSIC 11차 (2024),True
659206,신용카드 및 할부 금융업,금융 및 보험업 > 금융업 > 기타 금융업 > 여신 금융업 > 신용카드 및 할부 금융업,금융 및 보험업,금융업,기타 금융업,여신 금융업,64913,신용카드 및 할부 금융업,"신용카드를 발행하고, 그 신용카드 사용에 관련된 자금을 대여하거나 물품 등의 거래(매매)에 필요한 자금을 할부로 분할 대여 또는 분할 상환 형태로 회수하는 산업활동을 말한다.",신용카드 금융|소비자 할부 금융업|캐피탈사,,,신용카드 금융|소비자 할부 금융업|캐피탈사,대여|금융,,KSIC 11차 (2024),True
659207,외국은행,금융 및 보험업 > 금융업 > 은행 및 저축기관 > 일반은행 > 외국은행,금융 및 보험업,금융업,은행 및 저축기관,일반은행,64122,외국은행,외국은행의 국내 지점 또는 대리점과 국제기구 은행의 산업활동을 말 한다.,외국은행 지점|국제기구 은행 지점,,,외국은행 지점|국제기구 은행 지점,,,KSIC 11차 (2024),True
659208,금융 리스업,금융 및 보험업 > 금융업 > 기타 금융업 > 여신 금융업 > 금융 리스업,금융 및 보험업,금융업,기타 금융업,여신 금융업,64911,금융 리스업,"대체적으로 자산의 내용 연수 만기에 가까운 기간을 그 자산의 대여 기간으로 정하여 설비에 대한 금융을 제공하는 활동으로서, 임차인은 그 자산의 이용과 소유권에 관련된 손익과 위험에 관련된 모든 것을 책임지며, 만기 시에 그 자산의 양도 여부는 별도로 정할 수 있다.",금융 리스,운용 리스,,금융 리스,대여|리스|금융|이용,,KSIC 11차 (2024),True
659209,개발 금융기관,금융 및 보험업 > 금융업 > 기타 금융업 > 여신 금융업 > 개발 금융기관,금융 및 보험업,금융업,기타 금융업,여신 금융업,64912,개발 금융기관,"대부분의 운영 자금을 중앙은행, 정부 또는 해외로부터 차입이나 채 권 발행 등을 통하여 조달하고, 장기 거액 자금이 소요되는 특정 부 문을 대상으로 금융 리스 이외의 방법으로 장기 사업 자금의 대출 업 무를 수행하는 신용기관을 말한다.",수출입은행,금융 리스|운용 리스,,수출입은행,개발|리스|금융|대출,,KSIC 11차 (2024),True
659900,기타 금융 투자업,금융 및 보험업 > 금융업 > 신탁업 및 집합 투자업 > 기타 금융 투자업,금융 및 보험업,금융업,신탁업 및 집합 투자업,신탁업 및 집합 투자업,64209,기타 금융 투자업,"자기계정으로 금융 투자 상품 매도ㆍ매수, 증권 발행ㆍ인수 또는 그 청약 권유, 청약 및 청약 승낙 등을 영업으로 하는 투자 매매업과 벤 처 캐피탈 등 기타 금융 투자활동을 말한다.","투자 매매업|벤처 캐피탈(신기술 사업금융업, 창업 투자회사 등)",부동산 투자신탁|선박 임대 투자회사|일반영화 투자회사|금융 투자 일임업,,"투자 매매업|벤처 캐피탈(신기술 사업금융업, 창업 투자회사 등)",금융|투자,,KSIC 11차 (2024),True
659901,온라인 활용 마케팅 및 관련 사업지원 서비스업,"사업시설 관리, 사업 지원 및 임대 서비스업 > 사업 지원 서비스업 > 기타 사업 지원 서비스업 > 그 외 기타 사업 지원 서비스업 > 온라인 활용 마케팅 및 관련 사업지원 서비스업","사업시설 관리, 사업 지원 및 임대 서비스업",사업 지원 서비스업,기타 사업 지원 서비스업,그 외 기타 사업 지원 서비스업,75995 | 75999,온라인 활용 마케팅 및 관련 사업지원 서비스업 | 그 외 기타 분류 안된 사업지원 서비스업,온라인을 활용한 마케팅 및 관련 사업지원 서비스를 수행하는 산업활 동을 말한다.,모바일 상품권 판매 대행,온라인 통신망을 통하여 각종 상품을 소매하는 활동|게임 소프트웨어 개발|범용성 응용 소프트웨어 개발,상품권 매매업,모바일 상품권 판매 대행,판매,,KSIC 11차 (2024),True
659902,그 외 기타 분류 안된 금융업,금융 및 보험업 > 금융업 > 기타 금융업 > 그 외 기타 금융업 > 그 외 기타 분류 안된 금융업,금융 및 보험업,금융업,기타 금융업,그 외 기타 금융업,64999,그 외 기타 분류 안된 금융업,그 외 기타 금융활동을 수행하는 산업활동을 말한다.,선불카드 발행업,선불카드 결제 대행 서비스,,선불카드 발행업,금융,,KSIC 11차 (2024),True
659903,신탁업 및 집합 투자업,금융 및 보험업 > 금융업 > 신탁업 및 집합 투자업,금융 및 보험업,금융업,신탁업 및 집합 투자업,신탁업 및 집합 투자업,64201,신탁업 및 집합 투자업,"증권 발행, 신탁 및 기타 출자(채권, 어음 및 기타 금융자산 출자 등) 방법을 통해 투자자로부터 모집한 자금을 자기계정으로 증권에 투자 하여 수익을 투자자에게 배분하는 산업활동을 말한다.",자산 운용회사|뮤츄얼 펀드 조성 및 관리,금융 투자 일임업,,자산 운용회사|뮤츄얼 펀드 조성 및 관리,금융|투자|관리,,KSIC 11차 (2024),True
659904,그 외 기타 여신 금융업,금융 및 보험업 > 금융업 > 기타 금융업 > 여신 금융업 > 그 외 기타 여신 금융업,금융 및 보험업,금융업,기타 금융업,여신 금융업,64919,그 외 기타 여신 금융업,"은행, 개발 금융회사, 신용카드 및 할부 금융기관을 제외한 기타 자금 대부에 관련되는 금융활동을 수행하는 여신 전문 금융기관을 포함한 다. 소비자 단기 자금 대부, 재할인 금융업무 등도 포함한다.",재할인 개인 대출회사(비은행)|증권 금융회사|전당포|파이낸스(여신기관)|종합 금융회사|매출 채권 등 팩토링(factoring) 금융|소비자 단기 자금 대부(사채업)|온라인투자연계금융업,,,재할인 개인 대출회사(비은행)|증권 금융회사|전당포|파이낸스(여신기관)|종합 금융회사|매출 채권 등 팩토링(factoring) 금융|소비자 단기 자금 대부(사채업)|온라인투자연계금융업,개발|금융|대출|투자,,KSIC 11차 (2024),True
659905,기금 운영업,금융 및 보험업 > 금융업 > 기타 금융업 > 그 외 기타 금융업 > 기금 운영업,금융 및 보험업,금융업,기타 금융업,그 외 기타 금융업,64991,기금 운영업,"정부가 산업의 발전 및 안정 등 각종 목적으로 조성한 공공 기금(연 금 및 보험 기금 제외)을 관리, 운용하는 산업활동을 말한다.","주택도시기금|금융안정기금|공공 기금 관리(연금, 보험 제외)",일반 대중의 신탁 자금 관리 운영|신용보증기금 운영|연금 기금 관리 운영,,"주택도시기금|금융안정기금|공공 기금 관리(연금, 보험 제외)",금융|보험|관리,,KSIC 11차 (2024),True
659906,지주회사,금융 및 보험업 > 금융업 > 기타 금융업 > 그 외 기타 금융업 > 지주회사,금융 및 보험업,금융업,기타 금융업,그 외 기타 금융업,64992,지주회사,다른 기업체의 지배적 지분을 소유하거나 회사의 경영 전략에 영향력 을 행사할 목적으로 주식을 확보․유지하는 산업활동을 말한다. 그러 나 지주회사는 소속 회사의 운영 및 관리 등에 관한 직접적인 경영활 동에는 관여하지 않는다.,금융 지주회사|비금융 지주회사,,,금융 지주회사|비금융 지주회사,금융|관리,,KSIC 11차 (2024),True
660100,생명보험업,금융 및 보험업 > 보험업 > 생명보험업,금융 및 보험업,보험업,보험업,생명보험업,65110,생명보험업,생명보험을 운영하는 산업활동을 말한다. 기금의 모금 및 이의 투자 활동이 포함될 수 있다.,생명보험|연금보험|상해보험,손해보험|생명 재보험,,생명보험|연금보험|상해보험,보험|투자,,KSIC 11차 (2024),True
660101,재보험업,금융 및 보험업 > 보험업 > 재보험업,금융 및 보험업,보험업,재보험업,재보험업,65200,재보험업,생명 또는 비생명 보험회사의 위험을 일부 또는 전부 인수하여 보험 업무를 수행하는 제2차 보험업자의 산업활동을 말한다.,손해보험 재보험|보증보험 재보험|생명보험 재보험|화재보험 재보험,,,손해보험 재보험|보증보험 재보험|생명보험 재보험|화재보험 재보험,보험,,KSIC 11차 (2024),True
660301,손해보험업,금융 및 보험업 > 보험업 > 손해 및 보증보험업 > 손해보험업,금융 및 보험업,보험업,보험업,손해 및 보증보험업,65121,손해보험업,"화재보험, 해상보험, 자동차보험 등 각종 보험 사고로 발생하는 여객, 화물 및 재산 손해에 대한 보험업무를 주로 수행하는 산업활동을 말 한다.",화재보험|자동차보험|해상보험(적하ㆍ선박ㆍ운송보험 등)|화물보험|재물보험|도난보험|재산종합보험|여행자보험,생명보험|생명재보험|보증보험 및 책임보험,"자동차보험, 해상보험",화재보험|자동차보험|해상보험(적하ㆍ선박ㆍ운송보험 등)|화물보험|재물보험|도난보험|재산종합보험|여행자보험,운송|보험,,KSIC 11차 (2024),True
660302,손해보험업,금융 및 보험업 > 보험업 > 손해 및 보증보험업 > 손해보험업,금융 및 보험업,보험업,보험업,손해 및 보증보험업,65121,손해보험업,"화재보험, 해상보험, 자동차보험 등 각종 보험 사고로 발생하는 여객, 화물 및 재산 손해에 대한 보험업무를 주로 수행하는 산업활동을 말 한다.",화재보험|자동차보험|해상보험(적하ㆍ선박ㆍ운송보험 등)|화물보험|재물보험|도난보험|재산종합보험|여행자보험,생명보험|생명재보험|보증보험 및 책임보험,화재보험,화재보험|자동차보험|해상보험(적하ㆍ선박ㆍ운송보험 등)|화물보험|재물보험|도난보험|재산종합보험|여행자보험,운송|보험,,KSIC 11차 (2024),True
660303,손해보험업,금융 및 보험업 > 보험업 > 손해 및 보증보험업 > 손해보험업,금융 및 보험업,보험업,보험업,손해 및 보증보험업,65121,손해보험업,"화재보험, 해상보험, 자동차보험 등 각종 보험 사고로 발생하는 여객, 화물 및 재산 손해에 대한 보험업무를 주로 수행하는 산업활동을 말 한다.",화재보험|자동차보험|해상보험(적하ㆍ선박ㆍ운송보험 등)|화물보험|재물보험|도난보험|재산종합보험|여행자보험,생명보험|생명재보험|보증보험 및 책임보험,,화재보험|자동차보험|해상보험(적하ㆍ선박ㆍ운송보험 등)|화물보험|재물보험|도난보험|재산종합보험|여행자보험,운송|보험,,KSIC 11차 (2024),True
660304,보증보험업,금융 및 보험업 > 보험업 > 손해 및 보증보험업 > 보증보험업,금융 및 보험업,보험업,보험업,손해 및 보증보험업,65122,보증보험업,"개인 및 사업체의 신용 보증보험, 부동산 및 물품 보증보험, 재산권 및 기타 권리 보증보험, 책임 보증보험 등을 수행하는 산업활동을 말 한다.",재정 보증보험|수출 보증보험|기술 신용보증|신용 보증(개인 또는 사업체)|주택 보증보험|책임보험,,,재정 보증보험|수출 보증보험|기술 신용보증|신용 보증(개인 또는 사업체)|주택 보증보험|책임보험,보험|부동산,,KSIC 11차 (2024),True
660305,건강보험업,"공공 행정, 국방 및 사회보장 행정 > 사회보장 보험업 및 연금업 > 사회보장보험업 > 건강보험업","공공 행정, 국방 및 사회보장 행정","공공 행정, 국방 및 사회보장 행정",사회보장 보험업 및 연금업,사회보장보험업,84611,건강 보험업,건강보험을 운영하는 산업활동을 말한다.,,,,건강보험업,보험,,KSIC 11차 (2024),True
660306,산업 재해 및 기타 사회보장보험업,"공공 행정, 국방 및 사회보장 행정 > 사회보장 보험업 및 연금업 > 사회보장보험업 > 산업 재해 및 기타 사회보장보험업","공공 행정, 국방 및 사회보장 행정","공공 행정, 국방 및 사회보장 행정",사회보장 보험업 및 연금업,사회보장보험업,84619,산업재해 및 기타 사회보장 보험업,"근로자의 업무와 관련된 산업 재해를 보상하기 위한 요양 및 급여 등 의 산업 재해보험과 실직보험 등의 사회복지적 보험기금을 관리․운 영하는 산업활동을 말한다. 공공 행정, 국방 및 사회보장 행정",실업보험|산재보험,공제 기금 운영,,실업보험|산재보험,보험|관리|요양,,KSIC 11차 (2024),True
660307,개인 공제업,금융 및 보험업 > 보험업 > 공제업 > 개인 공제업,금융 및 보험업,보험업,공제업,공제업,65301,개인 공제업,사업체 구성원의 복지와 대여에 사용하기 위한 공제 기금을 운영하는 산업활동을 말한다.,군인공제|교원공제,,,군인공제|교원공제,대여,,KSIC 11차 (2024),True
660308,사업 공제업,금융 및 보험업 > 보험업 > 공제업 > 사업 공제업,금융 및 보험업,보험업,공제업,공제업,65302,사업 공제업,사업체 상호간의 협동 조직을 통하여 사업활동에 필요한 각종 보증과 융 사업자금 융자 등을 하기 위한 공제 기금을 조성하여 운영하는 산업 및 활동을 말한다.,건설 공제조합|주택 공제조합,,,건설 공제조합|주택 공제조합,제조|건설,,KSIC 11차 (2024),True
660309,연금업,"공공 행정, 국방 및 사회보장 행정 > 사회보장 보험업 및 연금업 > 연금업","공공 행정, 국방 및 사회보장 행정","공공 행정, 국방 및 사회보장 행정",사회보장 보험업 및 연금업,연금업,84620,연금업,가입자가 퇴직 후에 소득 보장을 받도록 현 소득의 일부를 기금으로 공제하여 관리 및 운영하는 산업활동을 말한다.,"군인연금|교원연금|공무원연금|면접, 간접",,,"군인연금|교원연금|공무원연금|면접, 간접",관리,,KSIC 11차 (2024),True
671201,그 외 기타 금융 지원 서비스업,금융 및 보험업 > 금융 및 보험관련 서비스업 > 금융 지원 서비스업 > 기타 금융 지원 서비스업 > 그 외 기타 금융 지원 서비스업,금융 및 보험업,금융 및 보험관련 서비스업,금융 지원 서비스업,기타 금융 지원 서비스업,66199,그 외 기타 금융 지원 서비스업,"신용카드 거래 및 각종 금융 거래 결제 및 처리 서비스, 은행 및 발 행자를 위한 어음, 수표 교환 및 현금화 서비스, 증권 및 금융 파생상 품 이외 금융자산 중개, 외국환 서비스 및 환전 서비스, 여행자 수표 의 발행, 현물환 대상 환전 영업자 서비스, 대부 중개 등 금융업과 밀 접히 관련된 서비스를 제공하는 산업활동을 포함한다.","금융 거래 결제 및 처리(이체, 지불 등)서비스|어음, 수표 교환 서비스|지불 결제 사업자(PG) 서비스|외국환 서비스|증권 및 파생상품 이외의 금융자산 중개|대부 중개 서비스|현물환 대상 환전 영업자 서비스(개인 대상)",선물환 중개|금융기관의 현물환 서비스,국공채를 매입하여 증권회사에 직접 납품,"금융 거래 결제 및 처리(이체, 지불 등)|어음, 수표 교환|지불 결제 사업자(PG)|외국환|증권 및 파생상품 이외의 금융자산|대부 중개|현물환 대상 환전 영업자 서비스(개인 대상)",중개|금융,,KSIC 11차 (2024),True
671202,증권 중개업,금융 및 보험업 > 금융 및 보험관련 서비스업 > 금융 지원 서비스업 > 증권 및 선물 중개업 > 증권 중개업,금융 및 보험업,금융 및 보험관련 서비스업,금융 지원 서비스업,증권 및 선물 중개업,66121,증권 중개업,"금융시장에서 증권 판매자 또는 매수자의 한편에 서서 증권을 중개하 는 서비스를 제공하는 산업활동을 말하며, 부수적으로 투자 분석자료 등을 수집․제공할 수 있다.",증권회사|온라인 증권회사,"자기계정에 의하여 증권을 매수, 매도하는 투자활동",,증권회사|온라인 증권회사,판매|중개|금융|투자|분석,,KSIC 11차 (2024),True
671203,선물 중개업,금융 및 보험업 > 금융 및 보험관련 서비스업 > 금융 지원 서비스업 > 증권 및 선물 중개업 > 선물 중개업,금융 및 보험업,금융 및 보험관련 서비스업,금융 지원 서비스업,증권 및 선물 중개업,66122,선물 중개업,선물 거래 방식에 의하여 회원들과 예약된 미래 상품의 판매 또는 구 매를 중개하는 산업활동을 말한다.,,,,선물,판매|중개,,KSIC 11차 (2024),True
671900,그 외 기타 금융 지원 서비스업,금융 및 보험업 > 금융 및 보험관련 서비스업 > 금융 지원 서비스업 > 기타 금융 지원 서비스업 > 그 외 기타 금융 지원 서비스업,금융 및 보험업,금융 및 보험관련 서비스업,금융 지원 서비스업,기타 금융 지원 서비스업,66199,그 외 기타 금융 지원 서비스업,"신용카드 거래 및 각종 금융 거래 결제 및 처리 서비스, 은행 및 발 행자를 위한 어음, 수표 교환 및 현금화 서비스, 증권 및 금융 파생상 품 이외 금융자산 중개, 외국환 서비스 및 환전 서비스, 여행자 수표 의 발행, 현물환 대상 환전 영업자 서비스, 대부 중개 등 금융업과 밀 접히 관련된 서비스를 제공하는 산업활동을 포함한다.","금융 거래 결제 및 처리(이체, 지불 등)서비스|어음, 수표 교환 서비스|지불 결제 사업자(PG) 서비스|외국환 서비스|증권 및 파생상품 이외의 금융자산 중개|대부 중개 서비스|현물환 대상 환전 영업자 서비스(개인 대상)",선물환 중개|금융기관의 현물환 서비스,,"금융 거래 결제 및 처리(이체, 지불 등)|어음, 수표 교환|지불 결제 사업자(PG)|외국환|증권 및 파생상품 이외의 금융자산|대부 중개|현물환 대상 환전 영업자 서비스(개인 대상)",중개|금융,,KSIC 11차 (2024),True
671901,금융시장 관리업,금융 및 보험업 > 금융 및 보험관련 서비스업 > 금융 지원 서비스업 > 금융시장 관리업,금융 및 보험업,금융 및 보험관련 서비스업,금융 지원 서비스업,금융시장 관리업,66110,금융시장 관리업,금융시장 관리․감독이나 증권거래 활동 및 기타 금융기관의 활동을 규제 또는 감독하는 산업활동을 말한다. 또한 유가증권의 매매를 원 활하게 하는 공간을 제공하는 산업활동을 포함한다. 보험 관련 관 리․규제․감독하는 산업활동도 포함한다.,금융 감독|증권거래소|코스닥거래소|선물거래소|보험 감독,증권회사,,금융 감독|증권거래소|코스닥거래소|선물거래소|보험 감독,금융|보험|관리,,KSIC 11차 (2024),True
671902,"증권 발행, 관리, 보관 및 거래 지원 서비스업","금융 및 보험업 > 금융 및 보험관련 서비스업 > 금융 지원 서비스업 > 기타 금융 지원 서비스업 > 증권 발행, 관리, 보관 및 거래 지원 서비스업",금융 및 보험업,금융 및 보험관련 서비스업,금융 지원 서비스업,기타 금융 지원 서비스업,66191,"증권 발행, 관리, 보관 및 거래 지원 서비스업","수수료에 의하여 증권의 발행, 관리, 신탁 및 청산 결제, 보관 및 기 타 증권 거래 관련 지원 서비스를 수행하는 산업활동을 말한다.",,고객의 자금을 모집하여 자기계정으로 투자,,"증권 발행, 관리, 보관 및 거래 지원",보관|관리,,KSIC 11차 (2024),True
671903,투자 자문업 및 투자 일임업,금융 및 보험업 > 금융 및 보험관련 서비스업 > 금융 지원 서비스업 > 기타 금융 지원 서비스업 > 투자 자문업 및 투자 일임업,금융 및 보험업,금융 및 보험관련 서비스업,금융 지원 서비스업,기타 금융 지원 서비스업,66192,투자 자문업 및 투자 일임업,"수수료에 의하여 고객에게 투자 자문업 및 투자 일임업을 제공하는 산업활동을 말한다. 투자 자문업이 투자 분야의 결정 등 투자활동을 하지 않는 반면, 투자 일임업은 투자 판단의 전부 또는 일부를 일임 받아 투자자별로 구분하여 금융 투자 상품을 취득․처분, 그 밖의 방 법으로 운용한다.",,,,투자 자문업 및 투자 일임업,금융|투자|자문,,KSIC 11차 (2024),True
672000,보험 대리 및 중개업,금융 및 보험업 > 금융 및 보험관련 서비스업 > 보험 및 연금관련 서비스업 > 보험 대리 및 중개업,금융 및 보험업,금융 및 보험관련 서비스업,보험 및 연금관련 서비스업,보험 및 연금관련 서비스업,66202,보험 대리 및 중개업,"보험 사업자를 위해서 보험 계약 체결을 대리 또는 중개, 알선하는 산업활동을 말한다. 이러한 보험 대리는 하나 이상의 보험 사업자를 대리할 수 있으며 보험 사업자 대리에 관련된 피보험자에 대한 대리 서비스를 포함한다.",생명보험 대리점|손해보험 대리점,,,생명보험 대리점|손해보험 대리점,중개|알선|보험,,KSIC 11차 (2024),True
672001,기타 보험 및 연금관련 서비스업,금융 및 보험업 > 금융 및 보험관련 서비스업 > 보험 및 연금관련 서비스업 > 기타 보험 및 연금관련 서비스업,금융 및 보험업,금융 및 보험관련 서비스업,보험 및 연금관련 서비스업,보험 및 연금관련 서비스업,66209,기타 보험 및 연금관련 서비스업,"이 산업에는 보험 및 연금 조사 보고, 보험료 및 연금료 결정 등의 서비스를 제공하는 사업체를 포함한다.",보험 및 연금 요율 결정,,,보험 및 연금 요율 결정,보험,,KSIC 11차 (2024),True
701101,주거용 건물 임대업,부동산업 > 부동산 임대 및 공급업 > 부동산 임대업 > 주거용 건물 임대업,부동산업,부동산업,부동산 임대 및 공급업,부동산 임대업,68111,주거용 건물 임대업,"주거용 건물 및 건물 일부를 임대하는 산업활동을 말한다. 주로 1개 월을 초과하는 기간으로 임대 기간을 약정하며, 가구 등 집기류를 포 함하여 임대할 수 있다.",주택 임대|노인 전용주택 임대|아파트 임대|이동 주택 임대,,기준싯가 9억 초과,주택|노인 전용주택|아파트|이동 주택,임대,,KSIC 11차 (2024),True
701102,주거용 건물 임대업,부동산업 > 부동산 임대 및 공급업 > 부동산 임대업 > 주거용 건물 임대업,부동산업,부동산업,부동산 임대 및 공급업,부동산 임대업,68111,주거용 건물 임대업,"주거용 건물 및 건물 일부를 임대하는 산업활동을 말한다. 주로 1개 월을 초과하는 기간으로 임대 기간을 약정하며, 가구 등 집기류를 포 함하여 임대할 수 있다.",주택 임대|노인 전용주택 임대|아파트 임대|이동 주택 임대,,,주택|노인 전용주택|아파트|이동 주택,임대,,KSIC 11차 (2024),True
701103,주거용 건물 임대업(장기임대공동·단독주택),부동산업 > 부동산 임대 및 공급업 > 부동산 임대업 > 주거용 건물 임대업(장기임대공동·단독주택),부동산업,부동산업,부동산 임대 및 공급업,부동산 임대업,68111,주거용 건물 임대업,"주거용 건물 및 건물 일부를 임대하는 산업활동을 말한다. 주로 1개 월을 초과하는 기간으로 임대 기간을 약정하며, 가구 등 집기류를 포 함하여 임대할 수 있다.",주택 임대|노인 전용주택 임대|아파트 임대|이동 주택 임대,,국민주택 5호 이상을 5년 이상 임대한 경우(공동주택 및 단독주택),주택|노인 전용주택|아파트|이동 주택,임대,,KSIC 11차 (2024),True
701104,주거용 건물 임대업(장기임대다가구주택),부동산업 > 부동산 임대 및 공급업 > 부동산 임대업 > 주거용 건물 임대업(장기임대다가구주택),부동산업,부동산업,부동산 임대 및 공급업,부동산 임대업,68111,주거용 건물 임대업,"주거용 건물 및 건물 일부를 임대하는 산업활동을 말한다. 주로 1개 월을 초과하는 기간으로 임대 기간을 약정하며, 가구 등 집기류를 포 함하여 임대할 수 있다.",주택 임대|노인 전용주택 임대|아파트 임대|이동 주택 임대,,국민주택 5호 이상을 5년 이상 임대한 경우(다가구주택),주택|노인 전용주택|아파트|이동 주택,임대,,KSIC 11차 (2024),True
701201,"비주거용 건물 임대업(점포, 자기땅)","부동산업 > 부동산 임대 및 공급업 > 부동산 임대업 > 비주거용 건물 임대업(점포, 자기땅)",부동산업,부동산업,부동산 임대 및 공급업,부동산 임대업,68112,비주거용 건물 임대업,"사무, 상업 및 기타 비거주용 건물(점포, 사무실 포함)을 임대하는 산 업활동을 말한다.",사무실 임대|쇼핑 센터 임대|상점 임대|시장 건물 임대|오피스텔 임대(비주거용)|상업용 건물 임대|공업용 건물 임대|극장 임대,,,사무실|쇼핑 센터|상점|시장 건물|오피스텔 임대(비주거용)|상업용 건물|공업용 건물|극장,임대,,KSIC 11차 (2024),True
701202,"비주거용 건물 임대업(점포, 타인땅)","부동산업 > 부동산 임대 및 공급업 > 부동산 임대업 > 비주거용 건물 임대업(점포, 타인땅)",부동산업,부동산업,부동산 임대 및 공급업,부동산 임대업,68112,비주거용 건물 임대업,"사무, 상업 및 기타 비거주용 건물(점포, 사무실 포함)을 임대하는 산 업활동을 말한다.",사무실 임대|쇼핑 센터 임대|상점 임대|시장 건물 임대|오피스텔 임대(비주거용)|상업용 건물 임대|공업용 건물 임대|극장 임대,,"타인땅, 소규모 점포",사무실|쇼핑 센터|상점|시장 건물|오피스텔 임대(비주거용)|상업용 건물|공업용 건물|극장,임대,,KSIC 11차 (2024),True
701203,비주거용 건물 임대업,부동산업 > 부동산 임대 및 공급업 > 부동산 임대업 > 비주거용 건물 임대업,부동산업,부동산업,부동산 임대 및 공급업,부동산 임대업,68112,비주거용 건물 임대업,"사무, 상업 및 기타 비거주용 건물(점포, 사무실 포함)을 임대하는 산 업활동을 말한다.",사무실 임대|쇼핑 센터 임대|상점 임대|시장 건물 임대|오피스텔 임대(비주거용)|상업용 건물 임대|공업용 건물 임대|극장 임대,,지식산업센터,사무실|쇼핑 센터|상점|시장 건물|오피스텔 임대(비주거용)|상업용 건물|공업용 건물|극장,임대,,KSIC 11차 (2024),True
701204,비주거용 건물 임대업,부동산업 > 부동산 임대 및 공급업 > 부동산 임대업 > 비주거용 건물 임대업,부동산업,부동산업,부동산 임대 및 공급업,부동산 임대업,68112,비주거용 건물 임대업,"사무, 상업 및 기타 비거주용 건물(점포, 사무실 포함)을 임대하는 산 업활동을 말한다.",사무실 임대|쇼핑 센터 임대|상점 임대|시장 건물 임대|오피스텔 임대(비주거용)|상업용 건물 임대|공업용 건물 임대|극장 임대,,광고용 건물 임대,사무실|쇼핑 센터|상점|시장 건물|오피스텔 임대(비주거용)|상업용 건물|공업용 건물|극장,임대,,KSIC 11차 (2024),True
701205,비주거용 건물 임대업,부동산업 > 부동산 임대 및 공급업 > 부동산 임대업 > 비주거용 건물 임대업,부동산업,부동산업,부동산 임대 및 공급업,부동산 임대업,68112,비주거용 건물 임대업,"사무, 상업 및 기타 비거주용 건물(점포, 사무실 포함)을 임대하는 산 업활동을 말한다.",사무실 임대|쇼핑 센터 임대|상점 임대|시장 건물 임대|오피스텔 임대(비주거용)|상업용 건물 임대|공업용 건물 임대|극장 임대,,공유주방,사무실|쇼핑 센터|상점|시장 건물|오피스텔 임대(비주거용)|상업용 건물|공업용 건물|극장,임대,,KSIC 11차 (2024),True
701206,"비주거용 건물 임대업(점포, 자기땅)","부동산업 > 부동산 임대 및 공급업 > 부동산 임대업 > 비주거용 건물 임대업(점포, 자기땅)",부동산업,부동산업,부동산 임대 및 공급업,부동산 임대업,68112,비주거용 건물 임대업,"사무, 상업 및 기타 비거주용 건물(점포, 사무실 포함)을 임대하는 산 업활동을 말한다.",사무실 임대|쇼핑 센터 임대|상점 임대|시장 건물 임대|오피스텔 임대(비주거용)|상업용 건물 임대|공업용 건물 임대|극장 임대,,,사무실|쇼핑 센터|상점|시장 건물|오피스텔 임대(비주거용)|상업용 건물|공업용 건물|극장,임대,,KSIC 11차 (2024),True
701300,비주거용 건물 임대업,부동산업 > 부동산 임대 및 공급업 > 부동산 임대업 > 비주거용 건물 임대업,부동산업,부동산업,부동산 임대 및 공급업,부동산 임대업,68112,비주거용 건물 임대업,"사무, 상업 및 기타 비거주용 건물(점포, 사무실 포함)을 임대하는 산 업활동을 말한다.",사무실 임대|쇼핑 센터 임대|상점 임대|시장 건물 임대|오피스텔 임대(비주거용)|상업용 건물 임대|공업용 건물 임대|극장 임대,,,사무실|쇼핑 센터|상점|시장 건물|오피스텔 임대(비주거용)|상업용 건물|공업용 건물|극장,임대,,KSIC 11차 (2024),True
701301,주거용 건물 임대업,부동산업 > 부동산 임대 및 공급업 > 부동산 임대업 > 주거용 건물 임대업,부동산업,부동산업,부동산 임대 및 공급업,부동산 임대업,68111,주거용 건물 임대업,"주거용 건물 및 건물 일부를 임대하는 산업활동을 말한다. 주로 1개 월을 초과하는 기간으로 임대 기간을 약정하며, 가구 등 집기류를 포 함하여 임대할 수 있다.",주택 임대|노인 전용주택 임대|아파트 임대|이동 주택 임대,,전대,주택|노인 전용주택|아파트|이동 주택,임대,,KSIC 11차 (2024),True
701302,비주거용 건물 임대업,부동산업 > 부동산 임대 및 공급업 > 부동산 임대업 > 비주거용 건물 임대업,부동산업,부동산업,부동산 임대 및 공급업,부동산 임대업,68112,비주거용 건물 임대업,"사무, 상업 및 기타 비거주용 건물(점포, 사무실 포함)을 임대하는 산 업활동을 말한다.",사무실 임대|쇼핑 센터 임대|상점 임대|시장 건물 임대|오피스텔 임대(비주거용)|상업용 건물 임대|공업용 건물 임대|극장 임대,,,사무실|쇼핑 센터|상점|시장 건물|오피스텔 임대(비주거용)|상업용 건물|공업용 건물|극장,임대,,KSIC 11차 (2024),True
701400,기타 부동산 임대업,부동산업 > 부동산 임대 및 공급업 > 부동산 임대업 > 기타 부동산 임대업,부동산업,부동산업,부동산 임대 및 공급업,부동산 임대업,68119,기타 부동산 임대업,"농업용 토지, 광물 채굴을 위한 토지 및 기타 부동산을 임대하는 산 업활동을 말한다. 부동산과 관련한 권리를 임대하는 산업활동을 포함 한다.",토지 임대|이동 주택 용지 임대|공터 임대,,,토지|이동 주택 용지|공터,채굴|임대|부동산,,KSIC 11차 (2024),True
701501,비주거용 건물 임대업(자기땅),부동산업 > 부동산 임대 및 공급업 > 부동산 임대업 > 비주거용 건물 임대업(자기땅),부동산업,부동산업,부동산 임대 및 공급업,부동산 임대업,68112,비주거용 건물 임대업,"사무, 상업 및 기타 비거주용 건물(점포, 사무실 포함)을 임대하는 산 업활동을 말한다.",사무실 임대|쇼핑 센터 임대|상점 임대|시장 건물 임대|오피스텔 임대(비주거용)|상업용 건물 임대|공업용 건물 임대|극장 임대,,공장재단(자기땅),사무실|쇼핑 센터|상점|시장 건물|오피스텔 임대(비주거용)|상업용 건물|공업용 건물|극장,임대,,KSIC 11차 (2024),True
701502,비주거용 건물 임대업(타인땅),부동산업 > 부동산 임대 및 공급업 > 부동산 임대업 > 비주거용 건물 임대업(타인땅),부동산업,부동산업,부동산 임대 및 공급업,부동산 임대업,68112,비주거용 건물 임대업,"사무, 상업 및 기타 비거주용 건물(점포, 사무실 포함)을 임대하는 산 업활동을 말한다.",사무실 임대|쇼핑 센터 임대|상점 임대|시장 건물 임대|오피스텔 임대(비주거용)|상업용 건물 임대|공업용 건물 임대|극장 임대,,공장재단(타인땅),사무실|쇼핑 센터|상점|시장 건물|오피스텔 임대(비주거용)|상업용 건물|공업용 건물|극장,임대,,KSIC 11차 (2024),True
701503,기타 부동산 임대업(자기땅),부동산업 > 부동산 임대 및 공급업 > 부동산 임대업 > 기타 부동산 임대업(자기땅),부동산업,부동산업,부동산 임대 및 공급업,부동산 임대업,68119,기타 부동산 임대업,"농업용 토지, 광물 채굴을 위한 토지 및 기타 부동산을 임대하는 산 업활동을 말한다. 부동산과 관련한 권리를 임대하는 산업활동을 포함 한다.",토지 임대|이동 주택 용지 임대|공터 임대,,광업재단(자기땅),토지|이동 주택 용지|공터,채굴|임대|부동산,,KSIC 11차 (2024),True
701504,기타 부동산 임대업(타인땅),부동산업 > 부동산 임대 및 공급업 > 부동산 임대업 > 기타 부동산 임대업(타인땅),부동산업,부동산업,부동산 임대 및 공급업,부동산 임대업,68119,기타 부동산 임대업,"농업용 토지, 광물 채굴을 위한 토지 및 기타 부동산을 임대하는 산 업활동을 말한다. 부동산과 관련한 권리를 임대하는 산업활동을 포함 한다.",토지 임대|이동 주택 용지 임대|공터 임대,,광업재단(타인땅),토지|이동 주택 용지|공터,채굴|임대|부동산,,KSIC 11차 (2024),True
701600,무형 재산권 임대업,"사업시설 관리, 사업 지원 및 임대 서비스업 > 임대업; 부동산 제외 > 무형 재산권 임대업","사업시설 관리, 사업 지원 및 임대 서비스업",임대업; 부동산 제외,무형 재산권 임대업,무형 재산권 임대업,76400,무형 재산권 임대업,"특허권, 상표권, 광물 탐사권 등의 무형 재산권을 제3자에게 사용할 수 있는 권한을 부여하고 사용료를 받는 산업활동을 말한다.",특허권 임대|상표권 임대|브랜드 사용권 임대|기술 사용권 임대,,광업권자ㆍ조광권자의 채굴에 관한 권리의 대여로 인한 수입,특허권|상표권|브랜드 사용권|기술 사용권,임대,,KSIC 11차 (2024),True
701700,"화장터 운영, 묘지 분양 및 관리업","협회 및 단체, 수리 및 기타 개인 서비스업 > 기타 개인 서비스업 > 그 외 기타 개인 서비스업 > 장례식장 및 관련 서비스업 > 화장터 운영, 묘지 분양 및 관리업","협회 및 단체, 수리 및 기타 개인 서비스업",기타 개인 서비스업,그 외 기타 개인 서비스업,장례식장 및 관련 서비스업,96922,"화장터 운영, 묘지 분양 및 관리업",묘지를 개발․분양 및 관리하거나 화장터를 운영하는 산업활동을 말 한다.,공원 묘지 분양|화장터 운영|묘지 관리|납골당 운영,,분묘임대수입,공원 묘지 분양|화장터|묘지 관리|납골당,개발|분양|관리,,KSIC 11차 (2024),True
702001,부동산 분양 대행업,"부동산업 > 부동산관련 서비스업 > 부동산 중개, 자문 및 감정 평가업 > 부동산 분양 대행업",부동산업,부동산업,부동산관련 서비스업,"부동산 중개, 자문 및 감정 평가업",68224 | 68221,부동산 분양 대행업 | 부동산 중개 및 대리업,"부동산 분양 대행을 제외한 수수료 또는 계약에 의해 건물, 토지 및 관련 구조물 등의 부동산을 중개 및 대리 서비스를 제공하는 산업활 동을 말한다. / 위탁자(부동산개발업자, 건축주 등)를 대신하여 부동산을 분양받으려 는 자가 제출한 분양 서류의 확인 및 관리, 부동산 분양계약 체결에 관련된 업무(판매 마케팅, 소비자 상담 등) 등의 부동산 분양 대행 관 련 산업활동을 말한다.",토지 판매 중개 서비스|건물 거래 중개업|부동산 임대 중개업|토지 임대 중개업|부동산 소유권 조사 서비스|단순 또는 일괄적인 부동산 분양대행,부동산 개발 및 공급업|과학,,토지 판매 중개|건물 거래|부동산 임대|토지 임대|부동산 소유권 조사|단순 또는 일괄적인 부동산 분양대행,판매|중개|개발|임대|부동산|분양|관리,,KSIC 11차 (2024),True
702002,부동산 감정 평가업,"부동산업 > 부동산관련 서비스업 > 부동산 중개, 자문 및 감정 평가업 > 부동산 감정 평가업",부동산업,부동산업,부동산관련 서비스업,"부동산 중개, 자문 및 감정 평가업",68223,부동산 감정 평가업,"수수료 또는 계약에 의해 부동산 임대, 부동산 판매 등에 따른 부동 산 감정 평가 업무를 수행하는 산업활동을 말한다.",부동산 감정 평가 사무소|부동산 감정 평가법인,,,부동산 감정 평가 사무소|부동산 감정 평가법인,판매|임대|부동산,,KSIC 11차 (2024),True
702003,비주거용 부동산 관리업,부동산업 > 부동산관련 서비스업 > 부동산 관리업 > 비주거용 부동산 관리업,부동산업,부동산업,부동산관련 서비스업,부동산 관리업,68212,비주거용 부동산 관리업,타인을 위하여 비주거용 부동산을 관리하는 산업활동을 말한다.,사무용 건물 관리,관리 서비스,,사무용 건물 관리,부동산|관리,,KSIC 11차 (2024),True
702004,부동산 투자 자문업,"부동산업 > 부동산관련 서비스업 > 부동산 중개, 자문 및 감정 평가업 > 부동산 투자 자문업",부동산업,부동산업,부동산관련 서비스업,"부동산 중개, 자문 및 감정 평가업",68222,부동산 투자 자문업,"수수료 또는 계약에 의해 건물, 토지 및 관련 구조물 등을 포함한 모 든 종류의 부동산을 구매 또는 판매하는데 관련된 부동산 투자 자문 서비스를 제공하는 산업활동을 말한다. 부동산 중개 및 대리와 관련 된 자문 서비스는 제외한다.",부동산 구매 자문 서비스업|부동산 판매 자문 서비스업,,,부동산 구매 자문|부동산 판매 자문,판매|중개|투자|부동산|자문,,KSIC 11차 (2024),True
702005,주거용 부동산 관리업,부동산업 > 부동산관련 서비스업 > 부동산 관리업 > 주거용 부동산 관리업,부동산업,부동산업,부동산관련 서비스업,부동산 관리업,68211,주거용 부동산 관리업,타인을 위하여 주거용 부동산을 관리하는 산업활동을 말한다.,아파트 관리,,,아파트 관리,부동산|관리,,KSIC 11차 (2024),True
703011,주거용 건물 개발 및 공급업,부동산업 > 부동산 임대 및 공급업 > 부동산 개발 및 공급업 > 주거용 건물 개발 및 공급업,부동산업,부동산업,부동산 임대 및 공급업,부동산 개발 및 공급업,68121,주거용 건물 개발 및 공급업,"직접 건설활동을 수행하지 않고 전체 건물 건설공사를 일괄 도급하여 주거용 건물을 건설하고, 이를 분양․판매하는 산업활동을 말한다. 구 입한 주거용 건물을 재판매하는 경우도 포함한다.",아파트 위탁 개발 분양|주택 위탁 개발 분양,,토지보유 (5년 미만),아파트 위탁 개발 분양|주택 위탁 개발 분양,건설|판매|개발|분양,,KSIC 11차 (2024),True
703012,주거용 건물 개발 및 공급업,부동산업 > 부동산 임대 및 공급업 > 부동산 개발 및 공급업 > 주거용 건물 개발 및 공급업,부동산업,부동산업,부동산 임대 및 공급업,부동산 개발 및 공급업,68121,주거용 건물 개발 및 공급업,"직접 건설활동을 수행하지 않고 전체 건물 건설공사를 일괄 도급하여 주거용 건물을 건설하고, 이를 분양․판매하는 산업활동을 말한다. 구 입한 주거용 건물을 재판매하는 경우도 포함한다.",아파트 위탁 개발 분양|주택 위탁 개발 분양,,토지보유 (5년 이상),아파트 위탁 개발 분양|주택 위탁 개발 분양,건설|판매|개발|분양,,KSIC 11차 (2024),True
703014,비주거용 건물 개발 및 공급업,부동산업 > 부동산 임대 및 공급업 > 부동산 개발 및 공급업 > 비주거용 건물 개발 및 공급업,부동산업,부동산업,부동산 임대 및 공급업,부동산 개발 및 공급업,68122,비주거용 건물 개발 및 공급업,"직접 건설활동을 수행하지 않고 전체 건물 건설공사를 일괄 도급하여 비주거용 건물을 건설하고, 이를 분양․판매하는 산업활동을 말한다. 구입한 비주거용 건물을 재판매하는 경우도 포함한다.",사무용 건물 위탁 개발 분양,,토지보유 (5년 미만),사무용 건물 위탁 개발 분양,건설|판매|개발|분양,,KSIC 11차 (2024),True
703015,기타 부동산 개발 및 공급업,부동산업 > 부동산 임대 및 공급업 > 부동산 개발 및 공급업 > 기타 부동산 개발 및 공급업,부동산업,부동산업,부동산 임대 및 공급업,부동산 개발 및 공급업,68129,기타 부동산 개발 및 공급업,"택지, 농지 및 농장, 공업용지 등 각종 용도의 토지 및 기타 부동산을 위탁 또는 자영 개발하여 분양․판매하는 산업활동을 말한다. 구입한 토지를 재판매하는 경우도 포함한다.",농지개발 분양|판매|용지개발 분양|토지개발 분양|광산용지 개발 판매,묘지 분양,토지매매(토지보유5년 미만),농지개발 분양|용지개발 분양|토지개발 분양|광산용지 개발,판매|개발|부동산|분양,,KSIC 11차 (2024),True
703016,비주거용 건물 개발 및 공급업,부동산업 > 부동산 임대 및 공급업 > 부동산 개발 및 공급업 > 비주거용 건물 개발 및 공급업,부동산업,부동산업,부동산 임대 및 공급업,부동산 개발 및 공급업,68122,비주거용 건물 개발 및 공급업,"직접 건설활동을 수행하지 않고 전체 건물 건설공사를 일괄 도급하여 비주거용 건물을 건설하고, 이를 분양․판매하는 산업활동을 말한다. 구입한 비주거용 건물을 재판매하는 경우도 포함한다.",사무용 건물 위탁 개발 분양,,토지보유 (5년 이상),사무용 건물 위탁 개발 분양,건설|판매|개발|분양,,KSIC 11차 (2024),True
703017,기타 부동산 개발 및 공급업,부동산업 > 부동산 임대 및 공급업 > 부동산 개발 및 공급업 > 기타 부동산 개발 및 공급업,부동산업,부동산업,부동산 임대 및 공급업,부동산 개발 및 공급업,68129,기타 부동산 개발 및 공급업,"택지, 농지 및 농장, 공업용지 등 각종 용도의 토지 및 기타 부동산을 위탁 또는 자영 개발하여 분양․판매하는 산업활동을 말한다. 구입한 토지를 재판매하는 경우도 포함한다.",농지개발 분양|판매|용지개발 분양|토지개발 분양|광산용지 개발 판매,묘지 분양,토지매매(토지보유5년 이상),농지개발 분양|용지개발 분양|토지개발 분양|광산용지 개발,판매|개발|부동산|분양,,KSIC 11차 (2024),True
703021,비주거용 건물 개발 및 공급업,부동산업 > 부동산 임대 및 공급업 > 부동산 개발 및 공급업 > 비주거용 건물 개발 및 공급업,부동산업,부동산업,부동산 임대 및 공급업,부동산 개발 및 공급업,68122,비주거용 건물 개발 및 공급업,"직접 건설활동을 수행하지 않고 전체 건물 건설공사를 일괄 도급하여 비주거용 건물을 건설하고, 이를 분양․판매하는 산업활동을 말한다. 구입한 비주거용 건물을 재판매하는 경우도 포함한다.",사무용 건물 위탁 개발 분양,,도급건설판매(토지보유 5년 미만),사무용 건물 위탁 개발 분양,건설|판매|개발|분양,,KSIC 11차 (2024),True
703022,비주거용 건물 개발 및 공급업,부동산업 > 부동산 임대 및 공급업 > 부동산 개발 및 공급업 > 비주거용 건물 개발 및 공급업,부동산업,부동산업,부동산 임대 및 공급업,부동산 개발 및 공급업,68122,비주거용 건물 개발 및 공급업,"직접 건설활동을 수행하지 않고 전체 건물 건설공사를 일괄 도급하여 비주거용 건물을 건설하고, 이를 분양․판매하는 산업활동을 말한다. 구입한 비주거용 건물을 재판매하는 경우도 포함한다.",사무용 건물 위탁 개발 분양,,도급건설판매(토지보유 5년 이상),사무용 건물 위탁 개발 분양,건설|판매|개발|분양,,KSIC 11차 (2024),True
703023,비주거용 건물 개발 및 공급업,부동산업 > 부동산 임대 및 공급업 > 부동산 개발 및 공급업 > 비주거용 건물 개발 및 공급업,부동산업,부동산업,부동산 임대 및 공급업,부동산 개발 및 공급업,68122,비주거용 건물 개발 및 공급업,"직접 건설활동을 수행하지 않고 전체 건물 건설공사를 일괄 도급하여 비주거용 건물을 건설하고, 이를 분양․판매하는 산업활동을 말한다. 구입한 비주거용 건물을 재판매하는 경우도 포함한다.",사무용 건물 위탁 개발 분양,,건축시행사(토지보유 5년 미만),사무용 건물 위탁 개발 분양,건설|판매|개발|분양,,KSIC 11차 (2024),True
703024,비주거용 건물 개발 및 공급업,부동산업 > 부동산 임대 및 공급업 > 부동산 개발 및 공급업 > 비주거용 건물 개발 및 공급업,부동산업,부동산업,부동산 임대 및 공급업,부동산 개발 및 공급업,68122,비주거용 건물 개발 및 공급업,"직접 건설활동을 수행하지 않고 전체 건물 건설공사를 일괄 도급하여 비주거용 건물을 건설하고, 이를 분양․판매하는 산업활동을 말한다. 구입한 비주거용 건물을 재판매하는 경우도 포함한다.",사무용 건물 위탁 개발 분양,,건축시행사(토지보유 5년 이상),사무용 건물 위탁 개발 분양,건설|판매|개발|분양,,KSIC 11차 (2024),True
712100,기타 산업용 기계 및 장비 임대업,"사업시설 관리, 사업 지원 및 임대 서비스업 > 임대업; 부동산 제외 > 산업용 기계 및 장비 임대업 > 기타 산업용 기계 및 장비 임대업","사업시설 관리, 사업 지원 및 임대 서비스업",임대업; 부동산 제외,산업용 기계 및 장비 임대업,기타 산업용 기계 및 장비 임대업,76390,기타 산업용 기계 및 장비 임대업,일반적으로 사업체에서 자본재로 사용되는 각종 기계․장비를 리스 또는 임대하거나 특정 산업 및 상업용 기계․장비를 리스 또는 임대 하는 산업활동을 말한다. 각종 산업용 기계 및 장비를 종합 임대하는 활동도 포함한다.,기관 및 터빈 임대|장비 임대|공작기계 임대|측정 및 제어용 기계|연극 공연용품 임대|광산 및 유전용 장비 임대|영화 촬영장비 임대|동전 조작식 오락기 임대(사업장 용품)|화물 취급장비 임대|도박기계 임대|벌목장비 임대|통신장비 임대|농업용 기계 및 장비 임대|파렛트 임대|각종 장비 종합 임대|동물 임대|용접장비 임대,운전자가 딸린 농업용 기계|장비 임대|정원용 장비 임대|금융 리스|건설 및 토목공사용 기계|장비 임대(운전자 없이|사무용 기계|장비 임대(조작자 없이,농업용,기관 및 터빈|장비|공작기계|측정 및 제어용 기계|연극 공연용품|광산 및 유전용 장비|영화 촬영장비|동전 조작식 오락기 임대(사업장 용품)|화물 취급장비|도박기계|벌목장비|통신장비|농업용 기계 및 장비|파렛트|각종 장비 종합,벌목|통신|임대|리스|측정|공연|오락,,KSIC 11차 (2024),True
712200,기타 운송장비 임대업,"사업시설 관리, 사업 지원 및 임대 서비스업 > 임대업; 부동산 제외 > 운송장비 임대업 > 기타 운송장비 임대업","사업시설 관리, 사업 지원 및 임대 서비스업",임대업; 부동산 제외,운송장비 임대업,기타 운송장비 임대업,76190,기타 운송장비 임대업,임설 자동차를 제외한 기타 운송장비를 운전자 없이 리스 또는 임대하는 대 관 서리 산업활동을 말한다. 비 ， 스사 업업,컨테이너 임대|선박 임대|모터사이클 임대|철도 차량 임대|항공기 임대|상업용 보트 임대|운전자 없는 운송장비 재임대|개인형 이동수단(퍼스널 모빌리티(PM) 등) 임대,승무원 딸린 수상 운송장비 임대|조종사 딸린 항공 운송장비 임대|오락 용도의 개인형 이동수단 임대,,컨테이너|선박|모터사이클|철도 차량|항공기|상업용 보트|운전자 없는 운송장비 재|개인형 이동수단(퍼스널 모빌리티(PM) 등),운송|임대|리스,,KSIC 11차 (2024),True
712201,기타 산업용 기계 및 장비 임대업,"사업시설 관리, 사업 지원 및 임대 서비스업 > 임대업; 부동산 제외 > 산업용 기계 및 장비 임대업 > 기타 산업용 기계 및 장비 임대업","사업시설 관리, 사업 지원 및 임대 서비스업",임대업; 부동산 제외,산업용 기계 및 장비 임대업,기타 산업용 기계 및 장비 임대업,76390,기타 산업용 기계 및 장비 임대업,일반적으로 사업체에서 자본재로 사용되는 각종 기계․장비를 리스 또는 임대하거나 특정 산업 및 상업용 기계․장비를 리스 또는 임대 하는 산업활동을 말한다. 각종 산업용 기계 및 장비를 종합 임대하는 활동도 포함한다.,기관 및 터빈 임대|장비 임대|공작기계 임대|측정 및 제어용 기계|연극 공연용품 임대|광산 및 유전용 장비 임대|영화 촬영장비 임대|동전 조작식 오락기 임대(사업장 용품)|화물 취급장비 임대|도박기계 임대|벌목장비 임대|통신장비 임대|농업용 기계 및 장비 임대|파렛트 임대|각종 장비 종합 임대|동물 임대|용접장비 임대,운전자가 딸린 농업용 기계|장비 임대|정원용 장비 임대|금융 리스|건설 및 토목공사용 기계|장비 임대(운전자 없이|사무용 기계|장비 임대(조작자 없이,,기관 및 터빈|장비|공작기계|측정 및 제어용 기계|연극 공연용품|광산 및 유전용 장비|영화 촬영장비|동전 조작식 오락기 임대(사업장 용품)|화물 취급장비|도박기계|벌목장비|통신장비|농업용 기계 및 장비|파렛트|각종 장비 종합,벌목|통신|임대|리스|측정|공연|오락,,KSIC 11차 (2024),True
712202,건설 및 토목공사용 기계ㆍ장비 임대업,"사업시설 관리, 사업 지원 및 임대 서비스업 > 임대업; 부동산 제외 > 산업용 기계 및 장비 임대업 > 건설 및 토목공사용 기계ㆍ장비 임대업","사업시설 관리, 사업 지원 및 임대 서비스업",임대업; 부동산 제외,산업용 기계 및 장비 임대업,건설 및 토목공사용 기계ㆍ장비 임대업,76310,건설 및 토목공사용 기계ㆍ장비 임대업,운전자 없이 건설 및 토목공사용 기계․장비(크레인 차량 포함)를 리 스 또는 임대하는 산업활동을 말한다.,"굴착기, 굴삭기, 포크레인 임대|건설용 거푸집(유로폼) 임대",운전자 딸린 건설 기계|장비 임대|화물 취급장비 임대,,"굴착기, 굴삭기, 포크레인|건설용 거푸집(유로폼)",건설|임대,,KSIC 11차 (2024),True
712203,컴퓨터 및 사무용 기계ㆍ장비 임대업,"사업시설 관리, 사업 지원 및 임대 서비스업 > 임대업; 부동산 제외 > 산업용 기계 및 장비 임대업 > 컴퓨터 및 사무용 기계ㆍ장비 임대업","사업시설 관리, 사업 지원 및 임대 서비스업",임대업; 부동산 제외,산업용 기계 및 장비 임대업,컴퓨터 및 사무용 기계ㆍ장비 임대업,76320,컴퓨터 및 사무용 기계ㆍ장비 임대업,"조작자 없이 컴퓨터를 포함한 각종 사무, 회계 및 계산기를 리스 또 는 임대하는 산업활동을 말한다.",팩시밀리 임대|복사기 임대|사무용 가구 임대|현금 등록기 임대|회계 기계|장비 임대 및 업 임설,컴퓨터 및 주변기기 유지|수리 스사 업업,,팩시밀리|복사기|사무용 가구|현금 등록기|회계 기계|장비 임대 및 업 임설,임대|리스|회계,,KSIC 11차 (2024),True
713001,그 외 기타 개인 및 가정용품 임대업,"사업시설 관리, 사업 지원 및 임대 서비스업 > 임대업; 부동산 제외 > 개인 및 가정용품 임대업 > 기타 개인 및 가정용품 임대업 > 그 외 기타 개인 및 가정용품 임대업","사업시설 관리, 사업 지원 및 임대 서비스업",임대업; 부동산 제외,개인 및 가정용품 임대업,기타 개인 및 가정용품 임대업,76299,그 외 기타 개인 및 가정용품 임대업,달리 분류되지 않은 개인 및 가정용품을 임대하는 산업활동을 말한 다. 각종 가정용품의 종합 임대 활동도 여기에 포함한다.,"주방 및 식탁용품 임대|가전제품 임대|가정용 가구 임대|가정용 기기 임대|휠체어 임대|화환, 화분 임대|장신구 임대|가정용 직물제품 임대|정원용품 임대|악기 임대",,,"주방 및 식탁용품|가전제품|가정용 가구|가정용 기기|휠체어|화환, 화분|장신구|가정용 직물제품|정원용품|악기",임대,,KSIC 11차 (2024),True
713002,스포츠 및 레크리에이션 용품 임대업,"사업시설 관리, 사업 지원 및 임대 서비스업 > 임대업; 부동산 제외 > 개인 및 가정용품 임대업 > 스포츠 및 레크리에이션 용품 임대업","사업시설 관리, 사업 지원 및 임대 서비스업",임대업; 부동산 제외,개인 및 가정용품 임대업,스포츠 및 레크리에이션 용품 임대업,76210,스포츠 및 레크리에이션 용품 임대업,"각종 운동, 여가 및 유희용품을 임대하는 산업활동을 말한다.",스키 임대|장난감 임대|자전거 임대|물놀이 기구 임대,물놀이 시설에서의 물놀이 기구 임대,,스키|장난감|자전거|물놀이 기구,임대|스포츠,,KSIC 11차 (2024),True
713003,기타 산업용 기계 및 장비 임대업,"사업시설 관리, 사업 지원 및 임대 서비스업 > 임대업; 부동산 제외 > 산업용 기계 및 장비 임대업 > 기타 산업용 기계 및 장비 임대업","사업시설 관리, 사업 지원 및 임대 서비스업",임대업; 부동산 제외,산업용 기계 및 장비 임대업,기타 산업용 기계 및 장비 임대업,76390,기타 산업용 기계 및 장비 임대업,일반적으로 사업체에서 자본재로 사용되는 각종 기계․장비를 리스 또는 임대하거나 특정 산업 및 상업용 기계․장비를 리스 또는 임대 하는 산업활동을 말한다. 각종 산업용 기계 및 장비를 종합 임대하는 활동도 포함한다.,기관 및 터빈 임대|장비 임대|공작기계 임대|측정 및 제어용 기계|연극 공연용품 임대|광산 및 유전용 장비 임대|영화 촬영장비 임대|동전 조작식 오락기 임대(사업장 용품)|화물 취급장비 임대|도박기계 임대|벌목장비 임대|통신장비 임대|농업용 기계 및 장비 임대|파렛트 임대|각종 장비 종합 임대|동물 임대|용접장비 임대,운전자가 딸린 농업용 기계|장비 임대|정원용 장비 임대|금융 리스|건설 및 토목공사용 기계|장비 임대(운전자 없이|사무용 기계|장비 임대(조작자 없이,연극공연 및 영화제작 용품임대,기관 및 터빈|장비|공작기계|측정 및 제어용 기계|연극 공연용품|광산 및 유전용 장비|영화 촬영장비|동전 조작식 오락기 임대(사업장 용품)|화물 취급장비|도박기계|벌목장비|통신장비|농업용 기계 및 장비|파렛트|각종 장비 종합,벌목|통신|임대|리스|측정|공연|오락,,KSIC 11차 (2024),True
713004,음반 및 비디오물 임대업,"사업시설 관리, 사업 지원 및 임대 서비스업 > 임대업; 부동산 제외 > 개인 및 가정용품 임대업 > 음반 및 비디오물 임대업","사업시설 관리, 사업 지원 및 임대 서비스업",임대업; 부동산 제외,개인 및 가정용품 임대업,음반 및 비디오물 임대업,76220,음반 및 비디오물 임대업,"음반, 비디오테이프 및 기타 오디오 기록물, 게임 소프트웨어를 임대 하는 산업활동을 말한다.",비디오테이프 임대|오디오 테이프 임대|게임 소프트웨어 임대,영화용 필름 임대,,비디오테이프|오디오 테이프|게임 소프트웨어,임대,,KSIC 11차 (2024),True
713005,서적 임대업,"사업시설 관리, 사업 지원 및 임대 서비스업 > 임대업; 부동산 제외 > 개인 및 가정용품 임대업 > 기타 개인 및 가정용품 임대업 > 서적 임대업","사업시설 관리, 사업 지원 및 임대 서비스업",임대업; 부동산 제외,개인 및 가정용품 임대업,기타 개인 및 가정용품 임대업,76291,서적 임대업,"각종 서적, 정기 간행물, 잡지 등 인쇄 기록물을 임대하는 산업활동을 말한다.",만화책 임대,"도서관, 독서실, 자료실 및 시청각실 운영",,만화책,인쇄|임대,,KSIC 11차 (2024),True
713006,의류 임대업,"사업시설 관리, 사업 지원 및 임대 서비스업 > 임대업; 부동산 제외 > 개인 및 가정용품 임대업 > 기타 개인 및 가정용품 임대업 > 의류 임대업","사업시설 관리, 사업 지원 및 임대 서비스업",임대업; 부동산 제외,개인 및 가정용품 임대업,기타 개인 및 가정용품 임대업,76292,의류 임대업,정장 및 기타 의류를 임대하는 산업활동을 말한다.,웨딩드레스 임대|상복 임대|연극 의류 임대|영화 의류 임대|의복 임대,,,웨딩드레스|상복|연극 의류|영화 의류|의복,임대,,KSIC 11차 (2024),True
721000,컴퓨터 시스템 통합 자문 및 구축 서비스업,"정보통신업 > 컴퓨터 프로그래밍, 시스템 통합 및 관리업 > 컴퓨터 시스템 통합 자문, 구축 및 관리업 > 컴퓨터 시스템 통합 자문 및 구축 서비스업",정보통신업,"컴퓨터 프로그래밍, 시스템 통합 및 관리업","컴퓨터 프로그래밍, 시스템 통합 및 관리업","컴퓨터 시스템 통합 자문, 구축 및 관리업",62021,컴퓨터 시스템 통합 자문 및 구축 서비스업,,,,,컴퓨터 시스템 통합 자문 및 구축,구축|자문,,KSIC 11차 (2024),False
721001,컴퓨터시설 관리업,"정보통신업 > 컴퓨터 프로그래밍, 시스템 통합 및 관리업 > 컴퓨터 시스템 통합 자문, 구축 및 관리업 > 컴퓨터시설 관리업",정보통신업,"컴퓨터 프로그래밍, 시스템 통합 및 관리업","컴퓨터 프로그래밍, 시스템 통합 및 관리업","컴퓨터 시스템 통합 자문, 구축 및 관리업",62022,컴퓨터시설 관리업,"고객 사업장의 컴퓨터 시스템 및 자료 처리시설을 관리하는 산업활동 을 말한다. 이러한 관리활동은 고객의 사업장 또는 관리 사업체에서 온라인으로 수행할 수 있으며, 부수적으로 관련 소프트웨어의 설계 정 및 보완이 관리과정에서 이루어질 수 있다. 보",,,,컴퓨터시설 관리업,설계|관리,,KSIC 11차 (2024),True
722000,응용 소프트웨어 개발 및 공급업,정보통신업 > 출판업 > 소프트웨어 개발 및 공급업 > 시스템ㆍ응용 소프트웨어 개발 및 공급업 > 응용 소프트웨어 개발 및 공급업,정보통신업,출판업,소프트웨어 개발 및 공급업,시스템ㆍ응용 소프트웨어 개발 및 공급업,58222,응용 소프트웨어 개발 및 공급업,"컴퓨터에서 특정한 업무 처리를 위하여 기능 및 프로세스를 프로그램 화 하여 자동적으로 처리하는 범용성의 응용 소프트웨어를 개발하는 산업활동을 말한다. 블록체인 기술을 적용하여 개발하거나 인터넷, 휴 대폰 및 PDA 등에 사용하는 모바일용 응용 소프트웨어를 개발ㆍ공 급하는 산업활동도 포함한다.",통계 처리 프로그램 개발|사무용 S/W 개발|회계용 S/W 개발|기업 관리용(ERP) S/W 개발|임베디드용 응용 S/W 개발|응용 소프트웨어 소스 코드(source code) 개발|공급|인터넷 및 모바일용 응용 S/W 개발,게임 소프트웨어 개발,,통계 처리 프로그램|사무용 S/W|회계용 S/W|기업 관리용(ERP) S/W|임베디드용 응용 S/W|응용 소프트웨어 소스 코드(source code)|인터넷 및 모바일용 응용 S/W,개발|관리|회계,,KSIC 11차 (2024),True
722001,유선 온라인 게임 소프트웨어 개발 및 공급업,정보통신업 > 출판업 > 소프트웨어 개발 및 공급업 > 게임 소프트웨어 개발 및 공급업 > 유선 온라인 게임 소프트웨어 개발 및 공급업,정보통신업,출판업,소프트웨어 개발 및 공급업,게임 소프트웨어 개발 및 공급업,58211,유선 온라인 게임 소프트웨어 개발 및 공급업,유선 통신시설을 이용한 온라인 게임 소프트웨어를 개발하는 산업활 동을 말한다. 블록체인 기술을 적용하여 개발하거나 이들 게임 소프 트웨어에 대한 저작권을 보유하고 공급하는 산업활동도 포함한다.,유선 온라인 게임 S/W 개발|탁상 컴퓨터용 온라인 게임 S/W 개발|유선 인터넷 온라인 게임 S/W 공급(저작권 보유),PC 패키지 게임 S/W 개발|아케이드 게임 및 비디오 게임 S/W 개발|오프라인용 컴퓨터 게임 소프트웨어 개발 및 공급,,유선 온라인 게임 S/W|탁상 컴퓨터용 온라인 게임 S/W|유선 인터넷 온라인 게임 S/W 공급(저작권 보유),통신|개발|이용,,KSIC 11차 (2024),True
722002,모바일 게임 소프트웨어 개발 및 공급업,정보통신업 > 출판업 > 소프트웨어 개발 및 공급업 > 게임 소프트웨어 개발 및 공급업 > 모바일 게임 소프트웨어 개발 및 공급업,정보통신업,출판업,소프트웨어 개발 및 공급업,게임 소프트웨어 개발 및 공급업,58212,모바일 게임 소프트웨어 개발 및 공급업,"휴대 전화, PDA 등 이동성 기기를 통하여 제공하는 온라인 게임 소 프트웨어를 개발하는 산업활동을 말한다. 블록체인 기술을 적용하여 개발하거나 이들 게임 소프트웨어에 대한 저작권을 보유하고 공급하 는 산업활동도 포함한다.",무선 온라인 게임 S/W 개발|휴대폰용 온라인 게임 S/W 개발|PDA용 게임 S/W 개발|모바일용 게임 S/W 개발|모바일용 온라인 게임 S/W 공급(저작권 보유)|모바일용 암호화(크립토) 게임 소프트웨어 개발 및 공급,,,무선 온라인 게임 S/W|휴대폰용 온라인 게임 S/W|PDA용 게임 S/W|모바일용 게임 S/W|모바일용 온라인 게임 S/W 공급(저작권 보유)|모바일용 암호화(크립토) 게임 소프트웨어 개발 및,개발,,KSIC 11차 (2024),True
722003,기타 게임 소프트웨어 개발 및 공급업,정보통신업 > 출판업 > 소프트웨어 개발 및 공급업 > 게임 소프트웨어 개발 및 공급업 > 기타 게임 소프트웨어 개발 및 공급업,정보통신업,출판업,소프트웨어 개발 및 공급업,게임 소프트웨어 개발 및 공급업,58219,기타 게임 소프트웨어 개발 및 공급업,"컴퓨터 패키지 게임, 아케이드 게임 및 비디오 게임용의 소프트웨어 를 개발․공급하는 산업활동을 말한다. 휴대용 게임 기기에 이용되는 게임 소프트웨어를 개발․공급하는 산업활동을 포함한다.",아케이드 게임 S/W 개발업|컴퓨터 패키지게임 S/W 개발|비디오 콘솔 게임 S/W 개발|휴대 게임기용 게임 S/W 개발,"온라인 및 모바일용 게임소프트웨어 개발(58211, 58212",,아케이드 게임 S/W 개발업|컴퓨터 패키지게임 S/W|비디오 콘솔 게임 S/W|휴대 게임기용 게임 S/W,개발|이용,,KSIC 11차 (2024),True
722004,시스템 소프트웨어 개발 및 공급업,정보통신업 > 출판업 > 소프트웨어 개발 및 공급업 > 시스템ㆍ응용 소프트웨어 개발 및 공급업 > 시스템 소프트웨어 개발 및 공급업,정보통신업,출판업,소프트웨어 개발 및 공급업,시스템ㆍ응용 소프트웨어 개발 및 공급업,58221,시스템 소프트웨어 개발 및 공급업,"컴퓨터 및 서버 등 하드웨어에 설치되는 응용 소프트웨어를 유기적으 로 작동시키는 시스템 소프트웨어를 개발․공급하는 산업활동을 말한 다. 블록체인 기술을 적용하여 개발하거나 하드웨어 운영체제(OS) 기 능 중 파일 관리, 메모리 관리, 바이러스 예방, 파일 압축 등의 기능 을 보완하는 유틸리티 소프트웨어를 개발․공급하는 산업활동도 포함 한다.",운영체제(OS) 개발|시스템 관리(SMS) S/W 개발|DBMS 개발|보안 프로그램 개발|프로그램밍 언어 개발|임베디드용 시스템 S/W 개발|유틸리티 S/W 개발,게임 소프트웨어 개발,,운영체제(OS)|시스템 관리(SMS) S/W|DBMS|보안 프로그램|프로그램밍 언어|임베디드용 시스템 S/W|유틸리티 S/W,설치|개발|관리,,KSIC 11차 (2024),True
722005,컴퓨터 프로그래밍 서비스업,"정보통신업 > 컴퓨터 프로그래밍, 시스템 통합 및 관리업 > 컴퓨터 프로그래밍 서비스업",정보통신업,"컴퓨터 프로그래밍, 시스템 통합 및 관리업","컴퓨터 프로그래밍, 시스템 통합 및 관리업",컴퓨터 프로그래밍 서비스업,62010,컴퓨터 프로그래밍 서비스업,"특정 고객의 요구에 의하여 주문형 소프트웨어를 자문, 개발 및 공급 하는 산업활동을 말한다. 블록체인 기반 기술도 포함한다.",주문형 응용 소프트웨어 제작|주문형 컴퓨터 소프트웨어 분석|설계,패키지형(범용성) 소프트웨어 개발 및 공급,,주문형 응용 소프트웨어|주문형 컴퓨터 소프트웨어 분석|설계,제작|개발|설계|프로그래밍|분석|자문,,KSIC 11차 (2024),True
723000,자료 처리업,"정보통신업 > 정보서비스업 > 자료 처리, 호스팅, 포털 및 기타 인터넷 정보 매개 서비스업 > 자료 처리, 호스팅 및 관련 서비스업 > 자료 처리업",정보통신업,정보서비스업,"자료 처리, 호스팅, 포털 및 기타 인터넷 정보 매개 서비스업","자료 처리, 호스팅 및 관련 서비스업",63111,자료 처리업,전산자료 처리 서비스를 제공하는 산업활동을 말한다.,자료 입력 처리|OMR 및 OCR 자료 처리|자료 전환 처리 서비스|자료 스캐닝 서비스,,,자료 입력 처리|OMR 및 OCR 자료 처리|자료 전환 처리|자료 스캐닝,,,KSIC 11차 (2024),True
723001,오디오물 제공 서비스업,정보통신업 > 방송 및 영상·오디오물 제공 서비스업 > 영상·오디오물 제공 서비스업 > 오디오물 제공 서비스업,정보통신업,방송 및 영상·오디오물 제공 서비스업,영상·오디오물 제공 서비스업,오디오물 제공 서비스업,60320 | 63112,오디오물 제공 서비스업 | 호스팅 및 관련 서비스업,"음악 및 오디오물 관련 스트리밍 서비스 등을 제공하는 산업활동을 말한다. / 웹 호스팅 서비스, 서버 호스팅 서비스, 코로케이션 서비스 등의 호스 팅 서비스를 제공하는 산업활동을 말한다. 블록체인 기술 관련 호스 팅 서비스도 포함한다.",음악 파일 다운로드 서비스(출판사 제외)|음악 및 오디오물 스트리밍 서비스|웹 호스팅 서비스|서버 호스팅 서비스|IDC 센터|코로케이션 서비스,,,음악 파일 다운로드 서비스(출판사 제외)|음악 및 오디오물 스트리밍|웹 호스팅|서버 호스팅|IDC 센터|코로케이션,출판|호스팅,,KSIC 11차 (2024),True
724000,영상물 제공 서비스업,정보통신업 > 방송 및 영상·오디오물 제공 서비스업 > 영상·오디오물 제공 서비스업 > 영상물 제공 서비스업,정보통신업,방송 및 영상·오디오물 제공 서비스업,영상·오디오물 제공 서비스업,영상물 제공 서비스업,60310 | 60320 | 63991,영상물 제공 서비스업 | 오디오물 제공 서비스업 | 데이터베이스 및 온라인 정보 제공업,"영상(영화 등)물 관련 스트리밍 서비스 등을 시청자에게 제공하는 산 업활동을 말한다. / 음악 및 오디오물 관련 스트리밍 서비스 등을 제공하는 산업활동을 말한다. / 영상물 및 오디오물 제공 서비스를 제외한 각종 자료를 수집 및 조합 하여 일정 형식(포맷)에 따라 가공된 정보를 컴퓨터에 수록하여 주문 에 따라 자동응답 전화, 온라인, 저장장치(디스켓 등)등의 전자 매체 로 제공하는 산업활동을 말한다.",영상 파일 다운로드 서비스(제작사 제외)|영상물 관련 스트리밍 서비스|인터넷(온라인) 동영상 서비스(OTT)|음악 파일 다운로드 서비스(출판사 제외)|음악 및 오디오물 스트리밍 서비스|학습 정보 온라인 서비스|전자책 온라인 서비스,"영화, 비디오물, 방송 프로그램 제작 및 배급업|인터넷 정보 매개 서비스",,영상 파일 다운로드 서비스(제작사 제외)|영상물 관련 스트리밍|인터넷(온라인) 동영상 서비스(OTT)|음악 파일 다운로드 서비스(출판사 제외)|음악 및 오디오물 스트리밍|학습 정보 온라인|전자책 온라인,가공|출판|제작,,KSIC 11차 (2024),True
724001,뉴스 제공업,정보통신업 > 정보서비스업 > 기타 정보 서비스업 > 뉴스 제공업,정보통신업,정보서비스업,기타 정보 서비스업,뉴스 제공업,63910,뉴스 제공업,"신문 또는 정기 간행물의 발행사, 방송사, 정보 제공업자 등에 뉴스 리포터, 뉴스 사진 등을 공급하는 산업활동을 말한다.",뉴스 공급|뉴스 사진 공급,방송사의 프로그램에서 일상적으로 수행되는 뉴스 제공,,뉴스|뉴스 사진,방송,,KSIC 11차 (2024),True
724002,가상자산 매매 및 중개업,정보통신업 > 정보서비스업 > 기타 정보 서비스업 > 그 외 기타 정보 서비스업 > 가상자산 매매 및 중개업,정보통신업,정보서비스업,기타 정보 서비스업,그 외 기타 정보 서비스업,63992 | 63999,가상자산 매매 및 중개업 | 그 외 기타 정보 서비스업,가상자산 매매와 중개와 관련한 서비스를 제공하는 산업활동을 말한 다. 블록체인 기술에 기반하여 산출되는 자상자산을 보관ㆍ관리ㆍ교 환ㆍ매매ㆍ알선 또는 중개하는 산업활동도 포함한다. / 정보를 제공하는 기타 서비스 활동을 말한다. 블록체인 기술 적용과 관련하여 제공하는 달리 분류되지 않은 각종 정보서비스 활동도 포함 한다.,가상자산 매매 및 중개|가상화폐 매매 및 중개|암호화폐 매매 및 중개|개발 금융,"가상자산(가상화폐, 암호화폐) 채굴",,가상자산 매매 및|가상화폐 매매 및|암호화폐 매매 및|개발 금융,중개|알선|보관|개발|금융|관리,,KSIC 11차 (2024),True
725000,컴퓨터 및 주변 기기 수리업,"협회 및 단체, 수리 및 기타 개인 서비스업 > 개인 및 소비용품 수리업 > 컴퓨터 및 통신장비 수리업 > 컴퓨터 및 주변 기기 수리업","협회 및 단체, 수리 및 기타 개인 서비스업",개인 및 소비용품 수리업,컴퓨터 및 통신장비 수리업,컴퓨터 및 주변 기기 수리업,95110,컴퓨터 및 주변 기기 수리업,컴퓨터 및 각종 컴퓨터 주변 기기류를 전문적으로 수리․유지하는 산 기협 타회 업활동을 말한다. 개및,컴퓨터 수리|주변기기 수리 스수 업리,컴퓨터시설 운영|관리 대리,,컴퓨터|주변기기 수리 스수 업리,수리,,KSIC 11차 (2024),True
729000,기타 정보 기술 및 컴퓨터 운영 관련 서비스업,"정보통신업 > 컴퓨터 프로그래밍, 시스템 통합 및 관리업 > 기타 정보 기술 및 컴퓨터 운영 관련 서비스업",정보통신업,"컴퓨터 프로그래밍, 시스템 통합 및 관리업","컴퓨터 프로그래밍, 시스템 통합 및 관리업",기타 정보 기술 및 컴퓨터 운영 관련 서비스업,62090,기타 정보 기술 및 컴퓨터 운영 관련 서비스업,"기타 컴퓨터 관리 및 운영관련 서비스를 제공하는 산업활동으로서 컴 퓨터 시스템에 관련한 전문적, 기술적 서비스를 제공하는 산업활동을 말한다. 블록체인 기반 기술도 포함한다.",컴퓨터 장애 복구|컴퓨터 및 소프트웨어 설치|암호화 자산 취득용 하드웨어 및 소프트웨어 설치|운영|블록체인 네트워크 참여방식 신규 블록 생성 서비스,데이터베이스 및 온라인 정보 제공업|컴퓨터 시설 위탁 관리 서비스|컴퓨터 시스템 통합 자문 및 구축 서비스,,컴퓨터 장애 복구|컴퓨터 및 소프트웨어|암호화 자산 취득용 하드웨어 및 소프트웨어|블록체인 네트워크 참여방식 신규 블록 생성,설치|관리,,KSIC 11차 (2024),True
730000,기타 인문 및 사회과학 연구개발업,"전문, 과학 및 기술 서비스업 > 연구개발업 > 인문 및 사회과학 연구개발업 > 기타 인문 및 사회과학 연구개발업","전문, 과학 및 기술 서비스업",연구개발업,인문 및 사회과학 연구개발업,인문 및 사회과학 연구개발업,70209,기타 인문 및 사회과학 연구개발업,기타 인문 및 사회과학 연구개발을 수행하는 산업활동을 말한다. 그 외 다학제간 사회과학 연구개발업을 포함한다.,술문|심리학 연구|정치학 연구|사회학 연구|문화학 연구 학 업및|철학 연구|역사학 연구|복지학 연구|도시계획학 연구|교육학 연구|법학 연구|언어학 연구|군사학 연구|인류학|종족학|인구학 연구|인간|경제|사회 지리학 연구,,,술문|심리학 연구|정치학 연구|사회학 연구|문화학 연구 학 업및|철학 연구|역사학 연구|복지학 연구|도시계획학 연구|교육학 연구|법학 연구|언어학 연구|군사학 연구|인류학|종족학,개발|연구|교육,,KSIC 11차 (2024),True
730001,"물리, 화학 및 생물학 연구개발업","전문, 과학 및 기술 서비스업 > 연구개발업 > 자연과학 및 공학 연구개발업 > 자연과학 연구개발업 > 물리, 화학 및 생물학 연구개발업","전문, 과학 및 기술 서비스업",연구개발업,자연과학 및 공학 연구개발업,자연과학 연구개발업,70111,"물리, 화학 및 생물학 연구개발업","물리, 화학 및 생물학 분야에 관하여 연구개발을 수행하는 산업활동 을 말한다.",물리화학 연구|핵물리 연구|유기화학 연구|에너지 분자 물리 연구|생화학 연구|생태학 연구|미생물학 연구|천문학 연구|무기화학 연구|발효학 연구|동식물 생리학 연구|우주과학 연구|생물학 연구|식물학 연구|박테리아학 연구|동물학 연구|곤충학 연구|식물 유전학 연구,,,물리화학 연구|핵물리 연구|유기화학 연구|에너지 분자 물리 연구|생화학 연구|생태학 연구|미생물학 연구|천문학 연구|무기화학 연구|발효학 연구|동식물 생리학 연구|우주과학 연구|생물학 연구|식물학 연구|박테리아학 연구,개발|연구,,KSIC 11차 (2024),True
730002,농림수산학 및 수의학 연구개발업,"전문, 과학 및 기술 서비스업 > 연구개발업 > 자연과학 및 공학 연구개발업 > 자연과학 연구개발업 > 농림수산학 및 수의학 연구개발업","전문, 과학 및 기술 서비스업",연구개발업,자연과학 및 공학 연구개발업,자연과학 연구개발업,70112,농림수산학 및 수의학 연구개발업,"농업, 임업, 어업 및 수의학에 관하여 연구개발을 수행 하는 산업활동 을 말한다.",농경학 연구|조경학 연구|수의학 연구|낙농학 연구|수산학 연구|종묘학 연구|원예학 연구|축산학 연구,,,농경학 연구|조경학 연구|수의학 연구|낙농학 연구|수산학 연구|종묘학 연구|원예학 연구|축산학 연구,어업|개발|연구|수의,,KSIC 11차 (2024),True
730003,의학 및 약학 연구개발업,"전문, 과학 및 기술 서비스업 > 연구개발업 > 자연과학 및 공학 연구개발업 > 자연과학 연구개발업 > 의학 및 약학 연구개발업","전문, 과학 및 기술 서비스업",연구개발업,자연과학 및 공학 연구개발업,자연과학 연구개발업,70113,의학 및 약학 연구개발업,"인간 의학, 약학 및 보건학 분야에 관하여 연구개발을 수행하는 산업 활동을 말한다.","정신 의학 연구|공중 보건 연구|물리 요법 연구|암 및 기타 질환 연구|보건학(위생학, 간호학, 전염병학 등)",,,"정신 의학 연구|공중 보건 연구|물리 요법 연구|암 및 기타 질환 연구|보건학(위생학, 간호학, 전염병학 등)",개발|연구,,KSIC 11차 (2024),True
730004,기타 자연과학 연구개발업,"전문, 과학 및 기술 서비스업 > 연구개발업 > 자연과학 및 공학 연구개발업 > 자연과학 연구개발업 > 기타 자연과학 연구개발업","전문, 과학 및 기술 서비스업",연구개발업,자연과학 및 공학 연구개발업,자연과학 연구개발업,70119,기타 자연과학 연구개발업,기타 자연과학 분야에 관하여 연구개발을 수행하는 산업활동을 말한다.,광물학 연구|토양학 연구|석유학 연구|기상학 연구|수학 연구|수리 통계학 연구|지구과학 연구|지진학 연구|지질학 연구|지구 물리학 연구|대기화학 연구|해양학 연구 기전|화산학|고생태학 술문|컴퓨터 과학(소프트웨어 부문) 과 업및,,,광물학 연구|토양학 연구|석유학 연구|기상학 연구|수학 연구|수리 통계학 연구|지구과학 연구|지진학 연구|지질학 연구|지구 물리학 연구|대기화학 연구|해양학 연구 기전|화산학|고생태학 술문|컴퓨터 과학(소프트웨어 부문) 과 업및,개발|연구|수리,,KSIC 11차 (2024),True
730005,전기ㆍ전자공학 연구개발업,"전문, 과학 및 기술 서비스업 > 연구개발업 > 자연과학 및 공학 연구개발업 > 공학 연구개발업 > 전기ㆍ전자공학 연구개발업","전문, 과학 및 기술 서비스업",연구개발업,자연과학 및 공학 연구개발업,공학 연구개발업,70121,전기ㆍ전자공학 연구개발업,"전기․통신, 반도체, 컴퓨터 및 음향․화상 신호 처리 등의 전기․전 자공학에 관한 연구개발을 수행하는 산업활동을 말한다.",전기 및 전자공학 연구|통신 및 관련 시스템공학 연구|컴퓨터 공학(하드웨어 부문) 연구,,,전기 및 전자공학 연구|통신 및 관련 시스템공학 연구|컴퓨터 공학(하드웨어 부문) 연구,통신|개발|연구,,KSIC 11차 (2024),True
730006,기타 공학 연구개발업,"전문, 과학 및 기술 서비스업 > 연구개발업 > 자연과학 및 공학 연구개발업 > 공학 연구개발업 > 기타 공학 연구개발업","전문, 과학 및 기술 서비스업",연구개발업,자연과학 및 공학 연구개발업,공학 연구개발업,70129,기타 공학 연구개발업,기타 공학 및 기술 분야에 관하여 연구 개발을 수행하는 산업활동을 말한다. 그 외 전문화된 다학제간 공학 연구개발업을 포함한다.,화학공학 연구|해양공학 연구|항공공학 연구|기계공학 연구|환경공학 연구|핵공학 연구|조선공학 연구|건축 및 토목공학 연구|산업 관련 시스템공학 연구|우주공학 연구|금속 및 재료공학 연구|식품 생산공학 연구|금속ㆍ광산ㆍ섬유공학 연구|도시공학 연구|구조공학 연구|측지학 연구,,,화학공학 연구|해양공학 연구|항공공학 연구|기계공학 연구|환경공학 연구|핵공학 연구|조선공학 연구|건축 및 토목공학 연구|산업 관련 시스템공학 연구|우주공학 연구|금속 및 재료공학 연구|식품 생산공학 연구|금속ㆍ광산ㆍ섬유공학 연구|도시공학 연구|구조공학 연구,생산|시공|개발|연구,,KSIC 11차 (2024),True
730007,자연과학 및 공학 융합 연구개발업,"전문, 과학 및 기술 서비스업 > 연구개발업 > 자연과학 및 공학 연구개발업 > 자연과학 및 공학 융합 연구개발업","전문, 과학 및 기술 서비스업",연구개발업,자연과학 및 공학 연구개발업,자연과학 및 공학 융합 연구개발업,70130,자연과학 및 공학 융합 연구개발업,"특정 자연과학 및 공학 연구 분야에 해당하지 않고, 다학제에 걸친 융합 연구개발을 수행하는 산업활동을 말한다.",,,,자연과학 및 공학 융합 연구개발업,개발|연구,,KSIC 11차 (2024),True
730008,경제 및 경영학 연구개발업,"전문, 과학 및 기술 서비스업 > 연구개발업 > 인문 및 사회과학 연구개발업 > 경제 및 경영학 연구개발업","전문, 과학 및 기술 서비스업",연구개발업,인문 및 사회과학 연구개발업,인문 및 사회과학 연구개발업,70201,경제 및 경영학 연구개발업,"경제, 경영, 금융, 경제 및 사회 통계 이론 등에 관하여 연구 개발을 수행하는 산업활동을 말한다.",경제학 연구|경영학 연구|경제 통계학 연구|사회 통계학 연구,,,경제학 연구|경영학 연구|경제 통계학 연구|사회 통계학 연구,개발|금융|연구,,KSIC 11차 (2024),True
741101,변호사업,"전문, 과학 및 기술 서비스업 > 전문 서비스업 > 법무관련 서비스업 > 변호사업","전문, 과학 및 기술 서비스업",전문 서비스업,법무관련 서비스업,법무관련 서비스업,71101,변호사업,"의뢰인을 대리하여 민․형사 및 기타 사건의 소송, 변호, 소원 심사 청구, 이의 신청 등을 수행하는 산업활동을 말한다.",변호사 사무|소송 대리인|공증 변호인|소송 사건 법률 상담,,,변호사 사무|소송 대리인|공증 변호인|소송 사건 법률 상담,,,KSIC 11차 (2024),True
741104,변리사업,"전문, 과학 및 기술 서비스업 > 전문 서비스업 > 법무관련 서비스업 > 변리사업","전문, 과학 및 기술 서비스업",전문 서비스업,법무관련 서비스업,법무관련 서비스업,71102,변리사업,"의뢰인을 대리하여 특허, 실용 신안, 디자인(의장), 상표 및 저작권에 대한 등기 신청, 이의 신청 등을 수행하는 산업활동을 말한다.",특허 사무|변리사 사무|저작권 관련 법률 사무,,,특허 사무|변리사 사무|저작권 관련 법률 사무,디자인,,KSIC 11차 (2024),True
741106,기타 법무관련 서비스업(공증인),"전문, 과학 및 기술 서비스업 > 전문 서비스업 > 법무관련 서비스업 > 기타 법무관련 서비스업(공증인)","전문, 과학 및 기술 서비스업",전문 서비스업,법무관련 서비스업,법무관련 서비스업,71109,기타 법무관련 서비스업,의뢰인을 대리하여 행정기관 및 공공기관 등에 제출하는 행정 서류 및 법적 규정관련 서류의 작성을 대리하는 산업활동을 말한다.,행정 서류 작성 대행|여권 서류 작성 대행|대서 사무(행정관련)|행정사 기전 술문,편지 및 일반 문서 작성 대행 업및,공증인,행정 서류 작성 대행|여권 서류 작성 대행|대서 사무(행정관련)|행정사 기전 술문,법무,,KSIC 11차 (2024),True
741107,법무사업,"전문, 과학 및 기술 서비스업 > 전문 서비스업 > 법무관련 서비스업 > 법무사업","전문, 과학 및 기술 서비스업",전문 서비스업,법무관련 서비스업,법무관련 서비스업,71103,법무사업,"변호사업을 제외하고, 사법기관에 제출하는 서류의 작성, 등기 및 공 탁 등에 관한 수속 절차를 수행하는 산업활동을 말한다.",법무사 사무|등기관계 서류 작성 대행|공탁 증서 작성 대행|사법기관 제출 서류 대리 작성,,,법무사 사무|등기관계 서류 작성 대행|공탁 증서 작성 대행|사법기관 제출 서류 대리 작성,법무,,KSIC 11차 (2024),True
741108,기타 법무관련 서비스업(집행관),"전문, 과학 및 기술 서비스업 > 전문 서비스업 > 법무관련 서비스업 > 기타 법무관련 서비스업(집행관)","전문, 과학 및 기술 서비스업",전문 서비스업,법무관련 서비스업,법무관련 서비스업,71109,기타 법무관련 서비스업,의뢰인을 대리하여 행정기관 및 공공기관 등에 제출하는 행정 서류 및 법적 규정관련 서류의 작성을 대리하는 산업활동을 말한다.,행정 서류 작성 대행|여권 서류 작성 대행|대서 사무(행정관련)|행정사 기전 술문,편지 및 일반 문서 작성 대행 업및,집행관,행정 서류 작성 대행|여권 서류 작성 대행|대서 사무(행정관련)|행정사 기전 술문,법무,,KSIC 11차 (2024),True
741109,기타 법무관련 서비스업,"전문, 과학 및 기술 서비스업 > 전문 서비스업 > 법무관련 서비스업 > 기타 법무관련 서비스업","전문, 과학 및 기술 서비스업",전문 서비스업,법무관련 서비스업,법무관련 서비스업,71109,기타 법무관련 서비스업,의뢰인을 대리하여 행정기관 및 공공기관 등에 제출하는 행정 서류 및 법적 규정관련 서류의 작성을 대리하는 산업활동을 말한다.,행정 서류 작성 대행|여권 서류 작성 대행|대서 사무(행정관련)|행정사 기전 술문,편지 및 일반 문서 작성 대행 업및,행정사,행정 서류 작성 대행|여권 서류 작성 대행|대서 사무(행정관련)|행정사 기전 술문,법무,,KSIC 11차 (2024),True
741110,기타 법무관련 서비스업(노무사),"전문, 과학 및 기술 서비스업 > 전문 서비스업 > 법무관련 서비스업 > 기타 법무관련 서비스업(노무사)","전문, 과학 및 기술 서비스업",전문 서비스업,법무관련 서비스업,법무관련 서비스업,71109,기타 법무관련 서비스업,의뢰인을 대리하여 행정기관 및 공공기관 등에 제출하는 행정 서류 및 법적 규정관련 서류의 작성을 대리하는 산업활동을 말한다.,행정 서류 작성 대행|여권 서류 작성 대행|대서 사무(행정관련)|행정사 기전 술문,편지 및 일반 문서 작성 대행 업및,공인노무사,행정 서류 작성 대행|여권 서류 작성 대행|대서 사무(행정관련)|행정사 기전 술문,법무,,KSIC 11차 (2024),True
741114,기타 법무관련 서비스업,"전문, 과학 및 기술 서비스업 > 전문 서비스업 > 법무관련 서비스업 > 기타 법무관련 서비스업","전문, 과학 및 기술 서비스업",전문 서비스업,법무관련 서비스업,법무관련 서비스업,71109,기타 법무관련 서비스업,의뢰인을 대리하여 행정기관 및 공공기관 등에 제출하는 행정 서류 및 법적 규정관련 서류의 작성을 대리하는 산업활동을 말한다.,행정 서류 작성 대행|여권 서류 작성 대행|대서 사무(행정관련)|행정사 기전 술문,편지 및 일반 문서 작성 대행 업및,,행정 서류 작성 대행|여권 서류 작성 대행|대서 사무(행정관련)|행정사 기전 술문,법무,,KSIC 11차 (2024),True
741201,세무사업,"전문, 과학 및 기술 서비스업 > 전문 서비스업 > 회계 및 세무관련 서비스업 > 세무사업","전문, 과학 및 기술 서비스업",전문 서비스업,회계 및 세무관련 서비스업,회계 및 세무관련 서비스업,71202,세무사업,"조세에 관한 신고․청구 등의 대리, 세무관련 서류의 작성, 세무 상담 및 자문 등을 수행하는 세무사의 산업활동을 말한다.",,,,세무사업,자문,,KSIC 11차 (2024),True
741202,공인회계사업,"전문, 과학 및 기술 서비스업 > 전문 서비스업 > 회계 및 세무관련 서비스업 > 공인회계사업","전문, 과학 및 기술 서비스업",전문 서비스업,회계 및 세무관련 서비스업,회계 및 세무관련 서비스업,71201,공인회계사업,"재무 회계 서류의 작성, 감사, 조사 및 조정 등을 수행하는 공인회계 사의 산업활동을 말한다.",,,,공인회계사업,회계,,KSIC 11차 (2024),True
741203,세무사업(기장대리),"전문, 과학 및 기술 서비스업 > 전문 서비스업 > 회계 및 세무관련 서비스업 > 세무사업(기장대리)","전문, 과학 및 기술 서비스업",전문 서비스업,회계 및 세무관련 서비스업,회계 및 세무관련 서비스업,71202 | 71209,세무사업 | 기타 회계 관련 서비스업,공인회계사와 세무사를 제외한 회계 관련 사무 전문인에 의하여 회계 장부의 기장 및 계산 등 회계 서비스를 제공하는 산업활동을 말한다.,회계 기장 대리 및 상담|부기 전문 사무 대리,,세무사의 기장대리 보수 | 기장대리 보수(세무사 제외),회계 기장 대리 및 상담|부기 전문 사무 대리,회계,,KSIC 11차 (2024),True
741204,공인회계사업(기장대리),"전문, 과학 및 기술 서비스업 > 전문 서비스업 > 회계 및 세무관련 서비스업 > 공인회계사업(기장대리)","전문, 과학 및 기술 서비스업",전문 서비스업,회계 및 세무관련 서비스업,회계 및 세무관련 서비스업,71201 | 71209,공인회계사업 | 기타 회계 관련 서비스업,공인회계사와 세무사를 제외한 회계 관련 사무 전문인에 의하여 회계 장부의 기장 및 계산 등 회계 서비스를 제공하는 산업활동을 말한다.,회계 기장 대리 및 상담|부기 전문 사무 대리,,공인회계사의 기장대리 보수 | 기장대리 보수(공인회계사 제외),회계 기장 대리 및 상담|부기 전문 사무 대리,회계,,KSIC 11차 (2024),True
741300,시장 조사 및 여론 조사업,"전문, 과학 및 기술 서비스업 > 전문 서비스업 > 시장 조사 및 여론 조사업","전문, 과학 및 기술 서비스업",전문 서비스업,시장 조사 및 여론 조사업,시장 조사 및 여론 조사업,71400,시장 조사 및 여론 조사업,"시장 및 여론에 관한 자료를 체계적으로 수집, 제표 및 분석하는 산 업활동을 말한다.",여론 조사|소비|구매 습관 조사|상품 인기도 조사|상품의 시장 잠재력 조사,,,여론 조사|소비|구매 습관 조사|상품 인기도 조사|상품의 시장 잠재력 조사,분석,,KSIC 11차 (2024),True
741400,경영 컨설팅업,"전문, 과학 및 기술 서비스업 > 전문 서비스업 > 회사 본부 및 경영 컨설팅 서비스업 > 경영 컨설팅 및 공공 관계 서비스업 > 경영 컨설팅업","전문, 과학 및 기술 서비스업",전문 서비스업,회사 본부 및 경영 컨설팅 서비스업,경영 컨설팅 및 공공 관계 서비스업,71531,경영 컨설팅업,"다른 사업체에게 사업 경영 문제에 관하여 자문 및 지원하는 산업활 동을 말한다. 전문, 과학 및 기술 서비스업",일반 경영 자문|전략 기획 자문|특정 부문 경영 자문|시장 관리 자문|생산 관리 자문|재정 관리 자문|인력 관리 자문,,,일반 경영 자문|전략 기획 자문|특정 부문 경영 자문|시장 관리 자문|생산 관리 자문|재정 관리 자문|인력 관리 자문,생산|관리|컨설팅|자문|기획,,KSIC 11차 (2024),True
741401,경영 컨설팅업(경영지도사),"전문, 과학 및 기술 서비스업 > 전문 서비스업 > 회사 본부 및 경영 컨설팅 서비스업 > 경영 컨설팅 및 공공 관계 서비스업 > 경영 컨설팅업(경영지도사)","전문, 과학 및 기술 서비스업",전문 서비스업,회사 본부 및 경영 컨설팅 서비스업,경영 컨설팅 및 공공 관계 서비스업,71531,경영 컨설팅업,"다른 사업체에게 사업 경영 문제에 관하여 자문 및 지원하는 산업활 동을 말한다. 전문, 과학 및 기술 서비스업",일반 경영 자문|전략 기획 자문|특정 부문 경영 자문|시장 관리 자문|생산 관리 자문|재정 관리 자문|인력 관리 자문,,경영지도사,일반 경영 자문|전략 기획 자문|특정 부문 경영 자문|시장 관리 자문|생산 관리 자문|재정 관리 자문|인력 관리 자문,생산|관리|컨설팅|자문|지도|기획,,KSIC 11차 (2024),True
741402,직원 훈련기관,교육서비스업 > 교육 서비스업 > 기타 교육기관 > 직원 훈련기관,교육서비스업,교육 서비스업,기타 교육기관,직원 훈련기관,85650,직원 훈련기관,"정부기관, 공공 단체, 사업체 등에서 직원의 직업훈련을 위해 설립한 훈련기관을 말한다. 이 기관에서는 직원이 아닌 사람들도 교육시킬 수 있다. 교육은 훈련시설뿐만 아니라, 교육생이 있는 시설에서도 이 루어질 수 있다.",공무원 훈련원|기업 직원훈련시설,,,공무원 훈련원|기업 직원훈련시설,교육|훈련,,KSIC 11차 (2024),True
741403,공공관계 서비스업,"전문, 과학 및 기술 서비스업 > 전문 서비스업 > 회사 본부 및 경영 컨설팅 서비스업 > 경영 컨설팅 및 공공 관계 서비스업 > 공공관계 서비스업","전문, 과학 및 기술 서비스업",전문 서비스업,회사 본부 및 경영 컨설팅 서비스업,경영 컨설팅 및 공공 관계 서비스업,71532,공공관계 서비스업,"의뢰인이 일반 대중, 정부, 유권자 및 주주 등과의 관계 및 이미지를 개선하도록 자문 및 지침을 제공하는 산업활동을 말한다.",공공관계(PR) 자문|홍보 서비스|로비 활동|정치 자문,변호사의 중재 활동 기전|정부기관의 노동 관련 중재 활동 술문,,공공관계(PR) 자문|홍보|로비 활동|정치 자문,자문|홍보,,KSIC 11차 (2024),True
742101,측량업,"전문, 과학 및 기술 서비스업 > 건축 기술, 엔지니어링 및 기타 과학기술 서비스업 > 기타 과학기술 서비스업 > 측량, 지질 조사 및 지도 제작업 > 측량업","전문, 과학 및 기술 서비스업","건축 기술, 엔지니어링 및 기타 과학기술 서비스업",기타 과학기술 서비스업,"측량, 지질 조사 및 지도 제작업",72921,측량업,"건축 또는 지도 제작 등에 관련된 토지, 도로, 수로 등을 측량하는 산 업및 업활동을 말한다.",지형 측량 서비스|수로 측량 서비스|항공 측량 서비스,,,지형 측량|수로 측량|항공 측량,제작|지도,,KSIC 11차 (2024),True
742102,지질 조사·탐사 및 지도 제작업,"전문, 과학 및 기술 서비스업 > 건축 기술, 엔지니어링 및 기타 과학기술 서비스업 > 기타 과학기술 서비스업 > 측량, 지질 조사 및 지도 제작업 > 지질 조사·탐사 및 지도 제작업","전문, 과학 및 기술 서비스업","건축 기술, 엔지니어링 및 기타 과학기술 서비스업",기타 과학기술 서비스업,"측량, 지질 조사 및 지도 제작업",72923,지질 조사·탐사 및 지도 제작업,"지질 조사, 지구 물리학적 조사 및 탐사 서비스를 제공하는 산업활동 (지질 조사 및 탐사와 관련하여 수행하는 측량활동도 포함하며, 광물 을 채굴하기 위한 광물 탐사활동은 광업으로 분류함)과 지상의 지형 지물에 대한 정보를 얻기 위한 항공사진 측량과 경도 및 위도와 좌표 를 구하기 위한 지상 기준점 측량을 실시하고 수치도화한 후 지리 조 사, 보완 측량 및 편집 과정을 거쳐 각종의 지도를 제작하거나 수정 하는 산업활동을 말한다. 직접 제작한 지도를 인쇄물 또는 전자적 방 법으로 제공하는 산업활동도 포함한다.",지질 조사|지질 조사 관련 측량|지구 물리학적 탐사 및 개발|지도 제작|해도 제작|교통 지도 제작|군사 지도 제작|관광 지도 제작|수치 지도 제작,,,지질 조사|지질 조사 관련 측량|지구 물리학적 탐사 및|지도|해도|교통 지도|군사 지도|관광 지도|수치 지도,채굴|인쇄|제작|편집|개발|지도,,KSIC 11차 (2024),True
742103,건축 설계 및 관련 서비스업,"전문, 과학 및 기술 서비스업 > 건축 기술, 엔지니어링 및 기타 과학기술 서비스업 > 건축 기술, 엔지니어링 및 관련 기술 서비스업 > 건축 및 조경 설계 서비스업 > 건축 설계 및 관련 서비스업","전문, 과학 및 기술 서비스업","건축 기술, 엔지니어링 및 기타 과학기술 서비스업","건축 기술, 엔지니어링 및 관련 기술 서비스업",건축 및 조경 설계 서비스업,72111,건축 설계 및 관련 서비스업,"건축 설계, 건설 공정, 건축 법규 및 건설 자재 등에 관한 지식을 이 용하여 각종 건물 또는 구축물의 기획 및 설계를 수행하는 산업활동 을 말한다.",건축사 사무소|건축 상담 기전 술문|건축물 설계(엔지니어링 설계 제외) 업및,건물 및 토목공사 관련 엔지니어링 서비스,,건축사 사무소|건축 상담 기전 술문|건축물 설계(엔지니어링 설계 제외) 업및,건설|설계|구축|엔지니어링|기획,,KSIC 11차 (2024),True
742104,기타 엔지니어링 서비스업,"전문, 과학 및 기술 서비스업 > 건축 기술, 엔지니어링 및 기타 과학기술 서비스업 > 건축 기술, 엔지니어링 및 관련 기술 서비스업 > 엔지니어링 서비스업 > 기타 엔지니어링 서비스업","전문, 과학 및 기술 서비스업","건축 기술, 엔지니어링 및 기타 과학기술 서비스업","건축 기술, 엔지니어링 및 관련 기술 서비스업",엔지니어링 서비스업,72129,기타 엔지니어링 서비스업,"기계, 전기, 전자, 해양, 교통 부문 등과 관련한 엔지니어링 서비스를 제공하는 산업활동을 말한다. 기전 술문",기계 엔지니어링|전기 엔지니어링 학 업및|전자 엔지니어링|지질 엔지니어링|해양 엔지니어링|교통 시스템 엔지니어링|항행용 선박 설계,"환경 복원(토양, 수질, 대기) 서비스",,기계 엔지니어링|전기 엔지니어링 학 업및|전자 엔지니어링|지질 엔지니어링|해양 엔지니어링|교통 시스템 엔지니어링|항행용 선박 설계,설계|엔지니어링,,KSIC 11차 (2024),True
742105,건축 설계 및 관련 서비스업(건축사),"전문, 과학 및 기술 서비스업 > 건축 기술, 엔지니어링 및 기타 과학기술 서비스업 > 건축 기술, 엔지니어링 및 관련 기술 서비스업 > 건축 및 조경 설계 서비스업 > 건축 설계 및 관련 서비스업(건축사)","전문, 과학 및 기술 서비스업","건축 기술, 엔지니어링 및 기타 과학기술 서비스업","건축 기술, 엔지니어링 및 관련 기술 서비스업",건축 및 조경 설계 서비스업,72111,건축 설계 및 관련 서비스업,"건축 설계, 건설 공정, 건축 법규 및 건설 자재 등에 관한 지식을 이 용하여 각종 건물 또는 구축물의 기획 및 설계를 수행하는 산업활동 을 말한다.",건축사 사무소|건축 상담 기전 술문|건축물 설계(엔지니어링 설계 제외) 업및,건물 및 토목공사 관련 엔지니어링 서비스,건축사,건축사 사무소|건축 상담 기전 술문|건축물 설계(엔지니어링 설계 제외) 업및,건설|설계|구축|엔지니어링|기획,,KSIC 11차 (2024),True
742106,건물 및 토목 엔지니어링 서비스업(기술사),"전문, 과학 및 기술 서비스업 > 건축 기술, 엔지니어링 및 기타 과학기술 서비스업 > 건축 기술, 엔지니어링 및 관련 기술 서비스업 > 엔지니어링 서비스업 > 건물 및 토목 엔지니어링 서비스업(기술사)","전문, 과학 및 기술 서비스업","건축 기술, 엔지니어링 및 기타 과학기술 서비스업","건축 기술, 엔지니어링 및 관련 기술 서비스업",엔지니어링 서비스업,72121,건물 및 토목 엔지니어링 서비스업,"도로, 철도, 교량, 터널, 항만, 댐, 상․하수도 시스템, 통신 및 전력선, 옥외 운동장 및 휴양시설, 산업 시스템 등의 토목 건설에 관련된 엔 지니어링 서비스를 제공하는 산업활동을 말한다. 건물에 대한 엔지니 어링 서비스도 포함한다.",토목 공학설계|토목공사 사업관리|토목공사 프로젝트 대행|건물 엔지니어링 서비스,건물 건축 설계관련 서비스|조경설계 서비스,기술사,토목 공학설계|토목공사 사업관리|토목공사 프로젝트 대행|건물 엔지니어링,건설|통신|설계|관리|엔지니어링,,KSIC 11차 (2024),True
742107,도시 계획 및 조경 설계 서비스업,"전문, 과학 및 기술 서비스업 > 건축 기술, 엔지니어링 및 기타 과학기술 서비스업 > 건축 기술, 엔지니어링 및 관련 기술 서비스업 > 건축 및 조경 설계 서비스업 > 도시 계획 및 조경 설계 서비스업","전문, 과학 및 기술 서비스업","건축 기술, 엔지니어링 및 기타 과학기술 서비스업","건축 기술, 엔지니어링 및 관련 기술 서비스업",건축 및 조경 설계 서비스업,72112,도시 계획 및 조경 설계 서비스업,"공원 및 기타 휴양 지역, 공항, 고속도로, 병원, 학교, 분양 토지, 상 업․산업․거주 지역 등의 개발을 계획 및 설계하는 산업활동을 말한 다. 이를 위하여 토지, 건물 및 구축물의 배치, 토지 활용, 조경 설계 등의 지식을 이용한다. 조경과 관련한 환경 디자인도 포함한다.",정원 설계|산업용 토지 이용 설계|골프장 또는 스키장 설계|조경 및 경관(익스테리어) 디자인|국토 개발 및 토지 이용 계획 설계,,,정원 설계|산업용 토지 이용 설계|골프장 또는 스키장 설계|조경 및 경관(익스테리어) 디자인|국토 개발 및 토지 이용 계획 설계,개발|설계|구축|분양|디자인|이용,,KSIC 11차 (2024),True
742108,제도업,"전문, 과학 및 기술 서비스업 > 건축 기술, 엔지니어링 및 기타 과학기술 서비스업 > 기타 과학기술 서비스업 > 측량, 지질 조사 및 지도 제작업 > 제도업","전문, 과학 및 기술 서비스업","건축 기술, 엔지니어링 및 기타 과학기술 서비스업",기타 과학기술 서비스업,"측량, 지질 조사 및 지도 제작업",72922,제도업,"엔지니어링 및 건축 관련 설계 명세서를 기초로 건물, 구축물 및 시 스템의 세밀한 설계 도면을 작성하는 산업활동을 말한다. 작성된 도 면을 청사진 또는 전자 기록 매체 등으로 저장하는 활동을 병행하여 수행할 수 있다.",엔지니어링 설계 제도|건축 설계 제도|청사진 제도|설계 도면 작성,,,엔지니어링 설계 제도|건축 설계 제도|청사진 제도|설계 도면 작성,설계|구축|엔지니어링,,KSIC 11차 (2024),True
742109,건물 및 토목 엔지니어링 서비스업,"전문, 과학 및 기술 서비스업 > 건축 기술, 엔지니어링 및 기타 과학기술 서비스업 > 건축 기술, 엔지니어링 및 관련 기술 서비스업 > 엔지니어링 서비스업 > 건물 및 토목 엔지니어링 서비스업","전문, 과학 및 기술 서비스업","건축 기술, 엔지니어링 및 기타 과학기술 서비스업","건축 기술, 엔지니어링 및 관련 기술 서비스업",엔지니어링 서비스업,72121,건물 및 토목 엔지니어링 서비스업,"도로, 철도, 교량, 터널, 항만, 댐, 상․하수도 시스템, 통신 및 전력선, 옥외 운동장 및 휴양시설, 산업 시스템 등의 토목 건설에 관련된 엔 지니어링 서비스를 제공하는 산업활동을 말한다. 건물에 대한 엔지니 어링 서비스도 포함한다.",토목 공학설계|토목공사 사업관리|토목공사 프로젝트 대행|건물 엔지니어링 서비스,건물 건축 설계관련 서비스|조경설계 서비스,,토목 공학설계|토목공사 사업관리|토목공사 프로젝트 대행|건물 엔지니어링,건설|통신|설계|관리|엔지니어링,,KSIC 11차 (2024),True
742110,환경 관련 엔지니어링 서비스업,"전문, 과학 및 기술 서비스업 > 건축 기술, 엔지니어링 및 기타 과학기술 서비스업 > 건축 기술, 엔지니어링 및 관련 기술 서비스업 > 엔지니어링 서비스업 > 환경 관련 엔지니어링 서비스업","전문, 과학 및 기술 서비스업","건축 기술, 엔지니어링 및 기타 과학기술 서비스업","건축 기술, 엔지니어링 및 관련 기술 서비스업",엔지니어링 서비스업,72122,환경 관련 엔지니어링 서비스업,"대기ㆍ수질․소음․진동․폐기물 처리 등 환경과 관련된 엔지니어링 서비스를 제공하는 산업활동을 말한다. 환경과 관련한 문제를 종합적 으로 검사, 측정 및 평가하고 대안을 제시하는 컨설팅 활동도 포함한다. 전문, 과학 및 기술 서비스업",환경 및 폐기물 처리시설 엔지니어링|기타 자연 및 토양 환경 관련 엔지니어링|환경 영향 평가|환경 부지 평가,"환경 복원(토양, 수질, 대기) 서비스|환경 요인 및 오염 측정 서비스",,환경 및 폐기물 처리시설 엔지니어링|기타 자연 및 토양 환경 관련 엔지니어링|환경 영향 평가|환경 부지 평가,측정|엔지니어링|컨설팅|검사,,KSIC 11차 (2024),True
742113,지질 조사·탐사 및 지도 제작업,"전문, 과학 및 기술 서비스업 > 건축 기술, 엔지니어링 및 기타 과학기술 서비스업 > 기타 과학기술 서비스업 > 측량, 지질 조사 및 지도 제작업 > 지질 조사·탐사 및 지도 제작업","전문, 과학 및 기술 서비스업","건축 기술, 엔지니어링 및 기타 과학기술 서비스업",기타 과학기술 서비스업,"측량, 지질 조사 및 지도 제작업",72923,지질 조사·탐사 및 지도 제작업,"지질 조사, 지구 물리학적 조사 및 탐사 서비스를 제공하는 산업활동 (지질 조사 및 탐사와 관련하여 수행하는 측량활동도 포함하며, 광물 을 채굴하기 위한 광물 탐사활동은 광업으로 분류함)과 지상의 지형 지물에 대한 정보를 얻기 위한 항공사진 측량과 경도 및 위도와 좌표 를 구하기 위한 지상 기준점 측량을 실시하고 수치도화한 후 지리 조 사, 보완 측량 및 편집 과정을 거쳐 각종의 지도를 제작하거나 수정 하는 산업활동을 말한다. 직접 제작한 지도를 인쇄물 또는 전자적 방 법으로 제공하는 산업활동도 포함한다.",지질 조사|지질 조사 관련 측량|지구 물리학적 탐사 및 개발|지도 제작|해도 제작|교통 지도 제작|군사 지도 제작|관광 지도 제작|수치 지도 제작,,,지질 조사|지질 조사 관련 측량|지구 물리학적 탐사 및|지도|해도|교통 지도|군사 지도|관광 지도|수치 지도,채굴|인쇄|제작|편집|개발|지도,,KSIC 11차 (2024),True
742201,"기타 기술 시험, 검사 및 분석업","전문, 과학 및 기술 서비스업 > 건축 기술, 엔지니어링 및 기타 과학기술 서비스업 > 기타 과학기술 서비스업 > 기술 시험, 검사 및 분석업 > 기타 기술 시험, 검사 및 분석업","전문, 과학 및 기술 서비스업","건축 기술, 엔지니어링 및 기타 과학기술 서비스업",기타 과학기술 서비스업,"기술 시험, 검사 및 분석업",72919,"기타 기술 시험, 검사 및 분석업","금속, 플라스틱, 목재, 유리, 콘크리트 등의 물질에 대한 강도, 유연성, 전문, 과학 및 기술 서비스업 전기 전도성, 장력, 내구력, 내화력과 같은 물질의 특성을 시험하는 활동; 기계류, 도구류, 자동차 등의 제품에 대한 성능 및 안전성을 시 험 또는 검사하는 활동; 선박, 항공기, 댐, 용접 등의 결함 및 안전성 을 검사하기 위한 X선, 자기, 초음속 시험 등의 검사서비스를 제공하 는 산업활동을 말한다. 이러한 검사는 주로 실물 또는 모형을 이용하 거나 비파괴 검사 방식에 의하여 수행한다.",자동차 품질 검사|댐 검사|장비 종합 검사|비파괴 검사|용접 검사|기계 및 구조물의 초음파 검사,차량의 수리 및 유지 서비스,,자동차 품질 검사|댐 검사|장비 종합 검사|비파괴 검사|용접 검사|기계 및 구조물의 초음파 검사,시험|분석|검사|이용,,KSIC 11차 (2024),True
742202,"기타 기술 시험, 검사 및 분석업(기술지도사)","전문, 과학 및 기술 서비스업 > 건축 기술, 엔지니어링 및 기타 과학기술 서비스업 > 기타 과학기술 서비스업 > 기술 시험, 검사 및 분석업 > 기타 기술 시험, 검사 및 분석업(기술지도사)","전문, 과학 및 기술 서비스업","건축 기술, 엔지니어링 및 기타 과학기술 서비스업",기타 과학기술 서비스업,"기술 시험, 검사 및 분석업",72919,"기타 기술 시험, 검사 및 분석업","금속, 플라스틱, 목재, 유리, 콘크리트 등의 물질에 대한 강도, 유연성, 전문, 과학 및 기술 서비스업 전기 전도성, 장력, 내구력, 내화력과 같은 물질의 특성을 시험하는 활동; 기계류, 도구류, 자동차 등의 제품에 대한 성능 및 안전성을 시 험 또는 검사하는 활동; 선박, 항공기, 댐, 용접 등의 결함 및 안전성 을 검사하기 위한 X선, 자기, 초음속 시험 등의 검사서비스를 제공하 는 산업활동을 말한다. 이러한 검사는 주로 실물 또는 모형을 이용하 거나 비파괴 검사 방식에 의하여 수행한다.",자동차 품질 검사|댐 검사|장비 종합 검사|비파괴 검사|용접 검사|기계 및 구조물의 초음파 검사,차량의 수리 및 유지 서비스,기술지도사,자동차 품질 검사|댐 검사|장비 종합 검사|비파괴 검사|용접 검사|기계 및 구조물의 초음파 검사,시험|분석|지도|검사|이용,,KSIC 11차 (2024),True
742203,물질 성분 검사 및 분석업,"전문, 과학 및 기술 서비스업 > 건축 기술, 엔지니어링 및 기타 과학기술 서비스업 > 기타 과학기술 서비스업 > 기술 시험, 검사 및 분석업 > 물질 성분 검사 및 분석업","전문, 과학 및 기술 서비스업","건축 기술, 엔지니어링 및 기타 과학기술 서비스업",기타 과학기술 서비스업,"기술 시험, 검사 및 분석업",72911,물질 성분 검사 및 분석업,"공기, 물, 폐기물, 연료, 금속, 토양, 광물, 식품 및 화학 물질 등과 같 은 각종 물질의 순도, 성분 및 성질을 검사하거나 분석하는 산업활동 을 말한다.",식품 검사|화학물 성분 검사|환경 요인 측정|분석|대기 오염 측정|금속 등 광물의 물리적 성질 분석|미생물 성분 분석|목재의 물리적 성질 분석|수질 자동 측정,물품 감정,,식품 검사|화학물 성분 검사|환경 요인 측정|분석|대기 오염 측정|금속 등 광물의 물리적 성질 분석|미생물 성분 분석|목재의 물리적 성질 분석|수질 자동 측정,분석|측정|검사,,KSIC 11차 (2024),True
743001,옥외 광고업,"전문, 과학 및 기술 서비스업 > 전문 서비스업 > 광고업 > 기타 광고업 > 옥외 광고업","전문, 과학 및 기술 서비스업",전문 서비스업,광고업,기타 광고업,71391,옥외 광고업,"인쇄, 그림 또는 전자적 방식 등의 전시 광고물을 기획․제작하여 옥 내․외 간판 또는 차량, 상점 등 전시 공간에 전시 구조물을 게시하 는 산업활동을 말한다. 광고용 설치물(광고탑 등)을 임대하는 활동도 포함한다.",옥외 광고|차량 간판 광고|가게 전시물 광고|전광판 방송 광고|전철 간판 광고|광고탑 임대,비전기식 옥외 광고물 제조|옥외 광고용 구조물 설치(F,,옥외 광고|차량 간판 광고|가게 전시물 광고|전광판 방송 광고|전철 간판 광고|광고탑,인쇄|설치|방송|제작|임대|광고|전시|기획,,KSIC 11차 (2024),True
743002,광고 대행업,"전문, 과학 및 기술 서비스업 > 전문 서비스업 > 광고업 > 광고 대행업","전문, 과학 및 기술 서비스업",전문 서비스업,광고업,광고 대행업,71310,광고 대행업,"광고주를 대리하여 광고에 관련된 시장 조사 및 광고 기획, 광고물 제작, 매체 선택, 매체와의 광고 계약, 광고물을 라디오, 텔레비전, 인 터넷, 정기 간행물, 신문 등의 광고 매체에 광고하는 업무를 총괄적으 로 대행하는 산업활동을 말한다. 이 사업체는 광고주와의 포괄적인 계약으로 광고 대행 업무를 수행하며 이에 관련된 특정 업무를 자체 인력 또는 다른 업체에 의뢰하여 수행할 수 있다.",라디오 광고 대행|텔레비전 광고 대행|신문 광고 대행|인터넷 광고 대행 기전 술문,,,라디오 광고 대행|텔레비전 광고 대행|신문 광고 대행|인터넷 광고 대행 기전 술문,제작|광고|기획,,KSIC 11차 (2024),True
743003,그 외 기타 광고 관련 서비스업,"전문, 과학 및 기술 서비스업 > 전문 서비스업 > 광고업 > 기타 광고업 > 그 외 기타 광고 관련 서비스업","전문, 과학 및 기술 서비스업",전문 서비스업,광고업,기타 광고업,71399,그 외 기타 광고 관련 서비스업,"광고 매체(TV, 신문 등) 소유자를 대리하여 광고 시간 또는 지면을 판매하거나, 광고 매체로부터 광고 시간 또는 지면을 구입하여 광고 대행사 또는 광고주에게 직접 재판매하거나 그 외 기타 광고 관련 서 비스를 수행하는 산업활동을 말한다.","신문사 광고 지면 판매 대리|텔레비전 광고 시간 판매 대리|광고물 배포|광고용 명함, 인사장, 초대장 견본 배부 대리|우편 광고물 배포|광고용품 배포 대리",,,"신문사 광고 지면 판매 대리|텔레비전 광고 시간 판매 대리|광고물 배포|광고용 명함, 인사장, 초대장 견본 배부 대리|우편 광고물 배포|광고용품 배포 대리",판매|광고,,KSIC 11차 (2024),True
743004,"광고물 문안, 도안, 설계 등 작성업","전문, 과학 및 기술 서비스업 > 전문 서비스업 > 광고업 > 기타 광고업 > 광고물 문안, 도안, 설계 등 작성업","전문, 과학 및 기술 서비스업",전문 서비스업,광고업,기타 광고업,71392,"광고물 문안, 도안, 설계 등 작성업","광고주 또는 광고 대행업체와의 계약에 의하여 각종 광고물의 광고 문안 및 도안 작성, 광고물의 설계, 방송 광고물 제작을 위한 시나리 오 작성 등 광고에 관련된 광고물의 작성을 전문적으로 대리하는 산 업활동을 말한다.",,,,"광고물 문안, 도안, 설계 등 작성업",방송|제작|설계|광고,,KSIC 11차 (2024),True
743005,그 외 기타 광고 관련 서비스업,"전문, 과학 및 기술 서비스업 > 전문 서비스업 > 광고업 > 기타 광고업 > 그 외 기타 광고 관련 서비스업","전문, 과학 및 기술 서비스업",전문 서비스업,광고업,기타 광고업,71399,그 외 기타 광고 관련 서비스업,"광고 매체(TV, 신문 등) 소유자를 대리하여 광고 시간 또는 지면을 판매하거나, 광고 매체로부터 광고 시간 또는 지면을 구입하여 광고 대행사 또는 광고주에게 직접 재판매하거나 그 외 기타 광고 관련 서 비스를 수행하는 산업활동을 말한다.","신문사 광고 지면 판매 대리|텔레비전 광고 시간 판매 대리|광고물 배포|광고용 명함, 인사장, 초대장 견본 배부 대리|우편 광고물 배포|광고용품 배포 대리",,,"신문사 광고 지면 판매 대리|텔레비전 광고 시간 판매 대리|광고물 배포|광고용 명함, 인사장, 초대장 견본 배부 대리|우편 광고물 배포|광고용품 배포 대리",판매|광고,,KSIC 11차 (2024),True
749100,고용 알선업,"사업시설 관리, 사업 지원 및 임대 서비스업 > 사업 지원 서비스업 > 고용 알선 및 인력 공급업 > 고용 알선업","사업시설 관리, 사업 지원 및 임대 서비스업",사업 지원 서비스업,고용 알선 및 인력 공급업,고용 알선업,75110,고용 알선업,"고용주 또는 고용 알선업체의 직원이 아닌 구직자를 대리하여 일자리 및 업 및 구직자 정보를 기초로 인력을 선발, 알선 및 배치하는 산업활동을 임설 말한다. 서리 ， 스사 업업",사무 인력 알선|개인 및 가사 인력 알선|고급 인력 알선(헤드헌터)|간호 인력 알선|직업소개소,,,사무 인력|개인 및 가사 인력|고급 인력 알선(헤드헌터)|간호 인력|직업소개소,알선,,KSIC 11차 (2024),True
749101,임시 및 일용 인력 공급업,"사업시설 관리, 사업 지원 및 임대 서비스업 > 사업 지원 서비스업 > 고용 알선 및 인력 공급업 > 인력 공급업 > 임시 및 일용 인력 공급업","사업시설 관리, 사업 지원 및 임대 서비스업",사업 지원 서비스업,고용 알선 및 인력 공급업,인력 공급업,75121,임시 및 일용 인력 공급업,자기관리 아래 있는 노동자를 계약에 의하여 타인 또는 타사업체에 단기간(1년 미만) 공급하는 산업활동을 말한다. 이 노동자들은 인력 공급업체의 직원이지만 고객 사업체의 지시 및 감독을 받아 업무를 수행한다.,"임시 및 일용 근로자 파견업|단기 인력 파견업|단기 개인 및 가사 인력 공급|단기 간호 인력 공급|모델 공급|단기 산업 노동 인력 공급|근로자 단기 파견업|인력풀(pool) 공급 운영|단기 사무 인력 공급|연극, 영화 단역배우 공급 운영",,,"임시 및 일용 근로자 파견업|단기 인력 파견업|단기 개인 및 가사 인력|단기 간호 인력|모델|단기 산업 노동 인력|근로자 단기 파견업|인력풀(pool) 공급|단기 사무 인력|연극, 영화 단역배우 공급",관리,,KSIC 11차 (2024),True
749102,상용 인력 공급 및 인사관리 서비스업,"사업시설 관리, 사업 지원 및 임대 서비스업 > 사업 지원 서비스업 > 고용 알선 및 인력 공급업 > 인력 공급업 > 상용 인력 공급 및 인사관리 서비스업","사업시설 관리, 사업 지원 및 임대 서비스업",사업 지원 서비스업,고용 알선 및 인력 공급업,인력 공급업,75122,상용 인력 공급 및 인사관리 서비스업,"자기관리 아래 있는 노동자를 계약에 의하여 타인 또는 타사업체에 장기간(1년 이상) 공급하는 산업활동을 말한다. 이들 사업체는 파견 인력에 대한 인사관리 서비스를 수행할 수 있으나, 파견 인력은 고객 사업체의 지시 및 감독을 받아 업무를 수행한다.",상용 근로자 파견 및 공급업,,,상용 근로자 파견 및 공급업,관리,,KSIC 11차 (2024),True
749200,경비 및 경호 서비스업,"사업시설 관리, 사업 지원 및 임대 서비스업 > 사업 지원 서비스업 > 경비, 경호 및 탐정업 > 경비 및 경호 서비스업","사업시설 관리, 사업 지원 및 임대 서비스업",사업 지원 서비스업,"경비, 경호 및 탐정업",경비 및 경호 서비스업,75310,경비 및 경호 서비스업,"스사 사무실, 주택, 오락시설, 유원지 및 주차장 등에서 경계, 재산 보호 및 업업 도난을 방지하거나 사람의 생명 및 신체를 위해로부터 보호하는 산업 지 활동을 말한다. 귀중품 운송 서비스를 제공하는 산업활동도 포함한다.",경비업|순찰 서비스|건물 경비|사업체 보안 서비스|보디가드 서비스|경호견 서비스|경호 서비스,보험에 관련된 조사 활동|탐정 및 경호를 경찰에서 수행하는 경우,,경비업|순찰|건물 경비|사업체 보안|보디가드|경호견|경호,운송|경비|오락,,KSIC 11차 (2024),True
749201,보안 시스템 서비스업,"사업시설 관리, 사업 지원 및 임대 서비스업 > 사업 지원 서비스업 > 경비, 경호 및 탐정업 > 보안 시스템 서비스업","사업시설 관리, 사업 지원 및 임대 서비스업",사업 지원 서비스업,"경비, 경호 및 탐정업",보안 시스템 서비스업,75320,보안 시스템 서비스업,화재 및 도난 경보장치 등과 같은 전자 보안․경보 시스템의 원격 감 시 및 유지․관리 서비스를 제공하는 산업활동을 말한다.,,경보 조직 관련 통신설비 설치|차량 경보 시스템 판매,,보안 시스템,관리,,KSIC 11차 (2024),True
749300,건축물 일반 청소업,"사업시설 관리, 사업 지원 및 임대 서비스업 > 사업시설 관리 및 조경 서비스업 > 건물ㆍ산업설비 청소 및 방제 서비스업 > 건물 및 산업설비 청소업 > 건축물 일반 청소업","사업시설 관리, 사업 지원 및 임대 서비스업",사업시설 관리 및 조경 서비스업,건물ㆍ산업설비 청소 및 방제 서비스업,건물 및 산업설비 청소업,74211,건축물 일반 청소업,"주거용, 상업용 또는 산업용 건물의 내부 및 창문을 청소하는 산업활 동을 말한다.",건물 창문 청소|건물 외부 청소|공중 전화시설 청소|구내 청소 대행|바닥 청소 및 광택 내기|내부 벽 청소,"산업설비, 운송장비 또는 공공장소 청소|카펫, 바닥깔개, 가리개 및 커튼 세탁|개인 가정 고용인의 청소활동",,건물 창문 청소|건물 외부 청소|공중 전화시설 청소|구내 청소 대행|바닥 청소 및 광택 내기|내부 벽 청소,청소,,KSIC 11차 (2024),True
749301,하수 처리업,"수도, 하수 및 폐기물 처리, 원료 재생업 > 하수, 폐수 및 분뇨 처리업 > 하수 및 폐수 처리업 > 하수 처리업","수도, 하수 및 폐기물 처리, 원료 재생업","하수, 폐수 및 분뇨 처리업","하수, 폐수 및 분뇨 처리업",하수 및 폐수 처리업,37011,하수 처리업,"하수를 하수도관에 의해서 수집하고, 수집된 하수를 희석, 선별, 여과, 침전 등 물리․화학․생물공정 등으로 처리하는 하수도관시설 및 하 수 처리시설을 운영하는 산업활동을 말하며 관련 시설을 청소하는 활 동을 포함한다.",하수 펌프장 운영|하수도관시설 운영|하수 종말 처리장 운영,산업 폐수 처리시설 운영,하수도관 청소,하수 펌프장|하수도관시설|하수 종말 처리장,청소,,KSIC 11차 (2024),True
749302,"소독, 구충 및 방제 서비스업","사업시설 관리, 사업 지원 및 임대 서비스업 > 사업시설 관리 및 조경 서비스업 > 건물ㆍ산업설비 청소 및 방제 서비스업 > 소독, 구충 및 방제 서비스업","사업시설 관리, 사업 지원 및 임대 서비스업",사업시설 관리 및 조경 서비스업,건물ㆍ산업설비 청소 및 방제 서비스업,"소독, 구충 및 방제 서비스업",74220,"소독, 구충 및 방제 서비스업","건물, 가구 및 기기 등을 소독, 구충 및 방제하는 산업활동을 말한다.",건물 해충 구제 서비스|선박 소독 및 살균 서비스|화장실 위생 소독 서비스|훈증 소독 서비스,농작물 해충 구제 서비스,,건물 해충 구제|선박 소독 및 살균|화장실 위생 소독|훈증 소독,방제,,KSIC 11차 (2024),True
749303,조경관리 및 유지 서비스업,"사업시설 관리, 사업 지원 및 임대 서비스업 > 사업시설 관리 및 조경 서비스업 > 조경관리 및 유지 서비스업","사업시설 관리, 사업 지원 및 임대 서비스업",사업시설 관리 및 조경 서비스업,조경관리 및 유지 서비스업,조경관리 및 유지 서비스업,74300,조경관리 및 유지 서비스업,"수수료 및 계약에 의하여 건물 주위, 도로변, 정원, 공원, 운동장 등의 환경 조성에 따른 조경수, 잔디, 화초 등 각종 조경용 식물을 식재 및 유지․관리하는 산업활동을 말한다. 조경수 및 관목의 보호를 위한 활동도 포함한다.",조경수 관리|정원수 식재|정원관리 대리|조경수목 치료 서비스,조경수를 재배한 사업체가 식재를 하는 경우|토목공사와 결합되는 조경수 식재,,조경수 관리|정원수 식재|정원관리 대리|조경수목 치료,관리|조경관리|치료,,KSIC 11차 (2024),True
749400,인물 사진 및 행사용 영상 촬영업,"전문, 과학 및 기술 서비스업 > 기타 전문, 과학 및 기술 서비스업 > 사진 촬영 및 처리업 > 인물 사진 및 행사용 영상 촬영업","전문, 과학 및 기술 서비스업","기타 전문, 과학 및 기술 서비스업",사진 촬영 및 처리업,사진 촬영 및 처리업,73301,인물 사진 및 행사용 영상 촬영업,사진관 또는 고객의 사무실 및 가정과 같은 장소에서 인물을 촬영하 는 산업활동을 말한다. 사진은 그 대상을 있는 그대로 표현한다. 영화 용 이외의 행사 사진 및 비디오 등 영상 촬영활동도 포함한다.,초상화 촬영(개인)|행사 비디오 촬영|여권 사진 촬영|학교 사진 촬영,동전 조작식 사진 촬영기 운영,,초상화 촬영(개인)|행사 비디오 촬영|여권 사진 촬영|학교 사진 촬영,,,KSIC 11차 (2024),True
749401,그 외 기타 달리 분류되지 않은 개인 서비스업,"협회 및 단체, 수리 및 기타 개인 서비스업 > 기타 개인 서비스업 > 그 외 기타 개인 서비스업 > 그 외 기타 분류 안된 개인 서비스업 > 그 외 기타 달리 분류되지 않은 개인 서비스업","협회 및 단체, 수리 및 기타 개인 서비스업",기타 개인 서비스업,그 외 기타 개인 서비스업,그 외 기타 분류 안된 개인 서비스업,96999,그 외 기타 달리 분류되지 않은 개인 서비스업,달리 분류되지 않은 개인 서비스를 하는 산업활동을 말한다.,구두 닦기|대리 시장 보기|문신 서비스|대리 운전,,즉석 자동사진촬영기 운영,구두 닦기|대리 시장 보기|문신|대리 운전,,,KSIC 11차 (2024),True
749402,상업용 사진 촬영업,"전문, 과학 및 기술 서비스업 > 기타 전문, 과학 및 기술 서비스업 > 사진 촬영 및 처리업 > 상업용 사진 촬영업","전문, 과학 및 기술 서비스업","기타 전문, 과학 및 기술 서비스업",사진 촬영 및 처리업,사진 촬영 및 처리업,73302,상업용 사진 촬영업,"광고회사, 출판업자 및 기타 산업 사용자를 대상으로 사진 촬영서비 스를 제공하는 산업활동을 말한다.",광고관련 사진 촬영|상업용 사진 촬영|산업용 사진 촬영|의류 사진 촬영|카탈로그 사진 촬영|기기 및 건물 사진 촬영|홍보 관련 인물 촬영|구축물 촬영,,,광고관련 사진 촬영|상업용 사진 촬영|산업용 사진 촬영|의류 사진 촬영|카탈로그 사진 촬영|기기 및 건물 사진 촬영|홍보 관련 인물 촬영|구축물 촬영,출판|구축|광고|홍보,,KSIC 11차 (2024),True
749403,사진 처리업,"전문, 과학 및 기술 서비스업 > 기타 전문, 과학 및 기술 서비스업 > 사진 촬영 및 처리업 > 사진 처리업","전문, 과학 및 기술 서비스업","기타 전문, 과학 및 기술 서비스업",사진 촬영 및 처리업,사진 촬영 및 처리업,73303,사진 처리업,"사진 및 비디오의 현상 처리, 인화 및 확대 처리 등을 수행하는 산업 활동을 말한다. 슬라이드 제작, 오래된 사진 복원 및 투영도 수정 등 을 수행하는 경우도 포함한다.",사진 인화 서비스|슬라이드 제작 서비스|사진 처리 서비스|사진 복원 서비스|사진 복사 및 손질 서비스(청사진 복사 제외)|마이크로 필름 처리 서비스 기전,,,사진 인화|슬라이드 제작|사진 처리|사진 복원|사진 복사 및 손질 서비스(청사진 복사 제외)|마이크로 필름 처리 서비스 기전,제작,,KSIC 11차 (2024),True
749500,포장 및 충전업,"사업시설 관리, 사업 지원 및 임대 서비스업 > 사업 지원 서비스업 > 기타 사업 지원 서비스업 > 그 외 기타 사업 지원 서비스업 > 포장 및 충전업","사업시설 관리, 사업 지원 및 임대 서비스업",사업 지원 서비스업,기타 사업 지원 서비스업,그 외 기타 사업 지원 서비스업,75994,포장 및 충전업,"수수료 또는 계약에 의하여 자동 또는 수동 포장을 불문하고 수축 포 장, 투명 포장 등의 각종 포장 방법을 이용하여 음식물, 의약품, 화장 품, 철물 등의 제품을 포장하는 산업활동을 말한다. 이 산업에는 에어 로졸의 혼합 및 주입이 포함되며, 포장물에 상표 부착 및 날인하는 활동이 결합될 수 있다.",상표 부착 서비스|여행용구 조립 및 포장|부탄 가스 주입|의류 포장 및 업 임설,운수업과 관련된 화물 포장 활동 스사 업업,,상표 부착|여행용구 조립 및 포장|부탄 가스 주입|의류 포장 및 업 임설,조립|음식|이용,,KSIC 11차 (2024),True
749601,그 외 기타 분류 안된 사업 지원 서비스업,"사업시설 관리, 사업 지원 및 임대 서비스업 > 사업 지원 서비스업 > 기타 사업 지원 서비스업 > 그 외 기타 사업 지원 서비스업 > 그 외 기타 분류 안된 사업 지원 서비스업","사업시설 관리, 사업 지원 및 임대 서비스업",사업 지원 서비스업,기타 사업 지원 서비스업,그 외 기타 사업 지원 서비스업,75999,그 외 기타 분류 안된 사업 지원 서비스업,그 외 기타 달리 분류되지 않은 사업 지원 서비스를 수행하는 산업활 동을 말한다.,"가스, 전기, 수도 계량 대리",,종이재단 지원 서비스,"가스, 전기, 수도 계량 대리",,,KSIC 11차 (2024),True
749602,그 외 기타 분류 안된 사업 지원 서비스업,"사업시설 관리, 사업 지원 및 임대 서비스업 > 사업 지원 서비스업 > 기타 사업 지원 서비스업 > 그 외 기타 사업 지원 서비스업 > 그 외 기타 분류 안된 사업 지원 서비스업","사업시설 관리, 사업 지원 및 임대 서비스업",사업 지원 서비스업,기타 사업 지원 서비스업,그 외 기타 사업 지원 서비스업,75999,그 외 기타 분류 안된 사업 지원 서비스업,그 외 기타 달리 분류되지 않은 사업 지원 서비스를 수행하는 산업활 동을 말한다.,"가스, 전기, 수도 계량 대리",,"해태건조, 마세크탄(조개탄) 도급가공, 갈포가공","가스, 전기, 수도 계량 대리",,,KSIC 11차 (2024),True
749603,그 외 기타 분류 안된 사업 지원 서비스업,"사업시설 관리, 사업 지원 및 임대 서비스업 > 사업 지원 서비스업 > 기타 사업 지원 서비스업 > 그 외 기타 사업 지원 서비스업 > 그 외 기타 분류 안된 사업 지원 서비스업","사업시설 관리, 사업 지원 및 임대 서비스업",사업 지원 서비스업,기타 사업 지원 서비스업,그 외 기타 사업 지원 서비스업,75999,그 외 기타 분류 안된 사업 지원 서비스업,그 외 기타 달리 분류되지 않은 사업 지원 서비스를 수행하는 산업활 동을 말한다.,"가스, 전기, 수도 계량 대리",,선박 임가공,"가스, 전기, 수도 계량 대리",,,KSIC 11차 (2024),True
749604,그 외 기타 분류 안된 사업 지원 서비스업(기타임가공),"사업시설 관리, 사업 지원 및 임대 서비스업 > 사업 지원 서비스업 > 기타 사업 지원 서비스업 > 그 외 기타 사업 지원 서비스업 > 그 외 기타 분류 안된 사업 지원 서비스업(기타임가공)","사업시설 관리, 사업 지원 및 임대 서비스업",사업 지원 서비스업,기타 사업 지원 서비스업,그 외 기타 사업 지원 서비스업,75999,그 외 기타 분류 안된 사업 지원 서비스업,그 외 기타 달리 분류되지 않은 사업 지원 서비스를 수행하는 산업활 동을 말한다.,"가스, 전기, 수도 계량 대리",,기타 임가공,"가스, 전기, 수도 계량 대리",가공,,KSIC 11차 (2024),True
749609,온라인 활용 마케팅 및 관련 사업지원 서비스업,"사업시설 관리, 사업 지원 및 임대 서비스업 > 사업 지원 서비스업 > 기타 사업 지원 서비스업 > 그 외 기타 사업 지원 서비스업 > 온라인 활용 마케팅 및 관련 사업지원 서비스업","사업시설 관리, 사업 지원 및 임대 서비스업",사업 지원 서비스업,기타 사업 지원 서비스업,그 외 기타 사업 지원 서비스업,75995 | 75999,온라인 활용 마케팅 및 관련 사업지원 서비스업 | 그 외 기타 분류 안된 사업 지원 서비스업,온라인을 활용한 마케팅 및 관련 사업지원 서비스를 수행하는 산업활 동을 말한다.,모바일 상품권 판매 대행,온라인 통신망을 통하여 각종 상품을 소매하는 활동|게임 소프트웨어 개발|범용성 응용 소프트웨어 개발,,모바일 상품권 판매 대행,판매,,KSIC 11차 (2024),True
749901,문서 작성 및 복사업,"사업시설 관리, 사업 지원 및 임대 서비스업 > 사업 지원 서비스업 > 기타 사업 지원 서비스업 > 사무 지원 서비스업 > 문서 작성 및 복사업","사업시설 관리, 사업 지원 및 임대 서비스업",사업 지원 서비스업,기타 사업 지원 서비스업,사무 지원 서비스업,75911,문서 작성 및 복사업,"편지 및 이력서 작성, 문서 편집 및 교정, 타이핑, 문서 처리(워드프 로세싱), 문서의 속기, 필사 등을 하는 산업활동을 말한다. 인쇄활동 은 하지 않으면서 도서의 복사, 청사진 처리를 수행하는 산업활동을 포함한다.",,,속기사,문서 작성 및 복사업,인쇄|편집,,KSIC 11차 (2024),True
749902,번역 및 통역 서비스업,"전문, 과학 및 기술 서비스업 > 기타 전문, 과학 및 기술 서비스업 > 그 외 기타 전문, 과학 및 기술 서비스업 > 번역 및 통역 서비스업","전문, 과학 및 기술 서비스업","기타 전문, 과학 및 기술 서비스업","그 외 기타 전문, 과학 및 기술 서비스업","그 외 기타 전문, 과학 및 기술 서비스업",73902,번역 및 통역 서비스업,"번역, 통역 및 수화 서비스를 제공하는 산업활동을 말한다.",번역 서비스|통역 서비스,,,번역|통역,번역,,KSIC 11차 (2024),True
749903,사업 및 무형 재산권 중개업,"전문, 과학 및 기술 서비스업 > 기타 전문, 과학 및 기술 서비스업 > 그 외 기타 전문, 과학 및 기술 서비스업 > 사업 및 무형 재산권 중개업","전문, 과학 및 기술 서비스업","기타 전문, 과학 및 기술 서비스업","그 외 기타 전문, 과학 및 기술 서비스업","그 외 기타 전문, 과학 및 기술 서비스업",73903,사업 및 무형 재산권 중개업,"사업 및 무형 재산권을 감정, 중개 및 알선하는 산업활동을 말한다.","지적 재산권 감정 및 알선|사업체 합병(M&A) 알선 및 자문|복제권 감정 및 알선|회원권 분양 중개 및 대행|특허권, 저작권 구매 및 임차 중개",무형 재산권 임대,사업 재산권 중개업,"지적 재산권 감정 및|사업체 합병(M&A) 알선 및 자문|복제권 감정 및|회원권 분양 중개 및 대행|특허권, 저작권 구매 및 임차",중개|알선|분양|자문,,KSIC 11차 (2024),True
749904,손해 사정업,금융 및 보험업 > 금융 및 보험관련 서비스업 > 보험 및 연금관련 서비스업 > 손해 사정업,금융 및 보험업,금융 및 보험관련 서비스업,보험 및 연금관련 서비스업,보험 및 연금관련 서비스업,66201,손해 사정업,"보험 및 피보험자를 위해 각종 손실, 파손의 감정 및 기타 보험 감정 업무를 수행하는 산업활동을 말한다.",손해사정 사무소|손실 평가서비스,,,손해사정 사무소|손실 평가,보험,,KSIC 11차 (2024),True
749905,문서 작성 및 복사업,"사업시설 관리, 사업 지원 및 임대 서비스업 > 사업 지원 서비스업 > 기타 사업 지원 서비스업 > 사무 지원 서비스업 > 문서 작성 및 복사업","사업시설 관리, 사업 지원 및 임대 서비스업",사업 지원 서비스업,기타 사업 지원 서비스업,사무 지원 서비스업,75911,문서 작성 및 복사업,"편지 및 이력서 작성, 문서 편집 및 교정, 타이핑, 문서 처리(워드프 로세싱), 문서의 속기, 필사 등을 하는 산업활동을 말한다. 인쇄활동 은 하지 않으면서 도서의 복사, 청사진 처리를 수행하는 산업활동을 포함한다.",,,,문서 작성 및 복사업,인쇄|편집,,KSIC 11차 (2024),True
749906,통관 대리 및 관련서비스업,운수 및 창고업 > 창고 및 운송관련 서비스업 > 기타 운송관련 서비스업 > 그 외 기타 운송관련 서비스업 > 통관 대리 및 관련서비스업,운수 및 창고업,창고 및 운송관련 서비스업,기타 운송관련 서비스업,그 외 기타 운송관련 서비스업,52991,통관 대리 및 관련서비스업,"물품 수출․입 절차와 관련하여 분류 및 세액을 계산하고, 통관 신고 운 등 절차를 대행하며 관련 서비스를 제공하는 산업활동을 말한다.",수출|입 통관절차 대행|관세사업,,관세사,수출|입 통관절차 대행|관세사업,,,KSIC 11차 (2024),True
749907,"전시, 컨벤션 및 행사 대행업","사업시설 관리, 사업 지원 및 임대 서비스업 > 사업 지원 서비스업 > 기타 사업 지원 서비스업 > 그 외 기타 사업 지원 서비스업 > 전시, 컨벤션 및 행사 대행업","사업시설 관리, 사업 지원 및 임대 서비스업",사업 지원 서비스업,기타 사업 지원 서비스업,그 외 기타 사업 지원 서비스업,75992,"전시, 컨벤션 및 행사 대행업","각종 전시회, 컨벤션 및 행사를 기획․조직하는 산업활동을 말한다. 전시회, 컨벤션 및 행사와 관련된 조사, 기획, 설계, 구성, 제작 등에 관한 전반적인 책임을 맡아 이러한 시설의 내장, 외장, 전시장치, 기 계 설비(음향, 영상 등) 등을 종합적으로 구성․연출하는 사업체도 포 함한다. 전시회 및 회의 장소만을 임대하는 경우는 제외한다.",산업 박람회 기획|주택 전시회 기획|패션쇼 기획|전시디자인(전시장 및 전시회 등 관련 지원서비스에 한함)|과학 행사 기획|문화 행사 기획|전시시설 기획 및 연출,과학 및 문화 전시관 운영|전시회장 및 컨벤션장 임대,,산업 박람회 기획|주택 전시회 기획|패션쇼 기획|과학 행사 기획|문화 행사 기획|전시시설 기획 및 연출,제작|설계|임대|디자인|전시|기획,,KSIC 11차 (2024),True
749909,문서 작성 및 복사업,"사업시설 관리, 사업 지원 및 임대 서비스업 > 사업 지원 서비스업 > 기타 사업 지원 서비스업 > 사무 지원 서비스업 > 문서 작성 및 복사업","사업시설 관리, 사업 지원 및 임대 서비스업",사업 지원 서비스업,기타 사업 지원 서비스업,사무 지원 서비스업,75911,문서 작성 및 복사업,"편지 및 이력서 작성, 문서 편집 및 교정, 타이핑, 문서 처리(워드프 로세싱), 문서의 속기, 필사 등을 하는 산업활동을 말한다. 인쇄활동 은 하지 않으면서 도서의 복사, 청사진 처리를 수행하는 산업활동을 포함한다.",,,복사업,문서 작성 및 복사업,인쇄|편집,,KSIC 11차 (2024),True
749910,시각 디자인업,"전문, 과학 및 기술 서비스업 > 기타 전문, 과학 및 기술 서비스업 > 전문 디자인업 > 시각 디자인업","전문, 과학 및 기술 서비스업","기타 전문, 과학 및 기술 서비스업",전문 디자인업,전문 디자인업,73203,시각 디자인업,"특정 메시지, 이미지 또는 개념을 시각적으로 전달하거나 가상 현상 등을 시각적으로 명확하게 전달 또는 표현하기 위한 시각 전달 매체 를 기획, 디자인 및 관리하는 산업활동을 말한다. 비디오물 및 영상 화면 구성, 기업 로고 등의 디자인, 기술적인 정확성 또는 해석 기술 이 요구되는 설명도 및 삽화를 제작하는 사업체도 포함한다.","상업 미술|메디컬 일러스트레이션|그래픽 디자인|실크스크린 디자인|기업 로고 디자인|캐릭터 디자인|타이포그래피 디자인|아이덴티티 디자인(CI, BI) M|출판물 편집 디자인 기전 술문|영상 디자인 서 업및",애니메이션(만화) 영화 제작|만화 및 시각 예술을 제작하는 자영 예술가|광고물 제작 대리,,"상업 미술|메디컬 일러스트레이션|그래픽 디자인|실크스크린 디자인|기업 로고 디자인|캐릭터 디자인|타이포그래피 디자인|아이덴티티 디자인(CI, BI) M|출판물 편집 디자인 기전 술문|영상 디자인 서 업및",출판|제작|편집|관리|디자인|기획,,KSIC 11차 (2024),True
749911,매니저업,"전문, 과학 및 기술 서비스업 > 기타 전문, 과학 및 기술 서비스업 > 그 외 기타 전문, 과학 및 기술 서비스업 > 매니저업","전문, 과학 및 기술 서비스업","기타 전문, 과학 및 기술 서비스업","그 외 기타 전문, 과학 및 기술 서비스업","그 외 기타 전문, 과학 및 기술 서비스업",73901,매니저업,"예술가, 연예인, 스포츠인 등 일반적으로 공인을 대리하고 관리하는 산업활동을 말한다. 이 사업체는 고객을 위하여 계약 협상, 금전 문제 관리, 경력 홍보 등을 수행한다.",유명 인사 매니저|모델 매니저,,,유명 인사 매니저|모델 매니저,관리|홍보|스포츠,,KSIC 11차 (2024),True
749912,"물품 감정, 계량 및 견본 추출업","전문, 과학 및 기술 서비스업 > 기타 전문, 과학 및 기술 서비스업 > 그 외 기타 전문, 과학 및 기술 서비스업 > 물품 감정, 계량 및 견본 추출업","전문, 과학 및 기술 서비스업","기타 전문, 과학 및 기술 서비스업","그 외 기타 전문, 과학 및 기술 서비스업","그 외 기타 전문, 과학 및 기술 서비스업",73904,"물품 감정, 계량 및 견본 추출업","물품을 감정하거나 각종 상품의 계량, 형량 및 견본 추출과 그 결과 를 증명하는 산업활동을 말한다.",계량 증명소|상품 견본 추출 대리|보석 감정|골동품 감정|물량 조사 서비스,운수관련 화물 검수|계량 서비스|부동산 감정 평가|물질 성분 검사,,계량 증명소|상품 견본 추출 대리|보석 감정|골동품 감정|물량 조사,,,KSIC 11차 (2024),True
749913,신용 조사 및 추심 대행업,"사업시설 관리, 사업 지원 및 임대 서비스업 > 사업 지원 서비스업 > 기타 사업 지원 서비스업 > 그 외 기타 사업 지원 서비스업 > 신용 조사 및 추심 대행업","사업시설 관리, 사업 지원 및 임대 서비스업",사업 지원 서비스업,기타 사업 지원 서비스업,그 외 기타 사업 지원 서비스업,75993,신용 조사 및 추심 대행업,"개인의 신용․고용 기록 및 사업체의 신용 기록을 수집하고, 이들의 신용도를 알고자 하는 금융기관, 소매상 등에게 수집된 정보를 제공 하는 산업활동과 청구서의 금액을 수금하여 고객에게 송금하는 산업 활동을 말한다.",외상 수금 대리|채무자 추적 서비스|개인 신용도 조사|회사 신용도 조사|기업 신용 평가,탐정 서비스,,외상 수금 대리|채무자 추적|개인 신용도 조사|회사 신용도 조사|기업 신용 평가,소매|금융,,KSIC 11차 (2024),True
749914,인테리어 디자인업,"전문, 과학 및 기술 서비스업 > 기타 전문, 과학 및 기술 서비스업 > 전문 디자인업 > 인테리어 디자인업","전문, 과학 및 기술 서비스업","기타 전문, 과학 및 기술 서비스업",전문 디자인업,전문 디자인업,73201,인테리어 디자인업,"건축관련 법규, 안전성, 기계 및 전기적 특성, 내부 부착물 및 가구 등을 고려하여 사용상의 안전성, 편의성 및 미적 요소 등을 충족시키 는 실내 공간 구성을 기획, 설계 및 관리하는 산업활동을 말한다. 이 사업체는 식당 및 호텔, 의료기관, 공공건물, 상업 및 기업 건물, 주택 등의 설계 분야에서 인테리어 디자인 및 자문을 제공한다. 실내 공간 설계와 관련하여 미적인 디자인만 제공하는 실내 장식 전문가도 포함 한다.",실내 장식 디자인|실내 장식 자문 서비스,실내 장식공사|전시시설 기획 및 행사 대행,,실내 장식 디자인|실내 장식 자문,설계|관리|자문|디자인|기획,,KSIC 11차 (2024),True
749915,제품 디자인업,"전문, 과학 및 기술 서비스업 > 기타 전문, 과학 및 기술 서비스업 > 전문 디자인업 > 제품 디자인업","전문, 과학 및 기술 서비스업","기타 전문, 과학 및 기술 서비스업",전문 디자인업,전문 디자인업,73202,제품 디자인업,"제품의 기능, 사용, 가치 및 외관 등을 최적화 하도록 사양을 기획 및 디자인하는 산업 디자인 서비스 활동을 말한다. 이 서비스에는 안전 성, 시장성 및 생산의 효율성, 유통, 사용 및 수리 측면 등을 고려하 여 제품의 재료, 공정, 작동 방식, 외관, 색, 표면 처리 등을 결정할 수 있다.",자동차 디자인|제품 디자인 자문 서비스|가구 디자인|모형 디자인|기계 및 수공구 디자인|포장산업 디자인|전기 및 전자제품 디자인|생활 및 환경용품 디자인|운송 기기 디자인,,,자동차 디자인|제품 디자인 자문|가구 디자인|모형 디자인|기계 및 수공구 디자인|포장산업 디자인|전기 및 전자제품 디자인|생활 및 환경용품 디자인|운송 기기 디자인,생산|유통|운송|자문|디자인|기획|수리,,KSIC 11차 (2024),True
749916,"패션, 섬유류 및 기타 전문 디자인업","전문, 과학 및 기술 서비스업 > 기타 전문, 과학 및 기술 서비스업 > 전문 디자인업 > 패션, 섬유류 및 기타 전문 디자인업","전문, 과학 및 기술 서비스업","기타 전문, 과학 및 기술 서비스업",전문 디자인업,전문 디자인업,73209,"패션, 섬유류 및 기타 전문 디자인업","패션 제품, 텍스타일 제품 및 기타 전문 디자인을 수행하는 산업활동 을 말한다.","패션 제품(의복, 가죽, 가방 및 액세서리) 디자인|텍스타일(섬유류) 패턴(pattern) 디자인|귀금속 및 보석 디자인|구두 디자인|모피 디자인|의류 디자인",,,"패션 제품(의복, 가죽, 가방 및 액세서리) 디자인|텍스타일(섬유류) 패턴(pattern) 디자인|귀금속 및 보석 디자인|구두 디자인|모피 디자인|의류 디자인",디자인,,KSIC 11차 (2024),True
749921,온라인 활용 마케팅 및 관련 사업지원 서비스업,"사업시설 관리, 사업 지원 및 임대 서비스업 > 사업 지원 서비스업 > 기타 사업 지원 서비스업 > 그 외 기타 사업 지원 서비스업 > 온라인 활용 마케팅 및 관련 사업지원 서비스업","사업시설 관리, 사업 지원 및 임대 서비스업",사업 지원 서비스업,기타 사업 지원 서비스업,그 외 기타 사업 지원 서비스업,75995 | 75999,온라인 활용 마케팅 및 관련 사업지원 서비스업 | 그 외 기타 분류 안된 사업 지원 서비스업,온라인을 활용한 마케팅 및 관련 사업지원 서비스를 수행하는 산업활 동을 말한다.,모바일 상품권 판매 대행,온라인 통신망을 통하여 각종 상품을 소매하는 활동|게임 소프트웨어 개발|범용성 응용 소프트웨어 개발,기타대리,모바일 상품권 판매 대행,판매,,KSIC 11차 (2024),True
749927,"섬유, 의복, 신발 및 가죽제품 중개업","도매 및 소매업 > 도매 및 상품 중개업 > 상품 중개업 > 섬유, 의복, 신발 및 가죽제품 중개업",도매 및 소매업,도매 및 상품 중개업,상품 중개업,상품 중개업,46103 | 46104 | 46105 | 46106 | 46109,"섬유, 의복, 신발 및 가죽제품 중개업 | 목재 및 건축자재 중개업 | 연료, 광물, 1차 금속, 비료 및 화학제품 중개업 | 기계 및 장비 중개업 | 상품 종합 중개업","섬유 및 실, 섬유제품 및 의복, 신발, 가죽 및 모피제품 거래에 관련된 상품의 경매, 중개 또는 대리하는 산업활동을 말한다. / 제재목 및 합판․박판 등 건축용 목재 가공품, 자갈 및 모래, 벽돌 및 블록, 시멘트, 건축용 유리 및 창호제품 등의 거래에 관련된 상품의 경매, 중개 또는 대리하는 산업활동을 말한다. / 산업용 기계․장비, 선박, 항공기 등 기타 기계․장비 및 관련용품 거 래에 관련된 상품의 경매, 중개 또는 대리하는 산업활동을 말한다. 사 무용 기계 및 컴퓨터 거래 관련 중개업도 포함한다. / 도매 및 소매업 타인의 계정으로 타인을 대신하여 각종 상품의 거래와 관련된 경매 또는 중개를 수행하는 산업활동을 말한다. 전체 중개활동에서 발생한 부가가치액 중 특정 상품에 대한 부가가치액 비중이 50% 미만인 경 우에 분류한다.","섬유 및 실 중개|섬유제품 및 의복 중개|가죽제품 중개|합판, 박판, 제재목 중개|골재, 벽돌, 시멘트 중개|유리 및 창호 중개|농업용 기계|장비 중개|반도체 기계|과학용 기구 및 장비 중개|선박 및 항공기 중개|사무용 기계 및 컴퓨터 중개|종합 무역 중개|연쇄화사업 종합 상품 중개 G",선박이나 항공기 사용 공간 임대 중개|종합 상품 연쇄화사업 도매,물품매도확약서 발행업,"섬유 및 실|섬유제품 및 의복|가죽제품|합판, 박판, 제재목|골재, 벽돌, 시멘트|유리 및 창호|농업용 기계|장비|반도체 기계|과학용 기구 및 장비|선박 및 항공기|사무용 기계 및 컴퓨터|종합 무역|연쇄화사업 종합 상품 중개 G",가공|도매|소매|중개|경매,,KSIC 11차 (2024),True
749930,도로 및 관련시설 운영업,운수 및 창고업 > 창고 및 운송관련 서비스업 > 기타 운송관련 서비스업 > 육상 운송 지원 서비스업 > 도로 및 관련시설 운영업,운수 및 창고업,창고 및 운송관련 서비스업,기타 운송관련 서비스업,육상 운송 지원 서비스업,52914,도로 및 관련시설 운영업,"유료 도로, 터널, 교량 등을 운영하는 산업활동을 말한다.",유료 고가 도로 운영,,고속도로 통행료 징수대행,유료 고가 도로,,,KSIC 11차 (2024),True
749934,무형 재산권 임대업,"사업시설 관리, 사업 지원 및 임대 서비스업 > 임대업; 부동산 제외 > 무형 재산권 임대업","사업시설 관리, 사업 지원 및 임대 서비스업",임대업; 부동산 제외,무형 재산권 임대업,무형 재산권 임대업,76400,무형 재산권 임대업,"특허권, 상표권, 광물 탐사권 등의 무형 재산권을 제3자에게 사용할 수 있는 권한을 부여하고 사용료를 받는 산업활동을 말한다.",특허권 임대|상표권 임대|브랜드 사용권 임대|기술 사용권 임대,,,특허권|상표권|브랜드 사용권|기술 사용권,임대,,KSIC 11차 (2024),True
749935,사업시설 유지ㆍ관리 서비스업,"사업시설 관리, 사업 지원 및 임대 서비스업 > 사업시설 관리 및 조경 서비스업 > 사업시설 유지ㆍ관리 서비스업","사업시설 관리, 사업 지원 및 임대 서비스업",사업시설 관리 및 조경 서비스업,사업시설 유지ㆍ관리 서비스업,사업시설 유지ㆍ관리 서비스업,74100,사업시설 유지ㆍ관리 서비스업,"고객의 사업시설을 유지 및 관리하는 산업활동으로서 경비, 청소, 우 편물 선별, 기계장치, 통신 및 전기장치 점검․유지․수리 등의 관련 서비스를 다양하게 제공하는 산업활동을 말한다. 사업장 내부시설(전 기시설, 통신시설, 기계․장비시설, IBS(지능형빌딩시스템, Intelligent Building System)시설, 급배수 및 송풍시설, 사업시설, 소방설비 및 건물시설 등 일체의 사업시설)에 대한 관리 서비스를 함께 포함한다.",관리|기관시설 유지,비주거용 부동산 관리활동,,관리|기관시설 유지,통신|관리|경비|청소|수리,,KSIC 11차 (2024),True
749937,기타 사무 지원 서비스업,"사업시설 관리, 사업 지원 및 임대 서비스업 > 사업 지원 서비스업 > 기타 사업 지원 서비스업 > 사무 지원 서비스업 > 기타 사무 지원 서비스업","사업시설 관리, 사업 지원 및 임대 서비스업",사업 지원 서비스업,기타 사업 지원 서비스업,사무 지원 서비스업,75919,기타 사무 지원 서비스업,"고객의 요구에 의하여 청구서 작성 및 기록 활동, 인력 및 물자 분배 등의 일일 사무 행정 서비스를 종합적으로 제공하거나 기타 분류되지 않은 사무 지원 서비스업을 포함한다.",,,,기타 사무 지원,,,KSIC 11차 (2024),True
749938,콜센터 및 텔레마케팅 서비스업,"사업시설 관리, 사업 지원 및 임대 서비스업 > 사업 지원 서비스업 > 기타 사업 지원 서비스업 > 그 외 기타 사업 지원 서비스업 > 콜센터 및 텔레마케팅 서비스업","사업시설 관리, 사업 지원 및 임대 서비스업",사업 지원 서비스업,기타 사업 지원 서비스업,그 외 기타 사업 지원 서비스업,75991,콜센터 및 텔레마케팅 서비스업,"수수료 또는 계약에 의해 전화 매체로 고객의 불만 또는 기타 요청 시 임설 사항을 접수하여 처리하거나 제품 및 상품을 소유하지 않고 고객의 대 관 서리 상품 및 서비스를 전화로 홍보, 주문 접수, 정보 제공 등의 서비스를 비 ， 스사 제공하는 산업활동을 말한다. 상품 소매, 보험 대리 등의 특정 산업활 업업 동을 수행하는 사업체가 전화 매체를 통해 사업을 수행하는 경우에는 지 그 본질적인 활동에 따라 분류한다.","콜센터 운영|텔레마케팅 서비스|전화번호 안내 서비스|인바운드(in-bound), 아웃바운드(out-bound) 서비스",통신 수단에 의한 상품 소매활동|통신 수단에 의한 보험 대리,,콜센터|텔레마케팅|전화번호 안내,소매|보험|홍보|콜센터,,KSIC 11차 (2024),True
749939,고고유산 조사연구 서비스업,"전문, 과학 및 기술 서비스업 > 기타 전문, 과학 및 기술 서비스업 > 그 외 기타 전문, 과학 및 기술 서비스업 > 고고유산 조사연구 서비스업","전문, 과학 및 기술 서비스업","기타 전문, 과학 및 기술 서비스업","그 외 기타 전문, 과학 및 기술 서비스업","그 외 기타 전문, 과학 및 기술 서비스업",73905 | 73909,"고고유산 조사연구 서비스업 | 그 외 기타 분류 안된 전문, 과학 및 기술 서비스업","토지(지표․지중) 또는 수중(바다․호수․하천)에 분포․매장(생성․ 퇴적)되거나 건조물 등에 포장되어 있는 고고유산에 대한 전문지식과 조사기술을 이용하여 고고유산을 보호․보존 및 조사․연구 등의 서 비스를 제공하는 산업활동을 말한다. / 기타 분류되지 않은 전문, 과학 및 기술 서비스를 제공하는 산업활동 업및 을 말한다. 농․축산물, 식품 및 의약품에 대하여 방사선을 쬐어 멸균 또는 보존 처리하는 산업활동을 포함한다.",고고유산 지표|발굴조사 서비스|고고유산 보존 및 활용 서비스|고고유산 조사기관|보존 서적 방부처리 서비스|의약품 조사 처리|식품 조사 처리|농산물 방사선 처리,지질학 연구 M|역사학 연구 기전 술문|장비 또는 개인 및 가정용 기계|장 비 또는 개인 및 가정용 기계|장비|장비 임대는 그 기계,,고고유산 지표|발굴조사|고고유산 보존 및 활용|고고유산 조사기관|보존 서적 방부처리|의약품 조사 처리|식품 조사 처리|농산물 방사선 처리,연구|이용,,KSIC 11차 (2024),True
749940,재생용 재료 수집 및 판매업,도매 및 소매업 > 도매 및 상품 중개업 > 기타 전문 도매업 > 재생용 재료 및 기타 상품 전문 도매업 > 재생용 재료 수집 및 판매업,도매 및 소매업,도매 및 상품 중개업,기타 전문 도매업,재생용 재료 및 기타 상품 전문 도매업,46791,재생용 재료 수집 및 판매업,재생할 수 있는 각종 고물 및 스크랩(쇠부스러기 등)을 수집․판매하 는 산업활동을 말한다.,재생용 금속 수집 및 판매|재생용 비금속 수집 및 판매|재생용 플라스틱 수집 및 판매|고섬유 재생재료 수집 및 판매|재생용 고무 수집 및 판매|고지 수집 및 판매,연속 라인에 의한 재생원료 선별 활동,공병보증금제 공병취급 수수료,재생용 금속 수집 및|재생용 비금속 수집 및|재생용 플라스틱 수집 및|고섬유 재생재료 수집 및|재생용 고무 수집 및|고지 수집 및,판매,,KSIC 11차 (2024),True
749941,사업 및 무형 재산권 중개업,"전문, 과학 및 기술 서비스업 > 기타 전문, 과학 및 기술 서비스업 > 그 외 기타 전문, 과학 및 기술 서비스업 > 사업 및 무형 재산권 중개업","전문, 과학 및 기술 서비스업","기타 전문, 과학 및 기술 서비스업","그 외 기타 전문, 과학 및 기술 서비스업","그 외 기타 전문, 과학 및 기술 서비스업",73903,사업 및 무형 재산권 중개업,"사업 및 무형 재산권을 감정, 중개 및 알선하는 산업활동을 말한다.","지적 재산권 감정 및 알선|사업체 합병(M&A) 알선 및 자문|복제권 감정 및 알선|회원권 분양 중개 및 대행|특허권, 저작권 구매 및 임차 중개",무형 재산권 임대,무형 재산권 중개업,"지적 재산권 감정 및|사업체 합병(M&A) 알선 및 자문|복제권 감정 및|회원권 분양 중개 및 대행|특허권, 저작권 구매 및 임차",중개|알선|분양|자문,,KSIC 11차 (2024),True
749942,기타 전문 서비스업,"전문, 과학 및 기술 서비스업 > 전문 서비스업 > 기타 전문 서비스업","전문, 과학 및 기술 서비스업",전문 서비스업,기타 전문 서비스업,기타 전문 서비스업,71600,기타 전문 서비스업,"전문 지식이 요청되는 서비스 제공과 관련하여 사업계획 수립, 전문 인력 확보 및 조직 관리, 회계 관리업무 등을 총괄적으로 수행하는 서비스 산업활동을 말한다. 부수적으로 지식재산권 취득 및 관리, 시 장 및 여론 조사, 자문 및 컨설팅, 기술이전 지원업무 등을 수행할 수 있다.",산학협력단,,,산학협력단,관리|컨설팅|자문|회계,,KSIC 11차 (2024),True
804101,외국인학교,"교육서비스업 > 교육 서비스업 > 특수학교, 외국인학교 및 대안학교 > 외국인학교",교육서비스업,교육 서비스업,"특수학교, 외국인학교 및 대안학교",외국인학교,85420,외국인학교,"외국에서 일정 기간 거주하고 귀국한 내국인, 국적 취득자 및 외국인 자녀를 교육하기 위하여 설립된 교육기관을 말한다. 외국인학교는 유 치원, 초등학교, 중학교, 고등학교 과정을 통합하여 운영할 수 있다.",,,,외국인학교,교육,,KSIC 11차 (2024),True
809001,운전학원,교육서비스업 > 교육 서비스업 > 기타 교육기관 > 기술 및 직업 훈련학원 > 운전학원,교육서비스업,교육 서비스업,기타 교육기관,기술 및 직업 훈련학원,85661,운전학원,"자동차, 중장비, 비행기, 선박 등의 운송장비에 대한 운전교습을 수행 하는 산업활동을 말한다. P",자동차 운전학원|중장비 운전학원|항공 훈련학원|선박 운전학원|드론 자격증 취득 전문학원,,자동차운전학원 제외,자동차 운전학원|중장비 운전학원|항공 훈련학원|선박 운전학원|드론 자격증 취득 전문학원,운송|훈련|교습,,KSIC 11차 (2024),True
809002,기타 기술 및 직업 훈련학원,교육서비스업 > 교육 서비스업 > 기타 교육기관 > 기술 및 직업 훈련학원 > 기타 기술 및 직업 훈련학원,교육서비스업,교육 서비스업,기타 교육기관,기술 및 직업 훈련학원,85669,기타 기술 및 직업 훈련학원,기타의 기술 및 직업 분야에 대하여 전문적인 훈련을 수행하는 산업 활동을 말한다.,통신 기술학원|자동차 정비학원|양재학원|미용학원|직업 훈련원|모형 제작학원|체육 전문강사 교육|비서학원|드론 조종사 학원(전문분야),,,통신 기술학원|자동차 정비학원|양재학원|미용학원|직업 훈련원|모형 제작학원|체육 전문강사|비서학원|드론 조종사 학원(전문분야),제작|통신|교육|훈련|정비|미용,,KSIC 11차 (2024),True
809003,레크리에이션 교육기관,교육서비스업 > 교육 서비스업 > 기타 교육기관 > 스포츠 및 레크리에이션 교육기관 > 레크리에이션 교육기관,교육서비스업,교육 서비스업,기타 교육기관,스포츠 및 레크리에이션 교육기관,85613,레크리에이션 교육기관,바둑교육 등 레크리에이션에 관한 교육을 하는 산업활동을 말한다.,바둑 교실,,,바둑 교실,교육,,KSIC 11차 (2024),True
809004,일반 교과학원,교육서비스업 > 교육 서비스업 > 일반 교습학원 > 일반 교과학원,교육서비스업,교육 서비스업,일반 교습학원,일반 교습학원,85501,일반 교과학원,상급학교 진학 및 보습을 위한 일반 교과과정을 교육하는 산업활동을 말한다.,입시학원|일반교과 보습학원|체능 입시 전문학원,"기술관련 자격증 시험교육|방문을 통한 일반교과 교육|통신 및 인터넷을 통한 일반교과 교육|음악, 무용, 미술학원",체육계열 입시 전문학원,입시학원|일반교과 보습학원|체능 입시 전문학원,교육,,KSIC 11차 (2024),True
809005,일반 교과학원,교육서비스업 > 교육 서비스업 > 일반 교습학원 > 일반 교과학원,교육서비스업,교육 서비스업,일반 교습학원,일반 교습학원,85501,일반 교과학원,상급학교 진학 및 보습을 위한 일반 교과과정을 교육하는 산업활동을 말한다.,입시학원|일반교과 보습학원|체능 입시 전문학원,"기술관련 자격증 시험교육|방문을 통한 일반교과 교육|통신 및 인터넷을 통한 일반교과 교육|음악, 무용, 미술학원",,입시학원|일반교과 보습학원|체능 입시 전문학원,교육,,KSIC 11차 (2024),True
809006,그 외 기타 스포츠시설 운영업,"예술, 스포츠 및 여가관련 서비스업 > 스포츠 및 오락관련 서비스업 > 스포츠 서비스업 > 기타 스포츠시설 운영업 > 그 외 기타 스포츠시설 운영업","예술, 스포츠 및 여가관련 서비스업",스포츠 및 오락관련 서비스업,스포츠 서비스업,기타 스포츠시설 운영업,91139,그 외 기타 스포츠시설 운영업,"달리 분류되지 않은 운동시설을 운영하는 산업활동을 말한다. 이 사 업체는 부수적으로 강습 및 관련 장비의 임대 활동 등을 수행할 수 예술, 스포츠 및 여가관련 서비스업 있다.","스쿼시장|탁구장|테니스장|야구 연습장|롤러 스케이트장|승마 연습장|요트장|조정장|카누장|눈썰매장|오락용이 아닌 공기총, 클레이 사격장|게이트볼장|국궁장, 석궁장|실내 암벽시설|관람석 없는 배드민턴장",오락용 사격장,"정구장, 테니스장, 탁구장","스쿼시장|탁구장|테니스장|야구 연습장|롤러 스케이트장|승마 연습장|요트장|조정장|카누장|눈썰매장|오락용이 아닌 공기총, 클레이 사격장|게이트볼장|국궁장, 석궁장|실내 암벽시설|관람석 없는 배드민턴장",임대|강습|스포츠|오락,,KSIC 11차 (2024),True
809007,일반 교과학원,교육서비스업 > 교육 서비스업 > 일반 교습학원 > 일반 교과학원,교육서비스업,교육 서비스업,일반 교습학원,일반 교습학원,85501 | 85621 | 85622 | 85629 | 85631,일반 교과학원 | 음악학원 | 미술학원 | 기타 예술학원 | 외국어학원,,,,독립된 자격의 과외교습,일반 교과학원,,,KSIC 11차 (2024),False
809009,음악학원,교육서비스업 > 교육 서비스업 > 기타 교육기관 > 예술학원 > 음악학원,교육서비스업,교육 서비스업,기타 교육기관,예술학원,85621,음악학원,"피아노, 바이올린, 실용 음악 등 음악에 관한 이론과 실기 등을 교습 하는 산업활동을 말한다.","음악학원|피아노, 바이올린 교습학원|실용 음악 교습학원",,,"음악학원|피아노, 바이올린 교습학원|실용 음악 교습학원",교습,,KSIC 11차 (2024),True
809010,기타 기술 및 직업 훈련학원,교육서비스업 > 교육 서비스업 > 기타 교육기관 > 기술 및 직업 훈련학원 > 기타 기술 및 직업 훈련학원,교육서비스업,교육 서비스업,기타 교육기관,기술 및 직업 훈련학원,85669,기타 기술 및 직업 훈련학원,기타의 기술 및 직업 분야에 대하여 전문적인 훈련을 수행하는 산업 활동을 말한다.,통신 기술학원|자동차 정비학원|양재학원|미용학원|직업 훈련원|모형 제작학원|체육 전문강사 교육|비서학원|드론 조종사 학원(전문분야),,가정계열학원,통신 기술학원|자동차 정비학원|양재학원|미용학원|직업 훈련원|모형 제작학원|체육 전문강사|비서학원|드론 조종사 학원(전문분야),제작|통신|교육|훈련|정비|미용,,KSIC 11차 (2024),True
809011,운전학원,교육서비스업 > 교육 서비스업 > 기타 교육기관 > 기술 및 직업 훈련학원 > 운전학원,교육서비스업,교육 서비스업,기타 교육기관,기술 및 직업 훈련학원,85661,운전학원,"자동차, 중장비, 비행기, 선박 등의 운송장비에 대한 운전교습을 수행 하는 산업활동을 말한다. P",자동차 운전학원|중장비 운전학원|항공 훈련학원|선박 운전학원|드론 자격증 취득 전문학원,,자동차운전학원으로 지정된 학원,자동차 운전학원|중장비 운전학원|항공 훈련학원|선박 운전학원|드론 자격증 취득 전문학원,운송|훈련|교습,,KSIC 11차 (2024),True
809012,일반 교과학원,교육서비스업 > 교육 서비스업 > 일반 교습학원 > 일반 교과학원,교육서비스업,교육 서비스업,일반 교습학원,일반 교습학원,85501,일반 교과학원,상급학교 진학 및 보습을 위한 일반 교과과정을 교육하는 산업활동을 말한다.,입시학원|일반교과 보습학원|체능 입시 전문학원,"기술관련 자격증 시험교육|방문을 통한 일반교과 교육|통신 및 인터넷을 통한 일반교과 교육|음악, 무용, 미술학원",예능계열 입시 전문학원,입시학원|일반교과 보습학원|체능 입시 전문학원,교육,,KSIC 11차 (2024),True
809013,컴퓨터 학원,교육서비스업 > 교육 서비스업 > 기타 교육기관 > 그 외 기타 교육기관 > 컴퓨터 학원,교육서비스업,교육 서비스업,기타 교육기관,그 외 기타 교육기관,85691,컴퓨터 학원,"컴퓨터 프로그램 작성, 컴퓨터 작동, 근거리 통신망 운영과 같은 컴퓨 터교육을 수행하는 산업활동을 말한다. 교육은 학원뿐만 아니라, 교육 생이 있는 시설에서도 이루어질 수 있다.",,,,컴퓨터 학원,통신|교육,,KSIC 11차 (2024),True
809014,태권도 및 무술 교육기관,교육서비스업 > 교육 서비스업 > 기타 교육기관 > 스포츠 및 레크리에이션 교육기관 > 태권도 및 무술 교육기관,교육서비스업,교육 서비스업,기타 교육기관,스포츠 및 레크리에이션 교육기관,85611,태권도 및 무술 교육기관,"태권도, 유도, 권투 등 각종 무술 관련 스포츠에 관한 교육을 하는 산 업활동을 말한다.",태권도학원,,,태권도학원,교육|스포츠,,KSIC 11차 (2024),True
809015,기타 스포츠 교육기관,교육서비스업 > 교육 서비스업 > 기타 교육기관 > 스포츠 및 레크리에이션 교육기관 > 기타 스포츠 교육기관,교육서비스업,교육 서비스업,기타 교육기관,스포츠 및 레크리에이션 교육기관,85612,기타 스포츠 교육기관,"축구, 야구 등 구기 종목과 체조, 수영 등 개인 종목 스포츠에 관한 교육을 하는 산업활동을 말한다.",축구 교실|요가학원,,,축구 교실|요가학원,교육|스포츠,,KSIC 11차 (2024),True
809016,온라인 교육학원,교육서비스업 > 교육 서비스업 > 일반 교습학원 > 온라인 교육학원,교육서비스업,교육 서비스업,일반 교습학원,일반 교습학원,85503,온라인 교육학원,"강의 내용물을 제작, 보유하고 통신 및 인터넷 방법으로 일반 교과 과정을 교육하는 산업활동을 말한다. 온라인 교육과 강의실 직접 교 육을 병행하는 경우는 직접 강의하는 교육 내용에 따라 분류한다.",통신 이용 교육|인터넷 이용 교육,"정규 교과과정의 통신교육(852, 853",,통신 이용|인터넷 이용,제작|통신|교육|이용,,KSIC 11차 (2024),True
809017,외국어학원,교육서비스업 > 교육 서비스업 > 기타 교육기관 > 외국어학원 및 기타 교습학원 > 외국어학원,교육서비스업,교육 서비스업,기타 교육기관,외국어학원 및 기타 교습학원,85631,외국어학원,회화 또는 시험을 위하여 외국어 강습을 수행하는 산업활동을 말한 다. 외국인을 대상으로 하는 한국어학원도 포함한다.,외국어학원|회화학원,언어 교정학원,,외국어학원|회화학원,시험|강습,,KSIC 11차 (2024),True
809018,기타 교습학원,교육서비스업 > 교육 서비스업 > 기타 교육기관 > 외국어학원 및 기타 교습학원 > 기타 교습학원,교육서비스업,교육 서비스업,기타 교육기관,외국어학원 및 기타 교습학원,85632,기타 교습학원,취업 및 각종 전문 시험을 위한 교과를 교육하는 산업활동을 말한다.,고시학원,,,고시학원,시험|교육|교습,,KSIC 11차 (2024),True
809019,기원 운영업,"예술, 스포츠 및 여가관련 서비스업 > 스포츠 및 오락관련 서비스업 > 유원지 및 기타 오락관련 서비스업 > 그 외 기타 오락관련 서비스업 > 기원 운영업","예술, 스포츠 및 여가관련 서비스업",스포츠 및 오락관련 서비스업,유원지 및 기타 오락관련 서비스업,그 외 기타 오락관련 서비스업,91293,기원 운영업,"바둑, 장기, 체스, 카드 놀이 및 유사 경기시설을 운영하는 산업활동 을 말한다.",,교육 목적의 바둑교실 운영,,기원 운,,,KSIC 11차 (2024),True
809020,미술학원,교육서비스업 > 교육 서비스업 > 기타 교육기관 > 예술학원 > 미술학원,교육서비스업,교육 서비스업,기타 교육기관,예술학원,85622,미술학원,"소묘(스케치, 데생 등), 수채화, 정물화 등 미술에 관한 이론과 실기 서 등을 교습하는 산업활동을 말한다. 스",미술학원,,,미술학원,교습,,KSIC 11차 (2024),True
809021,기타 예술학원,교육서비스업 > 교육 서비스업 > 기타 교육기관 > 예술학원 > 기타 예술학원,교육서비스업,교육 서비스업,기타 교육기관,예술학원,85629,기타 예술학원,"음악 및 미술 교습 이외에 연극, 무용 등 각종 예술에 관한 이론과 실기를 교습 하는 산업활동을 말한다.",무용 및 댄스학원|연기학원|도예학원,,,무용 및 댄스학원|연기학원|도예학원,교습,,KSIC 11차 (2024),True
809022,그 외 기타 분류 안된 교육기관,교육서비스업 > 교육 서비스업 > 기타 교육기관 > 그 외 기타 교육기관 > 그 외 기타 분류 안된 교육기관,교육서비스업,교육 서비스업,기타 교육기관,그 외 기타 교육기관,85699,그 외 기타 분류 안된 교육기관,사무관련 교육학원 및 달리 분류되지 않은 교육기관을 말한다.,속기학원|사무 실무 교육|속독학원|경영관련 교육|부기학원|웅변학원,무술 교육시설,,속기학원|사무 실무|속독학원|경영관련|부기학원|웅변학원,교육,,KSIC 11차 (2024),True
841110,입법기관,"공공 행정, 국방 및 사회보장 행정 > 입법 및 일반 정부 행정 > 일반 공공 행정 > 입법기관","공공 행정, 국방 및 사회보장 행정","공공 행정, 국방 및 사회보장 행정",입법 및 일반 정부 행정,일반 공공 행정,84111,입법기관,"국회, 지방 의회 및 이들의 자문 및 전문 위원회를 말한다.",국회|광역 자치단체 의회|기초 자치단체 의회,,,국회|광역 자치단체 의회|기초 자치단체 의회,자문,,KSIC 11차 (2024),True
841121,중앙 최고 집행기관,"공공 행정, 국방 및 사회보장 행정 > 입법 및 일반 정부 행정 > 일반 공공 행정 > 중앙 최고 집행기관","공공 행정, 국방 및 사회보장 행정","공공 행정, 국방 및 사회보장 행정",입법 및 일반 정부 행정,일반 공공 행정,84112,중앙 최고 집행기관,중앙 정부 업무를 총괄적으로 집행하는 기관 및 관련 자문 기구를 말 한다.,대통령실|총리실,,,대통령실|총리실,자문,,KSIC 11차 (2024),True
841131,지방행정 집행기관,"공공 행정, 국방 및 사회보장 행정 > 입법 및 일반 정부 행정 > 일반 공공 행정 > 지방행정 집행기관","공공 행정, 국방 및 사회보장 행정","공공 행정, 국방 및 사회보장 행정",입법 및 일반 정부 행정,일반 공공 행정,84113,지방행정 집행기관,"공공 행정, 국방 및 사회보장 행정 광역 및 기초 자치단체의 일반 행정 집행기관을 말한다.","도청|시청, 군청|면 사무소 및 동 주민자치센터",,,"도청|시청, 군청|면 사무소 및 동 주민자치센터",,,KSIC 11차 (2024),True
841141,재정 및 경제정책 행정,"공공 행정, 국방 및 사회보장 행정 > 입법 및 일반 정부 행정 > 일반 공공 행정 > 재정 및 경제정책 행정","공공 행정, 국방 및 사회보장 행정","공공 행정, 국방 및 사회보장 행정",입법 및 일반 정부 행정,일반 공공 행정,84114,재정 및 경제정책 행정,"금융, 재정, 과세 및 경제 정책을 수립․관리하는 기관을 말한다.",공공기금 관리 행정|국세 및 관세 행정|감사 행정,,,공공기금 관리 행정|국세 및 관세 행정|감사 행정,금융|관리,,KSIC 11차 (2024),True
841190,기타 일반 공공 행정,"공공 행정, 국방 및 사회보장 행정 > 입법 및 일반 정부 행정 > 일반 공공 행정 > 기타 일반 공공 행정","공공 행정, 국방 및 사회보장 행정","공공 행정, 국방 및 사회보장 행정",입법 및 일반 정부 행정,일반 공공 행정,84119,기타 일반 공공 행정,기타 일반 공공 행정을 수행하는 기관을 말한다.,통계 행정|선거관리 행정 공 보행 장정,,,통계 행정|선거관리 행정 공 보행 장정,관리,,KSIC 11차 (2024),True
841200,정부기관 일반 보조 행정,"공공 행정, 국방 및 사회보장 행정 > 입법 및 일반 정부 행정 > 정부기관 일반 보조 행정","공공 행정, 국방 및 사회보장 행정","공공 행정, 국방 및 사회보장 행정",입법 및 일반 정부 행정,정부기관 일반 보조 행정,84120,정부기관 일반 보조 행정,정부기관을 위하여 일반적인 지원 행정을 수행하는 기관을 말한다.,정부 청사관리 행정|정부 물자 보급 및 구매 보조 사무|정부 인사관리 행정|정부 기록 문서 보관 사무|정부 재산관리 행정,공무원 교육 및 연수기관,,정부 청사관리 행정|정부 물자 보급 및 구매 보조 사무|정부 인사관리 행정|정부 기록 문서 보관 사무|정부 재산관리 행정,보관|관리,,KSIC 11차 (2024),True
842110,교육 행정,"공공 행정, 국방 및 사회보장 행정 > 사회 및 산업정책 행정 > 사회서비스 관리 행정 > 교육 행정","공공 행정, 국방 및 사회보장 행정","공공 행정, 국방 및 사회보장 행정",사회 및 산업정책 행정,사회서비스 관리 행정,84211,교육 행정,"교육 기금 및 정책 감사, 각급 학교에 관련된 서비스 등을 수행하는 기관을 말한다.",,교육기관,,교육 행정,교육,,KSIC 11차 (2024),True
842121,문화 및 관광 행정,"공공 행정, 국방 및 사회보장 행정 > 사회 및 산업정책 행정 > 사회서비스 관리 행정 > 문화 및 관광 행정","공공 행정, 국방 및 사회보장 행정","공공 행정, 국방 및 사회보장 행정",사회 및 산업정책 행정,사회서비스 관리 행정,84212,문화 및 관광 행정,"문화, 체육 및 관광, 종교 관리 행정 등을 수행하는 기관을 말한다.",체육 행정|종교 행정|관광 행정|문화재 보존 행정|오락업 관리 행정,,,체육 행정|종교 행정|관광 행정|문화재 보존 행정|오락업 관리 행정,관리|오락,,KSIC 11차 (2024),True
842130,환경 행정,"공공 행정, 국방 및 사회보장 행정 > 사회 및 산업정책 행정 > 사회서비스 관리 행정 > 환경 행정","공공 행정, 국방 및 사회보장 행정","공공 행정, 국방 및 사회보장 행정",사회 및 산업정책 행정,사회서비스 관리 행정,84213,환경 행정,"대기, 상하수도 및 폐기물 관리 행정, 야생 동물 및 자연 보존 행정을 공공 행정, 국방 및 사회보장 행정 수행하는 기관을 말한다.",폐기물 관리 행정|환경 보존 행정|환경 규제 행정|상하수도 행정|생물 다양성 및 자연 경관 보호 행정,"하수, 폐기물 및 위생처리 활동",,폐기물 관리 행정|환경 보존 행정|환경 규제 행정|상하수도 행정|생물 다양성 및 자연 경관 보호 행정,관리,,KSIC 11차 (2024),True
842140,보건 및 복지 행정,"공공 행정, 국방 및 사회보장 행정 > 사회 및 산업정책 행정 > 사회서비스 관리 행정 > 보건 및 복지 행정","공공 행정, 국방 및 사회보장 행정","공공 행정, 국방 및 사회보장 행정",사회 및 산업정책 행정,사회서비스 관리 행정,84214,보건 및 복지 행정,"의료기관 및 위생시설을 관리 및 감독하고, 사회 빈곤 계층 및 국민 의 복지 행정을 수행하는 기관을 말한다.",의료 행정|복지 행정|검역소|숙박 관리 행정|식품 및 음식점 관리 행정 O,보행|사회보장 행정 장정|보건소|의료기관,,의료 행정|복지 행정|검역소|숙박 관리 행정|식품 및 음식점 관리 행정 O,숙박|음식|관리,,KSIC 11차 (2024),True
842190,기타 사회서비스 관리 행정,"공공 행정, 국방 및 사회보장 행정 > 사회 및 산업정책 행정 > 사회서비스 관리 행정 > 기타 사회서비스 관리 행정","공공 행정, 국방 및 사회보장 행정","공공 행정, 국방 및 사회보장 행정",사회 및 산업정책 행정,사회서비스 관리 행정,84219,기타 사회서비스 관리 행정,기타 사회서비스 관리 행정을 수행하는 기관을 말한다.,국가 보훈 행정|소비자 보호 행정,,,국가 보훈 행정|소비자 보호 행정,관리,,KSIC 11차 (2024),True
842211,노동 행정,"공공 행정, 국방 및 사회보장 행정 > 사회 및 산업정책 행정 > 노동 및 산업 진흥 행정 > 노동 행정","공공 행정, 국방 및 사회보장 행정","공공 행정, 국방 및 사회보장 행정",사회 및 산업정책 행정,노동 및 산업 진흥 행정,84221,노동 행정,실업․고용 정책 및 노동관련 일반 행정을 수행하는 기관을 말한다.,고용|노동 행정|노동위원회,,,고용|노동 행정|노동위원회,,,KSIC 11차 (2024),True
842221,농림수산 행정,"공공 행정, 국방 및 사회보장 행정 > 사회 및 산업정책 행정 > 노동 및 산업 진흥 행정 > 농림수산 행정","공공 행정, 국방 및 사회보장 행정","공공 행정, 국방 및 사회보장 행정",사회 및 산업정책 행정,노동 및 산업 진흥 행정,84222,농림수산 행정,농림수산 관련 지원 관리 행정을 수행하는 기관을 말한다.,농지 관리 행정|농산물 검사 및 등급 결정 행정|농산물 해충 구제 행정|농산물 가격 및 농가 소득 관련 행정|수의업 행정|임업 및 수렵 관련 행정|어업 관련 행정,,,농지 관리 행정|농산물 검사 및 등급 결정 행정|농산물 해충 구제 행정|농산물 가격 및 농가 소득 관련 행정|수의업 행정|임업 및 수렵 관련 행정|어업 관련 행정,어업|관리|수의|검사,,KSIC 11차 (2024),True
842231,건설 및 운송 행정,"공공 행정, 국방 및 사회보장 행정 > 사회 및 산업정책 행정 > 노동 및 산업 진흥 행정 > 건설 및 운송 행정","공공 행정, 국방 및 사회보장 행정","공공 행정, 국방 및 사회보장 행정",사회 및 산업정책 행정,노동 및 산업 진흥 행정,84223,건설 및 운송 행정,"도시 및 농촌 개발 계획, 운송시설 및 운송업의 허가 및 검사 등을 담당하는 기관을 말한다.",토지개발 행정|도시계획 행정|해양교통 행정,,,토지개발 행정|도시계획 행정|해양교통 행정,건설|운송|개발|검사,,KSIC 11차 (2024),True
842241,우편 및 통신 행정,"공공 행정, 국방 및 사회보장 행정 > 사회 및 산업정책 행정 > 노동 및 산업 진흥 행정 > 우편 및 통신 행정","공공 행정, 국방 및 사회보장 행정","공공 행정, 국방 및 사회보장 행정",사회 및 산업정책 행정,노동 및 산업 진흥 행정,84224,우편 및 통신 행정,"우편 및 전기 통신시설 등을 관리, 규제 및 허가하는 기관을 말한다.",통신 관리 행정|우편 관리 행정,공영 우편업|전기 통신업,,통신 관리 행정|우편 관리 행정,통신|관리,,KSIC 11차 (2024),True
842291,기타 산업 진흥 행정,"공공 행정, 국방 및 사회보장 행정 > 사회 및 산업정책 행정 > 노동 및 산업 진흥 행정 > 기타 산업 진흥 행정","공공 행정, 국방 및 사회보장 행정","공공 행정, 국방 및 사회보장 행정",사회 및 산업정책 행정,노동 및 산업 진흥 행정,84229,기타 산업 진흥 행정,기타 산업 진흥 관리 행정을 담당하는 기관을 말한다.,중소기업 진흥 행정|무역 행정|유통 관리 행정|연료정책 행정|석유 및 가스 시추 관리 행정,,,중소기업 진흥 행정|무역 행정|유통 관리 행정|연료정책 행정|석유 및 가스 시추 관리 행정,유통|관리,,KSIC 11차 (2024),True
843100,외무 행정,"공공 행정, 국방 및 사회보장 행정 > 외무 및 국방 행정 > 외무 행정","공공 행정, 국방 및 사회보장 행정","공공 행정, 국방 및 사회보장 행정",외무 및 국방 행정,외무 행정,84310,외무 행정,외교정책과 대외 통상정책을 수립 및 집행하는 기관을 말한다.,대외 통상 행정|대외 군사 및 경제 원조 행정,,,대외 통상 행정|대외 군사 및 경제 원조 행정,,,KSIC 11차 (2024),True
843200,국방 행정,"공공 행정, 국방 및 사회보장 행정 > 외무 및 국방 행정 > 국방 행정","공공 행정, 국방 및 사회보장 행정","공공 행정, 국방 및 사회보장 행정",외무 및 국방 행정,국방 행정,84320,국방 행정,국가 방위를 수행하는 기관을 말한다.,공군|민방위대,연구 및 실험 개발|외국 군사 원조 제공|군사재판 활동|군사대학|군사병원,,공군|민방위대,,,KSIC 11차 (2024),True
844010,법원,"공공 행정, 국방 및 사회보장 행정 > 사법 및 공공 질서 행정 > 법원","공공 행정, 국방 및 사회보장 행정","공공 행정, 국방 및 사회보장 행정",사법 및 공공 질서 행정,사법 및 공공 질서 행정,84401,법원,사법권을 갖는 각급 기관을 말한다.,대법원|지방법원|가정법원|특허법원,,,대법원|지방법원|가정법원|특허법원,,,KSIC 11차 (2024),True
844020,검찰,"공공 행정, 국방 및 사회보장 행정 > 사법 및 공공 질서 행정 > 검찰","공공 행정, 국방 및 사회보장 행정","공공 행정, 국방 및 사회보장 행정",사법 및 공공 질서 행정,사법 및 공공 질서 행정,84402,검찰,검찰권을 갖는 각급 기관을 말한다.,대검찰청,,,대검찰청,,,KSIC 11차 (2024),True
844030,교도기관,"공공 행정, 국방 및 사회보장 행정 > 사법 및 공공 질서 행정 > 교도기관","공공 행정, 국방 및 사회보장 행정","공공 행정, 국방 및 사회보장 행정",사법 및 공공 질서 행정,사법 및 공공 질서 행정,84403,교도기관,교정시설을 운영하는 각급 기관을 말한다.,교도소|소년 교도소|구치소,,,교도소|소년 교도소|구치소,,,KSIC 11차 (2024),True
844040,경찰,"공공 행정, 국방 및 사회보장 행정 > 사법 및 공공 질서 행정 > 경찰","공공 행정, 국방 및 사회보장 행정","공공 행정, 국방 및 사회보장 행정",사법 및 공공 질서 행정,사법 및 공공 질서 행정,84404,경찰,시민의 안전과 교통 안전을 담당하는 각급 기관을 말한다.,경찰청|경찰서,,,경찰청|경찰서,,,KSIC 11차 (2024),True
844050,소방서,"공공 행정, 국방 및 사회보장 행정 > 사법 및 공공 질서 행정 > 소방서","공공 행정, 국방 및 사회보장 행정","공공 행정, 국방 및 사회보장 행정",사법 및 공공 질서 행정,사법 및 공공 질서 행정,84405,소방서,화재 진압 및 응급 구조를 담당하는 기관을 말한다.,소방서|구급대 공 보행 장정,,,소방서|구급대 공 보행 장정,,,KSIC 11차 (2024),True
844090,기타 사법 및 공공 질서 행정,"공공 행정, 국방 및 사회보장 행정 > 사법 및 공공 질서 행정 > 기타 사법 및 공공 질서 행정","공공 행정, 국방 및 사회보장 행정","공공 행정, 국방 및 사회보장 행정",사법 및 공공 질서 행정,사법 및 공공 질서 행정,84409,기타 사법 및 공공 질서 행정,기타 사법 및 공공 질서 행정을 수행하는 기관을 말한다.,국가 재난 구조 행정,형사 사건에 대한 조언 및 대리|병력 운영 행정,,국가 재난 구조 행정,,,KSIC 11차 (2024),True
845000,사회보장 행정,"공공 행정, 국방 및 사회보장 행정 > 사회보장 행정","공공 행정, 국방 및 사회보장 행정","공공 행정, 국방 및 사회보장 행정",사회보장 행정,사회보장 행정,84500,사회보장 행정,정부의 이전 지출에 의하여 사회보장 행정 사무를 수행하는 기관을 말한다.,"실업보상 업무|가족 및 아동보호 행정|노령자, 무능력자 등을 위한 사회보장 수급 행정|고용안정센터",사회보장보험 운영,,"실업보상 업무|가족 및 아동보호 행정|노령자, 무능력자 등을 위한 사회보장 수급 행정|고용안정센터",,,KSIC 11차 (2024),True
851100,유아 교육기관,교육서비스업 > 교육 서비스업 > 초등 교육기관 > 유아 교육기관,교육서비스업,교육 서비스업,초등 교육기관,유아 교육기관,85110,유아 교육기관,유아를 교육하고 유아에게 알맞은 교육 환경을 제공하여 심신의 조화 로운 발달을 조장하는 교육기관을 말한다.,유치원,보육원 및 탁아기관,,유치원,교육,,KSIC 11차 (2024),True
851101,요양병원,보건업 및 사회복지 서비스업 > 보건업 > 병원 > 요양병원,보건업 및 사회복지 서비스업,보건업,병원,병원,86105,요양병원,"30인 이상의 입원시설을 갖추고 의사 또는 한의사가 노인성 질환자, 만성 질환자, 외과 수술 또는 상해 후 회복을 위한 환자 등 주로 장 기 입원이 필요한 환자를 대상으로 진료 행위를 하는 의료기관을 말 한다. 진료 및 요양을 위한 정신병원(50인 이상 병상 보유)과 일반병 원 요건을 갖춘 장애인 의료 재활시설도 포함한다.",요양병원|정신병원|병원급 장애인 의료 재활시설,,,요양병원|정신병원|병원급 장애인 의료 재활시설,진료|요양|재활,,KSIC 11차 (2024),True
851102,치과병원,보건업 및 사회복지 서비스업 > 보건업 > 병원 > 치과병원,보건업 및 사회복지 서비스업,보건업,병원,병원,86103,치과병원,입원시설을 갖추고 치과의사가 입원환자 위주로 진료행위를 하는 의 료기관을 말한다.,,,,치과병원,진료,,KSIC 11차 (2024),True
851103,한방병원,보건업 및 사회복지 서비스업 > 보건업 > 병원 > 한방병원,보건업 및 사회복지 서비스업,보건업,병원,병원,86104,한방병원,30인 이상의 입원시설을 갖추고 한의사가 입원 환자 위주로 진료행위 를 하는 의료기관을 말한다.,,,,한방병원,진료,,KSIC 11차 (2024),True
851113,종합병원,보건업 및 사회복지 서비스업 > 보건업 > 병원 > 종합병원,보건업 및 사회복지 서비스업,보건업,병원,병원,86101,종합병원,100인 이상의 입원시설과 일정 수준 이상의 진료 과목을 설치하고 의 사가 입원 환자 위주로 진료행위를 하는 의료기관을 말한다.,,,,종합병원,설치|진료,,KSIC 11차 (2024),True
851114,일반병원,보건업 및 사회복지 서비스업 > 보건업 > 병원 > 일반병원,보건업 및 사회복지 서비스업,보건업,병원,병원,86102,일반병원,30인 이상의 입원시설을 갖추고 의사가 입원 환자 위주로 진료행위를 건 서업 하는 의료기관을 말한다. 비 스및 업사,일반병원|외과 전문병원|내과 전문병원|보건의료원|군 및 교도소 병원|결핵병원|한센병원|전염병원,,,일반병원|외과 전문병원|내과 전문병원|보건의료원|군 및 교도소 병원|결핵병원|한센병원|전염병원,진료,,KSIC 11차 (2024),True
851200,초등학교,교육서비스업 > 교육 서비스업 > 초등 교육기관 > 초등학교,교육서비스업,교육 서비스업,초등 교육기관,초등학교,85120,초등학교,국민생활에 필요한 기초적인 초등교육을 실시하는 초등학교 및 공민 학교 등의 교육기관을 말한다.,초등학교|공민학교,,,초등학교|공민학교,교육,,KSIC 11차 (2024),True
851201,일반의원,보건업 및 사회복지 서비스업 > 보건업 > 의원 > 일반의원,보건업 및 사회복지 서비스업,보건업,의원,의원,86201,일반의원,"치과의원 및 한의원, 방사선 진단 및 병리 검사 의원을 제외하고, 전 문의 또는 일반 의사가 외래 환자 위주로 진료 행위를 하는 의료기관 을 말한다. 이 진료기관은 일정 규모 이하의 입원시설을 갖춘 경우도 있다. 보건업 및 사회복지 서비스업",내과의원|소아과의원|정신과의원|외과의원,,"일반과, 내과, 소아과",내과의원|소아과의원|정신과의원|외과의원,진료|검사,,KSIC 11차 (2024),True
851202,일반의원,보건업 및 사회복지 서비스업 > 보건업 > 의원 > 일반의원,보건업 및 사회복지 서비스업,보건업,의원,의원,86201,일반의원,"치과의원 및 한의원, 방사선 진단 및 병리 검사 의원을 제외하고, 전 문의 또는 일반 의사가 외래 환자 위주로 진료 행위를 하는 의료기관 을 말한다. 이 진료기관은 일정 규모 이하의 입원시설을 갖춘 경우도 있다. 보건업 및 사회복지 서비스업",내과의원|소아과의원|정신과의원|외과의원,,"일반외과, 정형외과, 항문과, 신경외과",내과의원|소아과의원|정신과의원|외과의원,진료|검사,,KSIC 11차 (2024),True
851203,일반의원,보건업 및 사회복지 서비스업 > 보건업 > 의원 > 일반의원,보건업 및 사회복지 서비스업,보건업,의원,의원,86201,일반의원,"치과의원 및 한의원, 방사선 진단 및 병리 검사 의원을 제외하고, 전 문의 또는 일반 의사가 외래 환자 위주로 진료 행위를 하는 의료기관 을 말한다. 이 진료기관은 일정 규모 이하의 입원시설을 갖춘 경우도 있다. 보건업 및 사회복지 서비스업",내과의원|소아과의원|정신과의원|외과의원,,"신경과, 정신과, 신경정신과",내과의원|소아과의원|정신과의원|외과의원,진료|검사,,KSIC 11차 (2024),True
851204,일반의원,보건업 및 사회복지 서비스업 > 보건업 > 의원 > 일반의원,보건업 및 사회복지 서비스업,보건업,의원,의원,86201,일반의원,"치과의원 및 한의원, 방사선 진단 및 병리 검사 의원을 제외하고, 전 문의 또는 일반 의사가 외래 환자 위주로 진료 행위를 하는 의료기관 을 말한다. 이 진료기관은 일정 규모 이하의 입원시설을 갖춘 경우도 있다. 보건업 및 사회복지 서비스업",내과의원|소아과의원|정신과의원|외과의원,,"피부과, 비뇨기과",내과의원|소아과의원|정신과의원|외과의원,진료|검사,,KSIC 11차 (2024),True
851205,일반의원,보건업 및 사회복지 서비스업 > 보건업 > 의원 > 일반의원,보건업 및 사회복지 서비스업,보건업,의원,의원,86201,일반의원,"치과의원 및 한의원, 방사선 진단 및 병리 검사 의원을 제외하고, 전 문의 또는 일반 의사가 외래 환자 위주로 진료 행위를 하는 의료기관 을 말한다. 이 진료기관은 일정 규모 이하의 입원시설을 갖춘 경우도 있다. 보건업 및 사회복지 서비스업",내과의원|소아과의원|정신과의원|외과의원,,안과,내과의원|소아과의원|정신과의원|외과의원,진료|검사,,KSIC 11차 (2024),True
851206,일반의원,보건업 및 사회복지 서비스업 > 보건업 > 의원 > 일반의원,보건업 및 사회복지 서비스업,보건업,의원,의원,86201,일반의원,"치과의원 및 한의원, 방사선 진단 및 병리 검사 의원을 제외하고, 전 문의 또는 일반 의사가 외래 환자 위주로 진료 행위를 하는 의료기관 을 말한다. 이 진료기관은 일정 규모 이하의 입원시설을 갖춘 경우도 있다. 보건업 및 사회복지 서비스업",내과의원|소아과의원|정신과의원|외과의원,,이비인후과,내과의원|소아과의원|정신과의원|외과의원,진료|검사,,KSIC 11차 (2024),True
851207,일반의원,보건업 및 사회복지 서비스업 > 보건업 > 의원 > 일반의원,보건업 및 사회복지 서비스업,보건업,의원,의원,86201,일반의원,"치과의원 및 한의원, 방사선 진단 및 병리 검사 의원을 제외하고, 전 문의 또는 일반 의사가 외래 환자 위주로 진료 행위를 하는 의료기관 을 말한다. 이 진료기관은 일정 규모 이하의 입원시설을 갖춘 경우도 있다. 보건업 및 사회복지 서비스업",내과의원|소아과의원|정신과의원|외과의원,,산부인과,내과의원|소아과의원|정신과의원|외과의원,진료|검사,,KSIC 11차 (2024),True
851208,방사선 진단 및 병리 검사 의원,보건업 및 사회복지 서비스업 > 보건업 > 의원 > 방사선 진단 및 병리 검사 의원,보건업 및 사회복지 서비스업,보건업,의원,의원,86204,방사선 진단 및 병리 검사 의원,의료 검사 및 진단 촬영을 포함한 진단 서비스를 제공하는 의료기관 을 말한다.,엑스레이 촬영 의원|의료 검사 의원 서업 스및 업사,미생물 성분 분석,,엑스레이 촬영 의원|의료 검사 의원 서업 스및 업사,검사,,KSIC 11차 (2024),True
851209,일반의원,보건업 및 사회복지 서비스업 > 보건업 > 의원 > 일반의원,보건업 및 사회복지 서비스업,보건업,의원,의원,86201,일반의원,"치과의원 및 한의원, 방사선 진단 및 병리 검사 의원을 제외하고, 전 문의 또는 일반 의사가 외래 환자 위주로 진료 행위를 하는 의료기관 을 말한다. 이 진료기관은 일정 규모 이하의 입원시설을 갖춘 경우도 있다. 보건업 및 사회복지 서비스업",내과의원|소아과의원|정신과의원|외과의원,,성형외과,내과의원|소아과의원|정신과의원|외과의원,진료|검사,,KSIC 11차 (2024),True
851211,치과의원,보건업 및 사회복지 서비스업 > 보건업 > 의원 > 치과의원,보건업 및 사회복지 서비스업,보건업,의원,의원,86202,치과의원,치과의사가 외래환자 위주로 진료행위를 하는 의료기관을 말한다.,,치과 병원,,치과의원,진료,,KSIC 11차 (2024),True
851212,한의원,보건업 및 사회복지 서비스업 > 보건업 > 의원 > 한의원,보건업 및 사회복지 서비스업,보건업,의원,의원,86203,한의원,한의사가 외래환자 위주로 진료행위를 하는 의료기관을 말한다.,,한방병원,,한의원,진료,,KSIC 11차 (2024),True
851219,일반의원,보건업 및 사회복지 서비스업 > 보건업 > 의원 > 일반의원,보건업 및 사회복지 서비스업,보건업,의원,의원,86201,일반의원,"치과의원 및 한의원, 방사선 진단 및 병리 검사 의원을 제외하고, 전 문의 또는 일반 의사가 외래 환자 위주로 진료 행위를 하는 의료기관 을 말한다. 이 진료기관은 일정 규모 이하의 입원시설을 갖춘 경우도 있다. 보건업 및 사회복지 서비스업",내과의원|소아과의원|정신과의원|외과의원,,기타의원,내과의원|소아과의원|정신과의원|외과의원,진료|검사,,KSIC 11차 (2024),True
851901,그 외 기타 보건업,보건업 및 사회복지 서비스업 > 보건업 > 기타 보건업 > 그 외 기타 보건업,보건업 및 사회복지 서비스업,보건업,기타 보건업,기타 보건업,86909,그 외 기타 보건업,보건업 및 사회복지 서비스업 조산사와 독립적인 간호사를 포함한 기타 의료 행위를 수행하는 산업 활동을 말한다.,조산원|장기 은행|혈액 은행|정자 은행|독립적인 간호사|의무 기록 서비스|헌혈 관리 및 서비스|제대혈 보관 서비스,산후조리원 서업 스및 업사,"조산소, 조산원",조산원|장기 은행|혈액 은행|정자 은행|독립적인 간호사|의무 기록|헌혈 관리 및|제대혈 보관,보관|관리,,KSIC 11차 (2024),True
851902,유사 의료업,보건업 및 사회복지 서비스업 > 보건업 > 기타 보건업 > 유사 의료업,보건업 및 사회복지 서비스업,보건업,기타 보건업,기타 보건업,86902,유사 의료업,"침구, 지압 치료 등의 유사 의료 행위를 수행하는 산업활동을 말한다.",침술원|척추 지압 요법 치료|안마원|안마시술소,발 및 스포츠 마사지업,침구치료 등,침술원|척추 지압 요법|안마원|안마시술소,치료,,KSIC 11차 (2024),True
851903,유사 의료업,보건업 및 사회복지 서비스업 > 보건업 > 기타 보건업 > 유사 의료업,보건업 및 사회복지 서비스업,보건업,기타 보건업,기타 보건업,86902,유사 의료업,"침구, 지압 치료 등의 유사 의료 행위를 수행하는 산업활동을 말한다.",침술원|척추 지압 요법 치료|안마원|안마시술소,발 및 스포츠 마사지업,안마원 또는 안마시술소 미개설,침술원|척추 지압 요법|안마원|안마시술소,치료,,KSIC 11차 (2024),True
851904,유사 의료업,보건업 및 사회복지 서비스업 > 보건업 > 기타 보건업 > 유사 의료업,보건업 및 사회복지 서비스업,보건업,기타 보건업,기타 보건업,86902,유사 의료업,"침구, 지압 치료 등의 유사 의료 행위를 수행하는 산업활동을 말한다.",침술원|척추 지압 요법 치료|안마원|안마시술소,발 및 스포츠 마사지업,지압치료 등,침술원|척추 지압 요법|안마원|안마시술소,치료,,KSIC 11차 (2024),True
851905,방사선 진단 및 병리 검사 의원,보건업 및 사회복지 서비스업 > 보건업 > 의원 > 방사선 진단 및 병리 검사 의원,보건업 및 사회복지 서비스업,보건업,의원,의원,86204,방사선 진단 및 병리 검사 의원,의료 검사 및 진단 촬영을 포함한 진단 서비스를 제공하는 의료기관 을 말한다.,엑스레이 촬영 의원|의료 검사 의원 서업 스및 업사,미생물 성분 분석,세균검사,엑스레이 촬영 의원|의료 검사 의원 서업 스및 업사,검사,,KSIC 11차 (2024),True
851906,그 외 기타 보건업,보건업 및 사회복지 서비스업 > 보건업 > 기타 보건업 > 그 외 기타 보건업,보건업 및 사회복지 서비스업,보건업,기타 보건업,기타 보건업,86909,그 외 기타 보건업,보건업 및 사회복지 서비스업 조산사와 독립적인 간호사를 포함한 기타 의료 행위를 수행하는 산업 활동을 말한다.,조산원|장기 은행|혈액 은행|정자 은행|독립적인 간호사|의무 기록 서비스|헌혈 관리 및 서비스|제대혈 보관 서비스,산후조리원 서업 스및 업사,혈액원,조산원|장기 은행|혈액 은행|정자 은행|독립적인 간호사|의무 기록|헌혈 관리 및|제대혈 보관,보관|관리,,KSIC 11차 (2024),True
851907,그 외 기타 보건업,보건업 및 사회복지 서비스업 > 보건업 > 기타 보건업 > 그 외 기타 보건업,보건업 및 사회복지 서비스업,보건업,기타 보건업,기타 보건업,86909,그 외 기타 보건업,보건업 및 사회복지 서비스업 조산사와 독립적인 간호사를 포함한 기타 의료 행위를 수행하는 산업 활동을 말한다.,조산원|장기 은행|혈액 은행|정자 은행|독립적인 간호사|의무 기록 서비스|헌혈 관리 및 서비스|제대혈 보관 서비스,산후조리원 서업 스및 업사,,조산원|장기 은행|혈액 은행|정자 은행|독립적인 간호사|의무 기록|헌혈 관리 및|제대혈 보관,보관|관리,,KSIC 11차 (2024),True
851908,유사 의료업,보건업 및 사회복지 서비스업 > 보건업 > 기타 보건업 > 유사 의료업,보건업 및 사회복지 서비스업,보건업,기타 보건업,기타 보건업,86902,유사 의료업,"침구, 지압 치료 등의 유사 의료 행위를 수행하는 산업활동을 말한다.",침술원|척추 지압 요법 치료|안마원|안마시술소,발 및 스포츠 마사지업,안마시술소,침술원|척추 지압 요법|안마원|안마시술소,치료,,KSIC 11차 (2024),True
851909,방사선 진단 및 병리 검사 의원,보건업 및 사회복지 서비스업 > 보건업 > 의원 > 방사선 진단 및 병리 검사 의원,보건업 및 사회복지 서비스업,보건업,의원,의원,86204,방사선 진단 및 병리 검사 의원,의료 검사 및 진단 촬영을 포함한 진단 서비스를 제공하는 의료기관 을 말한다.,엑스레이 촬영 의원|의료 검사 의원 서업 스및 업사,미생물 성분 분석,기타 병리실험서비스,엑스레이 촬영 의원|의료 검사 의원 서업 스및 업사,검사,,KSIC 11차 (2024),True
851911,앰뷸런스 서비스업,보건업 및 사회복지 서비스업 > 보건업 > 기타 보건업 > 앰뷸런스 서비스업,보건업 및 사회복지 서비스업,보건업,기타 보건업,기타 보건업,86901,앰뷸런스 서비스업,"자동차, 선박 및 항공기 등으로 환자 이송과 응급 치료를 하는 산업 활동을 말한다. 차량에는 훈련된 직원이 조작하는 응급 구조장비가 장착되어 있다.",,,,앰뷸런스,훈련|치료,,KSIC 11차 (2024),True
851912,유사 의료업,보건업 및 사회복지 서비스업 > 보건업 > 기타 보건업 > 유사 의료업,보건업 및 사회복지 서비스업,보건업,기타 보건업,기타 보건업,86902,유사 의료업,"침구, 지압 치료 등의 유사 의료 행위를 수행하는 산업활동을 말한다.",침술원|척추 지압 요법 치료|안마원|안마시술소,발 및 스포츠 마사지업,안마원,침술원|척추 지압 요법|안마원|안마시술소,치료,,KSIC 11차 (2024),True
852000,수의업,"전문, 과학 및 기술 서비스업 > 기타 전문, 과학 및 기술 서비스업 > 수의업","전문, 과학 및 기술 서비스업","기타 전문, 과학 및 기술 서비스업",수의업,수의업,73100,수의업,축산 동물 및 반려용․애완용 동물에 대한 질병의 예방 및 치료를 수 행하는 산업활동을 말한다.,축산 동물병원|반려|애완 동물병원|수의 서비스|수의관련 실험 서비스 기전|동물관련 임상병리 서비스|동물 구급 서비스 술문,업및|인공 수정 및 거세 서비스,,축산 동물병원|반려|애완 동물병원|수의|수의관련 실험 서비스 기전|동물관련 임상병리|동물 구급 서비스 술문,치료|수의,,KSIC 11차 (2024),True
852110,중학교,교육서비스업 > 교육 서비스업 > 중등 교육기관 > 일반 중등 교육기관 > 중학교,교육서비스업,교육 서비스업,중등 교육기관,일반 중등 교육기관,85211,중학교,초등학교에서 받은 교육의 기초 위에 중등교육을 실시하는 교육기관 을 말한다.,중학교|방송통신 중학교|고등 공민학교|특성화 중학교,,,중학교|방송통신 중학교|고등 공민학교|특성화 중학교,방송|통신|교육,,KSIC 11차 (2024),True
852120,일반 고등학교,교육서비스업 > 교육 서비스업 > 중등 교육기관 > 일반 중등 교육기관 > 일반 고등학교,교육서비스업,교육 서비스업,중등 교육기관,일반 중등 교육기관,85212,일반 고등학교,중학교에서 받은 교육의 기초 위에 일반 중등교육을 실시하는 교육기 관을 말한다. 일반 고등학교와 교육과정 편성이 유사한 특수 목적 고 등학교 및 자율형 고등학교를 포함한다.,일반 고등학교|과학 고등학교|종합 고등학교|방송통신 고등학교|외국어 고등학교|예술 고등학교|체육 고등학교|국제 고등학교|자율형 사립|공립 고등학교,,,일반 고등학교|과학 고등학교|종합 고등학교|방송통신 고등학교|외국어 고등학교|예술 고등학교|체육 고등학교|국제 고등학교|자율형 사립|공립 고등학교,방송|통신|교육,,KSIC 11차 (2024),True
852210,상업 및 정보산업 특성화 고등학교,교육서비스업 > 교육 서비스업 > 중등 교육기관 > 특성화 고등학교 > 상업 및 정보산업 특성화 고등학교,교육서비스업,교육 서비스업,중등 교육기관,특성화 고등학교,85221,상업 및 정보산업 특성화 고등학교,"중학교 과정을 수료한 사람을 대상으로 상업, 회계, 금융, 경제, 프로 그래밍, 부기 및 정보 처리업무 등을 교육하는 기관을 말한다.",상업 고등학교|정보산업 고등학교|컴퓨터관련 고등학교,,,상업 고등학교|정보산업 고등학교|컴퓨터관련 고등학교,금융|회계|교육,,KSIC 11차 (2024),True
852220,공업 특성화 고등학교,교육서비스업 > 교육 서비스업 > 중등 교육기관 > 특성화 고등학교 > 공업 특성화 고등학교,교육서비스업,교육 서비스업,중등 교육기관,특성화 고등학교,85222,공업 특성화 고등학교,중학교 과정을 수료한 사람을 대상으로 제조 공정 및 각종 산업 기계 와 관련된 기술을 전문적으로 교육하는 기관을 말한다.,공업 고등학교|공업 관련 산업 수요 맞춤형 고등학교(마이스터고),,,공업 고등학교|공업 관련 산업 수요 맞춤형 고등학교(마이스터고),제조|교육,,KSIC 11차 (2024),True
852290,기타 특성화 고등학교,교육서비스업 > 교육 서비스업 > 중등 교육기관 > 특성화 고등학교 > 기타 특성화 고등학교,교육서비스업,교육 서비스업,중등 교육기관,특성화 고등학교,85229,기타 특성화 고등학교,"중학교 과정을 수료한 사람을 대상으로 농업, 어업, 해양 및 기타 기 술과 직업을 교육하는 기관을 말한다.",농업 고등학교|수산 고등학교|해양 고등학교|고등 기술학교,,,농업 고등학교|수산 고등학교|해양 고등학교|고등 기술학교,어업|교육,,KSIC 11차 (2024),True
853010,전문대학,교육서비스업 > 교육 서비스업 > 고등 교육기관 > 전문대학,교육서비스업,교육 서비스업,고등 교육기관,고등 교육기관,85301,전문대학,중등교육 과정을 수료한 사람에게 기술 및 직업적인 학과 내용에 중 점을 두어 교육을 실시하기 위하여 설립된 교육기관을 말한다.,전문대학,,,전문대학,교육,,KSIC 11차 (2024),True
853020,대학교,교육서비스업 > 교육 서비스업 > 고등 교육기관 > 대학교,교육서비스업,교육 서비스업,고등 교육기관,고등 교육기관,85302,대학교,중등교육 교과과정을 수료한 사람에게 전공 분야에 관해서 이론적인 면에 중점을 두어 조사․연구하게 하고 자격 및 학위를 부여하는 교 육기관을 말한다. 특수 목적에 의하여 설립된 고등교육 기관도 포함 한다.,방송통신대학|과학기술대학|기술대학|경찰대학|3군 사관학교|간호대학|교육대학,,,방송통신대학|과학기술대학|기술대학|경찰대학|3군 사관학교|간호대학|교육대학,방송|통신|연구|교육,,KSIC 11차 (2024),True
853030,대학원,교육서비스업 > 교육 서비스업 > 고등 교육기관 > 대학원,교육서비스업,교육 서비스업,고등 교육기관,고등 교육기관,85303,대학원,대학 교육과정을 이수한 사람에게 대학과정에서 전공한 동일 주제에 관해 고도의 전문화된 교과과정을 교육하는 기관을 말한다.,,,,대학원,교육,,KSIC 11차 (2024),True
854100,특수학교,"교육서비스업 > 교육 서비스업 > 특수학교, 외국인학교 및 대안학교 > 특수학교",교육서비스업,교육 서비스업,"특수학교, 외국인학교 및 대안학교",특수학교,85410,특수학교,신체적ㆍ정신적ㆍ지적 장애 등으로 특수교육이 필요한 사람에게 초등 학교ㆍ중학교 또는 고등학교에 준하는 교육과 실생활에 필요한 지식 ㆍ기능 및 사회 적응 교육을 실시하는 교육기관을 말한다.,,,,특수학교,교육,,KSIC 11차 (2024),True
854300,대안학교,"교육서비스업 > 교육 서비스업 > 특수학교, 외국인학교 및 대안학교 > 대안학교",교육서비스업,교육 서비스업,"특수학교, 외국인학교 및 대안학교",대안학교,85430,대안학교,"학업을 중단하거나 개인적 특성에 맞는 교육을 받고자 하는 학생을 대상으로 현장 실습 등 체험 위주 교육, 인성 위주 교육 또는 개인의 소질․적성 개발 위주 교육 등 다양한 교육을 실시하는 교육기관을 말한다. 대안학교는 초등학교ㆍ중학교ㆍ고등학교 과정을 통합하여 운 영할 수 있다.",,"정규 교육기관에 포함된 대안교육 특성화 학교(8512, 852|비인가된 대안 교육기관",,대안학교,개발|교육,,KSIC 11차 (2024),True
856400,사회교육시설,"교육서비스업 > 교육 서비스업 > 특수학교, 외국인학교 및 대안학교 > 사회교육시설",교육서비스업,교육 서비스업,"특수학교, 외국인학교 및 대안학교",사회교육시설,85640,사회교육시설,"국민의 평생교육을 위한 교육시설로서, 다른 곳에 분류되지 않은 산 업활동을 말한다.",사회교육시설|학교 부설 사회교육원|시민단체 부설 사회교육원,,,사회교육시설|학교 부설 사회교육원|시민단체 부설 사회교육원,교육,,KSIC 11차 (2024),True
863000,공중 보건 의료업,보건업 및 사회복지 서비스업 > 보건업 > 공중 보건 의료업,보건업 및 사회복지 서비스업,보건업,공중 보건 의료업,공중 보건 의료업,86300,공중 보건 의료업,"관할 구역에서 일반 국민을 대상으로 각종 질병의 예방, 공중 보건, 건강 관리 및 의료 행위를 수행하는 정부기관 등을 말한다.",보건소|보건 지소,,,보건소|보건 지소,관리,,KSIC 11차 (2024),True
871110,노인 요양 복지시설 운영업,보건업 및 사회복지 서비스업 > 사회복지 서비스업 > 거주 복지시설 운영업 > 노인 거주 복지시설 운영업 > 노인 요양 복지시설 운영업,보건업 및 사회복지 서비스업,사회복지 서비스업,거주 복지시설 운영업,노인 거주 복지시설 운영업,87111,노인 요양 복지시설 운영업,"노인성 질환 등으로 요양을 필요로 하는 노인을 입소시켜 숙식, 간단 한 치료 및 일상 생활의 편의를 제공하는 산업활동을 말한다.",실비 노인 요양시설|유료 노인 요양시설|무료 노인 요양시설|노인 전문 요양시설,노인 전용 주택 임대,,실비 노인 요양시설|유료 노인 요양시설|무료 노인 요양시설|노인 전문 요양시설,치료|요양,,KSIC 11차 (2024),True
871210,신체 부자유자 거주 복지시설 운영업,보건업 및 사회복지 서비스업 > 사회복지 서비스업 > 거주 복지시설 운영업 > 심신 장애인 거주 복지시설 운영업 > 신체 부자유자 거주 복지시설 운영업,보건업 및 사회복지 서비스업,사회복지 서비스업,거주 복지시설 운영업,심신 장애인 거주 복지시설 운영업,87121,신체 부자유자 거주 복지시설 운영업,신체 부자유자에게 숙식과 장애 극복 훈련을 제공하는 산업활동을 말 한다.,,,,신체 부자유자 거주 복지시설 운,훈련,,KSIC 11차 (2024),True
871220,"정신 질환, 정신 지체 및 약물 중독자 거주 복지시설 운영업","보건업 및 사회복지 서비스업 > 사회복지 서비스업 > 거주 복지시설 운영업 > 심신 장애인 거주 복지시설 운영업 > 정신 질환, 정신 지체 및 약물 중독자 거주 복지시설 운영업",보건업 및 사회복지 서비스업,사회복지 서비스업,거주 복지시설 운영업,심신 장애인 거주 복지시설 운영업,87122,"정신 질환, 정신 지체 및 약물 중독자 거주 복지시설 운영업",정신 질환자 및 약물 중독자를 입소시켜 숙식 및 간단한 치료활동을 제공하는 산업활동을 말한다.,마약 중독자 요양시설|정신 지체 아동 보호시설,,,마약 중독자 요양시설|정신 지체 아동 보호시설,치료|요양,,KSIC 11차 (2024),True
871310,아동 및 부녀자 거주 복지시설 운영업,보건업 및 사회복지 서비스업 > 사회복지 서비스업 > 거주 복지시설 운영업 > 기타 거주 복지시설 운영업 > 아동 및 부녀자 거주 복지시설 운영업,보건업 및 사회복지 서비스업,사회복지 서비스업,거주 복지시설 운영업,기타 거주 복지시설 운영업,87131,아동 및 부녀자 거주 복지시설 운영업,자립 능력에 제약을 받는 아동 및 부녀자를 입소시켜 숙식 등을 제공 하는 산업활동을 말한다.,유아 보호시설|모자 보호시설 스및 업사|미혼모 보호시설|청소년 보호시설|윤락녀 보호시설|피해 여성 보호시설,정신 지체 아동 보호시설,,유아 보호시설|모자 보호시설 스및 업사|미혼모 보호시설|청소년 보호시설|윤락녀 보호시설|피해 여성 보호시설,청소,,KSIC 11차 (2024),True
871390,그 외 기타 거주 복지시설 운영업,보건업 및 사회복지 서비스업 > 사회복지 서비스업 > 거주 복지시설 운영업 > 기타 거주 복지시설 운영업 > 그 외 기타 거주 복지시설 운영업,보건업 및 사회복지 서비스업,사회복지 서비스업,거주 복지시설 운영업,기타 거주 복지시설 운영업,87139,그 외 기타 거주 복지시설 운영업,달리 분류되지 않은 거주 복지시설을 운영하는 산업활동을 말한다.,부랑인 수용 복지시설,,,부랑인 수용 복지시설,,,KSIC 11차 (2024),True
872100,보육시설 운영업,보건업 및 사회복지 서비스업 > 사회복지 서비스업 > 비거주 복지시설 운영업 > 보육시설 운영업,보건업 및 사회복지 서비스업,사회복지 서비스업,비거주 복지시설 운영업,보육시설 운영업,87210,보육시설 운영업,보호자로부터 위탁을 받아 유아 및 취학 전 어린이를 보육하는 산업 활동을 말한다.,놀이방|직장 보육시설|탁아시설,아동 교육기관,인가된 경우,놀이방|직장 보육시설|탁아시설,,,KSIC 11차 (2024),True
872910,직업 재활원 운영업,보건업 및 사회복지 서비스업 > 사회복지 서비스업 > 비거주 복지시설 운영업 > 기타 비거주 복지 서비스업 > 직업 재활원 운영업,보건업 및 사회복지 서비스업,사회복지 서비스업,비거주 복지시설 운영업,기타 비거주 복지 서비스업,87291,직업 재활원 운영업,신체 장애자와 실업자 등에게 직업 재활 및 취업 서비스를 제공하는 산업활동을 말한다. 직업 재활 상담 서비스도 포함한다. 보건업 및 사회복지 서비스업,부랑자 직업 재활원|직업 재활 상담,수용 재활원,,부랑자 직업 재활원|직업 재활 상담,재활,,KSIC 11차 (2024),True
872920,종합복지관 운영업,보건업 및 사회복지 서비스업 > 사회복지 서비스업 > 비거주 복지시설 운영업 > 기타 비거주 복지 서비스업 > 종합복지관 운영업,보건업 및 사회복지 서비스업,사회복지 서비스업,비거주 복지시설 운영업,기타 비거주 복지 서비스업,87292,종합복지관 운영업,사회적으로 도움이 필요한 사람에게 돌봄ㆍ상담ㆍ재활 및 역량 강화 를 위한 종합 복지서비스를 제공하는 산업활동을 말한다.,종합 사회복지관|장애인 종합복지관,"사회복지 관련 상담소, 상담센터|재가 요양 서비스 기관",,종합 사회복지관|장애인 종합복지관,재활,,KSIC 11차 (2024),True
872930,방문 복지서비스 제공업,보건업 및 사회복지 서비스업 > 사회복지 서비스업 > 비거주 복지시설 운영업 > 기타 비거주 복지 서비스업 > 방문 복지서비스 제공업,보건업 및 사회복지 서비스업,사회복지 서비스업,비거주 복지시설 운영업,기타 비거주 복지 서비스업,87293,방문 복지서비스 제공업,"방문 요양, 방문 목욕, 방문 간호, 주․야간 보호, 기타 각종 재가 복 보 지서비스 등을 제공하는 산업활동을 말한다. 서업 스및 업사",재가 요양서비스 기관,종합 사회복지관|장애인 종합복지관|드림스타트센터 등 종합 사회서비스 제공 시설|사회복지 관련 상담소|상담센터,,재가 요양서비스 기관,요양,,KSIC 11차 (2024),True
872940,사회복지 상담 서비스 제공업,보건업 및 사회복지 서비스업 > 사회복지 서비스업 > 비거주 복지시설 운영업 > 기타 비거주 복지 서비스업 > 사회복지 상담 서비스 제공업,보건업 및 사회복지 서비스업,사회복지 서비스업,비거주 복지시설 운영업,기타 비거주 복지 서비스업,87294,사회복지 상담 서비스 제공업,"의료 인력이 아닌 상담사, 심리치료사 등이 심리적 부적응을 겪는 개 인 또는 집단의 심리적 성숙과 사회 적응을 지원하기 위해 비의료적 인 상담 복지서비스를 제공하는 산업활동을 말한다.","청소년 상담소, 가정 상담소|사회복지 상담시설|복지관련 전화 상담 서비스",상담 서비스를 제공하는 병ㆍ의원|직업 재활 상담 서비스,,"청소년 상담소, 가정 상담소|사회복지 상담시설|복지관련 전화 상담",청소|치료,,KSIC 11차 (2024),True
872990,그 외 기타 비거주 복지 서비스업,보건업 및 사회복지 서비스업 > 사회복지 서비스업 > 비거주 복지시설 운영업 > 기타 비거주 복지 서비스업 > 그 외 기타 비거주 복지 서비스업,보건업 및 사회복지 서비스업,사회복지 서비스업,비거주 복지시설 운영업,기타 비거주 복지 서비스업,87299,그 외 기타 비거주 복지 서비스업,사회적으로 도움이 필요한 사람에게 그 외 기타 비거주 복지서비스를 제공하는 산업활동을 말한다.,장애자 지원 봉사단체|노인 지원 봉사단체|유아 지원 봉사단체|사회복지관(종합 복지관 제외)|재난 구호시설|법률 구조기관|무료 급식소,,,장애자 지원 봉사단체|노인 지원 봉사단체|유아 지원 봉사단체|사회복지관(종합 복지관 제외)|재난 구호시설|법률 구조기관|무료 급식소,,,KSIC 11차 (2024),True
900100,"지정 외 폐기물 수집, 운반업","수도, 하수 및 폐기물 처리, 원료 재생업 > 폐기물 수집, 운반, 처리 및 원료 재생업 > 폐기물 수집, 운반업 > 지정 외 폐기물 수집, 운반업","수도, 하수 및 폐기물 처리, 원료 재생업","폐기물 수집, 운반, 처리 및 원료 재생업","폐기물 수집, 운반업","지정 외 폐기물 수집, 운반업",38110,"지정 외 폐기물 수집, 운반업","가정 및 사업장에서 발생하는 무해 폐기물(지정 외 폐기물)을 수집, 운반하는 산업활동을 말한다.","무해 고체 폐기물 수집, 운반|무해 산업 폐기물 수집, 운반|무해 생활 폐기물 수집, 운반",방사성 폐기물 처리,,"무해 고체 폐기물 수집, 운반|무해 산업 폐기물 수집, 운반|무해 생활 폐기물 수집, 운반",,,KSIC 11차 (2024),True
900101,지정 외 폐기물 처리업,"수도, 하수 및 폐기물 처리, 원료 재생업 > 폐기물 수집, 운반, 처리 및 원료 재생업 > 폐기물 처리업 > 지정 외 폐기물 처리업","수도, 하수 및 폐기물 처리, 원료 재생업","폐기물 수집, 운반, 처리 및 원료 재생업",폐기물 처리업,지정 외 폐기물 처리업,38210,지정 외 폐기물 처리업,"가정 또는 사업장에서 배출되는 생활 폐기물 등의 무해 폐기물(지정 외 폐기물)을 매립, 소각, 중화, 파쇄, 고형화 등의 방법으로 처리하는 시설을 운영하는 산업활동을 말한다. 처리과정에서 부수적으로 전기, 열 및 증기를 생산할 수 있다.",무해 폐기물 소각로 운영|무해 폐기물 매립장 운영|음식 폐기물 처리,수집 폐기물을 공급받아 전기 생산,,무해 폐기물 소각로|무해 폐기물 매립장|음식 폐기물 처리,생산|음식,,KSIC 11차 (2024),True
900102,"방사성 폐기물 수집, 운반 및 처리업","수도, 하수 및 폐기물 처리, 원료 재생업 > 폐기물 수집, 운반, 처리 및 원료 재생업 > 폐기물 처리업 > 방사성 폐기물 수집, 운반 및 처리업","수도, 하수 및 폐기물 처리, 원료 재생업","폐기물 수집, 운반, 처리 및 원료 재생업",폐기물 처리업,"방사성 폐기물 수집, 운반 및 처리업",38240,"방사성 폐기물 수집, 운반 및 처리업","폐기 대상인 핵폐기물 등 방사성 폐기물을 수집, 운반, 처리하는 산업 활동을 말한다.",,,,"방사성 폐기물 수집, 운반 및 처리업",,,KSIC 11차 (2024),True
900103,"지정 폐기물 수집, 운반업","수도, 하수 및 폐기물 처리, 원료 재생업 > 폐기물 수집, 운반, 처리 및 원료 재생업 > 폐기물 수집, 운반업 > 지정 폐기물 수집, 운반업","수도, 하수 및 폐기물 처리, 원료 재생업","폐기물 수집, 운반, 처리 및 원료 재생업","폐기물 수집, 운반업","지정 폐기물 수집, 운반업",38120,"지정 폐기물 수집, 운반업","사업체 및 의료기관 등에서 배출되는 인체 건강과 환경에 유해한 폭 발성, 산화성, 인화성, 유독성, 자극성, 발암성, 부식성, 전염성 물질로 서 특별 관리되는 폐기물을 수집, 운반하는 산업활동을 말한다.","부식성 폐기물(폐산, 폐알카리) 수집, 운반|폐유(폐식용유는 지정 외 폐기물) 수집, 운반|폐석면, 폐농약 수집, 운반|액상 폐합성수지, 폐고무 수집, 운반|폐수 오니, 공정과정 배출 오니 수집, 운반","방사성 폐기물 수집, 운반, 처분",,"부식성 폐기물(폐산, 폐알카리) 수집, 운반|폐유(폐식용유는 지정 외 폐기물) 수집, 운반|폐석면, 폐농약 수집, 운반|액상 폐합성수지, 폐고무 수집, 운반|폐수 오니, 공정과정 배출 오니 수집, 운반",관리,,KSIC 11차 (2024),True
900104,"건설 폐기물 수집, 운반업","수도, 하수 및 폐기물 처리, 원료 재생업 > 폐기물 수집, 운반, 처리 및 원료 재생업 > 폐기물 수집, 운반업 > 건설 폐기물 수집, 운반업","수도, 하수 및 폐기물 처리, 원료 재생업","폐기물 수집, 운반, 처리 및 원료 재생업","폐기물 수집, 운반업","건설 폐기물 수집, 운반업",38130,"건설 폐기물 수집, 운반업","건설 관련 폐기물(건물 해체물 등) 및 무해성 광재 등을 수집, 운반하 는 산업활동을 말한다.","건설 폐기물 수집, 운반|무해성 광재(고로 슬래그 등) 수집, 운반","공사장에서 배출되는 지정 폐기물 수집, 운반|방사성 폐기물 수집, 운반, 처리",,"건설 폐기물 수집, 운반|무해성 광재(고로 슬래그 등) 수집, 운반",건설|해체,,KSIC 11차 (2024),True
900105,지정 폐기물 처리업,"수도, 하수 및 폐기물 처리, 원료 재생업 > 폐기물 수집, 운반, 처리 및 원료 재생업 > 폐기물 처리업 > 지정 폐기물 처리업","수도, 하수 및 폐기물 처리, 원료 재생업","폐기물 수집, 운반, 처리 및 원료 재생업",폐기물 처리업,지정 폐기물 처리업,38220,지정 폐기물 처리업,사업장 및 의료기관에서 배출하는 각종 지정 폐기물 처리 시설을 운 영하는 산업활동을 말한다.,폐수 오니 처리|의료 적출물 처리|동물 사체 처리,,,폐수 오니 처리|의료 적출물 처리|동물 사체 처리,,,KSIC 11차 (2024),True
900106,건설 폐기물 처리업,"수도, 하수 및 폐기물 처리, 원료 재생업 > 폐기물 수집, 운반, 처리 및 원료 재생업 > 폐기물 처리업 > 건설 폐기물 처리업","수도, 하수 및 폐기물 처리, 원료 재생업","폐기물 수집, 운반, 처리 및 원료 재생업",폐기물 처리업,건설 폐기물 처리업,38230,건설 폐기물 처리업,건물 해체물 등 건설관련 폐기물 처리시설을 운영하는 산업활동을 말 한다. 처리과정에서 재활용이 가능한 골재를 부수적으로 얻을 수 있 다. 무해성 광재를 처리하는 산업활동도 포함한다.,무해성 광재(고로 슬래그 등) 처리,공사장에서 배출되는 지정 폐기물 처리,,무해성 광재(고로 슬래그 등) 처리,건설|해체|재활,,KSIC 11차 (2024),True
900200,하수 처리업,"수도, 하수 및 폐기물 처리, 원료 재생업 > 하수, 폐수 및 분뇨 처리업 > 하수 및 폐수 처리업 > 하수 처리업","수도, 하수 및 폐기물 처리, 원료 재생업","하수, 폐수 및 분뇨 처리업","하수, 폐수 및 분뇨 처리업",하수 및 폐수 처리업,37011,하수 처리업,"하수를 하수도관에 의해서 수집하고, 수집된 하수를 희석, 선별, 여과, 침전 등 물리․화학․생물공정 등으로 처리하는 하수도관시설 및 하 수 처리시설을 운영하는 산업활동을 말하며 관련 시설을 청소하는 활 동을 포함한다.",하수 펌프장 운영|하수도관시설 운영|하수 종말 처리장 운영,산업 폐수 처리시설 운영,,하수 펌프장|하수도관시설|하수 종말 처리장,청소,,KSIC 11차 (2024),True
900201,사람 분뇨 처리업,"수도, 하수 및 폐기물 처리, 원료 재생업 > 하수, 폐수 및 분뇨 처리업 > 분뇨 처리업 > 사람 분뇨 처리업","수도, 하수 및 폐기물 처리, 원료 재생업","하수, 폐수 및 분뇨 처리업","하수, 폐수 및 분뇨 처리업",분뇨 처리업,37021,사람 분뇨 처리업,"사람 분뇨의 수집, 운반, 보관 및 처분을 수행하는 산업활동을 말하며 관련 시설을 청소하는 활동을 포함한다.","정화조 청소업|분뇨 수집, 운반업|분뇨 처리업",,,"정화조 청소업|분뇨 수집, 운반업|분뇨 처리업",보관|청소,,KSIC 11차 (2024),True
900202,폐수 처리업,"수도, 하수 및 폐기물 처리, 원료 재생업 > 하수, 폐수 및 분뇨 처리업 > 하수 및 폐수 처리업 > 폐수 처리업","수도, 하수 및 폐기물 처리, 원료 재생업","하수, 폐수 및 분뇨 처리업","하수, 폐수 및 분뇨 처리업",하수 및 폐수 처리업,37012,폐수 처리업,"산업 폐수를 폐수 수집관에 의해서 수집하고, 수집된 폐수를 희석, 선 별, 여과, 침전 등 물리․화학․생물공정 등으로 처리하는 폐수도관시 설 및 폐수 처리시설을 운영하는 산업활동을 말하며, 관련 시설을 청 소하는 활동을 포함한다.",산업 폐수 처리시설 운영,폐기물 처리시설 운영,,산업 폐수 처리시설,,,KSIC 11차 (2024),True
900203,축산 분뇨 처리업,"수도, 하수 및 폐기물 처리, 원료 재생업 > 하수, 폐수 및 분뇨 처리업 > 분뇨 처리업 > 축산 분뇨 처리업","수도, 하수 및 폐기물 처리, 원료 재생업","하수, 폐수 및 분뇨 처리업","하수, 폐수 및 분뇨 처리업",분뇨 처리업,37022,축산 분뇨 처리업,"가축 사육장에서 배출되는 액체성 또는 고체성 오염 물질의 수집, 운 반, 보관 및 처분을 수행하는 산업활동을 말하며 관련 시설을 청소하 는 활동을 포함한다.",가축 분뇨 수집 및 운반업|축산 폐수 공용 처리시설 운영,,,가축 분뇨 수집 및 운반업|축산 폐수 공용 처리시설,사육|보관|청소,,KSIC 11차 (2024),True
900300,금속류 해체 및 선별업,"수도, 하수 및 폐기물 처리, 원료 재생업 > 폐기물 수집, 운반, 처리 및 원료 재생업 > 해체, 선별 및 원료 재생업 > 금속류 해체, 선별 및 원료 재생업 > 금속류 해체 및 선별업","수도, 하수 및 폐기물 처리, 원료 재생업","폐기물 수집, 운반, 처리 및 원료 재생업","해체, 선별 및 원료 재생업","금속류 해체, 선별 및 원료 재생업",38311,금속류 해체 및 선별업,"금속을 함유한 폐기물, 스크랩, 기타 폐품 등을 원료 재생 목적으로 해체, 절단, 압축하거나, 연속적으로 투입되는 혼합 폐기물로부터 재 활용이 가능한 금속 원료 물질을 단순 분리, 분류, 회수하는 산업활동 을 말한다.",,재생용 재료 도매업,폐차처리업,금속류 해체 및 선별업,해체,,KSIC 11차 (2024),True
900900,"산업설비, 운송장비 및 공공장소 청소업","사업시설 관리, 사업 지원 및 임대 서비스업 > 사업시설 관리 및 조경 서비스업 > 건물ㆍ산업설비 청소 및 방제 서비스업 > 건물 및 산업설비 청소업 > 산업설비, 운송장비 및 공공장소 청소업","사업시설 관리, 사업 지원 및 임대 서비스업",사업시설 관리 및 조경 서비스업,건물ㆍ산업설비 청소 및 방제 서비스업,건물 및 산업설비 청소업,74212,"산업설비, 운송장비 및 공공장소 청소업","산업설비, 운송장비 및 산업용품을 기계적 또는 화학적 방법으로 세 척 및 청소하는 산업활동을 말한다. 공공 장소에 대한 거리 청소, 제 설 및 기타 유사 서비스를 수행하는 산업활동을 포함한다. 사 임설",서리|산업설비 청소 서비스|탱크 청소 서비스 비 스사|로 및 굴뚝 청소 서비스|컴퓨터실 청소 서비스 업업|활주로 청소 서비스|거리 청소 서비스|선박 청소 서비스|산업용 장비 세척(직물 및 직물제품 제외),분뇨 수거 및 처리|직물 및 직물제품 세탁,,서리|산업설비 청소|탱크 청소 서비스 비 스사|로 및 굴뚝 청소|컴퓨터실 청소 서비스 업업|활주로 청소|거리 청소|선박 청소|산업용 장비 세척(직물 및 직물제품 제외),운송|청소,,KSIC 11차 (2024),True
921100,"영화, 비디오물 및 방송 프로그램 배급업","정보통신업 > 영상ㆍ오디오 기록물 제작 및 배급업 > 영화, 비디오물, 방송 프로그램 제작 및 배급업 > 영화, 비디오물 및 방송 프로그램 배급업",정보통신업,영상ㆍ오디오 기록물 제작 및 배급업,"영화, 비디오물, 방송 프로그램 제작 및 배급업","영화, 비디오물 및 방송 프로그램 배급업",59130,"영화, 비디오물 및 방송 프로그램 배급업","일반․애니메이션 영화, 각종 비디오물 및 방송 프로그램의 배급권을 획득하고 영화관, 방송사 및 기타 상영자(일반 소비자 제외)에게 배급 하는 산업활동을 말한다.",영화 배급|텔레비전 프로그램 배급|애니메이션 영화 배급|비디오물 배급,일반 대중을 상대로 비디오를 임대하는 산업활동,,영화 배급|텔레비전 프로그램 배급|애니메이션 영화 배급|비디오물 배급,방송|배급|상영,,KSIC 11차 (2024),True
921200,영화관 운영업,"정보통신업 > 영상ㆍ오디오 기록물 제작 및 배급업 > 영화, 비디오물, 방송 프로그램 제작 및 배급업 > 영화 및 비디오물 상영업 > 영화관 운영업",정보통신업,영상ㆍ오디오 기록물 제작 및 배급업,"영화, 비디오물, 방송 프로그램 제작 및 배급업",영화 및 비디오물 상영업,59141,영화관 운영업,실내 또는 야외에서 영사시설을 갖추고 영화를 상영하는 산업활동을 말한다.,실내 영화관|자동차 영화관,,,실내 영화관|자동차 영화관,상영,,KSIC 11차 (2024),True
921301,라디오 방송업,정보통신업 > 방송 및 영상·오디오물 제공 서비스업 > 라디오 방송업,정보통신업,방송 및 영상·오디오물 제공 서비스업,라디오 방송업,라디오 방송업,60100,라디오 방송업,직접 제작하거나 구입한 라디오 방송 프로그램을 방송시설을 통하여 송출하는 산업활동을 말한다.,공동체 라디오 방송,,,공동체 라디오 방송,방송|제작,,KSIC 11차 (2024),True
921302,지상파 방송업,정보통신업 > 방송 및 영상·오디오물 제공 서비스업 > 텔레비전 방송업 > 지상파 방송업,정보통신업,방송 및 영상·오디오물 제공 서비스업,텔레비전 방송업,지상파 방송업,60210,지상파 방송업,직접 제작하거나 구입한 텔레비전 방송 프로그램을 지상파 방송시설 을 통하여 송출하는 산업활동을 말한다.,"지상파 방송(공영, 민영 TV 방송)|지상파 이동 멀티미디어 방송(DMB)",,,"지상파 방송(공영, 민영 TV 방송)|지상파 이동 멀티미디어 방송(DMB)",방송|제작,,KSIC 11차 (2024),True
921303,유선 방송업,"정보통신업 > 방송 및 영상·오디오물 제공 서비스업 > 텔레비전 방송업 > 유선, 위성 및 기타 방송업 > 유선 방송업",정보통신업,방송 및 영상·오디오물 제공 서비스업,텔레비전 방송업,"유선, 위성 및 기타 방송업",60222,유선 방송업,직접 제작하거나 프로그램 공급업자로부터 공급받은 텔레비전 방송 프로그램을 유선으로 송출하는 산업활동을 말한다.,종합 유선 방송|케이블 방송|중계 유선 방송|음악 유선 방송,위성 방송,,종합 유선 방송|케이블 방송|중계 유선 방송|음악 유선 방송,방송|제작,,KSIC 11차 (2024),True
921304,방송 프로그램 제작업,"정보통신업 > 영상ㆍ오디오 기록물 제작 및 배급업 > 영화, 비디오물, 방송 프로그램 제작 및 배급업 > 영화, 비디오물 및 방송 프로그램 제작업 > 방송 프로그램 제작업",정보통신업,영상ㆍ오디오 기록물 제작 및 배급업,"영화, 비디오물, 방송 프로그램 제작 및 배급업","영화, 비디오물 및 방송 프로그램 제작업",59114,방송 프로그램 제작업,방송 제작시설을 갖추고 텔레비전 방송사로부터 요청받은 방송용 프 보 로그램만을 전문적으로 제작하는 산업활동을 말한다.,텔레비전 쇼 제작|텔레비전 제작소(프로덕션) 운영,방송 채널에 유선 및 위성 프로그램 공급활동,,텔레비전 쇼|텔레비전 제작소(프로덕션),방송|제작,,KSIC 11차 (2024),True
921305,위성 및 기타 방송업,"정보통신업 > 방송 및 영상·오디오물 제공 서비스업 > 텔레비전 방송업 > 유선, 위성 및 기타 방송업 > 위성 및 기타 방송업",정보통신업,방송 및 영상·오디오물 제공 서비스업,텔레비전 방송업,"유선, 위성 및 기타 방송업",60229,위성 및 기타 방송업,직접 제작하거나 프로그램 공급업자로부터 공급받은 텔레비전 방송 프로그램을 위성 및 기타의 방법으로 송출하는 산업활동을 말한다.,위성 방송|인터넷 방송|IPTV 방송|보도 중심 전광판 방송,유선 방송|위성 방송 프로그램 공급|통신위성 운영,,위성 방송|인터넷 방송|IPTV 방송|보도 중심 전광판 방송,방송|제작,,KSIC 11차 (2024),True
921306,프로그램 공급업,"정보통신업 > 방송 및 영상·오디오물 제공 서비스업 > 텔레비전 방송업 > 유선, 위성 및 기타 방송업 > 프로그램 공급업",정보통신업,방송 및 영상·오디오물 제공 서비스업,텔레비전 방송업,"유선, 위성 및 기타 방송업",60221,프로그램 공급업,"직접 제작하거나 구입한 텔레비전 방송프로그램을 유선, 위성 및 기 타 방송사업체에 공급하는 산업활동을 말한다.",유선 방송 프로그램 공급업|위성 방송 프로그램 공급업,텔레비전에 의한 상품 소매(홈쇼핑|독립적인 텔레비전 프로그램 제작,,유선 방송 프로그램 공급업|위성 방송 프로그램 공급업,방송|제작,,KSIC 11차 (2024),True
921401,공연 기획업,"예술, 스포츠 및 여가관련 서비스업 > 창작, 예술 및 여가관련 서비스업 > 창작 및 예술관련 서비스업 > 기타 창작 및 예술관련 서비스업 > 공연 기획업","예술, 스포츠 및 여가관련 서비스업","창작, 예술 및 여가관련 서비스업",창작 및 예술관련 서비스업,기타 창작 및 예술관련 서비스업,90191,공연 기획업,"공연 예술 행사를 기획, 조직 및 관리하는 산업활동을 말한다. 이 사 업체는 공연시설을 소유할 수 있다.",,,,공연 기획업,관리|공연|기획,,KSIC 11차 (2024),True
921402,무용 및 음악단체,"예술, 스포츠 및 여가관련 서비스업 > 창작, 예술 및 여가관련 서비스업 > 창작 및 예술관련 서비스업 > 공연단체 > 무용 및 음악단체","예술, 스포츠 및 여가관련 서비스업","창작, 예술 및 여가관련 서비스업",창작 및 예술관련 서비스업,공연단체,90122,무용 및 음악단체,무용 및 음악단체를 운영하는 산업활동을 말한다.,현대 무용단|국악단체|고전 무용단|발레단|포크댄스단|밴드단|오케스트라|탭댄스단|재즈단,,,현대 무용단|국악단체|고전 무용단|발레단|포크댄스단|밴드단|오케스트라|탭댄스단|재즈단,,,KSIC 11차 (2024),True
921403,연극단체,"예술, 스포츠 및 여가관련 서비스업 > 창작, 예술 및 여가관련 서비스업 > 창작 및 예술관련 서비스업 > 공연단체 > 연극단체","예술, 스포츠 및 여가관련 서비스업","창작, 예술 및 여가관련 서비스업",창작 및 예술관련 서비스업,공연단체,90121,연극단체,실황극을 공연하는 공연단체를 운영하는 산업활동을 말한다. 이 사업 체는 극장시설을 소유할 수 있다.,"음악연극 단체|오페라 극단 예술, 스포츠 및 여가관련 서비스업|뮤지컬 극단|코미디 극단|인형 극단",독립적인 자영 연예인 활동,,"음악연극 단체|오페라 극단 예술, 스포츠 및 여가관련|뮤지컬 극단|코미디 극단|인형 극단",공연|스포츠,,KSIC 11차 (2024),True
921404,비주거용 건물 임대업,부동산업 > 부동산 임대 및 공급업 > 부동산 임대업 > 비주거용 건물 임대업,부동산업,부동산업,부동산 임대 및 공급업,부동산 임대업,68112,비주거용 건물 임대업,"사무, 상업 및 기타 비거주용 건물(점포, 사무실 포함)을 임대하는 산 업활동을 말한다.",사무실 임대|쇼핑 센터 임대|상점 임대|시장 건물 임대|오피스텔 임대(비주거용)|상업용 건물 임대|공업용 건물 임대|극장 임대,,극장대관,사무실|쇼핑 센터|상점|시장 건물|오피스텔 임대(비주거용)|상업용 건물|공업용 건물|극장,임대,,KSIC 11차 (2024),True
921405,그 외 기타 창작 및 예술관련 서비스업,"예술, 스포츠 및 여가관련 서비스업 > 창작, 예술 및 여가관련 서비스업 > 창작 및 예술관련 서비스업 > 기타 창작 및 예술관련 서비스업 > 그 외 기타 창작 및 예술관련 서비스업","예술, 스포츠 및 여가관련 서비스업","창작, 예술 및 여가관련 서비스업",창작 및 예술관련 서비스업,기타 창작 및 예술관련 서비스업,90199,그 외 기타 창작 및 예술관련 서비스업,"공연 기획, 공연 및 제작관련 대리를 제외한 기타 창작 및 예술관련 서비스를 제공하는 산업활동을 말한다. 영화 제작, 연극 제작, 스포츠 또는 기타 공연물 제작에 관련하여 제작자를 대리하여 장소 및 예약 예술, 스포츠 및 여가관련 서비스업 등을 대리하는 산업활동을 포함한다.",조명장치 설치 및 운영|연극 배경장치 운영|음향장치 설치 및 운영|무대 설비설치 운영|무대 예술 운영업,"독립적인 연예인 또는 예술가의 대리활동|연극, 영화 등 단역배우 공급",공연 및 제작관련 대리,조명장치 설치 및|연극 배경장치|음향장치 설치 및|무대 설비설치|무대 예술 운,설치|제작|창작|공연|기획|스포츠,,KSIC 11차 (2024),True
921406,그 외 기타 창작 및 예술관련 서비스업,"예술, 스포츠 및 여가관련 서비스업 > 창작, 예술 및 여가관련 서비스업 > 창작 및 예술관련 서비스업 > 기타 창작 및 예술관련 서비스업 > 그 외 기타 창작 및 예술관련 서비스업","예술, 스포츠 및 여가관련 서비스업","창작, 예술 및 여가관련 서비스업",창작 및 예술관련 서비스업,기타 창작 및 예술관련 서비스업,90199,그 외 기타 창작 및 예술관련 서비스업,"공연 기획, 공연 및 제작관련 대리를 제외한 기타 창작 및 예술관련 서비스를 제공하는 산업활동을 말한다. 영화 제작, 연극 제작, 스포츠 또는 기타 공연물 제작에 관련하여 제작자를 대리하여 장소 및 예약 예술, 스포츠 및 여가관련 서비스업 등을 대리하는 산업활동을 포함한다.",조명장치 설치 및 운영|연극 배경장치 운영|음향장치 설치 및 운영|무대 설비설치 운영|무대 예술 운영업,"독립적인 연예인 또는 예술가의 대리활동|연극, 영화 등 단역배우 공급",,조명장치 설치 및|연극 배경장치|음향장치 설치 및|무대 설비설치|무대 예술 운,설치|제작|창작|공연|기획|스포츠,,KSIC 11차 (2024),True
921407,기타 공연단체,"예술, 스포츠 및 여가관련 서비스업 > 창작, 예술 및 여가관련 서비스업 > 창작 및 예술관련 서비스업 > 공연단체 > 기타 공연단체","예술, 스포츠 및 여가관련 서비스업","창작, 예술 및 여가관련 서비스업",창작 및 예술관련 서비스업,공연단체,90123,기타 공연단체,기타 공연 예술단체를 운영하는 산업활동을 말한다.,서커스단|마술쇼단|아이스스케이팅단 R 여 예 가술,,,서커스단|마술쇼단|아이스스케이팅단 R 여 예 가술,공연,,KSIC 11차 (2024),True
921501,광고 영화 및 비디오물 제작업,"정보통신업 > 영상ㆍ오디오 기록물 제작 및 배급업 > 영화, 비디오물, 방송 프로그램 제작 및 배급업 > 영화, 비디오물 및 방송 프로그램 제작업 > 광고 영화 및 비디오물 제작업",정보통신업,영상ㆍ오디오 기록물 제작 및 배급업,"영화, 비디오물, 방송 프로그램 제작 및 배급업","영화, 비디오물 및 방송 프로그램 제작업",59113,광고 영화 및 비디오물 제작업,특정 사업체 및 제품 등을 광고하는 광고 영화 및 비디오물을 제작하 는 산업활동을 말한다.,텔레비전용 광고물 제작|홍보 영화 제작|공익 광고 영화 제작,일반 영화 제작,,텔레비전용 광고물|홍보 영화|공익 광고 영화,제작|광고|홍보,,KSIC 11차 (2024),True
921502,일반 영화 및 비디오물 제작업,"정보통신업 > 영상ㆍ오디오 기록물 제작 및 배급업 > 영화, 비디오물, 방송 프로그램 제작 및 배급업 > 영화, 비디오물 및 방송 프로그램 제작업 > 일반 영화 및 비디오물 제작업",정보통신업,영상ㆍ오디오 기록물 제작 및 배급업,"영화, 비디오물, 방송 프로그램 제작 및 배급업","영화, 비디오물 및 방송 프로그램 제작업",59111,일반 영화 및 비디오물 제작업,일반 영화 및 비디오 영화를 제작하는 산업활동을 말한다. 제작과 결 합된 배급활동도 포함한다.,일반 비디오물 제작|일반 영화 제작|교육용 비디오물 제작|뮤직 비디오물 제작,광고용 영화제작,,일반 비디오물|일반 영화|교육용 비디오물|뮤직 비디오물,제작|배급|교육,,KSIC 11차 (2024),True
921503,"영화, 비디오물 및 방송 프로그램 제작 관련 서비스업","정보통신업 > 영상ㆍ오디오 기록물 제작 및 배급업 > 영화, 비디오물, 방송 프로그램 제작 및 배급업 > 영화, 비디오물 및 방송 프로그램 제작 관련 서비스업",정보통신업,영상ㆍ오디오 기록물 제작 및 배급업,"영화, 비디오물, 방송 프로그램 제작 및 배급업","영화, 비디오물 및 방송 프로그램 제작 관련 서비스업",59120,"영화, 비디오물 및 방송 프로그램 제작 관련 서비스업","영화, 비디오물 및 방송 프로그램 제작에 관련된 필름 가공, 편집, 재 녹음(더빙), 검사 등의 제작 후 서비스를 독립적으로 수행하는 산업활 동을 말한다. 영화 상영용 필름 복제활동도 포함한다.",필름 검사 서비스|재녹음(더빙) 서비스|필름 편집 서비스|자막 서비스|영화 상영용 필름 복제,영화용 필름을 비디오 테이프로 복제하는 산업,,필름 검사|재녹음(더빙)|필름 편집|자막|영화 상영용 필름 복제,가공|방송|제작|상영|녹음|편집|검사,,KSIC 11차 (2024),True
921504,애니메이션 영화 및 비디오물 제작업,"정보통신업 > 영상ㆍ오디오 기록물 제작 및 배급업 > 영화, 비디오물, 방송 프로그램 제작 및 배급업 > 영화, 비디오물 및 방송 프로그램 제작업 > 애니메이션 영화 및 비디오물 제작업",정보통신업,영상ㆍ오디오 기록물 제작 및 배급업,"영화, 비디오물, 방송 프로그램 제작 및 배급업","영화, 비디오물 및 방송 프로그램 제작업",59112,애니메이션 영화 및 비디오물 제작업,실사 또는 컴퓨터 그래픽 등을 이용하여 애니메이션 영화 및 비디오 물을 제작하는 산업활동을 말한다.,애니메이션 영화 제작|만화 영화 제작,,,애니메이션 영화|만화 영화,제작|이용,,KSIC 11차 (2024),True
921505,미디어콘텐츠창작업,"정보통신업 > 영상ㆍ오디오 기록물 제작 및 배급업 > 영화, 비디오물, 방송 프로그램 제작 및 배급업 > 영화, 비디오물 및 방송 프로그램 제작업 > 미디어콘텐츠창작업",정보통신업,영상ㆍ오디오 기록물 제작 및 배급업,"영화, 비디오물, 방송 프로그램 제작 및 배급업","영화, 비디오물 및 방송 프로그램 제작업",59111 | 59112,일반 영화 및 비디오물 제작업 | 애니메이션 영화 및 비디오물 제작업,,,,미디어콘텐츠창작업,미디어콘텐츠창작업,창작,,KSIC 11차 (2024),False
921901,공연시설 운영업,"예술, 스포츠 및 여가관련 서비스업 > 창작, 예술 및 여가관련 서비스업 > 창작 및 예술관련 서비스업 > 공연시설 운영업","예술, 스포츠 및 여가관련 서비스업","창작, 예술 및 여가관련 서비스업",창작 및 예술관련 서비스업,공연시설 운영업,90110,공연시설 운영업,"극장, 음악당 및 기타 실연극을 공연하는 시설을 운영하면서 자체 제 작한 오페라, 연극, 음악회 등을 공연하는 산업활동을 말한다. 공연시 설을 운영하면서 부수적으로 단기간 공연시설을 대관하고 수수료를 받는 경우도 포함한다.",극장 운영|음악당 운영|연극장 운영,연예활동이 보조적으로 결합 수행되는 나이트클럽 및 카바레|영화상영관|공연시설 임대,,극장|음악당|연극장,공연,,KSIC 11차 (2024),True
921902,레크리에이션 교육기관,교육서비스업 > 교육 서비스업 > 기타 교육기관 > 스포츠 및 레크리에이션 교육기관 > 레크리에이션 교육기관,교육서비스업,교육 서비스업,기타 교육기관,스포츠 및 레크리에이션 교육기관,85613,레크리에이션 교육기관,바둑교육 등 레크리에이션에 관한 교육을 하는 산업활동을 말한다.,바둑 교실,,댄스교습소,바둑 교실,교육,,KSIC 11차 (2024),True
921903,유원지 및 테마파크 운영업,"예술, 스포츠 및 여가관련 서비스업 > 스포츠 및 오락관련 서비스업 > 유원지 및 기타 오락관련 서비스업 > 유원지 및 테마파크 운영업","예술, 스포츠 및 여가관련 서비스업",스포츠 및 오락관련 서비스업,유원지 및 기타 오락관련 서비스업,유원지 및 테마파크 운영업,91210,유원지 및 테마파크 운영업,"기계적인 탑승 놀이기구, 수상 탑승기구, 전시장, 쇼 및 게임장, 휴식 시설 등의 종합적인 놀이시설을 갖춘 유흥장을 운영하는 산업활동을 말한다.",유원지 운영|테마파크 운영|각종 놀이기구 운영,유원지 이외의 공원 운영,,유원지|테마파크|각종 놀이기구,전시|게임장,,KSIC 11차 (2024),True
921904,무도장 운영업,"예술, 스포츠 및 여가관련 서비스업 > 스포츠 및 오락관련 서비스업 > 유원지 및 기타 오락관련 서비스업 > 그 외 기타 오락관련 서비스업 > 무도장 운영업","예술, 스포츠 및 여가관련 서비스업",스포츠 및 오락관련 서비스업,유원지 및 기타 오락관련 서비스업,그 외 기타 오락관련 서비스업,91291,무도장 운영업,"주류 및 식사가 제공되지 않는 무도장, 댄스홀 등을 운영하는 산업활 동을 말한다.",무도장|콜라텍|댄스홀,무도 유흥주점 및 디스코 클럽 운영|교육 목적의 댄스 교습소 운영,,무도장|콜라텍|댄스홀,,,KSIC 11차 (2024),True
922101,그 외 기타 개인 및 가정용품 수리업,"협회 및 단체, 수리 및 기타 개인 서비스업 > 개인 및 소비용품 수리업 > 개인 및 가정용품 수리업 > 기타 개인 및 가정용품 수리업 > 그 외 기타 개인 및 가정용품 수리업","협회 및 단체, 수리 및 기타 개인 서비스업",개인 및 소비용품 수리업,개인 및 가정용품 수리업,기타 개인 및 가정용품 수리업,95399,그 외 기타 개인 및 가정용품 수리업,"가정용 철물, 수공구 및 정원용 장비, 가구, 운동기구 등의 가정용품 을 전문적으로 수리하는 산업활동을 포함한다.",가정용 철물 수리|가정용 기기 수리(비전기식)|보일러 수리(가정용)|가정용 가스 기기 수리|운반식 석유히터 수리|가정용 재봉틀 수리(비전기식)|가구 수리|운동기구 수리|자전거 수리|가정용품 종합 수리,,,가정용 철물|가정용 기기 수리(비전기식)|보일러 수리(가정용)|가정용 가스 기기|운반식 석유히터|가정용 재봉틀 수리(비전기식)|가구|운동기구|자전거|가정용품 종합,수리,,KSIC 11차 (2024),True
922102,기타 일반 기계 및 장비 수리업,제조업 > 산업용 기계 및 장비 수리업 > 일반 기계류 수리업 > 기타 일반 기계 및 장비 수리업,제조업,산업용 기계 및 장비 수리업,산업용 기계 및 장비 수리업,일반 기계류 수리업,34019,기타 일반 기계 및 장비 수리업,기타 일반 기계 및 장비를 전문적으로 수리․유지하는 산업활동을 말 한다.,조립 금속제품 수리|산업용 보일러 수리|농업용 기계 수리|축산용 기계 수리|선박 부품 수리|항공기 부품 수리|사무용 기계 수리|지게차(산업용) 수리,"지게차(건설, 광업용) 수리",,조립 금속제품|산업용 보일러|농업용 기계|축산용 기계|선박 부품|항공기 부품|사무용 기계|지게차(산업용),조립|수리,,KSIC 11차 (2024),True
922103,전기ㆍ전자 및 정밀 기기 수리업,제조업 > 산업용 기계 및 장비 수리업 > 전기ㆍ전자 및 정밀 기기 수리업,제조업,산업용 기계 및 장비 수리업,산업용 기계 및 장비 수리업,전기ㆍ전자 및 정밀 기기 수리업,34020,전기ㆍ전자 및 정밀 기기 수리업,전기․전자 및 정밀 기기를 전문적으로 수리․유지하는 산업활동을 말한다.,,"산업|온수 및 공기 조절 공급업|난방, 동력 또는 기타 목적의|증기|온수|냉수",,전기ㆍ전자 및 정밀 기기,수리,,KSIC 11차 (2024),True
922104,가전제품 수리업,"협회 및 단체, 수리 및 기타 개인 서비스업 > 개인 및 소비용품 수리업 > 개인 및 가정용품 수리업 > 가전제품 수리업","협회 및 단체, 수리 및 기타 개인 서비스업",개인 및 소비용품 수리업,개인 및 가정용품 수리업,가전제품 수리업,95310,가전제품 수리업,각종 가정용 전기제품 및 용품을 전문적으로 수리하는 산업활동을 말 한다.,가정용 전자제품 수리|가정용 전기제품 수리|가정용 전열기 수리,,,가정용 전자제품|가정용 전기제품|가정용 전열기,수리,,KSIC 11차 (2024),True
922105,의복 및 기타 가정용 직물제품 수리업,"협회 및 단체, 수리 및 기타 개인 서비스업 > 개인 및 소비용품 수리업 > 개인 및 가정용품 수리업 > 기타 개인 및 가정용품 수리업 > 의복 및 기타 가정용 직물제품 수리업","협회 및 단체, 수리 및 기타 개인 서비스업",개인 및 소비용품 수리업,개인 및 가정용품 수리업,기타 개인 및 가정용품 수리업,95391,의복 및 기타 가정용 직물제품 수리업,각종 의복 및 기타 가정용 직물제품을 전문으로 수리하는 산업활동을 말한다.,직물제품 수리|의복 수리,"가방, 지갑, 핸드백 수리",,직물제품|의복,수리,,KSIC 11차 (2024),True
922106,건설ㆍ광업용 기계 및 장비 수리업,제조업 > 산업용 기계 및 장비 수리업 > 일반 기계류 수리업 > 건설ㆍ광업용 기계 및 장비 수리업,제조업,산업용 기계 및 장비 수리업,산업용 기계 및 장비 수리업,일반 기계류 수리업,34011,건설ㆍ광업용 기계 및 장비 수리업,건설 및 광업용 기계․장비를 전문적으로 수리․유지하는 산업활동을 말한다.,,,,건설ㆍ광업용 기계 및 장비,건설|수리,,KSIC 11차 (2024),True
922107,통신장비 수리업,"협회 및 단체, 수리 및 기타 개인 서비스업 > 개인 및 소비용품 수리업 > 컴퓨터 및 통신장비 수리업 > 통신장비 수리업","협회 및 단체, 수리 및 기타 개인 서비스업",개인 및 소비용품 수리업,컴퓨터 및 통신장비 수리업,통신장비 수리업,95120,통신장비 수리업,무선 전화기를 포함한 통신장비를 전문적으로 수리․유지하는 산업활 동을 말한다.,,"텔레비전, 라디오 등 가전제품 수리",,통신장비,통신|수리,,KSIC 11차 (2024),True
922108,"가죽, 가방 및 신발 수리업","협회 및 단체, 수리 및 기타 개인 서비스업 > 개인 및 소비용품 수리업 > 개인 및 가정용품 수리업 > 기타 개인 및 가정용품 수리업 > 가죽, 가방 및 신발 수리업","협회 및 단체, 수리 및 기타 개인 서비스업",개인 및 소비용품 수리업,개인 및 가정용품 수리업,기타 개인 및 가정용품 수리업,95392,"가죽, 가방 및 신발 수리업","각종 가정용 가죽, 가방, 신발 제품을 전문으로 수리하는 산업활동을 말한다.","신발 수리|가죽제품 수리|가방, 지갑, 핸드백 수리",구두닦기|의복 및 가정용 직물제품 수리,,"신발|가죽제품|가방, 지갑, 핸드백",수리,,KSIC 11차 (2024),True
922109,"시계, 귀금속 및 악기 수리업","협회 및 단체, 수리 및 기타 개인 서비스업 > 개인 및 소비용품 수리업 > 개인 및 가정용품 수리업 > 기타 개인 및 가정용품 수리업 > 시계, 귀금속 및 악기 수리업","협회 및 단체, 수리 및 기타 개인 서비스업",개인 및 소비용품 수리업,개인 및 가정용품 수리업,기타 개인 및 가정용품 수리업,95393,"시계, 귀금속 및 악기 수리업","기협 타회 시계, 귀금속의 장신구 및 악기를 전문적으로 수리하는 산업활동을 개및 말한다. 인 서체 ，",업리|시계 수리|악기 수리|귀금속 제품 수리,,,업리|시계|악기|귀금속 제품,수리,,KSIC 11차 (2024),True
922201,자동차 종합 수리업,"협회 및 단체, 수리 및 기타 개인 서비스업 > 개인 및 소비용품 수리업 > 자동차 및 모터사이클 수리업 > 자동차 수리 및 세차업 > 자동차 종합 수리업","협회 및 단체, 수리 및 기타 개인 서비스업",개인 및 소비용품 수리업,자동차 및 모터사이클 수리업,자동차 수리 및 세차업,95211,자동차 종합 수리업,"승용차, 트럭 및 트레일러 등의 자동차를 전기 및 기계적인 방법으로 협회 및 단체, 수리 및 기타 개인 서비스업 차량 전체 부분을 종합적으로 수리하는 산업활동을 말한다.",자동차 정비소(종합 수리)|덤프 및 레미콘 종합 수리|자동차 종합정비업|소형 자동차 종합정비업,,,자동차 정비소(종합 수리)|덤프 및 레미콘 종합|자동차 종합정비업|소형 자동차 종합정비업,수리|정비,,KSIC 11차 (2024),True
922202,자동차 전문 수리업,"협회 및 단체, 수리 및 기타 개인 서비스업 > 개인 및 소비용품 수리업 > 자동차 및 모터사이클 수리업 > 자동차 수리 및 세차업 > 자동차 전문 수리업","협회 및 단체, 수리 및 기타 개인 서비스업",개인 및 소비용품 수리업,자동차 및 모터사이클 수리업,자동차 수리 및 세차업,95212,자동차 전문 수리업,"자동차의 기관, 차체, 제동 조직, 용접 및 도장, 연계 조직, 차축, 운전 기어 및 튜브, 내장품 등 자동차의 특정 부분만을 전문적으로 수리하 는 산업활동을 말한다. 자동차 각 부위의 일상적인 단순 수리활동을 포함한다.",카센터(전문 수리)|자동차 타이어 및 튜브 수리|자동차 도장|자동차 경정비|자동차 내장 전문 수리|카인테리어(전문 수리)|자동차 유리 및 내장품 수리(내장품 판매 제외)|원동기 전문 정비업,,,카센터(전문 수리)|자동차 타이어 및 튜브|자동차 도장|자동차 경정비|자동차 내장 전문|카인테리어(전문 수리)|자동차 유리 및 내장품 수리(내장품 판매 제외)|원동기 전문 정비업,판매|수리|정비,,KSIC 11차 (2024),True
922203,자동차 세차업,"협회 및 단체, 수리 및 기타 개인 서비스업 > 개인 및 소비용품 수리업 > 자동차 및 모터사이클 수리업 > 자동차 수리 및 세차업 > 자동차 세차업","협회 및 단체, 수리 및 기타 개인 서비스업",개인 및 소비용품 수리업,자동차 및 모터사이클 수리업,자동차 수리 및 세차업,95213,자동차 세차업,자동차 세차 및 광택처리 등과 유사 활동을 수행하는 산업활동을 말 한다. 기협,개및|동전식 세차장 운영|차량 광택처리 서비스|수세식 세차장 운영|차량 왁스처리 서 체 ， 스수 업리,자동차 도장(수리) 활동,,개및|동전식 세차장|차량 광택처리|수세식 세차장|차량 왁스처리 서 체 ， 스수 업리,,,KSIC 11차 (2024),True
922204,모터사이클 수리업,"협회 및 단체, 수리 및 기타 개인 서비스업 > 개인 및 소비용품 수리업 > 자동차 및 모터사이클 수리업 > 모터사이클 수리업","협회 및 단체, 수리 및 기타 개인 서비스업",개인 및 소비용품 수리업,자동차 및 모터사이클 수리업,모터사이클 수리업,95220,모터사이클 수리업,모터사이클 및 설상용 차량을 수리․유지하는 산업활동을 말한다.,모터사이클 수리|오토바이 수리|설상용 차량 수리,,,모터사이클|오토바이|설상용 차량,수리,,KSIC 11차 (2024),True
923100,독서실 운영업,"예술, 스포츠 및 여가관련 서비스업 > 창작, 예술 및 여가관련 서비스업 > 도서관, 사적지 및 유사 여가관련 서비스업 > 도서관, 기록 보존소 및 독서실 운영업 > 독서실 운영업","예술, 스포츠 및 여가관련 서비스업","창작, 예술 및 여가관련 서비스업","도서관, 사적지 및 유사 여가관련 서비스업","도서관, 기록 보존소 및 독서실 운영업",90212,독서실 운영업,숙박시설 없이 일반 대중을 대상으로 각종 도서를 읽을 수 있는 장소 를 제공하는 산업활동을 말한다.,독서실 운영,숙박형 독서실,,독서실,숙박,,KSIC 11차 (2024),True
923101,도서관 및 기록 보존소 운영업,"예술, 스포츠 및 여가관련 서비스업 > 창작, 예술 및 여가관련 서비스업 > 도서관, 사적지 및 유사 여가관련 서비스업 > 도서관, 기록 보존소 및 독서실 운영업 > 도서관 및 기록 보존소 운영업","예술, 스포츠 및 여가관련 서비스업","창작, 예술 및 여가관련 서비스업","도서관, 사적지 및 유사 여가관련 서비스업","도서관, 기록 보존소 및 독서실 운영업",90211,도서관 및 기록 보존소 운영업,"열람시설을 갖추고 도서 열람 서비스를 제공하는 도서관, 시청각실, 자료센터, 기록 보존소 등을 운영하는 산업활동을 말한다. 이 사업체 는 기록물들을 인터넷 등으로 제공할 수 있다.",도서관(국|사립)|시청각실 R|기록 매체 보존소,서츠|서적을 임대하는 활동 비 스및|데이터 베이스 구축 활동,,도서관(국|사립)|시청각실 R|기록 매체 보존소,,,KSIC 11차 (2024),True
923102,독서실 운영업,"예술, 스포츠 및 여가관련 서비스업 > 창작, 예술 및 여가관련 서비스업 > 도서관, 사적지 및 유사 여가관련 서비스업 > 도서관, 기록 보존소 및 독서실 운영업 > 독서실 운영업","예술, 스포츠 및 여가관련 서비스업","창작, 예술 및 여가관련 서비스업","도서관, 사적지 및 유사 여가관련 서비스업","도서관, 기록 보존소 및 독서실 운영업",90212,독서실 운영업,숙박시설 없이 일반 대중을 대상으로 각종 도서를 읽을 수 있는 장소 를 제공하는 산업활동을 말한다.,독서실 운영,숙박형 독서실,스터디카페,독서실,숙박,,KSIC 11차 (2024),True
923200,박물관 운영업,"예술, 스포츠 및 여가관련 서비스업 > 창작, 예술 및 여가관련 서비스업 > 도서관, 사적지 및 유사 여가관련 서비스업 > 박물관 및 사적지 관리 운영업 > 박물관 운영업","예술, 스포츠 및 여가관련 서비스업","창작, 예술 및 여가관련 서비스업","도서관, 사적지 및 유사 여가관련 서비스업",박물관 및 사적지 관리 운영업,90221,박물관 운영업,"일반 대중에게 미술 공예품, 조각품, 순수 과학물, 응용 과학물, 문화 재 등을 진열하여 관람시키는 일반 또는 전문 박물관 시설을 운영하 는 산업활동을 말한다.",천문관|과학관|미술관|예술품 전시관|역사 박물관,미술품을 소매하는 화랑,,천문관|과학관|미술관|예술품 전시관|역사 박물관,전시,,KSIC 11차 (2024),True
923201,사적지 관리 운영업,"예술, 스포츠 및 여가관련 서비스업 > 창작, 예술 및 여가관련 서비스업 > 도서관, 사적지 및 유사 여가관련 서비스업 > 박물관 및 사적지 관리 운영업 > 사적지 관리 운영업","예술, 스포츠 및 여가관련 서비스업","창작, 예술 및 여가관련 서비스업","도서관, 사적지 및 유사 여가관련 서비스업",박물관 및 사적지 관리 운영업,90222,사적지 관리 운영업,"역사적인 유적지, 전적지, 사적지, 고궁 등 사적 명소를 보존․전시하 는 산업활동을 말한다. 예술, 스포츠 및 여가관련 서비스업",,,,사적지 관리 운,관리|전시|스포츠,,KSIC 11차 (2024),True
923300,식물원 및 동물원 운영업,"예술, 스포츠 및 여가관련 서비스업 > 창작, 예술 및 여가관련 서비스업 > 도서관, 사적지 및 유사 여가관련 서비스업 > 식물원, 동물원 및 자연공원 운영업 > 식물원 및 동물원 운영업","예술, 스포츠 및 여가관련 서비스업","창작, 예술 및 여가관련 서비스업","도서관, 사적지 및 유사 여가관련 서비스업","식물원, 동물원 및 자연공원 운영업",90231,식물원 및 동물원 운영업,"일반 대중이 관람할 수 있도록 산식물 및 산동물을 일정 시설에서 보 존․관리하는 산업활동을 말하며, 관람 목적의 수족관 운영도 포함한다.",,구입한 관상어를 소매하는 수족관 운영,,식물원 및 동물원 운,관리,,KSIC 11차 (2024),True
923301,기타 유사 여가관련 서비스업,"예술, 스포츠 및 여가관련 서비스업 > 창작, 예술 및 여가관련 서비스업 > 도서관, 사적지 및 유사 여가관련 서비스업 > 기타 유사 여가관련 서비스업","예술, 스포츠 및 여가관련 서비스업","창작, 예술 및 여가관련 서비스업","도서관, 사적지 및 유사 여가관련 서비스업",기타 유사 여가관련 서비스업,90290,기타 유사 여가관련 서비스업,달리 분류되지 않은 유사 여가관련 산업활동을 말한다.,,,,기타 유사 여가관련,,,KSIC 11차 (2024),True
924101,그 외 기타 스포츠 서비스업,"예술, 스포츠 및 여가관련 서비스업 > 스포츠 및 오락관련 서비스업 > 스포츠 서비스업 > 기타 스포츠 서비스업 > 그 외 기타 스포츠 서비스업","예술, 스포츠 및 여가관련 서비스업",스포츠 및 오락관련 서비스업,스포츠 서비스업,기타 스포츠 서비스업,91199,그 외 기타 스포츠 서비스업,"이 산업에는 독립된 운동 선수, 프로 게이머, 경마 및 경주차 소유주, 스포츠 코치, 스포츠 행사 기획자, 경기 후원단체, 스포츠 연맹 및 규 제 단체 활동, 경마 및 경주견 훈련활동 등을 포함한다.",,"개인교사, 지도자에 의한 스포츠 지도",,그 외 기타 스포츠,훈련|기획|스포츠,,KSIC 11차 (2024),True
924102,그 외 기타 스포츠 서비스업,"예술, 스포츠 및 여가관련 서비스업 > 스포츠 및 오락관련 서비스업 > 스포츠 서비스업 > 기타 스포츠 서비스업 > 그 외 기타 스포츠 서비스업","예술, 스포츠 및 여가관련 서비스업",스포츠 및 오락관련 서비스업,스포츠 서비스업,기타 스포츠 서비스업,91199,그 외 기타 스포츠 서비스업,"이 산업에는 독립된 운동 선수, 프로 게이머, 경마 및 경주차 소유주, 스포츠 코치, 스포츠 행사 기획자, 경기 후원단체, 스포츠 연맹 및 규 제 단체 활동, 경마 및 경주견 훈련활동 등을 포함한다.",,"개인교사, 지도자에 의한 스포츠 지도",개인마주,그 외 기타 스포츠,훈련|기획|스포츠,,KSIC 11차 (2024),True
924103,스포츠 클럽 운영업,"예술, 스포츠 및 여가관련 서비스업 > 스포츠 및 오락관련 서비스업 > 스포츠 서비스업 > 기타 스포츠 서비스업 > 스포츠 클럽 운영업","예술, 스포츠 및 여가관련 서비스업",스포츠 및 오락관련 서비스업,스포츠 서비스업,기타 스포츠 서비스업,91191,스포츠 클럽 운영업,프로 및 실업 경기단체 등과 같이 스포츠 활동에 참가할 기회를 제공 해주는 스포츠 클럽을 운영하는 산업활동을 말한다. 여기에는 게임단 을 운영하는 산업활동을 포함한다.,프로야구단|프로축구단|동계 스포츠 클럽|실업 경기단체|체스 클럽|사격 클럽|프로게임단,단순 친목의 운동 동호회 활동,,프로야구단|프로축구단|동계 스포츠 클럽|실업 경기단체|체스 클럽|사격 클럽|프로게임단,스포츠,,KSIC 11차 (2024),True
924200,실내 경기장 운영업,"예술, 스포츠 및 여가관련 서비스업 > 스포츠 및 오락관련 서비스업 > 스포츠 서비스업 > 경기장 운영업 > 실내 경기장 운영업","예술, 스포츠 및 여가관련 서비스업",스포츠 및 오락관련 서비스업,스포츠 서비스업,경기장 운영업,91111,실내 경기장 운영업,"농구, 배구, 권투, 레슬링, 유도, 태권도, 씨름, 수영 등의 경기를 위한 관람석이 있는 실내 경기장을 운영하는 산업활동을 말한다.",,,,실내 경기장 운,,,KSIC 11차 (2024),True
924201,실외 경기장 운영업,"예술, 스포츠 및 여가관련 서비스업 > 스포츠 및 오락관련 서비스업 > 스포츠 서비스업 > 경기장 운영업 > 실외 경기장 운영업","예술, 스포츠 및 여가관련 서비스업",스포츠 및 오락관련 서비스업,스포츠 서비스업,경기장 운영업,91112,실외 경기장 운영업,"육상 경기, 축구, 야구, 럭비, 하키 등 각종 필드 경기를 위한 관람석 이 있는 실외 경기장을 운영하는 산업활동을 말한다.",,,,실외 경기장 운,,,KSIC 11차 (2024),True
924202,경주장 및 동물 경기장 운영업,"예술, 스포츠 및 여가관련 서비스업 > 스포츠 및 오락관련 서비스업 > 스포츠 서비스업 > 경기장 운영업 > 경주장 및 동물 경기장 운영업","예술, 스포츠 및 여가관련 서비스업",스포츠 및 오락관련 서비스업,스포츠 서비스업,경기장 운영업,91113,경주장 및 동물 경기장 운영업,"자동차 경주, 경마, 경륜 등을 위한 관람석이 있는 경주장을 운영하는 산업활동을 말한다. 동물을 이용한 투우 등 비경주 경기를 위한 경기 장도 포함한다.","경륜장|자동차 경주장 예술, 스포츠 및 여가관련 서비스업|경마장|투우장",경기장과 독립된 마권 등 경주권 발행소,,"경륜장|자동차 경주장 예술, 스포츠 및 여가관련|경마장|투우장",스포츠|이용,,KSIC 11차 (2024),True
924302,볼링장 운영업,"예술, 스포츠 및 여가관련 서비스업 > 스포츠 및 오락관련 서비스업 > 스포츠 서비스업 > 기타 스포츠시설 운영업 > 볼링장 운영업","예술, 스포츠 및 여가관련 서비스업",스포츠 및 오락관련 서비스업,스포츠 서비스업,기타 스포츠시설 운영업,91134,볼링장 운영업,볼링장 시설을 운영하는 산업활동을 말한다.,,,,볼링장 운,,,KSIC 11차 (2024),True
924303,골프장 운영업,"예술, 스포츠 및 여가관련 서비스업 > 스포츠 및 오락관련 서비스업 > 스포츠 서비스업 > 골프장 및 스키장 운영업 > 골프장 운영업","예술, 스포츠 및 여가관련 서비스업",스포츠 및 오락관련 서비스업,스포츠 서비스업,골프장 및 스키장 운영업,91121,골프장 운영업,골프 코스 및 기타 관련 설비를 운영하는 산업활동을 말한다. 본질적 인 산업활동을 수행하면서 부수적으로 관련 장비 임대 및 강습을 수 행할 수 있다.,,골프 연습장,,골프장 운,임대|강습,,KSIC 11차 (2024),True
924304,스키장 운영업,"예술, 스포츠 및 여가관련 서비스업 > 스포츠 및 오락관련 서비스업 > 스포츠 서비스업 > 골프장 및 스키장 운영업 > 스키장 운영업","예술, 스포츠 및 여가관련 서비스업",스포츠 및 오락관련 서비스업,스포츠 서비스업,골프장 및 스키장 운영업,91122,스키장 운영업,숙박시설과 독립된 스키장 및 스키리프트를 운영하는 산업활동을 말 한다. 본질적인 산업활동을 수행하면서 부수적으로 스키강습 및 장비 임대 등을 할 수 있다.,,눈썰매장 R,,스키장 운,임대|숙박|강습,,KSIC 11차 (2024),True
924305,체력 단련시설 운영업,"예술, 스포츠 및 여가관련 서비스업 > 스포츠 및 오락관련 서비스업 > 스포츠 서비스업 > 기타 스포츠시설 운영업 > 체력 단련시설 운영업","예술, 스포츠 및 여가관련 서비스업",스포츠 및 오락관련 서비스업,스포츠 서비스업,기타 스포츠시설 운영업,91132,체력 단련시설 운영업,심신을 단련하는 시설을 운영하는 산업활동을 말한다.,헬스 클럽,무도장|교육 목적의 체력 단련시설 운영,,헬스 클럽,,,KSIC 11차 (2024),True
924306,그 외 기타 스포츠시설 운영업,"예술, 스포츠 및 여가관련 서비스업 > 스포츠 및 오락관련 서비스업 > 스포츠 서비스업 > 기타 스포츠시설 운영업 > 그 외 기타 스포츠시설 운영업","예술, 스포츠 및 여가관련 서비스업",스포츠 및 오락관련 서비스업,스포츠 서비스업,기타 스포츠시설 운영업,91139,그 외 기타 스포츠시설 운영업,"달리 분류되지 않은 운동시설을 운영하는 산업활동을 말한다. 이 사 업체는 부수적으로 강습 및 관련 장비의 임대 활동 등을 수행할 수 예술, 스포츠 및 여가관련 서비스업 있다.","스쿼시장|탁구장|테니스장|야구 연습장|롤러 스케이트장|승마 연습장|요트장|조정장|카누장|눈썰매장|오락용이 아닌 공기총, 클레이 사격장|게이트볼장|국궁장, 석궁장|실내 암벽시설|관람석 없는 배드민턴장",오락용 사격장,스트레스해소방,"스쿼시장|탁구장|테니스장|야구 연습장|롤러 스케이트장|승마 연습장|요트장|조정장|카누장|눈썰매장|오락용이 아닌 공기총, 클레이 사격장|게이트볼장|국궁장, 석궁장|실내 암벽시설|관람석 없는 배드민턴장",임대|강습|스포츠|오락,,KSIC 11차 (2024),True
924307,골프 연습장 운영업,"예술, 스포츠 및 여가관련 서비스업 > 스포츠 및 오락관련 서비스업 > 스포츠 서비스업 > 기타 스포츠시설 운영업 > 골프 연습장 운영업","예술, 스포츠 및 여가관련 서비스업",스포츠 및 오락관련 서비스업,스포츠 서비스업,기타 스포츠시설 운영업,91136,골프 연습장 운영업,골프 연습장 시설을 운영하는 산업활동을 말한다.,,,야외 그물망설치 골프연습장,골프 연습장 운,,,KSIC 11차 (2024),True
924308,골프 연습장 운영업,"예술, 스포츠 및 여가관련 서비스업 > 스포츠 및 오락관련 서비스업 > 스포츠 서비스업 > 기타 스포츠시설 운영업 > 골프 연습장 운영업","예술, 스포츠 및 여가관련 서비스업",스포츠 및 오락관련 서비스업,스포츠 서비스업,기타 스포츠시설 운영업,91136,골프 연습장 운영업,골프 연습장 시설을 운영하는 산업활동을 말한다.,,,실내 스크린 골프연습장,골프 연습장 운,,,KSIC 11차 (2024),True
924309,당구장 운영업,"예술, 스포츠 및 여가관련 서비스업 > 스포츠 및 오락관련 서비스업 > 스포츠 서비스업 > 기타 스포츠시설 운영업 > 당구장 운영업","예술, 스포츠 및 여가관련 서비스업",스포츠 및 오락관련 서비스업,스포츠 서비스업,기타 스포츠시설 운영업,91135,당구장 운영업,당구장 시설을 운영하는 산업활동을 말한다.,,,,당구장 운,,,KSIC 11차 (2024),True
924310,그 외 기타 스포츠시설 운영업,"예술, 스포츠 및 여가관련 서비스업 > 스포츠 및 오락관련 서비스업 > 스포츠 서비스업 > 기타 스포츠시설 운영업 > 그 외 기타 스포츠시설 운영업","예술, 스포츠 및 여가관련 서비스업",스포츠 및 오락관련 서비스업,스포츠 서비스업,기타 스포츠시설 운영업,91139,그 외 기타 스포츠시설 운영업,"달리 분류되지 않은 운동시설을 운영하는 산업활동을 말한다. 이 사 업체는 부수적으로 강습 및 관련 장비의 임대 활동 등을 수행할 수 예술, 스포츠 및 여가관련 서비스업 있다.","스쿼시장|탁구장|테니스장|야구 연습장|롤러 스케이트장|승마 연습장|요트장|조정장|카누장|눈썰매장|오락용이 아닌 공기총, 클레이 사격장|게이트볼장|국궁장, 석궁장|실내 암벽시설|관람석 없는 배드민턴장",오락용 사격장,눈썰매장,"스쿼시장|탁구장|테니스장|야구 연습장|롤러 스케이트장|승마 연습장|요트장|조정장|카누장|눈썰매장|오락용이 아닌 공기총, 클레이 사격장|게이트볼장|국궁장, 석궁장|실내 암벽시설|관람석 없는 배드민턴장",임대|강습|스포츠|오락,,KSIC 11차 (2024),True
924311,수영장 운영업,"예술, 스포츠 및 여가관련 서비스업 > 스포츠 및 오락관련 서비스업 > 스포츠 서비스업 > 기타 스포츠시설 운영업 > 수영장 운영업","예술, 스포츠 및 여가관련 서비스업",스포츠 및 오락관련 서비스업,스포츠 서비스업,기타 스포츠시설 운영업,91133,수영장 운영업,관람석이 없는 수영장을 운영하는 사업체의 산업활동을 말한다.,,관람석이 있는 실내 수영경기장,,수영장 운,,,KSIC 11차 (2024),True
924312,그 외 기타 스포츠시설 운영업,"예술, 스포츠 및 여가관련 서비스업 > 스포츠 및 오락관련 서비스업 > 스포츠 서비스업 > 기타 스포츠시설 운영업 > 그 외 기타 스포츠시설 운영업","예술, 스포츠 및 여가관련 서비스업",스포츠 및 오락관련 서비스업,스포츠 서비스업,기타 스포츠시설 운영업,91139,그 외 기타 스포츠시설 운영업,"달리 분류되지 않은 운동시설을 운영하는 산업활동을 말한다. 이 사 업체는 부수적으로 강습 및 관련 장비의 임대 활동 등을 수행할 수 예술, 스포츠 및 여가관련 서비스업 있다.","스쿼시장|탁구장|테니스장|야구 연습장|롤러 스케이트장|승마 연습장|요트장|조정장|카누장|눈썰매장|오락용이 아닌 공기총, 클레이 사격장|게이트볼장|국궁장, 석궁장|실내 암벽시설|관람석 없는 배드민턴장",오락용 사격장,라켓볼ㆍ스쿼시 경기장,"스쿼시장|탁구장|테니스장|야구 연습장|롤러 스케이트장|승마 연습장|요트장|조정장|카누장|눈썰매장|오락용이 아닌 공기총, 클레이 사격장|게이트볼장|국궁장, 석궁장|실내 암벽시설|관람석 없는 배드민턴장",임대|강습|스포츠|오락,,KSIC 11차 (2024),True
924313,종합 스포츠시설 운영업,"예술, 스포츠 및 여가관련 서비스업 > 스포츠 및 오락관련 서비스업 > 스포츠 서비스업 > 기타 스포츠시설 운영업 > 종합 스포츠시설 운영업","예술, 스포츠 및 여가관련 서비스업",스포츠 및 오락관련 서비스업,스포츠 서비스업,기타 스포츠시설 운영업,91131,종합 스포츠시설 운영업,"동일 장소에서 경기장, 골프장, 스키장을 제외한 두 종류 이상의 스포 츠 운동시설을 복합적으로 운영하는 산업활동을 말한다.",종합 체육시설|복합 체육시설,,,종합 체육시설|복합 체육시설,스포츠,,KSIC 11차 (2024),True
924314,그 외 기타 스포츠시설 운영업,"예술, 스포츠 및 여가관련 서비스업 > 스포츠 및 오락관련 서비스업 > 스포츠 서비스업 > 기타 스포츠시설 운영업 > 그 외 기타 스포츠시설 운영업","예술, 스포츠 및 여가관련 서비스업",스포츠 및 오락관련 서비스업,스포츠 서비스업,기타 스포츠시설 운영업,91139,그 외 기타 스포츠시설 운영업,"달리 분류되지 않은 운동시설을 운영하는 산업활동을 말한다. 이 사 업체는 부수적으로 강습 및 관련 장비의 임대 활동 등을 수행할 수 예술, 스포츠 및 여가관련 서비스업 있다.","스쿼시장|탁구장|테니스장|야구 연습장|롤러 스케이트장|승마 연습장|요트장|조정장|카누장|눈썰매장|오락용이 아닌 공기총, 클레이 사격장|게이트볼장|국궁장, 석궁장|실내 암벽시설|관람석 없는 배드민턴장",오락용 사격장,,"스쿼시장|탁구장|테니스장|야구 연습장|롤러 스케이트장|승마 연습장|요트장|조정장|카누장|눈썰매장|오락용이 아닌 공기총, 클레이 사격장|게이트볼장|국궁장, 석궁장|실내 암벽시설|관람석 없는 배드민턴장",임대|강습|스포츠|오락,,KSIC 11차 (2024),True
924901,녹음시설 운영업,정보통신업 > 영상ㆍ오디오 기록물 제작 및 배급업 > 오디오물 출판 및 원판 녹음업 > 녹음시설 운영업,정보통신업,영상ㆍ오디오 기록물 제작 및 배급업,오디오물 출판 및 원판 녹음업,오디오물 출판 및 원판 녹음업,59202,녹음시설 운영업,"계약에 의하여 음반, 테이프 및 기타 오디오 기록물에 소리를 녹음하 여 오디오 기록물 원판을 생산하는 산업활동을 말한다.",녹음시설 운영|계약에 의한 음반 원판 생산,음반 기획 제작 및 출판|오디오물 복제활동,,녹음시설|계약에 의한 음반 원판,생산|녹음,,KSIC 11차 (2024),True
924902,기타 오락장 운영업,"예술, 스포츠 및 여가관련 서비스업 > 스포츠 및 오락관련 서비스업 > 유원지 및 기타 오락관련 서비스업 > 오락장 운영업 > 기타 오락장 운영업","예술, 스포츠 및 여가관련 서비스업",스포츠 및 오락관련 서비스업,유원지 및 기타 오락관련 서비스업,오락장 운영업,91229,기타 오락장 운영업,이 산업에는 오락적 성격의 관람 및 놀이시설을 운영하는 산업활동을 포함한다.,유령의 집(관람장)|기계적 동물 모형 관람장|오락 사격장|모형 관람시설 운영|목마 놀이시설 운영,유원지 및 테마파크 운영업,,유령의 집(관람장)|기계적 동물 모형 관람장|오락 사격장|모형 관람시설|목마 놀이시설,오락,,KSIC 11차 (2024),True
924903,노래 연습장 운영업,"예술, 스포츠 및 여가관련 서비스업 > 스포츠 및 오락관련 서비스업 > 유원지 및 기타 오락관련 서비스업 > 오락장 운영업 > 노래 연습장 운영업","예술, 스포츠 및 여가관련 서비스업",스포츠 및 오락관련 서비스업,유원지 및 기타 오락관련 서비스업,오락장 운영업,91223,노래 연습장 운영업,노래 연습장을 운영하는 산업활동을 말한다. 스및,,가요 주점,,노래 연습장 운,,,KSIC 11차 (2024),True
924904,기타 오락장 운영업,"예술, 스포츠 및 여가관련 서비스업 > 스포츠 및 오락관련 서비스업 > 유원지 및 기타 오락관련 서비스업 > 오락장 운영업 > 기타 오락장 운영업","예술, 스포츠 및 여가관련 서비스업",스포츠 및 오락관련 서비스업,유원지 및 기타 오락관련 서비스업,오락장 운영업,91229,기타 오락장 운영업,이 산업에는 오락적 성격의 관람 및 놀이시설을 운영하는 산업활동을 포함한다.,유령의 집(관람장)|기계적 동물 모형 관람장|오락 사격장|모형 관람시설 운영|목마 놀이시설 운영,유원지 및 테마파크 운영업,전화방,유령의 집(관람장)|기계적 동물 모형 관람장|오락 사격장|모형 관람시설|목마 놀이시설,오락,,KSIC 11차 (2024),True
924905,자연공원 운영업,"예술, 스포츠 및 여가관련 서비스업 > 창작, 예술 및 여가관련 서비스업 > 도서관, 사적지 및 유사 여가관련 서비스업 > 식물원, 동물원 및 자연공원 운영업 > 자연공원 운영업","예술, 스포츠 및 여가관련 서비스업","창작, 예술 및 여가관련 서비스업","도서관, 사적지 및 유사 여가관련 서비스업","식물원, 동물원 및 자연공원 운영업",90232,자연공원 운영업,자연 지역의 보존 및 전시에 종사하는 산업활동을 말한다.,자연공원(휴양용)|휴양림 운영|자연 보존원|야생 생물 보존 구역 관리,,,자연공원(휴양용)|휴양림|자연 보존원|야생 생물 보존 구역 관리,관리|전시,,KSIC 11차 (2024),True
924906,복권 발행 및 판매업,"예술, 스포츠 및 여가관련 서비스업 > 스포츠 및 오락관련 서비스업 > 유원지 및 기타 오락관련 서비스업 > 사행시설 관리 및 운영업 > 복권 발행 및 판매업","예술, 스포츠 및 여가관련 서비스업",스포츠 및 오락관련 서비스업,유원지 및 기타 오락관련 서비스업,사행시설 관리 및 운영업,91241,복권 발행 및 판매업,각종 복권을 발행하거나 판매하는 산업활동을 말한다.,스포츠 복권 발행|기입식 복권 발행|즉석식 복권 발행|복권 판매소,,복권 발행,스포츠 복권 발행|기입식 복권 발행|즉석식 복권 발행|복권 판매소,판매|스포츠,,KSIC 11차 (2024),True
924907,전자 게임장 운영업,"예술, 스포츠 및 여가관련 서비스업 > 스포츠 및 오락관련 서비스업 > 유원지 및 기타 오락관련 서비스업 > 오락장 운영업 > 전자 게임장 운영업","예술, 스포츠 및 여가관련 서비스업",스포츠 및 오락관련 서비스업,유원지 및 기타 오락관련 서비스업,오락장 운영업,91221,전자 게임장 운영업,컴퓨터가 아닌 각종 전자 게임기를 갖춘 시설을 운영하는 산업활동을 말한다.,아케이드 게임장|전자오락실,,,아케이드 게임장|전자오락실,오락|게임장,,KSIC 11차 (2024),True
924908,전자 게임장 운영업,"예술, 스포츠 및 여가관련 서비스업 > 스포츠 및 오락관련 서비스업 > 유원지 및 기타 오락관련 서비스업 > 오락장 운영업 > 전자 게임장 운영업","예술, 스포츠 및 여가관련 서비스업",스포츠 및 오락관련 서비스업,유원지 및 기타 오락관련 서비스업,오락장 운영업,91221,전자 게임장 운영업,컴퓨터가 아닌 각종 전자 게임기를 갖춘 시설을 운영하는 산업활동을 말한다.,아케이드 게임장|전자오락실,,청소년게임장,아케이드 게임장|전자오락실,오락|게임장,,KSIC 11차 (2024),True
924909,컴퓨터 게임방 운영업,"예술, 스포츠 및 여가관련 서비스업 > 스포츠 및 오락관련 서비스업 > 유원지 및 기타 오락관련 서비스업 > 오락장 운영업 > 컴퓨터 게임방 운영업","예술, 스포츠 및 여가관련 서비스업",스포츠 및 오락관련 서비스업,유원지 및 기타 오락관련 서비스업,오락장 운영업,91222,컴퓨터 게임방 운영업,인터넷 또는 시디롬(CD-ROM) 등에 의한 컴퓨터 게임을 주로 제공 하는 시설을 운영하는 산업활동을 말한다.,인터넷 게임방|PC 게임방,,,인터넷 게임방|PC 게임방,,,KSIC 11차 (2024),True
924910,비디오물 감상실 운영업,"정보통신업 > 영상ㆍ오디오 기록물 제작 및 배급업 > 영화, 비디오물, 방송 프로그램 제작 및 배급업 > 영화 및 비디오물 상영업 > 비디오물 감상실 운영업",정보통신업,영상ㆍ오디오 기록물 제작 및 배급업,"영화, 비디오물, 방송 프로그램 제작 및 배급업",영화 및 비디오물 상영업,59142,비디오물 감상실 운영업,모니터를 이용한 비디오물 감상실을 운영하는 산업활동을 말한다.,비디오방|DVD방,,,비디오방|DVD방,이용,,KSIC 11차 (2024),True
924911,그 외 기타 분류 안된 오락관련 서비스업,"예술, 스포츠 및 여가관련 서비스업 > 스포츠 및 오락관련 서비스업 > 유원지 및 기타 오락관련 서비스업 > 그 외 기타 오락관련 서비스업 > 그 외 기타 분류 안된 오락관련 서비스업","예술, 스포츠 및 여가관련 서비스업",스포츠 및 오락관련 서비스업,유원지 및 기타 오락관련 서비스업,그 외 기타 오락관련 서비스업,91299,그 외 기타 분류 안된 오락관련 서비스업,"독립적으로 운영하는 오락용 궤도 및 삭도시설, 각종 체험시설과 전 예술, 스포츠 및 여가관련 서비스업 망탑 등 기타 오락설비를 운영하는 산업활동을 포함한다.","전망탑 운영|오락용 궤도, 삭도 운영","자전거, 경기용품 및 기타 오락용품 임대|교육 위주의 비숙박형 청소년 수련시설",,"전망탑|오락용 궤도, 삭도",스포츠|오락,,KSIC 11차 (2024),True
924912,전자 게임장 운영업,"예술, 스포츠 및 여가관련 서비스업 > 스포츠 및 오락관련 서비스업 > 유원지 및 기타 오락관련 서비스업 > 오락장 운영업 > 전자 게임장 운영업","예술, 스포츠 및 여가관련 서비스업",스포츠 및 오락관련 서비스업,유원지 및 기타 오락관련 서비스업,오락장 운영업,91221,전자 게임장 운영업,컴퓨터가 아닌 각종 전자 게임기를 갖춘 시설을 운영하는 산업활동을 말한다.,아케이드 게임장|전자오락실,,실내운전연습실,아케이드 게임장|전자오락실,오락|게임장,,KSIC 11차 (2024),True
924913,기타 오락장 운영업,"예술, 스포츠 및 여가관련 서비스업 > 스포츠 및 오락관련 서비스업 > 유원지 및 기타 오락관련 서비스업 > 오락장 운영업 > 기타 오락장 운영업","예술, 스포츠 및 여가관련 서비스업",스포츠 및 오락관련 서비스업,유원지 및 기타 오락관련 서비스업,오락장 운영업,91229,기타 오락장 운영업,이 산업에는 오락적 성격의 관람 및 놀이시설을 운영하는 산업활동을 포함한다.,유령의 집(관람장)|기계적 동물 모형 관람장|오락 사격장|모형 관람시설 운영|목마 놀이시설 운영,유원지 및 테마파크 운영업,보드게임방,유령의 집(관람장)|기계적 동물 모형 관람장|오락 사격장|모형 관람시설|목마 놀이시설,오락,,KSIC 11차 (2024),True
924914,낚시장 운영업,"예술, 스포츠 및 여가관련 서비스업 > 스포츠 및 오락관련 서비스업 > 유원지 및 기타 오락관련 서비스업 > 수상오락 서비스업 > 낚시장 운영업","예술, 스포츠 및 여가관련 서비스업",스포츠 및 오락관련 서비스업,유원지 및 기타 오락관련 서비스업,수상오락 서비스업,91231,낚시장 운영업,낚시장을 운영하는 산업활동을 말한다.,유료 낚시터 운영|실내 낚시장 운영,,,유료 낚시터|실내 낚시장,,,KSIC 11차 (2024),True
924915,기타 수상오락 서비스업,"예술, 스포츠 및 여가관련 서비스업 > 스포츠 및 오락관련 서비스업 > 유원지 및 기타 오락관련 서비스업 > 수상오락 서비스업 > 기타 수상오락 서비스업","예술, 스포츠 및 여가관련 서비스업",스포츠 및 오락관련 서비스업,유원지 및 기타 오락관련 서비스업,수상오락 서비스업,91239,기타 수상오락 서비스업,기타 수상오락 서비스를 제공하는 산업활동을 말한다.,레저 보트용 정박시설 운영업|마리나업|오락용 보트 임대(물놀이 시설에서 포함하여 운영)|해수욕장 운영,유료 낚시터 운영|물놀이시설과 별개로 운영하는 레크리에이션용 보트 임대,,레저 보트용 정박시설 운|마리나업|오락용 보트 임대(물놀이 시설에서 포함하여 운영)|해수욕장,임대|오락,,KSIC 11차 (2024),True
924916,체육 공원 및 유사 공원 운영업,"예술, 스포츠 및 여가관련 서비스업 > 스포츠 및 오락관련 서비스업 > 유원지 및 기타 오락관련 서비스업 > 그 외 기타 오락관련 서비스업 > 체육 공원 및 유사 공원 운영업","예술, 스포츠 및 여가관련 서비스업",스포츠 및 오락관련 서비스업,유원지 및 기타 오락관련 서비스업,그 외 기타 오락관련 서비스업,91292,체육 공원 및 유사 공원 운영업,"일반 대중이 여가 생활을 하면서 이용할 수 있는 경기용 코트, 운동 장 및 산책로 등을 설치하여 조성된 체육 공원 및 유사 공원을 운영 하는 산업활동을 말한다.",체육 공원 운영|시민 공원,유원지 운영업|자연공원 및 휴양림 운영업,,체육 공원|시민 공원,설치|이용,,KSIC 11차 (2024),True
924917,카지노 운영업,"예술, 스포츠 및 여가관련 서비스업 > 스포츠 및 오락관련 서비스업 > 유원지 및 기타 오락관련 서비스업 > 사행시설 관리 및 운영업 > 카지노 운영업","예술, 스포츠 및 여가관련 서비스업",스포츠 및 오락관련 서비스업,유원지 및 기타 오락관련 서비스업,사행시설 관리 및 운영업,91242 | 91249,카지노 운영업 | 기타 사행시설 관리 및 운영업,"카지노(머신 게임, 카드 게임, 롤렛, 주사위 게임 등)를 운영하는 산업 활동을 말한다. / 경마, 경륜, 경정 등 베팅 관련 시설 운영 및 기타 각종 사행시설을 운영하는 산업활동을 말한다. 여 예 가술 ，",,련스,,카지노 운,,,KSIC 11차 (2024),True
930100,가정용 세탁업,"협회 및 단체, 수리 및 기타 개인 서비스업 > 기타 개인 서비스업 > 그 외 기타 개인 서비스업 > 세탁업 > 가정용 세탁업","협회 및 단체, 수리 및 기타 개인 서비스업",기타 개인 서비스업,그 외 기타 개인 서비스업,세탁업,96912,가정용 세탁업,일반 대중을 대상으로 각종 세탁물을 수집 및 세탁하는 산업활동을 말한다. 동전 조작식 또는 셀프 서비스형 세탁시설(아파트 및 기숙사 등에서 설치 가능)을 운영하는 산업활동도 포함한다.,드라이 클리닝|동전 조작식 세탁시설,세탁물 공급업,,드라이 클리닝|동전 조작식 세탁시설,설치|세탁,,KSIC 11차 (2024),True
930101,산업용 세탁업,"협회 및 단체, 수리 및 기타 개인 서비스업 > 기타 개인 서비스업 > 그 외 기타 개인 서비스업 > 세탁업 > 산업용 세탁업","협회 및 단체, 수리 및 기타 개인 서비스업",기타 개인 서비스업,그 외 기타 개인 서비스업,세탁업,96911,산업용 세탁업,， 산업 또는 상업 사용자를 대상으로 산업 및 상업용 세탁물을 세탁하 스수 업리 는 산업활동을 말한다. 가정용 세탁업자들이 수집한 세탁물을 재취합 하여 이를 세탁하는 경우도 여기에 포함한다.,,,,산업용 세탁업,세탁,,KSIC 11차 (2024),True
930102,세탁물 공급업,"협회 및 단체, 수리 및 기타 개인 서비스업 > 기타 개인 서비스업 > 그 외 기타 개인 서비스업 > 세탁업 > 세탁물 공급업","협회 및 단체, 수리 및 기타 개인 서비스업",기타 개인 서비스업,그 외 기타 개인 서비스업,세탁업,96913,세탁물 공급업,"개인, 상업 및 산업 사용자와의 임대 계약에 의하여 타월, 냅킨, 식탁 보, 가운, 기저귀 및 기타 린넨제품, 작업복, 보호복, 안전 장갑, 청정 실용 의복 등을 반복적으로 세탁․공급하는 산업활동을 말한다.",린넨 공급업|의료기관 세탁물 공급업|물수건 대여업|기저귀 대여업|걸레 대여업|유니폼 세탁 공급업,,,린넨 공급업|의료기관 세탁물 공급업|물수건 대여업|기저귀 대여업|걸레 대여업|유니폼 세탁 공급업,임대|대여|세탁,,KSIC 11차 (2024),True
930201,이용업,"협회 및 단체, 수리 및 기타 개인 서비스업 > 기타 개인 서비스업 > 미용, 욕탕 및 유사 서비스업 > 이용 및 미용업 > 이용업","협회 및 단체, 수리 및 기타 개인 서비스업",기타 개인 서비스업,"미용, 욕탕 및 유사 서비스업",이용 및 미용업,96111,이용업,주로 남성 고객의 머리카락 및 수염을 깎거나 다듬고 염색하는 등의 방법으로 고객의 용모를 단정하게 하는 산업활동을 말한다.,이발소|이용원,,,이발소|이용원,이용,,KSIC 11차 (2024),True
930203,두발 미용업,"협회 및 단체, 수리 및 기타 개인 서비스업 > 기타 개인 서비스업 > 미용, 욕탕 및 유사 서비스업 > 이용 및 미용업 > 두발 미용업","협회 및 단체, 수리 및 기타 개인 서비스업",기타 개인 서비스업,"미용, 욕탕 및 유사 서비스업",이용 및 미용업,96112,두발 미용업,"파마, 염색, 머리카락 자르기, 머리카락 모양내기, 머리 피부 손질 등 으로 고객의 머리를 아름답게 꾸미는 산업활동을 말한다.",미장원|남성커트 전문점 기협 타회,,,미장원|남성커트 전문점 기협 타회,미용,,KSIC 11차 (2024),True
930205,피부 미용업,"협회 및 단체, 수리 및 기타 개인 서비스업 > 기타 개인 서비스업 > 미용, 욕탕 및 유사 서비스업 > 이용 및 미용업 > 피부 미용업","협회 및 단체, 수리 및 기타 개인 서비스업",기타 개인 서비스업,"미용, 욕탕 및 유사 서비스업",이용 및 미용업,96113,피부 미용업,"개및 손이나 기구를 이용한 피부 관리, 습포(팩, pack), 제모, 눈썹 손질 등 단 서체 ， 으로 고객의 피부를 아름답게 꾸미는 산업활동을 말한다. 비 스수 업리",피부관리실,,,피부관리실,관리|미용|이용|피부관리,,KSIC 11차 (2024),True
930207,기타 미용업,"협회 및 단체, 수리 및 기타 개인 서비스업 > 기타 개인 서비스업 > 미용, 욕탕 및 유사 서비스업 > 이용 및 미용업 > 기타 미용업","협회 및 단체, 수리 및 기타 개인 서비스업",기타 개인 서비스업,"미용, 욕탕 및 유사 서비스업",이용 및 미용업,96119,기타 미용업,손톱과 발톱의 손질 등 고객의 외모를 아름답게 꾸미는 산업활동을 말한다.,발톱 관리,,,발톱 관리,관리|미용,,KSIC 11차 (2024),True
930208,마사지업,"협회 및 단체, 수리 및 기타 개인 서비스업 > 기타 개인 서비스업 > 미용, 욕탕 및 유사 서비스업 > 욕탕, 마사지 및 기타 신체 관리 서비스업 > 마사지업","협회 및 단체, 수리 및 기타 개인 서비스업",기타 개인 서비스업,"미용, 욕탕 및 유사 서비스업","욕탕, 마사지 및 기타 신체 관리 서비스업",96122,마사지업,"일반 대중에게 발, 스포츠 마사지 등으로 신체에 물리적 자극을 가하 는 시설을 운영하는 산업활동을 말한다.",마사지업|발 마사지업|스포츠 마사지업,"지압치료, 안마원 및 안마시술소",,마사지업|발 마사지업|스포츠 마사지업,스포츠,,KSIC 11차 (2024),True
930209,체형 등 기타 신체 관리 서비스업,"협회 및 단체, 수리 및 기타 개인 서비스업 > 기타 개인 서비스업 > 미용, 욕탕 및 유사 서비스업 > 욕탕, 마사지 및 기타 신체 관리 서비스업 > 체형 등 기타 신체 관리 서비스업","협회 및 단체, 수리 및 기타 개인 서비스업",기타 개인 서비스업,"미용, 욕탕 및 유사 서비스업","욕탕, 마사지 및 기타 신체 관리 서비스업",96129,체형 등 기타 신체 관리 서비스업,고객이 원하는 체형을 만들거나 유지하기 위하여 비의료적인 서비스 를 제공하는 산업활동을 말한다.,다이어트 센터|체중 감량 센터|비만 관리 센터,,,다이어트 센터|체중 감량 센터|비만 관리 센터,관리,,KSIC 11차 (2024),True
930301,장례식장 및 장의관련 서비스업,"협회 및 단체, 수리 및 기타 개인 서비스업 > 기타 개인 서비스업 > 그 외 기타 개인 서비스업 > 장례식장 및 관련 서비스업 > 장례식장 및 장의관련 서비스업","협회 및 단체, 수리 및 기타 개인 서비스업",기타 개인 서비스업,그 외 기타 개인 서비스업,장례식장 및 관련 서비스업,96921,장례식장 및 장의관련 서비스업,장례를 도와주는 서비스(장례식 준비 등)를 제공하거나 장례식장을 운영하는 산업활동을 말한다.,장의사업|상조(장례) 서비스,종교시설의 장례 의식 서비스,,장의사업|상조(장례),장례,,KSIC 11차 (2024),True
930302,"화장터 운영, 묘지 분양 및 관리업","협회 및 단체, 수리 및 기타 개인 서비스업 > 기타 개인 서비스업 > 그 외 기타 개인 서비스업 > 장례식장 및 관련 서비스업 > 화장터 운영, 묘지 분양 및 관리업","협회 및 단체, 수리 및 기타 개인 서비스업",기타 개인 서비스업,그 외 기타 개인 서비스업,장례식장 및 관련 서비스업,96922,"화장터 운영, 묘지 분양 및 관리업",묘지를 개발․분양 및 관리하거나 화장터를 운영하는 산업활동을 말 한다.,공원 묘지 분양|화장터 운영|묘지 관리|납골당 운영,,,공원 묘지 분양|화장터|묘지 관리|납골당,개발|분양|관리,,KSIC 11차 (2024),True
930901,예식장업,"협회 및 단체, 수리 및 기타 개인 서비스업 > 기타 개인 서비스업 > 그 외 기타 개인 서비스업 > 그 외 기타 분류 안된 개인 서비스업 > 예식장업","협회 및 단체, 수리 및 기타 개인 서비스업",기타 개인 서비스업,그 외 기타 개인 서비스업,그 외 기타 분류 안된 개인 서비스업,96991,예식장업,일반 대중에게 결혼식을 위한 시설을 제공하는 산업활동을 말한다.,실내 예식장|야외 예식장,,,실내 예식장|야외 예식장,예식,,KSIC 11차 (2024),True
930902,욕탕업,"협회 및 단체, 수리 및 기타 개인 서비스업 > 기타 개인 서비스업 > 미용, 욕탕 및 유사 서비스업 > 욕탕, 마사지 및 기타 신체 관리 서비스업 > 욕탕업","협회 및 단체, 수리 및 기타 개인 서비스업",기타 개인 서비스업,"미용, 욕탕 및 유사 서비스업","욕탕, 마사지 및 기타 신체 관리 서비스업",96121,욕탕업,"실내․외를 불문하고, 대중탕, 가족탕, 한증막, 사우나탕, 증기탕 및 온탕 등을 운영하는 산업활동을 말한다.",대중 목욕탕|온천탕|찜질방|황토방,,,대중 목욕탕|온천탕|찜질방|황토방,,,KSIC 11차 (2024),True
930903,의류 임대업,"사업시설 관리, 사업 지원 및 임대 서비스업 > 임대업; 부동산 제외 > 개인 및 가정용품 임대업 > 기타 개인 및 가정용품 임대업 > 의류 임대업","사업시설 관리, 사업 지원 및 임대 서비스업",임대업; 부동산 제외,개인 및 가정용품 임대업,기타 개인 및 가정용품 임대업,76292,의류 임대업,정장 및 기타 의류를 임대하는 산업활동을 말한다.,웨딩드레스 임대|상복 임대|연극 의류 임대|영화 의류 임대|의복 임대,,드레스대여 전문점,웨딩드레스|상복|연극 의류|영화 의류|의복,임대,,KSIC 11차 (2024),True
930904,인물 사진 및 행사용 영상 촬영업,"전문, 과학 및 기술 서비스업 > 기타 전문, 과학 및 기술 서비스업 > 사진 촬영 및 처리업 > 인물 사진 및 행사용 영상 촬영업","전문, 과학 및 기술 서비스업","기타 전문, 과학 및 기술 서비스업",사진 촬영 및 처리업,사진 촬영 및 처리업,73301,인물 사진 및 행사용 영상 촬영업,사진관 또는 고객의 사무실 및 가정과 같은 장소에서 인물을 촬영하 는 산업활동을 말한다. 사진은 그 대상을 있는 그대로 표현한다. 영화 용 이외의 행사 사진 및 비디오 등 영상 촬영활동도 포함한다.,초상화 촬영(개인)|행사 비디오 촬영|여권 사진 촬영|학교 사진 촬영,동전 조작식 사진 촬영기 운영,예식사진촬영업,초상화 촬영(개인)|행사 비디오 촬영|여권 사진 촬영|학교 사진 촬영,,,KSIC 11차 (2024),True
930908,그 외 기타 달리 분류되지 않은 개인 서비스업,"협회 및 단체, 수리 및 기타 개인 서비스업 > 기타 개인 서비스업 > 그 외 기타 개인 서비스업 > 그 외 기타 분류 안된 개인 서비스업 > 그 외 기타 달리 분류되지 않은 개인 서비스업","협회 및 단체, 수리 및 기타 개인 서비스업",기타 개인 서비스업,그 외 기타 개인 서비스업,그 외 기타 분류 안된 개인 서비스업,96999,그 외 기타 달리 분류되지 않은 개인 서비스업,달리 분류되지 않은 개인 서비스를 하는 산업활동을 말한다.,구두 닦기|대리 시장 보기|문신 서비스|대리 운전,,간단한 수화물의 일시적 보관,구두 닦기|대리 시장 보기|문신|대리 운전,,,KSIC 11차 (2024),True
930909,점술 및 유사 서비스업,"협회 및 단체, 수리 및 기타 개인 서비스업 > 기타 개인 서비스업 > 그 외 기타 개인 서비스업 > 그 외 기타 분류 안된 개인 서비스업 > 점술 및 유사 서비스업","협회 및 단체, 수리 및 기타 개인 서비스업",기타 개인 서비스업,그 외 기타 개인 서비스업,그 외 기타 분류 안된 개인 서비스업,96992,점술 및 유사 서비스업,"각종 예언술, 관상 및 골상학, 점성술 등에 의한 점술 및 유사 서비스 를 제공하는 산업활동을 말한다. 기협 타회 개및",서체|점집|무당|심령술업|풍수 서비스업 스수 업리|토정비결 서비스업,,,서체|점집|무당|심령술업|풍수 서비스업 스수 업리|토정비결,정비,,KSIC 11차 (2024),True
930911,그 외 기타 달리 분류되지 않은 개인 서비스업,"협회 및 단체, 수리 및 기타 개인 서비스업 > 기타 개인 서비스업 > 그 외 기타 개인 서비스업 > 그 외 기타 분류 안된 개인 서비스업 > 그 외 기타 달리 분류되지 않은 개인 서비스업","협회 및 단체, 수리 및 기타 개인 서비스업",기타 개인 서비스업,그 외 기타 개인 서비스업,그 외 기타 분류 안된 개인 서비스업,96999,그 외 기타 달리 분류되지 않은 개인 서비스업,달리 분류되지 않은 개인 서비스를 하는 산업활동을 말한다.,구두 닦기|대리 시장 보기|문신 서비스|대리 운전,,목공,구두 닦기|대리 시장 보기|문신|대리 운전,,,KSIC 11차 (2024),True
930912,결혼 상담 및 준비 서비스업,"협회 및 단체, 수리 및 기타 개인 서비스업 > 기타 개인 서비스업 > 그 외 기타 개인 서비스업 > 그 외 기타 분류 안된 개인 서비스업 > 결혼 상담 및 준비 서비스업","협회 및 단체, 수리 및 기타 개인 서비스업",기타 개인 서비스업,그 외 기타 개인 서비스업,그 외 기타 분류 안된 개인 서비스업,96994,결혼 상담 및 준비 서비스업,"미혼자를 대상으로 맞선 주선, 결혼 알선 및 상담을 하거나 결혼 예 정자를 대상으로 예식 준비와 관련한 기획, 구매․예약 대행, 정보 제 공 및 자문 등을 종합적으로 수행하는 산업활동을 말한다.","결혼 상담 및 맞선 주선업|결혼 관련 컨설팅업|결혼 준비, 기획, 대행업",,,"결혼 상담 및 맞선 주선업|결혼 관련 컨설팅업|결혼 준비, 기획, 대행업",알선|컨설팅|자문|기획|예식,,KSIC 11차 (2024),True
930913,개인 간병 및 유사 서비스업,"협회 및 단체, 수리 및 기타 개인 서비스업 > 기타 개인 서비스업 > 그 외 기타 개인 서비스업 > 그 외 기타 분류 안된 개인 서비스업 > 개인 간병 및 유사 서비스업","협회 및 단체, 수리 및 기타 개인 서비스업",기타 개인 서비스업,그 외 기타 개인 서비스업,그 외 기타 분류 안된 개인 서비스업,96993,개인 간병 및 유사 서비스업,"거동이 불편한 사람에게 비의료적 보조 서비스를 제공하는 산후 조리 원, 간병인 등의 산업활동을 말한다.",산후 조리원|개인 간병 서비스,개인 여행 안내|조산원,,산후 조리원|개인 간병,조리|간병,,KSIC 11차 (2024),True
930914,노인 양로 복지시설 운영업,보건업 및 사회복지 서비스업 > 사회복지 서비스업 > 거주 복지시설 운영업 > 노인 거주 복지시설 운영업 > 노인 양로 복지시설 운영업,보건업 및 사회복지 서비스업,사회복지 서비스업,거주 복지시설 운영업,노인 거주 복지시설 운영업,87112,노인 양로 복지시설 운영업,일상 생활에 지장이 없는 노인을 입소시켜 숙식 및 일상 생활의 편의 를 제공하는 산업활동을 말한다.,무료 양로시설|실비 양로시설|유료 양로시설,,,무료 양로시설|실비 양로시설|유료 양로시설,,,KSIC 11차 (2024),True
930915,기타 교육지원 서비스업,교육서비스업 > 교육 서비스업 > 교육 지원 서비스업 > 기타 교육지원 서비스업,교육서비스업,교육 서비스업,교육 지원 서비스업,교육 지원 서비스업,85709,기타 교육지원 서비스업,기타 교육 과정이나 시스템을 지원하는 교육 지원 서비스를 제공하는 산업활동을 말한다.,교환 학생 프로그램 운영,,,교환 학생 프로그램,교육,,KSIC 11차 (2024),True
930916,탐정 및 조사 서비스업,"사업시설 관리, 사업 지원 및 임대 서비스업 > 사업 지원 서비스업 > 경비, 경호 및 탐정업 > 탐정 및 조사 서비스업","사업시설 관리, 사업 지원 및 임대 서비스업",사업 지원 서비스업,"경비, 경호 및 탐정업",탐정 및 조사 서비스업,75330,탐정 및 조사 서비스업,개인 및 사업체에 관련된 각종 정보를 조사하는 산업활동을 말한다.,흥신소|사설탐정 서비스|필체 감정|지문 조사 서비스|거짓말 탐지기 서비스,신용 조사 및 채무자 추적 서비스|보험에 관련된 조사활동,,흥신소|사설탐정|필체 감정|지문 조사|거짓말 탐지기,,,KSIC 11차 (2024),True
930917,콜센터 및 텔레마케팅 서비스업,"사업시설 관리, 사업 지원 및 임대 서비스업 > 사업지원서비스업 > 기타 사업지원 서비스업 > 그 외 기타 사업 지원 서비스업 > 콜센터 및 텔레마케팅 서비스업","사업시설 관리, 사업 지원 및 임대 서비스업",사업지원서비스업,기타 사업지원 서비스업,그 외 기타 사업 지원 서비스업,75991,콜센터 및 텔레마케팅 서비스업,"수수료 또는 계약에 의해 전화 매체로 고객의 불만 또는 기타 요청 시 임설 사항을 접수하여 처리하거나 제품 및 상품을 소유하지 않고 고객의 대 관 서리 상품 및 서비스를 전화로 홍보, 주문 접수, 정보 제공 등의 서비스를 비 ， 스사 제공하는 산업활동을 말한다. 상품 소매, 보험 대리 등의 특정 산업활 업업 동을 수행하는 사업체가 전화 매체를 통해 사업을 수행하는 경우에는 지 그 본질적인 활동에 따라 분류한다.","콜센터 운영|텔레마케팅 서비스|전화번호 안내 서비스|인바운드(in-bound), 아웃바운드(out-bound) 서비스",통신 수단에 의한 상품 소매활동|통신 수단에 의한 보험 대리,대리운전연결업체,콜센터|텔레마케팅|전화번호 안내,소매|보험|홍보|콜센터,,KSIC 11차 (2024),True
930919,반려동물장묘 및 보호 서비스업,"협회 및 단체, 수리 및 기타 개인 서비스업 > 기타 개인 서비스업 > 그 외 기타 개인 서비스업 > 그 외 기타 분류 안된 개인 서비스업 > 반려동물장묘 및 보호 서비스업","협회 및 단체, 수리 및 기타 개인 서비스업",기타 개인 서비스업,그 외 기타 개인 서비스업,그 외 기타 분류 안된 개인 서비스업,96995,반려동물장묘 및 보호 서비스업,"반려·애완 동물의 훈련, 손질, 보호, 장례 등 반려·애완 동물 관련 서 비스를 제공하는 산업활동을 말한다.",반려|애완동물 훈련소|애완동물 미용 서비스|애완동물 호텔|유기견 보호센터|애완동물 장례식장,"동물병원|동물을 번식, 증식, 사육하는 활동",,반려|애완동물 훈련소|애완동물 미용|애완동물 호텔|유기견 보호센터|애완동물 장례식장,훈련|미용|장례,,KSIC 11차 (2024),True
930921,교육관련 자문 및 평가업,교육서비스업 > 교육 서비스업 > 교육 지원 서비스업 > 교육관련 자문 및 평가업,교육서비스업,교육 서비스업,교육 지원 서비스업,교육 지원 서비스업,85701,교육관련 자문 및 평가업,교육에 관련된 상담 및 평가 업무를 수행하는 산업활동을 말한다.,교과과정 상담|시험 출제 및 평가,,,교과과정 상담|시험 출제 및 평가,시험|자문|교육,,KSIC 11차 (2024),True
930925,그 외 기타 달리 분류되지 않은 개인 서비스업,"협회 및 단체, 수리 및 기타 개인 서비스업 > 기타 개인 서비스업 > 그 외 기타 개인 서비스업 > 그 외 기타 분류 안된 개인 서비스업 > 그 외 기타 달리 분류되지 않은 개인 서비스업","협회 및 단체, 수리 및 기타 개인 서비스업",기타 개인 서비스업,그 외 기타 개인 서비스업,그 외 기타 분류 안된 개인 서비스업,96999,그 외 기타 달리 분류되지 않은 개인 서비스업,달리 분류되지 않은 개인 서비스를 하는 산업활동을 말한다.,구두 닦기|대리 시장 보기|문신 서비스|대리 운전,,,구두 닦기|대리 시장 보기|문신|대리 운전,,,KSIC 11차 (2024),True
940100,작가,"협회 및 단체, 수리 및 기타 개인서비스 > 인적용역 > 저술가 > 작가","협회 및 단체, 수리 및 기타 개인서비스",인적용역,인적용역,저술가,73902+ | 90132+,번역 및 통역 서비스업 | 비공연 예술가,,,,인적용역(작가),작가,,,KSIC 11차 (2024),False
940200,화가 및 관련예술가,"협회 및 단체, 수리 및 기타 개인서비스 > 인적용역 > 화가및관련예술가 > 화가 및 관련예술가","협회 및 단체, 수리 및 기타 개인서비스",인적용역,인적용역,화가및관련예술가,90132+,비공연 예술가,,,,인적용역(화가 및 관련예술가),화가 및 관련예술가,,,KSIC 11차 (2024),False
940301,작곡가,"협회 및 단체, 수리 및 기타 개인서비스 > 인적용역 > 음악가및연예인 > 작곡가","협회 및 단체, 수리 및 기타 개인서비스",인적용역,인적용역,음악가및연예인,90132+,비공연 예술가,,,,인적용역(작곡가),작곡가,,,KSIC 11차 (2024),False
940302,"배우,탤런트등","협회 및 단체, 수리 및 기타 개인서비스 > 인적용역 > 음악가및연예인 > 배우,탤런트등","협회 및 단체, 수리 및 기타 개인서비스",인적용역,인적용역,음악가및연예인,90131+,공연 예술가,,,,"인적용역(배우, 탤런트 등)","배우,탤런트등",,,KSIC 11차 (2024),False
940303,모델,"협회 및 단체, 수리 및 기타 개인서비스 > 인적용역 > 음악가및연예인 > 모델","협회 및 단체, 수리 및 기타 개인서비스",인적용역,인적용역,음악가및연예인,90131+,공연 예술가,,,,인적용역(모델),모델,,,KSIC 11차 (2024),False
940304,가수,"협회 및 단체, 수리 및 기타 개인서비스 > 인적용역 > 음악가및연예인 > 가수","협회 및 단체, 수리 및 기타 개인서비스",인적용역,인적용역,음악가및연예인,90131+,공연 예술가,,,,인적용역(가수),가수,,,KSIC 11차 (2024),False
940305,성악가 등,"협회 및 단체, 수리 및 기타 개인서비스 > 인적용역 > 음악가및연예인 > 성악가 등","협회 및 단체, 수리 및 기타 개인서비스",인적용역,인적용역,음악가및연예인,90131+ | 90132+,공연 예술가 | 비공연 예술가,,,,"인적용역(성악가 등) | 인적용역(영화감독, 연출가)",성악가 등,,,KSIC 11차 (2024),False
940306,1인미디어콘텐츠창작자,"협회 및 단체, 수리 및 기타 개인서비스 > 인적용역 > 기타자영업 > 1인미디어콘텐츠창작자","협회 및 단체, 수리 및 기타 개인서비스",인적용역,인적용역,기타자영업,59111+ | 59112+,일반 영화 및 비디오물 제작업 | 애니메이션 영화 및 비디오물 제작업,,,,인적용역(1인미디어콘텐츠창작자),1인미디어콘텐츠창작자,창작,,KSIC 11차 (2024),False
940500,연예보조서비스,"협회 및 단체, 수리 및 기타 개인서비스 > 인적용역 > 연예보조서비스","협회 및 단체, 수리 및 기타 개인서비스",인적용역,인적용역,연예보조서비스,90131+ | 90199+,공연 예술가 | 그 외 기타 창작 및 예술관련 서비스업,,,,인적용역(연예보조출연자) | 인적용역(기타 연예보조서비스),연예보조,,,KSIC 11차 (2024),False
940600,"자문,감독,지도료,고문료,교정료","협회 및 단체, 수리 및 기타 개인서비스 > 인적용역 > 기타자영업 > 자문,감독,지도료,고문료,교정료","협회 및 단체, 수리 및 기타 개인서비스",인적용역,인적용역,기타자영업,59202+ | 71531+ | 75911+,녹음시설 운영업 | 경영 컨설팅업 | 문서 작성 및 복사업,,,,"인적용역(음반취입대가) | 인적용역(일시적 경영컨설팅) | 인적용역(교정, 고증, 필경, 타자)","자문,감독,지도료,고문료,교정료",자문|지도,,KSIC 11차 (2024),False
940901,바둑기사,"협회 및 단체, 수리 및 기타 개인서비스 > 인적용역 > 기타자영업 > 바둑기사","협회 및 단체, 수리 및 기타 개인서비스",인적용역,인적용역,기타자영업,91199+,그 외 기타 스포츠 서비스업,,,,인적용역(바둑기사),바둑기사,,,KSIC 11차 (2024),False
940902,꽃꽂이교사,"협회 및 단체, 수리 및 기타 개인서비스 > 인적용역 > 기타자영업 > 꽃꽂이교사","협회 및 단체, 수리 및 기타 개인서비스",인적용역,인적용역,기타자영업,85501+ | 85613+ | 85621+ | 85629+ | 85669+,일반 교과학원 | 레크리에이션 교육기관 | 음악학원 | 기타 예술학원 | 기타 기술 및 직업 훈련학원,,,,"인적용역(무용, 음악입시전문교사) | 인적용역(사교댄스교사) | 인적용역(음악교사) | 인적용역(무용교사) | 인적용역(꽃꽂이교사, 요리교사)",꽃꽂이교사,,,KSIC 11차 (2024),False
940903,"학원강사,강사,과외교습자,재단사","협회 및 단체, 수리 및 기타 개인서비스 > 인적용역 > 기타자영업 > 학원강사,강사,과외교습자,재단사","협회 및 단체, 수리 및 기타 개인서비스",인적용역,인적용역,기타자영업,85501+ | 85502+ | 85503+ | 85611+ | 85612+ | 85613+ | 85621+ | 85622+ | 85629+ | 85631+ | 85632+ | 85661+ | 85669+ | 85691+ | 85699+,일반 교과학원 | 방문 교육학원 | 온라인 교육학원 | 태권도 및 무술 교육기관 | 기타 스포츠 교육기관 | 레크리에이션 교육기관 | 음악학원 | 미술학원 | 기타 예술학원 | 외국어학원 | 기타 교습학원 | 운전학원 | 기타 기술 및 직업 훈련학원 | 컴퓨터 학원 | 그 외 기타 분류 안된 교육기관,,,,"인적용역(일반 교과학원강사, 강사, 과외교습자) | 인적용역(방문교육학원 강사) | 인적용역(온라인교사 학원 강사) | 인적용역(태권도 및 무술학원 강사) | 인적용역(기타 스포츠 교육 강사) | 인적용역(레크레이션 학원강사, 강사) | 인적용역(음악학원 강사) | 인적용역(미술학원 강사) | 인적용역(기타 예술학원 강사) | 인적용역(외국어 학원강사, 강사, 과외교습자) | 인적용역(고시학원 등 기타 학원 강사) | 인적용역(운전학원 강사) | 인적용역(재단사) | 인적용역(컴퓨터학원 강사) | 인적용역(기타 교육기관의 학원강사, 강사)","학원강사,강사,과외교습자,재단사",교습,,KSIC 11차 (2024),False
940904,직업운동가,"협회 및 단체, 수리 및 기타 개인서비스 > 인적용역 > 기타자영업 > 직업운동가","협회 및 단체, 수리 및 기타 개인서비스",인적용역,인적용역,기타자영업,91199+,그 외 기타 스포츠 서비스업,,,,인적용역(직업운동가),직업운동가,,,KSIC 11차 (2024),False
940905,유흥접객원 및 댄서,"협회 및 단체, 수리 및 기타 개인서비스 > 인적용역 > 기타자영업 > 유흥접객원 및 댄서","협회 및 단체, 수리 및 기타 개인서비스",인적용역,인적용역,기타자영업,96999+,그 외 기타 달리 분류되지 않은 개인 서비스업,,,,인적용역(일반 유흥주점 접객원 및 댄서),유흥접객원 및 댄서,,,KSIC 11차 (2024),False
940906,보험설계사,"협회 및 단체, 수리 및 기타 개인서비스 > 인적용역 > 기타자영업 > 보험설계사","협회 및 단체, 수리 및 기타 개인서비스",인적용역,인적용역,기타자영업,66202+,보험 대리 및 중개업,,,,"인적용역(보험설계사, 보험중개사)",보험설계사,설계|보험,,KSIC 11차 (2024),False
940907,음료품배달원,"협회 및 단체, 수리 및 기타 개인서비스 > 인적용역 > 기타자영업 > 음료품배달원","협회 및 단체, 수리 및 기타 개인서비스",인적용역,인적용역,기타자영업,47992+,계약배달 판매업,,,,인적용역(음료품배달원),음료품배달원,배달,,KSIC 11차 (2024),False
940908,"서적방문판매원,학습지방문판매원,화장품방문판매원,정수기방문판매원,자동차방문판매원,일반(기타)방문판매원","협회 및 단체, 수리 및 기타 개인서비스 > 인적용역 > 기타자영업 > 서적방문판매원,학습지방문판매원,화장품방문판매원,정수기방문판매원,자동차방문판매원,일반(기타)방문판매원","협회 및 단체, 수리 및 기타 개인서비스",인적용역,인적용역,기타자영업,45110+ | 47993+ | 85502+,자동차 신품 판매업 | 방문 판매업 | 방문 교육학원,,,,인적용역(자동차 방문 판매원) | 인적용역(서적방문판매원/화장품방문판매원/정수기방문판매원/일반(기타)방문판매원) | 인적용역(학습지방문판매원),"서적방문판매원,학습지방문판매원,화장품방문판매원,정수기방문판매원,자동차방문판매원,일반(기타)방문판매원",판매,,KSIC 11차 (2024),False
940909,기타자영업,"협회 및 단체, 수리 및 기타 개인서비스 > 인적용역 > 기타자영업","협회 및 단체, 수리 및 기타 개인서비스",인적용역,인적용역,기타자영업,03111+ | 03112+ | 03120+ | 62010+ | 75999+ | 95393+,"원양 어업 | 연근해 어업 | 내수면 어업 | 컴퓨터 프로그래밍 서비스업 | 그 외 기타 분류 안된 사업 지원 서비스업 | 시계, 귀금속 및 악기 수리업",,,,"인적용역(어로장) | 인적용역(컴퓨터 프로그래머) | 인적용역(전기, 가스 검침원) | 인적용역(조율사)",기타자,,,KSIC 11차 (2024),False
940910,다단계판매원의후원수당,"협회 및 단체, 수리 및 기타 개인서비스 > 인적용역 > 기타자영업 > 다단계판매원의후원수당","협회 및 단체, 수리 및 기타 개인서비스",인적용역,인적용역,기타자영업,47993+,방문 판매업,,,,인적용역(다단계판매원의 후원수당),다단계판매원의후원수당,판매,,KSIC 11차 (2024),False
940911,"기타모집수당,채권회수수당","협회 및 단체, 수리 및 기타 개인서비스 > 인적용역 > 기타자영업 > 기타모집수당,채권회수수당","협회 및 단체, 수리 및 기타 개인서비스",인적용역,인적용역,기타자영업,66192+ | 66199+ | 75993+ | 75999+,투자 자문업 및 투자 일임업 | 그 외 기타 금융 지원 서비스업 | 신용 조사 및 추심 대행업 | 그 외 기타 분류 안된 사업 지원 서비스업,,,,인적용역(증권투자상담사) | 인적용역(기타 모집수당 증권매입권유) | 인적용역(채권회수수당) | 인적용역(기타모집수당),"기타모집수당,채권회수수당",,,KSIC 11차 (2024),False
940912,개인간병인,"협회 및 단체, 수리 및 기타 개인서비스 > 인적용역 > 기타자영업 > 개인간병인","협회 및 단체, 수리 및 기타 개인서비스",인적용역,인적용역,기타자영업,96993+,개인 간병 및 유사 서비스업,,,,인적용역(개인 간병인),개인간병인,간병,,KSIC 11차 (2024),False
940913,대리운전기사,"협회 및 단체, 수리 및 기타 개인서비스 > 인적용역 > 기타자영업 > 대리운전기사","협회 및 단체, 수리 및 기타 개인서비스",인적용역,인적용역,기타자영업,96999+,그 외 기타 달리 분류되지 않은 개인 서비스업,,,,인적용역(대리운전기사),대리운전기사,,,KSIC 11차 (2024),False
940914,골프장캐디,"협회 및 단체, 수리 및 기타 개인서비스 > 인적용역 > 기타자영업 > 골프장캐디","협회 및 단체, 수리 및 기타 개인서비스",인적용역,인적용역,기타자영업,91199+,그 외 기타 스포츠 서비스업,,,,인적용역(골프장캐디),골프장캐디,,,KSIC 11차 (2024),False
940915,목욕관리사,"협회 및 단체, 수리 및 기타 개인서비스 > 인적용역 > 기타자영업 > 목욕관리사","협회 및 단체, 수리 및 기타 개인서비스",인적용역,인적용역,기타자영업,96129+,체형 등 기타 신체 관리 서비스업,,,,인적용역(목욕관리사),목욕관리사,관리,,KSIC 11차 (2024),False
940916,행사도우미,"협회 및 단체, 수리 및 기타 개인서비스 > 인적용역 > 기타자영업 > 행사도우미","협회 및 단체, 수리 및 기타 개인서비스",인적용역,인적용역,기타자영업,75999+,"전시, 컨벤션 및 행사 대행업",,,,인적용역(행사도우미),행사도우미,,,KSIC 11차 (2024),False
940917,심부름용역원,"협회 및 단체, 수리 및 기타 개인서비스 > 인적용역 > 기타자영업 > 심부름용역원","협회 및 단체, 수리 및 기타 개인서비스",인적용역,인적용역,기타자영업,96999+,그 외 기타 달리 분류되지 않은 개인 서비스업,,,,인적용역(심부름용역원),심부름용역원,,,KSIC 11차 (2024),False
940918,퀵서비스배달원,"협회 및 단체, 수리 및 기타 개인서비스 > 인적용역 > 기타자영업 > 퀵서비스배달원","협회 및 단체, 수리 및 기타 개인서비스",인적용역,인적용역,기타자영업,49402+,늘찬 배달업,,,,인적용역(퀵서비스 배달원),퀵서비스배달원,배달,,KSIC 11차 (2024),False
940919,기타물품운반원,"협회 및 단체, 수리 및 기타 개인서비스 > 인적용역 > 기타자영업 > 기타물품운반원","협회 및 단체, 수리 및 기타 개인서비스",인적용역,인적용역,기타자영업,49402+,늘찬 배달업,,,,인적용역(기타 물품운반원),기타물품운반원,,,KSIC 11차 (2024),False
940920,학습지 방문강사,"협회 및 단체, 수리 및 기타 개인서비스업 > 인적용역 > 기타자영업 > 학습지 방문강사","협회 및 단체, 수리 및 기타 개인서비스업",인적용역,인적용역,기타자영업,85502+,방문 교육학원,,,,"(인적용역)학습지(국어, 영어 등) 회원 가정 방문하여 학습내용 지도",학습지 방문강사,,,KSIC 11차 (2024),False
940921,교육교구 방문강사,"협회 및 단체, 수리 및 기타 개인서비스업 > 인적용역 > 기타자영업 > 교육교구 방문강사","협회 및 단체, 수리 및 기타 개인서비스업",인적용역,인적용역,기타자영업,85699+,그 외 기타 분류 안된 교육기관,,,,(인적용역)유아 및 아동의 사고력과 창의력 발달을 위해 학습지가 아닌 교재 및 교구를 활용하여 지도,교육교구 방문강사,교육,,KSIC 11차 (2024),False
940922,대여제품 방문점검원,"협회 및 단체, 수리 및 기타 개인서비스업 > 인적용역 > 기타자영업 > 대여제품 방문점검원","협회 및 단체, 수리 및 기타 개인서비스업",인적용역,인적용역,기타자영업,75999+,그 외 기타 분류 안된 사업 지원 서비스업,,,,(인적용역)가정 및 사무실 등을 방문하여 대여 제품의 유지·관리를 위한 정기적인 점검,대여제품 방문점검원,대여,,KSIC 11차 (2024),False
940923,대출모집인,"협회 및 단체, 수리 및 기타 개인서비스업 > 인적용역 > 기타자영업 > 대출모집인","협회 및 단체, 수리 및 기타 개인서비스업",인적용역,인적용역,기타자영업,66199+,그 외 기타 금융 지원 서비스업,,,,(인적용역)금융회사나 대출모집법인에서 업무 위탁받아 대출신청 상담업무를 수행하거나 대출 수요자 발굴하여 대출신청자 모집,대출모집인,대출,,KSIC 11차 (2024),False
940924,신용카드회원 모집인,"협회 및 단체, 수리 및 기타 개인서비스업 > 인적용역 > 기타자영업 > 신용카드회원 모집인","협회 및 단체, 수리 및 기타 개인서비스업",인적용역,인적용역,기타자영업,66199+,그 외 기타 금융 지원 서비스업,,,,(인적용역)신용카드 회사로부터 업무를 위탁받아 신용카드 발급계약의 체결을 중개,신용카드회원 모집인,,,KSIC 11차 (2024),False
940925,방과후강사,"협회 및 단체, 수리 및 기타 개인서비스업 > 인적용역 > 기타자영업 > 방과후강사","협회 및 단체, 수리 및 기타 개인서비스업",인적용역,인적용역,기타자영업,85611+ | 85612+ | 85613+ | 85614+ | 85621+ | 85622+ | 85629+ | 85631+ | 85632+ | 85640+ | 85650+ | 85661+ | 85669+ | 85691+ | 85699+,태권도 및 무술 교육기관 | 기타 스포츠 교육기관 | 레크리에이션 교육기관 | 청소년 수련시설 운영업 | 음악학원 | 미술학원 | 기타 예술학원 | 외국어학원 | 기타 교습학원 | 사회교육시설 | 직원 훈련기관 | 운전학원 | 기타 기술 및 직업 훈련학원 | 컴퓨터 학원 | 그 외 기타 분류 안된 교육기관,,,,"(인적용역)학교 교육계획에 따라 일정기간 동안 정규수업 이외 방과후학교 프로그램(단, 돌봄과정 제외) 운영",방과후강사,,,KSIC 11차 (2024),False
940926,소프트웨어 프리랜서,"협회 및 단체, 수리 및 기타 개인서비스업 > 인적용역 > 기타자영업 > 소프트웨어 프리랜서","협회 및 단체, 수리 및 기타 개인서비스업",인적용역,인적용역,기타자영업,58211+ | 58212+ | 58219+ | 58221+ | 58222+ | 62010+ | 62021+ | 62022+ | 62090+,유선 온라인 게임 소프트웨어 개발 및 공급업 | 모바일 게임 소프트웨어 개발 및 공급업 | 기타 게임 소프트웨어 개발 및 공급업 | 시스템 소프트웨어 개발 및 공급업 | 응용 소프트웨어 개발 및 공급업 | 컴퓨터 프로그래밍 서비스업 | 컴퓨터 시스템 통합 자문 및 구축 서비스업 | 컴퓨터시설 관리업 | 기타 정보 기술 및 컴퓨터 운영 관련 서비스업,,,,,소프트웨어 프리랜서,,,KSIC 11차 (2024),False
940927,관광통역 안내사,"협회 및 단체, 수리 및 기타 개인서비스업 > 인적용역 > 기타자영업 > 관광통역 안내사","협회 및 단체, 수리 및 기타 개인서비스업",인적용역,인적용역,기타자영업,73902+ | 75210+ | 75290+,번역 및 통역 서비스업 | 여행사업 | 기타 여행 보조 및 예약 서비스업,,,,,관광통역 안내사,,,KSIC 11차 (2024),False
940928,어린이 통학버스 기사,"협회 및 단체, 수리 및 기타 개인서비스업 > 인적용역 > 기타자영업 > 어린이 통학버스 기사","협회 및 단체, 수리 및 기타 개인서비스업",인적용역,인적용역,기타자영업,49219+,기타 도시 정기 육상 여객 운송업,,,,어린이통학버스기사(교육시설운영자소유차량),어린이 통학버스 기사,,,KSIC 11차 (2024),False
940929,중고자동차 판매원,"협회 및 단체, 수리 및 기타 개인서비스업 > 인적용역 > 기타자영업 > 중고자동차 판매원","협회 및 단체, 수리 및 기타 개인서비스업",인적용역,인적용역,기타자영업,45120+,중고 자동차 판매업,,,,,중고자동차 판매원,판매,,KSIC 11차 (2024),False
941100,산업 단체,"협회 및 단체, 수리 및 기타 개인 서비스업 > 협회 및 단체 > 산업 및 전문가 단체 > 산업 단체","협회 및 단체, 수리 및 기타 개인 서비스업",협회 및 단체,산업 및 전문가 단체,산업 단체,94110,산업 단체,"동일 분야의 산업에 종사하는 기업 상호간의 이익 증진을 위하여 조 직한 단체를 말한다. 이 단체는 회원용 출판물의 발간, 홍보활동을 수 행할 수 있다.",상공회의소|경영자 단체|무역협회|지역 경제단체|중소기업협동조합 중앙회|농민 단체|대한병원협회,,,상공회의소|경영자 단체|무역협회|지역 경제단체|중소기업협동조합 중앙회|농민 단체|대한병원협회,출판|홍보,,KSIC 11차 (2024),True
941200,전문가 단체,"협회 및 단체, 수리 및 기타 개인 서비스업 > 협회 및 단체 > 산업 및 전문가 단체 > 전문가 단체","협회 및 단체, 수리 및 기타 개인 서비스업",협회 및 단체,산업 및 전문가 단체,전문가 단체,94120,전문가 단체,특정 직업 분야에 종사하는 회원의 이익 향상을 위하여 조직된 단체 기협 타회 를 말한다. 개및 서체 ，,스수|전문가 단체|특정 직업인 단체 업리|대한변호사협회|대한의사협회|전문학회|예술인 단체,,,스수|전문가 단체|특정 직업인 단체 업리|대한변호사협회|대한의사협회|전문학회|예술인 단체,,,KSIC 11차 (2024),True
942000,노동조합,"협회 및 단체, 수리 및 기타 개인 서비스업 > 협회 및 단체 > 노동조합","협회 및 단체, 수리 및 기타 개인 서비스업",협회 및 단체,노동조합,노동조합,94200,노동조합,근로 조건의 유지․개선 및 기타 근로자의 경제적․사회적 지위 향상 을 위하여 피고용자로 구성된 단체를 말한다.,산업별 노동조합|지역 단위 노동조합|전국 단위 노동조합,교육 서비스,,산업별 노동조합|지역 단위 노동조합|전국 단위 노동조합,,,KSIC 11차 (2024),True
949111,불교 단체,"협회 및 단체, 수리 및 기타 개인 서비스업 > 협회 및 단체 > 기타 협회 및 단체 > 종교 단체 > 불교 단체","협회 및 단체, 수리 및 기타 개인 서비스업",협회 및 단체,기타 협회 및 단체,종교 단체,94911,불교 단체,"협회 및 단체, 수리 및 기타 개인 서비스업 불교 계통의 사찰, 포교소 등을 말한다.",,,,불교 단체,수리,,KSIC 11차 (2024),True
949121,기독교 단체,"협회 및 단체, 수리 및 기타 개인 서비스업 > 협회 및 단체 > 기타 협회 및 단체 > 종교 단체 > 기독교 단체","협회 및 단체, 수리 및 기타 개인 서비스업",협회 및 단체,기타 협회 및 단체,종교 단체,94912,기독교 단체,기독교 계통의 교회 및 포교소 등을 말한다.,,,,기독교 단체,,,KSIC 11차 (2024),True
949131,천주교 단체,"협회 및 단체, 수리 및 기타 개인 서비스업 > 협회 및 단체 > 기타 협회 및 단체 > 종교 단체 > 천주교 단체","협회 및 단체, 수리 및 기타 개인 서비스업",협회 및 단체,기타 협회 및 단체,종교 단체,94913,천주교 단체,천주교 계통의 성당 및 포교소 등을 말한다.,,,,천주교 단체,,,KSIC 11차 (2024),True
949141,민족 종교 단체,"협회 및 단체, 수리 및 기타 개인 서비스업 > 협회 및 단체 > 기타 협회 및 단체 > 종교 단체 > 민족 종교 단체","협회 및 단체, 수리 및 기타 개인 서비스업",협회 및 단체,기타 협회 및 단체,종교 단체,94914,민족 종교 단체,"천도교, 원불교, 증산도 등 한국에서 자생한 종교 단체를 말한다.",,,,민족 종교 단체,,,KSIC 11차 (2024),True
949142,천도교 단체,"협회 및 단체, 수리 및 기타 개인 서비스업 > 협회 및 단체 > 기타 협회 및 단체 > 종교 단체 > 천도교 단체","협회 및 단체, 수리 및 기타 개인 서비스업",협회 및 단체,기타 협회 및 단체,종교 단체,94914,민족 종교 단체,"천도교, 원불교, 증산도 등 한국에서 자생한 종교 단체를 말한다.",,,천도교,천도교 단체,,,KSIC 11차 (2024),True
949143,원불교 단체,"협회 및 단체, 수리 및 기타 개인 서비스업 > 협회 및 단체 > 기타 협회 및 단체 > 종교 단체 > 원불교 단체","협회 및 단체, 수리 및 기타 개인 서비스업",협회 및 단체,기타 협회 및 단체,종교 단체,94914,민족 종교 단체,"천도교, 원불교, 증산도 등 한국에서 자생한 종교 단체를 말한다.",,,원불교,원불교 단체,,,KSIC 11차 (2024),True
949190,기타 종교 단체,"협회 및 단체, 수리 및 기타 개인 서비스업 > 협회 및 단체 > 기타 협회 및 단체 > 종교 단체 > 기타 종교 단체","협회 및 단체, 수리 및 기타 개인 서비스업",협회 및 단체,기타 협회 및 단체,종교 단체,94919,기타 종교 단체,"기타 종교 단체로서 유교, 회교 등을 포함한다.",,,,기타 종교 단체,,,KSIC 11차 (2024),True
949191,유교 단체,"협회 및 단체, 수리 및 기타 개인 서비스업 > 협회 및 단체 > 기타 협회 및 단체 > 종교 단체 > 유교 단체","협회 및 단체, 수리 및 기타 개인 서비스업",협회 및 단체,기타 협회 및 단체,종교 단체,94919,기타 종교 단체,"기타 종교 단체로서 유교, 회교 등을 포함한다.",,,유교,유교 단체,,,KSIC 11차 (2024),True
949200,정치 단체,"협회 및 단체, 수리 및 기타 개인 서비스업 > 협회 및 단체 > 기타 협회 및 단체 > 정치 단체","협회 및 단체, 수리 및 기타 개인 서비스업",협회 및 단체,기타 협회 및 단체,정치 단체,94920,정치 단체,정당 및 기타 정치 단체를 말한다.,정당|정치인 후원 단체|선거운동 관련 단체,,,정당|정치인 후원 단체|선거운동 관련 단체,,,KSIC 11차 (2024),True
949311,환경운동 단체,"협회 및 단체, 수리 및 기타 개인 서비스업 > 협회 및 단체 > 기타 협회 및 단체 > 시민운동 단체 > 환경운동 단체","협회 및 단체, 수리 및 기타 개인 서비스업",협회 및 단체,기타 협회 및 단체,시민운동 단체,94931,환경운동 단체,업리 환경 및 야생물의 보호 및 보존에 종사하는 단체를 말한다.,동물 보호 단체|자연 보호 단체|환경 운동 단체,,,동물 보호 단체|자연 보호 단체|환경 운동 단체,,,KSIC 11차 (2024),True
949390,기타 시민운동 단체,"협회 및 단체, 수리 및 기타 개인 서비스업 > 협회 및 단체 > 기타 협회 및 단체 > 시민운동 단체 > 기타 시민운동 단체","협회 및 단체, 수리 및 기타 개인 서비스업",협회 및 단체,기타 협회 및 단체,시민운동 단체,94939,기타 시민운동 단체,특정 사회․정치적 대의를 옹호하는 기타 시민운동 단체를 말한다.,인권 옹호 단체|납세자 옹호 단체|평화 옹호 단체|약물 남용 예방 옹호 단체|소비자 보호 단체,,,인권 옹호 단체|납세자 옹호 단체|평화 옹호 단체|약물 남용 예방 옹호 단체|소비자 보호 단체,,,KSIC 11차 (2024),True
949900,그 외 기타 협회 및 단체,"협회 및 단체, 수리 및 기타 개인 서비스업 > 협회 및 단체 > 기타 협회 및 단체 > 그 외 기타 협회 및 단체","협회 및 단체, 수리 및 기타 개인 서비스업",협회 및 단체,기타 협회 및 단체,그 외 기타 협회 및 단체,94990,그 외 기타 협회 및 단체,달리 분류되지 않은 회원 단체를 말한다.,"자선 단체|장학기금 운영 단체|종교적 성격의 기부 단체|재향군인협회|학술 진흥재단|지역 기부금 단체|특수 집단 보호 단체|동창회|청소년 단체(보이 스카우트, 걸 스카우트)|동호인 단체(사진클럽, 원예클럽, 공예클럽, 우표수집가 협회)",,,"자선 단체|장학기금 운영 단체|종교적 성격의 기부 단체|재향군인협회|학술 진흥재단|지역 기부금 단체|특수 집단 보호 단체|동창회|청소년 단체(보이 스카우트, 걸 스카우트)",청소,,KSIC 11차 (2024),True
949901,그 외 기타 협회 및 단체,"협회 및 단체, 수리 및 기타 개인 서비스업 > 협회 및 단체 > 기타 협회 및 단체 > 그 외 기타 협회 및 단체","협회 및 단체, 수리 및 기타 개인 서비스업",협회 및 단체,기타 협회 및 단체,그 외 기타 협회 및 단체,94990,그 외 기타 협회 및 단체,달리 분류되지 않은 회원 단체를 말한다.,"자선 단체|장학기금 운영 단체|종교적 성격의 기부 단체|재향군인협회|학술 진흥재단|지역 기부금 단체|특수 집단 보호 단체|동창회|청소년 단체(보이 스카우트, 걸 스카우트)|동호인 단체(사진클럽, 원예클럽, 공예클럽, 우표수집가 협회)",,입주자대표회의,"자선 단체|장학기금 운영 단체|종교적 성격의 기부 단체|재향군인협회|학술 진흥재단|지역 기부금 단체|특수 집단 보호 단체|동창회|청소년 단체(보이 스카우트, 걸 스카우트)",청소,,KSIC 11차 (2024),True
949902,그 외 기타 협회 및 단체,"협회 및 단체, 수리 및 기타 개인 서비스업 > 협회 및 단체 > 기타 협회 및 단체 > 그 외 기타 협회 및 단체","협회 및 단체, 수리 및 기타 개인 서비스업",협회 및 단체,기타 협회 및 단체,그 외 기타 협회 및 단체,94990,그 외 기타 협회 및 단체,달리 분류되지 않은 회원 단체를 말한다.,"자선 단체|장학기금 운영 단체|종교적 성격의 기부 단체|재향군인협회|학술 진흥재단|지역 기부금 단체|특수 집단 보호 단체|동창회|청소년 단체(보이 스카우트, 걸 스카우트)|동호인 단체(사진클럽, 원예클럽, 공예클럽, 우표수집가 협회)",,종중,"자선 단체|장학기금 운영 단체|종교적 성격의 기부 단체|재향군인협회|학술 진흥재단|지역 기부금 단체|특수 집단 보호 단체|동창회|청소년 단체(보이 스카우트, 걸 스카우트)",청소,,KSIC 11차 (2024),True
950000,그 외 기타 달리 분류되지 않은 개인 서비스업,"협회 및 단체, 수리 및 기타 개인 서비스업 > 기타 개인 서비스업 > 그 외 기타 개인 서비스업 > 그 외 기타 분류 안된 개인 서비스업 > 그 외 기타 달리 분류되지 않은 개인 서비스업","협회 및 단체, 수리 및 기타 개인 서비스업",기타 개인 서비스업,그 외 기타 개인 서비스업,그 외 기타 분류 안된 개인 서비스업,96999,그 외 기타 달리 분류되지 않은 개인 서비스업,달리 분류되지 않은 개인 서비스를 하는 산업활동을 말한다.,구두 닦기|대리 시장 보기|문신 서비스|대리 운전,,가구내 기타 개인 서비스,구두 닦기|대리 시장 보기|문신|대리 운전,,,KSIC 11차 (2024),True
950001,가구 내 고용활동,가구 내 고용활동 및 달리 분류되지 않은 자가 소비 생산활동 > 가구 내 고용활동,가구 내 고용활동 및 달리 분류되지 않은 자가 소비 생산활동,가구 내 고용활동,가구 내 고용활동,가구 내 고용활동,97000,가구 내 고용활동,"요리사, 가정부, 세탁부, 보모, 유모, 개인 비서, 집사, 운전사, 정원 관 리원, 가정교사 등을 고용한 가구의 활동을 말한다.",,"인력을 공급, 감독하는 사업체",,가구 내 고용활동,세탁,,KSIC 11차 (2024),True
950002,보육시설 운영업,보건업 및 사회복지 서비스업 > 사회복지 서비스업 > 비거주 복지시설 운영업 > 보육시설 운영업,보건업 및 사회복지 서비스업,사회복지 서비스업,비거주 복지시설 운영업,보육시설 운영업,87210,보육시설 운영업,보호자로부터 위탁을 받아 유아 및 취학 전 어린이를 보육하는 산업 활동을 말한다.,놀이방|직장 보육시설|탁아시설,아동 교육기관,인가된 경우 제외,놀이방|직장 보육시설|탁아시설,,,KSIC 11차 (2024),True
990010,주한 외국 공관,국제 및 외국기관 > 주한 외국 공관,국제 및 외국기관,국제 및 외국기관,국제 및 외국기관,국제 및 외국기관,99001,주한 외국 공관,"99009 기타 국제 및 외국기관 Other extraterritorial organizations and bodies n.e.c. Ⅲ 분류항목 명칭 및 내용 설명 Titles and Descriptions of Industries 농업, 임업 및 어업 ， A 농업, 임업 및 어업(01 ~ 03) 업 1. 개요 이 대분류에는 농업, 임업, 어업 및 관련 서비스업을 포함한다. 가. 농업 및 관련 서비스업 작물재배업, 축산업, 작물재배 및 축산 복합농업, 작물재배 및 축산관련 서비스업과 수렵 및 수렵관련 서비스업을 포함한다. 1) 작물재배업 노지 또는 특정 시설 내에서 식량작물, 과실, 음료용 및 향신용 작물, 채 소 및 화훼작물, 공예작물 등의 각종 농작물을 재배하여 생산하는 산업활 동을 말한다. 여기에는 임업 이외의 수목 재배활동 및 산림용 이외의 묘 목․종자생산과 버섯재배, 콩나물 재배활동을 포함한다. 2) 축산업 가축, 가금, 꿀벌, 누에 및 기타 육지동물을 각종 목적으로 사육․번식․ 증식하는 산업활동을 말한다. 다만, 운반․경기․실험 등 특정 활동을 수 행하면서 그에 사용되는 동물을 사육하거나, 판매장에서 판매할 동물을 사육 관리하는 경우는 제외한다. 3) 작물재배 및 축산 복합농업 작물 재배활동과 축산활동을 복합적으로 수행하면서 그 중 한편의 전문화 율이 66% 이하인 경우를 말하며 전문화율이 66%를 초과할 경우는 작물 재배업 또는 축산업에 각각 분류한다. 4) 작물재배 및 축산 관련 서비스업 수수료 또는 계약에 의하여 작물재배 및 축산관련 서비스를 주로 제공하 는 산업활동을 말한다. 5) 수렵 및 관련 서비스업 판매를 목적으로 야생의 육지동물, 조류, 뱀, 곤충 등을 사냥, 포획, 채집 하는 산업활동 및 수렵관련 서비스 활동은 포함하나, 스포츠 또는 오락성 의 사냥활동은 제외한다. 나. 임업 및 관련 서비스업 영림, 산림용 종자 및 묘목생산, 벌목 활동과 야생 임산물 채취 및 임업관 련 서비스활동을 말한다. 야생 딸기 및 견과 등과 같은 식용 가능한 야생 식물을 채취하는 활동도 포함한다. 다. 어업 및 관련 서비스업 어로어업, 양식어업 및 어업관련 서비스업을 포함한다. 1) 어로어업 바다, 강, 호수, 하천 등에서 자연적으로 생식되고 있는 수산 동․식물을 포획 또는 채취하는 산업활동을 말한다. 해상에서 고래를 포획하는 활동도 포함한다. 2) 양식어업 해수면이나 내수면에서 인위적으로 수산 동․식물을 증식 또는 양식하는 산업활동을 말한다. 수생 파충류 및 개구리를 양식하는 활동도 포함한다. 3) 어업관련 서비스업 어로어업 또는 양식활동을 직접 수행하지 않고 수수료 또는 계약에 의하 여 어로어업 및 양식어업에 관련된 서비스를 제공하는 산업활동을 말한다. 2. 타산업과 관계 가. 구입한 농ㆍ임ㆍ수산물을 가공하여 특정 제품을 제조하는 경우에는 제조 농업, 임업 및 어업 ， 업으로 분류한다. 임 나. 수수료 또는 계약에 의하여 정원 및 공원의 조경을 위한 정원수 식재 및 어 관리활동은 “74300 조경 관리 및 유지 서비스업”에 분류한다. 다. 농․임․수산업 관련 조합은 각각의 사업 부문별로 그 주된 활동에 따라 분류한다. 라. 농업생산성을 높이기 위한 지도․조언․감독 등의 활동을 수행하는 정부 기관은 “84 공공행정, 국방 및 사회보장 행정”의 적합한 항목에 분류하며, 수수료 및 계약에 의하여 기타 기관에서 농업 경영상담 및 관련서비스를 제공하는 경우는 “71531 경영컨설팅업”에 분류한다. 마. 식물원, 수목원, 휴양림, 동물원, 수족관 운영 활동은 “9023 식물원, 동물원 및 자연공원 운영업”에 분류한다. 바. 수상오락 목적의 낚시장 및 관련시설 운영활동은 “91231 낚시장 운영업” 에 분류한다.",,,,주한 외국 공관,재배|사육|양식|어업|벌목|채취|제조|생산|가공|판매|관리|컨설팅|지도|스포츠|오락,,KSIC 11차 (2024),True
990090,기타 국제 및 외국기관,국제 및 외국기관 > 기타 국제 및 외국기관,국제 및 외국기관,국제 및 외국기관,국제 및 외국기관,국제 및 외국기관,99009,기타 국제 및 외국기관,"기타 국제 및 외국기관을 말한다. Ⅳ 부록(분류 연계표) 1. 신ㆍ구 연계표 2. 구ㆍ신 연계표 3. 개정 세부내용 부 록 분류 연계표 ○ 신 분류와 구 분류 간 비교를 위하여 ‘신ㆍ구 연계표’와 ‘구ㆍ신 연계 표’를 각각 수록하였음 ․ ‘신’ : 한국표준산업분류 제11차 개정[통계청 고시 제2024-2호(2024.01.01.)] ․ ‘구’ : 한국표준산업분류 제10차 개정[통계청 고시 제2017-13호(2017.01.13.)] ○ 본문에 사용한 한글명 ‘한국표준산업분류’, 한글약어 ‘산업분류’, 영문 명 ‘Korean Standard Industrial Classification’, 영문약어 ‘KSIC’ 등 으로 사용하였으며, 이는 모두 동일한 의미를 가지고 있음 ○ 연계표를 읽는 방법은 아래와 같음 신ㆍ구 연계표 구ㆍ신 연계표 - 신분류 오른편에 연계되는 - 구분류 오른편에 연계되는 구분류 코드와 항목명을 기재 신분류 코드와 항목명을 기재 - KSIC-11 : 한국표준산업분류 11차 - KSIC-10 : 한국표준산업분류 10차 개정을 의미 개정을 의미 - ‘비고’의 일반적인 설명 - ‘비고’의 일반적인 설명 ․ 세분 : 신분류(N) ← 구분류(1) ․ 세분 : 구분류(1) → 신분류(N) ․ 통합 : 신분류(1) ← 구분류(2) ․ 통합 : 구분류(2) → 신분류(1) ․ 명칭변경 : 분류명 수정 ․ 명칭변경 : 분류명 수정 ․ 코드변경 : 분류코드 수정 ․ 코드변경 : 분류코드 수정 ․ 해설보완 : <예시> 추가 ․ 해설보완 : <예시> 추가 ․ 공란 : 구분류 포괄범위와 동일 ․ 공란 : 구분류 포괄범위와 동일 * ‘비고’에 대한 자세한 내용은 ‘3. 개정 * ‘비고’에 대한 자세한 내용은 ‘3. 개정 세부내용’을 참고 세부내용’을 참고 신・구 연계표 1. 신ㆍ구 연 계 표 KSIC-11 KSIC-10 비 고 코드 항 목 명 코드 항 목 명 곡물 및 기타 식량작물 재 곡물 및 기타 식량작물 재",,,,기타 국제 및 외국기관,,,KSIC 11차 (2024),True
