KSIC_코드,KSIC_대분류코드,KSIC_대분류명,KSIC_중분류코드,KSIC_중분류명,KSIC_소분류코드,KSIC_소분류명,KSIC_세분류코드,KSIC_세분류명,KSIC_세세분류명,embedding_text
01110,A,"농업, 임업 및 어업",01,농업,011,작물 재배업,0111,곡물 및 기타 식량작물 재배업,곡물 및 기타 식량작물 재배업,"농업, 임업 및 어업 > 농업 > 작물 재배업 > 곡물 및 기타 식량작물 재배업"
01121,A,"농업, 임업 및 어업",01,농업,011,작물 재배업,0112,"채소, 화훼작물 및 종묘 재배업",채소작물 재배업,"농업, 임업 및 어업 > 농업 > 작물 재배업 > 채소, 화훼작물 및 종묘 재배업 > 채소작물 재배업"
01122,A,"농업, 임업 및 어업",01,농업,011,작물 재배업,0112,"채소, 화훼작물 및 종묘 재배업",화훼작물 재배업,"농업, 임업 및 어업 > 농업 > 작물 재배업 > 채소, 화훼작물 및 종묘 재배업 > 화훼작물 재배업"
01123,A,"농업, 임업 및 어업",01,농업,011,작물 재배업,0112,"채소, 화훼작물 및 종묘 재배업",종자 및 묘목 생산업,"농업, 임업 및 어업 > 농업 > 작물 재배업 > 채소, 화훼작물 및 종묘 재배업 > 종자 및 묘목 생산업"
01131,A,"농업, 임업 및 어업",01,농업,011,작물 재배업,0113,"과실, 음료용 및 향신용 작물 재배업",과실작물 재배업,"농업, 임업 및 어업 > 농업 > 작물 재배업 > 과실, 음료용 및 향신용 작물 재배업 > 과실작물 재배업"
01132,A,"농업, 임업 및 어업",01,농업,011,작물 재배업,0113,"과실, 음료용 및 향신용 작물 재배업",음료용 및 향신용 작물 재배업,"농업, 임업 및 어업 > 농업 > 작물 재배업 > 과실, 음료용 및 향신용 작물 재배업 > 음료용 및 향신용 작물 재배업"
01140,A,"농업, 임업 및 어업",01,농업,011,작물 재배업,0114,기타 작물 재배업,기타 작물 재배업,"농업, 임업 및 어업 > 농업 > 작물 재배업 > 기타 작물 재배업"
01151,A,"농업, 임업 및 어업",01,농업,011,작물 재배업,0115,시설작물 재배업,"채소, 화훼 및 과실작물 시설 재배업","농업, 임업 및 어업 > 농업 > 작물 재배업 > 시설작물 재배업 > 채소, 화훼 및 과실작물 시설 재배업"
01159,A,"농업, 임업 및 어업",01,농업,011,작물 재배업,0115,시설작물 재배업,기타 시설작물 재배업,"농업, 임업 및 어업 > 농업 > 작물 재배업 > 시설작물 재배업 > 기타 시설작물 재배업"
01211,A,"농업, 임업 및 어업",01,농업,012,축산업,0121,소 사육업,젖소 사육업,"농업, 임업 및 어업 > 농업 > 축산업 > 소 사육업 > 젖소 사육업"
01212,A,"농업, 임업 및 어업",01,농업,012,축산업,0121,소 사육업,육우 사육업,"농업, 임업 및 어업 > 농업 > 축산업 > 소 사육업 > 육우 사육업"
01220,A,"농업, 임업 및 어업",01,농업,012,축산업,0122,양돈업,양돈업,"농업, 임업 및 어업 > 농업 > 축산업 > 양돈업"
01231,A,"농업, 임업 및 어업",01,농업,012,축산업,0123,가금류 및 조류 사육업,양계업,"농업, 임업 및 어업 > 농업 > 축산업 > 가금류 및 조류 사육업 > 양계업"
01239,A,"농업, 임업 및 어업",01,농업,012,축산업,0123,가금류 및 조류 사육업,기타 가금류 및 조류 사육업,"농업, 임업 및 어업 > 농업 > 축산업 > 가금류 및 조류 사육업 > 기타 가금류 및 조류 사육업"
01291,A,"농업, 임업 및 어업",01,농업,012,축산업,0129,기타 축산업,말 및 양 사육업,"농업, 임업 및 어업 > 농업 > 축산업 > 기타 축산업 > 말 및 양 사육업"
01299,A,"농업, 임업 및 어업",01,농업,012,축산업,0129,기타 축산업,그 외 기타 축산업,"농업, 임업 및 어업 > 농업 > 축산업 > 기타 축산업 > 그 외 기타 축산업"
01300,A,"농업, 임업 및 어업",01,농업,013,작물재배 및 축산 복합농업,0130,작물재배 및 축산 복합농업,작물재배 및 축산 복합농업,"농업, 임업 및 어업 > 농업 > 작물재배 및 축산 복합농업"
01411,A,"농업, 임업 및 어업",01,농업,014,작물재배 및 축산 관련 서비스업,0141,작물재배 관련 서비스업,작물재배 지원 서비스업,"농업, 임업 및 어업 > 농업 > 작물재배 및 축산 관련 서비스업 > 작물재배 관련 서비스업 > 작물재배 지원 서비스업"
01412,A,"농업, 임업 및 어업",01,농업,014,작물재배 및 축산 관련 서비스업,0141,작물재배 관련 서비스업,"농산물 건조, 선별 및 기타 수확 후 서비스업","농업, 임업 및 어업 > 농업 > 작물재배 및 축산 관련 서비스업 > 작물재배 관련 서비스업 > 농산물 건조, 선별 및 기타 수확 후 서비스업"
01420,A,"농업, 임업 및 어업",01,농업,014,작물재배 및 축산 관련 서비스업,0142,축산 관련 서비스업,축산 관련 서비스업,"농업, 임업 및 어업 > 농업 > 작물재배 및 축산 관련 서비스업 > 축산 관련 서비스업"
01500,A,"농업, 임업 및 어업",01,농업,015,수렵 및 관련 서비스업,0150,수렵 및 관련 서비스업,수렵 및 관련 서비스업,"농업, 임업 및 어업 > 농업 > 수렵 및 관련 서비스업"
02011,A,"농업, 임업 및 어업",02,임업,020,임업,0201,영림업,임업용 종묘 생산업,"농업, 임업 및 어업 > 임업 > 영림업 > 임업용 종묘 생산업"
02012,A,"농업, 임업 및 어업",02,임업,020,임업,0201,영림업,육림업,"농업, 임업 및 어업 > 임업 > 영림업 > 육림업"
02020,A,"농업, 임업 및 어업",02,임업,020,임업,0202,벌목업,벌목업,"농업, 임업 및 어업 > 임업 > 벌목업"
02030,A,"농업, 임업 및 어업",02,임업,020,임업,0203,임산물 채취업,임산물 채취업,"농업, 임업 및 어업 > 임업 > 임산물 채취업"
02040,A,"농업, 임업 및 어업",02,임업,020,임업,0204,임업 관련 서비스업,임업 관련 서비스업,"농업, 임업 및 어업 > 임업 > 임업 관련 서비스업"
03111,A,"농업, 임업 및 어업",03,어업,031,어로 어업,0311,해수면 어업,원양 어업,"농업, 임업 및 어업 > 어업 > 어로 어업 > 해수면 어업 > 원양 어업"
03112,A,"농업, 임업 및 어업",03,어업,031,어로 어업,0311,해수면 어업,연근해 어업,"농업, 임업 및 어업 > 어업 > 어로 어업 > 해수면 어업 > 연근해 어업"
03120,A,"농업, 임업 및 어업",03,어업,031,어로 어업,0312,내수면 어업,내수면 어업,"농업, 임업 및 어업 > 어업 > 어로 어업 > 내수면 어업"
03211,A,"농업, 임업 및 어업",03,어업,032,양식어업 및 어업관련 서비스업,0321,양식 어업,해수면 양식 어업,"농업, 임업 및 어업 > 어업 > 양식어업 및 어업관련 서비스업 > 양식 어업 > 해수면 양식 어업"
03212,A,"농업, 임업 및 어업",03,어업,032,양식어업 및 어업관련 서비스업,0321,양식 어업,내수면 양식 어업,"농업, 임업 및 어업 > 어업 > 양식어업 및 어업관련 서비스업 > 양식 어업 > 내수면 양식 어업"
03213,A,"농업, 임업 및 어업",03,어업,032,양식어업 및 어업관련 서비스업,0321,양식 어업,수산물 부화 및 수산 종자 생산업,"농업, 임업 및 어업 > 어업 > 양식어업 및 어업관련 서비스업 > 양식 어업 > 수산물 부화 및 수산 종자 생산업"
03220,A,"농업, 임업 및 어업",03,어업,032,양식어업 및 어업관련 서비스업,0322,어업 관련 서비스업,어업 관련 서비스업,"농업, 임업 및 어업 > 어업 > 양식어업 및 어업관련 서비스업 > 어업 관련 서비스업"
05100,B,광업,05,"석탄, 원유 및 천연가스 광업",051,석탄 광업,0510,석탄 광업,석탄 광업,"광업 > 석탄, 원유 및 천연가스 광업 > 석탄 광업"
05200,B,광업,05,"석탄, 원유 및 천연가스 광업",052,원유 및 천연가스 채굴업,0520,원유 및 천연가스 채굴업,원유 및 천연가스 채굴업,"광업 > 석탄, 원유 및 천연가스 광업 > 원유 및 천연가스 채굴업"
06100,B,광업,06,금속 광업,061,철 광업,0610,철 광업,철 광업,광업 > 금속 광업 > 철 광업
06200,B,광업,06,금속 광업,062,비철금속 광업,0620,비철금속 광업,비철금속 광업,광업 > 금속 광업 > 비철금속 광업
07110,B,광업,07,비금속광물 광업; 연료용 제외,071,토사석 광업,0711,석회석 및 점토 광업,석회석 및 점토 광업,광업 > 비금속광물 광업; 연료용 제외 > 토사석 광업 > 석회석 및 점토 광업
07121,B,광업,07,비금속광물 광업; 연료용 제외,071,토사석 광업,0712,"석재, 쇄석 및 모래, 자갈 채취업",건설용 석재 채굴 및 쇄석 생산업,"광업 > 비금속광물 광업; 연료용 제외 > 토사석 광업 > 석재, 쇄석 및 모래, 자갈 채취업 > 건설용 석재 채굴 및 쇄석 생산업"
07122,B,광업,07,비금속광물 광업; 연료용 제외,071,토사석 광업,0712,"석재, 쇄석 및 모래, 자갈 채취업",모래 및 자갈 채취업,"광업 > 비금속광물 광업; 연료용 제외 > 토사석 광업 > 석재, 쇄석 및 모래, 자갈 채취업 > 모래 및 자갈 채취업"
07210,B,광업,07,비금속광물 광업; 연료용 제외,072,기타 비금속광물 광업,0721,화학용 및 비료 원료용 광물 광업,화학용 및 비료 원료용 광물 광업,광업 > 비금속광물 광업; 연료용 제외 > 기타 비금속광물 광업 > 화학용 및 비료 원료용 광물 광업
07220,B,광업,07,비금속광물 광업; 연료용 제외,072,기타 비금속광물 광업,0722,천일염 생산 및 암염 채취업,천일염 생산 및 암염 채취업,광업 > 비금속광물 광업; 연료용 제외 > 기타 비금속광물 광업 > 천일염 생산 및 암염 채취업
07290,B,광업,07,비금속광물 광업; 연료용 제외,072,기타 비금속광물 광업,0729,그 외 기타 비금속광물 광업,그 외 기타 비금속광물 광업,광업 > 비금속광물 광업; 연료용 제외 > 기타 비금속광물 광업 > 그 외 기타 비금속광물 광업
08000,B,광업,08,광업 지원 서비스업,080,광업 지원 서비스업,0800,광업 지원 서비스업,광업 지원 서비스업,광업 > 광업 지원 서비스업
10111,C,제조업,10,식료품 제조업,101,"도축, 육류 가공 및 저장 처리업",1011,도축업,육류 도축업(가금류 제외),"제조업 > 식료품 제조업 > 도축, 육류 가공 및 저장 처리업 > 도축업 > 육류 도축업(가금류 제외)"
10112,C,제조업,10,식료품 제조업,101,"도축, 육류 가공 및 저장 처리업",1011,도축업,가금류 도축업,"제조업 > 식료품 제조업 > 도축, 육류 가공 및 저장 처리업 > 도축업 > 가금류 도축업"
10121,C,제조업,10,식료품 제조업,101,"도축, 육류 가공 및 저장 처리업",1012,육류 가공 및 저장 처리업,가금류 가공 및 저장 처리업,"제조업 > 식료품 제조업 > 도축, 육류 가공 및 저장 처리업 > 육류 가공 및 저장 처리업 > 가금류 가공 및 저장 처리업"
10122,C,제조업,10,식료품 제조업,101,"도축, 육류 가공 및 저장 처리업",1012,육류 가공 및 저장 처리업,육류 포장육 및 냉동육 가공업(가금류 제외),"제조업 > 식료품 제조업 > 도축, 육류 가공 및 저장 처리업 > 육류 가공 및 저장 처리업 > 육류 포장육 및 냉동육 가공업(가금류 제외)"
10129,C,제조업,10,식료품 제조업,101,"도축, 육류 가공 및 저장 처리업",1012,육류 가공 및 저장 처리업,육류 기타 가공 및 저장 처리업(가금류 제외),"제조업 > 식료품 제조업 > 도축, 육류 가공 및 저장 처리업 > 육류 가공 및 저장 처리업 > 육류 기타 가공 및 저장 처리업(가금류 제외)"
10211,C,제조업,10,식료품 제조업,102,수산물 가공 및 저장 처리업,1021,수산동물 가공 및 저장 처리업,"수산동물 훈제, 조리 및 유사 조제식품 제조업","제조업 > 식료품 제조업 > 수산물 가공 및 저장 처리업 > 수산동물 가공 및 저장 처리업 > 수산동물 훈제, 조리 및 유사 조제식품 제조업"
10212,C,제조업,10,식료품 제조업,102,수산물 가공 및 저장 처리업,1021,수산동물 가공 및 저장 처리업,수산동물 건조 및 염장품 제조업,제조업 > 식료품 제조업 > 수산물 가공 및 저장 처리업 > 수산동물 가공 및 저장 처리업 > 수산동물 건조 및 염장품 제조업
10213,C,제조업,10,식료품 제조업,102,수산물 가공 및 저장 처리업,1021,수산동물 가공 및 저장 처리업,수산동물 냉동품 제조업,제조업 > 식료품 제조업 > 수산물 가공 및 저장 처리업 > 수산동물 가공 및 저장 처리업 > 수산동물 냉동품 제조업
10219,C,제조업,10,식료품 제조업,102,수산물 가공 및 저장 처리업,1021,수산동물 가공 및 저장 처리업,기타 수산동물 가공 및 저장 처리업,제조업 > 식료품 제조업 > 수산물 가공 및 저장 처리업 > 수산동물 가공 및 저장 처리업 > 기타 수산동물 가공 및 저장 처리업
10220,C,제조업,10,식료품 제조업,102,수산물 가공 및 저장 처리업,1022,수산식물 가공 및 저장 처리업,수산식물 가공 및 저장 처리업,제조업 > 식료품 제조업 > 수산물 가공 및 저장 처리업 > 수산식물 가공 및 저장 처리업
10301,C,제조업,10,식료품 제조업,103,"과실, 채소 가공 및 저장 처리업",1030,"과실, 채소 가공 및 저장 처리업",김치류 제조업,"제조업 > 식료품 제조업 > 과실, 채소 가공 및 저장 처리업 > 김치류 제조업"
10302,C,제조업,10,식료품 제조업,103,"과실, 채소 가공 및 저장 처리업",1030,"과실, 채소 가공 및 저장 처리업",과실 및 그 외 채소 절임식품 제조업,"제조업 > 식료품 제조업 > 과실, 채소 가공 및 저장 처리업 > 과실 및 그 외 채소 절임식품 제조업"
10309,C,제조업,10,식료품 제조업,103,"과실, 채소 가공 및 저장 처리업",1030,"과실, 채소 가공 및 저장 처리업",기타 과실ㆍ채소 가공 및 저장 처리업,"제조업 > 식료품 제조업 > 과실, 채소 가공 및 저장 처리업 > 기타 과실ㆍ채소 가공 및 저장 처리업"
10411,C,제조업,10,식료품 제조업,104,동ㆍ식물성 유지 및 낙농제품 제조업,1041,동물성 및 식물성 유지 제조업,동물성 유지 제조업,제조업 > 식료품 제조업 > 동ㆍ식물성 유지 및 낙농제품 제조업 > 동물성 및 식물성 유지 제조업 > 동물성 유지 제조업
10412,C,제조업,10,식료품 제조업,104,동ㆍ식물성 유지 및 낙농제품 제조업,1041,동물성 및 식물성 유지 제조업,식물성 유지 제조업,제조업 > 식료품 제조업 > 동ㆍ식물성 유지 및 낙농제품 제조업 > 동물성 및 식물성 유지 제조업 > 식물성 유지 제조업
10413,C,제조업,10,식료품 제조업,104,동ㆍ식물성 유지 및 낙농제품 제조업,1041,동물성 및 식물성 유지 제조업,식용 정제유 및 가공유 제조업,제조업 > 식료품 제조업 > 동ㆍ식물성 유지 및 낙농제품 제조업 > 동물성 및 식물성 유지 제조업 > 식용 정제유 및 가공유 제조업
10421,C,제조업,10,식료품 제조업,104,동ㆍ식물성 유지 및 낙농제품 제조업,1042,낙농제품 및 식용 빙과류 제조업,액상 시유 및 기타 낙농제품 제조업,제조업 > 식료품 제조업 > 동ㆍ식물성 유지 및 낙농제품 제조업 > 낙농제품 및 식용 빙과류 제조업 > 액상 시유 및 기타 낙농제품 제조업
10422,C,제조업,10,식료품 제조업,104,동ㆍ식물성 유지 및 낙농제품 제조업,1042,낙농제품 및 식용 빙과류 제조업,아이스크림 및 기타 식용 빙과류 제조업,제조업 > 식료품 제조업 > 동ㆍ식물성 유지 및 낙농제품 제조업 > 낙농제품 및 식용 빙과류 제조업 > 아이스크림 및 기타 식용 빙과류 제조업
10511,C,제조업,10,식료품 제조업,105,"곡물 가공품, 전분 및 전분제품 제조업",1051,곡물 가공품 제조업,곡물 도정업,"제조업 > 식료품 제조업 > 곡물 가공품, 전분 및 전분제품 제조업 > 곡물 가공품 제조업 > 곡물 도정업"
10512,C,제조업,10,식료품 제조업,105,"곡물 가공품, 전분 및 전분제품 제조업",1051,곡물 가공품 제조업,곡물 제분업,"제조업 > 식료품 제조업 > 곡물 가공품, 전분 및 전분제품 제조업 > 곡물 가공품 제조업 > 곡물 제분업"
10513,C,제조업,10,식료품 제조업,105,"곡물 가공품, 전분 및 전분제품 제조업",1051,곡물 가공품 제조업,곡물 혼합 분말 및 반죽 제조업,"제조업 > 식료품 제조업 > 곡물 가공품, 전분 및 전분제품 제조업 > 곡물 가공품 제조업 > 곡물 혼합 분말 및 반죽 제조업"
10519,C,제조업,10,식료품 제조업,105,"곡물 가공품, 전분 및 전분제품 제조업",1051,곡물 가공품 제조업,기타 곡물 가공품 제조업,"제조업 > 식료품 제조업 > 곡물 가공품, 전분 및 전분제품 제조업 > 곡물 가공품 제조업 > 기타 곡물 가공품 제조업"
10520,C,제조업,10,식료품 제조업,105,"곡물 가공품, 전분 및 전분제품 제조업",1052,전분제품 및 당류 제조업,전분제품 및 당류 제조업,"제조업 > 식료품 제조업 > 곡물 가공품, 전분 및 전분제품 제조업 > 전분제품 및 당류 제조업"
10601,C,제조업,10,식료품 제조업,106,"떡, 빵 및 과자류 제조업",1060,"떡, 빵 및 과자류 제조업",떡류 제조업,"제조업 > 식료품 제조업 > 떡, 빵 및 과자류 제조업 > 떡류 제조업"
10602,C,제조업,10,식료품 제조업,106,"떡, 빵 및 과자류 제조업",1060,"떡, 빵 및 과자류 제조업",빵류 제조업,"제조업 > 식료품 제조업 > 떡, 빵 및 과자류 제조업 > 빵류 제조업"
10603,C,제조업,10,식료품 제조업,106,"떡, 빵 및 과자류 제조업",1060,"떡, 빵 및 과자류 제조업",과자류 및 코코아 제품 제조업,"제조업 > 식료품 제조업 > 떡, 빵 및 과자류 제조업 > 과자류 및 코코아 제품 제조업"
10701,C,제조업,10,식료품 제조업,107,도시락 및 식사용 조리식품 제조업,1070,도시락 및 식사용 조리식품 제조업,도시락류 제조업,제조업 > 식료품 제조업 > 도시락 및 식사용 조리식품 제조업 > 도시락류 제조업
10709,C,제조업,10,식료품 제조업,107,도시락 및 식사용 조리식품 제조업,1070,도시락 및 식사용 조리식품 제조업,기타 식사용 가공처리 조리식품 제조업,제조업 > 식료품 제조업 > 도시락 및 식사용 조리식품 제조업 > 기타 식사용 가공처리 조리식품 제조업
10810,C,제조업,10,식료품 제조업,108,기타 식품 제조업,1081,설탕 제조업,설탕 제조업,제조업 > 식료품 제조업 > 기타 식품 제조업 > 설탕 제조업
10820,C,제조업,10,식료품 제조업,108,기타 식품 제조업,1082,"면류, 마카로니 및 유사 식품 제조업","면류, 마카로니 및 유사 식품 제조업","제조업 > 식료품 제조업 > 기타 식품 제조업 > 면류, 마카로니 및 유사 식품 제조업"
10831,C,제조업,10,식료품 제조업,108,기타 식품 제조업,1083,조미료 및 식품 첨가물 제조업,"식초, 발효 및 화학 조미료 제조업","제조업 > 식료품 제조업 > 기타 식품 제조업 > 조미료 및 식품 첨가물 제조업 > 식초, 발효 및 화학 조미료 제조업"
10832,C,제조업,10,식료품 제조업,108,기타 식품 제조업,1083,조미료 및 식품 첨가물 제조업,천연 및 혼합 조제 조미료 제조업,제조업 > 식료품 제조업 > 기타 식품 제조업 > 조미료 및 식품 첨가물 제조업 > 천연 및 혼합 조제 조미료 제조업
10833,C,제조업,10,식료품 제조업,108,기타 식품 제조업,1083,조미료 및 식품 첨가물 제조업,장류 제조업,제조업 > 식료품 제조업 > 기타 식품 제조업 > 조미료 및 식품 첨가물 제조업 > 장류 제조업
10839,C,제조업,10,식료품 제조업,108,기타 식품 제조업,1083,조미료 및 식품 첨가물 제조업,기타 식품 첨가물 제조업,제조업 > 식료품 제조업 > 기타 식품 제조업 > 조미료 및 식품 첨가물 제조업 > 기타 식품 첨가물 제조업
10891,C,제조업,10,식료품 제조업,108,기타 식품 제조업,1089,기타 식료품 제조업,커피 가공업,제조업 > 식료품 제조업 > 기타 식품 제조업 > 기타 식료품 제조업 > 커피 가공업
10892,C,제조업,10,식료품 제조업,108,기타 식품 제조업,1089,기타 식료품 제조업,차류 가공업,제조업 > 식료품 제조업 > 기타 식품 제조업 > 기타 식료품 제조업 > 차류 가공업
10893,C,제조업,10,식료품 제조업,108,기타 식품 제조업,1089,기타 식료품 제조업,수프 및 균질화식품 제조업,제조업 > 식료품 제조업 > 기타 식품 제조업 > 기타 식료품 제조업 > 수프 및 균질화식품 제조업
10894,C,제조업,10,식료품 제조업,108,기타 식품 제조업,1089,기타 식료품 제조업,두부 및 유사 식품 제조업,제조업 > 식료품 제조업 > 기타 식품 제조업 > 기타 식료품 제조업 > 두부 및 유사 식품 제조업
10895,C,제조업,10,식료품 제조업,108,기타 식품 제조업,1089,기타 식료품 제조업,인삼식품 제조업,제조업 > 식료품 제조업 > 기타 식품 제조업 > 기타 식료품 제조업 > 인삼식품 제조업
10896,C,제조업,10,식료품 제조업,108,기타 식품 제조업,1089,기타 식료품 제조업,건강 보조용 액화식품 제조업,제조업 > 식료품 제조업 > 기타 식품 제조업 > 기타 식료품 제조업 > 건강 보조용 액화식품 제조업
10897,C,제조업,10,식료품 제조업,108,기타 식품 제조업,1089,기타 식료품 제조업,건강 기능식품 제조업,제조업 > 식료품 제조업 > 기타 식품 제조업 > 기타 식료품 제조업 > 건강 기능식품 제조업
10899,C,제조업,10,식료품 제조업,108,기타 식품 제조업,1089,기타 식료품 제조업,그 외 기타 식료품 제조업,제조업 > 식료품 제조업 > 기타 식품 제조업 > 기타 식료품 제조업 > 그 외 기타 식료품 제조업
10901,C,제조업,10,식료품 제조업,109,동물용 사료 및 조제식품 제조업,1090,동물용 사료 및 조제식품 제조업,반려동물용 사료 제조업,제조업 > 식료품 제조업 > 동물용 사료 및 조제식품 제조업 > 반려동물용 사료 제조업
10902,C,제조업,10,식료품 제조업,109,동물용 사료 및 조제식품 제조업,1090,동물용 사료 및 조제식품 제조업,배합사료 제조업,제조업 > 식료품 제조업 > 동물용 사료 및 조제식품 제조업 > 배합사료 제조업
10903,C,제조업,10,식료품 제조업,109,동물용 사료 및 조제식품 제조업,1090,동물용 사료 및 조제식품 제조업,단미사료 및 기타 사료 제조업,제조업 > 식료품 제조업 > 동물용 사료 및 조제식품 제조업 > 단미사료 및 기타 사료 제조업
11111,C,제조업,11,음료 제조업,111,알코올 음료 제조업,1111,발효주 제조업,탁주 및 약주 제조업,제조업 > 음료 제조업 > 알코올 음료 제조업 > 발효주 제조업 > 탁주 및 약주 제조업
11112,C,제조업,11,음료 제조업,111,알코올 음료 제조업,1111,발효주 제조업,맥아 및 맥주 제조업,제조업 > 음료 제조업 > 알코올 음료 제조업 > 발효주 제조업 > 맥아 및 맥주 제조업
11119,C,제조업,11,음료 제조업,111,알코올 음료 제조업,1111,발효주 제조업,기타 발효주 제조업,제조업 > 음료 제조업 > 알코올 음료 제조업 > 발효주 제조업 > 기타 발효주 제조업
11121,C,제조업,11,음료 제조업,111,알코올 음료 제조업,1112,증류주 및 합성주 제조업,주정 제조업,제조업 > 음료 제조업 > 알코올 음료 제조업 > 증류주 및 합성주 제조업 > 주정 제조업
11122,C,제조업,11,음료 제조업,111,알코올 음료 제조업,1112,증류주 및 합성주 제조업,소주 제조업,제조업 > 음료 제조업 > 알코올 음료 제조업 > 증류주 및 합성주 제조업 > 소주 제조업
11129,C,제조업,11,음료 제조업,111,알코올 음료 제조업,1112,증류주 및 합성주 제조업,기타 증류주 및 합성주 제조업,제조업 > 음료 제조업 > 알코올 음료 제조업 > 증류주 및 합성주 제조업 > 기타 증류주 및 합성주 제조업
11201,C,제조업,11,음료 제조업,112,비알코올 음료 및 얼음 제조업,1120,비알코올 음료 및 얼음 제조업,얼음 제조업,제조업 > 음료 제조업 > 비알코올 음료 및 얼음 제조업 > 얼음 제조업
11202,C,제조업,11,음료 제조업,112,비알코올 음료 및 얼음 제조업,1120,비알코올 음료 및 얼음 제조업,생수 생산업,제조업 > 음료 제조업 > 비알코올 음료 및 얼음 제조업 > 생수 생산업
11209,C,제조업,11,음료 제조업,112,비알코올 음료 및 얼음 제조업,1120,비알코올 음료 및 얼음 제조업,기타 비알코올 음료 제조업,제조업 > 음료 제조업 > 비알코올 음료 및 얼음 제조업 > 기타 비알코올 음료 제조업
12000,C,제조업,12,담배 제조업,120,담배 제조업,1200,담배 제조업,담배제품 제조업,제조업 > 담배 제조업 > 담배제품 제조업
13101,C,제조업,13,섬유제품 제조업; 의복 제외,131,방적 및 가공사 제조업,1310,방적 및 가공사 제조업,면 방적업,제조업 > 섬유제품 제조업; 의복 제외 > 방적 및 가공사 제조업 > 면 방적업
13102,C,제조업,13,섬유제품 제조업; 의복 제외,131,방적 및 가공사 제조업,1310,방적 및 가공사 제조업,모 방적업,제조업 > 섬유제품 제조업; 의복 제외 > 방적 및 가공사 제조업 > 모 방적업
13103,C,제조업,13,섬유제품 제조업; 의복 제외,131,방적 및 가공사 제조업,1310,방적 및 가공사 제조업,화학섬유 방적업,제조업 > 섬유제품 제조업; 의복 제외 > 방적 및 가공사 제조업 > 화학섬유 방적업
13104,C,제조업,13,섬유제품 제조업; 의복 제외,131,방적 및 가공사 제조업,1310,방적 및 가공사 제조업,연사 및 가공사 제조업,제조업 > 섬유제품 제조업; 의복 제외 > 방적 및 가공사 제조업 > 연사 및 가공사 제조업
13109,C,제조업,13,섬유제품 제조업; 의복 제외,131,방적 및 가공사 제조업,1310,방적 및 가공사 제조업,기타 방적업,제조업 > 섬유제품 제조업; 의복 제외 > 방적 및 가공사 제조업 > 기타 방적업
13211,C,제조업,13,섬유제품 제조업; 의복 제외,132,직물 직조 및 직물제품 제조업,1321,직물 직조업,면직물 직조업,제조업 > 섬유제품 제조업; 의복 제외 > 직물 직조 및 직물제품 제조업 > 직물 직조업 > 면직물 직조업
13212,C,제조업,13,섬유제품 제조업; 의복 제외,132,직물 직조 및 직물제품 제조업,1321,직물 직조업,모직물 직조업,제조업 > 섬유제품 제조업; 의복 제외 > 직물 직조 및 직물제품 제조업 > 직물 직조업 > 모직물 직조업
13213,C,제조업,13,섬유제품 제조업; 의복 제외,132,직물 직조 및 직물제품 제조업,1321,직물 직조업,화학섬유직물 직조업,제조업 > 섬유제품 제조업; 의복 제외 > 직물 직조 및 직물제품 제조업 > 직물 직조업 > 화학섬유직물 직조업
13219,C,제조업,13,섬유제품 제조업; 의복 제외,132,직물 직조 및 직물제품 제조업,1321,직물 직조업,특수직물 및 기타 직물 직조업,제조업 > 섬유제품 제조업; 의복 제외 > 직물 직조 및 직물제품 제조업 > 직물 직조업 > 특수직물 및 기타 직물 직조업
13221,C,제조업,13,섬유제품 제조업; 의복 제외,132,직물 직조 및 직물제품 제조업,1322,직물제품 제조업,침구 및 관련제품 제조업,제조업 > 섬유제품 제조업; 의복 제외 > 직물 직조 및 직물제품 제조업 > 직물제품 제조업 > 침구 및 관련제품 제조업
13222,C,제조업,13,섬유제품 제조업; 의복 제외,132,직물 직조 및 직물제품 제조업,1322,직물제품 제조업,자수제품 및 자수용 재료 제조업,제조업 > 섬유제품 제조업; 의복 제외 > 직물 직조 및 직물제품 제조업 > 직물제품 제조업 > 자수제품 및 자수용 재료 제조업
13223,C,제조업,13,섬유제품 제조업; 의복 제외,132,직물 직조 및 직물제품 제조업,1322,직물제품 제조업,커튼 및 유사 제품 제조업,제조업 > 섬유제품 제조업; 의복 제외 > 직물 직조 및 직물제품 제조업 > 직물제품 제조업 > 커튼 및 유사 제품 제조업
13224,C,제조업,13,섬유제품 제조업; 의복 제외,132,직물 직조 및 직물제품 제조업,1322,직물제품 제조업,"천막, 텐트 및 유사 제품 제조업","제조업 > 섬유제품 제조업; 의복 제외 > 직물 직조 및 직물제품 제조업 > 직물제품 제조업 > 천막, 텐트 및 유사 제품 제조업"
13225,C,제조업,13,섬유제품 제조업; 의복 제외,132,직물 직조 및 직물제품 제조업,1322,직물제품 제조업,직물포대 제조업,제조업 > 섬유제품 제조업; 의복 제외 > 직물 직조 및 직물제품 제조업 > 직물제품 제조업 > 직물포대 제조업
13229,C,제조업,13,섬유제품 제조업; 의복 제외,132,직물 직조 및 직물제품 제조업,1322,직물제품 제조업,기타 직물제품 제조업,제조업 > 섬유제품 제조업; 의복 제외 > 직물 직조 및 직물제품 제조업 > 직물제품 제조업 > 기타 직물제품 제조업
13300,C,제조업,13,섬유제품 제조업; 의복 제외,133,편조 원단 제조업,1330,편조 원단 제조업,편조 원단 제조업,제조업 > 섬유제품 제조업; 의복 제외 > 편조 원단 제조업
13401,C,제조업,13,섬유제품 제조업; 의복 제외,134,"섬유제품 염색, 정리 및 마무리 가공업",1340,"섬유제품 염색, 정리 및 마무리 가공업",솜 및 실 염색 가공업,"제조업 > 섬유제품 제조업; 의복 제외 > 섬유제품 염색, 정리 및 마무리 가공업 > 솜 및 실 염색 가공업"
13402,C,제조업,13,섬유제품 제조업; 의복 제외,134,"섬유제품 염색, 정리 및 마무리 가공업",1340,"섬유제품 염색, 정리 및 마무리 가공업","직물, 편조 원단 및 의복류 염색 가공업","제조업 > 섬유제품 제조업; 의복 제외 > 섬유제품 염색, 정리 및 마무리 가공업 > 직물, 편조 원단 및 의복류 염색 가공업"
13403,C,제조업,13,섬유제품 제조업; 의복 제외,134,"섬유제품 염색, 정리 및 마무리 가공업",1340,"섬유제품 염색, 정리 및 마무리 가공업",날염 가공업,"제조업 > 섬유제품 제조업; 의복 제외 > 섬유제품 염색, 정리 및 마무리 가공업 > 날염 가공업"
13409,C,제조업,13,섬유제품 제조업; 의복 제외,134,"섬유제품 염색, 정리 및 마무리 가공업",1340,"섬유제품 염색, 정리 및 마무리 가공업",섬유제품 기타 정리 및 마무리 가공업,"제조업 > 섬유제품 제조업; 의복 제외 > 섬유제품 염색, 정리 및 마무리 가공업 > 섬유제품 기타 정리 및 마무리 가공업"
13910,C,제조업,13,섬유제품 제조업; 의복 제외,139,기타 섬유제품 제조업,1391,"카펫, 마루덮개 및 유사 제품 제조업","카펫, 마루덮개 및 유사 제품 제조업","제조업 > 섬유제품 제조업; 의복 제외 > 기타 섬유제품 제조업 > 카펫, 마루덮개 및 유사 제품 제조업"
13921,C,제조업,13,섬유제품 제조업; 의복 제외,139,기타 섬유제품 제조업,1392,"끈, 로프, 망 및 끈 가공품 제조업",끈 및 로프 제조업,"제조업 > 섬유제품 제조업; 의복 제외 > 기타 섬유제품 제조업 > 끈, 로프, 망 및 끈 가공품 제조업 > 끈 및 로프 제조업"
13922,C,제조업,13,섬유제품 제조업; 의복 제외,139,기타 섬유제품 제조업,1392,"끈, 로프, 망 및 끈 가공품 제조업",어망 및 기타 끈 가공품 제조업,"제조업 > 섬유제품 제조업; 의복 제외 > 기타 섬유제품 제조업 > 끈, 로프, 망 및 끈 가공품 제조업 > 어망 및 기타 끈 가공품 제조업"
13991,C,제조업,13,섬유제품 제조업; 의복 제외,139,기타 섬유제품 제조업,1399,그 외 기타 섬유제품 제조업,세폭직물 제조업,제조업 > 섬유제품 제조업; 의복 제외 > 기타 섬유제품 제조업 > 그 외 기타 섬유제품 제조업 > 세폭직물 제조업
13992,C,제조업,13,섬유제품 제조업; 의복 제외,139,기타 섬유제품 제조업,1399,그 외 기타 섬유제품 제조업,부직포 및 펠트 제조업,제조업 > 섬유제품 제조업; 의복 제외 > 기타 섬유제품 제조업 > 그 외 기타 섬유제품 제조업 > 부직포 및 펠트 제조업
13993,C,제조업,13,섬유제품 제조업; 의복 제외,139,기타 섬유제품 제조업,1399,그 외 기타 섬유제품 제조업,특수사 및 코드직물 제조업,제조업 > 섬유제품 제조업; 의복 제외 > 기타 섬유제품 제조업 > 그 외 기타 섬유제품 제조업 > 특수사 및 코드직물 제조업
13994,C,제조업,13,섬유제품 제조업; 의복 제외,139,기타 섬유제품 제조업,1399,그 외 기타 섬유제품 제조업,표면처리 및 적층 직물 제조업,제조업 > 섬유제품 제조업; 의복 제외 > 기타 섬유제품 제조업 > 그 외 기타 섬유제품 제조업 > 표면처리 및 적층 직물 제조업
13999,C,제조업,13,섬유제품 제조업; 의복 제외,139,기타 섬유제품 제조업,1399,그 외 기타 섬유제품 제조업,그 외 기타 분류 안된 섬유제품 제조업,제조업 > 섬유제품 제조업; 의복 제외 > 기타 섬유제품 제조업 > 그 외 기타 섬유제품 제조업 > 그 외 기타 분류 안된 섬유제품 제조업
14111,C,제조업,14,"의복, 의복 액세서리 및 모피제품 제조업",141,봉제의복 제조업,1411,겉옷 제조업,남자용 겉옷 제조업,"제조업 > 의복, 의복 액세서리 및 모피제품 제조업 > 봉제의복 제조업 > 겉옷 제조업 > 남자용 겉옷 제조업"
14112,C,제조업,14,"의복, 의복 액세서리 및 모피제품 제조업",141,봉제의복 제조업,1411,겉옷 제조업,여자용 겉옷 제조업,"제조업 > 의복, 의복 액세서리 및 모피제품 제조업 > 봉제의복 제조업 > 겉옷 제조업 > 여자용 겉옷 제조업"
14120,C,제조업,14,"의복, 의복 액세서리 및 모피제품 제조업",141,봉제의복 제조업,1412,속옷 및 잠옷 제조업,속옷 및 잠옷 제조업,"제조업 > 의복, 의복 액세서리 및 모피제품 제조업 > 봉제의복 제조업 > 속옷 및 잠옷 제조업"
14130,C,제조업,14,"의복, 의복 액세서리 및 모피제품 제조업",141,봉제의복 제조업,1413,한복 제조업,한복 제조업,"제조업 > 의복, 의복 액세서리 및 모피제품 제조업 > 봉제의복 제조업 > 한복 제조업"
14191,C,제조업,14,"의복, 의복 액세서리 및 모피제품 제조업",141,봉제의복 제조업,1419,기타 봉제의복 제조업,셔츠 및 블라우스 제조업,"제조업 > 의복, 의복 액세서리 및 모피제품 제조업 > 봉제의복 제조업 > 기타 봉제의복 제조업 > 셔츠 및 블라우스 제조업"
14192,C,제조업,14,"의복, 의복 액세서리 및 모피제품 제조업",141,봉제의복 제조업,1419,기타 봉제의복 제조업,"근무복, 작업복 및 유사 의복 제조업","제조업 > 의복, 의복 액세서리 및 모피제품 제조업 > 봉제의복 제조업 > 기타 봉제의복 제조업 > 근무복, 작업복 및 유사 의복 제조업"
14193,C,제조업,14,"의복, 의복 액세서리 및 모피제품 제조업",141,봉제의복 제조업,1419,기타 봉제의복 제조업,가죽의복 제조업,"제조업 > 의복, 의복 액세서리 및 모피제품 제조업 > 봉제의복 제조업 > 기타 봉제의복 제조업 > 가죽의복 제조업"
14194,C,제조업,14,"의복, 의복 액세서리 및 모피제품 제조업",141,봉제의복 제조업,1419,기타 봉제의복 제조업,유아용 의복 제조업,"제조업 > 의복, 의복 액세서리 및 모피제품 제조업 > 봉제의복 제조업 > 기타 봉제의복 제조업 > 유아용 의복 제조업"
14199,C,제조업,14,"의복, 의복 액세서리 및 모피제품 제조업",141,봉제의복 제조업,1419,기타 봉제의복 제조업,그 외 기타 봉제의복 제조업,"제조업 > 의복, 의복 액세서리 및 모피제품 제조업 > 봉제의복 제조업 > 기타 봉제의복 제조업 > 그 외 기타 봉제의복 제조업"
14200,C,제조업,14,"의복, 의복 액세서리 및 모피제품 제조업",142,모피제품 제조업,1420,모피제품 제조업,모피제품 제조업,"제조업 > 의복, 의복 액세서리 및 모피제품 제조업 > 모피제품 제조업"
14300,C,제조업,14,"의복, 의복 액세서리 및 모피제품 제조업",143,편조의복 제조업,1430,편조의복 제조업,편조의복 제조업,"제조업 > 의복, 의복 액세서리 및 모피제품 제조업 > 편조의복 제조업"
14411,C,제조업,14,"의복, 의복 액세서리 및 모피제품 제조업",144,의복 액세서리 제조업,1441,편조 의복 액세서리 제조업,스타킹 및 기타양말 제조업,"제조업 > 의복, 의복 액세서리 및 모피제품 제조업 > 의복 액세서리 제조업 > 편조 의복 액세서리 제조업 > 스타킹 및 기타양말 제조업"
14419,C,제조업,14,"의복, 의복 액세서리 및 모피제품 제조업",144,의복 액세서리 제조업,1441,편조 의복 액세서리 제조업,기타 편조 의복 액세서리 제조업,"제조업 > 의복, 의복 액세서리 및 모피제품 제조업 > 의복 액세서리 제조업 > 편조 의복 액세서리 제조업 > 기타 편조 의복 액세서리 제조업"
14491,C,제조업,14,"의복, 의복 액세서리 및 모피제품 제조업",144,의복 액세서리 제조업,1449,기타 의복 액세서리 제조업,모자 제조업,"제조업 > 의복, 의복 액세서리 및 모피제품 제조업 > 의복 액세서리 제조업 > 기타 의복 액세서리 제조업 > 모자 제조업"
14499,C,제조업,14,"의복, 의복 액세서리 및 모피제품 제조업",144,의복 액세서리 제조업,1449,기타 의복 액세서리 제조업,그 외 기타 의복 액세서리 제조업,"제조업 > 의복, 의복 액세서리 및 모피제품 제조업 > 의복 액세서리 제조업 > 기타 의복 액세서리 제조업 > 그 외 기타 의복 액세서리 제조업"
15110,C,제조업,15,"가죽, 가방 및 신발 제조업",151,"가죽, 가방 및 유사 제품 제조업",1511,모피 및 가죽 제조업,모피 및 가죽 제조업,"제조업 > 가죽, 가방 및 신발 제조업 > 가죽, 가방 및 유사 제품 제조업 > 모피 및 가죽 제조업"
15121,C,제조업,15,"가죽, 가방 및 신발 제조업",151,"가죽, 가방 및 유사 제품 제조업",1512,"핸드백, 가방 및 기타 보호용 케이스 제조업",핸드백 및 지갑 제조업,"제조업 > 가죽, 가방 및 신발 제조업 > 가죽, 가방 및 유사 제품 제조업 > 핸드백, 가방 및 기타 보호용 케이스 제조업 > 핸드백 및 지갑 제조업"
15129,C,제조업,15,"가죽, 가방 및 신발 제조업",151,"가죽, 가방 및 유사 제품 제조업",1512,"핸드백, 가방 및 기타 보호용 케이스 제조업",가방 및 기타 보호용 케이스 제조업,"제조업 > 가죽, 가방 및 신발 제조업 > 가죽, 가방 및 유사 제품 제조업 > 핸드백, 가방 및 기타 보호용 케이스 제조업 > 가방 및 기타 보호용 케이스 제조업"
15190,C,제조업,15,"가죽, 가방 및 신발 제조업",151,"가죽, 가방 및 유사 제품 제조업",1519,기타 가죽제품 제조업,기타 가죽제품 제조업,"제조업 > 가죽, 가방 및 신발 제조업 > 가죽, 가방 및 유사 제품 제조업 > 기타 가죽제품 제조업"
15211,C,제조업,15,"가죽, 가방 및 신발 제조업",152,신발 및 신발 부분품 제조업,1521,신발 제조업,구두류 제조업,"제조업 > 가죽, 가방 및 신발 제조업 > 신발 및 신발 부분품 제조업 > 신발 제조업 > 구두류 제조업"
15219,C,제조업,15,"가죽, 가방 및 신발 제조업",152,신발 및 신발 부분품 제조업,1521,신발 제조업,기타 신발 제조업,"제조업 > 가죽, 가방 및 신발 제조업 > 신발 및 신발 부분품 제조업 > 신발 제조업 > 기타 신발 제조업"
15220,C,제조업,15,"가죽, 가방 및 신발 제조업",152,신발 및 신발 부분품 제조업,1522,신발 부분품 제조업,신발 부분품 제조업,"제조업 > 가죽, 가방 및 신발 제조업 > 신발 및 신발 부분품 제조업 > 신발 부분품 제조업"
16101,C,제조업,16,목재 및 나무제품 제조업; 가구 제외,161,제재 및 목재 가공업,1610,제재 및 목재 가공업,일반 제재업,제조업 > 목재 및 나무제품 제조업; 가구 제외 > 제재 및 목재 가공업 > 일반 제재업
16102,C,제조업,16,목재 및 나무제품 제조업; 가구 제외,161,제재 및 목재 가공업,1610,제재 및 목재 가공업,표면 가공목재 및 특정 목적용 제재목 제조업,제조업 > 목재 및 나무제품 제조업; 가구 제외 > 제재 및 목재 가공업 > 표면 가공목재 및 특정 목적용 제재목 제조업
16103,C,제조업,16,목재 및 나무제품 제조업; 가구 제외,161,제재 및 목재 가공업,1610,제재 및 목재 가공업,"목재 보존, 방부처리, 도장 및 유사 처리업","제조업 > 목재 및 나무제품 제조업; 가구 제외 > 제재 및 목재 가공업 > 목재 보존, 방부처리, 도장 및 유사 처리업"
16211,C,제조업,16,목재 및 나무제품 제조업; 가구 제외,162,나무제품 제조업,1621,"박판, 합판 및 강화 목제품 제조업","박판, 합판 및 유사 적층판 제조업","제조업 > 목재 및 나무제품 제조업; 가구 제외 > 나무제품 제조업 > 박판, 합판 및 강화 목제품 제조업 > 박판, 합판 및 유사 적층판 제조업"
16212,C,제조업,16,목재 및 나무제품 제조업; 가구 제외,162,나무제품 제조업,1621,"박판, 합판 및 강화 목제품 제조업",강화 및 재생 목재 제조업,"제조업 > 목재 및 나무제품 제조업; 가구 제외 > 나무제품 제조업 > 박판, 합판 및 강화 목제품 제조업 > 강화 및 재생 목재 제조업"
16221,C,제조업,16,목재 및 나무제품 제조업; 가구 제외,162,나무제품 제조업,1622,건축용 나무제품 제조업,목재 문 및 관련제품 제조업,제조업 > 목재 및 나무제품 제조업; 가구 제외 > 나무제품 제조업 > 건축용 나무제품 제조업 > 목재 문 및 관련제품 제조업
16229,C,제조업,16,목재 및 나무제품 제조업; 가구 제외,162,나무제품 제조업,1622,건축용 나무제품 제조업,기타 건축용 나무제품 제조업,제조업 > 목재 및 나무제품 제조업; 가구 제외 > 나무제품 제조업 > 건축용 나무제품 제조업 > 기타 건축용 나무제품 제조업
16231,C,제조업,16,목재 및 나무제품 제조업; 가구 제외,162,나무제품 제조업,1623,"목재 상자, 드럼 및 적재판 제조업",목재 깔판류 및 기타 적재판 제조업,"제조업 > 목재 및 나무제품 제조업; 가구 제외 > 나무제품 제조업 > 목재 상자, 드럼 및 적재판 제조업 > 목재 깔판류 및 기타 적재판 제조업"
16232,C,제조업,16,목재 및 나무제품 제조업; 가구 제외,162,나무제품 제조업,1623,"목재 상자, 드럼 및 적재판 제조업","목재 포장용 상자, 드럼 및 유사 용기 제조업","제조업 > 목재 및 나무제품 제조업; 가구 제외 > 나무제품 제조업 > 목재 상자, 드럼 및 적재판 제조업 > 목재 포장용 상자, 드럼 및 유사 용기 제조업"
16291,C,제조업,16,목재 및 나무제품 제조업; 가구 제외,162,나무제품 제조업,1629,기타 나무제품 제조업,목재 도구 및 주방용 나무제품 제조업,제조업 > 목재 및 나무제품 제조업; 가구 제외 > 나무제품 제조업 > 기타 나무제품 제조업 > 목재 도구 및 주방용 나무제품 제조업
16292,C,제조업,16,목재 및 나무제품 제조업; 가구 제외,162,나무제품 제조업,1629,기타 나무제품 제조업,장식용 목제품 제조업,제조업 > 목재 및 나무제품 제조업; 가구 제외 > 나무제품 제조업 > 기타 나무제품 제조업 > 장식용 목제품 제조업
16299,C,제조업,16,목재 및 나무제품 제조업; 가구 제외,162,나무제품 제조업,1629,기타 나무제품 제조업,그 외 기타 나무제품 제조업,제조업 > 목재 및 나무제품 제조업; 가구 제외 > 나무제품 제조업 > 기타 나무제품 제조업 > 그 외 기타 나무제품 제조업
16300,C,제조업,16,목재 및 나무제품 제조업; 가구 제외,163,코르크 및 조물 제품 제조업,1630,코르크 및 조물 제품 제조업,코르크 및 조물 제품 제조업,제조업 > 목재 및 나무제품 제조업; 가구 제외 > 코르크 및 조물 제품 제조업
17101,C,제조업,17,"펄프, 종이 및 종이제품 제조업",171,"펄프, 종이 및 판지 제조업",1710,"펄프, 종이 및 판지 제조업",펄프 제조업,"제조업 > 펄프, 종이 및 종이제품 제조업 > 펄프, 종이 및 판지 제조업 > 펄프 제조업"
17102,C,제조업,17,"펄프, 종이 및 종이제품 제조업",171,"펄프, 종이 및 판지 제조업",1710,"펄프, 종이 및 판지 제조업",신문용지 제조업,"제조업 > 펄프, 종이 및 종이제품 제조업 > 펄프, 종이 및 판지 제조업 > 신문용지 제조업"
17103,C,제조업,17,"펄프, 종이 및 종이제품 제조업",171,"펄프, 종이 및 판지 제조업",1710,"펄프, 종이 및 판지 제조업",인쇄용 및 필기용 원지 제조업,"제조업 > 펄프, 종이 및 종이제품 제조업 > 펄프, 종이 및 판지 제조업 > 인쇄용 및 필기용 원지 제조업"
17104,C,제조업,17,"펄프, 종이 및 종이제품 제조업",171,"펄프, 종이 및 판지 제조업",1710,"펄프, 종이 및 판지 제조업",골판지 원지 제조업,"제조업 > 펄프, 종이 및 종이제품 제조업 > 펄프, 종이 및 판지 제조업 > 골판지 원지 제조업"
17105,C,제조업,17,"펄프, 종이 및 종이제품 제조업",171,"펄프, 종이 및 판지 제조업",1710,"펄프, 종이 및 판지 제조업",크라프트지 및 기타 상자용 판지 제조업,"제조업 > 펄프, 종이 및 종이제품 제조업 > 펄프, 종이 및 판지 제조업 > 크라프트지 및 기타 상자용 판지 제조업"
17106,C,제조업,17,"펄프, 종이 및 종이제품 제조업",171,"펄프, 종이 및 판지 제조업",1710,"펄프, 종이 및 판지 제조업",위생용 원지 제조업,"제조업 > 펄프, 종이 및 종이제품 제조업 > 펄프, 종이 및 판지 제조업 > 위생용 원지 제조업"
17109,C,제조업,17,"펄프, 종이 및 종이제품 제조업",171,"펄프, 종이 및 판지 제조업",1710,"펄프, 종이 및 판지 제조업",기타 종이 및 판지 제조업,"제조업 > 펄프, 종이 및 종이제품 제조업 > 펄프, 종이 및 판지 제조업 > 기타 종이 및 판지 제조업"
17211,C,제조업,17,"펄프, 종이 및 종이제품 제조업",172,"골판지, 종이 상자 및 종이 용기 제조업",1721,골판지 및 골판지 가공제품 제조업,골판지 제조업,"제조업 > 펄프, 종이 및 종이제품 제조업 > 골판지, 종이 상자 및 종이 용기 제조업 > 골판지 및 골판지 가공제품 제조업 > 골판지 제조업"
17212,C,제조업,17,"펄프, 종이 및 종이제품 제조업",172,"골판지, 종이 상자 및 종이 용기 제조업",1721,골판지 및 골판지 가공제품 제조업,골판지 상자 및 가공제품 제조업,"제조업 > 펄프, 종이 및 종이제품 제조업 > 골판지, 종이 상자 및 종이 용기 제조업 > 골판지 및 골판지 가공제품 제조업 > 골판지 상자 및 가공제품 제조업"
17221,C,제조업,17,"펄프, 종이 및 종이제품 제조업",172,"골판지, 종이 상자 및 종이 용기 제조업",1722,"종이 포대, 판지 상자 및 종이 용기 제조업",종이 포대 및 가방 제조업,"제조업 > 펄프, 종이 및 종이제품 제조업 > 골판지, 종이 상자 및 종이 용기 제조업 > 종이 포대, 판지 상자 및 종이 용기 제조업 > 종이 포대 및 가방 제조업"
17222,C,제조업,17,"펄프, 종이 및 종이제품 제조업",172,"골판지, 종이 상자 및 종이 용기 제조업",1722,"종이 포대, 판지 상자 및 종이 용기 제조업",판지 상자 및 용기 제조업,"제조업 > 펄프, 종이 및 종이제품 제조업 > 골판지, 종이 상자 및 종이 용기 제조업 > 종이 포대, 판지 상자 및 종이 용기 제조업 > 판지 상자 및 용기 제조업"
17223,C,제조업,17,"펄프, 종이 및 종이제품 제조업",172,"골판지, 종이 상자 및 종이 용기 제조업",1722,"종이 포대, 판지 상자 및 종이 용기 제조업",식품 위생용 종이 상자 및 용기 제조업,"제조업 > 펄프, 종이 및 종이제품 제조업 > 골판지, 종이 상자 및 종이 용기 제조업 > 종이 포대, 판지 상자 및 종이 용기 제조업 > 식품 위생용 종이 상자 및 용기 제조업"
17229,C,제조업,17,"펄프, 종이 및 종이제품 제조업",172,"골판지, 종이 상자 및 종이 용기 제조업",1722,"종이 포대, 판지 상자 및 종이 용기 제조업",기타 종이 상자 및 용기 제조업,"제조업 > 펄프, 종이 및 종이제품 제조업 > 골판지, 종이 상자 및 종이 용기 제조업 > 종이 포대, 판지 상자 및 종이 용기 제조업 > 기타 종이 상자 및 용기 제조업"
17901,C,제조업,17,"펄프, 종이 및 종이제품 제조업",179,기타 종이 및 판지 제품 제조업,1790,기타 종이 및 판지 제품 제조업,문구용 종이제품 제조업,"제조업 > 펄프, 종이 및 종이제품 제조업 > 기타 종이 및 판지 제품 제조업 > 문구용 종이제품 제조업"
17902,C,제조업,17,"펄프, 종이 및 종이제품 제조업",179,기타 종이 및 판지 제품 제조업,1790,기타 종이 및 판지 제품 제조업,위생용 종이제품 제조업,"제조업 > 펄프, 종이 및 종이제품 제조업 > 기타 종이 및 판지 제품 제조업 > 위생용 종이제품 제조업"
17903,C,제조업,17,"펄프, 종이 및 종이제품 제조업",179,기타 종이 및 판지 제품 제조업,1790,기타 종이 및 판지 제품 제조업,벽지 및 장판지 제조업,"제조업 > 펄프, 종이 및 종이제품 제조업 > 기타 종이 및 판지 제품 제조업 > 벽지 및 장판지 제조업"
17904,C,제조업,17,"펄프, 종이 및 종이제품 제조업",179,기타 종이 및 판지 제품 제조업,1790,기타 종이 및 판지 제품 제조업,"적층, 합성 및 특수 표면처리 종이 제조업","제조업 > 펄프, 종이 및 종이제품 제조업 > 기타 종이 및 판지 제품 제조업 > 적층, 합성 및 특수 표면처리 종이 제조업"
17909,C,제조업,17,"펄프, 종이 및 종이제품 제조업",179,기타 종이 및 판지 제품 제조업,1790,기타 종이 및 판지 제품 제조업,그 외 기타 종이 및 판지 제품 제조업,"제조업 > 펄프, 종이 및 종이제품 제조업 > 기타 종이 및 판지 제품 제조업 > 그 외 기타 종이 및 판지 제품 제조업"
18111,C,제조업,18,인쇄 및 기록매체 복제업,181,인쇄 및 인쇄관련 산업,1811,인쇄업,경 인쇄업,제조업 > 인쇄 및 기록매체 복제업 > 인쇄 및 인쇄관련 산업 > 인쇄업 > 경 인쇄업
18112,C,제조업,18,인쇄 및 기록매체 복제업,181,인쇄 및 인쇄관련 산업,1811,인쇄업,스크린 인쇄업,제조업 > 인쇄 및 기록매체 복제업 > 인쇄 및 인쇄관련 산업 > 인쇄업 > 스크린 인쇄업
18113,C,제조업,18,인쇄 및 기록매체 복제업,181,인쇄 및 인쇄관련 산업,1811,인쇄업,오프셋 인쇄업,제조업 > 인쇄 및 기록매체 복제업 > 인쇄 및 인쇄관련 산업 > 인쇄업 > 오프셋 인쇄업
18119,C,제조업,18,인쇄 및 기록매체 복제업,181,인쇄 및 인쇄관련 산업,1811,인쇄업,기타 인쇄업,제조업 > 인쇄 및 기록매체 복제업 > 인쇄 및 인쇄관련 산업 > 인쇄업 > 기타 인쇄업
18121,C,제조업,18,인쇄 및 기록매체 복제업,181,인쇄 및 인쇄관련 산업,1812,인쇄관련 산업,제판 및 조판업,제조업 > 인쇄 및 기록매체 복제업 > 인쇄 및 인쇄관련 산업 > 인쇄관련 산업 > 제판 및 조판업
18122,C,제조업,18,인쇄 및 기록매체 복제업,181,인쇄 및 인쇄관련 산업,1812,인쇄관련 산업,제책업,제조업 > 인쇄 및 기록매체 복제업 > 인쇄 및 인쇄관련 산업 > 인쇄관련 산업 > 제책업
18129,C,제조업,18,인쇄 및 기록매체 복제업,181,인쇄 및 인쇄관련 산업,1812,인쇄관련 산업,기타 인쇄관련 산업,제조업 > 인쇄 및 기록매체 복제업 > 인쇄 및 인쇄관련 산업 > 인쇄관련 산업 > 기타 인쇄관련 산업
18200,C,제조업,18,인쇄 및 기록매체 복제업,182,기록매체 복제업,1820,기록매체 복제업,기록매체 복제업,제조업 > 인쇄 및 기록매체 복제업 > 기록매체 복제업
19100,C,제조업,19,"코크스, 연탄 및 석유정제품 제조업",191,코크스 및 연탄 제조업,1910,코크스 및 연탄 제조업,코크스 및 연탄 제조업,"제조업 > 코크스, 연탄 및 석유정제품 제조업 > 코크스 및 연탄 제조업"
19210,C,제조업,19,"코크스, 연탄 및 석유정제품 제조업",192,석유 정제품 제조업,1921,원유 정제처리업,원유 정제처리업,"제조업 > 코크스, 연탄 및 석유정제품 제조업 > 석유 정제품 제조업 > 원유 정제처리업"
19221,C,제조업,19,"코크스, 연탄 및 석유정제품 제조업",192,석유 정제품 제조업,1922,석유 정제물 재처리업,윤활유 및 그리스 제조업,"제조업 > 코크스, 연탄 및 석유정제품 제조업 > 석유 정제품 제조업 > 석유 정제물 재처리업 > 윤활유 및 그리스 제조업"
19229,C,제조업,19,"코크스, 연탄 및 석유정제품 제조업",192,석유 정제품 제조업,1922,석유 정제물 재처리업,기타 석유 정제물 재처리업,"제조업 > 코크스, 연탄 및 석유정제품 제조업 > 석유 정제품 제조업 > 석유 정제물 재처리업 > 기타 석유 정제물 재처리업"
20111,C,제조업,20,화학물질 및 화학제품 제조업; 의약품 제외,201,기초 화학물질 제조업,2011,기초 유기화학 물질 제조업,석유화학계 기초 화학 물질 제조업,제조업 > 화학물질 및 화학제품 제조업; 의약품 제외 > 기초 화학물질 제조업 > 기초 유기화학 물질 제조업 > 석유화학계 기초 화학 물질 제조업
20112,C,제조업,20,화학물질 및 화학제품 제조업; 의약품 제외,201,기초 화학물질 제조업,2011,기초 유기화학 물질 제조업,바이오매스계 기초 화학물질 제조업,제조업 > 화학물질 및 화학제품 제조업; 의약품 제외 > 기초 화학물질 제조업 > 기초 유기화학 물질 제조업 > 바이오매스계 기초 화학물질 제조업
20119,C,제조업,20,화학물질 및 화학제품 제조업; 의약품 제외,201,기초 화학물질 제조업,2011,기초 유기화학 물질 제조업,기타 기초 유기 화학물질 제조업,제조업 > 화학물질 및 화학제품 제조업; 의약품 제외 > 기초 화학물질 제조업 > 기초 유기화학 물질 제조업 > 기타 기초 유기 화학물질 제조업
20121,C,제조업,20,화학물질 및 화학제품 제조업; 의약품 제외,201,기초 화학물질 제조업,2012,기초 무기화학 물질 제조업,수소 제조업,제조업 > 화학물질 및 화학제품 제조업; 의약품 제외 > 기초 화학물질 제조업 > 기초 무기화학 물질 제조업 > 수소 제조업
20122,C,제조업,20,화학물질 및 화학제품 제조업; 의약품 제외,201,기초 화학물질 제조업,2012,기초 무기화학 물질 제조업,"산소, 질소 및 기타 산업용 가스 제조업","제조업 > 화학물질 및 화학제품 제조업; 의약품 제외 > 기초 화학물질 제조업 > 기초 무기화학 물질 제조업 > 산소, 질소 및 기타 산업용 가스 제조업"
20129,C,제조업,20,화학물질 및 화학제품 제조업; 의약품 제외,201,기초 화학물질 제조업,2012,기초 무기화학 물질 제조업,기타 기초 무기화학 물질 제조업,제조업 > 화학물질 및 화학제품 제조업; 의약품 제외 > 기초 화학물질 제조업 > 기초 무기화학 물질 제조업 > 기타 기초 무기화학 물질 제조업
20131,C,제조업,20,화학물질 및 화학제품 제조업; 의약품 제외,201,기초 화학물질 제조업,2013,"무기 안료, 염료, 유연제 및 기타 착색제 제조업",무기 안료용 금속 산화물 및 관련 제품 제조업,"제조업 > 화학물질 및 화학제품 제조업; 의약품 제외 > 기초 화학물질 제조업 > 무기 안료, 염료, 유연제 및 기타 착색제 제조업 > 무기 안료용 금속 산화물 및 관련 제품 제조업"
20132,C,제조업,20,화학물질 및 화학제품 제조업; 의약품 제외,201,기초 화학물질 제조업,2013,"무기 안료, 염료, 유연제 및 기타 착색제 제조업","염료, 조제 무기 안료, 유연제 및 기타 착색제 제조업","제조업 > 화학물질 및 화학제품 제조업; 의약품 제외 > 기초 화학물질 제조업 > 무기 안료, 염료, 유연제 및 기타 착색제 제조업 > 염료, 조제 무기 안료, 유연제 및 기타 착색제 제조업"
20201,C,제조업,20,화학물질 및 화학제품 제조업; 의약품 제외,202,합성고무 및 플라스틱 물질 제조업,2020,합성고무 및 플라스틱 물질 제조업,합성고무 제조업,제조업 > 화학물질 및 화학제품 제조업; 의약품 제외 > 합성고무 및 플라스틱 물질 제조업 > 합성고무 제조업
20202,C,제조업,20,화학물질 및 화학제품 제조업; 의약품 제외,202,합성고무 및 플라스틱 물질 제조업,2020,합성고무 및 플라스틱 물질 제조업,합성수지 및 기타 플라스틱 물질 제조업,제조업 > 화학물질 및 화학제품 제조업; 의약품 제외 > 합성고무 및 플라스틱 물질 제조업 > 합성수지 및 기타 플라스틱 물질 제조업
20203,C,제조업,20,화학물질 및 화학제품 제조업; 의약품 제외,202,합성고무 및 플라스틱 물질 제조업,2020,합성고무 및 플라스틱 물질 제조업,혼성 및 재생 플라스틱 소재 물질 제조업,제조업 > 화학물질 및 화학제품 제조업; 의약품 제외 > 합성고무 및 플라스틱 물질 제조업 > 혼성 및 재생 플라스틱 소재 물질 제조업
20311,C,제조업,20,화학물질 및 화학제품 제조업; 의약품 제외,203,"비료, 농약 및 살균ㆍ살충제 제조업",2031,비료 및 질소 화합물 제조업,"질소 화합물, 질소ㆍ인산 및 칼리질 화학비료 제조업","제조업 > 화학물질 및 화학제품 제조업; 의약품 제외 > 비료, 농약 및 살균ㆍ살충제 제조업 > 비료 및 질소 화합물 제조업 > 질소 화합물, 질소ㆍ인산 및 칼리질 화학비료 제조업"
20312,C,제조업,20,화학물질 및 화학제품 제조업; 의약품 제외,203,"비료, 농약 및 살균ㆍ살충제 제조업",2031,비료 및 질소 화합물 제조업,복합비료 및 기타 화학비료 제조업,"제조업 > 화학물질 및 화학제품 제조업; 의약품 제외 > 비료, 농약 및 살균ㆍ살충제 제조업 > 비료 및 질소 화합물 제조업 > 복합비료 및 기타 화학비료 제조업"
20313,C,제조업,20,화학물질 및 화학제품 제조업; 의약품 제외,203,"비료, 농약 및 살균ㆍ살충제 제조업",2031,비료 및 질소 화합물 제조업,유기질 비료 및 상토 제조업,"제조업 > 화학물질 및 화학제품 제조업; 의약품 제외 > 비료, 농약 및 살균ㆍ살충제 제조업 > 비료 및 질소 화합물 제조업 > 유기질 비료 및 상토 제조업"
20321,C,제조업,20,화학물질 및 화학제품 제조업; 의약품 제외,203,"비료, 농약 및 살균ㆍ살충제 제조업",2032,살균ㆍ살충제 및 농약 제조업,화학 살균ㆍ살충제 및 농업용 약제 제조업,"제조업 > 화학물질 및 화학제품 제조업; 의약품 제외 > 비료, 농약 및 살균ㆍ살충제 제조업 > 살균ㆍ살충제 및 농약 제조업 > 화학 살균ㆍ살충제 및 농업용 약제 제조업"
20322,C,제조업,20,화학물질 및 화학제품 제조업; 의약품 제외,203,"비료, 농약 및 살균ㆍ살충제 제조업",2032,살균ㆍ살충제 및 농약 제조업,생물 살균ㆍ살충제 및 식물보호제 제조업,"제조업 > 화학물질 및 화학제품 제조업; 의약품 제외 > 비료, 농약 및 살균ㆍ살충제 제조업 > 살균ㆍ살충제 및 농약 제조업 > 생물 살균ㆍ살충제 및 식물보호제 제조업"
20411,C,제조업,20,화학물질 및 화학제품 제조업; 의약품 제외,204,기타 화학제품 제조업,2041,"잉크, 페인트, 코팅제 및 유사제품 제조업",일반용 도료 및 관련제품 제조업,"제조업 > 화학물질 및 화학제품 제조업; 의약품 제외 > 기타 화학제품 제조업 > 잉크, 페인트, 코팅제 및 유사제품 제조업 > 일반용 도료 및 관련제품 제조업"
20412,C,제조업,20,화학물질 및 화학제품 제조업; 의약품 제외,204,기타 화학제품 제조업,2041,"잉크, 페인트, 코팅제 및 유사제품 제조업",요업용 도포제 및 관련제품 제조업,"제조업 > 화학물질 및 화학제품 제조업; 의약품 제외 > 기타 화학제품 제조업 > 잉크, 페인트, 코팅제 및 유사제품 제조업 > 요업용 도포제 및 관련제품 제조업"
20413,C,제조업,20,화학물질 및 화학제품 제조업; 의약품 제외,204,기타 화학제품 제조업,2041,"잉크, 페인트, 코팅제 및 유사제품 제조업",인쇄 잉크 및 회화용 물감 제조업,"제조업 > 화학물질 및 화학제품 제조업; 의약품 제외 > 기타 화학제품 제조업 > 잉크, 페인트, 코팅제 및 유사제품 제조업 > 인쇄 잉크 및 회화용 물감 제조업"
20421,C,제조업,20,화학물질 및 화학제품 제조업; 의약품 제외,204,기타 화학제품 제조업,2042,"세제, 화장품 및 광택제 제조업",계면활성제 제조업,"제조업 > 화학물질 및 화학제품 제조업; 의약품 제외 > 기타 화학제품 제조업 > 세제, 화장품 및 광택제 제조업 > 계면활성제 제조업"
20422,C,제조업,20,화학물질 및 화학제품 제조업; 의약품 제외,204,기타 화학제품 제조업,2042,"세제, 화장품 및 광택제 제조업","치약, 비누 및 기타 세제 제조업","제조업 > 화학물질 및 화학제품 제조업; 의약품 제외 > 기타 화학제품 제조업 > 세제, 화장품 및 광택제 제조업 > 치약, 비누 및 기타 세제 제조업"
20423,C,제조업,20,화학물질 및 화학제품 제조업; 의약품 제외,204,기타 화학제품 제조업,2042,"세제, 화장품 및 광택제 제조업",화장품 제조업,"제조업 > 화학물질 및 화학제품 제조업; 의약품 제외 > 기타 화학제품 제조업 > 세제, 화장품 및 광택제 제조업 > 화장품 제조업"
20424,C,제조업,20,화학물질 및 화학제품 제조업; 의약품 제외,204,기타 화학제품 제조업,2042,"세제, 화장품 및 광택제 제조업",표면 광택제 및 실내 가향제 제조업,"제조업 > 화학물질 및 화학제품 제조업; 의약품 제외 > 기타 화학제품 제조업 > 세제, 화장품 및 광택제 제조업 > 표면 광택제 및 실내 가향제 제조업"
20491,C,제조업,20,화학물질 및 화학제품 제조업; 의약품 제외,204,기타 화학제품 제조업,2049,그 외 기타 화학제품 제조업,감광 재료 및 관련 화학제품 제조업,제조업 > 화학물질 및 화학제품 제조업; 의약품 제외 > 기타 화학제품 제조업 > 그 외 기타 화학제품 제조업 > 감광 재료 및 관련 화학제품 제조업
20492,C,제조업,20,화학물질 및 화학제품 제조업; 의약품 제외,204,기타 화학제품 제조업,2049,그 외 기타 화학제품 제조업,가공 및 정제염 제조업,제조업 > 화학물질 및 화학제품 제조업; 의약품 제외 > 기타 화학제품 제조업 > 그 외 기타 화학제품 제조업 > 가공 및 정제염 제조업
20493,C,제조업,20,화학물질 및 화학제품 제조업; 의약품 제외,204,기타 화학제품 제조업,2049,그 외 기타 화학제품 제조업,접착제 및 젤라틴 제조업,제조업 > 화학물질 및 화학제품 제조업; 의약품 제외 > 기타 화학제품 제조업 > 그 외 기타 화학제품 제조업 > 접착제 및 젤라틴 제조업
20494,C,제조업,20,화학물질 및 화학제품 제조업; 의약품 제외,204,기타 화학제품 제조업,2049,그 외 기타 화학제품 제조업,화약 및 불꽃제품 제조업,제조업 > 화학물질 및 화학제품 제조업; 의약품 제외 > 기타 화학제품 제조업 > 그 외 기타 화학제품 제조업 > 화약 및 불꽃제품 제조업
20495,C,제조업,20,화학물질 및 화학제품 제조업; 의약품 제외,204,기타 화학제품 제조업,2049,그 외 기타 화학제품 제조업,바이오 연료 및 혼합물 제조업,제조업 > 화학물질 및 화학제품 제조업; 의약품 제외 > 기타 화학제품 제조업 > 그 외 기타 화학제품 제조업 > 바이오 연료 및 혼합물 제조업
20499,C,제조업,20,화학물질 및 화학제품 제조업; 의약품 제외,204,기타 화학제품 제조업,2049,그 외 기타 화학제품 제조업,그 외 기타 분류 안된 화학제품 제조업,제조업 > 화학물질 및 화학제품 제조업; 의약품 제외 > 기타 화학제품 제조업 > 그 외 기타 화학제품 제조업 > 그 외 기타 분류 안된 화학제품 제조업
20501,C,제조업,20,화학물질 및 화학제품 제조업; 의약품 제외,205,화학섬유 제조업,2050,화학섬유 제조업,합성섬유 제조업,제조업 > 화학물질 및 화학제품 제조업; 의약품 제외 > 화학섬유 제조업 > 합성섬유 제조업
20502,C,제조업,20,화학물질 및 화학제품 제조업; 의약품 제외,205,화학섬유 제조업,2050,화학섬유 제조업,재생 섬유 제조업,제조업 > 화학물질 및 화학제품 제조업; 의약품 제외 > 화학섬유 제조업 > 재생 섬유 제조업
21100,C,제조업,21,의료용 물질 및 의약품 제조업,211,기초 의약 물질 제조업,2110,기초 의약 물질 제조업,기초 의약 물질 제조업,제조업 > 의료용 물질 및 의약품 제조업 > 기초 의약 물질 제조업
21211,C,제조업,21,의료용 물질 및 의약품 제조업,212,의약품 제조업,2121,완제 의약품 제조업,생물 의약품 제조업,제조업 > 의료용 물질 및 의약품 제조업 > 의약품 제조업 > 완제 의약품 제조업 > 생물 의약품 제조업
21212,C,제조업,21,의료용 물질 및 의약품 제조업,212,의약품 제조업,2121,완제 의약품 제조업,합성의약품 및 기타 완제 의약품 제조업,제조업 > 의료용 물질 및 의약품 제조업 > 의약품 제조업 > 완제 의약품 제조업 > 합성의약품 및 기타 완제 의약품 제조업
21220,C,제조업,21,의료용 물질 및 의약품 제조업,212,의약품 제조업,2122,한의약품 제조업,한의약품 제조업,제조업 > 의료용 물질 및 의약품 제조업 > 의약품 제조업 > 한의약품 제조업
21230,C,제조업,21,의료용 물질 및 의약품 제조업,212,의약품 제조업,2123,동물용 의약품 제조업,동물용 의약품 제조업,제조업 > 의료용 물질 및 의약품 제조업 > 의약품 제조업 > 동물용 의약품 제조업
21301,C,제조업,21,의료용 물질 및 의약품 제조업,213,의료용품 및 기타 의약 관련제품 제조업,2130,의료용품 및 기타 의약 관련제품 제조업,체외 진단 시약 제조업,제조업 > 의료용 물질 및 의약품 제조업 > 의료용품 및 기타 의약 관련제품 제조업 > 체외 진단 시약 제조업
21309,C,제조업,21,의료용 물질 및 의약품 제조업,213,의료용품 및 기타 의약 관련제품 제조업,2130,의료용품 및 기타 의약 관련제품 제조업,그 외 기타 의료용품 및 의약 관련제품 제조업,제조업 > 의료용 물질 및 의약품 제조업 > 의료용품 및 기타 의약 관련제품 제조업 > 그 외 기타 의료용품 및 의약 관련제품 제조업
22110,C,제조업,22,고무 및 플라스틱제품 제조업,221,고무제품 제조업,2211,고무 타이어 및 튜브 생산업,고무 타이어 및 튜브 제조업,제조업 > 고무 및 플라스틱제품 제조업 > 고무제품 제조업 > 고무 타이어 및 튜브 생산업 > 고무 타이어 및 튜브 제조업
22191,C,제조업,22,고무 및 플라스틱제품 제조업,221,고무제품 제조업,2219,기타 고무제품 제조업,고무 패킹류 제조업,제조업 > 고무 및 플라스틱제품 제조업 > 고무제품 제조업 > 기타 고무제품 제조업 > 고무 패킹류 제조업
22192,C,제조업,22,고무 및 플라스틱제품 제조업,221,고무제품 제조업,2219,기타 고무제품 제조업,산업용 그 외 비경화 고무제품 제조업,제조업 > 고무 및 플라스틱제품 제조업 > 고무제품 제조업 > 기타 고무제품 제조업 > 산업용 그 외 비경화 고무제품 제조업
22193,C,제조업,22,고무 및 플라스틱제품 제조업,221,고무제품 제조업,2219,기타 고무제품 제조업,고무 의류 및 기타 위생용 비경화 고무제품 제조업,제조업 > 고무 및 플라스틱제품 제조업 > 고무제품 제조업 > 기타 고무제품 제조업 > 고무 의류 및 기타 위생용 비경화 고무제품 제조업
22199,C,제조업,22,고무 및 플라스틱제품 제조업,221,고무제품 제조업,2219,기타 고무제품 제조업,그 외 기타 고무제품 제조업,제조업 > 고무 및 플라스틱제품 제조업 > 고무제품 제조업 > 기타 고무제품 제조업 > 그 외 기타 고무제품 제조업
22211,C,제조업,22,고무 및 플라스틱제품 제조업,222,플라스틱 제품 제조업,2221,1차 플라스틱제품 제조업,"플라스틱 선, 봉, 관 및 호스 제조업","제조업 > 고무 및 플라스틱제품 제조업 > 플라스틱 제품 제조업 > 1차 플라스틱제품 제조업 > 플라스틱 선, 봉, 관 및 호스 제조업"
22212,C,제조업,22,고무 및 플라스틱제품 제조업,222,플라스틱 제품 제조업,2221,1차 플라스틱제품 제조업,플라스틱 필름 제조업,제조업 > 고무 및 플라스틱제품 제조업 > 플라스틱 제품 제조업 > 1차 플라스틱제품 제조업 > 플라스틱 필름 제조업
22213,C,제조업,22,고무 및 플라스틱제품 제조업,222,플라스틱 제품 제조업,2221,1차 플라스틱제품 제조업,플라스틱 시트 및 판 제조업,제조업 > 고무 및 플라스틱제품 제조업 > 플라스틱 제품 제조업 > 1차 플라스틱제품 제조업 > 플라스틱 시트 및 판 제조업
22214,C,제조업,22,고무 및 플라스틱제품 제조업,222,플라스틱 제품 제조업,2221,1차 플라스틱제품 제조업,플라스틱 합성피혁 제조업,제조업 > 고무 및 플라스틱제품 제조업 > 플라스틱 제품 제조업 > 1차 플라스틱제품 제조업 > 플라스틱 합성피혁 제조업
22221,C,제조업,22,고무 및 플라스틱제품 제조업,222,플라스틱 제품 제조업,2222,건축용 플라스틱제품 제조업,벽 및 바닥 피복용 플라스틱 제품 제조업,제조업 > 고무 및 플라스틱제품 제조업 > 플라스틱 제품 제조업 > 건축용 플라스틱제품 제조업 > 벽 및 바닥 피복용 플라스틱 제품 제조업
22222,C,제조업,22,고무 및 플라스틱제품 제조업,222,플라스틱 제품 제조업,2222,건축용 플라스틱제품 제조업,설치용 및 위생용 플라스틱제품 제조업,제조업 > 고무 및 플라스틱제품 제조업 > 플라스틱 제품 제조업 > 건축용 플라스틱제품 제조업 > 설치용 및 위생용 플라스틱제품 제조업
22223,C,제조업,22,고무 및 플라스틱제품 제조업,222,플라스틱 제품 제조업,2222,건축용 플라스틱제품 제조업,플라스틱 창호 제조업,제조업 > 고무 및 플라스틱제품 제조업 > 플라스틱 제품 제조업 > 건축용 플라스틱제품 제조업 > 플라스틱 창호 제조업
22229,C,제조업,22,고무 및 플라스틱제품 제조업,222,플라스틱 제품 제조업,2222,건축용 플라스틱제품 제조업,기타 건축용 플라스틱 조립제품 제조업,제조업 > 고무 및 플라스틱제품 제조업 > 플라스틱 제품 제조업 > 건축용 플라스틱제품 제조업 > 기타 건축용 플라스틱 조립제품 제조업
22231,C,제조업,22,고무 및 플라스틱제품 제조업,222,플라스틱 제품 제조업,2223,포장용 플라스틱제품 제조업,"플라스틱 포대, 봉투 및 유사제품 제조업","제조업 > 고무 및 플라스틱제품 제조업 > 플라스틱 제품 제조업 > 포장용 플라스틱제품 제조업 > 플라스틱 포대, 봉투 및 유사제품 제조업"
22232,C,제조업,22,고무 및 플라스틱제품 제조업,222,플라스틱 제품 제조업,2223,포장용 플라스틱제품 제조업,포장용 플라스틱 성형용기 제조업,제조업 > 고무 및 플라스틱제품 제조업 > 플라스틱 제품 제조업 > 포장용 플라스틱제품 제조업 > 포장용 플라스틱 성형용기 제조업
22241,C,제조업,22,고무 및 플라스틱제품 제조업,222,플라스틱 제품 제조업,2224,기계장비 조립용 플라스틱제품 제조업,운송장비 조립용 플라스틱제품 제조업,제조업 > 고무 및 플라스틱제품 제조업 > 플라스틱 제품 제조업 > 기계장비 조립용 플라스틱제품 제조업 > 운송장비 조립용 플라스틱제품 제조업
22249,C,제조업,22,고무 및 플라스틱제품 제조업,222,플라스틱 제품 제조업,2224,기계장비 조립용 플라스틱제품 제조업,기타 기계ㆍ장비 조립용 플라스틱제품 제조업,제조업 > 고무 및 플라스틱제품 제조업 > 플라스틱 제품 제조업 > 기계장비 조립용 플라스틱제품 제조업 > 기타 기계ㆍ장비 조립용 플라스틱제품 제조업
22251,C,제조업,22,고무 및 플라스틱제품 제조업,222,플라스틱 제품 제조업,2225,플라스틱 발포 성형제품 제조업,폴리스티렌 발포 성형제품 제조업,제조업 > 고무 및 플라스틱제품 제조업 > 플라스틱 제품 제조업 > 플라스틱 발포 성형제품 제조업 > 폴리스티렌 발포 성형제품 제조업
22259,C,제조업,22,고무 및 플라스틱제품 제조업,222,플라스틱 제품 제조업,2225,플라스틱 발포 성형제품 제조업,기타 플라스틱 발포 성형제품 제조업,제조업 > 고무 및 플라스틱제품 제조업 > 플라스틱 제품 제조업 > 플라스틱 발포 성형제품 제조업 > 기타 플라스틱 발포 성형제품 제조업
22291,C,제조업,22,고무 및 플라스틱제품 제조업,222,플라스틱 제품 제조업,2229,기타 플라스틱 제품 제조업,플라스틱 접착처리 제품 제조업,제조업 > 고무 및 플라스틱제품 제조업 > 플라스틱 제품 제조업 > 기타 플라스틱 제품 제조업 > 플라스틱 접착처리 제품 제조업
22292,C,제조업,22,고무 및 플라스틱제품 제조업,222,플라스틱 제품 제조업,2229,기타 플라스틱 제품 제조업,"플라스틱 적층, 도포 및 기타 표면처리 제품 제조업","제조업 > 고무 및 플라스틱제품 제조업 > 플라스틱 제품 제조업 > 기타 플라스틱 제품 제조업 > 플라스틱 적층, 도포 및 기타 표면처리 제품 제조업"
22299,C,제조업,22,고무 및 플라스틱제품 제조업,222,플라스틱 제품 제조업,2229,기타 플라스틱 제품 제조업,그 외 기타 플라스틱 제품 제조업,제조업 > 고무 및 플라스틱제품 제조업 > 플라스틱 제품 제조업 > 기타 플라스틱 제품 제조업 > 그 외 기타 플라스틱 제품 제조업
23111,C,제조업,23,비금속 광물제품 제조업,231,유리 및 유리제품 제조업,2311,판유리 및 판유리 가공품 제조업,판유리 제조업,제조업 > 비금속 광물제품 제조업 > 유리 및 유리제품 제조업 > 판유리 및 판유리 가공품 제조업 > 판유리 제조업
23112,C,제조업,23,비금속 광물제품 제조업,231,유리 및 유리제품 제조업,2311,판유리 및 판유리 가공품 제조업,안전유리 제조업,제조업 > 비금속 광물제품 제조업 > 유리 및 유리제품 제조업 > 판유리 및 판유리 가공품 제조업 > 안전유리 제조업
23119,C,제조업,23,비금속 광물제품 제조업,231,유리 및 유리제품 제조업,2311,판유리 및 판유리 가공품 제조업,기타 판유리 가공품 제조업,제조업 > 비금속 광물제품 제조업 > 유리 및 유리제품 제조업 > 판유리 및 판유리 가공품 제조업 > 기타 판유리 가공품 제조업
23121,C,제조업,23,비금속 광물제품 제조업,231,유리 및 유리제품 제조업,2312,산업용 유리 제조업,"1차 유리제품, 유리섬유 및 광학용 유리 제조업","제조업 > 비금속 광물제품 제조업 > 유리 및 유리제품 제조업 > 산업용 유리 제조업 > 1차 유리제품, 유리섬유 및 광학용 유리 제조업"
23122,C,제조업,23,비금속 광물제품 제조업,231,유리 및 유리제품 제조업,2312,산업용 유리 제조업,디스플레이 장치용 유리 제조업,제조업 > 비금속 광물제품 제조업 > 유리 및 유리제품 제조업 > 산업용 유리 제조업 > 디스플레이 장치용 유리 제조업
23129,C,제조업,23,비금속 광물제품 제조업,231,유리 및 유리제품 제조업,2312,산업용 유리 제조업,기타 산업용 유리제품 제조업,제조업 > 비금속 광물제품 제조업 > 유리 및 유리제품 제조업 > 산업용 유리 제조업 > 기타 산업용 유리제품 제조업
23191,C,제조업,23,비금속 광물제품 제조업,231,유리 및 유리제품 제조업,2319,기타 유리제품 제조업,가정용 유리제품 제조업,제조업 > 비금속 광물제품 제조업 > 유리 및 유리제품 제조업 > 기타 유리제품 제조업 > 가정용 유리제품 제조업
23192,C,제조업,23,비금속 광물제품 제조업,231,유리 및 유리제품 제조업,2319,기타 유리제품 제조업,포장용 유리용기 제조업,제조업 > 비금속 광물제품 제조업 > 유리 및 유리제품 제조업 > 기타 유리제품 제조업 > 포장용 유리용기 제조업
23199,C,제조업,23,비금속 광물제품 제조업,231,유리 및 유리제품 제조업,2319,기타 유리제품 제조업,그 외 기타 유리제품 제조업,제조업 > 비금속 광물제품 제조업 > 유리 및 유리제품 제조업 > 기타 유리제품 제조업 > 그 외 기타 유리제품 제조업
23211,C,제조업,23,비금속 광물제품 제조업,232,"내화, 비내화 요업제품 제조업",2321,내화 요업제품 제조업,정형 내화 요업제품 제조업,"제조업 > 비금속 광물제품 제조업 > 내화, 비내화 요업제품 제조업 > 내화 요업제품 제조업 > 정형 내화 요업제품 제조업"
23212,C,제조업,23,비금속 광물제품 제조업,232,"내화, 비내화 요업제품 제조업",2321,내화 요업제품 제조업,부정형 내화 요업제품 제조업,"제조업 > 비금속 광물제품 제조업 > 내화, 비내화 요업제품 제조업 > 내화 요업제품 제조업 > 부정형 내화 요업제품 제조업"
23221,C,제조업,23,비금속 광물제품 제조업,232,"내화, 비내화 요업제품 제조업",2322,비내화 일반 도자기 제조업,가정용 및 장식용 도자기 제조업,"제조업 > 비금속 광물제품 제조업 > 내화, 비내화 요업제품 제조업 > 비내화 일반 도자기 제조업 > 가정용 및 장식용 도자기 제조업"
23222,C,제조업,23,비금속 광물제품 제조업,232,"내화, 비내화 요업제품 제조업",2322,비내화 일반 도자기 제조업,위생용 및 산업용 도자기 제조업,"제조업 > 비금속 광물제품 제조업 > 내화, 비내화 요업제품 제조업 > 비내화 일반 도자기 제조업 > 위생용 및 산업용 도자기 제조업"
23229,C,제조업,23,비금속 광물제품 제조업,232,"내화, 비내화 요업제품 제조업",2322,비내화 일반 도자기 제조업,기타 일반 도자기 제조업,"제조업 > 비금속 광물제품 제조업 > 내화, 비내화 요업제품 제조업 > 비내화 일반 도자기 제조업 > 기타 일반 도자기 제조업"
23231,C,제조업,23,비금속 광물제품 제조업,232,"내화, 비내화 요업제품 제조업",2323,건축용 비내화 요업제품 제조업,"점토 벽돌, 블록 및 유사 비내화 요업제품 제조업","제조업 > 비금속 광물제품 제조업 > 내화, 비내화 요업제품 제조업 > 건축용 비내화 요업제품 제조업 > 점토 벽돌, 블록 및 유사 비내화 요업제품 제조업"
23232,C,제조업,23,비금속 광물제품 제조업,232,"내화, 비내화 요업제품 제조업",2323,건축용 비내화 요업제품 제조업,타일 및 유사 비내화 요업제품 제조업,"제조업 > 비금속 광물제품 제조업 > 내화, 비내화 요업제품 제조업 > 건축용 비내화 요업제품 제조업 > 타일 및 유사 비내화 요업제품 제조업"
23239,C,제조업,23,비금속 광물제품 제조업,232,"내화, 비내화 요업제품 제조업",2323,건축용 비내화 요업제품 제조업,기타 건축용 비내화 요업제품 제조업,"제조업 > 비금속 광물제품 제조업 > 내화, 비내화 요업제품 제조업 > 건축용 비내화 요업제품 제조업 > 기타 건축용 비내화 요업제품 제조업"
23311,C,제조업,23,비금속 광물제품 제조업,233,"시멘트, 석회, 플라스터 및 그 제품 제조업",2331,"시멘트, 석회 및 플라스터 제조업",시멘트 제조업,"제조업 > 비금속 광물제품 제조업 > 시멘트, 석회, 플라스터 및 그 제품 제조업 > 시멘트, 석회 및 플라스터 제조업 > 시멘트 제조업"
23312,C,제조업,23,비금속 광물제품 제조업,233,"시멘트, 석회, 플라스터 및 그 제품 제조업",2331,"시멘트, 석회 및 플라스터 제조업",석회 및 플라스터 제조업,"제조업 > 비금속 광물제품 제조업 > 시멘트, 석회, 플라스터 및 그 제품 제조업 > 시멘트, 석회 및 플라스터 제조업 > 석회 및 플라스터 제조업"
23321,C,제조업,23,비금속 광물제품 제조업,233,"시멘트, 석회, 플라스터 및 그 제품 제조업",2332,"콘크리트, 레미콘 및 기타 시멘트, 플라스터 제품 제조업",비내화 모르타르 제조업,"제조업 > 비금속 광물제품 제조업 > 시멘트, 석회, 플라스터 및 그 제품 제조업 > 콘크리트, 레미콘 및 기타 시멘트, 플라스터 제품 제조업 > 비내화 모르타르 제조업"
23322,C,제조업,23,비금속 광물제품 제조업,233,"시멘트, 석회, 플라스터 및 그 제품 제조업",2332,"콘크리트, 레미콘 및 기타 시멘트, 플라스터 제품 제조업",레미콘 제조업,"제조업 > 비금속 광물제품 제조업 > 시멘트, 석회, 플라스터 및 그 제품 제조업 > 콘크리트, 레미콘 및 기타 시멘트, 플라스터 제품 제조업 > 레미콘 제조업"
23323,C,제조업,23,비금속 광물제품 제조업,233,"시멘트, 석회, 플라스터 및 그 제품 제조업",2332,"콘크리트, 레미콘 및 기타 시멘트, 플라스터 제품 제조업",플라스터 혼합제품 제조업,"제조업 > 비금속 광물제품 제조업 > 시멘트, 석회, 플라스터 및 그 제품 제조업 > 콘크리트, 레미콘 및 기타 시멘트, 플라스터 제품 제조업 > 플라스터 혼합제품 제조업"
23324,C,제조업,23,비금속 광물제품 제조업,233,"시멘트, 석회, 플라스터 및 그 제품 제조업",2332,"콘크리트, 레미콘 및 기타 시멘트, 플라스터 제품 제조업","콘크리트 타일, 기와, 벽돌 및 블록 제조업","제조업 > 비금속 광물제품 제조업 > 시멘트, 석회, 플라스터 및 그 제품 제조업 > 콘크리트, 레미콘 및 기타 시멘트, 플라스터 제품 제조업 > 콘크리트 타일, 기와, 벽돌 및 블록 제조업"
23325,C,제조업,23,비금속 광물제품 제조업,233,"시멘트, 석회, 플라스터 및 그 제품 제조업",2332,"콘크리트, 레미콘 및 기타 시멘트, 플라스터 제품 제조업",콘크리트 관 및 기타 구조용 콘크리트제품 제조업,"제조업 > 비금속 광물제품 제조업 > 시멘트, 석회, 플라스터 및 그 제품 제조업 > 콘크리트, 레미콘 및 기타 시멘트, 플라스터 제품 제조업 > 콘크리트 관 및 기타 구조용 콘크리트제품 제조업"
23326,C,제조업,23,비금속 광물제품 제조업,233,"시멘트, 석회, 플라스터 및 그 제품 제조업",2332,"콘크리트, 레미콘 및 기타 시멘트, 플라스터 제품 제조업",인조대리석 제품 제조업,"제조업 > 비금속 광물제품 제조업 > 시멘트, 석회, 플라스터 및 그 제품 제조업 > 콘크리트, 레미콘 및 기타 시멘트, 플라스터 제품 제조업 > 인조대리석 제품 제조업"
23329,C,제조업,23,비금속 광물제품 제조업,233,"시멘트, 석회, 플라스터 및 그 제품 제조업",2332,"콘크리트, 레미콘 및 기타 시멘트, 플라스터 제품 제조업",그 외 기타 콘크리트 제품 및 유사 제품 제조업,"제조업 > 비금속 광물제품 제조업 > 시멘트, 석회, 플라스터 및 그 제품 제조업 > 콘크리트, 레미콘 및 기타 시멘트, 플라스터 제품 제조업 > 그 외 기타 콘크리트 제품 및 유사 제품 제조업"
23911,C,제조업,23,비금속 광물제품 제조업,239,기타 비금속 광물제품 제조업,2391,석제품 제조업,건설용 석제품 제조업,제조업 > 비금속 광물제품 제조업 > 기타 비금속 광물제품 제조업 > 석제품 제조업 > 건설용 석제품 제조업
23919,C,제조업,23,비금속 광물제품 제조업,239,기타 비금속 광물제품 제조업,2391,석제품 제조업,기타 석제품 제조업,제조업 > 비금속 광물제품 제조업 > 기타 비금속 광물제품 제조업 > 석제품 제조업 > 기타 석제품 제조업
23991,C,제조업,23,비금속 광물제품 제조업,239,기타 비금속 광물제품 제조업,2399,그 외 기타 비금속 광물제품 제조업,아스팔트 콘크리트 및 혼합제품 제조업,제조업 > 비금속 광물제품 제조업 > 기타 비금속 광물제품 제조업 > 그 외 기타 비금속 광물제품 제조업 > 아스팔트 콘크리트 및 혼합제품 제조업
23992,C,제조업,23,비금속 광물제품 제조업,239,기타 비금속 광물제품 제조업,2399,그 외 기타 비금속 광물제품 제조업,연마재 제조업,제조업 > 비금속 광물제품 제조업 > 기타 비금속 광물제품 제조업 > 그 외 기타 비금속 광물제품 제조업 > 연마재 제조업
23993,C,제조업,23,비금속 광물제품 제조업,239,기타 비금속 광물제품 제조업,2399,그 외 기타 비금속 광물제품 제조업,비금속광물 분쇄물 생산업,제조업 > 비금속 광물제품 제조업 > 기타 비금속 광물제품 제조업 > 그 외 기타 비금속 광물제품 제조업 > 비금속광물 분쇄물 생산업
23994,C,제조업,23,비금속 광물제품 제조업,239,기타 비금속 광물제품 제조업,2399,그 외 기타 비금속 광물제품 제조업,암면 및 유사 제품 제조업,제조업 > 비금속 광물제품 제조업 > 기타 비금속 광물제품 제조업 > 그 외 기타 비금속 광물제품 제조업 > 암면 및 유사 제품 제조업
23995,C,제조업,23,비금속 광물제품 제조업,239,기타 비금속 광물제품 제조업,2399,그 외 기타 비금속 광물제품 제조업,탄소섬유 제조업,제조업 > 비금속 광물제품 제조업 > 기타 비금속 광물제품 제조업 > 그 외 기타 비금속 광물제품 제조업 > 탄소섬유 제조업
23999,C,제조업,23,비금속 광물제품 제조업,239,기타 비금속 광물제품 제조업,2399,그 외 기타 비금속 광물제품 제조업,그 외 기타 분류 안된 비금속 광물제품 제조업,제조업 > 비금속 광물제품 제조업 > 기타 비금속 광물제품 제조업 > 그 외 기타 비금속 광물제품 제조업 > 그 외 기타 분류 안된 비금속 광물제품 제조업
24111,C,제조업,24,1차 금속 제조업,241,1차 철강 제조업,2411,"제철, 제강 및 합금철 제조업",제철업,"제조업 > 1차 금속 제조업 > 1차 철강 제조업 > 제철, 제강 및 합금철 제조업 > 제철업"
24112,C,제조업,24,1차 금속 제조업,241,1차 철강 제조업,2411,"제철, 제강 및 합금철 제조업",제강업,"제조업 > 1차 금속 제조업 > 1차 철강 제조업 > 제철, 제강 및 합금철 제조업 > 제강업"
24113,C,제조업,24,1차 금속 제조업,241,1차 철강 제조업,2411,"제철, 제강 및 합금철 제조업",합금철 제조업,"제조업 > 1차 금속 제조업 > 1차 철강 제조업 > 제철, 제강 및 합금철 제조업 > 합금철 제조업"
24119,C,제조업,24,1차 금속 제조업,241,1차 철강 제조업,2411,"제철, 제강 및 합금철 제조업",기타 제철 및 제강업,"제조업 > 1차 금속 제조업 > 1차 철강 제조업 > 제철, 제강 및 합금철 제조업 > 기타 제철 및 제강업"
24121,C,제조업,24,1차 금속 제조업,241,1차 철강 제조업,2412,"철강 압연, 압출 및 연신제품 제조업",열간 압연 및 압출제품 제조업,"제조업 > 1차 금속 제조업 > 1차 철강 제조업 > 철강 압연, 압출 및 연신제품 제조업 > 열간 압연 및 압출제품 제조업"
24122,C,제조업,24,1차 금속 제조업,241,1차 철강 제조업,2412,"철강 압연, 압출 및 연신제품 제조업",냉간 압연 및 압출 제품 제조업,"제조업 > 1차 금속 제조업 > 1차 철강 제조업 > 철강 압연, 압출 및 연신제품 제조업 > 냉간 압연 및 압출 제품 제조업"
24123,C,제조업,24,1차 금속 제조업,241,1차 철강 제조업,2412,"철강 압연, 압출 및 연신제품 제조업",철강선 제조업,"제조업 > 1차 금속 제조업 > 1차 철강 제조업 > 철강 압연, 압출 및 연신제품 제조업 > 철강선 제조업"
24131,C,제조업,24,1차 금속 제조업,241,1차 철강 제조업,2413,철강관 제조업,주철관 제조업,제조업 > 1차 금속 제조업 > 1차 철강 제조업 > 철강관 제조업 > 주철관 제조업
24132,C,제조업,24,1차 금속 제조업,241,1차 철강 제조업,2413,철강관 제조업,강관 제조업,제조업 > 1차 금속 제조업 > 1차 철강 제조업 > 철강관 제조업 > 강관 제조업
24133,C,제조업,24,1차 금속 제조업,241,1차 철강 제조업,2413,철강관 제조업,강관 가공품 및 관 연결구류 제조업,제조업 > 1차 금속 제조업 > 1차 철강 제조업 > 철강관 제조업 > 강관 가공품 및 관 연결구류 제조업
24191,C,제조업,24,1차 금속 제조업,241,1차 철강 제조업,2419,기타 1차 철강 제조업,"도금, 착색 및 기타 표면 처리 강재 제조업","제조업 > 1차 금속 제조업 > 1차 철강 제조업 > 기타 1차 철강 제조업 > 도금, 착색 및 기타 표면 처리 강재 제조업"
24199,C,제조업,24,1차 금속 제조업,241,1차 철강 제조업,2419,기타 1차 철강 제조업,그 외 기타 1차 철강 제조업,제조업 > 1차 금속 제조업 > 1차 철강 제조업 > 기타 1차 철강 제조업 > 그 외 기타 1차 철강 제조업
24211,C,제조업,24,1차 금속 제조업,242,1차 비철금속 제조업,2421,"비철금속 제련, 정련 및 합금 제조업","동 제련, 정련 및 합금 제조업","제조업 > 1차 금속 제조업 > 1차 비철금속 제조업 > 비철금속 제련, 정련 및 합금 제조업 > 동 제련, 정련 및 합금 제조업"
24212,C,제조업,24,1차 금속 제조업,242,1차 비철금속 제조업,2421,"비철금속 제련, 정련 및 합금 제조업","알루미늄 제련, 정련 및 합금 제조업","제조업 > 1차 금속 제조업 > 1차 비철금속 제조업 > 비철금속 제련, 정련 및 합금 제조업 > 알루미늄 제련, 정련 및 합금 제조업"
24213,C,제조업,24,1차 금속 제조업,242,1차 비철금속 제조업,2421,"비철금속 제련, 정련 및 합금 제조업","연 및 아연 제련, 정련 및 합금 제조업","제조업 > 1차 금속 제조업 > 1차 비철금속 제조업 > 비철금속 제련, 정련 및 합금 제조업 > 연 및 아연 제련, 정련 및 합금 제조업"
24219,C,제조업,24,1차 금속 제조업,242,1차 비철금속 제조업,2421,"비철금속 제련, 정련 및 합금 제조업","기타 비철금속 제련, 정련 및 합금 제조업","제조업 > 1차 금속 제조업 > 1차 비철금속 제조업 > 비철금속 제련, 정련 및 합금 제조업 > 기타 비철금속 제련, 정련 및 합금 제조업"
24221,C,제조업,24,1차 금속 제조업,242,1차 비철금속 제조업,2422,"비철금속 압연, 압출 및 연신제품 제조업","동 압연, 압출 및 연신제품 제조업","제조업 > 1차 금속 제조업 > 1차 비철금속 제조업 > 비철금속 압연, 압출 및 연신제품 제조업 > 동 압연, 압출 및 연신제품 제조업"
24222,C,제조업,24,1차 금속 제조업,242,1차 비철금속 제조업,2422,"비철금속 압연, 압출 및 연신제품 제조업","알루미늄 압연, 압출 및 연신제품 제조업","제조업 > 1차 금속 제조업 > 1차 비철금속 제조업 > 비철금속 압연, 압출 및 연신제품 제조업 > 알루미늄 압연, 압출 및 연신제품 제조업"
24229,C,제조업,24,1차 금속 제조업,242,1차 비철금속 제조업,2422,"비철금속 압연, 압출 및 연신제품 제조업","기타 비철금속 압연, 압출 및 연신제품 제조업","제조업 > 1차 금속 제조업 > 1차 비철금속 제조업 > 비철금속 압연, 압출 및 연신제품 제조업 > 기타 비철금속 압연, 압출 및 연신제품 제조업"
24290,C,제조업,24,1차 금속 제조업,242,1차 비철금속 제조업,2429,기타 1차 비철금속 제조업,기타 1차 비철금속 제조업,제조업 > 1차 금속 제조업 > 1차 비철금속 제조업 > 기타 1차 비철금속 제조업
24311,C,제조업,24,1차 금속 제조업,243,금속 주조업,2431,철강 주조업,선철 주물 주조업,제조업 > 1차 금속 제조업 > 금속 주조업 > 철강 주조업 > 선철 주물 주조업
24312,C,제조업,24,1차 금속 제조업,243,금속 주조업,2431,철강 주조업,강 주물 주조업,제조업 > 1차 금속 제조업 > 금속 주조업 > 철강 주조업 > 강 주물 주조업
24321,C,제조업,24,1차 금속 제조업,243,금속 주조업,2432,비철금속 주조업,알루미늄 주물 주조업,제조업 > 1차 금속 제조업 > 금속 주조업 > 비철금속 주조업 > 알루미늄 주물 주조업
24329,C,제조업,24,1차 금속 제조업,243,금속 주조업,2432,비철금속 주조업,기타 비철금속 주조업,제조업 > 1차 금속 제조업 > 금속 주조업 > 비철금속 주조업 > 기타 비철금속 주조업
25111,C,제조업,25,금속가공제품 제조업; 기계 및 가구 제외,251,"구조용 금속제품, 탱크 및 증기발생기 제조업",2511,구조용 금속제품 제조업,"금속 문, 창, 셔터 및 관련제품 제조업","제조업 > 금속가공제품 제조업; 기계 및 가구 제외 > 구조용 금속제품, 탱크 및 증기발생기 제조업 > 구조용 금속제품 제조업 > 금속 문, 창, 셔터 및 관련제품 제조업"
25112,C,제조업,25,금속가공제품 제조업; 기계 및 가구 제외,251,"구조용 금속제품, 탱크 및 증기발생기 제조업",2511,구조용 금속제품 제조업,구조용 금속 판제품 및 공작물 제조업,"제조업 > 금속가공제품 제조업; 기계 및 가구 제외 > 구조용 금속제품, 탱크 및 증기발생기 제조업 > 구조용 금속제품 제조업 > 구조용 금속 판제품 및 공작물 제조업"
25113,C,제조업,25,금속가공제품 제조업; 기계 및 가구 제외,251,"구조용 금속제품, 탱크 및 증기발생기 제조업",2511,구조용 금속제품 제조업,육상 금속 골조 구조재 제조업,"제조업 > 금속가공제품 제조업; 기계 및 가구 제외 > 구조용 금속제품, 탱크 및 증기발생기 제조업 > 구조용 금속제품 제조업 > 육상 금속 골조 구조재 제조업"
25114,C,제조업,25,금속가공제품 제조업; 기계 및 가구 제외,251,"구조용 금속제품, 탱크 및 증기발생기 제조업",2511,구조용 금속제품 제조업,수상 금속 골조 구조재 제조업,"제조업 > 금속가공제품 제조업; 기계 및 가구 제외 > 구조용 금속제품, 탱크 및 증기발생기 제조업 > 구조용 금속제품 제조업 > 수상 금속 골조 구조재 제조업"
25119,C,제조업,25,금속가공제품 제조업; 기계 및 가구 제외,251,"구조용 금속제품, 탱크 및 증기발생기 제조업",2511,구조용 금속제품 제조업,기타 구조용 금속제품 제조업,"제조업 > 금속가공제품 제조업; 기계 및 가구 제외 > 구조용 금속제품, 탱크 및 증기발생기 제조업 > 구조용 금속제품 제조업 > 기타 구조용 금속제품 제조업"
25121,C,제조업,25,금속가공제품 제조업; 기계 및 가구 제외,251,"구조용 금속제품, 탱크 및 증기발생기 제조업",2512,"산업용 난방 보일러, 금속탱크 및 유사 용기 제조업",산업용 난방보일러 및 방열기 제조업,"제조업 > 금속가공제품 제조업; 기계 및 가구 제외 > 구조용 금속제품, 탱크 및 증기발생기 제조업 > 산업용 난방 보일러, 금속탱크 및 유사 용기 제조업 > 산업용 난방보일러 및 방열기 제조업"
25122,C,제조업,25,금속가공제품 제조업; 기계 및 가구 제외,251,"구조용 금속제품, 탱크 및 증기발생기 제조업",2512,"산업용 난방 보일러, 금속탱크 및 유사 용기 제조업",금속 탱크 및 저장 용기 제조업,"제조업 > 금속가공제품 제조업; 기계 및 가구 제외 > 구조용 금속제품, 탱크 및 증기발생기 제조업 > 산업용 난방 보일러, 금속탱크 및 유사 용기 제조업 > 금속 탱크 및 저장 용기 제조업"
25123,C,제조업,25,금속가공제품 제조업; 기계 및 가구 제외,251,"구조용 금속제품, 탱크 및 증기발생기 제조업",2512,"산업용 난방 보일러, 금속탱크 및 유사 용기 제조업",압축 및 액화 가스 용기 제조업,"제조업 > 금속가공제품 제조업; 기계 및 가구 제외 > 구조용 금속제품, 탱크 및 증기발생기 제조업 > 산업용 난방 보일러, 금속탱크 및 유사 용기 제조업 > 압축 및 액화 가스 용기 제조업"
25130,C,제조업,25,금속가공제품 제조업; 기계 및 가구 제외,251,"구조용 금속제품, 탱크 및 증기발생기 제조업",2513,핵반응기 및 증기보일러 제조업,핵반응기 및 증기보일러 제조업,"제조업 > 금속가공제품 제조업; 기계 및 가구 제외 > 구조용 금속제품, 탱크 및 증기발생기 제조업 > 핵반응기 및 증기보일러 제조업"
25200,C,제조업,25,금속가공제품 제조업; 기계 및 가구 제외,252,무기 및 총포탄 제조업,2520,무기 및 총포탄 제조업,무기 및 총포탄 제조업,제조업 > 금속가공제품 제조업; 기계 및 가구 제외 > 무기 및 총포탄 제조업
25911,C,제조업,25,금속가공제품 제조업; 기계 및 가구 제외,259,기타 금속 가공제품 제조업,2591,"금속 단조, 압형 및 분말 야금제품 제조업",분말 야금제품 제조업,"제조업 > 금속가공제품 제조업; 기계 및 가구 제외 > 기타 금속 가공제품 제조업 > 금속 단조, 압형 및 분말 야금제품 제조업 > 분말 야금제품 제조업"
25912,C,제조업,25,금속가공제품 제조업; 기계 및 가구 제외,259,기타 금속 가공제품 제조업,2591,"금속 단조, 압형 및 분말 야금제품 제조업",금속 단조제품 제조업,"제조업 > 금속가공제품 제조업; 기계 및 가구 제외 > 기타 금속 가공제품 제조업 > 금속 단조, 압형 및 분말 야금제품 제조업 > 금속 단조제품 제조업"
25913,C,제조업,25,금속가공제품 제조업; 기계 및 가구 제외,259,기타 금속 가공제품 제조업,2591,"금속 단조, 압형 및 분말 야금제품 제조업",자동차용 금속 압형제품 제조업,"제조업 > 금속가공제품 제조업; 기계 및 가구 제외 > 기타 금속 가공제품 제조업 > 금속 단조, 압형 및 분말 야금제품 제조업 > 자동차용 금속 압형제품 제조업"
25914,C,제조업,25,금속가공제품 제조업; 기계 및 가구 제외,259,기타 금속 가공제품 제조업,2591,"금속 단조, 압형 및 분말 야금제품 제조업",그 외 금속 압형제품 제조업,"제조업 > 금속가공제품 제조업; 기계 및 가구 제외 > 기타 금속 가공제품 제조업 > 금속 단조, 압형 및 분말 야금제품 제조업 > 그 외 금속 압형제품 제조업"
25921,C,제조업,25,금속가공제품 제조업; 기계 및 가구 제외,259,기타 금속 가공제품 제조업,2592,"금속 열처리, 도금 및 기타 금속 가공업",금속 열처리업,"제조업 > 금속가공제품 제조업; 기계 및 가구 제외 > 기타 금속 가공제품 제조업 > 금속 열처리, 도금 및 기타 금속 가공업 > 금속 열처리업"
25922,C,제조업,25,금속가공제품 제조업; 기계 및 가구 제외,259,기타 금속 가공제품 제조업,2592,"금속 열처리, 도금 및 기타 금속 가공업",도금업,"제조업 > 금속가공제품 제조업; 기계 및 가구 제외 > 기타 금속 가공제품 제조업 > 금속 열처리, 도금 및 기타 금속 가공업 > 도금업"
25923,C,제조업,25,금속가공제품 제조업; 기계 및 가구 제외,259,기타 금속 가공제품 제조업,2592,"금속 열처리, 도금 및 기타 금속 가공업",도장 및 기타 피막 처리업,"제조업 > 금속가공제품 제조업; 기계 및 가구 제외 > 기타 금속 가공제품 제조업 > 금속 열처리, 도금 및 기타 금속 가공업 > 도장 및 기타 피막 처리업"
25924,C,제조업,25,금속가공제품 제조업; 기계 및 가구 제외,259,기타 금속 가공제품 제조업,2592,"금속 열처리, 도금 및 기타 금속 가공업",절삭 가공 및 유사 처리업,"제조업 > 금속가공제품 제조업; 기계 및 가구 제외 > 기타 금속 가공제품 제조업 > 금속 열처리, 도금 및 기타 금속 가공업 > 절삭 가공 및 유사 처리업"
25929,C,제조업,25,금속가공제품 제조업; 기계 및 가구 제외,259,기타 금속 가공제품 제조업,2592,"금속 열처리, 도금 및 기타 금속 가공업",그 외 기타 금속 가공업,"제조업 > 금속가공제품 제조업; 기계 및 가구 제외 > 기타 금속 가공제품 제조업 > 금속 열처리, 도금 및 기타 금속 가공업 > 그 외 기타 금속 가공업"
25931,C,제조업,25,금속가공제품 제조업; 기계 및 가구 제외,259,기타 금속 가공제품 제조업,2593,"날붙이, 수공구 및 일반 철물 제조업",날붙이 제조업,"제조업 > 금속가공제품 제조업; 기계 및 가구 제외 > 기타 금속 가공제품 제조업 > 날붙이, 수공구 및 일반 철물 제조업 > 날붙이 제조업"
25932,C,제조업,25,금속가공제품 제조업; 기계 및 가구 제외,259,기타 금속 가공제품 제조업,2593,"날붙이, 수공구 및 일반 철물 제조업",일반 철물 제조업,"제조업 > 금속가공제품 제조업; 기계 및 가구 제외 > 기타 금속 가공제품 제조업 > 날붙이, 수공구 및 일반 철물 제조업 > 일반 철물 제조업"
25933,C,제조업,25,금속가공제품 제조업; 기계 및 가구 제외,259,기타 금속 가공제품 제조업,2593,"날붙이, 수공구 및 일반 철물 제조업",비동력식 수공구 제조업,"제조업 > 금속가공제품 제조업; 기계 및 가구 제외 > 기타 금속 가공제품 제조업 > 날붙이, 수공구 및 일반 철물 제조업 > 비동력식 수공구 제조업"
25934,C,제조업,25,금속가공제품 제조업; 기계 및 가구 제외,259,기타 금속 가공제품 제조업,2593,"날붙이, 수공구 및 일반 철물 제조업",톱 및 호환성 공구 제조업,"제조업 > 금속가공제품 제조업; 기계 및 가구 제외 > 기타 금속 가공제품 제조업 > 날붙이, 수공구 및 일반 철물 제조업 > 톱 및 호환성 공구 제조업"
25941,C,제조업,25,금속가공제품 제조업; 기계 및 가구 제외,259,기타 금속 가공제품 제조업,2594,"금속 파스너, 스프링 및 금속선 가공제품 제조업",볼트 및 너트류 제조업,"제조업 > 금속가공제품 제조업; 기계 및 가구 제외 > 기타 금속 가공제품 제조업 > 금속 파스너, 스프링 및 금속선 가공제품 제조업 > 볼트 및 너트류 제조업"
25942,C,제조업,25,금속가공제품 제조업; 기계 및 가구 제외,259,기타 금속 가공제품 제조업,2594,"금속 파스너, 스프링 및 금속선 가공제품 제조업",그 외 금속 파스너 및 나사제품 제조업,"제조업 > 금속가공제품 제조업; 기계 및 가구 제외 > 기타 금속 가공제품 제조업 > 금속 파스너, 스프링 및 금속선 가공제품 제조업 > 그 외 금속 파스너 및 나사제품 제조업"
25943,C,제조업,25,금속가공제품 제조업; 기계 및 가구 제외,259,기타 금속 가공제품 제조업,2594,"금속 파스너, 스프링 및 금속선 가공제품 제조업",금속 스프링 제조업,"제조업 > 금속가공제품 제조업; 기계 및 가구 제외 > 기타 금속 가공제품 제조업 > 금속 파스너, 스프링 및 금속선 가공제품 제조업 > 금속 스프링 제조업"
25944,C,제조업,25,금속가공제품 제조업; 기계 및 가구 제외,259,기타 금속 가공제품 제조업,2594,"금속 파스너, 스프링 및 금속선 가공제품 제조업",금속선 가공제품 제조업,"제조업 > 금속가공제품 제조업; 기계 및 가구 제외 > 기타 금속 가공제품 제조업 > 금속 파스너, 스프링 및 금속선 가공제품 제조업 > 금속선 가공제품 제조업"
25991,C,제조업,25,금속가공제품 제조업; 기계 및 가구 제외,259,기타 금속 가공제품 제조업,2599,그 외 기타 금속 가공제품 제조업,금속 캔 및 기타 포장용기 제조업,제조업 > 금속가공제품 제조업; 기계 및 가구 제외 > 기타 금속 가공제품 제조업 > 그 외 기타 금속 가공제품 제조업 > 금속 캔 및 기타 포장용기 제조업
25992,C,제조업,25,금속가공제품 제조업; 기계 및 가구 제외,259,기타 금속 가공제품 제조업,2599,그 외 기타 금속 가공제품 제조업,수동식 식품 가공 기기 및 금속 주방용기 제조업,제조업 > 금속가공제품 제조업; 기계 및 가구 제외 > 기타 금속 가공제품 제조업 > 그 외 기타 금속 가공제품 제조업 > 수동식 식품 가공 기기 및 금속 주방용기 제조업
25993,C,제조업,25,금속가공제품 제조업; 기계 및 가구 제외,259,기타 금속 가공제품 제조업,2599,그 외 기타 금속 가공제품 제조업,금속 위생용품 제조업,제조업 > 금속가공제품 제조업; 기계 및 가구 제외 > 기타 금속 가공제품 제조업 > 그 외 기타 금속 가공제품 제조업 > 금속 위생용품 제조업
25994,C,제조업,25,금속가공제품 제조업; 기계 및 가구 제외,259,기타 금속 가공제품 제조업,2599,그 외 기타 금속 가공제품 제조업,금속 표시판 제조업,제조업 > 금속가공제품 제조업; 기계 및 가구 제외 > 기타 금속 가공제품 제조업 > 그 외 기타 금속 가공제품 제조업 > 금속 표시판 제조업
25995,C,제조업,25,금속가공제품 제조업; 기계 및 가구 제외,259,기타 금속 가공제품 제조업,2599,그 외 기타 금속 가공제품 제조업,피복 및 충전 용접봉 제조업,제조업 > 금속가공제품 제조업; 기계 및 가구 제외 > 기타 금속 가공제품 제조업 > 그 외 기타 금속 가공제품 제조업 > 피복 및 충전 용접봉 제조업
25999,C,제조업,25,금속가공제품 제조업; 기계 및 가구 제외,259,기타 금속 가공제품 제조업,2599,그 외 기타 금속 가공제품 제조업,그 외 기타 분류 안된 금속 가공제품 제조업,제조업 > 금속가공제품 제조업; 기계 및 가구 제외 > 기타 금속 가공제품 제조업 > 그 외 기타 금속 가공제품 제조업 > 그 외 기타 분류 안된 금속 가공제품 제조업
26111,C,제조업,26,"전자 부품, 컴퓨터, 영상, 음향 및 통신장비 제조업",261,반도체 제조업,2611,전자집적회로 제조업,메모리용 전자집적회로 제조업,"제조업 > 전자 부품, 컴퓨터, 영상, 음향 및 통신장비 제조업 > 반도체 제조업 > 전자집적회로 제조업 > 메모리용 전자집적회로 제조업"
26112,C,제조업,26,"전자 부품, 컴퓨터, 영상, 음향 및 통신장비 제조업",261,반도체 제조업,2611,전자집적회로 제조업,비메모리용 및 기타 전자집적회로 제조업,"제조업 > 전자 부품, 컴퓨터, 영상, 음향 및 통신장비 제조업 > 반도체 제조업 > 전자집적회로 제조업 > 비메모리용 및 기타 전자집적회로 제조업"
26121,C,제조업,26,"전자 부품, 컴퓨터, 영상, 음향 및 통신장비 제조업",261,반도체 제조업,2612,"다이오드, 트랜지스터 및 유사 반도체 소자 제조업",발광 다이오드 제조업,"제조업 > 전자 부품, 컴퓨터, 영상, 음향 및 통신장비 제조업 > 반도체 제조업 > 다이오드, 트랜지스터 및 유사 반도체 소자 제조업 > 발광 다이오드 제조업"
26129,C,제조업,26,"전자 부품, 컴퓨터, 영상, 음향 및 통신장비 제조업",261,반도체 제조업,2612,"다이오드, 트랜지스터 및 유사 반도체 소자 제조업",기타 반도체 소자 제조업,"제조업 > 전자 부품, 컴퓨터, 영상, 음향 및 통신장비 제조업 > 반도체 제조업 > 다이오드, 트랜지스터 및 유사 반도체 소자 제조업 > 기타 반도체 소자 제조업"
26211,C,제조업,26,"전자 부품, 컴퓨터, 영상, 음향 및 통신장비 제조업",262,전자 부품 제조업,2621,표시장치 제조업,액정 표시장치 제조업,"제조업 > 전자 부품, 컴퓨터, 영상, 음향 및 통신장비 제조업 > 전자 부품 제조업 > 표시장치 제조업 > 액정 표시장치 제조업"
26212,C,제조업,26,"전자 부품, 컴퓨터, 영상, 음향 및 통신장비 제조업",262,전자 부품 제조업,2621,표시장치 제조업,유기 발광 표시장치 제조업,"제조업 > 전자 부품, 컴퓨터, 영상, 음향 및 통신장비 제조업 > 전자 부품 제조업 > 표시장치 제조업 > 유기 발광 표시장치 제조업"
26219,C,제조업,26,"전자 부품, 컴퓨터, 영상, 음향 및 통신장비 제조업",262,전자 부품 제조업,2621,표시장치 제조업,기타 표시장치 제조업,"제조업 > 전자 부품, 컴퓨터, 영상, 음향 및 통신장비 제조업 > 전자 부품 제조업 > 표시장치 제조업 > 기타 표시장치 제조업"
26221,C,제조업,26,"전자 부품, 컴퓨터, 영상, 음향 및 통신장비 제조업",262,전자 부품 제조업,2622,인쇄회로기판 및 전자부품 실장기판 제조업,인쇄회로기판용 적층판 제조업,"제조업 > 전자 부품, 컴퓨터, 영상, 음향 및 통신장비 제조업 > 전자 부품 제조업 > 인쇄회로기판 및 전자부품 실장기판 제조업 > 인쇄회로기판용 적층판 제조업"
26222,C,제조업,26,"전자 부품, 컴퓨터, 영상, 음향 및 통신장비 제조업",262,전자 부품 제조업,2622,인쇄회로기판 및 전자부품 실장기판 제조업,경성 인쇄회로기판 제조업,"제조업 > 전자 부품, 컴퓨터, 영상, 음향 및 통신장비 제조업 > 전자 부품 제조업 > 인쇄회로기판 및 전자부품 실장기판 제조업 > 경성 인쇄회로기판 제조업"
26223,C,제조업,26,"전자 부품, 컴퓨터, 영상, 음향 및 통신장비 제조업",262,전자 부품 제조업,2622,인쇄회로기판 및 전자부품 실장기판 제조업,연성 및 기타 인쇄회로기판 제조업,"제조업 > 전자 부품, 컴퓨터, 영상, 음향 및 통신장비 제조업 > 전자 부품 제조업 > 인쇄회로기판 및 전자부품 실장기판 제조업 > 연성 및 기타 인쇄회로기판 제조업"
26224,C,제조업,26,"전자 부품, 컴퓨터, 영상, 음향 및 통신장비 제조업",262,전자 부품 제조업,2622,인쇄회로기판 및 전자부품 실장기판 제조업,전자 부품 실장기판 제조업,"제조업 > 전자 부품, 컴퓨터, 영상, 음향 및 통신장비 제조업 > 전자 부품 제조업 > 인쇄회로기판 및 전자부품 실장기판 제조업 > 전자 부품 실장기판 제조업"
26291,C,제조업,26,"전자 부품, 컴퓨터, 영상, 음향 및 통신장비 제조업",262,전자 부품 제조업,2629,기타 전자 부품 제조업,전자 축전기 제조업,"제조업 > 전자 부품, 컴퓨터, 영상, 음향 및 통신장비 제조업 > 전자 부품 제조업 > 기타 전자 부품 제조업 > 전자 축전기 제조업"
26292,C,제조업,26,"전자 부품, 컴퓨터, 영상, 음향 및 통신장비 제조업",262,전자 부품 제조업,2629,기타 전자 부품 제조업,전자저항기 및 전자카드 제조업,"제조업 > 전자 부품, 컴퓨터, 영상, 음향 및 통신장비 제조업 > 전자 부품 제조업 > 기타 전자 부품 제조업 > 전자저항기 및 전자카드 제조업"
26293,C,제조업,26,"전자 부품, 컴퓨터, 영상, 음향 및 통신장비 제조업",262,전자 부품 제조업,2629,기타 전자 부품 제조업,"전자코일, 변성기 및 기타 전자 유도자 제조업","제조업 > 전자 부품, 컴퓨터, 영상, 음향 및 통신장비 제조업 > 전자 부품 제조업 > 기타 전자 부품 제조업 > 전자코일, 변성기 및 기타 전자 유도자 제조업"
26294,C,제조업,26,"전자 부품, 컴퓨터, 영상, 음향 및 통신장비 제조업",262,전자 부품 제조업,2629,기타 전자 부품 제조업,전자 감지장치 제조업,"제조업 > 전자 부품, 컴퓨터, 영상, 음향 및 통신장비 제조업 > 전자 부품 제조업 > 기타 전자 부품 제조업 > 전자 감지장치 제조업"
26299,C,제조업,26,"전자 부품, 컴퓨터, 영상, 음향 및 통신장비 제조업",262,전자 부품 제조업,2629,기타 전자 부품 제조업,그 외 기타 전자 부품 제조업,"제조업 > 전자 부품, 컴퓨터, 영상, 음향 및 통신장비 제조업 > 전자 부품 제조업 > 기타 전자 부품 제조업 > 그 외 기타 전자 부품 제조업"
26310,C,제조업,26,"전자 부품, 컴퓨터, 영상, 음향 및 통신장비 제조업",263,컴퓨터 및 주변 장치 제조업,2631,컴퓨터 제조업,컴퓨터 제조업,"제조업 > 전자 부품, 컴퓨터, 영상, 음향 및 통신장비 제조업 > 컴퓨터 및 주변 장치 제조업 > 컴퓨터 제조업"
26321,C,제조업,26,"전자 부품, 컴퓨터, 영상, 음향 및 통신장비 제조업",263,컴퓨터 및 주변 장치 제조업,2632,기억 장치 및 주변 기기 제조업,기억 장치 제조업,"제조업 > 전자 부품, 컴퓨터, 영상, 음향 및 통신장비 제조업 > 컴퓨터 및 주변 장치 제조업 > 기억 장치 및 주변 기기 제조업 > 기억 장치 제조업"
26322,C,제조업,26,"전자 부품, 컴퓨터, 영상, 음향 및 통신장비 제조업",263,컴퓨터 및 주변 장치 제조업,2632,기억 장치 및 주변 기기 제조업,컴퓨터 모니터 제조업,"제조업 > 전자 부품, 컴퓨터, 영상, 음향 및 통신장비 제조업 > 컴퓨터 및 주변 장치 제조업 > 기억 장치 및 주변 기기 제조업 > 컴퓨터 모니터 제조업"
26323,C,제조업,26,"전자 부품, 컴퓨터, 영상, 음향 및 통신장비 제조업",263,컴퓨터 및 주변 장치 제조업,2632,기억 장치 및 주변 기기 제조업,컴퓨터 프린터 제조업,"제조업 > 전자 부품, 컴퓨터, 영상, 음향 및 통신장비 제조업 > 컴퓨터 및 주변 장치 제조업 > 기억 장치 및 주변 기기 제조업 > 컴퓨터 프린터 제조업"
26329,C,제조업,26,"전자 부품, 컴퓨터, 영상, 음향 및 통신장비 제조업",263,컴퓨터 및 주변 장치 제조업,2632,기억 장치 및 주변 기기 제조업,기타 주변 기기 제조업,"제조업 > 전자 부품, 컴퓨터, 영상, 음향 및 통신장비 제조업 > 컴퓨터 및 주변 장치 제조업 > 기억 장치 및 주변 기기 제조업 > 기타 주변 기기 제조업"
26410,C,제조업,26,"전자 부품, 컴퓨터, 영상, 음향 및 통신장비 제조업",264,통신 및 방송장비 제조업,2641,유선 통신장비 제조업,유선 통신장비 제조업,"제조업 > 전자 부품, 컴퓨터, 영상, 음향 및 통신장비 제조업 > 통신 및 방송장비 제조업 > 유선 통신장비 제조업"
26421,C,제조업,26,"전자 부품, 컴퓨터, 영상, 음향 및 통신장비 제조업",264,통신 및 방송장비 제조업,2642,방송 및 무선 통신장비 제조업,방송장비 제조업,"제조업 > 전자 부품, 컴퓨터, 영상, 음향 및 통신장비 제조업 > 통신 및 방송장비 제조업 > 방송 및 무선 통신장비 제조업 > 방송장비 제조업"
26422,C,제조업,26,"전자 부품, 컴퓨터, 영상, 음향 및 통신장비 제조업",264,통신 및 방송장비 제조업,2642,방송 및 무선 통신장비 제조업,이동 전화기 제조업,"제조업 > 전자 부품, 컴퓨터, 영상, 음향 및 통신장비 제조업 > 통신 및 방송장비 제조업 > 방송 및 무선 통신장비 제조업 > 이동 전화기 제조업"
26429,C,제조업,26,"전자 부품, 컴퓨터, 영상, 음향 및 통신장비 제조업",264,통신 및 방송장비 제조업,2642,방송 및 무선 통신장비 제조업,기타 무선 통신장비 제조업,"제조업 > 전자 부품, 컴퓨터, 영상, 음향 및 통신장비 제조업 > 통신 및 방송장비 제조업 > 방송 및 무선 통신장비 제조업 > 기타 무선 통신장비 제조업"
26511,C,제조업,26,"전자 부품, 컴퓨터, 영상, 음향 및 통신장비 제조업",265,영상 및 음향 기기 제조업,2651,"텔레비전, 비디오 및 기타 영상 기기 제조업",텔레비전 제조업,"제조업 > 전자 부품, 컴퓨터, 영상, 음향 및 통신장비 제조업 > 영상 및 음향 기기 제조업 > 텔레비전, 비디오 및 기타 영상 기기 제조업 > 텔레비전 제조업"
26519,C,제조업,26,"전자 부품, 컴퓨터, 영상, 음향 및 통신장비 제조업",265,영상 및 음향 기기 제조업,2651,"텔레비전, 비디오 및 기타 영상 기기 제조업",비디오 및 기타 영상 기기 제조업,"제조업 > 전자 부품, 컴퓨터, 영상, 음향 및 통신장비 제조업 > 영상 및 음향 기기 제조업 > 텔레비전, 비디오 및 기타 영상 기기 제조업 > 비디오 및 기타 영상 기기 제조업"
26521,C,제조업,26,"전자 부품, 컴퓨터, 영상, 음향 및 통신장비 제조업",265,영상 및 음향 기기 제조업,2652,"오디오, 스피커 및 기타 음향 기기 제조업","라디오, 녹음 및 재생 기기 제조업","제조업 > 전자 부품, 컴퓨터, 영상, 음향 및 통신장비 제조업 > 영상 및 음향 기기 제조업 > 오디오, 스피커 및 기타 음향 기기 제조업 > 라디오, 녹음 및 재생 기기 제조업"
26529,C,제조업,26,"전자 부품, 컴퓨터, 영상, 음향 및 통신장비 제조업",265,영상 및 음향 기기 제조업,2652,"오디오, 스피커 및 기타 음향 기기 제조업",기타 음향기기 제조업,"제조업 > 전자 부품, 컴퓨터, 영상, 음향 및 통신장비 제조업 > 영상 및 음향 기기 제조업 > 오디오, 스피커 및 기타 음향 기기 제조업 > 기타 음향기기 제조업"
26600,C,제조업,26,"전자 부품, 컴퓨터, 영상, 음향 및 통신장비 제조업",266,마그네틱 및 광학 매체 제조업,2660,마그네틱 및 광학 매체 제조업,마그네틱 및 광학 매체 제조업,"제조업 > 전자 부품, 컴퓨터, 영상, 음향 및 통신장비 제조업 > 마그네틱 및 광학 매체 제조업"
27111,C,제조업,27,"의료, 정밀, 광학 기기 및 시계 제조업",271,의료용 기기 제조업,2711,방사선 장치 및 전기식 진단 기기 제조업,방사선 장치 제조업,"제조업 > 의료, 정밀, 광학 기기 및 시계 제조업 > 의료용 기기 제조업 > 방사선 장치 및 전기식 진단 기기 제조업 > 방사선 장치 제조업"
27112,C,제조업,27,"의료, 정밀, 광학 기기 및 시계 제조업",271,의료용 기기 제조업,2711,방사선 장치 및 전기식 진단 기기 제조업,전기식 진단 및 요법 기기 제조업,"제조업 > 의료, 정밀, 광학 기기 및 시계 제조업 > 의료용 기기 제조업 > 방사선 장치 및 전기식 진단 기기 제조업 > 전기식 진단 및 요법 기기 제조업"
27191,C,제조업,27,"의료, 정밀, 광학 기기 및 시계 제조업",271,의료용 기기 제조업,2719,기타 의료용 기기 제조업,치과용 기기 제조업,"제조업 > 의료, 정밀, 광학 기기 및 시계 제조업 > 의료용 기기 제조업 > 기타 의료용 기기 제조업 > 치과용 기기 제조업"
27192,C,제조업,27,"의료, 정밀, 광학 기기 및 시계 제조업",271,의료용 기기 제조업,2719,기타 의료용 기기 제조업,치과기공물 제조업,"제조업 > 의료, 정밀, 광학 기기 및 시계 제조업 > 의료용 기기 제조업 > 기타 의료용 기기 제조업 > 치과기공물 제조업"
27193,C,제조업,27,"의료, 정밀, 광학 기기 및 시계 제조업",271,의료용 기기 제조업,2719,기타 의료용 기기 제조업,치과용 임플란트 제조업,"제조업 > 의료, 정밀, 광학 기기 및 시계 제조업 > 의료용 기기 제조업 > 기타 의료용 기기 제조업 > 치과용 임플란트 제조업"
27194,C,제조업,27,"의료, 정밀, 광학 기기 및 시계 제조업",271,의료용 기기 제조업,2719,기타 의료용 기기 제조업,정형 외과용 및 신체 보정용 기기 제조업,"제조업 > 의료, 정밀, 광학 기기 및 시계 제조업 > 의료용 기기 제조업 > 기타 의료용 기기 제조업 > 정형 외과용 및 신체 보정용 기기 제조업"
27195,C,제조업,27,"의료, 정밀, 광학 기기 및 시계 제조업",271,의료용 기기 제조업,2719,기타 의료용 기기 제조업,안경 및 안경렌즈 제조업,"제조업 > 의료, 정밀, 광학 기기 및 시계 제조업 > 의료용 기기 제조업 > 기타 의료용 기기 제조업 > 안경 및 안경렌즈 제조업"
27196,C,제조업,27,"의료, 정밀, 광학 기기 및 시계 제조업",271,의료용 기기 제조업,2719,기타 의료용 기기 제조업,의료용 가구 제조업,"제조업 > 의료, 정밀, 광학 기기 및 시계 제조업 > 의료용 기기 제조업 > 기타 의료용 기기 제조업 > 의료용 가구 제조업"
27199,C,제조업,27,"의료, 정밀, 광학 기기 및 시계 제조업",271,의료용 기기 제조업,2719,기타 의료용 기기 제조업,그 외 기타 의료용 기기 제조업,"제조업 > 의료, 정밀, 광학 기기 및 시계 제조업 > 의료용 기기 제조업 > 기타 의료용 기기 제조업 > 그 외 기타 의료용 기기 제조업"
27211,C,제조업,27,"의료, 정밀, 광학 기기 및 시계 제조업",272,"측정, 시험, 항해, 제어 및 기타 정밀기기 제조업; 광학기기 제외",2721,"측정, 시험, 항해, 제어 및 기타 정밀 기기 제조업","레이더, 항행용 무선 기기 및 측량 기구 제조업","제조업 > 의료, 정밀, 광학 기기 및 시계 제조업 > 측정, 시험, 항해, 제어 및 기타 정밀기기 제조업; 광학기기 제외 > 측정, 시험, 항해, 제어 및 기타 정밀 기기 제조업 > 레이더, 항행용 무선 기기 및 측량 기구 제조업"
27212,C,제조업,27,"의료, 정밀, 광학 기기 및 시계 제조업",272,"측정, 시험, 항해, 제어 및 기타 정밀기기 제조업; 광학기기 제외",2721,"측정, 시험, 항해, 제어 및 기타 정밀 기기 제조업","전자기 측정, 시험 및 분석 기구 제조업","제조업 > 의료, 정밀, 광학 기기 및 시계 제조업 > 측정, 시험, 항해, 제어 및 기타 정밀기기 제조업; 광학기기 제외 > 측정, 시험, 항해, 제어 및 기타 정밀 기기 제조업 > 전자기 측정, 시험 및 분석 기구 제조업"
27213,C,제조업,27,"의료, 정밀, 광학 기기 및 시계 제조업",272,"측정, 시험, 항해, 제어 및 기타 정밀기기 제조업; 광학기기 제외",2721,"측정, 시험, 항해, 제어 및 기타 정밀 기기 제조업","물질 검사, 측정 및 분석 기구 제조업","제조업 > 의료, 정밀, 광학 기기 및 시계 제조업 > 측정, 시험, 항해, 제어 및 기타 정밀기기 제조업; 광학기기 제외 > 측정, 시험, 항해, 제어 및 기타 정밀 기기 제조업 > 물질 검사, 측정 및 분석 기구 제조업"
27214,C,제조업,27,"의료, 정밀, 광학 기기 및 시계 제조업",272,"측정, 시험, 항해, 제어 및 기타 정밀기기 제조업; 광학기기 제외",2721,"측정, 시험, 항해, 제어 및 기타 정밀 기기 제조업",속도계 및 적산계기 제조업,"제조업 > 의료, 정밀, 광학 기기 및 시계 제조업 > 측정, 시험, 항해, 제어 및 기타 정밀기기 제조업; 광학기기 제외 > 측정, 시험, 항해, 제어 및 기타 정밀 기기 제조업 > 속도계 및 적산계기 제조업"
27215,C,제조업,27,"의료, 정밀, 광학 기기 및 시계 제조업",272,"측정, 시험, 항해, 제어 및 기타 정밀기기 제조업; 광학기기 제외",2721,"측정, 시험, 항해, 제어 및 기타 정밀 기기 제조업",기기용 자동 측정 및 제어장치 제조업,"제조업 > 의료, 정밀, 광학 기기 및 시계 제조업 > 측정, 시험, 항해, 제어 및 기타 정밀기기 제조업; 광학기기 제외 > 측정, 시험, 항해, 제어 및 기타 정밀 기기 제조업 > 기기용 자동 측정 및 제어장치 제조업"
27216,C,제조업,27,"의료, 정밀, 광학 기기 및 시계 제조업",272,"측정, 시험, 항해, 제어 및 기타 정밀기기 제조업; 광학기기 제외",2721,"측정, 시험, 항해, 제어 및 기타 정밀 기기 제조업",산업 처리공정 제어장비 제조업,"제조업 > 의료, 정밀, 광학 기기 및 시계 제조업 > 측정, 시험, 항해, 제어 및 기타 정밀기기 제조업; 광학기기 제외 > 측정, 시험, 항해, 제어 및 기타 정밀 기기 제조업 > 산업 처리공정 제어장비 제조업"
27219,C,제조업,27,"의료, 정밀, 광학 기기 및 시계 제조업",272,"측정, 시험, 항해, 제어 및 기타 정밀기기 제조업; 광학기기 제외",2721,"측정, 시험, 항해, 제어 및 기타 정밀 기기 제조업","기타 측정, 시험, 항해, 제어 및 정밀 기기 제조업","제조업 > 의료, 정밀, 광학 기기 및 시계 제조업 > 측정, 시험, 항해, 제어 및 기타 정밀기기 제조업; 광학기기 제외 > 측정, 시험, 항해, 제어 및 기타 정밀 기기 제조업 > 기타 측정, 시험, 항해, 제어 및 정밀 기기 제조업"
27220,C,제조업,27,"의료, 정밀, 광학 기기 및 시계 제조업",272,"측정, 시험, 항해, 제어 및 기타 정밀기기 제조업; 광학기기 제외",2722,시계 및 시계 부품 제조업,시계 및 시계 부품 제조업,"제조업 > 의료, 정밀, 광학 기기 및 시계 제조업 > 측정, 시험, 항해, 제어 및 기타 정밀기기 제조업; 광학기기 제외 > 시계 및 시계 부품 제조업"
27301,C,제조업,27,"의료, 정밀, 광학 기기 및 시계 제조업",273,사진장비 및 광학 기기 제조업,2730,사진장비 및 광학기기 제조업,광학 렌즈 및 광학 요소 제조업,"제조업 > 의료, 정밀, 광학 기기 및 시계 제조업 > 사진장비 및 광학 기기 제조업 > 사진장비 및 광학기기 제조업 > 광학 렌즈 및 광학 요소 제조업"
27309,C,제조업,27,"의료, 정밀, 광학 기기 및 시계 제조업",273,사진장비 및 광학 기기 제조업,2730,사진장비 및 광학기기 제조업,기타 광학기기 및 사진기 제조업,"제조업 > 의료, 정밀, 광학 기기 및 시계 제조업 > 사진장비 및 광학 기기 제조업 > 사진장비 및 광학기기 제조업 > 기타 광학기기 및 사진기 제조업"
28111,C,제조업,28,전기장비 제조업,281,"전동기, 발전기 및 전기 변환ㆍ공급ㆍ제어 장치 제조업",2811,"전동기, 발전기 및 전기 변환장치 제조업",전동기 및 발전기 제조업,"제조업 > 전기장비 제조업 > 전동기, 발전기 및 전기 변환ㆍ공급ㆍ제어 장치 제조업 > 전동기, 발전기 및 전기 변환장치 제조업 > 전동기 및 발전기 제조업"
28112,C,제조업,28,전기장비 제조업,281,"전동기, 발전기 및 전기 변환ㆍ공급ㆍ제어 장치 제조업",2811,"전동기, 발전기 및 전기 변환장치 제조업",변압기 제조업,"제조업 > 전기장비 제조업 > 전동기, 발전기 및 전기 변환ㆍ공급ㆍ제어 장치 제조업 > 전동기, 발전기 및 전기 변환장치 제조업 > 변압기 제조업"
28113,C,제조업,28,전기장비 제조업,281,"전동기, 발전기 및 전기 변환ㆍ공급ㆍ제어 장치 제조업",2811,"전동기, 발전기 및 전기 변환장치 제조업",에너지 저장장치 제조업,"제조업 > 전기장비 제조업 > 전동기, 발전기 및 전기 변환ㆍ공급ㆍ제어 장치 제조업 > 전동기, 발전기 및 전기 변환장치 제조업 > 에너지 저장장치 제조업"
28119,C,제조업,28,전기장비 제조업,281,"전동기, 발전기 및 전기 변환ㆍ공급ㆍ제어 장치 제조업",2811,"전동기, 발전기 및 전기 변환장치 제조업",기타 전기 변환장치 제조업,"제조업 > 전기장비 제조업 > 전동기, 발전기 및 전기 변환ㆍ공급ㆍ제어 장치 제조업 > 전동기, 발전기 및 전기 변환장치 제조업 > 기타 전기 변환장치 제조업"
28121,C,제조업,28,전기장비 제조업,281,"전동기, 발전기 및 전기 변환ㆍ공급ㆍ제어 장치 제조업",2812,전기 공급 및 제어장치 제조업,"전기회로 개폐, 보호 장치 제조업","제조업 > 전기장비 제조업 > 전동기, 발전기 및 전기 변환ㆍ공급ㆍ제어 장치 제조업 > 전기 공급 및 제어장치 제조업 > 전기회로 개폐, 보호 장치 제조업"
28122,C,제조업,28,전기장비 제조업,281,"전동기, 발전기 및 전기 변환ㆍ공급ㆍ제어 장치 제조업",2812,전기 공급 및 제어장치 제조업,전기회로 접속장치 제조업,"제조업 > 전기장비 제조업 > 전동기, 발전기 및 전기 변환ㆍ공급ㆍ제어 장치 제조업 > 전기 공급 및 제어장치 제조업 > 전기회로 접속장치 제조업"
28123,C,제조업,28,전기장비 제조업,281,"전동기, 발전기 및 전기 변환ㆍ공급ㆍ제어 장치 제조업",2812,전기 공급 및 제어장치 제조업,배전반 및 전기 자동제어반 제조업,"제조업 > 전기장비 제조업 > 전동기, 발전기 및 전기 변환ㆍ공급ㆍ제어 장치 제조업 > 전기 공급 및 제어장치 제조업 > 배전반 및 전기 자동제어반 제조업"
28201,C,제조업,28,전기장비 제조업,282,일차전지 및 이차전지 제조업,2820,일차전지 및 이차전지 제조업,일차전지 제조업,제조업 > 전기장비 제조업 > 일차전지 및 이차전지 제조업 > 일차전지 제조업
28202,C,제조업,28,전기장비 제조업,282,일차전지 및 이차전지 제조업,2820,일차전지 및 이차전지 제조업,운송장비용 이차전지 제조업,제조업 > 전기장비 제조업 > 일차전지 및 이차전지 제조업 > 운송장비용 이차전지 제조업
28209,C,제조업,28,전기장비 제조업,282,일차전지 및 이차전지 제조업,2820,일차전지 및 이차전지 제조업,기타 이차전지 제조업,제조업 > 전기장비 제조업 > 일차전지 및 이차전지 제조업 > 기타 이차전지 제조업
28301,C,제조업,28,전기장비 제조업,283,절연선 및 케이블 제조업,2830,절연선 및 케이블 제조업,광섬유 케이블 제조업,제조업 > 전기장비 제조업 > 절연선 및 케이블 제조업 > 광섬유 케이블 제조업
28302,C,제조업,28,전기장비 제조업,283,절연선 및 케이블 제조업,2830,절연선 및 케이블 제조업,기타 절연선 및 케이블 제조업,제조업 > 전기장비 제조업 > 절연선 및 케이블 제조업 > 기타 절연선 및 케이블 제조업
28303,C,제조업,28,전기장비 제조업,283,절연선 및 케이블 제조업,2830,절연선 및 케이블 제조업,절연 코드세트 및 기타 도체 제조업,제조업 > 전기장비 제조업 > 절연선 및 케이블 제조업 > 절연 코드세트 및 기타 도체 제조업
28410,C,제조업,28,전기장비 제조업,284,전구 및 조명장치 제조업,2841,전구 및 램프 제조업,전구 및 램프 제조업,제조업 > 전기장비 제조업 > 전구 및 조명장치 제조업 > 전구 및 램프 제조업
28421,C,제조업,28,전기장비 제조업,284,전구 및 조명장치 제조업,2842,조명장치 제조업,운송장비용 조명장치 제조업,제조업 > 전기장비 제조업 > 전구 및 조명장치 제조업 > 조명장치 제조업 > 운송장비용 조명장치 제조업
28422,C,제조업,28,전기장비 제조업,284,전구 및 조명장치 제조업,2842,조명장치 제조업,일반용 전기 조명장치 제조업,제조업 > 전기장비 제조업 > 전구 및 조명장치 제조업 > 조명장치 제조업 > 일반용 전기 조명장치 제조업
28423,C,제조업,28,전기장비 제조업,284,전구 및 조명장치 제조업,2842,조명장치 제조업,전시 및 광고용 조명장치 제조업,제조업 > 전기장비 제조업 > 전구 및 조명장치 제조업 > 조명장치 제조업 > 전시 및 광고용 조명장치 제조업
28429,C,제조업,28,전기장비 제조업,284,전구 및 조명장치 제조업,2842,조명장치 제조업,기타 조명장치 제조업,제조업 > 전기장비 제조업 > 전구 및 조명장치 제조업 > 조명장치 제조업 > 기타 조명장치 제조업
28511,C,제조업,28,전기장비 제조업,285,가정용 기기 제조업,2851,가정용 전기 기기 제조업,주방용 전기 기기 제조업,제조업 > 전기장비 제조업 > 가정용 기기 제조업 > 가정용 전기 기기 제조업 > 주방용 전기 기기 제조업
28512,C,제조업,28,전기장비 제조업,285,가정용 기기 제조업,2851,가정용 전기 기기 제조업,가정용 전기 난방기기 제조업,제조업 > 전기장비 제조업 > 가정용 기기 제조업 > 가정용 전기 기기 제조업 > 가정용 전기 난방기기 제조업
28519,C,제조업,28,전기장비 제조업,285,가정용 기기 제조업,2851,가정용 전기 기기 제조업,기타 가정용 전기 기기 제조업,제조업 > 전기장비 제조업 > 가정용 기기 제조업 > 가정용 전기 기기 제조업 > 기타 가정용 전기 기기 제조업
28520,C,제조업,28,전기장비 제조업,285,가정용 기기 제조업,2852,가정용 비전기식 조리 및 난방 기구 제조업,가정용 비전기식 조리 및 난방 기구 제조업,제조업 > 전기장비 제조업 > 가정용 기기 제조업 > 가정용 비전기식 조리 및 난방 기구 제조업
28901,C,제조업,28,전기장비 제조업,289,기타 전기장비 제조업,2890,기타 전기장비 제조업,전기 경보 및 신호장치 제조업,제조업 > 전기장비 제조업 > 기타 전기장비 제조업 > 전기 경보 및 신호장치 제조업
28902,C,제조업,28,전기장비 제조업,289,기타 전기장비 제조업,2890,기타 전기장비 제조업,전기용 탄소제품 및 절연제품 제조업,제조업 > 전기장비 제조업 > 기타 전기장비 제조업 > 전기용 탄소제품 및 절연제품 제조업
28903,C,제조업,28,전기장비 제조업,289,기타 전기장비 제조업,2890,기타 전기장비 제조업,교통 신호장치 제조업,제조업 > 전기장비 제조업 > 기타 전기장비 제조업 > 교통 신호장치 제조업
28909,C,제조업,28,전기장비 제조업,289,기타 전기장비 제조업,2890,기타 전기장비 제조업,그 외 기타 전기장비 제조업,제조업 > 전기장비 제조업 > 기타 전기장비 제조업 > 그 외 기타 전기장비 제조업
29111,C,제조업,29,기타 기계 및 장비 제조업,291,일반 목적용 기계 제조업,2911,내연기관 및 터빈 제조업; 항공기용 및 차량용 제외,내연기관 제조업,제조업 > 기타 기계 및 장비 제조업 > 일반 목적용 기계 제조업 > 내연기관 및 터빈 제조업; 항공기용 및 차량용 제외 > 내연기관 제조업
29119,C,제조업,29,기타 기계 및 장비 제조업,291,일반 목적용 기계 제조업,2911,내연기관 및 터빈 제조업; 항공기용 및 차량용 제외,기타 기관 및 터빈 제조업,제조업 > 기타 기계 및 장비 제조업 > 일반 목적용 기계 제조업 > 내연기관 및 터빈 제조업; 항공기용 및 차량용 제외 > 기타 기관 및 터빈 제조업
29120,C,제조업,29,기타 기계 및 장비 제조업,291,일반 목적용 기계 제조업,2912,유압 기기 제조업,유압 기기 제조업,제조업 > 기타 기계 및 장비 제조업 > 일반 목적용 기계 제조업 > 유압 기기 제조업
29131,C,제조업,29,기타 기계 및 장비 제조업,291,일반 목적용 기계 제조업,2913,"펌프 및 압축기 제조업; 탭, 밸브 및 유사 장치 제조 포함",액체 펌프 제조업,"제조업 > 기타 기계 및 장비 제조업 > 일반 목적용 기계 제조업 > 펌프 및 압축기 제조업; 탭, 밸브 및 유사 장치 제조 포함 > 액체 펌프 제조업"
29132,C,제조업,29,기타 기계 및 장비 제조업,291,일반 목적용 기계 제조업,2913,"펌프 및 압축기 제조업; 탭, 밸브 및 유사 장치 제조 포함",기체 펌프 및 압축기 제조업,"제조업 > 기타 기계 및 장비 제조업 > 일반 목적용 기계 제조업 > 펌프 및 압축기 제조업; 탭, 밸브 및 유사 장치 제조 포함 > 기체 펌프 및 압축기 제조업"
29133,C,제조업,29,기타 기계 및 장비 제조업,291,일반 목적용 기계 제조업,2913,"펌프 및 압축기 제조업; 탭, 밸브 및 유사 장치 제조 포함","탭, 밸브 및 유사 장치 제조업","제조업 > 기타 기계 및 장비 제조업 > 일반 목적용 기계 제조업 > 펌프 및 압축기 제조업; 탭, 밸브 및 유사 장치 제조 포함 > 탭, 밸브 및 유사 장치 제조업"
29141,C,제조업,29,기타 기계 및 장비 제조업,291,일반 목적용 기계 제조업,2914,"베어링, 기어 및 동력 전달장치 제조업",구름베어링 제조업,"제조업 > 기타 기계 및 장비 제조업 > 일반 목적용 기계 제조업 > 베어링, 기어 및 동력 전달장치 제조업 > 구름베어링 제조업"
29142,C,제조업,29,기타 기계 및 장비 제조업,291,일반 목적용 기계 제조업,2914,"베어링, 기어 및 동력 전달장치 제조업",기어 및 동력전달장치 제조업,"제조업 > 기타 기계 및 장비 제조업 > 일반 목적용 기계 제조업 > 베어링, 기어 및 동력 전달장치 제조업 > 기어 및 동력전달장치 제조업"
29150,C,제조업,29,기타 기계 및 장비 제조업,291,일반 목적용 기계 제조업,2915,"산업용 오븐, 노 및 노용 버너 제조업","산업용 오븐, 노 및 노용 버너 제조업","제조업 > 기타 기계 및 장비 제조업 > 일반 목적용 기계 제조업 > 산업용 오븐, 노 및 노용 버너 제조업"
29161,C,제조업,29,기타 기계 및 장비 제조업,291,일반 목적용 기계 제조업,2916,"산업용 트럭, 승강기 및 물품 취급장비 제조업",산업용 트럭 및 적재기 제조업,"제조업 > 기타 기계 및 장비 제조업 > 일반 목적용 기계 제조업 > 산업용 트럭, 승강기 및 물품 취급장비 제조업 > 산업용 트럭 및 적재기 제조업"
29162,C,제조업,29,기타 기계 및 장비 제조업,291,일반 목적용 기계 제조업,2916,"산업용 트럭, 승강기 및 물품 취급장비 제조업",승강기 제조업,"제조업 > 기타 기계 및 장비 제조업 > 일반 목적용 기계 제조업 > 산업용 트럭, 승강기 및 물품 취급장비 제조업 > 승강기 제조업"
29163,C,제조업,29,기타 기계 및 장비 제조업,291,일반 목적용 기계 제조업,2916,"산업용 트럭, 승강기 및 물품 취급장비 제조업",컨베이어 장치 제조업,"제조업 > 기타 기계 및 장비 제조업 > 일반 목적용 기계 제조업 > 산업용 트럭, 승강기 및 물품 취급장비 제조업 > 컨베이어 장치 제조업"
29169,C,제조업,29,기타 기계 및 장비 제조업,291,일반 목적용 기계 제조업,2916,"산업용 트럭, 승강기 및 물품 취급장비 제조업",기타 물품 취급장비 제조업,"제조업 > 기타 기계 및 장비 제조업 > 일반 목적용 기계 제조업 > 산업용 트럭, 승강기 및 물품 취급장비 제조업 > 기타 물품 취급장비 제조업"
29171,C,제조업,29,기타 기계 및 장비 제조업,291,일반 목적용 기계 제조업,2917,"냉각, 공기 조화, 여과, 증류 및 가스 발생기 제조업",산업용 냉장 및 냉동장비 제조업,"제조업 > 기타 기계 및 장비 제조업 > 일반 목적용 기계 제조업 > 냉각, 공기 조화, 여과, 증류 및 가스 발생기 제조업 > 산업용 냉장 및 냉동장비 제조업"
29172,C,제조업,29,기타 기계 및 장비 제조업,291,일반 목적용 기계 제조업,2917,"냉각, 공기 조화, 여과, 증류 및 가스 발생기 제조업",가정용 및 산업용 공기 조화장치 제조업,"제조업 > 기타 기계 및 장비 제조업 > 일반 목적용 기계 제조업 > 냉각, 공기 조화, 여과, 증류 및 가스 발생기 제조업 > 가정용 및 산업용 공기 조화장치 제조업"
29173,C,제조업,29,기타 기계 및 장비 제조업,291,일반 목적용 기계 제조업,2917,"냉각, 공기 조화, 여과, 증류 및 가스 발생기 제조업",운송장비용 공기 조화장치 제조업,"제조업 > 기타 기계 및 장비 제조업 > 일반 목적용 기계 제조업 > 냉각, 공기 조화, 여과, 증류 및 가스 발생기 제조업 > 운송장비용 공기 조화장치 제조업"
29174,C,제조업,29,기타 기계 및 장비 제조업,291,일반 목적용 기계 제조업,2917,"냉각, 공기 조화, 여과, 증류 및 가스 발생기 제조업",산업용 송풍기 및 배기장치 제조업,"제조업 > 기타 기계 및 장비 제조업 > 일반 목적용 기계 제조업 > 냉각, 공기 조화, 여과, 증류 및 가스 발생기 제조업 > 산업용 송풍기 및 배기장치 제조업"
29175,C,제조업,29,기타 기계 및 장비 제조업,291,일반 목적용 기계 제조업,2917,"냉각, 공기 조화, 여과, 증류 및 가스 발생기 제조업",기체 여과기 제조업,"제조업 > 기타 기계 및 장비 제조업 > 일반 목적용 기계 제조업 > 냉각, 공기 조화, 여과, 증류 및 가스 발생기 제조업 > 기체 여과기 제조업"
29176,C,제조업,29,기타 기계 및 장비 제조업,291,일반 목적용 기계 제조업,2917,"냉각, 공기 조화, 여과, 증류 및 가스 발생기 제조업",액체 여과기 제조업,"제조업 > 기타 기계 및 장비 제조업 > 일반 목적용 기계 제조업 > 냉각, 공기 조화, 여과, 증류 및 가스 발생기 제조업 > 액체 여과기 제조업"
29177,C,제조업,29,기타 기계 및 장비 제조업,291,일반 목적용 기계 제조업,2917,"냉각, 공기 조화, 여과, 증류 및 가스 발생기 제조업","증류기, 열 교환기 및 가스 발생기 제조업","제조업 > 기타 기계 및 장비 제조업 > 일반 목적용 기계 제조업 > 냉각, 공기 조화, 여과, 증류 및 가스 발생기 제조업 > 증류기, 열 교환기 및 가스 발생기 제조업"
29180,C,제조업,29,기타 기계 및 장비 제조업,291,일반 목적용 기계 제조업,2918,사무용 기계 및 장비 제조업,사무용 기계 및 장비 제조업,제조업 > 기타 기계 및 장비 제조업 > 일반 목적용 기계 제조업 > 사무용 기계 및 장비 제조업
29191,C,제조업,29,기타 기계 및 장비 제조업,291,일반 목적용 기계 제조업,2919,기타 일반 목적용 기계 제조업,"용기 세척, 포장 및 충전기 제조업","제조업 > 기타 기계 및 장비 제조업 > 일반 목적용 기계 제조업 > 기타 일반 목적용 기계 제조업 > 용기 세척, 포장 및 충전기 제조업"
29192,C,제조업,29,기타 기계 및 장비 제조업,291,일반 목적용 기계 제조업,2919,기타 일반 목적용 기계 제조업,분사기 및 소화기 제조업,제조업 > 기타 기계 및 장비 제조업 > 일반 목적용 기계 제조업 > 기타 일반 목적용 기계 제조업 > 분사기 및 소화기 제조업
29193,C,제조업,29,기타 기계 및 장비 제조업,291,일반 목적용 기계 제조업,2919,기타 일반 목적용 기계 제조업,동력식 수지 공구 제조업,제조업 > 기타 기계 및 장비 제조업 > 일반 목적용 기계 제조업 > 기타 일반 목적용 기계 제조업 > 동력식 수지 공구 제조업
29199,C,제조업,29,기타 기계 및 장비 제조업,291,일반 목적용 기계 제조업,2919,기타 일반 목적용 기계 제조업,그 외 기타 일반목적용 기계 제조업,제조업 > 기타 기계 및 장비 제조업 > 일반 목적용 기계 제조업 > 기타 일반 목적용 기계 제조업 > 그 외 기타 일반목적용 기계 제조업
29210,C,제조업,29,기타 기계 및 장비 제조업,292,특수 목적용 기계 제조업,2921,농업 및 임업용 기계 제조업,농업 및 임업용 기계 제조업,제조업 > 기타 기계 및 장비 제조업 > 특수 목적용 기계 제조업 > 농업 및 임업용 기계 제조업
29221,C,제조업,29,기타 기계 및 장비 제조업,292,특수 목적용 기계 제조업,2922,가공 공작기계 제조업,전자 응용 절삭기계 제조업,제조업 > 기타 기계 및 장비 제조업 > 특수 목적용 기계 제조업 > 가공 공작기계 제조업 > 전자 응용 절삭기계 제조업
29222,C,제조업,29,기타 기계 및 장비 제조업,292,특수 목적용 기계 제조업,2922,가공 공작기계 제조업,디지털 적층 성형기계 제조업,제조업 > 기타 기계 및 장비 제조업 > 특수 목적용 기계 제조업 > 가공 공작기계 제조업 > 디지털 적층 성형기계 제조업
29223,C,제조업,29,기타 기계 및 장비 제조업,292,특수 목적용 기계 제조업,2922,가공 공작기계 제조업,금속 절삭기계 제조업,제조업 > 기타 기계 및 장비 제조업 > 특수 목적용 기계 제조업 > 가공 공작기계 제조업 > 금속 절삭기계 제조업
29224,C,제조업,29,기타 기계 및 장비 제조업,292,특수 목적용 기계 제조업,2922,가공 공작기계 제조업,금속 성형기계 제조업,제조업 > 기타 기계 및 장비 제조업 > 특수 목적용 기계 제조업 > 가공 공작기계 제조업 > 금속 성형기계 제조업
29229,C,제조업,29,기타 기계 및 장비 제조업,292,특수 목적용 기계 제조업,2922,가공 공작기계 제조업,기타 가공 공작기계 제조업,제조업 > 기타 기계 및 장비 제조업 > 특수 목적용 기계 제조업 > 가공 공작기계 제조업 > 기타 가공 공작기계 제조업
29230,C,제조업,29,기타 기계 및 장비 제조업,292,특수 목적용 기계 제조업,2923,금속 주조 및 기타 야금용 기계 제조업,금속 주조 및 기타 야금용 기계 제조업,제조업 > 기타 기계 및 장비 제조업 > 특수 목적용 기계 제조업 > 금속 주조 및 기타 야금용 기계 제조업
29241,C,제조업,29,기타 기계 및 장비 제조업,292,특수 목적용 기계 제조업,2924,건설 및 광업용 기계장비 제조업,건설 및 채광용 기계장비 제조업,제조업 > 기타 기계 및 장비 제조업 > 특수 목적용 기계 제조업 > 건설 및 광업용 기계장비 제조업 > 건설 및 채광용 기계장비 제조업
29242,C,제조업,29,기타 기계 및 장비 제조업,292,특수 목적용 기계 제조업,2924,건설 및 광업용 기계장비 제조업,광물 처리 및 취급장비 제조업,제조업 > 기타 기계 및 장비 제조업 > 특수 목적용 기계 제조업 > 건설 및 광업용 기계장비 제조업 > 광물 처리 및 취급장비 제조업
29250,C,제조업,29,기타 기계 및 장비 제조업,292,특수 목적용 기계 제조업,2925,음ㆍ식료품 및 담배 가공기계 제조업,음ㆍ식료품 및 담배 가공기계 제조업,제조업 > 기타 기계 및 장비 제조업 > 특수 목적용 기계 제조업 > 음ㆍ식료품 및 담배 가공기계 제조업
29261,C,제조업,29,기타 기계 및 장비 제조업,292,특수 목적용 기계 제조업,2926,"섬유, 의복 및 가죽 가공기계 제조업","산업용 섬유 세척, 염색, 정리 및 가공 기계 제조업","제조업 > 기타 기계 및 장비 제조업 > 특수 목적용 기계 제조업 > 섬유, 의복 및 가죽 가공기계 제조업 > 산업용 섬유 세척, 염색, 정리 및 가공 기계 제조업"
29269,C,제조업,29,기타 기계 및 장비 제조업,292,특수 목적용 기계 제조업,2926,"섬유, 의복 및 가죽 가공기계 제조업","기타 섬유, 의복 및 가죽 가공기계 제조업","제조업 > 기타 기계 및 장비 제조업 > 특수 목적용 기계 제조업 > 섬유, 의복 및 가죽 가공기계 제조업 > 기타 섬유, 의복 및 가죽 가공기계 제조업"
29271,C,제조업,29,기타 기계 및 장비 제조업,292,특수 목적용 기계 제조업,2927,반도체 및 디스플레이 제조용 기계 제조업,반도체 제조용 기계 제조업,제조업 > 기타 기계 및 장비 제조업 > 특수 목적용 기계 제조업 > 반도체 및 디스플레이 제조용 기계 제조업 > 반도체 제조용 기계 제조업
29272,C,제조업,29,기타 기계 및 장비 제조업,292,특수 목적용 기계 제조업,2927,반도체 및 디스플레이 제조용 기계 제조업,디스플레이 제조용 기계 제조업,제조업 > 기타 기계 및 장비 제조업 > 특수 목적용 기계 제조업 > 반도체 및 디스플레이 제조용 기계 제조업 > 디스플레이 제조용 기계 제조업
29280,C,제조업,29,기타 기계 및 장비 제조업,292,특수 목적용 기계 제조업,2928,산업용 로봇 제조업,산업용 로봇 제조업,제조업 > 기타 기계 및 장비 제조업 > 특수 목적용 기계 제조업 > 산업용 로봇 제조업
29291,C,제조업,29,기타 기계 및 장비 제조업,292,특수 목적용 기계 제조업,2929,기타 특수 목적용 기계 제조업,"고무, 화학섬유 및 플라스틱 성형기 제조업","제조업 > 기타 기계 및 장비 제조업 > 특수 목적용 기계 제조업 > 기타 특수 목적용 기계 제조업 > 고무, 화학섬유 및 플라스틱 성형기 제조업"
29292,C,제조업,29,기타 기계 및 장비 제조업,292,특수 목적용 기계 제조업,2929,기타 특수 목적용 기계 제조업,인쇄 및 제책용 기계 제조업,제조업 > 기타 기계 및 장비 제조업 > 특수 목적용 기계 제조업 > 기타 특수 목적용 기계 제조업 > 인쇄 및 제책용 기계 제조업
29293,C,제조업,29,기타 기계 및 장비 제조업,292,특수 목적용 기계 제조업,2929,기타 특수 목적용 기계 제조업,주형 및 금형 제조업,제조업 > 기타 기계 및 장비 제조업 > 특수 목적용 기계 제조업 > 기타 특수 목적용 기계 제조업 > 주형 및 금형 제조업
29299,C,제조업,29,기타 기계 및 장비 제조업,292,특수 목적용 기계 제조업,2929,기타 특수 목적용 기계 제조업,그 외 기타 특수목적용 기계 제조업,제조업 > 기타 기계 및 장비 제조업 > 특수 목적용 기계 제조업 > 기타 특수 목적용 기계 제조업 > 그 외 기타 특수목적용 기계 제조업
30110,C,제조업,30,자동차 및 트레일러 제조업,301,자동차용 엔진 및 자동차 제조업,3011,자동차용 엔진 제조업,자동차용 엔진 제조업,제조업 > 자동차 및 트레일러 제조업 > 자동차용 엔진 및 자동차 제조업 > 자동차용 엔진 제조업
30121,C,제조업,30,자동차 및 트레일러 제조업,301,자동차용 엔진 및 자동차 제조업,3012,자동차 제조업,내연기관 승용차 및 기타 여객용 자동차 제조,제조업 > 자동차 및 트레일러 제조업 > 자동차용 엔진 및 자동차 제조업 > 자동차 제조업 > 내연기관 승용차 및 기타 여객용 자동차 제조
30122,C,제조업,30,자동차 및 트레일러 제조업,301,자동차용 엔진 및 자동차 제조업,3012,자동차 제조업,전기 승용차 및 기타 여객용 전기 자동차 제조업,제조업 > 자동차 및 트레일러 제조업 > 자동차용 엔진 및 자동차 제조업 > 자동차 제조업 > 전기 승용차 및 기타 여객용 전기 자동차 제조업
30123,C,제조업,30,자동차 및 트레일러 제조업,301,자동차용 엔진 및 자동차 제조업,3012,자동차 제조업,내연기관 화물자동차 및 특수목적용 자동차 제조업,제조업 > 자동차 및 트레일러 제조업 > 자동차용 엔진 및 자동차 제조업 > 자동차 제조업 > 내연기관 화물자동차 및 특수목적용 자동차 제조업
30124,C,제조업,30,자동차 및 트레일러 제조업,301,자동차용 엔진 및 자동차 제조업,3012,자동차 제조업,전기 화물자동차 및 특수목적용 전기 자동차 제조업,제조업 > 자동차 및 트레일러 제조업 > 자동차용 엔진 및 자동차 제조업 > 자동차 제조업 > 전기 화물자동차 및 특수목적용 전기 자동차 제조업
30201,C,제조업,30,자동차 및 트레일러 제조업,302,자동차 차체 및 트레일러 제조업,3020,자동차 차체 및 트레일러 제조업,차체 및 특장차 제조업,제조업 > 자동차 및 트레일러 제조업 > 자동차 차체 및 트레일러 제조업 > 차체 및 특장차 제조업
30202,C,제조업,30,자동차 및 트레일러 제조업,302,자동차 차체 및 트레일러 제조업,3020,자동차 차체 및 트레일러 제조업,자동차 구조 및 장치 변경업,제조업 > 자동차 및 트레일러 제조업 > 자동차 차체 및 트레일러 제조업 > 자동차 구조 및 장치 변경업
30203,C,제조업,30,자동차 및 트레일러 제조업,302,자동차 차체 및 트레일러 제조업,3020,자동차 차체 및 트레일러 제조업,트레일러 및 세미 트레일러 제조업,제조업 > 자동차 및 트레일러 제조업 > 자동차 차체 및 트레일러 제조업 > 트레일러 및 세미 트레일러 제조업
30310,C,제조업,30,자동차 및 트레일러 제조업,303,자동차 신품 부품 제조업,3031,자동차 엔진용 신품 부품 제조업,자동차 엔진용 신품 부품 제조업,제조업 > 자동차 및 트레일러 제조업 > 자동차 신품 부품 제조업 > 자동차 엔진용 신품 부품 제조업
30320,C,제조업,30,자동차 및 트레일러 제조업,303,자동차 신품 부품 제조업,3032,자동차 차체용 신품 부품 제조업,자동차 차체용 신품 부품 제조업,제조업 > 자동차 및 트레일러 제조업 > 자동차 신품 부품 제조업 > 자동차 차체용 신품 부품 제조업
30331,C,제조업,30,자동차 및 트레일러 제조업,303,자동차 신품 부품 제조업,3033,자동차용 신품 동력 전달장치 및 전기장치 제조업,자동차용 신품 동력 전달장치 제조업,제조업 > 자동차 및 트레일러 제조업 > 자동차 신품 부품 제조업 > 자동차용 신품 동력 전달장치 및 전기장치 제조업 > 자동차용 신품 동력 전달장치 제조업
30332,C,제조업,30,자동차 및 트레일러 제조업,303,자동차 신품 부품 제조업,3033,자동차용 신품 동력 전달장치 및 전기장치 제조업,자동차용 신품 전기장치 제조업,제조업 > 자동차 및 트레일러 제조업 > 자동차 신품 부품 제조업 > 자동차용 신품 동력 전달장치 및 전기장치 제조업 > 자동차용 신품 전기장치 제조업
30391,C,제조업,30,자동차 및 트레일러 제조업,303,자동차 신품 부품 제조업,3039,자동차용 기타 신품 부품 제조업,자동차용 신품 조향장치 및 현가장치 제조업,제조업 > 자동차 및 트레일러 제조업 > 자동차 신품 부품 제조업 > 자동차용 기타 신품 부품 제조업 > 자동차용 신품 조향장치 및 현가장치 제조업
30392,C,제조업,30,자동차 및 트레일러 제조업,303,자동차 신품 부품 제조업,3039,자동차용 기타 신품 부품 제조업,자동차용 신품 제동장치 제조업,제조업 > 자동차 및 트레일러 제조업 > 자동차 신품 부품 제조업 > 자동차용 기타 신품 부품 제조업 > 자동차용 신품 제동장치 제조업
30393,C,제조업,30,자동차 및 트레일러 제조업,303,자동차 신품 부품 제조업,3039,자동차용 기타 신품 부품 제조업,자동차용 신품 의자 제조업,제조업 > 자동차 및 트레일러 제조업 > 자동차 신품 부품 제조업 > 자동차용 기타 신품 부품 제조업 > 자동차용 신품 의자 제조업
30399,C,제조업,30,자동차 및 트레일러 제조업,303,자동차 신품 부품 제조업,3039,자동차용 기타 신품 부품 제조업,그 외 자동차용 신품 부품 제조업,제조업 > 자동차 및 트레일러 제조업 > 자동차 신품 부품 제조업 > 자동차용 기타 신품 부품 제조업 > 그 외 자동차용 신품 부품 제조업
30400,C,제조업,30,자동차 및 트레일러 제조업,304,자동차 재제조 부품 제조업,3040,자동차 재제조 부품 제조업,자동차 재제조 부품 제조업,제조업 > 자동차 및 트레일러 제조업 > 자동차 재제조 부품 제조업
31111,C,제조업,31,기타 운송장비 제조업,311,선박 및 보트 건조업,3111,선박 및 수상 부유 구조물 건조업,강선 건조업,제조업 > 기타 운송장비 제조업 > 선박 및 보트 건조업 > 선박 및 수상 부유 구조물 건조업 > 강선 건조업
31112,C,제조업,31,기타 운송장비 제조업,311,선박 및 보트 건조업,3111,선박 및 수상 부유 구조물 건조업,합성수지선 건조업,제조업 > 기타 운송장비 제조업 > 선박 및 보트 건조업 > 선박 및 수상 부유 구조물 건조업 > 합성수지선 건조업
31113,C,제조업,31,기타 운송장비 제조업,311,선박 및 보트 건조업,3111,선박 및 수상 부유 구조물 건조업,기타 선박 건조업,제조업 > 기타 운송장비 제조업 > 선박 및 보트 건조업 > 선박 및 수상 부유 구조물 건조업 > 기타 선박 건조업
31114,C,제조업,31,기타 운송장비 제조업,311,선박 및 보트 건조업,3111,선박 및 수상 부유 구조물 건조업,선박 구성 부분품 제조업,제조업 > 기타 운송장비 제조업 > 선박 및 보트 건조업 > 선박 및 수상 부유 구조물 건조업 > 선박 구성 부분품 제조업
31120,C,제조업,31,기타 운송장비 제조업,311,선박 및 보트 건조업,3112,오락 및 스포츠용 보트 건조업,오락 및 스포츠용 보트 건조업,제조업 > 기타 운송장비 제조업 > 선박 및 보트 건조업 > 오락 및 스포츠용 보트 건조업
31201,C,제조업,31,기타 운송장비 제조업,312,철도장비 제조업,3120,철도장비 제조업,기관차 및 기타 철도 차량 제조업,제조업 > 기타 운송장비 제조업 > 철도장비 제조업 > 기관차 및 기타 철도 차량 제조업
31202,C,제조업,31,기타 운송장비 제조업,312,철도장비 제조업,3120,철도장비 제조업,철도 차량 부품 및 관련 장치물 제조업,제조업 > 기타 운송장비 제조업 > 철도장비 제조업 > 철도 차량 부품 및 관련 장치물 제조업
31311,C,제조업,31,기타 운송장비 제조업,313,"항공기, 우주선 및 부품 제조업",3131,"항공기, 우주선 및 보조장치 제조업","유인 항공기, 항공 우주선 및 보조장치 제조업","제조업 > 기타 운송장비 제조업 > 항공기, 우주선 및 부품 제조업 > 항공기, 우주선 및 보조장치 제조업 > 유인 항공기, 항공 우주선 및 보조장치 제조업"
31312,C,제조업,31,기타 운송장비 제조업,313,"항공기, 우주선 및 부품 제조업",3131,"항공기, 우주선 및 보조장치 제조업",무인 항공기 및 무인 비행장치 제조업,"제조업 > 기타 운송장비 제조업 > 항공기, 우주선 및 부품 제조업 > 항공기, 우주선 및 보조장치 제조업 > 무인 항공기 및 무인 비행장치 제조업"
31321,C,제조업,31,기타 운송장비 제조업,313,"항공기, 우주선 및 부품 제조업",3132,항공기용 엔진 및 부품 제조업,항공기용 엔진 제조업,"제조업 > 기타 운송장비 제조업 > 항공기, 우주선 및 부품 제조업 > 항공기용 엔진 및 부품 제조업 > 항공기용 엔진 제조업"
31322,C,제조업,31,기타 운송장비 제조업,313,"항공기, 우주선 및 부품 제조업",3132,항공기용 엔진 및 부품 제조업,항공기용 부품 제조업,"제조업 > 기타 운송장비 제조업 > 항공기, 우주선 및 부품 제조업 > 항공기용 엔진 및 부품 제조업 > 항공기용 부품 제조업"
31910,C,제조업,31,기타 운송장비 제조업,319,그 외 기타 운송장비 제조업,3191,전투용 차량 제조업,전투용 차량 제조업,제조업 > 기타 운송장비 제조업 > 그 외 기타 운송장비 제조업 > 전투용 차량 제조업
31921,C,제조업,31,기타 운송장비 제조업,319,그 외 기타 운송장비 제조업,3192,모터사이클 및 개인용 전기식 이동수단 제조업,모터사이클 제조업,제조업 > 기타 운송장비 제조업 > 그 외 기타 운송장비 제조업 > 모터사이클 및 개인용 전기식 이동수단 제조업 > 모터사이클 제조업
31922,C,제조업,31,기타 운송장비 제조업,319,그 외 기타 운송장비 제조업,3192,모터사이클 및 개인용 전기식 이동수단 제조업,개인용 전기식 이동수단 제조업,제조업 > 기타 운송장비 제조업 > 그 외 기타 운송장비 제조업 > 모터사이클 및 개인용 전기식 이동수단 제조업 > 개인용 전기식 이동수단 제조업
31991,C,제조업,31,기타 운송장비 제조업,319,그 외 기타 운송장비 제조업,3199,그 외 기타 분류 안된 운송장비 제조업,자전거 및 환자용 차량 제조업,제조업 > 기타 운송장비 제조업 > 그 외 기타 운송장비 제조업 > 그 외 기타 분류 안된 운송장비 제조업 > 자전거 및 환자용 차량 제조업
31999,C,제조업,31,기타 운송장비 제조업,319,그 외 기타 운송장비 제조업,3199,그 외 기타 분류 안된 운송장비 제조업,그 외 기타 달리 분류되지 않은 운송장비 제조업,제조업 > 기타 운송장비 제조업 > 그 외 기타 운송장비 제조업 > 그 외 기타 분류 안된 운송장비 제조업 > 그 외 기타 달리 분류되지 않은 운송장비 제조업
32011,C,제조업,32,가구 제조업,320,가구 제조업,3201,침대 및 내장 가구 제조업,매트리스 및 침대 제조업,제조업 > 가구 제조업 > 침대 및 내장 가구 제조업 > 매트리스 및 침대 제조업
32019,C,제조업,32,가구 제조업,320,가구 제조업,3201,침대 및 내장 가구 제조업,소파 및 기타 내장 가구 제조업,제조업 > 가구 제조업 > 침대 및 내장 가구 제조업 > 소파 및 기타 내장 가구 제조업
32021,C,제조업,32,가구 제조업,320,가구 제조업,3202,목재 가구 제조업,주방용 및 음식점용 목재 가구 제조업,제조업 > 가구 제조업 > 목재 가구 제조업 > 주방용 및 음식점용 목재 가구 제조업
32029,C,제조업,32,가구 제조업,320,가구 제조업,3202,목재 가구 제조업,기타 목재 가구 제조업,제조업 > 가구 제조업 > 목재 가구 제조업 > 기타 목재 가구 제조업
32091,C,제조업,32,가구 제조업,320,가구 제조업,3209,기타 가구 제조업,금속 가구 제조업,제조업 > 가구 제조업 > 기타 가구 제조업 > 금속 가구 제조업
32099,C,제조업,32,가구 제조업,320,가구 제조업,3209,기타 가구 제조업,그 외 기타 가구 제조업,제조업 > 가구 제조업 > 기타 가구 제조업 > 그 외 기타 가구 제조업
33110,C,제조업,33,기타 제품 제조업,331,귀금속 및 장신용품 제조업,3311,귀금속 및 관련제품 제조업,귀금속 및 관련제품 제조업,제조업 > 기타 제품 제조업 > 귀금속 및 장신용품 제조업 > 귀금속 및 관련제품 제조업
33120,C,제조업,33,기타 제품 제조업,331,귀금속 및 장신용품 제조업,3312,모조 귀금속 및 모조 장신용품 제조업,모조 귀금속 및 모조 장신용품 제조업,제조업 > 기타 제품 제조업 > 귀금속 및 장신용품 제조업 > 모조 귀금속 및 모조 장신용품 제조업
33201,C,제조업,33,기타 제품 제조업,332,악기 제조업,3320,악기 제조업,건반 악기 제조업,제조업 > 기타 제품 제조업 > 악기 제조업 > 건반 악기 제조업
33209,C,제조업,33,기타 제품 제조업,332,악기 제조업,3320,악기 제조업,기타 악기 및 전자 악기 제조업,제조업 > 기타 제품 제조업 > 악기 제조업 > 기타 악기 및 전자 악기 제조업
33301,C,제조업,33,기타 제품 제조업,333,운동 및 경기용구 제조업,3330,운동 및 경기용구 제조업,"체조, 육상 및 체력 단련용 장비 제조업","제조업 > 기타 제품 제조업 > 운동 및 경기용구 제조업 > 체조, 육상 및 체력 단련용 장비 제조업"
33302,C,제조업,33,기타 제품 제조업,333,운동 및 경기용구 제조업,3330,운동 및 경기용구 제조업,놀이터용 장비 제조업,제조업 > 기타 제품 제조업 > 운동 및 경기용구 제조업 > 놀이터용 장비 제조업
33303,C,제조업,33,기타 제품 제조업,333,운동 및 경기용구 제조업,3330,운동 및 경기용구 제조업,낚시 및 수렵용구 제조업,제조업 > 기타 제품 제조업 > 운동 및 경기용구 제조업 > 낚시 및 수렵용구 제조업
33309,C,제조업,33,기타 제품 제조업,333,운동 및 경기용구 제조업,3330,운동 및 경기용구 제조업,기타 운동 및 경기용구 제조업,제조업 > 기타 제품 제조업 > 운동 및 경기용구 제조업 > 기타 운동 및 경기용구 제조업
33401,C,제조업,33,기타 제품 제조업,334,"인형, 장난감 및 오락용품 제조업",3340,"인형, 장난감 및 오락용품 제조업",인형 및 장난감 제조업,"제조업 > 기타 제품 제조업 > 인형, 장난감 및 오락용품 제조업 > 인형 및 장난감 제조업"
33402,C,제조업,33,기타 제품 제조업,334,"인형, 장난감 및 오락용품 제조업",3340,"인형, 장난감 및 오락용품 제조업",영상게임기 제조업,"제조업 > 기타 제품 제조업 > 인형, 장난감 및 오락용품 제조업 > 영상게임기 제조업"
33409,C,제조업,33,기타 제품 제조업,334,"인형, 장난감 및 오락용품 제조업",3340,"인형, 장난감 및 오락용품 제조업",기타 오락용품 제조업,"제조업 > 기타 제품 제조업 > 인형, 장난감 및 오락용품 제조업 > 기타 오락용품 제조업"
33910,C,제조업,33,기타 제품 제조업,339,그 외 기타 제품 제조업,3391,간판 및 광고물 제조업,간판 및 광고물 제조업,제조업 > 기타 제품 제조업 > 그 외 기타 제품 제조업 > 간판 및 광고물 제조업
33920,C,제조업,33,기타 제품 제조업,339,그 외 기타 제품 제조업,3392,사무 및 회화용품 제조업,사무 및 회화용품 제조업,제조업 > 기타 제품 제조업 > 그 외 기타 제품 제조업 > 사무 및 회화용품 제조업
33931,C,제조업,33,기타 제품 제조업,339,그 외 기타 제품 제조업,3393,"가발, 장식용품 및 전시용 모형 제조업",가발 및 유사 제품 제조업,"제조업 > 기타 제품 제조업 > 그 외 기타 제품 제조업 > 가발, 장식용품 및 전시용 모형 제조업 > 가발 및 유사 제품 제조업"
33932,C,제조업,33,기타 제품 제조업,339,그 외 기타 제품 제조업,3393,"가발, 장식용품 및 전시용 모형 제조업",전시용 모형 제조업,"제조업 > 기타 제품 제조업 > 그 외 기타 제품 제조업 > 가발, 장식용품 및 전시용 모형 제조업 > 전시용 모형 제조업"
33933,C,제조업,33,기타 제품 제조업,339,그 외 기타 제품 제조업,3393,"가발, 장식용품 및 전시용 모형 제조업",표구 처리업,"제조업 > 기타 제품 제조업 > 그 외 기타 제품 제조업 > 가발, 장식용품 및 전시용 모형 제조업 > 표구 처리업"
33991,C,제조업,33,기타 제품 제조업,339,그 외 기타 제품 제조업,3399,그 외 기타 분류 안된 제품 제조업,단추 및 유사 파스너 제조업,제조업 > 기타 제품 제조업 > 그 외 기타 제품 제조업 > 그 외 기타 분류 안된 제품 제조업 > 단추 및 유사 파스너 제조업
33992,C,제조업,33,기타 제품 제조업,339,그 외 기타 제품 제조업,3399,그 외 기타 분류 안된 제품 제조업,"라이터, 연소물 및 흡연용품 제조업","제조업 > 기타 제품 제조업 > 그 외 기타 제품 제조업 > 그 외 기타 분류 안된 제품 제조업 > 라이터, 연소물 및 흡연용품 제조업"
33993,C,제조업,33,기타 제품 제조업,339,그 외 기타 제품 제조업,3399,그 외 기타 분류 안된 제품 제조업,비 및 솔 제조업,제조업 > 기타 제품 제조업 > 그 외 기타 제품 제조업 > 그 외 기타 분류 안된 제품 제조업 > 비 및 솔 제조업
33999,C,제조업,33,기타 제품 제조업,339,그 외 기타 제품 제조업,3399,그 외 기타 분류 안된 제품 제조업,그 외 기타 달리 분류되지 않은 제품 제조업,제조업 > 기타 제품 제조업 > 그 외 기타 제품 제조업 > 그 외 기타 분류 안된 제품 제조업 > 그 외 기타 달리 분류되지 않은 제품 제조업
34011,C,제조업,34,산업용 기계 및 장비 수리업,340,산업용 기계 및 장비 수리업,3401,일반 기계류 수리업,건설ㆍ광업용 기계 및 장비 수리업,제조업 > 산업용 기계 및 장비 수리업 > 일반 기계류 수리업 > 건설ㆍ광업용 기계 및 장비 수리업
34019,C,제조업,34,산업용 기계 및 장비 수리업,340,산업용 기계 및 장비 수리업,3401,일반 기계류 수리업,기타 일반 기계 및 장비 수리업,제조업 > 산업용 기계 및 장비 수리업 > 일반 기계류 수리업 > 기타 일반 기계 및 장비 수리업
34020,C,제조업,34,산업용 기계 및 장비 수리업,340,산업용 기계 및 장비 수리업,3402,전기ㆍ전자 및 정밀 기기 수리업,전기ㆍ전자 및 정밀 기기 수리업,제조업 > 산업용 기계 및 장비 수리업 > 전기ㆍ전자 및 정밀 기기 수리업
35111,D,"전기, 가스, 증기 및 공기 조절 공급업",35,"전기, 가스, 증기 및 공기 조절 공급업",351,전기업,3511,발전업,원자력 발전업,"전기, 가스, 증기 및 공기 조절 공급업 > 전기업 > 발전업 > 원자력 발전업"
35112,D,"전기, 가스, 증기 및 공기 조절 공급업",35,"전기, 가스, 증기 및 공기 조절 공급업",351,전기업,3511,발전업,수력 발전업,"전기, 가스, 증기 및 공기 조절 공급업 > 전기업 > 발전업 > 수력 발전업"
35113,D,"전기, 가스, 증기 및 공기 조절 공급업",35,"전기, 가스, 증기 및 공기 조절 공급업",351,전기업,3511,발전업,화력 발전업,"전기, 가스, 증기 및 공기 조절 공급업 > 전기업 > 발전업 > 화력 발전업"
35114,D,"전기, 가스, 증기 및 공기 조절 공급업",35,"전기, 가스, 증기 및 공기 조절 공급업",351,전기업,3511,발전업,태양력 발전업,"전기, 가스, 증기 및 공기 조절 공급업 > 전기업 > 발전업 > 태양력 발전업"
35115,D,"전기, 가스, 증기 및 공기 조절 공급업",35,"전기, 가스, 증기 및 공기 조절 공급업",351,전기업,3511,발전업,풍력 발전업,"전기, 가스, 증기 및 공기 조절 공급업 > 전기업 > 발전업 > 풍력 발전업"
35119,D,"전기, 가스, 증기 및 공기 조절 공급업",35,"전기, 가스, 증기 및 공기 조절 공급업",351,전기업,3511,발전업,기타 발전업,"전기, 가스, 증기 및 공기 조절 공급업 > 전기업 > 발전업 > 기타 발전업"
35120,D,"전기, 가스, 증기 및 공기 조절 공급업",35,"전기, 가스, 증기 및 공기 조절 공급업",351,전기업,3512,송전 및 배전업,송전 및 배전업,"전기, 가스, 증기 및 공기 조절 공급업 > 전기업 > 송전 및 배전업"
35130,D,"전기, 가스, 증기 및 공기 조절 공급업",35,"전기, 가스, 증기 및 공기 조절 공급업",351,전기업,3513,전기 판매업,전기 판매업,"전기, 가스, 증기 및 공기 조절 공급업 > 전기업 > 전기 판매업"
35200,D,"전기, 가스, 증기 및 공기 조절 공급업",35,"전기, 가스, 증기 및 공기 조절 공급업",352,연료용 가스 제조 및 배관공급업,3520,연료용 가스 제조 및 배관공급업,연료용 가스 제조 및 배관공급업,"전기, 가스, 증기 및 공기 조절 공급업 > 연료용 가스 제조 및 배관공급업"
35300,D,"전기, 가스, 증기 및 공기 조절 공급업",35,"전기, 가스, 증기 및 공기 조절 공급업",353,"증기, 냉ㆍ온수 및 공기 조절 공급업",3530,"증기, 냉ㆍ온수 및 공기 조절 공급업","증기, 냉ㆍ온수 및 공기 조절 공급업","전기, 가스, 증기 및 공기 조절 공급업 > 증기, 냉ㆍ온수 및 공기 조절 공급업"
36010,E,"수도, 하수 및 폐기물 처리, 원료 재생업",36,수도업,360,수도업,3601,생활용수 공급업,생활용수 공급업,"수도, 하수 및 폐기물 처리, 원료 재생업 > 수도업 > 생활용수 공급업"
36020,E,"수도, 하수 및 폐기물 처리, 원료 재생업",36,수도업,360,수도업,3602,산업용수 공급업,산업용수 공급업,"수도, 하수 및 폐기물 처리, 원료 재생업 > 수도업 > 산업용수 공급업"
37011,E,"수도, 하수 및 폐기물 처리, 원료 재생업",37,"하수, 폐수 및 분뇨 처리업",370,"하수, 폐수 및 분뇨 처리업",3701,하수 및 폐수 처리업,하수 처리업,"수도, 하수 및 폐기물 처리, 원료 재생업 > 하수, 폐수 및 분뇨 처리업 > 하수 및 폐수 처리업 > 하수 처리업"
37012,E,"수도, 하수 및 폐기물 처리, 원료 재생업",37,"하수, 폐수 및 분뇨 처리업",370,"하수, 폐수 및 분뇨 처리업",3701,하수 및 폐수 처리업,폐수 처리업,"수도, 하수 및 폐기물 처리, 원료 재생업 > 하수, 폐수 및 분뇨 처리업 > 하수 및 폐수 처리업 > 폐수 처리업"
37021,E,"수도, 하수 및 폐기물 처리, 원료 재생업",37,"하수, 폐수 및 분뇨 처리업",370,"하수, 폐수 및 분뇨 처리업",3702,분뇨 처리업,사람 분뇨 처리업,"수도, 하수 및 폐기물 처리, 원료 재생업 > 하수, 폐수 및 분뇨 처리업 > 분뇨 처리업 > 사람 분뇨 처리업"
37022,E,"수도, 하수 및 폐기물 처리, 원료 재생업",37,"하수, 폐수 및 분뇨 처리업",370,"하수, 폐수 및 분뇨 처리업",3702,분뇨 처리업,축산 분뇨 처리업,"수도, 하수 및 폐기물 처리, 원료 재생업 > 하수, 폐수 및 분뇨 처리업 > 분뇨 처리업 > 축산 분뇨 처리업"
38110,E,"수도, 하수 및 폐기물 처리, 원료 재생업",38,"폐기물 수집, 운반, 처리 및 원료 재생업",381,"폐기물 수집, 운반업",3811,"지정 외 폐기물 수집, 운반업","지정 외 폐기물 수집, 운반업","수도, 하수 및 폐기물 처리, 원료 재생업 > 폐기물 수집, 운반, 처리 및 원료 재생업 > 폐기물 수집, 운반업 > 지정 외 폐기물 수집, 운반업"
38120,E,"수도, 하수 및 폐기물 처리, 원료 재생업",38,"폐기물 수집, 운반, 처리 및 원료 재생업",381,"폐기물 수집, 운반업",3812,"지정 폐기물 수집, 운반업","지정 폐기물 수집, 운반업","수도, 하수 및 폐기물 처리, 원료 재생업 > 폐기물 수집, 운반, 처리 및 원료 재생업 > 폐기물 수집, 운반업 > 지정 폐기물 수집, 운반업"
38130,E,"수도, 하수 및 폐기물 처리, 원료 재생업",38,"폐기물 수집, 운반, 처리 및 원료 재생업",381,"폐기물 수집, 운반업",3813,"건설 폐기물 수집, 운반업","건설 폐기물 수집, 운반업","수도, 하수 및 폐기물 처리, 원료 재생업 > 폐기물 수집, 운반, 처리 및 원료 재생업 > 폐기물 수집, 운반업 > 건설 폐기물 수집, 운반업"
38210,E,"수도, 하수 및 폐기물 처리, 원료 재생업",38,"폐기물 수집, 운반, 처리 및 원료 재생업",382,폐기물 처리업,3821,지정 외 폐기물 처리업,지정 외 폐기물 처리업,"수도, 하수 및 폐기물 처리, 원료 재생업 > 폐기물 수집, 운반, 처리 및 원료 재생업 > 폐기물 처리업 > 지정 외 폐기물 처리업"
38220,E,"수도, 하수 및 폐기물 처리, 원료 재생업",38,"폐기물 수집, 운반, 처리 및 원료 재생업",382,폐기물 처리업,3822,지정 폐기물 처리업,지정 폐기물 처리업,"수도, 하수 및 폐기물 처리, 원료 재생업 > 폐기물 수집, 운반, 처리 및 원료 재생업 > 폐기물 처리업 > 지정 폐기물 처리업"
38230,E,"수도, 하수 및 폐기물 처리, 원료 재생업",38,"폐기물 수집, 운반, 처리 및 원료 재생업",382,폐기물 처리업,3823,건설 폐기물 처리업,건설 폐기물 처리업,"수도, 하수 및 폐기물 처리, 원료 재생업 > 폐기물 수집, 운반, 처리 및 원료 재생업 > 폐기물 처리업 > 건설 폐기물 처리업"
38240,E,"수도, 하수 및 폐기물 처리, 원료 재생업",38,"폐기물 수집, 운반, 처리 및 원료 재생업",382,폐기물 처리업,3824,"방사성 폐기물 수집, 운반 및 처리업","방사성 폐기물 수집, 운반 및 처리업","수도, 하수 및 폐기물 처리, 원료 재생업 > 폐기물 수집, 운반, 처리 및 원료 재생업 > 폐기물 처리업 > 방사성 폐기물 수집, 운반 및 처리업"
38311,E,"수도, 하수 및 폐기물 처리, 원료 재생업",38,"폐기물 수집, 운반, 처리 및 원료 재생업",383,"해체, 선별 및 원료 재생업",3831,"금속류 해체, 선별 및 원료 재생업",금속류 해체 및 선별업,"수도, 하수 및 폐기물 처리, 원료 재생업 > 폐기물 수집, 운반, 처리 및 원료 재생업 > 해체, 선별 및 원료 재생업 > 금속류 해체, 선별 및 원료 재생업 > 금속류 해체 및 선별업"
38312,E,"수도, 하수 및 폐기물 처리, 원료 재생업",38,"폐기물 수집, 운반, 처리 및 원료 재생업",383,"해체, 선별 및 원료 재생업",3831,"금속류 해체, 선별 및 원료 재생업",금속류 원료 재생업,"수도, 하수 및 폐기물 처리, 원료 재생업 > 폐기물 수집, 운반, 처리 및 원료 재생업 > 해체, 선별 및 원료 재생업 > 금속류 해체, 선별 및 원료 재생업 > 금속류 원료 재생업"
38321,E,"수도, 하수 및 폐기물 처리, 원료 재생업",38,"폐기물 수집, 운반, 처리 및 원료 재생업",383,"해체, 선별 및 원료 재생업",3832,"비금속류 해체, 선별 및 원료 재생업",비금속류 해체 및 선별업,"수도, 하수 및 폐기물 처리, 원료 재생업 > 폐기물 수집, 운반, 처리 및 원료 재생업 > 해체, 선별 및 원료 재생업 > 비금속류 해체, 선별 및 원료 재생업 > 비금속류 해체 및 선별업"
38322,E,"수도, 하수 및 폐기물 처리, 원료 재생업",38,"폐기물 수집, 운반, 처리 및 원료 재생업",383,"해체, 선별 및 원료 재생업",3832,"비금속류 해체, 선별 및 원료 재생업",비금속류 원료 재생업,"수도, 하수 및 폐기물 처리, 원료 재생업 > 폐기물 수집, 운반, 처리 및 원료 재생업 > 해체, 선별 및 원료 재생업 > 비금속류 해체, 선별 및 원료 재생업 > 비금속류 원료 재생업"
39001,E,"수도, 하수 및 폐기물 처리, 원료 재생업",39,환경 정화 및 복원업,390,환경 정화 및 복원업,3900,환경 정화 및 복원업,토양 및 지하수 정화업,"수도, 하수 및 폐기물 처리, 원료 재생업 > 환경 정화 및 복원업 > 토양 및 지하수 정화업"
39009,E,"수도, 하수 및 폐기물 처리, 원료 재생업",39,환경 정화 및 복원업,390,환경 정화 및 복원업,3900,환경 정화 및 복원업,기타 환경 정화 및 복원업,"수도, 하수 및 폐기물 처리, 원료 재생업 > 환경 정화 및 복원업 > 기타 환경 정화 및 복원업"
41111,F,건설업,41,종합 건설업,411,건물 건설업,4111,주거용 건물 건설업,단독 주택 건설업,건설업 > 종합 건설업 > 건물 건설업 > 주거용 건물 건설업 > 단독 주택 건설업
41112,F,건설업,41,종합 건설업,411,건물 건설업,4111,주거용 건물 건설업,아파트 건설업,건설업 > 종합 건설업 > 건물 건설업 > 주거용 건물 건설업 > 아파트 건설업
41119,F,건설업,41,종합 건설업,411,건물 건설업,4111,주거용 건물 건설업,기타 공동 주택 건설업,건설업 > 종합 건설업 > 건물 건설업 > 주거용 건물 건설업 > 기타 공동 주택 건설업
41121,F,건설업,41,종합 건설업,411,건물 건설업,4112,비주거용 건물 건설업,사무ㆍ상업용 및 공공기관용 건물 건설업,건설업 > 종합 건설업 > 건물 건설업 > 비주거용 건물 건설업 > 사무ㆍ상업용 및 공공기관용 건물 건설업
41122,F,건설업,41,종합 건설업,411,건물 건설업,4112,비주거용 건물 건설업,제조업 및 유사 산업용 건물 건설업,건설업 > 종합 건설업 > 건물 건설업 > 비주거용 건물 건설업 > 제조업 및 유사 산업용 건물 건설업
41129,F,건설업,41,종합 건설업,411,건물 건설업,4112,비주거용 건물 건설업,기타 비주거용 건물 건설업,건설업 > 종합 건설업 > 건물 건설업 > 비주거용 건물 건설업 > 기타 비주거용 건물 건설업
41210,F,건설업,41,종합 건설업,412,토목 건설업,4121,지반조성 건설업,지반조성 건설업,건설업 > 종합 건설업 > 토목 건설업 > 지반조성 건설업
41221,F,건설업,41,종합 건설업,412,토목 건설업,4122,토목 시설물 건설업,도로 건설업,건설업 > 종합 건설업 > 토목 건설업 > 토목 시설물 건설업 > 도로 건설업
41222,F,건설업,41,종합 건설업,412,토목 건설업,4122,토목 시설물 건설업,"교량, 터널 및 철도 건설업","건설업 > 종합 건설업 > 토목 건설업 > 토목 시설물 건설업 > 교량, 터널 및 철도 건설업"
41223,F,건설업,41,종합 건설업,412,토목 건설업,4122,토목 시설물 건설업,"항만, 수로, 댐 및 유사 구조물 건설업","건설업 > 종합 건설업 > 토목 건설업 > 토목 시설물 건설업 > 항만, 수로, 댐 및 유사 구조물 건설업"
41224,F,건설업,41,종합 건설업,412,토목 건설업,4122,토목 시설물 건설업,환경설비 건설업,건설업 > 종합 건설업 > 토목 건설업 > 토목 시설물 건설업 > 환경설비 건설업
41225,F,건설업,41,종합 건설업,412,토목 건설업,4122,토목 시설물 건설업,산업 생산시설 종합 건설업,건설업 > 종합 건설업 > 토목 건설업 > 토목 시설물 건설업 > 산업 생산시설 종합 건설업
41226,F,건설업,41,종합 건설업,412,토목 건설업,4122,토목 시설물 건설업,조경 건설업,건설업 > 종합 건설업 > 토목 건설업 > 토목 시설물 건설업 > 조경 건설업
41229,F,건설업,41,종합 건설업,412,토목 건설업,4122,토목 시설물 건설업,기타 토목 시설물 건설업,건설업 > 종합 건설업 > 토목 건설업 > 토목 시설물 건설업 > 기타 토목 시설물 건설업
42110,F,건설업,42,전문직별 공사업,421,기반조성 및 시설물 축조관련 전문공사업,4211,건물 및 구축물 해체 공사업,건물 및 구축물 해체 공사업,건설업 > 전문직별 공사업 > 기반조성 및 시설물 축조관련 전문공사업 > 건물 및 구축물 해체 공사업
42121,F,건설업,42,전문직별 공사업,421,기반조성 및 시설물 축조관련 전문공사업,4212,기반조성 관련 전문공사업,토공사업,건설업 > 전문직별 공사업 > 기반조성 및 시설물 축조관련 전문공사업 > 기반조성 관련 전문공사업 > 토공사업
42122,F,건설업,42,전문직별 공사업,421,기반조성 및 시설물 축조관련 전문공사업,4212,기반조성 관련 전문공사업,"보링, 그라우팅 및 관정 공사업","건설업 > 전문직별 공사업 > 기반조성 및 시설물 축조관련 전문공사업 > 기반조성 관련 전문공사업 > 보링, 그라우팅 및 관정 공사업"
42123,F,건설업,42,전문직별 공사업,421,기반조성 및 시설물 축조관련 전문공사업,4212,기반조성 관련 전문공사업,파일공사 및 축조관련 기초 공사업,건설업 > 전문직별 공사업 > 기반조성 및 시설물 축조관련 전문공사업 > 기반조성 관련 전문공사업 > 파일공사 및 축조관련 기초 공사업
42129,F,건설업,42,전문직별 공사업,421,기반조성 및 시설물 축조관련 전문공사업,4212,기반조성 관련 전문공사업,기타 기반조성 관련 전문공사업,건설업 > 전문직별 공사업 > 기반조성 및 시설물 축조관련 전문공사업 > 기반조성 관련 전문공사업 > 기타 기반조성 관련 전문공사업
42131,F,건설업,42,전문직별 공사업,421,기반조성 및 시설물 축조관련 전문공사업,4213,"철골, 철근 및 콘크리트 공사업",철골 및 관련 구조물 공사업,"건설업 > 전문직별 공사업 > 기반조성 및 시설물 축조관련 전문공사업 > 철골, 철근 및 콘크리트 공사업 > 철골 및 관련 구조물 공사업"
42132,F,건설업,42,전문직별 공사업,421,기반조성 및 시설물 축조관련 전문공사업,4213,"철골, 철근 및 콘크리트 공사업",콘크리트 및 철근 공사업,"건설업 > 전문직별 공사업 > 기반조성 및 시설물 축조관련 전문공사업 > 철골, 철근 및 콘크리트 공사업 > 콘크리트 및 철근 공사업"
42191,F,건설업,42,전문직별 공사업,421,기반조성 및 시설물 축조관련 전문공사업,4219,기타 시설물 축조 관련 전문공사업,조적 및 석공사업,건설업 > 전문직별 공사업 > 기반조성 및 시설물 축조관련 전문공사업 > 기타 시설물 축조 관련 전문공사업 > 조적 및 석공사업
42192,F,건설업,42,전문직별 공사업,421,기반조성 및 시설물 축조관련 전문공사업,4219,기타 시설물 축조 관련 전문공사업,포장 공사업,건설업 > 전문직별 공사업 > 기반조성 및 시설물 축조관련 전문공사업 > 기타 시설물 축조 관련 전문공사업 > 포장 공사업
42193,F,건설업,42,전문직별 공사업,421,기반조성 및 시설물 축조관련 전문공사업,4219,기타 시설물 축조 관련 전문공사업,철도 궤도 전문공사업,건설업 > 전문직별 공사업 > 기반조성 및 시설물 축조관련 전문공사업 > 기타 시설물 축조 관련 전문공사업 > 철도 궤도 전문공사업
42194,F,건설업,42,전문직별 공사업,421,기반조성 및 시설물 축조관련 전문공사업,4219,기타 시설물 축조 관련 전문공사업,수중 공사업,건설업 > 전문직별 공사업 > 기반조성 및 시설물 축조관련 전문공사업 > 기타 시설물 축조 관련 전문공사업 > 수중 공사업
42195,F,건설업,42,전문직별 공사업,421,기반조성 및 시설물 축조관련 전문공사업,4219,기타 시설물 축조 관련 전문공사업,비계 및 형틀 공사업,건설업 > 전문직별 공사업 > 기반조성 및 시설물 축조관련 전문공사업 > 기타 시설물 축조 관련 전문공사업 > 비계 및 형틀 공사업
42196,F,건설업,42,전문직별 공사업,421,기반조성 및 시설물 축조관련 전문공사업,4219,기타 시설물 축조 관련 전문공사업,"지붕, 내ㆍ외벽 축조 관련 전문공사업","건설업 > 전문직별 공사업 > 기반조성 및 시설물 축조관련 전문공사업 > 기타 시설물 축조 관련 전문공사업 > 지붕, 내ㆍ외벽 축조 관련 전문공사업"
42199,F,건설업,42,전문직별 공사업,421,기반조성 및 시설물 축조관련 전문공사업,4219,기타 시설물 축조 관련 전문공사업,기타 옥외 시설물 축조관련 전문공사업,건설업 > 전문직별 공사업 > 기반조성 및 시설물 축조관련 전문공사업 > 기타 시설물 축조 관련 전문공사업 > 기타 옥외 시설물 축조관련 전문공사업
42201,F,건설업,42,전문직별 공사업,422,건물설비 설치 공사업,4220,건물설비 설치 공사업,배관 및 냉ㆍ난방 공사업,건설업 > 전문직별 공사업 > 건물설비 설치 공사업 > 배관 및 냉ㆍ난방 공사업
42202,F,건설업,42,전문직별 공사업,422,건물설비 설치 공사업,4220,건물설비 설치 공사업,건물용 기계ㆍ장비 설치 공사업,건설업 > 전문직별 공사업 > 건물설비 설치 공사업 > 건물용 기계ㆍ장비 설치 공사업
42203,F,건설업,42,전문직별 공사업,422,건물설비 설치 공사업,4220,건물설비 설치 공사업,승강설비 설치 공사업,건설업 > 전문직별 공사업 > 건물설비 설치 공사업 > 승강설비 설치 공사업
42204,F,건설업,42,전문직별 공사업,422,건물설비 설치 공사업,4220,건물설비 설치 공사업,"방음, 방진 및 내화 공사업","건설업 > 전문직별 공사업 > 건물설비 설치 공사업 > 방음, 방진 및 내화 공사업"
42205,F,건설업,42,전문직별 공사업,422,건물설비 설치 공사업,4220,건물설비 설치 공사업,소방시설 공사업,건설업 > 전문직별 공사업 > 건물설비 설치 공사업 > 소방시설 공사업
42209,F,건설업,42,전문직별 공사업,422,건물설비 설치 공사업,4220,건물설비 설치 공사업,기타 건물 관련설비 설치 공사업,건설업 > 전문직별 공사업 > 건물설비 설치 공사업 > 기타 건물 관련설비 설치 공사업
42311,F,건설업,42,전문직별 공사업,423,전기 및 통신 공사업,4231,전기 공사업,일반 전기 공사업,건설업 > 전문직별 공사업 > 전기 및 통신 공사업 > 전기 공사업 > 일반 전기 공사업
42312,F,건설업,42,전문직별 공사업,423,전기 및 통신 공사업,4231,전기 공사업,내부 전기배선 공사업,건설업 > 전문직별 공사업 > 전기 및 통신 공사업 > 전기 공사업 > 내부 전기배선 공사업
42321,F,건설업,42,전문직별 공사업,423,전기 및 통신 공사업,4232,통신 공사업,일반 통신 공사업,건설업 > 전문직별 공사업 > 전기 및 통신 공사업 > 통신 공사업 > 일반 통신 공사업
42322,F,건설업,42,전문직별 공사업,423,전기 및 통신 공사업,4232,통신 공사업,내부 통신배선 공사업,건설업 > 전문직별 공사업 > 전기 및 통신 공사업 > 통신 공사업 > 내부 통신배선 공사업
42411,F,건설업,42,전문직별 공사업,424,실내건축 및 건축마무리 공사업,4241,"도장, 도배 및 내장 공사업",도장 공사업,"건설업 > 전문직별 공사업 > 실내건축 및 건축마무리 공사업 > 도장, 도배 및 내장 공사업 > 도장 공사업"
42412,F,건설업,42,전문직별 공사업,424,실내건축 및 건축마무리 공사업,4241,"도장, 도배 및 내장 공사업","도배, 실내 장식 및 내장 목공사업","건설업 > 전문직별 공사업 > 실내건축 및 건축마무리 공사업 > 도장, 도배 및 내장 공사업 > 도배, 실내 장식 및 내장 목공사업"
42420,F,건설업,42,전문직별 공사업,424,실내건축 및 건축마무리 공사업,4242,유리 및 창호 공사업,유리 및 창호 공사업,건설업 > 전문직별 공사업 > 실내건축 및 건축마무리 공사업 > 유리 및 창호 공사업
42491,F,건설업,42,전문직별 공사업,424,실내건축 및 건축마무리 공사업,4249,기타 건축 마무리 공사업,"미장, 타일 및 방수 공사업","건설업 > 전문직별 공사업 > 실내건축 및 건축마무리 공사업 > 기타 건축 마무리 공사업 > 미장, 타일 및 방수 공사업"
42492,F,건설업,42,전문직별 공사업,424,실내건축 및 건축마무리 공사업,4249,기타 건축 마무리 공사업,건물용 금속 공작물 설치 공사업,건설업 > 전문직별 공사업 > 실내건축 및 건축마무리 공사업 > 기타 건축 마무리 공사업 > 건물용 금속 공작물 설치 공사업
42499,F,건설업,42,전문직별 공사업,424,실내건축 및 건축마무리 공사업,4249,기타 건축 마무리 공사업,그 외 기타 건축 마무리 공사업,건설업 > 전문직별 공사업 > 실내건축 및 건축마무리 공사업 > 기타 건축 마무리 공사업 > 그 외 기타 건축 마무리 공사업
42500,F,건설업,42,전문직별 공사업,425,시설물 유지관리 공사업,4250,시설물 유지관리 공사업,시설물 유지관리 공사업,건설업 > 전문직별 공사업 > 시설물 유지관리 공사업
42600,F,건설업,42,전문직별 공사업,426,건설장비 운영업,4260,건설장비 운영업,건설장비 운영업,건설업 > 전문직별 공사업 > 건설장비 운영업
45110,G,도매 및 소매업,45,자동차 및 부품 판매업,451,자동차 판매업,4511,자동차 신품 판매업,자동차 신품 판매업,도매 및 소매업 > 자동차 및 부품 판매업 > 자동차 판매업 > 자동차 신품 판매업
45120,G,도매 및 소매업,45,자동차 및 부품 판매업,451,자동차 판매업,4512,중고 자동차 판매업,중고 자동차 판매업,도매 및 소매업 > 자동차 및 부품 판매업 > 자동차 판매업 > 중고 자동차 판매업
45211,G,도매 및 소매업,45,자동차 및 부품 판매업,452,자동차 부품 및 내장품 판매업,4521,자동차 신품 부품 및 내장품 판매업,자동차 신품 타이어 및 튜브 판매업,도매 및 소매업 > 자동차 및 부품 판매업 > 자동차 부품 및 내장품 판매업 > 자동차 신품 부품 및 내장품 판매업 > 자동차 신품 타이어 및 튜브 판매업
45212,G,도매 및 소매업,45,자동차 및 부품 판매업,452,자동차 부품 및 내장품 판매업,4521,자동차 신품 부품 및 내장품 판매업,자동차용 전용 신품 부품 판매업,도매 및 소매업 > 자동차 및 부품 판매업 > 자동차 부품 및 내장품 판매업 > 자동차 신품 부품 및 내장품 판매업 > 자동차용 전용 신품 부품 판매업
45213,G,도매 및 소매업,45,자동차 및 부품 판매업,452,자동차 부품 및 내장품 판매업,4521,자동차 신품 부품 및 내장품 판매업,자동차 내장용 신품 전기ㆍ전자ㆍ정밀기기 판매업,도매 및 소매업 > 자동차 및 부품 판매업 > 자동차 부품 및 내장품 판매업 > 자동차 신품 부품 및 내장품 판매업 > 자동차 내장용 신품 전기ㆍ전자ㆍ정밀기기 판매업
45219,G,도매 및 소매업,45,자동차 및 부품 판매업,452,자동차 부품 및 내장품 판매업,4521,자동차 신품 부품 및 내장품 판매업,기타 자동차 신품 부품 및 내장품 판매업,도매 및 소매업 > 자동차 및 부품 판매업 > 자동차 부품 및 내장품 판매업 > 자동차 신품 부품 및 내장품 판매업 > 기타 자동차 신품 부품 및 내장품 판매업
45220,G,도매 및 소매업,45,자동차 및 부품 판매업,452,자동차 부품 및 내장품 판매업,4522,자동차 중고 부품 및 내장품 판매업,자동차 중고 부품 및 내장품 판매업,도매 및 소매업 > 자동차 및 부품 판매업 > 자동차 부품 및 내장품 판매업 > 자동차 중고 부품 및 내장품 판매업
45301,G,도매 및 소매업,45,자동차 및 부품 판매업,453,모터사이클 및 부품 판매업,4530,모터사이클 및 부품 판매업,모터사이클 및 부품 도매업,도매 및 소매업 > 자동차 및 부품 판매업 > 모터사이클 및 부품 판매업 > 모터사이클 및 부품 도매업
45302,G,도매 및 소매업,45,자동차 및 부품 판매업,453,모터사이클 및 부품 판매업,4530,모터사이클 및 부품 판매업,모터사이클 및 부품 소매업,도매 및 소매업 > 자동차 및 부품 판매업 > 모터사이클 및 부품 판매업 > 모터사이클 및 부품 소매업
46101,G,도매 및 소매업,46,도매 및 상품 중개업,461,상품 중개업,4610,상품 중개업,"산업용 농ㆍ축산물, 섬유 원료 및 동물 중개업","도매 및 소매업 > 도매 및 상품 중개업 > 상품 중개업 > 산업용 농ㆍ축산물, 섬유 원료 및 동물 중개업"
46102,G,도매 및 소매업,46,도매 및 상품 중개업,461,상품 중개업,4610,상품 중개업,음ㆍ식료품 및 담배 중개업,도매 및 소매업 > 도매 및 상품 중개업 > 상품 중개업 > 음ㆍ식료품 및 담배 중개업
46103,G,도매 및 소매업,46,도매 및 상품 중개업,461,상품 중개업,4610,상품 중개업,"섬유, 의복, 신발 및 가죽제품 중개업","도매 및 소매업 > 도매 및 상품 중개업 > 상품 중개업 > 섬유, 의복, 신발 및 가죽제품 중개업"
46104,G,도매 및 소매업,46,도매 및 상품 중개업,461,상품 중개업,4610,상품 중개업,목재 및 건축자재 중개업,도매 및 소매업 > 도매 및 상품 중개업 > 상품 중개업 > 목재 및 건축자재 중개업
46105,G,도매 및 소매업,46,도매 및 상품 중개업,461,상품 중개업,4610,상품 중개업,"연료, 광물, 1차 금속, 비료 및 화학제품 중개업","도매 및 소매업 > 도매 및 상품 중개업 > 상품 중개업 > 연료, 광물, 1차 금속, 비료 및 화학제품 중개업"
46106,G,도매 및 소매업,46,도매 및 상품 중개업,461,상품 중개업,4610,상품 중개업,기계 및 장비 중개업,도매 및 소매업 > 도매 및 상품 중개업 > 상품 중개업 > 기계 및 장비 중개업
46107,G,도매 및 소매업,46,도매 및 상품 중개업,461,상품 중개업,4610,상품 중개업,그 외 기타 특정 상품 중개업,도매 및 소매업 > 도매 및 상품 중개업 > 상품 중개업 > 그 외 기타 특정 상품 중개업
46109,G,도매 및 소매업,46,도매 및 상품 중개업,461,상품 중개업,4610,상품 중개업,상품 종합 중개업,도매 및 소매업 > 도매 및 상품 중개업 > 상품 중개업 > 상품 종합 중개업
46201,G,도매 및 소매업,46,도매 및 상품 중개업,462,산업용 농ㆍ축산물 및 동ㆍ식물 도매업,4620,산업용 농ㆍ축산물 및 동ㆍ식물 도매업,곡물 및 유지작물 도매업,도매 및 소매업 > 도매 및 상품 중개업 > 산업용 농ㆍ축산물 및 동ㆍ식물 도매업 > 곡물 및 유지작물 도매업
46202,G,도매 및 소매업,46,도매 및 상품 중개업,462,산업용 농ㆍ축산물 및 동ㆍ식물 도매업,4620,산업용 농ㆍ축산물 및 동ㆍ식물 도매업,종자 및 묘목 도매업,도매 및 소매업 > 도매 및 상품 중개업 > 산업용 농ㆍ축산물 및 동ㆍ식물 도매업 > 종자 및 묘목 도매업
46203,G,도매 및 소매업,46,도매 및 상품 중개업,462,산업용 농ㆍ축산물 및 동ㆍ식물 도매업,4620,산업용 농ㆍ축산물 및 동ㆍ식물 도매업,사료 도매업,도매 및 소매업 > 도매 및 상품 중개업 > 산업용 농ㆍ축산물 및 동ㆍ식물 도매업 > 사료 도매업
46204,G,도매 및 소매업,46,도매 및 상품 중개업,462,산업용 농ㆍ축산물 및 동ㆍ식물 도매업,4620,산업용 농ㆍ축산물 및 동ㆍ식물 도매업,화훼류 및 식물 도매업,도매 및 소매업 > 도매 및 상품 중개업 > 산업용 농ㆍ축산물 및 동ㆍ식물 도매업 > 화훼류 및 식물 도매업
46205,G,도매 및 소매업,46,도매 및 상품 중개업,462,산업용 농ㆍ축산물 및 동ㆍ식물 도매업,4620,산업용 농ㆍ축산물 및 동ㆍ식물 도매업,육지동물 및 반려동물도매업,도매 및 소매업 > 도매 및 상품 중개업 > 산업용 농ㆍ축산물 및 동ㆍ식물 도매업 > 육지동물 및 반려동물도매업
46209,G,도매 및 소매업,46,도매 및 상품 중개업,462,산업용 농ㆍ축산물 및 동ㆍ식물 도매업,4620,산업용 농ㆍ축산물 및 동ㆍ식물 도매업,기타 산업용 농산물 도매업,도매 및 소매업 > 도매 및 상품 중개업 > 산업용 농ㆍ축산물 및 동ㆍ식물 도매업 > 기타 산업용 농산물 도매업
46311,G,도매 및 소매업,46,도매 및 상품 중개업,463,음ㆍ식료품 및 담배 도매업,4631,신선 식품 및 단순 가공 식품 도매업,과실류 도매업,도매 및 소매업 > 도매 및 상품 중개업 > 음ㆍ식료품 및 담배 도매업 > 신선 식품 및 단순 가공 식품 도매업 > 과실류 도매업
46312,G,도매 및 소매업,46,도매 및 상품 중개업,463,음ㆍ식료품 및 담배 도매업,4631,신선 식품 및 단순 가공 식품 도매업,"채소류, 서류 및 향신작물류 도매업","도매 및 소매업 > 도매 및 상품 중개업 > 음ㆍ식료품 및 담배 도매업 > 신선 식품 및 단순 가공 식품 도매업 > 채소류, 서류 및 향신작물류 도매업"
46313,G,도매 및 소매업,46,도매 및 상품 중개업,463,음ㆍ식료품 및 담배 도매업,4631,신선 식품 및 단순 가공 식품 도매업,육류 도매업,도매 및 소매업 > 도매 및 상품 중개업 > 음ㆍ식료품 및 담배 도매업 > 신선 식품 및 단순 가공 식품 도매업 > 육류 도매업
46314,G,도매 및 소매업,46,도매 및 상품 중개업,463,음ㆍ식료품 및 담배 도매업,4631,신선 식품 및 단순 가공 식품 도매업,건어물 및 젓갈류 도매업,도매 및 소매업 > 도매 및 상품 중개업 > 음ㆍ식료품 및 담배 도매업 > 신선 식품 및 단순 가공 식품 도매업 > 건어물 및 젓갈류 도매업
46315,G,도매 및 소매업,46,도매 및 상품 중개업,463,음ㆍ식료품 및 담배 도매업,4631,신선 식품 및 단순 가공 식품 도매업,"신선, 냉동 및 기타 수산물 도매업","도매 및 소매업 > 도매 및 상품 중개업 > 음ㆍ식료품 및 담배 도매업 > 신선 식품 및 단순 가공 식품 도매업 > 신선, 냉동 및 기타 수산물 도매업"
46319,G,도매 및 소매업,46,도매 및 상품 중개업,463,음ㆍ식료품 및 담배 도매업,4631,신선 식품 및 단순 가공 식품 도매업,기타 신선 식품 및 단순 가공 식품 도매업,도매 및 소매업 > 도매 및 상품 중개업 > 음ㆍ식료품 및 담배 도매업 > 신선 식품 및 단순 가공 식품 도매업 > 기타 신선 식품 및 단순 가공 식품 도매업
46321,G,도매 및 소매업,46,도매 및 상품 중개업,463,음ㆍ식료품 및 담배 도매업,4632,가공식품 도매업,육류 가공식품 도매업,도매 및 소매업 > 도매 및 상품 중개업 > 음ㆍ식료품 및 담배 도매업 > 가공식품 도매업 > 육류 가공식품 도매업
46322,G,도매 및 소매업,46,도매 및 상품 중개업,463,음ㆍ식료품 및 담배 도매업,4632,가공식품 도매업,수산물 가공식품 도매업,도매 및 소매업 > 도매 및 상품 중개업 > 음ㆍ식료품 및 담배 도매업 > 가공식품 도매업 > 수산물 가공식품 도매업
46323,G,도매 및 소매업,46,도매 및 상품 중개업,463,음ㆍ식료품 및 담배 도매업,4632,가공식품 도매업,"빵류, 과자류, 당류, 초콜릿 도매업","도매 및 소매업 > 도매 및 상품 중개업 > 음ㆍ식료품 및 담배 도매업 > 가공식품 도매업 > 빵류, 과자류, 당류, 초콜릿 도매업"
46324,G,도매 및 소매업,46,도매 및 상품 중개업,463,음ㆍ식료품 및 담배 도매업,4632,가공식품 도매업,낙농품 및 동ㆍ식물성 유지 도매업,도매 및 소매업 > 도매 및 상품 중개업 > 음ㆍ식료품 및 담배 도매업 > 가공식품 도매업 > 낙농품 및 동ㆍ식물성 유지 도매업
46325,G,도매 및 소매업,46,도매 및 상품 중개업,463,음ㆍ식료품 및 담배 도매업,4632,가공식품 도매업,커피 및 차류 도매업,도매 및 소매업 > 도매 및 상품 중개업 > 음ㆍ식료품 및 담배 도매업 > 가공식품 도매업 > 커피 및 차류 도매업
46326,G,도매 및 소매업,46,도매 및 상품 중개업,463,음ㆍ식료품 및 담배 도매업,4632,가공식품 도매업,조미료 도매업,도매 및 소매업 > 도매 및 상품 중개업 > 음ㆍ식료품 및 담배 도매업 > 가공식품 도매업 > 조미료 도매업
46329,G,도매 및 소매업,46,도매 및 상품 중개업,463,음ㆍ식료품 및 담배 도매업,4632,가공식품 도매업,기타 가공식품 도매업,도매 및 소매업 > 도매 및 상품 중개업 > 음ㆍ식료품 및 담배 도매업 > 가공식품 도매업 > 기타 가공식품 도매업
46331,G,도매 및 소매업,46,도매 및 상품 중개업,463,음ㆍ식료품 및 담배 도매업,4633,음료 및 담배 도매업,주류 도매업,도매 및 소매업 > 도매 및 상품 중개업 > 음ㆍ식료품 및 담배 도매업 > 음료 및 담배 도매업 > 주류 도매업
46332,G,도매 및 소매업,46,도매 및 상품 중개업,463,음ㆍ식료품 및 담배 도매업,4633,음료 및 담배 도매업,비알코올 음료 도매업,도매 및 소매업 > 도매 및 상품 중개업 > 음ㆍ식료품 및 담배 도매업 > 음료 및 담배 도매업 > 비알코올 음료 도매업
46333,G,도매 및 소매업,46,도매 및 상품 중개업,463,음ㆍ식료품 및 담배 도매업,4633,음료 및 담배 도매업,담배 도매업,도매 및 소매업 > 도매 및 상품 중개업 > 음ㆍ식료품 및 담배 도매업 > 음료 및 담배 도매업 > 담배 도매업
46411,G,도매 및 소매업,46,도매 및 상품 중개업,464,생활용품 도매업,4641,"생활용 섬유제품, 의복, 의복 액세서리 및 모피제품 도매업",생활용 섬유 및 실 도매업,"도매 및 소매업 > 도매 및 상품 중개업 > 생활용품 도매업 > 생활용 섬유제품, 의복, 의복 액세서리 및 모피제품 도매업 > 생활용 섬유 및 실 도매업"
46412,G,도매 및 소매업,46,도매 및 상품 중개업,464,생활용품 도매업,4641,"생활용 섬유제품, 의복, 의복 액세서리 및 모피제품 도매업",커튼 및 침구용품 도매업,"도매 및 소매업 > 도매 및 상품 중개업 > 생활용품 도매업 > 생활용 섬유제품, 의복, 의복 액세서리 및 모피제품 도매업 > 커튼 및 침구용품 도매업"
46413,G,도매 및 소매업,46,도매 및 상품 중개업,464,생활용품 도매업,4641,"생활용 섬유제품, 의복, 의복 액세서리 및 모피제품 도매업",남녀용 겉옷 및 셔츠 도매업,"도매 및 소매업 > 도매 및 상품 중개업 > 생활용품 도매업 > 생활용 섬유제품, 의복, 의복 액세서리 및 모피제품 도매업 > 남녀용 겉옷 및 셔츠 도매업"
46414,G,도매 및 소매업,46,도매 및 상품 중개업,464,생활용품 도매업,4641,"생활용 섬유제품, 의복, 의복 액세서리 및 모피제품 도매업",유아용 의류 도매업,"도매 및 소매업 > 도매 및 상품 중개업 > 생활용품 도매업 > 생활용 섬유제품, 의복, 의복 액세서리 및 모피제품 도매업 > 유아용 의류 도매업"
46415,G,도매 및 소매업,46,도매 및 상품 중개업,464,생활용품 도매업,4641,"생활용 섬유제품, 의복, 의복 액세서리 및 모피제품 도매업",속옷 및 잠옷 도매업,"도매 및 소매업 > 도매 및 상품 중개업 > 생활용품 도매업 > 생활용 섬유제품, 의복, 의복 액세서리 및 모피제품 도매업 > 속옷 및 잠옷 도매업"
46416,G,도매 및 소매업,46,도매 및 상품 중개업,464,생활용품 도매업,4641,"생활용 섬유제품, 의복, 의복 액세서리 및 모피제품 도매업",가죽 및 모피 제품 도매업,"도매 및 소매업 > 도매 및 상품 중개업 > 생활용품 도매업 > 생활용 섬유제품, 의복, 의복 액세서리 및 모피제품 도매업 > 가죽 및 모피 제품 도매업"
46417,G,도매 및 소매업,46,도매 및 상품 중개업,464,생활용품 도매업,4641,"생활용 섬유제품, 의복, 의복 액세서리 및 모피제품 도매업",의복 액세서리 및 모조 장신구 도매업,"도매 및 소매업 > 도매 및 상품 중개업 > 생활용품 도매업 > 생활용 섬유제품, 의복, 의복 액세서리 및 모피제품 도매업 > 의복 액세서리 및 모조 장신구 도매업"
46419,G,도매 및 소매업,46,도매 및 상품 중개업,464,생활용품 도매업,4641,"생활용 섬유제품, 의복, 의복 액세서리 및 모피제품 도매업",기타 생활용 섬유 및 직물 제품 도매업,"도매 및 소매업 > 도매 및 상품 중개업 > 생활용품 도매업 > 생활용 섬유제품, 의복, 의복 액세서리 및 모피제품 도매업 > 기타 생활용 섬유 및 직물 제품 도매업"
46420,G,도매 및 소매업,46,도매 및 상품 중개업,464,생활용품 도매업,4642,신발 도매업,신발 도매업,도매 및 소매업 > 도매 및 상품 중개업 > 생활용품 도매업 > 신발 도매업
46431,G,도매 및 소매업,46,도매 및 상품 중개업,464,생활용품 도매업,4643,"생활용 가구, 조명기구 및 비전기식 생활용기기 도매업",생활용 가구 도매업,"도매 및 소매업 > 도매 및 상품 중개업 > 생활용품 도매업 > 생활용 가구, 조명기구 및 비전기식 생활용기기 도매업 > 생활용 가구 도매업"
46432,G,도매 및 소매업,46,도매 및 상품 중개업,464,생활용품 도매업,4643,"생활용 가구, 조명기구 및 비전기식 생활용기기 도매업","전구, 램프 및 조명장치 도매업","도매 및 소매업 > 도매 및 상품 중개업 > 생활용품 도매업 > 생활용 가구, 조명기구 및 비전기식 생활용기기 도매업 > 전구, 램프 및 조명장치 도매업"
46433,G,도매 및 소매업,46,도매 및 상품 중개업,464,생활용품 도매업,4643,"생활용 가구, 조명기구 및 비전기식 생활용기기 도매업",생활용 유리ㆍ요업ㆍ목재ㆍ금속 제품 및 날붙이 도매업,"도매 및 소매업 > 도매 및 상품 중개업 > 생활용품 도매업 > 생활용 가구, 조명기구 및 비전기식 생활용기기 도매업 > 생활용 유리ㆍ요업ㆍ목재ㆍ금속 제품 및 날붙이 도매업"
46439,G,도매 및 소매업,46,도매 및 상품 중개업,464,생활용품 도매업,4643,"생활용 가구, 조명기구 및 비전기식 생활용기기 도매업",기타 비전기식 생활용 기기 및 기구 도매업,"도매 및 소매업 > 도매 및 상품 중개업 > 생활용품 도매업 > 생활용 가구, 조명기구 및 비전기식 생활용기기 도매업 > 기타 비전기식 생활용 기기 및 기구 도매업"
46441,G,도매 및 소매업,46,도매 및 상품 중개업,464,생활용품 도매업,4644,"의약품, 의료용품 및 화장품 도매업",의약품 도매업,"도매 및 소매업 > 도매 및 상품 중개업 > 생활용품 도매업 > 의약품, 의료용품 및 화장품 도매업 > 의약품 도매업"
46442,G,도매 및 소매업,46,도매 및 상품 중개업,464,생활용품 도매업,4644,"의약품, 의료용품 및 화장품 도매업",의료용품 도매업,"도매 및 소매업 > 도매 및 상품 중개업 > 생활용품 도매업 > 의약품, 의료용품 및 화장품 도매업 > 의료용품 도매업"
46443,G,도매 및 소매업,46,도매 및 상품 중개업,464,생활용품 도매업,4644,"의약품, 의료용품 및 화장품 도매업",화장품 및 화장용품 도매업,"도매 및 소매업 > 도매 및 상품 중개업 > 생활용품 도매업 > 의약품, 의료용품 및 화장품 도매업 > 화장품 및 화장용품 도매업"
46444,G,도매 및 소매업,46,도매 및 상품 중개업,464,생활용품 도매업,4644,"의약품, 의료용품 및 화장품 도매업",비누 및 세정제 도매업,"도매 및 소매업 > 도매 및 상품 중개업 > 생활용품 도매업 > 의약품, 의료용품 및 화장품 도매업 > 비누 및 세정제 도매업"
46451,G,도매 및 소매업,46,도매 및 상품 중개업,464,생활용품 도매업,4645,"생활용 포장ㆍ위생용품, 문구용품 및 출판 인쇄물 도매업","생활용 포장 및 위생용품, 봉투 및 유사 제품 도매업","도매 및 소매업 > 도매 및 상품 중개업 > 생활용품 도매업 > 생활용 포장ㆍ위생용품, 문구용품 및 출판 인쇄물 도매업 > 생활용 포장 및 위생용품, 봉투 및 유사 제품 도매업"
46452,G,도매 및 소매업,46,도매 및 상품 중개업,464,생활용품 도매업,4645,"생활용 포장ㆍ위생용품, 문구용품 및 출판 인쇄물 도매업","문구용품, 회화용품, 사무용품 도매업","도매 및 소매업 > 도매 및 상품 중개업 > 생활용품 도매업 > 생활용 포장ㆍ위생용품, 문구용품 및 출판 인쇄물 도매업 > 문구용품, 회화용품, 사무용품 도매업"
46453,G,도매 및 소매업,46,도매 및 상품 중개업,464,생활용품 도매업,4645,"생활용 포장ㆍ위생용품, 문구용품 및 출판 인쇄물 도매업","서적, 잡지 및 기타 인쇄물 도매업","도매 및 소매업 > 도매 및 상품 중개업 > 생활용품 도매업 > 생활용 포장ㆍ위생용품, 문구용품 및 출판 인쇄물 도매업 > 서적, 잡지 및 기타 인쇄물 도매업"
46461,G,도매 및 소매업,46,도매 및 상품 중개업,464,생활용품 도매업,4646,"음반 및 비디오물, 악기, 오락 및 경기용품 도매업",음반 및 비디오물 도매업,"도매 및 소매업 > 도매 및 상품 중개업 > 생활용품 도매업 > 음반 및 비디오물, 악기, 오락 및 경기용품 도매업 > 음반 및 비디오물 도매업"
46462,G,도매 및 소매업,46,도매 및 상품 중개업,464,생활용품 도매업,4646,"음반 및 비디오물, 악기, 오락 및 경기용품 도매업",악기 도매업,"도매 및 소매업 > 도매 및 상품 중개업 > 생활용품 도매업 > 음반 및 비디오물, 악기, 오락 및 경기용품 도매업 > 악기 도매업"
46463,G,도매 및 소매업,46,도매 및 상품 중개업,464,생활용품 도매업,4646,"음반 및 비디오물, 악기, 오락 및 경기용품 도매업","장난감 및 취미, 오락용품 도매업","도매 및 소매업 > 도매 및 상품 중개업 > 생활용품 도매업 > 음반 및 비디오물, 악기, 오락 및 경기용품 도매업 > 장난감 및 취미, 오락용품 도매업"
46464,G,도매 및 소매업,46,도매 및 상품 중개업,464,생활용품 도매업,4646,"음반 및 비디오물, 악기, 오락 및 경기용품 도매업",운동 및 경기용품 도매업,"도매 및 소매업 > 도매 및 상품 중개업 > 생활용품 도매업 > 음반 및 비디오물, 악기, 오락 및 경기용품 도매업 > 운동 및 경기용품 도매업"
46465,G,도매 및 소매업,46,도매 및 상품 중개업,464,생활용품 도매업,4646,"음반 및 비디오물, 악기, 오락 및 경기용품 도매업",자전거 및 기타 운송장비 도매업,"도매 및 소매업 > 도매 및 상품 중개업 > 생활용품 도매업 > 음반 및 비디오물, 악기, 오락 및 경기용품 도매업 > 자전거 및 기타 운송장비 도매업"
46491,G,도매 및 소매업,46,도매 및 상품 중개업,464,생활용품 도매업,4649,"가방, 시계, 안경 및 기타 생활용품 도매업",가방 및 보호용 케이스 도매업,"도매 및 소매업 > 도매 및 상품 중개업 > 생활용품 도매업 > 가방, 시계, 안경 및 기타 생활용품 도매업 > 가방 및 보호용 케이스 도매업"
46492,G,도매 및 소매업,46,도매 및 상품 중개업,464,생활용품 도매업,4649,"가방, 시계, 안경 및 기타 생활용품 도매업",시계 및 귀금속 제품 도매업,"도매 및 소매업 > 도매 및 상품 중개업 > 생활용품 도매업 > 가방, 시계, 안경 및 기타 생활용품 도매업 > 시계 및 귀금속 제품 도매업"
46493,G,도매 및 소매업,46,도매 및 상품 중개업,464,생활용품 도매업,4649,"가방, 시계, 안경 및 기타 생활용품 도매업","안경, 사진장비 및 광학용품 도매업","도매 및 소매업 > 도매 및 상품 중개업 > 생활용품 도매업 > 가방, 시계, 안경 및 기타 생활용품 도매업 > 안경, 사진장비 및 광학용품 도매업"
46499,G,도매 및 소매업,46,도매 및 상품 중개업,464,생활용품 도매업,4649,"가방, 시계, 안경 및 기타 생활용품 도매업",그 외 기타 생활용품 도매업,"도매 및 소매업 > 도매 및 상품 중개업 > 생활용품 도매업 > 가방, 시계, 안경 및 기타 생활용품 도매업 > 그 외 기타 생활용품 도매업"
46510,G,도매 및 소매업,46,도매 및 상품 중개업,465,기계장비 및 관련 물품 도매업,4651,"컴퓨터 및 주변장치, 소프트웨어 도매업","컴퓨터 및 주변장치, 소프트웨어 도매업","도매 및 소매업 > 도매 및 상품 중개업 > 기계장비 및 관련 물품 도매업 > 컴퓨터 및 주변장치, 소프트웨어 도매업"
46521,G,도매 및 소매업,46,도매 및 상품 중개업,465,기계장비 및 관련 물품 도매업,4652,"가전제품, 통신장비 및 부품 도매업",가전제품 및 부품 도매업,"도매 및 소매업 > 도매 및 상품 중개업 > 기계장비 및 관련 물품 도매업 > 가전제품, 통신장비 및 부품 도매업 > 가전제품 및 부품 도매업"
46522,G,도매 및 소매업,46,도매 및 상품 중개업,465,기계장비 및 관련 물품 도매업,4652,"가전제품, 통신장비 및 부품 도매업",통신ㆍ방송장비 및 부품 도매업,"도매 및 소매업 > 도매 및 상품 중개업 > 기계장비 및 관련 물품 도매업 > 가전제품, 통신장비 및 부품 도매업 > 통신ㆍ방송장비 및 부품 도매업"
46531,G,도매 및 소매업,46,도매 및 상품 중개업,465,기계장비 및 관련 물품 도매업,4653,산업용 기계 및 장비 도매업,농림업용 기계 및 장비 도매업,도매 및 소매업 > 도매 및 상품 중개업 > 기계장비 및 관련 물품 도매업 > 산업용 기계 및 장비 도매업 > 농림업용 기계 및 장비 도매업
46532,G,도매 및 소매업,46,도매 및 상품 중개업,465,기계장비 및 관련 물품 도매업,4653,산업용 기계 및 장비 도매업,건설ㆍ광업용 기계 및 장비 도매업,도매 및 소매업 > 도매 및 상품 중개업 > 기계장비 및 관련 물품 도매업 > 산업용 기계 및 장비 도매업 > 건설ㆍ광업용 기계 및 장비 도매업
46533,G,도매 및 소매업,46,도매 및 상품 중개업,465,기계장비 및 관련 물품 도매업,4653,산업용 기계 및 장비 도매업,공작용 기계 및 장비 도매업,도매 및 소매업 > 도매 및 상품 중개업 > 기계장비 및 관련 물품 도매업 > 산업용 기계 및 장비 도매업 > 공작용 기계 및 장비 도매업
46539,G,도매 및 소매업,46,도매 및 상품 중개업,465,기계장비 및 관련 물품 도매업,4653,산업용 기계 및 장비 도매업,기타 산업용 기계 및 장비 도매업,도매 및 소매업 > 도매 및 상품 중개업 > 기계장비 및 관련 물품 도매업 > 산업용 기계 및 장비 도매업 > 기타 산업용 기계 및 장비 도매업
46591,G,도매 및 소매업,46,도매 및 상품 중개업,465,기계장비 및 관련 물품 도매업,4659,기타 기계 및 장비 도매업,사무용 가구 및 기기 도매업,도매 및 소매업 > 도매 및 상품 중개업 > 기계장비 및 관련 물품 도매업 > 기타 기계 및 장비 도매업 > 사무용 가구 및 기기 도매업
46592,G,도매 및 소매업,46,도매 및 상품 중개업,465,기계장비 및 관련 물품 도매업,4659,기타 기계 및 장비 도매업,의료 기기 도매업,도매 및 소매업 > 도매 및 상품 중개업 > 기계장비 및 관련 물품 도매업 > 기타 기계 및 장비 도매업 > 의료 기기 도매업
46593,G,도매 및 소매업,46,도매 및 상품 중개업,465,기계장비 및 관련 물품 도매업,4659,기타 기계 및 장비 도매업,정밀 기기 및 과학 기기 도매업,도매 및 소매업 > 도매 및 상품 중개업 > 기계장비 및 관련 물품 도매업 > 기타 기계 및 장비 도매업 > 정밀 기기 및 과학 기기 도매업
46594,G,도매 및 소매업,46,도매 및 상품 중개업,465,기계장비 및 관련 물품 도매업,4659,기타 기계 및 장비 도매업,수송용 운송장비 도매업,도매 및 소매업 > 도매 및 상품 중개업 > 기계장비 및 관련 물품 도매업 > 기타 기계 및 장비 도매업 > 수송용 운송장비 도매업
46595,G,도매 및 소매업,46,도매 및 상품 중개업,465,기계장비 및 관련 물품 도매업,4659,기타 기계 및 장비 도매업,전기용 기계ㆍ장비 및 관련 기자재 도매업,도매 및 소매업 > 도매 및 상품 중개업 > 기계장비 및 관련 물품 도매업 > 기타 기계 및 장비 도매업 > 전기용 기계ㆍ장비 및 관련 기자재 도매업
46596,G,도매 및 소매업,46,도매 및 상품 중개업,465,기계장비 및 관련 물품 도매업,4659,기타 기계 및 장비 도매업,전지 및 케이블 도매업,도매 및 소매업 > 도매 및 상품 중개업 > 기계장비 및 관련 물품 도매업 > 기타 기계 및 장비 도매업 > 전지 및 케이블 도매업
46599,G,도매 및 소매업,46,도매 및 상품 중개업,465,기계장비 및 관련 물품 도매업,4659,기타 기계 및 장비 도매업,그 외 기타 기계 및 장비 도매업,도매 및 소매업 > 도매 및 상품 중개업 > 기계장비 및 관련 물품 도매업 > 기타 기계 및 장비 도매업 > 그 외 기타 기계 및 장비 도매업
46611,G,도매 및 소매업,46,도매 및 상품 중개업,466,"건축 자재, 철물 및 난방장치 도매업",4661,일반 건축자재 도매업,원목 및 건축관련 목제품 도매업,"도매 및 소매업 > 도매 및 상품 중개업 > 건축 자재, 철물 및 난방장치 도매업 > 일반 건축자재 도매업 > 원목 및 건축관련 목제품 도매업"
46612,G,도매 및 소매업,46,도매 및 상품 중개업,466,"건축 자재, 철물 및 난방장치 도매업",4661,일반 건축자재 도매업,"골재, 벽돌 및 시멘트 도매업","도매 및 소매업 > 도매 및 상품 중개업 > 건축 자재, 철물 및 난방장치 도매업 > 일반 건축자재 도매업 > 골재, 벽돌 및 시멘트 도매업"
46613,G,도매 및 소매업,46,도매 및 상품 중개업,466,"건축 자재, 철물 및 난방장치 도매업",4661,일반 건축자재 도매업,유리 및 창호 도매업,"도매 및 소매업 > 도매 및 상품 중개업 > 건축 자재, 철물 및 난방장치 도매업 > 일반 건축자재 도매업 > 유리 및 창호 도매업"
46621,G,도매 및 소매업,46,도매 및 상품 중개업,466,"건축 자재, 철물 및 난방장치 도매업",4662,"냉ㆍ난방장치 및 철물, 수공구 도매업",배관 및 냉ㆍ난방장치 도매업,"도매 및 소매업 > 도매 및 상품 중개업 > 건축 자재, 철물 및 난방장치 도매업 > 냉ㆍ난방장치 및 철물, 수공구 도매업 > 배관 및 냉ㆍ난방장치 도매업"
46622,G,도매 및 소매업,46,도매 및 상품 중개업,466,"건축 자재, 철물 및 난방장치 도매업",4662,"냉ㆍ난방장치 및 철물, 수공구 도매업","철물, 금속 파스너 및 수공구 도매업","도매 및 소매업 > 도매 및 상품 중개업 > 건축 자재, 철물 및 난방장치 도매업 > 냉ㆍ난방장치 및 철물, 수공구 도매업 > 철물, 금속 파스너 및 수공구 도매업"
46691,G,도매 및 소매업,46,도매 및 상품 중개업,466,"건축 자재, 철물 및 난방장치 도매업",4669,기타 건축자재 도매업,도료 도매업,"도매 및 소매업 > 도매 및 상품 중개업 > 건축 자재, 철물 및 난방장치 도매업 > 기타 건축자재 도매업 > 도료 도매업"
46692,G,도매 및 소매업,46,도매 및 상품 중개업,466,"건축 자재, 철물 및 난방장치 도매업",4669,기타 건축자재 도매업,벽지 및 장판류 도매업,"도매 및 소매업 > 도매 및 상품 중개업 > 건축 자재, 철물 및 난방장치 도매업 > 기타 건축자재 도매업 > 벽지 및 장판류 도매업"
46699,G,도매 및 소매업,46,도매 및 상품 중개업,466,"건축 자재, 철물 및 난방장치 도매업",4669,기타 건축자재 도매업,그 외 기타 건축자재 도매업,"도매 및 소매업 > 도매 및 상품 중개업 > 건축 자재, 철물 및 난방장치 도매업 > 기타 건축자재 도매업 > 그 외 기타 건축자재 도매업"
46711,G,도매 및 소매업,46,도매 및 상품 중개업,467,기타 전문 도매업,4671,"연료, 연료용 광물 및 관련제품 도매업",고체 연료 및 관련제품 도매업,"도매 및 소매업 > 도매 및 상품 중개업 > 기타 전문 도매업 > 연료, 연료용 광물 및 관련제품 도매업 > 고체 연료 및 관련제품 도매업"
46712,G,도매 및 소매업,46,도매 및 상품 중개업,467,기타 전문 도매업,4671,"연료, 연료용 광물 및 관련제품 도매업",액체 연료 및 관련제품 도매업,"도매 및 소매업 > 도매 및 상품 중개업 > 기타 전문 도매업 > 연료, 연료용 광물 및 관련제품 도매업 > 액체 연료 및 관련제품 도매업"
46713,G,도매 및 소매업,46,도매 및 상품 중개업,467,기타 전문 도매업,4671,"연료, 연료용 광물 및 관련제품 도매업",기체 연료 및 관련제품 도매업,"도매 및 소매업 > 도매 및 상품 중개업 > 기타 전문 도매업 > 연료, 연료용 광물 및 관련제품 도매업 > 기체 연료 및 관련제품 도매업"
46721,G,도매 및 소매업,46,도매 및 상품 중개업,467,기타 전문 도매업,4672,1차 금속제품 및 금속광물 도매업,1차 금속제품 도매업,도매 및 소매업 > 도매 및 상품 중개업 > 기타 전문 도매업 > 1차 금속제품 및 금속광물 도매업 > 1차 금속제품 도매업
46722,G,도매 및 소매업,46,도매 및 상품 중개업,467,기타 전문 도매업,4672,1차 금속제품 및 금속광물 도매업,금속광물 도매업,도매 및 소매업 > 도매 및 상품 중개업 > 기타 전문 도매업 > 1차 금속제품 및 금속광물 도매업 > 금속광물 도매업
46731,G,도매 및 소매업,46,도매 및 상품 중개업,467,기타 전문 도매업,4673,화학 물질 및 화학제품 도매업,"염료, 안료 및 관련제품 도매업","도매 및 소매업 > 도매 및 상품 중개업 > 기타 전문 도매업 > 화학 물질 및 화학제품 도매업 > 염료, 안료 및 관련제품 도매업"
46732,G,도매 및 소매업,46,도매 및 상품 중개업,467,기타 전문 도매업,4673,화학 물질 및 화학제품 도매업,비료 및 농약 도매업,도매 및 소매업 > 도매 및 상품 중개업 > 기타 전문 도매업 > 화학 물질 및 화학제품 도매업 > 비료 및 농약 도매업
46733,G,도매 및 소매업,46,도매 및 상품 중개업,467,기타 전문 도매업,4673,화학 물질 및 화학제품 도매업,플라스틱 물질 및 합성고무 도매업,도매 및 소매업 > 도매 및 상품 중개업 > 기타 전문 도매업 > 화학 물질 및 화학제품 도매업 > 플라스틱 물질 및 합성고무 도매업
46739,G,도매 및 소매업,46,도매 및 상품 중개업,467,기타 전문 도매업,4673,화학 물질 및 화학제품 도매업,기타 화학 물질 및 화학제품 도매업,도매 및 소매업 > 도매 및 상품 중개업 > 기타 전문 도매업 > 화학 물질 및 화학제품 도매업 > 기타 화학 물질 및 화학제품 도매업
46741,G,도매 및 소매업,46,도매 및 상품 중개업,467,기타 전문 도매업,4674,"방직용 섬유, 실 및 직물 도매업",방직용 섬유 및 실 도매업,"도매 및 소매업 > 도매 및 상품 중개업 > 기타 전문 도매업 > 방직용 섬유, 실 및 직물 도매업 > 방직용 섬유 및 실 도매업"
46742,G,도매 및 소매업,46,도매 및 상품 중개업,467,기타 전문 도매업,4674,"방직용 섬유, 실 및 직물 도매업",직물 도매업,"도매 및 소매업 > 도매 및 상품 중개업 > 기타 전문 도매업 > 방직용 섬유, 실 및 직물 도매업 > 직물 도매업"
46750,G,도매 및 소매업,46,도매 및 상품 중개업,467,기타 전문 도매업,4675,"종이 원지, 판지, 종이상자 도매업","종이 원지, 판지, 종이상자 도매업","도매 및 소매업 > 도매 및 상품 중개업 > 기타 전문 도매업 > 종이 원지, 판지, 종이상자 도매업"
46791,G,도매 및 소매업,46,도매 및 상품 중개업,467,기타 전문 도매업,4679,재생용 재료 및 기타 상품 전문 도매업,재생용 재료 수집 및 판매업,도매 및 소매업 > 도매 및 상품 중개업 > 기타 전문 도매업 > 재생용 재료 및 기타 상품 전문 도매업 > 재생용 재료 수집 및 판매업
46799,G,도매 및 소매업,46,도매 및 상품 중개업,467,기타 전문 도매업,4679,재생용 재료 및 기타 상품 전문 도매업,그 외 기타 상품 전문 도매업,도매 및 소매업 > 도매 및 상품 중개업 > 기타 전문 도매업 > 재생용 재료 및 기타 상품 전문 도매업 > 그 외 기타 상품 전문 도매업
46800,G,도매 및 소매업,46,도매 및 상품 중개업,468,상품 종합 도매업,4680,상품 종합 도매업,상품 종합 도매업,도매 및 소매업 > 도매 및 상품 중개업 > 상품 종합 도매업
47111,G,도매 및 소매업,47,소매업; 자동차 제외,471,종합 소매업,4711,대형 종합 소매업,백화점,도매 및 소매업 > 소매업; 자동차 제외 > 종합 소매업 > 대형 종합 소매업 > 백화점
47112,G,도매 및 소매업,47,소매업; 자동차 제외,471,종합 소매업,4711,대형 종합 소매업,대형 마트,도매 및 소매업 > 소매업; 자동차 제외 > 종합 소매업 > 대형 종합 소매업 > 대형 마트
47119,G,도매 및 소매업,47,소매업; 자동차 제외,471,종합 소매업,4711,대형 종합 소매업,기타 대형 종합 소매업,도매 및 소매업 > 소매업; 자동차 제외 > 종합 소매업 > 대형 종합 소매업 > 기타 대형 종합 소매업
47121,G,도매 및 소매업,47,소매업; 자동차 제외,471,종합 소매업,4712,음ㆍ식료품 위주 종합 소매업,슈퍼마켓,도매 및 소매업 > 소매업; 자동차 제외 > 종합 소매업 > 음ㆍ식료품 위주 종합 소매업 > 슈퍼마켓
47122,G,도매 및 소매업,47,소매업; 자동차 제외,471,종합 소매업,4712,음ㆍ식료품 위주 종합 소매업,체인화 편의점,도매 및 소매업 > 소매업; 자동차 제외 > 종합 소매업 > 음ㆍ식료품 위주 종합 소매업 > 체인화 편의점
47129,G,도매 및 소매업,47,소매업; 자동차 제외,471,종합 소매업,4712,음ㆍ식료품 위주 종합 소매업,기타 음ㆍ식료품 위주 종합 소매업,도매 및 소매업 > 소매업; 자동차 제외 > 종합 소매업 > 음ㆍ식료품 위주 종합 소매업 > 기타 음ㆍ식료품 위주 종합 소매업
47130,G,도매 및 소매업,47,소매업; 자동차 제외,471,종합 소매업,4713,면세점,면세점,도매 및 소매업 > 소매업; 자동차 제외 > 종합 소매업 > 면세점
47190,G,도매 및 소매업,47,소매업; 자동차 제외,471,종합 소매업,4719,그 외 기타 종합 소매업,그 외 기타 종합 소매업,도매 및 소매업 > 소매업; 자동차 제외 > 종합 소매업 > 그 외 기타 종합 소매업
47211,G,도매 및 소매업,47,소매업; 자동차 제외,472,음ㆍ식료품 및 담배 소매업,4721,신선식품 및 단순 가공식품 소매업,"곡물, 곡분 및 가축 사료 소매업","도매 및 소매업 > 소매업; 자동차 제외 > 음ㆍ식료품 및 담배 소매업 > 신선식품 및 단순 가공식품 소매업 > 곡물, 곡분 및 가축 사료 소매업"
47212,G,도매 및 소매업,47,소매업; 자동차 제외,472,음ㆍ식료품 및 담배 소매업,4721,신선식품 및 단순 가공식품 소매업,육류 소매업,도매 및 소매업 > 소매업; 자동차 제외 > 음ㆍ식료품 및 담배 소매업 > 신선식품 및 단순 가공식품 소매업 > 육류 소매업
47213,G,도매 및 소매업,47,소매업; 자동차 제외,472,음ㆍ식료품 및 담배 소매업,4721,신선식품 및 단순 가공식품 소매업,건어물 및 젓갈류 소매업,도매 및 소매업 > 소매업; 자동차 제외 > 음ㆍ식료품 및 담배 소매업 > 신선식품 및 단순 가공식품 소매업 > 건어물 및 젓갈류 소매업
47214,G,도매 및 소매업,47,소매업; 자동차 제외,472,음ㆍ식료품 및 담배 소매업,4721,신선식품 및 단순 가공식품 소매업,"신선, 냉동 및 기타 수산물 소매업","도매 및 소매업 > 소매업; 자동차 제외 > 음ㆍ식료품 및 담배 소매업 > 신선식품 및 단순 가공식품 소매업 > 신선, 냉동 및 기타 수산물 소매업"
47215,G,도매 및 소매업,47,소매업; 자동차 제외,472,음ㆍ식료품 및 담배 소매업,4721,신선식품 및 단순 가공식품 소매업,"채소, 과실 및 뿌리작물 소매업","도매 및 소매업 > 소매업; 자동차 제외 > 음ㆍ식료품 및 담배 소매업 > 신선식품 및 단순 가공식품 소매업 > 채소, 과실 및 뿌리작물 소매업"
47219,G,도매 및 소매업,47,소매업; 자동차 제외,472,음ㆍ식료품 및 담배 소매업,4721,신선식품 및 단순 가공식품 소매업,기타 신선식품 및 단순 가공식품 소매업,도매 및 소매업 > 소매업; 자동차 제외 > 음ㆍ식료품 및 담배 소매업 > 신선식품 및 단순 가공식품 소매업 > 기타 신선식품 및 단순 가공식품 소매업
47221,G,도매 및 소매업,47,소매업; 자동차 제외,472,음ㆍ식료품 및 담배 소매업,4722,가공식품 소매업,"빵류, 과자류 및 당류 소매업","도매 및 소매업 > 소매업; 자동차 제외 > 음ㆍ식료품 및 담배 소매업 > 가공식품 소매업 > 빵류, 과자류 및 당류 소매업"
47222,G,도매 및 소매업,47,소매업; 자동차 제외,472,음ㆍ식료품 및 담배 소매업,4722,가공식품 소매업,건강 보조식품 소매업,도매 및 소매업 > 소매업; 자동차 제외 > 음ㆍ식료품 및 담배 소매업 > 가공식품 소매업 > 건강 보조식품 소매업
47223,G,도매 및 소매업,47,소매업; 자동차 제외,472,음ㆍ식료품 및 담배 소매업,4722,가공식품 소매업,조리 반찬류 소매업,도매 및 소매업 > 소매업; 자동차 제외 > 음ㆍ식료품 및 담배 소매업 > 가공식품 소매업 > 조리 반찬류 소매업
47229,G,도매 및 소매업,47,소매업; 자동차 제외,472,음ㆍ식료품 및 담배 소매업,4722,가공식품 소매업,기타 가공식품 소매업,도매 및 소매업 > 소매업; 자동차 제외 > 음ㆍ식료품 및 담배 소매업 > 가공식품 소매업 > 기타 가공식품 소매업
47231,G,도매 및 소매업,47,소매업; 자동차 제외,472,음료 소매업,4723,음료 및 담배 소매업,음료 소매업,도매 및 소매업 > 소매업; 자동차 제외 > 음료 소매업 > 음료 및 담배 소매업 > 음료 소매업
47232,G,도매 및 소매업,47,소매업; 자동차 제외,472,음ㆍ식료품 및 담배 소매업,4723,음료 및 담배 소매업,담배 소매업,도매 및 소매업 > 소매업; 자동차 제외 > 음ㆍ식료품 및 담배 소매업 > 음료 및 담배 소매업 > 담배 소매업
47311,G,도매 및 소매업,47,소매업; 자동차 제외,473,가전제품 및 정보 통신장비 소매업,4731,"컴퓨터 및 주변장치, 소프트웨어 및 통신기기 소매업","컴퓨터 및 주변장치, 소프트웨어 소매업","도매 및 소매업 > 소매업; 자동차 제외 > 가전제품 및 정보 통신장비 소매업 > 컴퓨터 및 주변장치, 소프트웨어 및 통신기기 소매업 > 컴퓨터 및 주변장치, 소프트웨어 소매업"
47312,G,도매 및 소매업,47,소매업; 자동차 제외,473,가전제품 및 정보 통신장비 소매업,4731,"컴퓨터 및 주변장치, 소프트웨어 및 통신기기 소매업",통신기기 소매업,"도매 및 소매업 > 소매업; 자동차 제외 > 가전제품 및 정보 통신장비 소매업 > 컴퓨터 및 주변장치, 소프트웨어 및 통신기기 소매업 > 통신기기 소매업"
47320,G,도매 및 소매업,47,소매업; 자동차 제외,473,가전제품 및 정보 통신장비 소매업,4732,가전제품 소매업,가전제품 소매업,도매 및 소매업 > 소매업; 자동차 제외 > 가전제품 및 정보 통신장비 소매업 > 가전제품 소매업
47411,G,도매 및 소매업,47,소매업; 자동차 제외,474,"섬유, 의복, 신발 및 가죽제품 소매업",4741,의복 소매업,남자용 겉옷 소매업,"도매 및 소매업 > 소매업; 자동차 제외 > 섬유, 의복, 신발 및 가죽제품 소매업 > 의복 소매업 > 남자용 겉옷 소매업"
47412,G,도매 및 소매업,47,소매업; 자동차 제외,474,"섬유, 의복, 신발 및 가죽제품 소매업",4741,의복 소매업,여자용 겉옷 소매업,"도매 및 소매업 > 소매업; 자동차 제외 > 섬유, 의복, 신발 및 가죽제품 소매업 > 의복 소매업 > 여자용 겉옷 소매업"
47413,G,도매 및 소매업,47,소매업; 자동차 제외,474,"섬유, 의복, 신발 및 가죽제품 소매업",4741,의복 소매업,속옷 및 잠옷 소매업,"도매 및 소매업 > 소매업; 자동차 제외 > 섬유, 의복, 신발 및 가죽제품 소매업 > 의복 소매업 > 속옷 및 잠옷 소매업"
47414,G,도매 및 소매업,47,소매업; 자동차 제외,474,"섬유, 의복, 신발 및 가죽제품 소매업",4741,의복 소매업,셔츠 및 블라우스 소매업,"도매 및 소매업 > 소매업; 자동차 제외 > 섬유, 의복, 신발 및 가죽제품 소매업 > 의복 소매업 > 셔츠 및 블라우스 소매업"
47415,G,도매 및 소매업,47,소매업; 자동차 제외,474,"섬유, 의복, 신발 및 가죽제품 소매업",4741,의복 소매업,한복 소매업,"도매 및 소매업 > 소매업; 자동차 제외 > 섬유, 의복, 신발 및 가죽제품 소매업 > 의복 소매업 > 한복 소매업"
47416,G,도매 및 소매업,47,소매업; 자동차 제외,474,"섬유, 의복, 신발 및 가죽제품 소매업",4741,의복 소매업,가죽 및 모피 의복 소매업,"도매 및 소매업 > 소매업; 자동차 제외 > 섬유, 의복, 신발 및 가죽제품 소매업 > 의복 소매업 > 가죽 및 모피 의복 소매업"
47417,G,도매 및 소매업,47,소매업; 자동차 제외,474,"섬유, 의복, 신발 및 가죽제품 소매업",4741,의복 소매업,유아용 의류 소매업,"도매 및 소매업 > 소매업; 자동차 제외 > 섬유, 의복, 신발 및 가죽제품 소매업 > 의복 소매업 > 유아용 의류 소매업"
47419,G,도매 및 소매업,47,소매업; 자동차 제외,474,"섬유, 의복, 신발 및 가죽제품 소매업",4741,의복 소매업,기타 의복 소매업,"도매 및 소매업 > 소매업; 자동차 제외 > 섬유, 의복, 신발 및 가죽제품 소매업 > 의복 소매업 > 기타 의복 소매업"
47421,G,도매 및 소매업,47,소매업; 자동차 제외,474,"섬유, 의복, 신발 및 가죽제품 소매업",4742,"섬유, 직물 및 의복 액세서리 소매업",가정용 직물제품 소매업,"도매 및 소매업 > 소매업; 자동차 제외 > 섬유, 의복, 신발 및 가죽제품 소매업 > 섬유, 직물 및 의복 액세서리 소매업 > 가정용 직물제품 소매업"
47422,G,도매 및 소매업,47,소매업; 자동차 제외,474,"섬유, 의복, 신발 및 가죽제품 소매업",4742,"섬유, 직물 및 의복 액세서리 소매업",의복 액세서리 및 모조 장신구 소매업,"도매 및 소매업 > 소매업; 자동차 제외 > 섬유, 의복, 신발 및 가죽제품 소매업 > 섬유, 직물 및 의복 액세서리 소매업 > 의복 액세서리 및 모조 장신구 소매업"
47429,G,도매 및 소매업,47,소매업; 자동차 제외,474,"섬유, 의복, 신발 및 가죽제품 소매업",4742,"섬유, 직물 및 의복 액세서리 소매업","섬유 원단, 실 및 기타 섬유제품 소매업","도매 및 소매업 > 소매업; 자동차 제외 > 섬유, 의복, 신발 및 가죽제품 소매업 > 섬유, 직물 및 의복 액세서리 소매업 > 섬유 원단, 실 및 기타 섬유제품 소매업"
47430,G,도매 및 소매업,47,소매업; 자동차 제외,474,"섬유, 의복, 신발 및 가죽제품 소매업",4743,신발 소매업,신발 소매업,"도매 및 소매업 > 소매업; 자동차 제외 > 섬유, 의복, 신발 및 가죽제품 소매업 > 신발 소매업"
47440,G,도매 및 소매업,47,소매업; 자동차 제외,474,"섬유, 의복, 신발 및 가죽제품 소매업",4744,가방 및 기타 가죽제품 소매업,가방 및 기타 가죽제품 소매업,"도매 및 소매업 > 소매업; 자동차 제외 > 섬유, 의복, 신발 및 가죽제품 소매업 > 가방 및 기타 가죽제품 소매업"
47511,G,도매 및 소매업,47,소매업; 자동차 제외,475,기타 생활용품 소매업,4751,"철물, 공구, 창호 및 건설자재 소매업",철물 및 난방용구 소매업,"도매 및 소매업 > 소매업; 자동차 제외 > 기타 생활용품 소매업 > 철물, 공구, 창호 및 건설자재 소매업 > 철물 및 난방용구 소매업"
47512,G,도매 및 소매업,47,소매업; 자동차 제외,475,기타 생활용품 소매업,4751,"철물, 공구, 창호 및 건설자재 소매업",공구 소매업,"도매 및 소매업 > 소매업; 자동차 제외 > 기타 생활용품 소매업 > 철물, 공구, 창호 및 건설자재 소매업 > 공구 소매업"
47513,G,도매 및 소매업,47,소매업; 자동차 제외,475,기타 생활용품 소매업,4751,"철물, 공구, 창호 및 건설자재 소매업","벽지, 마루덮개 및 장판류 소매업","도매 및 소매업 > 소매업; 자동차 제외 > 기타 생활용품 소매업 > 철물, 공구, 창호 및 건설자재 소매업 > 벽지, 마루덮개 및 장판류 소매업"
47519,G,도매 및 소매업,47,소매업; 자동차 제외,475,기타 생활용품 소매업,4751,"철물, 공구, 창호 및 건설자재 소매업","페인트, 창호 및 기타 건설자재 소매업","도매 및 소매업 > 소매업; 자동차 제외 > 기타 생활용품 소매업 > 철물, 공구, 창호 및 건설자재 소매업 > 페인트, 창호 및 기타 건설자재 소매업"
47520,G,도매 및 소매업,47,소매업; 자동차 제외,475,기타 생활용품 소매업,4752,가구 소매업,가구 소매업,도매 및 소매업 > 소매업; 자동차 제외 > 기타 생활용품 소매업 > 가구 소매업
47591,G,도매 및 소매업,47,소매업; 자동차 제외,475,기타 생활용품 소매업,4759,그 외 기타 가정용품 소매업,전기용품 및 조명장치 소매업,도매 및 소매업 > 소매업; 자동차 제외 > 기타 생활용품 소매업 > 그 외 기타 가정용품 소매업 > 전기용품 및 조명장치 소매업
47592,G,도매 및 소매업,47,소매업; 자동차 제외,475,기타 생활용품 소매업,4759,그 외 기타 가정용품 소매업,"주방용품 및 가정용 유리, 요업제품 소매업","도매 및 소매업 > 소매업; 자동차 제외 > 기타 생활용품 소매업 > 그 외 기타 가정용품 소매업 > 주방용품 및 가정용 유리, 요업제품 소매업"
47593,G,도매 및 소매업,47,소매업; 자동차 제외,475,기타 생활용품 소매업,4759,그 외 기타 가정용품 소매업,악기 소매업,도매 및 소매업 > 소매업; 자동차 제외 > 기타 생활용품 소매업 > 그 외 기타 가정용품 소매업 > 악기 소매업
47599,G,도매 및 소매업,47,소매업; 자동차 제외,475,기타 생활용품 소매업,4759,그 외 기타 가정용품 소매업,그 외 기타 분류 안된 가정용품 소매업,도매 및 소매업 > 소매업; 자동차 제외 > 기타 생활용품 소매업 > 그 외 기타 가정용품 소매업 > 그 외 기타 분류 안된 가정용품 소매업
47611,G,도매 및 소매업,47,소매업; 자동차 제외,476,"문화, 오락 및 여가 용품 소매업",4761,서적 및 문구용품 소매업,"서적, 신문 및 잡지류 소매업","도매 및 소매업 > 소매업; 자동차 제외 > 문화, 오락 및 여가 용품 소매업 > 서적 및 문구용품 소매업 > 서적, 신문 및 잡지류 소매업"
47612,G,도매 및 소매업,47,소매업; 자동차 제외,476,"문화, 오락 및 여가 용품 소매업",4761,서적 및 문구용품 소매업,문구용품 및 회화용품 소매업,"도매 및 소매업 > 소매업; 자동차 제외 > 문화, 오락 및 여가 용품 소매업 > 서적 및 문구용품 소매업 > 문구용품 및 회화용품 소매업"
47620,G,도매 및 소매업,47,소매업; 자동차 제외,476,"문화, 오락 및 여가 용품 소매업",4762,음반 및 비디오물 소매업,음반 및 비디오물 소매업,"도매 및 소매업 > 소매업; 자동차 제외 > 문화, 오락 및 여가 용품 소매업 > 음반 및 비디오물 소매업"
47631,G,도매 및 소매업,47,소매업; 자동차 제외,476,"문화, 오락 및 여가 용품 소매업",4763,운동용품 및 자전거 소매업,운동 및 경기용품 소매업,"도매 및 소매업 > 소매업; 자동차 제외 > 문화, 오락 및 여가 용품 소매업 > 운동용품 및 자전거 소매업 > 운동 및 경기용품 소매업"
47632,G,도매 및 소매업,47,소매업; 자동차 제외,476,"문화, 오락 및 여가 용품 소매업",4763,운동용품 및 자전거 소매업,자전거 및 기타 운송장비 소매업,"도매 및 소매업 > 소매업; 자동차 제외 > 문화, 오락 및 여가 용품 소매업 > 운동용품 및 자전거 소매업 > 자전거 및 기타 운송장비 소매업"
47640,G,도매 및 소매업,47,소매업; 자동차 제외,476,"문화, 오락 및 여가 용품 소매업",4764,"게임용구, 인형 및 장난감 소매업","게임용구, 인형 및 장난감 소매업","도매 및 소매업 > 소매업; 자동차 제외 > 문화, 오락 및 여가 용품 소매업 > 게임용구, 인형 및 장난감 소매업"
47711,G,도매 및 소매업,47,소매업; 자동차 제외,477,연료 소매업,4771,운송장비용 연료 소매업,운송장비용 주유소 운영업,도매 및 소매업 > 소매업; 자동차 제외 > 연료 소매업 > 운송장비용 연료 소매업 > 운송장비용 주유소 운영업
47712,G,도매 및 소매업,47,소매업; 자동차 제외,477,연료 소매업,4771,운송장비용 연료 소매업,운송장비용 수소 충전업,도매 및 소매업 > 소매업; 자동차 제외 > 연료 소매업 > 운송장비용 연료 소매업 > 운송장비용 수소 충전업
47713,G,도매 및 소매업,47,소매업; 자동차 제외,477,연료 소매업,4771,운송장비용 연료 소매업,운송장비용 기타 가스 충전업,도매 및 소매업 > 소매업; 자동차 제외 > 연료 소매업 > 운송장비용 연료 소매업 > 운송장비용 기타 가스 충전업
47721,G,도매 및 소매업,47,소매업; 자동차 제외,477,연료 소매업,4772,가정용 연료 소매업,가정용 고체 연료 소매업,도매 및 소매업 > 소매업; 자동차 제외 > 연료 소매업 > 가정용 연료 소매업 > 가정용 고체 연료 소매업
47722,G,도매 및 소매업,47,소매업; 자동차 제외,477,연료 소매업,4772,가정용 연료 소매업,가정용 액체 연료 소매업,도매 및 소매업 > 소매업; 자동차 제외 > 연료 소매업 > 가정용 연료 소매업 > 가정용 액체 연료 소매업
47723,G,도매 및 소매업,47,소매업; 자동차 제외,477,연료 소매업,4772,가정용 연료 소매업,가정용 가스 연료 소매업,도매 및 소매업 > 소매업; 자동차 제외 > 연료 소매업 > 가정용 연료 소매업 > 가정용 가스 연료 소매업
47811,G,도매 및 소매업,47,소매업; 자동차 제외,478,기타 상품 전문 소매업,4781,"의약품, 의료용 기구, 화장품 및 방향제 소매업",의약품 및 의료용품 소매업,"도매 및 소매업 > 소매업; 자동차 제외 > 기타 상품 전문 소매업 > 의약품, 의료용 기구, 화장품 및 방향제 소매업 > 의약품 및 의료용품 소매업"
47812,G,도매 및 소매업,47,소매업; 자동차 제외,478,기타 상품 전문 소매업,4781,"의약품, 의료용 기구, 화장품 및 방향제 소매업",의료용 기구 소매업,"도매 및 소매업 > 소매업; 자동차 제외 > 기타 상품 전문 소매업 > 의약품, 의료용 기구, 화장품 및 방향제 소매업 > 의료용 기구 소매업"
47813,G,도매 및 소매업,47,소매업; 자동차 제외,478,기타 상품 전문 소매업,4781,"의약품, 의료용 기구, 화장품 및 방향제 소매업","화장품, 비누 및 방향제 소매업","도매 및 소매업 > 소매업; 자동차 제외 > 기타 상품 전문 소매업 > 의약품, 의료용 기구, 화장품 및 방향제 소매업 > 화장품, 비누 및 방향제 소매업"
47821,G,도매 및 소매업,47,소매업; 자동차 제외,478,기타 상품 전문 소매업,4782,"사무용 기기, 안경, 사진장비 및 정밀기기 소매업",사무용 기기 소매업,"도매 및 소매업 > 소매업; 자동차 제외 > 기타 상품 전문 소매업 > 사무용 기기, 안경, 사진장비 및 정밀기기 소매업 > 사무용 기기 소매업"
47822,G,도매 및 소매업,47,소매업; 자동차 제외,478,기타 상품 전문 소매업,4782,"사무용 기기, 안경, 사진장비 및 정밀기기 소매업",안경 및 렌즈 소매업,"도매 및 소매업 > 소매업; 자동차 제외 > 기타 상품 전문 소매업 > 사무용 기기, 안경, 사진장비 및 정밀기기 소매업 > 안경 및 렌즈 소매업"
47823,G,도매 및 소매업,47,소매업; 자동차 제외,478,기타 상품 전문 소매업,4782,"사무용 기기, 안경, 사진장비 및 정밀기기 소매업",사진기 및 사진용품 소매업,"도매 및 소매업 > 소매업; 자동차 제외 > 기타 상품 전문 소매업 > 사무용 기기, 안경, 사진장비 및 정밀기기 소매업 > 사진기 및 사진용품 소매업"
47829,G,도매 및 소매업,47,소매업; 자동차 제외,478,기타 상품 전문 소매업,4782,"사무용 기기, 안경, 사진장비 및 정밀기기 소매업",기타 광학 및 정밀 기기 소매업,"도매 및 소매업 > 소매업; 자동차 제외 > 기타 상품 전문 소매업 > 사무용 기기, 안경, 사진장비 및 정밀기기 소매업 > 기타 광학 및 정밀 기기 소매업"
47830,G,도매 및 소매업,47,소매업; 자동차 제외,478,기타 상품 전문 소매업,4783,시계 및 귀금속 소매업,시계 및 귀금속 소매업,도매 및 소매업 > 소매업; 자동차 제외 > 기타 상품 전문 소매업 > 시계 및 귀금속 소매업
47841,G,도매 및 소매업,47,소매업; 자동차 제외,478,기타 상품 전문 소매업,4784,"예술품, 기념품 및 장식용품 소매업",예술품 및 골동품 소매업,"도매 및 소매업 > 소매업; 자동차 제외 > 기타 상품 전문 소매업 > 예술품, 기념품 및 장식용품 소매업 > 예술품 및 골동품 소매업"
47842,G,도매 및 소매업,47,소매업; 자동차 제외,478,기타 상품 전문 소매업,4784,"예술품, 기념품 및 장식용품 소매업","기념품, 관광 민예품 및 장식용품 소매업","도매 및 소매업 > 소매업; 자동차 제외 > 기타 상품 전문 소매업 > 예술품, 기념품 및 장식용품 소매업 > 기념품, 관광 민예품 및 장식용품 소매업"
47851,G,도매 및 소매업,47,소매업; 자동차 제외,478,기타 상품 전문 소매업,4785,그 외 기타 상품 전문 소매업,화초 및 식물 소매업,도매 및 소매업 > 소매업; 자동차 제외 > 기타 상품 전문 소매업 > 그 외 기타 상품 전문 소매업 > 화초 및 식물 소매업
47852,G,도매 및 소매업,47,소매업; 자동차 제외,478,기타 상품 전문 소매업,4785,그 외 기타 상품 전문 소매업,반려용동물 및 관련용품 소매업,도매 및 소매업 > 소매업; 자동차 제외 > 기타 상품 전문 소매업 > 그 외 기타 상품 전문 소매업 > 반려용동물 및 관련용품 소매업
47859,G,도매 및 소매업,47,소매업; 자동차 제외,478,기타 상품 전문 소매업,4785,그 외 기타 상품 전문 소매업,그 외 기타 분류 안된 상품 전문 소매업,도매 및 소매업 > 소매업; 자동차 제외 > 기타 상품 전문 소매업 > 그 외 기타 상품 전문 소매업 > 그 외 기타 분류 안된 상품 전문 소매업
47861,G,도매 및 소매업,47,소매업; 자동차 제외,478,기타 상품 전문 소매업,4786,중고 상품 소매업,중고 가구 소매업,도매 및 소매업 > 소매업; 자동차 제외 > 기타 상품 전문 소매업 > 중고 상품 소매업 > 중고 가구 소매업
47862,G,도매 및 소매업,47,소매업; 자동차 제외,478,기타 상품 전문 소매업,4786,중고 상품 소매업,중고 가전제품 및 통신장비 소매업,도매 및 소매업 > 소매업; 자동차 제외 > 기타 상품 전문 소매업 > 중고 상품 소매업 > 중고 가전제품 및 통신장비 소매업
47869,G,도매 및 소매업,47,소매업; 자동차 제외,478,기타 상품 전문 소매업,4786,중고 상품 소매업,기타 중고 상품 소매업,도매 및 소매업 > 소매업; 자동차 제외 > 기타 상품 전문 소매업 > 중고 상품 소매업 > 기타 중고 상품 소매업
47911,G,도매 및 소매업,47,소매업; 자동차 제외,479,무점포 소매업,4791,통신 판매업,전자상거래 소매 중개업,도매 및 소매업 > 소매업; 자동차 제외 > 무점포 소매업 > 통신 판매업 > 전자상거래 소매 중개업
47912,G,도매 및 소매업,47,소매업; 자동차 제외,479,무점포 소매업,4791,통신 판매업,전자상거래 소매업,도매 및 소매업 > 소매업; 자동차 제외 > 무점포 소매업 > 통신 판매업 > 전자상거래 소매업
47919,G,도매 및 소매업,47,소매업; 자동차 제외,479,무점포 소매업,4791,통신 판매업,기타 통신 판매업,도매 및 소매업 > 소매업; 자동차 제외 > 무점포 소매업 > 통신 판매업 > 기타 통신 판매업
47920,G,도매 및 소매업,47,소매업; 자동차 제외,479,무점포 소매업,4792,노점 및 유사 이동 소매업,노점 및 유사 이동 소매업,도매 및 소매업 > 소매업; 자동차 제외 > 무점포 소매업 > 노점 및 유사 이동 소매업
47991,G,도매 및 소매업,47,소매업; 자동차 제외,479,무점포 소매업,4799,기타 무점포 소매업,자동 판매기 운영업,도매 및 소매업 > 소매업; 자동차 제외 > 무점포 소매업 > 기타 무점포 소매업 > 자동 판매기 운영업
47992,G,도매 및 소매업,47,소매업; 자동차 제외,479,무점포 소매업,4799,기타 무점포 소매업,계약배달 판매업,도매 및 소매업 > 소매업; 자동차 제외 > 무점포 소매업 > 기타 무점포 소매업 > 계약배달 판매업
47993,G,도매 및 소매업,47,소매업; 자동차 제외,479,무점포 소매업,4799,기타 무점포 소매업,방문 판매업,도매 및 소매업 > 소매업; 자동차 제외 > 무점포 소매업 > 기타 무점포 소매업 > 방문 판매업
47999,G,도매 및 소매업,47,소매업; 자동차 제외,479,무점포 소매업,4799,기타 무점포 소매업,그 외 기타 무점포 소매업,도매 및 소매업 > 소매업; 자동차 제외 > 무점포 소매업 > 기타 무점포 소매업 > 그 외 기타 무점포 소매업
49101,H,운수 및 창고업,49,육상 운송 및 파이프라인 운송업,491,철도 운송업,4910,철도 운송업,철도 여객 운송업,운수 및 창고업 > 육상 운송 및 파이프라인 운송업 > 철도 운송업 > 철도 여객 운송업
49102,H,운수 및 창고업,49,육상 운송 및 파이프라인 운송업,491,철도 운송업,4910,철도 운송업,철도 화물 운송업,운수 및 창고업 > 육상 운송 및 파이프라인 운송업 > 철도 운송업 > 철도 화물 운송업
49211,H,운수 및 창고업,49,육상 운송 및 파이프라인 운송업,492,육상 여객 운송업,4921,도시 정기 육상 여객 운송업,도시철도 운송업,운수 및 창고업 > 육상 운송 및 파이프라인 운송업 > 육상 여객 운송업 > 도시 정기 육상 여객 운송업 > 도시철도 운송업
49212,H,운수 및 창고업,49,육상 운송 및 파이프라인 운송업,492,육상 여객 운송업,4921,도시 정기 육상 여객 운송업,시내버스 운송업,운수 및 창고업 > 육상 운송 및 파이프라인 운송업 > 육상 여객 운송업 > 도시 정기 육상 여객 운송업 > 시내버스 운송업
49219,H,운수 및 창고업,49,육상 운송 및 파이프라인 운송업,492,육상 여객 운송업,4921,도시 정기 육상 여객 운송업,기타 도시 정기 육상 여객 운송업,운수 및 창고업 > 육상 운송 및 파이프라인 운송업 > 육상 여객 운송업 > 도시 정기 육상 여객 운송업 > 기타 도시 정기 육상 여객 운송업
49220,H,운수 및 창고업,49,육상 운송 및 파이프라인 운송업,492,육상 여객 운송업,4922,시외버스 운송업,시외버스 운송업,운수 및 창고업 > 육상 운송 및 파이프라인 운송업 > 육상 여객 운송업 > 시외버스 운송업
49231,H,운수 및 창고업,49,육상 운송 및 파이프라인 운송업,492,육상 여객 운송업,4923,부정기 육상 여객 운송업,택시 운송업,운수 및 창고업 > 육상 운송 및 파이프라인 운송업 > 육상 여객 운송업 > 부정기 육상 여객 운송업 > 택시 운송업
49232,H,운수 및 창고업,49,육상 운송 및 파이프라인 운송업,492,육상 여객 운송업,4923,부정기 육상 여객 운송업,전세버스 운송업,운수 및 창고업 > 육상 운송 및 파이프라인 운송업 > 육상 여객 운송업 > 부정기 육상 여객 운송업 > 전세버스 운송업
49233,H,운수 및 창고업,49,육상 운송 및 파이프라인 운송업,492,육상 여객 운송업,4923,부정기 육상 여객 운송업,특수 여객 자동차 운송업,운수 및 창고업 > 육상 운송 및 파이프라인 운송업 > 육상 여객 운송업 > 부정기 육상 여객 운송업 > 특수 여객 자동차 운송업
49239,H,운수 및 창고업,49,육상 운송 및 파이프라인 운송업,492,육상 여객 운송업,4923,부정기 육상 여객 운송업,기타 부정기 여객 육상 운송업,운수 및 창고업 > 육상 운송 및 파이프라인 운송업 > 육상 여객 운송업 > 부정기 육상 여객 운송업 > 기타 부정기 여객 육상 운송업
49301,H,운수 및 창고업,49,육상 운송 및 파이프라인 운송업,493,도로 화물 운송업,4930,도로 화물 운송업,일반 화물자동차 운송업,운수 및 창고업 > 육상 운송 및 파이프라인 운송업 > 도로 화물 운송업 > 일반 화물자동차 운송업
49302,H,운수 및 창고업,49,육상 운송 및 파이프라인 운송업,493,도로 화물 운송업,4930,도로 화물 운송업,개인 화물자동차 운송업,운수 및 창고업 > 육상 운송 및 파이프라인 운송업 > 도로 화물 운송업 > 개인 화물자동차 운송업
49309,H,운수 및 창고업,49,육상 운송 및 파이프라인 운송업,493,도로 화물 운송업,4930,도로 화물 운송업,기타 도로 화물 운송업,운수 및 창고업 > 육상 운송 및 파이프라인 운송업 > 도로 화물 운송업 > 기타 도로 화물 운송업
49401,H,운수 및 창고업,49,육상 운송 및 파이프라인 운송업,494,소화물 전문 운송업,4940,소화물 전문 운송업,택배업,운수 및 창고업 > 육상 운송 및 파이프라인 운송업 > 소화물 전문 운송업 > 택배업
49402,H,운수 및 창고업,49,육상 운송 및 파이프라인 운송업,494,소화물 전문 운송업,4940,소화물 전문 운송업,늘찬 배달업,운수 및 창고업 > 육상 운송 및 파이프라인 운송업 > 소화물 전문 운송업 > 늘찬 배달업
49500,H,운수 및 창고업,49,육상 운송 및 파이프라인 운송업,495,파이프라인 운송업,4950,파이프라인 운송업,파이프라인 운송업,운수 및 창고업 > 육상 운송 및 파이프라인 운송업 > 파이프라인 운송업
50111,H,운수 및 창고업,50,수상 운송업,501,해상 운송업,5011,외항 운송업,외항 여객 운송업,운수 및 창고업 > 수상 운송업 > 해상 운송업 > 외항 운송업 > 외항 여객 운송업
50112,H,운수 및 창고업,50,수상 운송업,501,해상 운송업,5011,외항 운송업,외항 화물 운송업,운수 및 창고업 > 수상 운송업 > 해상 운송업 > 외항 운송업 > 외항 화물 운송업
50121,H,운수 및 창고업,50,수상 운송업,501,해상 운송업,5012,내항 운송업,내항 여객 운송업,운수 및 창고업 > 수상 운송업 > 해상 운송업 > 내항 운송업 > 내항 여객 운송업
50122,H,운수 및 창고업,50,수상 운송업,501,해상 운송업,5012,내항 운송업,내항 화물 운송업,운수 및 창고업 > 수상 운송업 > 해상 운송업 > 내항 운송업 > 내항 화물 운송업
50130,H,운수 및 창고업,50,수상 운송업,501,해상 운송업,5013,기타 해상 운송업,기타 해상 운송업,운수 및 창고업 > 수상 운송업 > 해상 운송업 > 기타 해상 운송업
50201,H,운수 및 창고업,50,수상 운송업,502,내륙 수상 및 항만 내 운송업,5020,내륙 수상 및 항만 내 운송업,항만 내 여객 운송업,운수 및 창고업 > 수상 운송업 > 내륙 수상 및 항만 내 운송업 > 항만 내 여객 운송업
50209,H,운수 및 창고업,50,수상 운송업,502,내륙 수상 및 항만 내 운송업,5020,내륙 수상 및 항만 내 운송업,기타 내륙 수상 여객 및 화물 운송업,운수 및 창고업 > 수상 운송업 > 내륙 수상 및 항만 내 운송업 > 기타 내륙 수상 여객 및 화물 운송업
51100,H,운수 및 창고업,51,항공 운송업,511,항공 여객 운송업,5110,항공 여객 운송업,항공 여객 운송업,운수 및 창고업 > 항공 운송업 > 항공 여객 운송업
51200,H,운수 및 창고업,51,항공 운송업,512,항공 화물 운송업,5120,항공 화물 운송업,항공 화물 운송업,운수 및 창고업 > 항공 운송업 > 항공 화물 운송업
52101,H,운수 및 창고업,52,창고 및 운송관련 서비스업,521,보관 및 창고업,5210,보관 및 창고업,일반 창고업,운수 및 창고업 > 창고 및 운송관련 서비스업 > 보관 및 창고업 > 일반 창고업
52102,H,운수 및 창고업,52,창고 및 운송관련 서비스업,521,보관 및 창고업,5210,보관 및 창고업,냉장 및 냉동 창고업,운수 및 창고업 > 창고 및 운송관련 서비스업 > 보관 및 창고업 > 냉장 및 냉동 창고업
52103,H,운수 및 창고업,52,창고 및 운송관련 서비스업,521,보관 및 창고업,5210,보관 및 창고업,농산물 창고업,운수 및 창고업 > 창고 및 운송관련 서비스업 > 보관 및 창고업 > 농산물 창고업
52104,H,운수 및 창고업,52,창고 및 운송관련 서비스업,521,보관 및 창고업,5210,보관 및 창고업,위험 물품 보관업,운수 및 창고업 > 창고 및 운송관련 서비스업 > 보관 및 창고업 > 위험 물품 보관업
52109,H,운수 및 창고업,52,창고 및 운송관련 서비스업,521,보관 및 창고업,5210,보관 및 창고업,기타 보관 및 창고업,운수 및 창고업 > 창고 및 운송관련 서비스업 > 보관 및 창고업 > 기타 보관 및 창고업
52911,H,운수 및 창고업,52,창고 및 운송관련 서비스업,529,기타 운송관련 서비스업,5291,육상 운송 지원 서비스업,철도 운송 지원 서비스업,운수 및 창고업 > 창고 및 운송관련 서비스업 > 기타 운송관련 서비스업 > 육상 운송 지원 서비스업 > 철도 운송 지원 서비스업
52912,H,운수 및 창고업,52,창고 및 운송관련 서비스업,529,기타 운송관련 서비스업,5291,육상 운송 지원 서비스업,여객 자동차 터미널 운영업,운수 및 창고업 > 창고 및 운송관련 서비스업 > 기타 운송관련 서비스업 > 육상 운송 지원 서비스업 > 여객 자동차 터미널 운영업
52913,H,운수 및 창고업,52,창고 및 운송관련 서비스업,529,기타 운송관련 서비스업,5291,육상 운송 지원 서비스업,물류 터미널 운영업,운수 및 창고업 > 창고 및 운송관련 서비스업 > 기타 운송관련 서비스업 > 육상 운송 지원 서비스업 > 물류 터미널 운영업
52914,H,운수 및 창고업,52,창고 및 운송관련 서비스업,529,기타 운송관련 서비스업,5291,육상 운송 지원 서비스업,도로 및 관련시설 운영업,운수 및 창고업 > 창고 및 운송관련 서비스업 > 기타 운송관련 서비스업 > 육상 운송 지원 서비스업 > 도로 및 관련시설 운영업
52915,H,운수 및 창고업,52,창고 및 운송관련 서비스업,529,기타 운송관련 서비스업,5291,육상 운송 지원 서비스업,주차장 운영업,운수 및 창고업 > 창고 및 운송관련 서비스업 > 기타 운송관련 서비스업 > 육상 운송 지원 서비스업 > 주차장 운영업
52919,H,운수 및 창고업,52,창고 및 운송관련 서비스업,529,기타 운송관련 서비스업,5291,육상 운송 지원 서비스업,기타 육상 운송지원 서비스업,운수 및 창고업 > 창고 및 운송관련 서비스업 > 기타 운송관련 서비스업 > 육상 운송 지원 서비스업 > 기타 육상 운송지원 서비스업
52921,H,운수 및 창고업,52,창고 및 운송관련 서비스업,529,기타 운송관련 서비스업,5292,수상 운송 지원 서비스업,항구 및 기타 해상 터미널 운영업,운수 및 창고업 > 창고 및 운송관련 서비스업 > 기타 운송관련 서비스업 > 수상 운송 지원 서비스업 > 항구 및 기타 해상 터미널 운영업
52922,H,운수 및 창고업,52,창고 및 운송관련 서비스업,529,기타 운송관련 서비스업,5292,수상 운송 지원 서비스업,선박관리업,운수 및 창고업 > 창고 및 운송관련 서비스업 > 기타 운송관련 서비스업 > 수상 운송 지원 서비스업 > 선박관리업
52929,H,운수 및 창고업,52,창고 및 운송관련 서비스업,529,기타 운송관련 서비스업,5292,수상 운송 지원 서비스업,기타 수상 운송 지원 서비스업,운수 및 창고업 > 창고 및 운송관련 서비스업 > 기타 운송관련 서비스업 > 수상 운송 지원 서비스업 > 기타 수상 운송 지원 서비스업
52931,H,운수 및 창고업,52,창고 및 운송관련 서비스업,529,기타 운송관련 서비스업,5293,항공 운송 지원 서비스업,공항 운영업,운수 및 창고업 > 창고 및 운송관련 서비스업 > 기타 운송관련 서비스업 > 항공 운송 지원 서비스업 > 공항 운영업
52939,H,운수 및 창고업,52,창고 및 운송관련 서비스업,529,기타 운송관련 서비스업,5293,항공 운송 지원 서비스업,기타 항공 운송지원 서비스업,운수 및 창고업 > 창고 및 운송관련 서비스업 > 기타 운송관련 서비스업 > 항공 운송 지원 서비스업 > 기타 항공 운송지원 서비스업
52941,H,운수 및 창고업,52,창고 및 운송관련 서비스업,529,기타 운송관련 서비스업,5294,화물 취급업,항공 및 육상 화물 취급업,운수 및 창고업 > 창고 및 운송관련 서비스업 > 기타 운송관련 서비스업 > 화물 취급업 > 항공 및 육상 화물 취급업
52942,H,운수 및 창고업,52,창고 및 운송관련 서비스업,529,기타 운송관련 서비스업,5294,화물 취급업,수상 화물 취급업,운수 및 창고업 > 창고 및 운송관련 서비스업 > 기타 운송관련 서비스업 > 화물 취급업 > 수상 화물 취급업
52991,H,운수 및 창고업,52,창고 및 운송관련 서비스업,529,기타 운송관련 서비스업,5299,그 외 기타 운송관련 서비스업,통관 대리 및 관련서비스업,운수 및 창고업 > 창고 및 운송관련 서비스업 > 기타 운송관련 서비스업 > 그 외 기타 운송관련 서비스업 > 통관 대리 및 관련서비스업
52992,H,운수 및 창고업,52,창고 및 운송관련 서비스업,529,기타 운송관련 서비스업,5299,그 외 기타 운송관련 서비스업,"화물 운송 중개, 대리 및 관련 서비스업","운수 및 창고업 > 창고 및 운송관련 서비스업 > 기타 운송관련 서비스업 > 그 외 기타 운송관련 서비스업 > 화물 운송 중개, 대리 및 관련 서비스업"
52993,H,운수 및 창고업,52,창고 및 운송관련 서비스업,529,기타 운송관련 서비스업,5299,그 외 기타 운송관련 서비스업,"화물 포장, 검수 및 계량 서비스업","운수 및 창고업 > 창고 및 운송관련 서비스업 > 기타 운송관련 서비스업 > 그 외 기타 운송관련 서비스업 > 화물 포장, 검수 및 계량 서비스업"
52999,H,운수 및 창고업,52,창고 및 운송관련 서비스업,529,기타 운송관련 서비스업,5299,그 외 기타 운송관련 서비스업,그 외 기타 분류 안된 운송관련 서비스업,운수 및 창고업 > 창고 및 운송관련 서비스업 > 기타 운송관련 서비스업 > 그 외 기타 운송관련 서비스업 > 그 외 기타 분류 안된 운송관련 서비스업
55101,I,숙박 및 음식점업,55,숙박업,551,일반 및 생활 숙박시설 운영업,5510,일반 및 생활 숙박시설 운영업,호텔업,숙박 및 음식점업 > 숙박업 > 일반 및 생활 숙박시설 운영업 > 호텔업
55102,I,숙박 및 음식점업,55,숙박업,551,일반 및 생활 숙박시설 운영업,5510,일반 및 생활 숙박시설 운영업,여관업,숙박 및 음식점업 > 숙박업 > 일반 및 생활 숙박시설 운영업 > 여관업
55103,I,숙박 및 음식점업,55,숙박업,551,일반 및 생활 숙박시설 운영업,5510,일반 및 생활 숙박시설 운영업,휴양 콘도 운영업,숙박 및 음식점업 > 숙박업 > 일반 및 생활 숙박시설 운영업 > 휴양 콘도 운영업
55104,I,숙박 및 음식점업,55,숙박업,551,일반 및 생활 숙박시설 운영업,5510,일반 및 생활 숙박시설 운영업,민박업,숙박 및 음식점업 > 숙박업 > 일반 및 생활 숙박시설 운영업 > 민박업
55105,I,숙박 및 음식점업,55,숙박업,551,일반 및 생활 숙박시설 운영업,5510,일반 및 생활 숙박시설 운영업,야영장업,숙박 및 음식점업 > 숙박업 > 일반 및 생활 숙박시설 운영업 > 야영장업
55109,I,숙박 및 음식점업,55,숙박업,551,일반 및 생활 숙박시설 운영업,5510,일반 및 생활 숙박시설 운영업,기타 일반 및 생활 숙박시설 운영업,숙박 및 음식점업 > 숙박업 > 일반 및 생활 숙박시설 운영업 > 기타 일반 및 생활 숙박시설 운영업
55901,I,숙박 및 음식점업,55,숙박업,559,기타 숙박업,5590,기타 숙박업,기숙사 및 고시원 운영업,숙박 및 음식점업 > 숙박업 > 기타 숙박업 > 기숙사 및 고시원 운영업
55909,I,숙박 및 음식점업,55,숙박업,559,기타 숙박업,5590,기타 숙박업,그 외 기타 숙박업,숙박 및 음식점업 > 숙박업 > 기타 숙박업 > 그 외 기타 숙박업
56111,I,숙박 및 음식점업,56,음식점 및 주점업,561,음식점업,5611,한식 음식점업,한식 일반 음식점업,숙박 및 음식점업 > 음식점 및 주점업 > 음식점업 > 한식 음식점업 > 한식 일반 음식점업
56112,I,숙박 및 음식점업,56,음식점 및 주점업,561,음식점업,5611,한식 음식점업,한식 면 요리 전문점,숙박 및 음식점업 > 음식점 및 주점업 > 음식점업 > 한식 음식점업 > 한식 면 요리 전문점
56113,I,숙박 및 음식점업,56,음식점 및 주점업,561,음식점업,5611,한식 음식점업,한식 육류 요리 전문점,숙박 및 음식점업 > 음식점 및 주점업 > 음식점업 > 한식 음식점업 > 한식 육류 요리 전문점
56114,I,숙박 및 음식점업,56,음식점 및 주점업,561,음식점업,5611,한식 음식점업,한식 해산물 요리 전문점,숙박 및 음식점업 > 음식점 및 주점업 > 음식점업 > 한식 음식점업 > 한식 해산물 요리 전문점
56121,I,숙박 및 음식점업,56,음식점 및 주점업,561,음식점업,5612,외국식 음식점업,중식 음식점업,숙박 및 음식점업 > 음식점 및 주점업 > 음식점업 > 외국식 음식점업 > 중식 음식점업
56122,I,숙박 및 음식점업,56,음식점 및 주점업,561,음식점업,5612,외국식 음식점업,일식 음식점업,숙박 및 음식점업 > 음식점 및 주점업 > 음식점업 > 외국식 음식점업 > 일식 음식점업
56123,I,숙박 및 음식점업,56,음식점 및 주점업,561,음식점업,5612,외국식 음식점업,서양식 음식점업,숙박 및 음식점업 > 음식점 및 주점업 > 음식점업 > 외국식 음식점업 > 서양식 음식점업
56129,I,숙박 및 음식점업,56,음식점 및 주점업,561,음식점업,5612,외국식 음식점업,기타 외국식 음식점업,숙박 및 음식점업 > 음식점 및 주점업 > 음식점업 > 외국식 음식점업 > 기타 외국식 음식점업
56130,I,숙박 및 음식점업,56,음식점 및 주점업,561,음식점업,5613,기관 구내식당업,기관 구내식당업,숙박 및 음식점업 > 음식점 및 주점업 > 음식점업 > 기관 구내식당업
56141,I,숙박 및 음식점업,56,음식점 및 주점업,561,음식점업,5614,출장 및 이동 음식점업,출장 음식 서비스업,숙박 및 음식점업 > 음식점 및 주점업 > 음식점업 > 출장 및 이동 음식점업 > 출장 음식 서비스업
56142,I,숙박 및 음식점업,56,음식점 및 주점업,561,음식점업,5614,출장 및 이동 음식점업,이동 음식점업,숙박 및 음식점업 > 음식점 및 주점업 > 음식점업 > 출장 및 이동 음식점업 > 이동 음식점업
56150,I,숙박 및 음식점업,56,음식점 및 주점업,561,음식점업,5615,제과점업,제과점업,숙박 및 음식점업 > 음식점 및 주점업 > 음식점업 > 제과점업
56161,I,숙박 및 음식점업,56,음식점 및 주점업,561,음식점업,5616,"피자, 햄버거 및 치킨 전문점","피자, 햄버거, 샌드위치 및 유사 음식점업","숙박 및 음식점업 > 음식점 및 주점업 > 음식점업 > 피자, 햄버거 및 치킨 전문점 > 피자, 햄버거, 샌드위치 및 유사 음식점업"
56162,I,숙박 및 음식점업,56,음식점 및 주점업,561,음식점업,5616,"피자, 햄버거 및 치킨 전문점",치킨 전문점,"숙박 및 음식점업 > 음식점 및 주점업 > 음식점업 > 피자, 햄버거 및 치킨 전문점 > 치킨 전문점"
56191,I,숙박 및 음식점업,56,음식점 및 주점업,561,음식점업,5619,김밥 및 기타 간이 음식점업,김밥 및 기타 간이 음식점업,숙박 및 음식점업 > 음식점 및 주점업 > 음식점업 > 김밥 및 기타 간이 음식점업
56199,I,숙박 및 음식점업,56,음식점 및 주점업,561,음식점업,5619,김밥 및 기타 간이 음식점업,간이 음식 포장 판매 전문점,숙박 및 음식점업 > 음식점 및 주점업 > 음식점업 > 김밥 및 기타 간이 음식점업 > 간이 음식 포장 판매 전문점
56211,I,숙박 및 음식점업,56,음식점 및 주점업,562,주점 및 비알코올 음료점업,5621,주점업,일반 유흥 주점업,숙박 및 음식점업 > 음식점 및 주점업 > 주점 및 비알코올 음료점업 > 주점업 > 일반 유흥 주점업
56212,I,숙박 및 음식점업,56,음식점 및 주점업,562,주점 및 비알코올 음료점업,5621,주점업,무도 유흥 주점업,숙박 및 음식점업 > 음식점 및 주점업 > 주점 및 비알코올 음료점업 > 주점업 > 무도 유흥 주점업
56213,I,숙박 및 음식점업,56,음식점 및 주점업,562,주점 및 비알코올 음료점업,5621,주점업,생맥주 전문점,숙박 및 음식점업 > 음식점 및 주점업 > 주점 및 비알코올 음료점업 > 주점업 > 생맥주 전문점
56219,I,숙박 및 음식점업,56,음식점 및 주점업,562,주점 및 비알코올 음료점업,5621,주점업,기타 주점업,숙박 및 음식점업 > 음식점 및 주점업 > 주점 및 비알코올 음료점업 > 주점업 > 기타 주점업
56221,I,숙박 및 음식점업,56,음식점 및 주점업,562,주점 및 비알코올 음료점업,5622,비알코올 음료점업,커피 전문점,숙박 및 음식점업 > 음식점 및 주점업 > 주점 및 비알코올 음료점업 > 비알코올 음료점업 > 커피 전문점
56229,I,숙박 및 음식점업,56,음식점 및 주점업,562,주점 및 비알코올 음료점업,5622,비알코올 음료점업,기타 비알코올 음료점업,숙박 및 음식점업 > 음식점 및 주점업 > 주점 및 비알코올 음료점업 > 비알코올 음료점업 > 기타 비알코올 음료점업
58111,J,정보통신업,58,출판업,581,"서적, 잡지 및 기타 인쇄물 출판업",5811,서적 출판업,교과서 및 학습 서적 출판업,"정보통신업 > 출판업 > 서적, 잡지 및 기타 인쇄물 출판업 > 서적 출판업 > 교과서 및 학습 서적 출판업"
58112,J,정보통신업,58,출판업,581,"서적, 잡지 및 기타 인쇄물 출판업",5811,서적 출판업,만화 출판업,"정보통신업 > 출판업 > 서적, 잡지 및 기타 인쇄물 출판업 > 서적 출판업 > 만화 출판업"
58113,J,정보통신업,58,출판업,581,"서적, 잡지 및 기타 인쇄물 출판업",5811,서적 출판업,일반 서적 출판업,"정보통신업 > 출판업 > 서적, 잡지 및 기타 인쇄물 출판업 > 서적 출판업 > 일반 서적 출판업"
58121,J,정보통신업,58,출판업,581,"서적, 잡지 및 기타 인쇄물 출판업",5812,"신문, 잡지 및 정기 간행물 출판업",신문 발행업,"정보통신업 > 출판업 > 서적, 잡지 및 기타 인쇄물 출판업 > 신문, 잡지 및 정기 간행물 출판업 > 신문 발행업"
58122,J,정보통신업,58,출판업,581,"서적, 잡지 및 기타 인쇄물 출판업",5812,"신문, 잡지 및 정기 간행물 출판업",잡지 및 정기 간행물 발행업,"정보통신업 > 출판업 > 서적, 잡지 및 기타 인쇄물 출판업 > 신문, 잡지 및 정기 간행물 출판업 > 잡지 및 정기 간행물 발행업"
58123,J,정보통신업,58,출판업,581,"서적, 잡지 및 기타 인쇄물 출판업",5812,"신문, 잡지 및 정기 간행물 출판업",정기 광고 간행물 발행업,"정보통신업 > 출판업 > 서적, 잡지 및 기타 인쇄물 출판업 > 신문, 잡지 및 정기 간행물 출판업 > 정기 광고 간행물 발행업"
58190,J,정보통신업,58,출판업,581,"서적, 잡지 및 기타 인쇄물 출판업",5819,기타 인쇄물 출판업,기타 인쇄물 출판업,"정보통신업 > 출판업 > 서적, 잡지 및 기타 인쇄물 출판업 > 기타 인쇄물 출판업"
58211,J,정보통신업,58,출판업,582,소프트웨어 개발 및 공급업,5821,게임 소프트웨어 개발 및 공급업,유선 온라인 게임 소프트웨어 개발 및 공급업,정보통신업 > 출판업 > 소프트웨어 개발 및 공급업 > 게임 소프트웨어 개발 및 공급업 > 유선 온라인 게임 소프트웨어 개발 및 공급업
58212,J,정보통신업,58,출판업,582,소프트웨어 개발 및 공급업,5821,게임 소프트웨어 개발 및 공급업,모바일 게임 소프트웨어 개발 및 공급업,정보통신업 > 출판업 > 소프트웨어 개발 및 공급업 > 게임 소프트웨어 개발 및 공급업 > 모바일 게임 소프트웨어 개발 및 공급업
58219,J,정보통신업,58,출판업,582,소프트웨어 개발 및 공급업,5821,게임 소프트웨어 개발 및 공급업,기타 게임 소프트웨어 개발 및 공급업,정보통신업 > 출판업 > 소프트웨어 개발 및 공급업 > 게임 소프트웨어 개발 및 공급업 > 기타 게임 소프트웨어 개발 및 공급업
58221,J,정보통신업,58,출판업,582,소프트웨어 개발 및 공급업,5822,시스템ㆍ응용 소프트웨어 개발 및 공급업,시스템 소프트웨어 개발 및 공급업,정보통신업 > 출판업 > 소프트웨어 개발 및 공급업 > 시스템ㆍ응용 소프트웨어 개발 및 공급업 > 시스템 소프트웨어 개발 및 공급업
58222,J,정보통신업,58,출판업,582,소프트웨어 개발 및 공급업,5822,시스템ㆍ응용 소프트웨어 개발 및 공급업,응용 소프트웨어 개발 및 공급업,정보통신업 > 출판업 > 소프트웨어 개발 및 공급업 > 시스템ㆍ응용 소프트웨어 개발 및 공급업 > 응용 소프트웨어 개발 및 공급업
59111,J,정보통신업,59,영상ㆍ오디오 기록물 제작 및 배급업,591,"영화, 비디오물, 방송 프로그램 제작 및 배급업",5911,"영화, 비디오물 및 방송 프로그램 제작업",일반 영화 및 비디오물 제작업,"정보통신업 > 영상ㆍ오디오 기록물 제작 및 배급업 > 영화, 비디오물, 방송 프로그램 제작 및 배급업 > 영화, 비디오물 및 방송 프로그램 제작업 > 일반 영화 및 비디오물 제작업"
59112,J,정보통신업,59,영상ㆍ오디오 기록물 제작 및 배급업,591,"영화, 비디오물, 방송 프로그램 제작 및 배급업",5911,"영화, 비디오물 및 방송 프로그램 제작업",애니메이션 영화 및 비디오물 제작업,"정보통신업 > 영상ㆍ오디오 기록물 제작 및 배급업 > 영화, 비디오물, 방송 프로그램 제작 및 배급업 > 영화, 비디오물 및 방송 프로그램 제작업 > 애니메이션 영화 및 비디오물 제작업"
59113,J,정보통신업,59,영상ㆍ오디오 기록물 제작 및 배급업,591,"영화, 비디오물, 방송 프로그램 제작 및 배급업",5911,"영화, 비디오물 및 방송 프로그램 제작업",광고 영화 및 비디오물 제작업,"정보통신업 > 영상ㆍ오디오 기록물 제작 및 배급업 > 영화, 비디오물, 방송 프로그램 제작 및 배급업 > 영화, 비디오물 및 방송 프로그램 제작업 > 광고 영화 및 비디오물 제작업"
59114,J,정보통신업,59,영상ㆍ오디오 기록물 제작 및 배급업,591,"영화, 비디오물, 방송 프로그램 제작 및 배급업",5911,"영화, 비디오물 및 방송 프로그램 제작업",방송 프로그램 제작업,"정보통신업 > 영상ㆍ오디오 기록물 제작 및 배급업 > 영화, 비디오물, 방송 프로그램 제작 및 배급업 > 영화, 비디오물 및 방송 프로그램 제작업 > 방송 프로그램 제작업"
59120,J,정보통신업,59,영상ㆍ오디오 기록물 제작 및 배급업,591,"영화, 비디오물, 방송 프로그램 제작 및 배급업",5912,"영화, 비디오물 및 방송 프로그램 제작 관련 서비스업","영화, 비디오물 및 방송 프로그램 제작 관련 서비스업","정보통신업 > 영상ㆍ오디오 기록물 제작 및 배급업 > 영화, 비디오물, 방송 프로그램 제작 및 배급업 > 영화, 비디오물 및 방송 프로그램 제작 관련 서비스업"
59130,J,정보통신업,59,영상ㆍ오디오 기록물 제작 및 배급업,591,"영화, 비디오물, 방송 프로그램 제작 및 배급업",5913,"영화, 비디오물 및 방송 프로그램 배급업","영화, 비디오물 및 방송 프로그램 배급업","정보통신업 > 영상ㆍ오디오 기록물 제작 및 배급업 > 영화, 비디오물, 방송 프로그램 제작 및 배급업 > 영화, 비디오물 및 방송 프로그램 배급업"
59141,J,정보통신업,59,영상ㆍ오디오 기록물 제작 및 배급업,591,"영화, 비디오물, 방송 프로그램 제작 및 배급업",5914,영화 및 비디오물 상영업,영화관 운영업,"정보통신업 > 영상ㆍ오디오 기록물 제작 및 배급업 > 영화, 비디오물, 방송 프로그램 제작 및 배급업 > 영화 및 비디오물 상영업 > 영화관 운영업"
59142,J,정보통신업,59,영상ㆍ오디오 기록물 제작 및 배급업,591,"영화, 비디오물, 방송 프로그램 제작 및 배급업",5914,영화 및 비디오물 상영업,비디오물 감상실 운영업,"정보통신업 > 영상ㆍ오디오 기록물 제작 및 배급업 > 영화, 비디오물, 방송 프로그램 제작 및 배급업 > 영화 및 비디오물 상영업 > 비디오물 감상실 운영업"
59201,J,정보통신업,59,영상ㆍ오디오 기록물 제작 및 배급업,592,오디오물 출판 및 원판 녹음업,5920,오디오물 출판 및 원판 녹음업,음악 및 기타 오디오물 출판업,정보통신업 > 영상ㆍ오디오 기록물 제작 및 배급업 > 오디오물 출판 및 원판 녹음업 > 음악 및 기타 오디오물 출판업
59202,J,정보통신업,59,영상ㆍ오디오 기록물 제작 및 배급업,592,오디오물 출판 및 원판 녹음업,5920,오디오물 출판 및 원판 녹음업,녹음시설 운영업,정보통신업 > 영상ㆍ오디오 기록물 제작 및 배급업 > 오디오물 출판 및 원판 녹음업 > 녹음시설 운영업
60100,J,정보통신업,60,방송 및 영상·오디오물 제공 서비스업,601,라디오 방송업,6010,라디오 방송업,라디오 방송업,정보통신업 > 방송 및 영상·오디오물 제공 서비스업 > 라디오 방송업
60210,J,정보통신업,60,방송 및 영상·오디오물 제공 서비스업,602,텔레비전 방송업,6021,지상파 방송업,지상파 방송업,정보통신업 > 방송 및 영상·오디오물 제공 서비스업 > 텔레비전 방송업 > 지상파 방송업
60221,J,정보통신업,60,방송 및 영상·오디오물 제공 서비스업,602,텔레비전 방송업,6022,"유선, 위성 및 기타 방송업",프로그램 공급업,"정보통신업 > 방송 및 영상·오디오물 제공 서비스업 > 텔레비전 방송업 > 유선, 위성 및 기타 방송업 > 프로그램 공급업"
60222,J,정보통신업,60,방송 및 영상·오디오물 제공 서비스업,602,텔레비전 방송업,6022,"유선, 위성 및 기타 방송업",유선 방송업,"정보통신업 > 방송 및 영상·오디오물 제공 서비스업 > 텔레비전 방송업 > 유선, 위성 및 기타 방송업 > 유선 방송업"
60229,J,정보통신업,60,방송 및 영상·오디오물 제공 서비스업,602,텔레비전 방송업,6022,"유선, 위성 및 기타 방송업",위성 및 기타 방송업,"정보통신업 > 방송 및 영상·오디오물 제공 서비스업 > 텔레비전 방송업 > 유선, 위성 및 기타 방송업 > 위성 및 기타 방송업"
60310,J,정보통신업,60,방송 및 영상·오디오물 제공 서비스업,603,영상·오디오물 제공 서비스업,6031,영상물 제공 서비스업,영상물 제공 서비스업,정보통신업 > 방송 및 영상·오디오물 제공 서비스업 > 영상·오디오물 제공 서비스업 > 영상물 제공 서비스업
60320,J,정보통신업,60,방송 및 영상·오디오물 제공 서비스업,603,영상·오디오물 제공 서비스업,6032,오디오물 제공 서비스업,오디오물 제공 서비스업,정보통신업 > 방송 및 영상·오디오물 제공 서비스업 > 영상·오디오물 제공 서비스업 > 오디오물 제공 서비스업
61100,J,정보통신업,61,우편 및 통신업,611,공영 우편업,6110,공영 우편업,공영 우편업,정보통신업 > 우편 및 통신업 > 공영 우편업
61210,J,정보통신업,61,우편 및 통신업,612,전기 통신업,6121,유선 통신업,유선 통신업,정보통신업 > 우편 및 통신업 > 전기 통신업 > 유선 통신업
61220,J,정보통신업,61,우편 및 통신업,612,전기 통신업,6122,무선 및 위성 통신업,무선 및 위성 통신업,정보통신업 > 우편 및 통신업 > 전기 통신업 > 무선 및 위성 통신업
61291,J,정보통신업,61,우편 및 통신업,612,전기 통신업,6129,기타 전기 통신업,통신 재판매업,정보통신업 > 우편 및 통신업 > 전기 통신업 > 기타 전기 통신업 > 통신 재판매업
61299,J,정보통신업,61,우편 및 통신업,612,전기 통신업,6129,기타 전기 통신업,그 외 기타 전기 통신업,정보통신업 > 우편 및 통신업 > 전기 통신업 > 기타 전기 통신업 > 그 외 기타 전기 통신업
62010,J,정보통신업,62,"컴퓨터 프로그래밍, 시스템 통합 및 관리업",620,"컴퓨터 프로그래밍, 시스템 통합 및 관리업",6201,컴퓨터 프로그래밍 서비스업,컴퓨터 프로그래밍 서비스업,"정보통신업 > 컴퓨터 프로그래밍, 시스템 통합 및 관리업 > 컴퓨터 프로그래밍 서비스업"
62021,J,정보통신업,62,"컴퓨터 프로그래밍, 시스템 통합 및 관리업",620,"컴퓨터 프로그래밍, 시스템 통합 및 관리업",6202,"컴퓨터 시스템 통합 자문, 구축 및 관리업",컴퓨터 시스템 통합 자문 및 구축 서비스업,"정보통신업 > 컴퓨터 프로그래밍, 시스템 통합 및 관리업 > 컴퓨터 시스템 통합 자문, 구축 및 관리업 > 컴퓨터 시스템 통합 자문 및 구축 서비스업"
62022,J,정보통신업,62,"컴퓨터 프로그래밍, 시스템 통합 및 관리업",620,"컴퓨터 프로그래밍, 시스템 통합 및 관리업",6202,"컴퓨터 시스템 통합 자문, 구축 및 관리업",컴퓨터시설 관리업,"정보통신업 > 컴퓨터 프로그래밍, 시스템 통합 및 관리업 > 컴퓨터 시스템 통합 자문, 구축 및 관리업 > 컴퓨터시설 관리업"
62090,J,정보통신업,62,"컴퓨터 프로그래밍, 시스템 통합 및 관리업",620,"컴퓨터 프로그래밍, 시스템 통합 및 관리업",6209,기타 정보 기술 및 컴퓨터 운영 관련 서비스업,기타 정보 기술 및 컴퓨터 운영 관련 서비스업,"정보통신업 > 컴퓨터 프로그래밍, 시스템 통합 및 관리업 > 기타 정보 기술 및 컴퓨터 운영 관련 서비스업"
63111,J,정보통신업,63,정보서비스업,631,"자료 처리, 호스팅, 포털 및 기타 인터넷 정보 매개 서비스업",6311,"자료 처리, 호스팅 및 관련 서비스업",자료 처리업,"정보통신업 > 정보서비스업 > 자료 처리, 호스팅, 포털 및 기타 인터넷 정보 매개 서비스업 > 자료 처리, 호스팅 및 관련 서비스업 > 자료 처리업"
63112,J,정보통신업,63,정보서비스업,631,"자료 처리, 호스팅, 포털 및 기타 인터넷 정보 매개 서비스업",6311,"자료 처리, 호스팅 및 관련 서비스업",호스팅 및 관련 서비스업,"정보통신업 > 정보서비스업 > 자료 처리, 호스팅, 포털 및 기타 인터넷 정보 매개 서비스업 > 자료 처리, 호스팅 및 관련 서비스업 > 호스팅 및 관련 서비스업"
63120,J,정보통신업,63,정보서비스업,631,"자료 처리, 호스팅, 포털 및 기타 인터넷 정보 매개 서비스업",6312,포털 및 기타 인터넷 정보 매개 서비스업,포털 및 기타 인터넷 정보 매개 서비스업,"정보통신업 > 정보서비스업 > 자료 처리, 호스팅, 포털 및 기타 인터넷 정보 매개 서비스업 > 포털 및 기타 인터넷 정보 매개 서비스업"
63910,J,정보통신업,63,정보서비스업,639,기타 정보 서비스업,6391,뉴스 제공업,뉴스 제공업,정보통신업 > 정보서비스업 > 기타 정보 서비스업 > 뉴스 제공업
63991,J,정보통신업,63,정보서비스업,639,기타 정보 서비스업,6399,그 외 기타 정보 서비스업,데이터베이스 및 온라인 정보 제공업,정보통신업 > 정보서비스업 > 기타 정보 서비스업 > 그 외 기타 정보 서비스업 > 데이터베이스 및 온라인 정보 제공업
63992,J,정보통신업,63,정보서비스업,639,기타 정보 서비스업,6399,그 외 기타 정보 서비스업,가상자산 매매 및 중개업,정보통신업 > 정보서비스업 > 기타 정보 서비스업 > 그 외 기타 정보 서비스업 > 가상자산 매매 및 중개업
63999,J,정보통신업,63,정보서비스업,639,기타 정보 서비스업,6399,그 외 기타 정보 서비스업,그 외 기타 정보 서비스업,정보통신업 > 정보서비스업 > 기타 정보 서비스업 > 그 외 기타 정보 서비스업
64110,K,금융 및 보험업,64,금융업,641,은행 및 저축기관,6411,중앙은행,중앙은행,금융 및 보험업 > 금융업 > 은행 및 저축기관 > 중앙은행
64121,K,금융 및 보험업,64,금융업,641,은행 및 저축기관,6412,일반은행,국내은행,금융 및 보험업 > 금융업 > 은행 및 저축기관 > 일반은행 > 국내은행
64122,K,금융 및 보험업,64,금융업,641,은행 및 저축기관,6412,일반은행,외국은행,금융 및 보험업 > 금융업 > 은행 및 저축기관 > 일반은행 > 외국은행
64131,K,금융 및 보험업,64,금융업,641,은행 및 저축기관,6413,신용조합 및 저축기관,신용조합,금융 및 보험업 > 금융업 > 은행 및 저축기관 > 신용조합 및 저축기관 > 신용조합
64132,K,금융 및 보험업,64,금융업,641,은행 및 저축기관,6413,신용조합 및 저축기관,상호 저축은행 및 기타 저축기관,금융 및 보험업 > 금융업 > 은행 및 저축기관 > 신용조합 및 저축기관 > 상호 저축은행 및 기타 저축기관
64201,K,금융 및 보험업,64,금융업,642,신탁업 및 집합 투자업,6420,신탁업 및 집합 투자업,신탁업 및 집합 투자업,금융 및 보험업 > 금융업 > 신탁업 및 집합 투자업
64209,K,금융 및 보험업,64,금융업,642,신탁업 및 집합 투자업,6420,신탁업 및 집합 투자업,기타 금융 투자업,금융 및 보험업 > 금융업 > 신탁업 및 집합 투자업 > 기타 금융 투자업
64911,K,금융 및 보험업,64,금융업,649,기타 금융업,6491,여신 금융업,금융 리스업,금융 및 보험업 > 금융업 > 기타 금융업 > 여신 금융업 > 금융 리스업
64912,K,금융 및 보험업,64,금융업,649,기타 금융업,6491,여신 금융업,개발 금융기관,금융 및 보험업 > 금융업 > 기타 금융업 > 여신 금융업 > 개발 금융기관
64913,K,금융 및 보험업,64,금융업,649,기타 금융업,6491,여신 금융업,신용카드 및 할부 금융업,금융 및 보험업 > 금융업 > 기타 금융업 > 여신 금융업 > 신용카드 및 할부 금융업
64919,K,금융 및 보험업,64,금융업,649,기타 금융업,6491,여신 금융업,그 외 기타 여신 금융업,금융 및 보험업 > 금융업 > 기타 금융업 > 여신 금융업 > 그 외 기타 여신 금융업
64991,K,금융 및 보험업,64,금융업,649,기타 금융업,6499,그 외 기타 금융업,기금 운영업,금융 및 보험업 > 금융업 > 기타 금융업 > 그 외 기타 금융업 > 기금 운영업
64992,K,금융 및 보험업,64,금융업,649,기타 금융업,6499,그 외 기타 금융업,지주회사,금융 및 보험업 > 금융업 > 기타 금융업 > 그 외 기타 금융업 > 지주회사
64999,K,금융 및 보험업,64,금융업,649,기타 금융업,6499,그 외 기타 금융업,그 외 기타 분류 안된 금융업,금융 및 보험업 > 금융업 > 기타 금융업 > 그 외 기타 금융업 > 그 외 기타 분류 안된 금융업
65110,K,금융 및 보험업,65,보험업,651,보험업,6511,생명보험업,생명보험업,금융 및 보험업 > 보험업 > 생명보험업
65121,K,금융 및 보험업,65,보험업,651,보험업,6512,손해 및 보증보험업,손해보험업,금융 및 보험업 > 보험업 > 손해 및 보증보험업 > 손해보험업
65122,K,금융 및 보험업,65,보험업,651,보험업,6512,손해 및 보증보험업,보증보험업,금융 및 보험업 > 보험업 > 손해 및 보증보험업 > 보증보험업
65200,K,금융 및 보험업,65,보험업,652,재보험업,6520,재보험업,재보험업,금융 및 보험업 > 보험업 > 재보험업
65301,K,금융 및 보험업,65,보험업,653,공제업,6530,공제업,개인 공제업,금융 및 보험업 > 보험업 > 공제업 > 개인 공제업
65302,K,금융 및 보험업,65,보험업,653,공제업,6530,공제업,사업 공제업,금융 및 보험업 > 보험업 > 공제업 > 사업 공제업
66110,K,금융 및 보험업,66,금융 및 보험관련 서비스업,661,금융 지원 서비스업,6611,금융시장 관리업,금융시장 관리업,금융 및 보험업 > 금융 및 보험관련 서비스업 > 금융 지원 서비스업 > 금융시장 관리업
66121,K,금융 및 보험업,66,금융 및 보험관련 서비스업,661,금융 지원 서비스업,6612,증권 및 선물 중개업,증권 중개업,금융 및 보험업 > 금융 및 보험관련 서비스업 > 금융 지원 서비스업 > 증권 및 선물 중개업 > 증권 중개업
66122,K,금융 및 보험업,66,금융 및 보험관련 서비스업,661,금융 지원 서비스업,6612,증권 및 선물 중개업,선물 중개업,금융 및 보험업 > 금융 및 보험관련 서비스업 > 금융 지원 서비스업 > 증권 및 선물 중개업 > 선물 중개업
66191,K,금융 및 보험업,66,금융 및 보험관련 서비스업,661,금융 지원 서비스업,6619,기타 금융 지원 서비스업,"증권 발행, 관리, 보관 및 거래 지원 서비스업","금융 및 보험업 > 금융 및 보험관련 서비스업 > 금융 지원 서비스업 > 기타 금융 지원 서비스업 > 증권 발행, 관리, 보관 및 거래 지원 서비스업"
66192,K,금융 및 보험업,66,금융 및 보험관련 서비스업,661,금융 지원 서비스업,6619,기타 금융 지원 서비스업,투자 자문업 및 투자 일임업,금융 및 보험업 > 금융 및 보험관련 서비스업 > 금융 지원 서비스업 > 기타 금융 지원 서비스업 > 투자 자문업 및 투자 일임업
66199,K,금융 및 보험업,66,금융 및 보험관련 서비스업,661,금융 지원 서비스업,6619,기타 금융 지원 서비스업,그 외 기타 금융 지원 서비스업,금융 및 보험업 > 금융 및 보험관련 서비스업 > 금융 지원 서비스업 > 기타 금융 지원 서비스업 > 그 외 기타 금융 지원 서비스업
66201,K,금융 및 보험업,66,금융 및 보험관련 서비스업,662,보험 및 연금관련 서비스업,6620,보험 및 연금관련 서비스업,손해 사정업,금융 및 보험업 > 금융 및 보험관련 서비스업 > 보험 및 연금관련 서비스업 > 손해 사정업
66202,K,금융 및 보험업,66,금융 및 보험관련 서비스업,662,보험 및 연금관련 서비스업,6620,보험 및 연금관련 서비스업,보험 대리 및 중개업,금융 및 보험업 > 금융 및 보험관련 서비스업 > 보험 및 연금관련 서비스업 > 보험 대리 및 중개업
66209,K,금융 및 보험업,66,금융 및 보험관련 서비스업,662,보험 및 연금관련 서비스업,6620,보험 및 연금관련 서비스업,기타 보험 및 연금관련 서비스업,금융 및 보험업 > 금융 및 보험관련 서비스업 > 보험 및 연금관련 서비스업 > 기타 보험 및 연금관련 서비스업
68111,L,부동산업,68,부동산업,681,부동산 임대 및 공급업,6811,부동산 임대업,주거용 건물 임대업,부동산업 > 부동산 임대 및 공급업 > 부동산 임대업 > 주거용 건물 임대업
68112,L,부동산업,68,부동산업,681,부동산 임대 및 공급업,6811,부동산 임대업,비주거용 건물 임대업,부동산업 > 부동산 임대 및 공급업 > 부동산 임대업 > 비주거용 건물 임대업
68119,L,부동산업,68,부동산업,681,부동산 임대 및 공급업,6811,부동산 임대업,기타 부동산 임대업,부동산업 > 부동산 임대 및 공급업 > 부동산 임대업 > 기타 부동산 임대업
68121,L,부동산업,68,부동산업,681,부동산 임대 및 공급업,6812,부동산 개발 및 공급업,주거용 건물 개발 및 공급업,부동산업 > 부동산 임대 및 공급업 > 부동산 개발 및 공급업 > 주거용 건물 개발 및 공급업
68122,L,부동산업,68,부동산업,681,부동산 임대 및 공급업,6812,부동산 개발 및 공급업,비주거용 건물 개발 및 공급업,부동산업 > 부동산 임대 및 공급업 > 부동산 개발 및 공급업 > 비주거용 건물 개발 및 공급업
68129,L,부동산업,68,부동산업,681,부동산 임대 및 공급업,6812,부동산 개발 및 공급업,기타 부동산 개발 및 공급업,부동산업 > 부동산 임대 및 공급업 > 부동산 개발 및 공급업 > 기타 부동산 개발 및 공급업
68211,L,부동산업,68,부동산업,682,부동산관련 서비스업,6821,부동산 관리업,주거용 부동산 관리업,부동산업 > 부동산관련 서비스업 > 부동산 관리업 > 주거용 부동산 관리업
68212,L,부동산업,68,부동산업,682,부동산관련 서비스업,6821,부동산 관리업,비주거용 부동산 관리업,부동산업 > 부동산관련 서비스업 > 부동산 관리업 > 비주거용 부동산 관리업
68221,L,부동산업,68,부동산업,682,부동산관련 서비스업,6822,"부동산 중개, 자문 및 감정 평가업",부동산 중개 및 대리업,"부동산업 > 부동산관련 서비스업 > 부동산 중개, 자문 및 감정 평가업 > 부동산 중개 및 대리업"
68222,L,부동산업,68,부동산업,682,부동산관련 서비스업,6822,"부동산 중개, 자문 및 감정 평가업",부동산 투자 자문업,"부동산업 > 부동산관련 서비스업 > 부동산 중개, 자문 및 감정 평가업 > 부동산 투자 자문업"
68223,L,부동산업,68,부동산업,682,부동산관련 서비스업,6822,"부동산 중개, 자문 및 감정 평가업",부동산 감정 평가업,"부동산업 > 부동산관련 서비스업 > 부동산 중개, 자문 및 감정 평가업 > 부동산 감정 평가업"
68224,L,부동산업,68,부동산업,682,부동산관련 서비스업,6822,"부동산 중개, 자문 및 감정 평가업",부동산 분양 대행업,"부동산업 > 부동산관련 서비스업 > 부동산 중개, 자문 및 감정 평가업 > 부동산 분양 대행업"
70111,M,"전문, 과학 및 기술 서비스업",70,연구개발업,701,자연과학 및 공학 연구개발업,7011,자연과학 연구개발업,"물리, 화학 및 생물학 연구개발업","전문, 과학 및 기술 서비스업 > 연구개발업 > 자연과학 및 공학 연구개발업 > 자연과학 연구개발업 > 물리, 화학 및 생물학 연구개발업"
70112,M,"전문, 과학 및 기술 서비스업",70,연구개발업,701,자연과학 및 공학 연구개발업,7011,자연과학 연구개발업,농림수산학 및 수의학 연구개발업,"전문, 과학 및 기술 서비스업 > 연구개발업 > 자연과학 및 공학 연구개발업 > 자연과학 연구개발업 > 농림수산학 및 수의학 연구개발업"
70113,M,"전문, 과학 및 기술 서비스업",70,연구개발업,701,자연과학 및 공학 연구개발업,7011,자연과학 연구개발업,의학 및 약학 연구개발업,"전문, 과학 및 기술 서비스업 > 연구개발업 > 자연과학 및 공학 연구개발업 > 자연과학 연구개발업 > 의학 및 약학 연구개발업"
70119,M,"전문, 과학 및 기술 서비스업",70,연구개발업,701,자연과학 및 공학 연구개발업,7011,자연과학 연구개발업,기타 자연과학 연구개발업,"전문, 과학 및 기술 서비스업 > 연구개발업 > 자연과학 및 공학 연구개발업 > 자연과학 연구개발업 > 기타 자연과학 연구개발업"
70121,M,"전문, 과학 및 기술 서비스업",70,연구개발업,701,자연과학 및 공학 연구개발업,7012,공학 연구개발업,전기ㆍ전자공학 연구개발업,"전문, 과학 및 기술 서비스업 > 연구개발업 > 자연과학 및 공학 연구개발업 > 공학 연구개발업 > 전기ㆍ전자공학 연구개발업"
70129,M,"전문, 과학 및 기술 서비스업",70,연구개발업,701,자연과학 및 공학 연구개발업,7012,공학 연구개발업,기타 공학 연구개발업,"전문, 과학 및 기술 서비스업 > 연구개발업 > 자연과학 및 공학 연구개발업 > 공학 연구개발업 > 기타 공학 연구개발업"
70130,M,"전문, 과학 및 기술 서비스업",70,연구개발업,701,자연과학 및 공학 연구개발업,7013,자연과학 및 공학 융합 연구개발업,자연과학 및 공학 융합 연구개발업,"전문, 과학 및 기술 서비스업 > 연구개발업 > 자연과학 및 공학 연구개발업 > 자연과학 및 공학 융합 연구개발업"
70201,M,"전문, 과학 및 기술 서비스업",70,연구개발업,702,인문 및 사회과학 연구개발업,7020,인문 및 사회과학 연구개발업,경제 및 경영학 연구개발업,"전문, 과학 및 기술 서비스업 > 연구개발업 > 인문 및 사회과학 연구개발업 > 경제 및 경영학 연구개발업"
70209,M,"전문, 과학 및 기술 서비스업",70,연구개발업,702,인문 및 사회과학 연구개발업,7020,인문 및 사회과학 연구개발업,기타 인문 및 사회과학 연구개발업,"전문, 과학 및 기술 서비스업 > 연구개발업 > 인문 및 사회과학 연구개발업 > 기타 인문 및 사회과학 연구개발업"
71101,M,"전문, 과학 및 기술 서비스업",71,전문 서비스업,711,법무관련 서비스업,7110,법무관련 서비스업,변호사업,"전문, 과학 및 기술 서비스업 > 전문 서비스업 > 법무관련 서비스업 > 변호사업"
71102,M,"전문, 과학 및 기술 서비스업",71,전문 서비스업,711,법무관련 서비스업,7110,법무관련 서비스업,변리사업,"전문, 과학 및 기술 서비스업 > 전문 서비스업 > 법무관련 서비스업 > 변리사업"
71103,M,"전문, 과학 및 기술 서비스업",71,전문 서비스업,711,법무관련 서비스업,7110,법무관련 서비스업,법무사업,"전문, 과학 및 기술 서비스업 > 전문 서비스업 > 법무관련 서비스업 > 법무사업"
71109,M,"전문, 과학 및 기술 서비스업",71,전문 서비스업,711,법무관련 서비스업,7110,법무관련 서비스업,기타 법무관련 서비스업,"전문, 과학 및 기술 서비스업 > 전문 서비스업 > 법무관련 서비스업 > 기타 법무관련 서비스업"
71201,M,"전문, 과학 및 기술 서비스업",71,전문 서비스업,712,회계 및 세무관련 서비스업,7120,회계 및 세무관련 서비스업,공인회계사업,"전문, 과학 및 기술 서비스업 > 전문 서비스업 > 회계 및 세무관련 서비스업 > 공인회계사업"
71202,M,"전문, 과학 및 기술 서비스업",71,전문 서비스업,712,회계 및 세무관련 서비스업,7120,회계 및 세무관련 서비스업,세무사업,"전문, 과학 및 기술 서비스업 > 전문 서비스업 > 회계 및 세무관련 서비스업 > 세무사업"
71209,M,"전문, 과학 및 기술 서비스업",71,전문 서비스업,712,회계 및 세무관련 서비스업,7120,회계 및 세무관련 서비스업,기타 회계 관련 서비스업,"전문, 과학 및 기술 서비스업 > 전문 서비스업 > 회계 및 세무관련 서비스업 > 기타 회계 관련 서비스업"
71310,M,"전문, 과학 및 기술 서비스업",71,전문 서비스업,713,광고업,7131,광고 대행업,광고 대행업,"전문, 과학 및 기술 서비스업 > 전문 서비스업 > 광고업 > 광고 대행업"
71391,M,"전문, 과학 및 기술 서비스업",71,전문 서비스업,713,광고업,7139,기타 광고업,옥외 광고업,"전문, 과학 및 기술 서비스업 > 전문 서비스업 > 광고업 > 기타 광고업 > 옥외 광고업"
71392,M,"전문, 과학 및 기술 서비스업",71,전문 서비스업,713,광고업,7139,기타 광고업,"광고물 문안, 도안, 설계 등 작성업","전문, 과학 및 기술 서비스업 > 전문 서비스업 > 광고업 > 기타 광고업 > 광고물 문안, 도안, 설계 등 작성업"
71399,M,"전문, 과학 및 기술 서비스업",71,전문 서비스업,713,광고업,7139,기타 광고업,그 외 기타 광고 관련 서비스업,"전문, 과학 및 기술 서비스업 > 전문 서비스업 > 광고업 > 기타 광고업 > 그 외 기타 광고 관련 서비스업"
71400,M,"전문, 과학 및 기술 서비스업",71,전문 서비스업,714,시장 조사 및 여론 조사업,7140,시장 조사 및 여론 조사업,시장 조사 및 여론 조사업,"전문, 과학 및 기술 서비스업 > 전문 서비스업 > 시장 조사 및 여론 조사업"
71511,M,"전문, 과학 및 기술 서비스업",71,전문 서비스업,715,회사본부 및 경영 컨설팅 서비스업,7151,회사본부,제조업 회사본부,"전문, 과학 및 기술 서비스업 > 전문 서비스업 > 회사본부 및 경영 컨설팅 서비스업 > 회사본부 > 제조업 회사본부"
71519,M,"전문, 과학 및 기술 서비스업",71,전문 서비스업,715,회사본부 및 경영 컨설팅 서비스업,7151,회사본부,기타 산업 회사본부,"전문, 과학 및 기술 서비스업 > 전문 서비스업 > 회사본부 및 경영 컨설팅 서비스업 > 회사본부 > 기타 산업 회사본부"
71531,M,"전문, 과학 및 기술 서비스업",71,전문 서비스업,715,회사본부 및 경영 컨설팅 서비스업,7153,경영 컨설팅 및 공공 관계 서비스업,경영 컨설팅업,"전문, 과학 및 기술 서비스업 > 전문 서비스업 > 회사본부 및 경영 컨설팅 서비스업 > 경영 컨설팅 및 공공 관계 서비스업 > 경영 컨설팅업"
71532,M,"전문, 과학 및 기술 서비스업",71,전문 서비스업,715,회사본부 및 경영 컨설팅 서비스업,7153,경영 컨설팅 및 공공 관계 서비스업,공공관계 서비스업,"전문, 과학 및 기술 서비스업 > 전문 서비스업 > 회사본부 및 경영 컨설팅 서비스업 > 경영 컨설팅 및 공공 관계 서비스업 > 공공관계 서비스업"
71600,M,"전문, 과학 및 기술 서비스업",71,전문 서비스업,716,기타 전문 서비스업,7160,기타 전문 서비스업,기타 전문 서비스업,"전문, 과학 및 기술 서비스업 > 전문 서비스업 > 기타 전문 서비스업"
72111,M,"전문, 과학 및 기술 서비스업",72,"건축 기술, 엔지니어링 및 기타 과학기술 서비스업",721,"건축 기술, 엔지니어링 및 관련 기술 서비스업",7211,건축 및 조경 설계 서비스업,건축 설계 및 관련 서비스업,"전문, 과학 및 기술 서비스업 > 건축 기술, 엔지니어링 및 기타 과학기술 서비스업 > 건축 기술, 엔지니어링 및 관련 기술 서비스업 > 건축 및 조경 설계 서비스업 > 건축 설계 및 관련 서비스업"
72112,M,"전문, 과학 및 기술 서비스업",72,"건축 기술, 엔지니어링 및 기타 과학기술 서비스업",721,"건축 기술, 엔지니어링 및 관련 기술 서비스업",7211,건축 및 조경 설계 서비스업,도시 계획 및 조경 설계 서비스업,"전문, 과학 및 기술 서비스업 > 건축 기술, 엔지니어링 및 기타 과학기술 서비스업 > 건축 기술, 엔지니어링 및 관련 기술 서비스업 > 건축 및 조경 설계 서비스업 > 도시 계획 및 조경 설계 서비스업"
72121,M,"전문, 과학 및 기술 서비스업",72,"건축 기술, 엔지니어링 및 기타 과학기술 서비스업",721,"건축 기술, 엔지니어링 및 관련 기술 서비스업",7212,엔지니어링 서비스업,건물 및 토목 엔지니어링 서비스업,"전문, 과학 및 기술 서비스업 > 건축 기술, 엔지니어링 및 기타 과학기술 서비스업 > 건축 기술, 엔지니어링 및 관련 기술 서비스업 > 엔지니어링 서비스업 > 건물 및 토목 엔지니어링 서비스업"
72122,M,"전문, 과학 및 기술 서비스업",72,"건축 기술, 엔지니어링 및 기타 과학기술 서비스업",721,"건축 기술, 엔지니어링 및 관련 기술 서비스업",7212,엔지니어링 서비스업,환경 관련 엔지니어링 서비스업,"전문, 과학 및 기술 서비스업 > 건축 기술, 엔지니어링 및 기타 과학기술 서비스업 > 건축 기술, 엔지니어링 및 관련 기술 서비스업 > 엔지니어링 서비스업 > 환경 관련 엔지니어링 서비스업"
72129,M,"전문, 과학 및 기술 서비스업",72,"건축 기술, 엔지니어링 및 기타 과학기술 서비스업",721,"건축 기술, 엔지니어링 및 관련 기술 서비스업",7212,엔지니어링 서비스업,기타 엔지니어링 서비스업,"전문, 과학 및 기술 서비스업 > 건축 기술, 엔지니어링 및 기타 과학기술 서비스업 > 건축 기술, 엔지니어링 및 관련 기술 서비스업 > 엔지니어링 서비스업 > 기타 엔지니어링 서비스업"
72911,M,"전문, 과학 및 기술 서비스업",72,"건축 기술, 엔지니어링 및 기타 과학기술 서비스업",729,기타 과학기술 서비스업,7291,"기술 시험, 검사 및 분석업",물질 성분 검사 및 분석업,"전문, 과학 및 기술 서비스업 > 건축 기술, 엔지니어링 및 기타 과학기술 서비스업 > 기타 과학기술 서비스업 > 기술 시험, 검사 및 분석업 > 물질 성분 검사 및 분석업"
72919,M,"전문, 과학 및 기술 서비스업",72,"건축 기술, 엔지니어링 및 기타 과학기술 서비스업",729,기타 과학기술 서비스업,7291,"기술 시험, 검사 및 분석업","기타 기술 시험, 검사 및 분석업","전문, 과학 및 기술 서비스업 > 건축 기술, 엔지니어링 및 기타 과학기술 서비스업 > 기타 과학기술 서비스업 > 기술 시험, 검사 및 분석업 > 기타 기술 시험, 검사 및 분석업"
72921,M,"전문, 과학 및 기술 서비스업",72,"건축 기술, 엔지니어링 및 기타 과학기술 서비스업",729,기타 과학기술 서비스업,7292,"측량, 지질 조사 및 지도 제작업",측량업,"전문, 과학 및 기술 서비스업 > 건축 기술, 엔지니어링 및 기타 과학기술 서비스업 > 기타 과학기술 서비스업 > 측량, 지질 조사 및 지도 제작업 > 측량업"
72922,M,"전문, 과학 및 기술 서비스업",72,"건축 기술, 엔지니어링 및 기타 과학기술 서비스업",729,기타 과학기술 서비스업,7292,"측량, 지질 조사 및 지도 제작업",제도업,"전문, 과학 및 기술 서비스업 > 건축 기술, 엔지니어링 및 기타 과학기술 서비스업 > 기타 과학기술 서비스업 > 측량, 지질 조사 및 지도 제작업 > 제도업"
72923,M,"전문, 과학 및 기술 서비스업",72,"건축 기술, 엔지니어링 및 기타 과학기술 서비스업",729,기타 과학기술 서비스업,7292,"측량, 지질 조사 및 지도 제작업",지질 조사·탐사 및 지도 제작업,"전문, 과학 및 기술 서비스업 > 건축 기술, 엔지니어링 및 기타 과학기술 서비스업 > 기타 과학기술 서비스업 > 측량, 지질 조사 및 지도 제작업 > 지질 조사·탐사 및 지도 제작업"
73100,M,"전문, 과학 및 기술 서비스업",73,"기타 전문, 과학 및 기술 서비스업",731,수의업,7310,수의업,수의업,"전문, 과학 및 기술 서비스업 > 기타 전문, 과학 및 기술 서비스업 > 수의업"
73201,M,"전문, 과학 및 기술 서비스업",73,"기타 전문, 과학 및 기술 서비스업",732,전문 디자인업,7320,전문 디자인업,인테리어 디자인업,"전문, 과학 및 기술 서비스업 > 기타 전문, 과학 및 기술 서비스업 > 전문 디자인업 > 인테리어 디자인업"
73202,M,"전문, 과학 및 기술 서비스업",73,"기타 전문, 과학 및 기술 서비스업",732,전문 디자인업,7320,전문 디자인업,제품 디자인업,"전문, 과학 및 기술 서비스업 > 기타 전문, 과학 및 기술 서비스업 > 전문 디자인업 > 제품 디자인업"
73203,M,"전문, 과학 및 기술 서비스업",73,"기타 전문, 과학 및 기술 서비스업",732,전문 디자인업,7320,전문 디자인업,시각 디자인업,"전문, 과학 및 기술 서비스업 > 기타 전문, 과학 및 기술 서비스업 > 전문 디자인업 > 시각 디자인업"
73209,M,"전문, 과학 및 기술 서비스업",73,"기타 전문, 과학 및 기술 서비스업",732,전문 디자인업,7320,전문 디자인업,"패션, 섬유류 및 기타 전문 디자인업","전문, 과학 및 기술 서비스업 > 기타 전문, 과학 및 기술 서비스업 > 전문 디자인업 > 패션, 섬유류 및 기타 전문 디자인업"
73301,M,"전문, 과학 및 기술 서비스업",73,"기타 전문, 과학 및 기술 서비스업",733,사진 촬영 및 처리업,7330,사진 촬영 및 처리업,인물 사진 및 행사용 영상 촬영업,"전문, 과학 및 기술 서비스업 > 기타 전문, 과학 및 기술 서비스업 > 사진 촬영 및 처리업 > 인물 사진 및 행사용 영상 촬영업"
73302,M,"전문, 과학 및 기술 서비스업",73,"기타 전문, 과학 및 기술 서비스업",733,사진 촬영 및 처리업,7330,사진 촬영 및 처리업,상업용 사진 촬영업,"전문, 과학 및 기술 서비스업 > 기타 전문, 과학 및 기술 서비스업 > 사진 촬영 및 처리업 > 상업용 사진 촬영업"
73303,M,"전문, 과학 및 기술 서비스업",73,"기타 전문, 과학 및 기술 서비스업",733,사진 촬영 및 처리업,7330,사진 촬영 및 처리업,사진 처리업,"전문, 과학 및 기술 서비스업 > 기타 전문, 과학 및 기술 서비스업 > 사진 촬영 및 처리업 > 사진 처리업"
73901,M,"전문, 과학 및 기술 서비스업",73,"기타 전문, 과학 및 기술 서비스업",739,"그 외 기타 전문, 과학 및 기술 서비스업",7390,"그 외 기타 전문, 과학 및 기술 서비스업",매니저업,"전문, 과학 및 기술 서비스업 > 기타 전문, 과학 및 기술 서비스업 > 그 외 기타 전문, 과학 및 기술 서비스업 > 매니저업"
73902,M,"전문, 과학 및 기술 서비스업",73,"기타 전문, 과학 및 기술 서비스업",739,"그 외 기타 전문, 과학 및 기술 서비스업",7390,"그 외 기타 전문, 과학 및 기술 서비스업",번역 및 통역 서비스업,"전문, 과학 및 기술 서비스업 > 기타 전문, 과학 및 기술 서비스업 > 그 외 기타 전문, 과학 및 기술 서비스업 > 번역 및 통역 서비스업"
73903,M,"전문, 과학 및 기술 서비스업",73,"기타 전문, 과학 및 기술 서비스업",739,"그 외 기타 전문, 과학 및 기술 서비스업",7390,"그 외 기타 전문, 과학 및 기술 서비스업",사업 및 무형 재산권 중개업,"전문, 과학 및 기술 서비스업 > 기타 전문, 과학 및 기술 서비스업 > 그 외 기타 전문, 과학 및 기술 서비스업 > 사업 및 무형 재산권 중개업"
73904,M,"전문, 과학 및 기술 서비스업",73,"기타 전문, 과학 및 기술 서비스업",739,"그 외 기타 전문, 과학 및 기술 서비스업",7390,"그 외 기타 전문, 과학 및 기술 서비스업","물품 감정, 계량 및 견본 추출업","전문, 과학 및 기술 서비스업 > 기타 전문, 과학 및 기술 서비스업 > 그 외 기타 전문, 과학 및 기술 서비스업 > 물품 감정, 계량 및 견본 추출업"
73905,M,"전문, 과학 및 기술 서비스업",73,"기타 전문, 과학 및 기술 서비스업",739,"그 외 기타 전문, 과학 및 기술 서비스업",7390,"그 외 기타 전문, 과학 및 기술 서비스업",고고유산 조사연구 서비스업,"전문, 과학 및 기술 서비스업 > 기타 전문, 과학 및 기술 서비스업 > 그 외 기타 전문, 과학 및 기술 서비스업 > 고고유산 조사연구 서비스업"
73909,M,"전문, 과학 및 기술 서비스업",73,"기타 전문, 과학 및 기술 서비스업",739,"그 외 기타 전문, 과학 및 기술 서비스업",7390,"그 외 기타 전문, 과학 및 기술 서비스업","그 외 기타 분류 안된 전문, 과학 및 기술 서비스업","전문, 과학 및 기술 서비스업 > 기타 전문, 과학 및 기술 서비스업 > 그 외 기타 전문, 과학 및 기술 서비스업 > 그 외 기타 분류 안된 전문, 과학 및 기술 서비스업"
74100,N,"사업시설 관리, 사업 지원 및 임대 서비스업",74,사업시설 관리 및 조경 서비스업,741,사업시설 유지ㆍ관리 서비스업,7410,사업시설 유지ㆍ관리 서비스업,사업시설 유지ㆍ관리 서비스업,"사업시설 관리, 사업 지원 및 임대 서비스업 > 사업시설 관리 및 조경 서비스업 > 사업시설 유지ㆍ관리 서비스업"
74211,N,"사업시설 관리, 사업 지원 및 임대 서비스업",74,사업시설 관리 및 조경 서비스업,742,건물ㆍ산업설비 청소 및 방제 서비스업,7421,건물 및 산업설비 청소업,건축물 일반 청소업,"사업시설 관리, 사업 지원 및 임대 서비스업 > 사업시설 관리 및 조경 서비스업 > 건물ㆍ산업설비 청소 및 방제 서비스업 > 건물 및 산업설비 청소업 > 건축물 일반 청소업"
74212,N,"사업시설 관리, 사업 지원 및 임대 서비스업",74,사업시설 관리 및 조경 서비스업,742,건물ㆍ산업설비 청소 및 방제 서비스업,7421,건물 및 산업설비 청소업,"산업설비, 운송장비 및 공공장소 청소업","사업시설 관리, 사업 지원 및 임대 서비스업 > 사업시설 관리 및 조경 서비스업 > 건물ㆍ산업설비 청소 및 방제 서비스업 > 건물 및 산업설비 청소업 > 산업설비, 운송장비 및 공공장소 청소업"
74220,N,"사업시설 관리, 사업 지원 및 임대 서비스업",74,사업시설 관리 및 조경 서비스업,742,건물ㆍ산업설비 청소 및 방제 서비스업,7422,"소독, 구충 및 방제 서비스업","소독, 구충 및 방제 서비스업","사업시설 관리, 사업 지원 및 임대 서비스업 > 사업시설 관리 및 조경 서비스업 > 건물ㆍ산업설비 청소 및 방제 서비스업 > 소독, 구충 및 방제 서비스업"
74300,N,"사업시설 관리, 사업 지원 및 임대 서비스업",74,사업시설 관리 및 조경 서비스업,743,조경관리 및 유지 서비스업,7430,조경관리 및 유지 서비스업,조경관리 및 유지 서비스업,"사업시설 관리, 사업 지원 및 임대 서비스업 > 사업시설 관리 및 조경 서비스업 > 조경관리 및 유지 서비스업"
75110,N,"사업시설 관리, 사업 지원 및 임대 서비스업",75,사업 지원 서비스업,751,고용 알선 및 인력 공급업,7511,고용 알선업,고용 알선업,"사업시설 관리, 사업 지원 및 임대 서비스업 > 사업 지원 서비스업 > 고용 알선 및 인력 공급업 > 고용 알선업"
75121,N,"사업시설 관리, 사업 지원 및 임대 서비스업",75,사업 지원 서비스업,751,고용 알선 및 인력 공급업,7512,인력 공급업,임시 및 일용 인력 공급업,"사업시설 관리, 사업 지원 및 임대 서비스업 > 사업 지원 서비스업 > 고용 알선 및 인력 공급업 > 인력 공급업 > 임시 및 일용 인력 공급업"
75122,N,"사업시설 관리, 사업 지원 및 임대 서비스업",75,사업 지원 서비스업,751,고용 알선 및 인력 공급업,7512,인력 공급업,상용 인력 공급 및 인사관리 서비스업,"사업시설 관리, 사업 지원 및 임대 서비스업 > 사업 지원 서비스업 > 고용 알선 및 인력 공급업 > 인력 공급업 > 상용 인력 공급 및 인사관리 서비스업"
75210,N,"사업시설 관리, 사업 지원 및 임대 서비스업",75,사업 지원 서비스업,752,여행사 및 기타 여행 보조 서비스업,7521,여행사업,여행사업,"사업시설 관리, 사업 지원 및 임대 서비스업 > 사업 지원 서비스업 > 여행사 및 기타 여행 보조 서비스업 > 여행사업"
75290,N,"사업시설 관리, 사업 지원 및 임대 서비스업",75,사업 지원 서비스업,752,여행사 및 기타 여행 보조 서비스업,7529,기타 여행 보조 및 예약 서비스업,기타 여행 보조 및 예약 서비스업,"사업시설 관리, 사업 지원 및 임대 서비스업 > 사업 지원 서비스업 > 여행사 및 기타 여행 보조 서비스업 > 기타 여행 보조 및 예약 서비스업"
75310,N,"사업시설 관리, 사업 지원 및 임대 서비스업",75,사업 지원 서비스업,753,"경비, 경호 및 탐정업",7531,경비 및 경호 서비스업,경비 및 경호 서비스업,"사업시설 관리, 사업 지원 및 임대 서비스업 > 사업 지원 서비스업 > 경비, 경호 및 탐정업 > 경비 및 경호 서비스업"
75320,N,"사업시설 관리, 사업 지원 및 임대 서비스업",75,사업 지원 서비스업,753,"경비, 경호 및 탐정업",7532,보안 시스템 서비스업,보안 시스템 서비스업,"사업시설 관리, 사업 지원 및 임대 서비스업 > 사업 지원 서비스업 > 경비, 경호 및 탐정업 > 보안 시스템 서비스업"
75330,N,"사업시설 관리, 사업 지원 및 임대 서비스업",75,사업 지원 서비스업,753,"경비, 경호 및 탐정업",7533,탐정 및 조사 서비스업,탐정 및 조사 서비스업,"사업시설 관리, 사업 지원 및 임대 서비스업 > 사업 지원 서비스업 > 경비, 경호 및 탐정업 > 탐정 및 조사 서비스업"
75911,N,"사업시설 관리, 사업 지원 및 임대 서비스업",75,사업 지원 서비스업,759,기타 사업 지원 서비스업,7591,사무 지원 서비스업,문서 작성 및 복사업,"사업시설 관리, 사업 지원 및 임대 서비스업 > 사업 지원 서비스업 > 기타 사업 지원 서비스업 > 사무 지원 서비스업 > 문서 작성 및 복사업"
75919,N,"사업시설 관리, 사업 지원 및 임대 서비스업",75,사업 지원 서비스업,759,기타 사업 지원 서비스업,7591,사무 지원 서비스업,기타 사무 지원 서비스업,"사업시설 관리, 사업 지원 및 임대 서비스업 > 사업 지원 서비스업 > 기타 사업 지원 서비스업 > 사무 지원 서비스업 > 기타 사무 지원 서비스업"
75991,N,"사업시설 관리, 사업 지원 및 임대 서비스업",75,사업 지원 서비스업,759,기타 사업 지원 서비스업,7599,그 외 기타 사업 지원 서비스업,콜센터 및 텔레마케팅 서비스업,"사업시설 관리, 사업 지원 및 임대 서비스업 > 사업 지원 서비스업 > 기타 사업 지원 서비스업 > 그 외 기타 사업 지원 서비스업 > 콜센터 및 텔레마케팅 서비스업"
75992,N,"사업시설 관리, 사업 지원 및 임대 서비스업",75,사업 지원 서비스업,759,기타 사업 지원 서비스업,7599,그 외 기타 사업 지원 서비스업,"전시, 컨벤션 및 행사 대행업","사업시설 관리, 사업 지원 및 임대 서비스업 > 사업 지원 서비스업 > 기타 사업 지원 서비스업 > 그 외 기타 사업 지원 서비스업 > 전시, 컨벤션 및 행사 대행업"
75993,N,"사업시설 관리, 사업 지원 및 임대 서비스업",75,사업 지원 서비스업,759,기타 사업 지원 서비스업,7599,그 외 기타 사업 지원 서비스업,신용 조사 및 추심 대행업,"사업시설 관리, 사업 지원 및 임대 서비스업 > 사업 지원 서비스업 > 기타 사업 지원 서비스업 > 그 외 기타 사업 지원 서비스업 > 신용 조사 및 추심 대행업"
75994,N,"사업시설 관리, 사업 지원 및 임대 서비스업",75,사업 지원 서비스업,759,기타 사업 지원 서비스업,7599,그 외 기타 사업 지원 서비스업,포장 및 충전업,"사업시설 관리, 사업 지원 및 임대 서비스업 > 사업 지원 서비스업 > 기타 사업 지원 서비스업 > 그 외 기타 사업 지원 서비스업 > 포장 및 충전업"
75995,N,"사업시설 관리, 사업 지원 및 임대 서비스업",75,사업 지원 서비스업,759,기타 사업 지원 서비스업,7599,그 외 기타 사업 지원 서비스업,온라인 활용 마케팅 및 관련 사업지원 서비스업,"사업시설 관리, 사업 지원 및 임대 서비스업 > 사업 지원 서비스업 > 기타 사업 지원 서비스업 > 그 외 기타 사업 지원 서비스업 > 온라인 활용 마케팅 및 관련 사업지원 서비스업"
75999,N,"사업시설 관리, 사업 지원 및 임대 서비스업",75,사업 지원 서비스업,759,기타 사업 지원 서비스업,7599,그 외 기타 사업 지원 서비스업,그 외 기타 분류 안된 사업지원 서비스업,"사업시설 관리, 사업 지원 및 임대 서비스업 > 사업 지원 서비스업 > 기타 사업 지원 서비스업 > 그 외 기타 사업 지원 서비스업 > 그 외 기타 분류 안된 사업지원 서비스업"
76110,N,"사업시설 관리, 사업 지원 및 임대 서비스업",76,임대업; 부동산 제외,761,운송장비 임대업,7611,자동차 임대업,자동차 임대업,"사업시설 관리, 사업 지원 및 임대 서비스업 > 임대업; 부동산 제외 > 운송장비 임대업 > 자동차 임대업"
76190,N,"사업시설 관리, 사업 지원 및 임대 서비스업",76,임대업; 부동산 제외,761,운송장비 임대업,7619,기타 운송장비 임대업,기타 운송장비 임대업,"사업시설 관리, 사업 지원 및 임대 서비스업 > 임대업; 부동산 제외 > 운송장비 임대업 > 기타 운송장비 임대업"
76210,N,"사업시설 관리, 사업 지원 및 임대 서비스업",76,임대업; 부동산 제외,762,개인 및 가정용품 임대업,7621,스포츠 및 레크리에이션 용품 임대업,스포츠 및 레크리에이션 용품 임대업,"사업시설 관리, 사업 지원 및 임대 서비스업 > 임대업; 부동산 제외 > 개인 및 가정용품 임대업 > 스포츠 및 레크리에이션 용품 임대업"
76220,N,"사업시설 관리, 사업 지원 및 임대 서비스업",76,임대업; 부동산 제외,762,개인 및 가정용품 임대업,7622,음반 및 비디오물 임대업,음반 및 비디오물 임대업,"사업시설 관리, 사업 지원 및 임대 서비스업 > 임대업; 부동산 제외 > 개인 및 가정용품 임대업 > 음반 및 비디오물 임대업"
76291,N,"사업시설 관리, 사업 지원 및 임대 서비스업",76,임대업; 부동산 제외,762,개인 및 가정용품 임대업,7629,기타 개인 및 가정용품 임대업,서적 임대업,"사업시설 관리, 사업 지원 및 임대 서비스업 > 임대업; 부동산 제외 > 개인 및 가정용품 임대업 > 기타 개인 및 가정용품 임대업 > 서적 임대업"
76292,N,"사업시설 관리, 사업 지원 및 임대 서비스업",76,임대업; 부동산 제외,762,개인 및 가정용품 임대업,7629,기타 개인 및 가정용품 임대업,의류 임대업,"사업시설 관리, 사업 지원 및 임대 서비스업 > 임대업; 부동산 제외 > 개인 및 가정용품 임대업 > 기타 개인 및 가정용품 임대업 > 의류 임대업"
76299,N,"사업시설 관리, 사업 지원 및 임대 서비스업",76,임대업; 부동산 제외,762,개인 및 가정용품 임대업,7629,기타 개인 및 가정용품 임대업,그 외 기타 개인 및 가정용품 임대업,"사업시설 관리, 사업 지원 및 임대 서비스업 > 임대업; 부동산 제외 > 개인 및 가정용품 임대업 > 기타 개인 및 가정용품 임대업 > 그 외 기타 개인 및 가정용품 임대업"
76310,N,"사업시설 관리, 사업 지원 및 임대 서비스업",76,임대업; 부동산 제외,763,산업용 기계 및 장비 임대업,7631,건설 및 토목공사용 기계ㆍ장비 임대업,건설 및 토목공사용 기계ㆍ장비 임대업,"사업시설 관리, 사업 지원 및 임대 서비스업 > 임대업; 부동산 제외 > 산업용 기계 및 장비 임대업 > 건설 및 토목공사용 기계ㆍ장비 임대업"
76320,N,"사업시설 관리, 사업 지원 및 임대 서비스업",76,임대업; 부동산 제외,763,산업용 기계 및 장비 임대업,7632,컴퓨터 및 사무용 기계ㆍ장비 임대업,컴퓨터 및 사무용 기계ㆍ장비 임대업,"사업시설 관리, 사업 지원 및 임대 서비스업 > 임대업; 부동산 제외 > 산업용 기계 및 장비 임대업 > 컴퓨터 및 사무용 기계ㆍ장비 임대업"
76390,N,"사업시설 관리, 사업 지원 및 임대 서비스업",76,임대업; 부동산 제외,763,산업용 기계 및 장비 임대업,7639,기타 산업용 기계 및 장비 임대업,기타 산업용 기계 및 장비 임대업,"사업시설 관리, 사업 지원 및 임대 서비스업 > 임대업; 부동산 제외 > 산업용 기계 및 장비 임대업 > 기타 산업용 기계 및 장비 임대업"
76400,N,"사업시설 관리, 사업 지원 및 임대 서비스업",76,임대업; 부동산 제외,764,무형 재산권 임대업,7640,무형 재산권 임대업,무형 재산권 임대업,"사업시설 관리, 사업 지원 및 임대 서비스업 > 임대업; 부동산 제외 > 무형 재산권 임대업"
84111,O,"공공 행정, 국방 및 사회보장 행정",84,"공공 행정, 국방 및 사회보장 행정",841,입법 및 일반 정부 행정,8411,일반 공공 행정,입법기관,"공공 행정, 국방 및 사회보장 행정 > 입법 및 일반 정부 행정 > 일반 공공 행정 > 입법기관"
84112,O,"공공 행정, 국방 및 사회보장 행정",84,"공공 행정, 국방 및 사회보장 행정",841,입법 및 일반 정부 행정,8411,일반 공공 행정,중앙 최고 집행기관,"공공 행정, 국방 및 사회보장 행정 > 입법 및 일반 정부 행정 > 일반 공공 행정 > 중앙 최고 집행기관"
84113,O,"공공 행정, 국방 및 사회보장 행정",84,"공공 행정, 국방 및 사회보장 행정",841,입법 및 일반 정부 행정,8411,일반 공공 행정,지방행정 집행기관,"공공 행정, 국방 및 사회보장 행정 > 입법 및 일반 정부 행정 > 일반 공공 행정 > 지방행정 집행기관"
84114,O,"공공 행정, 국방 및 사회보장 행정",84,"공공 행정, 국방 및 사회보장 행정",841,입법 및 일반 정부 행정,8411,일반 공공 행정,재정 및 경제정책 행정,"공공 행정, 국방 및 사회보장 행정 > 입법 및 일반 정부 행정 > 일반 공공 행정 > 재정 및 경제정책 행정"
84119,O,"공공 행정, 국방 및 사회보장 행정",84,"공공 행정, 국방 및 사회보장 행정",841,입법 및 일반 정부 행정,8411,일반 공공 행정,기타 일반 공공 행정,"공공 행정, 국방 및 사회보장 행정 > 입법 및 일반 정부 행정 > 일반 공공 행정 > 기타 일반 공공 행정"
84120,O,"공공 행정, 국방 및 사회보장 행정",84,"공공 행정, 국방 및 사회보장 행정",841,입법 및 일반 정부 행정,8412,정부기관 일반 보조 행정,정부기관 일반 보조 행정,"공공 행정, 국방 및 사회보장 행정 > 입법 및 일반 정부 행정 > 정부기관 일반 보조 행정"
84211,O,"공공 행정, 국방 및 사회보장 행정",84,"공공 행정, 국방 및 사회보장 행정",842,사회 및 산업정책 행정,8421,사회서비스 관리 행정,교육 행정,"공공 행정, 국방 및 사회보장 행정 > 사회 및 산업정책 행정 > 사회서비스 관리 행정 > 교육 행정"
84212,O,"공공 행정, 국방 및 사회보장 행정",84,"공공 행정, 국방 및 사회보장 행정",842,사회 및 산업정책 행정,8421,사회서비스 관리 행정,문화 및 관광 행정,"공공 행정, 국방 및 사회보장 행정 > 사회 및 산업정책 행정 > 사회서비스 관리 행정 > 문화 및 관광 행정"
84213,O,"공공 행정, 국방 및 사회보장 행정",84,"공공 행정, 국방 및 사회보장 행정",842,사회 및 산업정책 행정,8421,사회서비스 관리 행정,환경 행정,"공공 행정, 국방 및 사회보장 행정 > 사회 및 산업정책 행정 > 사회서비스 관리 행정 > 환경 행정"
84214,O,"공공 행정, 국방 및 사회보장 행정",84,"공공 행정, 국방 및 사회보장 행정",842,사회 및 산업정책 행정,8421,사회서비스 관리 행정,보건 및 복지 행정,"공공 행정, 국방 및 사회보장 행정 > 사회 및 산업정책 행정 > 사회서비스 관리 행정 > 보건 및 복지 행정"
84219,O,"공공 행정, 국방 및 사회보장 행정",84,"공공 행정, 국방 및 사회보장 행정",842,사회 및 산업정책 행정,8421,사회서비스 관리 행정,기타 사회서비스 관리 행정,"공공 행정, 국방 및 사회보장 행정 > 사회 및 산업정책 행정 > 사회서비스 관리 행정 > 기타 사회서비스 관리 행정"
84221,O,"공공 행정, 국방 및 사회보장 행정",84,"공공 행정, 국방 및 사회보장 행정",842,사회 및 산업정책 행정,8422,노동 및 산업 진흥 행정,노동 행정,"공공 행정, 국방 및 사회보장 행정 > 사회 및 산업정책 행정 > 노동 및 산업 진흥 행정 > 노동 행정"
84222,O,"공공 행정, 국방 및 사회보장 행정",84,"공공 행정, 국방 및 사회보장 행정",842,사회 및 산업정책 행정,8422,노동 및 산업 진흥 행정,농림수산 행정,"공공 행정, 국방 및 사회보장 행정 > 사회 및 산업정책 행정 > 노동 및 산업 진흥 행정 > 농림수산 행정"
84223,O,"공공 행정, 국방 및 사회보장 행정",84,"공공 행정, 국방 및 사회보장 행정",842,사회 및 산업정책 행정,8422,노동 및 산업 진흥 행정,건설 및 운송 행정,"공공 행정, 국방 및 사회보장 행정 > 사회 및 산업정책 행정 > 노동 및 산업 진흥 행정 > 건설 및 운송 행정"
84224,O,"공공 행정, 국방 및 사회보장 행정",84,"공공 행정, 국방 및 사회보장 행정",842,사회 및 산업정책 행정,8422,노동 및 산업 진흥 행정,우편 및 통신 행정,"공공 행정, 국방 및 사회보장 행정 > 사회 및 산업정책 행정 > 노동 및 산업 진흥 행정 > 우편 및 통신 행정"
84229,O,"공공 행정, 국방 및 사회보장 행정",84,"공공 행정, 국방 및 사회보장 행정",842,사회 및 산업정책 행정,8422,노동 및 산업 진흥 행정,기타 산업 진흥 행정,"공공 행정, 국방 및 사회보장 행정 > 사회 및 산업정책 행정 > 노동 및 산업 진흥 행정 > 기타 산업 진흥 행정"
84310,O,"공공 행정, 국방 및 사회보장 행정",84,"공공 행정, 국방 및 사회보장 행정",843,외무 및 국방 행정,8431,외무 행정,외무 행정,"공공 행정, 국방 및 사회보장 행정 > 외무 및 국방 행정 > 외무 행정"
84320,O,"공공 행정, 국방 및 사회보장 행정",84,"공공 행정, 국방 및 사회보장 행정",843,외무 및 국방 행정,8432,국방 행정,국방 행정,"공공 행정, 국방 및 사회보장 행정 > 외무 및 국방 행정 > 국방 행정"
84401,O,"공공 행정, 국방 및 사회보장 행정",84,"공공 행정, 국방 및 사회보장 행정",844,사법 및 공공 질서 행정,8440,사법 및 공공 질서 행정,법원,"공공 행정, 국방 및 사회보장 행정 > 사법 및 공공 질서 행정 > 법원"
84402,O,"공공 행정, 국방 및 사회보장 행정",84,"공공 행정, 국방 및 사회보장 행정",844,사법 및 공공 질서 행정,8440,사법 및 공공 질서 행정,검찰,"공공 행정, 국방 및 사회보장 행정 > 사법 및 공공 질서 행정 > 검찰"
84403,O,"공공 행정, 국방 및 사회보장 행정",84,"공공 행정, 국방 및 사회보장 행정",844,사법 및 공공 질서 행정,8440,사법 및 공공 질서 행정,교도기관,"공공 행정, 국방 및 사회보장 행정 > 사법 및 공공 질서 행정 > 교도기관"
84404,O,"공공 행정, 국방 및 사회보장 행정",84,"공공 행정, 국방 및 사회보장 행정",844,사법 및 공공 질서 행정,8440,사법 및 공공 질서 행정,경찰,"공공 행정, 국방 및 사회보장 행정 > 사법 및 공공 질서 행정 > 경찰"
84405,O,"공공 행정, 국방 및 사회보장 행정",84,"공공 행정, 국방 및 사회보장 행정",844,사법 및 공공 질서 행정,8440,사법 및 공공 질서 행정,소방서,"공공 행정, 국방 및 사회보장 행정 > 사법 및 공공 질서 행정 > 소방서"
84409,O,"공공 행정, 국방 및 사회보장 행정",84,"공공 행정, 국방 및 사회보장 행정",844,사법 및 공공 질서 행정,8440,사법 및 공공 질서 행정,기타 사법 및 공공 질서 행정,"공공 행정, 국방 및 사회보장 행정 > 사법 및 공공 질서 행정 > 기타 사법 및 공공 질서 행정"
84500,O,"공공 행정, 국방 및 사회보장 행정",84,"공공 행정, 국방 및 사회보장 행정",845,사회보장 행정,8450,사회보장 행정,사회보장 행정,"공공 행정, 국방 및 사회보장 행정 > 사회보장 행정"
84611,O,"공공 행정, 국방 및 사회보장 행정",84,"공공 행정, 국방 및 사회보장 행정",846,사회보장 보험업 및 연금업,8461,사회보장 보험업,건강 보험업,"공공 행정, 국방 및 사회보장 행정 > 사회보장 보험업 및 연금업 > 사회보장 보험업 > 건강 보험업"
84619,O,"공공 행정, 국방 및 사회보장 행정",84,"공공 행정, 국방 및 사회보장 행정",846,사회보장 보험업 및 연금업,8461,사회보장 보험업,산업재해 및 기타 사회보장 보험업,"공공 행정, 국방 및 사회보장 행정 > 사회보장 보험업 및 연금업 > 사회보장 보험업 > 산업재해 및 기타 사회보장 보험업"
84620,O,"공공 행정, 국방 및 사회보장 행정",84,"공공 행정, 국방 및 사회보장 행정",846,사회보장 보험업 및 연금업,8462,연금업,연금업,"공공 행정, 국방 및 사회보장 행정 > 사회보장 보험업 및 연금업 > 연금업"
85110,P,교육 서비스업,85,교육 서비스업,851,초등 교육기관,8511,유아 교육기관,유아 교육기관,교육 서비스업 > 초등 교육기관 > 유아 교육기관
85120,P,교육 서비스업,85,교육 서비스업,851,초등 교육기관,8512,초등학교,초등학교,교육 서비스업 > 초등 교육기관 > 초등학교
85211,P,교육 서비스업,85,교육 서비스업,852,중등 교육기관,8521,일반 중등 교육기관,중학교,교육 서비스업 > 중등 교육기관 > 일반 중등 교육기관 > 중학교
85212,P,교육 서비스업,85,교육 서비스업,852,중등 교육기관,8521,일반 중등 교육기관,일반 고등학교,교육 서비스업 > 중등 교육기관 > 일반 중등 교육기관 > 일반 고등학교
85221,P,교육 서비스업,85,교육 서비스업,852,중등 교육기관,8522,특성화 고등학교,상업 및 정보산업 특성화 고등학교,교육 서비스업 > 중등 교육기관 > 특성화 고등학교 > 상업 및 정보산업 특성화 고등학교
85222,P,교육 서비스업,85,교육 서비스업,852,중등 교육기관,8522,특성화 고등학교,공업 특성화 고등학교,교육 서비스업 > 중등 교육기관 > 특성화 고등학교 > 공업 특성화 고등학교
85229,P,교육 서비스업,85,교육 서비스업,852,중등 교육기관,8522,특성화 고등학교,기타 특성화 고등학교,교육 서비스업 > 중등 교육기관 > 특성화 고등학교 > 기타 특성화 고등학교
85301,P,교육 서비스업,85,교육 서비스업,853,고등 교육기관,8530,고등 교육기관,전문대학,교육 서비스업 > 고등 교육기관 > 전문대학
85302,P,교육 서비스업,85,교육 서비스업,853,고등 교육기관,8530,고등 교육기관,대학교,교육 서비스업 > 고등 교육기관 > 대학교
85303,P,교육 서비스업,85,교육 서비스업,853,고등 교육기관,8530,고등 교육기관,대학원,교육 서비스업 > 고등 교육기관 > 대학원
85410,P,교육 서비스업,85,교육 서비스업,854,"특수학교, 외국인학교 및 대안학교",8541,특수학교,특수학교,"교육 서비스업 > 특수학교, 외국인학교 및 대안학교 > 특수학교"
85420,P,교육 서비스업,85,교육 서비스업,854,"특수학교, 외국인학교 및 대안학교",8542,외국인학교,외국인학교,"교육 서비스업 > 특수학교, 외국인학교 및 대안학교 > 외국인학교"
85430,P,교육 서비스업,85,교육 서비스업,854,"특수학교, 외국인학교 및 대안학교",8543,대안학교,대안학교,"교육 서비스업 > 특수학교, 외국인학교 및 대안학교 > 대안학교"
85501,P,교육 서비스업,85,교육 서비스업,855,일반 교습학원,8550,일반 교습학원,일반 교과학원,교육 서비스업 > 일반 교습학원 > 일반 교과학원
85503,P,교육 서비스업,85,교육 서비스업,855,일반 교습학원,8550,일반 교습학원,온라인 교육학원,교육 서비스업 > 일반 교습학원 > 온라인 교육학원
85611,P,교육 서비스업,85,교육 서비스업,856,기타 교육기관,8561,스포츠 및 레크리에이션 교육기관,태권도 및 무술 교육기관,교육 서비스업 > 기타 교육기관 > 스포츠 및 레크리에이션 교육기관 > 태권도 및 무술 교육기관
85612,P,교육 서비스업,85,교육 서비스업,856,기타 교육기관,8561,스포츠 및 레크리에이션 교육기관,기타 스포츠 교육기관,교육 서비스업 > 기타 교육기관 > 스포츠 및 레크리에이션 교육기관 > 기타 스포츠 교육기관
85613,P,교육 서비스업,85,교육 서비스업,856,기타 교육기관,8561,스포츠 및 레크리에이션 교육기관,레크리에이션 교육기관,교육 서비스업 > 기타 교육기관 > 스포츠 및 레크리에이션 교육기관 > 레크리에이션 교육기관
85614,P,교육 서비스업,85,교육 서비스업,856,기타 교육기관,8561,스포츠 및 레크리에이션 교육기관,청소년 수련시설 운영업,교육 서비스업 > 기타 교육기관 > 스포츠 및 레크리에이션 교육기관 > 청소년 수련시설 운영업
85621,P,교육 서비스업,85,교육 서비스업,856,기타 교육기관,8562,예술학원,음악학원,교육 서비스업 > 기타 교육기관 > 예술학원 > 음악학원
85622,P,교육 서비스업,85,교육 서비스업,856,기타 교육기관,8562,예술학원,미술학원,교육 서비스업 > 기타 교육기관 > 예술학원 > 미술학원
85629,P,교육 서비스업,85,교육 서비스업,856,기타 교육기관,8562,예술학원,기타 예술학원,교육 서비스업 > 기타 교육기관 > 예술학원 > 기타 예술학원
85631,P,교육 서비스업,85,교육 서비스업,856,기타 교육기관,8563,외국어학원 및 기타 교습학원,외국어학원,교육 서비스업 > 기타 교육기관 > 외국어학원 및 기타 교습학원 > 외국어학원
85632,P,교육 서비스업,85,교육 서비스업,856,기타 교육기관,8563,외국어학원 및 기타 교습학원,기타 교습학원,교육 서비스업 > 기타 교육기관 > 외국어학원 및 기타 교습학원 > 기타 교습학원
85640,P,교육 서비스업,85,교육 서비스업,856,"특수학교, 외국인학교 및 대안학교",8564,사회교육시설,사회교육시설,"교육 서비스업 > 특수학교, 외국인학교 및 대안학교 > 사회교육시설"
85650,P,교육 서비스업,85,교육 서비스업,856,기타 교육기관,8565,직원 훈련기관,직원 훈련기관,교육 서비스업 > 기타 교육기관 > 직원 훈련기관
85661,P,교육 서비스업,85,교육 서비스업,856,기타 교육기관,8566,기술 및 직업 훈련학원,운전학원,교육 서비스업 > 기타 교육기관 > 기술 및 직업 훈련학원 > 운전학원
85669,P,교육 서비스업,85,교육 서비스업,856,기타 교육기관,8566,기술 및 직업 훈련학원,기타 기술 및 직업 훈련학원,교육 서비스업 > 기타 교육기관 > 기술 및 직업 훈련학원 > 기타 기술 및 직업 훈련학원
85691,P,교육 서비스업,85,교육 서비스업,856,기타 교육기관,8569,그 외 기타 교육기관,컴퓨터 학원,교육 서비스업 > 기타 교육기관 > 그 외 기타 교육기관 > 컴퓨터 학원
85699,P,교육 서비스업,85,교육 서비스업,856,기타 교육기관,8569,그 외 기타 교육기관,그 외 기타 분류 안된 교육기관,교육 서비스업 > 기타 교육기관 > 그 외 기타 교육기관 > 그 외 기타 분류 안된 교육기관
85701,P,교육 서비스업,85,교육 서비스업,857,교육 지원 서비스업,8570,교육 지원 서비스업,교육관련 자문 및 평가업,교육 서비스업 > 교육 지원 서비스업 > 교육관련 자문 및 평가업
85709,P,교육 서비스업,85,교육 서비스업,857,교육 지원 서비스업,8570,교육 지원 서비스업,기타 교육지원 서비스업,교육 서비스업 > 교육 지원 서비스업 > 기타 교육지원 서비스업
86101,Q,보건업 및 사회복지 서비스업,86,보건업,861,병원,8610,병원,종합병원,보건업 및 사회복지 서비스업 > 보건업 > 병원 > 종합병원
86102,Q,보건업 및 사회복지 서비스업,86,보건업,861,병원,8610,병원,일반병원,보건업 및 사회복지 서비스업 > 보건업 > 병원 > 일반병원
86103,Q,보건업 및 사회복지 서비스업,86,보건업,861,병원,8610,병원,치과병원,보건업 및 사회복지 서비스업 > 보건업 > 병원 > 치과병원
86104,Q,보건업 및 사회복지 서비스업,86,보건업,861,병원,8610,병원,한방병원,보건업 및 사회복지 서비스업 > 보건업 > 병원 > 한방병원
86105,Q,보건업 및 사회복지 서비스업,86,보건업,861,병원,8610,병원,요양병원,보건업 및 사회복지 서비스업 > 보건업 > 병원 > 요양병원
86201,Q,보건업 및 사회복지 서비스업,86,보건업,862,의원,8620,의원,일반의원,보건업 및 사회복지 서비스업 > 보건업 > 의원 > 일반의원
86202,Q,보건업 및 사회복지 서비스업,86,보건업,862,의원,8620,의원,치과의원,보건업 및 사회복지 서비스업 > 보건업 > 의원 > 치과의원
86203,Q,보건업 및 사회복지 서비스업,86,보건업,862,의원,8620,의원,한의원,보건업 및 사회복지 서비스업 > 보건업 > 의원 > 한의원
86204,Q,보건업 및 사회복지 서비스업,86,보건업,862,의원,8620,의원,방사선 진단 및 병리 검사 의원,보건업 및 사회복지 서비스업 > 보건업 > 의원 > 방사선 진단 및 병리 검사 의원
86300,Q,보건업 및 사회복지 서비스업,86,보건업,863,공중 보건 의료업,8630,공중 보건 의료업,공중 보건 의료업,보건업 및 사회복지 서비스업 > 보건업 > 공중 보건 의료업
86901,Q,보건업 및 사회복지 서비스업,86,보건업,869,기타 보건업,8690,기타 보건업,앰뷸런스 서비스업,보건업 및 사회복지 서비스업 > 보건업 > 기타 보건업 > 앰뷸런스 서비스업
86902,Q,보건업 및 사회복지 서비스업,86,보건업,869,기타 보건업,8690,기타 보건업,유사 의료업,보건업 및 사회복지 서비스업 > 보건업 > 기타 보건업 > 유사 의료업
86909,Q,보건업 및 사회복지 서비스업,86,보건업,869,기타 보건업,8690,기타 보건업,그 외 기타 보건업,보건업 및 사회복지 서비스업 > 보건업 > 기타 보건업 > 그 외 기타 보건업
87111,Q,보건업 및 사회복지 서비스업,87,사회복지 서비스업,871,거주 복지시설 운영업,8711,노인 거주 복지시설 운영업,노인 요양 복지시설 운영업,보건업 및 사회복지 서비스업 > 사회복지 서비스업 > 거주 복지시설 운영업 > 노인 거주 복지시설 운영업 > 노인 요양 복지시설 운영업
87112,Q,보건업 및 사회복지 서비스업,87,사회복지 서비스업,871,거주 복지시설 운영업,8711,노인 거주 복지시설 운영업,노인 양로 복지시설 운영업,보건업 및 사회복지 서비스업 > 사회복지 서비스업 > 거주 복지시설 운영업 > 노인 거주 복지시설 운영업 > 노인 양로 복지시설 운영업
87121,Q,보건업 및 사회복지 서비스업,87,사회복지 서비스업,871,거주 복지시설 운영업,8712,심신 장애인 거주 복지시설 운영업,신체 부자유자 거주 복지시설 운영업,보건업 및 사회복지 서비스업 > 사회복지 서비스업 > 거주 복지시설 운영업 > 심신 장애인 거주 복지시설 운영업 > 신체 부자유자 거주 복지시설 운영업
87122,Q,보건업 및 사회복지 서비스업,87,사회복지 서비스업,871,거주 복지시설 운영업,8712,심신 장애인 거주 복지시설 운영업,"정신 질환, 정신 지체 및 약물 중독자 거주 복지시설 운영업","보건업 및 사회복지 서비스업 > 사회복지 서비스업 > 거주 복지시설 운영업 > 심신 장애인 거주 복지시설 운영업 > 정신 질환, 정신 지체 및 약물 중독자 거주 복지시설 운영업"
87131,Q,보건업 및 사회복지 서비스업,87,사회복지 서비스업,871,거주 복지시설 운영업,8713,기타 거주 복지시설 운영업,아동 및 부녀자 거주 복지시설 운영업,보건업 및 사회복지 서비스업 > 사회복지 서비스업 > 거주 복지시설 운영업 > 기타 거주 복지시설 운영업 > 아동 및 부녀자 거주 복지시설 운영업
87139,Q,보건업 및 사회복지 서비스업,87,사회복지 서비스업,871,거주 복지시설 운영업,8713,기타 거주 복지시설 운영업,그 외 기타 거주 복지시설 운영업,보건업 및 사회복지 서비스업 > 사회복지 서비스업 > 거주 복지시설 운영업 > 기타 거주 복지시설 운영업 > 그 외 기타 거주 복지시설 운영업
87210,Q,보건업 및 사회복지 서비스업,87,사회복지 서비스업,872,비거주 복지시설 운영업,8721,보육시설 운영업,보육시설 운영업,보건업 및 사회복지 서비스업 > 사회복지 서비스업 > 비거주 복지시설 운영업 > 보육시설 운영업
87291,Q,보건업 및 사회복지 서비스업,87,사회복지 서비스업,872,비거주 복지시설 운영업,8729,기타 비거주 복지 서비스업,직업 재활원 운영업,보건업 및 사회복지 서비스업 > 사회복지 서비스업 > 비거주 복지시설 운영업 > 기타 비거주 복지 서비스업 > 직업 재활원 운영업
87292,Q,보건업 및 사회복지 서비스업,87,사회복지 서비스업,872,비거주 복지시설 운영업,8729,기타 비거주 복지 서비스업,종합복지관 운영업,보건업 및 사회복지 서비스업 > 사회복지 서비스업 > 비거주 복지시설 운영업 > 기타 비거주 복지 서비스업 > 종합복지관 운영업
87293,Q,보건업 및 사회복지 서비스업,87,사회복지 서비스업,872,비거주 복지시설 운영업,8729,기타 비거주 복지 서비스업,방문 복지서비스 제공업,보건업 및 사회복지 서비스업 > 사회복지 서비스업 > 비거주 복지시설 운영업 > 기타 비거주 복지 서비스업 > 방문 복지서비스 제공업
87294,Q,보건업 및 사회복지 서비스업,87,사회복지 서비스업,872,비거주 복지시설 운영업,8729,기타 비거주 복지 서비스업,사회복지 상담 서비스 제공업,보건업 및 사회복지 서비스업 > 사회복지 서비스업 > 비거주 복지시설 운영업 > 기타 비거주 복지 서비스업 > 사회복지 상담 서비스 제공업
87299,Q,보건업 및 사회복지 서비스업,87,사회복지 서비스업,872,비거주 복지시설 운영업,8729,기타 비거주 복지 서비스업,그 외 기타 비거주 복지 서비스업,보건업 및 사회복지 서비스업 > 사회복지 서비스업 > 비거주 복지시설 운영업 > 기타 비거주 복지 서비스업 > 그 외 기타 비거주 복지 서비스업
90110,R,"예술, 스포츠 및 여가관련 서비스업",90,"창작, 예술 및 여가관련 서비스업",901,창작 및 예술관련 서비스업,9011,공연시설 운영업,공연시설 운영업,"예술, 스포츠 및 여가관련 서비스업 > 창작, 예술 및 여가관련 서비스업 > 창작 및 예술관련 서비스업 > 공연시설 운영업"
90121,R,"예술, 스포츠 및 여가관련 서비스업",90,"창작, 예술 및 여가관련 서비스업",901,창작 및 예술관련 서비스업,9012,공연단체,연극단체,"예술, 스포츠 및 여가관련 서비스업 > 창작, 예술 및 여가관련 서비스업 > 창작 및 예술관련 서비스업 > 공연단체 > 연극단체"
90122,R,"예술, 스포츠 및 여가관련 서비스업",90,"창작, 예술 및 여가관련 서비스업",901,창작 및 예술관련 서비스업,9012,공연단체,무용 및 음악단체,"예술, 스포츠 및 여가관련 서비스업 > 창작, 예술 및 여가관련 서비스업 > 창작 및 예술관련 서비스업 > 공연단체 > 무용 및 음악단체"
90123,R,"예술, 스포츠 및 여가관련 서비스업",90,"창작, 예술 및 여가관련 서비스업",901,창작 및 예술관련 서비스업,9012,공연단체,기타 공연단체,"예술, 스포츠 및 여가관련 서비스업 > 창작, 예술 및 여가관련 서비스업 > 창작 및 예술관련 서비스업 > 공연단체 > 기타 공연단체"
90191,R,"예술, 스포츠 및 여가관련 서비스업",90,"창작, 예술 및 여가관련 서비스업",901,창작 및 예술관련 서비스업,9019,기타 창작 및 예술관련 서비스업,공연 기획업,"예술, 스포츠 및 여가관련 서비스업 > 창작, 예술 및 여가관련 서비스업 > 창작 및 예술관련 서비스업 > 기타 창작 및 예술관련 서비스업 > 공연 기획업"
90199,R,"예술, 스포츠 및 여가관련 서비스업",90,"창작, 예술 및 여가관련 서비스업",901,창작 및 예술관련 서비스업,9019,기타 창작 및 예술관련 서비스업,그 외 기타 창작 및 예술관련 서비스업,"예술, 스포츠 및 여가관련 서비스업 > 창작, 예술 및 여가관련 서비스업 > 창작 및 예술관련 서비스업 > 기타 창작 및 예술관련 서비스업 > 그 외 기타 창작 및 예술관련 서비스업"
90211,R,"예술, 스포츠 및 여가관련 서비스업",90,"창작, 예술 및 여가관련 서비스업",902,"도서관, 사적지 및 유사 여가관련 서비스업",9021,"도서관, 기록 보존소 및 독서실 운영업",도서관 및 기록 보존소 운영업,"예술, 스포츠 및 여가관련 서비스업 > 창작, 예술 및 여가관련 서비스업 > 도서관, 사적지 및 유사 여가관련 서비스업 > 도서관, 기록 보존소 및 독서실 운영업 > 도서관 및 기록 보존소 운영업"
90212,R,"예술, 스포츠 및 여가관련 서비스업",90,"창작, 예술 및 여가관련 서비스업",902,"도서관, 사적지 및 유사 여가관련 서비스업",9021,"도서관, 기록 보존소 및 독서실 운영업",독서실 운영업,"예술, 스포츠 및 여가관련 서비스업 > 창작, 예술 및 여가관련 서비스업 > 도서관, 사적지 및 유사 여가관련 서비스업 > 도서관, 기록 보존소 및 독서실 운영업 > 독서실 운영업"
90221,R,"예술, 스포츠 및 여가관련 서비스업",90,"창작, 예술 및 여가관련 서비스업",902,"도서관, 사적지 및 유사 여가관련 서비스업",9022,박물관 및 사적지 관리 운영업,박물관 운영업,"예술, 스포츠 및 여가관련 서비스업 > 창작, 예술 및 여가관련 서비스업 > 도서관, 사적지 및 유사 여가관련 서비스업 > 박물관 및 사적지 관리 운영업 > 박물관 운영업"
90222,R,"예술, 스포츠 및 여가관련 서비스업",90,"창작, 예술 및 여가관련 서비스업",902,"도서관, 사적지 및 유사 여가관련 서비스업",9022,박물관 및 사적지 관리 운영업,사적지 관리 운영업,"예술, 스포츠 및 여가관련 서비스업 > 창작, 예술 및 여가관련 서비스업 > 도서관, 사적지 및 유사 여가관련 서비스업 > 박물관 및 사적지 관리 운영업 > 사적지 관리 운영업"
90231,R,"예술, 스포츠 및 여가관련 서비스업",90,"창작, 예술 및 여가관련 서비스업",902,"도서관, 사적지 및 유사 여가관련 서비스업",9023,"식물원, 동물원 및 자연공원 운영업",식물원 및 동물원 운영업,"예술, 스포츠 및 여가관련 서비스업 > 창작, 예술 및 여가관련 서비스업 > 도서관, 사적지 및 유사 여가관련 서비스업 > 식물원, 동물원 및 자연공원 운영업 > 식물원 및 동물원 운영업"
90232,R,"예술, 스포츠 및 여가관련 서비스업",90,"창작, 예술 및 여가관련 서비스업",902,"도서관, 사적지 및 유사 여가관련 서비스업",9023,"식물원, 동물원 및 자연공원 운영업",자연공원 운영업,"예술, 스포츠 및 여가관련 서비스업 > 창작, 예술 및 여가관련 서비스업 > 도서관, 사적지 및 유사 여가관련 서비스업 > 식물원, 동물원 및 자연공원 운영업 > 자연공원 운영업"
90290,R,"예술, 스포츠 및 여가관련 서비스업",90,"창작, 예술 및 여가관련 서비스업",902,"도서관, 사적지 및 유사 여가관련 서비스업",9029,기타 유사 여가관련 서비스업,기타 유사 여가관련 서비스업,"예술, 스포츠 및 여가관련 서비스업 > 창작, 예술 및 여가관련 서비스업 > 도서관, 사적지 및 유사 여가관련 서비스업 > 기타 유사 여가관련 서비스업"
91111,R,"예술, 스포츠 및 여가관련 서비스업",91,스포츠 및 오락관련 서비스업,911,스포츠 서비스업,9111,경기장 운영업,실내 경기장 운영업,"예술, 스포츠 및 여가관련 서비스업 > 스포츠 및 오락관련 서비스업 > 스포츠 서비스업 > 경기장 운영업 > 실내 경기장 운영업"
91112,R,"예술, 스포츠 및 여가관련 서비스업",91,스포츠 및 오락관련 서비스업,911,스포츠 서비스업,9111,경기장 운영업,실외 경기장 운영업,"예술, 스포츠 및 여가관련 서비스업 > 스포츠 및 오락관련 서비스업 > 스포츠 서비스업 > 경기장 운영업 > 실외 경기장 운영업"
91113,R,"예술, 스포츠 및 여가관련 서비스업",91,스포츠 및 오락관련 서비스업,911,스포츠 서비스업,9111,경기장 운영업,경주장 및 동물 경기장 운영업,"예술, 스포츠 및 여가관련 서비스업 > 스포츠 및 오락관련 서비스업 > 스포츠 서비스업 > 경기장 운영업 > 경주장 및 동물 경기장 운영업"
91121,R,"예술, 스포츠 및 여가관련 서비스업",91,스포츠 및 오락관련 서비스업,911,스포츠 서비스업,9112,골프장 및 스키장 운영업,골프장 운영업,"예술, 스포츠 및 여가관련 서비스업 > 스포츠 및 오락관련 서비스업 > 스포츠 서비스업 > 골프장 및 스키장 운영업 > 골프장 운영업"
91122,R,"예술, 스포츠 및 여가관련 서비스업",91,스포츠 및 오락관련 서비스업,911,스포츠 서비스업,9112,골프장 및 스키장 운영업,스키장 운영업,"예술, 스포츠 및 여가관련 서비스업 > 스포츠 및 오락관련 서비스업 > 스포츠 서비스업 > 골프장 및 스키장 운영업 > 스키장 운영업"
91131,R,"예술, 스포츠 및 여가관련 서비스업",91,스포츠 및 오락관련 서비스업,911,스포츠 서비스업,9113,기타 스포츠시설 운영업,종합 스포츠시설 운영업,"예술, 스포츠 및 여가관련 서비스업 > 스포츠 및 오락관련 서비스업 > 스포츠 서비스업 > 기타 스포츠시설 운영업 > 종합 스포츠시설 운영업"
91132,R,"예술, 스포츠 및 여가관련 서비스업",91,스포츠 및 오락관련 서비스업,911,스포츠 서비스업,9113,기타 스포츠시설 운영업,체력 단련시설 운영업,"예술, 스포츠 및 여가관련 서비스업 > 스포츠 및 오락관련 서비스업 > 스포츠 서비스업 > 기타 스포츠시설 운영업 > 체력 단련시설 운영업"
91133,R,"예술, 스포츠 및 여가관련 서비스업",91,스포츠 및 오락관련 서비스업,911,스포츠 서비스업,9113,기타 스포츠시설 운영업,수영장 운영업,"예술, 스포츠 및 여가관련 서비스업 > 스포츠 및 오락관련 서비스업 > 스포츠 서비스업 > 기타 스포츠시설 운영업 > 수영장 운영업"
91134,R,"예술, 스포츠 및 여가관련 서비스업",91,스포츠 및 오락관련 서비스업,911,스포츠 서비스업,9113,기타 스포츠시설 운영업,볼링장 운영업,"예술, 스포츠 및 여가관련 서비스업 > 스포츠 및 오락관련 서비스업 > 스포츠 서비스업 > 기타 스포츠시설 운영업 > 볼링장 운영업"
91135,R,"예술, 스포츠 및 여가관련 서비스업",91,스포츠 및 오락관련 서비스업,911,스포츠 서비스업,9113,기타 스포츠시설 운영업,당구장 운영업,"예술, 스포츠 및 여가관련 서비스업 > 스포츠 및 오락관련 서비스업 > 스포츠 서비스업 > 기타 스포츠시설 운영업 > 당구장 운영업"
91136,R,"예술, 스포츠 및 여가관련 서비스업",91,스포츠 및 오락관련 서비스업,911,스포츠 서비스업,9113,기타 스포츠시설 운영업,골프 연습장 운영업,"예술, 스포츠 및 여가관련 서비스업 > 스포츠 및 오락관련 서비스업 > 스포츠 서비스업 > 기타 스포츠시설 운영업 > 골프 연습장 운영업"
91139,R,"예술, 스포츠 및 여가관련 서비스업",91,스포츠 및 오락관련 서비스업,911,스포츠 서비스업,9113,기타 스포츠시설 운영업,그 외 기타 스포츠시설 운영업,"예술, 스포츠 및 여가관련 서비스업 > 스포츠 및 오락관련 서비스업 > 스포츠 서비스업 > 기타 스포츠시설 운영업 > 그 외 기타 스포츠시설 운영업"
91191,R,"예술, 스포츠 및 여가관련 서비스업",91,스포츠 및 오락관련 서비스업,911,스포츠 서비스업,9119,기타 스포츠 서비스업,스포츠 클럽 운영업,"예술, 스포츠 및 여가관련 서비스업 > 스포츠 및 오락관련 서비스업 > 스포츠 서비스업 > 기타 스포츠 서비스업 > 스포츠 클럽 운영업"
91199,R,"예술, 스포츠 및 여가관련 서비스업",91,스포츠 및 오락관련 서비스업,911,스포츠 서비스업,9119,기타 스포츠 서비스업,그 외 기타 스포츠 서비스업,"예술, 스포츠 및 여가관련 서비스업 > 스포츠 및 오락관련 서비스업 > 스포츠 서비스업 > 기타 스포츠 서비스업 > 그 외 기타 스포츠 서비스업"
91210,R,"예술, 스포츠 및 여가관련 서비스업",91,스포츠 및 오락관련 서비스업,912,유원지 및 기타 오락관련 서비스업,9121,유원지 및 테마파크 운영업,유원지 및 테마파크 운영업,"예술, 스포츠 및 여가관련 서비스업 > 스포츠 및 오락관련 서비스업 > 유원지 및 기타 오락관련 서비스업 > 유원지 및 테마파크 운영업"
91221,R,"예술, 스포츠 및 여가관련 서비스업",91,스포츠 및 오락관련 서비스업,912,유원지 및 기타 오락관련 서비스업,9122,오락장 운영업,전자 게임장 운영업,"예술, 스포츠 및 여가관련 서비스업 > 스포츠 및 오락관련 서비스업 > 유원지 및 기타 오락관련 서비스업 > 오락장 운영업 > 전자 게임장 운영업"
91222,R,"예술, 스포츠 및 여가관련 서비스업",91,스포츠 및 오락관련 서비스업,912,유원지 및 기타 오락관련 서비스업,9122,오락장 운영업,컴퓨터 게임방 운영업,"예술, 스포츠 및 여가관련 서비스업 > 스포츠 및 오락관련 서비스업 > 유원지 및 기타 오락관련 서비스업 > 오락장 운영업 > 컴퓨터 게임방 운영업"
91223,R,"예술, 스포츠 및 여가관련 서비스업",91,스포츠 및 오락관련 서비스업,912,유원지 및 기타 오락관련 서비스업,9122,오락장 운영업,노래 연습장 운영업,"예술, 스포츠 및 여가관련 서비스업 > 스포츠 및 오락관련 서비스업 > 유원지 및 기타 오락관련 서비스업 > 오락장 운영업 > 노래 연습장 운영업"
91229,R,"예술, 스포츠 및 여가관련 서비스업",91,스포츠 및 오락관련 서비스업,912,유원지 및 기타 오락관련 서비스업,9122,오락장 운영업,기타 오락장 운영업,"예술, 스포츠 및 여가관련 서비스업 > 스포츠 및 오락관련 서비스업 > 유원지 및 기타 오락관련 서비스업 > 오락장 운영업 > 기타 오락장 운영업"
91231,R,"예술, 스포츠 및 여가관련 서비스업",91,스포츠 및 오락관련 서비스업,912,유원지 및 기타 오락관련 서비스업,9123,수상오락 서비스업,낚시장 운영업,"예술, 스포츠 및 여가관련 서비스업 > 스포츠 및 오락관련 서비스업 > 유원지 및 기타 오락관련 서비스업 > 수상오락 서비스업 > 낚시장 운영업"
91239,R,"예술, 스포츠 및 여가관련 서비스업",91,스포츠 및 오락관련 서비스업,912,유원지 및 기타 오락관련 서비스업,9123,수상오락 서비스업,기타 수상오락 서비스업,"예술, 스포츠 및 여가관련 서비스업 > 스포츠 및 오락관련 서비스업 > 유원지 및 기타 오락관련 서비스업 > 수상오락 서비스업 > 기타 수상오락 서비스업"
91241,R,"예술, 스포츠 및 여가관련 서비스업",91,스포츠 및 오락관련 서비스업,912,유원지 및 기타 오락관련 서비스업,9124,사행시설 관리 및 운영업,복권 발행 및 판매업,"예술, 스포츠 및 여가관련 서비스업 > 스포츠 및 오락관련 서비스업 > 유원지 및 기타 오락관련 서비스업 > 사행시설 관리 및 운영업 > 복권 발행 및 판매업"
91242,R,"예술, 스포츠 및 여가관련 서비스업",91,스포츠 및 오락관련 서비스업,912,유원지 및 기타 오락관련 서비스업,9124,사행시설 관리 및 운영업,카지노 운영업,"예술, 스포츠 및 여가관련 서비스업 > 스포츠 및 오락관련 서비스업 > 유원지 및 기타 오락관련 서비스업 > 사행시설 관리 및 운영업 > 카지노 운영업"
91249,R,"예술, 스포츠 및 여가관련 서비스업",91,스포츠 및 오락관련 서비스업,912,유원지 및 기타 오락관련 서비스업,9124,사행시설 관리 및 운영업,기타 사행시설 관리 및 운영업,"예술, 스포츠 및 여가관련 서비스업 > 스포츠 및 오락관련 서비스업 > 유원지 및 기타 오락관련 서비스업 > 사행시설 관리 및 운영업 > 기타 사행시설 관리 및 운영업"
91291,R,"예술, 스포츠 및 여가관련 서비스업",91,스포츠 및 오락관련 서비스업,912,유원지 및 기타 오락관련 서비스업,9129,그 외 기타 오락관련 서비스업,무도장 운영업,"예술, 스포츠 및 여가관련 서비스업 > 스포츠 및 오락관련 서비스업 > 유원지 및 기타 오락관련 서비스업 > 그 외 기타 오락관련 서비스업 > 무도장 운영업"
91292,R,"예술, 스포츠 및 여가관련 서비스업",91,스포츠 및 오락관련 서비스업,912,유원지 및 기타 오락관련 서비스업,9129,그 외 기타 오락관련 서비스업,체육 공원 및 유사 공원 운영업,"예술, 스포츠 및 여가관련 서비스업 > 스포츠 및 오락관련 서비스업 > 유원지 및 기타 오락관련 서비스업 > 그 외 기타 오락관련 서비스업 > 체육 공원 및 유사 공원 운영업"
91293,R,"예술, 스포츠 및 여가관련 서비스업",91,스포츠 및 오락관련 서비스업,912,유원지 및 기타 오락관련 서비스업,9129,그 외 기타 오락관련 서비스업,기원 운영업,"예술, 스포츠 및 여가관련 서비스업 > 스포츠 및 오락관련 서비스업 > 유원지 및 기타 오락관련 서비스업 > 그 외 기타 오락관련 서비스업 > 기원 운영업"
91299,R,"예술, 스포츠 및 여가관련 서비스업",91,스포츠 및 오락관련 서비스업,912,유원지 및 기타 오락관련 서비스업,9129,그 외 기타 오락관련 서비스업,그 외 기타 분류 안된 오락관련 서비스업,"예술, 스포츠 및 여가관련 서비스업 > 스포츠 및 오락관련 서비스업 > 유원지 및 기타 오락관련 서비스업 > 그 외 기타 오락관련 서비스업 > 그 외 기타 분류 안된 오락관련 서비스업"
94110,S,"협회 및 단체, 수리 및 기타 개인 서비스업",94,협회 및 단체,941,산업 및 전문가 단체,9411,산업 단체,산업 단체,"협회 및 단체, 수리 및 기타 개인 서비스업 > 협회 및 단체 > 산업 및 전문가 단체 > 산업 단체"
94120,S,"협회 및 단체, 수리 및 기타 개인 서비스업",94,협회 및 단체,941,산업 및 전문가 단체,9412,전문가 단체,전문가 단체,"협회 및 단체, 수리 및 기타 개인 서비스업 > 협회 및 단체 > 산업 및 전문가 단체 > 전문가 단체"
94200,S,"협회 및 단체, 수리 및 기타 개인 서비스업",94,협회 및 단체,942,노동조합,9420,노동조합,노동조합,"협회 및 단체, 수리 및 기타 개인 서비스업 > 협회 및 단체 > 노동조합"
94911,S,"협회 및 단체, 수리 및 기타 개인 서비스업",94,협회 및 단체,949,기타 협회 및 단체,9491,종교 단체,불교 단체,"협회 및 단체, 수리 및 기타 개인 서비스업 > 협회 및 단체 > 기타 협회 및 단체 > 종교 단체 > 불교 단체"
94912,S,"협회 및 단체, 수리 및 기타 개인 서비스업",94,협회 및 단체,949,기타 협회 및 단체,9491,종교 단체,기독교 단체,"협회 및 단체, 수리 및 기타 개인 서비스업 > 협회 및 단체 > 기타 협회 및 단체 > 종교 단체 > 기독교 단체"
94913,S,"협회 및 단체, 수리 및 기타 개인 서비스업",94,협회 및 단체,949,기타 협회 및 단체,9491,종교 단체,천주교 단체,"협회 및 단체, 수리 및 기타 개인 서비스업 > 협회 및 단체 > 기타 협회 및 단체 > 종교 단체 > 천주교 단체"
94914,S,"협회 및 단체, 수리 및 기타 개인 서비스업",94,협회 및 단체,949,기타 협회 및 단체,9491,종교 단체,민족 종교 단체,"협회 및 단체, 수리 및 기타 개인 서비스업 > 협회 및 단체 > 기타 협회 및 단체 > 종교 단체 > 민족 종교 단체"
94919,S,"협회 및 단체, 수리 및 기타 개인 서비스업",94,협회 및 단체,949,기타 협회 및 단체,9491,종교 단체,기타 종교 단체,"협회 및 단체, 수리 및 기타 개인 서비스업 > 협회 및 단체 > 기타 협회 및 단체 > 종교 단체 > 기타 종교 단체"
94920,S,"협회 및 단체, 수리 및 기타 개인 서비스업",94,협회 및 단체,949,기타 협회 및 단체,9492,정치 단체,정치 단체,"협회 및 단체, 수리 및 기타 개인 서비스업 > 협회 및 단체 > 기타 협회 및 단체 > 정치 단체"
94931,S,"협회 및 단체, 수리 및 기타 개인 서비스업",94,협회 및 단체,949,기타 협회 및 단체,9493,시민운동 단체,환경운동 단체,"협회 및 단체, 수리 및 기타 개인 서비스업 > 협회 및 단체 > 기타 협회 및 단체 > 시민운동 단체 > 환경운동 단체"
94939,S,"협회 및 단체, 수리 및 기타 개인 서비스업",94,협회 및 단체,949,기타 협회 및 단체,9493,시민운동 단체,기타 시민운동 단체,"협회 및 단체, 수리 및 기타 개인 서비스업 > 협회 및 단체 > 기타 협회 및 단체 > 시민운동 단체 > 기타 시민운동 단체"
94990,S,"협회 및 단체, 수리 및 기타 개인 서비스업",94,협회 및 단체,949,기타 협회 및 단체,9499,그 외 기타 협회 및 단체,그 외 기타 협회 및 단체,"협회 및 단체, 수리 및 기타 개인 서비스업 > 협회 및 단체 > 기타 협회 및 단체 > 그 외 기타 협회 및 단체"
95110,S,"협회 및 단체, 수리 및 기타 개인 서비스업",95,개인 및 소비용품 수리업,951,컴퓨터 및 통신장비 수리업,9511,컴퓨터 및 주변 기기 수리업,컴퓨터 및 주변 기기 수리업,"협회 및 단체, 수리 및 기타 개인 서비스업 > 개인 및 소비용품 수리업 > 컴퓨터 및 통신장비 수리업 > 컴퓨터 및 주변 기기 수리업"
95120,S,"협회 및 단체, 수리 및 기타 개인 서비스업",95,개인 및 소비용품 수리업,951,컴퓨터 및 통신장비 수리업,9512,통신장비 수리업,통신장비 수리업,"협회 및 단체, 수리 및 기타 개인 서비스업 > 개인 및 소비용품 수리업 > 컴퓨터 및 통신장비 수리업 > 통신장비 수리업"
95211,S,"협회 및 단체, 수리 및 기타 개인 서비스업",95,개인 및 소비용품 수리업,952,자동차 및 모터사이클 수리업,9521,자동차 수리 및 세차업,자동차 종합 수리업,"협회 및 단체, 수리 및 기타 개인 서비스업 > 개인 및 소비용품 수리업 > 자동차 및 모터사이클 수리업 > 자동차 수리 및 세차업 > 자동차 종합 수리업"
95212,S,"협회 및 단체, 수리 및 기타 개인 서비스업",95,개인 및 소비용품 수리업,952,자동차 및 모터사이클 수리업,9521,자동차 수리 및 세차업,자동차 전문 수리업,"협회 및 단체, 수리 및 기타 개인 서비스업 > 개인 및 소비용품 수리업 > 자동차 및 모터사이클 수리업 > 자동차 수리 및 세차업 > 자동차 전문 수리업"
95213,S,"협회 및 단체, 수리 및 기타 개인 서비스업",95,개인 및 소비용품 수리업,952,자동차 및 모터사이클 수리업,9521,자동차 수리 및 세차업,자동차 세차업,"협회 및 단체, 수리 및 기타 개인 서비스업 > 개인 및 소비용품 수리업 > 자동차 및 모터사이클 수리업 > 자동차 수리 및 세차업 > 자동차 세차업"
95220,S,"협회 및 단체, 수리 및 기타 개인 서비스업",95,개인 및 소비용품 수리업,952,자동차 및 모터사이클 수리업,9522,모터사이클 수리업,모터사이클 수리업,"협회 및 단체, 수리 및 기타 개인 서비스업 > 개인 및 소비용품 수리업 > 자동차 및 모터사이클 수리업 > 모터사이클 수리업"
95310,S,"협회 및 단체, 수리 및 기타 개인 서비스업",95,개인 및 소비용품 수리업,953,개인 및 가정용품 수리업,9531,가전제품 수리업,가전제품 수리업,"협회 및 단체, 수리 및 기타 개인 서비스업 > 개인 및 소비용품 수리업 > 개인 및 가정용품 수리업 > 가전제품 수리업"
95391,S,"협회 및 단체, 수리 및 기타 개인 서비스업",95,개인 및 소비용품 수리업,953,개인 및 가정용품 수리업,9539,기타 개인 및 가정용품 수리업,의복 및 기타 가정용 직물제품 수리업,"협회 및 단체, 수리 및 기타 개인 서비스업 > 개인 및 소비용품 수리업 > 개인 및 가정용품 수리업 > 기타 개인 및 가정용품 수리업 > 의복 및 기타 가정용 직물제품 수리업"
95392,S,"협회 및 단체, 수리 및 기타 개인 서비스업",95,개인 및 소비용품 수리업,953,개인 및 가정용품 수리업,9539,기타 개인 및 가정용품 수리업,"가죽, 가방 및 신발 수리업","협회 및 단체, 수리 및 기타 개인 서비스업 > 개인 및 소비용품 수리업 > 개인 및 가정용품 수리업 > 기타 개인 및 가정용품 수리업 > 가죽, 가방 및 신발 수리업"
95393,S,"협회 및 단체, 수리 및 기타 개인 서비스업",95,개인 및 소비용품 수리업,953,개인 및 가정용품 수리업,9539,기타 개인 및 가정용품 수리업,"시계, 귀금속 및 악기 수리업","협회 및 단체, 수리 및 기타 개인 서비스업 > 개인 및 소비용품 수리업 > 개인 및 가정용품 수리업 > 기타 개인 및 가정용품 수리업 > 시계, 귀금속 및 악기 수리업"
95399,S,"협회 및 단체, 수리 및 기타 개인 서비스업",95,개인 및 소비용품 수리업,953,개인 및 가정용품 수리업,9539,기타 개인 및 가정용품 수리업,그 외 기타 개인 및 가정용품 수리업,"협회 및 단체, 수리 및 기타 개인 서비스업 > 개인 및 소비용품 수리업 > 개인 및 가정용품 수리업 > 기타 개인 및 가정용품 수리업 > 그 외 기타 개인 및 가정용품 수리업"
96111,S,"협회 및 단체, 수리 및 기타 개인 서비스업",96,기타 개인 서비스업,961,"미용, 욕탕 및 유사 서비스업",9611,이용 및 미용업,이용업,"협회 및 단체, 수리 및 기타 개인 서비스업 > 기타 개인 서비스업 > 미용, 욕탕 및 유사 서비스업 > 이용 및 미용업 > 이용업"
96112,S,"협회 및 단체, 수리 및 기타 개인 서비스업",96,기타 개인 서비스업,961,"미용, 욕탕 및 유사 서비스업",9611,이용 및 미용업,두발 미용업,"협회 및 단체, 수리 및 기타 개인 서비스업 > 기타 개인 서비스업 > 미용, 욕탕 및 유사 서비스업 > 이용 및 미용업 > 두발 미용업"
96113,S,"협회 및 단체, 수리 및 기타 개인 서비스업",96,기타 개인 서비스업,961,"미용, 욕탕 및 유사 서비스업",9611,이용 및 미용업,피부 미용업,"협회 및 단체, 수리 및 기타 개인 서비스업 > 기타 개인 서비스업 > 미용, 욕탕 및 유사 서비스업 > 이용 및 미용업 > 피부 미용업"
96119,S,"협회 및 단체, 수리 및 기타 개인 서비스업",96,기타 개인 서비스업,961,"미용, 욕탕 및 유사 서비스업",9611,이용 및 미용업,기타 미용업,"협회 및 단체, 수리 및 기타 개인 서비스업 > 기타 개인 서비스업 > 미용, 욕탕 및 유사 서비스업 > 이용 및 미용업 > 기타 미용업"
96121,S,"협회 및 단체, 수리 및 기타 개인 서비스업",96,기타 개인 서비스업,961,"미용, 욕탕 및 유사 서비스업",9612,"욕탕, 마사지 및 기타 신체 관리 서비스업",욕탕업,"협회 및 단체, 수리 및 기타 개인 서비스업 > 기타 개인 서비스업 > 미용, 욕탕 및 유사 서비스업 > 욕탕, 마사지 및 기타 신체 관리 서비스업 > 욕탕업"
96122,S,"협회 및 단체, 수리 및 기타 개인 서비스업",96,기타 개인 서비스업,961,"미용, 욕탕 및 유사 서비스업",9612,"욕탕, 마사지 및 기타 신체 관리 서비스업",마사지업,"협회 및 단체, 수리 및 기타 개인 서비스업 > 기타 개인 서비스업 > 미용, 욕탕 및 유사 서비스업 > 욕탕, 마사지 및 기타 신체 관리 서비스업 > 마사지업"
96129,S,"협회 및 단체, 수리 및 기타 개인 서비스업",96,기타 개인 서비스업,961,"미용, 욕탕 및 유사 서비스업",9612,"욕탕, 마사지 및 기타 신체 관리 서비스업",체형 등 기타 신체 관리 서비스업,"협회 및 단체, 수리 및 기타 개인 서비스업 > 기타 개인 서비스업 > 미용, 욕탕 및 유사 서비스업 > 욕탕, 마사지 및 기타 신체 관리 서비스업 > 체형 등 기타 신체 관리 서비스업"
96911,S,"협회 및 단체, 수리 및 기타 개인 서비스업",96,기타 개인 서비스업,969,그 외 기타 개인 서비스업,9691,세탁업,산업용 세탁업,"협회 및 단체, 수리 및 기타 개인 서비스업 > 기타 개인 서비스업 > 그 외 기타 개인 서비스업 > 세탁업 > 산업용 세탁업"
96912,S,"협회 및 단체, 수리 및 기타 개인 서비스업",96,기타 개인 서비스업,969,그 외 기타 개인 서비스업,9691,세탁업,가정용 세탁업,"협회 및 단체, 수리 및 기타 개인 서비스업 > 기타 개인 서비스업 > 그 외 기타 개인 서비스업 > 세탁업 > 가정용 세탁업"
96913,S,"협회 및 단체, 수리 및 기타 개인 서비스업",96,기타 개인 서비스업,969,그 외 기타 개인 서비스업,9691,세탁업,세탁물 공급업,"협회 및 단체, 수리 및 기타 개인 서비스업 > 기타 개인 서비스업 > 그 외 기타 개인 서비스업 > 세탁업 > 세탁물 공급업"
96921,S,"협회 및 단체, 수리 및 기타 개인 서비스업",96,기타 개인 서비스업,969,그 외 기타 개인 서비스업,9692,장례식장 및 관련 서비스업,장례식장 및 장의관련 서비스업,"협회 및 단체, 수리 및 기타 개인 서비스업 > 기타 개인 서비스업 > 그 외 기타 개인 서비스업 > 장례식장 및 관련 서비스업 > 장례식장 및 장의관련 서비스업"
96922,S,"협회 및 단체, 수리 및 기타 개인 서비스업",96,기타 개인 서비스업,969,그 외 기타 개인 서비스업,9692,장례식장 및 관련 서비스업,"화장터 운영, 묘지 분양 및 관리업","협회 및 단체, 수리 및 기타 개인 서비스업 > 기타 개인 서비스업 > 그 외 기타 개인 서비스업 > 장례식장 및 관련 서비스업 > 화장터 운영, 묘지 분양 및 관리업"
96991,S,"협회 및 단체, 수리 및 기타 개인 서비스업",96,기타 개인 서비스업,969,그 외 기타 개인 서비스업,9699,그 외 기타 분류 안된 개인 서비스업,예식장업,"협회 및 단체, 수리 및 기타 개인 서비스업 > 기타 개인 서비스업 > 그 외 기타 개인 서비스업 > 그 외 기타 분류 안된 개인 서비스업 > 예식장업"
96992,S,"협회 및 단체, 수리 및 기타 개인 서비스업",96,기타 개인 서비스업,969,그 외 기타 개인 서비스업,9699,그 외 기타 분류 안된 개인 서비스업,점술 및 유사 서비스업,"협회 및 단체, 수리 및 기타 개인 서비스업 > 기타 개인 서비스업 > 그 외 기타 개인 서비스업 > 그 외 기타 분류 안된 개인 서비스업 > 점술 및 유사 서비스업"
96993,S,"협회 및 단체, 수리 및 기타 개인 서비스업",96,기타 개인 서비스업,969,그 외 기타 개인 서비스업,9699,그 외 기타 분류 안된 개인 서비스업,개인 간병 및 유사 서비스업,"협회 및 단체, 수리 및 기타 개인 서비스업 > 기타 개인 서비스업 > 그 외 기타 개인 서비스업 > 그 외 기타 분류 안된 개인 서비스업 > 개인 간병 및 유사 서비스업"
96994,S,"협회 및 단체, 수리 및 기타 개인 서비스업",96,기타 개인 서비스업,969,그 외 기타 개인 서비스업,9699,그 외 기타 분류 안된 개인 서비스업,결혼 상담 및 준비 서비스업,"협회 및 단체, 수리 및 기타 개인 서비스업 > 기타 개인 서비스업 > 그 외 기타 개인 서비스업 > 그 외 기타 분류 안된 개인 서비스업 > 결혼 상담 및 준비 서비스업"
96995,S,"협회 및 단체, 수리 및 기타 개인 서비스업",96,기타 개인 서비스업,969,그 외 기타 개인 서비스업,9699,그 외 기타 분류 안된 개인 서비스업,반려동물장묘 및 보호 서비스업,"협회 및 단체, 수리 및 기타 개인 서비스업 > 기타 개인 서비스업 > 그 외 기타 개인 서비스업 > 그 외 기타 분류 안된 개인 서비스업 > 반려동물장묘 및 보호 서비스업"
96999,S,"협회 및 단체, 수리 및 기타 개인 서비스업",96,기타 개인 서비스업,969,그 외 기타 개인 서비스업,9699,그 외 기타 분류 안된 개인 서비스업,그 외 기타 달리 분류되지 않은 개인 서비스업,"협회 및 단체, 수리 및 기타 개인 서비스업 > 기타 개인 서비스업 > 그 외 기타 개인 서비스업 > 그 외 기타 분류 안된 개인 서비스업 > 그 외 기타 달리 분류되지 않은 개인 서비스업"
97000,T,가구내 고용활동 및 달리 분류되지 않은 자가소비 생산활동,97,가구 내 고용활동,970,가구 내 고용활동,9700,가구 내 고용활동,가구 내 고용활동,가구내 고용활동 및 달리 분류되지 않은 자가소비 생산활동 > 가구 내 고용활동
98100,T,가구내 고용활동 및 달리 분류되지 않은 자가소비 생산활동,98,달리 분류되지 않은 자가 소비를 위한 가구의 재화 및 서비스 생산활동,981,자가 소비를 위한 가사 생산 활동,9810,자가 소비를 위한 가사 생산 활동,자가 소비를 위한 가사 생산 활동,가구내 고용활동 및 달리 분류되지 않은 자가소비 생산활동 > 달리 분류되지 않은 자가 소비를 위한 가구의 재화 및 서비스 생산활동 > 자가 소비를 위한 가사 생산 활동
98200,T,가구내 고용활동 및 달리 분류되지 않은 자가소비 생산활동,98,달리 분류되지 않은 자가 소비를 위한 가구의 재화 및 서비스 생산활동,982,자가 소비를 위한 가사 서비스 활동,9820,자가 소비를 위한 가사 서비스 활동,자가 소비를 위한 가사 서비스 활동,가구내 고용활동 및 달리 분류되지 않은 자가소비 생산활동 > 달리 분류되지 않은 자가 소비를 위한 가구의 재화 및 서비스 생산활동 > 자가 소비를 위한 가사 서비스 활동
99001,U,국제 및 외국기관,99,국제 및 외국기관,990,국제 및 외국기관,9900,국제 및 외국기관,주한 외국 공관,국제 및 외국기관 > 주한 외국 공관
99009,U,국제 및 외국기관,99,국제 및 외국기관,990,국제 및 외국기관,9900,국제 및 외국기관,기타 국제 및 외국기관,국제 및 외국기관 > 기타 국제 및 외국기관
