색인어,KSIC코드,KSIC명,레벨,신뢰도,출처
CD 드라이브 제조,26321,기억 장치 제조업,세세분류,MED,haeseolseo
X선 장치 제조,27111,방사선 장치 제조업,세세분류,MED,haeseolseo
가감 저항기 제조,26292,전자저항기 및 전자카드 제조업,세세분류,MED,haeseolseo
가공 홀더 제조,29229,기타 가공 공작기계 제조업,세세분류,MED,haeseolseo
가공염 제조,20492,가공 및 정제염 제조업,세세분류,MED,haeseolseo
가금 고기 커틀릿 제조,10121,가금류 가공 및 저장 처리업,세세분류,MED,haeseolseo
가금 고기 통조림 제조,10121,가금류 가공 및 저장 처리업,세세분류,MED,haeseolseo
가금 고기 햄 제조,10121,가금류 가공 및 저장 처리업,세세분류,MED,haeseolseo
가금 고기 훈제품 제조,10121,가금류 가공 및 저장 처리업,세세분류,MED,haeseolseo
가눈썹 제조,33931,가발 및 유사 제품 제조업,세세분류,MED,haeseolseo
가단철 주물 주조,24311,선철 주물 주조업,세세분류,MED,haeseolseo
가당음료 생산,11209,기타 비알코올 음료 제조업,세세분류,MED,haeseolseo
가로등 제조,28422,일반용 전기 조명장치 제조업,세세분류,MED,haeseolseo
가마니 제조,16300,코르크 및 조물 제품 제조업,세세분류,MED,haeseolseo
가변 저항기 제조,26292,전자저항기 및 전자카드 제조업,세세분류,MED,haeseolseo
가소홀 제조,19229,기타 석유 정제물 재처리업,세세분류,MED,haeseolseo
"가솔린, 경유, 등유 제조",19210,원유 정제처리업,세세분류,MED,haeseolseo
가수염 제조,33931,가발 및 유사 제품 제조업,세세분류,MED,haeseolseo
가스 경보기 제조,28901,전기 경보 및 신호장치 제조업,세세분류,MED,haeseolseo
가스 마스크 제조,27199,그 외 기타 의료용 기기 제조업,세세분류,MED,haeseolseo
가스 및 액체 분석계기 제조,27216,산업 처리공정 제어장비 제조업,세세분류,MED,haeseolseo
가스 발생기 제조,29177,"증류기, 열 교환기 및 가스 발생기 제조업",세세분류,MED,haeseolseo
가스 자동절단기 제조,29199,그 외 기타 일반목적용 기계 제조업,세세분류,MED,haeseolseo
가스 적산계기 제조,27214,속도계 및 적산계기 제조업,세세분류,MED,haeseolseo
가스 충전기 제조,29191,"용기 세척, 포장 및 충전기 제조업",세세분류,MED,haeseolseo
가스 터빈 제조,29119,기타 기관 및 터빈 제조업,세세분류,MED,haeseolseo
가스 펌프 제조,29132,기체 펌프 및 압축기 제조업,세세분류,MED,haeseolseo
가스버너 조정장치 제조,27215,기기용 자동 측정 및 제어장치 제조업,세세분류,MED,haeseolseo
가스총 제조,25200,무기 및 총포탄 제조업,세세분류,MED,haeseolseo
가스킷 제조,29199,그 외 기타 일반목적용 기계 제조업,세세분류,MED,haeseolseo
가시 있는 금속선 제조,25944,금속선 가공제품 제조업,세세분류,MED,haeseolseo
가연사 제조,13104,연사 및 가공사 제조업,세세분류,MED,haeseolseo
가용성 녹말 제조,10520,전분제품 및 당류 제조업,세세분류,MED,haeseolseo
가운류 제조,14199,그 외 기타 봉제의복 제조업,세세분류,MED,haeseolseo
가정용 가상 현실 기 제조,26519,비디오 및 기타 영상 기기 제조업,세세분류,MED,haeseolseo
가정용 고체 또는 반고체상의 착화 연료 및 합성 연료 제조,33992,"라이터, 연소물 및 흡연용품 제조업",세세분류,MED,haeseolseo
"가정용 냉장고, 냉동고 제조",28511,주방용 전기 기기 제조업,세세분류,MED,haeseolseo
가정용 디지털 카메라 제조,27309,기타 광학기기 및 사진기 제조업,세세분류,MED,haeseolseo
가정용 모피제품 제조,14200,모피제품 제조업,세세분류,MED,haeseolseo
가정용 비디오 제조,26519,비디오 및 기타 영상 기기 제조업,세세분류,MED,haeseolseo
가정용 살균 소독기 제조,28519,기타 가정용 전기 기기 제조업,세세분류,MED,haeseolseo
가정용 전기 오븐 제조,28511,주방용 전기 기기 제조업,세세분류,MED,haeseolseo
가정용 조명기구 제조,28422,일반용 전기 조명장치 제조업,세세분류,MED,haeseolseo
가정용 토기제품 제조,23221,가정용 및 장식용 도자기 제조업,세세분류,MED,haeseolseo
"가정용, 공중위생용 화학 살균 및 소독제 제조",20313,유기질 비료 및 상토 제조업,세세분류,MED,haeseolseo
가죽 격막 제조,15190,기타 가죽제품 제조업,세세분류,MED,haeseolseo
가죽 구두 제조,15211,구두류 제조업,세세분류,MED,haeseolseo
가죽 시곗줄 제조,15190,기타 가죽제품 제조업,세세분류,MED,haeseolseo
가죽 호스 제조,15190,기타 가죽제품 제조업,세세분류,MED,haeseolseo
가축용 배합사료 제조,10902,배합사료 제조업,세세분류,MED,haeseolseo
가향 조제주 제조,11129,기타 증류주 및 합성주 제조업,세세분류,MED,haeseolseo
가향한 목욕용 염 제조,20423,화장품 제조업,세세분류,MED,haeseolseo
간판 도장공용 물감 제조,20413,인쇄 잉크 및 회화용 물감 제조업,세세분류,MED,haeseolseo
감광 전자 감지장치 제조,26294,전자 감지장치 제조업,세세분류,MED,haeseolseo
감광성 사진 인화지 및 판지 제조,20491,감광 재료 및 관련 화학제품 제조업,세세분류,MED,haeseolseo
"감광성 사진 플레이트, 사진 필름 및 인스턴트 프린트 필름 제조",20491,감광 재료 및 관련 화학제품 제조업,세세분류,MED,haeseolseo
감량저울 제조,27219,"기타 측정, 시험, 항해, 제어 및 정밀 기기 제조업",세세분류,MED,haeseolseo
감미용 조제품 제조,10839,기타 식품 첨가물 제조업,세세분류,MED,haeseolseo
감압 밸브 및 온도 제어식 밸브 제조,29133,"탭, 밸브 및 유사 장치 제조업",세세분류,MED,haeseolseo
"감자, 고구마 재배",01110,곡물 및 기타 식량작물 재배업,세세분류,MED,haeseolseo
강 반제품 제조,24112,제강업,세세분류,MED,haeseolseo
강 주물 주조,24312,강 주물 주조업,세세분류,MED,haeseolseo
강장음료 제조,11209,기타 비알코올 음료 제조업,세세분류,MED,haeseolseo
개구리 양식,03212,내수면 양식 어업,세세분류,MED,haeseolseo
개량 한복 제조,14130,한복 제조업,세세분류,MED,haeseolseo
개수대 제조,23222,위생용 및 산업용 도자기 제조업,세세분류,MED,haeseolseo
개스킷 및 와셔 제조,17909,그 외 기타 종이 및 판지 제품 제조업,세세분류,MED,haeseolseo
거울 유리 제조,23119,기타 판유리 가공품 제조업,세세분류,MED,haeseolseo
건류기 제조,29177,"증류기, 열 교환기 및 가스 발생기 제조업",세세분류,MED,haeseolseo
건물 모형 제조,33932,전시용 모형 제조업,세세분류,MED,haeseolseo
건물 장착용 히터 제조,29150,"산업용 오븐, 노 및 노용 버너 제조업",세세분류,MED,haeseolseo
건물용 금속 계단 및 사다리 제조,25112,구조용 금속 판제품 및 공작물 제조업,세세분류,MED,haeseolseo
건물용 컨테이너 제조,25119,기타 구조용 금속제품 제조업,세세분류,MED,haeseolseo
건설용 내화 요업제품 제조,23211,정형 내화 요업제품 제조업,세세분류,MED,haeseolseo
건설용 및 스키장용 리프트 제조,29163,컨베이어 장치 제조업,세세분류,MED,haeseolseo
건설용 석재 가공품 제조,23911,건설용 석제품 제조업,세세분류,MED,haeseolseo
건설용 천연 응결 슬레이트제품 제조,23911,건설용 석제품 제조업,세세분류,MED,haeseolseo
건설장비용 지게차 제조,29241,건설 및 채광용 기계장비 제조업,세세분류,MED,haeseolseo
건식 복사기 제조,29180,사무용 기계 및 장비 제조업,세세분류,MED,haeseolseo
건어물 제조,10212,수산동물 건조 및 염장품 제조업,세세분류,MED,haeseolseo
건전지 충전장치 제조,28119,기타 전기 변환장치 제조업,세세분류,MED,haeseolseo
건조된 강낭콩 분과 조분 생산,10512,곡물 제분업,세세분류,MED,haeseolseo
건조제품 제조,10212,수산동물 건조 및 염장품 제조업,세세분류,MED,haeseolseo
건축물 구조재 제조,23239,기타 건축용 비내화 요업제품 제조업,세세분류,MED,haeseolseo
건축용 내화 요업제품 제조,23211,정형 내화 요업제품 제조업,세세분류,MED,haeseolseo
건축용 다공질 유리 및 관련 제품 제조,23129,기타 산업용 유리제품 제조업,세세분류,MED,haeseolseo
견 노일 제조,13109,기타 방적업,세세분류,MED,haeseolseo
견 노일 혼방모사 제조,13102,모 방적업,세세분류,MED,haeseolseo
견과 절임식품 제조,10302,과실 및 그 외 채소 절임식품 제조업,세세분류,MED,haeseolseo
견방사 제조,13109,기타 방적업,세세분류,MED,haeseolseo
견본 목공물 제조,16102,표면 가공목재 및 특정 목적용 제재목 제조업,세세분류,MED,haeseolseo
견재봉사 제조,13104,연사 및 가공사 제조업,세세분류,MED,haeseolseo
견직물 직조,13219,특수직물 및 기타 직물 직조업,세세분류,MED,haeseolseo
경기용 무기 제조,25200,무기 및 총포탄 제조업,세세분류,MED,haeseolseo
경기용 선박 제조,31120,오락 및 스포츠용 보트 건조업,세세분류,MED,haeseolseo
경기용 신발 제조,15219,기타 신발 제조업,세세분류,MED,haeseolseo
경운기 및 이앙기 제조,29210,농업 및 임업용 기계 제조업,세세분류,MED,haeseolseo
경화 가공된 방직용 직물 제조,13994,표면처리 및 적층 직물 제조업,세세분류,MED,haeseolseo
계기반 조립품 제조,30320,자동차 차체용 신품 부품 제조업,세세분류,MED,haeseolseo
계약에 의한 음반 원판 생산,59202,녹음시설 운영업,세세분류,MED,haeseolseo
계전기 제조,28121,"전기회로 개폐, 보호 장치 제조업",세세분류,MED,haeseolseo
고공품 제조,16300,코르크 및 조물 제품 제조업,세세분류,MED,haeseolseo
고글테 및 장착구 제조,27195,안경 및 안경렌즈 제조업,세세분류,MED,haeseolseo
고기 절단 및 분쇄기 제조,25992,수동식 식품 가공 기기 및 금속 주방용기 제조업,세세분류,MED,haeseolseo
고량주 제조,11129,기타 증류주 및 합성주 제조업,세세분류,MED,haeseolseo
"고무 디스크, 링 및 와셔 제조",22191,고무 패킹류 제조업,세세분류,MED,haeseolseo
고무 밴드 제조,22199,그 외 기타 고무제품 제조업,세세분류,MED,haeseolseo
고무 성형 가공기 제조,29291,"고무, 화학섬유 및 플라스틱 성형기 제조업",세세분류,MED,haeseolseo
고무 스펀지 제조,22199,그 외 기타 고무제품 제조업,세세분류,MED,haeseolseo
고무 장갑 및 모자 제조,22193,고무 의류 및 기타 위생용 비경화 고무제품 제조업,세세분류,MED,haeseolseo
고무 젖꼭지 제조,22193,고무 의류 및 기타 위생용 비경화 고무제품 제조업,세세분류,MED,haeseolseo
고무 타이어 재생용 캐멀백 스트립 제조,22110,고무 타이어 및 튜브 제조업,세세분류,MED,haeseolseo
고무 패킹 제조,22191,고무 패킹류 제조업,세세분류,MED,haeseolseo
고무 합연사 제조,13993,특수사 및 코드직물 제조업,세세분류,MED,haeseolseo
"고무, 플라스틱용 복합 가소제 제조",20499,그 외 기타 분류 안된 화학제품 제조업,세세분류,MED,haeseolseo
고무를 주재료로 만든 접착 테이프 제조,22192,산업용 그 외 비경화 고무제품 제조업,세세분류,MED,haeseolseo
고무를 피복한 방직용 섬유 직물 제조,22192,산업용 그 외 비경화 고무제품 제조업,세세분류,MED,haeseolseo
"고무사 직물, 금속사 직물과 튤, 레이스 및 기타 망직물 직조",13219,특수직물 및 기타 직물 직조업,세세분류,MED,haeseolseo
고무제 공기 타이어 제조,22110,고무 타이어 및 튜브 제조업,세세분류,MED,haeseolseo
고무제 솔리드 타이어 제조,22110,고무 타이어 및 튜브 제조업,세세분류,MED,haeseolseo
고무제 자석 제조,22199,그 외 기타 고무제품 제조업,세세분류,MED,haeseolseo
고무판 인쇄,18119,기타 인쇄업,세세분류,MED,haeseolseo
고밀도화 목재 제조,16212,강화 및 재생 목재 제조업,세세분류,MED,haeseolseo
고지 재생펄프 제조,17101,펄프 제조업,세세분류,MED,haeseolseo
"고추, 후추 및 계피가루 제조",10832,천연 및 혼합 조제 조미료 제조업,세세분류,MED,haeseolseo
고추장 제조,10833,장류 제조업,세세분류,MED,haeseolseo
곡면 인쇄용 기계 제조,29292,인쇄 및 제책용 기계 제조업,세세분류,MED,haeseolseo
곡물 선별기 제조,29242,광물 처리 및 취급장비 제조업,세세분류,MED,haeseolseo
곡물 세척기 제조,29242,광물 처리 및 취급장비 제조업,세세분류,MED,haeseolseo
곡물 제분제품 생산,10512,곡물 제분업,세세분류,MED,haeseolseo
곡물음료 제조,11209,기타 비알코올 음료 제조업,세세분류,MED,haeseolseo
곡분제 떡고물 제조,10513,곡물 혼합 분말 및 반죽 제조업,세세분류,MED,haeseolseo
곡분제 빵속 제조,10513,곡물 혼합 분말 및 반죽 제조업,세세분류,MED,haeseolseo
곤충류 사육,01299,그 외 기타 축산업,세세분류,MED,haeseolseo
골절 치료구 제조,27194,정형 외과용 및 신체 보정용 기기 제조업,세세분류,MED,haeseolseo
골판지 상자 제조,17212,골판지 상자 및 가공제품 제조업,세세분류,MED,haeseolseo
골판지 원지 제조,17104,골판지 원지 제조업,세세분류,MED,haeseolseo
골판지 제조,17211,골판지 제조업,세세분류,MED,haeseolseo
골판지 칸막이 제조,17212,골판지 상자 및 가공제품 제조업,세세분류,MED,haeseolseo
골프 글러브 제조,33309,기타 운동 및 경기용구 제조업,세세분류,MED,haeseolseo
골프용 전기 차량 제조,30122,전기 승용차 및 기타 여객용 전기 자동차 제조업,세세분류,MED,haeseolseo
골프용 차량 제조,30121,내연기관 승용차 및 기타 여객용 자동차 제조,세세분류,MED,haeseolseo
골프장비 제조,33309,기타 운동 및 경기용구 제조업,세세분류,MED,haeseolseo
공구 손잡이 제조,16291,목재 도구 및 주방용 나무제품 제조업,세세분류,MED,haeseolseo
공구백 제조,15129,가방 및 기타 보호용 케이스 제조업,세세분류,MED,haeseolseo
공구용 몸체 제조,16291,목재 도구 및 주방용 나무제품 제조업,세세분류,MED,haeseolseo
공구홀더 제조,29229,기타 가공 공작기계 제조업,세세분류,MED,haeseolseo
"공급, 영상 및 오디오 기록물 제작",56229,기타 비알코올 음료점업,세세분류,MED,haeseolseo
공급량 계기 제조,27214,속도계 및 적산계기 제조업,세세분류,MED,haeseolseo
공기 가습기 및 제습기 제조,29299,그 외 기타 특수목적용 기계 제조업,세세분류,MED,haeseolseo
공기 액화용 기 제조,29177,"증류기, 열 교환기 및 가스 발생기 제조업",세세분류,MED,haeseolseo
공기 유입 조정장치 제조,27215,기기용 자동 측정 및 제어장치 제조업,세세분류,MED,haeseolseo
공기 조절기 제조,29172,가정용 및 산업용 공기 조화장치 제조업,세세분류,MED,haeseolseo
공기 청정기 제조,29175,기체 여과기 제조업,세세분류,MED,haeseolseo
공기 펌프 제조,29132,기체 펌프 및 압축기 제조업,세세분류,MED,haeseolseo
공기압 시스템에 사용되는 공기 준비장치 제조,29120,유압 기기 제조업,세세분류,MED,haeseolseo
공기총 제조,25200,무기 및 총포탄 제조업,세세분류,MED,haeseolseo
공성 유리 제조,23129,기타 산업용 유리제품 제조업,세세분류,MED,haeseolseo
공업용 가열기 제조,29150,"산업용 오븐, 노 및 노용 버너 제조업",세세분류,MED,haeseolseo
공업용 방사선 장치 제조,27111,방사선 장치 제조업,세세분류,MED,haeseolseo
공업용 플라스틱제품 제조,22241,운송장비 조립용 플라스틱제품 제조업,세세분류,MED,haeseolseo
공익 광고 영화 제작,59113,광고 영화 및 비디오물 제작업,세세분류,MED,haeseolseo
공작기계용 특수 부착물 제조,29229,기타 가공 공작기계 제조업,세세분류,MED,haeseolseo
공작물 조립기 제조,29229,기타 가공 공작기계 제조업,세세분류,MED,haeseolseo
과 이와 유사한 가정용 기구 제조,28520,가정용 비전기식 조리 및 난방 기구 제조업,세세분류,MED,haeseolseo
과산화수소 제조,20129,기타 기초 무기화학 물질 제조업,세세분류,MED,haeseolseo
과실 및 채소 건조식품 제조,10302,과실 및 그 외 채소 절임식품 제조업,세세분류,MED,haeseolseo
과실 및 채소 샐러드 제조,10302,과실 및 그 외 채소 절임식품 제조업,세세분류,MED,haeseolseo
"과실 및 채소 잼, 젤리 제조",10302,과실 및 그 외 채소 절임식품 제조업,세세분류,MED,haeseolseo
과실 및 채소 주스 제조,10302,과실 및 그 외 채소 절임식품 제조업,세세분류,MED,haeseolseo
과실 발효주 제조,11119,기타 발효주 제조업,세세분류,MED,haeseolseo
과실 절임식품 제조,10302,과실 및 그 외 채소 절임식품 제조업,세세분류,MED,haeseolseo
과실 통조림 제조,10302,과실 및 그 외 채소 절임식품 제조업,세세분류,MED,haeseolseo
관 및 관 연결구류 제조,24229,"기타 비철금속 압연, 압출 및 연신제품 제조업",세세분류,MED,haeseolseo
"관, 로드, 바, 프로파일 및 기타 형의 알루미늄 제조",24222,"알루미늄 압연, 압출 및 연신제품 제조업",세세분류,MED,haeseolseo
관광 지도 제작,72922,제도업,세세분류,MED,haeseolseo
관상용 조류 사육,01239,기타 가금류 및 조류 사육업,세세분류,MED,haeseolseo
관악기 제조,33209,기타 악기 및 전자 악기 제조업,세세분류,MED,haeseolseo
광 디스크 드라이브 제조,26321,기억 장치 제조업,세세분류,MED,haeseolseo
광고물 제조,33910,간판 및 광고물 제조업,세세분류,MED,haeseolseo
광고용 조명판 제조,28423,전시 및 광고용 조명장치 제조업,세세분류,MED,haeseolseo
광물 반죽기 제조,29242,광물 처리 및 취급장비 제조업,세세분류,MED,haeseolseo
광물 분리기 제조,29242,광물 처리 및 취급장비 제조업,세세분류,MED,haeseolseo
광물 선별기 제조,29242,광물 처리 및 취급장비 제조업,세세분류,MED,haeseolseo
광물 성형기 제조,29242,광물 처리 및 취급장비 제조업,세세분류,MED,haeseolseo
광물 세척기 제조,29242,광물 처리 및 취급장비 제조업,세세분류,MED,haeseolseo
광물 파쇄기 제조,29242,광물 처리 및 취급장비 제조업,세세분류,MED,haeseolseo
광물성 재료 가공기계 제조,29229,기타 가공 공작기계 제조업,세세분류,MED,haeseolseo
광물성 타르 제조,19100,코크스 및 연탄 제조업,세세분류,MED,haeseolseo
광물타르 증류 생산물 제조,20119,기타 기초 유기 화학물질 제조업,세세분류,MED,haeseolseo
광석 채굴기 제조,29241,건설 및 채광용 기계장비 제조업,세세분류,MED,haeseolseo
광선 응용 절삭기계 제조,29221,전자 응용 절삭기계 제조업,세세분류,MED,haeseolseo
광섬유 전송시스템 제조,26410,유선 통신장비 제조업,세세분류,MED,haeseolseo
광섬유 제조,27301,광학 렌즈 및 광학 요소 제조업,세세분류,MED,haeseolseo
광전관 제조,26299,그 외 기타 전자 부품 제조업,세세분류,MED,haeseolseo
광전도 셀 제조,26129,기타 반도체 소자 제조업,세세분류,MED,haeseolseo
"광전지, 태양전지 제조",26129,기타 반도체 소자 제조업,세세분류,MED,haeseolseo
광학 디스크 제조,26600,마그네틱 및 광학 매체 제조업,세세분류,MED,haeseolseo
광학 라이트빔 신호기 제조,27309,기타 광학기기 및 사진기 제조업,세세분류,MED,haeseolseo
광학 망원경 제조,27309,기타 광학기기 및 사진기 제조업,세세분류,MED,haeseolseo
광학 천체 관측용 기 제조,27309,기타 광학기기 및 사진기 제조업,세세분류,MED,haeseolseo
광학 현미경 제조,27309,기타 광학기기 및 사진기 제조업,세세분류,MED,haeseolseo
광학식 내시경 제조,27199,그 외 기타 의료용 기기 제조업,세세분류,MED,haeseolseo
광학용품 제조,27301,광학 렌즈 및 광학 요소 제조업,세세분류,MED,haeseolseo
교량 조립 구조재 제조,25113,육상 금속 골조 구조재 제조업,세세분류,MED,haeseolseo
교류 및 직류 드라이브 제조,28123,배전반 및 전기 자동제어반 제조업,세세분류,MED,haeseolseo
교반기 제조,29299,그 외 기타 특수목적용 기계 제조업,세세분류,MED,haeseolseo
교육용 비디오물 제작,59111,일반 영화 및 비디오물 제작업,세세분류,MED,haeseolseo
교통 시각 신호장치 제조,28903,교통 신호장치 제조업,세세분류,MED,haeseolseo
교통 안전 표시 금속판 제조,25994,금속 표시판 제조업,세세분류,MED,haeseolseo
교통 음향 신호장치 제조,28903,교통 신호장치 제조업,세세분류,MED,haeseolseo
교통 지도 제작,72922,제도업,세세분류,MED,haeseolseo
교통 통제용 전기장치 제조,28903,교통 신호장치 제조업,세세분류,MED,haeseolseo
교통 표지 금속판 제조,25994,금속 표시판 제조업,세세분류,MED,haeseolseo
교환기 제조,26410,유선 통신장비 제조업,세세분류,MED,haeseolseo
구강 세척제 제조,20423,화장품 제조업,세세분류,MED,haeseolseo
구강 위생용품 제조,20423,화장품 제조업,세세분류,MED,haeseolseo
구급차 제조,30121,내연기관 승용차 및 기타 여객용 자동차 제조,세세분류,MED,haeseolseo
구난차 제조,30123,내연기관 화물자동차 및 특수목적용 자동차 제조업,세세분류,MED,haeseolseo
구동 차축 제조,30331,자동차용 신품 동력 전달장치 제조업,세세분류,MED,haeseolseo
구명 보트 제조,31111,강선 건조업,세세분류,MED,haeseolseo
구명벨트 제조,13229,기타 직물제품 제조업,세세분류,MED,haeseolseo
구명정 제조,31120,오락 및 스포츠용 보트 건조업,세세분류,MED,haeseolseo
"구명조끼, 구명대 제조",13229,기타 직물제품 제조업,세세분류,MED,haeseolseo
구운 소금 제조,10839,기타 식품 첨가물 제조업,세세분류,MED,haeseolseo
구조용 내화 요업제품 제조,23211,정형 내화 요업제품 제조업,세세분류,MED,haeseolseo
국악 현악기 제조,33209,기타 악기 및 전자 악기 제조업,세세분류,MED,haeseolseo
군사 지도 제작,72922,제도업,세세분류,MED,haeseolseo
굴뚝용 벽돌 및 블록 제조,23231,"점토 벽돌, 블록 및 유사 비내화 요업제품 제조업",세세분류,MED,haeseolseo
굴삭기 제조,29241,건설 및 채광용 기계장비 제조업,세세분류,MED,haeseolseo
궐연지 제조,17909,그 외 기타 종이 및 판지 제품 제조업,세세분류,MED,haeseolseo
귀금속 메달 제조,33110,귀금속 및 관련제품 제조업,세세분류,MED,haeseolseo
귀금속 목걸이 제조,33110,귀금속 및 관련제품 제조업,세세분류,MED,haeseolseo
귀금속 장신용품 제조,33110,귀금속 및 관련제품 제조업,세세분류,MED,haeseolseo
귀금속제 주화 제조,33110,귀금속 및 관련제품 제조업,세세분류,MED,haeseolseo
귀석 제품 제조,33110,귀금속 및 관련제품 제조업,세세분류,MED,haeseolseo
규소 및 염소 제조,20129,기타 기초 무기화학 물질 제조업,세세분류,MED,haeseolseo
균형 및 평형 검사기 제조,27213,"물질 검사, 측정 및 분석 기구 제조업",세세분류,MED,haeseolseo
그라비아 인쇄,18119,기타 인쇄업,세세분류,MED,haeseolseo
그라비아 인쇄용 기계 제조,29292,인쇄 및 제책용 기계 제조업,세세분류,MED,haeseolseo
그레이더와 레벨러 제조,29241,건설 및 채광용 기계장비 제조업,세세분류,MED,haeseolseo
그리스 제조,19221,윤활유 및 그리스 제조업,세세분류,MED,haeseolseo
"근무복, 작업복, 체육복 제조",14192,"근무복, 작업복 및 유사 의복 제조업",세세분류,MED,haeseolseo
글라신지 원지 제조,17109,기타 종이 및 판지 제조업,세세분류,MED,haeseolseo
글루탐산 소다 제조,10831,"식초, 발효 및 화학 조미료 제조업",세세분류,MED,haeseolseo
글루텐 제조,10520,전분제품 및 당류 제조업,세세분류,MED,haeseolseo
글리세린 수 및 비누 폐액으로 만든 글리세린 제조,20422,"치약, 비누 및 기타 세제 제조업",세세분류,MED,haeseolseo
글리세린 제조,20422,"치약, 비누 및 기타 세제 제조업",세세분류,MED,haeseolseo
글리코시드 및 그 유도체 제조,21100,기초 의약 물질 제조업,세세분류,MED,haeseolseo
금고실 라이닝 제조,25999,그 외 기타 분류 안된 금속 가공제품 제조업,세세분류,MED,haeseolseo
금고실 문 제조,25999,그 외 기타 분류 안된 금속 가공제품 제조업,세세분류,MED,haeseolseo
금박 합성지 및 판지 제조,17904,"적층, 합성 및 특수 표면처리 종이 제조업",세세분류,MED,haeseolseo
금속 가구 제조,32091,금속 가구 제조업,세세분류,MED,haeseolseo
금속 가스 용기 제조,25123,압축 및 액화 가스 용기 제조업,세세분류,MED,haeseolseo
금속 가연사 제조,13993,특수사 및 코드직물 제조업,세세분류,MED,haeseolseo
금속 냉간 및 열간 압연기 제조,29230,금속 주조 및 기타 야금용 기계 제조업,세세분류,MED,haeseolseo
금속 다이케스팅기 제조,29230,금속 주조 및 기타 야금용 기계 제조업,세세분류,MED,haeseolseo
금속 단조기 제조,29224,금속 성형기계 제조업,세세분류,MED,haeseolseo
금속 도포 플라스틱 필름 제조,22292,"플라스틱 적층, 도포 및 기타 표면처리 제품 제조업",세세분류,MED,haeseolseo
금속 드리사제조,13993,특수사 및 코드직물 제조업,세세분류,MED,haeseolseo
금속 롤링도어 제조,25111,"금속 문, 창, 셔터 및 관련제품 제조업",세세분류,MED,haeseolseo
금속 발코니 제조,25112,구조용 금속 판제품 및 공작물 제조업,세세분류,MED,haeseolseo
금속 베란다 제조,25112,구조용 금속 판제품 및 공작물 제조업,세세분류,MED,haeseolseo
금속 상자 제조,25991,금속 캔 및 기타 포장용기 제조업,세세분류,MED,haeseolseo
금속 세척기 제조,29299,그 외 기타 특수목적용 기계 제조업,세세분류,MED,haeseolseo
금속 셔터문 제조,25111,"금속 문, 창, 셔터 및 관련제품 제조업",세세분류,MED,haeseolseo
금속 스크린도어 제조,25111,"금속 문, 창, 셔터 및 관련제품 제조업",세세분류,MED,haeseolseo
금속 압력 주조기 제조,29230,금속 주조 및 기타 야금용 기계 제조업,세세분류,MED,haeseolseo
금속 압연기용 롤러 제조,29230,금속 주조 및 기타 야금용 기계 제조업,세세분류,MED,haeseolseo
금속 압축 용기 제조,25123,압축 및 액화 가스 용기 제조업,세세분류,MED,haeseolseo
금속 저장 조 제조,25122,금속 탱크 및 저장 용기 제조업,세세분류,MED,haeseolseo
금속 전기로 제조,29230,금속 주조 및 기타 야금용 기계 제조업,세세분류,MED,haeseolseo
금속 절곡기 제조,29224,금속 성형기계 제조업,세세분류,MED,haeseolseo
금속 주괴용 주형과 레이들 제조,29230,금속 주조 및 기타 야금용 기계 제조업,세세분류,MED,haeseolseo
금속 지붕 및 벽면 제조,25112,구조용 금속 판제품 및 공작물 제조업,세세분류,MED,haeseolseo
금속 캐비닛 제조,32091,금속 가구 제조업,세세분류,MED,haeseolseo
금속 케이블 제조,25944,금속선 가공제품 제조업,세세분류,MED,haeseolseo
금속 탱크 제조,25122,금속 탱크 및 저장 용기 제조업,세세분류,MED,haeseolseo
금속 통 제조,25991,금속 캔 및 기타 포장용기 제조업,세세분류,MED,haeseolseo
금속 판 스프링 제조,25943,금속 스프링 제조업,세세분류,MED,haeseolseo
금속산염 또는 과산화금속염 제조,20129,기타 기초 무기화학 물질 제조업,세세분류,MED,haeseolseo
금속선 인발 및 가공기 제조,29224,금속 성형기계 제조업,세세분류,MED,haeseolseo
금속선 직물 제조,25944,금속선 가공제품 제조업,세세분류,MED,haeseolseo
금속선제 그릴 제조,25944,금속선 가공제품 제조업,세세분류,MED,haeseolseo
금속제 까치발 제조,25932,일반 철물 제조업,세세분류,MED,haeseolseo
금속제 날붙이 손잡이 제조,25931,날붙이 제조업,세세분류,MED,haeseolseo
"금속제 못, 압정 제조",25942,그 외 금속 파스너 및 나사제품 제조업,세세분류,MED,haeseolseo
금속제 병마개 제조,25991,금속 캔 및 기타 포장용기 제조업,세세분류,MED,haeseolseo
금속제 선반 받침대 제조,25932,일반 철물 제조업,세세분류,MED,haeseolseo
금속제 설탕 집게 제조,25931,날붙이 제조업,세세분류,MED,haeseolseo
금속제 세면기 제조,25993,금속 위생용품 제조업,세세분류,MED,haeseolseo
금속제 수문 제조,25111,"금속 문, 창, 셔터 및 관련제품 제조업",세세분류,MED,haeseolseo
금속제 시곗줄 제조,27220,시계 및 시계 부품 제조업,세세분류,MED,haeseolseo
금속제 식탁용품 제조,25931,날붙이 제조업,세세분류,MED,haeseolseo
"금속제 연선, 엮은 밴드, 사슬 제조",25944,금속선 가공제품 제조업,세세분류,MED,haeseolseo
금속제 옷걸이 제조,25932,일반 철물 제조업,세세분류,MED,haeseolseo
"금속제 유금, 꺾쇠, 유금이 붙은 프레임 제조",25999,그 외 기타 분류 안된 금속 가공제품 제조업,세세분류,MED,haeseolseo
금속제 자석 제조,25999,그 외 기타 분류 안된 금속 가공제품 제조업,세세분류,MED,haeseolseo
금속제 조립식 건물 및 그 구성품 제조,25119,기타 구조용 금속제품 제조업,세세분류,MED,haeseolseo
금속제 주방 용기 제조,25992,수동식 식품 가공 기기 및 금속 주방용기 제조업,세세분류,MED,haeseolseo
금속제 창문 제조,25111,"금속 문, 창, 셔터 및 관련제품 제조업",세세분류,MED,haeseolseo
금속제 침 및 바늘 제조,25999,그 외 기타 분류 안된 금속 가공제품 제조업,세세분류,MED,haeseolseo
금속제 침대 제조,32091,금속 가구 제조업,세세분류,MED,haeseolseo
금속제 트로피 제조,25999,그 외 기타 분류 안된 금속 가공제품 제조업,세세분류,MED,haeseolseo
금속제품 영구 조립용 리벳 제조,25942,그 외 금속 파스너 및 나사제품 제조업,세세분류,MED,haeseolseo
금속처리 가죽 제조,15110,모피 및 가죽 제조업,세세분류,MED,haeseolseo
금연용 담배 제조,12000,담배제품 제조업,세세분류,MED,haeseolseo
금전 등록기 제조,29180,사무용 기계 및 장비 제조업,세세분류,MED,haeseolseo
급유용 펌프 제조,29131,액체 펌프 제조업,세세분류,MED,haeseolseo
기계 목재펄프 제조,17101,펄프 제조업,세세분류,MED,haeseolseo
기계 밀봉 제조,29199,그 외 기타 일반목적용 기계 제조업,세세분류,MED,haeseolseo
기계식 급탄기 제조,29150,"산업용 오븐, 노 및 노용 버너 제조업",세세분류,MED,haeseolseo
기계식 삽 제조,29241,건설 및 채광용 기계장비 제조업,세세분류,MED,haeseolseo
기계염 제조,20492,가공 및 정제염 제조업,세세분류,MED,haeseolseo
기계용 가죽제품 제조,15190,기타 가죽제품 제조업,세세분류,MED,haeseolseo
기계용 비경화 고무제품 제조,22192,산업용 그 외 비경화 고무제품 제조업,세세분류,MED,haeseolseo
기계장비 모형 제조,33932,전시용 모형 제조업,세세분류,MED,haeseolseo
기계적 요법 기구 제조,27199,그 외 기타 의료용 기기 제조업,세세분류,MED,haeseolseo
기관차 원동기 모형 제조,33932,전시용 모형 제조업,세세분류,MED,haeseolseo
기구용 목재 케이스 제조,16299,그 외 기타 나무제품 제조업,세세분류,MED,haeseolseo
기념관용 모형 제조,33932,전시용 모형 제조업,세세분류,MED,haeseolseo
기술자용 수지식 정밀 측정기 제조,27219,"기타 측정, 시험, 항해, 제어 및 정밀 기기 제조업",세세분류,MED,haeseolseo
기압계 제조,27213,"물질 검사, 측정 및 분석 기구 제조업",세세분류,MED,haeseolseo
기어 박스 제조,29142,기어 및 동력전달장치 제조업,세세분류,MED,haeseolseo
기어와 기어링 제조,29142,기어 및 동력전달장치 제조업,세세분류,MED,haeseolseo
기억소자 제조,2611,전자집적회로 제조업,세분류,MED,haeseolseo
기중기차 제조,30123,내연기관 화물자동차 및 특수목적용 자동차 제조업,세세분류,MED,haeseolseo
기중기차 특장 제조,30201,차체 및 특장차 제조업,세세분류,MED,haeseolseo
기체 압축기 제조,29132,기체 펌프 및 압축기 제조업,세세분류,MED,haeseolseo
기체 액화용 기 제조,29177,"증류기, 열 교환기 및 가스 발생기 제조업",세세분류,MED,haeseolseo
기화기 제조,30310,자동차 엔진용 신품 부품 제조업,세세분류,MED,haeseolseo
김칫소 제조,10832,천연 및 혼합 조제 조미료 제조업,세세분류,MED,haeseolseo
김프사 제조,13993,특수사 및 코드직물 제조업,세세분류,MED,haeseolseo
"꽃, 잎, 과실 등의 모조품 제조",33932,전시용 모형 제조업,세세분류,MED,haeseolseo
끈으로 만든 걸레 제조,13922,어망 및 기타 끈 가공품 제조업,세세분류,MED,haeseolseo
나무 못 제조,16299,그 외 기타 나무제품 제조업,세세분류,MED,haeseolseo
나무 및 고무 신발 제조,15219,기타 신발 제조업,세세분류,MED,haeseolseo
나무 조각판 제조,16102,표면 가공목재 및 특정 목적용 제재목 제조업,세세분류,MED,haeseolseo
나무그릇 제조,16291,목재 도구 및 주방용 나무제품 제조업,세세분류,MED,haeseolseo
나무젓가락 제조,16291,목재 도구 및 주방용 나무제품 제조업,세세분류,MED,haeseolseo
나선형 금속 스프링 제조,25943,금속 스프링 제조업,세세분류,MED,haeseolseo
나일론 및 비닐론 제조,20501,합성섬유 제조업,세세분류,MED,haeseolseo
나전칠기 가구 제조,32029,기타 목재 가구 제조업,세세분류,MED,haeseolseo
나프타 제조,19210,원유 정제처리업,세세분류,MED,haeseolseo
낙농품 가공처리기 제조,29242,광물 처리 및 취급장비 제조업,세세분류,MED,haeseolseo
낙하산 제조,13229,기타 직물제품 제조업,세세분류,MED,haeseolseo
낙화생 재배,01140,기타 작물 재배업,세세분류,MED,haeseolseo
낙화생유 생산,10412,식물성 유지 제조업,세세분류,MED,haeseolseo
낚시 장비 제조,33303,낚시 및 수렵용구 제조업,세세분류,MED,haeseolseo
낚시용 망 제조,33303,낚시 및 수렵용구 제조업,세세분류,MED,haeseolseo
낚시용 보트 제조,31120,오락 및 스포츠용 보트 건조업,세세분류,MED,haeseolseo
날염기 제조,29261,"산업용 섬유 세척, 염색, 정리 및 가공 기계 제조업",세세분류,MED,haeseolseo
남자용 바지 제조,14111,남자용 겉옷 제조업,세세분류,MED,haeseolseo
남자용 코트류 제조,14111,남자용 겉옷 제조업,세세분류,MED,haeseolseo
납땜용 인두와 건 제조,29199,그 외 기타 일반목적용 기계 제조업,세세분류,MED,haeseolseo
납축전지 제조,28209,기타 이차전지 제조업,세세분류,MED,haeseolseo
내발한제 제조,20423,화장품 제조업,세세분류,MED,haeseolseo
내연기관 시험대 제조,27213,"물질 검사, 측정 및 분석 기구 제조업",세세분류,MED,haeseolseo
내장 의자 제조,32019,소파 및 기타 내장 가구 제조업,세세분류,MED,haeseolseo
내장 침대용 금속제 프레임 제조,32091,금속 가구 제조업,세세분류,MED,haeseolseo
내장 침대용 목제 프레임 제조,32029,기타 목재 가구 제조업,세세분류,MED,haeseolseo
내장 침대용 플라스틱제 프레임 제조,32099,그 외 기타 가구 제조업,세세분류,MED,haeseolseo
내화 벽돌 및 타일 제조,23211,정형 내화 요업제품 제조업,세세분류,MED,haeseolseo
내화 피복재 제조,23994,암면 및 유사 제품 제조업,세세분류,MED,haeseolseo
내화물용 조제 배합원료 제조,23212,부정형 내화 요업제품 제조업,세세분류,MED,haeseolseo
냅킨용 원지 제조,17106,위생용 원지 제조업,세세분류,MED,haeseolseo
냉각 단위 제조,29171,산업용 냉장 및 냉동장비 제조업,세세분류,MED,haeseolseo
냉각장치 제조,30399,그 외 자동차용 신품 부품 제조업,세세분류,MED,haeseolseo
"냉간 압연, 압출 및 인발제품 제조",24122,냉간 압연 및 압출 제품 제조업,세세분류,MED,haeseolseo
"냉간 철강 판, 시트, 봉 및 형재 제조",24122,냉간 압연 및 압출 제품 제조업,세세분류,MED,haeseolseo
냉동 갑각류 생산,10213,수산동물 냉동품 제조업,세세분류,MED,haeseolseo
냉동 수산물 생산,10213,수산동물 냉동품 제조업,세세분류,MED,haeseolseo
냉동 어류 생산,10213,수산동물 냉동품 제조업,세세분류,MED,haeseolseo
"냉동 케이크, 파이, 기타 생과자류 제조",10602,빵류 제조업,세세분류,MED,haeseolseo
냉동장비 제조,29171,산업용 냉장 및 냉동장비 제조업,세세분류,MED,haeseolseo
냉장고 제조,29171,산업용 냉장 및 냉동장비 제조업,세세분류,MED,haeseolseo
냉장장비 제조,29171,산업용 냉장 및 냉동장비 제조업,세세분류,MED,haeseolseo
네온류 광고판 제조,28423,전시 및 광고용 조명장치 제조업,세세분류,MED,haeseolseo
네트워크 카드 제조,26299,그 외 기타 전자 부품 제조업,세세분류,MED,haeseolseo
넥타이 제조,14499,그 외 기타 의복 액세서리 제조업,세세분류,MED,haeseolseo
노용 연소기 제조,29150,"산업용 오븐, 노 및 노용 버너 제조업",세세분류,MED,haeseolseo
노출계 제조,27213,"물질 검사, 측정 및 분석 기구 제조업",세세분류,MED,haeseolseo
노트북 PC 제조,26310,컴퓨터 제조업,세세분류,MED,haeseolseo
녹음 및 음성 재생기 제조,265,영상 및 음향 기기 제조업,소분류,MED,haeseolseo
녹음기 제조,26521,"라디오, 녹음 및 재생 기기 제조업",세세분류,MED,haeseolseo
녹차용 작물 재배,01132,음료용 및 향신용 작물 재배업,세세분류,MED,haeseolseo
놀이대 제조,33302,놀이터용 장비 제조업,세세분류,MED,haeseolseo
농산물용 건조기 제조,29210,농업 및 임업용 기계 제조업,세세분류,MED,haeseolseo
농업용 관배수 기 제조,29210,농업 및 임업용 기계 제조업,세세분류,MED,haeseolseo
농업용 분무기 제조,29210,농업 및 임업용 기계 제조업,세세분류,MED,haeseolseo
농업용 살포차 특장 제조,30201,차체 및 특장차 제조업,세세분류,MED,haeseolseo
농업용 컨베이어 장치 제조,29163,컨베이어 장치 제조업,세세분류,MED,haeseolseo
농업용 트랙터 제조,29210,농업 및 임업용 기계 제조업,세세분류,MED,haeseolseo
농업용 트레일러 제조,29210,농업 및 임업용 기계 제조업,세세분류,MED,haeseolseo
농축 미네랄 제조,10897,건강 기능식품 제조업,세세분류,MED,haeseolseo
농축유 제조,10421,액상 시유 및 기타 낙농제품 제조업,세세분류,MED,haeseolseo
뇌파계 제조,27112,전기식 진단 및 요법 기기 제조업,세세분류,MED,haeseolseo
누룩 및 종국 제조,10839,기타 식품 첨가물 제조업,세세분류,MED,haeseolseo
는 족답식 연마 휠 제조,25933,비동력식 수공구 제조업,세세분류,MED,haeseolseo
니켈 수소 전지 제조,28209,기타 이차전지 제조업,세세분류,MED,haeseolseo
니켈 카드뮴 전지 제조,28209,기타 이차전지 제조업,세세분류,MED,haeseolseo
니켈 합금철 제조,24113,합금철 제조업,세세분류,MED,haeseolseo
니코틴이 함유된 전자담배 기기용 용액 제조,12000,담배제품 제조업,세세분류,MED,haeseolseo
니트로조 및 니트로염료 제조,20132,"염료, 조제 무기 안료, 유연제 및 기타 착색제 제조업",세세분류,MED,haeseolseo
다겹층지 제조,17105,크라프트지 및 기타 상자용 판지 제조업,세세분류,MED,haeseolseo
다이 및 다이 세트 제조,29229,기타 가공 공작기계 제조업,세세분류,MED,haeseolseo
다이 및 펀치 제조,29293,주형 및 금형 제조업,세세분류,MED,haeseolseo
다이 스탬핑기 제조,29224,금속 성형기계 제조업,세세분류,MED,haeseolseo
다이나스어드 제조,23212,부정형 내화 요업제품 제조업,세세분류,MED,haeseolseo
"다이리스터, 다이액과 트라이액 제조",26129,기타 반도체 소자 제조업,세세분류,MED,haeseolseo
다이얼식 자물쇠 제조,25932,일반 철물 제조업,세세분류,MED,haeseolseo
단공 강재 제조,24199,그 외 기타 1차 철강 제조업,세세분류,MED,haeseolseo
단무지 제조,10302,과실 및 그 외 채소 절임식품 제조업,세세분류,MED,haeseolseo
단미사료 제조,10903,단미사료 및 기타 사료 제조업,세세분류,MED,haeseolseo
단세포 미생물 제조,10839,기타 식품 첨가물 제조업,세세분류,MED,haeseolseo
단식 오프셋 인쇄,18113,오프셋 인쇄업,세세분류,MED,haeseolseo
단접 철강관 제조,24132,강관 제조업,세세분류,MED,haeseolseo
"달걀, 크림, 마요네즈 처리 도구 제조",25992,수동식 식품 가공 기기 및 금속 주방용기 제조업,세세분류,MED,haeseolseo
담배 에센스 제조,12000,담배제품 제조업,세세분류,MED,haeseolseo
담배 필터 제조,33992,"라이터, 연소물 및 흡연용품 제조업",세세분류,MED,haeseolseo
당구용구 제조,33409,기타 오락용품 제조업,세세분류,MED,haeseolseo
당나귀 사육,01291,말 및 양 사육업,세세분류,MED,haeseolseo
대두 부산물 등 이용) 제조,16299,그 외 기타 나무제품 제조업,세세분류,MED,haeseolseo
대두유 생산,10412,식물성 유지 제조업,세세분류,MED,haeseolseo
대륙간 탄도 미사일 및 유사 미사일 제조,31311,"유인 항공기, 항공 우주선 및 보조장치 제조업",세세분류,MED,haeseolseo
대물렌즈 제조,27309,기타 광학기기 및 사진기 제조업,세세분류,MED,haeseolseo
대용차류 제조,10892,차류 가공업,세세분류,MED,haeseolseo
대중 수송용 자동차 제조,30121,내연기관 승용차 및 기타 여객용 자동차 제조,세세분류,MED,haeseolseo
대중 수송용 전기 자동차 제조,30122,전기 승용차 및 기타 여객용 전기 자동차 제조업,세세분류,MED,haeseolseo
"데릭, 크레인, 스트래들 캐리어 및 크레인이 결합된 작업 트럭 제조",29161,산업용 트럭 및 적재기 제조업,세세분류,MED,haeseolseo
도가니 제조,23211,정형 내화 요업제품 제조업,세세분류,MED,haeseolseo
"도금, 도장 및 피복 철강재 제조",24191,"도금, 착색 및 기타 표면 처리 강재 제조업",세세분류,MED,haeseolseo
도금용 조제품 제조,20499,그 외 기타 분류 안된 화학제품 제조업,세세분류,MED,haeseolseo
도난 경보기 제조,28901,전기 경보 및 신호장치 제조업,세세분류,MED,haeseolseo
도로 경계석 제조,23911,건설용 석제품 제조업,세세분류,MED,haeseolseo
도로 설치용 쓰레기통 제조,25991,금속 캔 및 기타 포장용기 제조업,세세분류,MED,haeseolseo
도로 전기 청소차 제조,30124,전기 화물자동차 및 특수목적용 전기 자동차 제조업,세세분류,MED,haeseolseo
도로 주행용 덤프 트럭 제조,30123,내연기관 화물자동차 및 특수목적용 자동차 제조업,세세분류,MED,haeseolseo
도로 주행용 전기 덤프 트럭 제조,30124,전기 화물자동차 및 특수목적용 전기 자동차 제조업,세세분류,MED,haeseolseo
도로 청소차 제조,30123,내연기관 화물자동차 및 특수목적용 자동차 제조업,세세분류,MED,haeseolseo
도로 표지 금속판 제조,25994,금속 표시판 제조업,세세분류,MED,haeseolseo
도료 용제 제조,20411,일반용 도료 및 관련제품 제조업,세세분류,MED,haeseolseo
도르래 제조,29169,기타 물품 취급장비 제조업,세세분류,MED,haeseolseo
도박게임 장비 제조,33409,기타 오락용품 제조업,세세분류,MED,haeseolseo
도시 모형 제조,33932,전시용 모형 제조업,세세분류,MED,haeseolseo
도시락 제조,10701,도시락류 제조업,세세분류,MED,haeseolseo
도자기 제조용 조제 원료 제조,23229,기타 일반 도자기 제조업,세세분류,MED,haeseolseo
도자기 화병 제조,23221,가정용 및 장식용 도자기 제조업,세세분류,MED,haeseolseo
도자기제 조상 제조,23221,가정용 및 장식용 도자기 제조업,세세분류,MED,haeseolseo
도장 목재 생산,16103,"목재 보존, 방부처리, 도장 및 유사 처리업",세세분류,MED,haeseolseo
도정 곡물 생산,10511,곡물 도정업,세세분류,MED,haeseolseo
"도정 쌀, 보리, 밀 생산",10511,곡물 도정업,세세분류,MED,haeseolseo
도포지 및 판지 제조,17904,"적층, 합성 및 특수 표면처리 종이 제조업",세세분류,MED,haeseolseo
돌로마이트 석회 제조,23312,석회 및 플라스터 제조업,세세분류,MED,haeseolseo
"동 박판, 시트, 판, 대, 선, 봉, 바 및 관 제조",24221,"동 압연, 압출 및 연신제품 제조업",세세분류,MED,haeseolseo
동 주물 주조,24329,기타 비철금속 주조업,세세분류,MED,haeseolseo
동 합금 압연제품 및 반제품 제조,24221,"동 압연, 압출 및 연신제품 제조업",세세분류,MED,haeseolseo
동동주 제조,11111,탁주 및 약주 제조업,세세분류,MED,haeseolseo
동등생물의약품 제조,21211,생물 의약품 제조업,세세분류,MED,haeseolseo
동력기계용 연마석 제조,23992,연마재 제조업,세세분류,MED,haeseolseo
동력식 나사용 드라이버 제조,29193,동력식 수지 공구 제조업,세세분류,MED,haeseolseo
동력식 드릴 제조,29193,동력식 수지 공구 제조업,세세분류,MED,haeseolseo
동력식 임팩트 렌치 제조,29193,동력식 수지 공구 제조업,세세분류,MED,haeseolseo
동력식 장난감 제조,33401,인형 및 장난감 제조업,세세분류,MED,haeseolseo
동물 박제품 제조,33932,전시용 모형 제조업,세세분류,MED,haeseolseo
동물 지방 생산,10411,동물성 유지 제조업,세세분류,MED,haeseolseo
동물사료용 재료 분쇄물 생산,10903,단미사료 및 기타 사료 제조업,세세분류,MED,haeseolseo
동물성 의료용 물질 제조,21100,기초 의약 물질 제조업,세세분류,MED,haeseolseo
동물성 착색제 제조,20132,"염료, 조제 무기 안료, 유연제 및 기타 착색제 제조업",세세분류,MED,haeseolseo
동물용 의약품 제조,21230,동물용 의약품 제조업,세세분류,MED,haeseolseo
"동물의 기관, 선 및 분비물의 가공품 및 추출물 제조",21100,기초 의약 물질 제조업,세세분류,MED,haeseolseo
동위원소 분리기 제조,29299,그 외 기타 특수목적용 기계 제조업,세세분류,MED,haeseolseo
동축케이블 반송장치 제조,26410,유선 통신장비 제조업,세세분류,MED,haeseolseo
동합금 제조,24211,"동 제련, 정련 및 합금 제조업",세세분류,MED,haeseolseo
동합금 주물 주조,24329,기타 비철금속 주조업,세세분류,MED,haeseolseo
된장 및 청국장 제조,10833,장류 제조업,세세분류,MED,haeseolseo
둥글레차 제조,10892,차류 가공업,세세분류,MED,haeseolseo
드라이 클리닝기 제조,29261,"산업용 섬유 세척, 염색, 정리 및 가공 기계 제조업",세세분류,MED,haeseolseo
드라이아이스 제조,20122,"산소, 질소 및 기타 산업용 가스 제조업",세세분류,MED,haeseolseo
드레스 패턴 제조,13229,기타 직물제품 제조업,세세분류,MED,haeseolseo
등 가구 제조,32029,기타 목재 가구 제조업,세세분류,MED,haeseolseo
등 무선 원격 유도장치 제조,27211,"레이더, 항행용 무선 기기 및 측량 기구 제조업",세세분류,MED,haeseolseo
등 세공품 제조,16300,코르크 및 조물 제품 제조업,세세분류,MED,haeseolseo
등사기 제조,29180,사무용 기계 및 장비 제조업,세세분류,MED,haeseolseo
등산용 배낭류 제조,15129,가방 및 기타 보호용 케이스 제조업,세세분류,MED,haeseolseo
디스켓 제조,26600,마그네틱 및 광학 매체 제조업,세세분류,MED,haeseolseo
디스템퍼 제조,20411,일반용 도료 및 관련제품 제조업,세세분류,MED,haeseolseo
디스플레이 유리 기판 제조용 기계 제조,29299,그 외 기타 특수목적용 기계 제조업,세세분류,MED,haeseolseo
디스플레이 조립용 기계 제조,29272,디스플레이 제조용 기계 제조업,세세분류,MED,haeseolseo
디스플레이 패널 제조용 기계 제조,29272,디스플레이 제조용 기계 제조업,세세분류,MED,haeseolseo
디지털 제어 적층 조형기 제조,29222,디지털 적층 성형기계 제조업,세세분류,MED,haeseolseo
디플렉션 코일 제조,26299,그 외 기타 전자 부품 제조업,세세분류,MED,haeseolseo
또는 판매를 주로 하는 사업체에서 직접 이들을 조립,39009,기타 환경 정화 및 복원업,세세분류,MED,haeseolseo
똑딱 단추 제조,33991,단추 및 유사 파스너 제조업,세세분류,MED,haeseolseo
라드 정제 생산,10413,식용 정제유 및 가공유 제조업,세세분류,MED,haeseolseo
라드스테아린 생산,10411,동물성 유지 제조업,세세분류,MED,haeseolseo
라디오 제조,26521,"라디오, 녹음 및 재생 기기 제조업",세세분류,MED,haeseolseo
램제트 및 펄스제트 엔진 제조,31321,항공기용 엔진 제조업,세세분류,MED,haeseolseo
램프 갓 및 램프 부품 제조,23229,기타 일반 도자기 제조업,세세분류,MED,haeseolseo
램프 등 비전기식 조명장치 제조,28429,기타 조명장치 제조업,세세분류,MED,haeseolseo
램프 홀더 제조,28122,전기회로 접속장치 제조업,세세분류,MED,haeseolseo
램프용 탄소제품 제조,28902,전기용 탄소제품 및 절연제품 제조업,세세분류,MED,haeseolseo
레이온 섬유 제조,20502,재생 섬유 제조업,세세분류,MED,haeseolseo
레이온 섬유직물 직조,13213,화학섬유직물 직조업,세세분류,MED,haeseolseo
레이온계 활성 탄소섬유 제조,23995,탄소섬유 제조업,세세분류,MED,haeseolseo
레이저 기 제조,27309,기타 광학기기 및 사진기 제조업,세세분류,MED,haeseolseo
레이저 응용 절삭기계 제조,29221,전자 응용 절삭기계 제조업,세세분류,MED,haeseolseo
레이저 프린터 제조,26323,컴퓨터 프린터 제조업,세세분류,MED,haeseolseo
레토르트 식품 제조,10709,기타 식사용 가공처리 조리식품 제조업,세세분류,MED,haeseolseo
레토르트 제조,23211,정형 내화 요업제품 제조업,세세분류,MED,haeseolseo
로만 시멘트 제조,23311,시멘트 제조업,세세분류,MED,haeseolseo
로열젤리 가공품 제조,10897,건강 기능식품 제조업,세세분류,MED,haeseolseo
로프 가공품 제조,13922,어망 및 기타 끈 가공품 제조업,세세분류,MED,haeseolseo
로프 또는 케이블 제조기 제조,29299,그 외 기타 특수목적용 기계 제조업,세세분류,MED,haeseolseo
롤러베어링 제조,29141,구름베어링 제조업,세세분류,MED,haeseolseo
루프웨일사 제조,13993,특수사 및 코드직물 제조업,세세분류,MED,haeseolseo
리드프레임 제조,26299,그 외 기타 전자 부품 제조업,세세분류,MED,haeseolseo
리코더 제조,33209,기타 악기 및 전자 악기 제조업,세세분류,MED,haeseolseo
리튬 이온 이차전지 제조,28209,기타 이차전지 제조업,세세분류,MED,haeseolseo
리튬 이온 폴리머 전지 제조,28209,기타 이차전지 제조업,세세분류,MED,haeseolseo
리튬 전지 제조,28201,일차전지 제조업,세세분류,MED,haeseolseo
리튬 폴리머 전지 제조,28209,기타 이차전지 제조업,세세분류,MED,haeseolseo
리프트용 운반 컨테이너 제조,30203,트레일러 및 세미 트레일러 제조업,세세분류,MED,haeseolseo
링크 체인 제조,29142,기어 및 동력전달장치 제조업,세세분류,MED,haeseolseo
마가린 제조,10413,식용 정제유 및 가공유 제조업,세세분류,MED,haeseolseo
마그네틱 오디오 및 비디오 테이프 제조,26600,마그네틱 및 광학 매체 제조업,세세분류,MED,haeseolseo
마그네틱 카드 제조,26292,전자저항기 및 전자카드 제조업,세세분류,MED,haeseolseo
마네킹 인형 제조,33999,그 외 기타 달리 분류되지 않은 제품 제조업,세세분류,MED,haeseolseo
마라카스 제조,33209,기타 악기 및 전자 악기 제조업,세세분류,MED,haeseolseo
마루 광택제 및 크림 제조,20424,표면 광택제 및 실내 가향제 제조업,세세분류,MED,haeseolseo
마루덮개 제조,13910,"카펫, 마루덮개 및 유사 제품 제조업",세세분류,MED,haeseolseo
마모사 제조,13102,모 방적업,세세분류,MED,haeseolseo
마스터 제판 인쇄,18111,경 인쇄업,세세분류,MED,haeseolseo
마요네즈 제조,10832,천연 및 혼합 조제 조미료 제조업,세세분류,MED,haeseolseo
마우스 제조,26329,기타 주변 기기 제조업,세세분류,MED,haeseolseo
마이크로 웨이브관 제조,26299,그 외 기타 전자 부품 제조업,세세분류,MED,haeseolseo
마이크로 폼 리더 제조,27309,기타 광학기기 및 사진기 제조업,세세분류,MED,haeseolseo
마이크로 피시 리더 제조,27309,기타 광학기기 및 사진기 제조업,세세분류,MED,haeseolseo
마이크로 필름 리더 제조,27309,기타 광학기기 및 사진기 제조업,세세분류,MED,haeseolseo
마이크로미터 제조,27219,"기타 측정, 시험, 항해, 제어 및 정밀 기기 제조업",세세분류,MED,haeseolseo
마이크로톰 제조,27213,"물질 검사, 측정 및 분석 기구 제조업",세세분류,MED,haeseolseo
마이크로폰 제조,26529,기타 음향기기 제조업,세세분류,MED,haeseolseo
마직물 직조,13219,특수직물 및 기타 직물 직조업,세세분류,MED,haeseolseo
마카로니 제조,10820,"면류, 마카로니 및 유사 식품 제조업",세세분류,MED,haeseolseo
막걸리 제조,11111,탁주 및 약주 제조업,세세분류,MED,haeseolseo
막대식 교통 통제기 제조,31202,철도 차량 부품 및 관련 장치물 제조업,세세분류,MED,haeseolseo
만도린 제조,33209,기타 악기 및 전자 악기 제조업,세세분류,MED,haeseolseo
만두피 제조,10513,곡물 혼합 분말 및 반죽 제조업,세세분류,MED,haeseolseo
만틸라 제조,14499,그 외 기타 의복 액세서리 제조업,세세분류,MED,haeseolseo
만화 영화 제작,59112,애니메이션 영화 및 비디오물 제작업,세세분류,MED,haeseolseo
말채찍 제조,15190,기타 가죽제품 제조업,세세분류,MED,haeseolseo
맛소금 제조,10831,"식초, 발효 및 화학 조미료 제조업",세세분류,MED,haeseolseo
망가니즈 건전지 제조,28201,일차전지 제조업,세세분류,MED,haeseolseo
망가니즈 합금철 제조,24113,합금철 제조업,세세분류,MED,haeseolseo
망입 판유리 제조,23111,판유리 제조업,세세분류,MED,haeseolseo
매노우스타트 제조,27215,기기용 자동 측정 및 제어장치 제조업,세세분류,MED,haeseolseo
매스틱 제조,20411,일반용 도료 및 관련제품 제조업,세세분류,MED,haeseolseo
매연 여과기 제조,29175,기체 여과기 제조업,세세분류,MED,haeseolseo
매장 등에 사용되는 카트 제조,31999,그 외 기타 달리 분류되지 않은 운송장비 제조업,세세분류,MED,haeseolseo
매트 및 리놀륨 제조용 기타 식물성 기포직물 직조,13219,특수직물 및 기타 직물 직조업,세세분류,MED,haeseolseo
매트리스 내장 침대 제조,32011,매트리스 및 침대 제조업,세세분류,MED,haeseolseo
매트리스 커버 제조,13221,침구 및 관련제품 제조업,세세분류,MED,haeseolseo
맥아 농축액 및 추출물 제조,10893,수프 및 균질화식품 제조업,세세분류,MED,haeseolseo
맥아분 제조,11112,맥아 및 맥주 제조업,세세분류,MED,haeseolseo
머리 달린 가공 원피제품 제조,14200,모피제품 제조업,세세분류,MED,haeseolseo
머시닝센터 제조,29223,금속 절삭기계 제조업,세세분류,MED,haeseolseo
메리야스 원단 제조,13300,편조 원단 제조업,세세분류,MED,haeseolseo
메밀국수 제조,10820,"면류, 마카로니 및 유사 식품 제조업",세세분류,MED,haeseolseo
메추리 사육,01239,기타 가금류 및 조류 사육업,세세분류,MED,haeseolseo
멧돼지 사육,01220,양돈업,세세분류,MED,haeseolseo
면 혼방사 제조,13101,면 방적업,세세분류,MED,haeseolseo
면도날 제조,25931,날붙이 제조업,세세분류,MED,haeseolseo
면류 제조용 혼합분말 및 반죽 제조,10513,곡물 혼합 분말 및 반죽 제조업,세세분류,MED,haeseolseo
면실유 생산,10412,식물성 유지 제조업,세세분류,MED,haeseolseo
면직물 직조,13211,면직물 직조업,세세분류,MED,haeseolseo
모노 및 폴리아조 염료 제조,20132,"염료, 조제 무기 안료, 유연제 및 기타 착색제 제조업",세세분류,MED,haeseolseo
"모노리식 바이폴라 IC, 모스 비메모리용 IC 제조",26112,비메모리용 및 기타 전자집적회로 제조업,세세분류,MED,haeseolseo
모노카르복시산 및 그 유도체 제조,20119,기타 기초 유기 화학물질 제조업,세세분류,MED,haeseolseo
모자 부분품 제조,14491,모자 제조업,세세분류,MED,haeseolseo
모자이크 타일 제조,23232,타일 및 유사 비내화 요업제품 제조업,세세분류,MED,haeseolseo
"모조 목걸이, 팔찌 제조",33120,모조 귀금속 및 모조 장신용품 제조업,세세분류,MED,haeseolseo
모조 브로치 제조,33120,모조 귀금속 및 모조 장신용품 제조업,세세분류,MED,haeseolseo
모직물 직조,13212,모직물 직조업,세세분류,MED,haeseolseo
모터 시동 및 속도 조정기 제조,28123,배전반 및 전기 자동제어반 제조업,세세분류,MED,haeseolseo
모터사이클 제조,31921,모터사이클 제조업,세세분류,MED,haeseolseo
모페드 제조,31921,모터사이클 제조업,세세분류,MED,haeseolseo
모피 깔개 제조,14200,모피제품 제조업,세세분류,MED,haeseolseo
모피 덮개 제조,14200,모피제품 제조업,세세분류,MED,haeseolseo
모피 매트 제조,14200,모피제품 제조업,세세분류,MED,haeseolseo
모피 이불 제조,14200,모피제품 제조업,세세분류,MED,haeseolseo
모피제 액세서리 제조,14499,그 외 기타 의복 액세서리 제조업,세세분류,MED,haeseolseo
목각판 인쇄,18119,기타 인쇄업,세세분류,MED,haeseolseo
"목모, 목분 및 목재칩 제조",16102,표면 가공목재 및 특정 목적용 제재목 제조업,세세분류,MED,haeseolseo
목욕통 제조,23222,위생용 및 산업용 도자기 제조업,세세분류,MED,haeseolseo
목재 거울 틀 제조,16292,장식용 목제품 제조업,세세분류,MED,haeseolseo
목재 공구 제조,16291,목재 도구 및 주방용 나무제품 제조업,세세분류,MED,haeseolseo
목재 문지방 제조,16221,목재 문 및 관련제품 제조업,세세분류,MED,haeseolseo
목재 문틀 제조,16221,목재 문 및 관련제품 제조업,세세분류,MED,haeseolseo
목재 배럴 제조,16232,"목재 포장용 상자, 드럼 및 유사 용기 제조업",세세분류,MED,haeseolseo
목재 상자 제조,16232,"목재 포장용 상자, 드럼 및 유사 용기 제조업",세세분류,MED,haeseolseo
목재 새장 및 동물 우리 제조,16299,그 외 기타 나무제품 제조업,세세분류,MED,haeseolseo
목재 조각상 및 장식품 제조,16292,장식용 목제품 제조업,세세분류,MED,haeseolseo
목재 창문 제조,16221,목재 문 및 관련제품 제조업,세세분류,MED,haeseolseo
목재 케이블 드럼 제조,16232,"목재 포장용 상자, 드럼 및 유사 용기 제조업",세세분류,MED,haeseolseo
목재 케이스 제조,16232,"목재 포장용 상자, 드럼 및 유사 용기 제조업",세세분류,MED,haeseolseo
"목재 콥, 릴 및 유사 제품 제조",16299,그 외 기타 나무제품 제조업,세세분류,MED,haeseolseo
목재 텁 및 유사 용기 제조,16232,"목재 포장용 상자, 드럼 및 유사 용기 제조업",세세분류,MED,haeseolseo
목재 통 제조,16232,"목재 포장용 상자, 드럼 및 유사 용기 제조업",세세분류,MED,haeseolseo
목제 침대 제조,32029,기타 목재 가구 제조업,세세분류,MED,haeseolseo
목제 캐비닛 제조,32029,기타 목재 가구 제조업,세세분류,MED,haeseolseo
묘지석 제조,23911,건설용 석제품 제조업,세세분류,MED,haeseolseo
무기 화합물 제조,20119,기타 기초 유기 화학물질 제조업,세세분류,MED,haeseolseo
무기산 에스테르 및 그 염과 유도체 제조,20119,기타 기초 유기 화학물질 제조업,세세분류,MED,haeseolseo
무기용 대검 및 칼집 제조,25931,날붙이 제조업,세세분류,MED,haeseolseo
무대막 제조,13223,커튼 및 유사 제품 제조업,세세분류,MED,haeseolseo
무동력 항공기 제조,31311,"유인 항공기, 항공 우주선 및 보조장치 제조업",세세분류,MED,haeseolseo
무선 원격 조절기 제조,27211,"레이더, 항행용 무선 기기 및 측량 기구 제조업",세세분류,MED,haeseolseo
무선 전화기 제조,2642,방송 및 무선 통신장비 제조업,세분류,MED,haeseolseo
무선통신 응용장치 제조,2642,방송 및 무선 통신장비 제조업,세분류,MED,haeseolseo
무수 암모니아 또는 암모니아수 제조,20129,기타 기초 무기화학 물질 제조업,세세분류,MED,haeseolseo
무인 비행장치 제조,31312,무인 항공기 및 무인 비행장치 제조업,세세분류,MED,haeseolseo
무인 항공기 제조,31312,무인 항공기 및 무인 비행장치 제조업,세세분류,MED,haeseolseo
무전기 제조,26429,기타 무선 통신장비 제조업,세세분류,MED,haeseolseo
무정전 전원장치 제조,28119,기타 전기 변환장치 제조업,세세분류,MED,haeseolseo
무한궤도식 트랙터 제조,29241,건설 및 채광용 기계장비 제조업,세세분류,MED,haeseolseo
문구용 유리제품 성형 제조,23191,가정용 유리제품 제조업,세세분류,MED,haeseolseo
물리요법용 기 제조,27199,그 외 기타 의료용 기기 제조업,세세분류,MED,haeseolseo
물에 뜨는 구조물 제조,31113,기타 선박 건조업,세세분류,MED,haeseolseo
물품 운반용 망제품 제조,13922,어망 및 기타 끈 가공품 제조업,세세분류,MED,haeseolseo
뮤지컬 박스 제조,33209,기타 악기 및 전자 악기 제조업,세세분류,MED,haeseolseo
뮤지컬 소 제조,33209,기타 악기 및 전자 악기 제조업,세세분류,MED,haeseolseo
뮤직 비디오물 제작,59111,일반 영화 및 비디오물 제작업,세세분류,MED,haeseolseo
미끄럼틀 제조,33302,놀이터용 장비 제조업,세세분류,MED,haeseolseo
미립자 가속기 제조,28909,그 외 기타 전기장비 제조업,세세분류,MED,haeseolseo
미생물 배양체 제조,21100,기초 의약 물질 제조업,세세분류,MED,haeseolseo
미용실용 의자 제조,27196,의료용 가구 제조업,세세분류,MED,haeseolseo
미장 벽돌 및 블록 제조,23231,"점토 벽돌, 블록 및 유사 비내화 요업제품 제조업",세세분류,MED,haeseolseo
미장용 모르타르 제조,23321,비내화 모르타르 제조업,세세분류,MED,haeseolseo
밀가루 및 콩가루 생산,10512,곡물 제분업,세세분류,MED,haeseolseo
밀링 머신 제조,29223,금속 절삭기계 제조업,세세분류,MED,haeseolseo
밀짚모자 제조,16300,코르크 및 조물 제품 제조업,세세분류,MED,haeseolseo
밀폐 포장한 가금 고기 가공품 제조,10121,가금류 가공 및 저장 처리업,세세분류,MED,haeseolseo
밀폐 포장한 가금류 이외 육지 동물고기 부분육 제조,10122,육류 포장육 및 냉동육 가공업(가금류 제외),세세분류,MED,haeseolseo
및 탄수화물류 가공식품 제조,10897,건강 기능식품 제조업,세세분류,MED,haeseolseo
바깥바닥 제조,15220,신발 부분품 제조업,세세분류,MED,haeseolseo
바나듐 합금철 제조,24113,합금철 제조업,세세분류,MED,haeseolseo
바니시 제거제 제조,20411,일반용 도료 및 관련제품 제조업,세세분류,MED,haeseolseo
바닥 피복용 플라스틱 제품 제조,22221,벽 및 바닥 피복용 플라스틱 제품 제조업,세세분류,MED,haeseolseo
바닥깔개와 매트 제조,22199,그 외 기타 고무제품 제조업,세세분류,MED,haeseolseo
바닥용 대리석 제조,23911,건설용 석제품 제조업,세세분류,MED,haeseolseo
바둑 및 장기 제조,33409,기타 오락용품 제조업,세세분류,MED,haeseolseo
바륨 산화물 및 과산화물 제조,20129,기타 기초 무기화학 물질 제조업,세세분류,MED,haeseolseo
바이메탈용 합금철 제조,24113,합금철 제조업,세세분류,MED,haeseolseo
바이오 기반 숙신산 및 그 유도체 제조,20112,바이오매스계 기초 화학물질 제조업,세세분류,MED,haeseolseo
바이오 기반 젖산 및 그 유도체 제조,20112,바이오매스계 기초 화학물질 제조업,세세분류,MED,haeseolseo
"바이오 메탄올, 바이오 에탄올 제조",20112,바이오매스계 기초 화학물질 제조업,세세분류,MED,haeseolseo
바이올린 제조,33209,기타 악기 및 전자 악기 제조업,세세분류,MED,haeseolseo
바인더 및 홀더 제조,17901,문구용 종이제품 제조업,세세분류,MED,haeseolseo
바코드 리더 제조,26329,기타 주변 기기 제조업,세세분류,MED,haeseolseo
바퀴 달린 완구 제조,33401,인형 및 장난감 제조업,세세분류,MED,haeseolseo
바퀴 달린 운반용 통 제조,31999,그 외 기타 달리 분류되지 않은 운송장비 제조업,세세분류,MED,haeseolseo
박리한 질석 제조,23994,암면 및 유사 제품 제조업,세세분류,MED,haeseolseo
반도체 박막 공정용 슬러리 제조,2399,그 외 기타 비금속 광물제품 제조업,세분류,MED,haeseolseo
반도체 조립용 장비 제조,29271,반도체 제조용 기계 제조업,세세분류,MED,haeseolseo
반동기관 제조,31321,항공기용 엔진 제조업,세세분류,MED,haeseolseo
반사경 제조,27301,광학 렌즈 및 광학 요소 제조업,세세분류,MED,haeseolseo
반송 통신기 제조,26410,유선 통신장비 제조업,세세분류,MED,haeseolseo
반송 통신용 신호 변환기 제조,26410,유선 통신장비 제조업,세세분류,MED,haeseolseo
반응 그릇 제조,23211,정형 내화 요업제품 제조업,세세분류,MED,haeseolseo
반합성 섬유직물 직조,13213,화학섬유직물 직조업,세세분류,MED,haeseolseo
반합성섬유 방적사 제조,13103,화학섬유 방적업,세세분류,MED,haeseolseo
반화학 골심지 제조,17104,골판지 원지 제조업,세세분류,MED,haeseolseo
발레용 신발 제조,15219,기타 신발 제조업,세세분류,MED,haeseolseo
발전장치 제조,28111,전동기 및 발전기 제조업,세세분류,MED,haeseolseo
발효 미생물류 가공식품 제조,10897,건강 기능식품 제조업,세세분류,MED,haeseolseo
발효유 제조,10421,액상 시유 및 기타 낙농제품 제조업,세세분류,MED,haeseolseo
"발효주정, 조주정, 정제주정 제조",11121,주정 제조업,세세분류,MED,haeseolseo
발효한 퇴비 제조,20313,유기질 비료 및 상토 제조업,세세분류,MED,haeseolseo
"밤, 호두 및 대추 재배",01131,과실작물 재배업,세세분류,MED,haeseolseo
밥주걱 제조,16291,목재 도구 및 주방용 나무제품 제조업,세세분류,MED,haeseolseo
방사선 방호복 제조,22193,고무 의류 및 기타 위생용 비경화 고무제품 제조업,세세분류,MED,haeseolseo
방사선 예방 보호복 제조,14199,그 외 기타 봉제의복 제조업,세세분류,MED,haeseolseo
방사성 물질 혼합물 제조,20129,기타 기초 무기화학 물질 제조업,세세분류,MED,haeseolseo
방사성 원소 및 동위원소 제조,20129,기타 기초 무기화학 물질 제조업,세세분류,MED,haeseolseo
방열기 제조,25121,산업용 난방보일러 및 방열기 제조업,세세분류,MED,haeseolseo
방울술 제조,13999,그 외 기타 분류 안된 섬유제품 제조업,세세분류,MED,haeseolseo
방적 준비기 제조,29269,"기타 섬유, 의복 및 가죽 가공기계 제조업",세세분류,MED,haeseolseo
방적기 및 연사기 제조,29269,"기타 섬유, 의복 및 가죽 가공기계 제조업",세세분류,MED,haeseolseo
방전 램프 제조,28410,전구 및 램프 제조업,세세분류,MED,haeseolseo
방전 램프용 안정기 제조,28119,기타 전기 변환장치 제조업,세세분류,MED,haeseolseo
방전관 제조,26299,그 외 기타 전자 부품 제조업,세세분류,MED,haeseolseo
방향 탐지용 컴퍼스 제조,27211,"레이더, 항행용 무선 기기 및 측량 기구 제조업",세세분류,MED,haeseolseo
배관 연결구류 제조,23239,기타 건축용 비내화 요업제품 제조업,세세분류,MED,haeseolseo
배기관 제조,30399,그 외 자동차용 신품 부품 제조업,세세분류,MED,haeseolseo
배달용 삼륜 자전거 제조,31991,자전거 및 환자용 차량 제조업,세세분류,MED,haeseolseo
배소장치 제조,29199,그 외 기타 일반목적용 기계 제조업,세세분류,MED,haeseolseo
배소한 황화철광 제조,20129,기타 기초 무기화학 물질 제조업,세세분류,MED,haeseolseo
배전기 부분품 제조,28123,배전반 및 전기 자동제어반 제조업,세세분류,MED,haeseolseo
"배전기가 장착된 보드, 콘솔, 캐비닛 등 제조",28123,배전반 및 전기 자동제어반 제조업,세세분류,MED,haeseolseo
배추 김치 제조,10301,김치류 제조업,세세분류,MED,haeseolseo
배터리 충전기 제조,28119,기타 전기 변환장치 제조업,세세분류,MED,haeseolseo
배트 및 스틱류 제조,33309,기타 운동 및 경기용구 제조업,세세분류,MED,haeseolseo
배튼 보드 제조,16211,"박판, 합판 및 유사 적층판 제조업",세세분류,MED,haeseolseo
배합고무 라텍스 제조,22192,산업용 그 외 비경화 고무제품 제조업,세세분류,MED,haeseolseo
배합한 혼성 플라스틱 소재 물질 제조,20203,혼성 및 재생 플라스틱 소재 물질 제조업,세세분류,MED,haeseolseo
백색 시멘트 제조,23311,시멘트 제조업,세세분류,MED,haeseolseo
백열 전구 제조,28410,전구 및 램프 제조업,세세분류,MED,haeseolseo
백판지 제조,17105,크라프트지 및 기타 상자용 판지 제조업,세세분류,MED,haeseolseo
버섯 종균 생산,01123,종자 및 묘목 생산업,세세분류,MED,haeseolseo
"버클용 유금, 아이, 아이렛, 구슬과 스팽글 제조",25999,그 외 기타 분류 안된 금속 가공제품 제조업,세세분류,MED,haeseolseo
버터 포장용 파라핀 상자 제조,17223,식품 위생용 종이 상자 및 용기 제조업,세세분류,MED,haeseolseo
버터밀크 제조,10421,액상 시유 및 기타 낙농제품 제조업,세세분류,MED,haeseolseo
베개 및 베개보 제조,13221,침구 및 관련제품 제조업,세세분류,MED,haeseolseo
베니어 패널 제조,16211,"박판, 합판 및 유사 적층판 제조업",세세분류,MED,haeseolseo
베어링 하우징 제조,29142,기어 및 동력전달장치 제조업,세세분류,MED,haeseolseo
베이커리용 오븐 제조,29242,광물 처리 및 취급장비 제조업,세세분류,MED,haeseolseo
베이커리제품 제조,10602,빵류 제조업,세세분류,MED,haeseolseo
베일용 그물 제조,13999,그 외 기타 분류 안된 섬유제품 제조업,세세분류,MED,haeseolseo
"벤젠, 크실렌, 나프탈렌, 페놀 및 톨루엔 제조",20119,기타 기초 유기 화학물질 제조업,세세분류,MED,haeseolseo
벼 모판 생산,01123,종자 및 묘목 생산업,세세분류,MED,haeseolseo
"벼, 보리, 밀, 수 재배",01110,곡물 및 기타 식량작물 재배업,세세분류,MED,haeseolseo
벽 타일 제조,23232,타일 및 유사 비내화 요업제품 제조업,세세분류,MED,haeseolseo
벽 피복용지 제조,17903,벽지 및 장판지 제조업,세세분류,MED,haeseolseo
벽가리개 제조,13223,커튼 및 유사 제품 제조업,세세분류,MED,haeseolseo
벽덮개 제조,13223,커튼 및 유사 제품 제조업,세세분류,MED,haeseolseo
벽면 부착용 대리석 제조,23911,건설용 석제품 제조업,세세분류,MED,haeseolseo
벽지용 원지 제조,17103,인쇄용 및 필기용 원지 제조업,세세분류,MED,haeseolseo
변량 검사용 기 제조,27213,"물질 검사, 측정 및 분석 기구 제조업",세세분류,MED,haeseolseo
변량 측정기 제조,27213,"물질 검사, 측정 및 분석 기구 제조업",세세분류,MED,haeseolseo
변성 천연 중합체 제조,20202,합성수지 및 기타 플라스틱 물질 제조업,세세분류,MED,haeseolseo
변속기 제조,29142,기어 및 동력전달장치 제조업,세세분류,MED,haeseolseo
변압기 및 부분품 제조,28112,변압기 제조업,세세분류,MED,haeseolseo
병원선 제조,31113,기타 선박 건조업,세세분류,MED,haeseolseo
보강용 적층 및 도포 직물 제조,13994,표면처리 및 적층 직물 제조업,세세분류,MED,haeseolseo
보관함 제조,17222,판지 상자 및 용기 제조업,세세분류,MED,haeseolseo
보기륜 및 그 부분품 제조,30399,그 외 자동차용 신품 부품 제조업,세세분류,MED,haeseolseo
보드카 제조,11129,기타 증류주 및 합성주 제조업,세세분류,MED,haeseolseo
보석상자 제조,16292,장식용 목제품 제조업,세세분류,MED,haeseolseo
보수계기 제조,27214,속도계 및 적산계기 제조업,세세분류,MED,haeseolseo
보수용 철도 차량 제조,31201,기관차 및 기타 철도 차량 제조업,세세분류,MED,haeseolseo
보정용 의안 제조,27194,정형 외과용 및 신체 보정용 기기 제조업,세세분류,MED,haeseolseo
보조 기억장치 제조,26321,기억 장치 제조업,세세분류,MED,haeseolseo
보청기 제조,27194,정형 외과용 및 신체 보정용 기기 제조업,세세분류,MED,haeseolseo
보호용 안경 제조,27195,안경 및 안경렌즈 제조업,세세분류,MED,haeseolseo
복사지 제조,17901,문구용 종이제품 제조업,세세분류,MED,haeseolseo
복층 절연유리 제조,23119,기타 판유리 가공품 제조업,세세분류,MED,haeseolseo
복합비료 제조,20312,복합비료 및 기타 화학비료 제조업,세세분류,MED,haeseolseo
볶은 치커리차 제조,10892,차류 가공업,세세분류,MED,haeseolseo
볶은 커피 생산,10891,커피 가공업,세세분류,MED,haeseolseo
볼 스크루 제조,29142,기어 및 동력전달장치 제조업,세세분류,MED,haeseolseo
볼링장비 제조,33309,기타 운동 및 경기용구 제조업,세세분류,MED,haeseolseo
볼베어링 제조,29141,구름베어링 제조업,세세분류,MED,haeseolseo
"봉, 프로파일, 선 제조",24229,"기타 비철금속 압연, 압출 및 연신제품 제조업",세세분류,MED,haeseolseo
봉제 인형 제조,33401,인형 및 장난감 제조업,세세분류,MED,haeseolseo
부력 측정기 제조,27213,"물질 검사, 측정 및 분석 기구 제조업",세세분류,MED,haeseolseo
부산물 비료 제조,20313,유기질 비료 및 상토 제조업,세세분류,MED,haeseolseo
부채 및 핸드 스크린 제조,16299,그 외 기타 나무제품 제조업,세세분류,MED,haeseolseo
부타디엔고무 제조,20201,합성고무 제조업,세세분류,MED,haeseolseo
"부탄올, 에탄올, 옥탄올, 메탄올 제조",20119,기타 기초 유기 화학물질 제조업,세세분류,MED,haeseolseo
부화기 제조,29210,농업 및 임업용 기계 제조업,세세분류,MED,haeseolseo
분광계 제조,27213,"물질 검사, 측정 및 분석 기구 제조업",세세분류,MED,haeseolseo
분말 분사용 기 제조,29192,분사기 및 소화기 제조업,세세분류,MED,haeseolseo
분말야금용 등 철강 분말 제조,24119,기타 제철 및 제강업,세세분류,MED,haeseolseo
분무용 스프레이 건 제조,29192,분사기 및 소화기 제조업,세세분류,MED,haeseolseo
분사식 세차기 제조,29192,분사기 및 소화기 제조업,세세분류,MED,haeseolseo
분할대 제조,29229,기타 가공 공작기계 제조업,세세분류,MED,haeseolseo
불꽃 점화식 내연기관 제조,30110,자동차용 엔진 제조업,세세분류,MED,haeseolseo
불도저와 앵글도저 제조,29241,건설 및 채광용 기계장비 제조업,세세분류,MED,haeseolseo
불문) 제조,29161,산업용 트럭 및 적재기 제조업,세세분류,MED,haeseolseo
붕소 산화물과 붕산 제조,20129,기타 기초 무기화학 물질 제조업,세세분류,MED,haeseolseo
브라운관 TV 제조,26511,텔레비전 제조업,세세분류,MED,haeseolseo
브래지어 제조,14120,속옷 및 잠옷 제조업,세세분류,MED,haeseolseo
브랜디 제조,11129,기타 증류주 및 합성주 제조업,세세분류,MED,haeseolseo
브러시 몸체 제조,16291,목재 도구 및 주방용 나무제품 제조업,세세분류,MED,haeseolseo
브러시 제조,33993,비 및 솔 제조업,세세분류,MED,haeseolseo
블라우스 제조,14191,셔츠 및 블라우스 제조업,세세분류,MED,haeseolseo
블레이드 제조,13999,그 외 기타 분류 안된 섬유제품 제조업,세세분류,MED,haeseolseo
블록 보드 제조,16211,"박판, 합판 및 유사 적층판 제조업",세세분류,MED,haeseolseo
비 및 솔 제조용 작물 재배,01140,기타 작물 재배업,세세분류,MED,haeseolseo
비경화 고무 가공품 제조,22199,그 외 기타 고무제품 제조업,세세분류,MED,haeseolseo
비계용 지주 및 유사기구 제조,25113,육상 금속 골조 구조재 제조업,세세분류,MED,haeseolseo
비광학 현미경 제조,27219,"기타 측정, 시험, 항해, 제어 및 정밀 기기 제조업",세세분류,MED,haeseolseo
비광학 회절기 제조,27219,"기타 측정, 시험, 항해, 제어 및 정밀 기기 제조업",세세분류,MED,haeseolseo
비군사용 무기 제조,25200,무기 및 총포탄 제조업,세세분류,MED,haeseolseo
비금속 광물 분쇄물 생산,23993,비금속광물 분쇄물 생산업,세세분류,MED,haeseolseo
비금속 광물제품 가공 기계 제조,29299,그 외 기타 특수목적용 기계 제조업,세세분류,MED,haeseolseo
비금속 광물제품 열간 가공기 제조,29299,그 외 기타 특수목적용 기계 제조업,세세분류,MED,haeseolseo
비금속 할로겐 화합물 및 황화물 제조,20129,기타 기초 무기화학 물질 제조업,세세분류,MED,haeseolseo
비금속 황화물 제조,20129,기타 기초 무기화학 물질 제조업,세세분류,MED,haeseolseo
비내화 레미콘 제조,23322,레미콘 제조업,세세분류,MED,haeseolseo
비내화 모르타르 제조,23321,비내화 모르타르 제조업,세세분류,MED,haeseolseo
비내화성 표면처리제 제조,20411,일반용 도료 및 관련제품 제조업,세세분류,MED,haeseolseo
비닐 벽지 제조,22221,벽 및 바닥 피복용 플라스틱 제품 제조업,세세분류,MED,haeseolseo
비디오 및 텔레비전 제조,265,영상 및 음향 기기 제조업,소분류,MED,haeseolseo
비디오 카드 제조,26299,그 외 기타 전자 부품 제조업,세세분류,MED,haeseolseo
비료 및 질소 화합물 제조,19229,기타 석유 정제물 재처리업,세세분류,MED,haeseolseo
비변성 에틸알코올 제조,11121,주정 제조업,세세분류,MED,haeseolseo
비식용 어분 생산,10219,기타 수산동물 가공 및 저장 처리업,세세분류,MED,haeseolseo
비전기식 가정용 조리 또는 난방장치 제조,28520,가정용 비전기식 조리 및 난방 기구 제조업,세세분류,MED,haeseolseo
비전기식 면도기 제조,25931,날붙이 제조업,세세분류,MED,haeseolseo
비전기식 용접기 제조,29199,그 외 기타 일반목적용 기계 제조업,세세분류,MED,haeseolseo
비전기식 조발기 제조,25931,날붙이 제조업,세세분류,MED,haeseolseo
비전기식 진단용 기 제조,27199,그 외 기타 의료용 기기 제조업,세세분류,MED,haeseolseo
비절연 금속 로프 제조,25944,금속선 가공제품 제조업,세세분류,MED,haeseolseo
"비철금속 분말, 조각 및 플레이크 생산",24290,기타 1차 비철금속 제조업,세세분류,MED,haeseolseo
비철금속 피복제품 제조,24290,기타 1차 비철금속 제조업,세세분류,MED,haeseolseo
비철금속을 절단한 중간재 제조,24290,기타 1차 비철금속 제조업,세세분류,MED,haeseolseo
비항해용 선박 제조,31113,기타 선박 건조업,세세분류,MED,haeseolseo
비행용 기구 제조,31311,"유인 항공기, 항공 우주선 및 보조장치 제조업",세세분류,MED,haeseolseo
빔 프로젝터 제조,27309,기타 광학기기 및 사진기 제조업,세세분류,MED,haeseolseo
"빗, 핀 제조",33999,그 외 기타 달리 분류되지 않은 제품 제조업,세세분류,MED,haeseolseo
빗질 및 정리제품 생산,13999,그 외 기타 분류 안된 섬유제품 제조업,세세분류,MED,haeseolseo
사 가공기 제조,29269,"기타 섬유, 의복 및 가죽 가공기계 제조업",세세분류,MED,haeseolseo
사람 모형 인형 제조,33401,인형 및 장난감 제조업,세세분류,MED,haeseolseo
사무실용 조명기구 제조,28422,일반용 전기 조명장치 제조업,세세분류,MED,haeseolseo
사무용품 제조,33920,사무 및 회화용품 제조업,세세분류,MED,haeseolseo
사운드 카드 제조,26299,그 외 기타 전자 부품 제조업,세세분류,MED,haeseolseo
사이드카 제조,31921,모터사이클 제조업,세세분류,MED,haeseolseo
사진 노광용 기 제조,27309,기타 광학기기 및 사진기 제조업,세세분류,MED,haeseolseo
사진 노출용 기 제조,27309,기타 광학기기 및 사진기 제조업,세세분류,MED,haeseolseo
"사진 및 전자 감광지, 열 감응지 원지 제조",17103,인쇄용 및 필기용 원지 제조업,세세분류,MED,haeseolseo
사진 확대기 및 축소기 제조,27309,기타 광학기기 및 사진기 제조업,세세분류,MED,haeseolseo
사진기 케이스 제조,15129,가방 및 기타 보호용 케이스 제조업,세세분류,MED,haeseolseo
사진식 복사기 제조,29180,사무용 기계 및 장비 제조업,세세분류,MED,haeseolseo
사진처리용 단일 화학 물질 제조,20491,감광 재료 및 관련 화학제품 제조업,세세분류,MED,haeseolseo
사진틀 제조,25999,그 외 기타 분류 안된 금속 가공제품 제조업,세세분류,MED,haeseolseo
사탕무당 제조,10810,설탕 제조업,세세분류,MED,haeseolseo
사탕수수당 제조,10810,설탕 제조업,세세분류,MED,haeseolseo
"산, 알칼리 처리 등으로 활성화된 광물성 물질 제조",20499,그 외 기타 분류 안된 화학제품 제조업,세세분류,MED,haeseolseo
산부인과용 기 제조,27199,그 외 기타 의료용 기기 제조업,세세분류,MED,haeseolseo
산소 관능 아미노 화합물 제조,20119,기타 기초 유기 화학물질 제조업,세세분류,MED,haeseolseo
산소 흡입기 제조,27199,그 외 기타 의료용 기기 제조업,세세분류,MED,haeseolseo
산업용 금형 제조,29293,주형 및 금형 제조업,세세분류,MED,haeseolseo
산업용 로봇 제조,29280,산업용 로봇 제조업,세세분류,MED,haeseolseo
산업용 물질 건조기 제조,29299,그 외 기타 특수목적용 기계 제조업,세세분류,MED,haeseolseo
산업용 전구 제조,28410,전구 및 램프 제조업,세세분류,MED,haeseolseo
산업용 접시 세척기 제조,29199,그 외 기타 일반목적용 기계 제조업,세세분류,MED,haeseolseo
산업처리 공정용 컴퓨터 접속장치 제조,27216,산업 처리공정 제어장비 제조업,세세분류,MED,haeseolseo
산업처리 공정용 흐름 조정자 제조,27216,산업 처리공정 제어장비 제조업,세세분류,MED,haeseolseo
산업처리 자동조절용 기 제조,27216,산업 처리공정 제어장비 제조업,세세분류,MED,haeseolseo
산화철과 수산화철 제조,20131,무기 안료용 금속 산화물 및 관련 제품 제조업,세세분류,MED,haeseolseo
살균 램프 제조,28410,전구 및 램프 제조업,세세분류,MED,haeseolseo
살균소 및 독소 제조,21100,기초 의약 물질 제조업,세세분류,MED,haeseolseo
살균제 제조,20313,유기질 비료 및 상토 제조업,세세분류,MED,haeseolseo
살균한 라미나리아 제조,21309,그 외 기타 의료용품 및 의약 관련제품 제조업,세세분류,MED,haeseolseo
살균한 외과용 또는 치과용 지혈제 및 유착방지제 제조,21309,그 외 기타 의료용품 및 의약 관련제품 제조업,세세분류,MED,haeseolseo
살서제 제조,20313,유기질 비료 및 상토 제조업,세세분류,MED,haeseolseo
살포차 제조,30123,내연기관 화물자동차 및 특수목적용 자동차 제조업,세세분류,MED,haeseolseo
삼차원 조형기 제조,29222,디지털 적층 성형기계 제조업,세세분류,MED,haeseolseo
삼차원 프린터 제조,29222,디지털 적층 성형기계 제조업,세세분류,MED,haeseolseo
"삽, 곡괭이, 쇠스랑, 도끼, 낫 및 유사 절단용 수공구 제조",25933,비동력식 수공구 제조업,세세분류,MED,haeseolseo
상 및 플레이크상의 유리 제조,20412,요업용 도포제 및 관련제품 제조업,세세분류,MED,haeseolseo
상감 세공 목재 패널 제조,16292,장식용 목제품 제조업,세세분류,MED,haeseolseo
"상아, 뼈, 귀갑, 뿔, 산호, 자개 및 기타 동물성의 조각용 재료 가공",33932,전시용 모형 제조업,세세분류,MED,haeseolseo
상자 및 케이스 제조,23229,기타 일반 도자기 제조업,세세분류,MED,haeseolseo
상자용 칸막이 제조,17222,판지 상자 및 용기 제조업,세세분류,MED,haeseolseo
"상패, 명패, 감사패 제조",25999,그 외 기타 분류 안된 금속 가공제품 제조업,세세분류,MED,haeseolseo
새끼줄 제조,16300,코르크 및 조물 제품 제조업,세세분류,MED,haeseolseo
새시문 제조,25111,"금속 문, 창, 셔터 및 관련제품 제조업",세세분류,MED,haeseolseo
새알 가공품 제조,10899,그 외 기타 식료품 제조업,세세분류,MED,haeseolseo
색소토 가공품 제조,20131,무기 안료용 금속 산화물 및 관련 제품 제조업,세세분류,MED,haeseolseo
색층 분석기 제조,27213,"물질 검사, 측정 및 분석 기구 제조업",세세분류,MED,haeseolseo
생강 발효주 제조,11119,기타 발효주 제조업,세세분류,MED,haeseolseo
생과자 제조,10602,빵류 제조업,세세분류,MED,haeseolseo
생석회 및 소석회 제조,23312,석회 및 플라스터 제조업,세세분류,MED,haeseolseo
"생약 물질 추출, 가공 또는 합성 조제품 제조",21100,기초 의약 물질 제조업,세세분류,MED,haeseolseo
생우유 생산,01211,젖소 사육업,세세분류,MED,haeseolseo
생크림 제조,10421,액상 시유 및 기타 낙농제품 제조업,세세분류,MED,haeseolseo
생화학성 농약 제조,20313,유기질 비료 및 상토 제조업,세세분류,MED,haeseolseo
생활용 유리제품 성형 제조,23191,가정용 유리제품 제조업,세세분류,MED,haeseolseo
샤모트 제조,23212,부정형 내화 요업제품 제조업,세세분류,MED,haeseolseo
샤프트 커플링 제조,29142,기어 및 동력전달장치 제조업,세세분류,MED,haeseolseo
섀도마스크 제조,26299,그 외 기타 전자 부품 제조업,세세분류,MED,haeseolseo
섀무 가죽 제조,15110,모피 및 가죽 제조업,세세분류,MED,haeseolseo
서류 받침 제조,17222,판지 상자 및 용기 제조업,세세분류,MED,haeseolseo
서류 상자 제조,17222,판지 상자 및 용기 제조업,세세분류,MED,haeseolseo
서류 캐비닛 제조,17222,판지 상자 및 용기 제조업,세세분류,MED,haeseolseo
서지 억제기 제조,28121,"전기회로 개폐, 보호 장치 제조업",세세분류,MED,haeseolseo
석유 아스팔트 물질 제조,19229,기타 석유 정제물 재처리업,세세분류,MED,haeseolseo
석유 왁스 생산,19229,기타 석유 정제물 재처리업,세세분류,MED,haeseolseo
석유 정제 가스 제조,19210,원유 정제처리업,세세분류,MED,haeseolseo
"석유 젤리, 백유 제조",19229,기타 석유 정제물 재처리업,세세분류,MED,haeseolseo
석유 코크스 제조,19229,기타 석유 정제물 재처리업,세세분류,MED,haeseolseo
석탄 증류 타르 제조,19100,코크스 및 연탄 제조업,세세분류,MED,haeseolseo
선글라스 제조,27195,안경 및 안경렌즈 제조업,세세분류,MED,haeseolseo
선박 구성 부분품 제조,31114,선박 구성 부분품 제조업,세세분류,MED,haeseolseo
선박 추진기 및 관련 블레이드 제조,25999,그 외 기타 분류 안된 금속 가공제품 제조업,세세분류,MED,haeseolseo
선박 축소 모형 제조,33932,전시용 모형 제조업,세세분류,MED,haeseolseo
선박용 철골 조립 구조재 제조,25114,수상 금속 골조 구조재 제조업,세세분류,MED,haeseolseo
선박용 피스톤 내연기관 제조,29111,내연기관 제조업,세세분류,MED,haeseolseo
선별기 및 세척기 제조,29210,농업 및 임업용 기계 제조업,세세분류,MED,haeseolseo
"선철, 주철과 경철 제조",24111,제철업,세세분류,MED,haeseolseo
선풍기 제조,28519,기타 가정용 전기 기기 제조업,세세분류,MED,haeseolseo
설상 스키 제조,33309,기타 운동 및 경기용구 제조업,세세분류,MED,haeseolseo
설상용 승용차량 제조,30121,내연기관 승용차 및 기타 여객용 자동차 제조,세세분류,MED,haeseolseo
설상용 전기 승용차량 제조,30122,전기 승용차 및 기타 여객용 전기 자동차 제조업,세세분류,MED,haeseolseo
설치용 금속 울타리 제조,25112,구조용 금속 판제품 및 공작물 제조업,세세분류,MED,haeseolseo
설치용 물탱크 제조,23239,기타 건축용 비내화 요업제품 제조업,세세분류,MED,haeseolseo
"설치용, 저장용 플라스틱 탱크 및 유사 용기 제조",22222,설치용 및 위생용 플라스틱제품 제조업,세세분류,MED,haeseolseo
설탕 절임 과실 및 견과 제조,10603,과자류 및 코코아 제품 제조업,세세분류,MED,haeseolseo
섬광 전구 제조,28410,전구 및 램프 제조업,세세분류,MED,haeseolseo
섬수모사 제조,13102,모 방적업,세세분류,MED,haeseolseo
섬수모직물 직조,13212,모직물 직조업,세세분류,MED,haeseolseo
섬유 강화 플라스틱 소재 물질 제조,20203,혼성 및 재생 플라스틱 소재 물질 제조업,세세분류,MED,haeseolseo
섬유 등의 중간 화합물 제조,19229,기타 석유 정제물 재처리업,세세분류,MED,haeseolseo
섬유 벽지 제조,17903,벽지 및 장판지 제조업,세세분류,MED,haeseolseo
섬유 분말 제조,13999,그 외 기타 분류 안된 섬유제품 제조업,세세분류,MED,haeseolseo
섬유 유연제 제조,20132,"염료, 조제 무기 안료, 유연제 및 기타 착색제 제조업",세세분류,MED,haeseolseo
"섬유, 금속 재료 등 포함) 제조",21309,그 외 기타 의료용품 및 의약 관련제품 제조업,세세분류,MED,haeseolseo
섬유작물 재배,01140,기타 작물 재배업,세세분류,MED,haeseolseo
섬유제 직조 라벨 제조,13991,세폭직물 제조업,세세분류,MED,haeseolseo
섬유제 호스 제조,13999,그 외 기타 분류 안된 섬유제품 제조업,세세분류,MED,haeseolseo
섬유질 셀룰로오스펄프 제조,17101,펄프 제조업,세세분류,MED,haeseolseo
섬유질 시멘트 제조,23311,시멘트 제조업,세세분류,MED,haeseolseo
세라믹 및 페라이트제 자석 제조,23222,위생용 및 산업용 도자기 제조업,세세분류,MED,haeseolseo
세라믹 파이버 제조,23994,암면 및 유사 제품 제조업,세세분류,MED,haeseolseo
"세면기, 화장실용 팬, 분뇨 정화조 제조",22222,설치용 및 위생용 플라스틱제품 제조업,세세분류,MED,haeseolseo
세탁기 제조,28519,기타 가정용 전기 기기 제조업,세세분류,MED,haeseolseo
세탁소형 세탁기 제조,29261,"산업용 섬유 세척, 염색, 정리 및 가공 기계 제조업",세세분류,MED,haeseolseo
세포치료제 제조,21211,생물 의약품 제조업,세세분류,MED,haeseolseo
셀룰라우드 패널 제조,16229,기타 건축용 나무제품 제조업,세세분류,MED,haeseolseo
셀룰러 고무제 매트리스 제조,32011,매트리스 및 침대 제조업,세세분류,MED,haeseolseo
셀룰러 플라스틱제 매트리스 제조,32011,매트리스 및 침대 제조업,세세분류,MED,haeseolseo
"셀룰로오스 섬유 웨브, 충전제용 원지 제조",17106,위생용 원지 제조업,세세분류,MED,haeseolseo
셀룰로오스 섬유직물 직조,13213,화학섬유직물 직조업,세세분류,MED,haeseolseo
셀룰로오스 에테르 제조,20202,합성수지 및 기타 플라스틱 물질 제조업,세세분류,MED,haeseolseo
셀프 접착지 제조,17904,"적층, 합성 및 특수 표면처리 종이 제조업",세세분류,MED,haeseolseo
셔니일사 제조,13993,특수사 및 코드직물 제조업,세세분류,MED,haeseolseo
셔블 로우더 제조,29241,건설 및 채광용 기계장비 제조업,세세분류,MED,haeseolseo
소모직물 직조,13212,모직물 직조업,세세분류,MED,haeseolseo
소방선 제조,31113,기타 선박 건조업,세세분류,MED,haeseolseo
소방차 제조,30123,내연기관 화물자동차 및 특수목적용 자동차 제조업,세세분류,MED,haeseolseo
소방차 특장 제조,30201,차체 및 특장차 제조업,세세분류,MED,haeseolseo
소음기 제조,30399,그 외 자동차용 신품 부품 제조업,세세분류,MED,haeseolseo
소화기용 조제품 제조,20499,그 외 기타 분류 안된 화학제품 제조업,세세분류,MED,haeseolseo
소화용 분사기 제조,29192,분사기 및 소화기 제조업,세세분류,MED,haeseolseo
소화장치 보관용 금속제 상자 제조,25991,금속 캔 및 기타 포장용기 제조업,세세분류,MED,haeseolseo
손수건 제조,14499,그 외 기타 의복 액세서리 제조업,세세분류,MED,haeseolseo
손수레 제조,31999,그 외 기타 달리 분류되지 않은 운송장비 제조업,세세분류,MED,haeseolseo
손톱깎이 제조,25931,날붙이 제조업,세세분류,MED,haeseolseo
솔벤트 나프타 제조,20119,기타 기초 유기 화학물질 제조업,세세분류,MED,haeseolseo
"솜, 실 염색 및 정리 가공",13401,솜 및 실 염색 가공업,세세분류,MED,haeseolseo
송신기용 열전자관 제조,26299,그 외 기타 전자 부품 제조업,세세분류,MED,haeseolseo
솥뚜껑 제조,16291,목재 도구 및 주방용 나무제품 제조업,세세분류,MED,haeseolseo
쇄석 채굴 생산,07121,건설용 석재 채굴 및 쇄석 생산업,세세분류,MED,haeseolseo
쇼트닝 제조,10413,식용 정제유 및 가공유 제조업,세세분류,MED,haeseolseo
수동식 국수 절단기 및 압출기 제조,25992,수동식 식품 가공 기기 및 금속 주방용기 제조업,세세분류,MED,haeseolseo
수동식 식품 가공기 제조,25992,수동식 식품 가공 기기 및 금속 주방용기 제조업,세세분류,MED,haeseolseo
수동식 체 및 어레미 제조,33999,그 외 기타 달리 분류되지 않은 제품 제조업,세세분류,MED,haeseolseo
수력 터빈 제조,29119,기타 기관 및 터빈 제조업,세세분류,MED,haeseolseo
수렵용 무기 제조,25200,무기 및 총포탄 제조업,세세분류,MED,haeseolseo
수렵용구 제조,33303,낚시 및 수렵용구 제조업,세세분류,MED,haeseolseo
수산 동물 및 식물 종자생산,03213,수산물 부화 및 수산 종자 생산업,세세분류,MED,haeseolseo
수산 동물고기 혼합 추출물 엑스 제조,10896,건강 보조용 액화식품 제조업,세세분류,MED,haeseolseo
수산 연체동물 냉동품 생산,10213,수산동물 냉동품 제조업,세세분류,MED,haeseolseo
"수산동물 소건품, 자건품, 염건품, 동건품 제조",10212,수산동물 건조 및 염장품 제조업,세세분류,MED,haeseolseo
수산동물 염장,10212,수산동물 건조 및 염장품 제조업,세세분류,MED,haeseolseo
수산동물 유지 생산,10411,동물성 유지 제조업,세세분류,MED,haeseolseo
수산동물 통조림 제조,10211,"수산동물 훈제, 조리 및 유사 조제식품 제조업",세세분류,MED,haeseolseo
수산동물 훈제품 제조,10211,"수산동물 훈제, 조리 및 유사 조제식품 제조업",세세분류,MED,haeseolseo
수산화나트륨 제조,20129,기타 기초 무기화학 물질 제조업,세세분류,MED,haeseolseo
수상 구조물 제조,31113,기타 선박 건조업,세세분류,MED,haeseolseo
수상 부유 구조물 구성 부분품 제조,31114,선박 구성 부분품 제조업,세세분류,MED,haeseolseo
수상 부유 작업대 제조,31113,기타 선박 건조업,세세분류,MED,haeseolseo
수상 작업대 제조,31113,기타 선박 건조업,세세분류,MED,haeseolseo
수성 회구류 제조,20413,인쇄 잉크 및 회화용 물감 제조업,세세분류,MED,haeseolseo
수세미 제품 제조,16300,코르크 및 조물 제품 제조업,세세분류,MED,haeseolseo
수신관 제조,26299,그 외 기타 전자 부품 제조업,세세분류,MED,haeseolseo
수위 자동 조정 제어장치 제조,27215,기기용 자동 측정 및 제어장치 제조업,세세분류,MED,haeseolseo
수은 전지 제조,28201,일차전지 제조업,세세분류,MED,haeseolseo
수의용 가구 제조,27196,의료용 가구 제조업,세세분류,MED,haeseolseo
수정 진동자 제조,26129,기타 반도체 소자 제조업,세세분류,MED,haeseolseo
수지산 또는 식물성 피치 조제품 제조,20112,바이오매스계 기초 화학물질 제조업,세세분류,MED,haeseolseo
수지시멘트 제조,20411,일반용 도료 및 관련제품 제조업,세세분류,MED,haeseolseo
수지식 동력 구동공구 제조,29193,동력식 수지 공구 제조업,세세분류,MED,haeseolseo
수지식 전동공구 제조,29193,동력식 수지 공구 제조업,세세분류,MED,haeseolseo
수지식 확대경 제조,27309,기타 광학기기 및 사진기 제조업,세세분류,MED,haeseolseo
수치 제어반 제조,28123,배전반 및 전기 자동제어반 제조업,세세분류,MED,haeseolseo
수치 지도 제작,72922,제도업,세세분류,MED,haeseolseo
수혈 세트 및 수액 세트 제조,27199,그 외 기타 의료용 기기 제조업,세세분류,MED,haeseolseo
순두부 제조,10894,두부 및 유사 식품 제조업,세세분류,MED,haeseolseo
순수한 자당 제조,10810,설탕 제조업,세세분류,MED,haeseolseo
스마트 카드 리더 제조,26329,기타 주변 기기 제조업,세세분류,MED,haeseolseo
스마트 카드 제조,26292,전자저항기 및 전자카드 제조업,세세분류,MED,haeseolseo
스위치 제조,28121,"전기회로 개폐, 보호 장치 제조업",세세분류,MED,haeseolseo
스카프 및 숄 제조,14499,그 외 기타 의복 액세서리 제조업,세세분류,MED,haeseolseo
스캐너 제조,26329,기타 주변 기기 제조업,세세분류,MED,haeseolseo
스쿠알렌 제조,10897,건강 기능식품 제조업,세세분류,MED,haeseolseo
스크레이퍼 제조,29241,건설 및 채광용 기계장비 제조업,세세분류,MED,haeseolseo
스킵 호이스트 제조,29163,컨베이어 장치 제조업,세세분류,MED,haeseolseo
스탠드 제조,28422,일반용 전기 조명장치 제조업,세세분류,MED,haeseolseo
스테이션 왜건 제조,30121,내연기관 승용차 및 기타 여객용 자동차 제조,세세분류,MED,haeseolseo
스테인레스강 선 제조,24123,철강선 제조업,세세분류,MED,haeseolseo
스톤 네트 제조,23911,건설용 석제품 제조업,세세분류,MED,haeseolseo
스트렙토마이신 제조,21100,기초 의약 물질 제조업,세세분류,MED,haeseolseo
스트롱 박스 제조,25999,그 외 기타 분류 안된 금속 가공제품 제조업,세세분류,MED,haeseolseo
스티렌 중합체 제조,20202,합성수지 및 기타 플라스틱 물질 제조업,세세분류,MED,haeseolseo
스티렌-부타디엔 고무 제조,20201,합성고무 제조업,세세분류,MED,haeseolseo
스티로폼 제조,22251,폴리스티렌 발포 성형제품 제조업,세세분류,MED,haeseolseo
스티커 제조,17909,그 외 기타 종이 및 판지 제품 제조업,세세분류,MED,haeseolseo
스틸벤 염료 제조,20132,"염료, 조제 무기 안료, 유연제 및 기타 착색제 제조업",세세분류,MED,haeseolseo
스파게티 제조,10820,"면류, 마카로니 및 유사 식품 제조업",세세분류,MED,haeseolseo
스포츠 오락용 기계 제조,33409,기타 오락용품 제조업,세세분류,MED,haeseolseo
스프링 구동식 모터 제조,29119,기타 기관 및 터빈 제조업,세세분류,MED,haeseolseo
스프링 내장 매트리스 제조,32011,매트리스 및 침대 제조업,세세분류,MED,haeseolseo
스프링 보드 제조,33301,"체조, 육상 및 체력 단련용 장비 제조업",세세분류,MED,haeseolseo
스프링 제조,25943,금속 스프링 제조업,세세분류,MED,haeseolseo
스피커 제조,26529,기타 음향기기 제조업,세세분류,MED,haeseolseo
습도 조절장치 제조,27215,기기용 자동 측정 및 제어장치 제조업,세세분류,MED,haeseolseo
습도 측정장치 제조,27216,산업 처리공정 제어장비 제조업,세세분류,MED,haeseolseo
습식 복사기 제조,29180,사무용 기계 및 장비 제조업,세세분류,MED,haeseolseo
시각 신호용 기구 제조,28421,운송장비용 조명장치 제조업,세세분류,MED,haeseolseo
시계 부품 제조,27220,시계 및 시계 부품 제조업,세세분류,MED,haeseolseo
시계 작동부 제조,27220,시계 및 시계 부품 제조업,세세분류,MED,haeseolseo
시계 케이스 제조,27220,시계 및 시계 부품 제조업,세세분류,MED,haeseolseo
시계용 유리 제조,23129,기타 산업용 유리제품 제조업,세세분류,MED,haeseolseo
시력 교정용 안경 제조,27195,안경 및 안경렌즈 제조업,세세분류,MED,haeseolseo
시력 측정기 제조,27199,그 외 기타 의료용 기기 제조업,세세분류,MED,haeseolseo
시멘트 클링커 제조,23311,시멘트 제조업,세세분류,MED,haeseolseo
시추기 제조,29241,건설 및 채광용 기계장비 제조업,세세분류,MED,haeseolseo
시추대 및 기타 수상 부유 작업대용 철골 조립 구조재 제조,25114,수상 금속 골조 구조재 제조업,세세분류,MED,haeseolseo
식물성 기름에서 유도된 팩티스 제조,20201,합성고무 제조업,세세분류,MED,haeseolseo
식물성 알칼로이드 및 그 염 제조,21100,기초 의약 물질 제조업,세세분류,MED,haeseolseo
식물성 왁스 생산,10412,식물성 유지 제조업,세세분류,MED,haeseolseo
식물성 추출물 제조,20132,"염료, 조제 무기 안료, 유연제 및 기타 착색제 제조업",세세분류,MED,haeseolseo
식물성 혼합 유지 및 희석물 생산,10412,식물성 유지 제조업,세세분류,MED,haeseolseo
식사용 냉동 포장식품 제조,10709,기타 식사용 가공처리 조리식품 제조업,세세분류,MED,haeseolseo
식사용 음식 통조림 제조,10709,기타 식사용 가공처리 조리식품 제조업,세세분류,MED,haeseolseo
식사용 죽류 제조,10701,도시락류 제조업,세세분류,MED,haeseolseo
식수 정수장치 제조,29176,액체 여과기 제조업,세세분류,MED,haeseolseo
식용 가공유 생산,10413,식용 정제유 및 가공유 제조업,세세분류,MED,haeseolseo
식용 경화유 제조,10413,식용 정제유 및 가공유 제조업,세세분류,MED,haeseolseo
식용 어분 생산,10211,"수산동물 훈제, 조리 및 유사 조제식품 제조업",세세분류,MED,haeseolseo
식용 우뭇가사리 제조,10220,수산식물 가공 및 저장 처리업,세세분류,MED,haeseolseo
식이섬유 가공식품 제조,10897,건강 기능식품 제조업,세세분류,MED,haeseolseo
식자기 제조,29292,인쇄 및 제책용 기계 제조업,세세분류,MED,haeseolseo
식초 대용품 제조,10831,"식초, 발효 및 화학 조미료 제조업",세세분류,MED,haeseolseo
식탁보 제조,13221,침구 및 관련제품 제조업,세세분류,MED,haeseolseo
식탁용 유리제품 성형 제조,23191,가정용 유리제품 제조업,세세분류,MED,haeseolseo
식품 포장용 상자 제조,17223,식품 위생용 종이 상자 및 용기 제조업,세세분류,MED,haeseolseo
식품 포장용 종이용기 제조,17223,식품 위생용 종이 상자 및 용기 제조업,세세분류,MED,haeseolseo
식품용 가열 및 냉각기 제조,29242,광물 처리 및 취급장비 제조업,세세분류,MED,haeseolseo
식품용 그라인더 및 과즙기 제조,28511,주방용 전기 기기 제조업,세세분류,MED,haeseolseo
신발 갑피 제조,15220,신발 부분품 제조업,세세분류,MED,haeseolseo
신발 광택제 및 크림 제조,20424,표면 광택제 및 실내 가향제 제조업,세세분류,MED,haeseolseo
신발류 끈 제조,13229,기타 직물제품 제조업,세세분류,MED,haeseolseo
신사복 정장 제조,14111,남자용 겉옷 제조업,세세분류,MED,haeseolseo
신체 장애자용 운송장비 제조,31991,자전거 및 환자용 차량 제조업,세세분류,MED,haeseolseo
신호용 조명탄 제조,20494,화약 및 불꽃제품 제조업,세세분류,MED,haeseolseo
실내 게임용 기계 및 기구 제조,33409,기타 오락용품 제조업,세세분류,MED,haeseolseo
실내용 블라인드 제조,13223,커튼 및 유사 제품 제조업,세세분류,MED,haeseolseo
실리콘 트랜지스터 제조,26129,기타 반도체 소자 제조업,세세분류,MED,haeseolseo
실리콘 합금철 제조,24113,합금철 제조업,세세분류,MED,haeseolseo
실리콘수지 제조,20202,합성수지 및 기타 플라스틱 물질 제조업,세세분류,MED,haeseolseo
실린더 블록 및 헤드 제조,30310,자동차 엔진용 신품 부품 제조업,세세분류,MED,haeseolseo
실험 검사용 방사선 장치 제조,27111,방사선 장치 제조업,세세분류,MED,haeseolseo
실험 동물용 배합사료 제조,10902,배합사료 제조업,세세분류,MED,haeseolseo
실험실용 펌프 제조,29131,액체 펌프 제조업,세세분류,MED,haeseolseo
실험용 조류 사육,01239,기타 가금류 및 조류 사육업,세세분류,MED,haeseolseo
실험용 쥐 생산,01299,그 외 기타 축산업,세세분류,MED,haeseolseo
심리학적 적성 검사용 기 제조,27199,그 외 기타 의료용 기기 제조업,세세분류,MED,haeseolseo
심벌즈 제조,33209,기타 악기 및 전자 악기 제조업,세세분류,MED,haeseolseo
심전계 제조,27112,전기식 진단 및 요법 기기 제조업,세세분류,MED,haeseolseo
싱크대 제조,32021,주방용 및 음식점용 목재 가구 제조업,세세분류,MED,haeseolseo
쌀가루 생산,10512,곡물 제분업,세세분류,MED,haeseolseo
쌀과자 제조,10603,과자류 및 코코아 제품 제조업,세세분류,MED,haeseolseo
쌍안 확대경 제조,27309,기타 광학기기 및 사진기 제조업,세세분류,MED,haeseolseo
써머스터 제조,26292,전자저항기 및 전자카드 제조업,세세분류,MED,haeseolseo
쐐기 및 쐐기 고정 못 제조,25942,그 외 금속 파스너 및 나사제품 제조업,세세분류,MED,haeseolseo
아가바티 및 기타 분향 제조,20424,표면 광택제 및 실내 가향제 제조업,세세분류,MED,haeseolseo
아날로그 및 혼성 전자집적회로 제조,26112,비메모리용 및 기타 전자집적회로 제조업,세세분류,MED,haeseolseo
아라미드 합성섬유 제조,20501,합성섬유 제조업,세세분류,MED,haeseolseo
아미노산 및 단백질류 가공식품 제조,10897,건강 기능식품 제조업,세세분류,MED,haeseolseo
아미노산 제조,10831,"식초, 발효 및 화학 조미료 제조업",세세분류,MED,haeseolseo
아미노수지 제조,20202,합성수지 및 기타 플라스틱 물질 제조업,세세분류,MED,haeseolseo
아민 관능 화합물 제조,20119,기타 기초 유기 화학물질 제조업,세세분류,MED,haeseolseo
아바카사 제조,13109,기타 방적업,세세분류,MED,haeseolseo
아바카직물 직조,13219,특수직물 및 기타 직물 직조업,세세분류,MED,haeseolseo
아세테이트 섬유 제조,20502,재생 섬유 제조업,세세분류,MED,haeseolseo
아세틸렌 가스 제조,20122,"산소, 질소 및 기타 산업용 가스 제조업",세세분류,MED,haeseolseo
아세틸렌블랙 제조,20129,기타 기초 무기화학 물질 제조업,세세분류,MED,haeseolseo
아스파라거스 재배,01121,채소작물 재배업,세세분류,MED,haeseolseo
아스팔트 매스틱 제조,23991,아스팔트 콘크리트 및 혼합제품 제조업,세세분류,MED,haeseolseo
아스팔트 바닥 타일 제조,23999,그 외 기타 분류 안된 비금속 광물제품 제조업,세세분류,MED,haeseolseo
아스팔트 콘크리트 제조,23991,아스팔트 콘크리트 및 혼합제품 제조업,세세분류,MED,haeseolseo
"아연 봉, 프로파일 및 선, 판, 시트, 대 및 박 제조",24229,"기타 비철금속 압연, 압출 및 연신제품 제조업",세세분류,MED,haeseolseo
아이보리 판지 제조업,17105,크라프트지 및 기타 상자용 판지 제조업,세세분류,MED,haeseolseo
아이소프렌고무 제조,20201,합성고무 제조업,세세분류,MED,haeseolseo
아이스크림 제조,10422,아이스크림 및 기타 식용 빙과류 제조업,세세분류,MED,haeseolseo
아이스크림 조제기 제조,25992,수동식 식품 가공 기기 및 금속 주방용기 제조업,세세분류,MED,haeseolseo
"아일레팅기, 관상 리베팅기 제조",29299,그 외 기타 특수목적용 기계 제조업,세세분류,MED,haeseolseo
아케이드 게임기 제조,33402,영상게임기 제조업,세세분류,MED,haeseolseo
아코디언 제조,33209,기타 악기 및 전자 악기 제조업,세세분류,MED,haeseolseo
아크 램프 제조,28410,전구 및 램프 제조업,세세분류,MED,haeseolseo
아크릴 섬유 제조,20501,합성섬유 제조업,세세분류,MED,haeseolseo
아크릴 중합체 제조,20202,합성수지 및 기타 플라스틱 물질 제조업,세세분류,MED,haeseolseo
아크릴로니트릴-부타디엔고무 제조,20201,합성고무 제조업,세세분류,MED,haeseolseo
아크릴로니트릴-이소프렌 고무 제조,20201,합성고무 제조업,세세분류,MED,haeseolseo
아트지 원지 제조,17103,인쇄용 및 필기용 원지 제조업,세세분류,MED,haeseolseo
악기 케이스 제조,15129,가방 및 기타 보호용 케이스 제조업,세세분류,MED,haeseolseo
안경 케이스 제조,15129,가방 및 기타 보호용 케이스 제조업,세세분류,MED,haeseolseo
"안경렌즈, 콘택트 렌즈 제조",27195,안경 및 안경렌즈 제조업,세세분류,MED,haeseolseo
안경테 및 장착구 제조,27195,안경 및 안경렌즈 제조업,세세분류,MED,haeseolseo
안과용 기 제조,27199,그 외 기타 의료용 기기 제조업,세세분류,MED,haeseolseo
안전벨트 제조,30399,그 외 자동차용 신품 부품 제조업,세세분류,MED,haeseolseo
안전판 제조,27215,기기용 자동 측정 및 제어장치 제조업,세세분류,MED,haeseolseo
알기네이트 섬유 제조,20502,재생 섬유 제조업,세세분류,MED,haeseolseo
알긴산과 그 염 및 에스테르 제조,20202,합성수지 및 기타 플라스틱 물질 제조업,세세분류,MED,haeseolseo
"알데히드, 퀴논 관능 화합물 제조",20119,기타 기초 유기 화학물질 제조업,세세분류,MED,haeseolseo
알로에 가공품 제조,10897,건강 기능식품 제조업,세세분류,MED,haeseolseo
알루미나 시멘트 제조,23311,시멘트 제조업,세세분류,MED,haeseolseo
알루미나 제조,23212,부정형 내화 요업제품 제조업,세세분류,MED,haeseolseo
알루미늄 및 알루미늄 합금 반제품 제조,24222,"알루미늄 압연, 압출 및 연신제품 제조업",세세분류,MED,haeseolseo
"알루미늄 박판, 시트, 판, 대, 선, 봉, 바 및 관 제조",24222,"알루미늄 압연, 압출 및 연신제품 제조업",세세분류,MED,haeseolseo
알루미늄 원광을 제련한 알루미나 제조,24212,"알루미늄 제련, 정련 및 합금 제조업",세세분류,MED,haeseolseo
알루미늄 주물 주조,24321,알루미늄 주물 주조업,세세분류,MED,haeseolseo
알루미늄 합금 제조,24212,"알루미늄 제련, 정련 및 합금 제조업",세세분류,MED,haeseolseo
알루미늄 합금 주물 주조,24321,알루미늄 주물 주조업,세세분류,MED,haeseolseo
"알부민, 알부민산염 및 그 유도체 제조",20493,접착제 및 젤라틴 제조업,세세분류,MED,haeseolseo
알칼리 망가니즈 건전지 제조,28201,일차전지 제조업,세세분류,MED,haeseolseo
압력 측정장치 제조,27216,산업 처리공정 제어장비 제조업,세세분류,MED,haeseolseo
압전기용 석영 제조,20129,기타 기초 무기화학 물질 제조업,세세분류,MED,haeseolseo
압축 및 탄성 시험기 제조,27213,"물질 검사, 측정 및 분석 기구 제조업",세세분류,MED,haeseolseo
압축 점화식 내연기관 제조,30110,자동차용 엔진 제조업,세세분류,MED,haeseolseo
압축공기식 매트리스 제조,13224,"천막, 텐트 및 유사 제품 제조업",세세분류,MED,haeseolseo
압출 철강관 제조,24132,강관 제조업,세세분류,MED,haeseolseo
애니메이션 영화 제작,59112,애니메이션 영화 및 비디오물 제작업,세세분류,MED,haeseolseo
애완동물용 기호식품 제조,10901,반려동물용 사료 제조업,세세분류,MED,haeseolseo
액상 러스터 제조,20412,요업용 도포제 및 관련제품 제조업,세세분류,MED,haeseolseo
액체 분무용 기 제조,29192,분사기 및 소화기 제조업,세세분류,MED,haeseolseo
액체 연료 여과기 제조,29176,액체 여과기 제조업,세세분류,MED,haeseolseo
액체 정류기 제조,29177,"증류기, 열 교환기 및 가스 발생기 제조업",세세분류,MED,haeseolseo
액체 포장용기 제조,17223,식품 위생용 종이 상자 및 용기 제조업,세세분류,MED,haeseolseo
약품처리 목재 생산,16103,"목재 보존, 방부처리, 도장 및 유사 처리업",세세분류,MED,haeseolseo
"얇게 벗긴 감자 조각, 냉동 및 으깬 감자 제조",10302,과실 및 그 외 채소 절임식품 제조업,세세분류,MED,haeseolseo
양궁장비 제조,33309,기타 운동 및 경기용구 제조업,세세분류,MED,haeseolseo
양극활물질 제조,28202,운송장비용 이차전지 제조업,세세분류,MED,haeseolseo
양념 분쇄기 제조,25992,수동식 식품 가공 기기 및 금속 주방용기 제조업,세세분류,MED,haeseolseo
양봉용 기계 제조,29210,농업 및 임업용 기계 제조업,세세분류,MED,haeseolseo
양조용 기계 제조,29242,광물 처리 및 취급장비 제조업,세세분류,MED,haeseolseo
양탄자류 제조,13910,"카펫, 마루덮개 및 유사 제품 제조업",세세분류,MED,haeseolseo
양피지 가죽 제조,15110,모피 및 가죽 제조업,세세분류,MED,haeseolseo
어댑터 제조,28119,기타 전기 변환장치 제조업,세세분류,MED,haeseolseo
어란 및 간장 생산,10219,기타 수산동물 가공 및 저장 처리업,세세분류,MED,haeseolseo
어란 염장품 제조,10212,수산동물 건조 및 염장품 제조업,세세분류,MED,haeseolseo
어류 염장품 제조,10212,수산동물 건조 및 염장품 제조업,세세분류,MED,haeseolseo
어류 조미제품 제조,10211,"수산동물 훈제, 조리 및 유사 조제식품 제조업",세세분류,MED,haeseolseo
어류용 배합사료 제조,10902,배합사료 제조업,세세분류,MED,haeseolseo
어류의 간유 생산,10411,동물성 유지 제조업,세세분류,MED,haeseolseo
어묵 및 소시지 제조,10211,"수산동물 훈제, 조리 및 유사 조제식품 제조업",세세분류,MED,haeseolseo
"어선 및 어획물 가공용, 저장용 선박 제조",31111,강선 건조업,세세분류,MED,haeseolseo
에나멜 및 래커 제조,20411,일반용 도료 및 관련제품 제조업,세세분류,MED,haeseolseo
에어 해머 제조,29224,금속 성형기계 제조업,세세분류,MED,haeseolseo
에어로졸 치료기 제조,27199,그 외 기타 의료용 기기 제조업,세세분류,MED,haeseolseo
에어백 조립품 제조,30399,그 외 자동차용 신품 부품 제조업,세세분류,MED,haeseolseo
"에텔, 과산화알코올, 과산화에텔, 에폭시드아세탈 및 그 유도체 제조",20119,기타 기초 유기 화학물질 제조업,세세분류,MED,haeseolseo
에틸렌 중합체 제조,20202,합성수지 및 기타 플라스틱 물질 제조업,세세분류,MED,haeseolseo
에폭시 인쇄회로기판 제조,26222,경성 인쇄회로기판 제조업,세세분류,MED,haeseolseo
"에폭시, 페놀 동박 적층판 제조",26221,인쇄회로기판용 적층판 제조업,세세분류,MED,haeseolseo
에폭시수지 제조,20202,합성수지 및 기타 플라스틱 물질 제조업,세세분류,MED,haeseolseo
엑스선 검사용 조영제 제조,21309,그 외 기타 의료용품 및 의약 관련제품 제조업,세세분류,MED,haeseolseo
엑티노마이신 제조,21100,기초 의약 물질 제조업,세세분류,MED,haeseolseo
엔지니어링 플라스틱수지 제조,20202,합성수지 및 기타 플라스틱 물질 제조업,세세분류,MED,haeseolseo
엔진 부분품 제조,30310,자동차 엔진용 신품 부품 제조업,세세분류,MED,haeseolseo
엔진용 냉각장치 제조,30310,자동차 엔진용 신품 부품 제조업,세세분류,MED,haeseolseo
엠보싱 가공,18129,기타 인쇄관련 산업,세세분류,MED,haeseolseo
여객 운송용 특장차 제조,30201,차체 및 특장차 제조업,세세분류,MED,haeseolseo
여과기 제조,29175,기체 여과기 제조업,세세분류,MED,haeseolseo
여과용 종이제품 제조,17909,그 외 기타 종이 및 판지 제품 제조업,세세분류,MED,haeseolseo
여과지와 판지 제조,17109,기타 종이 및 판지 제조업,세세분류,MED,haeseolseo
여과포 제조,13999,그 외 기타 분류 안된 섬유제품 제조업,세세분류,MED,haeseolseo
여우 및 곰 사육,01299,그 외 기타 축산업,세세분류,MED,haeseolseo
"여자용 코트류, 바지류 제조",14112,여자용 겉옷 제조업,세세분류,MED,haeseolseo
역량계 제조,27213,"물질 검사, 측정 및 분석 기구 제조업",세세분류,MED,haeseolseo
역청 물질 혼합 블록제품 제조,23991,아스팔트 콘크리트 및 혼합제품 제조업,세세분류,MED,haeseolseo
역청 물질을 도포한 종이 및 판지 제조,17904,"적층, 합성 및 특수 표면처리 종이 제조업",세세분류,MED,haeseolseo
"연고, 패치, 스프레이 형태 의약품 제조",21212,합성의약품 및 기타 완제 의약품 제조업,세세분류,MED,haeseolseo
연료용 나무 생산,02020,벌목업,세세분류,MED,haeseolseo
연료용 석탄 가스 생산,35200,연료용 가스 제조 및 배관공급업,세세분류,MED,haeseolseo
연료용 혼합 가스 생산,35200,연료용 가스 제조 및 배관공급업,세세분류,MED,haeseolseo
연료유 제조,19210,원유 정제처리업,세세분류,MED,haeseolseo
연료탱크 제조,30399,그 외 자동차용 신품 부품 제조업,세세분류,MED,haeseolseo
연마용 수지석 제조,23992,연마재 제조업,세세분류,MED,haeseolseo
연마하지 않은 안경유리 제조,2312,산업용 유리 제조업,세분류,MED,haeseolseo
"연미복, 턱시도 등 예복 제조",14111,남자용 겉옷 제조업,세세분류,MED,haeseolseo
연삭기 및 평삭기 제조,29223,금속 절삭기계 제조업,세세분류,MED,haeseolseo
연소기가 장착된 산업용 노 및 오븐 제조,29150,"산업용 오븐, 노 및 노용 버너 제조업",세세분류,MED,haeseolseo
연탄 가스 배출기 제조,28519,기타 가정용 전기 기기 제조업,세세분류,MED,haeseolseo
연필 깎는 기계 제조,29180,사무용 기계 및 장비 제조업,세세분류,MED,haeseolseo
"열 강화유리, 화학 강화유리 제조",23112,안전유리 제조업,세세분류,MED,haeseolseo
열 교환장치 제조,29177,"증류기, 열 교환기 및 가스 발생기 제조업",세세분류,MED,haeseolseo
열간 스테인레스강 평판 제조,24121,열간 압연 및 압출제품 제조업,세세분류,MED,haeseolseo
"열간 압연, 압출 및 인발 철강 제조",24121,열간 압연 및 압출제품 제조업,세세분류,MED,haeseolseo
열간 철강 봉 제조,24121,열간 압연 및 압출제품 제조업,세세분류,MED,haeseolseo
열간 철강 형강 제조,24121,열간 압연 및 압출제품 제조업,세세분류,MED,haeseolseo
열간 합금강 평판 제조,24121,열간 압연 및 압출제품 제조업,세세분류,MED,haeseolseo
열식 복사기 제조,29180,사무용 기계 및 장비 제조업,세세분류,MED,haeseolseo
열식 살균장치 제조,29199,그 외 기타 일반목적용 기계 제조업,세세분류,MED,haeseolseo
열처리 강재 생산,24191,"도금, 착색 및 기타 표면 처리 강재 제조업",세세분류,MED,haeseolseo
열펌프 제조,29171,산업용 냉장 및 냉동장비 제조업,세세분류,MED,haeseolseo
염기성 제강 슬래그 가공품 제조,20313,유기질 비료 및 상토 제조업,세세분류,MED,haeseolseo
"염색 촉진 및 고착용 염색 캐리어, 드레싱 및 매염제 제조",20499,그 외 기타 분류 안된 화학제품 제조업,세세분류,MED,haeseolseo
염주 및 관련제품 제조,16299,그 외 기타 나무제품 제조업,세세분류,MED,haeseolseo
영사용 스크린 제조,27309,기타 광학기기 및 사진기 제조업,세세분류,MED,haeseolseo
영상변화관 제조,26299,그 외 기타 전자 부품 제조업,세세분류,MED,haeseolseo
영상증강관 제조,26299,그 외 기타 전자 부품 제조업,세세분류,MED,haeseolseo
영수증 용지 제조,17901,문구용 종이제품 제조업,세세분류,MED,haeseolseo
예술 복제품 제조,58190,기타 인쇄물 출판업,세세분류,MED,haeseolseo
예인선 및 푸셔 크라프트 제조,31111,강선 건조업,세세분류,MED,haeseolseo
오가피주 제조,11129,기타 증류주 및 합성주 제조업,세세분류,MED,haeseolseo
오락용 테이블 및 장비 제조,33409,기타 오락용품 제조업,세세분류,MED,haeseolseo
"오르간, 파이프 오르간 제조",33201,건반 악기 제조업,세세분류,MED,haeseolseo
오목판 인쇄,18113,오프셋 인쇄업,세세분류,MED,haeseolseo
오이피클 제조,10302,과실 및 그 외 채소 절임식품 제조업,세세분류,MED,haeseolseo
오징어채 제조,10219,기타 수산동물 가공 및 저장 처리업,세세분류,MED,haeseolseo
오토바이 제조,31921,모터사이클 제조업,세세분류,MED,haeseolseo
오프셋 인쇄용 기계 제조,29292,인쇄 및 제책용 기계 제조업,세세분류,MED,haeseolseo
"옥수수, 콩, 녹두 재배",01110,곡물 및 기타 식량작물 재배업,세세분류,MED,haeseolseo
온도 및 습도계 제조,27213,"물질 검사, 측정 및 분석 기구 제조업",세세분류,MED,haeseolseo
온도 변화에 반응하는 전기 저항기 제조,27216,산업 처리공정 제어장비 제조업,세세분류,MED,haeseolseo
온도 자동 조정장치 제조,27215,기기용 자동 측정 및 제어장치 제조업,세세분류,MED,haeseolseo
올레오유 생산,10411,동물성 유지 제조업,세세분류,MED,haeseolseo
"와이셔츠, 티셔츠 제조",14191,셔츠 및 블라우스 제조업,세세분류,MED,haeseolseo
와이어 하니스 제조,28303,절연 코드세트 및 기타 도체 제조업,세세분류,MED,haeseolseo
완구용 목제품 제조,33401,인형 및 장난감 제조업,세세분류,MED,haeseolseo
"완충기, 서스펜션 및 부분품 제조",30391,자동차용 신품 조향장치 및 현가장치 제조업,세세분류,MED,haeseolseo
왕복식 피스톤 내연기관 제조,30110,자동차용 엔진 제조업,세세분류,MED,haeseolseo
요업용 물감 제조,20412,요업용 도포제 및 관련제품 제조업,세세분류,MED,haeseolseo
요업용 프리트 제조,20412,요업용 도포제 및 관련제품 제조업,세세분류,MED,haeseolseo
용접 형강 제조,24199,그 외 기타 1차 철강 제조업,세세분류,MED,haeseolseo
우각유 및 그 분획물 생산,10411,동물성 유지 제조업,세세분류,MED,haeseolseo
우라늄 제련 및 정련,24219,"기타 비철금속 제련, 정련 및 합금 제조업",세세분류,MED,haeseolseo
우렁이 양식,03212,내수면 양식 어업,세세분류,MED,haeseolseo
우레인 및 그 유도체 제조,20119,기타 기초 유기 화학물질 제조업,세세분류,MED,haeseolseo
우레탄 스펀지 제조,22259,기타 플라스틱 발포 성형제품 제조업,세세분류,MED,haeseolseo
우마차 제조,31999,그 외 기타 달리 분류되지 않은 운송장비 제조업,세세분류,MED,haeseolseo
"우산, 양산, 지팡이 제조",33999,그 외 기타 달리 분류되지 않은 제품 제조업,세세분류,MED,haeseolseo
우의 및 방수복 제조,14199,그 외 기타 봉제의복 제조업,세세분류,MED,haeseolseo
우편물 처리기 제조,29180,사무용 기계 및 장비 제조업,세세분류,MED,haeseolseo
우편요금 계기 제조,29180,사무용 기계 및 장비 제조업,세세분류,MED,haeseolseo
우편함 및 우체통 제조,25991,금속 캔 및 기타 포장용기 제조업,세세분류,MED,haeseolseo
운동 경기용 보호 모자 제조,33309,기타 운동 및 경기용구 제조업,세세분류,MED,haeseolseo
운동용 선박 제조,31120,오락 및 스포츠용 보트 건조업,세세분류,MED,haeseolseo
"운동용 썰매, 스케이트 제조",33309,기타 운동 및 경기용구 제조업,세세분류,MED,haeseolseo
운동화 제조,15219,기타 신발 제조업,세세분류,MED,haeseolseo
운반용 목재 파렛트 제조,16231,목재 깔판류 및 기타 적재판 제조업,세세분류,MED,haeseolseo
운송용 썰매 제조,31999,그 외 기타 달리 분류되지 않은 운송장비 제조업,세세분류,MED,haeseolseo
운송장비 조립용 부분품 제조,22241,운송장비 조립용 플라스틱제품 제조업,세세분류,MED,haeseolseo
운송장비용 납축전지 제조,28202,운송장비용 이차전지 제조업,세세분류,MED,haeseolseo
운송장비용 니켈 수소 전지 제조,28202,운송장비용 이차전지 제조업,세세분류,MED,haeseolseo
운송장비용 니켈 카드뮴 전지 제조,28202,운송장비용 이차전지 제조업,세세분류,MED,haeseolseo
운송장비용 리튬 이온 이차전지 제조,28202,운송장비용 이차전지 제조업,세세분류,MED,haeseolseo
운송장비용 에어컨디셔너 및 공기 조절장치 제조,29173,운송장비용 공기 조화장치 제조업,세세분류,MED,haeseolseo
운송장비용 이차전지 격리판 제조,28202,운송장비용 이차전지 제조업,세세분류,MED,haeseolseo
운송장비용 조명 기구 제조,28421,운송장비용 조명장치 제조업,세세분류,MED,haeseolseo
운송장비용 항온 및 항습기 제조,29173,운송장비용 공기 조화장치 제조업,세세분류,MED,haeseolseo
운전대 및 운전 박스 제조,30391,자동차용 신품 조향장치 및 현가장치 제조업,세세분류,MED,haeseolseo
워드프로세싱기 제조,29180,사무용 기계 및 장비 제조업,세세분류,MED,haeseolseo
워크스테이션 제조,26310,컴퓨터 제조업,세세분류,MED,haeseolseo
워터 제트 절단기 제조,29221,전자 응용 절삭기계 제조업,세세분류,MED,haeseolseo
원심 분리기 제조,29199,그 외 기타 일반목적용 기계 제조업,세세분류,MED,haeseolseo
원심 청정기 제조,29199,그 외 기타 일반목적용 기계 제조업,세세분류,MED,haeseolseo
원심 펌프 제조,29131,액체 펌프 제조업,세세분류,MED,haeseolseo
원심식 의류 건조기 제조,29261,"산업용 섬유 세척, 염색, 정리 및 가공 기계 제조업",세세분류,MED,haeseolseo
"원피스, 스커트 제조",14112,여자용 겉옷 제조업,세세분류,MED,haeseolseo
웨이퍼 식각 및 현상기계 제조,29271,반도체 제조용 기계 제조업,세세분류,MED,haeseolseo
위생용 섬유 충전제품 제조,13999,그 외 기타 분류 안된 섬유제품 제조업,세세분류,MED,haeseolseo
위생용기 제조,23222,위생용 및 산업용 도자기 제조업,세세분류,MED,haeseolseo
위생용품 및 의료용품 제조,22193,고무 의류 및 기타 위생용 비경화 고무제품 제조업,세세분류,MED,haeseolseo
위성 항법장치 수신 기 제조,27211,"레이더, 항행용 무선 기기 및 측량 기구 제조업",세세분류,MED,haeseolseo
위스키 제조,11129,기타 증류주 및 합성주 제조업,세세분류,MED,haeseolseo
유기 및 무기질 비료 배합물 제조,20313,유기질 비료 및 상토 제조업,세세분류,MED,haeseolseo
유기 발광 다이오드 제조업,26121,발광 다이오드 제조업,세세분류,MED,haeseolseo
유기 혼합 용제 제조,20411,일반용 도료 및 관련제품 제조업,세세분류,MED,haeseolseo
유기질 비료 제조,20313,유기질 비료 및 상토 제조업,세세분류,MED,haeseolseo
유당 및 유당 시럽 제조,10421,액상 시유 및 기타 낙농제품 제조업,세세분류,MED,haeseolseo
유람용 보트 제조,31120,오락 및 스포츠용 보트 건조업,세세분류,MED,haeseolseo
유류 여과기 제조,29176,액체 여과기 제조업,세세분류,MED,haeseolseo
유리 및 다이아몬드 가공용 수공구 제조,25933,비동력식 수공구 제조업,세세분류,MED,haeseolseo
유리 앰플 제조,23192,포장용 유리용기 제조업,세세분류,MED,haeseolseo
유리병 및 유리제 마개류 제조,23192,포장용 유리용기 제조업,세세분류,MED,haeseolseo
"유리섬유 슬라이버, 로빙, 실, 솜 제조",2312,산업용 유리 제조업,세분류,MED,haeseolseo
유리제 비드 제조,23199,그 외 기타 유리제품 제조업,세세분류,MED,haeseolseo
유리제 소상 제조,23199,그 외 기타 유리제품 제조업,세세분류,MED,haeseolseo
유리제 안구 제조,23199,그 외 기타 유리제품 제조업,세세분류,MED,haeseolseo
"유리제 전자기기용, 전구 등 조명기기용 외피, 밸브와 튜브 제조",23129,기타 산업용 유리제품 제조업,세세분류,MED,haeseolseo
유모차 제조,31991,자전거 및 환자용 차량 제조업,세세분류,MED,haeseolseo
유선 영상 전신기 제조,26410,유선 통신장비 제조업,세세분류,MED,haeseolseo
유선 전신장치 제조,26410,유선 통신장비 제조업,세세분류,MED,haeseolseo
유선 전화기 세트 제조,26410,유선 통신장비 제조업,세세분류,MED,haeseolseo
유선 팩시밀리 제조,26410,유선 통신장비 제조업,세세분류,MED,haeseolseo
유성 회구류 제조,20413,인쇄 잉크 및 회화용 물감 제조업,세세분류,MED,haeseolseo
유아용 냅킨 제조,13999,그 외 기타 분류 안된 섬유제품 제조업,세세분류,MED,haeseolseo
유아용 의복 액세서리 제조,14194,유아용 의복 제조업,세세분류,MED,haeseolseo
유아용 의복 제조,14194,유아용 의복 제조업,세세분류,MED,haeseolseo
유압 모터 제조,29120,유압 기기 제조업,세세분류,MED,haeseolseo
"유압 밸브, 호스, 연결구 제조",29120,유압 기기 제조업,세세분류,MED,haeseolseo
유압 시스템 제조,29120,유압 기기 제조업,세세분류,MED,haeseolseo
유압 실린더 제조,29120,유압 기기 제조업,세세분류,MED,haeseolseo
유압 펌프 제조,29120,유압 기기 제조업,세세분류,MED,haeseolseo
유약용 화장토 제조,20412,요업용 도포제 및 관련제품 제조업,세세분류,MED,haeseolseo
유자 발효주 제조,11119,기타 발효주 제조업,세세분류,MED,haeseolseo
유전자치료제 제조,21211,생물 의약품 제조업,세세분류,MED,haeseolseo
유조선 제조,31111,강선 건조업,세세분류,MED,haeseolseo
유지 추출기계 제조,29242,광물 처리 및 취급장비 제조업,세세분류,MED,haeseolseo
유지작물 재배,01140,기타 작물 재배업,세세분류,MED,haeseolseo
유희용 카드 제조,33409,기타 오락용품 제조업,세세분류,MED,haeseolseo
유희용구 제조,33409,기타 오락용품 제조업,세세분류,MED,haeseolseo
유희장용품 제조,33999,그 외 기타 달리 분류되지 않은 제품 제조업,세세분류,MED,haeseolseo
육지 동물고기 건조,10129,육류 기타 가공 및 저장 처리업(가금류 제외),세세분류,MED,haeseolseo
육지 동물고기 분 및 조분 생산,10129,육류 기타 가공 및 저장 처리업(가금류 제외),세세분류,MED,haeseolseo
육지 동물고기 커틀릿 제조,10129,육류 기타 가공 및 저장 처리업(가금류 제외),세세분류,MED,haeseolseo
육지 동물고기 통조림 제조,10129,육류 기타 가공 및 저장 처리업(가금류 제외),세세분류,MED,haeseolseo
"육지 동물고기 햄, 소시지 제조",10129,육류 기타 가공 및 저장 처리업(가금류 제외),세세분류,MED,haeseolseo
육지 동물고기 혼합 추출물 엑스 제조,10896,건강 보조용 액화식품 제조업,세세분류,MED,haeseolseo
윤활유 기유 제조,19210,원유 정제처리업,세세분류,MED,haeseolseo
윤활유 제조,19221,윤활유 및 그리스 제조업,세세분류,MED,haeseolseo
음극활물질 제조,28202,운송장비용 이차전지 제조업,세세분류,MED,haeseolseo
음료용 및 향신용 작물 건조,10302,과실 및 그 외 채소 절임식품 제조업,세세분류,MED,haeseolseo
음료용 작물 시설재배,01159,기타 시설작물 재배업,세세분류,MED,haeseolseo
음료용 탄산가스 주입기 제조,29191,"용기 세척, 포장 및 충전기 제조업",세세분류,MED,haeseolseo
음성 주파수 변환용 전자 코일 제조,26293,"전자코일, 변성기 및 기타 전자 유도자 제조업",세세분류,MED,haeseolseo
음식폐기물 가공 단미사료 생산,10903,단미사료 및 기타 사료 제조업,세세분류,MED,haeseolseo
음향 신호장치 제조,28901,전기 경보 및 신호장치 제조업,세세분류,MED,haeseolseo
응집 석탄제품 제조,19100,코크스 및 연탄 제조업,세세분류,MED,haeseolseo
의료 마사지용 기 제조,27199,그 외 기타 의료용 기기 제조업,세세분류,MED,haeseolseo
의료용 가구 제조,27196,의료용 가구 제조업,세세분류,MED,haeseolseo
의료용 검사 램프 제조,27199,그 외 기타 의료용 기기 제조업,세세분류,MED,haeseolseo
"의료용, 이화학용 살균기 제조",27199,그 외 기타 의료용 기기 제조업,세세분류,MED,haeseolseo
의류 건조기 제조,28519,기타 가정용 전기 기기 제조업,세세분류,MED,haeseolseo
의류 및 의류 부속품 제조,22193,고무 의류 및 기타 위생용 비경화 고무제품 제조업,세세분류,MED,haeseolseo
의류 부분품 제조,14199,그 외 기타 봉제의복 제조업,세세분류,MED,haeseolseo
의류용 장식 못 제조,33991,단추 및 유사 파스너 제조업,세세분류,MED,haeseolseo
의복 액세서리 정리 및 마무리 가공,13409,섬유제품 기타 정리 및 마무리 가공업,세세분류,MED,haeseolseo
의복 액세서리류 염색 가공,13402,"직물, 편조 원단 및 의복류 염색 가공업",세세분류,MED,haeseolseo
의복 염색 가공,13402,"직물, 편조 원단 및 의복류 염색 가공업",세세분류,MED,haeseolseo
의복 정리 및 마무리 가공,13409,섬유제품 기타 정리 및 마무리 가공업,세세분류,MED,haeseolseo
의안용 세정액 제조,20423,화장품 제조업,세세분류,MED,haeseolseo
의약용 화합물 제조,21100,기초 의약 물질 제조업,세세분류,MED,haeseolseo
"의약품 등을 갖춘 구급상자, 구급대 제조",21309,그 외 기타 의료용품 및 의약 관련제품 제조업,세세분류,MED,haeseolseo
이너 튜브 제조,22110,고무 타이어 및 튜브 제조업,세세분류,MED,haeseolseo
이눌린 제조,10520,전분제품 및 당류 제조업,세세분류,MED,haeseolseo
이동 공작차 제조,30123,내연기관 화물자동차 및 특수목적용 자동차 제조업,세세분류,MED,haeseolseo
이동 방송차 제조,30123,내연기관 화물자동차 및 특수목적용 자동차 제조업,세세분류,MED,haeseolseo
이동식 계단 제조,29162,승강기 제조업,세세분류,MED,haeseolseo
이동식 보도 제조,29162,승강기 제조업,세세분류,MED,haeseolseo
이동식 사다리 제조,25999,그 외 기타 분류 안된 금속 가공제품 제조업,세세분류,MED,haeseolseo
이륜 자전거 및 기타 자전거 제조,31991,자전거 및 환자용 차량 제조업,세세분류,MED,haeseolseo
이미테이션 라드 생산,10413,식용 정제유 및 가공유 제조업,세세분류,MED,haeseolseo
이산화규소 제조,20129,기타 기초 무기화학 물질 제조업,세세분류,MED,haeseolseo
이산화황 제조,20129,기타 기초 무기화학 물질 제조업,세세분류,MED,haeseolseo
이상 나뉜 리벳) 제조,25999,그 외 기타 분류 안된 금속 가공제품 제조업,세세분류,MED,haeseolseo
이쑤시개 제조,16291,목재 도구 및 주방용 나무제품 제조업,세세분류,MED,haeseolseo
이어폰 및 확성기 제조,265,영상 및 음향 기기 제조업,소분류,MED,haeseolseo
"이어폰, 헤드폰 제조",26529,기타 음향기기 제조업,세세분류,MED,haeseolseo
이온교환수지 제조,20202,합성수지 및 기타 플라스틱 물질 제조업,세세분류,MED,haeseolseo
이온빔 응용 절삭기계 제조,29221,전자 응용 절삭기계 제조업,세세분류,MED,haeseolseo
이크 라이닝 및 패드 등) 제조,23999,그 외 기타 분류 안된 비금속 광물제품 제조업,세세분류,MED,haeseolseo
이화학용 가열기 제조,29150,"산업용 오븐, 노 및 노용 버너 제조업",세세분류,MED,haeseolseo
인공 경량 골재 제조,23999,그 외 기타 분류 안된 비금속 광물제품 제조업,세세분류,MED,haeseolseo
인공 보육기 제조,27112,전기식 진단 및 요법 기기 제조업,세세분류,MED,haeseolseo
인공 신장기용 투석기 제조,27199,그 외 기타 의료용 기기 제조업,세세분류,MED,haeseolseo
인공 장기 제조,27194,정형 외과용 및 신체 보정용 기기 제조업,세세분류,MED,haeseolseo
인공위성 제조,31311,"유인 항공기, 항공 우주선 및 보조장치 제조업",세세분류,MED,haeseolseo
인발재 제조,16102,표면 가공목재 및 특정 목적용 제재목 제조업,세세분류,MED,haeseolseo
인버터 제조,28119,기타 전기 변환장치 제조업,세세분류,MED,haeseolseo
인산질 비료 제조,2031,비료 및 질소 화합물 제조업,세분류,MED,haeseolseo
인삼 분말 제조,10895,인삼식품 제조업,세세분류,MED,haeseolseo
인삼 즙 및 주스 제조,10895,인삼식품 제조업,세세분류,MED,haeseolseo
"인삼, 홍삼, 엽록소, 클로렐라 함유 가공식품 제조",10897,건강 기능식품 제조업,세세분류,MED,haeseolseo
인삼드링크 제조,11209,기타 비알코올 음료 제조업,세세분류,MED,haeseolseo
인삼차 제조,10895,인삼식품 제조업,세세분류,MED,haeseolseo
인쇄 보조용 기계 제조,29292,인쇄 및 제책용 기계 제조업,세세분류,MED,haeseolseo
인쇄용 박엽지 원지 제조,17103,인쇄용 및 필기용 원지 제조업,세세분류,MED,haeseolseo
인쇄용 원지 제조,17103,인쇄용 및 필기용 원지 제조업,세세분류,MED,haeseolseo
인쇄용 잉크 제조,20413,인쇄 잉크 및 회화용 물감 제조업,세세분류,MED,haeseolseo
인쇄회로 사진원판 제조,26299,그 외 기타 전자 부품 제조업,세세분류,MED,haeseolseo
인쇄회로 조립품 제조,26224,전자 부품 실장기판 제조업,세세분류,MED,haeseolseo
인쇄회로기판 표면실장용 기계 제조,29299,그 외 기타 특수목적용 기계 제조업,세세분류,MED,haeseolseo
인스턴트 면류 제조,10820,"면류, 마카로니 및 유사 식품 제조업",세세분류,MED,haeseolseo
인스턴트 커리 제조,10832,천연 및 혼합 조제 조미료 제조업,세세분류,MED,haeseolseo
인조 미끼 제조,33303,낚시 및 수렵용구 제조업,세세분류,MED,haeseolseo
인조 섬유직물 직조,13213,화학섬유직물 직조업,세세분류,MED,haeseolseo
인조 커런덤제조,23999,그 외 기타 분류 안된 비금속 광물제품 제조업,세세분류,MED,haeseolseo
인조꿀 제조,10839,기타 식품 첨가물 제조업,세세분류,MED,haeseolseo
인조모피 제조,15110,모피 및 가죽 제조업,세세분류,MED,haeseolseo
인조섬유 방적사 제조,13103,화학섬유 방적업,세세분류,MED,haeseolseo
인체 보정기 제조,27194,정형 외과용 및 신체 보정용 기기 제조업,세세분류,MED,haeseolseo
인체 부분 제조,27194,정형 외과용 및 신체 보정용 기기 제조업,세세분류,MED,haeseolseo
인터폰 제조,26410,유선 통신장비 제조업,세세분류,MED,haeseolseo
인형 액세서리 제조,33401,인형 및 장난감 제조업,세세분류,MED,haeseolseo
인형극용 꼭두각시 제조,33401,인형 및 장난감 제조업,세세분류,MED,haeseolseo
"인형용 의류와 부속품, 신발과 모자 제조",33401,인형 및 장난감 제조업,세세분류,MED,haeseolseo
일반용 카메라 제조,27309,기타 광학기기 및 사진기 제조업,세세분류,MED,haeseolseo
임신 진단기 제조,27199,그 외 기타 의료용 기기 제조업,세세분류,MED,haeseolseo
임업용 묘목 생산,02011,임업용 종묘 생산업,세세분류,MED,haeseolseo
임업용 수공구 제조,25933,비동력식 수공구 제조업,세세분류,MED,haeseolseo
임업용 종자 생산,02011,임업용 종묘 생산업,세세분류,MED,haeseolseo
잉크 스탠드 제조,23229,기타 일반 도자기 제조업,세세분류,MED,haeseolseo
잉크제트 프린터 제조,26323,컴퓨터 프린터 제조업,세세분류,MED,haeseolseo
잎담배 재건조,12000,담배제품 제조업,세세분류,MED,haeseolseo
잎담배 재배,01140,기타 작물 재배업,세세분류,MED,haeseolseo
잎채소 재배,01121,채소작물 재배업,세세분류,MED,haeseolseo
자동 단층 촬영기 제조,27111,방사선 장치 제조업,세세분류,MED,haeseolseo
자동 도어 작동기 제조,29299,그 외 기타 특수목적용 기계 제조업,세세분류,MED,haeseolseo
자동 마그네틱 테이프 제조기 제조,29299,그 외 기타 특수목적용 기계 제조업,세세분류,MED,haeseolseo
자동 변속기 제조,30331,자동차용 신품 동력 전달장치 제조업,세세분류,MED,haeseolseo
자동 판매기 제조,29199,그 외 기타 일반목적용 기계 제조업,세세분류,MED,haeseolseo
자동개폐식 다이헤드 제조,29229,기타 가공 공작기계 제조업,세세분류,MED,haeseolseo
자동기록기용 종이제품 제조,17901,문구용 종이제품 제조업,세세분류,MED,haeseolseo
"자동차 도어, 천장, 트렁크 제조",30320,자동차 차체용 신품 부품 제조업,세세분류,MED,haeseolseo
자동차 백미러 제조,23119,기타 판유리 가공품 제조업,세세분류,MED,haeseolseo
자동차 브레이크 시험대 제조,27213,"물질 검사, 측정 및 분석 기구 제조업",세세분류,MED,haeseolseo
자동차 엔진 및 차체 재제조 부품 제조,30400,자동차 재제조 부품 제조업,세세분류,MED,haeseolseo
자동차 차체 제조,30201,차체 및 특장차 제조업,세세분류,MED,haeseolseo
자동차용 교류기 제조,30332,자동차용 신품 전기장치 제조업,세세분류,MED,haeseolseo
자동차용 발전기 제조,30332,자동차용 신품 전기장치 제조업,세세분류,MED,haeseolseo
자동차용 방열기 제조,30399,그 외 자동차용 신품 부품 제조업,세세분류,MED,haeseolseo
자동차용 보닛 제조,30320,자동차 차체용 신품 부품 제조업,세세분류,MED,haeseolseo
자동차용 브레이크 및 관련 부분품 제조,30392,자동차용 신품 제동장치 제조업,세세분류,MED,haeseolseo
자동차용 의자 및 관련 부품 제조,30393,자동차용 신품 의자 제조업,세세분류,MED,haeseolseo
자동차용 전자 제어식 제동장치 제조,30392,자동차용 신품 제동장치 제조업,세세분류,MED,haeseolseo
자동차용 조립 패널 제조,30320,자동차 차체용 신품 부품 제조업,세세분류,MED,haeseolseo
자동차용 크랭크 회전식 모터 제조,30332,자동차용 신품 전기장치 제조업,세세분류,MED,haeseolseo
자료 전사기 제조,26329,기타 주변 기기 제조업,세세분류,MED,haeseolseo
자물쇠 및 열쇠에 결합되는 유금 제조,25932,일반 철물 제조업,세세분류,MED,haeseolseo
자물쇠 제조,25932,일반 철물 제조업,세세분류,MED,haeseolseo
자수기 제조,29269,"기타 섬유, 의복 및 가죽 가공기계 제조업",세세분류,MED,haeseolseo
자수기용 바늘 및 부분품 제조,29269,"기타 섬유, 의복 및 가죽 가공기계 제조업",세세분류,MED,haeseolseo
자수사 제조,13104,연사 및 가공사 제조업,세세분류,MED,haeseolseo
자수용 재료 세트 생산,13222,자수제품 및 자수용 재료 제조업,세세분류,MED,haeseolseo
자영 산림 내에서 임업 부산물 생산,02012,육림업,세세분류,MED,haeseolseo
자외선 조사 기 제조,28909,그 외 기타 전기장비 제조업,세세분류,MED,haeseolseo
자전거용 조명장치 제조,28421,운송장비용 조명장치 제조업,세세분류,MED,haeseolseo
작물 배양 재배,01159,기타 시설작물 재배업,세세분류,MED,haeseolseo
작물재배와 축산 복합 생산,01300,작물재배 및 축산 복합농업,세세분류,MED,haeseolseo
잔디 깎는 기계 제조,29210,농업 및 임업용 기계 제조업,세세분류,MED,haeseolseo
잠망경 제조,27309,기타 광학기기 및 사진기 제조업,세세분류,MED,haeseolseo
장갑 차량 제조,31910,전투용 차량 제조업,세세분류,MED,haeseolseo
장갑류 제조,33309,기타 운동 및 경기용구 제조업,세세분류,MED,haeseolseo
장난감 악기 제조,33401,인형 및 장난감 제조업,세세분류,MED,haeseolseo
장비 등의 제조,39009,기타 환경 정화 및 복원업,세세분류,MED,haeseolseo
장식용 도자기제품 제조,23221,가정용 및 장식용 도자기 제조업,세세분류,MED,haeseolseo
장식용 목재 칼집 제조,16292,장식용 목제품 제조업,세세분류,MED,haeseolseo
장식용 밀랍 제품 제조,33932,전시용 모형 제조업,세세분류,MED,haeseolseo
장식용 석재 가공품 제조,23919,기타 석제품 제조업,세세분류,MED,haeseolseo
장식용 수지 제품 제조,33932,전시용 모형 제조업,세세분류,MED,haeseolseo
장식용 자수제품 제조,13222,자수제품 및 자수용 재료 제조업,세세분류,MED,haeseolseo
장식용 전구 제조,28410,전구 및 램프 제조업,세세분류,MED,haeseolseo
장식용 조명판 제조,28423,전시 및 광고용 조명장치 제조업,세세분류,MED,haeseolseo
장식용 천연검 제품 제조,33932,전시용 모형 제조업,세세분류,MED,haeseolseo
"장식품, 액세서리 등) 제조",33932,전시용 모형 제조업,세세분류,MED,haeseolseo
장착된 압전기 결정 소자 제조,26129,기타 반도체 소자 제조업,세세분류,MED,haeseolseo
장판지 제조,17903,벽지 및 장판지 제조업,세세분류,MED,haeseolseo
장품 등 특정 목적에 직접 사용될 수 있도록 가공된 기타 화학제 품 제조,19229,기타 석유 정제물 재처리업,세세분류,MED,haeseolseo
재단 및 인쇄물 기타 가공,18129,기타 인쇄관련 산업,세세분류,MED,haeseolseo
재단기 제조,29269,"기타 섬유, 의복 및 가죽 가공기계 제조업",세세분류,MED,haeseolseo
재료 시험기 제조,27213,"물질 검사, 측정 및 분석 기구 제조업",세세분류,MED,haeseolseo
재봉기 제조,29269,"기타 섬유, 의복 및 가죽 가공기계 제조업",세세분류,MED,haeseolseo
재봉기용 바늘 및 부분품 제조,29269,"기타 섬유, 의복 및 가죽 가공기계 제조업",세세분류,MED,haeseolseo
재생 그리스 제조,19221,윤활유 및 그리스 제조업,세세분류,MED,haeseolseo
재생 섬유직물 직조,13213,화학섬유직물 직조업,세세분류,MED,haeseolseo
재생 윤활유 제조,19221,윤활유 및 그리스 제조업,세세분류,MED,haeseolseo
재생 플라스틱 소재 물질 제조,20203,혼성 및 재생 플라스틱 소재 물질 제조업,세세분류,MED,haeseolseo
재생섬유 방적사 제조,13103,화학섬유 방적업,세세분류,MED,haeseolseo
재생셀룰로오스 제조,20202,합성수지 및 기타 플라스틱 물질 제조업,세세분류,MED,haeseolseo
재생용 유류 정제품 제조,19229,기타 석유 정제물 재처리업,세세분류,MED,haeseolseo
저마늄 다이오드 제조,26129,기타 반도체 소자 제조업,세세분류,MED,haeseolseo
저민 어육 생산,10219,기타 수산동물 가공 및 저장 처리업,세세분류,MED,haeseolseo
저울 추 및 부분품 제조,29199,그 외 기타 일반목적용 기계 제조업,세세분류,MED,haeseolseo
저항 검사기 제조,27212,"전자기 측정, 시험 및 분석 기구 제조업",세세분류,MED,haeseolseo
적재용 금속판 제조,25999,그 외 기타 분류 안된 금속 가공제품 제조업,세세분류,MED,haeseolseo
적재용 목재판 제조,16231,목재 깔판류 및 기타 적재판 제조업,세세분류,MED,haeseolseo
적층 목제품 제조,16229,기타 건축용 나무제품 제조업,세세분류,MED,haeseolseo
적층 제조장비 제조,29222,디지털 적층 성형기계 제조업,세세분류,MED,haeseolseo
전구 제조기 제조,29299,그 외 기타 특수목적용 기계 제조업,세세분류,MED,haeseolseo
전기 구급차 제조,30122,전기 승용차 및 기타 여객용 전기 자동차 제조업,세세분류,MED,haeseolseo
전기 구난차 제조,30124,전기 화물자동차 및 특수목적용 전기 자동차 제조업,세세분류,MED,haeseolseo
전기 그라인더 제조,29193,동력식 수지 공구 제조업,세세분류,MED,haeseolseo
전기 기중기차 제조,30124,전기 화물자동차 및 특수목적용 전기 자동차 제조업,세세분류,MED,haeseolseo
전기 다리미 제조,28519,기타 가정용 전기 기기 제조업,세세분류,MED,haeseolseo
전기 면도기 제조,28519,기타 가정용 전기 기기 제조업,세세분류,MED,haeseolseo
전기 모포 제조,28512,가정용 전기 난방기기 제조업,세세분류,MED,haeseolseo
전기 미용기 제조,28519,기타 가정용 전기 기기 제조업,세세분류,MED,haeseolseo
전기 보온밥솥 제조,28511,주방용 전기 기기 제조업,세세분류,MED,haeseolseo
전기 살포차 제조,30124,전기 화물자동차 및 특수목적용 전기 자동차 제조업,세세분류,MED,haeseolseo
전기 소방차 제조,30124,전기 화물자동차 및 특수목적용 전기 자동차 제조업,세세분류,MED,haeseolseo
전기 신호식 호출기 제조,28901,전기 경보 및 신호장치 제조업,세세분류,MED,haeseolseo
전기 애자 및 절연제품 제조,23222,위생용 및 산업용 도자기 제조업,세세분류,MED,haeseolseo
전기 영동용 기 제조,28909,그 외 기타 전기장비 제조업,세세분류,MED,haeseolseo
전기 요법용 기 제조,27112,전기식 진단 및 요법 기기 제조업,세세분류,MED,haeseolseo
전기 유도자 제조,28119,기타 전기 변환장치 제조업,세세분류,MED,haeseolseo
전기 이동 공작차 제조,30124,전기 화물자동차 및 특수목적용 전기 자동차 제조업,세세분류,MED,haeseolseo
전기 이동 방송차 제조,30124,전기 화물자동차 및 특수목적용 전기 자동차 제조업,세세분류,MED,haeseolseo
전기 이발기 제조,28519,기타 가정용 전기 기기 제조업,세세분류,MED,haeseolseo
전기 자동차인 스테이션 왜건 제조,30122,전기 승용차 및 기타 여객용 전기 자동차 제조업,세세분류,MED,haeseolseo
전기 자전거 제조,31922,개인용 전기식 이동수단 제조업,세세분류,MED,haeseolseo
전기 적산계기 제조,27214,속도계 및 적산계기 제조업,세세분류,MED,haeseolseo
전기 절연 가공지 제조,17904,"적층, 합성 및 특수 표면처리 종이 제조업",세세분류,MED,haeseolseo
전기 절연 도체 제조,28303,절연 코드세트 및 기타 도체 제조업,세세분류,MED,haeseolseo
전기 절연장비 제조,28902,전기용 탄소제품 및 절연제품 제조업,세세분류,MED,haeseolseo
전기 접속자 제조,28122,전기회로 접속장치 제조업,세세분류,MED,haeseolseo
전기 제어기 부분품 제조,28123,배전반 및 전기 자동제어반 제조업,세세분류,MED,haeseolseo
전기 축전기 제조,26291,전자 축전기 제조업,세세분류,MED,haeseolseo
전기 커넥터 제조,28122,전기회로 접속장치 제조업,세세분류,MED,haeseolseo
전기 콘크리트 믹서 운반차 제조,30124,전기 화물자동차 및 특수목적용 전기 자동차 제조업,세세분류,MED,haeseolseo
전기 터미널 제조,28122,전기회로 접속장치 제조업,세세분류,MED,haeseolseo
전기 토스터 제조,28511,주방용 전기 기기 제조업,세세분류,MED,haeseolseo
전기 톱 제조,29193,동력식 수지 공구 제조업,세세분류,MED,haeseolseo
전기 통신기 검사기 제조,27212,"전자기 측정, 시험 및 분석 기구 제조업",세세분류,MED,haeseolseo
전기량 검사 및 측정용 기 제조,27212,"전자기 측정, 시험 및 분석 기구 제조업",세세분류,MED,haeseolseo
전기식 난방기 제조,28512,가정용 전기 난방기기 제조업,세세분류,MED,haeseolseo
"전기식 벨, 초인종, 버저 제조",28901,전기 경보 및 신호장치 제조업,세세분류,MED,haeseolseo
전기식 오존 발생기 제조,28909,그 외 기타 전기장비 제조업,세세분류,MED,haeseolseo
전기식 완구 제조,33401,인형 및 장난감 제조업,세세분류,MED,haeseolseo
전기식 용접기 제조,28909,그 외 기타 전기장비 제조업,세세분류,MED,haeseolseo
전기용 도자기제품 제조,23222,위생용 및 산업용 도자기 제조업,세세분류,MED,haeseolseo
전기용 탄소 브러시 제조,28902,전기용 탄소제품 및 절연제품 제조업,세세분류,MED,haeseolseo
전기절연지 제조,17109,기타 종이 및 판지 제조업,세세분류,MED,haeseolseo
전단기 제조,29224,금속 성형기계 제조업,세세분류,MED,haeseolseo
전동 스케이트보드 제조,31922,개인용 전기식 이동수단 제조업,세세분류,MED,haeseolseo
전동 외륜/이륜보드 제조,31922,개인용 전기식 이동수단 제조업,세세분류,MED,haeseolseo
전동기 제조,28111,전동기 및 발전기 제조업,세세분류,MED,haeseolseo
전동이륜평행차 제조,31922,개인용 전기식 이동수단 제조업,세세분류,MED,haeseolseo
전동축 제조,29142,기어 및 동력전달장치 제조업,세세분류,MED,haeseolseo
전동킥보드 제조,31922,개인용 전기식 이동수단 제조업,세세분류,MED,haeseolseo
전동휠 제조,31922,개인용 전기식 이동수단 제조업,세세분류,MED,haeseolseo
전력 차단기 제조,28121,"전기회로 개폐, 보호 장치 제조업",세세분류,MED,haeseolseo
전류 조절기 제조,28119,기타 전기 변환장치 제조업,세세분류,MED,haeseolseo
전류 측정 및 검사기 제조,27212,"전자기 측정, 시험 및 분석 기구 제조업",세세분류,MED,haeseolseo
"전부가 유리로 된 애자, 전기 절연체 성형 제조",23129,기타 산업용 유리제품 제조업,세세분류,MED,haeseolseo
전분제 빈 캡슐 제조,10603,과자류 및 코코아 제품 제조업,세세분류,MED,haeseolseo
전압 조정기 제조,28112,변압기 제조업,세세분류,MED,haeseolseo
전압 측정 및 검사기 제조,27212,"전자기 측정, 시험 및 분석 기구 제조업",세세분류,MED,haeseolseo
전자 감지장치 제조,26294,전자 감지장치 제조업,세세분류,MED,haeseolseo
전자 레인지 제조,28511,주방용 전기 기기 제조업,세세분류,MED,haeseolseo
전자 변성기 제조,26293,"전자코일, 변성기 및 기타 전자 유도자 제조업",세세분류,MED,haeseolseo
전자 악기 제조,33209,기타 악기 및 전자 악기 제조업,세세분류,MED,haeseolseo
전자 유도자 제조,26293,"전자코일, 변성기 및 기타 전자 유도자 제조업",세세분류,MED,haeseolseo
전자 저항기 제조,26292,전자저항기 및 전자카드 제조업,세세분류,MED,haeseolseo
전자 접속자 제조,26299,그 외 기타 전자 부품 제조업,세세분류,MED,haeseolseo
전자 축전기 부분품 제조,26291,전자 축전기 제조업,세세분류,MED,haeseolseo
전자 축전기 제조,26291,전자 축전기 제조업,세세분류,MED,haeseolseo
전자계산기 제조,29180,사무용 기계 및 장비 제조업,세세분류,MED,haeseolseo
전자공업용 화학 원소 및 화합물 제조,20499,그 외 기타 분류 안된 화학제품 제조업,세세분류,MED,haeseolseo
전자기용 세라믹제품 제조,23222,위생용 및 산업용 도자기 제조업,세세분류,MED,haeseolseo
전자빔 응용 절삭기계 제조,29221,전자 응용 절삭기계 제조업,세세분류,MED,haeseolseo
전자석 제조,28909,그 외 기타 전기장비 제조업,세세분류,MED,haeseolseo
전자시계 제조,27220,시계 및 시계 부품 제조업,세세분류,MED,haeseolseo
전자식 모의 훈련 기 제조,29299,그 외 기타 특수목적용 기계 제조업,세세분류,MED,haeseolseo
전자오락실 게임장비 제조,33402,영상게임기 제조업,세세분류,MED,haeseolseo
전자집적회로 자장 카드 제조,26292,전자저항기 및 전자카드 제조업,세세분류,MED,haeseolseo
전자집적회로 제조,2611,전자집적회로 제조업,세분류,MED,haeseolseo
전자총 제조,26299,그 외 기타 전자 부품 제조업,세세분류,MED,haeseolseo
전지분유 제조,10421,액상 시유 및 기타 낙농제품 제조업,세세분류,MED,haeseolseo
전철기 제조,31202,철도 차량 부품 및 관련 장치물 제조업,세세분류,MED,haeseolseo
전통 민속복 제조,14130,한복 제조업,세세분류,MED,haeseolseo
전투식량용 곡물 가공품 제조,10519,기타 곡물 가공품 제조업,세세분류,MED,haeseolseo
전화당 제조,10810,설탕 제조업,세세분류,MED,haeseolseo
절구통 및 절굿공이 제조,16291,목재 도구 및 주방용 나무제품 제조업,세세분류,MED,haeseolseo
절단 철강 판재 생산,24199,그 외 기타 1차 철강 제조업,세세분류,MED,haeseolseo
절단가공 철강재 생산,24199,그 외 기타 1차 철강 제조업,세세분류,MED,haeseolseo
절연 광섬유 케이블 제조,28301,광섬유 케이블 제조업,세세분류,MED,haeseolseo
절연 금속 케이블 제조,28302,기타 절연선 및 케이블 제조업,세세분류,MED,haeseolseo
절연 금속선 제조,28302,기타 절연선 및 케이블 제조업,세세분류,MED,haeseolseo
절연 또는 보호 재료 피복기 제조,29299,그 외 기타 특수목적용 기계 제조업,세세분류,MED,haeseolseo
절연 피복 광섬유 제조,28301,광섬유 케이블 제조업,세세분류,MED,haeseolseo
절연대 제조,28303,절연 코드세트 및 기타 도체 제조업,세세분류,MED,haeseolseo
절연재료가 결합된 전선용 도관 및 그 연결구류 제조,28902,전기용 탄소제품 및 절연제품 제조업,세세분류,MED,haeseolseo
절연체 및 절연 부착물 제조,28902,전기용 탄소제품 및 절연제품 제조업,세세분류,MED,haeseolseo
절화용 화초 재배,01122,화훼작물 재배업,세세분류,MED,haeseolseo
점토 바닥 벽돌 및 블록 제조,23231,"점토 벽돌, 블록 및 유사 비내화 요업제품 제조업",세세분류,MED,haeseolseo
점토 벽돌 및 블록 제조,23231,"점토 벽돌, 블록 및 유사 비내화 요업제품 제조업",세세분류,MED,haeseolseo
점토 시멘트 제조,23311,시멘트 제조업,세세분류,MED,haeseolseo
점화 배선 제조,30332,자동차용 신품 전기장치 제조업,세세분류,MED,haeseolseo
점화 플러그 제조,30332,자동차용 신품 전기장치 제조업,세세분류,MED,haeseolseo
점화기 제조,20494,화약 및 불꽃제품 제조업,세세분류,MED,haeseolseo
접속자가 부착된 전선 제조,28303,절연 코드세트 및 기타 도체 제조업,세세분류,MED,haeseolseo
접수 및 삽수 묘목 생산,01123,종자 및 묘목 생산업,세세분류,MED,haeseolseo
접시 세척기 제조,28511,주방용 전기 기기 제조업,세세분류,MED,haeseolseo
접착 섬유테이프 제조,13994,표면처리 및 적층 직물 제조업,세세분류,MED,haeseolseo
접착용 비닐테이프 제조,22291,플라스틱 접착처리 제품 제조업,세세분류,MED,haeseolseo
접착지 절단품 제조,17901,문구용 종이제품 제조업,세세분류,MED,haeseolseo
접착지와 판지 제조,17904,"적층, 합성 및 특수 표면처리 종이 제조업",세세분류,MED,haeseolseo
젓갈 조미제품 제조,10211,"수산동물 훈제, 조리 및 유사 조제식품 제조업",세세분류,MED,haeseolseo
정류기 제조,29177,"증류기, 열 교환기 및 가스 발생기 제조업",세세분류,MED,haeseolseo
정밀 강 주물 주조,24312,강 주물 주조업,세세분류,MED,haeseolseo
정밀 선철 주물 주조,24311,선철 주물 주조업,세세분류,MED,haeseolseo
정밀 합금강 주물 주조,24312,강 주물 주조업,세세분류,MED,haeseolseo
정밀 합금철 주물 주조,24311,선철 주물 주조업,세세분류,MED,haeseolseo
정수기 제조,29176,액체 여과기 제조업,세세분류,MED,haeseolseo
정원수 재배,01122,화훼작물 재배업,세세분류,MED,haeseolseo
정유 수성 증류액 및 용액 제조,20499,그 외 기타 분류 안된 화학제품 제조업,세세분류,MED,haeseolseo
정유 테르펜계 화합물 제조,20499,그 외 기타 분류 안된 화학제품 제조업,세세분류,MED,haeseolseo
정유 혼합물 제조,20499,그 외 기타 분류 안된 화학제품 제조업,세세분류,MED,haeseolseo
정제한 황 제조,20129,기타 기초 무기화학 물질 제조업,세세분류,MED,haeseolseo
정타기 제조,29193,동력식 수지 공구 제조업,세세분류,MED,haeseolseo
정형 스티로폼 제품 제조,22251,폴리스티렌 발포 성형제품 제조업,세세분류,MED,haeseolseo
"제, 부식 방지제 제조",20499,그 외 기타 분류 안된 화학제품 제조업,세세분류,MED,haeseolseo
제과 및 제빵용 가루반죽 제조,10513,곡물 혼합 분말 및 반죽 제조업,세세분류,MED,haeseolseo
제도용 계산용구 제조,27219,"기타 측정, 시험, 항해, 제어 및 정밀 기기 제조업",세세분류,MED,haeseolseo
제동장치 및 부분품 제조,30392,자동차용 신품 제동장치 제조업,세세분류,MED,haeseolseo
"제무기, 제상기, 와이퍼 제조",30332,자동차용 신품 전기장치 제조업,세세분류,MED,haeseolseo
제본기 제조,29292,인쇄 및 제책용 기계 제조업,세세분류,MED,haeseolseo
제분용 기계 제조,29242,광물 처리 및 취급장비 제조업,세세분류,MED,haeseolseo
제지용 직물 및 펠트 제조,13999,그 외 기타 분류 안된 섬유제품 제조업,세세분류,MED,haeseolseo
제책용 재봉기 제조,29292,인쇄 및 제책용 기계 제조업,세세분류,MED,haeseolseo
제판용 기계 제조,29292,인쇄 및 제책용 기계 제조업,세세분류,MED,haeseolseo
제판용 롤러 제조,33993,비 및 솔 제조업,세세분류,MED,haeseolseo
제품 부조화 검사기 제조,27213,"물질 검사, 측정 및 분석 기구 제조업",세세분류,MED,haeseolseo
젤라틴 캡슐 제조,20493,접착제 및 젤라틴 제조업,세세분류,MED,haeseolseo
젤라틴제 이쑤시개 제조,33999,그 외 기타 달리 분류되지 않은 제품 제조업,세세분류,MED,haeseolseo
조각용 재료 가공품 제조,33932,전시용 모형 제조업,세세분류,MED,haeseolseo
조개탄 제조,19100,코크스 및 연탄 제조업,세세분류,MED,haeseolseo
조란 껍질 제거제품 생산,10899,그 외 기타 식료품 제조업,세세분류,MED,haeseolseo
조류 유인용구 제조,33303,낚시 및 수렵용구 제조업,세세분류,MED,haeseolseo
조립된 애자 제조,28902,전기용 탄소제품 및 절연제품 제조업,세세분류,MED,haeseolseo
조립된 자동차용 섀시 프레임 제조,30399,그 외 자동차용 신품 부품 제조업,세세분류,MED,haeseolseo
조립된 철도 궤도 및 철도 연결 부착물 제조,25999,그 외 기타 분류 안된 금속 가공제품 제조업,세세분류,MED,haeseolseo
조립식 완구 제조,33401,인형 및 장난감 제조업,세세분류,MED,haeseolseo
조립식 철골제 수문 제조,25113,육상 금속 골조 구조재 제조업,세세분류,MED,haeseolseo
조립용 키트 제조,33401,인형 및 장난감 제조업,세세분류,MED,haeseolseo
조명 광고판 제조,28423,전시 및 광고용 조명장치 제조업,세세분류,MED,haeseolseo
조명 네임 플레이트 제조,28423,전시 및 광고용 조명장치 제조업,세세분류,MED,haeseolseo
조물재료용 작물 재배,01140,기타 작물 재배업,세세분류,MED,haeseolseo
조미 구운김 제조,10220,수산식물 가공 및 저장 처리업,세세분류,MED,haeseolseo
조미 해조류 제조,10220,수산식물 가공 및 저장 처리업,세세분류,MED,haeseolseo
조미료 제조,10831,"식초, 발효 및 화학 조미료 제조업",세세분류,MED,haeseolseo
조미하지 않은 젓갈류 제조,10212,수산동물 건조 및 염장품 제조업,세세분류,MED,haeseolseo
조수모사 제조,13102,모 방적업,세세분류,MED,haeseolseo
조수모직물 직조,13212,모직물 직조업,세세분류,MED,haeseolseo
조원용 풀 재배,01122,화훼작물 재배업,세세분류,MED,haeseolseo
조정기 등 터빈 부분품 제조,29119,기타 기관 및 터빈 제조업,세세분류,MED,haeseolseo
조제 그리스 제조,20499,그 외 기타 분류 안된 화학제품 제조업,세세분류,MED,haeseolseo
조제 베이킹파우더 제조,10839,기타 식품 첨가물 제조업,세세분류,MED,haeseolseo
조제 보조사료 제조,10903,단미사료 및 기타 사료 제조업,세세분류,MED,haeseolseo
조제 수프 제조,10893,수프 및 균질화식품 제조업,세세분류,MED,haeseolseo
조제 연마페이스트 제조,20424,표면 광택제 및 실내 가향제 제조업,세세분류,MED,haeseolseo
조제 유기 과산화물 제조,20499,그 외 기타 분류 안된 화학제품 제조업,세세분류,MED,haeseolseo
조제 절삭제 제조,20499,그 외 기타 분류 안된 화학제품 제조업,세세분류,MED,haeseolseo
조제한 겨자 제조,10832,천연 및 혼합 조제 조미료 제조업,세세분류,MED,haeseolseo
조형용 페이스트 제조,20499,그 외 기타 분류 안된 화학제품 제조업,세세분류,MED,haeseolseo
종이 라벨 제조,17909,그 외 기타 종이 및 판지 제품 제조업,세세분류,MED,haeseolseo
종이 봉지 제조,17221,종이 포대 및 가방 제조업,세세분류,MED,haeseolseo
종이 상자 제조,17229,기타 종이 상자 및 용기 제조업,세세분류,MED,haeseolseo
종이 쇼핑백 제조,17221,종이 포대 및 가방 제조업,세세분류,MED,haeseolseo
"종이 수저, 접시, 컵 및 유사제품 제조",17909,그 외 기타 종이 및 판지 제품 제조업,세세분류,MED,haeseolseo
종이 식품백 제조,17221,종이 포대 및 가방 제조업,세세분류,MED,haeseolseo
종이 신발 제조,15219,기타 신발 제조업,세세분류,MED,haeseolseo
종이 완성 가공기 제조,29299,그 외 기타 특수목적용 기계 제조업,세세분류,MED,haeseolseo
종이 용기 제조,17229,기타 종이 상자 및 용기 제조업,세세분류,MED,haeseolseo
종이 의복백 제조,17221,종이 포대 및 가방 제조업,세세분류,MED,haeseolseo
종이 제조 및 가공기 제조,29299,그 외 기타 특수목적용 기계 제조업,세세분류,MED,haeseolseo
종이 필터 제조,17909,그 외 기타 종이 및 판지 제품 제조업,세세분류,MED,haeseolseo
"종이, 판지제품 제조기 제조",29299,그 외 기타 특수목적용 기계 제조업,세세분류,MED,haeseolseo
종이실 제조,13109,기타 방적업,세세분류,MED,haeseolseo
주 기억 장치 제조,26321,기억 장치 제조업,세세분류,MED,haeseolseo
주름처리 강재 생산,24191,"도금, 착색 및 기타 표면 처리 강재 제조업",세세분류,MED,haeseolseo
주문형 응용 소프트웨어 제작,62010,컴퓨터 프로그래밍 서비스업,세세분류,MED,haeseolseo
주방 가구 제조,32021,주방용 및 음식점용 목재 가구 제조업,세세분류,MED,haeseolseo
주사기 및 주사 바늘 제조,27199,그 외 기타 의료용 기기 제조업,세세분류,MED,haeseolseo
주석 관 및 관 연결구류 제조,24229,"기타 비철금속 압연, 압출 및 연신제품 제조업",세세분류,MED,haeseolseo
"주석 판, 시트, 대 및 박 제조",24229,"기타 비철금속 압연, 압출 및 연신제품 제조업",세세분류,MED,haeseolseo
주소 인쇄기 제조,29180,사무용 기계 및 장비 제조업,세세분류,MED,haeseolseo
주철 중공 프로파일 제조,24131,주철관 제조업,세세분류,MED,haeseolseo
주철관 연결구류 제조,24131,주철관 제조업,세세분류,MED,haeseolseo
주형 베이스 제조,29293,주형 및 금형 제조업,세세분류,MED,haeseolseo
주형 틀 제조,29293,주형 및 금형 제조업,세세분류,MED,haeseolseo
준설선 제조,31113,기타 선박 건조업,세세분류,MED,haeseolseo
줄 및 유사 공구 제조,25933,비동력식 수공구 제조업,세세분류,MED,haeseolseo
줄기 및 뿌리 분쇄물 생산,10512,곡물 제분업,세세분류,MED,haeseolseo
줄사다리 제조,13922,어망 및 기타 끈 가공품 제조업,세세분류,MED,haeseolseo
중고 철강관 재생 인발제품 제조,24133,강관 가공품 및 관 연결구류 제조업,세세분류,MED,haeseolseo
중량 측정기 제조,29199,그 외 기타 일반목적용 기계 제조업,세세분류,MED,haeseolseo
중앙난방용 보일러 제조,25121,산업용 난방보일러 및 방열기 제조업,세세분류,MED,haeseolseo
중앙난방용 저압 증기보일러 제조,25121,산업용 난방보일러 및 방열기 제조업,세세분류,MED,haeseolseo
중앙통제실 전송용 도난 및 화재 유선 경보시스템 제조,26410,유선 통신장비 제조업,세세분류,MED,haeseolseo
중유 및 벙커C유 제조,19210,원유 정제처리업,세세분류,MED,haeseolseo
중형 및 대형 컴퓨터 제조,26310,컴퓨터 제조업,세세분류,MED,haeseolseo
쥬트 라이너 제조,17104,골판지 원지 제조업,세세분류,MED,haeseolseo
증기 기관 제조,29119,기타 기관 및 터빈 제조업,세세분류,MED,haeseolseo
증기 또는 모래 분사기 제조,29192,분사기 및 소화기 제조업,세세분류,MED,haeseolseo
증기 발생 보일러 보조 장치 및 부분품 제조,25130,핵반응기 및 증기보일러 제조업,세세분류,MED,haeseolseo
증기 원동기용 응축기 보조 장치 제조,25130,핵반응기 및 증기보일러 제조업,세세분류,MED,haeseolseo
증기 원동기용 응축기 제조,25130,핵반응기 및 증기보일러 제조업,세세분류,MED,haeseolseo
증기 터빈 제조,29119,기타 기관 및 터빈 제조업,세세분류,MED,haeseolseo
"증류 및 배양 플라스크, 눈금 있는 항아리, 증발 접시 제조",23129,기타 산업용 유리제품 제조업,세세분류,MED,haeseolseo
증류기 제조,29177,"증류기, 열 교환기 및 가스 발생기 제조업",세세분류,MED,haeseolseo
증폭관 제조,26299,그 외 기타 전자 부품 제조업,세세분류,MED,haeseolseo
지 않은 부직포형 제품 제조,2312,산업용 유리 제조업,세분류,MED,haeseolseo
지게차 제조,29161,산업용 트럭 및 적재기 제조업,세세분류,MED,haeseolseo
지붕용 패널 제조,16229,기타 건축용 나무제품 제조업,세세분류,MED,haeseolseo
지상 비행훈련 장치 제조,31311,"유인 항공기, 항공 우주선 및 보조장치 제조업",세세분류,MED,haeseolseo
지우개 제조,22199,그 외 기타 고무제품 제조업,세세분류,MED,haeseolseo
지형 원지 제조,17109,기타 종이 및 판지 제조업,세세분류,MED,haeseolseo
직류 겸용 전동기 제조,28111,전동기 및 발전기 제조업,세세분류,MED,haeseolseo
직류 발전기 제조,28111,전동기 및 발전기 제조업,세세분류,MED,haeseolseo
직물 및 편물 원단 염색 가공,13402,"직물, 편조 원단 및 의복류 염색 가공업",세세분류,MED,haeseolseo
직물 및 편물 원단 정리 가공,13402,"직물, 편조 원단 및 의복류 염색 가공업",세세분류,MED,haeseolseo
직물 및 편조 원단 정리 및 마무리 가공,13409,섬유제품 기타 정리 및 마무리 가공업,세세분류,MED,haeseolseo
직물 절단기 제조,29261,"산업용 섬유 세척, 염색, 정리 및 가공 기계 제조업",세세분류,MED,haeseolseo
직물제 마스크 제조,13229,기타 직물제품 제조업,세세분류,MED,haeseolseo
직물포대 제조,13225,직물포대 제조업,세세분류,MED,haeseolseo
진공 청소기 및 마루 광택기 제조,28519,기타 가정용 전기 기기 제조업,세세분류,MED,haeseolseo
진공 펌프 제조,29132,기체 펌프 및 압축기 제조업,세세분류,MED,haeseolseo
진동검사기 제조,27213,"물질 검사, 측정 및 분석 기구 제조업",세세분류,MED,haeseolseo
"질산, 암모니아, 요소, 황산암모늄, 질산칼륨 제조",2031,비료 및 질소 화합물 제조업,세분류,MED,haeseolseo
질소 관능 화합물 제조,20119,기타 기초 유기 화학물질 제조업,세세분류,MED,haeseolseo
질소 화합물 제조,2031,비료 및 질소 화합물 제조업,세분류,MED,haeseolseo
"질소, 아르곤, 네온 가스 제조",20122,"산소, 질소 및 기타 산업용 가스 제조업",세세분류,MED,haeseolseo
질소질 비료 제조,2031,비료 및 질소 화합물 제조업,세분류,MED,haeseolseo
집단급식용 식사 제조,10701,도시락류 제조업,세세분류,MED,haeseolseo
집진기 제조,29175,기체 여과기 제조업,세세분류,MED,haeseolseo
찐 곡물 제조,10519,기타 곡물 가공품 제조업,세세분류,MED,haeseolseo
차 농축물 및 추출물 제조,10892,차류 가공업,세세분류,MED,haeseolseo
차단용 또는 갱도 받침용 지주 및 유사 기구 제조,25113,육상 금속 골조 구조재 제조업,세세분류,MED,haeseolseo
차량용 문짝 제조,30320,자동차 차체용 신품 부품 제조업,세세분류,MED,haeseolseo
차량용 전압 조절기 제조,30332,자동차용 신품 전기장치 제조업,세세분류,MED,haeseolseo
차량용 컨테이너 제조,30203,트레일러 및 세미 트레일러 제조업,세세분류,MED,haeseolseo
차류 조제품 제조,10892,차류 가공업,세세분류,MED,haeseolseo
차원료 생산,38322,비금속류 원료 재생업,세세분류,MED,haeseolseo
"착색 유리, 코팅 유리, 곡유리 제조",23119,기타 판유리 가공품 제조업,세세분류,MED,haeseolseo
착암기 제조,29193,동력식 수지 공구 제조업,세세분류,MED,haeseolseo
착유기 제조,29210,농업 및 임업용 기계 제조업,세세분류,MED,haeseolseo
착화탄 제조,33992,"라이터, 연소물 및 흡연용품 제조업",세세분류,MED,haeseolseo
"참외, 수박 및 멜론, 딸기, 토마토 등 과일채소 재배",01121,채소작물 재배업,세세분류,MED,haeseolseo
창문 및 문틀 제조,22223,플라스틱 창호 제조업,세세분류,MED,haeseolseo
창문용 투명 무늬지 제조,17903,벽지 및 장판지 제조업,세세분류,MED,haeseolseo
채소 발효주 제조,11119,기타 발효주 제조업,세세분류,MED,haeseolseo
채소 절임식품 제조,10302,과실 및 그 외 채소 절임식품 제조업,세세분류,MED,haeseolseo
"채소, 화초, 과수 묘목 생산",01123,종자 및 묘목 생산업,세세분류,MED,haeseolseo
"채소, 화초, 과수 종자 생산",01123,종자 및 묘목 생산업,세세분류,MED,haeseolseo
처마용 금속 판제품 제조,25112,구조용 금속 판제품 및 공작물 제조업,세세분류,MED,haeseolseo
천공기 제조,29180,사무용 기계 및 장비 제조업,세세분류,MED,haeseolseo
천공카드지 제조,17103,인쇄용 및 필기용 원지 제조업,세세분류,MED,haeseolseo
천연 모피조각 조립품 제조,14200,모피제품 제조업,세세분류,MED,haeseolseo
천연 및 합성고무 혼합물 제조,20201,합성고무 제조업,세세분류,MED,haeseolseo
천연 생수 생산,11202,생수 생산업,세세분류,MED,haeseolseo
천연 식물 보호제 제조,20313,유기질 비료 및 상토 제조업,세세분류,MED,haeseolseo
천연 코르크 분말 제조,16300,코르크 및 조물 제품 제조업,세세분류,MED,haeseolseo
천연 코르크 제품 제조,16300,코르크 및 조물 제품 제조업,세세분류,MED,haeseolseo
천연 향신재료 분 제조,10832,천연 및 혼합 조제 조미료 제조업,세세분류,MED,haeseolseo
철 및 비합금강 선 제조,24123,철강선 제조업,세세분류,MED,haeseolseo
철강 분말 제조,24119,기타 제철 및 제강업,세세분류,MED,haeseolseo
철강 열간 압연 제품 제조,24121,열간 압연 및 압출제품 제조업,세세분류,MED,haeseolseo
철강 튜브 제조,24132,강관 제조업,세세분류,MED,haeseolseo
철강관 연결구류 제조,24133,강관 가공품 및 관 연결구류 제조업,세세분류,MED,haeseolseo
철강선 제조,24123,철강선 제조업,세세분류,MED,haeseolseo
철골 조립 육상 구조재 제조,25113,육상 금속 골조 구조재 제조업,세세분류,MED,haeseolseo
"철도 차량 대차, 차체, 차륜, 제동장치, 연결장치, 완충장치 제조",31202,철도 차량 부품 및 관련 장치물 제조업,세세분류,MED,haeseolseo
철도 차량 전용 부품 제조,31202,철도 차량 부품 및 관련 장치물 제조업,세세분류,MED,haeseolseo
철도 차량 제조,31201,기관차 및 기타 철도 차량 제조업,세세분류,MED,haeseolseo
철도 차량용 의자 제조,31202,철도 차량 부품 및 관련 장치물 제조업,세세분류,MED,haeseolseo
철도역의 플랫폼에서 사용하는 트랙터 제조,29161,산업용 트럭 및 적재기 제조업,세세분류,MED,haeseolseo
철망 제조기 제조,29224,금속 성형기계 제조업,세세분류,MED,haeseolseo
철망제 발판 제조,25944,금속선 가공제품 제조업,세세분류,MED,haeseolseo
철망제품 제조,25944,금속선 가공제품 제조업,세세분류,MED,haeseolseo
철선 가공기 제조,29229,기타 가공 공작기계 제조업,세세분류,MED,haeseolseo
철판 절곡기 제조,29224,금속 성형기계 제조업,세세분류,MED,haeseolseo
청력 검사용 기구 제조,27112,전기식 진단 및 요법 기기 제조업,세세분류,MED,haeseolseo
청정기 제조,29176,액체 여과기 제조업,세세분류,MED,haeseolseo
체인 톱 제조,29193,동력식 수지 공구 제조업,세세분류,MED,haeseolseo
체조용 링 제조,33301,"체조, 육상 및 체력 단련용 장비 제조업",세세분류,MED,haeseolseo
체조용품 제조,33301,"체조, 육상 및 체력 단련용 장비 제조업",세세분류,MED,haeseolseo
초산 셀룰로오스 섬유 제조,20502,재생 섬유 제조업,세세분류,MED,haeseolseo
초산비닐 중합체 제조,20202,합성수지 및 기타 플라스틱 물질 제조업,세세분류,MED,haeseolseo
초산셀룰로오스 제조,20202,합성수지 및 기타 플라스틱 물질 제조업,세세분류,MED,haeseolseo
초소형 조립회로 제조,2611,전자집적회로 제조업,세분류,MED,haeseolseo
초음파 세척기 제조,28909,그 외 기타 전기장비 제조업,세세분류,MED,haeseolseo
초콜릿 및 초콜릿과자 제조,10603,과자류 및 코코아 제품 제조업,세세분류,MED,haeseolseo
추 구동식 모터 제조,29119,기타 기관 및 터빈 제조업,세세분류,MED,haeseolseo
충격 검사기 제조,27213,"물질 검사, 측정 및 분석 기구 제조업",세세분류,MED,haeseolseo
충전솜을 넣어 누빈 섬유제품 제조,13999,그 외 기타 분류 안된 섬유제품 제조업,세세분류,MED,haeseolseo
"취미, 오락용 무인 항공기 제조",33401,인형 및 장난감 제조업,세세분류,MED,haeseolseo
측정용 눈금자 제조,27219,"기타 측정, 시험, 항해, 제어 및 정밀 기기 제조업",세세분류,MED,haeseolseo
치과용 드릴 제조,27191,치과용 기기 제조업,세세분류,MED,haeseolseo
"치과용 시멘트, 충전제 및 뼈 성형용 시멘트 제조",21309,그 외 기타 의료용품 및 의약 관련제품 제조업,세세분류,MED,haeseolseo
치과용 유니트 제조,27191,치과용 기기 제조업,세세분류,MED,haeseolseo
치과용 의자 제조,27196,의료용 가구 제조업,세세분류,MED,haeseolseo
치석 제거기 제조,27191,치과용 기기 제조업,세세분류,MED,haeseolseo
침대겸용 의자 제조,32019,소파 및 기타 내장 가구 제조업,세세분류,MED,haeseolseo
칩내장 카드 제조,26292,전자저항기 및 전자카드 제조업,세세분류,MED,haeseolseo
칩보드 제조,16212,강화 및 재생 목재 제조업,세세분류,MED,haeseolseo
카본블랙 제조,20129,기타 기초 무기화학 물질 제조업,세세분류,MED,haeseolseo
카본지 절단품 제조,17901,문구용 종이제품 제조업,세세분류,MED,haeseolseo
카세인염과 카세인 유도체 제조,20493,접착제 및 젤라틴 제조업,세세분류,MED,haeseolseo
카세트 제조,26521,"라디오, 녹음 및 재생 기기 제조업",세세분류,MED,haeseolseo
카스터 제조,25932,일반 철물 제조업,세세분류,MED,haeseolseo
카오린 또는 기타 무기질을 도포한 종이 및 판지 제조,17904,"적층, 합성 및 특수 표면처리 종이 제조업",세세분류,MED,haeseolseo
카지노 게임용 테이블 제조,33409,기타 오락용품 제조업,세세분류,MED,haeseolseo
카페인 제거 커피 생산,10891,커피 가공업,세세분류,MED,haeseolseo
칸막이 및 관련 제품 제조,17211,골판지 제조업,세세분류,MED,haeseolseo
칼 및 칼날 제조,25931,날붙이 제조업,세세분류,MED,haeseolseo
칼리질 비료 제조,2031,비료 및 질소 화합물 제조업,세분류,MED,haeseolseo
캐러멜과자 제조,10603,과자류 및 코코아 제품 제조업,세세분류,MED,haeseolseo
캐러멜당 제조,10839,기타 식품 첨가물 제조업,세세분류,MED,haeseolseo
캐스터네츠 제조,33209,기타 악기 및 전자 악기 제조업,세세분류,MED,haeseolseo
캐주얼화 제조,15211,구두류 제조업,세세분류,MED,haeseolseo
캔 및 병 개폐기 제조,25992,수동식 식품 가공 기기 및 금속 주방용기 제조업,세세분류,MED,haeseolseo
"캔버스, 버크럼 제조",13994,표면처리 및 적층 직물 제조업,세세분류,MED,haeseolseo
캔차류 제조,11209,기타 비알코올 음료 제조업,세세분류,MED,haeseolseo
캔커피 제조,11209,기타 비알코올 음료 제조업,세세분류,MED,haeseolseo
캘리퍼스 제조,27219,"기타 측정, 시험, 항해, 제어 및 정밀 기기 제조업",세세분류,MED,haeseolseo
캘린더기 제조,29199,그 외 기타 일반목적용 기계 제조업,세세분류,MED,haeseolseo
캠핑용 직물제품 제조,13224,"천막, 텐트 및 유사 제품 제조업",세세분류,MED,haeseolseo
캡스턴 제조,29169,기타 물품 취급장비 제조업,세세분류,MED,haeseolseo
커프링크 제조,33991,단추 및 유사 파스너 제조업,세세분류,MED,haeseolseo
커피 농축물 생산,10891,커피 가공업,세세분류,MED,haeseolseo
커피 대용품 제조,10891,커피 가공업,세세분류,MED,haeseolseo
커피크리머 제조,10839,기타 식품 첨가물 제조업,세세분류,MED,haeseolseo
컨버터 제조,28119,기타 전기 변환장치 제조업,세세분류,MED,haeseolseo
컨베이어 장치 제조,29163,컨베이어 장치 제조업,세세분류,MED,haeseolseo
컨베이어 제조,29242,광물 처리 및 취급장비 제조업,세세분류,MED,haeseolseo
"컬 핀, 컬 크립 등 미용 도구 제조",33999,그 외 기타 달리 분류되지 않은 제품 제조업,세세분류,MED,haeseolseo
컴퓨터 중앙 자료처리 장치 제조,26310,컴퓨터 제조업,세세분류,MED,haeseolseo
컴퓨터용 모뎀 제조,26299,그 외 기타 전자 부품 제조업,세세분류,MED,haeseolseo
컴퓨터용 자판 제조,26329,기타 주변 기기 제조업,세세분류,MED,haeseolseo
케이크 제조,10602,빵류 제조업,세세분류,MED,haeseolseo
케피어 제조,10421,액상 시유 및 기타 낙농제품 제조업,세세분류,MED,haeseolseo
코드 세트 제조,28303,절연 코드세트 및 기타 도체 제조업,세세분류,MED,haeseolseo
코르셋 제조,14120,속옷 및 잠옷 제조업,세세분류,MED,haeseolseo
코르크 가공기계 제조,29229,기타 가공 공작기계 제조업,세세분류,MED,haeseolseo
코이어사 제조,13109,기타 방적업,세세분류,MED,haeseolseo
코이어직물 직조,13219,특수직물 및 기타 직물 직조업,세세분류,MED,haeseolseo
코일 가공기 제조,29229,기타 가공 공작기계 제조업,세세분류,MED,haeseolseo
코일형 금속 스프링 제조,25943,금속 스프링 제조업,세세분류,MED,haeseolseo
코코아 버터 제조,10603,과자류 및 코코아 제품 제조업,세세분류,MED,haeseolseo
코코아 분말 제조,10603,과자류 및 코코아 제품 제조업,세세분류,MED,haeseolseo
코코아 유지 제조,10603,과자류 및 코코아 제품 제조업,세세분류,MED,haeseolseo
코코아 재배,01132,음료용 및 향신용 작물 재배업,세세분류,MED,haeseolseo
코크스로 미정제 가스 제조,19100,코크스 및 연탄 제조업,세세분류,MED,haeseolseo
콕킹 화합물 제조,20411,일반용 도료 및 관련제품 제조업,세세분류,MED,haeseolseo
콘덴서용 가공지 제조,17904,"적층, 합성 및 특수 표면처리 종이 제조업",세세분류,MED,haeseolseo
콘덴서지 제조,17109,기타 종이 및 판지 제조업,세세분류,MED,haeseolseo
콘돔 및 피임용품 제조,22193,고무 의류 및 기타 위생용 비경화 고무제품 제조업,세세분류,MED,haeseolseo
콘크리트 가공기계 제조,29229,기타 가공 공작기계 제조업,세세분류,MED,haeseolseo
"콘크리트 문틀, 문지방, 벽판 등 건축물 구조재 제조",23325,콘크리트 관 및 기타 구조용 콘크리트제품 제조업,세세분류,MED,haeseolseo
콘크리트 믹서 운반차 제조,30123,내연기관 화물자동차 및 특수목적용 자동차 제조업,세세분류,MED,haeseolseo
콘크리트 믹서 운반차 특장 제조,30201,차체 및 특장차 제조업,세세분류,MED,haeseolseo
콘크리트 및 모르타르 믹서기 제조,29241,건설 및 채광용 기계장비 제조업,세세분류,MED,haeseolseo
"콘크리트 빔 및 대들보, 파일, 전주, 철도 침목 제조",23325,콘크리트 관 및 기타 구조용 콘크리트제품 제조업,세세분류,MED,haeseolseo
"콘크리트 욕조, 세면대 및 기타 설치용 위생용품 제조",23325,콘크리트 관 및 기타 구조용 콘크리트제품 제조업,세세분류,MED,haeseolseo
콘크리트 인조목 제조,23325,콘크리트 관 및 기타 구조용 콘크리트제품 제조업,세세분류,MED,haeseolseo
콘크리트 제품용 주형 제조,29293,주형 및 금형 제조업,세세분류,MED,haeseolseo
콘크리트 조립식 건축자재 제조,23325,콘크리트 관 및 기타 구조용 콘크리트제품 제조업,세세분류,MED,haeseolseo
"콘크리트 타일, 기와, 벽돌, 블록 제조",23324,"콘크리트 타일, 기와, 벽돌 및 블록 제조업",세세분류,MED,haeseolseo
콘크리트 펌프 제조,29131,액체 펌프 제조업,세세분류,MED,haeseolseo
콘크리트용 비광물성 접착제 및 모래혼합물 제조,23321,비내화 모르타르 제조업,세세분류,MED,haeseolseo
콘크리트용 철망 제조,25944,금속선 가공제품 제조업,세세분류,MED,haeseolseo
콘크리트제 받침대 제조,23325,콘크리트 관 및 기타 구조용 콘크리트제품 제조업,세세분류,MED,haeseolseo
콘택트렌즈 세정액 제조,20423,화장품 제조업,세세분류,MED,haeseolseo
콘플레이크 제조,10519,기타 곡물 가공품 제조업,세세분류,MED,haeseolseo
콜로이드 흑연 제조,23999,그 외 기타 분류 안된 비금속 광물제품 제조업,세세분류,MED,haeseolseo
콤바인 및 탈곡기 제조,29210,농업 및 임업용 기계 제조업,세세분류,MED,haeseolseo
콩나물 재배,01159,기타 시설작물 재배업,세세분류,MED,haeseolseo
쾌속 조형장비 제조,29222,디지털 적층 성형기계 제조업,세세분류,MED,haeseolseo
쿠션 및 베개 제조,22199,그 외 기타 고무제품 제조업,세세분류,MED,haeseolseo
퀴논이민 염료 제조,20132,"염료, 조제 무기 안료, 유연제 및 기타 착색제 제조업",세세분류,MED,haeseolseo
크랭크 제조,29142,기어 및 동력전달장치 제조업,세세분류,MED,haeseolseo
"크레용, 파스텔 제조",33920,사무 및 회화용품 제조업,세세분류,MED,haeseolseo
크롬 합금철 제조,24113,합금철 제조업,세세분류,MED,haeseolseo
크리스마스 장식용 조명 세트 제조,28423,전시 및 광고용 조명장치 제조업,세세분류,MED,haeseolseo
크림 분리기 제조,29242,광물 처리 및 취급장비 제조업,세세분류,MED,haeseolseo
크립톤 가스 제조,20122,"산소, 질소 및 기타 산업용 가스 제조업",세세분류,MED,haeseolseo
크세논 가스 제조,20122,"산소, 질소 및 기타 산업용 가스 제조업",세세분류,MED,haeseolseo
클라이밍 로프 제조,33301,"체조, 육상 및 체력 단련용 장비 제조업",세세분류,MED,haeseolseo
클러치 및 부분품 제조,30331,자동차용 신품 동력 전달장치 제조업,세세분류,MED,haeseolseo
클러치 제조,29142,기어 및 동력전달장치 제조업,세세분류,MED,haeseolseo
클로로프렌고무 제조,20201,합성고무 제조업,세세분류,MED,haeseolseo
키위 및 망고스틴 재배,01131,과실작물 재배업,세세분류,MED,haeseolseo
키토산 제조,10897,건강 기능식품 제조업,세세분류,MED,haeseolseo
킨스 시멘트 제조,23312,석회 및 플라스터 제조업,세세분류,MED,haeseolseo
타르 피치 등을 주요 재료로 제조한 도로포장용 혼합물 제조,23991,아스팔트 콘크리트 및 혼합제품 제조업,세세분류,MED,haeseolseo
타악기 제조,33209,기타 악기 및 전자 악기 제조업,세세분류,MED,haeseolseo
"타워 크레인, 주행 크레인 제조",29169,기타 물품 취급장비 제조업,세세분류,MED,haeseolseo
타이어 트레드 고무 제조,22110,고무 타이어 및 튜브 제조업,세세분류,MED,haeseolseo
타이어코드 직물 제조,13993,특수사 및 코드직물 제조업,세세분류,MED,haeseolseo
타임 스위치 제조,27220,시계 및 시계 부품 제조업,세세분류,MED,haeseolseo
타자기 제조,29180,사무용 기계 및 장비 제조업,세세분류,MED,haeseolseo
타포린 직물 제조,13994,표면처리 및 적층 직물 제조업,세세분류,MED,haeseolseo
타포린직물 직조,13219,특수직물 및 기타 직물 직조업,세세분류,MED,haeseolseo
타피아 제조,11129,기타 증류주 및 합성주 제조업,세세분류,MED,haeseolseo
타피오카 제조,10520,전분제품 및 당류 제조업,세세분류,MED,haeseolseo
탁구용 기구 제조,33309,기타 운동 및 경기용구 제조업,세세분류,MED,haeseolseo
탁상용 PC 제조,26310,컴퓨터 제조업,세세분류,MED,haeseolseo
탄성 세폭직물 직조,13991,세폭직물 제조업,세세분류,MED,haeseolseo
탄성 편조물 제조,14419,기타 편조 의복 액세서리 제조업,세세분류,MED,haeseolseo
탄소물 조제품 제조,23999,그 외 기타 분류 안된 비금속 광물제품 제조업,세세분류,MED,haeseolseo
탄소섬유 제조,23995,탄소섬유 제조업,세세분류,MED,haeseolseo
탄화수소 방향족 화합물 제조,20111,석유화학계 기초 화학 물질 제조업,세세분류,MED,haeseolseo
탄화수소 유황화 유도체 제조,20111,석유화학계 기초 화학 물질 제조업,세세분류,MED,haeseolseo
탄화수소 지방족 화합물 제조,20111,석유화학계 기초 화학 물질 제조업,세세분류,MED,haeseolseo
탄화수소 질산화 유도체 제조,20111,석유화학계 기초 화학 물질 제조업,세세분류,MED,haeseolseo
탄화수소 할로겐화 유도체 제조,20111,석유화학계 기초 화학 물질 제조업,세세분류,MED,haeseolseo
탄화칼슘 및 탄화물 제조,20129,기타 기초 무기화학 물질 제조업,세세분류,MED,haeseolseo
"탈지면, 창상 등 의료용 피복재, 습포제 제조",21309,그 외 기타 의료용품 및 의약 관련제품 제조업,세세분류,MED,haeseolseo
탈지유 제조,10421,액상 시유 및 기타 낙농제품 제조업,세세분류,MED,haeseolseo
탐사 및 지도 제작업,72922,제도업,세세분류,MED,haeseolseo
탑 조립 구조재 제조,25113,육상 금속 골조 구조재 제조업,세세분류,MED,haeseolseo
태양광 발전장치 제조,28111,전동기 및 발전기 제조업,세세분류,MED,haeseolseo
태양열 집열 및 가열장치 제조,29150,"산업용 오븐, 노 및 노용 버너 제조업",세세분류,MED,haeseolseo
태피스트리 제조,13222,자수제품 및 자수용 재료 제조업,세세분류,MED,haeseolseo
택시 미터기 제조,27214,속도계 및 적산계기 제조업,세세분류,MED,haeseolseo
탬버린 제조,33209,기타 악기 및 전자 악기 제조업,세세분류,MED,haeseolseo
탬핑머신 제조,29241,건설 및 채광용 기계장비 제조업,세세분류,MED,haeseolseo
탭핑용 공작기계 제조,29223,금속 절삭기계 제조업,세세분류,MED,haeseolseo
터닝 처리한 형상 등) 및 그 제품 제조,33932,전시용 모형 제조업,세세분류,MED,haeseolseo
터보 제트기관 제조,31321,항공기용 엔진 제조업,세세분류,MED,haeseolseo
텅스텐 제조,20131,무기 안료용 금속 산화물 및 관련 제품 제조업,세세분류,MED,haeseolseo
텅스텐 합금철 제조,24113,합금철 제조업,세세분류,MED,haeseolseo
테이블 게임용 기계 및 기구 제조,33409,기타 오락용품 제조업,세세분류,MED,haeseolseo
테이블 린넨 제조,13999,그 외 기타 분류 안된 섬유제품 제조업,세세분류,MED,haeseolseo
테트라사이크린계 항생 물질 제조,21100,기초 의약 물질 제조업,세세분류,MED,haeseolseo
텍스처드 가공사 제조,13104,연사 및 가공사 제조업,세세분류,MED,haeseolseo
텐터기 제조,29261,"산업용 섬유 세척, 염색, 정리 및 가공 기계 제조업",세세분류,MED,haeseolseo
텔레 프린터 제조,26410,유선 통신장비 제조업,세세분류,MED,haeseolseo
텔레비전 쇼 제작,59114,방송 프로그램 제작업,세세분류,MED,haeseolseo
텔레비전용 광고물 제작,59113,광고 영화 및 비디오물 제작업,세세분류,MED,haeseolseo
텔레비전용 음극선관 제조,26299,그 외 기타 전자 부품 제조업,세세분류,MED,haeseolseo
텔레비전용 촬상관 제조,26299,그 외 기타 전자 부품 제조업,세세분류,MED,haeseolseo
"토끼, 개 및 사슴 사육",01299,그 외 기타 축산업,세세분류,MED,haeseolseo
토지 측량기 제조,27211,"레이더, 항행용 무선 기기 및 측량 기구 제조업",세세분류,MED,haeseolseo
토질개량용 토사석 조제품 제조,20313,유기질 비료 및 상토 제조업,세세분류,MED,haeseolseo
토탄 증류 타르 제조,19100,코크스 및 연탄 제조업,세세분류,MED,haeseolseo
톱 및 톱날 제조,25934,톱 및 호환성 공구 제조업,세세분류,MED,haeseolseo
투명 광택지 제조,17109,기타 종이 및 판지 제조업,세세분류,MED,haeseolseo
투사지 제조,17109,기타 종이 및 판지 제조업,세세분류,MED,haeseolseo
투사포 제조,13994,표면처리 및 적층 직물 제조업,세세분류,MED,haeseolseo
툴홀더 제조,29229,기타 가공 공작기계 제조업,세세분류,MED,haeseolseo
튀김 곡물 제조,10519,기타 곡물 가공품 제조업,세세분류,MED,haeseolseo
튀김과자 제조,10603,과자류 및 코코아 제품 제조업,세세분류,MED,haeseolseo
튜브와 파이프 제조,23211,정형 내화 요업제품 제조업,세세분류,MED,haeseolseo
"트, 개질 아스팔트 제조",19229,기타 석유 정제물 재처리업,세세분류,MED,haeseolseo
트럼펫 제조,33209,기타 악기 및 전자 악기 제조업,세세분류,MED,haeseolseo
트렁크 제조,15129,가방 및 기타 보호용 케이스 제조업,세세분류,MED,haeseolseo
트레일러 부분품 제조,30203,트레일러 및 세미 트레일러 제조업,세세분류,MED,haeseolseo
트레일러 제조,30203,트레일러 및 세미 트레일러 제조업,세세분류,MED,haeseolseo
트롬본 제조,33209,기타 악기 및 전자 악기 제조업,세세분류,MED,haeseolseo
특수 목적용 승용차 제조,30121,내연기관 승용차 및 기타 여객용 자동차 제조,세세분류,MED,haeseolseo
특수 목적용 신발 제조,15219,기타 신발 제조업,세세분류,MED,haeseolseo
특수 목적용 자동차 제조,30123,내연기관 화물자동차 및 특수목적용 자동차 제조업,세세분류,MED,haeseolseo
특수 목적용 전기 승용차 제조,30122,전기 승용차 및 기타 여객용 전기 자동차 제조업,세세분류,MED,haeseolseo
특수 목적용 전기 자동차 제조,30124,전기 화물자동차 및 특수목적용 전기 자동차 제조업,세세분류,MED,haeseolseo
특수 박엽지 제조,17109,기타 종이 및 판지 제조업,세세분류,MED,haeseolseo
특수 운송차량 특장 제조,30201,차체 및 특장차 제조업,세세분류,MED,haeseolseo
특수목적용 차량 특장 제조,30201,차체 및 특장차 제조업,세세분류,MED,haeseolseo
특수환자용 의복 제조,14199,그 외 기타 봉제의복 제조업,세세분류,MED,haeseolseo
티타늄 제조,20131,무기 안료용 금속 산화물 및 관련 제품 제조업,세세분류,MED,haeseolseo
파 및 양파 재배,01121,채소작물 재배업,세세분류,MED,haeseolseo
파워 윈도우 시스템 제조,30332,자동차용 신품 전기장치 제조업,세세분류,MED,haeseolseo
파워팩 제조,28119,기타 전기 변환장치 제조업,세세분류,MED,haeseolseo
파이버보드 제조,16212,강화 및 재생 목재 제조업,세세분류,MED,haeseolseo
파이버보드 제조용 프레스기 제조,29229,기타 가공 공작기계 제조업,세세분류,MED,haeseolseo
"파일, 셔닐, 테리, 거즈, 터프티드 직물 직조",13219,특수직물 및 기타 직물 직조업,세세분류,MED,haeseolseo
파케이 패널 제조,16229,기타 건축용 나무제품 제조업,세세분류,MED,haeseolseo
파티클보드 제조,16212,강화 및 재생 목재 제조업,세세분류,MED,haeseolseo
파티클보드 제조용 프레스기 제조,29229,기타 가공 공작기계 제조업,세세분류,MED,haeseolseo
"판, 시트, 대 및 박 제조",24229,"기타 비철금속 압연, 압출 및 연신제품 제조업",세세분류,MED,haeseolseo
판지 제조 및 가공기 제조,29299,그 외 기타 특수목적용 기계 제조업,세세분류,MED,haeseolseo
판지제 실패 및 유사 지지물 제조,17909,그 외 기타 종이 및 판지 제품 제조업,세세분류,MED,haeseolseo
패러글라이딩 제조,31311,"유인 항공기, 항공 우주선 및 보조장치 제조업",세세분류,MED,haeseolseo
팽창 펄라이트 제조,23994,암면 및 유사 제품 제조업,세세분류,MED,haeseolseo
펀칭기 제조,29224,금속 성형기계 제조업,세세분류,MED,haeseolseo
펄프 제조 및 가공기 제조,29299,그 외 기타 특수목적용 기계 제조업,세세분류,MED,haeseolseo
펄프제 필터 블록 및 슬래브 제조,17909,그 외 기타 종이 및 판지 제품 제조업,세세분류,MED,haeseolseo
페넌트 제조,13229,기타 직물제품 제조업,세세분류,MED,haeseolseo
페놀 및 그 유도체 제조,20119,기타 기초 유기 화학물질 제조업,세세분류,MED,haeseolseo
페놀 인쇄배선기판 제조,26222,경성 인쇄회로기판 제조업,세세분류,MED,haeseolseo
페놀수지 제조,20202,합성수지 및 기타 플라스틱 물질 제조업,세세분류,MED,haeseolseo
페리 보트 제조,31111,강선 건조업,세세분류,MED,haeseolseo
페어케이블 반송장치 제조,26410,유선 통신장비 제조업,세세분류,MED,haeseolseo
페이턴트 가죽 제조,15110,모피 및 가죽 제조업,세세분류,MED,haeseolseo
페인트 및 도료 제거제 제조,20411,일반용 도료 및 관련제품 제조업,세세분류,MED,haeseolseo
페인트 및 바니시 제조,20411,일반용 도료 및 관련제품 제조업,세세분류,MED,haeseolseo
페인트용 롤러 제조,33993,비 및 솔 제조업,세세분류,MED,haeseolseo
페인트용 스퀴지 제조,33993,비 및 솔 제조업,세세분류,MED,haeseolseo
페인트용 패드 제조,33993,비 및 솔 제조업,세세분류,MED,haeseolseo
펜싱용구 제조,33309,기타 운동 및 경기용구 제조업,세세분류,MED,haeseolseo
펠트지와 판지 제조,17109,기타 종이 및 판지 제조업,세세분류,MED,haeseolseo
편광재료제의 판 제조,27301,광학 렌즈 및 광학 요소 제조업,세세분류,MED,haeseolseo
편물사 제조,13104,연사 및 가공사 제조업,세세분류,MED,haeseolseo
편조기 및 직조기 제조,29269,"기타 섬유, 의복 및 가죽 가공기계 제조업",세세분류,MED,haeseolseo
"평면, 곡면 스크린 인쇄",18112,스크린 인쇄업,세세분류,MED,haeseolseo
폐기물 소각로 제조,29150,"산업용 오븐, 노 및 노용 버너 제조업",세세분류,MED,haeseolseo
폐기물 처리 기 제조,29299,그 외 기타 특수목적용 기계 제조업,세세분류,MED,haeseolseo
폐수 처리장치 제조,29176,액체 여과기 제조업,세세분류,MED,haeseolseo
"폐식용유, 폐유지 화학처리를 통한 이차원료 생산",38322,비금속류 원료 재생업,세세분류,MED,haeseolseo
폐타이어를 이용한 고무 분말 생산,38322,비금속류 원료 재생업,세세분류,MED,haeseolseo
포대용 직물 직조,13219,특수직물 및 기타 직물 직조업,세세분류,MED,haeseolseo
포도주 제조,11119,기타 발효주 제조업,세세분류,MED,haeseolseo
포장용 봉합기 제조,29191,"용기 세척, 포장 및 충전기 제조업",세세분류,MED,haeseolseo
포장용 삽입물 제조,17222,판지 상자 및 용기 제조업,세세분류,MED,haeseolseo
포장용 원지 제조,17109,기타 종이 및 판지 제조업,세세분류,MED,haeseolseo
포장용 타일 제조,23232,타일 및 유사 비내화 요업제품 제조업,세세분류,MED,haeseolseo
포장용 판지 제조,17105,크라프트지 및 기타 상자용 판지 제조업,세세분류,MED,haeseolseo
포졸란 시멘트 제조,23311,시멘트 제조업,세세분류,MED,haeseolseo
포충망 제조,33303,낚시 및 수렵용구 제조업,세세분류,MED,haeseolseo
포토 레지스터 현상 및 도포용 기계 제조,29271,반도체 제조용 기계 제조업,세세분류,MED,haeseolseo
포틀랜드 시멘트 제조,23311,시멘트 제조업,세세분류,MED,haeseolseo
폴리아미드 제조,20202,합성수지 및 기타 플라스틱 물질 제조업,세세분류,MED,haeseolseo
폴리에스터 섬유 제조,20501,합성섬유 제조업,세세분류,MED,haeseolseo
폴리에스터 필름 제조,22212,플라스틱 필름 제조업,세세분류,MED,haeseolseo
폴리에스터수지 제조,20202,합성수지 및 기타 플라스틱 물질 제조업,세세분류,MED,haeseolseo
폴리에틸렌 섬유 제조,20501,합성섬유 제조업,세세분류,MED,haeseolseo
폴리에틸렌 필름 제조,22212,플라스틱 필름 제조업,세세분류,MED,haeseolseo
폴리염화비닐 섬유 제조,20501,합성섬유 제조업,세세분류,MED,haeseolseo
폴리염화비닐 필름 제조,22212,플라스틱 필름 제조업,세세분류,MED,haeseolseo
폴리염화비닐리덴 섬유 제조,20501,합성섬유 제조업,세세분류,MED,haeseolseo
폴리우레탄 제조,20202,합성수지 및 기타 플라스틱 물질 제조업,세세분류,MED,haeseolseo
폴리유산 제조,20202,합성수지 및 기타 플라스틱 물질 제조업,세세분류,MED,haeseolseo
폴리프로필렌 섬유 제조,20501,합성섬유 제조업,세세분류,MED,haeseolseo
폴리프로필렌 필름 제조,22212,플라스틱 필름 제조업,세세분류,MED,haeseolseo
표권 발행기 제조,29180,사무용 기계 및 장비 제조업,세세분류,MED,haeseolseo
표면 도포 플라스틱 시트 및 판재 생산,22292,"플라스틱 적층, 도포 및 기타 표면처리 제품 제조업",세세분류,MED,haeseolseo
표면 새김 가공목재 생산,16102,표면 가공목재 및 특정 목적용 제재목 제조업,세세분류,MED,haeseolseo
표면 연마 판유리 제조,23111,판유리 제조업,세세분류,MED,haeseolseo
표면 열처리용 기 제조,29199,그 외 기타 일반목적용 기계 제조업,세세분류,MED,haeseolseo
표면 처리 비철금속재 생산,24290,기타 1차 비철금속 제조업,세세분류,MED,haeseolseo
표면처리 목재 생산,16103,"목재 보존, 방부처리, 도장 및 유사 처리업",세세분류,MED,haeseolseo
표시 금속판 제조,25994,금속 표시판 제조업,세세분류,MED,haeseolseo
표시등 제조,28423,전시 및 광고용 조명장치 제조업,세세분류,MED,haeseolseo
표지 및 파일커버 제조,17901,문구용 종이제품 제조업,세세분류,MED,haeseolseo
풀리 태클 제조,29169,기타 물품 취급장비 제조업,세세분류,MED,haeseolseo
"풋마늘, 마늘 및 풋고추 재배",01121,채소작물 재배업,세세분류,MED,haeseolseo
프레스기 제조,29224,금속 성형기계 제조업,세세분류,MED,haeseolseo
프로파일상 유리 제조,23199,그 외 기타 유리제품 제조업,세세분류,MED,haeseolseo
프로필렌 중합체 제조,20202,합성수지 및 기타 플라스틱 물질 제조업,세세분류,MED,haeseolseo
프리즘 제조,27301,광학 렌즈 및 광학 요소 제조업,세세분류,MED,haeseolseo
프린트 인쇄,18111,경 인쇄업,세세분류,MED,haeseolseo
플라스터 제조,23312,석회 및 플라스터 제조업,세세분류,MED,haeseolseo
플라스틱 가구 제조,32099,그 외 기타 가구 제조업,세세분류,MED,haeseolseo
"플라스틱 물질을 적층 가공한 선, 봉, 관 및 호스 제조",22211,"플라스틱 선, 봉, 관 및 호스 제조업",세세분류,MED,haeseolseo
플라스틱 및 기타 물질 제조,20499,그 외 기타 분류 안된 화학제품 제조업,세세분류,MED,haeseolseo
플라스틱 봉투 제조,22231,"플라스틱 포대, 봉투 및 유사제품 제조업",세세분류,MED,haeseolseo
플라스틱 성형 가공기 제조,29291,"고무, 화학섬유 및 플라스틱 성형기 제조업",세세분류,MED,haeseolseo
플라스틱 성형 의복 제조,22299,그 외 기타 플라스틱 제품 제조업,세세분류,MED,haeseolseo
플라스틱 시트 제조,22213,플라스틱 시트 및 판 제조업,세세분류,MED,haeseolseo
플라스틱 신발 제조,15219,기타 신발 제조업,세세분류,MED,haeseolseo
플라스틱 인조 잔디 제조,22299,그 외 기타 플라스틱 제품 제조업,세세분류,MED,haeseolseo
플라스틱 조립용 모델 키트 제조,33401,인형 및 장난감 제조업,세세분류,MED,haeseolseo
플라스틱 판 제조,22213,플라스틱 시트 및 판 제조업,세세분류,MED,haeseolseo
플라스틱 포대 제조,22231,"플라스틱 포대, 봉투 및 유사제품 제조업",세세분류,MED,haeseolseo
플라스틱 헬멧 및 안전모 제조,22299,그 외 기타 플라스틱 제품 제조업,세세분류,MED,haeseolseo
"플라스틱, 고무 폐기물을 세척, 분쇄, 용해하여 과립 형태로 가공",38322,비금속류 원료 재생업,세세분류,MED,haeseolseo
플라스틱제 건축 구조재 제조,22229,기타 건축용 플라스틱 조립제품 제조업,세세분류,MED,haeseolseo
플라스틱제 벽돌 제조,22221,벽 및 바닥 피복용 플라스틱 제품 제조업,세세분류,MED,haeseolseo
플라스틱제 봉제 포대 제조,13225,직물포대 제조업,세세분류,MED,haeseolseo
플라스틱제 사무 및 학용품 제조,22299,그 외 기타 플라스틱 제품 제조업,세세분류,MED,haeseolseo
"플라스틱제 용기 뚜껑, 마개 제조",22232,포장용 플라스틱 성형용기 제조업,세세분류,MED,haeseolseo
플라스틱제 운반 및 포장용기 제조,22232,포장용 플라스틱 성형용기 제조업,세세분류,MED,haeseolseo
플라스틱제 자석 제조,22299,그 외 기타 플라스틱 제품 제조업,세세분류,MED,haeseolseo
플라스틱제 침대 제조,32099,그 외 기타 가구 제조업,세세분류,MED,haeseolseo
플라스틱제 타일 제조,22221,벽 및 바닥 피복용 플라스틱 제품 제조업,세세분류,MED,haeseolseo
플라스틱판 인쇄,18119,기타 인쇄업,세세분류,MED,haeseolseo
플라이 휠 제조,29142,기어 및 동력전달장치 제조업,세세분류,MED,haeseolseo
"플라이어, 집게, 핀셋, 금속 절단용 가위 제조",25933,비동력식 수공구 제조업,세세분류,MED,haeseolseo
플라즈마 디스플레이 모듈 및 부분품 제조,26219,기타 표시장치 제조업,세세분류,MED,haeseolseo
플러그와 잭 제조,28122,전기회로 접속장치 제조업,세세분류,MED,haeseolseo
플레인 샤프트 베어링 제조,29142,기어 및 동력전달장치 제조업,세세분류,MED,haeseolseo
플로트 판유리 제조,23111,판유리 제조업,세세분류,MED,haeseolseo
플루토늄 농축물 제조,20129,기타 기초 무기화학 물질 제조업,세세분류,MED,haeseolseo
피뢰기 제조,28121,"전기회로 개폐, 보호 장치 제조업",세세분류,MED,haeseolseo
피마자유 생산,10412,식물성 유지 제조업,세세분류,MED,haeseolseo
피스톤 링 및 밸브 제조,30310,자동차 엔진용 신품 부품 제조업,세세분류,MED,haeseolseo
피스톤 제조,30310,자동차 엔진용 신품 부품 제조업,세세분류,MED,haeseolseo
"피아노, 하프시코드, 스피넷, 하모늄 제조",33201,건반 악기 제조업,세세분류,MED,haeseolseo
피임성의 화학 조제품 제조,21309,그 외 기타 의료용품 및 의약 관련제품 제조업,세세분류,MED,haeseolseo
피치 연탄 제조,19100,코크스 및 연탄 제조업,세세분류,MED,haeseolseo
피혁 유연제 제조,20132,"염료, 조제 무기 안료, 유연제 및 기타 착색제 제조업",세세분류,MED,haeseolseo
필기용 붓 제조,33920,사무 및 회화용품 제조업,세세분류,MED,haeseolseo
필기용 원지 제조,17103,인쇄용 및 필기용 원지 제조업,세세분류,MED,haeseolseo
"필기용, 제도용 잉크 제조",20499,그 외 기타 분류 안된 화학제품 제조업,세세분류,MED,haeseolseo
필기용구 제조,33920,사무 및 회화용품 제조업,세세분류,MED,haeseolseo
필터 등 제조,29176,액체 여과기 제조업,세세분류,MED,haeseolseo
하드 디스크 드라이브 제조,26321,기억 장치 제조업,세세분류,MED,haeseolseo
하모니카 제조,33209,기타 악기 및 전자 악기 제조업,세세분류,MED,haeseolseo
하소 석고 제조,23312,석회 및 플라스터 제조업,세세분류,MED,haeseolseo
하이브리드 집적회로 제조,2611,전자집적회로 제조업,세분류,MED,haeseolseo
학술 연구선 및 시험선 제조,31113,기타 선박 건조업,세세분류,MED,haeseolseo
학술 진흥재단,94990,그 외 기타 협회 및 단체,세세분류,MED,haeseolseo
한 제품의 부분품 제조,22241,운송장비 조립용 플라스틱제품 제조업,세세분류,MED,haeseolseo
합금강 선 제조,24123,철강선 제조업,세세분류,MED,haeseolseo
합금강 주물 주조,24312,강 주물 주조업,세세분류,MED,haeseolseo
합금철 주물 주조,24311,선철 주물 주조업,세세분류,MED,haeseolseo
합성 또는 재생 귀석 또는 반귀석 제조,20129,기타 기초 무기화학 물질 제조업,세세분류,MED,haeseolseo
합성 맥주 제조,11112,맥아 및 맥주 제조업,세세분류,MED,haeseolseo
합성 섬유직물 직조,13213,화학섬유직물 직조업,세세분류,MED,haeseolseo
합성 세정제 제조,20422,"치약, 비누 및 기타 세제 제조업",세세분류,MED,haeseolseo
합성 증류소주 제조,11122,소주 제조업,세세분류,MED,haeseolseo
합성 향료 혼합물 제조,20499,그 외 기타 분류 안된 화학제품 제조업,세세분류,MED,haeseolseo
합성섬유 방적사 제조,13103,화학섬유 방적업,세세분류,MED,haeseolseo
합성수지선 건조,31112,합성수지선 건조업,세세분류,MED,haeseolseo
합성의약품 제조,21212,합성의약품 및 기타 완제 의약품 제조업,세세분류,MED,haeseolseo
"합판 유리, 샌드위치 유리 제조",23112,안전유리 제조업,세세분류,MED,haeseolseo
합판용 단판 제조,16211,"박판, 합판 및 유사 적층판 제조업",세세분류,MED,haeseolseo
항공기 갑판 착륙장치용 부품 제조,31322,항공기용 부품 제조업,세세분류,MED,haeseolseo
항공기 발진장치용 부품 제조,31322,항공기용 부품 제조업,세세분류,MED,haeseolseo
항공기 보조장치용 부품 제조,31322,항공기용 부품 제조업,세세분류,MED,haeseolseo
항공기 엔진용 부품 제조,31322,항공기용 부품 제조업,세세분류,MED,haeseolseo
항공기용 내연기관 제조,31321,항공기용 엔진 제조업,세세분류,MED,haeseolseo
항공기용 의자 제조,31322,항공기용 부품 제조업,세세분류,MED,haeseolseo
항공용 엔진 점화장치 및 기타 전기 부품 제조,28909,그 외 기타 전기장비 제조업,세세분류,MED,haeseolseo
항온 및 항습기 제조,29172,가정용 및 산업용 공기 조화장치 제조업,세세분류,MED,haeseolseo
항장력 시험기 제조,27213,"물질 검사, 측정 및 분석 기구 제조업",세세분류,MED,haeseolseo
항체치료제 제조,21211,생물 의약품 제조업,세세분류,MED,haeseolseo
"항타기, 항발기 제조",29241,건설 및 채광용 기계장비 제조업,세세분류,MED,haeseolseo
항행용 무선기 제조,27211,"레이더, 항행용 무선 기기 및 측량 기구 제조업",세세분류,MED,haeseolseo
해난 구조선 제조,31113,기타 선박 건조업,세세분류,MED,haeseolseo
해면철 제조,24119,기타 제철 및 제강업,세세분류,MED,haeseolseo
해부 모형 제조,33932,전시용 모형 제조업,세세분류,MED,haeseolseo
해산물 양식,03211,해수면 양식 어업,세세분류,MED,haeseolseo
해조류 건조품 제조,10220,수산식물 가공 및 저장 처리업,세세분류,MED,haeseolseo
해조류 염장품 제조,10220,수산식물 가공 및 저장 처리업,세세분류,MED,haeseolseo
해조류 튀김제품 제조,10220,수산식물 가공 및 저장 처리업,세세분류,MED,haeseolseo
핵반응기 부분품 제조,25130,핵반응기 및 증기보일러 제조업,세세분류,MED,haeseolseo
핵반응기 제조,25130,핵반응기 및 증기보일러 제조업,세세분류,MED,haeseolseo
핸드백 제조,15121,핸드백 및 지갑 제조업,세세분류,MED,haeseolseo
향신용 작물 시설재배,01159,기타 시설작물 재배업,세세분류,MED,haeseolseo
향장치 및 기타 재제조 부품 제조,30400,자동차 재제조 부품 제조업,세세분류,MED,haeseolseo
헤어 스프레이 제조,20423,화장품 제조업,세세분류,MED,haeseolseo
헬스 장비 제조,33301,"체조, 육상 및 체력 단련용 장비 제조업",세세분류,MED,haeseolseo
혁대 및 복대 제조,14499,그 외 기타 의복 액세서리 제조업,세세분류,MED,haeseolseo
현금 지급기 제조,29180,사무용 기계 및 장비 제조업,세세분류,MED,haeseolseo
현금함 제조,25999,그 외 기타 분류 안된 금속 가공제품 제조업,세세분류,MED,haeseolseo
현무암 용해 성형제품 제조,23999,그 외 기타 분류 안된 비금속 광물제품 제조업,세세분류,MED,haeseolseo
현악기 제조,33209,기타 악기 및 전자 악기 제조업,세세분류,MED,haeseolseo
혈관 조영 촬영 장치 제조,27111,방사선 장치 제조업,세세분류,MED,haeseolseo
혈압 측정기 제조,27112,전기식 진단 및 요법 기기 제조업,세세분류,MED,haeseolseo
형광 램프 제조,28410,전구 및 램프 제조업,세세분류,MED,haeseolseo
호닝기 제조,29223,금속 절삭기계 제조업,세세분류,MED,haeseolseo
호부기 제조,29261,"산업용 섬유 세척, 염색, 정리 및 가공 기계 제조업",세세분류,MED,haeseolseo
호이스트 제조,29169,기타 물품 취급장비 제조업,세세분류,MED,haeseolseo
호환성 공구 제조,25934,톱 및 호환성 공구 제조업,세세분류,MED,haeseolseo
혼합양념 제조,10832,천연 및 혼합 조제 조미료 제조업,세세분류,MED,haeseolseo
홍보 영화 제작,59113,광고 영화 및 비디오물 제작업,세세분류,MED,haeseolseo
홍삼차 제조,10895,인삼식품 제조업,세세분류,MED,haeseolseo
화기용 조정기 제조,27309,기타 광학기기 및 사진기 제조업,세세분류,MED,haeseolseo
화물 및 수산물 운반용 냉동선 제조,31111,강선 건조업,세세분류,MED,haeseolseo
화물 및 여객 운송용 강선 제조,31111,강선 건조업,세세분류,MED,haeseolseo
화물용 금속 플랫폼 제조,25999,그 외 기타 분류 안된 금속 가공제품 제조업,세세분류,MED,haeseolseo
화물용 목재 보드 제조,16231,목재 깔판류 및 기타 적재판 제조업,세세분류,MED,haeseolseo
화물용 목재 파렛트 제조,16231,목재 깔판류 및 기타 적재판 제조업,세세분류,MED,haeseolseo
화분 가공품 제조,10897,건강 기능식품 제조업,세세분류,MED,haeseolseo
화장 목재 제조,16103,"목재 보존, 방부처리, 도장 및 유사 처리업",세세분류,MED,haeseolseo
화장실용 유리제품 성형 제조,23191,가정용 유리제품 제조업,세세분류,MED,haeseolseo
"화장용 분첩, 패드 및 분무기 제조",33999,그 외 기타 달리 분류되지 않은 제품 제조업,세세분류,MED,haeseolseo
화장지 원지 제조,17106,위생용 원지 제조업,세세분류,MED,haeseolseo
화장지 제조,17902,위생용 종이제품 제조업,세세분류,MED,haeseolseo
화장지용 박엽지 원지 제조,17106,위생용 원지 제조업,세세분류,MED,haeseolseo
화재 경보기 제조,28901,전기 경보 및 신호장치 제조업,세세분류,MED,haeseolseo
화초 종근 생산,01123,종자 및 묘목 생산업,세세분류,MED,haeseolseo
화폐 교환기 제조,29199,그 외 기타 일반목적용 기계 제조업,세세분류,MED,haeseolseo
화학 목재펄프 제조,17101,펄프 제조업,세세분류,MED,haeseolseo
"화학 살충제, 살균제, 방충제, 소독제 제조",20313,유기질 비료 및 상토 제조업,세세분류,MED,haeseolseo
"화학 성장 촉진제, 생장 조절제, 발아 억제 제조",20313,유기질 비료 및 상토 제조업,세세분류,MED,haeseolseo
화학섬유 방사기 제조,29291,"고무, 화학섬유 및 플라스틱 성형기 제조업",세세분류,MED,haeseolseo
화학섬유 인발기 제조,29291,"고무, 화학섬유 및 플라스틱 성형기 제조업",세세분류,MED,haeseolseo
확성기 제조,26529,기타 음향기기 제조업,세세분류,MED,haeseolseo
환등기 제조,27309,기타 광학기기 및 사진기 제조업,세세분류,MED,haeseolseo
환자용 운송장비 제조,31991,자전거 및 환자용 차량 제조업,세세분류,MED,haeseolseo
환풍기 제조,28519,기타 가정용 전기 기기 제조업,세세분류,MED,haeseolseo
환풍장치 제조,29174,산업용 송풍기 및 배기장치 제조업,세세분류,MED,haeseolseo
환형동물 사육,01299,그 외 기타 축산업,세세분류,MED,haeseolseo
활공기 제조,31311,"유인 항공기, 항공 우주선 및 보조장치 제조업",세세분류,MED,haeseolseo
활성탄 제조,20499,그 외 기타 분류 안된 화학제품 제조업,세세분류,MED,haeseolseo
활자 주조기 제조,29292,인쇄 및 제책용 기계 제조업,세세분류,MED,haeseolseo
활판 및 연판 인쇄,18119,기타 인쇄업,세세분류,MED,haeseolseo
활판 인쇄용 기계 제조,29292,인쇄 및 제책용 기계 제조업,세세분류,MED,haeseolseo
황산지 제조,17109,기타 종이 및 판지 제조업,세세분류,MED,haeseolseo
회전 그네 제조,33302,놀이터용 장비 제조업,세세분류,MED,haeseolseo
회전 낙하장치 제조,33999,그 외 기타 달리 분류되지 않은 제품 제조업,세세분류,MED,haeseolseo
회전계 제조,27214,속도계 및 적산계기 제조업,세세분류,MED,haeseolseo
회전문 제조,25111,"금속 문, 창, 셔터 및 관련제품 제조업",세세분류,MED,haeseolseo
회전식 피스톤 내연기관 제조,30110,자동차용 엔진 제조업,세세분류,MED,haeseolseo
회중시계 제조,27220,시계 및 시계 부품 제조업,세세분류,MED,haeseolseo
회화용 물감 제조,20413,인쇄 잉크 및 회화용 물감 제조업,세세분류,MED,haeseolseo
"효모, 효소 추출 가공품 제조",10897,건강 기능식품 제조업,세세분류,MED,haeseolseo
효소 및 기타 효소제품 제조,20119,기타 기초 유기 화학물질 제조업,세세분류,MED,haeseolseo
"훈제, 조리 곡물 제조",10519,기타 곡물 가공품 제조업,세세분류,MED,haeseolseo
훈제품 제조,10129,육류 기타 가공 및 저장 처리업(가금류 제외),세세분류,MED,haeseolseo
휘발성 메모리용 전자집적회로 제조,26111,메모리용 전자집적회로 제조업,세세분류,MED,haeseolseo
휴대용 소형 컴퓨터 제조,26310,컴퓨터 제조업,세세분류,MED,haeseolseo
휴대용 오락 게임기 제조,33402,영상게임기 제조업,세세분류,MED,haeseolseo
휴대용 조명장치 제조,28429,기타 조명장치 제조업,세세분류,MED,haeseolseo
휴대용 텔레비전 제조,26511,텔레비전 제조업,세세분류,MED,haeseolseo
흑연 조제품 제조,23999,그 외 기타 분류 안된 비금속 광물제품 제조업,세세분류,MED,haeseolseo
흙벽돌 및 블록 제조,23999,그 외 기타 분류 안된 비금속 광물제품 제조업,세세분류,MED,haeseolseo
흥행장용품 제조,33999,그 외 기타 달리 분류되지 않은 제품 제조업,세세분류,MED,haeseolseo
희소 가스 제조,20122,"산소, 질소 및 기타 산업용 가스 제조업",세세분류,MED,haeseolseo
게임 개발,5821,게임 소프트웨어 개발 및 공급업,세분류,MED,seed_manual
게임 기업,5821,게임 소프트웨어 개발 및 공급업,세분류,MED,seed_manual
게임 배급업,5821,게임 소프트웨어 개발 및 공급업,세분류,MED,seed_manual
게임 소프트웨어,5821,게임 소프트웨어 개발 및 공급업,세분류,MED,seed_manual
게임 제작사,5821,게임 소프트웨어 개발 및 공급업,세분류,MED,seed_manual
게임 콘텐츠,5821,게임 소프트웨어 개발 및 공급업,세분류,MED,seed_manual
게임 퍼블리싱,5821,게임 소프트웨어 개발 및 공급업,세분류,MED,seed_manual
게임개발,5821,게임 소프트웨어 개발 및 공급업,세분류,MED,seed_manual
게임기업,5821,게임 소프트웨어 개발 및 공급업,세분류,MED,seed_manual
게임콘텐츠,5821,게임 소프트웨어 개발 및 공급업,세분류,MED,seed_manual
디저트카페,56221,커피 전문점,세세분류,MED,seed_manual
로봇 제조,29280,산업용 로봇 제조업,세세분류,MED,seed_manual
만화 출판,58112,만화 출판업,세세분류,HIGH,seed_manual
모바일게임,58212,모바일 게임 소프트웨어 개발 및 공급업,세세분류,MED,seed_manual
반도체 소부장,261,반도체 제조업,소분류,MED,seed_manual
반도체 소자,261,반도체 제조업,소분류,MED,seed_manual
반도체 제조,261,반도체 제조업,소분류,HIGH,seed_manual
배터리 제조,2820,일차전지 및 이차전지 제조업,세분류,MED,seed_manual
브런치카페,56221,커피 전문점,세세분류,MED,seed_manual
산업용 로봇,29280,산업용 로봇 제조업,세세분류,HIGH,seed_manual
승강기 부품,29162,승강기 제조업,세세분류,MED,seed_manual
승강기 제조,29162,승강기 제조업,세세분류,HIGH,seed_manual
승강기 제조업,29162,승강기 제조업,세세분류,HIGH,seed_manual
애니메이션 기업,59112,애니메이션 영화 및 비디오물 제작업,세세분류,MED,seed_manual
애니메이션 제작,59112,애니메이션 영화 및 비디오물 제작업,세세분류,HIGH,seed_manual
에스컬레이터 제조,29162,승강기 제조업,세세분류,MED,seed_manual
엘리베이터 제조,29162,승강기 제조업,세세분류,MED,seed_manual
영상콘텐츠 제작,59111,일반 영화 및 비디오물 제작업,세세분류,MED,seed_manual
영화 제작사,59111,일반 영화 및 비디오물 제작업,세세분류,MED,seed_manual
웹툰 제작,58112,만화 출판업,세세분류,MED,seed_manual
의료기기 기업,271,의료용 기기 제조업,소분류,MED,seed_manual
의료기기 제조,271,의료용 기기 제조업,소분류,HIGH,seed_manual
의료기기 제조기업,271,의료용 기기 제조업,소분류,HIGH,seed_manual
의료기기 제조업,271,의료용 기기 제조업,소분류,MED,seed_manual
이차전지 기업,2820,일차전지 및 이차전지 제조업,세분류,MED,seed_manual
이차전지 제조,2820,일차전지 및 이차전지 제조업,세분류,HIGH,seed_manual
자동차 부품 제조,303,자동차 신품 부품 제조업,소분류,HIGH,seed_manual
자동차 부품 제조업,303,자동차 신품 부품 제조업,소분류,HIGH,seed_manual
자동차부품 제조기업,303,자동차 신품 부품 제조업,소분류,HIGH,seed_manual
차체 제조,303,자동차 신품 부품 제조업,소분류,MED,seed_manual
커피 전문점,56221,커피 전문점,세세분류,HIGH,seed_manual
커피숍,56221,커피 전문점,세세분류,MED,seed_manual
커피전문점,56221,커피 전문점,세세분류,MED,seed_manual
화장품 제조,20423,화장품 제조업,세세분류,HIGH,seed_manual
화장품 제조업,20423,화장품 제조업,세세분류,HIGH,seed_manual
화장품,20423,화장품 제조업,세세분류,HIGH,seed_manual
원전기업,35111,원자력 발전업,세세분류,MED,seed_manual
