doc_id,business_code,doc_type,doc_text
011000__name0,011000,name,곡물 및 기타 식량작물 재배업
011000__hier0,011000,hier,"농업, 임업 및 어업 > 농업 > 작물 재배업 > 곡물 및 기타 식량작물 재배업"
011000__example0,011000,example,"벼, 보리, 밀, 수수 재배"
011000__example1,011000,example,"감자, 고구마 재배"
011000__example2,011000,example,메밀 재배
011000__example3,011000,example,"옥수수, 콩, 녹두 재배"
011000__xref0,011000,xref,곡물 및 기타 식량작물 재배
011001__name0,011001,name,채소작물 재배업
011001__hier0,011001,hier,"농업, 임업 및 어업 > 농업 > 작물 재배업 > 채소, 화훼작물 및 종묘 재배업"
011001__example0,011001,example,"풋마늘, 마늘 및 풋고추 재배"
011001__example1,011001,example,파 및 양파 재배
011001__example2,011001,example,아스파라거스 재배
011001__example3,011001,example,잎채소 재배
011001__xref0,011001,xref,"멜론, 수박, 토마토 및 기타 과일채소 노지재배"
011002__name0,011002,name,화훼작물 재배업
011002__hier0,011002,hier,"농업, 임업 및 어업 > 농업 > 작물 재배업 > 채소, 화훼작물 및 종묘 재배업"
011002__example0,011002,example,정원수 재배
011002__example1,011002,example,조원용 풀 재배
011002__example2,011002,example,절화용 화초 재배
011002__example3,011002,example,분재 재배
011002__xref0,011002,xref,조경수를 재배한 사업체가 식재를 하는 경우
011003__name0,011003,name,종자 및 묘목 생산업
011003__hier0,011003,hier,"농업, 임업 및 어업 > 농업 > 작물 재배업 > 채소, 화훼작물 및 종묘 재배업"
011003__example0,011003,example,"채소, 화초, 과수 종자 생산"
011003__example1,011003,example,"채소, 화초, 과수 묘목 생산"
011003__example2,011003,example,버섯 종균 생산
011003__example3,011003,example,접수 및 삽수 묘목 생산
011003__example4,011003,example,화초 종근 생산
011003__example5,011003,example,벼 모판 생산
011003__xref0,011003,xref,작물의 종묘 생산
011003__xref1,011003,xref,채소작물 종자 및 묘목 생산
011003__xref2,011003,xref,화훼작물의 종자 및 묘목 생산
011003__xref3,011003,xref,노지 및 시설 내에서 종묘생산
011003__xref4,011003,xref,농업용 종자 재배업
011003__xref5,011003,xref,임업용 이외의 종묘 생산
011004__name0,011004,name,과실작물 재배업
011004__hier0,011004,hier,"농업, 임업 및 어업 > 농업 > 작물 재배업 > 과실, 음료용 및 향신용 작물 재배업"
011004__example0,011004,example,"밤, 호두 및 대추 재배"
011004__example1,011004,example,"복숭아, 포도 및 감귤 재배"
011004__example2,011004,example,바나나 재배
011004__example3,011004,example,키위 및 망고스틴 재배
011004__example4,011004,example,무화과 재배
011004__xref0,011004,xref,"과실, 견과, 음료용 또는 향신용 작물 재배"
011005__name0,011005,name,음료용 및 향신용 작물 재배업
011005__hier0,011005,hier,"농업, 임업 및 어업 > 농업 > 작물 재배업 > 과실, 음료용 및 향신용 작물 재배업"
011005__example0,011005,example,고추(풋고추 제외) 재배
011005__example1,011005,example,생강 재배
011005__example2,011005,example,정향 재배
011005__example3,011005,example,녹차용 작물 재배
011005__example4,011005,example,커피 재배
011005__example5,011005,example,코코아 재배
011005__xref0,011005,xref,"과실, 견과, 음료용 또는 향신용 작물 재배"
011005__xref1,011005,xref,음료용 및 향신용 작물 재배
011006__name0,011006,name,기타 작물 재배업
011006__hier0,011006,hier,"농업, 임업 및 어업 > 농업 > 작물 재배업 > 기타 작물 재배업"
011006__example0,011006,example,인삼 재배
011006__example1,011006,example,호프 재배
011006__example2,011006,example,섬유작물 재배
011006__example3,011006,example,비 및 솔 제조용 작물 재배
011006__example4,011006,example,유지작물 재배
011006__example5,011006,example,조물재료용 작물 재배
011006__example6,011006,example,낙화생(땅콩) 재배
011006__example7,011006,example,잎담배 재배
011006__xref0,011006,xref,사료용 작물 재배
011006__xref1,011006,xref,유지(기름 추출용) 작물 재배
011006__xref2,011006,xref,재배한 고무나무에서 천연고무 라텍스액 채취
011006__xref3,011006,xref,재배 농가에서 자기 잎담배를 직접 건조할 경우
011007__name0,011007,name,기타 시설작물 재배업
011007__hier0,011007,hier,"농업, 임업 및 어업 > 농업 > 작물 재배업 > 시설작물 재배업"
011007__desc0,011007,desc,콩나물 재배
011007__example0,011007,example,버섯 재배
011007__example1,011007,example,작물 배양 재배
011007__example2,011007,example,음료용 작물 시설재배
011007__example3,011007,example,공예작물 시설재배
011007__example4,011007,example,향신용 작물 시설재배
011007__xref0,011007,xref,시설작물 재배
011007__xref1,011007,xref,"콩나물, 버섯 및 기타 채소작물의 시설재배"
011007__xref2,011007,xref,"음료용 및 향신용, 공예용 작물 시설 재배"
011008__name0,011008,name,"채소, 화훼 및 과실작물 시설 재배업"
011008__hier0,011008,hier,"농업, 임업 및 어업 > 농업 > 작물 재배업 > 시설작물 재배업"
011008__xref0,011008,xref,시설작물 재배
011008__xref1,011008,xref,"콩나물, 버섯 및 기타 채소작물의 시설재배"
011008__xref2,011008,xref,화훼작물의 시설재배
011008__xref3,011008,xref,화훼작물 시설 재배
011009__name0,011009,name,기타 시설작물 재배업
011009__hier0,011009,hier,"농업, 임업 및 어업 > 농업 > 작물 재배업 > 시설작물 재배업"
011009__example0,011009,example,버섯 재배
011009__example1,011009,example,작물 배양 재배
011009__example2,011009,example,음료용 작물 시설재배
011009__example3,011009,example,공예작물 시설재배
011009__example4,011009,example,향신용 작물 시설재배
011009__example5,011009,example,콩나물 재배
011009__xref0,011009,xref,시설작물 재배
011009__xref1,011009,xref,"콩나물, 버섯 및 기타 채소작물의 시설재배"
011009__xref2,011009,xref,"음료용 및 향신용, 공예용 작물 시설 재배"
012101__name0,012101,name,육우 사육업
012101__hier0,012101,hier,"농업, 임업 및 어업 > 농업 > 축산업 > 소 사육업"
012101__xref0,012101,xref,사육활동에 결합된 동물성 물질 생산
012101__xref1,012101,xref,"동물을 번식, 증식, 사육하는 활동"
012102__name0,012102,name,말 및 양 사육업
012102__hier0,012102,hier,"농업, 임업 및 어업 > 농업 > 축산업 > 기타 축산업"
012102__example0,012102,example,양 사육
012102__example1,012102,example,양모 생산
012102__example2,012102,example,당나귀 사육
012102__example3,012102,example,양젖 생산
012102__example4,012102,example,말 사육
012102__xref0,012102,xref,사육활동에 결합된 동물성 물질 생산
012102__xref1,012102,xref,"동물을 번식, 증식, 사육하는 활동"
012103__name0,012103,name,"그 외 기타 축산업(사슴, 토끼)"
012103__hier0,012103,hier,"농업, 임업 및 어업 > 농업 > 축산업 > 기타 축산업"
012103__ksic0,012103,ksic,그 외 기타 축산업
012103__desc0,012103,desc,"사슴, 토끼"
012103__example0,012103,example,양봉업
012103__example1,012103,example,실험용 쥐 생산
012103__example2,012103,example,여우 및 곰 사육
012103__example3,012103,example,곤충류 사육
012103__example4,012103,example,"토끼, 개 및 사슴 사육"
012103__example5,012103,example,양잠업
012103__example6,012103,example,환형동물(지렁이 등) 사육
012103__xref0,012103,xref,사육활동에 결합된 동물성 물질 생산
012103__xref1,012103,xref,"동물을 번식, 증식, 사육하는 활동"
012104__name0,012104,name,젖소 사육업
012104__hier0,012104,hier,"농업, 임업 및 어업 > 농업 > 축산업 > 소 사육업"
012104__example0,012104,example,젖소 사육
012104__example1,012104,example,생우유 생산
012104__xref0,012104,xref,사육활동에 결합된 동물성 물질 생산
012104__xref1,012104,xref,"동물을 번식, 증식, 사육하는 활동"
012105__name0,012105,name,그 외 기타 축산업(개)
012105__hier0,012105,hier,"농업, 임업 및 어업 > 농업 > 축산업 > 기타 축산업"
012105__ksic0,012105,ksic,그 외 기타 축산업
012105__example0,012105,example,양봉업
012105__example1,012105,example,실험용 쥐 생산
012105__example2,012105,example,여우 및 곰 사육
012105__example3,012105,example,곤충류 사육
012105__example4,012105,example,"토끼, 개 및 사슴 사육"
012105__example5,012105,example,양잠업
012105__example6,012105,example,환형동물(지렁이 등) 사육
012105__xref0,012105,xref,사육활동에 결합된 동물성 물질 생산
012105__xref1,012105,xref,"동물을 번식, 증식, 사육하는 활동"
012201__name0,012201,name,양돈업
012201__hier0,012201,hier,"농업, 임업 및 어업 > 농업 > 축산업 > 양돈업"
012201__example0,012201,example,돼지 사육
012201__example1,012201,example,멧돼지 사육
012201__xref0,012201,xref,사육활동에 결합된 동물성 물질 생산
012201__xref1,012201,xref,"동물을 번식, 증식, 사육하는 활동"
012202__name0,012202,name,양계업
012202__hier0,012202,hier,"농업, 임업 및 어업 > 농업 > 축산업 > 가금류 및 조류 사육업"
012202__example0,012202,example,닭 사육
012202__example1,012202,example,양계장 운영
012202__example2,012202,example,계란 생산
012202__example3,012202,example,병아리 부화장 운영
012202__xref0,012202,xref,닭 사육 및 부화
012202__xref1,012202,xref,가금부화 서비스
012202__xref2,012202,xref,사육활동에 결합된 동물성 물질 생산
012202__xref3,012202,xref,"동물을 번식, 증식, 사육하는 활동"
012203__name0,012203,name,기타 가금류 및 조류 사육업
012203__hier0,012203,hier,"농업, 임업 및 어업 > 농업 > 축산업 > 가금류 및 조류 사육업"
012203__example0,012203,example,가금(닭 제외) 사육
012203__example1,012203,example,조란(계란 제외) 생산
012203__example2,012203,example,실험용 조류 사육
012203__example3,012203,example,관상용 조류 사육
012203__example4,012203,example,메추리 사육
012203__example5,012203,example,가금(닭 제외) 부화
012203__xref0,012203,xref,가금부화 서비스
012203__xref1,012203,xref,사육활동에 결합된 동물성 물질 생산
012203__xref2,012203,xref,"동물을 번식, 증식, 사육하는 활동"
012204__name0,012204,name,그 외 기타 축산업
012204__hier0,012204,hier,"농업, 임업 및 어업 > 농업 > 축산업 > 기타 축산업"
012204__example0,012204,example,양봉업
012204__example1,012204,example,실험용 쥐 생산
012204__example2,012204,example,여우 및 곰 사육
012204__example3,012204,example,곤충류 사육
012204__example4,012204,example,"토끼, 개 및 사슴 사육"
012204__example5,012204,example,양잠업
012204__example6,012204,example,환형동물(지렁이 등) 사육
012204__xref0,012204,xref,사육활동에 결합된 동물성 물질 생산
012204__xref1,012204,xref,"동물을 번식, 증식, 사육하는 활동"
014300__name0,014300,name,축산 관련 서비스업
014300__hier0,014300,hier,"농업, 임업 및 어업 > 농업 > 작물재배 및 축산 관련 서비스업 > 축산 관련 서비스업"
014300__example0,014300,example,가금감별 서비스
014300__example1,014300,example,동물 인공수정
014300__example2,014300,example,품종개량 서비스
014300__example3,014300,example,거세 서비스
014300__example4,014300,example,혈통검사 서비스
014300__example5,014300,example,동물 먹이주기 대리
014300__xref0,014300,xref,가금 감별활동
014300__xref1,014300,xref,가금 및 조류 감별활동
014300__xref2,014300,xref,인공 수정 및 거세 서비스
014301__name0,014301,name,작물재배 및 축산 복합농업
014301__hier0,014301,hier,"농업, 임업 및 어업 > 농업 > 작물재배 및 축산 복합농업 > 작물재배 및 축산 복합농업"
014301__example0,014301,example,작물재배와 축산 복합 생산
014302__name0,014302,name,작물재배 지원 서비스업
014302__hier0,014302,hier,"농업, 임업 및 어업 > 농업 > 작물재배 및 축산 관련 서비스업 > 작물재배 관련 서비스업"
014302__example0,014302,example,농약 뿌리기 서비스
014302__example1,014302,example,작물 수확 서비스
014302__example2,014302,example,농업용수 공급
014302__example3,014302,example,농업 노동자 공급
014302__xref0,014302,xref,농업용수 공급 및 농업용 관개시설 운영
014302__xref1,014302,xref,농작물 해충 구제 서비스
014302__xref2,014302,xref,장비 임대
014303__name0,014303,name,"농산물 건조, 선별 및 기타 수확 후 서비스업"
014303__hier0,014303,hier,"농업, 임업 및 어업 > 농업 > 작물재배 및 축산 관련 서비스업 > 작물재배 관련 서비스업"
014303__example0,014303,example,과실 선과장 운영
014303__example1,014303,example,농산물 건조장 운영
014303__example2,014303,example,종자 가공업 운영
014303__xref0,014303,xref,수수료 또는 계약에 의하여 타농가의 잎담배를 건조할 경우
015000__name0,015000,name,수렵 및 관련 서비스업
015000__hier0,015000,hier,"농업, 임업 및 어업 > 농업 > 수렵 및 관련 서비스업 > 수렵 및 관련 서비스업"
015000__example0,015000,example,수렵활동
015000__example1,015000,example,야생 개구리 포획
015000__example2,015000,example,"육상에서 수행하는 수산 포유동물(해마, 바다표범) 포획"
015000__xref0,015000,xref,수렵관련 서비스 활동
015000__xref1,015000,xref,개구리 포획
020100__name0,020100,name,임업용 종묘 생산업
020100__hier0,020100,hier,"농업, 임업 및 어업 > 임업 > 임업 > 영림업"
020100__example0,020100,example,임업용 묘목 생산
020100__example1,020100,example,임업용 종자 생산
020100__xref0,020100,xref,육림용 종자 및 묘목 생산
020101__name0,020101,name,육림업
020101__hier0,020101,hier,"농업, 임업 및 어업 > 임업 > 임업 > 영림업"
020101__example0,020101,example,임목지 운영
020101__example1,020101,example,자영 산림 내에서 임업 부산물 생산
020101__xref0,020101,xref,육림업자가 자영 산림 내에서 야생식물을 채취하는 경우
020102__name0,020102,name,임산물 채취업
020102__hier0,020102,hier,"농업, 임업 및 어업 > 임업 > 임업 > 임산물 채취업"
020102__example0,020102,example,천연 검 및 수지 채취
020102__example1,020102,example,"쿠션, 매트리스 등 충전용 식물성 재료 채취"
020102__example2,020102,example,천연 코르크 채취
020102__example3,020102,example,"편조물용 식물성 재료 채취 농업, 임업 및 어업"
020200__name0,020200,name,벌목업
020200__hier0,020200,hier,"농업, 임업 및 어업 > 임업 > 임업 > 벌목업"
020200__example0,020200,example,원목 생산
020200__example1,020200,example,연료용 나무 생산
020200__example2,020200,example,벌목업자
020200__example3,020200,example,화목 생산
020300__name0,020300,name,임업 관련 서비스업
020300__hier0,020300,hier,"농업, 임업 및 어업 > 임업 > 임업 > 임업 관련 서비스업"
020300__example0,020300,example,산불 방지 서비스
020300__example1,020300,example,산림 병충해 방지 서비스
020300__example2,020300,example,산림 경비 및 보조 서비스
020300__example3,020300,example,수목 조사 및 평가 서비스
020300__example4,020300,example,목재 운반 및 이동 서비스(벌목장 내)
020300__xref0,020300,xref,정리활동
051102__name0,051102,name,연근해 어업
051102__hier0,051102,hier,"농업, 임업 및 어업 > 어업 > 어로 어업 > 해수면 어업"
051102__example0,051102,example,어류 포획
051102__example1,051102,example,수산 무척추동물 포획
051102__example2,051102,example,진주조개 채취
051102__example3,051102,example,"산호 채취 농업, 임업 및 어업"
051102__xref0,051102,xref,고래 수상 포획활동
051104__name0,051104,name,원양 어업
051104__hier0,051104,hier,"농업, 임업 및 어업 > 어업 > 어로 어업 > 해수면 어업"
051104__example0,051104,example,어류 포획
051104__example1,051104,example,수산 무척추동물 포획
051104__example2,051104,example,진주조개 채취
051104__example3,051104,example,산호 채취
051104__xref0,051104,xref,고래 수상 포획활동
051200__name0,051200,name,내수면 어업
051200__hier0,051200,hier,"농업, 임업 및 어업 > 어업 > 어로 어업 > 내수면 어업"
051200__example0,051200,example,어류 포획
051200__example1,051200,example,연체동물 포획
051200__example2,051200,example,갑각류 채취
051200__example3,051200,example,수산 식물 채취
052101__name0,052101,name,해수면 양식 어업
052101__hier0,052101,hier,"농업, 임업 및 어업 > 어업 > 양식어업 및 어업관련 서비스업 > 양식 어업"
052101__example0,052101,example,수산 동물 양식
052101__example1,052101,example,수산 식물 양식
052101__example2,052101,example,진주 양식
052101__example3,052101,example,해산물 양식
052103__name0,052103,name,내수면 양식 어업
052103__hier0,052103,hier,"농업, 임업 및 어업 > 어업 > 양식어업 및 어업관련 서비스업 > 양식 어업"
052103__example0,052103,example,수산 동물 양식
052103__example1,052103,example,수산 식물 양식
052103__example2,052103,example,개구리 양식
052103__example3,052103,example,우렁이 양식
052104__name0,052104,name,수산물 부화 및 수산 종자 생산업
052104__hier0,052104,hier,"농업, 임업 및 어업 > 어업 > 양식어업 및 어업관련 서비스업 > 양식 어업"
052104__example0,052104,example,수산 동물 및 식물 종자생산
052104__example1,052104,example,어족 부화 서비스
052104__xref0,052104,xref,어족부화 서비스
052200__name0,052200,name,어업 관련 서비스업
052200__hier0,052200,hier,"농업, 임업 및 어업 > 어업 > 양식어업 및 어업관련 서비스업 > 어업 관련 서비스업"
052200__example0,052200,example,어획물 정리 서비스
052200__example1,052200,example,어획물 출하 준비 서비스
052200__example2,052200,example,"수산물 선별, 정리 서비스"
052200__xref0,052200,xref,정리 활동
101000__name0,101000,name,석탄 광업
101000__hier0,101000,hier,"광업 > 석탄, 원유 및 천연가스 광업 > 석탄 광업 > 석탄 광업"
101000__example0,101000,example,역청질탄(석탄) 채굴 및 선광
101000__example1,101000,example,유연탄 채굴 및 선광
101000__example2,101000,example,갈탄 채굴 및 선광
101001__name0,101001,name,그 외 기타 비금속광물 광업
101001__hier0,101001,hier,광업 > 비금속광물 광업; 연료용 제외 > 기타 비금속광물 광업 > 그 외 기타 비금속광물 광업
101001__desc0,101001,desc,토탄
101001__example0,101001,example,"장석, 규조토, 백류석 채굴"
101001__example1,101001,example,"하석, 활석, 운모 채굴"
101001__example2,101001,example,섬장암 채굴
101001__example3,101001,example,규산질 토(흙) 채굴
101001__example4,101001,example,천연 동석 채굴
101001__example5,101001,example,"흑연, 인상흑연 채굴"
101001__example6,101001,example,토상흑연 채굴
101001__example7,101001,example,연마용 광물재료 채굴
101001__example8,101001,example,천연 아스팔트 채굴
101001__example9,101001,example,석면 채굴
101001__example10,101001,example,천연 커런덤 채굴
101001__example11,101001,example,다이아몬드 채굴
101001__example12,101001,example,토탄 채굴
101001__xref0,101001,xref,"흑연, 장석, 백류석, 규조토 채굴"
131000__name0,131000,name,철 광업
131000__hier0,131000,hier,광업 > 금속 광업 > 철 광업 > 철 광업
131000__example0,131000,example,자철광석 채굴
131000__example1,131000,example,철광석 채굴 및 정광활동
131000__example2,131000,example,철광석분 응집처리
131000__example3,131000,example,능철광석 채굴
131000__example4,131000,example,사철광 채굴
131003__name0,131003,name,비철금속 광업
131003__hier0,131003,hier,광업 > 금속 광업 > 비철금속 광업 > 비철금속 광업
131003__desc0,131003,desc,"텅스텐, 몰리브덴"
131003__example0,131003,example,우라늄 및 토륨광 채굴
131003__example1,131003,example,귀금속 채굴 및 정광
131003__example2,131003,example,배금광석 채굴 및 정광
131003__example3,131003,example,사금 채취
131003__example4,131003,example,연(납)광석 채굴 및 정광
131003__example5,131003,example,아연광석 채굴 및 정광
131003__example6,131003,example,동광석 채굴 및 정광
131003__example7,131003,example,텅스텐광 채굴
131003__example8,131003,example,주석 및 알루미늄광석 채굴
131003__example9,131003,example,망가니즈 및 니켈광석 채굴
131003__example10,131003,example,"중석(흑중석, 회중석 등)광 채굴"
131003__example11,131003,example,수은 및 바나듐광석 채굴
131003__example12,131003,example,몰리브덴광석 채굴
131003__example13,131003,example,크롬광석 채굴
131003__example14,131003,example,티타늄광석 채굴
131003__example15,131003,example,지르코늄광석 채굴
131003__example16,131003,example,탄탈륨광석 채굴
131003__example17,131003,example,코발트광석 채굴
131003__example18,131003,example,안티몬광석 채굴
132002__name0,132002,name,비철금속 광업
132002__hier0,132002,hier,광업 > 금속 광업 > 비철금속 광업 > 비철금속 광업
132002__desc0,132002,desc,기타 비철금속
132002__example0,132002,example,우라늄 및 토륨광 채굴
132002__example1,132002,example,귀금속 채굴 및 정광
132002__example2,132002,example,배금광석 채굴 및 정광
132002__example3,132002,example,사금 채취
132002__example4,132002,example,연(납)광석 채굴 및 정광
132002__example5,132002,example,아연광석 채굴 및 정광
132002__example6,132002,example,동광석 채굴 및 정광
132002__example7,132002,example,텅스텐광 채굴
132002__example8,132002,example,주석 및 알루미늄광석 채굴
132002__example9,132002,example,망가니즈 및 니켈광석 채굴
132002__example10,132002,example,"중석(흑중석, 회중석 등)광 채굴"
132002__example11,132002,example,수은 및 바나듐광석 채굴
132002__example12,132002,example,몰리브덴광석 채굴
132002__example13,132002,example,크롬광석 채굴
132002__example14,132002,example,티타늄광석 채굴
132002__example15,132002,example,지르코늄광석 채굴
132002__example16,132002,example,탄탈륨광석 채굴
132002__example17,132002,example,코발트광석 채굴
132002__example18,132002,example,안티몬광석 채굴
132003__name0,132003,name,비철금속 광업
132003__hier0,132003,hier,광업 > 금속 광업 > 비철금속 광업 > 비철금속 광업
132003__desc0,132003,desc,"금ㆍ은 및 백금, 동광석"
132003__example0,132003,example,우라늄 및 토륨광 채굴
132003__example1,132003,example,귀금속 채굴 및 정광
132003__example2,132003,example,배금광석 채굴 및 정광
132003__example3,132003,example,사금 채취
132003__example4,132003,example,연(납)광석 채굴 및 정광
132003__example5,132003,example,아연광석 채굴 및 정광
132003__example6,132003,example,동광석 채굴 및 정광
132003__example7,132003,example,텅스텐광 채굴
132003__example8,132003,example,주석 및 알루미늄광석 채굴
132003__example9,132003,example,망가니즈 및 니켈광석 채굴
132003__example10,132003,example,"중석(흑중석, 회중석 등)광 채굴"
132003__example11,132003,example,수은 및 바나듐광석 채굴
132003__example12,132003,example,몰리브덴광석 채굴
132003__example13,132003,example,크롬광석 채굴
132003__example14,132003,example,티타늄광석 채굴
132003__example15,132003,example,지르코늄광석 채굴
132003__example16,132003,example,탄탈륨광석 채굴
132003__example17,132003,example,코발트광석 채굴
132003__example18,132003,example,안티몬광석 채굴
141001__name0,141001,name,건설용 석재 채굴 및 쇄석 생산업
141001__hier0,141001,hier,"광업 > 비금속광물 광업; 연료용 제외 > 토사석 광업 > 석재, 쇄석 및 모래, 자갈 채취업"
141001__desc0,141001,desc,건설용 석재 채굴
141001__example0,141001,example,대리석 채취
141001__example1,141001,example,화강암 채취
141001__example2,141001,example,사암 채취
141001__example3,141001,example,암석 채취(건축용)
141001__example4,141001,example,쇄석 채굴 생산(건설용)
141001__example5,141001,example,암석 채굴 분쇄
141001__example6,141001,example,사암 채굴 분쇄
141001__example7,141001,example,반려암 채굴 분쇄
141002__name0,141002,name,석회석 및 점토 광업
141002__hier0,141002,hier,광업 > 비금속광물 광업; 연료용 제외 > 토사석 광업 > 석회석 및 점토 광업
141002__example0,141002,example,석회질암석 채굴
141002__example1,141002,example,백운석 채굴
141002__example2,141002,example,천연 무수석고(경석고) 채굴
141002__example3,141002,example,점토 채취
141002__example4,141002,example,"남정석, 규선석 채취"
141002__example5,141002,example,내화재용 광물 채취
141002__example6,141002,example,천연 뮬라이트 채취
141002__example7,141002,example,홍주석 채취
141002__xref0,141002,xref,천연 석고 및 무수석고 채굴
141002__xref1,141002,xref,석고 및 경석고 채취활동
141003__name0,141003,name,건설용 석재 채굴 및 쇄석 생산업
141003__hier0,141003,hier,"광업 > 비금속광물 광업; 연료용 제외 > 토사석 광업 > 석재, 쇄석 및 모래, 자갈 채취업"
141003__desc0,141003,desc,건설용 쇄석 생산
141003__example0,141003,example,대리석 채취
141003__example1,141003,example,화강암 채취
141003__example2,141003,example,사암 채취
141003__example3,141003,example,암석 채취(건축용)
141003__example4,141003,example,쇄석 채굴 생산(건설용)
141003__example5,141003,example,암석 채굴 분쇄
141003__example6,141003,example,사암 채굴 분쇄
141003__example7,141003,example,반려암 채굴 분쇄
141004__name0,141004,name,모래 및 자갈 채취업
141004__hier0,141004,hier,"광업 > 비금속광물 광업; 연료용 제외 > 토사석 광업 > 석재, 쇄석 및 모래, 자갈 채취업"
141004__example0,141004,example,자갈 채취
141004__example1,141004,example,점토사 채취
141004__example2,141004,example,규사 채취
141004__example3,141004,example,장석사 채취
141006__name0,141006,name,모래 및 자갈 채취업
141006__hier0,141006,hier,"광업 > 비금속광물 광업; 연료용 제외 > 토사석 광업 > 석재, 쇄석 및 모래, 자갈 채취업"
141006__desc0,141006,desc,공업용 모래 채취
141006__example0,141006,example,자갈 채취
141006__example1,141006,example,점토사 채취
141006__example2,141006,example,규사 채취
141006__example3,141006,example,장석사 채취
142101__name0,142101,name,그 외 기타 비금속광물 광업
142101__hier0,142101,hier,광업 > 비금속광물 광업; 연료용 제외 > 기타 비금속광물 광업 > 그 외 기타 비금속광물 광업
142101__desc0,142101,desc,"활석, 장석 및 규조토"
142101__example0,142101,example,"장석, 규조토, 백류석 채굴"
142101__example1,142101,example,"하석, 활석, 운모 채굴"
142101__example2,142101,example,섬장암 채굴
142101__example3,142101,example,규산질 토(흙) 채굴
142101__example4,142101,example,천연 동석 채굴
142101__example5,142101,example,"흑연, 인상흑연 채굴"
142101__example6,142101,example,토상흑연 채굴
142101__example7,142101,example,연마용 광물재료 채굴
142101__example8,142101,example,천연 아스팔트 채굴
142101__example9,142101,example,석면 채굴
142101__example10,142101,example,천연 커런덤 채굴
142101__example11,142101,example,다이아몬드 채굴
142101__example12,142101,example,토탄 채굴
142101__xref0,142101,xref,"흑연, 장석, 백류석, 규조토 채굴"
142102__name0,142102,name,화학용 및 비료 원료용 광물 광업
142102__hier0,142102,hier,광업 > 비금속광물 광업; 연료용 제외 > 기타 비금속광물 광업 > 화학용 및 비료 원료용 광물 광업
142102__desc0,142102,desc,납석
142102__example0,142102,example,인산염 광석 채굴
142102__example1,142102,example,"어드칼라(earth collour, 색소토) 채굴"
142102__example2,142102,example,붕산나트륨광 채굴
142102__example3,142102,example,황산마그네슘광 채굴
142102__example4,142102,example,황함유 광석 채굴
142102__example5,142102,example,빙정석 채굴
142102__example6,142102,example,황화철광 채굴
142102__example7,142102,example,치올라이트 채굴
142102__example8,142102,example,납석광 채굴
142102__example9,142102,example,붕산칼슘광 채굴
142102__example10,142102,example,명반석 채굴
142102__example11,142102,example,붕산광 채굴
142102__example12,142102,example,규회석 채굴
142102__example13,142102,example,황산비소광 채굴
142102__example14,142102,example,"황산바륨광, 탄산바륨광 채굴"
142102__example15,142102,example,연망가니즈광 채굴(건전지 제조용)
142102__xref0,142102,xref,천연 황산 마그네슘광 채굴
142104__name0,142104,name,화학용 및 비료 원료용 광물 광업
142104__hier0,142104,hier,광업 > 비금속광물 광업; 연료용 제외 > 기타 비금속광물 광업 > 화학용 및 비료 원료용 광물 광업
142104__example0,142104,example,인산염 광석 채굴
142104__example1,142104,example,"어드칼라(earth collour, 색소토) 채굴"
142104__example2,142104,example,붕산나트륨광 채굴
142104__example3,142104,example,황산마그네슘광 채굴
142104__example4,142104,example,황함유 광석 채굴
142104__example5,142104,example,빙정석 채굴
142104__example6,142104,example,황화철광 채굴
142104__example7,142104,example,치올라이트 채굴
142104__example8,142104,example,납석광 채굴
142104__example9,142104,example,붕산칼슘광 채굴
142104__example10,142104,example,명반석 채굴
142104__example11,142104,example,붕산광 채굴
142104__example12,142104,example,규회석 채굴
142104__example13,142104,example,황산비소광 채굴
142104__example14,142104,example,"황산바륨광, 탄산바륨광 채굴"
142104__example15,142104,example,연망가니즈광 채굴(건전지 제조용)
142104__xref0,142104,xref,천연 황산 마그네슘광 채굴
142200__name0,142200,name,천일염 생산 및 암염 채취업
142200__hier0,142200,hier,광업 > 비금속광물 광업; 연료용 제외 > 기타 비금속광물 광업 > 천일염 생산 및 암염 채취업
142200__example0,142200,example,염수 생산(천연)
142200__example1,142200,example,식염 채취
142200__example2,142200,example,간수 생산(천연)
142200__example3,142200,example,순염화나트륨 채취
142200__xref0,142200,xref,암염 채취 및 천일염 생산
142902__name0,142902,name,그 외 기타 비금속광물 광업
142902__hier0,142902,hier,광업 > 비금속광물 광업; 연료용 제외 > 기타 비금속광물 광업 > 그 외 기타 비금속광물 광업
142902__example0,142902,example,"장석, 규조토, 백류석 채굴"
142902__example1,142902,example,"하석, 활석, 운모 채굴"
142902__example2,142902,example,섬장암 채굴
142902__example3,142902,example,규산질 토(흙) 채굴
142902__example4,142902,example,천연 동석 채굴
142902__example5,142902,example,"흑연, 인상흑연 채굴"
142902__example6,142902,example,토상흑연 채굴
142902__example7,142902,example,연마용 광물재료 채굴
142902__example8,142902,example,천연 아스팔트 채굴
142902__example9,142902,example,석면 채굴
142902__example10,142902,example,천연 커런덤 채굴
142902__example11,142902,example,다이아몬드 채굴
142902__example12,142902,example,토탄 채굴
142902__xref0,142902,xref,"흑연, 장석, 백류석, 규조토 채굴"
142909__name0,142909,name,원유 및 천연가스 채굴업
142909__hier0,142909,hier,"광업 > 석탄, 원유 및 천연가스 광업 > 원유 및 천연가스 채굴업 > 원유 및 천연가스 채굴업"
142909__example0,142909,example,원유 채굴
142909__example1,142909,example,타르 모래 채굴
142909__example2,142909,example,"유모 혈암(oil shale, 油母頁岩) 채굴"
142909__example3,142909,example,천연가스 채굴
142909__example4,142909,example,역청질을 함유한 광물 채굴(석탄 제외)
142910__name0,142910,name,광업 지원 서비스업
142910__hier0,142910,hier,광업 > 광업 지원 서비스업 > 광업 지원 서비스업 > 광업 지원 서비스업
142910__example0,142910,example,원유 및 천연가스 채굴관련 서비스
142910__example1,142910,example,유정 및 천연가스전 천공 서비스
142910__example2,142910,example,매장량 탐사 서비스
142910__example3,142910,example,유정 및 천연가스전 배수ㆍ양수 서비스
142910__example4,142910,example,"굴착 및 시험 굴착, 표본 채취 서비스"
142910__example5,142910,example,채광 현장에서 운송목적의 천연가스 액화 및 재가스화 서비스
142910__example6,142910,example,유전 및 천연가스전 소방 서비스
142910__xref0,142910,xref,계약에 의한 원유 및 천연가스 채굴관련 건설활동
143101__name0,143101,name,비철금속 광업(조광권자)
143101__hier0,143101,hier,광업 > 금속 광업 > 비철금속 광업 > 비철금속 광업
143101__ksic0,143101,ksic,비철금속 광업
143101__desc0,143101,desc,조광권자
143101__example0,143101,example,우라늄 및 토륨광 채굴
143101__example1,143101,example,귀금속 채굴 및 정광
143101__example2,143101,example,배금광석 채굴 및 정광
143101__example3,143101,example,사금 채취
143101__example4,143101,example,연(납)광석 채굴 및 정광
143101__example5,143101,example,아연광석 채굴 및 정광
143101__example6,143101,example,동광석 채굴 및 정광
143101__example7,143101,example,텅스텐광 채굴
143101__example8,143101,example,주석 및 알루미늄광석 채굴
143101__example9,143101,example,망가니즈 및 니켈광석 채굴
143101__example10,143101,example,"중석(흑중석, 회중석 등)광 채굴"
143101__example11,143101,example,수은 및 바나듐광석 채굴
143101__example12,143101,example,몰리브덴광석 채굴
143101__example13,143101,example,크롬광석 채굴
143101__example14,143101,example,티타늄광석 채굴
143101__example15,143101,example,지르코늄광석 채굴
143101__example16,143101,example,탄탈륨광석 채굴
143101__example17,143101,example,코발트광석 채굴
143101__example18,143101,example,안티몬광석 채굴
143103__name0,143103,name,철 광업(조광권자)
143103__hier0,143103,hier,광업 > 금속 광업 > 철 광업 > 철 광업
143103__ksic0,143103,ksic,철 광업
143103__desc0,143103,desc,조광권자
143103__example0,143103,example,자철광석 채굴
143103__example1,143103,example,철광석 채굴 및 정광활동
143103__example2,143103,example,철광석분 응집처리
143103__example3,143103,example,능철광석 채굴
143103__example4,143103,example,사철광 채굴
143106__name0,143106,name,석탄 광업(조광권자)
143106__hier0,143106,hier,"광업 > 석탄, 원유 및 천연가스 광업 > 석탄 광업 > 석탄 광업"
143106__ksic0,143106,ksic,석탄 광업
143106__desc0,143106,desc,조광권자
143106__example0,143106,example,역청질탄(석탄) 채굴 및 선광
143106__example1,143106,example,유연탄 채굴 및 선광
143106__example2,143106,example,갈탄 채굴 및 선광
143107__name0,143107,name,석회석 및 점토 광업
143107__name1,143107,name,건설용 석재 채굴 및 쇄석 생산업
143107__name2,143107,name,모래 및 자갈 채취업
143107__name3,143107,name,화학용 및 비료 원료용 광물 광업
143107__name4,143107,name,그 외 기타 비금속광물 광업
143107__hier0,143107,hier,"광업 > 비금속광물 광업; 연료용 제외 > 토사석 광업, 기타 비금속광물 광업 > 석회석 및 점토 광업, 석재, 쇄석 및 모래, 자갈 채취업, 화학용 및 비료 원료용 광물 광업, 그 외 기타 비금속광물 광업"
143107__ksic0,143107,ksic,"석회석 및 점토 광업, 건설용 석재 채굴 및 쇄석 생산업, 모래 및 자갈 채취업, 화학용 및 비료 원료용 광물 광업, 그 외 기타 비금속광물 광업"
143107__desc0,143107,desc,조광권자
143107__example0,143107,example,석회질암석 채굴
143107__example1,143107,example,백운석 채굴
143107__example2,143107,example,천연 무수석고(경석고) 채굴
143107__example3,143107,example,점토 채취
143107__example4,143107,example,"남정석, 규선석 채취"
143107__example5,143107,example,내화재용 광물 채취
143107__example6,143107,example,천연 뮬라이트 채취
143107__example7,143107,example,홍주석 채취
143107__example8,143107,example,대리석 채취
143107__example9,143107,example,화강암 채취
143107__example10,143107,example,사암 채취
143107__example11,143107,example,암석 채취(건축용)
143107__example12,143107,example,쇄석 채굴 생산(건설용)
143107__example13,143107,example,암석 채굴 분쇄
143107__example14,143107,example,사암 채굴 분쇄
143107__example15,143107,example,반려암 채굴 분쇄
143107__example16,143107,example,자갈 채취
143107__example17,143107,example,점토사 채취
143107__example18,143107,example,규사 채취
143107__example19,143107,example,장석사 채취
143107__example20,143107,example,인산염 광석 채굴
143107__example21,143107,example,"어드칼라(earth collour, 색소토) 채굴"
143107__example22,143107,example,붕산나트륨광 채굴
143107__example23,143107,example,황산마그네슘광 채굴
143107__example24,143107,example,황함유 광석 채굴
143107__example25,143107,example,빙정석 채굴
143107__example26,143107,example,황화철광 채굴
143107__example27,143107,example,치올라이트 채굴
143107__example28,143107,example,납석광 채굴
143107__example29,143107,example,붕산칼슘광 채굴
143107__example30,143107,example,명반석 채굴
143107__example31,143107,example,붕산광 채굴
143107__example32,143107,example,규회석 채굴
143107__example33,143107,example,황산비소광 채굴
143107__example34,143107,example,"황산바륨광, 탄산바륨광 채굴"
143107__example35,143107,example,연망가니즈광 채굴(건전지 제조용)
143107__example36,143107,example,"장석, 규조토, 백류석 채굴"
143107__example37,143107,example,"하석, 활석, 운모 채굴"
143107__example38,143107,example,섬장암 채굴
143107__example39,143107,example,규산질 토(흙) 채굴
143107__example40,143107,example,천연 동석 채굴
143107__example41,143107,example,"흑연, 인상흑연 채굴"
143107__example42,143107,example,토상흑연 채굴
143107__example43,143107,example,연마용 광물재료 채굴
143107__example44,143107,example,천연 아스팔트 채굴
143107__example45,143107,example,석면 채굴
143107__example46,143107,example,천연 커런덤 채굴
143107__example47,143107,example,다이아몬드 채굴
143107__example48,143107,example,토탄 채굴
143107__xref0,143107,xref,천연 황산 마그네슘광 채굴
143107__xref1,143107,xref,"흑연, 장석, 백류석, 규조토 채굴"
143107__xref2,143107,xref,천연 석고 및 무수석고 채굴
143107__xref3,143107,xref,석고 및 경석고 채취활동
143200__name0,143200,name,무형 재산권 임대업
143200__hier0,143200,hier,"사업시설 관리, 사업 지원 및 임대 서비스업 > 임대업; 부동산 제외 > 무형 재산권 임대업 > 무형 재산권 임대업"
143200__desc0,143200,desc,조광료
143200__example0,143200,example,특허권 임대
143200__example1,143200,example,상표권 임대
143200__example2,143200,example,브랜드 사용권 임대
143200__example3,143200,example,기술 사용권 임대
143200__xref0,143200,xref,운용 리스
143200__xref1,143200,xref,무형 재산권 임대
151101__name0,151101,name,육류 도축업(가금류 제외)
151101__hier0,151101,hier,"제조업 > 식료품 제조업 > 도축, 육류 가공 및 저장 처리업 > 도축업"
151101__example0,151101,example,가금류 이외 가축 도축
151101__example1,151101,example,고래 도축
151101__example2,151101,example,수렵동물 도축
151101__xref0,151101,xref,도축활동에 관련된 양모 생산
151101__xref1,151101,xref,"화학적으로 순수한 맥아당, 과당, 포도당 제조"
151102__name0,151102,name,가금류 가공 및 저장 처리업
151102__hier0,151102,hier,"제조업 > 식료품 제조업 > 도축, 육류 가공 및 저장 처리업 > 육류 가공 및 저장 처리업"
151102__example0,151102,example,가금 고기 통조림 제조
151102__example1,151102,example,가금 고기 훈제품 제조
151102__example2,151102,example,가금 고기 햄 제조
151102__example3,151102,example,가금 고기 커틀릿 제조
151102__example4,151102,example,밀폐 포장한 가금 고기 가공품 제조
151102__xref0,151102,xref,포장
151102__xref1,151102,xref,구입한 도축 고기 냉동활동
151102__xref2,151102,xref,가금류 가공품을 제조하는 산업활동
151102__xref3,151102,xref,고래고기 가공품 생산
151102__xref4,151102,xref,"화학적으로 순수한 맥아당, 과당, 포도당 제조"
151103__name0,151103,name,가금류 도축업
151103__hier0,151103,hier,"제조업 > 식료품 제조업 > 도축, 육류 가공 및 저장 처리업 > 도축업"
151103__example0,151103,example,가금 도축
151103__xref0,151103,xref,"화학적으로 순수한 맥아당, 과당, 포도당 제조"
151104__name0,151104,name,육류 포장육 및 냉동육 가공업(가금류 제외)
151104__hier0,151104,hier,"제조업 > 식료품 제조업 > 도축, 육류 가공 및 저장 처리업 > 육류 가공 및 저장 처리업"
151104__example0,151104,example,밀폐 포장한 가금류 이외 육지 동물고기 부분육 제조
151104__xref0,151104,xref,포장
151104__xref1,151104,xref,구입한 도축 고기 냉동활동
151104__xref2,151104,xref,고래고기 가공품 생산
151104__xref3,151104,xref,"화학적으로 순수한 맥아당, 과당, 포도당 제조"
151105__name0,151105,name,육류 기타 가공 및 저장 처리업(가금류 제외)
151105__hier0,151105,hier,"제조업 > 식료품 제조업 > 도축, 육류 가공 및 저장 처리업 > 육류 가공 및 저장 처리업"
151105__example0,151105,example,육지 동물고기 통조림 제조
151105__example1,151105,example,"육지 동물고기 햄, 소시지 제조"
151105__example2,151105,example,육지 동물고기 커틀릿 제조
151105__example3,151105,example,육지 동물고기 건조
151105__example4,151105,example,훈제품 제조
151105__example5,151105,example,육지 동물고기 분 및 조분 생산(식용 또는 비식용)
151105__xref0,151105,xref,포장
151105__xref1,151105,xref,구입한 도축 고기 냉동활동
151105__xref2,151105,xref,고래고기 가공품 생산
151105__xref3,151105,xref,"화학적으로 순수한 맥아당, 과당, 포도당 제조"
151200__name0,151200,name,수산동물 건조 및 염장품 제조업
151200__hier0,151200,hier,제조업 > 식료품 제조업 > 수산물 가공 및 저장 처리업 > 수산동물 가공 및 저장 처리업
151200__example0,151200,example,어류 염장품 제조
151200__example1,151200,example,어란 염장품 제조
151200__example2,151200,example,건어물 제조
151200__example3,151200,example,조미하지 않은 젓갈류 제조
151200__example4,151200,example,수산동물 훈증
151200__example5,151200,example,건조제품 제조
151200__example6,151200,example,수산동물 염장
151200__example7,151200,example,"수산동물 소건품, 자건품, 염건품, 동건품 제조"
151200__xref0,151200,xref,"직접 소비용으로 가공되지 않은 새우젓, 멸치젓 등의 제조"
151200__xref1,151200,xref,수산동물 가공품 제조
151200__xref2,151200,xref,"화학적으로 순수한 맥아당, 과당, 포도당 제조"
151201__name0,151201,name,"수산동물 훈제, 조리 및 유사 조제식품 제조업"
151201__hier0,151201,hier,제조업 > 식료품 제조업 > 수산물 가공 및 저장 처리업 > 수산동물 가공 및 저장 처리업
151201__example0,151201,example,어묵 및 소시지 제조
151201__example1,151201,example,젓갈 조미제품 제조
151201__example2,151201,example,어류 조미제품 제조
151201__example3,151201,example,수산동물 통조림 제조
151201__example4,151201,example,식용 어분 생산
151201__example5,151201,example,수산동물 훈제품 제조
151201__xref0,151201,xref,직접 소비용 조미 젓갈제품 제조
151201__xref1,151201,xref,조제한 수산동 물의 염장품 제조
151201__xref2,151201,xref,수산동물 가공품 제조
151201__xref3,151201,xref,생선 어묵 제조
151201__xref4,151201,xref,"화학적으로 순수한 맥아당, 과당, 포도당 제조"
151202__name0,151202,name,수산동물 냉동품 제조업
151202__hier0,151202,hier,제조업 > 식료품 제조업 > 수산물 가공 및 저장 처리업 > 수산동물 가공 및 저장 처리업
151202__example0,151202,example,냉동 어류 생산
151202__example1,151202,example,냉동 갑각류 생산
151202__example2,151202,example,냉동 수산물 생산
151202__example3,151202,example,수산 연체동물 냉동품 생산
151202__xref0,151202,xref,수산동물 가공품 제조
151202__xref1,151202,xref,"화학적으로 순수한 맥아당, 과당, 포도당 제조"
151203__name0,151203,name,기타 수산동물 가공 및 저장 처리업
151203__hier0,151203,hier,제조업 > 식료품 제조업 > 수산물 가공 및 저장 처리업 > 수산동물 가공 및 저장 처리업
151203__example0,151203,example,어육 생산(등뼈가 제거된)
151203__example1,151203,example,수산동물 탈각활동
151203__example2,151203,example,"저민 어육(피레트, fillet) 생산"
151203__example3,151203,example,어란 및 간장 생산(부산물)
151203__example4,151203,example,오징어채 제조
151203__example5,151203,example,비식용 어분 생산
151203__xref0,151203,xref,수산동물 가공품 제조
151203__xref1,151203,xref,"화학적으로 순수한 맥아당, 과당, 포도당 제조"
151301__name0,151301,name,김치류 제조업
151301__hier0,151301,hier,"제조업 > 식료품 제조업 > 과실, 채소 가공 및 저장 처리업 > 과실, 채소 가공 및 저장 처리업"
151301__example0,151301,example,배추 김치 제조
151301__example1,151301,example,기타 김치 제조
151301__xref0,151301,xref,김치류 제조
151301__xref1,151301,xref,건조되지 않은 감자를 가공하여 분과 조분을 생산할 경우
151301__xref2,151301,xref,"화학적으로 순수한 맥아당, 과당, 포도당 제조"
151302__name0,151302,name,기타 과실ㆍ채소 가공 및 저장 처리업
151302__hier0,151302,hier,"제조업 > 식료품 제조업 > 과실, 채소 가공 및 저장 처리업 > 과실, 채소 가공 및 저장 처리업"
151302__example0,151302,example,과실 및 채소 건조식품 제조
151302__example1,151302,example,과실 및 채소 주스 제조
151302__example2,151302,example,과실 통조림 제조
151302__example3,151302,example,"과실 및 채소 잼, 젤리 제조"
151302__example4,151302,example,음료용 및 향신용 작물 건조
151302__example5,151302,example,과실 및 채소 샐러드 제조
151302__xref0,151302,xref,건조되지 않은 감자를 가공하여 분과 조분을 생산할 경우
151302__xref1,151302,xref,"조각 감자, 으깬 감자 제조"
151302__xref2,151302,xref,분쇄활동
151302__xref3,151302,xref,과실 및 채소 원액 주스 제조
151302__xref4,151302,xref,"화학적으로 순수한 맥아당, 과당, 포도당 제조"
151304__name0,151304,name,과실 및 그 외 채소 절임식품 제조업
151304__hier0,151304,hier,"제조업 > 식료품 제조업 > 과실, 채소 가공 및 저장 처리업 > 과실, 채소 가공 및 저장 처리업"
151304__example0,151304,example,단무지 제조
151304__example1,151304,example,오이피클 제조
151304__example2,151304,example,채소 절임식품 제조
151304__example3,151304,example,견과 절임식품 제조
151304__example4,151304,example,과실 절임식품 제조
151304__xref0,151304,xref,김치용 절임배추 제조
151304__xref1,151304,xref,발효하지 않은 겉절이 채소 식품 제조
151304__xref2,151304,xref,건조되지 않은 감자를 가공하여 분과 조분을 생산할 경우
151304__xref3,151304,xref,"화학적으로 순수한 맥아당, 과당, 포도당 제조"
151400__name0,151400,name,식물성 유지 제조업
151400__hier0,151400,hier,제조업 > 식료품 제조업 > 동ㆍ식물성 유지 및 낙농제품 제조업 > 동물성 및 식물성 유지 제조업
151400__example0,151400,example,대두유 생산
151400__example1,151400,example,옥수수기름 추출
151400__example2,151400,example,식물성 왁스 생산
151400__example3,151400,example,면실유 생산
151400__example4,151400,example,낙화생유 생산
151400__example5,151400,example,피마자유 생산
151400__example6,151400,example,식물성 혼합 유지 및 희석물 생산
151400__xref0,151400,xref,가금 동물 지방 용출 및 정제
151400__xref1,151400,xref,"식용동물(돼지, 소 등) 지방 용출 및 정제"
151400__xref2,151400,xref,참깨기름 및 들기름 생산
151400__xref3,151400,xref,"화학적으로 순수한 맥아당, 과당, 포도당 제조"
151401__name0,151401,name,동물성 유지 제조업
151401__hier0,151401,hier,제조업 > 식료품 제조업 > 동ㆍ식물성 유지 및 낙농제품 제조업 > 동물성 및 식물성 유지 제조업
151401__example0,151401,example,"동물(소, 돼지 등) 지방 생산"
151401__example1,151401,example,수산동물 유지 생산
151401__example2,151401,example,어류의 간유 생산
151401__example3,151401,example,우각유 및 그 분획물 생산
151401__example4,151401,example,라드스테아린 생산
151401__example5,151401,example,올레오유 생산
151401__xref0,151401,xref,가금 동물 지방 용출 및 정제
151401__xref1,151401,xref,"식용동물(돼지, 소 등) 지방 용출 및 정제"
151401__xref2,151401,xref,"화학적으로 순수한 맥아당, 과당, 포도당 제조"
151402__name0,151402,name,식용 정제유 및 가공유 제조업
151402__hier0,151402,hier,제조업 > 식료품 제조업 > 동ㆍ식물성 유지 및 낙농제품 제조업 > 동물성 및 식물성 유지 제조업
151402__example0,151402,example,마가린 제조
151402__example1,151402,example,쇼트닝 제조
151402__example2,151402,example,식용 가공유 생산
151402__example3,151402,example,이미테이션 라드 생산
151402__example4,151402,example,식용 경화유 제조
151402__example5,151402,example,라드 정제 생산
151402__xref0,151402,xref,가금 동물 지방 용출 및 정제
151402__xref1,151402,xref,"식용동물(돼지, 소 등) 지방 용출 및 정제"
151402__xref2,151402,xref,"식용 동물성 유지의 정제, 조제 및 가공유 생산"
151402__xref3,151402,xref,식용 정제유 및 경화유를 생산하는 경우
151402__xref4,151402,xref,"화학적으로 순수한 맥아당, 과당, 포도당 제조"
152001__name0,152001,name,액상 시유 및 기타 낙농제품 제조업(분유 및 조제분유)
152001__hier0,152001,hier,제조업 > 식료품 제조업 > 동ㆍ식물성 유지 및 낙농제품 제조업 > 낙농제품 및 식용 빙과류 제조업
152001__ksic0,152001,ksic,액상 시유 및 기타 낙농제품 제조업
152001__desc0,152001,desc,분유 및 조제분유
152001__example0,152001,example,생크림 제조
152001__example1,152001,example,탈지유 제조
152001__example2,152001,example,치즈 제조
152001__example3,152001,example,버터밀크 제조
152001__example4,152001,example,유장 제조
152001__example5,152001,example,케피어(발포성 발효유) 제조
152001__example6,152001,example,발효유 제조
152001__example7,152001,example,농축유 제조
152001__example8,152001,example,버터 제조
152001__example9,152001,example,연유 제조
152001__example10,152001,example,전지분유 제조
152001__example11,152001,example,유당 및 유당 시럽 제조
152001__xref0,152001,xref,구입한 생우유의 처리 및 가공
152001__xref1,152001,xref,유당 제조
152001__xref2,152001,xref,유아용 조제분유 제조
152001__xref3,152001,xref,"화학적으로 순수한 맥아당, 과당, 포도당 제조"
152002__name0,152002,name,액상 시유 및 기타 낙농제품 제조업
152002__hier0,152002,hier,제조업 > 식료품 제조업 > 동ㆍ식물성 유지 및 낙농제품 제조업 > 낙농제품 및 식용 빙과류 제조업
152002__example0,152002,example,생크림 제조
152002__example1,152002,example,탈지유 제조
152002__example2,152002,example,치즈 제조
152002__example3,152002,example,버터밀크 제조
152002__example4,152002,example,유장 제조
152002__example5,152002,example,케피어(발포성 발효유) 제조
152002__example6,152002,example,발효유 제조
152002__example7,152002,example,농축유 제조
152002__example8,152002,example,버터 제조
152002__example9,152002,example,연유 제조
152002__example10,152002,example,전지분유 제조
152002__example11,152002,example,유당 및 유당 시럽 제조
152002__xref0,152002,xref,구입한 생우유의 처리 및 가공
152002__xref1,152002,xref,유당 제조
152002__xref2,152002,xref,유아용 조제분유 제조
152002__xref3,152002,xref,"화학적으로 순수한 맥아당, 과당, 포도당 제조"
152003__name0,152003,name,아이스크림 및 기타 식용 빙과류 제조업
152003__hier0,152003,hier,제조업 > 식료품 제조업 > 동ㆍ식물성 유지 및 낙농제품 제조업 > 낙농제품 및 식용 빙과류 제조업
152003__example0,152003,example,아이스크림 제조
152003__example1,152003,example,셔벗(sherbet) 제조
152003__xref0,152003,xref,구입한 생우유의 처리 및 가공
152003__xref1,152003,xref,아이스크림 및 기타 식용 빙과류 제조
152003__xref2,152003,xref,빙과 제조
152003__xref3,152003,xref,"화학적으로 순수한 맥아당, 과당, 포도당 제조"
153101__name0,153101,name,기타 곡물 가공품 제조업
153101__hier0,153101,hier,"제조업 > 식료품 제조업 > 곡물 가공품, 전분 및 전분제품 제조업 > 곡물 가공품 제조업"
153101__example0,153101,example,찐 곡물 제조
153101__example1,153101,example,콘플레이크 제조
153101__example2,153101,example,"훈제, 조리 곡물 제조"
153101__example3,153101,example,튀김 곡물 제조
153101__example4,153101,example,전투식량용 곡물 가공품 제조
153101__xref0,153101,xref,"화학적으로 순수한 맥아당, 과당, 포도당 제조"
153102__name0,153102,name,곡물 도정업
153102__hier0,153102,hier,"제조업 > 식료품 제조업 > 곡물 가공품, 전분 및 전분제품 제조업 > 곡물 가공품 제조업"
153102__example0,153102,example,"도정 쌀, 보리, 밀 생산"
153102__example1,153102,example,압맥 생산
153102__example2,153102,example,도정 곡물 생산
153102__example3,153102,example,정미소 운영
153102__xref0,153102,xref,"화학적으로 순수한 맥아당, 과당, 포도당 제조"
153102__xref1,153102,xref,미곡 종합 처리장
153103__name0,153103,name,곡물 제분업
153103__hier0,153103,hier,"제조업 > 식료품 제조업 > 곡물 가공품, 전분 및 전분제품 제조업 > 곡물 가공품 제조업"
153103__example0,153103,example,곡물 제분제품 생산
153103__example1,153103,example,밀가루 및 콩가루 생산
153103__example2,153103,example,제분소 운영
153103__example3,153103,example,쌀가루 생산
153103__example4,153103,example,줄기 및 뿌리 분쇄물 생산
153103__example5,153103,example,건조된 강낭콩 분과 조분 생산
153103__xref0,153103,xref,건조한 강낭콩을 가공하여 분 및 조분 제조
153103__xref1,153103,xref,"화학적으로 순수한 맥아당, 과당, 포도당 제조"
153104__name0,153104,name,반려동물용 사료 제조업
153104__name1,153104,name,단미사료 및 기타 사료 제조업
153104__hier0,153104,hier,제조업 > 식료품 제조업 > 동물용 사료 및 조제식품 제조업 > 동물용 사료 및 조제식품 제조업
153104__ksic0,153104,ksic,"반려동물용 사료 제조업, 단미사료 및 기타 사료 제조업"
153104__desc0,153104,desc,사료절단 분쇄
153104__example0,153104,example,반려
153104__example1,153104,example,애완동물용 사료
153104__example2,153104,example,애완동물용 기호식품(개껌 및 비스킷 등) 제조
153104__example3,153104,example,단미사료(원료 사료) 제조
153104__example4,153104,example,조제 보조사료 제조
153104__example5,153104,example,동물사료용 재료 분쇄물 생산
153104__example6,153104,example,음식폐기물 가공 단미사료 생산
153104__xref0,153104,xref,동물사료용 재료의 분쇄물을 생산하는 경우
153104__xref1,153104,xref,애완동물용 사료 및 기호식품
153104__xref2,153104,xref,"화학적으로 순수한 맥아당, 과당, 포도당 제조"
153105__name0,153105,name,전분제품 및 당류 제조업
153105__hier0,153105,hier,"제조업 > 식료품 제조업 > 곡물 가공품, 전분 및 전분제품 제조업 > 전분제품 및 당류 제조업"
153105__desc0,153105,desc,전분 및 전분제품
153105__example0,153105,example,이눌린 제조
153105__example1,153105,example,글루텐 제조
153105__example2,153105,example,가용성 녹말(전분) 제조
153105__example3,153105,example,타피오카 제조
153105__example4,153105,example,물엿 제조
153105__xref0,153105,xref,옥수수의 습식 가공과 결합된 옥수수기름을 결합 생산
153105__xref1,153105,xref,타피오카 제조 및 옥수수의 습식 가공
153105__xref2,153105,xref,"맥아당, 포도당 및 과당 생산"
153105__xref3,153105,xref,이눌린 및 물엿 제조
153105__xref4,153105,xref,"화학적으로 순수한 맥아당, 과당, 포도당 제조"
153106__name0,153106,name,곡물 혼합 분말 및 반죽 제조업
153106__hier0,153106,hier,"제조업 > 식료품 제조업 > 곡물 가공품, 전분 및 전분제품 제조업 > 곡물 가공품 제조업"
153106__example0,153106,example,만두피 제조
153106__example1,153106,example,제과 및 제빵용 가루반죽 제조
153106__example2,153106,example,곡분제 빵속 제조
153106__example3,153106,example,곡분제 떡고물 제조
153106__example4,153106,example,면류 제조용 혼합분말 및 반죽 제조
153106__xref0,153106,xref,제빵 또는 제과용 혼합 조제분말 및 반죽 제조
153106__xref1,153106,xref,면류 제조용 혼합분말 및 가루반죽을 제조하는 경우
153106__xref2,153106,xref,곡물을 주 재료로 한 빵속 제조
153106__xref3,153106,xref,베이커리제품 제조용 혼합물 및 반죽 제조
153106__xref4,153106,xref,"화학적으로 순수한 맥아당, 과당, 포도당 제조"
153107__name0,153107,name,도시락류 제조업
153107__hier0,153107,hier,제조업 > 식료품 제조업 > 도시락 및 식사용 조리식품 제조업 > 도시락 및 식사용 조리식품 제조업
153107__example0,153107,example,도시락 제조
153107__example1,153107,example,김밥 제조
153107__example2,153107,example,식사용 죽류 제조
153107__example3,153107,example,집단급식용 식사 제조(구내식당 제외)
153107__xref0,153107,xref,"도시락, 피자, 김밥, 만두 및 식사용 조리식품 제조"
153107__xref1,153107,xref,"화학적으로 순수한 맥아당, 과당, 포도당 제조"
153107__xref2,153107,xref,공급하는 경우
153202__name0,153202,name,전분제품 및 당류 제조업
153202__hier0,153202,hier,"제조업 > 식료품 제조업 > 곡물 가공품, 전분 및 전분제품 제조업 > 전분제품 및 당류 제조업"
153202__desc0,153202,desc,당류
153202__example0,153202,example,이눌린 제조
153202__example1,153202,example,글루텐 제조
153202__example2,153202,example,가용성 녹말(전분) 제조
153202__example3,153202,example,타피오카 제조
153202__example4,153202,example,물엿 제조
153202__xref0,153202,xref,옥수수의 습식 가공과 결합된 옥수수기름을 결합 생산
153202__xref1,153202,xref,타피오카 제조 및 옥수수의 습식 가공
153202__xref2,153202,xref,"맥아당, 포도당 및 과당 생산"
153202__xref3,153202,xref,이눌린 및 물엿 제조
153202__xref4,153202,xref,"화학적으로 순수한 맥아당, 과당, 포도당 제조"
153300__name0,153300,name,반려동물용 사료 제조업
153300__name1,153300,name,배합 사료 제조업
153300__hier0,153300,hier,제조업 > 식료품 제조업 > 동물용 사료 및 조제식품 제조업 > 동물용 사료 및 조제식품 제조업
153300__ksic0,153300,ksic,"반려동물용 사료 제조업, 배합사료 제조업"
153300__example0,153300,example,반려
153300__example1,153300,example,애완동물용 사료
153300__example2,153300,example,애완동물용 기호식품(개껌 및 비스킷 등) 제조
153300__example3,153300,example,가축용 배합사료 제조
153300__example4,153300,example,어류용 배합사료 제조
153300__example5,153300,example,실험 동물용 배합사료 제조
153300__xref0,153300,xref,동물사료용 재료의 분쇄물을 생산하는 경우
153300__xref1,153300,xref,애완동물용 사료 및 기호식품
153300__xref2,153300,xref,"화학적으로 순수한 맥아당, 과당, 포도당 제조"
153301__name0,153301,name,반려동물용 사료 제조업
153301__name1,153301,name,단미사료 및 기타 사료 제조업
153301__hier0,153301,hier,제조업 > 식료품 제조업 > 동물용 사료 및 조제식품 제조업 > 동물용 사료 및 조제식품 제조업
153301__example0,153301,example,반려
153301__example1,153301,example,애완동물용 사료
153301__example2,153301,example,애완동물용 기호식품(개껌 및 비스킷 등) 제조
153301__example3,153301,example,단미사료(원료 사료) 제조
153301__example4,153301,example,조제 보조사료 제조
153301__example5,153301,example,동물사료용 재료 분쇄물 생산
153301__example6,153301,example,음식폐기물 가공 단미사료 생산
153301__xref0,153301,xref,동물사료용 재료의 분쇄물을 생산하는 경우
153301__xref1,153301,xref,애완동물용 사료 및 기호식품
153301__xref2,153301,xref,"화학적으로 순수한 맥아당, 과당, 포도당 제조"
154101__name0,154101,name,떡류 제조업
154101__hier0,154101,hier,"제조업 > 식료품 제조업 > 떡, 빵 및 과자류 제조업 > 떡, 빵 및 과자류 제조업"
154101__example0,154101,example,떡류 제조
154101__example1,154101,example,약과 제조
154101__xref0,154101,xref,"화학적으로 순수한 맥아당, 과당, 포도당 제조"
154102__name0,154102,name,과자류 및 코코아 제품 제조업
154102__hier0,154102,hier,"제조업 > 식료품 제조업 > 떡, 빵 및 과자류 제조업 > 떡, 빵 및 과자류 제조업"
154102__example0,154102,example,건빵 제조
154102__example1,154102,example,쌀과자 제조
154102__example2,154102,example,전분제 빈 캡슐 제조
154102__example3,154102,example,튀김과자 제조
154102__example4,154102,example,코코아 버터 제조
154102__example5,154102,example,코코아 분말 제조
154102__example6,154102,example,캐러멜과자 제조
154102__example7,154102,example,초콜릿 및 초콜릿과자 제조
154102__example8,154102,example,설탕 절임 과실 및 견과 제조
154102__example9,154102,example,코코아 유지 제조
154102__xref0,154102,xref,"설탕에 절인 과실, 견과 및 채소 가공품 제조"
154102__xref1,154102,xref,빵 및 곡분과자 제조
154102__xref2,154102,xref,빵 및 곡분 과자 제조
154102__xref3,154102,xref,전분제 식용 및 의약용 캡슐 제조
154102__xref4,154102,xref,"화학적으로 순수한 맥아당, 과당, 포도당 제조"
154103__name0,154103,name,기타 식사용 가공처리 조리식품 제조업
154103__hier0,154103,hier,제조업 > 식료품 제조업 > 도시락 및 식사용 조리식품 제조업 > 도시락 및 식사용 조리식품 제조업
154103__example0,154103,example,식사용 냉동 포장식품 제조
154103__example1,154103,example,레토르트 식품 제조
154103__example2,154103,example,식사용 음식 통조림 제조
154103__example3,154103,example,냉동 피자
154103__example4,154103,example,만두
154103__example5,154103,example,찐빵 제조
154103__xref0,154103,xref,"도시락, 피자, 김밥, 만두 및 식사용 조리식품 제조"
154103__xref1,154103,xref,"화학적으로 순수한 맥아당, 과당, 포도당 제조"
154104__name0,154104,name,빵류 제조업
154104__hier0,154104,hier,"제조업 > 식료품 제조업 > 떡, 빵 및 과자류 제조업 > 떡, 빵 및 과자류 제조업"
154104__example0,154104,example,케이크 제조
154104__example1,154104,example,파이 제조
154104__example2,154104,example,생과자 제조
154104__example3,154104,example,"베이커리제품 제조(신선, 냉동)"
154104__example4,154104,example,"냉동 케이크, 파이, 기타 생과자류 제조"
154104__example5,154104,example,식빵 제조
154104__xref0,154104,xref,빵 및 곡분과자 제조
154104__xref1,154104,xref,빵 및 곡분 과자 제조
154104__xref2,154104,xref,"화학적으로 순수한 맥아당, 과당, 포도당 제조"
154200__name0,154200,name,설탕 제조업
154200__hier0,154200,hier,제조업 > 식료품 제조업 > 기타 식품 제조업 > 설탕 제조업
154200__example0,154200,example,사탕수수당 제조
154200__example1,154200,example,사탕무당 제조
154200__example2,154200,example,전화당 제조
154200__example3,154200,example,순수한 자당(고체) 제조
154200__xref0,154200,xref,사탕수수당 및 자당 제조
154200__xref1,154200,xref,"화학적으로 순수한 맥아당, 과당, 포도당 제조"
154400__name0,154400,name,"면류, 마카로니 및 유사 식품 제조업"
154400__hier0,154400,hier,"제조업 > 식료품 제조업 > 기타 식품 제조업 > 면류, 마카로니 및 유사 식품 제조업"
154400__example0,154400,example,메밀국수 제조
154400__example1,154400,example,스파게티 제조
154400__example2,154400,example,당면 제조
154400__example3,154400,example,인스턴트 면류 제조
154400__example4,154400,example,마카로니 제조
154400__xref0,154400,xref,"화학적으로 순수한 맥아당, 과당, 포도당 제조"
154501__name0,154501,name,천연 및 혼합 조제 조미료 제조업
154501__hier0,154501,hier,제조업 > 식료품 제조업 > 기타 식품 제조업 > 조미료 및 식품 첨가물 제조업
154501__example0,154501,example,"고추, 후추 및 계피가루 제조"
154501__example1,154501,example,천연 향신재료 분 제조
154501__example2,154501,example,마요네즈 제조
154501__example3,154501,example,케첩 제조
154501__example4,154501,example,혼합양념 제조
154501__example5,154501,example,김칫소 제조
154501__example6,154501,example,인스턴트 커리 제조
154501__example7,154501,example,조제한 겨자 제조
154501__xref0,154501,xref,향신료 가공
154501__xref1,154501,xref,"마요네즈, 케첩 및 혼합 조미료 제조"
154501__xref2,154501,xref,"고춧가루, 후춧가루, 겨자 등 천연 향신료 분쇄활동"
154501__xref3,154501,xref,캐러멜당 및 인조 감미료 제조
154501__xref4,154501,xref,인스턴트 면류용 소스만 제조하는 경우
154501__xref5,154501,xref,"화학적으로 순수한 맥아당, 과당, 포도당 제조"
154502__name0,154502,name,장류 제조업
154502__hier0,154502,hier,제조업 > 식료품 제조업 > 기타 식품 제조업 > 조미료 및 식품 첨가물 제조업
154502__example0,154502,example,간장 제조
154502__example1,154502,example,고추장 제조
154502__example2,154502,example,춘장 제조
154502__example3,154502,example,된장 및 청국장 제조
154502__xref0,154502,xref,향신료 가공
154502__xref1,154502,xref,캐러멜당 및 인조 감미료 제조
154502__xref2,154502,xref,인스턴트 면류용 소스만 제조하는 경우
154502__xref3,154502,xref,장류 제조
154502__xref4,154502,xref,"화학적으로 순수한 맥아당, 과당, 포도당 제조"
154503__name0,154503,name,"식초, 발효 및 화학 조미료 제조업"
154503__hier0,154503,hier,제조업 > 식료품 제조업 > 기타 식품 제조업 > 조미료 및 식품 첨가물 제조업
154503__example0,154503,example,조미료(합성) 제조
154503__example1,154503,example,아미노산 제조(식품 첨가용)
154503__example2,154503,example,식초 대용품 제조
154503__example3,154503,example,글루탐산 소다 제조(식품용)
154503__example4,154503,example,맛소금 제조
154503__xref0,154503,xref,향신료 가공
154503__xref1,154503,xref,캐러멜당 및 인조 감미료 제조
154503__xref2,154503,xref,인스턴트 면류용 소스만 제조하는 경우
154503__xref3,154503,xref,소금과 화학 조미료를 혼합한 제품(맛소금 등) 제조
154503__xref4,154503,xref,"식탁용 맛소금 제조, 구운 소금 제조"
154503__xref5,154503,xref,"화학적으로 순수한 맥아당, 과당, 포도당 제조"
154509__name0,154509,name,기타 식품 첨가물 제조업
154509__hier0,154509,hier,제조업 > 식료품 제조업 > 기타 식품 제조업 > 조미료 및 식품 첨가물 제조업
154509__example0,154509,example,누룩 및 종국 제조
154509__example1,154509,example,"효모(이스트) 제조(활성, 불활성)"
154509__example2,154509,example,조제 베이킹파우더 제조
154509__example3,154509,example,인조꿀 제조
154509__example4,154509,example,커피크리머 제조
154509__example5,154509,example,캐러멜당 제조
154509__example6,154509,example,감미용 조제품 제조
154509__example7,154509,example,"단세포 미생물(박테리아, 단세포 조류 등) 제조(죽은 것)"
154509__example8,154509,example,죽염 제조
154509__example9,154509,example,구운 소금 제조(식품용)
154509__example10,154509,example,재제염(꽃소금)
154509__xref0,154509,xref,향신료 가공
154509__xref1,154509,xref,"인조꿀, 캐러멜당 제조"
154509__xref2,154509,xref,캐러멜당 및 인조 감미료 제조
154509__xref3,154509,xref,인스턴트 면류용 소스만 제조하는 경우
154509__xref4,154509,xref,식품용의 죽염 및 구운 소금 제조
154509__xref5,154509,xref,"식탁용 맛소금 제조, 구운 소금 제조"
154509__xref6,154509,xref,"화학적으로 순수한 맥아당, 과당, 포도당 제조"
154801__name0,154801,name,곡물 도정업
154801__hier0,154801,hier,"제조업 > 식료품 제조업 > 곡물 가공품, 전분 및 전분제품 제조업 > 곡물 가공품 제조업"
154801__desc0,154801,desc,임가공
154801__example0,154801,example,"도정 쌀, 보리, 밀 생산"
154801__example1,154801,example,압맥 생산
154801__example2,154801,example,도정 곡물 생산
154801__example3,154801,example,정미소 운영
154801__xref0,154801,xref,"화학적으로 순수한 맥아당, 과당, 포도당 제조"
154801__xref1,154801,xref,미곡 종합 처리장
154802__name0,154802,name,곡물 제분업
154802__hier0,154802,hier,"제조업 > 식료품 제조업 > 곡물 가공품, 전분 및 전분제품 제조업 > 곡물 가공품 제조업"
154802__desc0,154802,desc,떡방앗간
154802__example0,154802,example,곡물 제분제품 생산
154802__example1,154802,example,밀가루 및 콩가루 생산
154802__example2,154802,example,제분소 운영
154802__example3,154802,example,쌀가루 생산
154802__example4,154802,example,줄기 및 뿌리 분쇄물 생산
154802__example5,154802,example,건조된 강낭콩 분과 조분 생산
154802__xref0,154802,xref,건조한 강낭콩을 가공하여 분 및 조분 제조
154802__xref1,154802,xref,"화학적으로 순수한 맥아당, 과당, 포도당 제조"
154803__name0,154803,name,육류 도축업(가금류 제외)
154803__name1,154803,name,가금류 도축업
154803__hier0,154803,hier,"제조업 > 식료품 제조업 > 도축, 육류 가공 및 저장 처리업 > 도축업"
154803__ksic0,154803,ksic,"육류 도축업(가금류 제외), 가금류 도축업"
154803__desc0,154803,desc,임가공
154803__example0,154803,example,가금류 이외 가축 도축
154803__example1,154803,example,고래 도축
154803__example2,154803,example,수렵동물 도축
154803__example3,154803,example,가금 도축
154803__xref0,154803,xref,도축활동에 관련된 양모 생산
154803__xref1,154803,xref,"화학적으로 순수한 맥아당, 과당, 포도당 제조"
154804__name0,154804,name,가금류 가공 및 저장 처리업
154804__name1,154804,name,육류 포장육 및 냉동육 가공업(가금류 제외)
154804__name2,154804,name,수산동물 냉동품 제조업
154804__name3,154804,name,기타 과실ㆍ채소 가공 및 저장 처리업
154804__hier0,154804,hier,"제조업 > 식료품 제조업 > 도축, 육류 가공 및 저장 처리업, 수산물 가공 및 저장 처리업, 과실, 채소 가공 및 저장 처리업 > 육류 가공 및 저장 처리업, 수산동물 가공 및 저장 처리업, 과실, 채소 가공 및 저장 처리업"
154804__ksic0,154804,ksic,"가금류 가공 및 저장 처리업, 육류 포장육 및 냉동육 가공업(가금류 제외), 수산동물 냉동품 제조업, 기타 과실ㆍ채소 가공 및 저장 처리업"
154804__desc0,154804,desc,"임가공(가금류 냉동), 임가공(육류 가공냉동), 임가공(수산물 및 가공식품냉동), 임가공(과실 및 채소 냉동)"
154804__example0,154804,example,가금 고기 통조림 제조
154804__example1,154804,example,가금 고기 훈제품 제조
154804__example2,154804,example,가금 고기 햄 제조
154804__example3,154804,example,가금 고기 커틀릿 제조
154804__example4,154804,example,밀폐 포장한 가금 고기 가공품 제조
154804__example5,154804,example,밀폐 포장한 가금류 이외 육지 동물고기 부분육 제조
154804__example6,154804,example,냉동 어류 생산
154804__example7,154804,example,냉동 갑각류 생산
154804__example8,154804,example,냉동 수산물 생산
154804__example9,154804,example,수산 연체동물 냉동품 생산
154804__example10,154804,example,과실 및 채소 건조식품 제조
154804__example11,154804,example,과실 및 채소 주스 제조
154804__example12,154804,example,과실 통조림 제조
154804__example13,154804,example,"과실 및 채소 잼, 젤리 제조"
154804__example14,154804,example,음료용 및 향신용 작물 건조
154804__example15,154804,example,과실 및 채소 샐러드 제조
154804__xref0,154804,xref,포장
154804__xref1,154804,xref,구입한 도축 고기 냉동활동
154804__xref2,154804,xref,가금류 가공품을 제조하는 산업활동
154804__xref3,154804,xref,고래고기 가공품 생산
154804__xref4,154804,xref,수산동물 가공품 제조
154804__xref5,154804,xref,건조되지 않은 감자를 가공하여 분과 조분을 생산할 경우
154804__xref6,154804,xref,"조각 감자, 으깬 감자 제조"
154804__xref7,154804,xref,분쇄활동
154804__xref8,154804,xref,과실 및 채소 원액 주스 제조
154804__xref9,154804,xref,"화학적으로 순수한 맥아당, 과당, 포도당 제조"
154805__name0,154805,name,동물성 유지 제조업
154805__name1,154805,name,식물성 유지 제조업
154805__name2,154805,name,수산동물 건조 및 염장품 제조업
154805__name3,154805,name,수산식물 가공 및 저장 처리업
154805__name4,154805,name,기타 과실ㆍ채소 가공 및 저장 처리업
154805__name5,154805,name,기타 곡물 가공품 제조업
154805__name6,154805,name,건강 보조용 액화식품 제조업
154805__hier0,154805,hier,"제조업 > 식료품 제조업 > 동ㆍ식물성 유지 및 낙농제품 제조업, 수산물 가공 및 저장 처리업, 과실, 채소 가공 및 저장 처리업, 곡물 가공품, 전분 및 전분제품 제조업, 기타 식품 제조업 > 동물성 및 식물성 유지 제조업, 수산동물 가공 및 저장 처리업, 수산식물 가공 및 저장 처리업, 과실, 채소 가공 및 저장 처리업, 곡물 가공품 제조업, 기타 식료품 제조업"
154805__ksic0,154805,ksic,"동물성 유지 제조업, 식물성 유지 제조업, 수산동물 건조 및 염장품 제조업, 수산식물 가공 및 저장 처리업, 기타 과실ㆍ채소 가공 및 저장 처리업, 기타 곡물 가공품 제조업, 건강 보조용 액화식품 제조업"
154805__desc0,154805,desc,"임가공(동물성 유지 원료의 착유), 임가공(식물성 유지 원료의 착유), 임가공(어류, 염장품), 임가공(해조류 건조품), 임가공(과실 및 채소 건조식품), 임가공(튀김 곡물), 임가공(한약 및 건강식품 액화처리)"
154805__example0,154805,example,어류 염장품 제조
154805__example1,154805,example,어란 염장품 제조
154805__example2,154805,example,건어물 제조
154805__example3,154805,example,조미하지 않은 젓갈류 제조
154805__example4,154805,example,수산동물 훈증
154805__example5,154805,example,건조제품 제조
154805__example6,154805,example,수산동물 염장
154805__example7,154805,example,"수산동물 소건품, 자건품, 염건품, 동건품 제조"
154805__example8,154805,example,해조류 건조품 제조
154805__example9,154805,example,해조류 염장품 제조
154805__example10,154805,example,조미 해조류 제조
154805__example11,154805,example,조미 구운김 제조
154805__example12,154805,example,식용 우뭇가사리 제조
154805__example13,154805,example,해조류 튀김제품 제조
154805__example14,154805,example,과실 및 채소 건조식품 제조
154805__example15,154805,example,과실 및 채소 주스 제조
154805__example16,154805,example,과실 통조림 제조
154805__example17,154805,example,"과실 및 채소 잼, 젤리 제조"
154805__example18,154805,example,음료용 및 향신용 작물 건조
154805__example19,154805,example,과실 및 채소 샐러드 제조
154805__example20,154805,example,"동물(소, 돼지 등) 지방 생산"
154805__example21,154805,example,수산동물 유지 생산
154805__example22,154805,example,어류의 간유 생산
154805__example23,154805,example,우각유 및 그 분획물 생산
154805__example24,154805,example,라드스테아린 생산
154805__example25,154805,example,올레오유 생산
154805__example26,154805,example,대두유 생산
154805__example27,154805,example,옥수수기름 추출
154805__example28,154805,example,식물성 왁스 생산
154805__example29,154805,example,면실유 생산
154805__example30,154805,example,낙화생유 생산
154805__example31,154805,example,피마자유 생산
154805__example32,154805,example,식물성 혼합 유지 및 희석물 생산
154805__example33,154805,example,찐 곡물 제조
154805__example34,154805,example,콘플레이크 제조
154805__example35,154805,example,"훈제, 조리 곡물 제조"
154805__example36,154805,example,튀김 곡물 제조
154805__example37,154805,example,전투식량용 곡물 가공품 제조
154805__example38,154805,example,육지 동물고기 혼합 추출물 엑스 제조
154805__example39,154805,example,수산 동물고기 혼합 추출물 엑스 제조
154805__example40,154805,example,건강원
154805__xref0,154805,xref,가금 동물 지방 용출 및 정제
154805__xref1,154805,xref,"식용동물(돼지, 소 등) 지방 용출 및 정제"
154805__xref2,154805,xref,"직접 소비용으로 가공되지 않은 새우젓, 멸치젓 등의 제조"
154805__xref3,154805,xref,수산식물(해조류) 건조 및 염장품 제조
154805__xref4,154805,xref,해조류 냉동품 제조업
154805__xref5,154805,xref,수산동물 가공품 제조
154805__xref6,154805,xref,참깨기름 및 들기름 생산
154805__xref7,154805,xref,건조되지 않은 감자를 가공하여 분과 조분을 생산할 경우
154805__xref8,154805,xref,"조각 감자, 으깬 감자 제조"
154805__xref9,154805,xref,분쇄활동
154805__xref10,154805,xref,가열하여 건강보조용 액화식품(1회용으 로 포장된) 제조
154805__xref11,154805,xref,식용 한천 제조
154805__xref12,154805,xref,과실 및 채소 원액 주스 제조
154805__xref13,154805,xref,건강원에서 제조한 1회용 액화식품
154805__xref14,154805,xref,"화학적으로 순수한 맥아당, 과당, 포도당 제조"
154806__name0,154806,name,곡물 제분업
154806__hier0,154806,hier,"제조업 > 식료품 제조업 > 곡물 가공품, 전분 및 전분제품 제조업 > 곡물 가공품 제조업"
154806__desc0,154806,desc,임가공
154806__example0,154806,example,곡물 제분제품 생산
154806__example1,154806,example,밀가루 및 콩가루 생산
154806__example2,154806,example,제분소 운영
154806__example3,154806,example,쌀가루 생산
154806__example4,154806,example,줄기 및 뿌리 분쇄물 생산
154806__example5,154806,example,건조된 강낭콩 분과 조분 생산
154806__xref0,154806,xref,건조한 강낭콩을 가공하여 분 및 조분 제조
154806__xref1,154806,xref,"화학적으로 순수한 맥아당, 과당, 포도당 제조"
154901__name0,154901,name,커피 가공업
154901__hier0,154901,hier,제조업 > 식료품 제조업 > 기타 식품 제조업 > 기타 식료품 제조업
154901__example0,154901,example,볶은 커피 생산
154901__example1,154901,example,카페인 제거 커피 생산
154901__example2,154901,example,커피 농축물 생산
154901__example3,154901,example,커피 대용품 제조(커피 함유한 것)
154901__example4,154901,example,커피 조제품 제조
154901__xref0,154901,xref,"커피 가공, 차류 가공"
154901__xref1,154901,xref,"화학적으로 순수한 맥아당, 과당, 포도당 제조"
154902__name0,154902,name,두부 및 유사 식품 제조업
154902__hier0,154902,hier,제조업 > 식료품 제조업 > 기타 식품 제조업 > 기타 식료품 제조업
154902__example0,154902,example,유부 제조
154902__example1,154902,example,묵 제조
154902__example2,154902,example,두부 제조
154902__example3,154902,example,순두부 제조
154902__xref0,154902,xref,"화학적으로 순수한 맥아당, 과당, 포도당 제조"
154903__name0,154903,name,건강 보조용 액화식품 제조업
154903__hier0,154903,hier,제조업 > 식료품 제조업 > 기타 식품 제조업 > 기타 식료품 제조업
154903__example0,154903,example,육지 동물고기 혼합 추출물 엑스 제조
154903__example1,154903,example,수산 동물고기 혼합 추출물 엑스 제조
154903__example2,154903,example,건강원
154903__xref0,154903,xref,가열하여 건강보조용 액화식품(1회용으 로 포장된) 제조
154903__xref1,154903,xref,건강원에서 제조한 1회용 액화식품
154903__xref2,154903,xref,"화학적으로 순수한 맥아당, 과당, 포도당 제조"
154904__name0,154904,name,수산식물 가공 및 저장 처리업
154904__hier0,154904,hier,제조업 > 식료품 제조업 > 수산물 가공 및 저장 처리업 > 수산식물 가공 및 저장 처리업
154904__example0,154904,example,해조류 건조품 제조
154904__example1,154904,example,해조류 염장품 제조
154904__example2,154904,example,조미 해조류 제조
154904__example3,154904,example,조미 구운김 제조
154904__example4,154904,example,식용 우뭇가사리 제조
154904__example5,154904,example,해조류 튀김제품 제조
154904__xref0,154904,xref,수산식물(해조류) 건조 및 염장품 제조
154904__xref1,154904,xref,해조류 냉동품 제조업
154904__xref2,154904,xref,식용 한천 제조
154904__xref3,154904,xref,"화학적으로 순수한 맥아당, 과당, 포도당 제조"
154905__name0,154905,name,차류 가공업
154905__hier0,154905,hier,제조업 > 식료품 제조업 > 기타 식품 제조업 > 기타 식료품 제조업
154905__example0,154905,example,홍차(발효차) 제조
154905__example1,154905,example,차 농축물 및 추출물 제조
154905__example2,154905,example,차류 조제품 제조
154905__example3,154905,example,대용차류 제조
154905__example4,154905,example,볶은 치커리차 제조
154905__example5,154905,example,둥글레차 제조
154905__xref0,154905,xref,"커피 가공, 차류 가공"
154905__xref1,154905,xref,치커리 등으로 만든 기타 대용차 제조
154905__xref2,154905,xref,차류 대용품으로 볶은 맥아 생산
154905__xref3,154905,xref,"화학적으로 순수한 맥아당, 과당, 포도당 제조"
154906__name0,154906,name,인삼식품 제조업
154906__hier0,154906,hier,제조업 > 식료품 제조업 > 기타 식품 제조업 > 기타 식료품 제조업
154906__example0,154906,example,인삼 분말 제조
154906__example1,154906,example,인삼차 제조
154906__example2,154906,example,인삼 즙 및 주스 제조
154906__example3,154906,example,홍삼차 제조
154906__xref0,154906,xref,"화학적으로 순수한 맥아당, 과당, 포도당 제조"
154907__name0,154907,name,수프 및 균질화식품 제조업
154907__hier0,154907,hier,제조업 > 식료품 제조업 > 기타 식품 제조업 > 기타 식료품 제조업
154907__example0,154907,example,조제 수프 제조
154907__example1,154907,example,맥아 농축액 및 추출물 제조
154907__xref0,154907,xref,"조제 수프, 간식용 조제식품 및 균질화 식품 제조"
154907__xref1,154907,xref,곡분 등 분말로 만든 균질화식품 제조
154907__xref2,154907,xref,곡분 등 분말로 만든 균질화 식품 제조
154907__xref3,154907,xref,맥아 엑스 및 그 조제식품 제조
154907__xref4,154907,xref,"화학적으로 순수한 맥아당, 과당, 포도당 제조"
154908__name0,154908,name,건강 기능식품 제조업
154908__hier0,154908,hier,제조업 > 식료품 제조업 > 기타 식품 제조업 > 기타 식료품 제조업
154908__example0,154908,example,스쿠알렌 제조
154908__example1,154908,example,키토산 제조
154908__example2,154908,example,로열젤리 가공품 제조
154908__example3,154908,example,"효모, 효소 추출 가공품 제조"
154908__example4,154908,example,화분 가공품 제조
154908__example5,154908,example,"인삼, 홍삼, 엽록소, 클로렐라 함유 가공식품 제조"
154908__example6,154908,example,농축 미네랄 제조
154908__example7,154908,example,알로에 가공품 제조
154908__example8,154908,example,식이섬유 가공식품 제조
154908__example9,154908,example,"오메가-3, 레시틴, 스쿠알렌(상어간유) 등 지방산 가공식품 제조"
154908__example10,154908,example,발효 미생물류 가공식품 제조
154908__example11,154908,example,아미노산 및 단백질류 가공식품 제조
154908__xref0,154908,xref,"화학적으로 순수한 맥아당, 과당, 포도당 제조"
154909__name0,154909,name,그 외 기타 식료품 제조업
154909__hier0,154909,hier,제조업 > 식료품 제조업 > 기타 식품 제조업 > 기타 식료품 제조업
154909__example0,154909,example,조란 껍질 제거제품 생산
154909__example1,154909,example,새알 가공품 제조
154909__xref0,154909,xref,"화학적으로 순수한 맥아당, 과당, 포도당 제조"
155101__name0,155101,name,주정 제조업
155101__hier0,155101,hier,제조업 > 음료 제조업 > 알코올 음료 제조업 > 증류주 및 합성주 제조업
155101__example0,155101,example,비변성 에틸알코올 제조
155101__example1,155101,example,"발효주정, 조주정, 정제주정 제조"
155101__xref0,155101,xref,인삼주 제조
155102__name0,155102,name,소주 제조업
155102__hier0,155102,hier,제조업 > 음료 제조업 > 알코올 음료 제조업 > 증류주 및 합성주 제조업
155102__example0,155102,example,"소주 제조(희석, 혼합)"
155102__example1,155102,example,합성 증류소주 제조
155102__xref0,155102,xref,인삼주 제조
155102__xref1,155102,xref,희석 또는 혼합 소주 및 증류소주 제조
155103__name0,155103,name,기타 증류주 및 합성주 제조업
155103__hier0,155103,hier,제조업 > 음료 제조업 > 알코올 음료 제조업 > 증류주 및 합성주 제조업
155103__example0,155103,example,위스키 제조
155103__example1,155103,example,진 제조
155103__example2,155103,example,꼬낙 제조
155103__example3,155103,example,브랜디 제조
155103__example4,155103,example,럼 제조
155103__example5,155103,example,고량주 제조
155103__example6,155103,example,타피아 제조
155103__example7,155103,example,보드카 제조
155103__example8,155103,example,오가피주 제조
155103__example9,155103,example,가향 조제주 제조
155103__xref0,155103,xref,인삼주 제조
155103__xref1,155103,xref,소주 이외의 곡물을 주성분으로 증류주(고량주 등) 제조
155201__name0,155201,name,탁주 및 약주 제조업
155201__hier0,155201,hier,제조업 > 음료 제조업 > 알코올 음료 제조업 > 발효주 제조업
155201__desc0,155201,desc,탁주
155201__example0,155201,example,모주 제조
155201__example1,155201,example,곡주 제조
155201__example2,155201,example,동동주 제조
155201__example3,155201,example,막걸리 제조
155201__xref0,155201,xref,인삼주 제조
155202__name0,155202,name,탁주 및 약주 제조업
155202__hier0,155202,hier,제조업 > 음료 제조업 > 알코올 음료 제조업 > 발효주 제조업
155202__desc0,155202,desc,약주
155202__example0,155202,example,모주 제조
155202__example1,155202,example,곡주 제조
155202__example2,155202,example,동동주 제조
155202__example3,155202,example,막걸리 제조
155202__xref0,155202,xref,인삼주 제조
155203__name0,155203,name,기타 발효주 제조업
155203__hier0,155203,hier,제조업 > 음료 제조업 > 알코올 음료 제조업 > 발효주 제조업
155203__example0,155203,example,포도주 제조
155203__example1,155203,example,과실 발효주 제조
155203__example2,155203,example,유자 발효주 제조
155203__example3,155203,example,생강 발효주 제조
155203__example4,155203,example,채소 발효주 제조
155203__example5,155203,example,청주 제조
155203__xref0,155203,xref,인삼주 제조
155300__name0,155300,name,맥아 및 맥주 제조업
155300__hier0,155300,hier,제조업 > 음료 제조업 > 알코올 음료 제조업 > 발효주 제조업
155300__example0,155300,example,맥아 제조
155300__example1,155300,example,맥아분 제조
155300__example2,155300,example,맥주 제조
155300__example3,155300,example,합성 맥주 제조
155300__xref0,155300,xref,인삼주 제조
155401__name0,155401,name,기타 비알코올 음료 제조업
155401__hier0,155401,hier,제조업 > 음료 제조업 > 비알코올 음료 및 얼음 제조업 > 비알코올 음료 및 얼음 제조업
155401__desc0,155401,desc,탄산음료
155401__example0,155401,example,강장음료 제조
155401__example1,155401,example,곡물음료 제조
155401__example2,155401,example,가당음료 생산
155401__example3,155401,example,인삼드링크 제조
155401__example4,155401,example,캔커피(음료) 제조
155401__example5,155401,example,캔차류 제조
155401__xref0,155401,xref,"캔음료(녹차, 홍차 등) 제조"
155401__xref1,155401,xref,캔 인삼음료 제조
155401__xref2,155401,xref,천연 탄산수를 생산하여 용기에 포장하는 산업
155402__name0,155402,name,기타 비알코올 음료 제조업
155402__hier0,155402,hier,제조업 > 음료 제조업 > 비알코올 음료 및 얼음 제조업 > 비알코올 음료 및 얼음 제조업
155402__example0,155402,example,강장음료 제조
155402__example1,155402,example,곡물음료 제조
155402__example2,155402,example,가당음료 생산
155402__example3,155402,example,인삼드링크 제조
155402__example4,155402,example,캔커피(음료) 제조
155402__example5,155402,example,캔차류 제조
155402__xref0,155402,xref,"캔음료(녹차, 홍차 등) 제조"
155402__xref1,155402,xref,캔 인삼음료 제조
155402__xref2,155402,xref,천연 탄산수를 생산하여 용기에 포장하는 산업
155403__name0,155403,name,생수 생산업
155403__hier0,155403,hier,제조업 > 음료 제조업 > 비알코올 음료 및 얼음 제조업 > 비알코올 음료 및 얼음 제조업
155403__example0,155403,example,천연 생수 생산(용기 포장)
155403__xref0,155403,xref,포장하는 산업활동
155404__name0,155404,name,얼음 제조업
155404__hier0,155404,hier,제조업 > 음료 제조업 > 비알코올 음료 및 얼음 제조업 > 비알코올 음료 및 얼음 제조업
155404__example0,155404,example,얼음 제조(식용 또는 냉장용)
155404__example1,155404,example,천연 얼음 채취 및 저장활동
155404__xref0,155404,xref,얼음 제조
160000__name0,160000,name,담배제품 제조업
160000__hier0,160000,hier,제조업 > 담배 제조업 > 담배 제조업 > 담배 제조업
160000__example0,160000,example,담배 에센스 제조
160000__example1,160000,example,금연용 담배 제조(비의약성)
160000__example2,160000,example,담배 줄기 제거
160000__example3,160000,example,잎담배 재건조
160000__example4,160000,example,니코틴이 함유된 전자담배 기기용 용액 제조
160000__xref0,160000,xref,담배 재건조업
171101__name0,171101,name,화학섬유 방적업
171101__hier0,171101,hier,제조업 > 섬유제품 제조업; 의복 제외 > 방적 및 가공사 제조업 > 방적 및 가공사 제조업
171101__desc0,171101,desc,"인견사, 아세테이드사"
171101__example0,171101,example,합성섬유 방적사 제조
171101__example1,171101,example,재생섬유 방적사 제조
171101__example2,171101,example,인조섬유 방적사 제조
171101__example3,171101,example,반합성섬유 방적사 제조
171101__xref0,171101,xref,구입한 화학섬유를 방적하여 화학섬유사를 제조하는 경우
171102__name0,171102,name,면 방적업
171102__hier0,171102,hier,제조업 > 섬유제품 제조업; 의복 제외 > 방적 및 가공사 제조업 > 방적 및 가공사 제조업
171102__example0,171102,example,면사 제조
171102__example1,171102,example,면 혼방사 제조
171102__xref0,171102,xref,면섬유 잔재물을 이용한 방적사 제조
171104__name0,171104,name,모 방적업
171104__hier0,171104,hier,제조업 > 섬유제품 제조업; 의복 제외 > 방적 및 가공사 제조업 > 방적 및 가공사 제조업
171104__example0,171104,example,견(실크) 노일 혼방모사 제조
171104__example1,171104,example,마모사 제조
171104__example2,171104,example,섬수모사 제조
171104__example3,171104,example,조수모사 제조
171105__name0,171105,name,연사 및 가공사 제조업
171105__hier0,171105,hier,제조업 > 섬유제품 제조업; 의복 제외 > 방적 및 가공사 제조업 > 방적 및 가공사 제조업
171105__example0,171105,example,자수사 제조
171105__example1,171105,example,텍스처드 가공사 제조
171105__example2,171105,example,편물사 제조
171105__example3,171105,example,견재봉사 제조
171105__example4,171105,example,가연사 제조
171106__name0,171106,name,화학섬유 방적업
171106__hier0,171106,hier,제조업 > 섬유제품 제조업; 의복 제외 > 방적 및 가공사 제조업 > 방적 및 가공사 제조업
171106__desc0,171106,desc,나일론사
171106__example0,171106,example,합성섬유 방적사 제조
171106__example1,171106,example,재생섬유 방적사 제조
171106__example2,171106,example,인조섬유 방적사 제조
171106__example3,171106,example,반합성섬유 방적사 제조
171106__xref0,171106,xref,구입한 화학섬유를 방적하여 화학섬유사를 제조하는 경우
171107__name0,171107,name,화학섬유 방적업
171107__hier0,171107,hier,제조업 > 섬유제품 제조업; 의복 제외 > 방적 및 가공사 제조업 > 방적 및 가공사 제조업
171107__desc0,171107,desc,PVC사류
171107__example0,171107,example,합성섬유 방적사 제조
171107__example1,171107,example,재생섬유 방적사 제조
171107__example2,171107,example,인조섬유 방적사 제조
171107__example3,171107,example,반합성섬유 방적사 제조
171107__xref0,171107,xref,구입한 화학섬유를 방적하여 화학섬유사를 제조하는 경우
171108__name0,171108,name,화학섬유 방적업
171108__hier0,171108,hier,제조업 > 섬유제품 제조업; 의복 제외 > 방적 및 가공사 제조업 > 방적 및 가공사 제조업
171108__example0,171108,example,합성섬유 방적사 제조
171108__example1,171108,example,재생섬유 방적사 제조
171108__example2,171108,example,인조섬유 방적사 제조
171108__example3,171108,example,반합성섬유 방적사 제조
171108__xref0,171108,xref,구입한 화학섬유를 방적하여 화학섬유사를 제조하는 경우
171109__name0,171109,name,화학섬유직물 직조업
171109__hier0,171109,hier,제조업 > 섬유제품 제조업; 의복 제외 > 직물 직조 및 직물제품 제조업 > 직물 직조업
171109__example0,171109,example,인조 섬유직물 직조
171109__example1,171109,example,재생 섬유직물 직조
171109__example2,171109,example,합성 섬유직물 직조
171109__example3,171109,example,반합성 섬유직물 직조
171109__example4,171109,example,셀룰로오스 섬유직물 직조
171109__example5,171109,example,레이온(인견직물) 섬유직물 직조
171109__xref0,171109,xref,인조견 광폭직물 직조
171109__xref1,171109,xref,직물 직조에 연관된 포대 제조
171109__xref2,171109,xref,침투 및 적층 활동
171110__name0,171110,name,기타 방적업
171110__hier0,171110,hier,제조업 > 섬유제품 제조업; 의복 제외 > 방적 및 가공사 제조업 > 방적 및 가공사 제조업
171110__desc0,171110,desc,"생사, 견방적사"
171110__example0,171110,example,견방사 제조
171110__example1,171110,example,견 노일 제조
171110__example2,171110,example,마방적
171110__example3,171110,example,"마사(삼실, 삼껍질에서 뽑은 실) 제조"
171110__example4,171110,example,코이어사 제조
171110__example5,171110,example,라미사 제조
171110__example6,171110,example,아바카사 제조
171110__example7,171110,example,사이잘마사 제조
171110__example8,171110,example,종이실(초섬사) 제조
171110__example9,171110,example,생사 제조
171110__xref0,171110,xref,"아바카, 사이잘마, 라미사, 코이어사등 마섬유류 방적"
171112__name0,171112,name,모직물 직조업
171112__hier0,171112,hier,제조업 > 섬유제품 제조업; 의복 제외 > 직물 직조 및 직물제품 제조업 > 직물 직조업
171112__example0,171112,example,섬수모직물 직조
171112__example1,171112,example,소모직물 직조
171112__example2,171112,example,조수모직물 직조
171112__example3,171112,example,모직물 직조
171112__xref0,171112,xref,직물 직조에 연관된 포대 제조
171112__xref1,171112,xref,침투 및 적층 활동
171114__name0,171114,name,기타 방적업
171114__hier0,171114,hier,제조업 > 섬유제품 제조업; 의복 제외 > 방적 및 가공사 제조업 > 방적 및 가공사 제조업
171114__example0,171114,example,견방사 제조
171114__example1,171114,example,견 노일 제조
171114__example2,171114,example,마방적
171114__example3,171114,example,"마사(삼실, 삼껍질에서 뽑은 실) 제조"
171114__example4,171114,example,코이어사 제조
171114__example5,171114,example,라미사 제조
171114__example6,171114,example,아바카사 제조
171114__example7,171114,example,사이잘마사 제조
171114__example8,171114,example,종이실(초섬사) 제조
171114__example9,171114,example,생사 제조
171114__xref0,171114,xref,"아바카, 사이잘마, 라미사, 코이어사등 마섬유류 방적"
171115__name0,171115,name,면직물 직조업
171115__hier0,171115,hier,제조업 > 섬유제품 제조업; 의복 제외 > 직물 직조 및 직물제품 제조업 > 직물 직조업
171115__example0,171115,example,면직물 직조
171115__example1,171115,example,무명 직조
171115__xref0,171115,xref,직물 직조에 연관된 포대 제조
171115__xref1,171115,xref,침투 및 적층 활동
171116__name0,171116,name,특수직물 및 기타 직물 직조업
171116__hier0,171116,hier,제조업 > 섬유제품 제조업; 의복 제외 > 직물 직조 및 직물제품 제조업 > 직물 직조업
171116__example0,171116,example,"파일, 셔닐, 테리, 거즈, 터프티드 직물 직조"
171116__example1,171116,example,타포린직물 직조
171116__example2,171116,example,마직물 직조
171116__example3,171116,example,아바카직물 직조
171116__example4,171116,example,코이어직물 직조
171116__example5,171116,example,포대용 직물 직조
171116__example6,171116,example,매트 및 리놀륨 제조용 기타 식물성 기포(基布)직물 직조
171116__example7,171116,example,견직물 직조
171116__xref0,171116,xref,마직물 및 특수 면직물 직조
171116__xref1,171116,xref,특수 모직물 직조
171116__xref2,171116,xref,특수 인견직물 직조
171116__xref3,171116,xref,직물 직조에 연관된 포대 제조
171116__xref4,171116,xref,침투 및 적층 활동
171116__xref5,171116,xref,모조 모피 직조원단 제조
171116__xref6,171116,xref,탄소섬유 직물 제조
171200__name0,171200,name,"직물, 편조 원단 및 의복류 염색 가공업"
171200__hier0,171200,hier,"제조업 > 섬유제품 제조업; 의복 제외 > 섬유제품 염색, 정리 및 마무리 가공업 > 섬유제품 염색, 정리 및 마무리 가공업"
171200__example0,171200,example,직물 및 편물 원단 염색 가공
171200__example1,171200,example,직물 및 편물 원단 정리 가공
171200__example2,171200,example,의복 염색 가공
171200__example3,171200,example,의복 액세서리류 염색 가공
171200__xref0,171200,xref,수수료 또는 계약에 의해 섬유제품 제조와 관련한 날염가공
171201__name0,171201,name,솜 및 실 염색 가공업
171201__hier0,171201,hier,"제조업 > 섬유제품 제조업; 의복 제외 > 섬유제품 염색, 정리 및 마무리 가공업 > 섬유제품 염색, 정리 및 마무리 가공업"
171201__example0,171201,example,"솜, 실 염색 및 정리 가공"
171201__xref0,171201,xref,수수료 또는 계약에 의해 섬유제품 제조와 관련한 날염가공
171202__name0,171202,name,날염 가공업
171202__hier0,171202,hier,"제조업 > 섬유제품 제조업; 의복 제외 > 섬유제품 염색, 정리 및 마무리 가공업 > 섬유제품 염색, 정리 및 마무리 가공업"
171202__xref0,171202,xref,섬유 및 실 날염
171202__xref1,171202,xref,섬유제품 날염 가공
171202__xref2,171202,xref,수수료 또는 계약에 의해 섬유제품 제조와 관련한 날염가공
171203__name0,171203,name,섬유제품 기타 정리 및 마무리 가공업
171203__hier0,171203,hier,"제조업 > 섬유제품 제조업; 의복 제외 > 섬유제품 염색, 정리 및 마무리 가공업 > 섬유제품 염색, 정리 및 마무리 가공업"
171203__example0,171203,example,직물 및 편조 원단 정리 및 마무리 가공
171203__example1,171203,example,의복 정리 및 마무리 가공
171203__example2,171203,example,의복 액세서리 정리 및 마무리 가공
171203__xref0,171203,xref,수수료 또는 계약에 의해 섬유제품 제조와 관련한 날염가공
172101__name0,172101,name,침구 및 관련제품 제조업
172101__hier0,172101,hier,제조업 > 섬유제품 제조업; 의복 제외 > 직물 직조 및 직물제품 제조업 > 직물제품 제조업
172101__example0,172101,example,모포 제조
172101__example1,172101,example,쿠션 제조
172101__example2,172101,example,베개 및 베개보 제조
172101__example3,172101,example,침낭 제조
172101__example4,172101,example,매트리스 커버 제조
172101__example5,172101,example,이불 제조
172101__example6,172101,example,식탁보 제조
172101__xref0,172101,xref,재봉한 방석 및 방석커버 제조
172102__name0,172102,name,자수제품 및 자수용 재료 제조업
172102__hier0,172102,hier,제조업 > 섬유제품 제조업; 의복 제외 > 직물 직조 및 직물제품 제조업 > 직물제품 제조업
172102__example0,172102,example,태피스트리 제조
172102__example1,172102,example,자수용 재료 세트 생산
172102__example2,172102,example,장식용 자수제품 제조
172102__xref0,172102,xref,수공 또는 기계자수 제품 제조
172102__xref1,172102,xref,배지 제조
172103__name0,172103,name,"천막, 텐트 및 유사 제품 제조업"
172103__hier0,172103,hier,제조업 > 섬유제품 제조업; 의복 제외 > 직물 직조 및 직물제품 제조업 > 직물제품 제조업
172103__example0,172103,example,차양 제조
172103__example1,172103,example,캠핑용 직물제품 제조
172103__example2,172103,example,압축공기식 매트리스 제조
172103__example3,172103,example,돛 제조
172103__xref0,172103,xref,천막 및 캔버스제품 제조
172106__name0,172106,name,커튼 및 유사 제품 제조업
172106__hier0,172106,hier,제조업 > 섬유제품 제조업; 의복 제외 > 직물 직조 및 직물제품 제조업 > 직물제품 제조업
172106__example0,172106,example,벽덮개 제조
172106__example1,172106,example,무대막 제조
172106__example2,172106,example,벽가리개 제조
172106__example3,172106,example,실내용 블라인드 제조(직물제)
172107__name0,172107,name,직물포대 제조업
172107__hier0,172107,hier,제조업 > 섬유제품 제조업; 의복 제외 > 직물 직조 및 직물제품 제조업 > 직물제품 제조업
172107__example0,172107,example,직물포대 제조
172107__example1,172107,example,플라스틱제 봉제 포대 제조
172107__xref0,172107,xref,재봉방법에 의한 플라스틱 포대 제조
172108__name0,172108,name,자동차용 신품 의자 제조업
172108__hier0,172108,hier,제조업 > 자동차 및 트레일러 제조업 > 자동차 신품 부품 제조업 > 자동차용 기타 신품 부품 제조업
172108__example0,172108,example,자동차용 의자(시트) 및 관련 부품 제조
172108__xref0,172108,xref,자동차의 자동변속기 제조
172109__name0,172109,name,기타 직물제품 제조업
172109__hier0,172109,hier,제조업 > 섬유제품 제조업; 의복 제외 > 직물 직조 및 직물제품 제조업 > 직물제품 제조업
172109__example0,172109,example,먼지떨이 제조(직물제)
172109__example1,172109,example,직물제 마스크 제조
172109__example2,172109,example,깃발 제조
172109__example3,172109,example,낙하산 제조
172109__example4,172109,example,구명벨트 제조
172109__example5,172109,example,"구명조끼, 구명대 제조"
172109__example6,172109,example,신발류 끈 제조
172109__example7,172109,example,드레스 패턴 제조
172109__example8,172109,example,페넌트 제조
172109__xref0,172109,xref,"국기, 페넌트 및 기타 깃발 제조"
172109__xref1,172109,xref,"구명대, 구명조끼 및 구명벨트 제조"
172109__xref2,172109,xref,신발끈 제조
172109__xref3,172109,xref,섬유제 마스크 제조
172109__xref4,172109,xref,자루가 없는 직물제 걸레 제조
172111__name0,172111,name,기타 직물제품 제조업
172111__hier0,172111,hier,제조업 > 섬유제품 제조업; 의복 제외 > 직물 직조 및 직물제품 제조업 > 직물제품 제조업
172111__desc0,172111,desc,수건
172111__example0,172111,example,먼지떨이 제조(직물제)
172111__example1,172111,example,직물제 마스크 제조
172111__example2,172111,example,깃발 제조
172111__example3,172111,example,낙하산 제조
172111__example4,172111,example,구명벨트 제조
172111__example5,172111,example,"구명조끼, 구명대 제조"
172111__example6,172111,example,신발류 끈 제조
172111__example7,172111,example,드레스 패턴 제조
172111__example8,172111,example,페넌트 제조
172111__xref0,172111,xref,"국기, 페넌트 및 기타 깃발 제조"
172111__xref1,172111,xref,"구명대, 구명조끼 및 구명벨트 제조"
172111__xref2,172111,xref,신발끈 제조
172111__xref3,172111,xref,섬유제 마스크 제조
172111__xref4,172111,xref,자루가 없는 직물제 걸레 제조
172200__name0,172200,name,"카펫, 마루덮개 및 유사 제품 제조업"
172200__hier0,172200,hier,"제조업 > 섬유제품 제조업; 의복 제외 > 기타 섬유제품 제조업 > 카펫, 마루덮개 및 유사 제품 제조업"
172200__example0,172200,example,마루덮개 제조
172200__example1,172200,example,카펫 제조
172200__example2,172200,example,양탄자류 제조
172200__example3,172200,example,융단 제조
172200__xref0,172200,xref,라이터용 심지 제조
172300__name0,172300,name,어망 및 기타 끈 가공품 제조업
172300__hier0,172300,hier,"제조업 > 섬유제품 제조업; 의복 제외 > 기타 섬유제품 제조업 > 끈, 로프, 망 및 끈 가공품 제조업"
172300__example0,172300,example,로프 가공품 제조
172300__example1,172300,example,물품 운반용 망제품 제조
172300__example2,172300,example,줄사다리 제조
172300__example3,172300,example,끈으로 만든 걸레 제조
172300__xref0,172300,xref,어망 제조
172300__xref1,172300,xref,라이터용 심지 제조
172301__name0,172301,name,끈 및 로프 제조업
172301__hier0,172301,hier,"제조업 > 섬유제품 제조업; 의복 제외 > 기타 섬유제품 제조업 > 끈, 로프, 망 및 끈 가공품 제조업"
172301__example0,172301,example,로프 제조
172301__example1,172301,example,밧줄 제조
172301__xref0,172301,xref,라이터용 심지 제조
172901__name0,172901,name,세폭직물 제조업
172901__hier0,172901,hier,제조업 > 섬유제품 제조업; 의복 제외 > 기타 섬유제품 제조업 > 그 외 기타 섬유제품 제조업
172901__example0,172901,example,탄성 세폭직물 직조
172901__example1,172901,example,섬유제 직조 라벨 제조
172901__xref0,172901,xref,접착제로 접합한 세폭직물 제조
172901__xref1,172901,xref,고무사 세폭직물 직조
172901__xref2,172901,xref,라이터용 심지 제조
172902__name0,172902,name,그 외 기타 분류 안된 섬유제품 제조업
172902__hier0,172902,hier,제조업 > 섬유제품 제조업; 의복 제외 > 기타 섬유제품 제조업 > 그 외 기타 섬유제품 제조업
172902__example0,172902,example,유아용 냅킨 제조(섬유제)
172902__example1,172902,example,위생용 섬유 충전제품 제조
172902__example2,172902,example,베일용 그물 제조
172902__example3,172902,example,블레이드 제조
172902__example4,172902,example,제면활동
172902__example5,172902,example,방울술(리본) 제조
172902__example6,172902,example,전동용 벨트 제조
172902__example7,172902,example,여과포 제조
172902__example8,172902,example,제지용 직물 및 펠트 제조
172902__example9,172902,example,섬유 분말 제조
172902__example10,172902,example,빗질 및 정리제품 생산
172902__example11,172902,example,섬유제 호스 제조
172902__example12,172902,example,충전솜을 넣어 누빈 섬유제품(원단상) 제조
172902__example13,172902,example,테이블 린넨 제조(편조물)
172902__xref0,172902,xref,전동벨트 등 기계용 직물 및 섬유제품 제조
172902__xref1,172902,xref,"원단, 스트립 및 모티브상의 레이스 편조"
172902__xref2,172902,xref,특정형의 레이스제품 편조
172902__xref3,172902,xref,"원단, 스트립 및 모티브상의 레이스 제조"
172902__xref4,172902,xref,"원단, 스트립 및 모티브상의 레이스 제품 제조"
172902__xref5,172902,xref,여과포(직물제) 제조
172902__xref6,172902,xref,라이터용 심지 제조
172903__name0,172903,name,부직포 및 펠트 제조업
172903__hier0,172903,hier,제조업 > 섬유제품 제조업; 의복 제외 > 기타 섬유제품 제조업 > 그 외 기타 섬유제품 제조업
172903__xref0,172903,xref,라이터용 심지 제조
172904__name0,172904,name,특수사 및 코드직물 제조업
172904__hier0,172904,hier,제조업 > 섬유제품 제조업; 의복 제외 > 기타 섬유제품 제조업 > 그 외 기타 섬유제품 제조업
172904__example0,172904,example,고무 합연사 제조
172904__example1,172904,example,금속 드리사(metallised yarn)제조
172904__example2,172904,example,김프사(gimp) 제조
172904__example3,172904,example,셔니일사(chenille yarn) 제조
172904__example4,172904,example,금속 가연사 제조
172904__example5,172904,example,루프웨일사(loop wale yarn) 제조
172904__example6,172904,example,타이어코드 직물 제조
172904__xref0,172904,xref,금속사 제조
172904__xref1,172904,xref,라이터용 심지 제조
172905__name0,172905,name,표면처리 및 적층 직물 제조업
172905__hier0,172905,hier,제조업 > 섬유제품 제조업; 의복 제외 > 기타 섬유제품 제조업 > 그 외 기타 섬유제품 제조업
172905__example0,172905,example,투사포(tracing cloth) 제조
172905__example1,172905,example,유포(oil cloth) 제조
172905__example2,172905,example,접착 섬유테이프 제조
172905__example3,172905,example,경화 가공된 방직용 직물 제조
172905__example4,172905,example,"캔버스(canvas), 버크럼(buckram) 제조"
172905__example5,172905,example,타포린(tarpaulin) 직물 제조
172905__example6,172905,example,보강용 적층 및 도포 직물 제조
172905__xref0,172905,xref,패딩 또는 조합하여 누비거나 겹붙인 섬유제품 제조
172905__xref1,172905,xref,섬유물질을 주재료로 하고 플라스틱 물질을 도포하는 경우
172905__xref2,172905,xref,라이터용 심지 제조
173001__name0,173001,name,편조의복 제조업
173001__hier0,173001,hier,"제조업 > 의복, 의복 액세서리 및 모피제품 제조업 > 편조의복 제조업 > 편조의복 제조업"
173001__example0,173001,example,저지 편조
173001__example1,173001,example,스웨터 편조
173001__example2,173001,example,카디건 편조
173001__example3,173001,example,풀오버 편조
173001__example4,173001,example,티셔츠 편조
173001__example5,173001,example,조끼 편조
173001__xref0,173001,xref,재봉하여 의복을 제조
173002__name0,173002,name,편조 원단 제조업
173002__hier0,173002,hier,제조업 > 섬유제품 제조업; 의복 제외 > 편조 원단 제조업 > 편조 원단 제조업
173002__example0,173002,example,메리야스 원단 제조
173002__example1,173002,example,편조 원단 제조
173002__xref0,173002,xref,모조 모피 편조원단 제조
173004__name0,173004,name,스타킹 및 기타양말 제조업
173004__hier0,173004,hier,"제조업 > 의복, 의복 액세서리 및 모피제품 제조업 > 의복 액세서리 제조업 > 편조 의복 액세서리 제조업"
173004__example0,173004,example,팬티호즈 편조
173004__example1,173004,example,타이츠 편조
173006__name0,173006,name,기타 편조 의복 액세서리 제조업
173006__hier0,173006,hier,"제조업 > 의복, 의복 액세서리 및 모피제품 제조업 > 의복 액세서리 제조업 > 편조 의복 액세서리 제조업"
173006__desc0,173006,desc,장갑 편조
173006__example0,173006,example,장갑 및 모자 편조
173006__example1,173006,example,"숄, 스카프, 머플러 편조"
173006__example2,173006,example,의류 부속품 편조
173006__example3,173006,example,만틸라 편조
173006__example4,173006,example,레이스 제품 편조(특정제품)
173006__example5,173006,example,탄성 편조물 제조
173006__example6,173006,example,베일 편조
173006__example7,173006,example,넥타이류 편조
173006__xref0,173006,xref,편조 모자 제조
173006__xref1,173006,xref,편조장갑 제조
173009__name0,173009,name,기타 편조 의복 액세서리 제조업
173009__hier0,173009,hier,"제조업 > 의복, 의복 액세서리 및 모피제품 제조업 > 의복 액세서리 제조업 > 편조 의복 액세서리 제조업"
173009__example0,173009,example,장갑 및 모자 편조
173009__example1,173009,example,"숄, 스카프, 머플러 편조"
173009__example2,173009,example,의류 부속품 편조
173009__example3,173009,example,만틸라 편조
173009__example4,173009,example,레이스 제품 편조(특정제품)
173009__example5,173009,example,탄성 편조물 제조
173009__example6,173009,example,베일 편조
173009__example7,173009,example,넥타이류 편조
173009__xref0,173009,xref,편조 모자 제조
173009__xref1,173009,xref,편조장갑 제조
181101__name0,181101,name,남자용 겉옷 제조업
181101__hier0,181101,hier,"제조업 > 의복, 의복 액세서리 및 모피제품 제조업 > 봉제의복 제조업 > 겉옷 제조업"
181101__desc0,181101,desc,남자용 맞춤 겉옷
181101__example0,181101,example,"재킷, 파카, 점퍼, 슈트 제조"
181101__example1,181101,example,신사복 정장 제조
181101__example2,181101,example,남자용 코트류 제조
181101__example3,181101,example,"연미복, 턱시도 등 예복 제조"
181101__example4,181101,example,남자용 바지 제조
181101__example5,181101,example,평상복 남자 외의
181103__name0,181103,name,한복 제조업
181103__hier0,181103,hier,"제조업 > 의복, 의복 액세서리 및 모피제품 제조업 > 봉제의복 제조업 > 한복 제조업"
181103__desc0,181103,desc,기성 한복
181103__example0,181103,example,한복 제조
181103__example1,181103,example,전통 민속복 제조
181103__example2,181103,example,개량 한복 제조
181103__xref0,181103,xref,한복 맞춤집
181105__name0,181105,name,여자용 겉옷 제조업
181105__hier0,181105,hier,"제조업 > 의복, 의복 액세서리 및 모피제품 제조업 > 봉제의복 제조업 > 겉옷 제조업"
181105__desc0,181105,desc,여자용 맞춤 겉옷
181105__example0,181105,example,"원피스, 스커트 제조"
181105__example1,181105,example,"여자용 코트류, 바지류 제조"
181105__example2,181105,example,"재킷, 파카, 점퍼, 슈트 제조"
181109__name0,181109,name,셔츠 및 블라우스 제조업
181109__hier0,181109,hier,"제조업 > 의복, 의복 액세서리 및 모피제품 제조업 > 봉제의복 제조업 > 기타 봉제의복 제조업"
181109__example0,181109,example,블라우스 제조
181109__example1,181109,example,"와이셔츠, 티셔츠 제조"
181109__xref0,181109,xref,"셔츠, 블라우스 및 체육복 제조"
181110__name0,181110,name,"근무복, 작업복 및 유사 의복 제조업"
181110__hier0,181110,hier,"제조업 > 의복, 의복 액세서리 및 모피제품 제조업 > 봉제의복 제조업 > 기타 봉제의복 제조업"
181110__desc0,181110,desc,"체육복,수영복 및 경기복"
181110__example0,181110,example,"근무복, 작업복, 체육복 제조"
181110__xref0,181110,xref,"셔츠, 블라우스 및 체육복 제조"
181201__name0,181201,name,가죽의복 제조업
181201__hier0,181201,hier,"제조업 > 의복, 의복 액세서리 및 모피제품 제조업 > 봉제의복 제조업 > 기타 봉제의복 제조업"
181201__example0,181201,example,가죽의복 제조(천연
181201__example1,181201,example,인조
181201__example2,181201,example,재생
181201__example3,181201,example,합성 가죽제)
181201__xref0,181201,xref,가죽의복 제조
181202__name0,181202,name,모자 제조업
181202__hier0,181202,hier,"제조업 > 의복, 의복 액세서리 및 모피제품 제조업 > 의복 액세서리 제조업 > 기타 의복 액세서리 제조업"
181202__example0,181202,example,모자 제조
181202__example1,181202,example,모자 부분품 제조
181202__xref0,181202,xref,"가죽제 모자, 장갑 및 기타 의복 액세서리 제조"
181202__xref1,181202,xref,"모피 모자, 장갑 및 부분품 제조"
181203__name0,181203,name,속옷 및 잠옷 제조업
181203__hier0,181203,hier,"제조업 > 의복, 의복 액세서리 및 모피제품 제조업 > 봉제의복 제조업 > 속옷 및 잠옷 제조업"
181203__example0,181203,example,슬립 제조
181203__example1,181203,example,브래지어 제조
181203__example2,181203,example,코르셋 제조
181203__example3,181203,example,거들 제조
181204__name0,181204,name,그 외 기타 의복 액세서리 제조업
181204__hier0,181204,hier,"제조업 > 의복, 의복 액세서리 및 모피제품 제조업 > 의복 액세서리 제조업 > 기타 의복 액세서리 제조업"
181204__example0,181204,example,장갑 제조
181204__example1,181204,example,손수건 제조
181204__example2,181204,example,스카프 및 숄 제조
181204__example3,181204,example,혁대 및 복대 제조
181204__example4,181204,example,만틸라 제조
181204__example5,181204,example,넥타이 제조
181204__example6,181204,example,"모피(천연, 인조)제 액세서리 제조"
181204__xref0,181204,xref,재봉하여 머리망(헤어네트) 제조
181204__xref1,181204,xref,"가죽제 모자, 장갑 및 기타 의복 액세서리 제조"
181204__xref2,181204,xref,"모피 모자, 장갑 및 부분품 제조"
181205__name0,181205,name,남자용 겉옷 제조업
181205__hier0,181205,hier,"제조업 > 의복, 의복 액세서리 및 모피제품 제조업 > 봉제의복 제조업 > 겉옷 제조업"
181205__desc0,181205,desc,남자용 기성 겉옷
181205__example0,181205,example,"재킷, 파카, 점퍼, 슈트 제조"
181205__example1,181205,example,신사복 정장 제조
181205__example2,181205,example,남자용 코트류 제조
181205__example3,181205,example,"연미복, 턱시도 등 예복 제조"
181205__example4,181205,example,남자용 바지 제조
181205__example5,181205,example,평상복 남자 외의
181206__name0,181206,name,여자용 겉옷 제조업
181206__hier0,181206,hier,"제조업 > 의복, 의복 액세서리 및 모피제품 제조업 > 봉제의복 제조업 > 겉옷 제조업"
181206__desc0,181206,desc,여자용 기성 겉옷
181206__example0,181206,example,"원피스, 스커트 제조"
181206__example1,181206,example,"여자용 코트류, 바지류 제조"
181206__example2,181206,example,"재킷, 파카, 점퍼, 슈트 제조"
181207__name0,181207,name,"근무복, 작업복 및 유사 의복 제조업"
181207__hier0,181207,hier,"제조업 > 의복, 의복 액세서리 및 모피제품 제조업 > 봉제의복 제조업 > 기타 봉제의복 제조업"
181207__example0,181207,example,"근무복, 작업복, 체육복 제조"
181207__xref0,181207,xref,"셔츠, 블라우스 및 체육복 제조"
181208__name0,181208,name,유아용 의복 제조업
181208__hier0,181208,hier,"제조업 > 의복, 의복 액세서리 및 모피제품 제조업 > 봉제의복 제조업 > 기타 봉제의복 제조업"
181208__example0,181208,example,유아용 의복 제조
181208__example1,181208,example,유아용 의복 액세서리 제조
181209__name0,181209,name,한복 제조업
181209__hier0,181209,hier,"제조업 > 의복, 의복 액세서리 및 모피제품 제조업 > 봉제의복 제조업 > 한복 제조업"
181209__desc0,181209,desc,개인 맞춤 한복
181209__example0,181209,example,한복 제조
181209__example1,181209,example,전통 민속복 제조
181209__example2,181209,example,개량 한복 제조
181209__xref0,181209,xref,한복 맞춤집
181211__name0,181211,name,그 외 기타 봉제의복 제조업
181211__hier0,181211,hier,"제조업 > 의복, 의복 액세서리 및 모피제품 제조업 > 봉제의복 제조업 > 기타 봉제의복 제조업"
181211__example0,181211,example,잠수복 제조
181211__example1,181211,example,우의 및 방수복 제조
181211__example2,181211,example,방사선 예방 보호복 제조
181211__example3,181211,example,의류 부분품 제조
181211__example4,181211,example,특수환자용 의복 제조
181211__example5,181211,example,"가운류(종교 의식복, 학사복 등) 제조"
182001__name0,182001,name,모피제품 제조업
182001__hier0,182001,hier,"제조업 > 의복, 의복 액세서리 및 모피제품 제조업 > 모피제품 제조업 > 모피제품 제조업"
182001__example0,182001,example,모피 이불 제조
182001__example1,182001,example,가정용 모피제품 제조
182001__example2,182001,example,머리 달린 가공 원피제품 제조
182001__example3,182001,example,"천연 모피조각 조립품 제조(매트, 스트립 등)"
182001__example4,182001,example,모피 덮개 제조
182001__example5,182001,example,모피 깔개 제조
182001__example6,182001,example,모피 매트 제조
191100__name0,191100,name,모피 및 가죽 제조업
191100__hier0,191100,hier,"제조업 > 가죽, 가방 및 신발 제조업 > 가죽, 가방 및 유사 제품 제조업 > 모피 및 가죽 제조업"
191100__example0,191100,example,가죽 유연 처리
191100__example1,191100,example,가죽 염색 및 가공 처리
191100__example2,191100,example,금속처리 가죽 제조
191100__example3,191100,example,섀무 가죽 제조
191100__example4,191100,example,"양피지(파치먼트, parchment) 가죽 제조"
191100__example5,191100,example,페이턴트(patent leather) 가죽 제조
191100__example6,191100,example,인조모피 제조
191100__example7,191100,example,원모피 처리
191100__example8,191100,example,모피 가공
191100__example9,191100,example,전신 원피 처리(머리 달린)
191100__example10,191100,example,원모피 무두질 처리
191100__example11,191100,example,원모피 표백(염색 처리)
191200__name0,191200,name,가방 및 기타 보호용 케이스 제조업
191200__hier0,191200,hier,"제조업 > 가죽, 가방 및 신발 제조업 > 가죽, 가방 및 유사 제품 제조업 > 핸드백, 가방 및 기타 보호용 케이스 제조업"
191200__example0,191200,example,트렁크 제조
191200__example1,191200,example,등산용 배낭류 제조
191200__example2,191200,example,공구백 제조
191200__example3,191200,example,안경 케이스 제조
191200__example4,191200,example,사진기 케이스 제조
191200__example5,191200,example,악기 케이스 제조
191200__xref0,191200,xref,"직물류 가방, 배낭 및 보호용 케이스 제조"
191201__name0,191201,name,기타 가죽제품 제조업
191201__hier0,191201,hier,"제조업 > 가죽, 가방 및 신발 제조업 > 가죽, 가방 및 유사 제품 제조업 > 기타 가죽제품 제조업"
191201__example0,191201,example,기계용 가죽제품 제조
191201__example1,191201,example,가죽 시곗줄 제조
191201__example2,191201,example,가죽 격막 제조
191201__example3,191201,example,말채찍 제조
191201__example4,191201,example,가죽 호스 제조
191201__example5,191201,example,장선 제조
191201__xref0,191201,xref,살균하지 않은 장선
191201__xref1,191201,xref,가죽제 시곗줄 제조
191202__name0,191202,name,핸드백 및 지갑 제조업
191202__hier0,191202,hier,"제조업 > 가죽, 가방 및 신발 제조업 > 가죽, 가방 및 유사 제품 제조업 > 핸드백, 가방 및 기타 보호용 케이스 제조업"
191202__example0,191202,example,핸드백 제조
191202__example1,191202,example,지갑 제조
191202__xref0,191202,xref,개인 휴대용품용 지갑류 및 유사 케이스 제조
192001__name0,192001,name,구두류 제조업
192001__hier0,192001,hier,"제조업 > 가죽, 가방 및 신발 제조업 > 신발 및 신발 부분품 제조업 > 신발 제조업"
192001__example0,192001,example,캐주얼화(가죽제) 제조
192001__example1,192001,example,가죽 구두 제조
192004__name0,192004,name,기타 신발 제조업
192004__hier0,192004,hier,"제조업 > 가죽, 가방 및 신발 제조업 > 신발 및 신발 부분품 제조업 > 신발 제조업"
192004__example0,192004,example,경기용 신발 제조
192004__example1,192004,example,운동화 제조
192004__example2,192004,example,나무 및 고무 신발 제조
192004__example3,192004,example,플라스틱 신발 제조
192004__example4,192004,example,발레용 신발 제조
192004__example5,192004,example,각반 제조
192004__example6,192004,example,짚신 제조
192004__example7,192004,example,특수 목적용 신발 제조
192004__example8,192004,example,종이 신발 제조
192004__xref0,192004,xref,경기화 및 특수용 신발 제조
192004__xref1,192004,xref,고무 신발 제조
192005__name0,192005,name,신발 부분품 제조업
192005__hier0,192005,hier,"제조업 > 가죽, 가방 및 신발 제조업 > 신발 및 신발 부분품 제조업 > 신발 부분품 제조업"
192005__example0,192005,example,신발 갑피 제조
192005__example1,192005,example,뒷굽 제조(신발용)
192005__example2,192005,example,안창 제조(신발용)
192005__example3,192005,example,바깥바닥 제조(신발용)
192005__xref0,192005,xref,신발용 부분품(재단품) 제조
193001__name0,193001,name,연사 및 가공사 제조업
193001__name1,193001,name,특수직물 및 기타 직물 직조업
193001__name2,193001,name,자수제품 및 자수용 재료 제조업
193001__name3,193001,name,편조 원단 제조업
193001__name4,193001,name,섬유제품 기타 정리 및 마무리 가공업
193001__name5,193001,name,그 외 기타 분류 안된 섬유제품 제조업
193001__hier0,193001,hier,"제조업 > 섬유제품 제조업; 의복 제외 > 방적 및 가공사 제조업, 직물 직조 및 직물제품 제조업, 편조 원단 제조업, 섬유제품 염색, 정리 및 마무리 가공업, 기타 섬유제품 제조업 > 방적 및 가공사 제조업, 직물 직조업, 직물제품 제조업, 편조 원단 제조업, 섬유제품 염색, 정리 및 마무리 가공업, 그 외 기타 섬유제품 제조업"
193001__ksic0,193001,ksic,"연사 및 가공사 제조업, 특수직물 및 기타 직물 직조업, 자수제품 및 자수용 재료 제조업, 편조 원단 제조업, 섬유제품 기타 정리 및 마무리 가공업, 그 외 기타 분류 안된 섬유제품 제조업"
193001__desc0,193001,desc,"임가공(실감기), 임가공(기타 직물 직조), 임가공(직물 자수), 임가공(섬유 편조 뜨개질), 임가공(의복 액세서리 정리 및 마무리), 임가공(그 외 기타 섬유제품)"
193001__example0,193001,example,자수사 제조
193001__example1,193001,example,텍스처드 가공사 제조
193001__example2,193001,example,편물사 제조
193001__example3,193001,example,견재봉사 제조
193001__example4,193001,example,가연사 제조
193001__example5,193001,example,"파일, 셔닐, 테리, 거즈, 터프티드 직물 직조"
193001__example6,193001,example,타포린직물 직조
193001__example7,193001,example,마직물 직조
193001__example8,193001,example,아바카직물 직조
193001__example9,193001,example,코이어직물 직조
193001__example10,193001,example,포대용 직물 직조
193001__example11,193001,example,매트 및 리놀륨 제조용 기타 식물성 기포(基布)직물 직조
193001__example12,193001,example,견직물 직조
193001__example13,193001,example,태피스트리 제조
193001__example14,193001,example,자수용 재료 세트 생산
193001__example15,193001,example,장식용 자수제품 제조
193001__example16,193001,example,메리야스 원단 제조
193001__example17,193001,example,편조 원단 제조
193001__example18,193001,example,직물 및 편조 원단 정리 및 마무리 가공
193001__example19,193001,example,의복 정리 및 마무리 가공
193001__example20,193001,example,의복 액세서리 정리 및 마무리 가공
193001__example21,193001,example,유아용 냅킨 제조(섬유제)
193001__example22,193001,example,위생용 섬유 충전제품 제조
193001__example23,193001,example,베일용 그물 제조
193001__example24,193001,example,블레이드 제조
193001__example25,193001,example,제면활동
193001__example26,193001,example,방울술(리본) 제조
193001__example27,193001,example,전동용 벨트 제조
193001__example28,193001,example,여과포 제조
193001__example29,193001,example,제지용 직물 및 펠트 제조
193001__example30,193001,example,섬유 분말 제조
193001__example31,193001,example,빗질 및 정리제품 생산
193001__example32,193001,example,섬유제 호스 제조
193001__example33,193001,example,충전솜을 넣어 누빈 섬유제품(원단상) 제조
193001__example34,193001,example,테이블 린넨 제조(편조물)
193001__xref0,193001,xref,마직물 및 특수 면직물 직조
193001__xref1,193001,xref,특수 모직물 직조
193001__xref2,193001,xref,특수 인견직물 직조
193001__xref3,193001,xref,전동벨트 등 기계용 직물 및 섬유제품 제조
193001__xref4,193001,xref,수공 또는 기계자수 제품 제조
193001__xref5,193001,xref,직물 직조에 연관된 포대 제조
193001__xref6,193001,xref,"원단, 스트립 및 모티브상의 레이스 편조"
193001__xref7,193001,xref,특정형의 레이스제품 편조
193001__xref8,193001,xref,배지 제조
193001__xref9,193001,xref,"원단, 스트립 및 모티브상의 레이스 제조"
193001__xref10,193001,xref,침투 및 적층 활동
193001__xref11,193001,xref,모조 모피 편조원단 제조
193001__xref12,193001,xref,모조 모피 직조원단 제조
193001__xref13,193001,xref,"원단, 스트립 및 모티브상의 레이스 제품 제조"
193001__xref14,193001,xref,수수료 또는 계약에 의해 섬유제품 제조와 관련한 날염가공
193001__xref15,193001,xref,탄소섬유 직물 제조
193001__xref16,193001,xref,여과포(직물제) 제조
193001__xref17,193001,xref,라이터용 심지 제조
193009__name0,193009,name,솜 및 실 염색 가공업
193009__name1,193009,name,"직물, 편조 원단 및 의복류 염색 가공업"
193009__name2,193009,name,날염 가공업
193009__hier0,193009,hier,"제조업 > 섬유제품 제조업; 의복 제외 > 섬유제품 염색, 정리 및 마무리 가공업 > 섬유제품 염색, 정리 및 마무리 가공업"
193009__ksic0,193009,ksic,"솜 및 실 염색 가공업, 직물, 편조 원단 및 의복류 염색 가공업, 날염 가공업"
193009__desc0,193009,desc,"임가공(솜, 실 염색), 임가공(직물, 편물 원단 염색), 임가공(날염)"
193009__example0,193009,example,"솜, 실 염색 및 정리 가공"
193009__example1,193009,example,직물 및 편물 원단 염색 가공
193009__example2,193009,example,직물 및 편물 원단 정리 가공
193009__example3,193009,example,의복 염색 가공
193009__example4,193009,example,의복 액세서리류 염색 가공
193009__xref0,193009,xref,섬유 및 실 날염
193009__xref1,193009,xref,섬유제품 날염 가공
193009__xref2,193009,xref,수수료 또는 계약에 의해 섬유제품 제조와 관련한 날염가공
201001__name0,201001,name,일반 제재업
201001__hier0,201001,hier,제조업 > 목재 및 나무제품 제조업; 가구 제외 > 제재 및 목재 가공업 > 제재 및 목재 가공업
201001__example0,201001,example,각재 생산
201001__example1,201001,example,일반 제재목 생산
201001__xref0,201001,xref,일반제재목 생산
201001__xref1,201001,xref,"제재한 판재, 각재 제조"
201002__name0,201002,name,"목재 보존, 방부처리, 도장 및 유사 처리업"
201002__hier0,201002,hier,제조업 > 목재 및 나무제품 제조업; 가구 제외 > 제재 및 목재 가공업 > 제재 및 목재 가공업
201002__example0,201002,example,도장(착색) 목재 생산
201002__example1,201002,example,화장 목재 제조
201002__example2,201002,example,약품처리 목재 생산
201002__example3,201002,example,표면처리 목재 생산
201002__xref0,201002,xref,목재 표면 도포처리 및 방부처리 제품 제조
201002__xref1,201002,xref,"제재한 판재, 각재 제조"
201002__xref2,201002,xref,타르물 도포 목재 생산
201009__name0,201009,name,표면 가공목재 및 특정 목적용 제재목 제조업
201009__hier0,201009,hier,제조업 > 목재 및 나무제품 제조업; 가구 제외 > 제재 및 목재 가공업 > 제재 및 목재 가공업
201009__example0,201009,example,표면 새김 가공목재 생산
201009__example1,201009,example,견본 목공물 제조
201009__example2,201009,example,인발재 제조
201009__example3,201009,example,"목모, 목분 및 목재칩 제조"
201009__example4,201009,example,침목 생산(방부처리 안된)
201009__example5,201009,example,나무 조각판 제조(마루판 조립용)
201009__xref0,201009,xref,"제재한 판재, 각재 제조"
201009__xref1,201009,xref,목분 제조
202101__name0,202101,name,강화 및 재생 목재 제조업
202101__hier0,202101,hier,"제조업 > 목재 및 나무제품 제조업; 가구 제외 > 나무제품 제조업 > 박판, 합판 및 강화 목제품 제조업"
202101__example0,202101,example,고밀도화 목재 제조
202101__example1,202101,example,파이버보드 제조
202101__example2,202101,example,파티클보드 제조
202101__example3,202101,example,칩보드 제조
202101__xref0,202101,xref,강화 및 재생목재 제조
202101__xref1,202101,xref,"칩보드, 파이버보드 및 기타 강화 또는 재생목재 제조"
202101__xref2,202101,xref,나무 물질을 응집시켜 파이버보드 및 건축용 판재 제조
202102__name0,202102,name,"박판, 합판 및 유사 적층판 제조업"
202102__hier0,202102,hier,"제조업 > 목재 및 나무제품 제조업; 가구 제외 > 나무제품 제조업 > 박판, 합판 및 강화 목제품 제조업"
202102__example0,202102,example,합판용 단판 제조
202102__example1,202102,example,블록 보드 제조
202102__example2,202102,example,배튼 보드 제조
202102__example3,202102,example,베니어 패널 제조
202102__xref0,202102,xref,단판이 부착된 재생 목재판 제조
202200__name0,202200,name,기타 건축용 나무제품 제조업
202200__hier0,202200,hier,제조업 > 목재 및 나무제품 제조업; 가구 제외 > 나무제품 제조업 > 건축용 나무제품 제조업
202200__example0,202200,example,셀룰라우드 패널 제조
202200__example1,202200,example,적층 목제품 제조(구조용)
202200__example2,202200,example,파케이 패널 제조
202200__example3,202200,example,지붕용 패널 제조
202200__xref0,202200,xref,건축용 셀룰라우드 패널 및 유사 적층목재 제조
202201__name0,202201,name,"목재 포장용 상자, 드럼 및 유사 용기 제조업"
202201__hier0,202201,hier,"제조업 > 목재 및 나무제품 제조업; 가구 제외 > 나무제품 제조업 > 목재 상자, 드럼 및 적재판 제조업"
202201__example0,202201,example,목재 배럴(barrel) 제조
202201__example1,202201,example,목재 케이블 드럼(cable drum) 제조
202201__example2,202201,example,목재 케이스 제조
202201__example3,202201,example,목재 텁(tub) 및 유사 용기 제조
202201__example4,202201,example,목재 통 제조
202201__example5,202201,example,목재 상자 제조
202201__xref0,202201,xref,동물 수송용 우리 제조
202202__name0,202202,name,목재 문 및 관련제품 제조업
202202__hier0,202202,hier,제조업 > 목재 및 나무제품 제조업; 가구 제외 > 나무제품 제조업 > 건축용 나무제품 제조업
202202__example0,202202,example,목재 창문 제조
202202__example1,202202,example,목재 문지방 제조
202202__example2,202202,example,목재 문틀 제조
202203__name0,202203,name,목재 깔판류 및 기타 적재판 제조업
202203__hier0,202203,hier,"제조업 > 목재 및 나무제품 제조업; 가구 제외 > 나무제품 제조업 > 목재 상자, 드럼 및 적재판 제조업"
202203__example0,202203,example,적재용 목재판 제조
202203__example1,202203,example,화물용 목재 보드 제조
202203__example2,202203,example,화물용 목재 파렛트 제조
202203__example3,202203,example,운반용 목재 파렛트 제조
202901__name0,202901,name,목재 도구 및 주방용 나무제품 제조업
202901__hier0,202901,hier,제조업 > 목재 및 나무제품 제조업; 가구 제외 > 나무제품 제조업 > 기타 나무제품 제조업
202901__example0,202901,example,목재 공구 제조
202901__example1,202901,example,공구용 몸체 제조
202901__example2,202901,example,공구 손잡이 제조
202901__example3,202901,example,브러시 몸체 제조
202901__example4,202901,example,밥주걱 제조
202901__example5,202901,example,나무젓가락 제조
202901__example6,202901,example,이쑤시개 제조
202901__example7,202901,example,나무그릇 제조
202901__example8,202901,example,절구통 및 절굿공이 제조
202901__example9,202901,example,솥뚜껑 제조
202901__xref0,202901,xref,나무제 마구류 제조
202902__name0,202902,name,장식용 목제품 제조업
202902__hier0,202902,hier,제조업 > 목재 및 나무제품 제조업; 가구 제외 > 나무제품 제조업 > 기타 나무제품 제조업
202902__desc0,202902,desc,장식용 칠기
202902__example0,202902,example,상감 세공 목재 패널 제조
202902__example1,202902,example,보석상자 제조
202902__example2,202902,example,장식용 목재 칼집(은장도 등) 제조
202902__example3,202902,example,목재 거울 틀 제조
202902__example4,202902,example,목재 조각상 및 장식품 제조
202902__xref0,202902,xref,나무제 마구류 제조
202902__xref1,202902,xref,목재 보석상자 제조
202903__name0,202903,name,코르크 및 조물 제품 제조업
202903__hier0,202903,hier,제조업 > 목재 및 나무제품 제조업; 가구 제외 > 코르크 및 조물 제품 제조업 > 코르크 및 조물 제품 제조업
202903__desc0,202903,desc,죽세공품
202903__example0,202903,example,천연 코르크 분말 제조
202903__example1,202903,example,천연 코르크 제품 제조
202903__example2,202903,example,밀짚모자 제조
202903__example3,202903,example,새끼줄 제조
202903__example4,202903,example,고공품 제조
202903__example5,202903,example,매트 제조(조물제)
202903__example6,202903,example,등 세공품 제조
202903__example7,202903,example,가마니 제조
202903__example8,202903,example,수세미 제품 제조
202903__xref0,202903,xref,방직용 이외의 조물재료로 엮은 매트류(깔개) 제조
202903__xref1,202903,xref,조물재료를 엮어서 모자를 제조하는 경우
202904__name0,202904,name,장식용 목제품 제조업
202904__hier0,202904,hier,제조업 > 목재 및 나무제품 제조업; 가구 제외 > 나무제품 제조업 > 기타 나무제품 제조업
202904__example0,202904,example,상감 세공 목재 패널 제조
202904__example1,202904,example,보석상자 제조
202904__example2,202904,example,장식용 목재 칼집(은장도 등) 제조
202904__example3,202904,example,목재 거울 틀 제조
202904__example4,202904,example,목재 조각상 및 장식품 제조
202904__xref0,202904,xref,나무제 마구류 제조
202904__xref1,202904,xref,목재 보석상자 제조
202905__name0,202905,name,그 외 기타 나무제품 제조업
202905__hier0,202905,hier,제조업 > 목재 및 나무제품 제조업; 가구 제외 > 나무제품 제조업 > 기타 나무제품 제조업
202905__example0,202905,example,기구용 목재 케이스 제조
202905__example1,202905,example,목재 새장 및 동물 우리 제조
202905__example2,202905,example,나무 못 제조
202905__example3,202905,example,"목재 콥(cop), 릴(reel) 및 유사 제품 제조"
202905__example4,202905,example,부채 및 핸드 스크린(hand screen) 제조
202905__example5,202905,example,"땔감 및 연료용 압축 펠릿(목재, 커피"
202905__example6,202905,example,대두 부산물 등 이용) 제조
202905__example7,202905,example,염주 및 관련제품 제조
202905__xref0,202905,xref,나무제 마구류 제조
202905__xref1,202905,xref,목제 구급상자 케이스
202906__name0,202906,name,코르크 및 조물 제품 제조업
202906__hier0,202906,hier,제조업 > 목재 및 나무제품 제조업; 가구 제외 > 코르크 및 조물 제품 제조업 > 코르크 및 조물 제품 제조업
202906__example0,202906,example,천연 코르크 분말 제조
202906__example1,202906,example,천연 코르크 제품 제조
202906__example2,202906,example,밀짚모자 제조
202906__example3,202906,example,새끼줄 제조
202906__example4,202906,example,고공품 제조
202906__example5,202906,example,매트 제조(조물제)
202906__example6,202906,example,등 세공품 제조
202906__example7,202906,example,가마니 제조
202906__example8,202906,example,수세미 제품 제조
202906__xref0,202906,xref,방직용 이외의 조물재료로 엮은 매트류(깔개) 제조
202906__xref1,202906,xref,조물재료를 엮어서 모자를 제조하는 경우
202907__name0,202907,name,코르크 및 조물 제품 제조업
202907__hier0,202907,hier,제조업 > 목재 및 나무제품 제조업; 가구 제외 > 코르크 및 조물 제품 제조업 > 코르크 및 조물 제품 제조업
202907__desc0,202907,desc,"자리, 고공품"
202907__example0,202907,example,천연 코르크 분말 제조
202907__example1,202907,example,천연 코르크 제품 제조
202907__example2,202907,example,밀짚모자 제조
202907__example3,202907,example,새끼줄 제조
202907__example4,202907,example,고공품 제조
202907__example5,202907,example,매트 제조(조물제)
202907__example6,202907,example,등 세공품 제조
202907__example7,202907,example,가마니 제조
202907__example8,202907,example,수세미 제품 제조
202907__xref0,202907,xref,방직용 이외의 조물재료로 엮은 매트류(깔개) 제조
202907__xref1,202907,xref,조물재료를 엮어서 모자를 제조하는 경우
210101__name0,210101,name,신문용지 제조업
210101__hier0,210101,hier,"제조업 > 펄프, 종이 및 종이제품 제조업 > 펄프, 종이 및 판지 제조업 > 펄프, 종이 및 판지 제조업"
210101__xref0,210101,xref,신문용 원지 제조
210102__name0,210102,name,"적층, 합성 및 특수 표면처리 종이 제조업"
210102__hier0,210102,hier,"제조업 > 펄프, 종이 및 종이제품 제조업 > 기타 종이 및 판지 제품 제조업 > 기타 종이 및 판지 제품 제조업"
210102__example0,210102,example,도포지 및 판지 제조
210102__example1,210102,example,금박 합성지 및 판지 제조
210102__example2,210102,example,접착지와 판지 제조
210102__example3,210102,example,전기 절연 가공지 제조
210102__example4,210102,example,콘덴서용 가공지 제조
210102__example5,210102,example,셀프 접착지(self-adhesive) 제조
210102__example6,210102,example,역청 물질을 도포한 종이 및 판지 제조
210102__xref0,210102,xref,원단을 구입하여 도포한 크라프트지와 판지
210102__xref1,210102,xref,적층 합성 및 특수표면 처리 종이 제조
210102__xref2,210102,xref,가공한 종이 및 판지제품 제조
210102__xref3,210102,xref,역청물 도포지 제조
210102__xref4,210102,xref,"사무용, 문구용 종이제품 제조"
210104__name0,210104,name,기타 종이 및 판지 제조업
210104__hier0,210104,hier,"제조업 > 펄프, 종이 및 종이제품 제조업 > 펄프, 종이 및 판지 제조업 > 펄프, 종이 및 판지 제조업"
210104__example0,210104,example,여과지와 판지 제조
210104__example1,210104,example,지형 원지 제조
210104__example2,210104,example,투사지(트레이싱지) 제조
210104__example3,210104,example,펠트지와 판지 제조
210104__example4,210104,example,글라신지 원지 제조
210104__example5,210104,example,투명 광택지 제조
210104__example6,210104,example,전기절연지 제조
210104__example7,210104,example,포장용 원지 제조
210104__example8,210104,example,황산지 제조
210104__example9,210104,example,"특수 박엽지(궐련용지, 사전용지, 글라신지, 콘덴서지 한지 등) 제조"
210104__example10,210104,example,콘덴서지 제조
210104__xref0,210104,xref,특수 수제지 및 한지 제조
210106__name0,210106,name,펄프 제조업
210106__hier0,210106,hier,"제조업 > 펄프, 종이 및 종이제품 제조업 > 펄프, 종이 및 판지 제조업 > 펄프, 종이 및 판지 제조업"
210106__example0,210106,example,화학 목재펄프 제조
210106__example1,210106,example,기계 목재펄프 제조
210106__example2,210106,example,섬유질 셀룰로오스펄프 제조
210106__example3,210106,example,고지 재생펄프 제조
210106__xref0,210106,xref,폐지 이용 펄프 제조
210107__name0,210107,name,인쇄용 및 필기용 원지 제조업
210107__hier0,210107,hier,"제조업 > 펄프, 종이 및 종이제품 제조업 > 펄프, 종이 및 판지 제조업 > 펄프, 종이 및 판지 제조업"
210107__example0,210107,example,벽지용 원지 제조
210107__example1,210107,example,천공카드지 제조
210107__example2,210107,example,인쇄용 원지 제조
210107__example3,210107,example,"사진 및 전자 감광지, 열 감응지 원지 제조"
210107__example4,210107,example,필기용 원지 제조
210107__example5,210107,example,일반 수제지 및 판지 원지 제조
210107__example6,210107,example,백상지ㆍ중질지ㆍ아트지 원지 제조
210107__example7,210107,example,인쇄용 박엽지 원지 제조
210108__name0,210108,name,위생용 원지 제조업
210108__hier0,210108,hier,"제조업 > 펄프, 종이 및 종이제품 제조업 > 펄프, 종이 및 판지 제조업 > 펄프, 종이 및 판지 제조업"
210108__example0,210108,example,화장지 원지 제조
210108__example1,210108,example,"셀룰로오스 섬유 웨브(web), 충전제(wadding)용 원지 제조"
210108__example2,210108,example,타월
210108__example3,210108,example,냅킨용 원지 제조
210108__example4,210108,example,화장지용 박엽지 원지 제조
210111__name0,210111,name,골판지 원지 제조업
210111__name1,210111,name,크라프트지 및 기타 상자용 판지 제조업
210111__hier0,210111,hier,"제조업 > 펄프, 종이 및 종이제품 제조업 > 펄프, 종이 및 판지 제조업 > 펄프, 종이 및 판지 제조업"
210111__ksic0,210111,ksic,"골판지 원지 제조업, 크라프트지 및 기타 상자용 판지 제조업"
210111__example0,210111,example,쥬트 라이너 제조
210111__example1,210111,example,골판지 원지 제조
210111__example2,210111,example,일반 골심지 제조
210111__example3,210111,example,반화학 골심지 제조
210111__example4,210111,example,백판지(마닐라 판지) 제조
210111__example5,210111,example,아이보리 판지 제조업
210111__example6,210111,example,다겹층지 제조
210111__example7,210111,example,포장용 판지 제조
210112__name0,210112,name,기타 종이 및 판지 제조업
210112__hier0,210112,hier,"제조업 > 펄프, 종이 및 종이제품 제조업 > 펄프, 종이 및 판지 제조업 > 펄프, 종이 및 판지 제조업"
210112__desc0,210112,desc,한지
210112__example0,210112,example,여과지와 판지 제조
210112__example1,210112,example,지형 원지 제조
210112__example2,210112,example,투사지(트레이싱지) 제조
210112__example3,210112,example,펠트지와 판지 제조
210112__example4,210112,example,글라신지 원지 제조
210112__example5,210112,example,투명 광택지 제조
210112__example6,210112,example,전기절연지 제조
210112__example7,210112,example,포장용 원지 제조
210112__example8,210112,example,황산지 제조
210112__example9,210112,example,"특수 박엽지(궐련용지, 사전용지, 글라신지, 콘덴서지 한지 등) 제조"
210112__example10,210112,example,콘덴서지 제조
210112__xref0,210112,xref,특수 수제지 및 한지 제조
210200__name0,210200,name,골판지 제조업
210200__hier0,210200,hier,"제조업 > 펄프, 종이 및 종이제품 제조업 > 골판지, 종이 상자 및 종이 용기 제조업 > 골판지 및 골판지 가공제품 제조업"
210200__example0,210200,example,골판지 제조
210200__xref0,210200,xref,골판지 및 골판지상자 제조
210201__name0,210201,name,판지 상자 및 용기 제조업
210201__hier0,210201,hier,"제조업 > 펄프, 종이 및 종이제품 제조업 > 골판지, 종이 상자 및 종이 용기 제조업 > 종이 포대, 판지 상자 및 종이 용기 제조업"
210201__example0,210201,example,포장용 삽입물 제조
210201__example1,210201,example,상자용 칸막이 제조
210201__example2,210201,example,서류 상자 제조
210201__example3,210201,example,보관함 제조
210201__example4,210201,example,서류 캐비닛 제조
210201__example5,210201,example,서류 받침 제조
210201__xref0,210201,xref,판지제 상자 및 용기 제조
210202__name0,210202,name,골판지 상자 및 가공제품 제조업
210202__hier0,210202,hier,"제조업 > 펄프, 종이 및 종이제품 제조업 > 골판지, 종이 상자 및 종이 용기 제조업 > 골판지 및 골판지 가공제품 제조업"
210202__example0,210202,example,골판지 상자 제조
210202__example1,210202,example,골판지 칸막이 제조
210202__xref0,210202,xref,골판지 및 골판지상자 제조
210202__xref1,210202,xref,골판지 상자 및 용기 제조
210203__name0,210203,name,종이 포대 및 가방 제조업
210203__hier0,210203,hier,"제조업 > 펄프, 종이 및 종이제품 제조업 > 골판지, 종이 상자 및 종이 용기 제조업 > 종이 포대, 판지 상자 및 종이 용기 제조업"
210203__example0,210203,example,종이 쇼핑백 제조
210203__example1,210203,example,종이 봉지 제조(포장용)
210203__example2,210203,example,종이 식품백 제조
210203__example3,210203,example,종이 의복백 제조
210204__name0,210204,name,식품 위생용 종이 상자 및 용기 제조업
210204__hier0,210204,hier,"제조업 > 펄프, 종이 및 종이제품 제조업 > 골판지, 종이 상자 및 종이 용기 제조업 > 종이 포대, 판지 상자 및 종이 용기 제조업"
210204__example0,210204,example,액체 포장용기 제조
210204__example1,210204,example,식품 포장용 종이용기 제조
210204__example2,210204,example,식품 포장용 상자 제조
210204__example3,210204,example,버터 포장용 파라핀 상자 제조
210204__xref0,210204,xref,식품위생용으로 위생 처리된 판지 상자 및 용기 제조
210204__xref1,210204,xref,식품위생용 종이 상자 및 용기 제조
210205__name0,210205,name,기타 종이 상자 및 용기 제조업
210205__hier0,210205,hier,"제조업 > 펄프, 종이 및 종이제품 제조업 > 골판지, 종이 상자 및 종이 용기 제조업 > 종이 포대, 판지 상자 및 종이 용기 제조업"
210205__example0,210205,example,종이 상자 제조
210205__example1,210205,example,종이 용기 제조
210206__name0,210206,name,그 외 기타 종이 및 판지 제품 제조업
210206__hier0,210206,hier,"제조업 > 펄프, 종이 및 종이제품 제조업 > 기타 종이 및 판지 제품 제조업 > 기타 종이 및 판지 제품 제조업"
210206__desc0,210206,desc,종이컵
210206__example0,210206,example,궐연지 제조
210206__example1,210206,example,개스킷 및 와셔 제조(종이제)
210206__example2,210206,example,종이 필터 제조
210206__example3,210206,example,판지제 실패 및 유사 지지물 제조
210206__example4,210206,example,여과용 종이제품 제조
210206__example5,210206,example,스티커 제조
210206__example6,210206,example,펄프제 필터 블록 및 슬래브 제조
210206__example7,210206,example,"종이 수저, 접시, 컵 및 유사제품 제조"
210206__example8,210206,example,종이 라벨 제조
210206__xref0,210206,xref,"종이컵, 종이접시 제조"
210206__xref1,210206,xref,가공한 종이 및 판지제품 제조
210206__xref2,210206,xref,"사무용, 문구용 종이제품 제조"
210901__name0,210901,name,문구용 종이제품 제조업
210901__hier0,210901,hier,"제조업 > 펄프, 종이 및 종이제품 제조업 > 기타 종이 및 판지 제품 제조업 > 기타 종이 및 판지 제품 제조업"
210901__example0,210901,example,복사지 제조
210901__example1,210901,example,바인더 및 홀더 제조
210901__example2,210901,example,앨범 제조
210901__example3,210901,example,영수증 용지 제조
210901__example4,210901,example,자동기록기용 종이제품 제조
210901__example5,210901,example,카본지 절단품 제조
210901__example6,210901,example,표지 및 파일커버 제조
210901__example7,210901,example,접착지 절단품 제조
210901__xref0,210901,xref,사무용 종이봉투 제조
210901__xref1,210901,xref,가공한 종이 및 판지제품 제조
210901__xref2,210901,xref,"사무용, 문구용 종이제품 제조"
210902__name0,210902,name,벽지 및 장판지 제조업
210902__hier0,210902,hier,"제조업 > 펄프, 종이 및 종이제품 제조업 > 기타 종이 및 판지 제품 제조업 > 기타 종이 및 판지 제품 제조업"
210902__example0,210902,example,섬유 벽지 제조
210902__example1,210902,example,장판지 제조(원지 제외)
210902__example2,210902,example,벽 피복용지 제조(원지 제외)
210902__example3,210902,example,창문용 투명 무늬지 제조
210902__xref0,210902,xref,직물 벽지 제조
210902__xref1,210902,xref,가공한 종이 및 판지제품 제조
210902__xref2,210902,xref,벽지 및 장판지 제조
210902__xref3,210902,xref,"사무용, 문구용 종이제품 제조"
210903__name0,210903,name,위생용 종이제품 제조업
210903__hier0,210903,hier,"제조업 > 펄프, 종이 및 종이제품 제조업 > 기타 종이 및 판지 제품 제조업 > 기타 종이 및 판지 제품 제조업"
210903__example0,210903,example,화장지 제조
210903__example1,210903,example,탐폰 제조
210903__example2,210903,example,기저귀 제조
210903__xref0,210903,xref,가공한 종이 및 판지제품 제조
210903__xref1,210903,xref,"사무용, 문구용 종이제품 제조"
210905__name0,210905,name,그 외 기타 종이 및 판지 제품 제조업
210905__hier0,210905,hier,"제조업 > 펄프, 종이 및 종이제품 제조업 > 기타 종이 및 판지 제품 제조업 > 기타 종이 및 판지 제품 제조업"
210905__example0,210905,example,궐연지 제조
210905__example1,210905,example,개스킷 및 와셔 제조(종이제)
210905__example2,210905,example,종이 필터 제조
210905__example3,210905,example,판지제 실패 및 유사 지지물 제조
210905__example4,210905,example,여과용 종이제품 제조
210905__example5,210905,example,스티커 제조
210905__example6,210905,example,펄프제 필터 블록 및 슬래브 제조
210905__example7,210905,example,"종이 수저, 접시, 컵 및 유사제품 제조"
210905__example8,210905,example,종이 라벨 제조
210905__xref0,210905,xref,"종이컵, 종이접시 제조"
210905__xref1,210905,xref,가공한 종이 및 판지제품 제조
210905__xref2,210905,xref,"사무용, 문구용 종이제품 제조"
221100__name0,221100,name,일반 서적 출판업
221100__hier0,221100,hier,"정보통신업 > 출판업 > 서적, 잡지 및 기타 인쇄물 출판업 > 서적 출판업"
221100__example0,221100,example,소설 및 수필집 출판
221100__example1,221100,example,동화책 출판
221100__example2,221100,example,여행 가이드 서적 출판
221100__example3,221100,example,지도 및 해도 출판
221100__example4,221100,example,사업체 목록 출판
221100__example5,221100,example,전화번호부 출판
221100__example6,221100,example,판례집 출판
221100__example7,221100,example,정보 목록부 출판
221100__example8,221100,example,인터넷 웹 소설 출판
221100__xref0,221100,xref,지도 제작 과정 없이 계약에 의하여 출판하는 경우
221103__name0,221103,name,교과서 및 학습 서적 출판업
221103__hier0,221103,hier,"정보통신업 > 출판업 > 서적, 잡지 및 기타 인쇄물 출판업 > 서적 출판업"
221103__example0,221103,example,교과서 출판
221103__example1,221103,example,학습지 출판
221103__example2,221103,example,참고서 출판
221103__example3,221103,example,국어사전 출판
221103__xref0,221103,xref,지도 제작 과정 없이 계약에 의하여 출판하는 경우
221104__name0,221104,name,만화 출판업
221104__hier0,221104,hier,"정보통신업 > 출판업 > 서적, 잡지 및 기타 인쇄물 출판업 > 서적 출판업"
221104__example0,221104,example,만화책 출판
221104__example1,221104,example,인터넷 웹툰 출판
221104__xref0,221104,xref,지도 제작 과정 없이 계약에 의하여 출판하는 경우
221200__name0,221200,name,잡지 및 정기 간행물 발행업
221200__hier0,221200,hier,"정보통신업 > 출판업 > 서적, 잡지 및 기타 인쇄물 출판업 > 신문, 잡지 및 정기 간행물 출판업"
221200__example0,221200,example,주간 신문 발행
221200__example1,221200,example,월간지 발행
221200__xref0,221200,xref,"전문 회보, 주간 뉴스 및 주간지 발행"
221201__name0,221201,name,신문 발행업
221201__hier0,221201,hier,"정보통신업 > 출판업 > 서적, 잡지 및 기타 인쇄물 출판업 > 신문, 잡지 및 정기 간행물 출판업"
221201__example0,221201,example,경제 신문 발행
221201__example1,221201,example,스포츠 신문 발행
221201__example2,221201,example,일반 신문 발행
221201__xref0,221201,xref,신문 발행
221202__name0,221202,name,정기 광고 간행물 발행업
221202__hier0,221202,hier,"정보통신업 > 출판업 > 서적, 잡지 및 기타 인쇄물 출판업 > 신문, 잡지 및 정기 간행물 출판업"
221202__example0,221202,example,생활 정보지 발행
221202__example1,221202,example,광고 간행물 발행
221300__name0,221300,name,음악 및 기타 오디오물 출판업
221300__hier0,221300,hier,정보통신업 > 영상ㆍ오디오 기록물 제작 및 배급업 > 오디오물 출판 및 원판 녹음업 > 오디오물 출판 및 원판 녹음업
221300__example0,221300,example,레코드 출판
221300__example1,221300,example,음악 기록 매체 출판
221300__example2,221300,example,오디오 테이프 출판
221300__example3,221300,example,음성 기록 매체 출판
221300__example4,221300,example,악보 등 음악책 출판활동
221300__xref0,221300,xref,수수료 또는 계약에 의한 레코드 원판 녹음활동
221300__xref1,221300,xref,음반 기획 제작 및 출판
221900__name0,221900,name,기타 인쇄물 출판업
221900__hier0,221900,hier,"정보통신업 > 출판업 > 서적, 잡지 및 기타 인쇄물 출판업 > 기타 인쇄물 출판업"
221900__example0,221900,example,우표 발행
221900__example1,221900,example,축하 카드 발행
221900__example2,221900,example,지폐 발행
221900__example3,221900,example,예술 복제품 제조
221900__xref0,221900,xref,"유가증권, 우편엽서, 사진 복제품, 판화 등 출판"
222101__name0,222101,name,경 인쇄업
222101__hier0,222101,hier,제조업 > 인쇄 및 기록매체 복제업 > 인쇄 및 인쇄관련 산업 > 인쇄업
222101__desc0,222101,desc,프린트
222101__example0,222101,example,프린트 인쇄
222101__example1,222101,example,마스터 제판 인쇄
222101__xref0,222101,xref,광고용 인쇄물 인쇄
222102__name0,222102,name,스크린 인쇄업
222102__hier0,222102,hier,제조업 > 인쇄 및 기록매체 복제업 > 인쇄 및 인쇄관련 산업 > 인쇄업
222102__example0,222102,example,"평면, 곡면 스크린 인쇄"
222102__example1,222102,example,패드(pad) 인쇄
222102__xref0,222102,xref,"각종 인쇄물(인쇄 광고물, 플래카드 등) 제작에 관련된 스크린인쇄"
222102__xref1,222102,xref,스크린 인쇄
222102__xref2,222102,xref,광고용 인쇄물 인쇄
222103__name0,222103,name,경 인쇄업
222103__hier0,222103,hier,제조업 > 인쇄 및 기록매체 복제업 > 인쇄 및 인쇄관련 산업 > 인쇄업
222103__example0,222103,example,프린트 인쇄
222103__example1,222103,example,마스터 제판 인쇄
222103__xref0,222103,xref,광고용 인쇄물 인쇄
222104__name0,222104,name,오프셋 인쇄업
222104__hier0,222104,hier,제조업 > 인쇄 및 기록매체 복제업 > 인쇄 및 인쇄관련 산업 > 인쇄업
222104__example0,222104,example,단식 오프셋 인쇄
222104__example1,222104,example,오프셋 4도 인쇄
222104__example2,222104,example,오프셋 평판ㆍ볼록판ㆍ오목판 인쇄
222104__xref0,222104,xref,광고용 인쇄물 인쇄
222105__name0,222105,name,기타 인쇄업
222105__hier0,222105,hier,제조업 > 인쇄 및 기록매체 복제업 > 인쇄 및 인쇄관련 산업 > 인쇄업
222105__example0,222105,example,그라비아 인쇄
222105__example1,222105,example,석판 인쇄
222105__example2,222105,example,고무판 인쇄
222105__example3,222105,example,플라스틱판 인쇄
222105__example4,222105,example,활판 및 연판 인쇄
222105__example5,222105,example,목각판 인쇄
222105__example6,222105,example,특수인쇄(전사처리)
222105__example7,222105,example,공판 인쇄
222105__xref0,222105,xref,광고용 인쇄물 인쇄
222201__name0,222201,name,제책업
222201__hier0,222201,hier,제조업 > 인쇄 및 기록매체 복제업 > 인쇄 및 인쇄관련 산업 > 인쇄관련 산업
222202__name0,222202,name,기타 인쇄관련 산업
222202__hier0,222202,hier,제조업 > 인쇄 및 기록매체 복제업 > 인쇄 및 인쇄관련 산업 > 인쇄관련 산업
222202__example0,222202,example,금박 처리(인쇄물)
222202__example1,222202,example,엠보싱 가공(인쇄물)
222202__example2,222202,example,모서리 다듬기(인쇄물)
222202__example3,222202,example,재단 및 인쇄물 기타 가공
222203__name0,222203,name,제판 및 조판업
222203__hier0,222203,hier,제조업 > 인쇄 및 기록매체 복제업 > 인쇄 및 인쇄관련 산업 > 인쇄관련 산업
222203__example0,222203,example,전산 식자 제판
222203__example1,222203,example,인쇄용 사진 제판
222203__example2,222203,example,디지털 제판
222203__example3,222203,example,"인쇄용 활판, 동판, 고무판 식각"
223001__name0,223001,name,기록매체 복제업
223001__hier0,223001,hier,제조업 > 인쇄 및 기록매체 복제업 > 기록매체 복제업 > 기록매체 복제업
223001__example0,223001,example,소프트웨어(범용성) 복제
223001__example1,223001,example,전산 기록물 복제
223001__example2,223001,example,음반 복제
223001__example3,223001,example,비디오물 복제
223001__example4,223001,example,레이저 광학 판독장치를 가진 기록매체 복제
223001__xref0,223001,xref,기록된 매체의 복제
223001__xref1,223001,xref,영화용 필름을 비디오 테이프로 복제하는 산업
223001__xref2,223001,xref,음악 및 기타 오디오물 기록 매체 복제 서비스
223001__xref3,223001,xref,오디오물 복제활동
231001__name0,231001,name,코크스 및 연탄 제조업
231001__hier0,231001,hier,"제조업 > 코크스, 연탄 및 석유정제품 제조업 > 코크스 및 연탄 제조업 > 코크스 및 연탄 제조업"
231001__example0,231001,example,코크스로(爐) 운영
231001__example1,231001,example,코크스 응집처리
231001__example2,231001,example,코크스로 미정제 가스 제조
231001__example3,231001,example,석탄 증류 타르 제조
231001__example4,231001,example,광물성 타르 제조
231001__example5,231001,example,토탄 증류 타르 제조
231001__example6,231001,example,연탄 제조
231001__example7,231001,example,응집 석탄제품 제조
231001__example8,231001,example,조개탄 제조
231001__example9,231001,example,피치 연탄 제조
231001__xref0,231001,xref,유연탄 및 갈탄으로 연탄 생산
231001__xref1,231001,xref,구입한 석탄을 건류하여 코크스 생산
231002__name0,231002,name,코크스 및 연탄 제조업
231002__hier0,231002,hier,"제조업 > 코크스, 연탄 및 석유정제품 제조업 > 코크스 및 연탄 제조업 > 코크스 및 연탄 제조업"
231002__example0,231002,example,코크스로(爐) 운영
231002__example1,231002,example,코크스 응집처리
231002__example2,231002,example,코크스로 미정제 가스 제조
231002__example3,231002,example,석탄 증류 타르 제조
231002__example4,231002,example,광물성 타르 제조
231002__example5,231002,example,토탄 증류 타르 제조
231002__example6,231002,example,연탄 제조
231002__example7,231002,example,응집 석탄제품 제조
231002__example8,231002,example,조개탄 제조
231002__example9,231002,example,피치 연탄 제조
231002__xref0,231002,xref,유연탄 및 갈탄으로 연탄 생산
231002__xref1,231002,xref,구입한 석탄을 건류하여 코크스 생산
232100__name0,232100,name,원유 정제처리업
232100__hier0,232100,hier,"제조업 > 코크스, 연탄 및 석유정제품 제조업 > 석유 정제품 제조업 > 원유 정제처리업"
232100__example0,232100,example,"가솔린, 경유, 등유 제조"
232100__example1,232100,example,윤활유 기유 제조
232100__example2,232100,example,나프타 제조
232100__example3,232100,example,석유 정제 가스 제조
232100__example4,232100,example,연료유 제조
232100__example5,232100,example,중유 및 벙커C유 제조
232100__xref0,232100,xref,정제 석유제품의 생산 또는 석유정제 과정에서의 액화가스 생산
232101__name0,232101,name,기타 기초 무기화학 물질 제조업
232101__hier0,232101,hier,제조업 > 화학 물질 및 화학제품 제조업; 의약품 제외 > 기초 화학물질 제조업 > 기초 무기화학 물질 제조업
232101__desc0,232101,desc,방사성물질 혼합ㆍ배합ㆍ농축
232101__example0,232101,example,아세틸렌블랙 제조
232101__example1,232101,example,이산화규소 제조
232101__example2,232101,example,이산화황 제조
232101__example3,232101,example,붕소 산화물과 붕산 제조
232101__example4,232101,example,방사성 원소 및 동위원소 제조
232101__example5,232101,example,방사성 물질 혼합물 제조
232101__example6,232101,example,비금속 황화물 제조
232101__example7,232101,example,수산화나트륨 제조
232101__example8,232101,example,과산화수소 제조
232101__example9,232101,example,수은 제조
232101__example10,232101,example,카본블랙 제조
232101__example11,232101,example,탄화칼슘 및 탄화물 제조
232101__example12,232101,example,규소 및 염소 제조
232101__example13,232101,example,압전기용 석영 제조
232101__example14,232101,example,플루토늄 농축물 제조
232101__example15,232101,example,핵연료 농축
232101__example16,232101,example,정제한 황 제조
232101__example17,232101,example,배소한 황화철광 제조
232101__example18,232101,example,비금속 할로겐 화합물 및 황화물 제조
232101__example19,232101,example,무수 암모니아 또는 암모니아수 제조
232101__example20,232101,example,알루미늄
232101__example21,232101,example,마그네슘
232101__example22,232101,example,스트론튬
232101__example23,232101,example,바륨 산화물 및 과산화물 제조
232101__example24,232101,example,금속산염 또는 과산화금속염 제조
232101__example25,232101,example,합성 또는 재생 귀석 또는 반귀석 제조
232101__xref0,232101,xref,산업용 가스 제조
232101__xref1,232101,xref,바륨 산화물 제조
232101__xref2,232101,xref,양극활물질 제조
232101__xref3,232101,xref,산업용 압축 또는 액화 가스 제조
232101__xref4,232101,xref,핵연료 농축 등 재처리
232200__name0,232200,name,윤활유 및 그리스 제조업
232200__hier0,232200,hier,"제조업 > 코크스, 연탄 및 석유정제품 제조업 > 석유 정제품 제조업 > 석유 정제물 재처리업"
232200__example0,232200,example,윤활유 제조
232200__example1,232200,example,그리스 제조
232200__example2,232200,example,재생 윤활유 제조
232200__example3,232200,example,재생 그리스 제조
232200__xref0,232200,xref,"재생 윤활유, 재생유 및 그리스 제조"
232201__name0,232201,name,기타 석유 정제물 재처리업
232201__hier0,232201,hier,"제조업 > 코크스, 연탄 및 석유정제품 제조업 > 석유 정제품 제조업 > 석유 정제물 재처리업"
232201__example0,232201,example,석유 왁스 생산
232201__example1,232201,example,석유 아스팔트 물질 제조
232201__example2,232201,example,감압식 석유 물질 처리
232201__example3,232201,example,잔사유 재정유 처리
232201__example4,232201,example,재생용 유류 정제품(재생 윤활유 및 그리스 제외) 제조
232201__example5,232201,example,석유 코크스 제조
232201__example6,232201,example,가소홀(무연 휘발유 및 에탄올 혼합물) 제조
232201__example7,232201,example,"석유 젤리, 백유(white spirit, white oil) 제조"
232201__xref0,232201,xref,"재생 윤활유, 재생유 및 그리스 제조"
241101__name0,241101,name,수소 제조업
241101__name1,241101,name,"산소, 질소 및 기타 산업용 가스 제조업"
241101__hier0,241101,hier,제조업 > 화학 물질 및 화학제품 제조업; 의약품 제외 > 기초 화학물질 제조업 > 기초 무기화학 물질 제조업
241101__ksic0,241101,ksic,"수소 제조업, 산소, 질소 및 기타 산업용 가스 제조업"
241101__example0,241101,example,수소 제조
241101__example1,241101,example,제조식 수소충전소
241101__example2,241101,example,"질소, 아르곤, 네온 가스 제조"
241101__example3,241101,example,희소 가스 제조
241101__example4,241101,example,크세논(제논) 가스 제조
241101__example5,241101,example,크립톤 가스 제조
241101__example6,241101,example,아세틸렌 가스 제조
241101__example7,241101,example,드라이아이스 제조
241101__example8,241101,example,단일원소의 산업용 가스
241101__example9,241101,example,각 원소의 혼합 가스 제조
241101__xref0,241101,xref,산업용 가스 제조
241101__xref1,241101,xref,산업용 압축 또는 액화 가스 제조
241101__xref2,241101,xref,제조식 수소 충전소
241102__name0,241102,name,기타 기초 무기화학 물질 제조업
241102__hier0,241102,hier,제조업 > 화학 물질 및 화학제품 제조업; 의약품 제외 > 기초 화학물질 제조업 > 기초 무기화학 물질 제조업
241102__example0,241102,example,아세틸렌블랙 제조
241102__example1,241102,example,이산화규소 제조
241102__example2,241102,example,이산화황 제조
241102__example3,241102,example,붕소 산화물과 붕산 제조
241102__example4,241102,example,방사성 원소 및 동위원소 제조
241102__example5,241102,example,방사성 물질 혼합물 제조
241102__example6,241102,example,비금속 황화물 제조
241102__example7,241102,example,수산화나트륨 제조
241102__example8,241102,example,과산화수소 제조
241102__example9,241102,example,수은 제조
241102__example10,241102,example,카본블랙 제조
241102__example11,241102,example,탄화칼슘 및 탄화물 제조
241102__example12,241102,example,규소 및 염소 제조
241102__example13,241102,example,압전기용 석영 제조
241102__example14,241102,example,플루토늄 농축물 제조
241102__example15,241102,example,핵연료 농축
241102__example16,241102,example,정제한 황 제조
241102__example17,241102,example,배소한 황화철광 제조
241102__example18,241102,example,비금속 할로겐 화합물 및 황화물 제조
241102__example19,241102,example,무수 암모니아 또는 암모니아수 제조
241102__example20,241102,example,알루미늄
241102__example21,241102,example,마그네슘
241102__example22,241102,example,스트론튬
241102__example23,241102,example,바륨 산화물 및 과산화물 제조
241102__example24,241102,example,금속산염 또는 과산화금속염 제조
241102__example25,241102,example,합성 또는 재생 귀석 또는 반귀석 제조
241102__xref0,241102,xref,산업용 가스 제조
241102__xref1,241102,xref,바륨 산화물 제조
241102__xref2,241102,xref,양극활물질 제조
241102__xref3,241102,xref,산업용 압축 또는 액화 가스 제조
241102__xref4,241102,xref,핵연료 농축 등 재처리
241105__name0,241105,name,기타 기초 무기화학 물질 제조업
241105__hier0,241105,hier,제조업 > 화학 물질 및 화학제품 제조업; 의약품 제외 > 기초 화학물질 제조업 > 기초 무기화학 물질 제조업
241105__desc0,241105,desc,가성소다
241105__example0,241105,example,아세틸렌블랙 제조
241105__example1,241105,example,이산화규소 제조
241105__example2,241105,example,이산화황 제조
241105__example3,241105,example,붕소 산화물과 붕산 제조
241105__example4,241105,example,방사성 원소 및 동위원소 제조
241105__example5,241105,example,방사성 물질 혼합물 제조
241105__example6,241105,example,비금속 황화물 제조
241105__example7,241105,example,수산화나트륨 제조
241105__example8,241105,example,과산화수소 제조
241105__example9,241105,example,수은 제조
241105__example10,241105,example,카본블랙 제조
241105__example11,241105,example,탄화칼슘 및 탄화물 제조
241105__example12,241105,example,규소 및 염소 제조
241105__example13,241105,example,압전기용 석영 제조
241105__example14,241105,example,플루토늄 농축물 제조
241105__example15,241105,example,핵연료 농축
241105__example16,241105,example,정제한 황 제조
241105__example17,241105,example,배소한 황화철광 제조
241105__example18,241105,example,비금속 할로겐 화합물 및 황화물 제조
241105__example19,241105,example,무수 암모니아 또는 암모니아수 제조
241105__example20,241105,example,알루미늄
241105__example21,241105,example,마그네슘
241105__example22,241105,example,스트론튬
241105__example23,241105,example,바륨 산화물 및 과산화물 제조
241105__example24,241105,example,금속산염 또는 과산화금속염 제조
241105__example25,241105,example,합성 또는 재생 귀석 또는 반귀석 제조
241105__xref0,241105,xref,산업용 가스 제조
241105__xref1,241105,xref,바륨 산화물 제조
241105__xref2,241105,xref,양극활물질 제조
241105__xref3,241105,xref,산업용 압축 또는 액화 가스 제조
241105__xref4,241105,xref,핵연료 농축 등 재처리
241106__name0,241106,name,기타 기초 유기 화학물질 제조업
241106__hier0,241106,hier,제조업 > 화학 물질 및 화학제품 제조업; 의약품 제외 > 기초 화학물질 제조업 > 기초 유기화학 물질 제조업
241106__example0,241106,example,"벤젠, 크실렌, 나프탈렌, 페놀 및 톨루엔 제조"
241106__example1,241106,example,콜타르 분류(分溜) 잔재물(피치) 제조
241106__example2,241106,example,솔벤트 나프타 제조
241106__example3,241106,example,광물타르 증류 생산물 제조
241106__example4,241106,example,아민 관능 화합물 제조
241106__example5,241106,example,우레인 및 그 유도체 제조
241106__example6,241106,example,효소 및 기타 효소제품 제조
241106__example7,241106,example,질소 관능 화합물 제조
241106__example8,241106,example,"알데히드, 퀴논 관능 화합물 제조"
241106__example9,241106,example,모노카르복시산 및 그 유도체 제조
241106__example10,241106,example,페놀 및 그 유도체 제조
241106__example11,241106,example,"부탄올, 에탄올, 옥탄올, 메탄올 제조"
241106__example12,241106,example,무기산 에스테르 및 그 염과 유도체 제조
241106__example13,241106,example,유기 황화합물 및 기타 유기
241106__example14,241106,example,무기 화합물 제조
241106__example15,241106,example,"에텔, 과산화알코올, 과산화에텔, 에폭시드아세탈 및 그 유도체 제조"
241106__xref0,241106,xref,"합성주정, 무수주정"
241106__xref1,241106,xref,콜타르 증류 활동
241106__xref2,241106,xref,콜타르 증류 생산품 제조
241109__name0,241109,name,무기 안료용 금속 산화물 및 관련 제품 제조업
241109__hier0,241109,hier,"제조업 > 화학 물질 및 화학제품 제조업; 의약품 제외 > 기초 화학물질 제조업 > 무기 안료, 염료, 유연제 및 기타 착색제 제조업"
241109__example0,241109,example,산화 아연
241109__example1,241109,example,망가니즈
241109__example2,241109,example,티타늄 제조
241109__example3,241109,example,산화철과 수산화철 제조
241109__example4,241109,example,산화 니켈
241109__example5,241109,example,텅스텐 제조
241109__example6,241109,example,색소토 가공품 제조
241109__xref0,241109,xref,무기 안료용 및 금속 산화물 및 관련제품 제조
241109__xref1,241109,xref,무기 안료 및 금속 산화물 제조
241110__name0,241110,name,석유화학계 기초 화학 물질 제조업
241110__hier0,241110,hier,제조업 > 화학 물질 및 화학제품 제조업; 의약품 제외 > 기초 화학물질 제조업 > 기초 유기화학 물질 제조업
241110__example0,241110,example,"탄화수소 지방족 화합물(에틸렌, 프로필렌, 부타디엔 등) 제조"
241110__example1,241110,example,"탄화수소 방향족 화합물(벤젠, 톨루엔, 자일렌, 스티렌 등) 제조"
241110__example2,241110,example,탄화수소 할로겐화 유도체 제조
241110__example3,241110,example,탄화수소 질산화 유도체 제조
241110__example4,241110,example,탄화수소 유황화 유도체 제조
241110__xref0,241110,xref,"석유화학계 방향족 화합물(벤젠, 톨루엔 등) 제조"
241114__name0,241114,name,바이오매스계 기초 화학물질 제조업
241114__hier0,241114,hier,제조업 > 화학 물질 및 화학제품 제조업; 의약품 제외 > 기초 화학물질 제조업 > 기초 유기화학 물질 제조업
241114__example0,241114,example,"바이오 메탄올, 바이오 에탄올(연료 제외) 제조"
241114__example1,241114,example,바이오 기반 젖산 및 그 유도체 제조
241114__example2,241114,example,바이오 기반 숙신산 및 그 유도체 제조
241114__example3,241114,example,목탄(쉘 또는 너트 모양의 탄 포함) 제조
241114__example4,241114,example,"목타르, 목타르유, 목크레오소트(creosote), 목나프타, 식물성 피치 제조"
241114__example5,241114,example,로진
241114__example6,241114,example,수지산 또는 식물성 피치 조제품 제조
241114__example7,241114,example,톨유(tall oil) 제조
241114__example8,241114,example,"수탄(animal charcoal, 獸炭) 제조"
241114__xref0,241114,xref,"톨오일, 수탄 및 폐수탄 제조"
241115__name0,241115,name,"염료, 조제 무기 안료, 유연제 및 기타 착색제 제조업"
241115__hier0,241115,hier,"제조업 > 화학 물질 및 화학제품 제조업; 의약품 제외 > 기초 화학물질 제조업 > 무기 안료, 염료, 유연제 및 기타 착색제 제조업"
241115__example0,241115,example,동물성 착색제 제조
241115__example1,241115,example,염료용 동ㆍ식물성 추출물 제조
241115__example2,241115,example,섬유 유연제 제조
241115__example3,241115,example,피혁 유연제 제조
241115__example4,241115,example,스틸벤(stilbene) 염료 제조
241115__example5,241115,example,니트로조(nitroso) 및 니트로(nitro)염료 제조
241115__example6,241115,example,퀴논이민(quinonimin) 염료 제조
241115__example7,241115,example,모노 및 폴리아조(azo) 염료 제조
241115__xref0,241115,xref,조제 무기안료 제조
241200__name0,241200,name,복합비료 및 기타 화학비료 제조업
241200__hier0,241200,hier,"제조업 > 화학 물질 및 화학제품 제조업; 의약품 제외 > 비료, 농약 및 살균ㆍ살충제 제조업 > 비료 및 질소 화합물 제조업"
241200__example0,241200,example,복합비료 제조(무기질)
241200__xref0,241200,xref,합성 비료 및 질소 화합물 제조
241200__xref1,241200,xref,비료 및 질소 화합물 제조
241201__name0,241201,name,"질소 화합물, 질소ㆍ인산 및 칼리질 화학비료 제조업"
241201__hier0,241201,hier,"제조업 > 화학 물질 및 화학제품 제조업; 의약품 제외 > 비료, 농약 및 살균ㆍ살충제 제조업 > 비료 및 질소 화합물 제조업"
241201__example0,241201,example,질소질 비료 제조(무기질)
241201__example1,241201,example,질소 화합물 제조
241201__example2,241201,example,인산질 비료 제조
241201__example3,241201,example,칼리질 비료 제조
241201__example4,241201,example,"질산, 암모니아, 요소, 황산암모늄, 질산칼륨(초석) 제조"
241201__xref0,241201,xref,합성 비료 및 질소 화합물 제조
241201__xref1,241201,xref,비료 및 질소 화합물 제조
241202__name0,241202,name,유기질 비료 및 상토 제조업
241202__hier0,241202,hier,"제조업 > 화학 물질 및 화학제품 제조업; 의약품 제외 > 비료, 농약 및 살균ㆍ살충제 제조업 > 비료 및 질소 화합물 제조업"
241202__example0,241202,example,유기질 비료 제조
241202__example1,241202,example,유기 및 무기질 비료 배합물 제조
241202__example2,241202,example,부산물 비료 제조
241202__example3,241202,example,토질개량용 토사석 조제품 제조
241202__example4,241202,example,상토 제조
241202__example5,241202,example,"음식 폐기물, 톱밥, 돈분 등을 혼합"
241202__example6,241202,example,발효한 퇴비 제조
241202__example7,241202,example,염기성 제강 슬래그 가공품 제조
241202__xref0,241202,xref,합성 비료 및 질소 화합물 제조
241202__xref1,241202,xref,비료 및 질소 화합물 제조
241202__xref2,241202,xref,유기질 질소비료 제조
241202__xref3,241202,xref,유기질 질소비료와 무기질 비료의 혼합비료 제조
241202__xref4,241202,xref,농업용 광물슬래그 가공품 제조
241202__xref5,241202,xref,유기질 및 부산물 비료 제조
241301__name0,241301,name,합성고무 제조업
241301__hier0,241301,hier,제조업 > 화학 물질 및 화학제품 제조업; 의약품 제외 > 합성고무 및 플라스틱 물질 제조업 > 합성고무 및 플라스틱 물질 제조업
241301__example0,241301,example,부타디엔고무(BR) 제조
241301__example1,241301,example,클로로프렌고무(CR) 제조
241301__example2,241301,example,아크릴로니트릴-이소프렌 고무 제조
241301__example3,241301,example,천연 및 합성고무 혼합물 제조
241301__example4,241301,example,식물성 기름에서 유도된 팩티스 제조
241301__example5,241301,example,아이소프렌고무(IR) 제조
241301__example6,241301,example,스티렌-부타디엔 고무(SBR) 제조
241301__example7,241301,example,아크릴로니트릴-부타디엔고무 제조
241302__name0,241302,name,합성수지 및 기타 플라스틱 물질 제조업
241302__hier0,241302,hier,제조업 > 화학 물질 및 화학제품 제조업; 의약품 제외 > 합성고무 및 플라스틱 물질 제조업 > 합성고무 및 플라스틱 물질 제조업
241302__example0,241302,example,에틸렌 중합체 제조
241302__example1,241302,example,폴리아미드 제조
241302__example2,241302,example,스티렌 중합체 제조
241302__example3,241302,example,아미노수지 제조
241302__example4,241302,example,에폭시수지 제조
241302__example5,241302,example,폴리우레탄 제조
241302__example6,241302,example,프로필렌 중합체 제조
241302__example7,241302,example,초산비닐 중합체 제조
241302__example8,241302,example,페놀수지 제조
241302__example9,241302,example,실리콘수지 제조
241302__example10,241302,example,폴리에스터수지 제조
241302__example11,241302,example,아크릴 중합체 제조
241302__example12,241302,example,재생셀룰로오스 제조
241302__example13,241302,example,알긴산과 그 염 및 에스테르 제조
241302__example14,241302,example,셀룰로오스 에테르 제조
241302__example15,241302,example,변성 천연 중합체 제조
241302__example16,241302,example,이온교환수지 제조
241302__example17,241302,example,초산셀룰로오스 제조
241302__example18,241302,example,엔지니어링 플라스틱수지 제조
241302__example19,241302,example,폴리유산(PLA) 제조
241303__name0,241303,name,혼성 및 재생 플라스틱 소재 물질 제조업
241303__hier0,241303,hier,제조업 > 화학 물질 및 화학제품 제조업; 의약품 제외 > 합성고무 및 플라스틱 물질 제조업 > 합성고무 및 플라스틱 물질 제조업
241303__example0,241303,example,배합한 혼성 플라스틱 소재 물질(수지 등) 제조
241303__example1,241303,example,재생 플라스틱 소재 물질 제조
241303__example2,241303,example,섬유 강화 플라스틱 소재 물질 제조
241303__xref0,241303,xref,재생 플라스틱 소재물질 제조
242101__name0,242101,name,화학 살균ㆍ살충제 및 농업용 약제 제조업
242101__hier0,242101,hier,"제조업 > 화학 물질 및 화학제품 제조업; 의약품 제외 > 비료, 농약 및 살균ㆍ살충제 제조업 > 살균ㆍ살충제 및 농약 제조업"
242101__desc0,242101,desc,"가정용,공중위생용"
242101__example0,242101,example,"화학 살충제, 살균제, 방충제, 소독제 제조"
242101__example1,242101,example,"화학 성장 촉진제, 생장 조절제, 발아 억제제 제조"
242101__example2,242101,example,살서제(쥐약) 제조
242101__example3,242101,example,"가정용, 공중위생용 화학 살균 및 소독제 제조"
242101__xref0,242101,xref,화학적으로 조성된 농약 제조
242102__name0,242102,name,화학 살균ㆍ살충제 및 농업용 약제 제조업
242102__hier0,242102,hier,"제조업 > 화학 물질 및 화학제품 제조업; 의약품 제외 > 비료, 농약 및 살균ㆍ살충제 제조업 > 살균ㆍ살충제 및 농약 제조업"
242102__example0,242102,example,"화학 살충제, 살균제, 방충제, 소독제 제조"
242102__example1,242102,example,"화학 성장 촉진제, 생장 조절제, 발아 억제제 제조"
242102__example2,242102,example,살서제(쥐약) 제조
242102__example3,242102,example,"가정용, 공중위생용 화학 살균 및 소독제 제조"
242102__xref0,242102,xref,화학적으로 조성된 농약 제조
242103__name0,242103,name,생물 살균ㆍ살충제 및 식물보호제 제조업
242103__hier0,242103,hier,"제조업 > 화학 물질 및 화학제품 제조업; 의약품 제외 > 비료, 농약 및 살균ㆍ살충제 제조업 > 살균ㆍ살충제 및 농약 제조업"
242103__desc0,242103,desc,"가정용,공중위생용"
242103__example0,242103,example,"생물학적 살충제, 미생물 또는 바이러스 성분 살균"
242103__example1,242103,example,살충제 및 농 약 제조
242103__example2,242103,example,식물성 살충
242103__example3,242103,example,살균제 제조
242103__example4,242103,example,생화학성 농약 제조
242103__example5,242103,example,천연 식물 보호제 제조
242103__example6,242103,example,"진균, 세균, 바이러스 또는 원생동물 재료 농약"
242103__xref0,242103,xref,"생물학적 농약, 미생물 농약, 바이러스 농약 제조"
242103__xref1,242103,xref,생물학적 농약 제조
242104__name0,242104,name,생물 살균ㆍ살충제 및 식물보호제 제조업
242104__hier0,242104,hier,"제조업 > 화학 물질 및 화학제품 제조업; 의약품 제외 > 비료, 농약 및 살균ㆍ살충제 제조업 > 살균ㆍ살충제 및 농약 제조업"
242104__example0,242104,example,"생물학적 살충제, 미생물 또는 바이러스 성분 살균"
242104__example1,242104,example,살충제 및 농 약 제조
242104__example2,242104,example,식물성 살충
242104__example3,242104,example,살균제 제조
242104__example4,242104,example,생화학성 농약 제조
242104__example5,242104,example,천연 식물 보호제 제조
242104__example6,242104,example,"진균, 세균, 바이러스 또는 원생동물 재료 농약"
242104__xref0,242104,xref,"생물학적 농약, 미생물 농약, 바이러스 농약 제조"
242104__xref1,242104,xref,생물학적 농약 제조
242201__name0,242201,name,인쇄 잉크 및 회화용 물감 제조업
242201__hier0,242201,hier,"제조업 > 화학 물질 및 화학제품 제조업; 의약품 제외 > 기타 화학제품 제조업 > 잉크, 페인트, 코팅제 및 유사제품 제조업"
242201__desc0,242201,desc,인쇄용잉크
242201__example0,242201,example,인쇄용 잉크 제조
242201__example1,242201,example,유성 회구류 제조
242201__example2,242201,example,회화용 물감 제조
242201__example3,242201,example,수성 회구류 제조
242201__example4,242201,example,간판 도장공용 물감 제조
242201__xref0,242201,xref,인쇄 잉크 제조
242202__name0,242202,name,인쇄 잉크 및 회화용 물감 제조업
242202__hier0,242202,hier,"제조업 > 화학 물질 및 화학제품 제조업; 의약품 제외 > 기타 화학제품 제조업 > 잉크, 페인트, 코팅제 및 유사제품 제조업"
242202__desc0,242202,desc,회화용물감
242202__example0,242202,example,인쇄용 잉크 제조
242202__example1,242202,example,유성 회구류 제조
242202__example2,242202,example,회화용 물감 제조
242202__example3,242202,example,수성 회구류 제조
242202__example4,242202,example,간판 도장공용 물감 제조
242202__xref0,242202,xref,인쇄 잉크 제조
242203__name0,242203,name,일반용 도료 및 관련제품 제조업
242203__hier0,242203,hier,"제조업 > 화학 물질 및 화학제품 제조업; 의약품 제외 > 기타 화학제품 제조업 > 잉크, 페인트, 코팅제 및 유사제품 제조업"
242203__desc0,242203,desc,칠기 옻칠 및 캐슈 제조
242203__example0,242203,example,페인트 및 바니시(varnish) 제조
242203__example1,242203,example,에나멜(enamel) 및 래커(lacquer) 제조
242203__example2,242203,example,유기 혼합 용제 제조
242203__example3,242203,example,디스템퍼 제조
242203__example4,242203,example,캐슈(cashew) 제조
242203__example5,242203,example,도료 용제(솔벤트) 제조
242203__example6,242203,example,수지시멘트 제조
242203__example7,242203,example,비내화성 표면처리제 제조
242203__example8,242203,example,콕킹 화합물(cauking compound) 제조
242203__example9,242203,example,페인트 및 도료 제거제 제조
242203__example10,242203,example,매스틱(mastic) 제조
242203__example11,242203,example,바니시 제거제 제조
242204__name0,242204,name,일반용 도료 및 관련제품 제조업
242204__hier0,242204,hier,"제조업 > 화학 물질 및 화학제품 제조업; 의약품 제외 > 기타 화학제품 제조업 > 잉크, 페인트, 코팅제 및 유사제품 제조업"
242204__example0,242204,example,페인트 및 바니시(varnish) 제조
242204__example1,242204,example,에나멜(enamel) 및 래커(lacquer) 제조
242204__example2,242204,example,유기 혼합 용제 제조
242204__example3,242204,example,디스템퍼 제조
242204__example4,242204,example,캐슈(cashew) 제조
242204__example5,242204,example,도료 용제(솔벤트) 제조
242204__example6,242204,example,수지시멘트 제조
242204__example7,242204,example,비내화성 표면처리제 제조
242204__example8,242204,example,콕킹 화합물(cauking compound) 제조
242204__example9,242204,example,페인트 및 도료 제거제 제조
242204__example10,242204,example,매스틱(mastic) 제조
242204__example11,242204,example,바니시 제거제 제조
242205__name0,242205,name,요업용 도포제 및 관련제품 제조업
242205__hier0,242205,hier,"제조업 > 화학 물질 및 화학제품 제조업; 의약품 제외 > 기타 화학제품 제조업 > 잉크, 페인트, 코팅제 및 유사제품 제조업"
242205__example0,242205,example,요업용 물감 제조
242205__example1,242205,example,액상 러스터(lustres) 제조
242205__example2,242205,example,"유약용 화장토(슬립, 엥고베) 제조"
242205__example3,242205,example,요업용 프리트(frit) 제조
242205__xref0,242205,xref,요업용 조제 안료 및 조제 유백제 제조
242205__xref1,242205,xref,요업용 유약 제조
242301__name0,242301,name,생물 의약품 제조업
242301__name1,242301,name,합성의약품 및 기타 완제 의약품 제조업
242301__hier0,242301,hier,제조업 > 의료용 물질 및 의약품 제조업 > 의약품 제조업 > 완제 의약품 제조업
242301__ksic0,242301,ksic,"생물 의약품 제조업, 합성의약품 및 기타 완제 의약품 제조업"
242301__example0,242301,example,항체치료제 제조
242301__example1,242301,example,유전자치료제 제조
242301__example2,242301,example,세포치료제 제조
242301__example3,242301,example,동등생물의약품 제조
242301__example4,242301,example,합성의약품 제조
242301__example5,242301,example,"연고, 패치(파스), 스프레이 형태 의약품 제조"
242301__xref0,242301,xref,완제 의약품 제조
242301__xref1,242301,xref,생물 의약품 제조
242302__name0,242302,name,한의약품 제조업
242302__hier0,242302,hier,제조업 > 의료용 물질 및 의약품 제조업 > 의약품 제조업 > 한의약품 제조업
242303__name0,242303,name,기초 의약 물질 제조업
242303__hier0,242303,hier,제조업 > 의료용 물질 및 의약품 제조업 > 기초 의약 물질 제조업 > 기초 의약 물질 제조업
242303__example0,242303,example,의약용 화합물 제조
242303__example1,242303,example,스트렙토마이신 제조
242303__example2,242303,example,글리코시드 및 그 유도체 제조
242303__example3,242303,example,"식물성 알칼로이드(니코틴, 아나바딘 등) 및 그 염 제조"
242303__example4,242303,example,엑티노마이신 제조
242303__example5,242303,example,테트라사이크린계 항생 물질 제조
242303__example6,242303,example,"생약 물질 추출, 가공 또는 합성 조제품 제조"
242303__example7,242303,example,미생물 배양체 제조
242303__example8,242303,example,살균소 및 독소 제조
242303__example9,242303,example,동물성 의료용 물질 제조
242303__xref0,242303,xref,니코틴(연초에서 추출된 알칼로이드) 제조
242303__xref1,242303,xref,미생물용 조제 배양제 제조
242304__name0,242304,name,동물용 의약품 제조업
242304__hier0,242304,hier,제조업 > 의료용 물질 및 의약품 제조업 > 의약품 제조업 > 동물용 의약품 제조업
242304__example0,242304,example,동물용 의약품 제조
242305__name0,242305,name,체외 진단 시약 제조업
242305__name1,242305,name,기초 의약 물질 제조업
242305__hier0,242305,hier,"제조업 > 의료용 물질 및 의약품 제조업 > 의료용품 및 기타 의약 관련제품 제조업, 기초 의약 물질 제조업 > 의료용품 및 기타 의약 관련제품 제조업, 기초 의약 물질 제조업"
242305__ksic0,242305,ksic,"체외 진단 시약 제조업, 기초 의약 물질 제조업"
242305__desc0,242305,desc,생물학적 제제 제조
242305__example0,242305,example,의약용 화합물 제조
242305__example1,242305,example,스트렙토마이신 제조
242305__example2,242305,example,글리코시드 및 그 유도체 제조
242305__example3,242305,example,"식물성 알칼로이드(니코틴, 아나바딘 등) 및 그 염 제조"
242305__example4,242305,example,엑티노마이신 제조
242305__example5,242305,example,테트라사이크린계 항생 물질 제조
242305__example6,242305,example,"생약 물질 추출, 가공 또는 합성 조제품 제조"
242305__example7,242305,example,미생물 배양체 제조
242305__example8,242305,example,살균소 및 독소 제조
242305__example9,242305,example,동물성 의료용 물질 제조
242305__example10,242305,example,혈액
242305__example11,242305,example,소변 검사용 시약
242305__example12,242305,example,혈액형 분류용 시약
242305__example13,242305,example,임신진단 시약
242305__example14,242305,example,독감진단 시약
242305__xref0,242305,xref,니코틴(연초에서 추출된 알칼로이드) 제조
242305__xref1,242305,xref,"섬유제 외과용 밴드, 약솜(탈지면) 및 의료용 섬유제품 제조"
242305__xref2,242305,xref,미생물용 조제 배양제 제조
242305__xref3,242305,xref,체외 진단 시약 제조
242305__xref4,242305,xref,치과용 시멘트 제조
242305__xref5,242305,xref,치과용으로 특별히 가공한 플라스터 제조
242305__xref6,242305,xref,"의료용 장선, 봉합사 및 피복재 제조"
242309__name0,242309,name,체외 진단 시약 제조업
242309__name1,242309,name,그 외 기타 의료용품 및 의약 관련제품 제조업
242309__hier0,242309,hier,제조업 > 의료용 물질 및 의약품 제조업 > 의료용품 및 기타 의약 관련제품 제조업 > 의료용품 및 기타 의약 관련제품 제조업
242309__ksic0,242309,ksic,"체외 진단 시약 제조업, 그 외 기타 의료용품 및 의약 관련제품 제조업"
242309__example0,242309,example,혈액
242309__example1,242309,example,소변 검사용 시약
242309__example2,242309,example,혈액형 분류용 시약
242309__example3,242309,example,임신진단 시약
242309__example4,242309,example,독감진단 시약
242309__example5,242309,example,피임성의 화학 조제품 제조
242309__example6,242309,example,"탈지면, 창상 등 의료용 피복재, 습포제 제조"
242309__example7,242309,example,"치과용 시멘트, 충전제 및 뼈 성형용 시멘트 제조"
242309__example8,242309,example,살균한 외과용 또는 치과용 지혈제 및 유착방지제 제조
242309__example9,242309,example,엑스선 검사용 조영제 제조
242309__example10,242309,example,살균한 라미나리아 제조
242309__example11,242309,example,"의약품 등을 갖춘 구급상자, 구급대 제조"
242309__xref0,242309,xref,"섬유제 외과용 밴드, 약솜(탈지면) 및 의료용 섬유제품 제조"
242309__xref1,242309,xref,소독한 수술용 장선 제조
242309__xref2,242309,xref,환자 투여용 진단 시약 제조
242309__xref3,242309,xref,체외 진단 시약 제조
242309__xref4,242309,xref,환자투여용 진단시약 제조
242309__xref5,242309,xref,치과용 시멘트 제조
242309__xref6,242309,xref,치과용으로 특별히 가공한 플라스터 제조
242309__xref7,242309,xref,"의료용 장선, 봉합사 및 피복재 제조"
242309__xref8,242309,xref,치과용 충전재와 살균한 봉합물 제조
242401__name0,242401,name,"치약, 비누 및 기타 세제 제조업"
242401__hier0,242401,hier,"제조업 > 화학 물질 및 화학제품 제조업; 의약품 제외 > 기타 화학제품 제조업 > 세제, 화장품 및 광택제 제조업"
242401__desc0,242401,desc,세탁비누
242401__example0,242401,example,합성 세정제 제조
242401__example1,242401,example,글리세린 제조
242401__example2,242401,example,글리세린 수 및 비누 폐액으로 만든 글리세린 제조
242401__xref0,242401,xref,비누 및 합성세제 제조
242401__xref1,242401,xref,치약 제조
242402__name0,242402,name,"치약, 비누 및 기타 세제 제조업"
242402__hier0,242402,hier,"제조업 > 화학 물질 및 화학제품 제조업; 의약품 제외 > 기타 화학제품 제조업 > 세제, 화장품 및 광택제 제조업"
242402__example0,242402,example,합성 세정제 제조
242402__example1,242402,example,글리세린 제조
242402__example2,242402,example,글리세린 수 및 비누 폐액으로 만든 글리세린 제조
242402__xref0,242402,xref,비누 및 합성세제 제조
242402__xref1,242402,xref,치약 제조
242403__name0,242403,name,화장품 제조업
242403__hier0,242403,hier,"제조업 > 화학 물질 및 화학제품 제조업; 의약품 제외 > 기타 화학제품 제조업 > 세제, 화장품 및 광택제 제조업"
242403__example0,242403,example,샴푸 제조
242403__example1,242403,example,헤어 스프레이 제조
242403__example2,242403,example,향낭 제조
242403__example3,242403,example,콘택트렌즈 세정액 제조
242403__example4,242403,example,의안용 세정액 제조
242403__example5,242403,example,구강 세척제(치약 제외) 제조
242403__example6,242403,example,가향한 목욕용 염 제조
242403__example7,242403,example,내발한제 제조
242403__example8,242403,example,구강 위생용품 제조
242403__xref0,242403,xref,샴푸 및 면도용 조제품 제조
242404__name0,242404,name,계면활성제 제조업
242404__hier0,242404,hier,"제조업 > 화학 물질 및 화학제품 제조업; 의약품 제외 > 기타 화학제품 제조업 > 세제, 화장품 및 광택제 제조업"
242405__name0,242405,name,표면 광택제 및 실내 가향제 제조업
242405__hier0,242405,hier,"제조업 > 화학 물질 및 화학제품 제조업; 의약품 제외 > 기타 화학제품 제조업 > 세제, 화장품 및 광택제 제조업"
242405__desc0,242405,desc,표면광택제
242405__example0,242405,example,신발 광택제 및 크림 제조
242405__example1,242405,example,마루 광택제 및 크림 제조
242405__example2,242405,example,"아가바티(agarbatti, 인도 분향) 및 기타 분향 제조"
242405__example3,242405,example,실내용 방향제품(악취 방지용)
242405__example4,242405,example,분향(제사용) 제조
242405__example5,242405,example,조제 연마페이스트 제조
242405__xref0,242405,xref,실내 가향제 제조
242406__name0,242406,name,표면 광택제 및 실내 가향제 제조업
242406__hier0,242406,hier,"제조업 > 화학 물질 및 화학제품 제조업; 의약품 제외 > 기타 화학제품 제조업 > 세제, 화장품 및 광택제 제조업"
242406__desc0,242406,desc,실내가향제
242406__example0,242406,example,신발 광택제 및 크림 제조
242406__example1,242406,example,마루 광택제 및 크림 제조
242406__example2,242406,example,"아가바티(agarbatti, 인도 분향) 및 기타 분향 제조"
242406__example3,242406,example,실내용 방향제품(악취 방지용)
242406__example4,242406,example,분향(제사용) 제조
242406__example5,242406,example,조제 연마페이스트 제조
242406__xref0,242406,xref,실내 가향제 제조
242901__name0,242901,name,접착제 및 젤라틴 제조업
242901__hier0,242901,hier,제조업 > 화학 물질 및 화학제품 제조업; 의약품 제외 > 기타 화학제품 제조업 > 그 외 기타 화학제품 제조업
242901__example0,242901,example,젤라틴 캡슐 제조
242901__example1,242901,example,카세인염과 카세인 유도체 제조
242901__example2,242901,example,"알부민(난백 제외), 알부민산염 및 그 유도체 제조"
242901__xref0,242901,xref,접착용 풀 생산
242901__xref1,242901,xref,젤라틴 빈 캡슐 제조
242902__name0,242902,name,마그네틱 및 광학 매체 제조업
242902__hier0,242902,hier,"제조업 > 전자 부품, 컴퓨터, 영상, 음향 및 통신장비 제조업 > 마그네틱 및 광학 매체 제조업 > 마그네틱 및 광학 매체 제조업"
242902__example0,242902,example,마그네틱 오디오 및 비디오 테이프(기록되지 않은 것) 제조
242902__example1,242902,example,디스켓(기록되지 않은 것) 제조
242902__example2,242902,example,광학 디스크(기록되지 않은 것) 제조
242902__example3,242902,example,CD(기록되지 않은 것) 제조
242903__name0,242903,name,그 외 기타 분류 안된 화학제품 제조업
242903__hier0,242903,hier,제조업 > 화학 물질 및 화학제품 제조업; 의약품 제외 > 기타 화학제품 제조업 > 그 외 기타 화학제품 제조업
242903__desc0,242903,desc,재료처리용 조제윤활제품
242903__example0,242903,example,정유 혼합물 제조
242903__example1,242903,example,정유 수성 증류액 및 용액 제조
242903__example2,242903,example,합성 향료 혼합물 제조
242903__example3,242903,example,정유 테르펜계 화합물 제조
242903__example4,242903,example,조제 그리스 제조(석유류 함유량 70% 미만)
242903__example5,242903,example,활성탄 제조
242903__example6,242903,example,조제 절삭제 제조
242903__example7,242903,example,소화기용 조제품 제조
242903__example8,242903,example,전자공업용 화학 원소 및 화합물 제조
242903__example9,242903,example,도금용 조제품 제조
242903__example10,242903,example,조제 유기 과산화물 제조
242903__example11,242903,example,"고무, 플라스틱용 복합 가소제 제조"
242903__example12,242903,example,조형용 페이스트(반죽) 제조
242903__example13,242903,example,각종 첨가제가 포함된 치과용 플라스터 조형 조제품 제조
242903__example14,242903,example,"고무, 플라스틱용 산화방지 조제품"
242903__example15,242903,example,부동액 등 동결 방지제
242903__example16,242903,example,LCD용 액정액 제조
242903__example17,242903,example,이화학 시험관용 진단 시약
242903__example18,242903,example,의학용ㆍ수의학용ㆍ과학용ㆍ산업 실험용 조제 및 분석 시약
242903__example19,242903,example,이화학용 시약 관련 조립용품 묶음(키트)
242903__example20,242903,example,"필기용, 제도용 잉크 제조"
242903__xref0,242903,xref,니코틴이 함유되지 않은 전자담배 기기용 용액 제조
242903__xref1,242903,xref,조제 윤활유 및 그리스 제조
242903__xref2,242903,xref,"활성탄, 활성처리한 광물성 물질 제조"
242903__xref3,242903,xref,활성화된 광물성 제품 제조
242903__xref4,242903,xref,산업 실험용 조제 및 분석 시약
242903__xref5,242903,xref,"산, 알칼리 등 화학적으로 활성 처리한 광물질 제조"
242903__xref6,242903,xref,액정액 제조
242903__xref7,242903,xref,음극활물질 제조
242904__name0,242904,name,가공 및 정제염 제조업
242904__hier0,242904,hier,제조업 > 화학 물질 및 화학제품 제조업; 의약품 제외 > 기타 화학제품 제조업 > 그 외 기타 화학제품 제조업
242904__example0,242904,example,기계염 제조
242904__example1,242904,example,가공염 제조
242904__xref0,242904,xref,정제 및 가공염 제조
242904__xref1,242904,xref,정제염(기계염) 제조
242905__name0,242905,name,감광 재료 및 관련 화학제품 제조업
242905__hier0,242905,hier,제조업 > 화학 물질 및 화학제품 제조업; 의약품 제외 > 기타 화학제품 제조업 > 그 외 기타 화학제품 제조업
242905__example0,242905,example,감광성 사진 인화지 및 판지 제조
242905__example1,242905,example,사진처리용 단일 화학 물질 제조
242905__example2,242905,example,프린터용 토너 및 토너 카트리지
242905__xref0,242905,xref,사진 감광지 제조
242905__xref1,242905,xref,감광성 사진 인화지 제조
242906__name0,242906,name,화약 및 불꽃제품 제조업
242906__hier0,242906,hier,제조업 > 화학 물질 및 화학제품 제조업; 의약품 제외 > 기타 화학제품 제조업 > 그 외 기타 화학제품 제조업
242906__example0,242906,example,점화기 제조
242906__example1,242906,example,신호용 조명탄 제조
242906__example2,242906,example,폭죽 제조
242906__example3,242906,example,성냥 제조
242906__xref0,242906,xref,"폭발 점화장치, 뇌관, 불꽃제품 및 화약 제조"
242906__xref1,242906,xref,"성냥, 화약 및 각종 불꽃제품 제조"
242907__name0,242907,name,체외 진단 시약 제조업
242907__name1,242907,name,그 외 기타 분류 안된 화학제품 제조업
242907__hier0,242907,hier,"제조업 > 의료용 물질 및 의약품 제조업, 화학 물질 및 화학제품 제조업; 의약품 제외 > 의료용품 및 기타 의약 관련제품 제조업, 기타 화학제품 제조업 > 의료용품 및 기타 의약 관련제품 제조업, 그 외 기타 화학제품 제조업"
242907__example0,242907,example,정유 혼합물 제조
242907__example1,242907,example,정유 수성 증류액 및 용액 제조
242907__example2,242907,example,합성 향료 혼합물 제조
242907__example3,242907,example,정유 테르펜계 화합물 제조
242907__example4,242907,example,조제 그리스 제조(석유류 함유량 70% 미만)
242907__example5,242907,example,활성탄 제조
242907__example6,242907,example,조제 절삭제 제조
242907__example7,242907,example,소화기용 조제품 제조
242907__example8,242907,example,전자공업용 화학 원소 및 화합물 제조
242907__example9,242907,example,도금용 조제품 제조
242907__example10,242907,example,조제 유기 과산화물 제조
242907__example11,242907,example,"고무, 플라스틱용 복합 가소제 제조"
242907__example12,242907,example,조형용 페이스트(반죽) 제조
242907__example13,242907,example,각종 첨가제가 포함된 치과용 플라스터 조형 조제품 제조
242907__example14,242907,example,"고무, 플라스틱용 산화방지 조제품"
242907__example15,242907,example,부동액 등 동결 방지제
242907__example16,242907,example,LCD용 액정액 제조
242907__example17,242907,example,이화학 시험관용 진단 시약
242907__example18,242907,example,의학용ㆍ수의학용ㆍ과학용ㆍ산업 실험용 조제 및 분석 시약
242907__example19,242907,example,이화학용 시약 관련 조립용품 묶음(키트)
242907__example20,242907,example,"필기용, 제도용 잉크 제조"
242907__example21,242907,example,혈액
242907__example22,242907,example,소변 검사용 시약
242907__example23,242907,example,혈액형 분류용 시약
242907__example24,242907,example,임신진단 시약
242907__example25,242907,example,독감진단 시약
242907__xref0,242907,xref,니코틴이 함유되지 않은 전자담배 기기용 용액 제조
242907__xref1,242907,xref,"섬유제 외과용 밴드, 약솜(탈지면) 및 의료용 섬유제품 제조"
242907__xref2,242907,xref,조제 윤활유 및 그리스 제조
242907__xref3,242907,xref,"활성탄, 활성처리한 광물성 물질 제조"
242907__xref4,242907,xref,활성화된 광물성 제품 제조
242907__xref5,242907,xref,체외 진단 시약 제조
242907__xref6,242907,xref,산업 실험용 조제 및 분석 시약
242907__xref7,242907,xref,치과용 시멘트 제조
242907__xref8,242907,xref,치과용으로 특별히 가공한 플라스터 제조
242907__xref9,242907,xref,"산, 알칼리 등 화학적으로 활성 처리한 광물질 제조"
242907__xref10,242907,xref,액정액 제조
242907__xref11,242907,xref,"의료용 장선, 봉합사 및 피복재 제조"
242907__xref12,242907,xref,음극활물질 제조
242908__name0,242908,name,바이오 연료 및 혼합물 제조업
242908__hier0,242908,hier,제조업 > 화학 물질 및 화학제품 제조업; 의약품 제외 > 기타 화학제품 제조업 > 그 외 기타 화학제품 제조업
242908__xref0,242908,xref,바이오 연료 및 혼합물 제조
243000__name0,243000,name,합성섬유 제조업
243000__hier0,243000,hier,제조업 > 화학 물질 및 화학제품 제조업; 의약품 제외 > 화학섬유 제조업 > 화학섬유 제조업
243000__example0,243000,example,나일론 및 비닐론 제조
243000__example1,243000,example,아라미드 합성섬유 제조
243000__example2,243000,example,폴리염화비닐리덴 섬유 제조
243000__example3,243000,example,폴리염화비닐 섬유 제조
243000__example4,243000,example,폴리에스터 섬유 제조
243000__example5,243000,example,폴리에틸렌 섬유 제조
243000__example6,243000,example,아크릴 섬유 제조
243000__example7,243000,example,폴리프로필렌 섬유 제조
243001__name0,243001,name,재생 섬유 제조업
243001__hier0,243001,hier,제조업 > 화학 물질 및 화학제품 제조업; 의약품 제외 > 화학섬유 제조업 > 화학섬유 제조업
243001__example0,243001,example,레이온 섬유 제조
243001__example1,243001,example,초산 셀룰로오스 섬유 제조
243001__example2,243001,example,아세테이트 섬유 제조
243001__example3,243001,example,알기네이트 섬유 제조
251101__name0,251101,name,고무 타이어 및 튜브 제조업
251101__hier0,251101,hier,제조업 > 고무 및 플라스틱제품 제조업 > 고무제품 제조업 > 고무 타이어 및 튜브 생산업
251101__example0,251101,example,이너 튜브 제조
251101__example1,251101,example,고무제 공기 타이어 제조
251101__example2,251101,example,고무제 솔리드 타이어 제조
251101__example3,251101,example,고무 타이어 재생용 캐멀백(camel back) 스트립 제조
251101__example4,251101,example,타이어 트레드 고무 제조
251101__xref0,251101,xref,재생 타이어용 캐멀백 스트립 제조
251101__xref1,251101,xref,재생 타이어 제조
251102__name0,251102,name,고무 타이어 및 튜브 제조업
251102__hier0,251102,hier,제조업 > 고무 및 플라스틱제품 제조업 > 고무제품 제조업 > 고무 타이어 및 튜브 생산업
251102__desc0,251102,desc,재생타이어
251102__example0,251102,example,이너 튜브 제조
251102__example1,251102,example,고무제 공기 타이어 제조
251102__example2,251102,example,고무제 솔리드 타이어 제조
251102__example3,251102,example,고무 타이어 재생용 캐멀백(camel back) 스트립 제조
251102__example4,251102,example,타이어 트레드 고무 제조
251102__xref0,251102,xref,재생 타이어용 캐멀백 스트립 제조
251102__xref1,251102,xref,재생 타이어 제조
251901__name0,251901,name,산업용 그 외 비경화 고무제품 제조업
251901__hier0,251901,hier,제조업 > 고무 및 플라스틱제품 제조업 > 고무제품 제조업 > 기타 고무제품 제조업
251901__example0,251901,example,배합고무 라텍스 제조
251901__example1,251901,example,고무봉
251901__example2,251901,example,호스 제조
251901__example3,251901,example,기계용 비경화 고무제품 제조
251901__example4,251901,example,전동용 벨트 제조(고무 피복)
251901__example5,251901,example,고무를 피복한 방직용 섬유 직물(고무가 주재료인 경우) 제조
251901__example6,251901,example,고무를 주재료로 만든 접착 테이프 제조
251901__xref0,251901,xref,고무자석 원료인 고무제품 제조
251902__name0,251902,name,그 외 기타 고무제품 제조업
251902__hier0,251902,hier,제조업 > 고무 및 플라스틱제품 제조업 > 고무제품 제조업 > 기타 고무제품 제조업
251902__example0,251902,example,지우개 제조
251902__example1,251902,example,고무 밴드 제조
251902__example2,251902,example,고무 스펀지 제조
251902__example3,251902,example,비경화 고무 가공품 제조
251902__example4,251902,example,쿠션 및 베개 제조
251902__example5,251902,example,바닥깔개와 매트 제조
251902__example6,251902,example,고무제 자석 제조
251902__xref0,251902,xref,경화 고무제품 제조
251903__name0,251903,name,고무 패킹류 제조업
251903__hier0,251903,hier,제조업 > 고무 및 플라스틱제품 제조업 > 고무제품 제조업 > 기타 고무제품 제조업
251903__example0,251903,example,고무 패킹 제조
251903__example1,251903,example,"고무 디스크(disc), 링(ring) 및 와셔(washer) 제조"
251904__name0,251904,name,고무 의류 및 기타 위생용 비경화 고무제품 제조업
251904__hier0,251904,hier,제조업 > 고무 및 플라스틱제품 제조업 > 고무제품 제조업 > 기타 고무제품 제조업
251904__example0,251904,example,고무 장갑 및 모자 제조
251904__example1,251904,example,방사선 방호복 제조
251904__example2,251904,example,잠수복 제조
251904__example3,251904,example,고무 젖꼭지 제조
251904__example4,251904,example,의류 및 의류 부속품 제조
251904__example5,251904,example,콘돔 및 피임용품 제조
251904__example6,251904,example,위생용품 및 의료용품 제조
251904__xref0,251904,xref,고무모자 제조
251904__xref1,251904,xref,위생용 비경화 고무제품 제조
252101__name0,252101,name,"플라스틱 선, 봉, 관 및 호스 제조업"
252101__hier0,252101,hier,제조업 > 고무 및 플라스틱제품 제조업 > 플라스틱 제품 제조업 > 1차 플라스틱제품 제조업
252101__xref0,252101,xref,섬유를 보강재로 하고 플라스틱을 주재료로 한 플라스틱제품 제조
252101__xref1,252101,xref,플라스틱제 모자 제조
252101__xref2,252101,xref,새시바 등 1차 형태의 건축용 플라스틱제품 제조
252101__xref3,252101,xref,합성수지를 주된 원료로 하여 생산한 제품
252102__name0,252102,name,플라스틱 필름 제조업
252102__hier0,252102,hier,제조업 > 고무 및 플라스틱제품 제조업 > 플라스틱 제품 제조업 > 1차 플라스틱제품 제조업
252102__desc0,252102,desc,폴리에틸렌필름의 농협 납품분
252102__example0,252102,example,폴리에틸렌 필름(PE) 제조
252102__example1,252102,example,폴리프로필렌 필름(PP) 제조
252102__example2,252102,example,폴리염화비닐 필름(PVC) 제조
252102__example3,252102,example,폴리에스터 필름(PET) 제조
252102__xref0,252102,xref,섬유를 보강재로 하고 플라스틱을 주재료로 한 플라스틱제품 제조
252102__xref1,252102,xref,플라스틱제 모자 제조
252102__xref2,252102,xref,새시바 등 1차 형태의 건축용 플라스틱제품 제조
252102__xref3,252102,xref,플라스틱 필름을 제조하고 연관공정으로 접착 처리한 제품 제조
252102__xref4,252102,xref,합성수지를 주된 원료로 하여 생산한 제품
252103__name0,252103,name,플라스틱 합성피혁 제조업
252103__hier0,252103,hier,제조업 > 고무 및 플라스틱제품 제조업 > 플라스틱 제품 제조업 > 1차 플라스틱제품 제조업
252103__xref0,252103,xref,섬유를 보강재로 하고 플라스틱을 주재료로 한 플라스틱제품 제조
252103__xref1,252103,xref,플라스틱제 모자 제조
252103__xref2,252103,xref,플라스틱 합성피혁 제조
252103__xref3,252103,xref,새시바 등 1차 형태의 건축용 플라스틱제품 제조
252103__xref4,252103,xref,플라스틱제 합성피혁 제조
252103__xref5,252103,xref,합성수지를 주된 원료로 하여 생산한 제품
252105__name0,252105,name,플라스틱 필름 제조업
252105__hier0,252105,hier,제조업 > 고무 및 플라스틱제품 제조업 > 플라스틱 제품 제조업 > 1차 플라스틱제품 제조업
252105__example0,252105,example,폴리에틸렌 필름(PE) 제조
252105__example1,252105,example,폴리프로필렌 필름(PP) 제조
252105__example2,252105,example,폴리염화비닐 필름(PVC) 제조
252105__example3,252105,example,폴리에스터 필름(PET) 제조
252105__xref0,252105,xref,섬유를 보강재로 하고 플라스틱을 주재료로 한 플라스틱제품 제조
252105__xref1,252105,xref,플라스틱제 모자 제조
252105__xref2,252105,xref,새시바 등 1차 형태의 건축용 플라스틱제품 제조
252105__xref3,252105,xref,플라스틱 필름을 제조하고 연관공정으로 접착 처리한 제품 제조
252105__xref4,252105,xref,합성수지를 주된 원료로 하여 생산한 제품
252106__name0,252106,name,플라스틱 시트 및 판 제조업
252106__hier0,252106,hier,제조업 > 고무 및 플라스틱제품 제조업 > 플라스틱 제품 제조업 > 1차 플라스틱제품 제조업
252106__example0,252106,example,플라스틱 시트(0.25mm 이상 연질성 제품) 제조
252106__example1,252106,example,플라스틱 판(0.25mm 이상 경질성 제품) 제조
252106__xref0,252106,xref,섬유를 보강재로 하고 플라스틱을 주재료로 한 플라스틱제품 제조
252106__xref1,252106,xref,플라스틱제 모자 제조
252106__xref2,252106,xref,새시바 등 1차 형태의 건축용 플라스틱제품 제조
252106__xref3,252106,xref,합성수지를 주된 원료로 하여 생산한 제품
252200__name0,252200,name,폴리스티렌 발포 성형제품 제조업
252200__hier0,252200,hier,제조업 > 고무 및 플라스틱제품 제조업 > 플라스틱 제품 제조업 > 플라스틱 발포 성형제품 제조업
252200__example0,252200,example,스티로폼 제조
252200__example1,252200,example,정형 스티로폼 제품 제조
252200__example2,252200,example,EPS(expanded polystyrene) 성형제품 제조
252200__example3,252200,example,EPS제 아이스박스ㆍ부표 제조
252200__xref0,252200,xref,섬유를 보강재로 하고 플라스틱을 주재료로 한 플라스틱제품 제조
252200__xref1,252200,xref,플라스틱제 모자 제조
252200__xref2,252200,xref,발포 플라스틱용기 제조
252200__xref3,252200,xref,발포 플라스틱 제품 제조
252200__xref4,252200,xref,합성수지를 주된 원료로 하여 생산한 제품
252201__name0,252201,name,기타 플라스틱 발포 성형제품 제조업
252201__hier0,252201,hier,제조업 > 고무 및 플라스틱제품 제조업 > 플라스틱 제품 제조업 > 플라스틱 발포 성형제품 제조업
252201__example0,252201,example,우레탄 스펀지 제조
252201__example1,252201,example,우레탄 발포 성형제품 제조
252201__xref0,252201,xref,섬유를 보강재로 하고 플라스틱을 주재료로 한 플라스틱제품 제조
252201__xref1,252201,xref,플라스틱제 모자 제조
252201__xref2,252201,xref,발포 플라스틱용기 제조
252201__xref3,252201,xref,발포 플라스틱 제품 제조
252201__xref4,252201,xref,우레탄 발포 성형제품(우레탄폼) 제조
252201__xref5,252201,xref,합성수지를 주된 원료로 하여 생산한 제품
252301__name0,252301,name,설치용 및 위생용 플라스틱제품 제조업
252301__hier0,252301,hier,제조업 > 고무 및 플라스틱제품 제조업 > 플라스틱 제품 제조업 > 건축용 플라스틱제품 제조업
252301__example0,252301,example,"세면기, 화장실용 팬, 분뇨 정화조 제조"
252301__example1,252301,example,"설치용, 저장용 플라스틱 탱크 및 유사 용기 제조"
252301__xref0,252301,xref,섬유를 보강재로 하고 플라스틱을 주재료로 한 플라스틱제품 제조
252301__xref1,252301,xref,플라스틱제 모자 제조
252301__xref2,252301,xref,설치용 및 위생용 플라스틱 용기 제조
252301__xref3,252301,xref,건축용 플라스틱 제품 성형 제조
252301__xref4,252301,xref,합성수지를 주된 원료로 하여 생산한 제품
252303__name0,252303,name,벽 및 바닥 피복용 플라스틱 제품 제조업
252303__hier0,252303,hier,제조업 > 고무 및 플라스틱제품 제조업 > 플라스틱 제품 제조업 > 건축용 플라스틱제품 제조업
252303__example0,252303,example,비닐 벽지 제조
252303__example1,252303,example,플라스틱제 타일 제조
252303__example2,252303,example,플라스틱제 벽돌 제조
252303__example3,252303,example,바닥 피복용 플라스틱 제품 제조
252303__example4,252303,example,플라스틱제 바닥깔개
252303__xref0,252303,xref,섬유를 보강재로 하고 플라스틱을 주재료로 한 플라스틱제품 제조
252303__xref1,252303,xref,플라스틱제 모자 제조
252303__xref2,252303,xref,"벽, 바닥 피복용 플라스틱제품 제조"
252303__xref3,252303,xref,건축용 플라스틱 제품 성형 제조
252303__xref4,252303,xref,벽 및 바닥 피복용 플라스틱 제품 제조
252303__xref5,252303,xref,합성수지를 주된 원료로 하여 생산한 제품
252400__name0,252400,name,플라스틱 창호 제조업
252400__hier0,252400,hier,제조업 > 고무 및 플라스틱제품 제조업 > 플라스틱 제품 제조업 > 건축용 플라스틱제품 제조업
252400__example0,252400,example,창문 및 문틀 제조
252400__xref0,252400,xref,섬유를 보강재로 하고 플라스틱을 주재료로 한 플라스틱제품 제조
252400__xref1,252400,xref,플라스틱제 모자 제조
252400__xref2,252400,xref,"가공 및 조립하여 창틀, 문 제조 제"
252400__xref3,252400,xref,플라스틱 창호 제조
252400__xref4,252400,xref,건축용 플라스틱 제품 성형 제조
252400__xref5,252400,xref,합성수지를 주된 원료로 하여 생산한 제품
252401__name0,252401,name,기타 건축용 플라스틱 조립제품 제조업
252401__hier0,252401,hier,제조업 > 고무 및 플라스틱제품 제조업 > 플라스틱 제품 제조업 > 건축용 플라스틱제품 제조업
252401__example0,252401,example,플라스틱제 건축 구조재 제조
252401__xref0,252401,xref,섬유를 보강재로 하고 플라스틱을 주재료로 한 플라스틱제품 제조
252401__xref1,252401,xref,플라스틱제 모자 제조
252401__xref2,252401,xref,건축용 플라스틱 제품 성형 제조
252401__xref3,252401,xref,합성수지를 주된 원료로 하여 생산한 제품
252402__name0,252402,name,"플라스틱 포대, 봉투 및 유사제품 제조업"
252402__hier0,252402,hier,제조업 > 고무 및 플라스틱제품 제조업 > 플라스틱 제품 제조업 > 포장용 플라스틱제품 제조업
252402__example0,252402,example,플라스틱 포대 제조
252402__example1,252402,example,플라스틱 봉투 제조
252402__xref0,252402,xref,접합하여 포대를 제조
252402__xref1,252402,xref,섬유를 보강재로 하고 플라스틱을 주재료로 한 플라스틱제품 제조
252402__xref2,252402,xref,플라스틱제 모자 제조
252402__xref3,252402,xref,합성수지를 주된 원료로 하여 생산한 제품
252403__name0,252403,name,플라스틱 접착처리 제품 제조업
252403__hier0,252403,hier,제조업 > 고무 및 플라스틱제품 제조업 > 플라스틱 제품 제조업 > 기타 플라스틱 제품 제조업
252403__example0,252403,example,접착용 비닐테이프 제조
252403__xref0,252403,xref,섬유를 보강재로 하고 플라스틱을 주재료로 한 플라스틱제품 제조
252403__xref1,252403,xref,플라스틱제 모자 제조
252403__xref2,252403,xref,플라스틱 접착처리 제품 제조
252403__xref3,252403,xref,합성수지를 주된 원료로 하여 생산한 제품
252404__name0,252404,name,"플라스틱 적층, 도포 및 기타 표면처리 제품 제조업"
252404__hier0,252404,hier,제조업 > 고무 및 플라스틱제품 제조업 > 플라스틱 제품 제조업 > 기타 플라스틱 제품 제조업
252404__example0,252404,example,금속 도포 플라스틱 필름 제조
252404__example1,252404,example,표면 도포 플라스틱 시트 및 판재 생산
252404__xref0,252404,xref,섬유를 보강재로 하고 플라스틱을 주재료로 한 플라스틱제품 제조
252404__xref1,252404,xref,플라스틱제 모자 제조
252404__xref2,252404,xref,합성수지를 주된 원료로 하여 생산한 제품
252901__name0,252901,name,포장용 플라스틱 성형용기 제조업
252901__hier0,252901,hier,제조업 > 고무 및 플라스틱제품 제조업 > 플라스틱 제품 제조업 > 포장용 플라스틱제품 제조업
252901__example0,252901,example,플라스틱제 운반 및 포장용기 제조
252901__example1,252901,example,"플라스틱제 용기 뚜껑, 마개 제조"
252901__xref0,252901,xref,섬유를 보강재로 하고 플라스틱을 주재료로 한 플라스틱제품 제조
252901__xref1,252901,xref,플라스틱제 모자 제조
252901__xref2,252901,xref,포장용 또는 운반용 플라스틱 성형 용기 제조
252901__xref3,252901,xref,합성수지를 주된 원료로 하여 생산한 제품
252902__name0,252902,name,그 외 기타 플라스틱 제품 제조업
252902__hier0,252902,hier,제조업 > 고무 및 플라스틱제품 제조업 > 플라스틱 제품 제조업 > 기타 플라스틱 제품 제조업
252902__desc0,252902,desc,가정용 플라스틱 일반 성형 제품
252902__example0,252902,example,플라스틱 인조 잔디 제조
252902__example1,252902,example,플라스틱 헬멧 및 안전모 제조
252902__example2,252902,example,플라스틱 성형 의복 제조
252902__example3,252902,example,플라스틱제 사무 및 학용품 제조
252902__example4,252902,example,플라스틱제 자석 제조
252902__xref0,252902,xref,섬유를 보강재로 하고 플라스틱을 주재료로 한 플라스틱제품 제조
252902__xref1,252902,xref,플라스틱제 모자 제조
252902__xref2,252902,xref,합성수지를 주된 원료로 하여 생산한 제품
252903__name0,252903,name,운송장비 조립용 플라스틱제품 제조업
252903__hier0,252903,hier,제조업 > 고무 및 플라스틱제품 제조업 > 플라스틱 제품 제조업 > 기계장비 조립용 플라스틱제품 제조업
252903__example0,252903,example,운송장비 조립용 부분품 제조
252903__xref0,252903,xref,섬유를 보강재로 하고 플라스틱을 주재료로 한 플라스틱제품 제조
252903__xref1,252903,xref,플라스틱제 모자 제조
252903__xref2,252903,xref,플라스틱 절연재료 제조
252903__xref3,252903,xref,합성수지를 주된 원료로 하여 생산한 제품
252904__name0,252904,name,기타 기계ㆍ장비 조립용 플라스틱제품 제조업
252904__hier0,252904,hier,제조업 > 고무 및 플라스틱제품 제조업 > 플라스틱 제품 제조업 > 기계장비 조립용 플라스틱제품 제조업
252904__example0,252904,example,기타 기계장비(운송장비 제외) 조립용 플라스틱 부분품 제조
252904__example1,252904,example,공업용 플라스틱제품 제조
252904__example2,252904,example,사출 성형품을 추가 가공 및 조립하여 특정 기계
252904__example3,252904,example,장비 제조업으로 분류
252904__xref0,252904,xref,섬유를 보강재로 하고 플라스틱을 주재료로 한 플라스틱제품 제조
252904__xref1,252904,xref,플라스틱제 모자 제조
252904__xref2,252904,xref,운송장비 이외의 기계 및 장비류 조립용 플라스틱제품 제조
252904__xref3,252904,xref,플라스틱 절연재료 제조
252904__xref4,252904,xref,합성수지를 주된 원료로 하여 생산한 제품
252909__name0,252909,name,그 외 기타 플라스틱 제품 제조업
252909__hier0,252909,hier,제조업 > 고무 및 플라스틱제품 제조업 > 플라스틱 제품 제조업 > 기타 플라스틱 제품 제조업
252909__example0,252909,example,플라스틱 인조 잔디 제조
252909__example1,252909,example,플라스틱 헬멧 및 안전모 제조
252909__example2,252909,example,플라스틱 성형 의복 제조
252909__example3,252909,example,플라스틱제 사무 및 학용품 제조
252909__example4,252909,example,플라스틱제 자석 제조
252909__xref0,252909,xref,섬유를 보강재로 하고 플라스틱을 주재료로 한 플라스틱제품 제조
252909__xref1,252909,xref,플라스틱제 모자 제조
252909__xref2,252909,xref,합성수지를 주된 원료로 하여 생산한 제품
261001__name0,261001,name,판유리 제조업
261001__hier0,261001,hier,제조업 > 비금속 광물제품 제조업 > 유리 및 유리제품 제조업 > 판유리 및 판유리 가공품 제조업
261001__example0,261001,example,플로트 판유리 제조
261001__example1,261001,example,표면 연마 판유리 제조
261001__example2,261001,example,망입 판유리 제조
261001__xref0,261001,xref,"차량용, 건축용 플로트 판유리 제조"
261001__xref1,261001,xref,유리솜 및 그 제품제조
261001__xref2,261001,xref,시계 유리 제조
261002__name0,261002,name,가정용 유리제품 제조업
261002__hier0,261002,hier,제조업 > 비금속 광물제품 제조업 > 유리 및 유리제품 제조업 > 기타 유리제품 제조업
261002__example0,261002,example,식탁용 유리제품 성형 제조
261002__example1,261002,example,문구용 유리제품 성형 제조
261002__example2,261002,example,화장실용 유리제품 성형 제조
261002__example3,261002,example,생활용 유리제품 성형 제조
261002__xref0,261002,xref,가정용 유리용기 및 관련제품 제조
261002__xref1,261002,xref,유리솜 및 그 제품제조
261002__xref2,261002,xref,시계 유리 제조
261004__name0,261004,name,안전유리 제조업
261004__hier0,261004,hier,제조업 > 비금속 광물제품 제조업 > 유리 및 유리제품 제조업 > 판유리 및 판유리 가공품 제조업
261004__example0,261004,example,"열 강화유리, 화학 강화유리 제조"
261004__example1,261004,example,"합판 유리, 샌드위치 유리 제조"
261004__xref0,261004,xref,화학 강화유리 제조
261004__xref1,261004,xref,유리솜 및 그 제품제조
261004__xref2,261004,xref,시계 유리 제조
261005__name0,261005,name,기타 판유리 가공품 제조업
261005__hier0,261005,hier,제조업 > 비금속 광물제품 제조업 > 유리 및 유리제품 제조업 > 판유리 및 판유리 가공품 제조업
261005__example0,261005,example,자동차 백미러(뒷거울) 제조
261005__example1,261005,example,복층 절연유리 제조
261005__example2,261005,example,거울 유리 제조
261005__example3,261005,example,"착색 유리, 코팅 유리, 곡유리 제조"
261005__xref0,261005,xref,거울유리 제조
261005__xref1,261005,xref,판유리를 가공한 가정용 유리제품 제조
261005__xref2,261005,xref,판유리를 가공하여 포장용 유리상자 및 케이스 제조
261005__xref3,261005,xref,유리솜 및 그 제품제조
261005__xref4,261005,xref,시계 유리 제조
261006__name0,261006,name,"1차 유리제품, 유리섬유 및 광학용 유리 제조업"
261006__hier0,261006,hier,제조업 > 비금속 광물제품 제조업 > 유리 및 유리제품 제조업 > 산업용 유리 제조업
261006__xref0,261006,xref,광학유리 생지 제조
261006__xref1,261006,xref,"광학유리 생지, 유리섬유 및 유리사 제조"
261006__xref2,261006,xref,유리솜 및 그 제품제조
261006__xref3,261006,xref,시계 유리 제조
261006__xref4,261006,xref,광학적 연마가공을 하지 않은 유리생지 제조
261007__name0,261007,name,디스플레이 장치용 유리 제조업
261007__hier0,261007,hier,제조업 > 비금속 광물제품 제조업 > 유리 및 유리제품 제조업 > 산업용 유리 제조업
261007__example0,261007,example,LCD용 무알칼리 기판 유리 제조
261007__example1,261007,example,PDP용 소다석회 기판 유리 제조
261007__example2,261007,example,OLED용 무알칼리 기판 유리 제조
261007__example3,261007,example,태양전지용 저철분 기판 유리 제조
261007__example4,261007,example,ITO용 기판 유리 제조
261007__xref0,261007,xref,디스플레이 장치용 및 태양전지용 기판유리 제조
261007__xref1,261007,xref,유리솜 및 그 제품제조
261007__xref2,261007,xref,시계 유리 제조
261008__name0,261008,name,기타 산업용 유리제품 제조업
261008__hier0,261008,hier,제조업 > 비금속 광물제품 제조업 > 유리 및 유리제품 제조업 > 산업용 유리 제조업
261008__example0,261008,example,"전부가 유리로 된 애자, 전기 절연체 성형 제조"
261008__example1,261008,example,건축용 다공질 유리 및 관련 제품 제조
261008__example2,261008,example,시계용 유리 제조
261008__xref0,261008,xref,건설용 유리제품 제조
261008__xref1,261008,xref,유리솜 및 그 제품제조
261008__xref2,261008,xref,시계 유리 제조
261008__xref3,261008,xref,유리 및 도자제 애자 제조
261009__name0,261009,name,포장용 유리용기 제조업
261009__hier0,261009,hier,제조업 > 비금속 광물제품 제조업 > 유리 및 유리제품 제조업 > 기타 유리제품 제조업
261009__example0,261009,example,유리 앰플 제조
261009__example1,261009,example,유리병 및 유리제 마개류 제조
261009__xref0,261009,xref,포장용 유리병 및 앰플 제조
261009__xref1,261009,xref,"일반 운반용 플라스크, 항아리 제조"
261009__xref2,261009,xref,포장 또는 운반용 유리 용기 제조
261009__xref3,261009,xref,유리솜 및 그 제품제조
261009__xref4,261009,xref,시계 유리 제조
261011__name0,261011,name,그 외 기타 유리제품 제조업
261011__hier0,261011,hier,제조업 > 비금속 광물제품 제조업 > 유리 및 유리제품 제조업 > 기타 유리제품 제조업
261011__example0,261011,example,유리제 비드(bead) 제조
261011__example1,261011,example,유리제 소상(모조 신변 장신품 제외) 제조
261011__example2,261011,example,"유리제 안구(인형용, 로봇용 등) 제조"
261011__example3,261011,example,프로파일상 유리 제조
261011__xref0,261011,xref,유리솜 및 그 제품제조
261011__xref1,261011,xref,시계 유리 제조
269100__name0,269100,name,가정용 및 장식용 도자기 제조업
269100__hier0,269100,hier,"제조업 > 비금속 광물제품 제조업 > 내화, 비내화 요업제품 제조업 > 비내화 일반 도자기 제조업"
269100__example0,269100,example,가정용 토기제품 제조
269100__example1,269100,example,도자기제 조상 제조
269100__example2,269100,example,도자기 화병 제조
269100__example3,269100,example,장식용 도자기제품 제조
269101__name0,269101,name,위생용 및 산업용 도자기 제조업
269101__hier0,269101,hier,"제조업 > 비금속 광물제품 제조업 > 내화, 비내화 요업제품 제조업 > 비내화 일반 도자기 제조업"
269101__example0,269101,example,개수대(싱크대) 제조
269101__example1,269101,example,"위생용기(세면대, 변기 등) 제조"
269101__example2,269101,example,목욕통 제조
269101__example3,269101,example,전기용 도자기제품 제조
269101__example4,269101,example,전자기용 세라믹제품 제조
269101__example5,269101,example,전기 애자 및 절연제품 제조
269101__example6,269101,example,세라믹 및 페라이트제 자석 제조
269101__xref0,269101,xref,위생용 도자기제품 제조
269101__xref1,269101,xref,유리 및 도자제 애자 제조
269102__name0,269102,name,기타 일반 도자기 제조업
269102__hier0,269102,hier,"제조업 > 비금속 광물제품 제조업 > 내화, 비내화 요업제품 제조업 > 비내화 일반 도자기 제조업"
269102__example0,269102,example,상자 및 케이스 제조
269102__example1,269102,example,잉크 스탠드 제조
269102__example2,269102,example,도자기 제조용 조제 원료 제조
269102__example3,269102,example,램프 갓 및 램프 부품 제조
269200__name0,269200,name,정형 내화 요업제품 제조업
269200__hier0,269200,hier,"제조업 > 비금속 광물제품 제조업 > 내화, 비내화 요업제품 제조업 > 내화 요업제품 제조업"
269200__example0,269200,example,내화 벽돌 및 타일 제조
269200__example1,269200,example,구조용 내화 요업제품 제조
269200__example2,269200,example,건설용 내화 요업제품 제조
269200__example3,269200,example,건축용 내화 요업제품 제조
269200__example4,269200,example,레토르트 제조
269200__example5,269200,example,도가니 제조
269200__example6,269200,example,반응 그릇 제조
269200__example7,269200,example,머플 제조
269200__example8,269200,example,노즐 제조
269200__example9,269200,example,플럭 제조
269200__example10,269200,example,튜브와 파이프 제조
269200__xref0,269200,xref,흑연도자기 제조
269201__name0,269201,name,부정형 내화 요업제품 제조업
269201__hier0,269201,hier,"제조업 > 비금속 광물제품 제조업 > 내화, 비내화 요업제품 제조업 > 내화 요업제품 제조업"
269201__example0,269201,example,내화물용 조제 배합원료 제조
269201__example1,269201,example,알루미나 제조(보오크사이트 원광 이외 물질 사용)
269201__example2,269201,example,샤모트 제조
269201__example3,269201,example,다이나스어드(Dinas earth) 제조
269201__xref0,269201,xref,샤모트 가공
269201__xref1,269201,xref,다이나스어스드(Dinas earth) 가공
269201__xref2,269201,xref,내화 모르타르제품 제조
269201__xref3,269201,xref,내화용 모르타르 제조
269201__xref4,269201,xref,흑연도자기 제조
269300__name0,269300,name,타일 및 유사 비내화 요업제품 제조업
269300__hier0,269300,hier,"제조업 > 비금속 광물제품 제조업 > 내화, 비내화 요업제품 제조업 > 건축용 비내화 요업제품 제조업"
269300__example0,269300,example,벽 타일 제조
269300__example1,269300,example,포장용 타일 제조
269300__example2,269300,example,모자이크 타일 제조
269300__example3,269300,example,포석 제조
269300__xref0,269300,xref,도관 및 건축용 도자기제품 제조
269300__xref1,269300,xref,비내화성 벽 및 바닥 포장용 요업타일 제조
269301__name0,269301,name,"점토 벽돌, 블록 및 유사 비내화 요업제품 제조업"
269301__hier0,269301,hier,"제조업 > 비금속 광물제품 제조업 > 내화, 비내화 요업제품 제조업 > 건축용 비내화 요업제품 제조업"
269301__example0,269301,example,"점토 벽돌 및 블록(조적용, 포장용) 제조"
269301__example1,269301,example,미장 벽돌 및 블록(조적용) 제조
269301__example2,269301,example,점토 바닥 벽돌 및 블록(포장용) 제조
269301__example3,269301,example,굴뚝용 벽돌 및 블록 제조
269301__xref0,269301,xref,도관 및 건축용 도자기제품 제조
269302__name0,269302,name,기타 건축용 비내화 요업제품 제조업
269302__hier0,269302,hier,"제조업 > 비금속 광물제품 제조업 > 내화, 비내화 요업제품 제조업 > 건축용 비내화 요업제품 제조업"
269302__example0,269302,example,연탄난로 라이너
269302__example1,269302,example,홈통 제조
269302__example2,269302,example,배관 연결구류 제조
269302__example3,269302,example,건축물 구조재 제조
269302__example4,269302,example,설치용 물탱크 제조
269302__xref0,269302,xref,도관 및 건축용 도자기제품 제조
269302__xref1,269302,xref,"하수도 조직과 직접 연결되는 도관, 배관 연결구류 제조"
269401__name0,269401,name,시멘트 제조업
269401__hier0,269401,hier,"제조업 > 비금속 광물제품 제조업 > 시멘트, 석회, 플라스터 및 그 제품 제조업 > 시멘트, 석회 및 플라스터 제조업"
269401__example0,269401,example,포졸란 시멘트 제조
269401__example1,269401,example,로만 시멘트 제조
269401__example2,269401,example,점토 시멘트 제조
269401__example3,269401,example,백색 시멘트 제조
269401__example4,269401,example,섬유질 시멘트 제조
269401__example5,269401,example,알루미나 시멘트 제조
269401__example6,269401,example,시멘트 클링커 제조
269401__example7,269401,example,포틀랜드 시멘트 제조
269402__name0,269402,name,석회 및 플라스터 제조업
269402__hier0,269402,hier,"제조업 > 비금속 광물제품 제조업 > 시멘트, 석회, 플라스터 및 그 제품 제조업 > 시멘트, 석회 및 플라스터 제조업"
269402__desc0,269402,desc,석회
269402__example0,269402,example,생석회 및 소석회 제조
269402__example1,269402,example,돌로마이트 석회 제조
269402__example2,269402,example,플라스터 제조
269402__example3,269402,example,킨스 시멘트 제조
269402__example4,269402,example,하소 석고 제조
269402__xref0,269402,xref,하소석고 및 플라스터 제조
269403__name0,269403,name,석회 및 플라스터 제조업
269403__hier0,269403,hier,"제조업 > 비금속 광물제품 제조업 > 시멘트, 석회, 플라스터 및 그 제품 제조업 > 시멘트, 석회 및 플라스터 제조업"
269403__desc0,269403,desc,플라스터
269403__example0,269403,example,생석회 및 소석회 제조
269403__example1,269403,example,돌로마이트 석회 제조
269403__example2,269403,example,플라스터 제조
269403__example3,269403,example,킨스 시멘트 제조
269403__example4,269403,example,하소 석고 제조
269403__xref0,269403,xref,하소석고 및 플라스터 제조
269501__name0,269501,name,레미콘 제조업
269501__hier0,269501,hier,"제조업 > 비금속 광물제품 제조업 > 시멘트, 석회, 플라스터 및 그 제품 제조업 > 콘크리트, 레미콘 및 기타 시멘트, 플라스터 제품 제조업"
269501__example0,269501,example,비내화 레미콘 제조
269502__name0,269502,name,플라스터 혼합제품 제조업
269502__hier0,269502,hier,"제조업 > 비금속 광물제품 제조업 > 시멘트, 석회, 플라스터 및 그 제품 제조업 > 콘크리트, 레미콘 및 기타 시멘트, 플라스터 제품 제조업"
269502__xref0,269502,xref,플라스터 혼합물 제조
269503__name0,269503,name,콘크리트 관 및 기타 구조용 콘크리트제품 제조업
269503__hier0,269503,hier,"제조업 > 비금속 광물제품 제조업 > 시멘트, 석회, 플라스터 및 그 제품 제조업 > 콘크리트, 레미콘 및 기타 시멘트, 플라스터 제품 제조업"
269503__desc0,269503,desc,"관, 받침대, 빔"
269503__example0,269503,example,콘크리트제 받침대 제조
269503__example1,269503,example,콘크리트 인조목 제조
269503__example2,269503,example,"콘크리트 욕조, 세면대 및 기타 설치용 위생용품 제조"
269503__example3,269503,example,콘크리트 조립식 건축자재 제조
269503__example4,269503,example,"콘크리트 문틀, 문지방, 벽판 등 건축물 구조재 제조"
269503__xref0,269503,xref,"토목용, 건축용 콘크리트제 조립식 구조재 및 부착물 제조"
269503__xref1,269503,xref,"토목용, 건축용 조립식 콘크리트제 구조재 및 부착물 제조"
269504__name0,269504,name,인조대리석 제품 제조업
269504__name1,269504,name,"콘크리트 타일, 기와, 벽돌 및 블록 제조업"
269504__hier0,269504,hier,"제조업 > 비금속 광물제품 제조업 > 시멘트, 석회, 플라스터 및 그 제품 제조업 > 콘크리트, 레미콘 및 기타 시멘트, 플라스터 제품 제조업"
269504__example0,269504,example,"콘크리트 타일, 기와, 벽돌, 블록 제조"
269504__example1,269504,example,인조대리석 주방 상판
269504__example2,269504,example,식탁 테이블
269504__example3,269504,example,세면대 등 유사 제품 제조
269504__xref0,269504,xref,도로 포장용 콘크리트 블록 및 벽돌 제조
269504__xref1,269504,xref,인조대리석 제품 제조
269505__name0,269505,name,비내화 모르타르 제조업
269505__hier0,269505,hier,"제조업 > 비금속 광물제품 제조업 > 시멘트, 석회, 플라스터 및 그 제품 제조업 > 콘크리트, 레미콘 및 기타 시멘트, 플라스터 제품 제조업"
269505__example0,269505,example,비내화 모르타르 제조
269505__example1,269505,example,미장용 모르타르 제조
269505__example2,269505,example,콘크리트용 비광물성 접착제 및 모래혼합물 제조
269505__xref0,269505,xref,비내화성 모르타르 제조
269506__name0,269506,name,그 외 기타 콘크리트 제품 및 유사 제품 제조업
269506__hier0,269506,hier,"제조업 > 비금속 광물제품 제조업 > 시멘트, 석회, 플라스터 및 그 제품 제조업 > 콘크리트, 레미콘 및 기타 시멘트, 플라스터 제품 제조업"
269506__desc0,269506,desc,기타 건축용 섬유시멘트 제품
269507__name0,269507,name,"콘크리트 타일, 기와, 벽돌 및 블록 제조업"
269507__hier0,269507,hier,"제조업 > 비금속 광물제품 제조업 > 시멘트, 석회, 플라스터 및 그 제품 제조업 > 콘크리트, 레미콘 및 기타 시멘트, 플라스터 제품 제조업"
269507__desc0,269507,desc,섬유 시멘트
269507__example0,269507,example,"콘크리트 타일, 기와, 벽돌, 블록 제조"
269507__xref0,269507,xref,도로 포장용 콘크리트 블록 및 벽돌 제조
269508__name0,269508,name,인조대리석 제품 제조업
269508__name1,269508,name,콘크리트 관 및 기타 구조용 콘크리트제품 제조업
269508__hier0,269508,hier,"제조업 > 비금속 광물제품 제조업 > 시멘트, 석회, 플라스터 및 그 제품 제조업 > 콘크리트, 레미콘 및 기타 시멘트, 플라스터 제품 제조업"
269508__example0,269508,example,콘크리트제 받침대 제조
269508__example1,269508,example,콘크리트 인조목 제조
269508__example2,269508,example,"콘크리트 욕조, 세면대 및 기타 설치용 위생용품 제조"
269508__example3,269508,example,콘크리트 조립식 건축자재 제조
269508__example4,269508,example,"콘크리트 문틀, 문지방, 벽판 등 건축물 구조재 제조"
269508__example5,269508,example,인조대리석 주방 상판
269508__example6,269508,example,식탁 테이블
269508__example7,269508,example,세면대 등 유사 제품 제조
269508__xref0,269508,xref,"토목용, 건축용 콘크리트제 조립식 구조재 및 부착물 제조"
269508__xref1,269508,xref,인조대리석 제품 제조
269508__xref2,269508,xref,"토목용, 건축용 조립식 콘크리트제 구조재 및 부착물 제조"
269509__name0,269509,name,그 외 기타 콘크리트 제품 및 유사 제품 제조업
269509__hier0,269509,hier,"제조업 > 비금속 광물제품 제조업 > 시멘트, 석회, 플라스터 및 그 제품 제조업 > 콘크리트, 레미콘 및 기타 시멘트, 플라스터 제품 제조업"
269601__name0,269601,name,건설용 석제품 제조업
269601__hier0,269601,hier,제조업 > 비금속 광물제품 제조업 > 기타 비금속 광물제품 제조업 > 석제품 제조업
269601__example0,269601,example,건설용 석재 가공품 제조
269601__example1,269601,example,건설용 천연 응결 슬레이트제품 제조
269601__example2,269601,example,건설용 석재 착색
269601__example3,269601,example,벽면 부착용 대리석 제조
269601__example4,269601,example,도로 경계석 제조
269601__example5,269601,example,바닥용 대리석 제조
269601__example6,269601,example,묘지석 제조
269601__example7,269601,example,스톤 네트 제조
269603__name0,269603,name,기타 석제품 제조업
269603__hier0,269603,hier,제조업 > 비금속 광물제품 제조업 > 기타 비금속 광물제품 제조업 > 석제품 제조업
269603__example0,269603,example,건설용 이외의 석제품 착색
269603__example1,269603,example,장식용 석재 가공품 제조
269901__name0,269901,name,암면 및 유사 제품 제조업
269901__hier0,269901,hier,제조업 > 비금속 광물제품 제조업 > 기타 비금속 광물제품 제조업 > 그 외 기타 비금속 광물제품 제조업
269901__example0,269901,example,팽창 펄라이트(perlite) 제조
269901__example1,269901,example,내화 피복재 제조
269901__example2,269901,example,세라믹 파이버 제조
269901__example3,269901,example,암면(록울) 제조
269901__example4,269901,example,박리한 질석 제조
269902__name0,269902,name,연마재 제조업
269902__hier0,269902,hier,제조업 > 비금속 광물제품 제조업 > 기타 비금속 광물제품 제조업 > 그 외 기타 비금속 광물제품 제조업
269902__example0,269902,example,연마용 수지석(手砥石) 제조
269902__example1,269902,example,동력기계용 연마석 제조
269902__xref0,269902,xref,연마재 제조
269903__name0,269903,name,아스팔트 콘크리트 및 혼합제품 제조업
269903__hier0,269903,hier,제조업 > 비금속 광물제품 제조업 > 기타 비금속 광물제품 제조업 > 그 외 기타 비금속 광물제품 제조업
269903__example0,269903,example,아스팔트 콘크리트(아스콘) 제조
269903__example1,269903,example,역청 물질 혼합 블록제품 제조
269903__example2,269903,example,아스팔트 매스틱 제조
269904__name0,269904,name,비금속광물 분쇄물 생산업
269904__hier0,269904,hier,제조업 > 비금속 광물제품 제조업 > 기타 비금속 광물제품 제조업 > 그 외 기타 비금속 광물제품 제조업
269904__example0,269904,example,비금속 광물 분쇄물 생산
269904__example1,269904,example,"활석, 석영, 천연 보석 분쇄"
269904__xref0,269904,xref,구입한 석재로 쇄석 및 석분 생산
269905__name0,269905,name,탄소섬유 제조업
269905__hier0,269905,hier,제조업 > 비금속 광물제품 제조업 > 기타 비금속 광물제품 제조업 > 그 외 기타 비금속 광물제품 제조업
269905__example0,269905,example,탄소섬유(CF: cabon fiber) 제조
269905__example1,269905,example,"PAN계(폴리아크릴로나이트릴, polyacrylonitrile) 탄소섬유 제조"
269905__example2,269905,example,레이온계 활성 탄소섬유 제조
269905__xref0,269905,xref,탄소섬유 제조
269906__name0,269906,name,그 외 기타 분류 안된 비금속 광물제품 제조업
269906__hier0,269906,hier,제조업 > 비금속 광물제품 제조업 > 기타 비금속 광물제품 제조업 > 그 외 기타 비금속 광물제품 제조업
269906__desc0,269906,desc,석면
269906__example0,269906,example,건설용 아스팔트 성형제품 제조
269906__example1,269906,example,지붕용 아스팔트 성형제품 제조
269906__example2,269906,example,아스팔트 바닥 타일 제조
269906__example3,269906,example,인조 커런덤(강옥)제조
269906__example4,269906,example,현무암 용해 성형제품 제조
269906__example5,269906,example,인공 경량 골재 제조
269906__example6,269906,example,흙벽돌 및 블록 제조(굽지 않은)
269906__example7,269906,example,콜로이드 흑연 제조
269906__example8,269906,example,흑연 조제품 제조(비전기용)
269906__example9,269906,example,탄소물 조제품 제조(비전기용)
269906__xref0,269906,xref,석면 및 관련제품 제조
269906__xref1,269906,xref,인조커런덤(강옥) 제조
269907__name0,269907,name,연마재 제조업
269907__hier0,269907,hier,제조업 > 비금속 광물제품 제조업 > 기타 비금속 광물제품 제조업 > 그 외 기타 비금속 광물제품 제조업
269907__desc0,269907,desc,연마지
269907__example0,269907,example,연마용 수지석(手砥石) 제조
269907__example1,269907,example,동력기계용 연마석 제조
269907__xref0,269907,xref,연마재 제조
269908__name0,269908,name,그 외 기타 분류 안된 비금속 광물제품 제조업
269908__hier0,269908,hier,제조업 > 비금속 광물제품 제조업 > 기타 비금속 광물제품 제조업 > 그 외 기타 비금속 광물제품 제조업
269908__example0,269908,example,건설용 아스팔트 성형제품 제조
269908__example1,269908,example,지붕용 아스팔트 성형제품 제조
269908__example2,269908,example,아스팔트 바닥 타일 제조
269908__example3,269908,example,인조 커런덤(강옥)제조
269908__example4,269908,example,현무암 용해 성형제품 제조
269908__example5,269908,example,인공 경량 골재 제조
269908__example6,269908,example,흙벽돌 및 블록 제조(굽지 않은)
269908__example7,269908,example,콜로이드 흑연 제조
269908__example8,269908,example,흑연 조제품 제조(비전기용)
269908__example9,269908,example,탄소물 조제품 제조(비전기용)
269908__xref0,269908,xref,석면 및 관련제품 제조
269908__xref1,269908,xref,인조커런덤(강옥) 제조
271101__name0,271101,name,제철업
271101__hier0,271101,hier,"제조업 > 1차 금속 제조업 > 1차 철강 제조업 > 제철, 제강 및 합금철 제조업"
271101__example0,271101,example,"선철, 주철과 경철 제조"
271101__xref0,271101,xref,제철 용광로 슬래그 생산활동
271101__xref1,271101,xref,용제 피복 없는 용접봉
271101__xref2,271101,xref,조립되지 않은 레일 제조
271101__xref3,271101,xref,금속 재생재료를 처리하여 직접 1차 금속을 생산하는 경우
271102__name0,271102,name,제강업
271102__hier0,271102,hier,"제조업 > 1차 금속 제조업 > 1차 철강 제조업 > 제철, 제강 및 합금철 제조업"
271102__example0,271102,example,강 1차 형재 제조
271102__example1,271102,example,강 반제품 제조
271102__xref0,271102,xref,제철 용광로 슬래그 생산활동
271102__xref1,271102,xref,용제 피복 없는 용접봉
271102__xref2,271102,xref,조립되지 않은 레일 제조
271102__xref3,271102,xref,금속 재생재료를 처리하여 직접 1차 금속을 생산하는 경우
271103__name0,271103,name,합금철 제조업
271103__hier0,271103,hier,"제조업 > 1차 금속 제조업 > 1차 철강 제조업 > 제철, 제강 및 합금철 제조업"
271103__example0,271103,example,망가니즈 합금철(망가니즈철) 제조
271103__example1,271103,example,텅스텐 합금철 제조
271103__example2,271103,example,크롬 합금철 제조
271103__example3,271103,example,니켈 합금철 제조
271103__example4,271103,example,실리콘 합금철 제조
271103__example5,271103,example,바나듐 합금철 제조
271103__example6,271103,example,바이메탈용 합금철 제조
271103__xref0,271103,xref,제철 용광로 슬래그 생산활동
271103__xref1,271103,xref,용제 피복 없는 용접봉
271103__xref2,271103,xref,조립되지 않은 레일 제조
271103__xref3,271103,xref,금속 재생재료를 처리하여 직접 1차 금속을 생산하는 경우
271104__name0,271104,name,기타 제철 및 제강업
271104__hier0,271104,hier,"제조업 > 1차 금속 제조업 > 1차 철강 제조업 > 제철, 제강 및 합금철 제조업"
271104__example0,271104,example,해면철 제조
271104__example1,271104,example,철강 분말 제조
271104__example2,271104,example,분말야금용 등 철강 분말 제조
271104__xref0,271104,xref,제철 용광로 슬래그 생산활동
271104__xref1,271104,xref,"순철, 해면철, 철강 분말 제조"
271104__xref2,271104,xref,용제 피복 없는 용접봉
271104__xref3,271104,xref,조립되지 않은 레일 제조
271104__xref4,271104,xref,금속 재생재료를 처리하여 직접 1차 금속을 생산하는 경우
271201__name0,271201,name,그 외 기타 1차 철강 제조업
271201__hier0,271201,hier,제조업 > 1차 금속 제조업 > 1차 철강 제조업 > 기타 1차 철강 제조업
271201__desc0,271201,desc,"단공 강재, 용접 형강"
271201__xref0,271201,xref,구입한 철강선을 절단하여 1차 철강재 제조
271201__xref1,271201,xref,1차 형태의 단공 철강재 생산
271201__xref2,271201,xref,용제 피복 없는 용접봉
271201__xref3,271201,xref,금속 재생재료를 처리하여 직접 1차 금속을 생산하는 경우
271202__name0,271202,name,주철관 제조업
271202__hier0,271202,hier,제조업 > 1차 금속 제조업 > 1차 철강 제조업 > 철강관 제조업
271202__example0,271202,example,주철 중공 프로파일 제조
271202__example1,271202,example,주철관 연결구류 제조
271202__xref0,271202,xref,주철관 제조
271202__xref1,271202,xref,주철제 연결구류 제조
271202__xref2,271202,xref,주철관 및 관 연결구류 제조
271202__xref3,271202,xref,주철관 및 관연결구류 제조
271202__xref4,271202,xref,금속관 연결구류 제조
271202__xref5,271202,xref,용제 피복 없는 용접봉
271202__xref6,271202,xref,금속 재생재료를 처리하여 직접 1차 금속을 생산하는 경우
271204__name0,271204,name,열간 압연 및 압출제품 제조업
271204__hier0,271204,hier,"제조업 > 1차 금속 제조업 > 1차 철강 제조업 > 철강 압연, 압출 및 연신제품 제조업"
271204__example0,271204,example,철강 열간 압연 제품 제조
271204__example1,271204,example,열간 스테인레스강 평판 제조
271204__example2,271204,example,열간 합금강 평판 제조
271204__example3,271204,example,열간 철강 봉 제조
271204__example4,271204,example,열간 철강 형강 제조
271204__example5,271204,example,"열간 압연, 압출 및 인발 철강 제조"
271204__xref0,271204,xref,용제 피복 없는 용접봉
271204__xref1,271204,xref,금속 재생재료를 처리하여 직접 1차 금속을 생산하는 경우
271205__name0,271205,name,냉간 압연 및 압출 제품 제조업
271205__hier0,271205,hier,"제조업 > 1차 금속 제조업 > 1차 철강 제조업 > 철강 압연, 압출 및 연신제품 제조업"
271205__example0,271205,example,"냉간 압연, 압출 및 인발제품 제조"
271205__example1,271205,example,"냉간 철강 판, 시트, 봉 및 형재 제조"
271205__xref0,271205,xref,용제 피복 없는 용접봉
271205__xref1,271205,xref,금속 재생재료를 처리하여 직접 1차 금속을 생산하는 경우
271206__name0,271206,name,철강선 제조업
271206__hier0,271206,hier,"제조업 > 1차 금속 제조업 > 1차 철강 제조업 > 철강 압연, 압출 및 연신제품 제조업"
271206__example0,271206,example,철 및 비합금강 선 제조
271206__example1,271206,example,스테인레스강 선 제조
271206__example2,271206,example,합금강 선 제조
271206__example3,271206,example,철강선 제조
271206__xref0,271206,xref,용제 피복 없는 용접봉
271206__xref1,271206,xref,금속 재생재료를 처리하여 직접 1차 금속을 생산하는 경우
271207__name0,271207,name,강관 제조업
271207__hier0,271207,hier,제조업 > 1차 금속 제조업 > 1차 철강 제조업 > 철강관 제조업
271207__example0,271207,example,단접 철강관 제조
271207__example1,271207,example,압출 철강관 제조
271207__example2,271207,example,강관 제조
271207__example3,271207,example,철강 튜브 제조
271207__xref0,271207,xref,금속관 연결구류 제조
271207__xref1,271207,xref,용제 피복 없는 용접봉
271207__xref2,271207,xref,금속 재생재료를 처리하여 직접 1차 금속을 생산하는 경우
271208__name0,271208,name,강관 가공품 및 관 연결구류 제조업
271208__hier0,271208,hier,제조업 > 1차 금속 제조업 > 1차 철강 제조업 > 철강관 제조업
271208__example0,271208,example,철강관 연결구류 제조
271208__example1,271208,example,중고 철강관 재생 인발제품 제조
271208__xref0,271208,xref,금속관 연결구류 제조
271208__xref1,271208,xref,용제 피복 없는 용접봉
271208__xref2,271208,xref,금속 재생재료를 처리하여 직접 1차 금속을 생산하는 경우
271901__name0,271901,name,"도금, 착색 및 기타 표면 처리 강재 제조업"
271901__hier0,271901,hier,제조업 > 1차 금속 제조업 > 1차 철강 제조업 > 기타 1차 철강 제조업
271901__example0,271901,example,열처리 강재 생산
271901__example1,271901,example,주름처리 강재 생산
271901__example2,271901,example,"도금, 도장 및 피복 철강재 제조"
271901__xref0,271901,xref,용제 피복 없는 용접봉
271901__xref1,271901,xref,금속 재생재료를 처리하여 직접 1차 금속을 생산하는 경우
271902__name0,271902,name,그 외 기타 1차 철강 제조업
271902__hier0,271902,hier,제조업 > 1차 금속 제조업 > 1차 철강 제조업 > 기타 1차 철강 제조업
271902__desc0,271902,desc,절단 철강재
271902__xref0,271902,xref,구입한 철강선을 절단하여 1차 철강재 제조
271902__xref1,271902,xref,1차 형태의 단공 철강재 생산
271902__xref2,271902,xref,용제 피복 없는 용접봉
271902__xref3,271902,xref,금속 재생재료를 처리하여 직접 1차 금속을 생산하는 경우
272100__name0,272100,name,"기타 비철금속 제련, 정련 및 합금 제조업"
272100__hier0,272100,hier,"제조업 > 1차 금속 제조업 > 1차 비철금속 제조업 > 비철금속 제련, 정련 및 합금 제조업"
272100__desc0,272100,desc,"기타 비철금속 제1차 제련, 정련"
272100__example0,272100,example,"금, 은 등의 귀금속 및 주석의 1"
272100__example1,272100,example,"2차 제련 및 정련, 합금 제조"
272100__example2,272100,example,"니켈, 안티모니, 수은, 망가니즈 1"
272100__example3,272100,example,"몰리브덴, 마그네사이트 1"
272100__example4,272100,example,우라늄 제련 및 정련
272100__xref0,272100,xref,용제 피복 없는 용접봉
272100__xref1,272100,xref,비절연 비철금속선 제조
272100__xref2,272100,xref,금속 재생재료를 처리하여 직접 1차 금속을 생산하는 경우
272101__name0,272101,name,"동 제련, 정련 및 합금 제조업"
272101__hier0,272101,hier,"제조업 > 1차 금속 제조업 > 1차 비철금속 제조업 > 비철금속 제련, 정련 및 합금 제조업"
272101__desc0,272101,desc,"동 1차 제련, 정련"
272101__example0,272101,example,동 1차 및 2차 제련
272101__example1,272101,example,동 1차 및 2차 정련
272101__example2,272101,example,동합금 제조
272101__xref0,272101,xref,용제 피복 없는 용접봉
272101__xref1,272101,xref,비절연 비철금속선 제조
272101__xref2,272101,xref,금속 재생재료를 처리하여 직접 1차 금속을 생산하는 경우
272102__name0,272102,name,"알루미늄 제련, 정련 및 합금 제조업"
272102__hier0,272102,hier,"제조업 > 1차 금속 제조업 > 1차 비철금속 제조업 > 비철금속 제련, 정련 및 합금 제조업"
272102__desc0,272102,desc,"알루미늄 1차 제련, 정련"
272102__example0,272102,example,알루미늄 1차 및 2차 제련
272102__example1,272102,example,알루미늄 1차 및 2차 정련
272102__example2,272102,example,알루미늄 재생
272102__example3,272102,example,알루미늄 합금 제조
272102__example4,272102,example,알루미늄 원광을 제련한 알루미나 (산화알루미늄) 제조
272102__xref0,272102,xref,용제 피복 없는 용접봉
272102__xref1,272102,xref,비절연 비철금속선 제조
272102__xref2,272102,xref,금속 재생재료를 처리하여 직접 1차 금속을 생산하는 경우
272103__name0,272103,name,"연 및 아연 제련, 정련 및 합금 제조업"
272103__hier0,272103,hier,"제조업 > 1차 금속 제조업 > 1차 비철금속 제조업 > 비철금속 제련, 정련 및 합금 제조업"
272103__desc0,272103,desc,"연 및 아연 제1차 제련, 정련"
272103__example0,272103,example,납(연) 제 1차 제련 및 정련
272103__example1,272103,example,납(연) 제 2차 제련 및 정련
272103__example2,272103,example,아연 제 1차 제련 및 정련
272103__example3,272103,example,아연 제 2차 제련 및 정련
272103__xref0,272103,xref,용제 피복 없는 용접봉
272103__xref1,272103,xref,비절연 비철금속선 제조
272103__xref2,272103,xref,금속 재생재료를 처리하여 직접 1차 금속을 생산하는 경우
272200__name0,272200,name,"기타 비철금속 제련, 정련 및 합금 제조업"
272200__hier0,272200,hier,"제조업 > 1차 금속 제조업 > 1차 비철금속 제조업 > 비철금속 제련, 정련 및 합금 제조업"
272200__desc0,272200,desc,"기타 비철금속 제2차 제련, 정련 및 합금"
272200__example0,272200,example,"금, 은 등의 귀금속 및 주석의 1"
272200__example1,272200,example,"2차 제련 및 정련, 합금 제조"
272200__example2,272200,example,"니켈, 안티모니, 수은, 망가니즈 1"
272200__example3,272200,example,"몰리브덴, 마그네사이트 1"
272200__example4,272200,example,우라늄 제련 및 정련
272200__xref0,272200,xref,용제 피복 없는 용접봉
272200__xref1,272200,xref,비절연 비철금속선 제조
272200__xref2,272200,xref,금속 재생재료를 처리하여 직접 1차 금속을 생산하는 경우
272201__name0,272201,name,"동 제련, 정련 및 합금 제조업"
272201__hier0,272201,hier,"제조업 > 1차 금속 제조업 > 1차 비철금속 제조업 > 비철금속 제련, 정련 및 합금 제조업"
272201__desc0,272201,desc,"동 2차 제련, 정련 및 합금"
272201__example0,272201,example,동 1차 및 2차 제련
272201__example1,272201,example,동 1차 및 2차 정련
272201__example2,272201,example,동합금 제조
272201__xref0,272201,xref,용제 피복 없는 용접봉
272201__xref1,272201,xref,비절연 비철금속선 제조
272201__xref2,272201,xref,금속 재생재료를 처리하여 직접 1차 금속을 생산하는 경우
272202__name0,272202,name,"알루미늄 제련, 정련 및 합금 제조업"
272202__hier0,272202,hier,"제조업 > 1차 금속 제조업 > 1차 비철금속 제조업 > 비철금속 제련, 정련 및 합금 제조업"
272202__desc0,272202,desc,"알루미늄 2차 제련, 정련 및 합금"
272202__example0,272202,example,알루미늄 1차 및 2차 제련
272202__example1,272202,example,알루미늄 1차 및 2차 정련
272202__example2,272202,example,알루미늄 재생
272202__example3,272202,example,알루미늄 합금 제조
272202__example4,272202,example,알루미늄 원광을 제련한 알루미나 (산화알루미늄) 제조
272202__xref0,272202,xref,용제 피복 없는 용접봉
272202__xref1,272202,xref,비절연 비철금속선 제조
272202__xref2,272202,xref,금속 재생재료를 처리하여 직접 1차 금속을 생산하는 경우
272203__name0,272203,name,"연 및 아연 제련, 정련 및 합금 제조업"
272203__hier0,272203,hier,"제조업 > 1차 금속 제조업 > 1차 비철금속 제조업 > 비철금속 제련, 정련 및 합금 제조업"
272203__desc0,272203,desc,"연 및 아연 제2차 제련, 정련 및 합금"
272203__example0,272203,example,납(연) 제 1차 제련 및 정련
272203__example1,272203,example,납(연) 제 2차 제련 및 정련
272203__example2,272203,example,아연 제 1차 제련 및 정련
272203__example3,272203,example,아연 제 2차 제련 및 정련
272203__xref0,272203,xref,용제 피복 없는 용접봉
272203__xref1,272203,xref,비절연 비철금속선 제조
272203__xref2,272203,xref,금속 재생재료를 처리하여 직접 1차 금속을 생산하는 경우
272300__name0,272300,name,"알루미늄 압연, 압출 및 연신제품 제조업"
272300__hier0,272300,hier,"제조업 > 1차 금속 제조업 > 1차 비철금속 제조업 > 비철금속 압연, 압출 및 연신제품 제조업"
272300__example0,272300,example,알루미늄 및 알루미늄 합금 반제품 제조
272300__xref0,272300,xref,용제 피복 없는 용접봉
272300__xref1,272300,xref,비절연 비철금속선 제조
272300__xref2,272300,xref,금속 재생재료를 처리하여 직접 1차 금속을 생산하는 경우
272301__name0,272301,name,"동 압연, 압출 및 연신제품 제조업"
272301__hier0,272301,hier,"제조업 > 1차 금속 제조업 > 1차 비철금속 제조업 > 비철금속 압연, 압출 및 연신제품 제조업"
272301__example0,272301,example,동 합금 압연제품 및 반제품 제조
272301__xref0,272301,xref,용제 피복 없는 용접봉
272301__xref1,272301,xref,비절연 비철금속선 제조
272301__xref2,272301,xref,금속 재생재료를 처리하여 직접 1차 금속을 생산하는 경우
272302__name0,272302,name,"기타 비철금속 압연, 압출 및 연신제품 제조업"
272302__hier0,272302,hier,"제조업 > 1차 금속 제조업 > 1차 비철금속 제조업 > 비철금속 압연, 압출 및 연신제품 제조업"
272302__example0,272302,example,"판, 시트, 대 및 박 제조"
272302__example1,272302,example,관 및 관 연결구류 제조
272302__example2,272302,example,"봉, 프로파일, 선 제조"
272302__example3,272302,example,주석 관 및 관 연결구류 제조
272302__example4,272302,example,"주석 판, 시트, 대 및 박 제조"
272302__xref0,272302,xref,용제 피복 없는 용접봉
272302__xref1,272302,xref,비절연 비철금속선 제조
272302__xref2,272302,xref,금속 재생재료를 처리하여 직접 1차 금속을 생산하는 경우
272900__name0,272900,name,기타 1차 비철금속 제조업
272900__hier0,272900,hier,제조업 > 1차 금속 제조업 > 1차 비철금속 제조업 > 기타 1차 비철금속 제조업
272900__xref0,272900,xref,용제 피복 없는 용접봉
272900__xref1,272900,xref,비절연 비철금속선 제조
272900__xref2,272900,xref,금속 재생재료를 처리하여 직접 1차 금속을 생산하는 경우
273101__name0,273101,name,선철 주물 주조업
273101__hier0,273101,hier,제조업 > 1차 금속 제조업 > 금속 주조업 > 철강 주조업
273101__example0,273101,example,가단철 주물 주조
273101__example1,273101,example,합금철 주물 주조
273101__example2,273101,example,정밀 선철 주물 주조
273101__example3,273101,example,정밀 합금철 주물 주조
273101__xref0,273101,xref,가단 주철 주물 제조
273101__xref1,273101,xref,용제 피복 없는 용접봉
273101__xref2,273101,xref,금속 재생재료를 처리하여 직접 1차 금속을 생산하는 경우
273102__name0,273102,name,강 주물 주조업
273102__hier0,273102,hier,제조업 > 1차 금속 제조업 > 금속 주조업 > 철강 주조업
273102__example0,273102,example,강 주물 주조
273102__example1,273102,example,합금강 주물 주조
273102__example2,273102,example,정밀 강 주물 주조
273102__example3,273102,example,정밀 합금강 주물 주조
273102__xref0,273102,xref,용제 피복 없는 용접봉
273102__xref1,273102,xref,금속 재생재료를 처리하여 직접 1차 금속을 생산하는 경우
273200__name0,273200,name,알루미늄 주물 주조업
273200__hier0,273200,hier,제조업 > 1차 금속 제조업 > 금속 주조업 > 비철금속 주조업
273200__example0,273200,example,알루미늄 주물 주조
273200__example1,273200,example,알루미늄 합금 주물 주조
273200__xref0,273200,xref,용제 피복 없는 용접봉
273200__xref1,273200,xref,금속 재생재료를 처리하여 직접 1차 금속을 생산하는 경우
273201__name0,273201,name,기타 비철금속 주조업
273201__hier0,273201,hier,제조업 > 1차 금속 제조업 > 금속 주조업 > 비철금속 주조업
273201__desc0,273201,desc,동주물
273201__example0,273201,example,동 주물 주조
273201__example1,273201,example,동합금 주물 주조
273201__example2,273201,example,기타 비철금속 주조
273201__example3,273201,example,기타 비철금속 합금 주물 주조
273201__xref0,273201,xref,용제 피복 없는 용접봉
273201__xref1,273201,xref,금속 재생재료를 처리하여 직접 1차 금속을 생산하는 경우
273202__name0,273202,name,기타 비철금속 주조업
273202__hier0,273202,hier,제조업 > 1차 금속 제조업 > 금속 주조업 > 비철금속 주조업
273202__example0,273202,example,동 주물 주조
273202__example1,273202,example,동합금 주물 주조
273202__example2,273202,example,기타 비철금속 주조
273202__example3,273202,example,기타 비철금속 합금 주물 주조
273202__xref0,273202,xref,용제 피복 없는 용접봉
273202__xref1,273202,xref,금속 재생재료를 처리하여 직접 1차 금속을 생산하는 경우
281100__name0,281100,name,"금속 문, 창, 셔터 및 관련제품 제조업"
281100__hier0,281100,hier,"제조업 > 금속 가공제품 제조업; 기계 및 가구 제외 > 구조용 금속제품, 탱크 및 증기발생기 제조업 > 구조용 금속제품 제조업"
281100__example0,281100,example,금속제 창문 제조
281100__example1,281100,example,철문 제조
281100__example2,281100,example,"금속 롤링도어(rolling door, 두루마리 문) 제조"
281100__example3,281100,example,금속 스크린도어(screen door) 제조
281100__example4,281100,example,금속 셔터문(shutter door) 제조
281100__example5,281100,example,새시문(sash door) 제조
281100__example6,281100,example,회전문(revolving door) 제조
281100__example7,281100,example,금속제 수문(철골제 제외) 제조
281100__xref0,281100,xref,금속 구조재 제조업체가 설치하는 경우
281101__name0,281101,name,그 외 기타 분류 안된 금속 가공제품 제조업
281101__hier0,281101,hier,제조업 > 금속 가공제품 제조업; 기계 및 가구 제외 > 기타 금속 가공제품 제조업 > 그 외 기타 금속 가공제품 제조업
281101__example0,281101,example,적재용 금속판 제조
281101__example1,281101,example,"상패, 명패, 감사패 제조"
281101__example2,281101,example,버클 제조
281101__example3,281101,example,철모 제조
281101__example4,281101,example,사진틀 제조
281101__example5,281101,example,화물용 금속 플랫폼(platform) 제조
281101__example6,281101,example,이동식 사다리 제조
281101__example7,281101,example,금속제 침 및 바늘 제조
281101__example8,281101,example,금속제 트로피 제조
281101__example9,281101,example,"금속제 유금, 꺾쇠, 유금이 붙은 프레임 제조"
281101__example10,281101,example,"버클용 유금, 아이(eye), 아이렛(eyelet), 구슬과 스팽글 제조"
281101__example11,281101,example,선박 추진기 및 관련 블레이드 제조
281101__example12,281101,example,조립된 철도 궤도 및 철도 연결 부착물 제조
281101__example13,281101,example,금속제 자석 제조
281101__example14,281101,example,금고실 라이닝(내장재) 제조
281101__example15,281101,example,금고실 문 제조
281101__example16,281101,example,현금함 제조
281101__example17,281101,example,스트롱 박스 제조
281101__example18,281101,example,안전장치를 갖춘 금속제 수집 상자
281101__xref0,281101,xref,이동식 금속 사다리 제조
281101__xref1,281101,xref,이동식 금속제 사다리 제조
281101__xref2,281101,xref,"관(管) 리벳, 이고(二股) 리벳 제조"
281101__xref3,281101,xref,"스트립상의 스테이플, 클립 등 사무용 철선제품 제조"
281101__xref4,281101,xref,수침 바늘 제조
281101__xref5,281101,xref,가구 이외의 사무용 금속제품 제조
281101__xref6,281101,xref,"장식용 메달, 상패 등의 비귀금속 제품 제조"
281101__xref7,281101,xref,"금속제 간판, 명패, 표시판 및 관련 금속제품 제조"
281101__xref8,281101,xref,금속제 조화 및 금속 장식품 제조
281102__name0,281102,name,"탭, 밸브 및 유사 장치 제조업"
281102__hier0,281102,hier,"제조업 > 기타 기계 및 장비 제조업 > 일반 목적용 기계 제조업 > 펌프 및 압축기 제조업; 탭, 밸브 및 유사 장치 제조 포함"
281102__example0,281102,example,감압 밸브 및 온도 제어식 밸브 제조
281103__name0,281103,name,구조용 금속 판제품 및 공작물 제조업
281103__hier0,281103,hier,"제조업 > 금속 가공제품 제조업; 기계 및 가구 제외 > 구조용 금속제품, 탱크 및 증기발생기 제조업 > 구조용 금속제품 제조업"
281103__example0,281103,example,금속 지붕 및 벽면 제조
281103__example1,281103,example,처마용 금속 판제품 제조
281103__example2,281103,example,금속 발코니 제조
281103__example3,281103,example,건물용 금속 계단 및 사다리 제조
281103__example4,281103,example,설치용 금속 울타리 제조
281103__example5,281103,example,금속 베란다 제조
281103__xref0,281103,xref,구조용 금속 판제품 및 금속 공작물 제조
281103__xref1,281103,xref,건물 부착 설치용 계단 및 사다리 제조
281103__xref2,281103,xref,"건물, 구축물용 판금제품"
281103__xref3,281103,xref,금속 구조재 제조업체가 설치하는 경우
281104__name0,281104,name,육상 금속 골조 구조재 제조업
281104__hier0,281104,hier,"제조업 > 금속 가공제품 제조업; 기계 및 가구 제외 > 구조용 금속제품, 탱크 및 증기발생기 제조업 > 구조용 금속제품 제조업"
281104__example0,281104,example,교량 조립 구조재 제조
281104__example1,281104,example,탑 조립 구조재 제조
281104__example2,281104,example,철골 조립 육상 구조재 제조
281104__example3,281104,example,비계용 지주 및 유사기구 제조
281104__example4,281104,example,조립식 철골제 수문 제조
281104__xref0,281104,xref,금속 구조재 제조업체가 설치하는 경우
281105__name0,281105,name,수상 금속 골조 구조재 제조업
281105__hier0,281105,hier,"제조업 > 금속 가공제품 제조업; 기계 및 가구 제외 > 구조용 금속제품, 탱크 및 증기발생기 제조업 > 구조용 금속제품 제조업"
281105__example0,281105,example,선박용 철골 조립 구조재 제조
281105__xref0,281105,xref,금속 구조재 제조업체가 설치하는 경우
281106__name0,281106,name,기타 구조용 금속제품 제조업
281106__hier0,281106,hier,"제조업 > 금속 가공제품 제조업; 기계 및 가구 제외 > 구조용 금속제품, 탱크 및 증기발생기 제조업 > 구조용 금속제품 제조업"
281106__example0,281106,example,건물용 컨테이너 제조
281106__example1,281106,example,금속제 조립식 건물 및 그 구성품 제조
281106__xref0,281106,xref,금속 구조재 제조업체가 설치하는 경우
281201__name0,281201,name,산업용 난방보일러 및 방열기 제조업
281201__hier0,281201,hier,"제조업 > 금속 가공제품 제조업; 기계 및 가구 제외 > 구조용 금속제품, 탱크 및 증기발생기 제조업 > 산업용 난방 보일러, 금속탱크 및 유사 용기 제조업"
281201__example0,281201,example,중앙난방용 보일러 제조
281201__example1,281201,example,기타 산업시설 난방용 보일러 제조
281201__example2,281201,example,방열기 제조(중앙난방 보일러용)
281201__example3,281201,example,중앙난방용 저압 증기보일러 제조
281201__xref0,281201,xref,"중앙난방용 온수보일러, 저압 증기보일러 및 관련 방열기 제조"
281201__xref1,281201,xref,"가열장치 또는 기계장치가 부착되지 않은 통, 탱크 제조"
281202__name0,281202,name,산업용 난방보일러 및 방열기 제조업
281202__hier0,281202,hier,"제조업 > 금속 가공제품 제조업; 기계 및 가구 제외 > 구조용 금속제품, 탱크 및 증기발생기 제조업 > 산업용 난방 보일러, 금속탱크 및 유사 용기 제조업"
281202__desc0,281202,desc,방열기
281202__example0,281202,example,중앙난방용 보일러 제조
281202__example1,281202,example,기타 산업시설 난방용 보일러 제조
281202__example2,281202,example,방열기 제조(중앙난방 보일러용)
281202__example3,281202,example,중앙난방용 저압 증기보일러 제조
281202__xref0,281202,xref,"중앙난방용 온수보일러, 저압 증기보일러 및 관련 방열기 제조"
281202__xref1,281202,xref,"가열장치 또는 기계장치가 부착되지 않은 통, 탱크 제조"
281204__name0,281204,name,금속 탱크 및 저장 용기 제조업
281204__hier0,281204,hier,"제조업 > 금속 가공제품 제조업; 기계 및 가구 제외 > 구조용 금속제품, 탱크 및 증기발생기 제조업 > 산업용 난방 보일러, 금속탱크 및 유사 용기 제조업"
281204__example0,281204,example,금속 저장 조 제조
281204__example1,281204,example,금속 탱크 제조
281204__xref0,281204,xref,설치용 또는 저장용 금속용기 제조
281204__xref1,281204,xref,"가열장치 또는 기계장치가 부착되지 않은 통, 탱크 제조"
281205__name0,281205,name,압축 및 액화 가스 용기 제조업
281205__hier0,281205,hier,"제조업 > 금속 가공제품 제조업; 기계 및 가구 제외 > 구조용 금속제품, 탱크 및 증기발생기 제조업 > 산업용 난방 보일러, 금속탱크 및 유사 용기 제조업"
281205__example0,281205,example,금속 가스 용기 제조
281205__example1,281205,example,금속 압축 용기 제조
281205__xref0,281205,xref,"가열장치 또는 기계장치가 부착되지 않은 통, 탱크 제조"
281300__name0,281300,name,핵반응기 및 증기보일러 제조업
281300__hier0,281300,hier,"제조업 > 금속 가공제품 제조업; 기계 및 가구 제외 > 구조용 금속제품, 탱크 및 증기발생기 제조업 > 핵반응기 및 증기보일러 제조업"
281300__example0,281300,example,핵반응기(원자로) 제조
281300__example1,281300,example,핵반응기(원자로) 부분품 제조
281300__example2,281300,example,증기 원동기용 응축기 제조
281300__example3,281300,example,증기 원동기용 응축기 보조 장치 제조
281300__example4,281300,example,증기 발생 보일러 보조 장치 및 부분품 제조
289101__name0,289101,name,분말 야금제품 제조업
289101__hier0,289101,hier,"제조업 > 금속 가공제품 제조업; 기계 및 가구 제외 > 기타 금속 가공제품 제조업 > 금속 단조, 압형 및 분말 야금제품 제조업"
289101__xref0,289101,xref,가압방법에 의한 금속 압형제품 제조
289101__xref1,289101,xref,금속 단조 및 압형 제품 제조
289101__xref2,289101,xref,압형 또는 단조 금속제품 제조
289101__xref3,289101,xref,"장식용 메달, 상패 등의 비귀금속 제품 제조"
289102__name0,289102,name,금속 단조제품 제조업
289102__hier0,289102,hier,"제조업 > 금속 가공제품 제조업; 기계 및 가구 제외 > 기타 금속 가공제품 제조업 > 금속 단조, 압형 및 분말 야금제품 제조업"
289102__xref0,289102,xref,단조 금속제품 제조
289102__xref1,289102,xref,가압방법에 의한 금속 압형제품 제조
289102__xref2,289102,xref,금속 단조 및 압형 제품 제조
289102__xref3,289102,xref,압형 또는 단조 금속제품 제조
289102__xref4,289102,xref,"장식용 메달, 상패 등의 비귀금속 제품 제조"
289103__name0,289103,name,자동차용 금속 압형제품 제조업
289103__hier0,289103,hier,"제조업 > 금속 가공제품 제조업; 기계 및 가구 제외 > 기타 금속 가공제품 제조업 > 금속 단조, 압형 및 분말 야금제품 제조업"
289103__xref0,289103,xref,자동차용 금속 압형제품 제조
289103__xref1,289103,xref,가압방법에 의한 금속 압형제품 제조
289103__xref2,289103,xref,금속 단조 및 압형 제품 제조
289103__xref3,289103,xref,압형 또는 단조 금속제품 제조
289103__xref4,289103,xref,"장식용 메달, 상패 등의 비귀금속 제품 제조"
289104__name0,289104,name,그 외 금속 압형제품 제조업
289104__hier0,289104,hier,"제조업 > 금속 가공제품 제조업; 기계 및 가구 제외 > 기타 금속 가공제품 제조업 > 금속 단조, 압형 및 분말 야금제품 제조업"
289104__xref0,289104,xref,자동차용 이외 금속 압형제품 제조
289104__xref1,289104,xref,가압방법에 의한 금속 압형제품 제조
289104__xref2,289104,xref,금속 단조 및 압형 제품 제조
289104__xref3,289104,xref,압형 또는 단조 금속제품 제조
289104__xref4,289104,xref,"장식용 메달, 상패 등의 비귀금속 제품 제조"
289201__name0,289201,name,그 외 기타 금속 가공업
289201__hier0,289201,hier,"제조업 > 금속 가공제품 제조업; 기계 및 가구 제외 > 기타 금속 가공제품 제조업 > 금속 열처리, 도금 및 기타 금속 가공업"
289201__desc0,289201,desc,금속용접처리
289201__xref0,289201,xref,수수료 또는 계약에 의한 금속 가공제품 표면처리 활동
289201__xref1,289201,xref,구조물용 이외 판금제품 제조
289201__xref2,289201,xref,연마방법에 의한 금속 표면 처리
289201__xref3,289201,xref,"장식용 메달, 상패 등의 비귀금속 제품 제조"
289202__name0,289202,name,도장 및 기타 피막 처리업
289202__hier0,289202,hier,"제조업 > 금속 가공제품 제조업; 기계 및 가구 제외 > 기타 금속 가공제품 제조업 > 금속 열처리, 도금 및 기타 금속 가공업"
289202__xref0,289202,xref,수수료 또는 계약에 의한 금속 가공제품 표면처리 활동
289202__xref1,289202,xref,"장식용 메달, 상패 등의 비귀금속 제품 제조"
289205__name0,289205,name,절삭 가공 및 유사 처리업
289205__hier0,289205,hier,"제조업 > 금속 가공제품 제조업; 기계 및 가구 제외 > 기타 금속 가공제품 제조업 > 금속 열처리, 도금 및 기타 금속 가공업"
289205__xref0,289205,xref,인쇄 목적 이외의 금속 식각 활동
289205__xref1,289205,xref,수수료 또는 계약에 의한 금속 가공제품 표면처리 활동
289205__xref2,289205,xref,"선반, 레이저 기기 등을 이용한 절삭, 재단"
289205__xref3,289205,xref,"장식용 메달, 상패 등의 비귀금속 제품 제조"
289206__name0,289206,name,금속 열처리업
289206__hier0,289206,hier,"제조업 > 금속 가공제품 제조업; 기계 및 가구 제외 > 기타 금속 가공제품 제조업 > 금속 열처리, 도금 및 기타 금속 가공업"
289206__xref0,289206,xref,수수료 또는 계약에 의한 금속 가공제품 표면처리 활동
289206__xref1,289206,xref,"장식용 메달, 상패 등의 비귀금속 제품 제조"
289207__name0,289207,name,도금업
289207__hier0,289207,hier,"제조업 > 금속 가공제품 제조업; 기계 및 가구 제외 > 기타 금속 가공제품 제조업 > 금속 열처리, 도금 및 기타 금속 가공업"
289207__xref0,289207,xref,수수료 또는 계약에 의한 금속 가공제품 표면처리 활동
289207__xref1,289207,xref,"장식용 메달, 상패 등의 비귀금속 제품 제조"
289208__name0,289208,name,그 외 기타 금속 가공업
289208__hier0,289208,hier,"제조업 > 금속 가공제품 제조업; 기계 및 가구 제외 > 기타 금속 가공제품 제조업 > 금속 열처리, 도금 및 기타 금속 가공업"
289208__xref0,289208,xref,수수료 또는 계약에 의한 금속 가공제품 표면처리 활동
289208__xref1,289208,xref,구조물용 이외 판금제품 제조
289208__xref2,289208,xref,연마방법에 의한 금속 표면 처리
289208__xref3,289208,xref,"장식용 메달, 상패 등의 비귀금속 제품 제조"
289301__name0,289301,name,비동력식 수공구 제조업
289301__hier0,289301,hier,"제조업 > 금속 가공제품 제조업; 기계 및 가구 제외 > 기타 금속 가공제품 제조업 > 날붙이, 수공구 및 일반 철물 제조업"
289301__desc0,289301,desc,농업용 및 정원용
289301__example0,289301,example,"전지가위, 낫, 작두, 울타리 절단기, 제재용 쐐기, 농업용"
289301__example1,289301,example,원예용
289301__example2,289301,example,임업용 수공구 제조
289301__example3,289301,example,줄 및 유사 공구 제조
289301__example4,289301,example,유리 및 다이아몬드 가공용 수공구 제조
289301__xref0,289301,xref,비동력 수공구 제조
289301__xref1,289301,xref,"농업, 원예, 임업용 수공구 제조"
289301__xref2,289301,xref,"장식용 메달, 상패 등의 비귀금속 제품 제조"
289302__name0,289302,name,일반 철물 제조업
289302__hier0,289302,hier,"제조업 > 금속 가공제품 제조업; 기계 및 가구 제외 > 기타 금속 가공제품 제조업 > 날붙이, 수공구 및 일반 철물 제조업"
289302__example0,289302,example,자물쇠 제조
289302__example1,289302,example,다이얼식 자물쇠 제조
289302__example2,289302,example,경첩 제조
289302__example3,289302,example,열쇠 제조
289302__example4,289302,example,카스터 제조
289302__example5,289302,example,금속제 옷걸이 제조(입식 제외)
289302__example6,289302,example,"금속제 까치발(브래킷, bracket) 제조"
289302__example7,289302,example,금속제 선반 받침대 제조
289302__example8,289302,example,자물쇠 및 열쇠에 결합되는 유금 제조
289302__xref0,289302,xref,자물쇠가 결합된 금속제 유금 제조
289302__xref1,289302,xref,차량용 일반 철물 제조
289302__xref2,289302,xref,가구용 철물 제조
289302__xref3,289302,xref,"장식용 메달, 상패 등의 비귀금속 제품 제조"
289303__name0,289303,name,톱 및 호환성 공구 제조업
289303__hier0,289303,hier,"제조업 > 금속 가공제품 제조업; 기계 및 가구 제외 > 기타 금속 가공제품 제조업 > 날붙이, 수공구 및 일반 철물 제조업"
289303__example0,289303,example,톱 및 톱날 제조(수동식)
289303__example1,289303,example,호환성 공구 제조
289303__xref0,289303,xref,기계용 칼 및 칼날 제조
289303__xref1,289303,xref,탭렌치 등 기계용 및 호환성 공구 제조
289303__xref2,289303,xref,호환성공구 제조
289303__xref3,289303,xref,"장식용 메달, 상패 등의 비귀금속 제품 제조"
289304__name0,289304,name,날붙이 제조업
289304__hier0,289304,hier,"제조업 > 금속 가공제품 제조업; 기계 및 가구 제외 > 기타 금속 가공제품 제조업 > 날붙이, 수공구 및 일반 철물 제조업"
289304__example0,289304,example,"금속제 식탁용품(숟가락, 젓가락, 칼, 포크, 스푼 등) 제조"
289304__example1,289304,example,금속제 설탕 집게 제조
289304__example2,289304,example,가위 제조
289304__example3,289304,example,칼 및 칼날 제조
289304__example4,289304,example,면도날 제조
289304__example5,289304,example,비전기식 면도기 제조
289304__example6,289304,example,비전기식 조발기 제조
289304__example7,289304,example,손톱깎이 제조
289304__example8,289304,example,무기용 대검 및 칼집 제조
289304__example9,289304,example,금속제 날붙이 손잡이 제조
289304__xref0,289304,xref,단검 제조
289304__xref1,289304,xref,"장식용 메달, 상패 등의 비귀금속 제품 제조"
289304__xref2,289304,xref,연필깎기 칼 제조
289305__name0,289305,name,일반 철물 제조업
289305__hier0,289305,hier,"제조업 > 금속 가공제품 제조업; 기계 및 가구 제외 > 기타 금속 가공제품 제조업 > 날붙이, 수공구 및 일반 철물 제조업"
289305__desc0,289305,desc,자물쇠 및 열쇠
289305__example0,289305,example,자물쇠 제조
289305__example1,289305,example,다이얼식 자물쇠 제조
289305__example2,289305,example,경첩 제조
289305__example3,289305,example,열쇠 제조
289305__example4,289305,example,카스터 제조
289305__example5,289305,example,금속제 옷걸이 제조(입식 제외)
289305__example6,289305,example,"금속제 까치발(브래킷, bracket) 제조"
289305__example7,289305,example,금속제 선반 받침대 제조
289305__example8,289305,example,자물쇠 및 열쇠에 결합되는 유금 제조
289305__xref0,289305,xref,자물쇠가 결합된 금속제 유금 제조
289305__xref1,289305,xref,차량용 일반 철물 제조
289305__xref2,289305,xref,가구용 철물 제조
289305__xref3,289305,xref,"장식용 메달, 상패 등의 비귀금속 제품 제조"
289306__name0,289306,name,비동력식 수공구 제조업
289306__hier0,289306,hier,"제조업 > 금속 가공제품 제조업; 기계 및 가구 제외 > 기타 금속 가공제품 제조업 > 날붙이, 수공구 및 일반 철물 제조업"
289306__example0,289306,example,"전지가위, 낫, 작두, 울타리 절단기, 제재용 쐐기, 농업용"
289306__example1,289306,example,원예용
289306__example2,289306,example,임업용 수공구 제조
289306__example3,289306,example,줄 및 유사 공구 제조
289306__example4,289306,example,유리 및 다이아몬드 가공용 수공구 제조
289306__xref0,289306,xref,비동력 수공구 제조
289306__xref1,289306,xref,"농업, 원예, 임업용 수공구 제조"
289306__xref2,289306,xref,"장식용 메달, 상패 등의 비귀금속 제품 제조"
289901__name0,289901,name,금속선 가공제품 제조업
289901__hier0,289901,hier,"제조업 > 금속 가공제품 제조업; 기계 및 가구 제외 > 기타 금속 가공제품 제조업 > 금속 파스너, 스프링 및 금속선 가공제품 제조업"
289901__example0,289901,example,비절연 금속 로프 제조
289901__example1,289901,example,금속 케이블 제조
289901__example2,289901,example,철망제품 제조
289901__example3,289901,example,철망제 발판 제조
289901__example4,289901,example,콘크리트용 철망 제조
289901__example5,289901,example,"강망(expanded metal, 鋼網) 제조"
289901__example6,289901,example,새장 제조(철선제)
289901__example7,289901,example,"금속제 연선, 엮은 밴드, 사슬 제조"
289901__example8,289901,example,금속선제 그릴 제조
289901__example9,289901,example,철망 제조
289901__example10,289901,example,금속선 직물 제조
289901__example11,289901,example,가시 있는 금속선(barbed wire) 제조
289901__xref0,289901,xref,비절연 철선제품 및 철강선 가공품 제조
289901__xref1,289901,xref,"장식용 메달, 상패 등의 비귀금속 제품 제조"
289901__xref2,289901,xref,산업용 금속제 파스너 제조
289902__name0,289902,name,금속 캔 및 기타 포장용기 제조업
289902__hier0,289902,hier,제조업 > 금속 가공제품 제조업; 기계 및 가구 제외 > 기타 금속 가공제품 제조업 > 그 외 기타 금속 가공제품 제조업
289902__example0,289902,example,금속 통 제조
289902__example1,289902,example,금속제 병마개 제조
289902__example2,289902,example,금속 상자 제조
289902__example3,289902,example,도로 설치용 쓰레기통 제조
289902__example4,289902,example,우편함 및 우체통 제조
289902__example5,289902,example,소화장치 보관용 금속제 상자 제조
289902__xref0,289902,xref,"장식용 메달, 상패 등의 비귀금속 제품 제조"
289902__xref1,289902,xref,"금속제 간판, 명패, 표시판 및 관련 금속제품 제조"
289903__name0,289903,name,수동식 식품 가공 기기 및 금속 주방용기 제조업
289903__hier0,289903,hier,제조업 > 금속 가공제품 제조업; 기계 및 가구 제외 > 기타 금속 가공제품 제조업 > 그 외 기타 금속 가공제품 제조업
289903__example0,289903,example,양념 분쇄기 제조
289903__example1,289903,example,아이스크림 조제기 제조
289903__example2,289903,example,고기 절단 및 분쇄기 제조
289903__example3,289903,example,수동식 식품 가공기기 제조
289903__example4,289903,example,캔 및 병 개폐기 제조
289903__example5,289903,example,금속제 주방 용기 제조
289903__example6,289903,example,쌀통 제조(금속)
289903__example7,289903,example,수동식 국수 절단기 및 압출기 제조
289903__example8,289903,example,"달걀, 크림, 마요네즈 처리 도구 제조"
289903__xref0,289903,xref,수동식 식품 가공 기기 및 주방 용기 제조
289903__xref1,289903,xref,가정용 쌀통 등 식품저장용 금속제품 제조
289903__xref2,289903,xref,금속제 주방용기 제조
289903__xref3,289903,xref,"장식용 메달, 상패 등의 비귀금속 제품 제조"
289903__xref4,289903,xref,"금속제 간판, 명패, 표시판 및 관련 금속제품 제조"
289908__name0,289908,name,볼트 및 너트류 제조업
289908__hier0,289908,hier,"제조업 > 금속 가공제품 제조업; 기계 및 가구 제외 > 기타 금속 가공제품 제조업 > 금속 파스너, 스프링 및 금속선 가공제품 제조업"
289908__xref0,289908,xref,볼트 및 너트 제조
289908__xref1,289908,xref,"장식용 메달, 상패 등의 비귀금속 제품 제조"
289908__xref2,289908,xref,산업용 금속제 파스너 제조
289910__name0,289910,name,그 외 금속 파스너 및 나사제품 제조업
289910__hier0,289910,hier,"제조업 > 금속 가공제품 제조업; 기계 및 가구 제외 > 기타 금속 가공제품 제조업 > 금속 파스너, 스프링 및 금속선 가공제품 제조업"
289910__example0,289910,example,금속제품 영구 조립용 리벳 제조
289910__example1,289910,example,"금속제 못, 압정 제조"
289910__example2,289910,example,쐐기 및 쐐기 고정 못 제조
289910__xref0,289910,xref,나사못 제조
289910__xref1,289910,xref,금속제 못 제조
289910__xref2,289910,xref,"장식용 메달, 상패 등의 비귀금속 제품 제조"
289910__xref3,289910,xref,산업용 금속제 파스너 제조
289913__name0,289913,name,금속 스프링 제조업
289913__hier0,289913,hier,"제조업 > 금속 가공제품 제조업; 기계 및 가구 제외 > 기타 금속 가공제품 제조업 > 금속 파스너, 스프링 및 금속선 가공제품 제조업"
289913__example0,289913,example,코일형 금속 스프링 제조
289913__example1,289913,example,금속 판 스프링 제조
289913__example2,289913,example,스프링 제조(금속)
289913__example3,289913,example,나선형 금속 스프링 제조
289913__xref0,289913,xref,선스프링 제조
289913__xref1,289913,xref,매트리스용으로 조립되지 않은 금속 스프링 제조
289913__xref2,289913,xref,"장식용 메달, 상패 등의 비귀금속 제품 제조"
289913__xref3,289913,xref,산업용 금속제 파스너 제조
289914__name0,289914,name,피복 및 충전 용접봉 제조업
289914__hier0,289914,hier,제조업 > 금속 가공제품 제조업; 기계 및 가구 제외 > 기타 금속 가공제품 제조업 > 그 외 기타 금속 가공제품 제조업
289914__example0,289914,example,전기 아크용접용 용제 도포 용접봉
289914__example1,289914,example,전기 아크용접용 용제 충전 용접봉
289914__xref0,289914,xref,"장식용 메달, 상패 등의 비귀금속 제품 제조"
289914__xref1,289914,xref,"금속제 간판, 명패, 표시판 및 관련 금속제품 제조"
289915__name0,289915,name,그 외 기타 분류 안된 금속 가공제품 제조업
289915__hier0,289915,hier,제조업 > 금속 가공제품 제조업; 기계 및 가구 제외 > 기타 금속 가공제품 제조업 > 그 외 기타 금속 가공제품 제조업
289915__desc0,289915,desc,사무실용 금속비품
289915__example0,289915,example,적재용 금속판 제조
289915__example1,289915,example,"상패, 명패, 감사패 제조"
289915__example2,289915,example,버클 제조
289915__example3,289915,example,철모 제조
289915__example4,289915,example,사진틀 제조
289915__example5,289915,example,화물용 금속 플랫폼(platform) 제조
289915__example6,289915,example,이동식 사다리 제조
289915__example7,289915,example,금속제 침 및 바늘 제조
289915__example8,289915,example,금속제 트로피 제조
289915__example9,289915,example,"금속제 유금, 꺾쇠, 유금이 붙은 프레임 제조"
289915__example10,289915,example,"버클용 유금, 아이(eye), 아이렛(eyelet), 구슬과 스팽글 제조"
289915__example11,289915,example,선박 추진기 및 관련 블레이드 제조
289915__example12,289915,example,조립된 철도 궤도 및 철도 연결 부착물 제조
289915__example13,289915,example,금속제 자석 제조
289915__example14,289915,example,금고실 라이닝(내장재) 제조
289915__example15,289915,example,금고실 문 제조
289915__example16,289915,example,현금함 제조
289915__example17,289915,example,스트롱 박스 제조
289915__example18,289915,example,안전장치를 갖춘 금속제 수집 상자
289915__xref0,289915,xref,이동식 금속 사다리 제조
289915__xref1,289915,xref,이동식 금속제 사다리 제조
289915__xref2,289915,xref,"관(管) 리벳, 이고(二股) 리벳 제조"
289915__xref3,289915,xref,"스트립상의 스테이플, 클립 등 사무용 철선제품 제조"
289915__xref4,289915,xref,수침 바늘 제조
289915__xref5,289915,xref,가구 이외의 사무용 금속제품 제조
289915__xref6,289915,xref,"장식용 메달, 상패 등의 비귀금속 제품 제조"
289915__xref7,289915,xref,"금속제 간판, 명패, 표시판 및 관련 금속제품 제조"
289915__xref8,289915,xref,금속제 조화 및 금속 장식품 제조
289916__name0,289916,name,금속 위생용품 제조업
289916__hier0,289916,hier,제조업 > 금속 가공제품 제조업; 기계 및 가구 제외 > 기타 금속 가공제품 제조업 > 그 외 기타 금속 가공제품 제조업
289916__example0,289916,example,금속제 세면기 제조
289916__example1,289916,example,금속제 목욕통 제조
289916__example2,289916,example,금속제 개수통(싱크 상판) 제조
289916__example3,289916,example,금속제 위생용품 및 부분품 제조
289916__xref0,289916,xref,싱크대용 금속부분만을 제조하는 경우
289916__xref1,289916,xref,"장식용 메달, 상패 등의 비귀금속 제품 제조"
289916__xref2,289916,xref,"금속제 간판, 명패, 표시판 및 관련 금속제품 제조"
289917__name0,289917,name,금속 표시판 제조업
289917__hier0,289917,hier,제조업 > 금속 가공제품 제조업; 기계 및 가구 제외 > 기타 금속 가공제품 제조업 > 그 외 기타 금속 가공제품 제조업
289917__example0,289917,example,도로 표지 금속판 제조
289917__example1,289917,example,교통 표지 금속판 제조
289917__example2,289917,example,표시 금속판 제조
289917__example3,289917,example,교통 안전 표시 금속판 제조
289917__xref0,289917,xref,"장식용 메달, 상패 등의 비귀금속 제품 제조"
289917__xref1,289917,xref,"금속제 간판, 명패, 표시판 및 관련 금속제품 제조"
289918__name0,289918,name,그 외 기타 분류 안된 금속 가공제품 제조업
289918__hier0,289918,hier,제조업 > 금속 가공제품 제조업; 기계 및 가구 제외 > 기타 금속 가공제품 제조업 > 그 외 기타 금속 가공제품 제조업
289918__desc0,289918,desc,금고
289918__example0,289918,example,적재용 금속판 제조
289918__example1,289918,example,"상패, 명패, 감사패 제조"
289918__example2,289918,example,버클 제조
289918__example3,289918,example,철모 제조
289918__example4,289918,example,사진틀 제조
289918__example5,289918,example,화물용 금속 플랫폼(platform) 제조
289918__example6,289918,example,이동식 사다리 제조
289918__example7,289918,example,금속제 침 및 바늘 제조
289918__example8,289918,example,금속제 트로피 제조
289918__example9,289918,example,"금속제 유금, 꺾쇠, 유금이 붙은 프레임 제조"
289918__example10,289918,example,"버클용 유금, 아이(eye), 아이렛(eyelet), 구슬과 스팽글 제조"
289918__example11,289918,example,선박 추진기 및 관련 블레이드 제조
289918__example12,289918,example,조립된 철도 궤도 및 철도 연결 부착물 제조
289918__example13,289918,example,금속제 자석 제조
289918__example14,289918,example,금고실 라이닝(내장재) 제조
289918__example15,289918,example,금고실 문 제조
289918__example16,289918,example,현금함 제조
289918__example17,289918,example,스트롱 박스 제조
289918__example18,289918,example,안전장치를 갖춘 금속제 수집 상자
289918__xref0,289918,xref,이동식 금속 사다리 제조
289918__xref1,289918,xref,이동식 금속제 사다리 제조
289918__xref2,289918,xref,"관(管) 리벳, 이고(二股) 리벳 제조"
289918__xref3,289918,xref,"스트립상의 스테이플, 클립 등 사무용 철선제품 제조"
289918__xref4,289918,xref,수침 바늘 제조
289918__xref5,289918,xref,가구 이외의 사무용 금속제품 제조
289918__xref6,289918,xref,"장식용 메달, 상패 등의 비귀금속 제품 제조"
289918__xref7,289918,xref,"금속제 간판, 명패, 표시판 및 관련 금속제품 제조"
289918__xref8,289918,xref,금속제 조화 및 금속 장식품 제조
291100__name0,291100,name,내연기관 제조업
291100__hier0,291100,hier,제조업 > 기타 기계 및 장비 제조업 > 일반 목적용 기계 제조업 > 내연기관 및 터빈 제조업; 항공기용 및 차량용 제외
291100__example0,291100,example,선박용 피스톤 내연기관 제조
291100__xref0,291100,xref,철도 기관차용 엔진 및 터빈 제조
291101__name0,291101,name,기타 기관 및 터빈 제조업
291101__hier0,291101,hier,제조업 > 기타 기계 및 장비 제조업 > 일반 목적용 기계 제조업 > 내연기관 및 터빈 제조업; 항공기용 및 차량용 제외
291101__example0,291101,example,증기 기관 제조
291101__example1,291101,example,증기 터빈 제조
291101__example2,291101,example,가스 터빈 제조
291101__example3,291101,example,추 구동식 모터 제조
291101__example4,291101,example,스프링 구동식 모터 제조
291101__example5,291101,example,수력 터빈 제조
291101__example6,291101,example,조정기 등 터빈 부분품 제조
291101__xref0,291101,xref,철도 기관차용 엔진 및 터빈 제조
291200__name0,291200,name,유압 기기 제조업
291200__hier0,291200,hier,제조업 > 기타 기계 및 장비 제조업 > 일반 목적용 기계 제조업 > 유압 기기 제조업
291200__example0,291200,example,유압(공기압) 펌프 제조
291200__example1,291200,example,유압(공기압) 모터 제조
291200__example2,291200,example,유압(공기압) 실린더 제조
291200__example3,291200,example,유압 시스템 제조
291200__example4,291200,example,"유압(공기압) 밸브, 호스, 연결구 제조"
291200__example5,291200,example,공기압 시스템에 사용되는 공기 준비장치 제조
291200__xref0,291200,xref,유압식 모터 제조
291200__xref1,291200,xref,유압(공기압) 밸브 제조
291200__xref2,291200,xref,유압기기 제조
291201__name0,291201,name,액체 펌프 제조업
291201__hier0,291201,hier,"제조업 > 기타 기계 및 장비 제조업 > 일반 목적용 기계 제조업 > 펌프 및 압축기 제조업; 탭, 밸브 및 유사 장치 제조 포함"
291201__example0,291201,example,펌프 제조
291201__example1,291201,example,회전 펌프 제조
291201__example2,291201,example,콘크리트 펌프 제조
291201__example3,291201,example,원심 펌프 제조
291201__example4,291201,example,왕복 펌프 제조
291201__example5,291201,example,실험실용 펌프 제조
291201__example6,291201,example,급유용 펌프 제조
291201__xref0,291201,xref,액체 펌프 제조
291202__name0,291202,name,기체 펌프 및 압축기 제조업
291202__hier0,291202,hier,"제조업 > 기타 기계 및 장비 제조업 > 일반 목적용 기계 제조업 > 펌프 및 압축기 제조업; 탭, 밸브 및 유사 장치 제조 포함"
291202__example0,291202,example,공기 펌프 제조
291202__example1,291202,example,가스 펌프 제조
291202__example2,291202,example,기체 압축기 제조
291202__example3,291202,example,진공 펌프 제조
291202__example4,291202,example,왕복 펌프 제조(공기용적형)
291202__example5,291202,example,회전 펌프 제조(공기용적형)
291202__xref0,291202,xref,기체 펌프 제조
291300__name0,291300,name,기어 및 동력전달장치 제조업
291300__hier0,291300,hier,"제조업 > 기타 기계 및 장비 제조업 > 일반 목적용 기계 제조업 > 베어링, 기어 및 동력 전달장치 제조업"
291300__example0,291300,example,전동축 제조
291300__example1,291300,example,변속기 제조
291300__example2,291300,example,크랭크 제조
291300__example3,291300,example,플라이 휠 제조
291300__example4,291300,example,베어링 하우징 제조
291300__example5,291300,example,풀리 제조
291300__example6,291300,example,클러치 제조
291300__example7,291300,example,플레인 샤프트 베어링 제조
291300__example8,291300,example,기어와 기어링 제조
291300__example9,291300,example,샤프트 커플링 제조
291300__example10,291300,example,볼 스크루 제조
291300__example11,291300,example,링크 체인 제조
291300__example12,291300,example,기어 박스 제조
291300__example13,291300,example,발전기용 동력 전달장치
291300__xref0,291300,xref,베어링 하우징 및 플레인 샤프트 베어링 제조
291301__name0,291301,name,구름베어링 제조업
291301__hier0,291301,hier,"제조업 > 기타 기계 및 장비 제조업 > 일반 목적용 기계 제조업 > 베어링, 기어 및 동력 전달장치 제조업"
291301__example0,291301,example,볼베어링 제조
291301__example1,291301,example,롤러베어링 제조
291301__xref0,291301,xref,볼베어링 또는 롤러베어링 제조
291401__name0,291401,name,"산업용 오븐, 노 및 노용 버너 제조업"
291401__hier0,291401,hier,"제조업 > 기타 기계 및 장비 제조업 > 일반 목적용 기계 제조업 > 산업용 오븐, 노 및 노용 버너 제조업"
291401__example0,291401,example,폐기물 소각로 제조
291401__example1,291401,example,공업용 가열기 제조
291401__example2,291401,example,이화학용 가열기 제조
291401__example3,291401,example,노용 연소기 제조
291401__example4,291401,example,기계식 급탄기(탄 공급기) 제조
291401__example5,291401,example,연소기가 장착된 산업용 노 및 오븐 제조
291401__example6,291401,example,건물 장착용 히터 제조
291401__example7,291401,example,태양열 집열 및 가열장치 제조(가정용 포함)
291401__xref0,291401,xref,태양열 집열장치 제조
291501__name0,291501,name,산업용 트럭 및 적재기 제조업
291501__hier0,291501,hier,"제조업 > 기타 기계 및 장비 제조업 > 일반 목적용 기계 제조업 > 산업용 트럭, 승강기 및 물품 취급장비 제조업"
291501__example0,291501,example,철도역의 플랫폼에서 사용하는 트랙터 제조
291501__example1,291501,example,"지게차(공장, 창고 등 단거리 운반용) 제조"
291501__xref0,291501,xref,산업용 트럭 및 플랫폼에서 사용되는 트랙터 제조
291501__xref1,291501,xref,물품 이송용 로봇 제조
291502__name0,291502,name,기타 물품 취급장비 제조업
291502__hier0,291502,hier,"제조업 > 기타 기계 및 장비 제조업 > 일반 목적용 기계 제조업 > 산업용 트럭, 승강기 및 물품 취급장비 제조업"
291502__example0,291502,example,호이스트 제조
291502__example1,291502,example,"타워 크레인, 주행 크레인 제조"
291502__example2,291502,example,풀리 태클 제조
291502__example3,291502,example,캡스턴 제조
291502__example4,291502,example,잭 제조
291502__example5,291502,example,윈치 제조
291502__example6,291502,example,도르래 제조
291502__xref0,291502,xref,물품 이송용 로봇 제조
291503__name0,291503,name,승강기 제조업
291503__hier0,291503,hier,"제조업 > 기타 기계 및 장비 제조업 > 일반 목적용 기계 제조업 > 산업용 트럭, 승강기 및 물품 취급장비 제조업"
291503__example0,291503,example,엘리베이터 제조
291503__example1,291503,example,에스컬레이터 제조
291503__example2,291503,example,이동식 계단 제조
291503__example3,291503,example,이동식 보도 제조
291503__xref0,291503,xref,물품 이송용 로봇 제조
291504__name0,291504,name,컨베이어 장치 제조업
291504__hier0,291504,hier,"제조업 > 기타 기계 및 장비 제조업 > 일반 목적용 기계 제조업 > 산업용 트럭, 승강기 및 물품 취급장비 제조업"
291504__example0,291504,example,컨베이어 장치 제조
291504__example1,291504,example,스킵 호이스트 제조
291504__example2,291504,example,건설용 및 스키장용 리프트 제조
291504__example3,291504,example,농업용 컨베이어 장치 제조
291504__xref0,291504,xref,농장용 컨베이어 제조
291504__xref1,291504,xref,물품 이송용 로봇 제조
291901__name0,291901,name,그 외 기타 일반 목적용 기계 제조업
291901__hier0,291901,hier,제조업 > 기타 기계 및 장비 제조업 > 일반 목적용 기계 제조업 > 기타 일반 목적용 기계 제조업
291901__ksic0,291901,ksic,그 외 기타 일반목적용 기계 제조업
291901__desc0,291901,desc,일반 저울
291901__example0,291901,example,가스킷 제조(적층 및 조립)
291901__example1,291901,example,롤러 제조(압착용)
291901__example2,291901,example,캘린더기(압축 롤러) 제조
291901__example3,291901,example,기계 밀봉(mechanical seal) 제조
291901__example4,291901,example,배소장치 제조
291901__example5,291901,example,직물접착용 압연 기기
291901__example6,291901,example,열식 살균장치 제조
291901__example7,291901,example,원심 분리기 제조(산업용)
291901__example8,291901,example,원심 청정기 제조(산업용)
291901__example9,291901,example,산업용 접시 세척기 제조
291901__example10,291901,example,비전기식 용접기 제조
291901__example11,291901,example,가스 자동절단기 제조
291901__example12,291901,example,납땜용 인두와 건 제조
291901__example13,291901,example,표면 열처리용 기기 제조
291901__example14,291901,example,자동 판매기 제조
291901__example15,291901,example,화폐 교환기 제조
291901__example16,291901,example,중량 측정기 제조
291901__example17,291901,example,저울 제조(정밀 측정용 감량저울 제외)
291901__example18,291901,example,저울 추 및 부분품 제조
291901__xref0,291901,xref,전기 용접기 이외의 용접기 제조
291901__xref1,291901,xref,산업용 원심분리기 제조
291901__xref2,291901,xref,금속 또는 유리용 이외의 압연기 제조
291901__xref3,291901,xref,일반목적용 원심분리기 제조
291902__name0,291902,name,산업용 냉장 및 냉동장비 제조업
291902__hier0,291902,hier,"제조업 > 기타 기계 및 장비 제조업 > 일반 목적용 기계 제조업 > 냉각, 공기 조화, 여과, 증류 및 가스 발생기 제조업"
291902__example0,291902,example,냉각 단위 제조
291902__example1,291902,example,냉동장비 제조
291902__example2,291902,example,냉장고 제조
291902__example3,291902,example,냉장장비 제조
291902__example4,291902,example,열(히트)펌프 제조
291903__name0,291903,name,가정용 및 산업용 공기 조화장치 제조업
291903__name1,291903,name,운송장비용 공기 조화장치 제조업
291903__hier0,291903,hier,"제조업 > 기타 기계 및 장비 제조업 > 일반 목적용 기계 제조업 > 냉각, 공기 조화, 여과, 증류 및 가스 발생기 제조업"
291903__ksic0,291903,ksic,"가정용 및 산업용 공기 조화장치 제조업, 운송장비용 공기 조화장치 제조업"
291903__example0,291903,example,항온 및 항습기 제조
291903__example1,291903,example,각종 용도의 에어컨디셔너 제조
291903__example2,291903,example,각종 용도의 공기 조절장치 제조
291903__example3,291903,example,공기 조절기 제조
291903__example4,291903,example,운송장비용 항온 및 항습기 제조
291903__example5,291903,example,운송장비용 에어컨디셔너 및 공기 조절장치 제조
291903__xref0,291903,xref,가정용 공기 조화장치 제조
291903__xref1,291903,xref,공기조화장치용 열(히트)펌프 제조
291903__xref2,291903,xref,운송장비용 공기 조화장치 제조
291904__name0,291904,name,산업용 송풍기 및 배기장치 제조업
291904__hier0,291904,hier,"제조업 > 기타 기계 및 장비 제조업 > 일반 목적용 기계 제조업 > 냉각, 공기 조화, 여과, 증류 및 가스 발생기 제조업"
291904__example0,291904,example,배기장치 제조
291904__example1,291904,example,환풍장치 제조
291904__xref0,291904,xref,산업용 송풍기 제조
291905__name0,291905,name,기체 여과기 제조업
291905__hier0,291905,hier,"제조업 > 기타 기계 및 장비 제조업 > 일반 목적용 기계 제조업 > 냉각, 공기 조화, 여과, 증류 및 가스 발생기 제조업"
291905__example0,291905,example,"여과기 제조(공기, 기체용)"
291905__example1,291905,example,공기 청정기 제조
291905__example2,291905,example,매연 여과기 제조
291905__example3,291905,example,집진기 제조
291905__xref0,291905,xref,가정용 공기 청정기 제조
291905__xref1,291905,xref,액체용 또는 기체용 여과기 및 청정기 제조
291905__xref2,291905,xref,기체 여과기 제조
291906__name0,291906,name,액체 여과기 제조업
291906__hier0,291906,hier,"제조업 > 기타 기계 및 장비 제조업 > 일반 목적용 기계 제조업 > 냉각, 공기 조화, 여과, 증류 및 가스 발생기 제조업"
291906__example0,291906,example,청정기 제조(액체용)
291906__example1,291906,example,유류 여과기 제조
291906__example2,291906,example,정수기(비전기식 정수기 필터) 제조
291906__example3,291906,example,액체 연료 여과기 제조
291906__example4,291906,example,폐수 처리장치 제조
291906__example5,291906,example,식수 정수장치 제조
291906__xref0,291906,xref,가정용 정수기 제조
291906__xref1,291906,xref,액체용 또는 기체용 여과기 및 청정기 제조
291906__xref2,291906,xref,유류 및 기타 액체 여과기 제조
291907__name0,291907,name,"증류기, 열 교환기 및 가스 발생기 제조업"
291907__hier0,291907,hier,"제조업 > 기타 기계 및 장비 제조업 > 일반 목적용 기계 제조업 > 냉각, 공기 조화, 여과, 증류 및 가스 발생기 제조업"
291907__example0,291907,example,가스 발생기 제조
291907__example1,291907,example,열 교환장치 제조
291907__example2,291907,example,증류기 제조
291907__example3,291907,example,기체 액화용 기기 제조
291907__example4,291907,example,정류기 제조
291907__example5,291907,example,건류기 제조
291907__example6,291907,example,액체 정류기 제조
291907__example7,291907,example,공기 액화용 기기 제조
291908__name0,291908,name,"용기 세척, 포장 및 충전기 제조업"
291908__hier0,291908,hier,제조업 > 기타 기계 및 장비 제조업 > 일반 목적용 기계 제조업 > 기타 일반 목적용 기계 제조업
291908__example0,291908,example,가스 충전기 제조
291908__example1,291908,example,음료용 탄산가스 주입기 제조
291908__example2,291908,example,포장용 봉합기 제조
291908__xref0,291908,xref,포장용 또는 병 세척용 기계 제조
291909__name0,291909,name,분사기 및 소화기 제조업
291909__hier0,291909,hier,제조업 > 기타 기계 및 장비 제조업 > 일반 목적용 기계 제조업 > 기타 일반 목적용 기계 제조업
291909__example0,291909,example,소화용 분사기 제조
291909__example1,291909,example,분무용 스프레이 건 제조
291909__example2,291909,example,증기 또는 모래 분사기 제조
291909__example3,291909,example,분사식 세차기 제조
291909__example4,291909,example,액체 분무용 기기 제조
291909__example5,291909,example,분말 분사용 기기 제조
291909__xref0,291909,xref,액체 및 분말 분사용 로봇 제조
291911__name0,291911,name,그 외 기타 일반 목적용 기계 제조업
291911__hier0,291911,hier,제조업 > 기타 기계 및 장비 제조업 > 일반 목적용 기계 제조업 > 기타 일반 목적용 기계 제조업
291911__ksic0,291911,ksic,그 외 기타 일반목적용 기계 제조업
291911__example0,291911,example,가스킷 제조(적층 및 조립)
291911__example1,291911,example,롤러 제조(압착용)
291911__example2,291911,example,캘린더기(압축 롤러) 제조
291911__example3,291911,example,기계 밀봉(mechanical seal) 제조
291911__example4,291911,example,배소장치 제조
291911__example5,291911,example,직물접착용 압연 기기
291911__example6,291911,example,열식 살균장치 제조
291911__example7,291911,example,원심 분리기 제조(산업용)
291911__example8,291911,example,원심 청정기 제조(산업용)
291911__example9,291911,example,산업용 접시 세척기 제조
291911__example10,291911,example,비전기식 용접기 제조
291911__example11,291911,example,가스 자동절단기 제조
291911__example12,291911,example,납땜용 인두와 건 제조
291911__example13,291911,example,표면 열처리용 기기 제조
291911__example14,291911,example,자동 판매기 제조
291911__example15,291911,example,화폐 교환기 제조
291911__example16,291911,example,중량 측정기 제조
291911__example17,291911,example,저울 제조(정밀 측정용 감량저울 제외)
291911__example18,291911,example,저울 추 및 부분품 제조
291911__xref0,291911,xref,전기 용접기 이외의 용접기 제조
291911__xref1,291911,xref,산업용 원심분리기 제조
291911__xref2,291911,xref,금속 또는 유리용 이외의 압연기 제조
291911__xref3,291911,xref,일반목적용 원심분리기 제조
292100__name0,292100,name,농업 및 임업용 기계 제조업
292100__hier0,292100,hier,제조업 > 기타 기계 및 장비 제조업 > 특수 목적용 기계 제조업 > 농업 및 임업용 기계 제조업
292100__example0,292100,example,경운기 및 이앙기 제조
292100__example1,292100,example,콤바인 및 탈곡기 제조
292100__example2,292100,example,농업용 분무기 제조
292100__example3,292100,example,잔디 깎는 기계 제조
292100__example4,292100,example,착유기 제조
292100__example5,292100,example,선별기 및 세척기 제조(농산물용)
292100__example6,292100,example,부화기 제조
292100__example7,292100,example,농산물용 건조기 제조
292100__example8,292100,example,양봉용 기계 제조
292100__example9,292100,example,농업용 관배수 기기 제조
292100__example10,292100,example,농업용 트레일러 제조
292100__example11,292100,example,농업용 트랙터 제조
292100__xref0,292100,xref,착유용 로봇 제조
292100__xref1,292100,xref,농산물 건조기 제조
292100__xref2,292100,xref,농업용으로 특수 설계된 트레일러 및 세미 트레일러 제조
292201__name0,292201,name,동력식 수지 공구 제조업
292201__hier0,292201,hier,제조업 > 기타 기계 및 장비 제조업 > 일반 목적용 기계 제조업 > 기타 일반 목적용 기계 제조업
292201__example0,292201,example,착암기 제조
292201__example1,292201,example,전기 그라인더 제조
292201__example2,292201,example,수지식 전동공구 제조
292201__example3,292201,example,수지식 동력 구동공구 제조
292201__example4,292201,example,동력식 드릴 제조
292201__example5,292201,example,동력식 나사용 드라이버 제조
292201__example6,292201,example,대패(모터 자장) 제조
292201__example7,292201,example,전기 톱 제조
292201__example8,292201,example,동력식 임팩트 렌치 제조
292201__example9,292201,example,정타기(모터 자장) 제조
292201__example10,292201,example,체인 톱(비전기 모터식) 제조
292201__xref0,292201,xref,수지식 전동톱 제조
292201__xref1,292201,xref,동력식 수지공구 제조
292202__name0,292202,name,금속 절삭기계 제조업
292202__hier0,292202,hier,제조업 > 기타 기계 및 장비 제조업 > 특수 목적용 기계 제조업 > 가공 공작기계 제조업
292202__example0,292202,example,선반 제조
292202__example1,292202,example,머시닝센터 제조(금속 가공용)
292202__example2,292202,example,연삭기 및 평삭기 제조
292202__example3,292202,example,밀링 머신 제조
292202__example4,292202,example,호닝기 제조
292202__example5,292202,example,탭핑용 공작기계 제조
292203__name0,292203,name,전자 응용 절삭기계 제조업
292203__hier0,292203,hier,제조업 > 기타 기계 및 장비 제조업 > 특수 목적용 기계 제조업 > 가공 공작기계 제조업
292203__example0,292203,example,레이저 응용 절삭기계 제조
292203__example1,292203,example,광선 응용 절삭기계 제조
292203__example2,292203,example,전자빔 응용 절삭기계 제조
292203__example3,292203,example,이온빔 응용 절삭기계 제조
292203__example4,292203,example,워터 제트 절단기 제조
292203__xref0,292203,xref,레이저 공작기기 제조
292203__xref1,292203,xref,제트 수압 절단기
292203__xref2,292203,xref,전자 응용 금속 절삭기계 제조
292204__name0,292204,name,기타 가공 공작기계 제조업
292204__hier0,292204,hier,제조업 > 기타 기계 및 장비 제조업 > 특수 목적용 기계 제조업 > 가공 공작기계 제조업
292204__example0,292204,example,광물성 재료 가공기계 제조
292204__example1,292204,example,파티클보드 제조용 프레스기 제조
292204__example2,292204,example,공작물 조립기 제조
292204__example3,292204,example,파이버보드 제조용 프레스기 제조
292204__example4,292204,example,콘크리트 가공기계 제조
292204__example5,292204,example,코르크 가공기계 제조
292204__example6,292204,example,공구홀더 제조
292204__example7,292204,example,분할대 제조
292204__example8,292204,example,자동개폐식 다이헤드 제조
292204__example9,292204,example,가공 홀더 제조
292204__example10,292204,example,툴홀더 제조
292204__example11,292204,example,다이 및 다이 세트 제조
292204__example12,292204,example,코일 가공기 제조
292204__example13,292204,example,철선 가공기(인발기 제외) 제조
292204__example14,292204,example,공작기계용 특수 부착물 제조
292204__xref0,292204,xref,석재 및 요업제품 절삭 가공기계 제조
292204__xref1,292204,xref,경화 고무 또는 경화 플라스틱 가공기계 제조
292204__xref2,292204,xref,지그 및 관련장치 제조
292204__xref3,292204,xref,냉간 유리 가공 공작기계 제조
292205__name0,292205,name,디지털 적층 성형기계 제조업
292205__hier0,292205,hier,제조업 > 기타 기계 및 장비 제조업 > 특수 목적용 기계 제조업 > 가공 공작기계 제조업
292205__example0,292205,example,쾌속 조형장비 제조
292205__example1,292205,example,적층 제조장비 제조
292205__example2,292205,example,삼차원(3D) 조형기 제조
292205__example3,292205,example,삼차원 프린터 제조
292205__example4,292205,example,디지털 제어 적층 조형기 제조
292206__name0,292206,name,금속 성형기계 제조업
292206__hier0,292206,hier,제조업 > 기타 기계 및 장비 제조업 > 특수 목적용 기계 제조업 > 가공 공작기계 제조업
292206__example0,292206,example,금속선 인발 및 가공기 제조
292206__example1,292206,example,철판 절곡기 제조
292206__example2,292206,example,금속 단조기(스탬핑기) 제조
292206__example3,292206,example,다이 스탬핑기 제조
292206__example4,292206,example,금속 절곡기 제조
292206__example5,292206,example,펀칭기 제조
292206__example6,292206,example,프레스기 제조
292206__example7,292206,example,에어 해머 제조
292206__example8,292206,example,전단기 제조
292206__example9,292206,example,철망 제조기 제조
292300__name0,292300,name,금속 주조 및 기타 야금용 기계 제조업
292300__hier0,292300,hier,제조업 > 기타 기계 및 장비 제조업 > 특수 목적용 기계 제조업 > 금속 주조 및 기타 야금용 기계 제조업
292300__example0,292300,example,금속 전기로 제조
292300__example1,292300,example,금속 냉간 및 열간 압연기 제조
292300__example2,292300,example,금속 압력 주조기 제조
292300__example3,292300,example,금속 주괴(잉곳)용 주형과 레이들 제조
292300__example4,292300,example,금속 다이케스팅기 제조
292300__example5,292300,example,금속 압연기용 롤러 제조
292300__xref0,292300,xref,잉곳용 주형 제조
292400__name0,292400,name,건설 및 채광용 기계장비 제조업
292400__hier0,292400,hier,제조업 > 기타 기계 및 장비 제조업 > 특수 목적용 기계 제조업 > 건설 및 광업용 기계장비 제조업
292400__example0,292400,example,"항타기, 항발기 제조"
292400__example1,292400,example,불도저와 앵글도저 제조
292400__example2,292400,example,굴삭기 제조
292400__example3,292400,example,시추기 제조
292400__example4,292400,example,탬핑머신 제조(토목공사용)
292400__example5,292400,example,기계식 삽 제조
292400__example6,292400,example,그레이더와 레벨러 제조
292400__example7,292400,example,무한궤도식 트랙터 제조
292400__example8,292400,example,셔블 로우더 제조
292400__example9,292400,example,광석 채굴기 제조
292400__example10,292400,example,스크레이퍼 제조(토목공사용)
292400__example11,292400,example,콘크리트 및 모르타르 믹서기 제조
292400__example12,292400,example,건설장비용 지게차 제조
292400__xref0,292400,xref,유압기기를 이용한 토목공사용 장비 제조
292400__xref1,292400,xref,건설 및 광산용 트랙터 제조
292401__name0,292401,name,광물 처리 및 취급장비 제조업
292401__hier0,292401,hier,제조업 > 기타 기계 및 장비 제조업 > 특수 목적용 기계 제조업 > 건설 및 광업용 기계장비 제조업
292401__example0,292401,example,광물 선별기 제조
292401__example1,292401,example,광물 세척기 제조
292401__example2,292401,example,광물 분리기 제조
292401__example3,292401,example,광물 파쇄기 제조
292401__example4,292401,example,광물 성형기 제조
292401__example5,292401,example,광물 반죽기 제조
292401__example6,292401,example,컨베이어 제조(지하 작업용)
292401__example7,292401,example,엘리베이터 제조(지하 작업용)
292401__xref0,292401,xref,광산 지하 작업용 컨베이어 및 엘리베이터 제조
292401__xref1,292401,xref,건설 및 광산용 트랙터 제조
292500__name0,292500,name,음ㆍ식료품 및 담배 가공기계 제조업
292500__hier0,292500,hier,제조업 > 기타 기계 및 장비 제조업 > 특수 목적용 기계 제조업 > 음ㆍ식료품 및 담배 가공기계 제조업
292500__example0,292500,example,낙농품 가공처리기 제조
292500__example1,292500,example,크림 분리기 제조
292500__example2,292500,example,곡물 선별기 제조
292500__example3,292500,example,제분용 기계 제조
292500__example4,292500,example,곡물 세척기 제조
292500__example5,292500,example,양조용 기계 제조
292500__example6,292500,example,식품용 가열 및 냉각기 제조
292500__example7,292500,example,베이커리용 오븐 제조
292500__example8,292500,example,유지 추출기계 제조
292500__example9,292500,example,건조기 제조
292500__xref0,292500,xref,크림 분리기 및 식품 가공용 열처리장치 제조
292500__xref1,292500,xref,"곡물 정미기, 제분기 등 식품 가공용 기계 제조"
292500__xref2,292500,xref,산업용 식품 가열 또는 냉각기 제조
292600__name0,292600,name,"기타 섬유, 의복 및 가죽 가공기계 제조업"
292600__hier0,292600,hier,"제조업 > 기타 기계 및 장비 제조업 > 특수 목적용 기계 제조업 > 섬유, 의복 및 가죽 가공기계 제조업"
292600__example0,292600,example,재봉기 제조
292600__example1,292600,example,재봉기용 바늘 및 부분품 제조
292600__example2,292600,example,자수기 제조
292600__example3,292600,example,자수기용 바늘 및 부분품 제조
292600__example4,292600,example,방적 준비기 제조
292600__example5,292600,example,편조기 및 직조기 제조
292600__example6,292600,example,재단기 제조
292600__example7,292600,example,방적기 및 연사기 제조
292600__example8,292600,example,"권사기 제조, 섬유용"
292600__example9,292600,example,사(실) 가공기 제조
292600__xref0,292600,xref,재봉기용 바늘 제조
292600__xref1,292600,xref,가죽생산용 또는 신발제조 및 수리용 기계 제조
292601__name0,292601,name,"산업용 섬유 세척, 염색, 정리 및 가공 기계 제조업"
292601__hier0,292601,hier,"제조업 > 기타 기계 및 장비 제조업 > 특수 목적용 기계 제조업 > 섬유, 의복 및 가죽 가공기계 제조업"
292601__example0,292601,example,세탁소형 세탁기 제조
292601__example1,292601,example,직물 절단기 제조
292601__example2,292601,example,날염기 제조
292601__example3,292601,example,드라이 클리닝기 제조
292601__example4,292601,example,텐터기 제조
292601__example5,292601,example,호부기 제조
292601__example6,292601,example,원심식 의류 건조기 제조
292601__xref0,292601,xref,산업용 원심 의류탈수기 제조
292700__name0,292700,name,무기 및 총포탄 제조업
292700__hier0,292700,hier,제조업 > 금속 가공제품 제조업; 기계 및 가구 제외 > 무기 및 총포탄 제조업 > 무기 및 총포탄 제조업
292700__example0,292700,example,폭탄 제조
292700__example1,292700,example,총탄 제조
292700__example2,292700,example,비군사용 무기 제조
292700__example3,292700,example,공기총 제조
292700__example4,292700,example,가스총 제조
292700__example5,292700,example,경기용 무기 제조
292700__example6,292700,example,수렵용 무기 제조
292700__xref0,292700,xref,"포탄, 폭탄 및 총탄 제조"
292700__xref1,292700,xref,무기 및 총포탄 제조
292700__xref2,292700,xref,수렵 및 경기용 총포탄 제조
292901__name0,292901,name,산업용 로봇 제조업
292901__hier0,292901,hier,제조업 > 기타 기계 및 장비 제조업 > 특수 목적용 기계 제조업 > 산업용 로봇 제조업
292901__example0,292901,example,산업용 로봇 제조
292901__xref0,292901,xref,다기능을 갖고 있는 산업용 로봇 제조
292902__name0,292902,name,인쇄 및 제책용 기계 제조업
292902__hier0,292902,hier,제조업 > 기타 기계 및 장비 제조업 > 특수 목적용 기계 제조업 > 기타 특수 목적용 기계 제조업
292902__example0,292902,example,인쇄 보조용 기계 제조
292902__example1,292902,example,활자 주조기 제조
292902__example2,292902,example,제판용 기계 제조
292902__example3,292902,example,식자기 제조
292902__example4,292902,example,오프셋 인쇄용 기계 제조
292902__example5,292902,example,활판 인쇄용 기계 제조
292902__example6,292902,example,곡면 인쇄용 기계 제조
292902__example7,292902,example,그라비아 인쇄용 기계 제조
292902__example8,292902,example,제책용 재봉기 제조
292902__example9,292902,example,제본기 제조
292902__xref0,292902,xref,"열간 유리, 도자기, 고무 및 플라스틱 성형기계 제조"
292903__name0,292903,name,주형 및 금형 제조업
292903__hier0,292903,hier,제조업 > 기타 기계 및 장비 제조업 > 특수 목적용 기계 제조업 > 기타 특수 목적용 기계 제조업
292903__example0,292903,example,다이 및 펀치 제조
292903__example1,292903,example,주형 틀 제조
292903__example2,292903,example,각종 물질용 금형 제조
292903__example3,292903,example,주형 베이스 제조
292903__example4,292903,example,산업용 금형 제조
292903__example5,292903,example,콘크리트 제품용 주형 제조
292903__xref0,292903,xref,주형 및 금형 제조
292903__xref1,292903,xref,"열간 유리, 도자기, 고무 및 플라스틱 성형기계 제조"
292903__xref2,292903,xref,"주형, 금형 및 산업용 금형 제조"
292905__name0,292905,name,그 외 기타 특수 목적용 기계 제조업
292905__hier0,292905,hier,제조업 > 기타 기계 및 장비 제조업 > 특수 목적용 기계 제조업 > 기타 특수 목적용 기계 제조업
292905__ksic0,292905,ksic,그 외 기타 특수목적용 기계 제조업
292905__desc0,292905,desc,펄프 및 종이 가공용 기계
292905__example0,292905,example,전구 제조기 제조
292905__example1,292905,example,비금속 광물제품 열간 가공기 제조
292905__example2,292905,example,비금속 광물제품 가공 기계 제조
292905__example3,292905,example,"산업용 물질 건조기 제조(농업용, 가정용 제외)"
292905__example4,292905,example,"건조기 제조(열식, 산업용)"
292905__example5,292905,example,절연 또는 보호 재료 피복기 제조
292905__example6,292905,example,공기 가습기 및 제습기 제조
292905__example7,292905,example,로프 또는 케이블 제조기 제조
292905__example8,292905,example,금속 세척기 제조
292905__example9,292905,example,폐기물 처리 기기 제조
292905__example10,292905,example,교반기 제조
292905__example11,292905,example,"아일레팅(eyeletting)기, 관상(튜우블러) 리베팅기 제조"
292905__example12,292905,example,자동 도어 작동기 제조
292905__example13,292905,example,자동 마그네틱 테이프 제조기 제조
292905__example14,292905,example,인쇄회로기판 표면실장용 기계(SMT 장비) 제조
292905__example15,292905,example,동위원소 분리기 제조
292905__example16,292905,example,디스플레이 유리 기판 제조용 기계 제조
292905__example17,292905,example,전자식 모의 훈련 기기(시뮬레이터) 제조
292905__example18,292905,example,펄프 제조 및 가공기 제조
292905__example19,292905,example,종이 제조 및 가공기 제조
292905__example20,292905,example,판지 제조 및 가공기 제조
292905__example21,292905,example,종이 완성 가공기 제조
292905__example22,292905,example,"종이, 판지제품 제조기 제조"
292905__xref0,292905,xref,산업용 가상현실 기기(운전교습용 등 각종 시뮬레이터) 제조
292905__xref1,292905,xref,"열간 유리, 도자기, 고무 및 플라스틱 성형기계 제조"
292905__xref2,292905,xref,전선 피복 가공기 제조
292905__xref3,292905,xref,볼링장 핀 자동 고정기 제조
292906__name0,292906,name,"고무, 화학섬유 및 플라스틱 성형기 제조업"
292906__hier0,292906,hier,제조업 > 기타 기계 및 장비 제조업 > 특수 목적용 기계 제조업 > 기타 특수 목적용 기계 제조업
292906__example0,292906,example,고무 성형 가공기 제조
292906__example1,292906,example,플라스틱 성형 가공기 제조
292906__example2,292906,example,화학섬유 방사기 제조
292906__example3,292906,example,화학섬유 인발기 제조
292906__xref0,292906,xref,"열간 유리, 도자기, 고무 및 플라스틱 성형기계 제조"
292907__name0,292907,name,그 외 기타 특수 목적용 기계 제조업
292907__hier0,292907,hier,제조업 > 기타 기계 및 장비 제조업 > 특수 목적용 기계 제조업 > 기타 특수 목적용 기계 제조업
292907__ksic0,292907,ksic,그 외 기타 특수목적용 기계 제조업
292907__example0,292907,example,전구 제조기 제조
292907__example1,292907,example,비금속 광물제품 열간 가공기 제조
292907__example2,292907,example,비금속 광물제품 가공 기계 제조
292907__example3,292907,example,"산업용 물질 건조기 제조(농업용, 가정용 제외)"
292907__example4,292907,example,"건조기 제조(열식, 산업용)"
292907__example5,292907,example,절연 또는 보호 재료 피복기 제조
292907__example6,292907,example,공기 가습기 및 제습기 제조
292907__example7,292907,example,로프 또는 케이블 제조기 제조
292907__example8,292907,example,금속 세척기 제조
292907__example9,292907,example,폐기물 처리 기기 제조
292907__example10,292907,example,교반기 제조
292907__example11,292907,example,"아일레팅(eyeletting)기, 관상(튜우블러) 리베팅기 제조"
292907__example12,292907,example,자동 도어 작동기 제조
292907__example13,292907,example,자동 마그네틱 테이프 제조기 제조
292907__example14,292907,example,인쇄회로기판 표면실장용 기계(SMT 장비) 제조
292907__example15,292907,example,동위원소 분리기 제조
292907__example16,292907,example,디스플레이 유리 기판 제조용 기계 제조
292907__example17,292907,example,전자식 모의 훈련 기기(시뮬레이터) 제조
292907__example18,292907,example,펄프 제조 및 가공기 제조
292907__example19,292907,example,종이 제조 및 가공기 제조
292907__example20,292907,example,판지 제조 및 가공기 제조
292907__example21,292907,example,종이 완성 가공기 제조
292907__example22,292907,example,"종이, 판지제품 제조기 제조"
292907__xref0,292907,xref,산업용 가상현실 기기(운전교습용 등 각종 시뮬레이터) 제조
292907__xref1,292907,xref,"열간 유리, 도자기, 고무 및 플라스틱 성형기계 제조"
292907__xref2,292907,xref,전선 피복 가공기 제조
292907__xref3,292907,xref,볼링장 핀 자동 고정기 제조
292908__name0,292908,name,반도체 제조용 기계 제조업
292908__hier0,292908,hier,제조업 > 기타 기계 및 장비 제조업 > 특수 목적용 기계 제조업 > 반도체 및 디스플레이 제조용 기계 제조업
292908__example0,292908,example,반도체 조립용 장비 제조
292908__example1,292908,example,웨이퍼 식각 및 현상기계 제조
292908__example2,292908,example,포토 레지스터 현상 및 도포용 기계 제조
292909__name0,292909,name,디스플레이 제조용 기계 제조업
292909__hier0,292909,hier,제조업 > 기타 기계 및 장비 제조업 > 특수 목적용 기계 제조업 > 반도체 및 디스플레이 제조용 기계 제조업
292909__example0,292909,example,디스플레이 패널 제조용 기계 제조
292909__example1,292909,example,디스플레이 조립용 기계 제조
293001__name0,293001,name,주방용 전기 기기 제조업
293001__hier0,293001,hier,제조업 > 전기장비 제조업 > 가정용 기기 제조업 > 가정용 전기 기기 제조업
293001__example0,293001,example,전기 보온밥솥 제조
293001__example1,293001,example,"가정용 냉장고, 냉동고 제조"
293001__example2,293001,example,접시 세척기 제조
293001__example3,293001,example,식품용 그라인더 및 과즙기 제조
293001__example4,293001,example,전기 토스터 제조
293001__example5,293001,example,전자 레인지 제조
293001__example6,293001,example,가정용 전기 오븐 제조
293001__xref0,293001,xref,전기식 또는 비전기식 가정용 보일러 및 난방기기 제조
293001__xref1,293001,xref,가정용 등 전기 기기 전열 저항체 제조
293001__xref2,293001,xref,가정용 버너 및 난로 제조
293001__xref3,293001,xref,가정용 냉장고 제조
293001__xref4,293001,xref,가정용 접시 세척기 제조
293001__xref5,293001,xref,가정용 식품 가공기계 제조
293001__xref6,293001,xref,"가정용 세탁기 및 건조기, 전기 다리미 제조"
293001__xref7,293001,xref,가정용 의복건조기 제조
293001__xref8,293001,xref,가정용 전기 가열기 및 건조기 제조
293002__name0,293002,name,기타 가정용 전기 기기 제조업
293002__hier0,293002,hier,제조업 > 전기장비 제조업 > 가정용 기기 제조업 > 가정용 전기 기기 제조업
293002__example0,293002,example,세탁기 제조
293002__example1,293002,example,의류 건조기 제조
293002__example2,293002,example,환풍기 제조
293002__example3,293002,example,선풍기 제조
293002__example4,293002,example,연탄 가스 배출기 제조
293002__example5,293002,example,가정용 살균 소독기 제조
293002__example6,293002,example,전기 다리미 제조
293002__example7,293002,example,진공 청소기 및 마루 광택기 제조
293002__example8,293002,example,전기 이발기 제조
293002__example9,293002,example,전기 미용기 제조
293002__example10,293002,example,전기 면도기 제조
293002__xref0,293002,xref,전기식 또는 비전기식 가정용 보일러 및 난방기기 제조
293002__xref1,293002,xref,가정용 등 전기 기기 전열 저항체 제조
293002__xref2,293002,xref,비의료용 전기 안마기 제조
293002__xref3,293002,xref,가정용 버너 및 난로 제조
293002__xref4,293002,xref,가정 및 사무실용 선풍기 제조
293002__xref5,293002,xref,가정용 식품 가공기계 제조
293002__xref6,293002,xref,"가정용 세탁기 및 건조기, 전기 다리미 제조"
293002__xref7,293002,xref,가정용 의복건조기 제조
293002__xref8,293002,xref,가정용 전기 가열기 및 건조기 제조
293004__name0,293004,name,가정용 비전기식 조리 및 난방 기구 제조업
293004__hier0,293004,hier,제조업 > 전기장비 제조업 > 가정용 기기 제조업 > 가정용 비전기식 조리 및 난방 기구 제조업
293004__example0,293004,example,비전기식 가정용 조리 또는 난방장치 제조
293004__xref0,293004,xref,전기식 또는 비전기식 가정용 보일러 및 난방기기 제조
293004__xref1,293004,xref,"가정용 비전기식 연소기, 풍로 및 난방기구 제조"
293004__xref2,293004,xref,가정용 버너 및 난로 제조
293004__xref3,293004,xref,가정용 식품 가공기계 제조
293004__xref4,293004,xref,"가정용 세탁기 및 건조기, 전기 다리미 제조"
293004__xref5,293004,xref,가정용 의복건조기 제조
293005__name0,293005,name,가정용 전기 난방기기 제조업
293005__hier0,293005,hier,제조업 > 전기장비 제조업 > 가정용 기기 제조업 > 가정용 전기 기기 제조업
293005__example0,293005,example,전기 모포 제조
293005__example1,293005,example,전기식 난방기 제조
293005__xref0,293005,xref,전기담요 제조
293005__xref1,293005,xref,전기식 또는 비전기식 가정용 보일러 및 난방기기 제조
293005__xref2,293005,xref,가정용 등 전기 기기 전열 저항체 제조
293005__xref3,293005,xref,가정용 버너 및 난로 제조
293005__xref4,293005,xref,가정용 식품 가공기계 제조
293005__xref5,293005,xref,"가정용 세탁기 및 건조기, 전기 다리미 제조"
293005__xref6,293005,xref,가정용 의복건조기 제조
293005__xref7,293005,xref,가정용 전기 가열기 및 건조기 제조
300100__name0,300100,name,컴퓨터 제조업
300100__hier0,300100,hier,"제조업 > 전자 부품, 컴퓨터, 영상, 음향 및 통신장비 제조업 > 컴퓨터 및 주변 장치 제조업 > 컴퓨터 제조업"
300100__example0,300100,example,탁상용(데스크톱) PC 제조
300100__example1,300100,example,노트북 PC 제조
300100__example2,300100,example,워크스테이션 제조
300100__example3,300100,example,중형 및 대형 컴퓨터 제조
300100__example4,300100,example,컴퓨터 중앙 자료처리 장치 제조
300100__example5,300100,example,휴대용 소형 컴퓨터(PDA) 제조
300100__xref0,300100,xref,산업용 컴퓨터 제조
300100__xref1,300100,xref,컴퓨터 및 그 주변 기기 제조
300101__name0,300101,name,기타 주변 기기 제조업
300101__hier0,300101,hier,"제조업 > 전자 부품, 컴퓨터, 영상, 음향 및 통신장비 제조업 > 컴퓨터 및 주변 장치 제조업 > 기억 장치 및 주변 기기 제조업"
300101__example0,300101,example,스캐너 제조
300101__example1,300101,example,마우스 제조
300101__example2,300101,example,컴퓨터용 자판 제조
300101__example3,300101,example,자료 전사기 제조
300101__example4,300101,example,스마트 카드 리더 제조
300101__example5,300101,example,바코드 리더 제조
300101__xref0,300101,xref,컴퓨터 및 그 주변 기기 제조
300102__name0,300102,name,기억 장치 제조업
300102__hier0,300102,hier,"제조업 > 전자 부품, 컴퓨터, 영상, 음향 및 통신장비 제조업 > 컴퓨터 및 주변 장치 제조업 > 기억 장치 및 주변 기기 제조업"
300102__example0,300102,example,CD 드라이브 제조
300102__example1,300102,example,광 디스크 드라이브 제조
300102__example2,300102,example,보조 기억장치 제조
300102__example3,300102,example,하드 디스크 드라이브 제조
300102__example4,300102,example,USB 제조
300102__example5,300102,example,주 기억 장치(RAM 및 ROM) 제조
300102__xref0,300102,xref,컴퓨터 및 그 주변 기기 제조
300103__name0,300103,name,컴퓨터 모니터 제조업
300103__hier0,300103,hier,"제조업 > 전자 부품, 컴퓨터, 영상, 음향 및 통신장비 제조업 > 컴퓨터 및 주변 장치 제조업 > 기억 장치 및 주변 기기 제조업"
300103__example0,300103,example,LCD 모니터 제조
300103__example1,300103,example,OLED 모니터 제조
300103__example2,300103,example,CRT 모니터 제조
300103__xref0,300103,xref,컴퓨터 모니터 제조
300103__xref1,300103,xref,컴퓨터 및 그 주변 기기 제조
300104__name0,300104,name,컴퓨터 프린터 제조업
300104__hier0,300104,hier,"제조업 > 전자 부품, 컴퓨터, 영상, 음향 및 통신장비 제조업 > 컴퓨터 및 주변 장치 제조업 > 기억 장치 및 주변 기기 제조업"
300104__example0,300104,example,레이저 프린터 제조
300104__example1,300104,example,잉크제트 프린터 제조
300104__xref0,300104,xref,컴퓨터 및 그 주변 기기 제조
300201__name0,300201,name,사무용 기계 및 장비 제조업
300201__hier0,300201,hier,제조업 > 기타 기계 및 장비 제조업 > 일반 목적용 기계 제조업 > 사무용 기계 및 장비 제조업
300201__example0,300201,example,사진식 복사기 제조
300201__example1,300201,example,열식 복사기 제조
300201__example2,300201,example,건식 복사기 제조
300201__example3,300201,example,습식 복사기 제조
300201__example4,300201,example,금전 등록기 제조
300201__example5,300201,example,우편요금 계기 제조
300201__example6,300201,example,표권 발행기 제조
300201__example7,300201,example,타자기 제조
300201__example8,300201,example,워드프로세싱기 제조
300201__example9,300201,example,등사기 제조(사무실용)
300201__example10,300201,example,"화폐 분류기, 계산기 및 포장기 제조"
300201__example11,300201,example,주소 인쇄기 제조
300201__example12,300201,example,연필 깎는 기계 제조
300201__example13,300201,example,천공기 제조(사무실용)
300201__example14,300201,example,우편물 처리기 제조
300201__example15,300201,example,전자계산기 제조
300201__example16,300201,example,칠판 제조
300201__example17,300201,example,현금 지급기 제조
300202__name0,300202,name,사무용 기계 및 장비 제조업
300202__hier0,300202,hier,제조업 > 기타 기계 및 장비 제조업 > 일반 목적용 기계 제조업 > 사무용 기계 및 장비 제조업
300202__desc0,300202,desc,복사기(사진식 등)
300202__example0,300202,example,사진식 복사기 제조
300202__example1,300202,example,열식 복사기 제조
300202__example2,300202,example,건식 복사기 제조
300202__example3,300202,example,습식 복사기 제조
300202__example4,300202,example,금전 등록기 제조
300202__example5,300202,example,우편요금 계기 제조
300202__example6,300202,example,표권 발행기 제조
300202__example7,300202,example,타자기 제조
300202__example8,300202,example,워드프로세싱기 제조
300202__example9,300202,example,등사기 제조(사무실용)
300202__example10,300202,example,"화폐 분류기, 계산기 및 포장기 제조"
300202__example11,300202,example,주소 인쇄기 제조
300202__example12,300202,example,연필 깎는 기계 제조
300202__example13,300202,example,천공기 제조(사무실용)
300202__example14,300202,example,우편물 처리기 제조
300202__example15,300202,example,전자계산기 제조
300202__example16,300202,example,칠판 제조
300202__example17,300202,example,현금 지급기 제조
311001__name0,311001,name,"전자코일, 변성기 및 기타 전자 유도자 제조업"
311001__hier0,311001,hier,"제조업 > 전자 부품, 컴퓨터, 영상, 음향 및 통신장비 제조업 > 전자 부품 제조업 > 기타 전자 부품 제조업"
311001__example0,311001,example,전자 변성기 제조
311001__example1,311001,example,전자 주파수 변환용 전자 코일 제조
311001__example2,311001,example,전자 유도자 제조
311001__example3,311001,example,음성 주파수 변환용 전자 코일 제조
311001__xref0,311001,xref,"전자 변성기, 전자 코일 및 유도자 제조"
311001__xref1,311001,xref,전자시계용 전자 부품 제조
311001__xref2,311001,xref,전자 기기용의 전자 변성기 제조
311001__xref3,311001,xref,전자기기용 전자 접속장치 제조
311002__name0,311002,name,전동기 및 발전기 제조업
311002__hier0,311002,hier,"제조업 > 전기장비 제조업 > 전동기, 발전기 및 전기 변환ㆍ공급ㆍ제어 장치 제조업 > 전동기, 발전기 및 전기 변환장치 제조업"
311002__example0,311002,example,전동기 제조
311002__example1,311002,example,발전장치 제조
311002__example2,311002,example,직류 발전기 제조
311002__example3,311002,example,교류
311002__example4,311002,example,직류 겸용 전동기 제조
311002__example5,311002,example,태양광 발전장치 제조
311002__xref0,311002,xref,전기 모터 제조
311003__name0,311003,name,변압기 제조업
311003__hier0,311003,hier,"제조업 > 전기장비 제조업 > 전동기, 발전기 및 전기 변환ㆍ공급ㆍ제어 장치 제조업 > 전동기, 발전기 및 전기 변환장치 제조업"
311003__example0,311003,example,전압 조정기 제조
311003__example1,311003,example,변압기 및 부분품 제조
311003__xref0,311003,xref,전기 기기용 전압 조정기(변압기) 제조
311003__xref1,311003,xref,전기 모터 제조
311004__name0,311004,name,기타 전기 변환장치 제조업
311004__hier0,311004,hier,"제조업 > 전기장비 제조업 > 전동기, 발전기 및 전기 변환ㆍ공급ㆍ제어 장치 제조업 > 전동기, 발전기 및 전기 변환장치 제조업"
311004__desc0,311004,desc,방전 램프용 안정기
311004__example0,311004,example,건전지 충전장치 제조
311004__example1,311004,example,배터리 충전기 제조
311004__example2,311004,example,컨버터 제조
311004__example3,311004,example,파워팩 제조
311004__example4,311004,example,인버터 제조
311004__example5,311004,example,어댑터 제조
311004__example6,311004,example,무정전 전원장치 제조
311004__example7,311004,example,전기 유도자 제조
311004__example8,311004,example,전류 조절기 제조
311004__example9,311004,example,방전 램프용 안정기 제조
311004__xref0,311004,xref,방전램프용 안정기 제조
311004__xref1,311004,xref,전기 모터 제조
311005__name0,311005,name,에너지 저장장치 제조업
311005__hier0,311005,hier,"제조업 > 전기장비 제조업 > 전동기, 발전기 및 전기 변환ㆍ공급ㆍ제어 장치 제조업 > 전동기, 발전기 및 전기 변환장치 제조업"
311005__example0,311005,example,ESS(Energy Storage System) 제조
311005__xref0,311005,xref,전기 모터 제조
311006__name0,311006,name,기타 전기 변환장치 제조업
311006__hier0,311006,hier,"제조업 > 전기장비 제조업 > 전동기, 발전기 및 전기 변환ㆍ공급ㆍ제어 장치 제조업 > 전동기, 발전기 및 전기 변환장치 제조업"
311006__example0,311006,example,건전지 충전장치 제조
311006__example1,311006,example,배터리 충전기 제조
311006__example2,311006,example,컨버터 제조
311006__example3,311006,example,파워팩 제조
311006__example4,311006,example,인버터 제조
311006__example5,311006,example,어댑터 제조
311006__example6,311006,example,무정전 전원장치 제조
311006__example7,311006,example,전기 유도자 제조
311006__example8,311006,example,전류 조절기 제조
311006__example9,311006,example,방전 램프용 안정기 제조
311006__xref0,311006,xref,방전램프용 안정기 제조
311006__xref1,311006,xref,전기 모터 제조
312000__name0,312000,name,배전반 및 전기 자동제어반 제조업
312000__hier0,312000,hier,"제조업 > 전기장비 제조업 > 전동기, 발전기 및 전기 변환ㆍ공급ㆍ제어 장치 제조업 > 전기 공급 및 제어장치 제조업"
312000__example0,312000,example,교류(AC) 및 직류(DC) 드라이브 제조
312000__example1,312000,example,모터 시동 및 속도 조정기 제조
312000__example2,312000,example,전기 제어기 부분품 제조
312000__example3,312000,example,배전기 부분품 제조
312000__example4,312000,example,수치 제어반 제조
312000__example5,312000,example,PLC(프로그램 내장 컨트롤러) 제조
312000__example6,312000,example,"배전기가 장착된 보드, 콘솔, 캐비닛 등 제조"
312000__xref0,312000,xref,스위치와 접속자만 결합된 배전반 제조
312000__xref1,312000,xref,전기 모터 제조
312001__name0,312001,name,"전기회로 개폐, 보호 장치 제조업"
312001__hier0,312001,hier,"제조업 > 전기장비 제조업 > 전동기, 발전기 및 전기 변환ㆍ공급ㆍ제어 장치 제조업 > 전기 공급 및 제어장치 제조업"
312001__example0,312001,example,서지 억제기 제조
312001__example1,312001,example,계전기 제조
312001__example2,312001,example,전력 차단기 제조
312001__example3,312001,example,퓨즈 제조
312001__example4,312001,example,피뢰기 제조
312001__example5,312001,example,스위치 제조
312001__xref0,312001,xref,스위치와 접속자만 결합된 배전반 제조
312001__xref1,312001,xref,전기 모터 제조
312002__name0,312002,name,전기회로 접속장치 제조업
312002__hier0,312002,hier,"제조업 > 전기장비 제조업 > 전동기, 발전기 및 전기 변환ㆍ공급ㆍ제어 장치 제조업 > 전기 공급 및 제어장치 제조업"
312002__example0,312002,example,전기 커넥터 제조
312002__example1,312002,example,전기 터미널 제조
312002__example2,312002,example,플러그와 잭 제조
312002__example3,312002,example,소켓 제조
312002__example4,312002,example,램프 홀더(소켓) 제조
312002__example5,312002,example,전기 접속자 제조(기기용)
312002__xref0,312002,xref,스위치와 접속자만 결합된 배전반 제조
312002__xref1,312002,xref,전기 모터 제조
313001__name0,313001,name,기타 절연선 및 케이블 제조업
313001__hier0,313001,hier,제조업 > 전기장비 제조업 > 절연선 및 케이블 제조업 > 절연선 및 케이블 제조업
313001__example0,313001,example,절연 금속선 제조
313001__example1,313001,example,절연 금속 케이블 제조
313001__xref0,313001,xref,절연 금속선 및 케이블 제조
313002__name0,313002,name,절연 코드세트 및 기타 도체 제조업
313002__hier0,313002,hier,제조업 > 전기장비 제조업 > 절연선 및 케이블 제조업 > 절연선 및 케이블 제조업
313002__example0,313002,example,코드 세트 제조
313002__example1,313002,example,접속자가 부착된 전선 제조
313002__example2,313002,example,절연대 제조
313002__example3,313002,example,전기 절연 도체 제조(기기용)
313002__example4,313002,example,와이어 하니스 제조(비자동차용)
313002__xref0,313002,xref,절연선 및 케이블을 절단 가공하여 코드 세트를 제조
313003__name0,313003,name,광섬유 케이블 제조업
313003__hier0,313003,hier,제조업 > 전기장비 제조업 > 절연선 및 케이블 제조업 > 절연선 및 케이블 제조업
313003__example0,313003,example,절연 광섬유 케이블 제조
313003__example1,313003,example,절연 피복 광섬유 제조
313003__xref0,313003,xref,광섬유 케이블 제조
314000__name0,314000,name,운송장비용 이차전지 제조업
314000__name1,314000,name,기타 이차전지 제조업
314000__hier0,314000,hier,제조업 > 전기장비 제조업 > 일차전지 및 이차전지 제조업 > 일차전지 및 이차전지 제조업
314000__ksic0,314000,ksic,"운송장비용 이차전지 제조업, 기타 이차전지 제조업"
314000__example0,314000,example,"운송장비용 리튬 (이온, 폴리머) 이온 이차전지 제조"
314000__example1,314000,example,운송장비용 니켈 카드뮴 전지 제조
314000__example2,314000,example,운송장비용 납(연)축전지 제조
314000__example3,314000,example,운송장비용 니켈 수소 전지 제조
314000__example4,314000,example,운송장비용 이차전지(축전지) 격리판 제조
314000__example5,314000,example,리튬 이온 이차전지 제조
314000__example6,314000,example,리튬 이온 폴리머 전지 제조
314000__example7,314000,example,리튬 폴리머 전지 제조
314000__example8,314000,example,니켈 카드뮴 전지 제조
314000__example9,314000,example,납(연)축전지 제조
314000__example10,314000,example,니켈 수소 전지 제조
314000__example11,314000,example,기타 이차전지용 격리판 제조
314001__name0,314001,name,일차전지 제조업
314001__hier0,314001,hier,제조업 > 전기장비 제조업 > 일차전지 및 이차전지 제조업 > 일차전지 및 이차전지 제조업
314001__example0,314001,example,리튬 전지 제조
314001__example1,314001,example,알칼리 망가니즈 건전지 제조
314001__example2,314001,example,망가니즈 건전지 제조
314001__example3,314001,example,수은 전지 제조
315001__name0,315001,name,일반용 전기 조명장치 제조업
315001__hier0,315001,hier,제조업 > 전기장비 제조업 > 전구 및 조명장치 제조업 > 조명장치 제조업
315001__example0,315001,example,가정용 조명기구 제조
315001__example1,315001,example,사무실용 조명기구 제조
315001__example2,315001,example,가로등 제조
315001__example3,315001,example,스탠드 제조
315001__xref0,315001,xref,전구가 결합되는 각종 용도의 조명장치 제조
315002__name0,315002,name,전시 및 광고용 조명장치 제조업
315002__hier0,315002,hier,제조업 > 전기장비 제조업 > 전구 및 조명장치 제조업 > 조명장치 제조업
315002__example0,315002,example,조명 광고판 제조
315002__example1,315002,example,조명 네임 플레이트 제조
315002__example2,315002,example,장식용 조명판 제조
315002__example3,315002,example,광고용 조명판 제조
315002__example4,315002,example,"네온류(수은, 네온, 아르곤 등) 광고판 제조"
315002__example5,315002,example,크리스마스 장식용 조명 세트 제조
315002__example6,315002,example,표시등 제조
315002__xref0,315002,xref,전구가 결합되는 각종 용도의 조명장치 제조
315002__xref1,315002,xref,광고용 조명장치 제조
315002__xref2,315002,xref,크리스마스 장식용 조명세트 제조
315003__name0,315003,name,전구 및 램프 제조업
315003__hier0,315003,hier,제조업 > 전기장비 제조업 > 전구 및 조명장치 제조업 > 전구 및 램프 제조업
315003__example0,315003,example,백열 전구 제조
315003__example1,315003,example,형광 램프 제조
315003__example2,315003,example,방전 램프 제조
315003__example3,315003,example,살균 램프 제조
315003__example4,315003,example,섬광 전구 제조
315003__example5,315003,example,아크 램프 제조
315003__example6,315003,example,산업용 전구 제조
315003__example7,315003,example,장식용 전구 제조
315003__xref0,315003,xref,사진 섬광 전구 제조
315005__name0,315005,name,기타 조명장치 제조업
315005__hier0,315005,hier,제조업 > 전기장비 제조업 > 전구 및 조명장치 제조업 > 조명장치 제조업
315005__example0,315005,example,휴대용 조명장치 제조
315005__example1,315005,example,램프 등 비전기식 조명장치 제조
315005__xref0,315005,xref,전구가 결합되는 각종 용도의 조명장치 제조
319001__name0,319001,name,운송장비용 조명장치 제조업
319001__hier0,319001,hier,제조업 > 전기장비 제조업 > 전구 및 조명장치 제조업 > 조명장치 제조업
319001__example0,319001,example,운송장비용 조명 기구 제조
319001__example1,319001,example,시각 신호용(운송장비) 기구 제조
319001__example2,319001,example,자전거용 조명장치 제조
319001__xref0,319001,xref,전구가 결합되는 각종 용도의 조명장치 제조
319001__xref1,319001,xref,운송장비용 조명장치 제조
319001__xref2,319001,xref,차량용 조명장치 제조
319002__name0,319002,name,그 외 기타 전기장비 제조업
319002__hier0,319002,hier,제조업 > 전기장비 제조업 > 기타 전기장비 제조업 > 기타 전기장비 제조업
319002__example0,319002,example,미립자 가속기 제조
319002__example1,319002,example,전기식 오존 발생기 제조
319002__example2,319002,example,전기 영동용 기기 제조
319002__example3,319002,example,자외선 조사 기기 제조
319002__example4,319002,example,전자석 제조
319002__example5,319002,example,전기식 용접기 제조
319002__example6,319002,example,"초음파 세척기(실험실용, 치과용 제외) 제조"
319002__example7,319002,example,항공용 엔진 점화장치 및 기타 전기 부품 제조
319002__xref0,319002,xref,전자석 클러치 제조
319002__xref1,319002,xref,전기 이온 정수기 제조
319002__xref2,319002,xref,자동차 이외의 내연기관용 전기장치 제조
319002__xref3,319002,xref,항공용 엔진의 점화장치 및 기타 전기 부품 제조
319003__name0,319003,name,전기 경보 및 신호장치 제조업
319003__hier0,319003,hier,제조업 > 전기장비 제조업 > 기타 전기장비 제조업 > 기타 전기장비 제조업
319003__example0,319003,example,도난 경보기 제조
319003__example1,319003,example,화재 경보기 제조
319003__example2,319003,example,음향 신호장치 제조
319003__example3,319003,example,전기 신호식 호출기기 제조
319003__example4,319003,example,가스 경보기 제조
319003__example5,319003,example,"전기식 벨, 초인종, 버저 제조"
319004__name0,319004,name,전기용 탄소제품 및 절연제품 제조업
319004__hier0,319004,hier,제조업 > 전기장비 제조업 > 기타 전기장비 제조업 > 기타 전기장비 제조업
319004__example0,319004,example,전기 절연장비 제조
319004__example1,319004,example,램프용 탄소제품 제조
319004__example2,319004,example,전기용 탄소 브러시(brush) 제조
319004__example3,319004,example,조립된 애자 제조
319004__example4,319004,example,절연체 및 절연 부착물 제조
319004__example5,319004,example,절연재료가 결합된 전선용 도관 및 그 연결구류 제조
319004__xref0,319004,xref,전기용 탄소 또는 흑연제품 제조
319005__name0,319005,name,교통 신호장치 제조업
319005__hier0,319005,hier,제조업 > 전기장비 제조업 > 기타 전기장비 제조업 > 기타 전기장비 제조업
319005__example0,319005,example,교통 음향 신호장치 제조
319005__example1,319005,example,교통 시각 신호장치 제조
319005__example2,319005,example,교통 통제용 전기장치 제조
319005__xref0,319005,xref,교통 신호장치 제조
319005__xref1,319005,xref,교통신호장치 제조
321000__name0,321000,name,기타 반도체 소자 제조업
321000__hier0,321000,hier,"제조업 > 전자 부품, 컴퓨터, 영상, 음향 및 통신장비 제조업 > 반도체 제조업 > 다이오드, 트랜지스터 및 유사 반도체 소자 제조업"
321000__example0,321000,example,수정 진동자 제조
321000__example1,321000,example,장착된 압전기 결정 소자 제조
321000__example2,321000,example,광전도 셀 제조
321000__example3,321000,example,"다이리스터, 다이액과 트라이액 제조"
321000__example4,321000,example,저마늄 다이오드 제조
321000__example5,321000,example,실리콘 트랜지스터 제조
321000__example6,321000,example,"광전지, 태양전지 제조"
321000__xref0,321000,xref,기타 다이오드 제조업
321001__name0,321001,name,그 외 기타 전자 부품 제조업
321001__hier0,321001,hier,"제조업 > 전자 부품, 컴퓨터, 영상, 음향 및 통신장비 제조업 > 전자 부품 제조업 > 기타 전자 부품 제조업"
321001__example0,321001,example,영상변화관 제조
321001__example1,321001,example,마이크로 웨이브관 제조
321001__example2,321001,example,영상증강관 제조
321001__example3,321001,example,송신기용 열전자관 제조
321001__example4,321001,example,광전관 제조
321001__example5,321001,example,텔레비전용 촬상관 제조
321001__example6,321001,example,수신관 제조
321001__example7,321001,example,텔레비전용 음극선관 제조
321001__example8,321001,example,증폭관 제조
321001__example9,321001,example,방전관 제조
321001__example10,321001,example,디플렉션 코일 제조
321001__example11,321001,example,섀도마스크 제조
321001__example12,321001,example,전자총 제조
321001__example13,321001,example,리드프레임 제조
321001__example14,321001,example,전자 접속자 제조
321001__example15,321001,example,인쇄회로 사진원판(포토 마스크) 제조
321001__example16,321001,example,사운드 카드 제조
321001__example17,321001,example,비디오 카드(비디오 어댑터) 제조
321001__example18,321001,example,네트워크 카드(랜카드) 제조
321001__example19,321001,example,모뎀 제조
321001__example20,321001,example,컴퓨터용 모뎀 제조
321001__xref0,321001,xref,전자관 제조
321001__xref1,321001,xref,전자시계용 전자 부품 제조
321001__xref2,321001,xref,전자기기용 전자 접속장치 제조
321002__name0,321002,name,메모리용 전자집적회로 제조업
321002__hier0,321002,hier,"제조업 > 전자 부품, 컴퓨터, 영상, 음향 및 통신장비 제조업 > 반도체 제조업 > 전자집적회로 제조업"
321002__example0,321002,example,"휘발성 메모리용 전자집적회로(DRAM, SRAM, VRAM 등) 제조"
321002__xref0,321002,xref,전자 초소형 집적회로 제조
321003__name0,321003,name,비메모리용 및 기타 전자집적회로 제조업
321003__hier0,321003,hier,"제조업 > 전자 부품, 컴퓨터, 영상, 음향 및 통신장비 제조업 > 반도체 제조업 > 전자집적회로 제조업"
321003__example0,321003,example,"모노리식 바이폴라 IC, 모스 비메모리용 IC 제조"
321003__example1,321003,example,아날로그 및 혼성 전자집적회로 제조
321003__xref0,321003,xref,모노리식 바이폴라 전자집적회로 제조
321003__xref1,321003,xref,모노리식 모스 비메모리용 전자집적회로 제조
321003__xref2,321003,xref,전자 초소형 집적회로 제조
321004__name0,321004,name,발광 다이오드 제조업
321004__hier0,321004,hier,"제조업 > 전자 부품, 컴퓨터, 영상, 음향 및 통신장비 제조업 > 반도체 제조업 > 다이오드, 트랜지스터 및 유사 반도체 소자 제조업"
321004__example0,321004,example,발광 다이오드(LED) 제조업
321004__example1,321004,example,유기 발광 다이오드(OLED) 제조업
321005__name0,321005,name,액정 표시장치 제조업
321005__hier0,321005,hier,"제조업 > 전자 부품, 컴퓨터, 영상, 음향 및 통신장비 제조업 > 전자 부품 제조업 > 표시장치 제조업"
321005__example0,321005,example,TV용 LCD 제조
321005__example1,321005,example,컴퓨터용 LCD 제조
321005__example2,321005,example,휴대 전자기기용 LCD 제조
321005__xref0,321005,xref,표시장치(디스플레이) 모듈 및 부분품 제조
321005__xref1,321005,xref,전자시계용 전자 부품 제조
321005__xref2,321005,xref,액정 디스플레이 제조
321006__name0,321006,name,유기 발광 표시장치 제조업
321006__hier0,321006,hier,"제조업 > 전자 부품, 컴퓨터, 영상, 음향 및 통신장비 제조업 > 전자 부품 제조업 > 표시장치 제조업"
321006__example0,321006,example,OLED 표시장치 제조
321006__xref0,321006,xref,표시장치(디스플레이) 모듈 및 부분품 제조
321006__xref1,321006,xref,전자시계용 전자 부품 제조
321007__name0,321007,name,기타 표시장치 제조업
321007__hier0,321007,hier,"제조업 > 전자 부품, 컴퓨터, 영상, 음향 및 통신장비 제조업 > 전자 부품 제조업 > 표시장치 제조업"
321007__example0,321007,example,플라즈마 디스플레이 모듈 및 부분품 제조
321007__xref0,321007,xref,표시장치(디스플레이) 모듈 및 부분품 제조
321007__xref1,321007,xref,전자시계용 전자 부품 제조
321008__name0,321008,name,인쇄회로기판용 적층판 제조업
321008__hier0,321008,hier,"제조업 > 전자 부품, 컴퓨터, 영상, 음향 및 통신장비 제조업 > 전자 부품 제조업 > 인쇄회로기판 및 전자부품 실장기판 제조업"
321008__example0,321008,example,"에폭시, 페놀 동박 적층판 제조"
321008__example1,321008,example,기타 인쇄회로 원판 제조
321008__xref0,321008,xref,전자시계용 전자 부품 제조
321009__name0,321009,name,경성 인쇄회로기판 제조업
321009__hier0,321009,hier,"제조업 > 전자 부품, 컴퓨터, 영상, 음향 및 통신장비 제조업 > 전자 부품 제조업 > 인쇄회로기판 및 전자부품 실장기판 제조업"
321009__example0,321009,example,에폭시 인쇄회로기판 제조
321009__example1,321009,example,페놀 인쇄배선기판 제조
321009__xref0,321009,xref,전자시계용 전자 부품 제조
321011__name0,321011,name,연성 및 기타 인쇄회로기판 제조업
321011__hier0,321011,hier,"제조업 > 전자 부품, 컴퓨터, 영상, 음향 및 통신장비 제조업 > 전자 부품 제조업 > 인쇄회로기판 및 전자부품 실장기판 제조업"
321011__example0,321011,example,"단면형, 양면형, 다층형 FPCB 제조"
321011__example1,321011,example,경성 및 연성 PCB 결합 제품 제조
321011__xref0,321011,xref,휴대기기용 연성 인쇄회로기판 제조
321011__xref1,321011,xref,전자시계용 전자 부품 제조
321012__name0,321012,name,전자 부품 실장기판 제조업
321012__hier0,321012,hier,"제조업 > 전자 부품, 컴퓨터, 영상, 음향 및 통신장비 제조업 > 전자 부품 제조업 > 인쇄회로기판 및 전자부품 실장기판 제조업"
321012__example0,321012,example,표면 실장기술에 의한 전자부품 실장
321012__example1,321012,example,인쇄회로 조립품 제조
321012__xref0,321012,xref,인쇄회로기판에 각종 전자 부품을 실장
321012__xref1,321012,xref,전자시계용 전자 부품 제조
321013__name0,321013,name,전자 축전기 제조업
321013__hier0,321013,hier,"제조업 > 전자 부품, 컴퓨터, 영상, 음향 및 통신장비 제조업 > 전자 부품 제조업 > 기타 전자 부품 제조업"
321013__example0,321013,example,전자 축전기(콘덴서) 부분품 제조
321013__example1,321013,example,전자 축전기 제조
321013__example2,321013,example,"전기 축전기 제조(고정식, 가변식 또는 조정식)"
321013__xref0,321013,xref,전자시계용 전자 부품 제조
321013__xref1,321013,xref,전자기기용 전자 접속장치 제조
321014__name0,321014,name,전자저항기 및 전자카드 제조업
321014__hier0,321014,hier,"제조업 > 전자 부품, 컴퓨터, 영상, 음향 및 통신장비 제조업 > 전자 부품 제조업 > 기타 전자 부품 제조업"
321014__example0,321014,example,가감 저항기 제조
321014__example1,321014,example,전자 저항기 제조
321014__example2,321014,example,써머스터 제조
321014__example3,321014,example,가변 저항기(배리스터) 제조
321014__example4,321014,example,마그네틱 카드 제조
321014__example5,321014,example,스마트 카드 제조
321014__example6,321014,example,전자집적회로 자장 카드 제조
321014__example7,321014,example,칩내장 카드 제조
321014__xref0,321014,xref,스트라이프 또는 칩이 자장된 마그네틱 카드 제조
321014__xref1,321014,xref,전자시계용 전자 부품 제조
321014__xref2,321014,xref,전자기기용 전자 접속장치 제조
321015__name0,321015,name,전자저항기 및 전자카드 제조업
321015__hier0,321015,hier,"제조업 > 전자 부품, 컴퓨터, 영상, 음향 및 통신장비 제조업 > 전자 부품 제조업 > 기타 전자 부품 제조업"
321015__example0,321015,example,가감 저항기 제조
321015__example1,321015,example,전자 저항기 제조
321015__example2,321015,example,써머스터 제조
321015__example3,321015,example,가변 저항기(배리스터) 제조
321015__example4,321015,example,마그네틱 카드 제조
321015__example5,321015,example,스마트 카드 제조
321015__example6,321015,example,전자집적회로 자장 카드 제조
321015__example7,321015,example,칩내장 카드 제조
321015__xref0,321015,xref,스트라이프 또는 칩이 자장된 마그네틱 카드 제조
321015__xref1,321015,xref,전자시계용 전자 부품 제조
321015__xref2,321015,xref,전자기기용 전자 접속장치 제조
321016__name0,321016,name,전자 감지장치 제조업
321016__hier0,321016,hier,"제조업 > 전자 부품, 컴퓨터, 영상, 음향 및 통신장비 제조업 > 전자 부품 제조업 > 기타 전자 부품 제조업"
321016__example0,321016,example,자동차용 각종 센서
321016__example1,321016,example,전자 감지장치(센서) 제조
321016__example2,321016,example,감광 전자 감지장치(감광 센서) 제조
321016__xref0,321016,xref,전자시계용 전자 부품 제조
321016__xref1,321016,xref,전자기기용 전자 접속장치 제조
322002__name0,322002,name,유선 통신장비 제조업
322002__hier0,322002,hier,"제조업 > 전자 부품, 컴퓨터, 영상, 음향 및 통신장비 제조업 > 통신 및 방송장비 제조업 > 유선 통신장비 제조업"
322002__example0,322002,example,유선 전화기 세트 제조
322002__example1,322002,example,유선 전신장치 제조
322002__example2,322002,example,인터폰 제조(모니터 불문)
322002__example3,322002,example,유선 팩시밀리 제조
322002__example4,322002,example,텔레 프린터(인쇄 전신기) 제조
322002__example5,322002,example,"광섬유 전송시스템(광중계기, 단국장치 등) 제조"
322002__example6,322002,example,반송 통신기 제조
322002__example7,322002,example,반송 통신용 신호 변환기 제조
322002__example8,322002,example,페어케이블 반송장치 제조
322002__example9,322002,example,동축케이블 반송장치 제조
322002__example10,322002,example,교환기 제조(자동 또는 수동식)
322002__example11,322002,example,유선 영상(사진) 전신기 제조
322002__example12,322002,example,중앙통제실 전송용 도난 및 화재 유선 경보시스템 제조
322002__xref0,322002,xref,무선 전화기가 부착되는 유선 전화 및 전신장비 제조
322002__xref1,322002,xref,영상용 모니터 결합 여부를 불문한 인터폰 제조
322002__xref2,322002,xref,중앙통제실 송신용 칩입 및 화재경보 시스템 제조
322003__name0,322003,name,방송장비 제조업
322003__hier0,322003,hier,"제조업 > 전자 부품, 컴퓨터, 영상, 음향 및 통신장비 제조업 > 통신 및 방송장비 제조업 > 방송 및 무선 통신장비 제조업"
322003__example0,322003,example,텔레비전 방송 중계기 제조
322003__example1,322003,example,유선 및 무선방송 전송기 제조
322003__example2,322003,example,라디오 방송용 기기 제조
322003__example3,322003,example,텔레비전 카메라 및 수중 카메라 제조
322003__example4,322003,example,"폐쇄회로 카메라 제조(공업용 및 과학용, 교통관제용 등)"
322003__xref0,322003,xref,방송용 카메라 제조
322003__xref1,322003,xref,CCTV용 카메라 제조
322003__xref2,322003,xref,"방송용 카메라, 폐쇄회로 카메라 제조"
322004__name0,322004,name,이동 전화기 제조업
322004__hier0,322004,hier,"제조업 > 전자 부품, 컴퓨터, 영상, 음향 및 통신장비 제조업 > 통신 및 방송장비 제조업 > 방송 및 무선 통신장비 제조업"
322005__name0,322005,name,기타 무선 통신장비 제조업
322005__hier0,322005,hier,"제조업 > 전자 부품, 컴퓨터, 영상, 음향 및 통신장비 제조업 > 통신 및 방송장비 제조업 > 방송 및 무선 통신장비 제조업"
322005__example0,322005,example,무선 전신기 제조
322005__example1,322005,example,무선 전신용 송신기 제조
322005__example2,322005,example,무전기 제조
322005__example3,322005,example,무선 팩시밀리 제조
323001__name0,323001,name,비디오 및 기타 영상 기기 제조업
323001__hier0,323001,hier,"제조업 > 전자 부품, 컴퓨터, 영상, 음향 및 통신장비 제조업 > 영상 및 음향 기기 제조업 > 텔레비전, 비디오 및 기타 영상 기기 제조업"
323001__example0,323001,example,가정용 비디오 제조
323001__example1,323001,example,가정용 비디오 카메라 제조
323001__example2,323001,example,DVD 제조
323001__example3,323001,example,"가정용 가상 현실(VR, AR) 기기 제조"
323001__xref0,323001,xref,텔레비전 및 안테나 제조
323005__name0,323005,name,텔레비전 제조업
323005__hier0,323005,hier,"제조업 > 전자 부품, 컴퓨터, 영상, 음향 및 통신장비 제조업 > 영상 및 음향 기기 제조업 > 텔레비전, 비디오 및 기타 영상 기기 제조업"
323005__example0,323005,example,LCD TV 제조
323005__example1,323005,example,PDP(플라즈마) TV
323005__example2,323005,example,브라운관 TV 제조
323005__example3,323005,example,휴대용 텔레비전 제조
323005__xref0,323005,xref,텔레비전 제조
323005__xref1,323005,xref,텔레비전 및 안테나 제조
323006__name0,323006,name,"라디오, 녹음 및 재생 기기 제조업"
323006__hier0,323006,hier,"제조업 > 전자 부품, 컴퓨터, 영상, 음향 및 통신장비 제조업 > 영상 및 음향 기기 제조업 > 오디오, 스피커 및 기타 음향 기기 제조업"
323006__example0,323006,example,라디오 제조
323006__example1,323006,example,녹음기 제조
323006__example2,323006,example,MP3 플레이어 제조
323006__example3,323006,example,카세트 제조
323006__xref0,323006,xref,텔레비전 및 안테나 제조
323007__name0,323007,name,기타 음향기기 제조업
323007__hier0,323007,hier,"제조업 > 전자 부품, 컴퓨터, 영상, 음향 및 통신장비 제조업 > 영상 및 음향 기기 제조업 > 오디오, 스피커 및 기타 음향 기기 제조업"
323007__example0,323007,example,스피커 제조
323007__example1,323007,example,"이어폰, 헤드폰 제조"
323007__example2,323007,example,마이크로폰 제조
323007__example3,323007,example,확성기 제조
323007__xref0,323007,xref,텔레비전 및 안테나 제조
331100__name0,331100,name,전기식 진단 및 요법 기기 제조업
331100__hier0,331100,hier,"제조업 > 의료, 정밀, 광학 기기 및 시계 제조업 > 의료용 기기 제조업 > 방사선 장치 및 전기식 진단 기기 제조업"
331100__example0,331100,example,심전계 제조
331100__example1,331100,example,뇌파계 제조
331100__example2,331100,example,혈압 측정기 제조
331100__example3,331100,example,청력 검사용 기구 제조
331100__example4,331100,example,전기 요법용 기기 제조
331100__example5,331100,example,인공 보육기 제조
331100__xref0,331100,xref,엑스선 장치 제조
331100__xref1,331100,xref,치과용 전기식 진단 기기 제조
331100__xref2,331100,xref,전기 또는 전자식 진단 기기 제조
331100__xref3,331100,xref,실험실용 및 치과용 초음파 세척기 제조
331101__name0,331101,name,치과기공물 제조업
331101__name1,331101,name,치과용 임플란트 제조업
331101__hier0,331101,hier,"제조업 > 의료, 정밀, 광학 기기 및 시계 제조업 > 의료용 기기 제조업 > 기타 의료용 기기 제조업"
331101__ksic0,331101,ksic,"치과기공물 제조업, 치과용 임플란트 제조업"
331101__desc0,331101,desc,치과기공소
331101__example0,331101,example,치과 기공물
331101__example1,331101,example,교정장치
331101__example2,331101,example,충전물
331101__example3,331101,example,작업 모형 제조
331101__example4,331101,example,의치 및 틀니 제조
331101__example5,331101,example,치과용 임플란트
331101__xref0,331101,xref,비전기식 진단용 기기 제조
331101__xref1,331101,xref,인조 치아 제조
331101__xref2,331101,xref,치과 기공소
331101__xref3,331101,xref,치과기공물 제조
331101__xref4,331101,xref,치과용 임플란트 제조
331101__xref5,331101,xref,의료 검사용 조명등 제조
331101__xref6,331101,xref,의료검사용 조명등 제조
331101__xref7,331101,xref,의료용 기계식 안마기 제조
331101__xref8,331101,xref,실험실용 및 치과용 초음파 세척기 제조
331101__xref9,331101,xref,의료용 또는 실험실용 살균기 제조
331102__name0,331102,name,그 외 기타 의료용 기기 제조업
331102__hier0,331102,hier,"제조업 > 의료, 정밀, 광학 기기 및 시계 제조업 > 의료용 기기 제조업 > 기타 의료용 기기 제조업"
331102__example0,331102,example,기계적 요법 기구 제조
331102__example1,331102,example,물리요법용 기기 제조
331102__example2,331102,example,시력 측정기 제조
331102__example3,331102,example,임신 진단기 제조
331102__example4,331102,example,안과용 기기 제조
331102__example5,331102,example,비전기식 진단용 기기 제조
331102__example6,331102,example,주사기 및 주사 바늘 제조
331102__example7,331102,example,수혈 세트 및 수액 세트 제조
331102__example8,331102,example,인공 신장기용 투석기 제조
331102__example9,331102,example,산소 흡입기 제조
331102__example10,331102,example,심리학적 적성 검사용 기기 제조
331102__example11,331102,example,산부인과용 기기 제조
331102__example12,331102,example,의료용 검사 램프 제조
331102__example13,331102,example,광학식 내시경 제조
331102__example14,331102,example,"의료용, 이화학용 살균기 제조"
331102__example15,331102,example,에어로졸 치료기 제조
331102__example16,331102,example,가스 마스크 제조
331102__example17,331102,example,의료 마사지용 기기 제조
331102__xref0,331102,xref,의사용 의료대
331102__xref1,331102,xref,의료 검사용 조명등 제조
331102__xref2,331102,xref,의료검사용 조명등 제조
331102__xref3,331102,xref,의료용 기계식 안마기 제조
331102__xref4,331102,xref,실험실용 및 치과용 초음파 세척기 제조
331102__xref5,331102,xref,의료용 또는 실험실용 살균기 제조
331103__name0,331103,name,방사선 장치 제조업
331103__hier0,331103,hier,"제조업 > 의료, 정밀, 광학 기기 및 시계 제조업 > 의료용 기기 제조업 > 방사선 장치 및 전기식 진단 기기 제조업"
331103__example0,331103,example,X선 장치 제조
331103__example1,331103,example,CT 제조
331103__example2,331103,example,자동 단층 촬영기 제조
331103__example3,331103,example,혈관 조영 촬영 장치 제조
331103__example4,331103,example,공업용 방사선 장치 제조
331103__example5,331103,example,실험 검사용 방사선 장치 제조
331103__xref0,331103,xref,엑스선 장치 제조
331103__xref1,331103,xref,진단용 방사선 장치 제조
331103__xref2,331103,xref,진단 및 요법용 방사선 장비 제조
331103__xref3,331103,xref,방사선 기기용 고주파 발생기(변압기) 제조
331103__xref4,331103,xref,실험실용 및 치과용 초음파 세척기 제조
331104__name0,331104,name,치과용 기기 제조업
331104__hier0,331104,hier,"제조업 > 의료, 정밀, 광학 기기 및 시계 제조업 > 의료용 기기 제조업 > 기타 의료용 기기 제조업"
331104__example0,331104,example,"치과용 드릴(버, bur) 제조"
331104__example1,331104,example,치석 제거기 제조
331104__example2,331104,example,치과용 유니트 제조
331104__xref0,331104,xref,비전기식 진단용 기기 제조
331104__xref1,331104,xref,의료 검사용 조명등 제조
331104__xref2,331104,xref,의료검사용 조명등 제조
331104__xref3,331104,xref,의료용 기계식 안마기 제조
331104__xref4,331104,xref,실험실용 및 치과용 초음파 세척기 제조
331104__xref5,331104,xref,의료용 또는 실험실용 살균기 제조
331105__name0,331105,name,정형 외과용 및 신체 보정용 기기 제조업
331105__hier0,331105,hier,"제조업 > 의료, 정밀, 광학 기기 및 시계 제조업 > 의료용 기기 제조업 > 기타 의료용 기기 제조업"
331105__example0,331105,example,인공 장기 제조
331105__example1,331105,example,골절 치료구 제조
331105__example2,331105,example,보청기 제조
331105__example3,331105,example,부목 제조(골절 치료용)
331105__example4,331105,example,인체 보정기 제조
331105__example5,331105,example,인체 부분 제조(인조)
331105__example6,331105,example,보정용 의안(인조 눈) 제조
331105__xref0,331105,xref,정형외과용품 제조
331105__xref1,331105,xref,보정용 인조 안구(眼球) 제조
331105__xref2,331105,xref,비전기식 진단용 기기 제조
331105__xref3,331105,xref,정형외과용 기기 제조
331105__xref4,331105,xref,의료 검사용 조명등 제조
331105__xref5,331105,xref,의료검사용 조명등 제조
331105__xref6,331105,xref,의료용 기계식 안마기 제조
331105__xref7,331105,xref,실험실용 및 치과용 초음파 세척기 제조
331105__xref8,331105,xref,의료용 또는 실험실용 살균기 제조
331106__name0,331106,name,의료용 가구 제조업
331106__hier0,331106,hier,"제조업 > 의료, 정밀, 광학 기기 및 시계 제조업 > 의료용 기기 제조업 > 기타 의료용 기기 제조업"
331106__example0,331106,example,의료용 가구 제조
331106__example1,331106,example,치과용 의자 제조
331106__example2,331106,example,수의용 가구 제조
331106__example3,331106,example,미용실용 의자 제조
331106__xref0,331106,xref,비전기식 진단용 기기 제조
331106__xref1,331106,xref,의료 검사용 조명등 제조
331106__xref2,331106,xref,의료검사용 조명등 제조
331106__xref3,331106,xref,의료용 기계식 안마기 제조
331106__xref4,331106,xref,실험실용 및 치과용 초음파 세척기 제조
331106__xref5,331106,xref,의료용 또는 실험실용 살균기 제조
331201__name0,331201,name,"물질 검사, 측정 및 분석 기구 제조업"
331201__hier0,331201,hier,"제조업 > 의료, 정밀, 광학 기기 및 시계 제조업 > 측정, 시험, 항해, 제어 및 기타 정밀 기기 제조업; 광학 기기 제외 > 측정, 시험, 항해, 제어 및 기타 정밀 기기 제조업"
331201__example0,331201,example,부력 측정기 제조
331201__example1,331201,example,기압계 제조
331201__example2,331201,example,온도 및 습도계 제조
331201__example3,331201,example,액면 측정기 제조(액체
331201__example4,331201,example,기체)
331201__example5,331201,example,변량 검사용 기기 제조
331201__example6,331201,example,압력측정기 제조(액체
331201__example7,331201,example,색층 분석기 제조
331201__example8,331201,example,분광계 제조
331201__example9,331201,example,노출계 제조
331201__example10,331201,example,변량 측정기 제조
331201__example11,331201,example,마이크로톰(시료 절단기) 제조
331201__example12,331201,example,진동검사기 제조
331201__example13,331201,example,균형 및 평형 검사기 제조
331201__example14,331201,example,충격 검사기 제조
331201__example15,331201,example,제품 부조화 검사기 제조
331201__example16,331201,example,내연기관 시험대 제조
331201__example17,331201,example,자동차 브레이크 시험대 제조
331201__example18,331201,example,항장력(인장 강도) 시험기 제조
331201__example19,331201,example,역량계 제조
331201__example20,331201,example,압축 및 탄성 시험기 제조
331201__example21,331201,example,재료 시험기 제조
331201__xref0,331201,xref,반도체 시험 검사기 제조
331201__xref1,331201,xref,항공기에 사용되는 항공용 정밀기기 및 기타 과학기기 제조
331203__name0,331203,name,"레이더, 항행용 무선 기기 및 측량 기구 제조업"
331203__hier0,331203,hier,"제조업 > 의료, 정밀, 광학 기기 및 시계 제조업 > 측정, 시험, 항해, 제어 및 기타 정밀 기기 제조업; 광학 기기 제외 > 측정, 시험, 항해, 제어 및 기타 정밀 기기 제조업"
331203__example0,331203,example,항행용 무선기기 제조
331203__example1,331203,example,항행용 레이더 장치
331203__example2,331203,example,무선 원격 조절기 제조
331203__example3,331203,example,"군사용, 화기용, 항공기 침입 경계용 레이더 장치"
331203__example4,331203,example,계기 착륙 유도용 기기 및 교통 관제용 기기
331203__example5,331203,example,레이더 고도 측정 기기
331203__example6,331203,example,기상용 레이더 및 기상용 기구
331203__example7,331203,example,방향 탐지용 컴퍼스 제조
331203__example8,331203,example,토지 측량기 제조
331203__example9,331203,example,위성 항법장치(GPS) 수신 기기 제조
331203__example10,331203,example,광산의 폭파 또는 기계의 원격 조절용 무선 기기
331203__xref0,331203,xref,방향탐지용 컴퍼스 제조
331203__xref1,331203,xref,반도체 시험 검사기 제조
331203__xref2,331203,xref,항공기에 사용되는 항공용 정밀기기 및 기타 과학기기 제조
331204__name0,331204,name,"전자기 측정, 시험 및 분석 기구 제조업"
331204__hier0,331204,hier,"제조업 > 의료, 정밀, 광학 기기 및 시계 제조업 > 측정, 시험, 항해, 제어 및 기타 정밀 기기 제조업; 광학 기기 제외 > 측정, 시험, 항해, 제어 및 기타 정밀 기기 제조업"
331204__example0,331204,example,전압 측정 및 검사기 제조
331204__example1,331204,example,전류 측정 및 검사기 제조
331204__example2,331204,example,저항 검사기 제조
331204__example3,331204,example,전기 통신기기 검사기기(시험 및 분석기) 제조
331204__xref0,331204,xref,반도체 시험 검사기 제조
331204__xref1,331204,xref,항공기에 사용되는 항공용 정밀기기 및 기타 과학기기 제조
331205__name0,331205,name,속도계 및 적산계기 제조업
331205__hier0,331205,hier,"제조업 > 의료, 정밀, 광학 기기 및 시계 제조업 > 측정, 시험, 항해, 제어 및 기타 정밀 기기 제조업; 광학 기기 제외 > 측정, 시험, 항해, 제어 및 기타 정밀 기기 제조업"
331205__example0,331205,example,회전계 제조
331205__example1,331205,example,보수계기 제조
331205__example2,331205,example,공급량 계기 제조
331205__example3,331205,example,택시 미터기 제조
331205__example4,331205,example,전기 적산계기 제조
331205__example5,331205,example,가스 적산계기 제조
331205__xref0,331205,xref,전기 적산 공급계기 제조
331205__xref1,331205,xref,반도체 시험 검사기 제조
331205__xref2,331205,xref,항공기에 사용되는 항공용 정밀기기 및 기타 과학기기 제조
331206__name0,331206,name,기기용 자동 측정 및 제어장치 제조업
331206__hier0,331206,hier,"제조업 > 의료, 정밀, 광학 기기 및 시계 제조업 > 측정, 시험, 항해, 제어 및 기타 정밀 기기 제조업; 광학 기기 제외 > 측정, 시험, 항해, 제어 및 기타 정밀 기기 제조업"
331206__example0,331206,example,온도 자동 조정장치 제조(기기용)
331206__example1,331206,example,수위 자동 조정 제어장치 제조
331206__example2,331206,example,안전판 제조(기기용)
331206__example3,331206,example,가스버너 조정장치 제조(기기용)
331206__example4,331206,example,습도 조절장치 제조(기기용)
331206__example5,331206,example,매노우스타트 제조(기기용)
331206__example6,331206,example,공기 유입 조정장치 제조(기기용)
331206__xref0,331206,xref,주거 또는 상업환경 기기용의 자동조정 제어기구 제조
331206__xref1,331206,xref,상업 및 주거 환경용 기기 자동 조정장비 제조
331206__xref2,331206,xref,반도체 시험 검사기 제조
331206__xref3,331206,xref,항공기에 사용되는 항공용 정밀기기 및 기타 과학기기 제조
331207__name0,331207,name,"기타 측정, 시험, 항해, 제어 및 정밀 기기 제조업"
331207__hier0,331207,hier,"제조업 > 의료, 정밀, 광학 기기 및 시계 제조업 > 측정, 시험, 항해, 제어 및 기타 정밀 기기 제조업; 광학 기기 제외 > 측정, 시험, 항해, 제어 및 기타 정밀 기기 제조업"
331207__example0,331207,example,비광학 현미경 제조
331207__example1,331207,example,비광학 회절기 제조
331207__example2,331207,example,마이크로미터 제조
331207__example3,331207,example,캘리퍼스 제조
331207__example4,331207,example,측정용 눈금자 제조
331207__example5,331207,example,제도용 계산용구 제조
331207__example6,331207,example,감량저울 제조(감량 50밀리그램 이내의 것)
331207__example7,331207,example,기술자용 수지식 정밀 측정기 제조
331207__xref0,331207,xref,비광학식 현미경 제조
331207__xref1,331207,xref,정밀 측정용 감량저울 제조
331207__xref2,331207,xref,반도체 시험 검사기 제조
331207__xref3,331207,xref,항공기에 사용되는 항공용 정밀기기 및 기타 과학기기 제조
331207__xref4,331207,xref,자 및 제도용 기구 제조
331300__name0,331300,name,산업 처리공정 제어장비 제조업
331300__hier0,331300,hier,"제조업 > 의료, 정밀, 광학 기기 및 시계 제조업 > 측정, 시험, 항해, 제어 및 기타 정밀 기기 제조업; 광학 기기 제외 > 측정, 시험, 항해, 제어 및 기타 정밀 기기 제조업"
331300__example0,331300,example,습도 측정장치 제조
331300__example1,331300,example,가스 및 액체 분석계기 제조
331300__example2,331300,example,압력 측정장치 제조
331300__example3,331300,example,산업처리 자동조절용 기기 제조
331300__example4,331300,example,산업처리 공정용 컴퓨터 접속장치 제조
331300__example5,331300,example,산업처리 공정용 흐름 조정자 제조
331300__example6,331300,example,온도 변화에 반응하는 전기 저항기 제조
331300__xref0,331300,xref,산업처리 자동 측정 및 제어장비 제조
331300__xref1,331300,xref,산업처리용 전압 자동조정기 제조
331300__xref2,331300,xref,산업 처리공정 자동 측정 및 제어장비 제조
331300__xref3,331300,xref,반도체 시험 검사기 제조
331300__xref4,331300,xref,항공기에 사용되는 항공용 정밀기기 및 기타 과학기기 제조
332000__name0,332000,name,안경 및 안경렌즈 제조업
332000__hier0,332000,hier,"제조업 > 의료, 정밀, 광학 기기 및 시계 제조업 > 의료용 기기 제조업 > 기타 의료용 기기 제조업"
332000__example0,332000,example,각종 용도 안경 제조
332000__example1,332000,example,안경테 및 장착구 제조
332000__example2,332000,example,고글테 및 장착구 제조
332000__example3,332000,example,시력 교정용 안경 제조
332000__example4,332000,example,보호용 안경 제조
332000__example5,332000,example,선글라스 제조
332000__example6,332000,example,"안경렌즈, 콘택트 렌즈 제조"
332000__xref0,332000,xref,비전기식 진단용 기기 제조
332000__xref1,332000,xref,콘택트 렌즈 제조
332000__xref2,332000,xref,안경 렌즈 제조
332000__xref3,332000,xref,의료 검사용 조명등 제조
332000__xref4,332000,xref,의료검사용 조명등 제조
332000__xref5,332000,xref,의료용 기계식 안마기 제조
332000__xref6,332000,xref,실험실용 및 치과용 초음파 세척기 제조
332000__xref7,332000,xref,의료용 또는 실험실용 살균기 제조
332001__name0,332001,name,기타 광학기기 및 사진기 제조업
332001__hier0,332001,hier,"제조업 > 의료, 정밀, 광학 기기 및 시계 제조업 > 사진장비 및 광학 기기 제조업 > 사진장비 및 광학기기 제조업"
332001__example0,332001,example,마이크로 피시 리더 제조
332001__example1,332001,example,마이크로 폼 리더 제조
332001__example2,332001,example,환등기 제조
332001__example3,332001,example,마이크로 필름 리더 제조
332001__example4,332001,example,"대물렌즈 제조(사진기, 영사기용)"
332001__example5,332001,example,영사용 스크린 제조
332001__example6,332001,example,사진 노광용 기기 제조
332001__example7,332001,example,사진 노출용 기기 제조
332001__example8,332001,example,사진 확대기 및 축소기 제조
332001__example9,332001,example,빔 프로젝터 제조
332001__example10,332001,example,OHP 프로젝터 제조
332001__example11,332001,example,일반용 카메라 제조(방송 및 비디오용 제외)
332001__example12,332001,example,가정용 디지털 카메라 제조
332001__example13,332001,example,쌍안 확대경 제조
332001__example14,332001,example,광학 천체 관측용 기기 제조
332001__example15,332001,example,광학 망원경 제조
332001__example16,332001,example,광학 현미경 제조
332001__example17,332001,example,화기(火器)용 조정기 제조
332001__example18,332001,example,잠망경 제조
332001__example19,332001,example,광학 라이트빔 신호기 제조
332001__example20,332001,example,수지식 확대경 제조
332001__example21,332001,example,레이저 기기 제조(레이저 다이오드 제외)
332001__xref0,332001,xref,구입한 광학유리 생지 가공활동
332001__xref1,332001,xref,레이저 발생기 제조
332001__xref2,332001,xref,"카메라, 영사기, 사진기용 대물렌즈 제조"
332002__name0,332002,name,안경 및 안경렌즈 제조업
332002__hier0,332002,hier,"제조업 > 의료, 정밀, 광학 기기 및 시계 제조업 > 의료용 기기 제조업 > 기타 의료용 기기 제조업"
332002__desc0,332002,desc,안경렌즈
332002__example0,332002,example,각종 용도 안경 제조
332002__example1,332002,example,안경테 및 장착구 제조
332002__example2,332002,example,고글테 및 장착구 제조
332002__example3,332002,example,시력 교정용 안경 제조
332002__example4,332002,example,보호용 안경 제조
332002__example5,332002,example,선글라스 제조
332002__example6,332002,example,"안경렌즈, 콘택트 렌즈 제조"
332002__xref0,332002,xref,비전기식 진단용 기기 제조
332002__xref1,332002,xref,콘택트 렌즈 제조
332002__xref2,332002,xref,안경 렌즈 제조
332002__xref3,332002,xref,의료 검사용 조명등 제조
332002__xref4,332002,xref,의료검사용 조명등 제조
332002__xref5,332002,xref,의료용 기계식 안마기 제조
332002__xref6,332002,xref,실험실용 및 치과용 초음파 세척기 제조
332002__xref7,332002,xref,의료용 또는 실험실용 살균기 제조
332003__name0,332003,name,광학 렌즈 및 광학 요소 제조업
332003__hier0,332003,hier,"제조업 > 의료, 정밀, 광학 기기 및 시계 제조업 > 사진장비 및 광학 기기 제조업 > 사진장비 및 광학기기 제조업"
332003__example0,332003,example,광섬유 제조
332003__example1,332003,example,프리즘 제조
332003__example2,332003,example,광학용품 제조
332003__example3,332003,example,반사경 제조
332003__example4,332003,example,편광재료제의 판 제조
332003__example5,332003,example,렌즈 제조
332003__xref0,332003,xref,구입한 광학유리 생지 가공활동
332004__name0,332004,name,기타 광학기기 및 사진기 제조업
332004__hier0,332004,hier,"제조업 > 의료, 정밀, 광학 기기 및 시계 제조업 > 사진장비 및 광학 기기 제조업 > 사진장비 및 광학기기 제조업"
332004__example0,332004,example,마이크로 피시 리더 제조
332004__example1,332004,example,마이크로 폼 리더 제조
332004__example2,332004,example,환등기 제조
332004__example3,332004,example,마이크로 필름 리더 제조
332004__example4,332004,example,"대물렌즈 제조(사진기, 영사기용)"
332004__example5,332004,example,영사용 스크린 제조
332004__example6,332004,example,사진 노광용 기기 제조
332004__example7,332004,example,사진 노출용 기기 제조
332004__example8,332004,example,사진 확대기 및 축소기 제조
332004__example9,332004,example,빔 프로젝터 제조
332004__example10,332004,example,OHP 프로젝터 제조
332004__example11,332004,example,일반용 카메라 제조(방송 및 비디오용 제외)
332004__example12,332004,example,가정용 디지털 카메라 제조
332004__example13,332004,example,쌍안 확대경 제조
332004__example14,332004,example,광학 천체 관측용 기기 제조
332004__example15,332004,example,광학 망원경 제조
332004__example16,332004,example,광학 현미경 제조
332004__example17,332004,example,화기(火器)용 조정기 제조
332004__example18,332004,example,잠망경 제조
332004__example19,332004,example,광학 라이트빔 신호기 제조
332004__example20,332004,example,수지식 확대경 제조
332004__example21,332004,example,레이저 기기 제조(레이저 다이오드 제외)
332004__xref0,332004,xref,구입한 광학유리 생지 가공활동
332004__xref1,332004,xref,레이저 발생기 제조
332004__xref2,332004,xref,"카메라, 영사기, 사진기용 대물렌즈 제조"
333000__name0,333000,name,시계 및 시계 부품 제조업
333000__hier0,333000,hier,"제조업 > 의료, 정밀, 광학 기기 및 시계 제조업 > 측정, 시험, 항해, 제어 및 기타 정밀기기 제조업; 광학기기 제외 > 시계 및 시계 부품 제조업"
333000__example0,333000,example,회중시계 제조
333000__example1,333000,example,시계 작동부 제조
333000__example2,333000,example,전자시계 제조
333000__example3,333000,example,타임 스위치 제조
333000__example4,333000,example,금속제 시곗줄 제조
333000__example5,333000,example,시계 부품 제조
333000__example6,333000,example,시계 케이스 제조
333000__xref0,333000,xref,시계 구동부 제조
333000__xref1,333000,xref,귀금속제의 시계 및 시계 부품 제조
341001__name0,341001,name,내연기관 화물자동차 및 특수목적용 자동차 제조업
341001__name1,341001,name,전기 화물자동차 및 특수목적용 전기 자동차 제조업
341001__hier0,341001,hier,제조업 > 자동차 및 트레일러 제조업 > 자동차용 엔진 및 자동차 제조업 > 자동차 제조업
341001__ksic0,341001,ksic,"내연기관 화물자동차 및 특수목적용 자동차 제조업, 전기 화물자동차 및 특수목적용 전기 자동차 제조업"
341001__example0,341001,example,기중기차 제조
341001__example1,341001,example,도로 주행용 덤프 트럭 제조
341001__example2,341001,example,소방차 제조
341001__example3,341001,example,특수 목적용 자동차 제조(승용 제외)
341001__example4,341001,example,도로 청소차 제조
341001__example5,341001,example,콘크리트 믹서 운반차 제조
341001__example6,341001,example,이동 공작차 제조
341001__example7,341001,example,살포차 제조
341001__example8,341001,example,이동 방송차 제조
341001__example9,341001,example,구난차 제조
341001__example10,341001,example,전기 기중기차 제조
341001__example11,341001,example,도로 주행용 전기 덤프 트럭 제조
341001__example12,341001,example,전기 소방차 제조
341001__example13,341001,example,특수 목적용 전기 자동차 제조(승용 제외)
341001__example14,341001,example,도로 전기 청소차 제조
341001__example15,341001,example,전기 콘크리트 믹서 운반차 제조
341001__example16,341001,example,전기 이동 공작차 제조
341001__example17,341001,example,전기 살포차 제조
341001__example18,341001,example,전기 이동 방송차 제조
341001__example19,341001,example,전기 구난차 제조
341001__xref0,341001,xref,도로 주행용 세미 트레일러 트랙터 제조
341001__xref1,341001,xref,콘크리트 믹서 운반용 차량 제조
341001__xref2,341001,xref,도로주행용 일반 덤프 트럭 제조
341001__xref3,341001,xref,통화 운반용 또는 귀금속 운반용 장갑 차량 제조
341003__name0,341003,name,자동차용 엔진 제조업
341003__hier0,341003,hier,제조업 > 자동차 및 트레일러 제조업 > 자동차용 엔진 및 자동차 제조업 > 자동차용 엔진 제조업
341003__example0,341003,example,압축 점화식 내연기관 제조
341003__example1,341003,example,왕복식 피스톤 내연기관 제조
341003__example2,341003,example,불꽃 점화식 내연기관 제조
341003__example3,341003,example,회전식 피스톤 내연기관 제조
341004__name0,341004,name,내연기관 승용차 및 기타 여객용 자동차 제조
341004__name1,341004,name,전기 승용차 및 기타 여객용 전기 자동차 제조업
341004__hier0,341004,hier,제조업 > 자동차 및 트레일러 제조업 > 자동차용 엔진 및 자동차 제조업 > 자동차 제조업
341004__ksic0,341004,ksic,"내연기관 승용차 및 기타 여객용 자동차 제조, 전기 승용차 및 기타 여객용 전기 자동차 제조업"
341004__example0,341004,example,설상용 승용차량 제조
341004__example1,341004,example,골프용 차량 제조
341004__example2,341004,example,특수 목적용 승용차 제조
341004__example3,341004,example,대중 수송용 자동차 제조
341004__example4,341004,example,스테이션 왜건 제조
341004__example5,341004,example,구급차 제조
341004__example6,341004,example,설상용 전기 승용차량 제조
341004__example7,341004,example,골프용 전기 차량 제조
341004__example8,341004,example,특수 목적용 전기 승용차 제조
341004__example9,341004,example,대중 수송용 전기 자동차 제조
341004__example10,341004,example,전기 자동차인 스테이션 왜건 제조
341004__example11,341004,example,전기 구급차 제조
341004__xref0,341004,xref,도로 주행용 세미 트레일러 트랙터 제조
341004__xref1,341004,xref,콘크리트 믹서 운반용 차량 제조
341004__xref2,341004,xref,도로주행용 일반 덤프 트럭 제조
341004__xref3,341004,xref,통화 운반용 또는 귀금속 운반용 장갑 차량 제조
342000__name0,342000,name,트레일러 및 세미 트레일러 제조업
342000__hier0,342000,hier,제조업 > 자동차 및 트레일러 제조업 > 자동차 차체 및 트레일러 제조업 > 자동차 차체 및 트레일러 제조업
342000__example0,342000,example,트레일러 제조
342000__example1,342000,example,트레일러 부분품 제조
342000__example2,342000,example,차량용 컨테이너 제조
342000__example3,342000,example,리프트용 운반 컨테이너 제조
342000__xref0,342000,xref,산업용 트레일러 제조
342001__name0,342001,name,차체 및 특장차 제조업
342001__hier0,342001,hier,제조업 > 자동차 및 트레일러 제조업 > 자동차 차체 및 트레일러 제조업 > 자동차 차체 및 트레일러 제조업
342001__example0,342001,example,자동차 차체 제조
342001__example1,342001,example,여객 운송용 특장차 제조
342001__example2,342001,example,소방차 특장 제조
342001__example3,342001,example,농업용 살포차 특장 제조
342001__example4,342001,example,기중기차 특장 제조
342001__example5,342001,example,특수목적용 차량 특장 제조
342001__example6,342001,example,특수 운송차량 특장 제조
342001__example7,342001,example,콘크리트 믹서 운반차 특장 제조
342002__name0,342002,name,자동차 구조 및 장치 변경업
342002__hier0,342002,hier,제조업 > 자동차 및 트레일러 제조업 > 자동차 차체 및 트레일러 제조업 > 자동차 차체 및 트레일러 제조업
343000__name0,343000,name,그 외 자동차용 신품 부품 제조업
343000__hier0,343000,hier,제조업 > 자동차 및 트레일러 제조업 > 자동차 신품 부품 제조업 > 자동차용 기타 신품 부품 제조업
343000__example0,343000,example,에어백 조립품 제조
343000__example1,343000,example,자동차용 방열기 제조
343000__example2,343000,example,소음기 제조
343000__example3,343000,example,냉각장치 제조
343000__example4,343000,example,보기륜(로드휠) 및 그 부분품 제조
343000__example5,343000,example,배기관 제조
343000__example6,343000,example,연료탱크 제조
343000__example7,343000,example,차륜 제조
343000__example8,343000,example,안전벨트 제조
343000__example9,343000,example,조립된 자동차용 섀시 프레임 제조
343000__xref0,343000,xref,자동차의 자동변속기 제조
343001__name0,343001,name,자동차 엔진용 신품 부품 제조업
343001__hier0,343001,hier,제조업 > 자동차 및 트레일러 제조업 > 자동차 신품 부품 제조업 > 자동차 엔진용 신품 부품 제조업
343001__example0,343001,example,기화기(카뷰레터) 제조
343001__example1,343001,example,피스톤 제조
343001__example2,343001,example,피스톤 링 및 밸브 제조
343001__example3,343001,example,엔진 부분품 제조
343001__example4,343001,example,엔진용 냉각장치 제조
343001__example5,343001,example,"배기장치(밸브, 매니폴드 등) 제조"
343001__example6,343001,example,실린더 블록 및 헤드 제조
343001__xref0,343001,xref,자동차의 자동변속기 제조
343002__name0,343002,name,자동차 차체용 신품 부품 제조업
343002__hier0,343002,hier,제조업 > 자동차 및 트레일러 제조업 > 자동차 신품 부품 제조업 > 자동차 차체용 신품 부품 제조업
343002__example0,343002,example,자동차용 조립 패널 제조
343002__example1,343002,example,자동차용 보닛(덮개) 제조
343002__example2,343002,example,차량용 문짝(도어) 제조
343002__example3,343002,example,범퍼 제조
343002__example4,343002,example,계기반(dashboard) 조립품 제조(자동차용)
343002__example5,343002,example,"자동차 도어, 천장, 트렁크 제조"
343002__xref0,343002,xref,자동차의 자동변속기 제조
343002__xref1,343002,xref,차체용 신품 부품 및 부속품 제조
343003__name0,343003,name,자동차용 신품 동력 전달장치 제조업
343003__hier0,343003,hier,제조업 > 자동차 및 트레일러 제조업 > 자동차 신품 부품 제조업 > 자동차용 신품 동력 전달장치 및 전기장치 제조업
343003__example0,343003,example,기어 및 수동
343003__example1,343003,example,자동 변속기 제조
343003__example2,343003,example,클러치 및 부분품 제조
343003__example3,343003,example,구동 차축 제조
343003__xref0,343003,xref,자동차의 자동변속기 제조
343004__name0,343004,name,자동차용 신품 전기장치 제조업
343004__hier0,343004,hier,제조업 > 자동차 및 트레일러 제조업 > 자동차 신품 부품 제조업 > 자동차용 신품 동력 전달장치 및 전기장치 제조업
343004__example0,343004,example,자동차용 발전기 제조
343004__example1,343004,example,자동차용 교류기 제조
343004__example2,343004,example,점화 플러그 제조
343004__example3,343004,example,점화 배선 제조
343004__example4,343004,example,파워 윈도우 시스템 제조
343004__example5,343004,example,"제무기, 제상기, 와이퍼 제조"
343004__example6,343004,example,차량용 전압 조절기 제조
343004__example7,343004,example,자동차용 크랭크 회전식 모터 제조
343004__xref0,343004,xref,"자동차용 발전기와 크랭크, 회전식 모터 제조"
343004__xref1,343004,xref,자동차용 신품 모터 시동기 제조
343004__xref2,343004,xref,자동차 내연기관용 전기장치 및 배선장치 제조
343004__xref3,343004,xref,"와이퍼, 제상기, 제무기 등 차량용 전기장치(조명장치 제외) 제조"
343004__xref4,343004,xref,자동차용 제무기 및 제상기 제조
343004__xref5,343004,xref,자동차의 자동변속기 제조
343005__name0,343005,name,자동차용 신품 조향장치 및 현가장치 제조업
343005__hier0,343005,hier,제조업 > 자동차 및 트레일러 제조업 > 자동차 신품 부품 제조업 > 자동차용 기타 신품 부품 제조업
343005__example0,343005,example,"완충기, 서스펜션 및 부분품 제조"
343005__example1,343005,example,운전대 및 운전 박스 제조
343005__example2,343005,example,기타 조향장치 제조
343005__example3,343005,example,기타 현가장치 제조
343005__xref0,343005,xref,자동차의 자동변속기 제조
343006__name0,343006,name,자동차용 신품 제동장치 제조업
343006__hier0,343006,hier,제조업 > 자동차 및 트레일러 제조업 > 자동차 신품 부품 제조업 > 자동차용 기타 신품 부품 제조업
343006__example0,343006,example,자동차용 브레이크 및 관련 부분품 제조
343006__example1,343006,example,자동차용 전자 제어식 제동장치(ABS) 제조
343006__example2,343006,example,제동장치 및 부분품 제조
343006__xref0,343006,xref,자동차의 자동변속기 제조
343007__name0,343007,name,자동차 재제조 부품 제조업
343007__hier0,343007,hier,제조업 > 자동차 및 트레일러 제조업 > 자동차 재제조 부품 제조업 > 자동차 재제조 부품 제조업
343007__example0,343007,example,자동차 엔진 및 차체 재제조 부품 제조
343007__example1,343007,example,자동차 재제조 동력 전달장치
343007__example2,343007,example,전기장치
343007__example3,343007,example,제동장치
343007__example4,343007,example,현가장치
343007__example5,343007,example,조 향장치 및 기타 재제조 부품 제조
351101__name0,351101,name,강선 건조업
351101__hier0,351101,hier,제조업 > 기타 운송장비 제조업 > 선박 및 보트 건조업 > 선박 및 수상 부유 구조물 건조업
351101__example0,351101,example,유조선 제조
351101__example1,351101,example,군함 제조
351101__example2,351101,example,화물 및 여객 운송용 강선 제조
351101__example3,351101,example,화물 및 수산물 운반용 냉동선 제조
351101__example4,351101,example,구명 보트 제조
351101__example5,351101,example,예인선 및 푸셔 크라프트 제조
351101__example6,351101,example,페리 보트(도선) 제조
351101__example7,351101,example,"어선 및 어획물 가공용, 저장용 선박 제조"
351102__name0,351102,name,기타 선박 건조업
351102__hier0,351102,hier,제조업 > 기타 운송장비 제조업 > 선박 및 보트 건조업 > 선박 및 수상 부유 구조물 건조업
351102__desc0,351102,desc,목선
351102__example0,351102,example,준설선 제조
351102__example1,351102,example,병원선 제조
351102__example2,351102,example,학술 연구선 및 시험선 제조
351102__example3,351102,example,해난 구조선 제조
351102__example4,351102,example,소방선 제조
351102__example5,351102,example,비항해용 선박 제조
351102__example6,351102,example,수상 구조물 제조
351102__example7,351102,example,수상 작업대 제조
351102__example8,351102,example,물에 뜨는 구조물 제조
351102__example9,351102,example,수상 부유 작업대 제조
351102__xref0,351102,xref,"병원선, 학술 연구선, 시험선 등 특수 선박 제조"
351103__name0,351103,name,선박 구성 부분품 제조업
351103__hier0,351103,hier,제조업 > 기타 운송장비 제조업 > 선박 및 보트 건조업 > 선박 및 수상 부유 구조물 건조업
351103__example0,351103,example,선박 구성 부분품 제조
351103__example1,351103,example,수상 부유 구조물 구성 부분품 제조
351103__xref0,351103,xref,선박 및 부유물용 조립 부분품 제조
351104__name0,351104,name,금속류 해체 및 선별업
351104__hier0,351104,hier,"수도, 하수 및 폐기물 처리, 원료 재생업 > 폐기물 수집, 운반, 처리 및 원료 재생업 > 해체, 선별 및 원료 재생업 > 금속류 해체, 선별 및 원료 재생업"
351104__desc0,351104,desc,선박해체
351104__xref0,351104,xref,농축산물 폐기물 처리장 운영
351104__xref1,351104,xref,고무 재생제품 제조용 가공 이차원료 생산
351104__xref2,351104,xref,재생 플라스틱제품 제조용 이차 원료 생산
351104__xref3,351104,xref,연속 라인에 의한 재생원료 선별 활동
351105__name0,351105,name,기타 선박 건조업
351105__hier0,351105,hier,제조업 > 기타 운송장비 제조업 > 선박 및 보트 건조업 > 선박 및 수상 부유 구조물 건조업
351105__desc0,351105,desc,"쇄빙선,공장선 및 특수선박"
351105__example0,351105,example,준설선 제조
351105__example1,351105,example,병원선 제조
351105__example2,351105,example,학술 연구선 및 시험선 제조
351105__example3,351105,example,해난 구조선 제조
351105__example4,351105,example,소방선 제조
351105__example5,351105,example,비항해용 선박 제조
351105__example6,351105,example,수상 구조물 제조
351105__example7,351105,example,수상 작업대 제조
351105__example8,351105,example,물에 뜨는 구조물 제조
351105__example9,351105,example,수상 부유 작업대 제조
351105__xref0,351105,xref,"병원선, 학술 연구선, 시험선 등 특수 선박 제조"
351106__name0,351106,name,합성수지선 건조업
351106__hier0,351106,hier,제조업 > 기타 운송장비 제조업 > 선박 및 보트 건조업 > 선박 및 수상 부유 구조물 건조업
351106__example0,351106,example,합성수지선 건조
351107__name0,351107,name,기타 선박 건조업
351107__hier0,351107,hier,제조업 > 기타 운송장비 제조업 > 선박 및 보트 건조업 > 선박 및 수상 부유 구조물 건조업
351107__example0,351107,example,준설선 제조
351107__example1,351107,example,병원선 제조
351107__example2,351107,example,학술 연구선 및 시험선 제조
351107__example3,351107,example,해난 구조선 제조
351107__example4,351107,example,소방선 제조
351107__example5,351107,example,비항해용 선박 제조
351107__example6,351107,example,수상 구조물 제조
351107__example7,351107,example,수상 작업대 제조
351107__example8,351107,example,물에 뜨는 구조물 제조
351107__example9,351107,example,수상 부유 작업대 제조
351107__xref0,351107,xref,"병원선, 학술 연구선, 시험선 등 특수 선박 제조"
351200__name0,351200,name,오락 및 스포츠용 보트 건조업
351200__hier0,351200,hier,제조업 > 기타 운송장비 제조업 > 선박 및 보트 건조업 > 오락 및 스포츠용 보트 건조업
351200__example0,351200,example,유람용 보트 제조
351200__example1,351200,example,경기용 선박 제조
351200__example2,351200,example,운동용 선박 제조
351200__example3,351200,example,카약 제조
351200__example4,351200,example,구명정(노 추진식) 제조
351200__example5,351200,example,커터 제조
351200__example6,351200,example,낚시용 보트 제조
352000__name0,352000,name,철도 차량 부품 및 관련 장치물 제조업
352000__hier0,352000,hier,제조업 > 기타 운송장비 제조업 > 철도장비 제조업 > 철도장비 제조업
352000__example0,352000,example,철도 차량 전용 부품 제조
352000__example1,352000,example,전철기 제조
352000__example2,352000,example,막대식 교통 통제기 제조
352000__example3,352000,example,철도 차량용 의자(시트) 제조
352001__name0,352001,name,기관차 및 기타 철도 차량 제조업
352001__hier0,352001,hier,제조업 > 기타 운송장비 제조업 > 철도장비 제조업 > 철도장비 제조업
352001__example0,352001,example,객차 제조
352001__example1,352001,example,화차 제조
352001__example2,352001,example,철도 차량 제조
352001__example3,352001,example,유지
352001__example4,352001,example,보수용 철도 차량 제조
352001__xref0,352001,xref,증기 기관차 제조
353000__name0,353000,name,항공기용 부품 제조업
353000__hier0,353000,hier,"제조업 > 기타 운송장비 제조업 > 항공기, 우주선 및 부품 제조업 > 항공기용 엔진 및 부품 제조업"
353000__example0,353000,example,항공기 엔진용 부품 제조
353000__example1,353000,example,항공기 갑판 착륙장치용 부품 제조
353000__example2,353000,example,항공기 발진장치용 부품 제조
353000__example3,353000,example,항공기 보조장치용 부품 제조
353000__example4,353000,example,항공기용 의자(시트) 제조
353000__xref0,353000,xref,터보 제트 및 터보 프로펠러 제조
353001__name0,353001,name,"유인 항공기, 항공 우주선 및 보조장치 제조업"
353001__hier0,353001,hier,"제조업 > 기타 운송장비 제조업 > 항공기, 우주선 및 부품 제조업 > 항공기, 우주선 및 보조장치 제조업"
353001__example0,353001,example,활공기 제조
353001__example1,353001,example,비행용 기구 제조
353001__example2,353001,example,인공위성 제조(각종용)
353001__example3,353001,example,무동력 항공기 제조
353001__example4,353001,example,지상 비행훈련 장치 제조
353001__example5,353001,example,패러글라이딩 제조
353001__example6,353001,example,대륙간 탄도 미사일 및 유사 미사일 제조
353001__xref0,353001,xref,대륙간 탄도미사일 제조
353001__xref1,353001,xref,통신위성 제조
353002__name0,353002,name,무인 항공기 및 무인 비행장치 제조업
353002__hier0,353002,hier,"제조업 > 기타 운송장비 제조업 > 항공기, 우주선 및 부품 제조업 > 항공기, 우주선 및 보조장치 제조업"
353002__example0,353002,example,"무인 항공기(드론, drone) 제조"
353002__example1,353002,example,무인 비행장치 제조
353003__name0,353003,name,항공기용 엔진 제조업
353003__hier0,353003,hier,"제조업 > 기타 운송장비 제조업 > 항공기, 우주선 및 부품 제조업 > 항공기용 엔진 및 부품 제조업"
353003__example0,353003,example,반동기관 제조
353003__example1,353003,example,항공기용 내연기관 제조
353003__example2,353003,example,터보 제트기관 제조
353003__example3,353003,example,램제트 및 펄스제트 엔진 제조
353003__xref0,353003,xref,터보 제트 및 터보 프로펠러 제조
359100__name0,359100,name,모터사이클 제조업
359100__name1,359100,name,개인용 전기식 이동수단 제조업
359100__hier0,359100,hier,제조업 > 기타 운송장비 제조업 > 그 외 기타 운송장비 제조업 > 모터사이클 및 개인용 전기식 이동수단 제조업
359100__ksic0,359100,ksic,"모터사이클 제조업, 개인용 전기식 이동수단 제조업"
359100__example0,359100,example,모터사이클 제조
359100__example1,359100,example,모페드(발동기가 달린 자전거) 제조
359100__example2,359100,example,오토바이 제조
359100__example3,359100,example,사이드카 제조
359100__xref0,359100,xref,보조 원동기가 장착된 자전거 및 자전거용 사이드카 제조
359200__name0,359200,name,자전거 및 환자용 차량 제조업
359200__hier0,359200,hier,제조업 > 기타 운송장비 제조업 > 그 외 기타 운송장비 제조업 > 그 외 기타 분류 안된 운송장비 제조업
359200__example0,359200,example,배달용 삼륜 자전거 제조
359200__example1,359200,example,신체 장애자용 운송장비 제조
359200__example2,359200,example,이륜 자전거 및 기타 자전거 제조(원동기가 장착되지 않은)
359200__example3,359200,example,환자용 운송장비 제조(동력식 또는 비동력식 포함)
359200__example4,359200,example,유모차 제조
359200__xref0,359200,xref,자전거 및 환자용 자동 차량 제조
359200__xref1,359200,xref,환자용 차량 제조
359200__xref2,359200,xref,어린이용 이륜자전거 제조
359201__name0,359201,name,전투용 차량 제조업
359201__hier0,359201,hier,제조업 > 기타 운송장비 제조업 > 그 외 기타 운송장비 제조업 > 전투용 차량 제조업
359201__example0,359201,example,전차 제조
359201__example1,359201,example,장갑 차량 제조
359201__example2,359201,example,탱크 제조
359201__xref0,359201,xref,"탱크, 전차 제조"
359202__name0,359202,name,그 외 기타 달리 분류되지 않은 운송장비 제조업
359202__hier0,359202,hier,제조업 > 기타 운송장비 제조업 > 그 외 기타 운송장비 제조업 > 그 외 기타 분류 안된 운송장비 제조업
359202__example0,359202,example,손수레 제조
359202__example1,359202,example,운송용 썰매 제조
359202__example2,359202,example,우마차 제조
359202__example3,359202,example,바퀴 달린 운반용 통 제조
359202__example4,359202,example,매장 등에 사용되는 카트 제조
359202__xref0,359202,xref,특수 산업용 손수레 및 수동식 운반차량 제조
359202__xref1,359202,xref,자전거 및 환자용 자동 차량 제조
361001__name0,361001,name,금속 가구 제조업
361001__hier0,361001,hier,제조업 > 가구 제조업 > 가구 제조업 > 기타 가구 제조업
361001__example0,361001,example,금속 가구 제조
361001__example1,361001,example,금속 캐비닛 제조
361001__example2,361001,example,금속제 침대 제조
361001__example3,361001,example,내장 침대용 금속제 프레임(틀) 제조
361001__xref0,361001,xref,덮개를 씌우지 않은 셀룰러 플라스틱 매트리스 제조
361001__xref1,361001,xref,조립된 주방용 가구 제조
361001__xref2,361001,xref,일반용 가구 제조
361002__name0,361002,name,기타 목재 가구 제조업
361002__hier0,361002,hier,제조업 > 가구 제조업 > 가구 제조업 > 목재 가구 제조업
361002__example0,361002,example,가구 제조(목제)
361002__example1,361002,example,등 가구 제조
361002__example2,361002,example,일반 목제 가구 제조
361002__example3,361002,example,목제 캐비닛 제조
361002__example4,361002,example,목제 침대 제조
361002__example5,361002,example,내장 침대용 목제 프레임(틀) 제조
361002__example6,361002,example,나전칠기 가구 제조
361002__xref0,361002,xref,덮개를 씌우지 않은 셀룰러 플라스틱 매트리스 제조
361002__xref1,361002,xref,조립된 주방용 가구 제조
361002__xref2,361002,xref,일반용 가구 제조
361003__name0,361003,name,그 외 기타 가구 제조업
361003__hier0,361003,hier,제조업 > 가구 제조업 > 가구 제조업 > 기타 가구 제조업
361003__example0,361003,example,플라스틱 가구 제조
361003__example1,361003,example,플라스틱제 침대 제조
361003__example2,361003,example,내장 침대용 플라스틱제 프레임(틀) 제조
361003__xref0,361003,xref,덮개를 씌우지 않은 셀룰러 플라스틱 매트리스 제조
361003__xref1,361003,xref,조립된 주방용 가구 제조
361003__xref2,361003,xref,일반용 가구 제조
361005__name0,361005,name,매트리스 및 침대 제조업
361005__hier0,361005,hier,제조업 > 가구 제조업 > 가구 제조업 > 침대 및 내장 가구 제조업
361005__example0,361005,example,스프링 내장 매트리스 제조
361005__example1,361005,example,셀룰러 고무제 매트리스 제조
361005__example2,361005,example,셀룰러 플라스틱제 매트리스 제조
361005__example3,361005,example,매트리스 내장 침대 제조
361005__xref0,361005,xref,덮개를 씌우지 않은 셀룰러 플라스틱 매트리스 제조
361005__xref1,361005,xref,조립된 주방용 가구 제조
361005__xref2,361005,xref,일반용 가구 제조
361005__xref3,361005,xref,매트리스 및 내장 침대 제조
361005__xref4,361005,xref,목제 틀을 갖는 내장 가구 제조
361005__xref5,361005,xref,금속 틀을 가진 내장가구 제조
361006__name0,361006,name,소파 및 기타 내장 가구 제조업
361006__hier0,361006,hier,제조업 > 가구 제조업 > 가구 제조업 > 침대 및 내장 가구 제조업
361006__example0,361006,example,내장 의자 제조
361006__example1,361006,example,소파 제조
361006__example2,361006,example,침대겸용 의자 제조
361006__xref0,361006,xref,덮개를 씌우지 않은 셀룰러 플라스틱 매트리스 제조
361006__xref1,361006,xref,조립된 주방용 가구 제조
361006__xref2,361006,xref,일반용 가구 제조
361006__xref3,361006,xref,목제 틀을 갖는 내장 가구 제조
361006__xref4,361006,xref,금속 틀을 가진 내장가구 제조
361007__name0,361007,name,주방용 및 음식점용 목재 가구 제조업
361007__hier0,361007,hier,제조업 > 가구 제조업 > 가구 제조업 > 목재 가구 제조업
361007__example0,361007,example,주방 가구 제조
361007__example1,361007,example,싱크대 제조
361007__example2,361007,example,식탁 제조
361007__example3,361007,example,찬장 제조
361007__xref0,361007,xref,덮개를 씌우지 않은 셀룰러 플라스틱 매트리스 제조
361007__xref1,361007,xref,조립된 주방용 가구 제조
361007__xref2,361007,xref,일반용 가구 제조
361007__xref3,361007,xref,주방용 또는 음식점용 목재 가구 제조
369101__name0,369101,name,귀금속 및 관련제품 제조업
369101__hier0,369101,hier,제조업 > 기타 제품 제조업 > 귀금속 및 장신용품 제조업 > 귀금속 및 관련제품 제조업
369101__example0,369101,example,귀금속 장신용품 제조
369101__example1,369101,example,귀금속 목걸이 제조
369101__example2,369101,example,귀금속 메달 제조
369101__example3,369101,example,"귀석 제품 제조(합성, 재생)"
369101__example4,369101,example,귀금속제 주화 제조
369101__xref0,369101,xref,"귀금속제 경기 또는 예술용 트로피, 메달 제조"
369101__xref1,369101,xref,귀금속제 단추 제조
369101__xref2,369101,xref,귀금속제 머리 핀 제조
369200__name0,369200,name,기타 악기 및 전자 악기 제조업
369200__hier0,369200,hier,제조업 > 기타 제품 제조업 > 악기 제조업 > 악기 제조업
369200__example0,369200,example,현악기(전자 현악기 포함) 제조
369200__example1,369200,example,하프 제조
369200__example2,369200,example,바이올린 제조
369200__example3,369200,example,만도린 제조
369200__example4,369200,example,첼로 제조
369200__example5,369200,example,기타(전자 기타 포함) 제조
369200__example6,369200,example,국악 현악기 제조
369200__example7,369200,example,뮤지컬(뮤직) 박스 제조
369200__example8,369200,example,하모니카 제조
369200__example9,369200,example,관악기 제조
369200__example10,369200,example,리코더 제조
369200__example11,369200,example,트럼펫 제조
369200__example12,369200,example,트롬본 제조
369200__example13,369200,example,휘슬 제조
369200__example14,369200,example,목금 제조
369200__example15,369200,example,탬버린 제조
369200__example16,369200,example,북 제조
369200__example17,369200,example,마라카스 제조
369200__example18,369200,example,타악기 제조
369200__example19,369200,example,캐스터네츠 제조
369200__example20,369200,example,심벌즈 제조
369200__example21,369200,example,뮤지컬 소 제조
369200__example22,369200,example,아코디언 제조
369200__example23,369200,example,전자 악기(건반 악기 포함) 제조
369200__xref0,369200,xref,전자식 건반 현악기 제조
369201__name0,369201,name,건반 악기 제조업
369201__hier0,369201,hier,제조업 > 기타 제품 제조업 > 악기 제조업 > 악기 제조업
369201__example0,369201,example,"피아노, 하프시코드, 스피넷, 하모늄 제조"
369201__example1,369201,example,"오르간, 파이프 오르간 제조"
369202__name0,369202,name,기타 악기 및 전자 악기 제조업
369202__hier0,369202,hier,제조업 > 기타 제품 제조업 > 악기 제조업 > 악기 제조업
369202__desc0,369202,desc,"전자건반악기, 전자현악기"
369202__example0,369202,example,현악기(전자 현악기 포함) 제조
369202__example1,369202,example,하프 제조
369202__example2,369202,example,바이올린 제조
369202__example3,369202,example,만도린 제조
369202__example4,369202,example,첼로 제조
369202__example5,369202,example,기타(전자 기타 포함) 제조
369202__example6,369202,example,국악 현악기 제조
369202__example7,369202,example,뮤지컬(뮤직) 박스 제조
369202__example8,369202,example,하모니카 제조
369202__example9,369202,example,관악기 제조
369202__example10,369202,example,리코더 제조
369202__example11,369202,example,트럼펫 제조
369202__example12,369202,example,트롬본 제조
369202__example13,369202,example,휘슬 제조
369202__example14,369202,example,목금 제조
369202__example15,369202,example,탬버린 제조
369202__example16,369202,example,북 제조
369202__example17,369202,example,마라카스 제조
369202__example18,369202,example,타악기 제조
369202__example19,369202,example,캐스터네츠 제조
369202__example20,369202,example,심벌즈 제조
369202__example21,369202,example,뮤지컬 소 제조
369202__example22,369202,example,아코디언 제조
369202__example23,369202,example,전자 악기(건반 악기 포함) 제조
369202__xref0,369202,xref,전자식 건반 현악기 제조
369301__name0,369301,name,"체조, 육상 및 체력 단련용 장비 제조업"
369301__hier0,369301,hier,제조업 > 기타 제품 제조업 > 운동 및 경기용구 제조업 > 운동 및 경기용구 제조업
369301__example0,369301,example,헬스 장비 제조
369301__example1,369301,example,체조용품 제조
369301__example2,369301,example,체조용 링 제조
369301__example3,369301,example,클라이밍 로프 제조
369301__example4,369301,example,바벨 제조
369301__example5,369301,example,스프링 보드 제조
369301__xref0,369301,xref,경기용 네트 및 낚시용 고기망 제조
369301__xref1,369301,xref,"체조, 육상 및 체력 단련용 장비 제조"
369302__name0,369302,name,기타 운동 및 경기용구 제조업
369302__hier0,369302,hier,제조업 > 기타 제품 제조업 > 운동 및 경기용구 제조업 > 운동 및 경기용구 제조업
369302__example0,369302,example,펜싱용구 제조
369302__example1,369302,example,라켓 제조
369302__example2,369302,example,탁구용 기구 제조
369302__example3,369302,example,공 제조(각종 경기용)
369302__example4,369302,example,장갑류 제조(경기용)
369302__example5,369302,example,설상 스키 제조
369302__example6,369302,example,양궁장비 제조
369302__example7,369302,example,배트 및 스틱류 제조
369302__example8,369302,example,골프 글러브 제조
369302__example9,369302,example,골프장비 제조
369302__example10,369302,example,운동 경기용 보호 모자 제조
369302__example11,369302,example,볼링장비(볼 등) 제조
369302__example12,369302,example,"운동용 썰매, 스케이트 제조"
369302__xref0,369302,xref,운동 경기용 보호모자 제조
369302__xref1,369302,xref,골프 및 권투용 글러브 제조
369302__xref2,369302,xref,복싱 글러브 및 보호물 제조
369302__xref3,369302,xref,"골프장비(공, 글러브 포함) 제조"
369302__xref4,369302,xref,스케이트를 포함한 아동용 스키 및 썰매 제조
369305__name0,369305,name,놀이터용 장비 제조업
369305__hier0,369305,hier,제조업 > 기타 제품 제조업 > 운동 및 경기용구 제조업 > 운동 및 경기용구 제조업
369305__example0,369305,example,시소 제조
369305__example1,369305,example,미끄럼틀 제조
369305__example2,369305,example,회전 그네 제조
369305__example3,369305,example,놀이대 제조
369305__xref0,369305,xref,어린이 놀이터용 장비 제조
369306__name0,369306,name,낚시 및 수렵용구 제조업
369306__hier0,369306,hier,제조업 > 기타 제품 제조업 > 운동 및 경기용구 제조업 > 운동 및 경기용구 제조업
369306__example0,369306,example,낚시 장비 제조
369306__example1,369306,example,조류 유인용구 제조
369306__example2,369306,example,인조 미끼 제조
369306__example3,369306,example,수렵용구 제조
369306__example4,369306,example,낚시용 망 제조
369306__example5,369306,example,포충망 제조
369306__xref0,369306,xref,경기용 네트 및 낚시용 고기망 제조
369306__xref1,369306,xref,낚시 및 수렵용구 제조
369401__name0,369401,name,인형 및 장난감 제조업
369401__hier0,369401,hier,"제조업 > 기타 제품 제조업 > 인형, 장난감 및 오락용품 제조업 > 인형, 장난감 및 오락용품 제조업"
369401__desc0,369401,desc,인형
369401__example0,369401,example,봉제 인형 제조
369401__example1,369401,example,인형 액세서리 제조
369401__example2,369401,example,사람 모형 인형 제조
369401__example3,369401,example,인형극용 꼭두각시 제조
369401__example4,369401,example,바퀴 달린 완구 제조
369401__example5,369401,example,완구용 목제품 제조
369401__example6,369401,example,조립식 완구 제조
369401__example7,369401,example,조립용 키트 제조
369401__example8,369401,example,플라스틱 조립용 모델 키트 제조
369401__example9,369401,example,장난감 악기 제조
369401__example10,369401,example,동력식 장난감 제조
369401__example11,369401,example,"인형용 의류와 부속품, 신발과 모자 제조"
369401__example12,369401,example,"전기식 완구 제조(기차, 궤도, 신호기, 부속품 등)"
369401__example13,369401,example,"취미, 오락용 무인 항공기(드론) 제조"
369401__xref0,369401,xref,기계장치로 움직이는 완구용 유리 안구
369401__xref1,369401,xref,"취미, 스포츠용 무인 항공기 제조"
369401__xref2,369401,xref,"취미, 스포츠용 무인 비행장치 제조"
369401__xref3,369401,xref,어린이용 삼륜 자전거 제조
369401__xref4,369401,xref,장난감 제조
369402__name0,369402,name,인형 및 장난감 제조업
369402__hier0,369402,hier,"제조업 > 기타 제품 제조업 > 인형, 장난감 및 오락용품 제조업 > 인형, 장난감 및 오락용품 제조업"
369402__desc0,369402,desc,장난감
369402__example0,369402,example,봉제 인형 제조
369402__example1,369402,example,인형 액세서리 제조
369402__example2,369402,example,사람 모형 인형 제조
369402__example3,369402,example,인형극용 꼭두각시 제조
369402__example4,369402,example,바퀴 달린 완구 제조
369402__example5,369402,example,완구용 목제품 제조
369402__example6,369402,example,조립식 완구 제조
369402__example7,369402,example,조립용 키트 제조
369402__example8,369402,example,플라스틱 조립용 모델 키트 제조
369402__example9,369402,example,장난감 악기 제조
369402__example10,369402,example,동력식 장난감 제조
369402__example11,369402,example,"인형용 의류와 부속품, 신발과 모자 제조"
369402__example12,369402,example,"전기식 완구 제조(기차, 궤도, 신호기, 부속품 등)"
369402__example13,369402,example,"취미, 오락용 무인 항공기(드론) 제조"
369402__xref0,369402,xref,기계장치로 움직이는 완구용 유리 안구
369402__xref1,369402,xref,"취미, 스포츠용 무인 항공기 제조"
369402__xref2,369402,xref,"취미, 스포츠용 무인 비행장치 제조"
369402__xref3,369402,xref,어린이용 삼륜 자전거 제조
369402__xref4,369402,xref,장난감 제조
369404__name0,369404,name,영상게임기 제조업
369404__hier0,369404,hier,"제조업 > 기타 제품 제조업 > 인형, 장난감 및 오락용품 제조업 > 인형, 장난감 및 오락용품 제조업"
369404__example0,369404,example,아케이드 게임기 제조
369404__example1,369404,example,전자오락실 게임장비 제조
369404__example2,369404,example,휴대용 오락 게임기 제조
369404__xref0,369404,xref,어린이용 삼륜 자전거 제조
369404__xref1,369404,xref,장난감 제조
369405__name0,369405,name,기타 오락용품 제조업
369405__hier0,369405,hier,"제조업 > 기타 제품 제조업 > 인형, 장난감 및 오락용품 제조업 > 인형, 장난감 및 오락용품 제조업"
369405__example0,369405,example,바둑 및 장기 제조
369405__example1,369405,example,체스 제조
369405__example2,369405,example,스포츠 오락용 기계 제조
369405__example3,369405,example,도박게임 장비 제조
369405__example4,369405,example,유희용구 제조
369405__example5,369405,example,오락용 테이블 및 장비 제조
369405__example6,369405,example,유희용 카드 제조
369405__example7,369405,example,실내 게임용 기계 및 기구 제조
369405__example8,369405,example,당구용구(볼 포함) 제조
369405__example9,369405,example,테이블 게임용 기계 및 기구 제조
369405__example10,369405,example,카지노 게임용 테이블 제조
369405__xref0,369405,xref,어린이용 삼륜 자전거 제조
369405__xref1,369405,xref,당구용 장비(볼 포함) 제조
369405__xref2,369405,xref,장난감 제조
369409__name0,369409,name,기타 오락용품 제조업
369409__hier0,369409,hier,"제조업 > 기타 제품 제조업 > 인형, 장난감 및 오락용품 제조업 > 인형, 장난감 및 오락용품 제조업"
369409__desc0,369409,desc,"놀이용 카드, 도박게임장비 등 유희용구"
369409__example0,369409,example,바둑 및 장기 제조
369409__example1,369409,example,체스 제조
369409__example2,369409,example,스포츠 오락용 기계 제조
369409__example3,369409,example,도박게임 장비 제조
369409__example4,369409,example,유희용구 제조
369409__example5,369409,example,오락용 테이블 및 장비 제조
369409__example6,369409,example,유희용 카드 제조
369409__example7,369409,example,실내 게임용 기계 및 기구 제조
369409__example8,369409,example,당구용구(볼 포함) 제조
369409__example9,369409,example,테이블 게임용 기계 및 기구 제조
369409__example10,369409,example,카지노 게임용 테이블 제조
369409__xref0,369409,xref,어린이용 삼륜 자전거 제조
369409__xref1,369409,xref,당구용 장비(볼 포함) 제조
369409__xref2,369409,xref,장난감 제조
369501__name0,369501,name,모조 귀금속 및 모조 장신용품 제조업
369501__hier0,369501,hier,제조업 > 기타 제품 제조업 > 귀금속 및 장신용품 제조업 > 모조 귀금속 및 모조 장신용품 제조업
369501__example0,369501,example,"모조 목걸이, 팔찌 제조"
369501__example1,369501,example,모조 브로치 제조
369501__xref0,369501,xref,목재 모조 신변 장신품 제조
369501__xref1,369501,xref,"구입한 판유리로 목걸이, 팔찌 등의 모조 장신품 제조"
369501__xref2,369501,xref,모조 장신품 제조
369502__name0,369502,name,가발 및 유사 제품 제조업
369502__hier0,369502,hier,"제조업 > 기타 제품 제조업 > 그 외 기타 제품 제조업 > 가발, 장식용품 및 전시용 모형 제조업"
369502__example0,369502,example,가발 제조
369502__example1,369502,example,가수염 제조
369502__example2,369502,example,가눈썹 제조
369503__name0,369503,name,간판 및 광고물 제조업
369503__hier0,369503,hier,제조업 > 기타 제품 제조업 > 그 외 기타 제품 제조업 > 간판 및 광고물 제조업
369503__example0,369503,example,간판 제조
369503__example1,369503,example,광고물 제조
369503__xref0,369503,xref,고정된 광원을 갖지 않은 광고판 제조
369503__xref1,369503,xref,비전기식 옥외 광고물 제조
369504__name0,369504,name,표구 처리업
369504__hier0,369504,hier,"제조업 > 기타 제품 제조업 > 그 외 기타 제품 제조업 > 가발, 장식용품 및 전시용 모형 제조업"
369504__xref0,369504,xref,표구제품 제조
369505__name0,369505,name,전시용 모형 제조업
369505__hier0,369505,hier,"제조업 > 기타 제품 제조업 > 그 외 기타 제품 제조업 > 가발, 장식용품 및 전시용 모형 제조업"
369505__example0,369505,example,"꽃, 잎, 과실 등의 모조품 제조"
369505__example1,369505,example,장식용 천연검 제품 제조
369505__example2,369505,example,장식용 밀랍 제품 제조
369505__example3,369505,example,장식용 수지 제품 제조
369505__example4,369505,example,조각용 재료 가공품 제조
369505__example5,369505,example,해부 모형 제조
369505__example6,369505,example,건물 모형 제조(전시용)
369505__example7,369505,example,기념관용 모형 제조
369505__example8,369505,example,선박 축소 모형 제조(교시용)
369505__example9,369505,example,도시 모형 제조(전시용)
369505__example10,369505,example,기관차 원동기 모형 제조
369505__example11,369505,example,동물 박제품 제조
369505__example12,369505,example,기계장비 모형 제조(설명용)
369505__xref0,369505,xref,우모 가공 또는 장식 제품 제조
369902__name0,369902,name,사무 및 회화용품 제조업
369902__hier0,369902,hier,제조업 > 기타 제품 제조업 > 그 외 기타 제품 제조업 > 사무 및 회화용품 제조업
369902__example0,369902,example,펜 제조
369902__example1,369902,example,"크레용, 파스텔 제조"
369902__example2,369902,example,필기용구 제조
369902__example3,369902,example,사무용품 제조
369902__example4,369902,example,도장 제조
369902__example5,369902,example,필기용 붓 제조
369902__xref0,369902,xref,크레용 및 파스텔 제조
369902__xref1,369902,xref,문구용 화이트보드 제조
369903__name0,369903,name,비 및 솔 제조업
369903__hier0,369903,hier,제조업 > 기타 제품 제조업 > 그 외 기타 제품 제조업 > 그 외 기타 분류 안된 제품 제조업
369903__example0,369903,example,브러시 제조
369903__example1,369903,example,페인트용 패드 제조
369903__example2,369903,example,제판용 롤러 제조
369903__example3,369903,example,페인트용 롤러 제조
369903__example4,369903,example,먼지떨이 제조
369903__example5,369903,example,페인트용 스퀴지 제조
369903__example6,369903,example,걸레(자루용) 제조
369903__example7,369903,example,칫솔 제조
369904__name0,369904,name,그 외 기타 달리 분류되지 않은 제품 제조업
369904__hier0,369904,hier,제조업 > 기타 제품 제조업 > 그 외 기타 제품 제조업 > 그 외 기타 분류 안된 제품 제조업
369904__desc0,369904,desc,"우산, 지팡이"
369904__example0,369904,example,흥행장용품 제조
369904__example1,369904,example,유희장용품 제조
369904__example2,369904,example,"빗, 핀(헤어 슬라이드, hair slide) 제조"
369904__example3,369904,example,수동식 체 및 어레미 제조
369904__example4,369904,example,마네킹 인형 제조
369904__example5,369904,example,젤라틴제 이쑤시개 제조
369904__example6,369904,example,회전 낙하장치(팔랑개비 등) 제조
369904__example7,369904,example,"화장용 분첩, 패드 및 분무기 제조"
369904__example8,369904,example,"우산, 양산, 지팡이 제조"
369904__xref0,369904,xref,발효생산
369904__xref1,369904,xref,리놀륨 및 경표면 바닥덮개 제조
369904__xref2,369904,xref,경표면 마루덮개 제조
369904__xref3,369904,xref,마네킹 및 활동적인 진열물 제조
369905__name0,369905,name,단추 및 유사 파스너 제조업
369905__hier0,369905,hier,제조업 > 기타 제품 제조업 > 그 외 기타 제품 제조업 > 그 외 기타 분류 안된 제품 제조업
369905__example0,369905,example,"똑딱 단추(프레스 파스너, 스냅 파스너) 제조"
369905__example1,369905,example,단추 제조
369905__example2,369905,example,커프링크(커프스 단추) 제조
369905__example3,369905,example,의류용 장식 못 제조
369906__name0,369906,name,"라이터, 연소물 및 흡연용품 제조업"
369906__hier0,369906,hier,제조업 > 기타 제품 제조업 > 그 외 기타 제품 제조업 > 그 외 기타 분류 안된 제품 제조업
369906__example0,369906,example,착화탄 제조
369906__example1,369906,example,담배 필터 제조
369906__example2,369906,example,연료용 성형제품(목재 및 플라스틱 등을 혼합
369906__example3,369906,example,성형한 펠릿 등)
369906__example4,369906,example,양초 제조
369906__xref0,369906,xref,담배필터 제조
369907__name0,369907,name,화약 및 불꽃제품 제조업
369907__hier0,369907,hier,제조업 > 화학 물질 및 화학제품 제조업; 의약품 제외 > 기타 화학제품 제조업 > 그 외 기타 화학제품 제조업
369907__desc0,369907,desc,성냥
369907__example0,369907,example,점화기 제조
369907__example1,369907,example,신호용 조명탄 제조
369907__example2,369907,example,폭죽 제조
369907__example3,369907,example,성냥 제조
369907__xref0,369907,xref,"폭발 점화장치, 뇌관, 불꽃제품 및 화약 제조"
369907__xref1,369907,xref,"성냥, 화약 및 각종 불꽃제품 제조"
369908__name0,369908,name,그 외 기타 달리 분류되지 않은 제품 제조업
369908__hier0,369908,hier,제조업 > 기타 제품 제조업 > 그 외 기타 제품 제조업 > 그 외 기타 분류 안된 제품 제조업
369908__example0,369908,example,흥행장용품 제조
369908__example1,369908,example,유희장용품 제조
369908__example2,369908,example,"빗, 핀(헤어 슬라이드, hair slide) 제조"
369908__example3,369908,example,수동식 체 및 어레미 제조
369908__example4,369908,example,마네킹 인형 제조
369908__example5,369908,example,젤라틴제 이쑤시개 제조
369908__example6,369908,example,회전 낙하장치(팔랑개비 등) 제조
369908__example7,369908,example,"화장용 분첩, 패드 및 분무기 제조"
369908__example8,369908,example,"우산, 양산, 지팡이 제조"
369908__xref0,369908,xref,발효생산
369908__xref1,369908,xref,리놀륨 및 경표면 바닥덮개 제조
369908__xref2,369908,xref,경표면 마루덮개 제조
369908__xref3,369908,xref,마네킹 및 활동적인 진열물 제조
371000__name0,371000,name,금속류 원료 재생업
371000__hier0,371000,hier,"수도, 하수 및 폐기물 처리, 원료 재생업 > 폐기물 수집, 운반, 처리 및 원료 재생업 > 해체, 선별 및 원료 재생업 > 금속류 해체, 선별 및 원료 재생업"
371000__xref0,371000,xref,농축산물 폐기물 처리장 운영
371000__xref1,371000,xref,고무 재생제품 제조용 가공 이차원료 생산
371000__xref2,371000,xref,재생 플라스틱제품 제조용 이차 원료 생산
371000__xref3,371000,xref,연속 라인에 의한 재생원료 선별 활동
371001__name0,371001,name,금속류 해체 및 선별업
371001__hier0,371001,hier,"수도, 하수 및 폐기물 처리, 원료 재생업 > 폐기물 수집, 운반, 처리 및 원료 재생업 > 해체, 선별 및 원료 재생업 > 금속류 해체, 선별 및 원료 재생업"
371001__xref0,371001,xref,농축산물 폐기물 처리장 운영
371001__xref1,371001,xref,고무 재생제품 제조용 가공 이차원료 생산
371001__xref2,371001,xref,재생 플라스틱제품 제조용 이차 원료 생산
371001__xref3,371001,xref,연속 라인에 의한 재생원료 선별 활동
372000__name0,372000,name,비금속류 원료 재생업
372000__hier0,372000,hier,"수도, 하수 및 폐기물 처리, 원료 재생업 > 폐기물 수집, 운반, 처리 및 원료 재생업 > 해체, 선별 및 원료 재생업 > 비금속류 해체, 선별 및 원료 재생업"
372000__example0,372000,example,"폐유리 세척, 선별, 분쇄"
372000__example1,372000,example,"폐식용유, 폐유지 화학처리를 통한 이차원료 생산"
372000__example2,372000,example,폐타이어를 이용한 고무 분말 생산
372000__xref0,372000,xref,농축산물 폐기물 처리장 운영
372000__xref1,372000,xref,폐타이어를 이용한 고무분말 생산
372000__xref2,372000,xref,고무 재생제품 제조용 가공 이차원료 생산
372000__xref3,372000,xref,재생 플라스틱제품 제조용 이차 원료 생산
372000__xref4,372000,xref,"플라스틱류 파쇄, 용해, 압출 공정을 통한 입상화"
372000__xref5,372000,xref,연속 라인에 의한 재생원료 선별 활동
372001__name0,372001,name,비금속류 해체 및 선별업
372001__hier0,372001,hier,"수도, 하수 및 폐기물 처리, 원료 재생업 > 폐기물 수집, 운반, 처리 및 원료 재생업 > 해체, 선별 및 원료 재생업 > 비금속류 해체, 선별 및 원료 재생업"
372001__example0,372001,example,폐목재류 해체 및 절단
372001__example1,372001,example,폐지류 기계작업을 통한 압축
372001__example2,372001,example,"혼합 폐기물에서 플라스틱류 분류, 분리, 회수"
372001__xref0,372001,xref,농축산물 폐기물 처리장 운영
372001__xref1,372001,xref,고무 재생제품 제조용 가공 이차원료 생산
372001__xref2,372001,xref,재생 플라스틱제품 제조용 이차 원료 생산
372001__xref3,372001,xref,연속 라인에 의한 재생원료 선별 활동
372002__name0,372002,name,토양 및 지하수 정화업
372002__hier0,372002,hier,"수도, 하수 및 폐기물 처리, 원료 재생업 > 환경 정화 및 복원업 > 환경 정화 및 복원업 > 환경 정화 및 복원업"
372002__example0,372002,example,기름에 오염된 토양 정화
372002__example1,372002,example,기름에 오염된 지하수 정화
372002__xref0,372002,xref,"환경 복원(토양, 수질, 대기) 서비스"
372003__name0,372003,name,기타 환경 정화 및 복원업
372003__hier0,372003,hier,"수도, 하수 및 폐기물 처리, 원료 재생업 > 환경 정화 및 복원업 > 환경 정화 및 복원업 > 환경 정화 및 복원업"
372003__example0,372003,example,오염된 건물 정화
372003__example1,372003,example,오염된 하천이나 해양 정화(하천이나 해양 기름띠 제거)
372003__example2,372003,example,시굴
372003__example3,372003,example,굴착
372003__example4,372003,example,개축
372003__example5,372003,example,수리 및 보수
372003__example6,372003,example,자재
372003__example7,372003,example,장비
372003__example8,372003,example,자금
372003__example9,372003,example,시공
372003__example10,372003,example,품질
372003__xref0,372003,xref,"환경 복원(토양, 수질, 대기) 서비스"
381000__name0,381000,name,절삭 가공 및 유사 처리업
381000__hier0,381000,hier,"제조업 > 기타 제품 제조업 > 그외 기타 제품 제조업 > 금속 열처리, 도금 및 기타 금속 가공업"
381000__desc0,381000,desc,소사장제
381000__xref0,381000,xref,인쇄 목적 이외의 금속 식각 활동
381000__xref1,381000,xref,수수료 또는 계약에 의한 금속 가공제품 표면처리 활동
381000__xref2,381000,xref,"선반, 레이저 기기 등을 이용한 절삭, 재단"
381000__xref3,381000,xref,"장식용 메달, 상패 등의 비귀금속 제품 제조"
381003__name0,381003,name,그 외 기타 금속 가공업
381003__hier0,381003,hier,"제조업 > 기타 제품 제조업 > 그외 기타 제품 제조업 > 금속 열처리, 도금 및 기타 금속 가공업"
381003__desc0,381003,desc,소사장제
381003__xref0,381003,xref,수수료 또는 계약에 의한 금속 가공제품 표면처리 활동
381003__xref1,381003,xref,구조물용 이외 판금제품 제조
381003__xref2,381003,xref,연마방법에 의한 금속 표면 처리
381003__xref3,381003,xref,"장식용 메달, 상패 등의 비귀금속 제품 제조"
381004__name0,381004,name,그 외 자동차용 신품 부품 제조업
381004__hier0,381004,hier,제조업 > 기타 제품 제조업 > 그외 기타 제품 제조업 > 자동차용 기타 신품 부품 제조업
381004__desc0,381004,desc,소사장제
381004__example0,381004,example,에어백 조립품 제조
381004__example1,381004,example,자동차용 방열기 제조
381004__example2,381004,example,소음기 제조
381004__example3,381004,example,냉각장치 제조
381004__example4,381004,example,보기륜(로드휠) 및 그 부분품 제조
381004__example5,381004,example,배기관 제조
381004__example6,381004,example,연료탱크 제조
381004__example7,381004,example,차륜 제조
381004__example8,381004,example,안전벨트 제조
381004__example9,381004,example,조립된 자동차용 섀시 프레임 제조
381004__xref0,381004,xref,자동차의 자동변속기 제조
381005__name0,381005,name,그 외 기타 달리 분류되지 않은 제품 제조업
381005__hier0,381005,hier,제조업 > 기타 제품 제조업 > 그외 기타 제품 제조업 > 그 외 기타 분류 안된 제품 제조업
381005__desc0,381005,desc,소사장제
381005__example0,381005,example,흥행장용품 제조
381005__example1,381005,example,유희장용품 제조
381005__example2,381005,example,"빗, 핀(헤어 슬라이드, hair slide) 제조"
381005__example3,381005,example,수동식 체 및 어레미 제조
381005__example4,381005,example,마네킹 인형 제조
381005__example5,381005,example,젤라틴제 이쑤시개 제조
381005__example6,381005,example,회전 낙하장치(팔랑개비 등) 제조
381005__example7,381005,example,"화장용 분첩, 패드 및 분무기 제조"
381005__example8,381005,example,"우산, 양산, 지팡이 제조"
381005__xref0,381005,xref,발효생산
381005__xref1,381005,xref,리놀륨 및 경표면 바닥덮개 제조
381005__xref2,381005,xref,경표면 마루덮개 제조
381005__xref3,381005,xref,마네킹 및 활동적인 진열물 제조
381006__name0,381006,name,포장 및 충전업
381006__hier0,381006,hier,제조업 > 기타 제품 제조업 > 그외 기타 제품 제조업 > 그 외 기타 사업 지원 서비스업
381006__desc0,381006,desc,소사장제
381006__example0,381006,example,상표 부착 서비스
381006__example1,381006,example,여행용구 조립 및 포장
381006__example2,381006,example,부탄 가스 주입
381006__example3,381006,example,의류 포장 및 업 임설
381006__xref0,381006,xref,수수료 또는 계약에 의거 음료를 단순히 포장하는 활동
381006__xref1,381006,xref,일반 상품 포장
381007__name0,381007,name,기타 소사장제
381007__hier0,381007,hier,제조업 > 기타 제품 제조업 > 그외 기타 제품 제조업 > 기타 소사장제
381007__ksic0,381007,ksic,해당사항 없음
381007__desc0,381007,desc,소사장제
401000__name0,401000,name,태양력 발전업
401000__hier0,401000,hier,"전기, 가스, 증기 및 공기 조절 공급업 > 전기, 가스, 증기 및 공기 조절 공급업 > 전기업 > 발전업"
401000__xref0,401000,xref,수집 폐기물을 공급받아 전기 생산
401001__name0,401001,name,원자력 발전업
401001__hier0,401001,hier,"전기, 가스, 증기 및 공기 조절 공급업 > 전기, 가스, 증기 및 공기 조절 공급업 > 전기업 > 발전업"
401001__xref0,401001,xref,수집 폐기물을 공급받아 전기 생산
401002__name0,401002,name,수력 발전업
401002__hier0,401002,hier,"전기, 가스, 증기 및 공기 조절 공급업 > 전기, 가스, 증기 및 공기 조절 공급업 > 전기업 > 발전업"
401002__xref0,401002,xref,수집 폐기물을 공급받아 전기 생산
401003__name0,401003,name,화력 발전업
401003__hier0,401003,hier,"전기, 가스, 증기 및 공기 조절 공급업 > 전기, 가스, 증기 및 공기 조절 공급업 > 전기업 > 발전업"
401003__example0,401003,example,화력 발전소
401003__example1,401003,example,열병합 발전소
401003__xref0,401003,xref,수집 폐기물을 공급받아 전기 생산
401004__name0,401004,name,풍력 발전업
401004__name1,401004,name,기타 발전업
401004__hier0,401004,hier,"전기, 가스, 증기 및 공기 조절 공급업 > 전기, 가스, 증기 및 공기 조절 공급업 > 전기업 > 발전업"
401004__ksic0,401004,ksic,"풍력 발전업, 기타 발전업"
401004__xref0,401004,xref,수집 폐기물을 공급받아 전기 생산
401005__name0,401005,name,송전 및 배전업
401005__hier0,401005,hier,"전기, 가스, 증기 및 공기 조절 공급업 > 전기, 가스, 증기 및 공기 조절 공급업 > 전기업 > 송전 및 배전업"
401005__example0,401005,example,송전소
401005__example1,401005,example,변전소
401005__example2,401005,example,배전소
401006__name0,401006,name,전기 판매업
401006__hier0,401006,hier,"전기, 가스, 증기 및 공기 조절 공급업 > 전기, 가스, 증기 및 공기 조절 공급업 > 전기업 > 전기 판매업"
401006__example0,401006,example,전기 영업소 운영
401006__example1,401006,example,전기 충전소 운영
401006__example2,401006,example,전기 판매 중개
402001__name0,402001,name,연료용 가스 제조 및 배관공급업
402001__hier0,402001,hier,"전기, 가스, 증기 및 공기 조절 공급업 > 전기, 가스, 증기 및 공기 조절 공급업 > 연료용 가스 제조 및 배관공급업 > 연료용 가스 제조 및 배관공급업"
402001__example0,402001,example,연료용 혼합 가스 생산
402001__example1,402001,example,연료용 석탄 가스 생산
402001__example2,402001,example,연료용 가스 배관공급
402001__xref0,402001,xref,배관을 통한 수소공급
402001__xref1,402001,xref,배관시설에 의한 연료가스 공급
402001__xref2,402001,xref,가스를 최종 소비자에게 배관 공급
403000__name0,403000,name,"증기, 냉ㆍ온수 및 공기 조절 공급업"
403000__hier0,403000,hier,"전기, 가스, 증기 및 공기 조절 공급업 > 전기, 가스, 증기 및 공기 조절 공급업 > 증기, 냉ㆍ온수 및 공기 조절 공급업 > 증기, 냉ㆍ온수 및 공기 조절 공급업"
403000__example0,403000,example,"냉수, 온수 생산 및 공급"
403000__example1,403000,example,증기 생산 및 공급
403000__example2,403000,example,온천수 생산 및 공급
403000__example3,403000,example,열 생산 및 공급
403000__example4,403000,example,냉방 공기 생산 및 공급
403000__xref0,403000,xref,증기를 최종 소비자에게 배관 공급
410000__name0,410000,name,생활용수 공급업
410000__hier0,410000,hier,"수도, 하수 및 폐기물 처리, 원료 재생업 > 수도업 > 수도업 > 생활용수 공급업"
410000__xref0,410000,xref,생활용수 및 공업용수 공급
410000__xref1,410000,xref,수돗물을 최종 소비자에게 배관 공급
410001__name0,410001,name,산업용수 공급업
410001__hier0,410001,hier,"수도, 하수 및 폐기물 처리, 원료 재생업 > 수도업 > 수도업 > 산업용수 공급업"
410001__xref0,410001,xref,생활용수 및 공업용수 공급
410001__xref1,410001,xref,수돗물을 최종 소비자에게 배관 공급
451101__name0,451101,name,아파트 건설업
451101__hier0,451101,hier,건 설 업 > 종합 건설업 > 건물 건설업 > 주거용 건물 건설업
451101__example0,451101,example,아파트 건설
451101__example1,451101,example,주상 복합 아파트 건설
451101__xref0,451101,xref,온천 종합개발(도급
451102__name0,451102,name,주거용 건물 건설업
451102__hier0,451102,hier,건 설 업 > 종합 건설업 > 건물 건설업 > 주거용 건물 건설업
451102__ksic0,451102,ksic,주거용 건물 개발 및 공급업
451102__desc0,451102,desc,건축시행사(토지보유 5년 미만)
451102__example0,451102,example,아파트 위탁 개발 분양
451102__example1,451102,example,주택 위탁 개발 분양
451102__xref0,451102,xref,공급업
451102__xref1,451102,xref,부동산 투자신탁
451102__xref2,451102,xref,부동산 개발 및 공급업
451103__name0,451103,name,주거용 건물 건설업
451103__hier0,451103,hier,건 설 업 > 종합 건설업 > 건물 건설업 > 주거용 건물 건설업
451103__ksic0,451103,ksic,주거용 건물 개발 및 공급업
451103__desc0,451103,desc,건축시행사(토지보유 5년 이상)
451103__example0,451103,example,아파트 위탁 개발 분양
451103__example1,451103,example,주택 위탁 개발 분양
451103__xref0,451103,xref,공급업
451103__xref1,451103,xref,부동산 투자신탁
451103__xref2,451103,xref,부동산 개발 및 공급업
451104__name0,451104,name,기타 비주거용 건물 건설업
451104__hier0,451104,hier,건 설 업 > 종합 건설업 > 건물 건설업 > 비주거용 건물 건설업
451104__example0,451104,example,여객 및 화물 터미널 건설
451104__example1,451104,example,주유소 건물 건설
451104__example2,451104,example,차고시설 건설
451104__example3,451104,example,박물관 및 유사 건물 건설
451104__example4,451104,example,동물원용 건물 건설
451104__example5,451104,example,운수관련 건물 건설
451104__example6,451104,example,화학물 및 저유소 건물 건설
451104__example7,451104,example,공항 건물 건설
451104__example8,451104,example,실내 경기장 건설
451104__xref0,451104,xref,온천 종합개발(도급
451104__xref1,451104,xref,일반 창고 건설
451104__xref2,451104,xref,특정용 창고(격납고 등) 건설
451104__xref3,451104,xref,산업설비 설치용 건물 건설
451105__name0,451105,name,단독 주택 건설업
451105__name1,451105,name,아파트 건설업
451105__name2,451105,name,기타 공동 주택 건설업
451105__hier0,451105,hier,건 설 업 > 종합 건설업 > 건물 건설업 > 주거용 건물 건설업
451105__ksic0,451105,ksic,"단독 주택 건설업, 아파트 건설업, 기타 공동 주택 건설업"
451105__desc0,451105,desc,건설하여 분양(판매)
451105__example0,451105,example,단독 주택 및 다중 주택 건설
451105__example1,451105,example,"다가구 주택(3층 이하, 660㎡ 이하) 건설"
451105__example2,451105,example,아파트 건설
451105__example3,451105,example,주상 복합 아파트 건설
451105__example4,451105,example,"연립 주택(4층 이하, 660㎡ 초과) 건설"
451105__example5,451105,example,"다세대 주택(4층 이하, 660㎡ 이하) 건설"
451105__xref0,451105,xref,온천 종합개발(도급
451106__name0,451106,name,단독 주택 건설업
451106__hier0,451106,hier,건 설 업 > 종합 건설업 > 건물 건설업 > 주거용 건물 건설업
451106__example0,451106,example,단독 주택 및 다중 주택 건설
451106__example1,451106,example,"다가구 주택(3층 이하, 660㎡ 이하) 건설"
451106__xref0,451106,xref,온천 종합개발(도급
451107__name0,451107,name,기타 공동 주택 건설업
451107__hier0,451107,hier,건 설 업 > 종합 건설업 > 건물 건설업 > 주거용 건물 건설업
451107__example0,451107,example,"연립 주택(4층 이하, 660㎡ 초과) 건설"
451107__example1,451107,example,"다세대 주택(4층 이하, 660㎡ 이하) 건설"
451107__xref0,451107,xref,온천 종합개발(도급
451108__name0,451108,name,사무ㆍ상업용 및 공공기관용 건물 건설업
451108__hier0,451108,hier,건 설 업 > 종합 건설업 > 건물 건설업 > 비주거용 건물 건설업
451108__example0,451108,example,교육
451108__example1,451108,example,연구시설 및 의료시설용 건물 건설
451108__example2,451108,example,상점 및 쇼핑센터 건설
451108__example3,451108,example,경찰서 및 소방서 건설
451108__example4,451108,example,오피스텔 건설
451108__xref0,451108,xref,온천 종합개발(도급
451108__xref1,451108,xref,산업설비 설치용 건물 건설
451109__name0,451109,name,제조업 및 유사 산업용 건물 건설업
451109__hier0,451109,hier,건 설 업 > 종합 건설업 > 건물 건설업 > 비주거용 건물 건설업
451109__example0,451109,example,공업용 건물 건설
451109__example1,451109,example,광산용 건물 건설
451109__example2,451109,example,화학산업용 건물 건설
451109__example3,451109,example,발전소용 건물 건설
451109__xref0,451109,xref,온천 종합개발(도급
451109__xref1,451109,xref,산업설비 설치용 건물 건설
451200__name0,451200,name,기타 토목 시설물 건설업
451200__hier0,451200,hier,건 설 업 > 종합 건설업 > 토목 건설업 > 토목 시설물 건설업
451200__example0,451200,example,종합계획에 의한 공항 건설
451200__example1,451200,example,"주경기장(스타디움, stadium) 공사"
451200__example2,451200,example,야외 경기장 및 유사 오락시설 공사
451200__example3,451200,example,종합적 계획에 따라 조성되는 기반시설용
451200__example4,451200,example,"하수도 본관(도수관, 송수관, 배수관, 오수관),"
451200__example5,451200,example,공업용 수도관 공사
451200__example6,451200,example,"석유, 가스 등 관로(파이프라인) 공사"
451200__example7,451200,example,미사일 발사대 및 유사 군사용 구조물 설치 공사
451200__example8,451200,example,철탑 건설(송전탑은 42311)
451200__example9,451200,example,"취수, 정수,"
451200__example10,451200,example,배수용 기기 설치공사
451200__xref0,451200,xref,온천 종합개발(도급
451200__xref1,451200,xref,옥외 수영장 및 관련 탈의실 건설
451200__xref2,451200,xref,송유관 등 관로(파이프라인) 설치 공사
451200__xref3,451200,xref,설치공사
451200__xref4,451200,xref,하수도 배관공사
451200__xref5,451200,xref,실외 수영경기장 건설업
451204__name0,451204,name,지반조성 건설업
451204__hier0,451204,hier,건 설 업 > 종합 건설업 > 토목 건설업 > 지반조성 건설업
451204__xref0,451204,xref,온천 종합개발(도급
451204__xref1,451204,xref,"농지 개발 및 정지, 광산부지 조성 관련 공사"
451204__xref2,451204,xref,택지 등 지반 조성공사
451204__xref3,451204,xref,"건설용지, 농지, 광산용지 등 지반조성 관련공사"
451204__xref4,451204,xref,설치공사
451205__name0,451205,name,도로 건설업
451205__hier0,451205,hier,건 설 업 > 종합 건설업 > 토목 건설업 > 토목 시설물 건설업
451205__example0,451205,example,도로공사
451205__example1,451205,example,활주로공사
451205__example2,451205,example,인도공사
451205__example3,451205,example,보도공사
451205__example4,451205,example,고속도로 건설
451205__xref0,451205,xref,온천 종합개발(도급
451205__xref1,451205,xref,설치공사
451206__name0,451206,name,"교량, 터널 및 철도 건설업"
451206__hier0,451206,hier,건 설 업 > 종합 건설업 > 토목 건설업 > 토목 시설물 건설업
451206__example0,451206,example,철교 건설
451206__example1,451206,example,터널 및 유사 구축물 건설
451206__example2,451206,example,수중 터널 공사
451206__example3,451206,example,이동식 교량 건설
451206__example4,451206,example,지하도 건설
451206__example5,451206,example,출렁다리(줄다리) 건설
451206__xref0,451206,xref,온천 종합개발(도급
451206__xref1,451206,xref,"도로건설과 분리된 교량, 고가도로 및 지하도공사"
451206__xref2,451206,xref,설치공사
451206__xref3,451206,xref,철도 건설업체가 철도 궤도의 부설공사를 직접 수행하는 경우
451207__name0,451207,name,"항만, 수로, 댐 및 유사 구조물 건설업"
451207__hier0,451207,hier,건 설 업 > 종합 건설업 > 토목 건설업 > 토목 시설물 건설업
451207__example0,451207,example,방파제 및 유사 구축물 건설
451207__example1,451207,example,운하 및 유사 구축물 건설
451207__example2,451207,example,항구 및 항만시설 건설
451207__example3,451207,example,강 제방 및 유사 구조물 건설
451207__example4,451207,example,"부두, 잔교 및 유사 구조물 공사"
451207__example5,451207,example,저수지 개발 공사
451207__xref0,451207,xref,온천 종합개발(도급
451207__xref1,451207,xref,관개 및 기타 용도의 수로 건설공사
451207__xref2,451207,xref,설치공사
451208__name0,451208,name,환경설비 건설업
451208__hier0,451208,hier,건 설 업 > 종합 건설업 > 토목 건설업 > 토목 시설물 건설업
451208__example0,451208,example,오수 및 폐수처리 시설공사
451208__example1,451208,example,쓰레기처리 시설공사
451208__example2,451208,example,하수 종말 처리장 시설공사
451208__example3,451208,example,환경 오염방지 시설공사
451208__example4,451208,example,분뇨처리 시설공사
451208__example5,451208,example,폐기물 소각장 설치공사
451208__xref0,451208,xref,온천 종합개발(도급
451208__xref1,451208,xref,설치공사
451300__name0,451300,name,산업 생산시설 종합 건설업
451300__hier0,451300,hier,건 설 업 > 종합 건설업 > 토목 건설업 > 토목 시설물 건설업
451300__example0,451300,example,화학공업설비 설치공사
451300__example1,451300,example,발전설비 설치공사
451300__example2,451300,example,화학 물질 처리설비 설치공사
451300__example3,451300,example,광산설비 설치공사
451300__example4,451300,example,도시가스 제조설비 설치공사
451300__xref0,451300,xref,온천 종합개발(도급
451300__xref1,451300,xref,"설비류, 구조물 등의 설치를 병행하는 경우"
451300__xref2,451300,xref,산업 생산설비를 종합적으로 건설하는 공사
451300__xref3,451300,xref,설치공사
451300__xref4,451300,xref,토목공사 성격의 산업 설비공사
451400__name0,451400,name,조경 건설업
451400__hier0,451400,hier,건 설 업 > 종합 건설업 > 토목 건설업 > 토목 시설물 건설업
451400__example0,451400,example,외부 환경 조성공사
451400__example1,451400,example,조경 건설공사
451400__example2,451400,example,정원 조성공사
451400__example3,451400,example,녹지 조성공사
451400__xref0,451400,xref,온천 종합개발(도급
451400__xref1,451400,xref,조경용 인공호수(굴착) 건설
451400__xref2,451400,xref,조경용 연못 건설
451400__xref3,451400,xref,설치공사
451400__xref4,451400,xref,토목공사와 결합되는 조경수 식재
452101__name0,452101,name,"미장, 타일 및 방수 공사업"
452101__hier0,452101,hier,건 설 업 > 전문직별 공사업 > 실내건축 및 건축마무리 공사업 > 기타 건축 마무리 공사업
452101__example0,452101,example,모자이크공사
452101__example1,452101,example,대리석 부착공사
452101__example2,452101,example,프레스코공사
452101__example3,452101,example,모래 분사 부착(취부)공사
452101__example4,452101,example,타일 및 테라조 내장공사
452101__example5,452101,example,회반죽 공사 및 관련 미장공사
452101__xref0,452101,xref,"벽면, 바닥의 회반죽 공사 및 미장공사"
452101__xref1,452101,xref,"벽면에 타일 및 대리석 부착, 테라조 및 모자이크공사"
452101__xref2,452101,xref,미장 및 방수공사
452102__name0,452102,name,유리 및 창호 공사업
452102__hier0,452102,hier,건 설 업 > 전문직별 공사업 > 실내건축 및 건축마무리 공사업 > 유리 및 창호 공사업
452102__example0,452102,example,유리공사
452102__example1,452102,example,유리 끼우기 공사
452102__example2,452102,example,창문 유리 설치공사
452102__example3,452102,example,플라스틱 창호 설치공사
452102__example4,452102,example,목재 창호 설치공사
452102__example5,452102,example,새시 설치공사
452102__example6,452102,example,금속 창호 설치공사
452102__example7,452102,example,일반 셔터 설치공사
452102__xref0,452102,xref,창호 설치공사
452102__xref1,452102,xref,문 및 창호 공사
452103__name0,452103,name,"보링, 그라우팅 및 관정 공사업"
452103__hier0,452103,hier,건 설 업 > 전문직별 공사업 > 기반조성 및 시설물 축조관련 전문공사업 > 기반조성 관련 전문공사업
452103__desc0,452103,desc,"보링, 그라우팅 공사"
452103__example0,452103,example,보링 및 그라우팅공사
452103__example1,452103,example,굴정공사
452103__example2,452103,example,지하수 개발 공사
452103__example3,452103,example,관정(관개용 우물)공사
452103__example4,452103,example,우물공사
452104__name0,452104,name,배관 및 냉ㆍ난방 공사업
452104__hier0,452104,hier,건 설 업 > 전문직별 공사업 > 건물설비 설치 공사업 > 건물설비 설치 공사업
452104__example0,452104,example,보일러 공사
452104__example1,452104,example,건물 내부 가스설비 설치공사
452104__example2,452104,example,송풍관 건설 공사
452104__example3,452104,example,환기시설 공사
452104__example4,452104,example,"화재방지용, 조경용 살수시설(스프링클러) 및 물펌프 설치 공사"
452104__example5,452104,example,보일러 연소기 설치공사
452104__example6,452104,example,건물 하수시설 공사
452104__example7,452104,example,"배관공사와 결합된 판금, 용품, 기기 등 설치 공사"
452104__example8,452104,example,건축물 등 설치용
452104__example9,452104,example,"배수시설(급수관, 배수설비) 공사"
452104__example10,452104,example,"요업용, 금속용 요로 설치 공사"
452104__example11,452104,example,온돌 설치공사
452104__example12,452104,example,보온ㆍ보냉 등 열절연 공사
452104__example13,452104,example,"태핑(핫태핑, 콜드태핑) 공사"
452104__example14,452104,example,덕트 설치공사
452104__xref0,452104,xref,설치하는 경우
452104__xref1,452104,xref,함석공사(배관공사 관련
452104__xref2,452104,xref,건물 내 배관 공사
452104__xref3,452104,xref,난방 배관공사
452104__xref4,452104,xref,"핫 태핑, 콜드 태핑공사"
452105__name0,452105,name,"도배, 실내 장식 및 내장 목공사업"
452105__hier0,452105,hier,"건 설 업 > 전문직별 공사업 > 실내건축 및 건축마무리 공사업 > 도장, 도배 및 내장 공사업"
452105__desc0,452105,desc,도배
452105__example0,452105,example,벽지 부착공사
452105__example1,452105,example,모노륨 등 바닥재 설치공사
452105__example2,452105,example,마루 덮개공사
452105__example3,452105,example,비닐장판 설치공사
452105__example4,452105,example,장판 설치공사
452105__example5,452105,example,목재 마루 깔기공사
452105__example6,452105,example,목세공공사
452105__example7,452105,example,목공물 부착공사
452105__example8,452105,example,벽면 목공사
452105__example9,452105,example,나무 및 금속 결합 실내 장식공사
452105__xref0,452105,xref,실내 장식공사
452106__name0,452106,name,"도배, 실내 장식 및 내장 목공사업"
452106__hier0,452106,hier,"건 설 업 > 전문직별 공사업 > 실내건축 및 건축마무리 공사업 > 도장, 도배 및 내장 공사업"
452106__desc0,452106,desc,인테리어공사 등
452106__example0,452106,example,벽지 부착공사
452106__example1,452106,example,모노륨 등 바닥재 설치공사
452106__example2,452106,example,마루 덮개공사
452106__example3,452106,example,비닐장판 설치공사
452106__example4,452106,example,장판 설치공사
452106__example5,452106,example,목재 마루 깔기공사
452106__example6,452106,example,목세공공사
452106__example7,452106,example,목공물 부착공사
452106__example8,452106,example,벽면 목공사
452106__example9,452106,example,나무 및 금속 결합 실내 장식공사
452106__xref0,452106,xref,실내 장식공사
452107__name0,452107,name,"도배, 실내 장식 및 내장 목공사업"
452107__hier0,452107,hier,"건 설 업 > 전문직별 공사업 > 실내건축 및 건축마무리 공사업 > 도장, 도배 및 내장 공사업"
452107__example0,452107,example,벽지 부착공사
452107__example1,452107,example,모노륨 등 바닥재 설치공사
452107__example2,452107,example,마루 덮개공사
452107__example3,452107,example,비닐장판 설치공사
452107__example4,452107,example,장판 설치공사
452107__example5,452107,example,목재 마루 깔기공사
452107__example6,452107,example,목세공공사
452107__example7,452107,example,목공물 부착공사
452107__example8,452107,example,벽면 목공사
452107__example9,452107,example,나무 및 금속 결합 실내 장식공사
452107__xref0,452107,xref,실내 장식공사
452108__name0,452108,name,포장 공사업
452108__hier0,452108,hier,건 설 업 > 전문직별 공사업 > 기반조성 및 시설물 축조관련 전문공사업 > 기타 시설물 축조 관련 전문공사업
452108__example0,452108,example,아스팔트 포장공사
452108__example1,452108,example,공항 활주로 포장공사
452108__example2,452108,example,콘크리트 포장공사
452108__example3,452108,example,과속 방지턱 설치공사
452108__example4,452108,example,"보도 블럭, 경계석, 특수 블럭 설치공사(석재 제외)"
452108__xref0,452108,xref,도로 포장공사를 전문적으로 수행하는 경우
452108__xref1,452108,xref,도로선 표시 도장(도로포장 활동과 결합된)공사
452109__name0,452109,name,수중 공사업
452109__hier0,452109,hier,건 설 업 > 전문직별 공사업 > 기반조성 및 시설물 축조관련 전문공사업 > 기타 시설물 축조 관련 전문공사업
452109__example0,452109,example,수중 건축 공사
452109__example1,452109,example,잠수 및 수중 공사
452109__example2,452109,example,수중 암석 파쇄공사
452109__example3,452109,example,수중 구조물 설치 및 해체 공사
452110__name0,452110,name,토공사업
452110__hier0,452110,hier,건 설 업 > 전문직별 공사업 > 기반조성 및 시설물 축조관련 전문공사업 > 기반조성 관련 전문공사업
452110__example0,452110,example,공업용지 조성용 정지공사
452110__example1,452110,example,사방공사
452110__example2,452110,example,광산용지 조성관련 토공사
452110__example3,452110,example,"굴착, 흙 운반 및 땅 고르기공사"
452110__example4,452110,example,철도 도상 자갈공사
452110__example5,452110,example,폐기물 매립지 굴착
452110__example6,452110,example,선별
452110__example7,452110,example,성토공사
452110__xref0,452110,xref,토공사
452110__xref1,452110,xref,사방공사 등 토공사
452111__name0,452111,name,시설물 유지관리 공사업
452111__hier0,452111,hier,건 설 업 > 전문직별 공사업 > 시설물 유지관리 공사업 > 시설물 유지관리 공사업
452112__name0,452112,name,"보링, 그라우팅 및 관정 공사업"
452112__hier0,452112,hier,건 설 업 > 전문직별 공사업 > 기반조성 및 시설물 축조관련 전문공사업 > 기반조성 관련 전문공사업
452112__desc0,452112,desc,관정공사
452112__example0,452112,example,보링 및 그라우팅공사
452112__example1,452112,example,굴정공사
452112__example2,452112,example,지하수 개발 공사
452112__example3,452112,example,관정(관개용 우물)공사
452112__example4,452112,example,우물공사
452113__name0,452113,name,파일공사 및 축조관련 기초 공사업
452113__hier0,452113,hier,건 설 업 > 전문직별 공사업 > 기반조성 및 시설물 축조관련 전문공사업 > 기반조성 관련 전문공사업
452113__example0,452113,example,파일공사 및 관련공사
452113__example1,452113,example,축조 관련 기초공사와 결합된 콘크리트공사
452113__example2,452113,example,"건축부지,"
452113__example3,452113,example,임업용지 배수로 공사
452113__xref0,452113,xref,건축물 축조와 관련한 기초공사에 수반되는 배수로공사
452113__xref1,452113,xref,"건축물 축조 관련 굴착, 흙 운반, 배수로공사"
452113__xref2,452113,xref,건물 축조관련 파일공사
452114__name0,452114,name,조적 및 석공사업
452114__hier0,452114,hier,건 설 업 > 전문직별 공사업 > 기반조성 및 시설물 축조관련 전문공사업 > 기타 시설물 축조 관련 전문공사업
452114__example0,452114,example,석조공사
452114__example1,452114,example,벽돌 구조재 설치공사
452114__example2,452114,example,벽돌 조적공사
452114__example3,452114,example,조립식 벽면 부착공사
452114__example4,452114,example,석재 조적공사
452114__example5,452114,example,콘크리트 블록 조적공사
452114__example6,452114,example,인도ㆍ광장 등 석재 포장공사
452114__example7,452114,example,판석 포장공사
452114__example8,452114,example,굴뚝 공사
452114__xref0,452114,xref,"블록, 벽돌, 석재 조적공사"
452115__name0,452115,name,"방음, 방진 및 내화 공사업"
452115__hier0,452115,hier,건 설 업 > 전문직별 공사업 > 건물설비 설치 공사업 > 건물설비 설치 공사업
452115__example0,452115,example,방열 및 방음공사
452115__example1,452115,example,방음 및 음향 조절공사
452115__example2,452115,example,방진 공사
452115__xref0,452115,xref,설치하는 경우
452115__xref1,452115,xref,방음공사
452116__name0,452116,name,소방시설 공사업
452116__hier0,452116,hier,건 설 업 > 전문직별 공사업 > 건물설비 설치 공사업 > 건물설비 설치 공사업
452116__example0,452116,example,소화전 설치공사
452116__example1,452116,example,건물 및 구축물 소방시설 공사
452116__example2,452116,example,방화 셔터 설치공사
452116__xref0,452116,xref,설치하는 경우
452116__xref1,452116,xref,소방시설공사
452117__name0,452117,name,건물 및 구축물 해체 공사업
452117__hier0,452117,hier,건 설 업 > 전문직별 공사업 > 기반조성 및 시설물 축조관련 전문공사업 > 건물 및 구축물 해체 공사업
452117__example0,452117,example,건축물 해체관련 발파공사
452117__example1,452117,example,건축물 철거공사
452117__example2,452117,example,건축물 해체공사
452117__example3,452117,example,구축물 철거공사
452118__name0,452118,name,철골 및 관련 구조물 공사업
452118__hier0,452118,hier,"건 설 업 > 전문직별 공사업 > 기반조성 및 시설물 축조관련 전문공사업 > 철골, 철근 및 콘크리트 공사업"
452118__example0,452118,example,철골공사
452118__example1,452118,example,철골 용접공사
452118__example2,452118,example,"철강 구조물 조립, 설치공사"
452118__example3,452118,example,"철제 수문 등 조립, 설치공사"
452118__example4,452118,example,"철탑, 철교 조립 및 설치공사"
452118__xref0,452118,xref,철골 용접공사 활동
452118__xref1,452118,xref,"철골, 철강재 구조물 설치공사"
452119__name0,452119,name,콘크리트 및 철근 공사업
452119__hier0,452119,hier,"건 설 업 > 전문직별 공사업 > 기반조성 및 시설물 축조관련 전문공사업 > 철골, 철근 및 콘크리트 공사업"
452119__example0,452119,example,콘크리트공사
452119__example1,452119,example,철근콘크리트공사
452119__example2,452119,example,철근공사
452119__example3,452119,example,프리스트레스트 콘크리트공사(PSC)
452119__xref0,452119,xref,철근 콘크리트 공사와 결합 수행하는 형틀공사
452120__name0,452120,name,비계 및 형틀 공사업
452120__hier0,452120,hier,건 설 업 > 전문직별 공사업 > 기반조성 및 시설물 축조관련 전문공사업 > 기타 시설물 축조 관련 전문공사업
452120__example0,452120,example,콘크리트 형틀(거푸집) 설치공사
452120__example1,452120,example,발판 가설공사
452120__example2,452120,example,건축공사 보조물 설치공사
452120__xref0,452120,xref,형틀 목공사
452121__name0,452121,name,건물용 금속 공작물 설치 공사업
452121__hier0,452121,hier,건 설 업 > 전문직별 공사업 > 실내건축 및 건축마무리 공사업 > 기타 건축 마무리 공사업
452121__example0,452121,example,금속제 장식용 아치 설치공사
452121__example1,452121,example,장식용 금속 공작물 설치공사
452121__example2,452121,example,금속제 발코니 설치공사
452121__example3,452121,example,장식용 금속제 모형 설치공사
452121__example4,452121,example,금속제 차광막 설치공사
452121__example5,452121,example,"철사다리, 철난간, 철계단 설치공사"
452122__name0,452122,name,철도 궤도 전문공사업
452122__hier0,452122,hier,건 설 업 > 전문직별 공사업 > 기반조성 및 시설물 축조관련 전문공사업 > 기타 시설물 축조 관련 전문공사업
452122__example0,452122,example,"궤도공사, 궤도 용접공사"
452122__example1,452122,example,선로 차단공사
452122__example2,452122,example,"침목(목재, 콘크리트 침목) 설치공사"
452123__name0,452123,name,"지붕, 내ㆍ외벽 축조 관련 전문공사업"
452123__hier0,452123,hier,건 설 업 > 전문직별 공사업 > 기반조성 및 시설물 축조관련 전문공사업 > 기타 시설물 축조 관련 전문공사업
452123__example0,452123,example,"각종 재료제(기와, 슬레이트, 금속, 아스팔트, PVC 등)의 지붕공사"
452123__example1,452123,example,"지붕 단열, 장식 공사"
452123__example2,452123,example,판금 설치 공사
452123__example3,452123,example,빗물받이 및 홈통 설치공사
452123__xref0,452123,xref,배관공사와 분리된 함석 및 판금공사
452123__xref1,452123,xref,지붕공사
452124__name0,452124,name,승강설비 설치 공사업
452124__name1,452124,name,건물용 기계ㆍ장비 설치 공사업
452124__hier0,452124,hier,건 설 업 > 전문직별 공사업 > 건물설비 설치 공사업 > 건물설비 설치 공사업
452124__ksic0,452124,ksic,"승강설비 설치 공사업, 건물용 기계ㆍ장비 설치 공사업"
452124__example0,452124,example,물품 이동장치 설치공사
452124__example1,452124,example,식품 이동장치 설치공사
452124__example2,452124,example,집진기 설치공사
452124__example3,452124,example,회전식 문 설치공사
452124__example4,452124,example,기계식 주차 설비공사
452124__example5,452124,example,건물 기계설비 제어기기 설치공사
452124__example6,452124,example,지능형 제어시스템ㆍ자동 원격 검침설비 등 자동 제어공사
452124__example7,452124,example,"시스템 에어컨(GHP, 가스엔진"
452124__example8,452124,example,난방기) 설치 공사
452124__example9,452124,example,"시스템 에어컨(EHP, 전기엔진"
452124__example10,452124,example,피뢰침 등 낙뢰 방지설비 설치공사
452124__example11,452124,example,엘리베이터(화물용 포함) 설치공사
452124__example12,452124,example,리프트 및 에스컬레이터 설치공사
452124__example13,452124,example,자동 길(무빙워크) 설치공사
452124__xref0,452124,xref,설치하는 경우
452124__xref1,452124,xref,회전문공사
452124__xref2,452124,xref,회전문 또는 자동문 개폐장치 설치공사
452125__name0,452125,name,일반 전기 공사업
452125__hier0,452125,hier,건 설 업 > 전문직별 공사업 > 전기 및 통신 공사업 > 전기 공사업
452125__example0,452125,example,송전 및 배전선 케이블공사
452125__example1,452125,example,가로 조명 시설공사
452125__example2,452125,example,교통 통제용 전기 시설공사
452125__example3,452125,example,배전탑 공사
452126__name0,452126,name,내부 전기배선 공사업
452126__hier0,452126,hier,건 설 업 > 전문직별 공사업 > 전기 및 통신 공사업 > 전기 공사업
452126__example0,452126,example,건물 전기 배선공사
452126__example1,452126,example,도난 방지용 전기 설비공사
452126__example2,452126,example,지능형 빌딩시스템(IBS) 전기설비 제어 및 감시 공사
452126__example3,452126,example,에너지관리시스템(EMS) 전기설비 제어 및 감시 공사
452126__xref0,452126,xref,건축물 관련 전기 공사 및 통신장비 설치공사
452127__name0,452127,name,일반 통신 공사업
452127__hier0,452127,hier,건 설 업 > 전문직별 공사업 > 전기 및 통신 공사업 > 통신 공사업
452127__example0,452127,example,통신 케이블공사
452127__example1,452127,example,통신탑 설치공사
452127__example2,452127,example,해저 통신 케이블공사
452128__name0,452128,name,내부 통신배선 공사업
452128__hier0,452128,hier,건 설 업 > 전문직별 공사업 > 전기 및 통신 공사업 > 통신 공사업
452128__example0,452128,example,구내 정보통신(LAN) 공사
452128__example1,452128,example,케이블 TV 접속공사
452128__example2,452128,example,경보조직 관련 통신배선 설치공사
452128__example3,452128,example,지능형 빌딩시스템(IBS) 통신설비 제어 및 감시 공사
452128__example4,452128,example,원격자동검침(AMR) 통신설비 공사
452128__xref0,452128,xref,건축물 관련 전기 공사 및 통신장비 설치공사
452128__xref1,452128,xref,경보 조직 관련 통신설비 설치
452129__name0,452129,name,도장 공사업
452129__hier0,452129,hier,"건 설 업 > 전문직별 공사업 > 실내건축 및 건축마무리 공사업 > 도장, 도배 및 내장 공사업"
452129__example0,452129,example,선박 도장공사
452129__example1,452129,example,건물
452129__example2,452129,example,외부 도장공사
452129__example3,452129,example,교량 및 기타 구축물 도장공사
452129__example4,452129,example,도로선 표시 도장(도로 건설활동과 분리된)공사
452129__example5,452129,example,부식 방지용 도장공사
452129__xref0,452129,xref,도로건설과 분리된 도로선 표시공사
452129__xref1,452129,xref,지붕 잇기공사와 분리되어 수행되는 지붕 도장공사
452129__xref2,452129,xref,지붕 잇기 공사와 분리되어 수행되는 지붕 도장공사
452130__name0,452130,name,기타 기반조성 관련 전문공사업
452130__hier0,452130,hier,건 설 업 > 전문직별 공사업 > 기반조성 및 시설물 축조관련 전문공사업 > 기반조성 관련 전문공사업
452131__name0,452131,name,기타 옥외 시설물 축조관련 전문공사업
452131__hier0,452131,hier,건 설 업 > 전문직별 공사업 > 기반조성 및 시설물 축조관련 전문공사업 > 기타 시설물 축조 관련 전문공사업
452131__example0,452131,example,"삭도(케이블카, 리프트 등) 공사"
452131__example1,452131,example,"가드레일, 표지판, 방호 울타리, 낙석 방지망"
452131__example2,452131,example,"철도기계 신호공사, 건널목 차단기 공사"
452132__name0,452132,name,배관 및 냉ㆍ난방 공사업
452132__hier0,452132,hier,건 설 업 > 전문직별 공사업 > 건물설비 설치 공사업 > 건물설비 설치 공사업
452132__desc0,452132,desc,상하수도설비공사
452132__example0,452132,example,보일러 공사
452132__example1,452132,example,건물 내부 가스설비 설치공사
452132__example2,452132,example,송풍관 건설 공사
452132__example3,452132,example,환기시설 공사
452132__example4,452132,example,"화재방지용, 조경용 살수시설(스프링클러) 및 물펌프 설치 공사"
452132__example5,452132,example,보일러 연소기 설치공사
452132__example6,452132,example,건물 하수시설 공사
452132__example7,452132,example,"배관공사와 결합된 판금, 용품, 기기 등 설치 공사"
452132__example8,452132,example,건축물 등 설치용
452132__example9,452132,example,"배수시설(급수관, 배수설비) 공사"
452132__example10,452132,example,"요업용, 금속용 요로 설치 공사"
452132__example11,452132,example,온돌 설치공사
452132__example12,452132,example,보온ㆍ보냉 등 열절연 공사
452132__example13,452132,example,"태핑(핫태핑, 콜드태핑) 공사"
452132__example14,452132,example,덕트 설치공사
452132__xref0,452132,xref,설치하는 경우
452132__xref1,452132,xref,함석공사(배관공사 관련
452132__xref2,452132,xref,건물 내 배관 공사
452132__xref3,452132,xref,난방 배관공사
452132__xref4,452132,xref,"핫 태핑, 콜드 태핑공사"
452200__name0,452200,name,그 외 기타 건축 마무리 공사업
452200__hier0,452200,hier,건 설 업 > 전문직별 공사업 > 실내건축 및 건축마무리 공사업 > 기타 건축 마무리 공사업
452200__example0,452200,example,건축물 외부 증기청소 공사
452200__example1,452200,example,바닥 정리 및 청소 공사
452200__example2,452200,example,"비금속제 건물부착 공작물(차광발, 커튼고리, 커튼 등) 설치공사"
452201__name0,452201,name,기타 건물 관련설비 설치 공사업
452201__hier0,452201,hier,건 설 업 > 전문직별 공사업 > 건물설비 설치 공사업 > 건물설비 설치 공사업
452201__example0,452201,example,"울타리(펜스, fence), 게양대 설치공사"
452201__example1,452201,example,철망 설치공사
452201__example2,452201,example,옥외 모형 장식물 설치공사
452201__example3,452201,example,풀장 설치공사
452201__example4,452201,example,보도블록 깔기 공사(건축물 구내)
452201__example5,452201,example,모래 깔기 공사(건축물 구내)
452201__xref0,452201,xref,설치하는 경우
452201__xref1,452201,xref,축조관련 울타리 설치 공사 및 철망공사
453000__name0,453000,name,건설장비 운영업
453000__hier0,453000,hier,건 설 업 > 전문직별 공사업 > 건설장비 운영업 > 건설장비 운영업
453000__example0,453000,example,건설용 기계장비 운영업
453000__xref0,453000,xref,장비 임대
501101__name0,501101,name,자동차 신품 판매업
501101__hier0,501101,hier,도매 및 소매업 > 자동차 및 부품 판매업 > 자동차 판매업 > 자동차 신품 판매업
501101__desc0,501101,desc,도매
501101__example0,501101,example,각종 승용차
501101__example1,501101,example,소매
501101__example2,501101,example,각종 화물 차량
501101__example3,501101,example,트레일러
501101__example4,501101,example,공업용 경자동차
501101__example5,501101,example,응급 구급차(앰뷸런스)
501101__example6,501101,example,특수 승용 자동차
501101__example7,501101,example,특장차
501101__example8,501101,example,도로 주행용 차량 중개
501101__example9,501101,example,"설상용 차량, 골프용 차량"
501101__xref0,501101,xref,자동차 판매
501101__xref1,501101,xref,자동차 및 이륜 자동차 소매
501103__name0,501103,name,중고 자동차 판매업
501103__hier0,501103,hier,도매 및 소매업 > 자동차 및 부품 판매업 > 자동차 판매업 > 중고 자동차 판매업
501103__desc0,501103,desc,도매
501103__example0,501103,example,중고 화물차
501103__example1,501103,example,소매
501103__example2,501103,example,중고 버스 및 트럭
501103__example3,501103,example,중고 자동차 매매
501103__example4,501103,example,중고 승용차
501103__xref0,501103,xref,자동차 판매
501103__xref1,501103,xref,자동차 및 이륜 자동차 소매
501201__name0,501201,name,자동차 신품 판매업
501201__hier0,501201,hier,도매 및 소매업 > 자동차 및 부품 판매업 > 자동차 판매업 > 자동차 신품 판매업
501201__desc0,501201,desc,소매
501201__example0,501201,example,각종 승용차
501201__example1,501201,example,각종 화물 차량
501201__example2,501201,example,트레일러
501201__example3,501201,example,공업용 경자동차
501201__example4,501201,example,응급 구급차(앰뷸런스)
501201__example5,501201,example,특수 승용 자동차
501201__example6,501201,example,특장차
501201__example7,501201,example,도로 주행용 차량 중개
501201__example8,501201,example,"설상용 차량, 골프용 차량"
501201__xref0,501201,xref,자동차 판매
501201__xref1,501201,xref,자동차 및 이륜 자동차 소매
501202__name0,501202,name,중고 자동차 판매업
501202__hier0,501202,hier,도매 및 소매업 > 자동차 및 부품 판매업 > 자동차 판매업 > 중고 자동차 판매업
501202__desc0,501202,desc,소매
501202__example0,501202,example,중고 화물차
501202__example1,501202,example,중고 버스 및 트럭
501202__example2,501202,example,중고 자동차 매매
501202__example3,501202,example,중고 승용차
501202__xref0,501202,xref,자동차 판매
501202__xref1,501202,xref,자동차 및 이륜 자동차 소매
501301__name0,501301,name,자동차 신품 판매업
501301__hier0,501301,hier,도매 및 소매업 > 자동차 및 부품 판매업 > 자동차 판매업 > 자동차 신품 판매업
501301__desc0,501301,desc,중개 매매 알선업
501301__example0,501301,example,각종 승용차
501301__example1,501301,example,소매
501301__example2,501301,example,각종 화물 차량
501301__example3,501301,example,트레일러
501301__example4,501301,example,공업용 경자동차
501301__example5,501301,example,응급 구급차(앰뷸런스)
501301__example6,501301,example,특수 승용 자동차
501301__example7,501301,example,특장차
501301__example8,501301,example,도로 주행용 차량 중개
501301__example9,501301,example,"설상용 차량, 골프용 차량"
501301__xref0,501301,xref,자동차 판매
501301__xref1,501301,xref,자동차 및 이륜 자동차 소매
501302__name0,501302,name,자동차 신품 판매업
501302__hier0,501302,hier,도매 및 소매업 > 자동차 및 부품 판매업 > 자동차 판매업 > 자동차 신품 판매업
501302__desc0,501302,desc,판매대리
501302__example0,501302,example,각종 승용차
501302__example1,501302,example,소매
501302__example2,501302,example,각종 화물 차량
501302__example3,501302,example,트레일러
501302__example4,501302,example,공업용 경자동차
501302__example5,501302,example,응급 구급차(앰뷸런스)
501302__example6,501302,example,특수 승용 자동차
501302__example7,501302,example,특장차
501302__example8,501302,example,도로 주행용 차량 중개
501302__example9,501302,example,"설상용 차량, 골프용 차량"
501302__xref0,501302,xref,자동차 판매
501302__xref1,501302,xref,자동차 및 이륜 자동차 소매
501303__name0,501303,name,중고 자동차 판매업
501303__hier0,501303,hier,도매 및 소매업 > 자동차 및 부품 판매업 > 자동차 판매업 > 중고 자동차 판매업
501303__desc0,501303,desc,판매대리
501303__example0,501303,example,중고 화물차
501303__example1,501303,example,소매
501303__example2,501303,example,중고 버스 및 트럭
501303__example3,501303,example,중고 자동차 매매
501303__example4,501303,example,중고 승용차
501303__xref0,501303,xref,자동차 판매
501303__xref1,501303,xref,자동차 및 이륜 자동차 소매
503001__name0,503001,name,자동차 신품 타이어 및 튜브 판매업
503001__hier0,503001,hier,도매 및 소매업 > 자동차 및 부품 판매업 > 자동차 부품 및 내장품 판매업 > 자동차 신품 부품 및 내장품 판매업
503001__desc0,503001,desc,도매
503001__example0,503001,example,차량용 타이어
503001__example1,503001,example,소매
503001__example2,503001,example,차량용 튜브
503001__xref0,503001,xref,자동차 판매
503001__xref1,503001,xref,자동차 및 이륜 자동차 소매
503002__name0,503002,name,자동차 신품 타이어 및 튜브 판매업
503002__hier0,503002,hier,도매 및 소매업 > 자동차 및 부품 판매업 > 자동차 부품 및 내장품 판매업 > 자동차 신품 부품 및 내장품 판매업
503002__desc0,503002,desc,소매
503002__example0,503002,example,차량용 타이어
503002__example1,503002,example,차량용 튜브
503002__xref0,503002,xref,자동차 판매
503002__xref1,503002,xref,자동차 및 이륜 자동차 소매
503003__name0,503003,name,자동차 중고 부품 및 내장품 판매업
503003__hier0,503003,hier,도매 및 소매업 > 자동차 및 부품 판매업 > 자동차 부품 및 내장품 판매업 > 자동차 중고 부품 및 내장품 판매업
503003__desc0,503003,desc,도매
503003__example0,503003,example,카인테리어 중고 부품 판매
503003__example1,503003,example,차량용 중고 축전지(배터리)
503003__example2,503003,example,소매
503003__example3,503003,example,차량용 중고 에어컨
503003__example4,503003,example,차량용 중고 타이어 및 튜브 판매
503003__xref0,503003,xref,자동차 판매
503003__xref1,503003,xref,자동차 및 이륜 자동차 소매
503004__name0,503004,name,자동차 중고 부품 및 내장품 판매업
503004__hier0,503004,hier,도매 및 소매업 > 자동차 및 부품 판매업 > 자동차 부품 및 내장품 판매업 > 자동차 중고 부품 및 내장품 판매업
503004__desc0,503004,desc,소매
503004__example0,503004,example,카인테리어 중고 부품 판매
503004__example1,503004,example,차량용 중고 축전지(배터리)
503004__example2,503004,example,차량용 중고 에어컨
503004__example3,503004,example,차량용 중고 타이어 및 튜브 판매
503004__xref0,503004,xref,자동차 판매
503004__xref1,503004,xref,자동차 및 이륜 자동차 소매
503005__name0,503005,name,기타 자동차 신품 부품 및 내장품 판매업
503005__hier0,503005,hier,도매 및 소매업 > 자동차 및 부품 판매업 > 자동차 부품 및 내장품 판매업 > 자동차 신품 부품 및 내장품 판매업
503005__desc0,503005,desc,카인테리어(액세서리)
503005__example0,503005,example,자동차 좌석덮개(시트커버)
503005__example1,503005,example,소매
503005__example2,503005,example,자동차 액세서리
503005__example3,503005,example,자동차 인테리어용품
503005__example4,503005,example,차량용 유리
503005__xref0,503005,xref,자동차 판매
503005__xref1,503005,xref,자동차 및 이륜 자동차 소매
503006__name0,503006,name,자동차용 전용 신품 부품 판매업
503006__hier0,503006,hier,도매 및 소매업 > 자동차 및 부품 판매업 > 자동차 부품 및 내장품 판매업 > 자동차 신품 부품 및 내장품 판매업
503006__desc0,503006,desc,도매
503006__example0,503006,example,자동차 엔진용 부품
503006__example1,503006,example,소매
503006__example2,503006,example,자동차 차체용 부품
503006__example3,503006,example,자동차 동력 전달장치용 부품
503006__example4,503006,example,소매 G
503006__example5,503006,example,"자동차 전기장치용 전용 부품(점화, 배선장치 등)"
503006__example6,503006,example,자동차 조향장치 부품
503006__example7,503006,example,자동차 현가장치 부품
503006__xref0,503006,xref,자동차 판매
503006__xref1,503006,xref,자동차 엔진 도매
503006__xref2,503006,xref,자동차 및 이륜 자동차 소매
503007__name0,503007,name,자동차 내장용 신품 전기ㆍ전자ㆍ정밀기기 판매업
503007__hier0,503007,hier,도매 및 소매업 > 자동차 및 부품 판매업 > 자동차 부품 및 내장품 판매업 > 자동차 신품 부품 및 내장품 판매업
503007__desc0,503007,desc,도매
503007__example0,503007,example,차량 경보기
503007__example1,503007,example,소매
503007__example2,503007,example,자동차용 에어컨
503007__example3,503007,example,"자동차용 라디오, 오디오"
503007__example4,503007,example,자동차용 스피커
503007__xref0,503007,xref,자동차 판매
503007__xref1,503007,xref,자동차 및 이륜 자동차 소매
503007__xref2,503007,xref,차량 경보 시스템 판매
503008__name0,503008,name,기타 자동차 신품 부품 및 내장품 판매업
503008__hier0,503008,hier,도매 및 소매업 > 자동차 및 부품 판매업 > 자동차 부품 및 내장품 판매업 > 자동차 신품 부품 및 내장품 판매업
503008__desc0,503008,desc,도매
503008__example0,503008,example,자동차 좌석덮개(시트커버)
503008__example1,503008,example,소매
503008__example2,503008,example,자동차 액세서리
503008__example3,503008,example,자동차 인테리어용품
503008__example4,503008,example,차량용 유리
503008__xref0,503008,xref,자동차 판매
503008__xref1,503008,xref,자동차 및 이륜 자동차 소매
503009__name0,503009,name,자동차용 전용 신품 부품 판매업
503009__hier0,503009,hier,도매 및 소매업 > 자동차 및 부품 판매업 > 자동차 부품 및 내장품 판매업 > 자동차 신품 부품 및 내장품 판매업
503009__desc0,503009,desc,소매
503009__example0,503009,example,자동차 엔진용 부품
503009__example1,503009,example,자동차 차체용 부품
503009__example2,503009,example,자동차 동력 전달장치용 부품
503009__example3,503009,example,소매 G
503009__example4,503009,example,"자동차 전기장치용 전용 부품(점화, 배선장치 등)"
503009__example5,503009,example,자동차 조향장치 부품
503009__example6,503009,example,자동차 현가장치 부품
503009__xref0,503009,xref,자동차 판매
503009__xref1,503009,xref,자동차 엔진 도매
503009__xref2,503009,xref,자동차 및 이륜 자동차 소매
503010__name0,503010,name,자동차 내장용 신품 전기ㆍ전자ㆍ정밀기기 판매업
503010__hier0,503010,hier,도매 및 소매업 > 자동차 및 부품 판매업 > 자동차 부품 및 내장품 판매업 > 자동차 신품 부품 및 내장품 판매업
503010__desc0,503010,desc,소매
503010__example0,503010,example,차량 경보기
503010__example1,503010,example,자동차용 에어컨
503010__example2,503010,example,"자동차용 라디오, 오디오"
503010__example3,503010,example,자동차용 스피커
503010__xref0,503010,xref,자동차 판매
503010__xref1,503010,xref,자동차 및 이륜 자동차 소매
503010__xref2,503010,xref,차량 경보 시스템 판매
503013__name0,503013,name,기타 자동차 신품 부품 및 내장품 판매업
503013__hier0,503013,hier,도매 및 소매업 > 자동차 및 부품 판매업 > 자동차 부품 및 내장품 판매업 > 자동차 신품 부품 및 내장품 판매업
503013__desc0,503013,desc,소매
503013__example0,503013,example,자동차 좌석덮개(시트커버)
503013__example1,503013,example,자동차 액세서리
503013__example2,503013,example,자동차 인테리어용품
503013__example3,503013,example,차량용 유리
503013__xref0,503013,xref,자동차 판매
503013__xref1,503013,xref,자동차 및 이륜 자동차 소매
504001__name0,504001,name,모터사이클 및 부품 도매업
504001__hier0,504001,hier,도매 및 소매업 > 자동차 및 부품 판매업 > 모터사이클 및 부품 판매업 > 모터사이클 및 부품 판매업
504001__example0,504001,example,오토바이 도매
504001__example1,504001,example,오토바이 부품 도매
504001__example2,504001,example,이륜차 도매
504001__example3,504001,example,"전동 자전거(모페드, moped) 도매"
504001__xref0,504001,xref,자동차 판매
504001__xref1,504001,xref,이륜자동차(오토바이) 엔진 도매
504001__xref2,504001,xref,자동차 및 이륜 자동차 소매
504002__name0,504002,name,모터사이클 및 부품 소매업
504002__hier0,504002,hier,도매 및 소매업 > 자동차 및 부품 판매업 > 모터사이클 및 부품 판매업 > 모터사이클 및 부품 판매업
504002__example0,504002,example,오토바이 소매
504002__example1,504002,example,오토바이 부품 소매
504002__example2,504002,example,이륜차 소매
504002__xref0,504002,xref,자동차 판매
504002__xref1,504002,xref,자동차 및 이륜 자동차 소매
505001__name0,505001,name,운송장비용 주유소 운영업
505001__hier0,505001,hier,도매 및 소매업 > 소매업; 자동차 제외 > 연료 소매업 > 운송장비용 연료 소매업
505001__example0,505001,example,주유소 운영
505001__example1,505001,example,차량용 액체 원료 소매
505001__xref0,505001,xref,차량용 가스 충전소
505001__xref1,505001,xref,차량용 액체 연료 소매
505001__xref2,505001,xref,차량용 기체 연료 소매
505001__xref3,505001,xref,"접객시설 없이 빵, 케이크 등을 구입하여 일반소비자에게 판매"
505002__name0,505002,name,운송장비용 수소 충전업
505002__name1,505002,name,운송장비용 기타 가스 충전업
505002__hier0,505002,hier,도매 및 소매업 > 소매업; 자동차 제외 > 연료 소매업 > 운송장비용 연료 소매업
505002__ksic0,505002,ksic,"운송장비용 수소 충전업, 운송장비용 기타 가스 충전업"
505002__example0,505002,example,운송장비용 수소 가스 소매
505002__example1,505002,example,운송장비용 수소 가스 충전소
505002__example2,505002,example,저장식 수소 충전소
505002__example3,505002,example,차량용 가스 연료 소매
505002__example4,505002,example,차량용 가스 충전소
505002__example5,505002,example,보트용 가스 연료 소매
505002__example6,505002,example,보트용 가스 충전소
505002__xref0,505002,xref,차량용 기체 연료 소매
505002__xref1,505002,xref,"접객시설 없이 빵, 케이크 등을 구입하여 일반소비자에게 판매"
511111__name0,511111,name,"산업용 농ㆍ축산물, 섬유 원료 및 동물 중개업"
511111__hier0,511111,hier,도매 및 소매업 > 도매 및 상품 중개업 > 상품 중개업 > 상품 중개업
511111__example0,511111,example,사료 중개
511111__example1,511111,example,종묘 중개
511111__example2,511111,example,가축 중개
511111__example3,511111,example,화초 및 산식물 중개
511111__example4,511111,example,공업용
511111__example5,511111,example,축산물 중개
511111__example6,511111,example,"원피, 원모 및 조면 중개"
511112__name0,511112,name,"산업용 농ㆍ축산물, 섬유 원료 및 동물 중개업"
511112__hier0,511112,hier,도매 및 소매업 > 도매 및 상품 중개업 > 상품 중개업 > 상품 중개업
511112__desc0,511112,desc,법정도매시장 중매인
511112__example0,511112,example,사료 중개
511112__example1,511112,example,종묘 중개
511112__example2,511112,example,가축 중개
511112__example3,511112,example,화초 및 산식물 중개
511112__example4,511112,example,공업용
511112__example5,511112,example,축산물 중개
511112__example6,511112,example,"원피, 원모 및 조면 중개"
511113__name0,511113,name,음ㆍ식료품 및 담배 중개업
511113__hier0,511113,hier,도매 및 소매업 > 도매 및 상품 중개업 > 상품 중개업 > 상품 중개업
511113__desc0,511113,desc,위탁판매
511113__example0,511113,example,주류 및 비알코올 음료 중개
511113__example1,511113,example,빵 및 과자 중개
511113__example2,511113,example,도축고기 중개
511113__example3,511113,example,생선 및 물고기 중개
511113__example4,511113,example,조리 가공식품 중개
511113__example5,511113,example,"수산물(신선, 냉동, 건조, 염장 등 가공품) 중개"
511113__xref0,511113,xref,미가공 수산물 중개
511114__name0,511114,name,음ㆍ식료품 및 담배 중개업
511114__hier0,511114,hier,도매 및 소매업 > 도매 및 상품 중개업 > 상품 중개업 > 상품 중개업
511114__desc0,511114,desc,위탁매매(수산물)
511114__example0,511114,example,주류 및 비알코올 음료 중개
511114__example1,511114,example,빵 및 과자 중개
511114__example2,511114,example,도축고기 중개
511114__example3,511114,example,생선 및 물고기 중개
511114__example4,511114,example,조리 가공식품 중개
511114__example5,511114,example,"수산물(신선, 냉동, 건조, 염장 등 가공품) 중개"
511114__xref0,511114,xref,미가공 수산물 중개
511115__name0,511115,name,"섬유, 의복, 신발 및 가죽제품 중개업"
511115__name1,511115,name,목재 및 건축자재 중개업
511115__name2,511115,name,"연료, 광물, 1차 금속, 비료 및 화학제품 중개업"
511115__name3,511115,name,기계 및 장비 중개업
511115__name4,511115,name,그 외 기타 특정 상품 중개업
511115__name5,511115,name,상품 종합 중개업
511115__hier0,511115,hier,도매 및 소매업 > 도매 및 상품 중개업 > 상품 중개업 > 상품 중개업
511115__ksic0,511115,ksic,"섬유, 의복, 신발 및 가죽제품 중개업, 목재 및 건축자재 중개업, 연료, 광물, 1차 금속, 비료 및 화학제품 중개업, 기계 및 장비 중개업, 그 외 기타 특정 상품 중개업, 상품 종합 중개업"
511115__example0,511115,example,섬유 및 실 중개
511115__example1,511115,example,섬유제품 및 의복 중개
511115__example2,511115,example,가죽제품 중개
511115__example3,511115,example,"합판, 박판, 제재목 중개"
511115__example4,511115,example,"골재, 벽돌, 시멘트 중개"
511115__example5,511115,example,유리 및 창호 중개
511115__example6,511115,example,농업용 기계
511115__example7,511115,example,장비 중개
511115__example8,511115,example,반도체 기계
511115__example9,511115,example,과학용 기구 및 장비 중개
511115__example10,511115,example,선박 및 항공기 중개
511115__example11,511115,example,사무용 기계 및 컴퓨터 중개
511115__example12,511115,example,목제품(건축용 제외) 중개
511115__example13,511115,example,종이제품 중개
511115__example14,511115,example,귀금속 중개
511115__example15,511115,example,가정용 가구 중개
511115__example16,511115,example,철물 및 수공구 중개
511115__example17,511115,example,종합 무역 중개
511115__example18,511115,example,연쇄화사업 종합 상품 중개 G
511115__xref0,511115,xref,"정면(精綿), 실, 가죽 등의 중개"
511115__xref1,511115,xref,수수료에 의한 종합 상품 무역 중개
511115__xref2,511115,xref,회원사 및 가맹점을 대신하여 각종상품을 구매 대리
511116__name0,511116,name,"섬유, 의복, 신발 및 가죽제품 중개업"
511116__name1,511116,name,목재 및 건축자재 중개업
511116__name2,511116,name,"연료, 광물, 1차 금속, 비료 및 화학제품 중개업"
511116__name3,511116,name,기계 및 장비 중개업
511116__name4,511116,name,상품 종합 중개업
511116__hier0,511116,hier,도매 및 소매업 > 도매 및 상품 중개업 > 상품 중개업 > 상품 중개업
511116__ksic0,511116,ksic,"섬유, 의복, 신발 및 가죽제품 중개업, 목재 및 건축자재 중개업, 연료, 광물, 1차 금속, 비료 및 화학제품 중개업, 기계 및 장비 중개업, 상품 종합 중개업"
511116__desc0,511116,desc,수출주선
511116__example0,511116,example,섬유 및 실 중개
511116__example1,511116,example,섬유제품 및 의복 중개
511116__example2,511116,example,가죽제품 중개
511116__example3,511116,example,"합판, 박판, 제재목 중개"
511116__example4,511116,example,"골재, 벽돌, 시멘트 중개"
511116__example5,511116,example,유리 및 창호 중개
511116__example6,511116,example,농업용 기계
511116__example7,511116,example,장비 중개
511116__example8,511116,example,반도체 기계
511116__example9,511116,example,과학용 기구 및 장비 중개
511116__example10,511116,example,선박 및 항공기 중개
511116__example11,511116,example,사무용 기계 및 컴퓨터 중개
511116__example12,511116,example,종합 무역 중개
511116__example13,511116,example,연쇄화사업 종합 상품 중개 G
511116__xref0,511116,xref,"정면(精綿), 실, 가죽 등의 중개"
511116__xref1,511116,xref,수수료에 의한 종합 상품 무역 중개
511116__xref2,511116,xref,회원사 및 가맹점을 대신하여 각종상품을 구매 대리
511117__name0,511117,name,"섬유, 의복, 신발 및 가죽제품 중개업"
511117__name1,511117,name,목재 및 건축자재 중개업
511117__name2,511117,name,"연료, 광물, 1차 금속, 비료 및 화학제품 중개업"
511117__name3,511117,name,기계 및 장비 중개업
511117__name4,511117,name,그 외 기타 특정 상품 중개업
511117__hier0,511117,hier,도매 및 소매업 > 도매 및 상품 중개업 > 상품 중개업 > 상품 중개업
511117__ksic0,511117,ksic,"섬유, 의복, 신발 및 가죽제품 중개업, 목재 및 건축자재 중개업, 연료, 광물, 1차 금속, 비료 및 화학제품 중개업, 기계 및 장비 중개업, 그 외 기타 특정 상품 중개업"
511117__desc0,511117,desc,기타주선
511117__example0,511117,example,섬유 및 실 중개
511117__example1,511117,example,섬유제품 및 의복 중개
511117__example2,511117,example,가죽제품 중개
511117__example3,511117,example,"합판, 박판, 제재목 중개"
511117__example4,511117,example,"골재, 벽돌, 시멘트 중개"
511117__example5,511117,example,유리 및 창호 중개
511117__example6,511117,example,농업용 기계
511117__example7,511117,example,장비 중개
511117__example8,511117,example,반도체 기계
511117__example9,511117,example,과학용 기구 및 장비 중개
511117__example10,511117,example,선박 및 항공기 중개
511117__example11,511117,example,사무용 기계 및 컴퓨터 중개
511117__example12,511117,example,목제품(건축용 제외) 중개
511117__example13,511117,example,종이제품 중개
511117__example14,511117,example,귀금속 중개
511117__example15,511117,example,가정용 가구 중개
511117__example16,511117,example,철물 및 수공구 중개
511117__xref0,511117,xref,"정면(精綿), 실, 가죽 등의 중개"
511118__name0,511118,name,음ㆍ식료품 및 담배 중개업
511118__hier0,511118,hier,도매 및 소매업 > 도매 및 상품 중개업 > 상품 중개업 > 상품 중개업
511118__desc0,511118,desc,위탁판매
511118__example0,511118,example,주류 및 비알코올 음료 중개
511118__example1,511118,example,빵 및 과자 중개
511118__example2,511118,example,도축고기 중개
511118__example3,511118,example,생선 및 물고기 중개
511118__example4,511118,example,조리 가공식품 중개
511118__example5,511118,example,"수산물(신선, 냉동, 건조, 염장 등 가공품) 중개"
511118__xref0,511118,xref,미가공 수산물 중개
511119__name0,511119,name,"섬유, 의복, 신발 및 가죽제품 중개업"
511119__name1,511119,name,목재 및 건축자재 중개업
511119__name2,511119,name,"연료, 광물, 1차 금속, 비료 및 화학제품 중개업"
511119__name3,511119,name,기계 및 장비 중개업
511119__name4,511119,name,상품 종합 중개업
511119__hier0,511119,hier,도매 및 소매업 > 도매 및 상품 중개업 > 상품 중개업 > 상품 중개업
511119__ksic0,511119,ksic,"섬유, 의복, 신발 및 가죽제품 중개업, 목재 및 건축자재 중개업, 연료, 광물, 1차 금속, 비료 및 화학제품 중개업, 기계 및 장비 중개업, 상품 종합 중개업"
511119__desc0,511119,desc,상품대리
511119__example0,511119,example,섬유 및 실 중개
511119__example1,511119,example,섬유제품 및 의복 중개
511119__example2,511119,example,가죽제품 중개
511119__example3,511119,example,"합판, 박판, 제재목 중개"
511119__example4,511119,example,"골재, 벽돌, 시멘트 중개"
511119__example5,511119,example,유리 및 창호 중개
511119__example6,511119,example,농업용 기계
511119__example7,511119,example,장비 중개
511119__example8,511119,example,반도체 기계
511119__example9,511119,example,과학용 기구 및 장비 중개
511119__example10,511119,example,선박 및 항공기 중개
511119__example11,511119,example,사무용 기계 및 컴퓨터 중개
511119__example12,511119,example,종합 무역 중개
511119__example13,511119,example,연쇄화사업 종합 상품 중개 G
511119__xref0,511119,xref,"정면(精綿), 실, 가죽 등의 중개"
511119__xref1,511119,xref,수수료에 의한 종합 상품 무역 중개
511119__xref2,511119,xref,회원사 및 가맹점을 대신하여 각종상품을 구매 대리
511121__name0,511121,name,음ㆍ식료품 및 담배 중개업
511121__hier0,511121,hier,도매 및 소매업 > 도매 및 상품 중개업 > 상품 중개업 > 상품 중개업
511121__desc0,511121,desc,"위탁판매(아동용 급식빵, 우유보급)"
511121__example0,511121,example,주류 및 비알코올 음료 중개
511121__example1,511121,example,빵 및 과자 중개
511121__example2,511121,example,도축고기 중개
511121__example3,511121,example,생선 및 물고기 중개
511121__example4,511121,example,조리 가공식품 중개
511121__example5,511121,example,"수산물(신선, 냉동, 건조, 염장 등 가공품) 중개"
511121__xref0,511121,xref,미가공 수산물 중개
511122__name0,511122,name,음ㆍ식료품 및 담배 중개업
511122__hier0,511122,hier,도매 및 소매업 > 도매 및 상품 중개업 > 상품 중개업 > 상품 중개업
511122__example0,511122,example,주류 및 비알코올 음료 중개
511122__example1,511122,example,빵 및 과자 중개
511122__example2,511122,example,도축고기 중개
511122__example3,511122,example,생선 및 물고기 중개
511122__example4,511122,example,조리 가공식품 중개
511122__example5,511122,example,"수산물(신선, 냉동, 건조, 염장 등 가공품) 중개"
511122__xref0,511122,xref,미가공 수산물 중개
511123__name0,511123,name,음ㆍ식료품 및 담배 중개업
511123__hier0,511123,hier,도매 및 소매업 > 도매 및 상품 중개업 > 상품 중개업 > 상품 중개업
511123__desc0,511123,desc,법정도매시장 중매인
511123__example0,511123,example,주류 및 비알코올 음료 중개
511123__example1,511123,example,빵 및 과자 중개
511123__example2,511123,example,도축고기 중개
511123__example3,511123,example,생선 및 물고기 중개
511123__example4,511123,example,조리 가공식품 중개
511123__example5,511123,example,"수산물(신선, 냉동, 건조, 염장 등 가공품) 중개"
511123__xref0,511123,xref,미가공 수산물 중개
512111__name0,512111,name,곡물 및 유지작물 도매업
512111__hier0,512111,hier,도매 및 소매업 > 도매 및 상품 중개업 > 산업용 농ㆍ축산물 및 동ㆍ식물 도매업 > 산업용 농ㆍ축산물 및 동ㆍ식물 도매업
512111__desc0,512111,desc,식량작물
512111__example0,512111,example,"쌀, 보리, 밀 도매"
512111__example1,512111,example,"콩, 깨, 옥수수 도매"
512111__example2,512111,example,기름 함유된 열매 도매
512111__xref0,512111,xref,식용작물 도매
512112__name0,512112,name,곡물 및 유지작물 도매업
512112__hier0,512112,hier,도매 및 소매업 > 도매 및 상품 중개업 > 산업용 농ㆍ축산물 및 동ㆍ식물 도매업 > 산업용 농ㆍ축산물 및 동ㆍ식물 도매업
512112__desc0,512112,desc,법정도매시장 중도매인
512112__example0,512112,example,"쌀, 보리, 밀 도매"
512112__example1,512112,example,"콩, 깨, 옥수수 도매"
512112__example2,512112,example,기름 함유된 열매 도매
512112__xref0,512112,xref,식용작물 도매
512113__name0,512113,name,종자 및 묘목 도매업
512113__hier0,512113,hier,도매 및 소매업 > 도매 및 상품 중개업 > 산업용 농ㆍ축산물 및 동ㆍ식물 도매업 > 산업용 농ㆍ축산물 및 동ㆍ식물 도매업
512113__desc0,512113,desc,종자
512113__example0,512113,example,곡물 종자 도매
512113__example1,512113,example,채소 및 과실 묘목 도매
512113__example2,512113,example,채소 종자 도매
512113__example3,512113,example,화훼 종자 도매
512113__xref0,512113,xref,"채소, 화훼, 과실 등의 묘목을 도매하는 경우"
512116__name0,512116,name,기타 가공식품 도매업
512116__hier0,512116,hier,도매 및 소매업 > 도매 및 상품 중개업 > 음ㆍ식료품 및 담배 도매업 > 가공식품 도매업
512116__desc0,512116,desc,곡물가루
512116__example0,512116,example,냉동 만두 도매
512116__example1,512116,example,과일 통조림 도매
512116__example2,512116,example,"당면, 냉면, 스파게티 도매"
512116__example3,512116,example,깻잎 및 장아찌 통조림 제품 도매
512116__example4,512116,example,곡물 가공품 도매
512116__example5,512116,example,"곡물 가루(쌀, 보리, 밀) 도매"
512116__example6,512116,example,녹말(전분) 도매
512116__xref0,512116,xref,곡물 가루 도매
512116__xref1,512116,xref,조제 가공식품 도매
512119__name0,512119,name,곡물 및 유지작물 도매업
512119__hier0,512119,hier,도매 및 소매업 > 도매 및 상품 중개업 > 산업용 농ㆍ축산물 및 동ㆍ식물 도매업 > 산업용 농ㆍ축산물 및 동ㆍ식물 도매업
512119__desc0,512119,desc,유지작물
512119__example0,512119,example,"쌀, 보리, 밀 도매"
512119__example1,512119,example,"콩, 깨, 옥수수 도매"
512119__example2,512119,example,기름 함유된 열매 도매
512119__xref0,512119,xref,식용작물 도매
512120__name0,512120,name,사료 도매업
512120__hier0,512120,hier,도매 및 소매업 > 도매 및 상품 중개업 > 산업용 농ㆍ축산물 및 동ㆍ식물 도매업 > 산업용 농ㆍ축산물 및 동ㆍ식물 도매업
512120__example0,512120,example,단미 사료(원료 사료) 도매
512120__example1,512120,example,배합 사료 도매
512120__example2,512120,example,보조 사료 도매
512120__example3,512120,example,어류용 사료 도매
512131__name0,512131,name,화훼류 및 식물 도매업
512131__hier0,512131,hier,도매 및 소매업 > 도매 및 상품 중개업 > 산업용 농ㆍ축산물 및 동ㆍ식물 도매업 > 산업용 농ㆍ축산물 및 동ㆍ식물 도매업
512131__desc0,512131,desc,"과실수, 관상수"
512131__example0,512131,example,꽃 및 난 도매
512131__example1,512131,example,관상수 도매
512131__example2,512131,example,잔디 도매
512131__example3,512131,example,분재류 도매
512131__example4,512131,example,구근(서류작물 제외) 도매 도매 및 소매업
512132__name0,512132,name,화훼류 및 식물 도매업
512132__hier0,512132,hier,도매 및 소매업 > 도매 및 상품 중개업 > 산업용 농ㆍ축산물 및 동ㆍ식물 도매업 > 산업용 농ㆍ축산물 및 동ㆍ식물 도매업
512132__desc0,512132,desc,화초
512132__example0,512132,example,꽃 및 난 도매
512132__example1,512132,example,관상수 도매
512132__example2,512132,example,잔디 도매
512132__example3,512132,example,분재류 도매
512132__example4,512132,example,구근(서류작물 제외) 도매 도매 및 소매업
512133__name0,512133,name,화훼류 및 식물 도매업
512133__hier0,512133,hier,도매 및 소매업 > 도매 및 상품 중개업 > 산업용 농ㆍ축산물 및 동ㆍ식물 도매업 > 산업용 농ㆍ축산물 및 동ㆍ식물 도매업
512133__desc0,512133,desc,생화(법정도매시장)
512133__example0,512133,example,꽃 및 난 도매
512133__example1,512133,example,관상수 도매
512133__example2,512133,example,잔디 도매
512133__example3,512133,example,분재류 도매
512133__example4,512133,example,구근(서류작물 제외) 도매 도매 및 소매업
512135__name0,512135,name,종자 및 묘목 도매업
512135__hier0,512135,hier,도매 및 소매업 > 도매 및 상품 중개업 > 산업용 농ㆍ축산물 및 동ㆍ식물 도매업 > 산업용 농ㆍ축산물 및 동ㆍ식물 도매업
512135__desc0,512135,desc,묘목
512135__example0,512135,example,곡물 종자 도매
512135__example1,512135,example,채소 및 과실 묘목 도매
512135__example2,512135,example,채소 종자 도매
512135__example3,512135,example,화훼 종자 도매
512135__xref0,512135,xref,"채소, 화훼, 과실 등의 묘목을 도매하는 경우"
512140__name0,512140,name,육지동물 및 반려동물도매업
512140__hier0,512140,hier,도매 및 소매업 > 도매 및 상품 중개업 > 산업용 농ㆍ축산물 및 동ㆍ식물 도매업 > 산업용 농ㆍ축산물 및 동ㆍ식물 도매업
512140__example0,512140,example,"소, 말, 돼지 도매"
512140__example1,512140,example,"닭, 오리 등 가금류 도매"
512140__example2,512140,example,조류 도매
512140__example3,512140,example,"사슴, 멧돼지 도매"
512140__example4,512140,example,열대어 도매
512140__example5,512140,example,관상어(바다 및 민물고기) 도매
512190__name0,512190,name,기타 산업용 농산물 도매업
512190__hier0,512190,hier,도매 및 소매업 > 도매 및 상품 중개업 > 산업용 농ㆍ축산물 및 동ㆍ식물 도매업 > 산업용 농ㆍ축산물 및 동ㆍ식물 도매업
512190__example0,512190,example,가죽 및 가죽 원단 도매
512190__example1,512190,example,공업용 농산물(곡물 제외) 도매
512190__example2,512190,example,원피 및 원모피 도매
512190__example3,512190,example,영지버섯 도매
512190__example4,512190,example,잎담배 도매
512190__example5,512190,example,한약재 도매
512190__example6,512190,example,누에고치 도매
512190__example7,512190,example,원모 및 원면 도매
512190__example8,512190,example,미가공 커피 도매
512190__xref0,512190,xref,원모피 및 원피 도매
512192__name0,512192,name,육지동물 및 반려동물도매업
512192__hier0,512192,hier,도매 및 소매업 > 도매 및 상품 중개업 > 산업용 농ㆍ축산물 및 동ㆍ식물 도매업 > 산업용 농ㆍ축산물 및 동ㆍ식물 도매업
512192__desc0,512192,desc,관상용 열대어 등
512192__example0,512192,example,"소, 말, 돼지 도매"
512192__example1,512192,example,"닭, 오리 등 가금류 도매"
512192__example2,512192,example,조류 도매
512192__example3,512192,example,"사슴, 멧돼지 도매"
512192__example4,512192,example,열대어 도매
512192__example5,512192,example,관상어(바다 및 민물고기) 도매
512211__name0,512211,name,과실류 도매업
512211__hier0,512211,hier,도매 및 소매업 > 도매 및 상품 중개업 > 음ㆍ식료품 및 담배 도매업 > 신선 식품 및 단순 가공 식품 도매업
512211__example0,512211,example,"견과류(대추, 밤, 은행 등) 도매"
512211__example1,512211,example,"사과, 배, 감, 포도 등 과일 도매"
512212__name0,512212,name,"채소류, 서류 및 향신작물류 도매업"
512212__hier0,512212,hier,도매 및 소매업 > 도매 및 상품 중개업 > 음ㆍ식료품 및 담배 도매업 > 신선 식품 및 단순 가공 식품 도매업
512212__example0,512212,example,채소(각종 나물) 도매
512212__example1,512212,example,"고구마, 감자 도매"
512212__example2,512212,example,"마늘, 도라지, 오이, 호박 도매"
512214__name0,512214,name,과실류 도매업
512214__hier0,512214,hier,도매 및 소매업 > 도매 및 상품 중개업 > 음ㆍ식료품 및 담배 도매업 > 신선 식품 및 단순 가공 식품 도매업
512214__desc0,512214,desc,과실(법정도매시장)
512214__example0,512214,example,"견과류(대추, 밤, 은행 등) 도매"
512214__example1,512214,example,"사과, 배, 감, 포도 등 과일 도매"
512215__name0,512215,name,"채소류, 서류 및 향신작물류 도매업"
512215__hier0,512215,hier,도매 및 소매업 > 도매 및 상품 중개업 > 음ㆍ식료품 및 담배 도매업 > 신선 식품 및 단순 가공 식품 도매업
512215__desc0,512215,desc,채소(법정도매시장)
512215__example0,512215,example,채소(각종 나물) 도매
512215__example1,512215,example,"고구마, 감자 도매"
512215__example2,512215,example,"마늘, 도라지, 오이, 호박 도매"
512221__name0,512221,name,기타 산업용 농산물 도매업
512221__hier0,512221,hier,도매 및 소매업 > 도매 및 상품 중개업 > 산업용 농ㆍ축산물 및 동ㆍ식물 도매업 > 산업용 농ㆍ축산물 및 동ㆍ식물 도매업
512221__desc0,512221,desc,임산물(일반)
512221__example0,512221,example,가죽 및 가죽 원단 도매
512221__example1,512221,example,공업용 농산물(곡물 제외) 도매
512221__example2,512221,example,원피 및 원모피 도매
512221__example3,512221,example,영지버섯 도매
512221__example4,512221,example,잎담배 도매
512221__example5,512221,example,한약재 도매
512221__example6,512221,example,누에고치 도매
512221__example7,512221,example,원모 및 원면 도매
512221__example8,512221,example,미가공 커피 도매
512221__xref0,512221,xref,원모피 및 원피 도매
512222__name0,512222,name,기타 산업용 농산물 도매업
512222__hier0,512222,hier,도매 및 소매업 > 도매 및 상품 중개업 > 산업용 농ㆍ축산물 및 동ㆍ식물 도매업 > 산업용 농ㆍ축산물 및 동ㆍ식물 도매업
512222__desc0,512222,desc,임산물(법정도매시장)
512222__example0,512222,example,가죽 및 가죽 원단 도매
512222__example1,512222,example,공업용 농산물(곡물 제외) 도매
512222__example2,512222,example,원피 및 원모피 도매
512222__example3,512222,example,영지버섯 도매
512222__example4,512222,example,잎담배 도매
512222__example5,512222,example,한약재 도매
512222__example6,512222,example,누에고치 도매
512222__example7,512222,example,원모 및 원면 도매
512222__example8,512222,example,미가공 커피 도매
512222__xref0,512222,xref,원모피 및 원피 도매
512223__name0,512223,name,육류 도매업
512223__hier0,512223,hier,도매 및 소매업 > 도매 및 상품 중개업 > 음ㆍ식료품 및 담배 도매업 > 신선 식품 및 단순 가공 식품 도매업
512223__example0,512223,example,우육 및 돈육 도매
512223__example1,512223,example,가금육 도매
512223__example2,512223,example,기타 조류 고기 도매
512223__example3,512223,example,냉장육 도매
512224__name0,512224,name,육류 도매업
512224__hier0,512224,hier,도매 및 소매업 > 도매 및 상품 중개업 > 음ㆍ식료품 및 담배 도매업 > 신선 식품 및 단순 가공 식품 도매업
512224__desc0,512224,desc,축산물(법정도매시장)
512224__example0,512224,example,우육 및 돈육 도매
512224__example1,512224,example,가금육 도매
512224__example2,512224,example,기타 조류 고기 도매
512224__example3,512224,example,냉장육 도매
512231__name0,512231,name,"신선, 냉동 및 기타 수산물 도매업"
512231__hier0,512231,hier,도매 및 소매업 > 도매 및 상품 중개업 > 음ㆍ식료품 및 담배 도매업 > 신선 식품 및 단순 가공 식품 도매업
512231__desc0,512231,desc,생선(일반)
512231__example0,512231,example,신선 어류 도매
512231__example1,512231,example,신선 해조류 도매
512231__example2,512231,example,"냉동 어개류(어류, 게, 새우 등) 도매"
512231__xref0,512231,xref,애완용 이외 수산 동물 도매
512232__name0,512232,name,"신선, 냉동 및 기타 수산물 도매업"
512232__hier0,512232,hier,도매 및 소매업 > 도매 및 상품 중개업 > 음ㆍ식료품 및 담배 도매업 > 신선 식품 및 단순 가공 식품 도매업
512232__desc0,512232,desc,냉동수산물(일반)
512232__example0,512232,example,신선 어류 도매
512232__example1,512232,example,신선 해조류 도매
512232__example2,512232,example,"냉동 어개류(어류, 게, 새우 등) 도매"
512232__xref0,512232,xref,애완용 이외 수산 동물 도매
512233__name0,512233,name,건어물 및 젓갈류 도매업
512233__hier0,512233,hier,도매 및 소매업 > 도매 및 상품 중개업 > 음ㆍ식료품 및 담배 도매업 > 신선 식품 및 단순 가공 식품 도매업
512233__example0,512233,example,건어물 도매
512233__example1,512233,example,(조미하지 않은) 젓갈류 도매
512234__name0,512234,name,"신선, 냉동 및 기타 수산물 도매업"
512234__hier0,512234,hier,도매 및 소매업 > 도매 및 상품 중개업 > 음ㆍ식료품 및 담배 도매업 > 신선 식품 및 단순 가공 식품 도매업
512234__desc0,512234,desc,생선(법정도매시장)
512234__example0,512234,example,신선 어류 도매
512234__example1,512234,example,신선 해조류 도매
512234__example2,512234,example,"냉동 어개류(어류, 게, 새우 등) 도매"
512234__xref0,512234,xref,애완용 이외 수산 동물 도매
512235__name0,512235,name,"신선, 냉동 및 기타 수산물 도매업"
512235__hier0,512235,hier,도매 및 소매업 > 도매 및 상품 중개업 > 음ㆍ식료품 및 담배 도매업 > 신선 식품 및 단순 가공 식품 도매업
512235__desc0,512235,desc,냉동수산물(법정도매시장)
512235__example0,512235,example,신선 어류 도매
512235__example1,512235,example,신선 해조류 도매
512235__example2,512235,example,"냉동 어개류(어류, 게, 새우 등) 도매"
512235__xref0,512235,xref,애완용 이외 수산 동물 도매
512236__name0,512236,name,건어물 및 젓갈류 도매업
512236__hier0,512236,hier,도매 및 소매업 > 도매 및 상품 중개업 > 음ㆍ식료품 및 담배 도매업 > 신선 식품 및 단순 가공 식품 도매업
512236__desc0,512236,desc,기타수산물(법정도매시장)
512236__example0,512236,example,건어물 도매
512236__example1,512236,example,(조미하지 않은) 젓갈류 도매
512241__name0,512241,name,"빵류, 과자류, 당류, 초콜릿 도매업"
512241__hier0,512241,hier,도매 및 소매업 > 도매 및 상품 중개업 > 음ㆍ식료품 및 담배 도매업 > 가공식품 도매업
512241__desc0,512241,desc,당류
512241__example0,512241,example,비스킷 및 크래커 도매
512241__example1,512241,example,사탕 및 캔디 도매
512241__example2,512241,example,초콜릿 및 껌 도매
512241__example3,512241,example,햄버거 도매
512241__example4,512241,example,피자 도매
512241__example5,512241,example,빵가루 도매
512241__example6,512241,example,설탕 및 당류 도매
512241__example7,512241,example,코코아 분말 및 조제품 도매
512241__xref0,512241,xref,조제 가공식품 도매
512242__name0,512242,name,"빵류, 과자류, 당류, 초콜릿 도매업"
512242__hier0,512242,hier,도매 및 소매업 > 도매 및 상품 중개업 > 음ㆍ식료품 및 담배 도매업 > 가공식품 도매업
512242__desc0,512242,desc,빵류(식빵 등)
512242__example0,512242,example,비스킷 및 크래커 도매
512242__example1,512242,example,사탕 및 캔디 도매
512242__example2,512242,example,초콜릿 및 껌 도매
512242__example3,512242,example,햄버거 도매
512242__example4,512242,example,피자 도매
512242__example5,512242,example,빵가루 도매
512242__example6,512242,example,설탕 및 당류 도매
512242__example7,512242,example,코코아 분말 및 조제품 도매
512242__xref0,512242,xref,조제 가공식품 도매
512243__name0,512243,name,"빵류, 과자류, 당류, 초콜릿 도매업"
512243__hier0,512243,hier,도매 및 소매업 > 도매 및 상품 중개업 > 음ㆍ식료품 및 담배 도매업 > 가공식품 도매업
512243__desc0,512243,desc,"고급빵류(케이크, 피자 등)"
512243__example0,512243,example,비스킷 및 크래커 도매
512243__example1,512243,example,사탕 및 캔디 도매
512243__example2,512243,example,초콜릿 및 껌 도매
512243__example3,512243,example,햄버거 도매
512243__example4,512243,example,피자 도매
512243__example5,512243,example,빵가루 도매
512243__example6,512243,example,설탕 및 당류 도매
512243__example7,512243,example,코코아 분말 및 조제품 도매
512243__xref0,512243,xref,조제 가공식품 도매
512244__name0,512244,name,"빵류, 과자류, 당류, 초콜릿 도매업"
512244__hier0,512244,hier,도매 및 소매업 > 도매 및 상품 중개업 > 음ㆍ식료품 및 담배 도매업 > 가공식품 도매업
512244__desc0,512244,desc,"과자류, 초코릿"
512244__example0,512244,example,비스킷 및 크래커 도매
512244__example1,512244,example,사탕 및 캔디 도매
512244__example2,512244,example,초콜릿 및 껌 도매
512244__example3,512244,example,햄버거 도매
512244__example4,512244,example,피자 도매
512244__example5,512244,example,빵가루 도매
512244__example6,512244,example,설탕 및 당류 도매
512244__example7,512244,example,코코아 분말 및 조제품 도매
512244__xref0,512244,xref,조제 가공식품 도매
512245__name0,512245,name,낙농품 및 동ㆍ식물성 유지 도매업
512245__hier0,512245,hier,도매 및 소매업 > 도매 및 상품 중개업 > 음ㆍ식료품 및 담배 도매업 > 가공식품 도매업
512245__desc0,512245,desc,식용 빙과
512245__example0,512245,example,액상 시유 도매
512245__example1,512245,example,우유 분리제품 도매
512245__example2,512245,example,탈지유 및 탈지 분유 도매
512245__example3,512245,example,생크림 도매
512245__example4,512245,example,전지 분유 및 가당 우유 도매
512245__example5,512245,example,연유 및 농축유 도매
512245__example6,512245,example,아이스크림 도매
512245__example7,512245,example,빙과류 도매
512245__xref0,512245,xref,조제 가공식품 도매
512245__xref1,512245,xref,"우유, 요구르트 및 아이스크림 등 낙농제품 도매"
512251__name0,512251,name,주류 도매업
512251__hier0,512251,hier,도매 및 소매업 > 도매 및 상품 중개업 > 음ㆍ식료품 및 담배 도매업 > 음료 및 담배 도매업
512251__desc0,512251,desc,"약주, 탁주"
512251__example0,512251,example,주정 도매
512251__example1,512251,example,소주 및 맥주 도매
512251__example2,512251,example,양주 도매
512251__example3,512251,example,탁주 및 약주 도매 도매 및 소매업
512252__name0,512252,name,주류 도매업
512252__hier0,512252,hier,도매 및 소매업 > 도매 및 상품 중개업 > 음ㆍ식료품 및 담배 도매업 > 음료 및 담배 도매업
512252__example0,512252,example,주정 도매
512252__example1,512252,example,소주 및 맥주 도매
512252__example2,512252,example,양주 도매
512252__example3,512252,example,탁주 및 약주 도매 도매 및 소매업
512260__name0,512260,name,비알코올 음료 도매업
512260__hier0,512260,hier,도매 및 소매업 > 도매 및 상품 중개업 > 음ㆍ식료품 및 담배 도매업 > 음료 및 담배 도매업
512260__example0,512260,example,과실 주스 도매
512260__example1,512260,example,드링크제(비의약품) 도매
512260__example2,512260,example,탄산 음료 도매
512260__example3,512260,example,청량 음료 도매
512260__example4,512260,example,캔 음료 도매
512260__example5,512260,example,비알코올 음료 원액 도매
512260__example6,512260,example,"차 음료(홍차, 녹차 등) 도매"
512260__example7,512260,example,맥아 추출물 도매
512260__xref0,512260,xref,캔 커피 및 차 음료 도매
512260__xref1,512260,xref,비의약품 드링크제 도매
512271__name0,512271,name,육류 가공식품 도매업
512271__hier0,512271,hier,도매 및 소매업 > 도매 및 상품 중개업 > 음ㆍ식료품 및 담배 도매업 > 가공식품 도매업
512271__example0,512271,example,육류 통조림 도매
512271__example1,512271,example,햄 및 소시지 도매
512271__example2,512271,example,가금육 통조림 도매
512271__example3,512271,example,베이컨 도매
512271__example4,512271,example,육류 훈제식품 도매
512271__xref0,512271,xref,조제 가공식품 도매
512272__name0,512272,name,조미료 도매업
512272__hier0,512272,hier,도매 및 소매업 > 도매 및 상품 중개업 > 음ㆍ식료품 및 담배 도매업 > 가공식품 도매업
512272__example0,512272,example,간장 및 케첩 도매
512272__example1,512272,example,조미료 및 감미제 도매
512272__example2,512272,example,향신료 도매
512272__example3,512272,example,장류 도매
512272__xref0,512272,xref,조제 가공식품 도매
512273__name0,512273,name,커피 및 차류 도매업
512273__hier0,512273,hier,도매 및 소매업 > 도매 및 상품 중개업 > 음ㆍ식료품 및 담배 도매업 > 가공식품 도매업
512273__example0,512273,example,"볶은 커피, 커피 농축물 및 조제품 도매"
512273__example1,512273,example,"홍차, 대용차류, 차류 조제품 도매"
512273__xref0,512273,xref,조제 가공식품 도매
512273__xref1,512273,xref,"인삼차, 율무차(분말) 도매"
512274__name0,512274,name,기타 가공식품 도매업
512274__hier0,512274,hier,도매 및 소매업 > 도매 및 상품 중개업 > 음ㆍ식료품 및 담배 도매업 > 가공식품 도매업
512274__desc0,512274,desc,라면
512274__example0,512274,example,냉동 만두 도매
512274__example1,512274,example,과일 통조림 도매
512274__example2,512274,example,"당면, 냉면, 스파게티 도매"
512274__example3,512274,example,깻잎 및 장아찌 통조림 제품 도매
512274__example4,512274,example,곡물 가공품 도매
512274__example5,512274,example,"곡물 가루(쌀, 보리, 밀) 도매"
512274__example6,512274,example,녹말(전분) 도매
512274__xref0,512274,xref,곡물 가루 도매
512274__xref1,512274,xref,조제 가공식품 도매
512279__name0,512279,name,기타 가공식품 도매업
512279__hier0,512279,hier,도매 및 소매업 > 도매 및 상품 중개업 > 음ㆍ식료품 및 담배 도매업 > 가공식품 도매업
512279__desc0,512279,desc,국수 및 인스턴트면류
512279__example0,512279,example,냉동 만두 도매
512279__example1,512279,example,과일 통조림 도매
512279__example2,512279,example,"당면, 냉면, 스파게티 도매"
512279__example3,512279,example,깻잎 및 장아찌 통조림 제품 도매
512279__example4,512279,example,곡물 가공품 도매
512279__example5,512279,example,"곡물 가루(쌀, 보리, 밀) 도매"
512279__example6,512279,example,녹말(전분) 도매
512279__xref0,512279,xref,곡물 가루 도매
512279__xref1,512279,xref,조제 가공식품 도매
512280__name0,512280,name,기타 가공식품 도매업
512280__hier0,512280,hier,도매 및 소매업 > 도매 및 상품 중개업 > 음ㆍ식료품 및 담배 도매업 > 가공식품 도매업
512280__desc0,512280,desc,과실 및 채소 가공식품
512280__example0,512280,example,냉동 만두 도매
512280__example1,512280,example,과일 통조림 도매
512280__example2,512280,example,"당면, 냉면, 스파게티 도매"
512280__example3,512280,example,깻잎 및 장아찌 통조림 제품 도매
512280__example4,512280,example,곡물 가공품 도매
512280__example5,512280,example,"곡물 가루(쌀, 보리, 밀) 도매"
512280__example6,512280,example,녹말(전분) 도매
512280__xref0,512280,xref,곡물 가루 도매
512280__xref1,512280,xref,조제 가공식품 도매
512281__name0,512281,name,기타 신선 식품 및 단순 가공 식품 도매업
512281__hier0,512281,hier,도매 및 소매업 > 도매 및 상품 중개업 > 음ㆍ식료품 및 담배 도매업 > 신선 식품 및 단순 가공 식품 도매업
512281__example0,512281,example,벌꿀 도매
512281__example1,512281,example,조란 도매
512281__example2,512281,example,식용 소금(천일염 포함) 도매
512282__name0,512282,name,낙농품 및 동ㆍ식물성 유지 도매업
512282__hier0,512282,hier,도매 및 소매업 > 도매 및 상품 중개업 > 음ㆍ식료품 및 담배 도매업 > 가공식품 도매업
512282__desc0,512282,desc,"연유, 시유(양유포함)"
512282__example0,512282,example,액상 시유 도매
512282__example1,512282,example,우유 분리제품 도매
512282__example2,512282,example,탈지유 및 탈지 분유 도매
512282__example3,512282,example,생크림 도매
512282__example4,512282,example,전지 분유 및 가당 우유 도매
512282__example5,512282,example,연유 및 농축유 도매
512282__example6,512282,example,아이스크림 도매
512282__example7,512282,example,빙과류 도매
512282__xref0,512282,xref,조제 가공식품 도매
512282__xref1,512282,xref,"우유, 요구르트 및 아이스크림 등 낙농제품 도매"
512283__name0,512283,name,낙농품 및 동ㆍ식물성 유지 도매업
512283__hier0,512283,hier,도매 및 소매업 > 도매 및 상품 중개업 > 음ㆍ식료품 및 담배 도매업 > 가공식품 도매업
512283__desc0,512283,desc,식물성 유지
512283__example0,512283,example,액상 시유 도매
512283__example1,512283,example,우유 분리제품 도매
512283__example2,512283,example,탈지유 및 탈지 분유 도매
512283__example3,512283,example,생크림 도매
512283__example4,512283,example,전지 분유 및 가당 우유 도매
512283__example5,512283,example,연유 및 농축유 도매
512283__example6,512283,example,아이스크림 도매
512283__example7,512283,example,빙과류 도매
512283__xref0,512283,xref,조제 가공식품 도매
512283__xref1,512283,xref,"우유, 요구르트 및 아이스크림 등 낙농제품 도매"
512284__name0,512284,name,기타 가공식품 도매업
512284__hier0,512284,hier,도매 및 소매업 > 도매 및 상품 중개업 > 음ㆍ식료품 및 담배 도매업 > 가공식품 도매업
512284__desc0,512284,desc,"기타(전분, 만두, 물엿 등)"
512284__example0,512284,example,냉동 만두 도매
512284__example1,512284,example,과일 통조림 도매
512284__example2,512284,example,"당면, 냉면, 스파게티 도매"
512284__example3,512284,example,깻잎 및 장아찌 통조림 제품 도매
512284__example4,512284,example,곡물 가공품 도매
512284__example5,512284,example,"곡물 가루(쌀, 보리, 밀) 도매"
512284__example6,512284,example,녹말(전분) 도매
512284__xref0,512284,xref,곡물 가루 도매
512284__xref1,512284,xref,조제 가공식품 도매
512285__name0,512285,name,낙농품 및 동ㆍ식물성 유지 도매업
512285__hier0,512285,hier,도매 및 소매업 > 도매 및 상품 중개업 > 음ㆍ식료품 및 담배 도매업 > 가공식품 도매업
512285__desc0,512285,desc,동물성 유지
512285__example0,512285,example,액상 시유 도매
512285__example1,512285,example,우유 분리제품 도매
512285__example2,512285,example,탈지유 및 탈지 분유 도매
512285__example3,512285,example,생크림 도매
512285__example4,512285,example,전지 분유 및 가당 우유 도매
512285__example5,512285,example,연유 및 농축유 도매
512285__example6,512285,example,아이스크림 도매
512285__example7,512285,example,빙과류 도매
512285__xref0,512285,xref,조제 가공식품 도매
512285__xref1,512285,xref,"우유, 요구르트 및 아이스크림 등 낙농제품 도매"
512286__name0,512286,name,담배 도매업
512286__hier0,512286,hier,도매 및 소매업 > 도매 및 상품 중개업 > 음ㆍ식료품 및 담배 도매업 > 음료 및 담배 도매업
512287__name0,512287,name,기타 가공식품 도매업
512287__hier0,512287,hier,도매 및 소매업 > 도매 및 상품 중개업 > 음ㆍ식료품 및 담배 도매업 > 가공식품 도매업
512287__desc0,512287,desc,조제건강식품
512287__example0,512287,example,냉동 만두 도매
512287__example1,512287,example,과일 통조림 도매
512287__example2,512287,example,"당면, 냉면, 스파게티 도매"
512287__example3,512287,example,깻잎 및 장아찌 통조림 제품 도매
512287__example4,512287,example,곡물 가공품 도매
512287__example5,512287,example,"곡물 가루(쌀, 보리, 밀) 도매"
512287__example6,512287,example,녹말(전분) 도매
512287__xref0,512287,xref,곡물 가루 도매
512287__xref1,512287,xref,조제 가공식품 도매
512288__name0,512288,name,기타 가공식품 도매업
512288__hier0,512288,hier,도매 및 소매업 > 도매 및 상품 중개업 > 음ㆍ식료품 및 담배 도매업 > 가공식품 도매업
512288__desc0,512288,desc,인삼제품
512288__example0,512288,example,냉동 만두 도매
512288__example1,512288,example,과일 통조림 도매
512288__example2,512288,example,"당면, 냉면, 스파게티 도매"
512288__example3,512288,example,깻잎 및 장아찌 통조림 제품 도매
512288__example4,512288,example,곡물 가공품 도매
512288__example5,512288,example,"곡물 가루(쌀, 보리, 밀) 도매"
512288__example6,512288,example,녹말(전분) 도매
512288__xref0,512288,xref,곡물 가루 도매
512288__xref1,512288,xref,조제 가공식품 도매
512289__name0,512289,name,수산물 가공식품 도매업
512289__hier0,512289,hier,도매 및 소매업 > 도매 및 상품 중개업 > 음ㆍ식료품 및 담배 도매업 > 가공식품 도매업
512289__example0,512289,example,물고기 통조림 도매
512289__example1,512289,example,어묵 도매
512289__example2,512289,example,수산물 액젓 도매
512289__example3,512289,example,구운 김 도매
512289__example4,512289,example,맛살 도매
512289__example5,512289,example,훈제 어류 도매 도매 및 소매업
512289__xref0,512289,xref,조제 가공식품 도매
512290__name0,512290,name,낙농품 및 동ㆍ식물성 유지 도매업
512290__hier0,512290,hier,도매 및 소매업 > 도매 및 상품 중개업 > 음ㆍ식료품 및 담배 도매업 > 가공식품 도매업
512290__desc0,512290,desc,분유
512290__example0,512290,example,액상 시유 도매
512290__example1,512290,example,우유 분리제품 도매
512290__example2,512290,example,탈지유 및 탈지 분유 도매
512290__example3,512290,example,생크림 도매
512290__example4,512290,example,전지 분유 및 가당 우유 도매
512290__example5,512290,example,연유 및 농축유 도매
512290__example6,512290,example,아이스크림 도매
512290__example7,512290,example,빙과류 도매
512290__xref0,512290,xref,조제 가공식품 도매
512290__xref1,512290,xref,"우유, 요구르트 및 아이스크림 등 낙농제품 도매"
512293__name0,512293,name,복권 발행 및 판매업
512293__hier0,512293,hier,"예술, 스포츠 및 여가관련 서비스업 > 스포츠 및 오락관련 서비스업 > 유원지 및 기타 오락관련 서비스업 > 사행시설 관리 및 운영업"
512293__desc0,512293,desc,복권(도매)
512293__example0,512293,example,스포츠 복권 발행
512293__example1,512293,example,기입식 복권 발행
512293__example2,512293,example,즉석식 복권 발행
512293__example3,512293,example,복권 판매소
512294__name0,512294,name,낙농품 및 동ㆍ식물성 유지 도매업
512294__hier0,512294,hier,도매 및 소매업 > 도매 및 상품 중개업 > 음ㆍ식료품 및 담배 도매업 > 가공식품 도매업
512294__desc0,512294,desc,발효유(야쿠르트) 및 치즈
512294__example0,512294,example,액상 시유 도매
512294__example1,512294,example,우유 분리제품 도매
512294__example2,512294,example,탈지유 및 탈지 분유 도매
512294__example3,512294,example,생크림 도매
512294__example4,512294,example,전지 분유 및 가당 우유 도매
512294__example5,512294,example,연유 및 농축유 도매
512294__example6,512294,example,아이스크림 도매
512294__example7,512294,example,빙과류 도매
512294__xref0,512294,xref,조제 가공식품 도매
512294__xref1,512294,xref,"우유, 요구르트 및 아이스크림 등 낙농제품 도매"
512295__name0,512295,name,기타 가공식품 도매업
512295__hier0,512295,hier,도매 및 소매업 > 도매 및 상품 중개업 > 음ㆍ식료품 및 담배 도매업 > 가공식품 도매업
512295__desc0,512295,desc,"김치, 단무지"
512295__example0,512295,example,냉동 만두 도매
512295__example1,512295,example,과일 통조림 도매
512295__example2,512295,example,"당면, 냉면, 스파게티 도매"
512295__example3,512295,example,깻잎 및 장아찌 통조림 제품 도매
512295__example4,512295,example,곡물 가공품 도매
512295__example5,512295,example,"곡물 가루(쌀, 보리, 밀) 도매"
512295__example6,512295,example,녹말(전분) 도매
512295__xref0,512295,xref,곡물 가루 도매
512295__xref1,512295,xref,조제 가공식품 도매
513111__name0,513111,name,생활용 섬유 및 실 도매업
513111__hier0,513111,hier,"도매 및 소매업 > 도매 및 상품 중개업 > 생활용품 도매업 > 생활용 섬유제품, 의복, 의복 액세서리 및 모피제품 도매업"
513111__example0,513111,example,섬유(솜) 도매
513111__example1,513111,example,연사 도매
513111__example2,513111,example,자수실(재봉사) 도매
513111__xref0,513111,xref,소매용 섬유 및 사 도매
513111__xref1,513111,xref,소매용 포장 직물 도매
513112__name0,513112,name,커튼 및 침구용품 도매업
513112__hier0,513112,hier,"도매 및 소매업 > 도매 및 상품 중개업 > 생활용품 도매업 > 생활용 섬유제품, 의복, 의복 액세서리 및 모피제품 도매업"
513112__desc0,513112,desc,침구용품
513112__example0,513112,example,쿠션 및 방석 도매
513112__example1,513112,example,실내용 블라인드(직물) 도매
513112__example2,513112,example,벽가리개 도매
513112__example3,513112,example,"침구용, 주방용 린넨제품(침대 시트, 식탁보, 베갯잇 등) 도매"
513112__example4,513112,example,무대막 도매
513113__name0,513113,name,커튼 및 침구용품 도매업
513113__hier0,513113,hier,"도매 및 소매업 > 도매 및 상품 중개업 > 생활용품 도매업 > 생활용 섬유제품, 의복, 의복 액세서리 및 모피제품 도매업"
513113__desc0,513113,desc,커튼
513113__example0,513113,example,쿠션 및 방석 도매
513113__example1,513113,example,실내용 블라인드(직물) 도매
513113__example2,513113,example,벽가리개 도매
513113__example3,513113,example,"침구용, 주방용 린넨제품(침대 시트, 식탁보, 베갯잇 등) 도매"
513113__example4,513113,example,무대막 도매
513119__name0,513119,name,기타 생활용 섬유 및 직물 제품 도매업
513119__hier0,513119,hier,"도매 및 소매업 > 도매 및 상품 중개업 > 생활용품 도매업 > 생활용 섬유제품, 의복, 의복 액세서리 및 모피제품 도매업"
513119__example0,513119,example,수예품 도매
513119__example1,513119,example,위생 수건(타월) 도매
513119__example2,513119,example,융단(카펫) 도매
513119__example3,513119,example,국기 도매
513119__xref0,513119,xref,봉제 카펫(생활용) 도매
513121__name0,513121,name,남녀용 겉옷 및 셔츠 도매업
513121__hier0,513121,hier,"도매 및 소매업 > 도매 및 상품 중개업 > 생활용품 도매업 > 생활용 섬유제품, 의복, 의복 액세서리 및 모피제품 도매업"
513121__desc0,513121,desc,겉옷
513121__example0,513121,example,양복 및 양장 도매
513121__example1,513121,example,양복 조끼 도매
513121__example2,513121,example,반바지 도매
513121__example3,513121,example,작업복 및 체육복 도매
513121__example4,513121,example,수영복 도매
513121__example5,513121,example,소아용 기성 겉옷 도매
513130__name0,513130,name,남녀용 겉옷 및 셔츠 도매업
513130__hier0,513130,hier,"도매 및 소매업 > 도매 및 상품 중개업 > 생활용품 도매업 > 생활용 섬유제품, 의복, 의복 액세서리 및 모피제품 도매업"
513130__desc0,513130,desc,셔츠
513130__example0,513130,example,양복 및 양장 도매
513130__example1,513130,example,양복 조끼 도매
513130__example2,513130,example,반바지 도매
513130__example3,513130,example,작업복 및 체육복 도매
513130__example4,513130,example,수영복 도매
513130__example5,513130,example,소아용 기성 겉옷 도매
513131__name0,513131,name,유아용 의류 도매업
513131__hier0,513131,hier,"도매 및 소매업 > 도매 및 상품 중개업 > 생활용품 도매업 > 생활용 섬유제품, 의복, 의복 액세서리 및 모피제품 도매업"
513131__example0,513131,example,유아용 겉옷 도매
513131__example1,513131,example,유아용 속옷 도매
513132__name0,513132,name,속옷 및 잠옷 도매업
513132__hier0,513132,hier,"도매 및 소매업 > 도매 및 상품 중개업 > 생활용품 도매업 > 생활용 섬유제품, 의복, 의복 액세서리 및 모피제품 도매업"
513132__example0,513132,example,잠옷 도매
513132__example1,513132,example,러닝 및 팬티 도매
513132__example2,513132,example,브래지어 도매
513132__example3,513132,example,캐미솔 도매
513141__name0,513141,name,신발 도매업
513141__hier0,513141,hier,도매 및 소매업 > 도매 및 상품 중개업 > 생활용품 도매업 > 신발 도매업
513141__example0,513141,example,구두 도매
513141__example1,513141,example,부츠 도매
513141__example2,513141,example,운동화 도매
513141__xref0,513141,xref,가죽 신발 도매
513150__name0,513150,name,가죽 및 모피 제품 도매업
513150__hier0,513150,hier,"도매 및 소매업 > 도매 및 상품 중개업 > 생활용품 도매업 > 생활용 섬유제품, 의복, 의복 액세서리 및 모피제품 도매업"
513150__example0,513150,example,가죽의복 도매
513150__example1,513150,example,모피제품 도매
513191__name0,513191,name,의복 액세서리 및 모조 장신구 도매업
513191__hier0,513191,hier,"도매 및 소매업 > 도매 및 상품 중개업 > 생활용품 도매업 > 생활용 섬유제품, 의복, 의복 액세서리 및 모피제품 도매업"
513191__desc0,513191,desc,의복 액세서리
513191__example0,513191,example,가발 및 모자 도매
513191__example1,513191,example,손수건 및 머플러 도매
513191__example2,513191,example,귀걸이 및 머리핀 도매
513191__example3,513191,example,브로치 도매
513191__example4,513191,example,넥타이 도매
513191__example5,513191,example,요대(벨트) 도매
513191__example6,513191,example,양말 및 스타킹 도매
513191__example7,513191,example,단추 및 파스너(지퍼 등) 도매
513191__example8,513191,example,모피제 의복 액세서리 도매
513191__example9,513191,example,모피제 모자 및 장갑 도매
513191__xref0,513191,xref,의복 액세서리(귀금속 제외) 및 모조 장신용품 도매
513211__name0,513211,name,생활용 가구 도매업
513211__hier0,513211,hier,"도매 및 소매업 > 도매 및 상품 중개업 > 생활용품 도매업 > 생활용 가구, 조명기구 및 비전기식 생활용기기 도매업"
513211__example0,513211,example,장롱 도매
513211__example1,513211,example,매트리스 및 침대 도매
513211__example2,513211,example,주방용 가구 도매
513211__example3,513211,example,책상 및 의자 도매(가정용)
513211__xref0,513211,xref,생활용 및 주방용 유리제품 도매
513221__name0,513221,name,가전제품 및 부품 도매업
513221__hier0,513221,hier,"도매 및 소매업 > 도매 및 상품 중개업 > 기계장비 및 관련 물품 도매업 > 가전제품, 통신장비 및 부품 도매업"
513221__example0,513221,example,영상기기 도매
513221__example1,513221,example,음향기기(오디오 등) 도매
513221__example2,513221,example,가정용
513221__example3,513221,example,난방기(전기식) 도매
513221__example4,513221,example,가정용 전열기기 도매
513221__example5,513221,example,전자 레인지 및 전기 밥솥 도매
513221__example6,513221,example,전기 면도기 도매
513221__example7,513221,example,전기 담요 도매
513221__example8,513221,example,가스 레인지 도매
513221__example9,513221,example,가정용 비전기식 조리 및 난방기구 도매
513221__xref0,513221,xref,전기담요 도매
513221__xref1,513221,xref,가스레인지 도매
513221__xref2,513221,xref,가정용 캠코더 도매
513221__xref3,513221,xref,비설치용 난방용구 도매
513230__name0,513230,name,생활용 유리ㆍ요업ㆍ목재ㆍ금속 제품 및 날붙이 도매업
513230__hier0,513230,hier,"도매 및 소매업 > 도매 및 상품 중개업 > 생활용품 도매업 > 생활용 가구, 조명기구 및 비전기식 생활용기기 도매업"
513230__desc0,513230,desc,"생활용 목재제품, 주방용 금속제품 등"
513230__example0,513230,example,그릇(각종 재질) 도매
513230__example1,513230,example,쌀통 및 김치통 도매
513230__example2,513230,example,주방용품 도매
513230__example3,513230,example,관상용 어항 도매
513230__example4,513230,example,화분 도매
513230__example5,513230,example,쓰레기통 도매
513230__example6,513230,example,비전기식 면도기 도매
513230__example7,513230,example,비전기식 이발기 도매
513230__xref0,513230,xref,생활용 및 주방용 유리제품 도매
513230__xref1,513230,xref,"주방용 금속제품 및 날붙이(칼, 가위, 면도기 등) 도매"
513231__name0,513231,name,그 외 기타 기계 및 장비 도매업
513231__hier0,513231,hier,도매 및 소매업 > 도매 및 상품 중개업 > 기계장비 및 관련 물품 도매업 > 기타 기계 및 장비 도매업
513231__desc0,513231,desc,자동판매기
513231__example0,513231,example,밸브 도매
513231__example1,513231,example,펌프 및 공기 압축기 도매
513231__example2,513231,example,송풍기 및 환풍기 도매
513231__example3,513231,example,구름(볼 및 롤러)베어링 도매
513231__example4,513231,example,기계류 동력 전달장치 도매
513231__example5,513231,example,소화장비 도매
513231__example6,513231,example,물품 취급장비 도매
513231__example7,513231,example,"엔진(기관) 및 터빈 도매(항공기, 자동차, 이륜 자동차용 제외)"
513231__example8,513231,example,기중기 도매
513241__name0,513241,name,"전구, 램프 및 조명장치 도매업"
513241__hier0,513241,hier,"도매 및 소매업 > 도매 및 상품 중개업 > 생활용품 도매업 > 생활용 가구, 조명기구 및 비전기식 생활용기기 도매업"
513241__example0,513241,example,샹들리에 도매
513241__example1,513241,example,전기스탠드 도매
513241__xref0,513241,xref,전구 도매
513241__xref1,513241,xref,생활용 및 주방용 유리제품 도매
513250__name0,513250,name,악기 도매업
513250__hier0,513250,hier,"도매 및 소매업 > 도매 및 상품 중개업 > 생활용품 도매업 > 음반 및 비디오물, 악기, 오락 및 경기용품 도매업"
513250__example0,513250,example,피아노 도매
513250__example1,513250,example,전자 악기 도매
513250__example2,513250,example,"장구, 북 등 전통 악기 도매"
513250__example3,513250,example,국악기 도매
513250__example4,513250,example,하모니카 등 기타 악기 도매
513253__name0,513253,name,음반 및 비디오물 도매업
513253__hier0,513253,hier,"도매 및 소매업 > 도매 및 상품 중개업 > 생활용품 도매업 > 음반 및 비디오물, 악기, 오락 및 경기용품 도매업"
513253__example0,513253,example,음악 및 영상물 수록 CD 도매
513253__example1,513253,example,"음악 테이프, CD, DVD 도매"
513253__example2,513253,example,음반 도매
513253__example3,513253,example,"비디오 테이프, CD, DVD 도매"
513253__xref0,513253,xref,"음반, 비디오물 도매"
513261__name0,513261,name,기타 생활용 섬유 및 직물 제품 도매업
513261__hier0,513261,hier,"도매 및 소매업 > 도매 및 상품 중개업 > 생활용품 도매업 > 생활용 섬유제품, 의복, 의복 액세서리 및 모피제품 도매업"
513261__desc0,513261,desc,"카펫, 융단, 자리"
513261__example0,513261,example,수예품 도매
513261__example1,513261,example,위생 수건(타월) 도매
513261__example2,513261,example,융단(카펫) 도매
513261__example3,513261,example,국기 도매
513261__xref0,513261,xref,봉제 카펫(생활용) 도매
513263__name0,513263,name,벽지 및 장판류 도매업
513263__hier0,513263,hier,"도매 및 소매업 > 도매 및 상품 중개업 > 건축 자재, 철물 및 난방장치 도매업 > 기타 건축자재 도매업"
513263__example0,513263,example,리놀륨 도매
513263__example1,513263,example,화문석 및 유사 조물제품 도매
513263__example2,513263,example,장판지 및 마루덮개 도매
513263__example3,513263,example,융단 원단 도매
513263__example4,513263,example,"벽지(직물, 종이, 플라스틱제 포함) 도매"
513263__xref0,513263,xref,직물벽지 도매
513263__xref1,513263,xref,융단 원단 도매 도매 및 소매업
513263__xref2,513263,xref,"장판지, 벽지, 융단 원단 및 마루덮개 도매"
513271__name0,513271,name,생활용 유리ㆍ요업ㆍ목재ㆍ금속 제품 및 날붙이 도매업
513271__hier0,513271,hier,"도매 및 소매업 > 도매 및 상품 중개업 > 생활용품 도매업 > 생활용 가구, 조명기구 및 비전기식 생활용기기 도매업"
513271__desc0,513271,desc,"생활용 요업제품, 유리제품"
513271__example0,513271,example,그릇(각종 재질) 도매
513271__example1,513271,example,쌀통 및 김치통 도매
513271__example2,513271,example,주방용품 도매
513271__example3,513271,example,관상용 어항 도매
513271__example4,513271,example,화분 도매
513271__example5,513271,example,쓰레기통 도매
513271__example6,513271,example,비전기식 면도기 도매
513271__example7,513271,example,비전기식 이발기 도매
513271__xref0,513271,xref,생활용 및 주방용 유리제품 도매
513271__xref1,513271,xref,"주방용 금속제품 및 날붙이(칼, 가위, 면도기 등) 도매"
513272__name0,513272,name,생활용 유리ㆍ요업ㆍ목재ㆍ금속 제품 및 날붙이 도매업
513272__hier0,513272,hier,"도매 및 소매업 > 도매 및 상품 중개업 > 생활용품 도매업 > 생활용 가구, 조명기구 및 비전기식 생활용기기 도매업"
513272__desc0,513272,desc,주방용 요업제품
513272__example0,513272,example,그릇(각종 재질) 도매
513272__example1,513272,example,쌀통 및 김치통 도매
513272__example2,513272,example,주방용품 도매
513272__example3,513272,example,관상용 어항 도매
513272__example4,513272,example,화분 도매
513272__example5,513272,example,쓰레기통 도매
513272__example6,513272,example,비전기식 면도기 도매
513272__example7,513272,example,비전기식 이발기 도매
513272__xref0,513272,xref,생활용 및 주방용 유리제품 도매
513272__xref1,513272,xref,"주방용 금속제품 및 날붙이(칼, 가위, 면도기 등) 도매"
513290__name0,513290,name,생활용 가구 도매업
513290__hier0,513290,hier,"도매 및 소매업 > 도매 및 상품 중개업 > 생활용품 도매업 > 생활용 가구, 조명기구 및 비전기식 생활용기기 도매업"
513290__desc0,513290,desc,싱크대 및 조리대
513290__example0,513290,example,장롱 도매
513290__example1,513290,example,매트리스 및 침대 도매
513290__example2,513290,example,주방용 가구 도매
513290__example3,513290,example,책상 및 의자 도매(가정용)
513290__xref0,513290,xref,생활용 및 주방용 유리제품 도매
513291__name0,513291,name,가전제품 및 부품 도매업
513291__hier0,513291,hier,"도매 및 소매업 > 도매 및 상품 중개업 > 기계장비 및 관련 물품 도매업 > 가전제품, 통신장비 및 부품 도매업"
513291__desc0,513291,desc,가정용 비전기식 조리 및 난방기구
513291__example0,513291,example,영상기기 도매
513291__example1,513291,example,음향기기(오디오 등) 도매
513291__example2,513291,example,가정용
513291__example3,513291,example,난방기(전기식) 도매
513291__example4,513291,example,가정용 전열기기 도매
513291__example5,513291,example,전자 레인지 및 전기 밥솥 도매
513291__example6,513291,example,전기 면도기 도매
513291__example7,513291,example,전기 담요 도매
513291__example8,513291,example,가스 레인지 도매
513291__example9,513291,example,가정용 비전기식 조리 및 난방기구 도매
513291__xref0,513291,xref,전기담요 도매
513291__xref1,513291,xref,가스레인지 도매
513291__xref2,513291,xref,가정용 캠코더 도매
513291__xref3,513291,xref,비설치용 난방용구 도매
513295__name0,513295,name,생활용 유리ㆍ요업ㆍ목재ㆍ금속 제품 및 날붙이 도매업
513295__hier0,513295,hier,"도매 및 소매업 > 도매 및 상품 중개업 > 생활용품 도매업 > 생활용 가구, 조명기구 및 비전기식 생활용기기 도매업"
513295__desc0,513295,desc,비전기식 이ㆍ미용기구
513295__example0,513295,example,그릇(각종 재질) 도매
513295__example1,513295,example,쌀통 및 김치통 도매
513295__example2,513295,example,주방용품 도매
513295__example3,513295,example,관상용 어항 도매
513295__example4,513295,example,화분 도매
513295__example5,513295,example,쓰레기통 도매
513295__example6,513295,example,비전기식 면도기 도매
513295__example7,513295,example,비전기식 이발기 도매
513295__xref0,513295,xref,생활용 및 주방용 유리제품 도매
513295__xref1,513295,xref,"주방용 금속제품 및 날붙이(칼, 가위, 면도기 등) 도매"
513296__name0,513296,name,기타 비전기식 생활용 기기 및 기구 도매업
513296__hier0,513296,hier,"도매 및 소매업 > 도매 및 상품 중개업 > 생활용품 도매업 > 생활용 가구, 조명기구 및 비전기식 생활용기기 도매업"
513296__example0,513296,example,비전기식 재봉기 도매업
513296__example1,513296,example,비전기식 정수기 도매업 도매 및 소매업
513296__xref0,513296,xref,생활용 및 주방용 유리제품 도매
513297__name0,513297,name,자전거 및 기타 운송장비 도매업
513297__hier0,513297,hier,"도매 및 소매업 > 도매 및 상품 중개업 > 생활용품 도매업 > 음반 및 비디오물, 악기, 오락 및 경기용품 도매업"
513297__desc0,513297,desc,유모차
513297__example0,513297,example,자전거 및 부품 도매
513297__example1,513297,example,개인용 운송장비 도매(동력식)
513297__example2,513297,example,유모차 도매
513298__name0,513298,name,그 외 기타 상품 전문 도매업
513298__hier0,513298,hier,도매 및 소매업 > 도매 및 상품 중개업 > 기타 전문 도매업 > 재생용 재료 및 기타 상품 전문 도매업
513298__desc0,513298,desc,총포
513298__example0,513298,example,화약 도매
513298__example1,513298,example,폭약 도매
513298__example2,513298,example,플라스틱 필름 도매
513298__example3,513298,example,산업용 가죽제품 도매
513298__example4,513298,example,유리섬유 도매
513298__example5,513298,example,총포 도매 도매 및 소매업
513298__xref0,513298,xref,폴리에틸렌 필름 도매 도매 및 소매업
513311__name0,513311,name,의약품 도매업
513311__hier0,513311,hier,"도매 및 소매업 > 도매 및 상품 중개업 > 생활용품 도매업 > 의약품, 의료용품 및 화장품 도매업"
513311__example0,513311,example,비타민제 도매
513311__example1,513311,example,안약 도매
513311__example2,513311,example,동물용 약품 도매
513311__example3,513311,example,강장제 및 드링크제 도매(의약품)
513312__name0,513312,name,의약품 도매업
513312__hier0,513312,hier,"도매 및 소매업 > 도매 및 상품 중개업 > 생활용품 도매업 > 의약품, 의료용품 및 화장품 도매업"
513312__desc0,513312,desc,각종 한약류
513312__example0,513312,example,비타민제 도매
513312__example1,513312,example,안약 도매
513312__example2,513312,example,동물용 약품 도매
513312__example3,513312,example,강장제 및 드링크제 도매(의약품)
513313__name0,513313,name,의료용품 도매업
513313__hier0,513313,hier,"도매 및 소매업 > 도매 및 상품 중개업 > 생활용품 도매업 > 의약품, 의료용품 및 화장품 도매업"
513313__example0,513313,example,혈액형 분류용 시약 도매
513313__example1,513313,example,"탈지면, 피복재, 습포제 도매"
513313__example2,513313,example,"의족, 의치 및 의수 도매"
513313__example3,513313,example,"살균한 외과용의 장선(캣커트), 봉합재 및 지혈제 도매"
513313__xref0,513313,xref,의료용품 및 신체보정용 정형외과용품 도매
513313__xref1,513313,xref,살충 및 소독제 도매
513320__name0,513320,name,화장품 및 화장용품 도매업
513320__hier0,513320,hier,"도매 및 소매업 > 도매 및 상품 중개업 > 생활용품 도매업 > 의약품, 의료용품 및 화장품 도매업"
513320__example0,513320,example,"스킨, 로션 및 향수 도매"
513320__example1,513320,example,무스 및 스프레이 도매
513320__example2,513320,example,화장 도구 도매
513320__example3,513320,example,머리 염색약 및 머릿기름 도매
513320__example4,513320,example,구강 세척제 도매
513320__example5,513320,example,렌즈 세정액(클리너) 도매
513320__example6,513320,example,탈모제 및 파마약 도매
513330__name0,513330,name,비누 및 세정제 도매업
513330__hier0,513330,hier,"도매 및 소매업 > 도매 및 상품 중개업 > 생활용품 도매업 > 의약품, 의료용품 및 화장품 도매업"
513330__example0,513330,example,세수 및 약용 비누 도매
513330__example1,513330,example,주방 및 세탁용 세제 도매
513330__example2,513330,example,락스 도매
513330__example3,513330,example,치약 도매
513410__name0,513410,name,"생활용 포장 및 위생용품, 봉투 및 유사 제품 도매업"
513410__hier0,513410,hier,"도매 및 소매업 > 도매 및 상품 중개업 > 생활용품 도매업 > 생활용 포장ㆍ위생용품, 문구용품 및 출판 인쇄물 도매업"
513410__example0,513410,example,"포장지(랩, wrap) 도매"
513410__example1,513410,example,은박지 도매
513410__example2,513410,example,화장지 및 냅킨 도매
513410__example3,513410,example,쇼핑백 도매
513414__name0,513414,name,"종이 원지, 판지, 종이상자 도매업"
513414__hier0,513414,hier,"도매 및 소매업 > 도매 및 상품 중개업 > 기타 전문 도매업 > 종이 원지, 판지, 종이상자 도매업"
513414__example0,513414,example,펄프 도매
513414__example1,513414,example,"신문용지, 인쇄용지, 필기용 원지 도매"
513414__example2,513414,example,골판지 및 크라프트지 도매
513414__example3,513414,example,상자용
513414__example4,513414,example,포장용 판지 및 종이 상자 도매
513414__xref0,513414,xref,판지 및 크라프트지 도 매
513415__name0,513415,name,그 외 기타 상품 전문 도매업
513415__hier0,513415,hier,도매 및 소매업 > 도매 및 상품 중개업 > 기타 전문 도매업 > 재생용 재료 및 기타 상품 전문 도매업
513415__desc0,513415,desc,"플라스틱필름, 폴리에틸렌필름"
513415__example0,513415,example,화약 도매
513415__example1,513415,example,폭약 도매
513415__example2,513415,example,플라스틱 필름 도매
513415__example3,513415,example,산업용 가죽제품 도매
513415__example4,513415,example,유리섬유 도매
513415__example5,513415,example,총포 도매 도매 및 소매업
513415__xref0,513415,xref,폴리에틸렌 필름 도매 도매 및 소매업
513421__name0,513421,name,"서적, 잡지 및 기타 인쇄물 도매업"
513421__hier0,513421,hier,"도매 및 소매업 > 도매 및 상품 중개업 > 생활용품 도매업 > 생활용 포장ㆍ위생용품, 문구용품 및 출판 인쇄물 도매업"
513421__example0,513421,example,각종 종이 인쇄물 및 출판물 도매
513421__example1,513421,example,교과서 및 학습지 도매
513421__example2,513421,example,만화 및 주간지 도매
513421__example3,513421,example,어학 교재 및 어학 테이프 도매
513421__example4,513421,example,달력(캘린더) 도매
513421__example5,513421,example,"소설, 수필, 시집 도매"
513421__example6,513421,example,기록물 도매(음반
513421__example7,513421,example,"비디오 기록물, 소프트웨어 제외)"
513421__xref0,513421,xref,비디오 및 음악 이외의 기록매체 도매
513430__name0,513430,name,"문구용품, 회화용품, 사무용품 도매업"
513430__hier0,513430,hier,"도매 및 소매업 > 도매 및 상품 중개업 > 생활용품 도매업 > 생활용 포장ㆍ위생용품, 문구용품 및 출판 인쇄물 도매업"
513430__example0,513430,example,"공책, 메모장, 필기구, 각종 문구 용지 도매"
513430__example1,513430,example,"펀치, 호치키스 도매"
513430__example2,513430,example,접착 테이프 도매
513430__example3,513430,example,"인주, 고무 도장(스탬프) 도매"
513430__example4,513430,example,절단 종이 도매
513430__example5,513430,example,분필 도매
513430__example6,513430,example,책상용 고무판 도매
513430__example7,513430,example,"크레용, 도화 물감 도매"
513430__example8,513430,example,공테이프
513430__example9,513430,example,CD
513430__example10,513430,example,DVD 도매
513430__xref0,513430,xref,"편지지, 편지봉투 및 서예지 도매"
513911__name0,513911,name,"안경, 사진장비 및 광학용품 도매업"
513911__hier0,513911,hier,"도매 및 소매업 > 도매 및 상품 중개업 > 생활용품 도매업 > 가방, 시계, 안경 및 기타 생활용품 도매업"
513911__desc0,513911,desc,광학용품
513911__example0,513911,example,사진용품(필름 포함) 도매
513911__example1,513911,example,"망원경, 쌍안경 도매"
513911__example2,513911,example,광학기구 도매
513911__example3,513911,example,선글라스 도매
513911__example4,513911,example,안경 도매
513911__example5,513911,example,콘택트 렌즈 도매
513911__example6,513911,example,현미경 도매
513911__xref0,513911,xref,"안경, 쌍안경, 사진기 및 기타 생활용 광학용품 도매"
513911__xref1,513911,xref,"안경, 쌍안경, 사진기 및 기타 가정용 광학용품 도매"
513912__name0,513912,name,"안경, 사진장비 및 광학용품 도매업"
513912__hier0,513912,hier,"도매 및 소매업 > 도매 및 상품 중개업 > 생활용품 도매업 > 가방, 시계, 안경 및 기타 생활용품 도매업"
513912__desc0,513912,desc,사진장비
513912__example0,513912,example,사진용품(필름 포함) 도매
513912__example1,513912,example,"망원경, 쌍안경 도매"
513912__example2,513912,example,광학기구 도매
513912__example3,513912,example,선글라스 도매
513912__example4,513912,example,안경 도매
513912__example5,513912,example,콘택트 렌즈 도매
513912__example6,513912,example,현미경 도매
513912__xref0,513912,xref,"안경, 쌍안경, 사진기 및 기타 생활용 광학용품 도매"
513912__xref1,513912,xref,"안경, 쌍안경, 사진기 및 기타 가정용 광학용품 도매"
513913__name0,513913,name,"안경, 사진장비 및 광학용품 도매업"
513913__hier0,513913,hier,"도매 및 소매업 > 도매 및 상품 중개업 > 생활용품 도매업 > 가방, 시계, 안경 및 기타 생활용품 도매업"
513913__desc0,513913,desc,안경
513913__example0,513913,example,사진용품(필름 포함) 도매
513913__example1,513913,example,"망원경, 쌍안경 도매"
513913__example2,513913,example,광학기구 도매
513913__example3,513913,example,선글라스 도매
513913__example4,513913,example,안경 도매
513913__example5,513913,example,콘택트 렌즈 도매
513913__example6,513913,example,현미경 도매
513913__xref0,513913,xref,"안경, 쌍안경, 사진기 및 기타 생활용 광학용품 도매"
513913__xref1,513913,xref,"안경, 쌍안경, 사진기 및 기타 가정용 광학용품 도매"
513920__name0,513920,name,의복 액세서리 및 모조 장신구 도매업
513920__hier0,513920,hier,"도매 및 소매업 > 도매 및 상품 중개업 > 생활용품 도매업 > 생활용 섬유제품, 의복, 의복 액세서리 및 모피제품 도매업"
513920__desc0,513920,desc,모조 장신구
513920__example0,513920,example,가발 및 모자 도매
513920__example1,513920,example,손수건 및 머플러 도매
513920__example2,513920,example,귀걸이 및 머리핀 도매
513920__example3,513920,example,브로치 도매
513920__example4,513920,example,넥타이 도매
513920__example5,513920,example,요대(벨트) 도매
513920__example6,513920,example,양말 및 스타킹 도매
513920__example7,513920,example,단추 및 파스너(지퍼 등) 도매
513920__example8,513920,example,모피제 의복 액세서리 도매
513920__example9,513920,example,모피제 모자 및 장갑 도매
513920__xref0,513920,xref,의복 액세서리(귀금속 제외) 및 모조 장신용품 도매
513921__name0,513921,name,"장난감 및 취미, 오락용품 도매업"
513921__hier0,513921,hier,"도매 및 소매업 > 도매 및 상품 중개업 > 생활용품 도매업 > 음반 및 비디오물, 악기, 오락 및 경기용품 도매업"
513921__example0,513921,example,낚시도구 도매
513921__example1,513921,example,오락 게임용품 도매
513921__example2,513921,example,유희용구 도매
513921__example3,513921,example,당구장비 및 물품 도매
513921__example4,513921,example,화투 및 트럼프 도매
513921__example5,513921,example,트로피 도매
513921__example6,513921,example,세발 자전거 도매
513921__xref0,513921,xref,모조 장식품 도매
513931__name0,513931,name,시계 및 귀금속 제품 도매업
513931__hier0,513931,hier,"도매 및 소매업 > 도매 및 상품 중개업 > 생활용품 도매업 > 가방, 시계, 안경 및 기타 생활용품 도매업"
513931__desc0,513931,desc,시계
513931__example0,513931,example,시계 및 시계 부품 도매
513931__example1,513931,example,보석 도매
513931__example2,513931,example,귀금속제 장신구 도매
513931__example3,513931,example,귀석제품 도매
513931__example4,513931,example,"루비, 진주 도매"
513931__example5,513931,example,시계 케이스 도매
513933__name0,513933,name,시계 및 귀금속 제품 도매업
513933__hier0,513933,hier,"도매 및 소매업 > 도매 및 상품 중개업 > 생활용품 도매업 > 가방, 시계, 안경 및 기타 생활용품 도매업"
513933__desc0,513933,desc,제품화 하거나 세공하지 않은 황금
513933__example0,513933,example,시계 및 시계 부품 도매
513933__example1,513933,example,보석 도매
513933__example2,513933,example,귀금속제 장신구 도매
513933__example3,513933,example,귀석제품 도매
513933__example4,513933,example,"루비, 진주 도매"
513933__example5,513933,example,시계 케이스 도매
513934__name0,513934,name,시계 및 귀금속 제품 도매업
513934__hier0,513934,hier,"도매 및 소매업 > 도매 및 상품 중개업 > 생활용품 도매업 > 가방, 시계, 안경 및 기타 생활용품 도매업"
513934__desc0,513934,desc,귀금속
513934__example0,513934,example,시계 및 시계 부품 도매
513934__example1,513934,example,보석 도매
513934__example2,513934,example,귀금속제 장신구 도매
513934__example3,513934,example,귀석제품 도매
513934__example4,513934,example,"루비, 진주 도매"
513934__example5,513934,example,시계 케이스 도매
513941__name0,513941,name,운동 및 경기용품 도매업
513941__hier0,513941,hier,"도매 및 소매업 > 도매 및 상품 중개업 > 생활용품 도매업 > 음반 및 비디오물, 악기, 오락 및 경기용품 도매업"
513941__example0,513941,example,운동장비 도매
513941__example1,513941,example,등산장비 및 용품 도매
513941__example2,513941,example,경기용품 도매
513941__example3,513941,example,"등산화, 스키화 등 전문 스포츠 신발 도매"
513941__example4,513941,example,볼링장비 도매
513941__xref0,513941,xref,등산화 도매
513941__xref1,513941,xref,볼링장비 및 물품 도매
513942__name0,513942,name,운동 및 경기용품 도매업
513942__hier0,513942,hier,"도매 및 소매업 > 도매 및 상품 중개업 > 생활용품 도매업 > 음반 및 비디오물, 악기, 오락 및 경기용품 도매업"
513942__desc0,513942,desc,골프장비
513942__example0,513942,example,운동장비 도매
513942__example1,513942,example,등산장비 및 용품 도매
513942__example2,513942,example,경기용품 도매
513942__example3,513942,example,"등산화, 스키화 등 전문 스포츠 신발 도매"
513942__example4,513942,example,볼링장비 도매
513942__xref0,513942,xref,등산화 도매
513942__xref1,513942,xref,볼링장비 및 물품 도매
513945__name0,513945,name,"장난감 및 취미, 오락용품 도매업"
513945__hier0,513945,hier,"도매 및 소매업 > 도매 및 상품 중개업 > 생활용품 도매업 > 음반 및 비디오물, 악기, 오락 및 경기용품 도매업"
513945__desc0,513945,desc,낚시도구
513945__example0,513945,example,낚시도구 도매
513945__example1,513945,example,오락 게임용품 도매
513945__example2,513945,example,유희용구 도매
513945__example3,513945,example,당구장비 및 물품 도매
513945__example4,513945,example,화투 및 트럼프 도매
513945__example5,513945,example,트로피 도매
513945__example6,513945,example,세발 자전거 도매
513945__xref0,513945,xref,모조 장식품 도매
513950__name0,513950,name,가방 및 보호용 케이스 도매업
513950__hier0,513950,hier,"도매 및 소매업 > 도매 및 상품 중개업 > 생활용품 도매업 > 가방, 시계, 안경 및 기타 생활용품 도매업"
513950__example0,513950,example,지갑 및 핸드백 도매
513950__example1,513950,example,열쇠 케이스 도매
513950__example2,513950,example,여행용 가방(트렁크) 도매
513950__example3,513950,example,화장품 케이스 도매
513950__example4,513950,example,보호용 케이스 도매
513950__xref0,513950,xref,가죽 가방 및 여행용품 도매
513960__name0,513960,name,자전거 및 기타 운송장비 도매업
513960__hier0,513960,hier,"도매 및 소매업 > 도매 및 상품 중개업 > 생활용품 도매업 > 음반 및 비디오물, 악기, 오락 및 경기용품 도매업"
513960__example0,513960,example,자전거 및 부품 도매
513960__example1,513960,example,개인용 운송장비 도매(동력식)
513960__example2,513960,example,유모차 도매
513991__name0,513991,name,의복 액세서리 및 모조 장신구 도매업
513991__hier0,513991,hier,"도매 및 소매업 > 도매 및 상품 중개업 > 생활용품 도매업 > 생활용 섬유제품, 의복, 의복 액세서리 및 모피제품 도매업"
513991__desc0,513991,desc,의복부착물
513991__example0,513991,example,가발 및 모자 도매
513991__example1,513991,example,손수건 및 머플러 도매
513991__example2,513991,example,귀걸이 및 머리핀 도매
513991__example3,513991,example,브로치 도매
513991__example4,513991,example,넥타이 도매
513991__example5,513991,example,요대(벨트) 도매
513991__example6,513991,example,양말 및 스타킹 도매
513991__example7,513991,example,단추 및 파스너(지퍼 등) 도매
513991__example8,513991,example,모피제 의복 액세서리 도매
513991__example9,513991,example,모피제 모자 및 장갑 도매
513991__xref0,513991,xref,의복 액세서리(귀금속 제외) 및 모조 장신용품 도매
513992__name0,513992,name,그 외 기타 생활용품 도매업
513992__hier0,513992,hier,"도매 및 소매업 > 도매 및 상품 중개업 > 생활용품 도매업 > 가방, 시계, 안경 및 기타 생활용품 도매업"
513992__example0,513992,example,청소용품 도매
513992__example1,513992,example,흡연용품 도매
513992__example2,513992,example,파라솔 도매
513992__example3,513992,example,양산 및 우산 도매
513992__example4,513992,example,"칫솔, 비, 솔, 걸레 도매"
513992__example5,513992,example,소화기 도매
513992__example6,513992,example,"광택제, 접착제 등 가정용 화학제품 도매"
513992__xref0,513992,xref,"양초, 발화성 물질 등 연료용 이외의 연소물질 도매"
514111__name0,514111,name,고체 연료 및 관련제품 도매업
514111__hier0,514111,hier,"도매 및 소매업 > 도매 및 상품 중개업 > 기타 전문 도매업 > 연료, 연료용 광물 및 관련제품 도매업"
514111__desc0,514111,desc,연탄
514111__example0,514111,example,목탄 도매
514111__example1,514111,example,장작 도매
514111__example2,514111,example,석탄 및 토탄 도매
514111__example3,514111,example,핵 연료 도매
514111__example4,514111,example,착화탄 도매
514111__example5,514111,example,코크스 도매
514111__xref0,514111,xref,가스 및 원유의 도매활동에 결합된 창고 운영
514112__name0,514112,name,고체 연료 및 관련제품 도매업
514112__hier0,514112,hier,"도매 및 소매업 > 도매 및 상품 중개업 > 기타 전문 도매업 > 연료, 연료용 광물 및 관련제품 도매업"
514112__example0,514112,example,목탄 도매
514112__example1,514112,example,장작 도매
514112__example2,514112,example,석탄 및 토탄 도매
514112__example3,514112,example,핵 연료 도매
514112__example4,514112,example,착화탄 도매
514112__example5,514112,example,코크스 도매
514112__xref0,514112,xref,가스 및 원유의 도매활동에 결합된 창고 운영
514121__name0,514121,name,액체 연료 및 관련제품 도매업
514121__hier0,514121,hier,"도매 및 소매업 > 도매 및 상품 중개업 > 기타 전문 도매업 > 연료, 연료용 광물 및 관련제품 도매업"
514121__example0,514121,example,원유 도매
514121__example1,514121,example,그리스 도매
514121__example2,514121,example,벙커유 도매
514121__example3,514121,example,알코올 연료 도매
514121__example4,514121,example,기계유 도매
514121__example5,514121,example,파라핀 도매
514121__xref0,514121,xref,액체 연료 도매
514121__xref1,514121,xref,가스 및 원유의 도매활동에 결합된 창고 운영
514122__name0,514122,name,그 외 기타 상품 전문 도매업
514122__hier0,514122,hier,도매 및 소매업 > 도매 및 상품 중개업 > 기타 전문 도매업 > 재생용 재료 및 기타 상품 전문 도매업
514122__desc0,514122,desc,아스팔트
514122__example0,514122,example,화약 도매
514122__example1,514122,example,폭약 도매
514122__example2,514122,example,플라스틱 필름 도매
514122__example3,514122,example,산업용 가죽제품 도매
514122__example4,514122,example,유리섬유 도매
514122__example5,514122,example,총포 도매 도매 및 소매업
514122__xref0,514122,xref,폴리에틸렌 필름 도매 도매 및 소매업
514130__name0,514130,name,기체 연료 및 관련제품 도매업
514130__hier0,514130,hier,"도매 및 소매업 > 도매 및 상품 중개업 > 기타 전문 도매업 > 연료, 연료용 광물 및 관련제품 도매업"
514130__example0,514130,example,액화 석유 가스(LPG) 도매
514130__example1,514130,example,연료 가스 도매
514130__example2,514130,example,액화 천연 가스(LNG) 도매
514130__xref0,514130,xref,소매업자에 공급하는 가스 충전소
514130__xref1,514130,xref,연료용 가스 도매
514130__xref2,514130,xref,가스 연료 도매
514130__xref3,514130,xref,가스 및 원유의 도매활동에 결합된 창고 운영
514210__name0,514210,name,1차 금속제품 도매업
514210__hier0,514210,hier,도매 및 소매업 > 도매 및 상품 중개업 > 기타 전문 도매업 > 1차 금속제품 및 금속광물 도매업
514210__desc0,514210,desc,철근
514220__name0,514220,name,1차 금속제품 도매업
514220__hier0,514220,hier,도매 및 소매업 > 도매 및 상품 중개업 > 기타 전문 도매업 > 1차 금속제품 및 금속광물 도매업
514232__name0,514232,name,1차 금속제품 도매업
514232__hier0,514232,hier,도매 및 소매업 > 도매 및 상품 중개업 > 기타 전문 도매업 > 1차 금속제품 및 금속광물 도매업
514232__desc0,514232,desc,"함석, 철판 등"
514239__name0,514239,name,1차 금속제품 도매업
514239__hier0,514239,hier,도매 및 소매업 > 도매 및 상품 중개업 > 기타 전문 도매업 > 1차 금속제품 및 금속광물 도매업
514239__desc0,514239,desc,판재
514240__name0,514240,name,1차 금속제품 도매업
514240__hier0,514240,hier,도매 및 소매업 > 도매 및 상품 중개업 > 기타 전문 도매업 > 1차 금속제품 및 금속광물 도매업
514240__desc0,514240,desc,선재
514250__name0,514250,name,금속광물 도매업
514250__hier0,514250,hier,도매 및 소매업 > 도매 및 상품 중개업 > 기타 전문 도매업 > 1차 금속제품 및 금속광물 도매업
514250__example0,514250,example,철광석 도매
514250__example1,514250,example,비철금속 광물 도매
514250__example2,514250,example,귀금속 광물 도매
514250__example3,514250,example,보크사이트 도매
514291__name0,514291,name,1차 금속제품 도매업
514291__hier0,514291,hier,도매 및 소매업 > 도매 및 상품 중개업 > 기타 전문 도매업 > 1차 금속제품 및 금속광물 도매업
514291__desc0,514291,desc,"연, 주물"
514292__name0,514292,name,1차 금속제품 도매업
514292__hier0,514292,hier,도매 및 소매업 > 도매 및 상품 중개업 > 기타 전문 도매업 > 1차 금속제품 및 금속광물 도매업
514292__desc0,514292,desc,동관 및 기타
514312__name0,514312,name,원목 및 건축관련 목제품 도매업
514312__hier0,514312,hier,"도매 및 소매업 > 도매 및 상품 중개업 > 건축 자재, 철물 및 난방장치 도매업 > 일반 건축자재 도매업"
514312__example0,514312,example,나무 판재 도매
514312__example1,514312,example,나무 각재 도매
514312__example2,514312,example,"목재 창호(건구, fittings) 도매"
514312__example3,514312,example,합판 도매
514312__xref0,514312,xref,목재 창호 도매 도매 및 소매업
514320__name0,514320,name,"골재, 벽돌 및 시멘트 도매업"
514320__hier0,514320,hier,"도매 및 소매업 > 도매 및 상품 중개업 > 건축 자재, 철물 및 난방장치 도매업 > 일반 건축자재 도매업"
514320__desc0,514320,desc,시멘트
514320__example0,514320,example,플라스터 도매
514320__example1,514320,example,혼합 모르타르 도매
514320__example2,514320,example,쇄석 도매
514320__example3,514320,example,석회 도매
514320__example4,514320,example,기와 도매
514320__example5,514320,example,내화 및 비내화 벽돌 도매
514320__example6,514320,example,콘크리트 제품 도매
514320__example7,514320,example,레미콘 도매
514320__example8,514320,example,대리석(인조 대리석 포함) 도매
514321__name0,514321,name,유리 및 창호 도매업
514321__hier0,514321,hier,"도매 및 소매업 > 도매 및 상품 중개업 > 건축 자재, 철물 및 난방장치 도매업 > 일반 건축자재 도매업"
514321__example0,514321,example,플라스틱 또는 금속제 문 도매
514321__example1,514321,example,판유리 도매
514321__example2,514321,example,건축용 유리 도매
514321__example3,514321,example,복층 절연유리 도매
514321__example4,514321,example,창틀(목재 제외) 도매
514330__name0,514330,name,"골재, 벽돌 및 시멘트 도매업"
514330__hier0,514330,hier,"도매 및 소매업 > 도매 및 상품 중개업 > 건축 자재, 철물 및 난방장치 도매업 > 일반 건축자재 도매업"
514330__desc0,514330,desc,골재
514330__example0,514330,example,플라스터 도매
514330__example1,514330,example,혼합 모르타르 도매
514330__example2,514330,example,쇄석 도매
514330__example3,514330,example,석회 도매
514330__example4,514330,example,기와 도매
514330__example5,514330,example,내화 및 비내화 벽돌 도매
514330__example6,514330,example,콘크리트 제품 도매
514330__example7,514330,example,레미콘 도매
514330__example8,514330,example,대리석(인조 대리석 포함) 도매
514350__name0,514350,name,도료 도매업
514350__hier0,514350,hier,"도매 및 소매업 > 도매 및 상품 중개업 > 건축 자재, 철물 및 난방장치 도매업 > 기타 건축자재 도매업"
514350__example0,514350,example,형광 도료 도매
514350__example1,514350,example,래커 도매
514350__example2,514350,example,페인트 도매
514350__example3,514350,example,요업용 도료 도매
514350__example4,514350,example,바니시 도매
514350__example5,514350,example,옻칠제품 도매
514350__example6,514350,example,방수액 도매
514361__name0,514361,name,"철물, 금속 파스너 및 수공구 도매업"
514361__hier0,514361,hier,"도매 및 소매업 > 도매 및 상품 중개업 > 건축 자재, 철물 및 난방장치 도매업 > 냉ㆍ난방장치 및 철물, 수공구 도매업"
514361__example0,514361,example,건축관련 철물 도매
514361__example1,514361,example,가정용 수공구 도매
514361__example2,514361,example,열쇠 및 자물쇠 도매
514361__example3,514361,example,"못, 볼트 도매"
514361__example4,514361,example,비동력식 잔디깎이용 수공구
514361__xref0,514361,xref,"낫, 전지가위, 톱 등의 철물 및 수공구 도매"
514366__name0,514366,name,배관 및 냉ㆍ난방장치 도매업
514366__hier0,514366,hier,"도매 및 소매업 > 도매 및 상품 중개업 > 건축 자재, 철물 및 난방장치 도매업 > 냉ㆍ난방장치 및 철물, 수공구 도매업"
514366__example0,514366,example,중앙 난방장치 도매
514366__example1,514366,example,중앙 냉방장치 도매
514366__example2,514366,example,배관장치 도매
514366__example3,514366,example,보일러 도매
514366__xref0,514366,xref,비전기식 보일러 도매
514366__xref1,514366,xref,설치용 배관 및 난방장치 도매
514370__name0,514370,name,그 외 기타 건축자재 도매업
514370__hier0,514370,hier,"도매 및 소매업 > 도매 및 상품 중개업 > 건축 자재, 철물 및 난방장치 도매업 > 기타 건축자재 도매업"
514370__desc0,514370,desc,조립식 건축자재 세트
514370__example0,514370,example,건축용 타일 도매
514370__example1,514370,example,바닥 내장재 도매
514370__example2,514370,example,금속제 난간 도매
514370__example3,514370,example,스티로폼 도매 도매 및 소매업
514370__example4,514370,example,"욕조, 세면대, 변기 도매"
514370__example5,514370,example,건축용 칸막이 도매
514370__example6,514370,example,조립식 건물자재 세트 도매
514380__name0,514380,name,"골재, 벽돌 및 시멘트 도매업"
514380__hier0,514380,hier,"도매 및 소매업 > 도매 및 상품 중개업 > 건축 자재, 철물 및 난방장치 도매업 > 일반 건축자재 도매업"
514380__desc0,514380,desc,벽돌
514380__example0,514380,example,플라스터 도매
514380__example1,514380,example,혼합 모르타르 도매
514380__example2,514380,example,쇄석 도매
514380__example3,514380,example,석회 도매
514380__example4,514380,example,기와 도매
514380__example5,514380,example,내화 및 비내화 벽돌 도매
514380__example6,514380,example,콘크리트 제품 도매
514380__example7,514380,example,레미콘 도매
514380__example8,514380,example,대리석(인조 대리석 포함) 도매
514392__name0,514392,name,그 외 기타 건축자재 도매업
514392__hier0,514392,hier,"도매 및 소매업 > 도매 및 상품 중개업 > 건축 자재, 철물 및 난방장치 도매업 > 기타 건축자재 도매업"
514392__desc0,514392,desc,정화조
514392__example0,514392,example,건축용 타일 도매
514392__example1,514392,example,바닥 내장재 도매
514392__example2,514392,example,금속제 난간 도매
514392__example3,514392,example,스티로폼 도매 도매 및 소매업
514392__example4,514392,example,"욕조, 세면대, 변기 도매"
514392__example5,514392,example,건축용 칸막이 도매
514392__example6,514392,example,조립식 건물자재 세트 도매
514393__name0,514393,name,그 외 기타 건축자재 도매업
514393__hier0,514393,hier,"도매 및 소매업 > 도매 및 상품 중개업 > 건축 자재, 철물 및 난방장치 도매업 > 기타 건축자재 도매업"
514393__example0,514393,example,건축용 타일 도매
514393__example1,514393,example,바닥 내장재 도매
514393__example2,514393,example,금속제 난간 도매
514393__example3,514393,example,스티로폼 도매 도매 및 소매업
514393__example4,514393,example,"욕조, 세면대, 변기 도매"
514393__example5,514393,example,건축용 칸막이 도매
514393__example6,514393,example,조립식 건물자재 세트 도매
514911__name0,514911,name,기타 화학 물질 및 화학제품 도매업
514911__hier0,514911,hier,도매 및 소매업 > 도매 및 상품 중개업 > 기타 전문 도매업 > 화학 물질 및 화학제품 도매업
514911__desc0,514911,desc,"유황, 산소"
514911__example0,514911,example,기초 유기 화합물 도매
514911__example1,514911,example,기초 무기 화합물 도매
514911__example2,514911,example,산업용 기초 화학제품 도매
514911__example3,514911,example,공업용 화합물 도매
514911__example4,514911,example,원료 상태 의약 제제 도매
514911__example5,514911,example,산업용 가스(연료용 제외) 도매
514911__example6,514911,example,나프탈렌 도매
514911__example7,514911,example,드라이아이스 도매
514911__example8,514911,example,벤졸 도매
514911__example9,514911,example,폐수 처리 약품 도매
514911__example10,514911,example,경질 탄산칼륨 도매
514911__example11,514911,example,도금 약품 도매
514911__example12,514911,example,공업용 소금 도매
514911__example13,514911,example,"에틸렌, 프로필렌, 부틸렌 도매 도매 및 소매업"
514911__xref0,514911,xref,구입한 산업용 가스 도매업
514911__xref1,514911,xref,원료 상태의 의약제품 및 의료용 기초 화합물 도매
514912__name0,514912,name,기타 화학 물질 및 화학제품 도매업
514912__hier0,514912,hier,도매 및 소매업 > 도매 및 상품 중개업 > 기타 전문 도매업 > 화학 물질 및 화학제품 도매업
514912__desc0,514912,desc,탄산나트륨
514912__example0,514912,example,기초 유기 화합물 도매
514912__example1,514912,example,기초 무기 화합물 도매
514912__example2,514912,example,산업용 기초 화학제품 도매
514912__example3,514912,example,공업용 화합물 도매
514912__example4,514912,example,원료 상태 의약 제제 도매
514912__example5,514912,example,산업용 가스(연료용 제외) 도매
514912__example6,514912,example,나프탈렌 도매
514912__example7,514912,example,드라이아이스 도매
514912__example8,514912,example,벤졸 도매
514912__example9,514912,example,폐수 처리 약품 도매
514912__example10,514912,example,경질 탄산칼륨 도매
514912__example11,514912,example,도금 약품 도매
514912__example12,514912,example,공업용 소금 도매
514912__example13,514912,example,"에틸렌, 프로필렌, 부틸렌 도매 도매 및 소매업"
514912__xref0,514912,xref,구입한 산업용 가스 도매업
514912__xref1,514912,xref,원료 상태의 의약제품 및 의료용 기초 화합물 도매
514916__name0,514916,name,플라스틱 물질 및 합성고무 도매업
514916__hier0,514916,hier,도매 및 소매업 > 도매 및 상품 중개업 > 기타 전문 도매업 > 화학 물질 및 화학제품 도매업
514916__desc0,514916,desc,생고무
514916__example0,514916,example,합성 수지(레진) 도매
514916__example1,514916,example,페놀 수지 원료 도매
514916__example2,514916,example,폴리스틸렌 및 우레탄 수지 도매
514916__example3,514916,example,에폭시 수지 도매
514916__example4,514916,example,페놀 및 실리콘 수지 도매
514916__example5,514916,example,"합성고무(BR, CR, IR 등) 도매"
514919__name0,514919,name,기타 화학 물질 및 화학제품 도매업
514919__hier0,514919,hier,도매 및 소매업 > 도매 및 상품 중개업 > 기타 전문 도매업 > 화학 물질 및 화학제품 도매업
514919__example0,514919,example,기초 유기 화합물 도매
514919__example1,514919,example,기초 무기 화합물 도매
514919__example2,514919,example,산업용 기초 화학제품 도매
514919__example3,514919,example,공업용 화합물 도매
514919__example4,514919,example,원료 상태 의약 제제 도매
514919__example5,514919,example,산업용 가스(연료용 제외) 도매
514919__example6,514919,example,나프탈렌 도매
514919__example7,514919,example,드라이아이스 도매
514919__example8,514919,example,벤졸 도매
514919__example9,514919,example,폐수 처리 약품 도매
514919__example10,514919,example,경질 탄산칼륨 도매
514919__example11,514919,example,도금 약품 도매
514919__example12,514919,example,공업용 소금 도매
514919__example13,514919,example,"에틸렌, 프로필렌, 부틸렌 도매 도매 및 소매업"
514919__xref0,514919,xref,구입한 산업용 가스 도매업
514919__xref1,514919,xref,원료 상태의 의약제품 및 의료용 기초 화합물 도매
514920__name0,514920,name,"염료, 안료 및 관련제품 도매업"
514920__hier0,514920,hier,도매 및 소매업 > 도매 및 상품 중개업 > 기타 전문 도매업 > 화학 물질 및 화학제품 도매업
514920__example0,514920,example,안료 도매
514920__example1,514920,example,염료 도매
514920__example2,514920,example,착색제 도매
514920__example3,514920,example,유연제 도매
514930__name0,514930,name,비료 및 농약 도매업
514930__hier0,514930,hier,도매 및 소매업 > 도매 및 상품 중개업 > 기타 전문 도매업 > 화학 물질 및 화학제품 도매업
514930__desc0,514930,desc,비료
514930__example0,514930,example,질소비료 도매
514930__example1,514930,example,복합비료 도매
514930__example2,514930,example,석회 유기질 비료 도매
514930__example3,514930,example,배양토 도매
514930__example4,514930,example,살서제 도매
514930__example5,514930,example,성장 조절제 도매
514940__name0,514940,name,비료 및 농약 도매업
514940__hier0,514940,hier,도매 및 소매업 > 도매 및 상품 중개업 > 기타 전문 도매업 > 화학 물질 및 화학제품 도매업
514940__desc0,514940,desc,농약
514940__example0,514940,example,질소비료 도매
514940__example1,514940,example,복합비료 도매
514940__example2,514940,example,석회 유기질 비료 도매
514940__example3,514940,example,배양토 도매
514940__example4,514940,example,살서제 도매
514940__example5,514940,example,성장 조절제 도매
514950__name0,514950,name,플라스틱 물질 및 합성고무 도매업
514950__hier0,514950,hier,도매 및 소매업 > 도매 및 상품 중개업 > 기타 전문 도매업 > 화학 물질 및 화학제품 도매업
514950__example0,514950,example,합성 수지(레진) 도매
514950__example1,514950,example,페놀 수지 원료 도매
514950__example2,514950,example,폴리스틸렌 및 우레탄 수지 도매
514950__example3,514950,example,에폭시 수지 도매
514950__example4,514950,example,페놀 및 실리콘 수지 도매
514950__example5,514950,example,"합성고무(BR, CR, IR 등) 도매"
514961__name0,514961,name,방직용 섬유 및 실 도매업
514961__hier0,514961,hier,"도매 및 소매업 > 도매 및 상품 중개업 > 기타 전문 도매업 > 방직용 섬유, 실 및 직물 도매업"
514961__example0,514961,example,방직용 섬유 도매
514961__example1,514961,example,방적사 도매
514961__example2,514961,example,화섬사 도매
514961__example3,514961,example,나일론 도매
514961__xref0,514961,xref,직물 및 방직(산업)용 섬유 또는 사 도매
514969__name0,514969,name,직물 도매업
514969__hier0,514969,hier,"도매 및 소매업 > 도매 및 상품 중개업 > 기타 전문 도매업 > 방직용 섬유, 실 및 직물 도매업"
514969__example0,514969,example,산업용 합성 섬유직물 도매
514969__example1,514969,example,산업용 견직물 도매
514969__xref0,514969,xref,직물 및 방직(산업)용 섬유 또는 사 도매
514971__name0,514971,name,재생용 재료 수집 및 판매업
514971__hier0,514971,hier,도매 및 소매업 > 도매 및 상품 중개업 > 기타 전문 도매업 > 재생용 재료 및 기타 상품 전문 도매업
514971__example0,514971,example,재생용 금속 수집 및 판매
514971__example1,514971,example,재생용 비금속 수집 및 판매
514971__example2,514971,example,재생용 플라스틱 수집 및 판매
514971__example3,514971,example,고섬유 재생재료 수집 및 판매
514971__example4,514971,example,재생용 고무 수집 및 판매
514971__example5,514971,example,고지 수집 및 판매
514971__xref0,514971,xref,재생용 재료 도매업
514990__name0,514990,name,그 외 기타 상품 전문 도매업
514990__hier0,514990,hier,도매 및 소매업 > 도매 및 상품 중개업 > 기타 전문 도매업 > 재생용 재료 및 기타 상품 전문 도매업
514990__desc0,514990,desc,기타 산업용 중간재
514990__example0,514990,example,화약 도매
514990__example1,514990,example,폭약 도매
514990__example2,514990,example,플라스틱 필름 도매
514990__example3,514990,example,산업용 가죽제품 도매
514990__example4,514990,example,유리섬유 도매
514990__example5,514990,example,총포 도매 도매 및 소매업
514990__xref0,514990,xref,폴리에틸렌 필름 도매 도매 및 소매업
515010__name0,515010,name,그 외 기타 기계 및 장비 도매업
515010__hier0,515010,hier,도매 및 소매업 > 도매 및 상품 중개업 > 기계장비 및 관련 물품 도매업 > 기타 기계 및 장비 도매업
515010__example0,515010,example,밸브 도매
515010__example1,515010,example,펌프 및 공기 압축기 도매
515010__example2,515010,example,송풍기 및 환풍기 도매
515010__example3,515010,example,구름(볼 및 롤러)베어링 도매
515010__example4,515010,example,기계류 동력 전달장치 도매
515010__example5,515010,example,소화장비 도매
515010__example6,515010,example,물품 취급장비 도매
515010__example7,515010,example,"엔진(기관) 및 터빈 도매(항공기, 자동차, 이륜 자동차용 제외)"
515010__example8,515010,example,기중기 도매
515020__name0,515020,name,농림업용 기계 및 장비 도매업
515020__hier0,515020,hier,도매 및 소매업 > 도매 및 상품 중개업 > 기계장비 및 관련 물품 도매업 > 산업용 기계 및 장비 도매업
515020__example0,515020,example,농업용 기계 도매
515020__example1,515020,example,축산용 기계
515020__example2,515020,example,장비 도매
515020__example3,515020,example,정원용 기계 도매
515020__example4,515020,example,임업용 기계
515020__example5,515020,example,잔디 깎기 도매
515020__xref0,515020,xref,전기식 잔디 깎기 도매업
515030__name0,515030,name,건설ㆍ광업용 기계 및 장비 도매업
515030__hier0,515030,hier,도매 및 소매업 > 도매 및 상품 중개업 > 기계장비 및 관련 물품 도매업 > 산업용 기계 및 장비 도매업
515030__example0,515030,example,셔블(shovel) 도매
515030__example1,515030,example,굴정기 및 굴착기 도매
515030__example2,515030,example,도로 포장기 도매
515030__example3,515030,example,그레이더 및 스크레이퍼 도매
515030__example4,515030,example,착암기 도매
515030__example5,515030,example,광물 선별기 및 파쇄기 도매
515031__name0,515031,name,그 외 기타 기계 및 장비 도매업
515031__hier0,515031,hier,도매 및 소매업 > 도매 및 상품 중개업 > 기계장비 및 관련 물품 도매업 > 기타 기계 및 장비 도매업
515031__desc0,515031,desc,"기중기, 호이스트"
515031__example0,515031,example,밸브 도매
515031__example1,515031,example,펌프 및 공기 압축기 도매
515031__example2,515031,example,송풍기 및 환풍기 도매
515031__example3,515031,example,구름(볼 및 롤러)베어링 도매
515031__example4,515031,example,기계류 동력 전달장치 도매
515031__example5,515031,example,소화장비 도매
515031__example6,515031,example,물품 취급장비 도매
515031__example7,515031,example,"엔진(기관) 및 터빈 도매(항공기, 자동차, 이륜 자동차용 제외)"
515031__example8,515031,example,기중기 도매
515040__name0,515040,name,공작용 기계 및 장비 도매업
515040__hier0,515040,hier,도매 및 소매업 > 도매 및 상품 중개업 > 기계장비 및 관련 물품 도매업 > 산업용 기계 및 장비 도매업
515040__example0,515040,example,선반 및 밀링기 도매
515040__example1,515040,example,석재 가공기계 도매
515040__example2,515040,example,형삭 및 드릴링기 도매
515040__example3,515040,example,냉간 유리 가공기계 도매
515040__example4,515040,example,목공 기계 및 장비 도매
515040__example5,515040,example,프레스기 도매(금속용)
515040__example6,515040,example,경질 물질 가공 공작기계 도매
515040__example7,515040,example,"전동 공구, 기계 공구 도매"
515040__xref0,515040,xref,"전동공구, 기계공구 도매"
515050__name0,515050,name,"컴퓨터 및 주변장치, 소프트웨어 도매업"
515050__hier0,515050,hier,"도매 및 소매업 > 도매 및 상품 중개업 > 기계장비 및 관련 물품 도매업 > 컴퓨터 및 주변장치, 소프트웨어 도매업"
515050__example0,515050,example,데스크톱 PC 도매
515050__example1,515050,example,노트북 PC 도매
515050__example2,515050,example,범용성 소프트웨어 도매
515050__example3,515050,example,컴퓨터 프린트기 도매
515050__example4,515050,example,게임용 소프트웨어 도매
515050__example5,515050,example,"마우스, 키보드, 스캐너 도매"
515051__name0,515051,name,사무용 가구 및 기기 도매업
515051__hier0,515051,hier,도매 및 소매업 > 도매 및 상품 중개업 > 기계장비 및 관련 물품 도매업 > 기타 기계 및 장비 도매업
515051__example0,515051,example,사무용 가구 도매
515051__example1,515051,example,금전 등록기 도매
515051__example2,515051,example,복사기 도매
515051__example3,515051,example,전자 계산기 도매
515060__name0,515060,name,통신ㆍ방송장비 및 부품 도매업
515060__hier0,515060,hier,"도매 및 소매업 > 도매 및 상품 중개업 > 기계장비 및 관련 물품 도매업 > 가전제품, 통신장비 및 부품 도매업"
515060__example0,515060,example,유선 전화기 및 휴대폰 도매
515060__example1,515060,example,텔레비전 방송장치 도매 도매 및 소매업
515060__example2,515060,example,통신 교환기 도매
515060__example3,515060,example,폐쇄회로 카메라 도매
515060__example4,515060,example,위성 안테나 등
515060__example5,515060,example,수신 안테나 도매
515060__example6,515060,example,전송장치 도매
515060__example7,515060,example,팩시밀리 도매
515070__name0,515070,name,전기용 기계ㆍ장비 및 관련 기자재 도매업
515070__hier0,515070,hier,도매 및 소매업 > 도매 및 상품 중개업 > 기계장비 및 관련 물품 도매업 > 기타 기계 및 장비 도매업
515070__example0,515070,example,전기 제어반 및 배전반 도매
515070__example1,515070,example,"발전기, 변압기, 정류기 도매"
515070__example2,515070,example,전동기 도매
515070__example3,515070,example,저항기 도매
515070__example4,515070,example,개폐장치 도매
515070__example5,515070,example,전자 부품 및 전자관 도매
515070__example6,515070,example,피뢰장치 도매
515070__example7,515070,example,형광등용 초크코일(안정기) 도매
515074__name0,515074,name,전지 및 케이블 도매업
515074__hier0,515074,hier,도매 및 소매업 > 도매 및 상품 중개업 > 기계장비 및 관련 물품 도매업 > 기타 기계 및 장비 도매업
515074__example0,515074,example,전화용 선 및 케이블 도매 도매 및 소매업
515074__xref0,515074,xref,각종 전지 및 케이블 도매
515080__name0,515080,name,의료 기기 도매업
515080__hier0,515080,hier,도매 및 소매업 > 도매 및 상품 중개업 > 기계장비 및 관련 물품 도매업 > 기타 기계 및 장비 도매업
515080__example0,515080,example,의료용 가구 도매
515080__example1,515080,example,"내과, 외과 및 수의 기기 도매"
515080__example2,515080,example,의료용 X선 기구 도매
515080__xref0,515080,xref,의료용 및 수의용 가구 도매
515080__xref1,515080,xref,기구 도매
515081__name0,515081,name,정밀 기기 및 과학 기기 도매업
515081__hier0,515081,hier,도매 및 소매업 > 도매 및 상품 중개업 > 기계장비 및 관련 물품 도매업 > 기타 기계 및 장비 도매업
515081__example0,515081,example,제도 및 측량 기구 도매
515081__example1,515081,example,측정 및 계량기 도매
515081__example2,515081,example,물리 시험 기구 도매
515081__example3,515081,example,과학 기구 및 장비 도매
515081__example4,515081,example,이화학용 기구 도매
515081__example5,515081,example,산업공정 측정 및 통제 기구 도매
515081__example6,515081,example,미촬영 영화용 필름 도매
515081__example7,515081,example,영화촬영기 도매
515081__example8,515081,example,영사기 도매
515081__xref0,515081,xref,영사기 및 영화촬영기 도매
515090__name0,515090,name,기타 산업용 기계 및 장비 도매업
515090__hier0,515090,hier,도매 및 소매업 > 도매 및 상품 중개업 > 기계장비 및 관련 물품 도매업 > 산업용 기계 및 장비 도매업
515090__example0,515090,example,제지산업용 기계
515090__example1,515090,example,장비 도매
515090__example2,515090,example,인쇄 및 제본용 기계
515090__example3,515090,example,유리 성형용 기계
515090__example4,515090,example,플라스틱 성형용 기계
515090__example5,515090,example,용접기 도매
515093__name0,515093,name,자전거 및 기타 운송장비 도매업
515093__hier0,515093,hier,"도매 및 소매업 > 도매 및 상품 중개업 > 생활용품 도매업 > 음반 및 비디오물, 악기, 오락 및 경기용품 도매업"
515093__desc0,515093,desc,"리어카, 휠체어"
515093__example0,515093,example,자전거 및 부품 도매
515093__example1,515093,example,개인용 운송장비 도매(동력식)
515093__example2,515093,example,유모차 도매
515094__name0,515094,name,수송용 운송장비 도매업
515094__hier0,515094,hier,도매 및 소매업 > 도매 및 상품 중개업 > 기계장비 및 관련 물품 도매업 > 기타 기계 및 장비 도매업
515094__example0,515094,example,기차 및 지하철 도매
515094__example1,515094,example,항공기 도매
515094__example2,515094,example,선박 도매
515094__xref0,515094,xref,항공기 엔진 도매
519111__name0,519111,name,상품 종합 도매업
519111__hier0,519111,hier,도매 및 소매업 > 도매 및 상품 중개업 > 상품 종합 도매업 > 상품 종합 도매업
519111__desc0,519111,desc,"직수출, 대행(위탁)수출"
519111__example0,519111,example,종합무역상사(자기 상품)
519111__example1,519111,example,연쇄화 사업 종합 상품 도매
519111__xref0,519111,xref,종합 상품 연쇄화사업 도매
519112__name0,519112,name,상품 종합 도매업
519112__hier0,519112,hier,도매 및 소매업 > 도매 및 상품 중개업 > 상품 종합 도매업 > 상품 종합 도매업
519112__desc0,519112,desc,수입한 산업용 재화 도소매
519112__example0,519112,example,종합무역상사(자기 상품)
519112__example1,519112,example,연쇄화 사업 종합 상품 도매
519112__xref0,519112,xref,종합 상품 연쇄화사업 도매
519113__name0,519113,name,상품 종합 도매업
519113__hier0,519113,hier,도매 및 소매업 > 도매 및 상품 중개업 > 상품 종합 도매업 > 상품 종합 도매업
519113__desc0,519113,desc,수입한 기타 물품 도소매
519113__example0,519113,example,종합무역상사(자기 상품)
519113__example1,519113,example,연쇄화 사업 종합 상품 도매
519113__xref0,519113,xref,종합 상품 연쇄화사업 도매
519910__name0,519910,name,상품 종합 도매업
519910__hier0,519910,hier,도매 및 소매업 > 도매 및 상품 중개업 > 상품 종합 도매업 > 상품 종합 도매업
519910__example0,519910,example,종합무역상사(자기 상품)
519910__example1,519910,example,연쇄화 사업 종합 상품 도매
519910__xref0,519910,xref,종합 상품 연쇄화사업 도매
519991__name0,519991,name,"장난감 및 취미, 오락용품 도매업"
519991__hier0,519991,hier,"도매 및 소매업 > 도매 및 상품 중개업 > 생활용품 도매업 > 음반 및 비디오물, 악기, 오락 및 경기용품 도매업"
519991__desc0,519991,desc,"휘, 트로피, 페난트, 뺏지, 메달 등"
519991__example0,519991,example,낚시도구 도매
519991__example1,519991,example,오락 게임용품 도매
519991__example2,519991,example,유희용구 도매
519991__example3,519991,example,당구장비 및 물품 도매
519991__example4,519991,example,화투 및 트럼프 도매
519991__example5,519991,example,트로피 도매
519991__example6,519991,example,세발 자전거 도매
519991__xref0,519991,xref,모조 장식품 도매
519992__name0,519992,name,그 외 기타 상품 전문 도매업
519992__hier0,519992,hier,도매 및 소매업 > 도매 및 상품 중개업 > 기타 전문 도매업 > 재생용 재료 및 기타 상품 전문 도매업
519992__example0,519992,example,화약 도매
519992__example1,519992,example,폭약 도매
519992__example2,519992,example,플라스틱 필름 도매
519992__example3,519992,example,산업용 가죽제품 도매
519992__example4,519992,example,유리섬유 도매
519992__example5,519992,example,총포 도매 도매 및 소매업
519992__xref0,519992,xref,폴리에틸렌 필름 도매 도매 및 소매업
521100__name0,521100,name,슈퍼마켓
521100__hier0,521100,hier,도매 및 소매업 > 소매업; 자동차 제외 > 종합 소매업 > 음ㆍ식료품 위주 종합 소매업
521100__example0,521100,example,중형 종합 할인점
521100__example1,521100,example,기업형 슈퍼마켓(SSM)
521100__xref0,521100,xref,"접객시설 없이 빵, 케이크 등을 구입하여 일반소비자에게 판매"
521910__name0,521910,name,백화점
521910__hier0,521910,hier,도매 및 소매업 > 소매업; 자동차 제외 > 종합 소매업 > 대형 종합 소매업
521910__xref0,521910,xref,"접객시설 없이 빵, 케이크 등을 구입하여 일반소비자에게 판매"
521911__name0,521911,name,기타 대형 종합 소매업
521911__hier0,521911,hier,도매 및 소매업 > 소매업; 자동차 제외 > 종합 소매업 > 대형 종합 소매업
521911__example0,521911,example,"대형 종합 소매업(백화점, 대형 마트 제외)"
521911__example1,521911,example,대형 아울렛
521911__example2,521911,example,대형 쇼핑센터
521911__example3,521911,example,복합 쇼핑몰
521911__xref0,521911,xref,"접객시설 없이 빵, 케이크 등을 구입하여 일반소비자에게 판매"
521912__name0,521912,name,대형 마트
521912__hier0,521912,hier,도매 및 소매업 > 소매업; 자동차 제외 > 종합 소매업 > 대형 종합 소매업
521912__example0,521912,example,대형 종합 할인점(백화점 제외)
521912__xref0,521912,xref,"접객시설 없이 빵, 케이크 등을 구입하여 일반소비자에게 판매"
521913__name0,521913,name,면세점
521913__hier0,521913,hier,도매 및 소매업 > 소매업; 자동차 제외 > 종합 소매업 > 면세점
521913__example0,521913,example,공항
521913__example1,521913,example,항만 면세점
521913__example2,521913,example,시내 면세점
521913__example3,521913,example,내국인 면세점
521913__xref0,521913,xref,대형 면세점
521913__xref1,521913,xref,"접객시설 없이 빵, 케이크 등을 구입하여 일반소비자에게 판매"
521991__name0,521991,name,그 외 기타 종합 소매업
521991__hier0,521991,hier,도매 및 소매업 > 소매업; 자동차 제외 > 종합 소매업 > 그 외 기타 종합 소매업
521991__example0,521991,example,결혼용품 전문점(종합 상품으로 구성)
521991__example1,521991,example,노인용품 전문점(종합 상품으로 구성)
521991__xref0,521991,xref,"접객시설 없이 빵, 케이크 등을 구입하여 일반소비자에게 판매"
521992__name0,521992,name,체인화 편의점
521992__hier0,521992,hier,도매 및 소매업 > 소매업; 자동차 제외 > 종합 소매업 > 음ㆍ식료품 위주 종합 소매업
521992__example0,521992,example,편의점
521992__xref0,521992,xref,"접객시설 없이 빵, 케이크 등을 구입하여 일반소비자에게 판매"
522011__name0,522011,name,"곡물, 곡분 및 가축 사료 소매업"
522011__hier0,522011,hier,도매 및 소매업 > 소매업; 자동차 제외 > 음ㆍ식료품 및 담배 소매업 > 신선식품 및 단순 가공식품 소매업
522011__example0,522011,example,"쌀, 보리, 밀 소매"
522011__example1,522011,example,"콩, 팥 소매"
522011__example2,522011,example,옥수수 소매
522011__example3,522011,example,곡물 가루 소매
522011__example4,522011,example,가축용 사료 소매
522011__xref0,522011,xref,"접객시설 없이 빵, 케이크 등을 구입하여 일반소비자에게 판매"
522012__name0,522012,name,"곡물, 곡분 및 가축 사료 소매업"
522012__hier0,522012,hier,도매 및 소매업 > 소매업; 자동차 제외 > 음ㆍ식료품 및 담배 소매업 > 신선식품 및 단순 가공식품 소매업
522012__desc0,522012,desc,가축용사료
522012__example0,522012,example,"쌀, 보리, 밀 소매"
522012__example1,522012,example,"콩, 팥 소매"
522012__example2,522012,example,옥수수 소매
522012__example3,522012,example,곡물 가루 소매
522012__example4,522012,example,가축용 사료 소매
522012__xref0,522012,xref,"접객시설 없이 빵, 케이크 등을 구입하여 일반소비자에게 판매"
522020__name0,522020,name,육류 소매업
522020__hier0,522020,hier,도매 및 소매업 > 소매업; 자동차 제외 > 음ㆍ식료품 및 담배 소매업 > 신선식품 및 단순 가공식품 소매업
522020__example0,522020,example,"돈육, 우육 소매"
522020__example1,522020,example,가금육 소매
522020__example2,522020,example,조류 고기 소매
522020__example3,522020,example,"식육점, 정육점 운영"
522020__xref0,522020,xref,"접객시설 없이 빵, 케이크 등을 구입하여 일반소비자에게 판매"
522031__name0,522031,name,"신선, 냉동 및 기타 수산물 소매업"
522031__hier0,522031,hier,도매 및 소매업 > 소매업; 자동차 제외 > 음ㆍ식료품 및 담배 소매업 > 신선식품 및 단순 가공식품 소매업
522031__example0,522031,example,"수산 동물 활어, 선어 소매"
522031__example1,522031,example,"어개류(어류, 게, 새우 등) 소매"
522031__xref0,522031,xref,"접객시설 없이 빵, 케이크 등을 구입하여 일반소비자에게 판매"
522039__name0,522039,name,건어물 및 젓갈류 소매업
522039__hier0,522039,hier,도매 및 소매업 > 소매업; 자동차 제외 > 음ㆍ식료품 및 담배 소매업 > 신선식품 및 단순 가공식품 소매업
522039__example0,522039,example,염장 및 염수장(鹽水藏) 어류 및 어란 소매
522039__example1,522039,example,조미하지 않은 젓갈 소매
522039__example2,522039,example,건어물 소매
522039__xref0,522039,xref,"접객시설 없이 빵, 케이크 등을 구입하여 일반소비자에게 판매"
522040__name0,522040,name,"채소, 과실 및 뿌리작물 소매업"
522040__hier0,522040,hier,도매 및 소매업 > 소매업; 자동차 제외 > 음ㆍ식료품 및 담배 소매업 > 신선식품 및 단순 가공식품 소매업
522040__desc0,522040,desc,채소 및 뿌리작물
522040__example0,522040,example,과실 소매
522040__example1,522040,example,채소(각종 나물) 소매
522040__example2,522040,example,"견과류(밤, 호두 등) 소매"
522040__example3,522040,example,고구마 및 감자 소매
522040__example4,522040,example,"마늘, 도라지, 오이, 호박 소매"
522040__example5,522040,example,감 및 곶감 소매
522040__xref0,522040,xref,"접객시설 없이 빵, 케이크 등을 구입하여 일반소비자에게 판매"
522050__name0,522050,name,"채소, 과실 및 뿌리작물 소매업"
522050__hier0,522050,hier,도매 및 소매업 > 소매업; 자동차 제외 > 음ㆍ식료품 및 담배 소매업 > 신선식품 및 단순 가공식품 소매업
522050__desc0,522050,desc,과실
522050__example0,522050,example,과실 소매
522050__example1,522050,example,채소(각종 나물) 소매
522050__example2,522050,example,"견과류(밤, 호두 등) 소매"
522050__example3,522050,example,고구마 및 감자 소매
522050__example4,522050,example,"마늘, 도라지, 오이, 호박 소매"
522050__example5,522050,example,감 및 곶감 소매
522050__xref0,522050,xref,"접객시설 없이 빵, 케이크 등을 구입하여 일반소비자에게 판매"
522061__name0,522061,name,"빵류, 과자류 및 당류 소매업"
522061__hier0,522061,hier,도매 및 소매업 > 소매업; 자동차 제외 > 음ㆍ식료품 및 담배 소매업 > 가공식품 소매업
522061__example0,522061,example,미과 및 생과자 소매
522061__example1,522061,example,떡류(송편
522061__example2,522061,example,인절미 등) 소매
522061__example3,522061,example,아이스크림 소매
522061__example4,522061,example,"껌, 캔디 소매"
522061__example5,522061,example,피자 및 파이 소매
522061__example6,522061,example,설탕 소매
522061__example7,522061,example,햄버거 소매
522061__example8,522061,example,빵가루 소매
522061__xref0,522061,xref,"접객시설 없이 빵, 케이크 등을 구입하여 일반소비자에게 판매"
522062__name0,522062,name,"빵류, 과자류 및 당류 소매업"
522062__hier0,522062,hier,도매 및 소매업 > 소매업; 자동차 제외 > 음ㆍ식료품 및 담배 소매업 > 가공식품 소매업
522062__desc0,522062,desc,설탕
522062__example0,522062,example,미과 및 생과자 소매
522062__example1,522062,example,떡류(송편
522062__example2,522062,example,인절미 등) 소매
522062__example3,522062,example,아이스크림 소매
522062__example4,522062,example,"껌, 캔디 소매"
522062__example5,522062,example,피자 및 파이 소매
522062__example6,522062,example,설탕 소매
522062__example7,522062,example,햄버거 소매
522062__example8,522062,example,빵가루 소매
522062__xref0,522062,xref,"접객시설 없이 빵, 케이크 등을 구입하여 일반소비자에게 판매"
522063__name0,522063,name,기타 신선식품 및 단순 가공식품 소매업
522063__name1,522063,name,기타 가공식품 소매업
522063__hier0,522063,hier,"도매 및 소매업 > 소매업; 자동차 제외 > 음ㆍ식료품 및 담배 소매업 > 신선식품 및 단순 가공식품 소매업, 가공식품 소매업"
522063__ksic0,522063,ksic,"기타 신선식품 및 단순 가공식품 소매업, 기타 가공식품 소매업"
522063__desc0,522063,desc,제조하여 소매
522063__example0,522063,example,벌꿀 소매
522063__example1,522063,example,계란 및 조란 소매
522063__example2,522063,example,식용 소금(천일염 포함) 소매
522063__example3,522063,example,코코아 소매
522063__example4,522063,example,"커피, 차류 소매"
522063__example5,522063,example,유지 소매
522063__example6,522063,example,국수 등 면류 제품 소매
522063__example7,522063,example,된장 및 고추장 소매
522063__example8,522063,example,어묵 및 조미 해산물 소매
522063__xref0,522063,xref,조리 및 가공 수산식품 소매
522063__xref1,522063,xref,채소 및 과실 가공식품 소매
522063__xref2,522063,xref,"접객시설 없이 빵, 케이크 등을 구입하여 일반소비자에게 판매"
522071__name0,522071,name,기타 음ㆍ식료품 위주 종합 소매업
522071__hier0,522071,hier,도매 및 소매업 > 소매업; 자동차 제외 > 종합 소매업 > 음ㆍ식료품 위주 종합 소매업
522071__xref0,522071,xref,"접객시설 없이 빵, 케이크 등을 구입하여 일반소비자에게 판매"
522080__name0,522080,name,담배 소매업
522080__hier0,522080,hier,도매 및 소매업 > 소매업; 자동차 제외 > 음ㆍ식료품 및 담배 소매업 > 음료 및 담배 소매업
522080__xref0,522080,xref,"접객시설 없이 빵, 케이크 등을 구입하여 일반소비자에게 판매"
522081__name0,522081,name,그 외 기타 분류 안된 가정용품 소매업
522081__hier0,522081,hier,도매 및 소매업 > 소매업; 자동차 제외 > 기타 생활용품 소매업 > 그 외 기타 가정용품 소매업
522081__desc0,522081,desc,쓰레기봉투
522081__example0,522081,example,우산 및 양산 소매
522081__example1,522081,example,파라솔 소매
522081__example2,522081,example,대나무 소재 가정용품(화문석 등 마루덮개 제외) 소매
522081__example3,522081,example,야외용 돗자리 소매(직물제품 제외)
522081__example4,522081,example,비닐백 및 쇼핑백 소매
522081__xref0,522081,xref,"접객시설 없이 빵, 케이크 등을 구입하여 일반소비자에게 판매"
522082__name0,522082,name,복권 발행 및 판매업
522082__hier0,522082,hier,"예술, 스포츠 및 여가관련 서비스업 > 스포츠 및 오락관련 서비스업 > 유원지 및 기타 오락관련 서비스업 > 사행시설 관리 및 운영업"
522082__desc0,522082,desc,복권(소매)
522082__example0,522082,example,스포츠 복권 발행
522082__example1,522082,example,기입식 복권 발행
522082__example2,522082,example,즉석식 복권 발행
522082__example3,522082,example,복권 판매소
522091__name0,522091,name,건강 보조식품 소매업
522091__hier0,522091,hier,도매 및 소매업 > 소매업; 자동차 제외 > 음ㆍ식료품 및 담배 소매업 > 가공식품 소매업
522091__desc0,522091,desc,홍삼과 홍삼제품
522091__example0,522091,example,식이섬유 가공식품 소매
522091__example1,522091,example,가공 건강식품 소매
522091__example2,522091,example,"달팽이, 흑염소 추출물 소매"
522091__example3,522091,example,알로에 가공품 소매
522091__example4,522091,example,"인삼, 홍삼, 엽록소, 클로렐라 함유 가공식품 소매"
522091__example5,522091,example,"오메가-3, 레시틴, 스쿠알렌(상어간유) 등 지방산 가공식품 소매"
522091__example6,522091,example,발효 미생물류 가공식품 소매
522091__example7,522091,example,아미노산 및 단백질류 가공식품 소매
522091__xref0,522091,xref,"접객시설 없이 빵, 케이크 등을 구입하여 일반소비자에게 판매"
522092__name0,522092,name,그 외 기타 분류 안된 상품 전문 소매업
522092__hier0,522092,hier,도매 및 소매업 > 소매업; 자동차 제외 > 기타 상품 전문 소매업 > 그 외 기타 상품 전문 소매업
522092__desc0,522092,desc,인삼제품
522092__example0,522092,example,수석점
522092__example1,522092,example,총포 소매
522092__example2,522092,example,한약재료 소매
522092__example3,522092,example,비전기식 재봉기 소매
522092__xref0,522092,xref,"접객시설 없이 빵, 케이크 등을 구입하여 일반소비자에게 판매"
522093__name0,522093,name,음료 소매업
522093__hier0,522093,hier,도매 및 소매업 > 소매업; 자동차 제외 > 음료 소매업 > 음료 및 담배 소매업
522093__desc0,522093,desc,얼음
522093__example0,522093,example,우유 및 요구르트 소매
522093__example1,522093,example,생수 소매
522093__example2,522093,example,양주 소매
522093__example3,522093,example,소주 및 맥주 소매
522093__example4,522093,example,과실주 소매
522093__example5,522093,example,탁주 및 약주 소매
522093__xref0,522093,xref,"접객시설 없이 빵, 케이크 등을 구입하여 일반소비자에게 판매"
522094__name0,522094,name,음료 소매업
522094__hier0,522094,hier,도매 및 소매업 > 소매업; 자동차 제외 > 음료 소매업 > 음료 및 담배 소매업
522094__desc0,522094,desc,알콜성음료
522094__example0,522094,example,우유 및 요구르트 소매
522094__example1,522094,example,생수 소매
522094__example2,522094,example,양주 소매
522094__example3,522094,example,소주 및 맥주 소매
522094__example4,522094,example,과실주 소매
522094__example5,522094,example,탁주 및 약주 소매
522094__xref0,522094,xref,"접객시설 없이 빵, 케이크 등을 구입하여 일반소비자에게 판매"
522095__name0,522095,name,음료 소매업
522095__hier0,522095,hier,도매 및 소매업 > 소매업; 자동차 제외 > 음료 소매업 > 음료 및 담배 소매업
522095__example0,522095,example,우유 및 요구르트 소매
522095__example1,522095,example,생수 소매
522095__example2,522095,example,양주 소매
522095__example3,522095,example,소주 및 맥주 소매
522095__example4,522095,example,과실주 소매
522095__example5,522095,example,탁주 및 약주 소매
522095__xref0,522095,xref,"접객시설 없이 빵, 케이크 등을 구입하여 일반소비자에게 판매"
522096__name0,522096,name,기타 신선식품 및 단순 가공식품 소매업
522096__name1,522096,name,기타 가공식품 소매업
522096__hier0,522096,hier,"도매 및 소매업 > 소매업; 자동차 제외 > 음ㆍ식료품 및 담배 소매업 > 신선식품 및 단순 가공식품 소매업, 가공식품 소매업"
522096__ksic0,522096,ksic,"기타 신선식품 및 단순 가공식품 소매업, 기타 가공식품 소매업"
522096__example0,522096,example,벌꿀 소매
522096__example1,522096,example,계란 및 조란 소매
522096__example2,522096,example,식용 소금(천일염 포함) 소매
522096__example3,522096,example,코코아 소매
522096__example4,522096,example,"커피, 차류 소매"
522096__example5,522096,example,유지 소매
522096__example6,522096,example,국수 등 면류 제품 소매
522096__example7,522096,example,된장 및 고추장 소매
522096__example8,522096,example,어묵 및 조미 해산물 소매
522096__xref0,522096,xref,조리 및 가공 수산식품 소매
522096__xref1,522096,xref,채소 및 과실 가공식품 소매
522096__xref2,522096,xref,"접객시설 없이 빵, 케이크 등을 구입하여 일반소비자에게 판매"
522098__name0,522098,name,음료 소매업
522098__hier0,522098,hier,도매 및 소매업 > 소매업; 자동차 제외 > 음료 소매업 > 음료 및 담배 소매업
522098__desc0,522098,desc,우유
522098__example0,522098,example,우유 및 요구르트 소매
522098__example1,522098,example,생수 소매
522098__example2,522098,example,양주 소매
522098__example3,522098,example,소주 및 맥주 소매
522098__example4,522098,example,과실주 소매
522098__example5,522098,example,탁주 및 약주 소매
522098__xref0,522098,xref,"접객시설 없이 빵, 케이크 등을 구입하여 일반소비자에게 판매"
522099__name0,522099,name,음료 소매업
522099__hier0,522099,hier,도매 및 소매업 > 소매업; 자동차 제외 > 음료 소매업 > 음료 및 담배 소매업
522099__desc0,522099,desc,자기명의 외판원 수수료
522099__example0,522099,example,우유 및 요구르트 소매
522099__example1,522099,example,생수 소매
522099__example2,522099,example,양주 소매
522099__example3,522099,example,소주 및 맥주 소매
522099__example4,522099,example,과실주 소매
522099__example5,522099,example,탁주 및 약주 소매
522099__xref0,522099,xref,"접객시설 없이 빵, 케이크 등을 구입하여 일반소비자에게 판매"
522101__name0,522101,name,건강 보조식품 소매업
522101__hier0,522101,hier,도매 및 소매업 > 소매업; 자동차 제외 > 음ㆍ식료품 및 담배 소매업 > 가공식품 소매업
522101__example0,522101,example,식이섬유 가공식품 소매
522101__example1,522101,example,가공 건강식품 소매
522101__example2,522101,example,"달팽이, 흑염소 추출물 소매"
522101__example3,522101,example,알로에 가공품 소매
522101__example4,522101,example,"인삼, 홍삼, 엽록소, 클로렐라 함유 가공식품 소매"
522101__example5,522101,example,"오메가-3, 레시틴, 스쿠알렌(상어간유) 등 지방산 가공식품 소매"
522101__example6,522101,example,발효 미생물류 가공식품 소매
522101__example7,522101,example,아미노산 및 단백질류 가공식품 소매
522101__xref0,522101,xref,"접객시설 없이 빵, 케이크 등을 구입하여 일반소비자에게 판매"
522105__name0,522105,name,그 외 기타 분류 안된 상품 전문 소매업
522105__hier0,522105,hier,도매 및 소매업 > 소매업; 자동차 제외 > 기타 상품 전문 소매업 > 그 외 기타 상품 전문 소매업
522105__desc0,522105,desc,한약업사
522105__example0,522105,example,수석점
522105__example1,522105,example,총포 소매
522105__example2,522105,example,한약재료 소매
522105__example3,522105,example,비전기식 재봉기 소매
522105__xref0,522105,xref,"접객시설 없이 빵, 케이크 등을 구입하여 일반소비자에게 판매"
522109__name0,522109,name,조리 반찬류 소매업
522109__hier0,522109,hier,도매 및 소매업 > 소매업; 자동차 제외 > 음ㆍ식료품 및 담배 소매업 > 가공식품 소매업
522109__example0,522109,example,반찬 소매
522109__xref0,522109,xref,"접객시설 없이 빵, 케이크 등을 구입하여 일반소비자에게 판매"
523111__name0,523111,name,의약품 및 의료용품 소매업
523111__hier0,523111,hier,"도매 및 소매업 > 소매업; 자동차 제외 > 기타 상품 전문 소매업 > 의약품, 의료용 기구, 화장품 및 방향제 소매업"
523111__desc0,523111,desc,의약품
523111__example0,523111,example,소독제 소매
523111__example1,523111,example,가정용 방충제 및 살균제 소매
523111__example2,523111,example,가축 약품 소매
523111__example3,523111,example,드링크제 소매(의약품)
523111__example4,523111,example,약국
523111__example5,523111,example,한약 소매
523111__xref0,523111,xref,"접객시설 없이 빵, 케이크 등을 구입하여 일반소비자에게 판매"
523114__name0,523114,name,의약품 및 의료용품 소매업
523114__hier0,523114,hier,"도매 및 소매업 > 소매업; 자동차 제외 > 기타 상품 전문 소매업 > 의약품, 의료용 기구, 화장품 및 방향제 소매업"
523114__desc0,523114,desc,한약소매 등
523114__example0,523114,example,소독제 소매
523114__example1,523114,example,가정용 방충제 및 살균제 소매
523114__example2,523114,example,가축 약품 소매
523114__example3,523114,example,드링크제 소매(의약품)
523114__example4,523114,example,약국
523114__example5,523114,example,한약 소매
523114__xref0,523114,xref,"접객시설 없이 빵, 케이크 등을 구입하여 일반소비자에게 판매"
523116__name0,523116,name,의약품 및 의료용품 소매업
523116__hier0,523116,hier,"도매 및 소매업 > 소매업; 자동차 제외 > 기타 상품 전문 소매업 > 의약품, 의료용 기구, 화장품 및 방향제 소매업"
523116__desc0,523116,desc,의료용품
523116__example0,523116,example,소독제 소매
523116__example1,523116,example,가정용 방충제 및 살균제 소매
523116__example2,523116,example,가축 약품 소매
523116__example3,523116,example,드링크제 소매(의약품)
523116__example4,523116,example,약국
523116__example5,523116,example,한약 소매
523116__xref0,523116,xref,"접객시설 없이 빵, 케이크 등을 구입하여 일반소비자에게 판매"
523120__name0,523120,name,의료용 기구 소매업
523120__hier0,523120,hier,"도매 및 소매업 > 소매업; 자동차 제외 > 기타 상품 전문 소매업 > 의약품, 의료용 기구, 화장품 및 방향제 소매업"
523120__example0,523120,example,보청기 소매
523120__example1,523120,example,뜸 치료기 소매
523120__example2,523120,example,수지침 소매
523120__example3,523120,example,혈압 측정기 소매
523120__example4,523120,example,"의족(足), 의수(手), 의지(指) 소매"
523120__xref0,523120,xref,"접객시설 없이 빵, 케이크 등을 구입하여 일반소비자에게 판매"
523131__name0,523131,name,"화장품, 비누 및 방향제 소매업"
523131__hier0,523131,hier,"도매 및 소매업 > 소매업; 자동차 제외 > 기타 상품 전문 소매업 > 의약품, 의료용 기구, 화장품 및 방향제 소매업"
523131__example0,523131,example,향수 소매
523131__example1,523131,example,샴푸 및 비누 소매
523131__example2,523131,example,세정제 및 세제 소매
523131__example3,523131,example,머리 염색약 소매
523131__example4,523131,example,탈모제 소매
523131__example5,523131,example,면도용 크림 소매
523131__example6,523131,example,화장 도구 소매
523131__example7,523131,example,치약 소매
523131__example8,523131,example,무스 및 스프레이 소매
523131__example9,523131,example,렌즈 클리너 소매
523131__example10,523131,example,구강 세척제 소매
523131__xref0,523131,xref,"접객시설 없이 빵, 케이크 등을 구입하여 일반소비자에게 판매"
523132__name0,523132,name,방문 판매업
523132__hier0,523132,hier,도매 및 소매업 > 소매업; 자동차 제외 > 무점포 소매업 > 기타 무점포 소매업
523132__desc0,523132,desc,자기명의의 화장품 외판원
523132__example0,523132,example,화장품 방문 판매
523132__example1,523132,example,정수기 방문 판매
523132__example2,523132,example,서적 및 교육자재 방문 판매
523132__xref0,523132,xref,"접객시설 없이 빵, 케이크 등을 구입하여 일반소비자에게 판매"
523211__name0,523211,name,"섬유 원단, 실 및 기타 섬유제품 소매업"
523211__hier0,523211,hier,"도매 및 소매업 > 소매업; 자동차 제외 > 섬유, 의복, 신발 및 가죽제품 소매업 > 섬유, 직물 및 의복 액세서리 소매업"
523211__desc0,523211,desc,한복지
523211__example0,523211,example,한복지 및 양복지 소매
523211__example1,523211,example,뜨개실 및 재봉실 소매
523211__example2,523211,example,천막지 및 펠트지 소매
523211__xref0,523211,xref,"접객시설 없이 빵, 케이크 등을 구입하여 일반소비자에게 판매"
523214__name0,523214,name,"섬유 원단, 실 및 기타 섬유제품 소매업"
523214__hier0,523214,hier,"도매 및 소매업 > 소매업; 자동차 제외 > 섬유, 의복, 신발 및 가죽제품 소매업 > 섬유, 직물 및 의복 액세서리 소매업"
523214__example0,523214,example,한복지 및 양복지 소매
523214__example1,523214,example,뜨개실 및 재봉실 소매
523214__example2,523214,example,천막지 및 펠트지 소매
523214__xref0,523214,xref,"접객시설 없이 빵, 케이크 등을 구입하여 일반소비자에게 판매"
523221__name0,523221,name,속옷 및 잠옷 소매업
523221__hier0,523221,hier,"도매 및 소매업 > 소매업; 자동차 제외 > 섬유, 의복, 신발 및 가죽제품 소매업 > 의복 소매업"
523221__example0,523221,example,러닝 소매
523221__example1,523221,example,브래지어 소매
523221__example2,523221,example,잠옷 소매
523221__xref0,523221,xref,"접객시설 없이 빵, 케이크 등을 구입하여 일반소비자에게 판매"
523223__name0,523223,name,유아용 의류 소매업
523223__hier0,523223,hier,"도매 및 소매업 > 소매업; 자동차 제외 > 섬유, 의복, 신발 및 가죽제품 소매업 > 의복 소매업"
523223__example0,523223,example,유아용 겉옷 소매
523223__example1,523223,example,유아용 속옷 소매
523223__xref0,523223,xref,"접객시설 없이 빵, 케이크 등을 구입하여 일반소비자에게 판매"
523231__name0,523231,name,셔츠 및 블라우스 소매업
523231__hier0,523231,hier,"도매 및 소매업 > 소매업; 자동차 제외 > 섬유, 의복, 신발 및 가죽제품 소매업 > 의복 소매업"
523231__example0,523231,example,니트 의복 소매
523231__example1,523231,example,티셔츠 및 셔츠류 소매
523231__example2,523231,example,블라우스 소매
523231__xref0,523231,xref,"접객시설 없이 빵, 케이크 등을 구입하여 일반소비자에게 판매"
523233__name0,523233,name,남자용 겉옷 소매업
523233__hier0,523233,hier,"도매 및 소매업 > 소매업; 자동차 제외 > 섬유, 의복, 신발 및 가죽제품 소매업 > 의복 소매업"
523233__example0,523233,example,남자용 코트 소매
523233__example1,523233,example,양복 조끼 소매
523233__example2,523233,example,"남자용 재킷, 파카, 바지, 평상복 소매"
523233__xref0,523233,xref,"접객시설 없이 빵, 케이크 등을 구입하여 일반소비자에게 판매"
523234__name0,523234,name,여자용 겉옷 소매업
523234__hier0,523234,hier,"도매 및 소매업 > 소매업; 자동차 제외 > 섬유, 의복, 신발 및 가죽제품 소매업 > 의복 소매업"
523234__example0,523234,example,여자용 코트 소매
523234__example1,523234,example,여자용 정장류 소매
523234__example2,523234,example,"여자용 재킷, 파카, 바지, 평상복 소매"
523234__example3,523234,example,스커트 소매
523234__xref0,523234,xref,"접객시설 없이 빵, 케이크 등을 구입하여 일반소비자에게 판매"
523235__name0,523235,name,한복 소매업
523235__hier0,523235,hier,"도매 및 소매업 > 소매업; 자동차 제외 > 섬유, 의복, 신발 및 가죽제품 소매업 > 의복 소매업"
523235__example0,523235,example,개량 한복 소매
523235__example1,523235,example,기성 한복 소매
523235__xref0,523235,xref,"접객시설 없이 빵, 케이크 등을 구입하여 일반소비자에게 판매"
523236__name0,523236,name,가죽 및 모피 의복 소매업
523236__hier0,523236,hier,"도매 및 소매업 > 소매업; 자동차 제외 > 섬유, 의복, 신발 및 가죽제품 소매업 > 의복 소매업"
523236__example0,523236,example,가죽제 의복 소매
523236__example1,523236,example,모피제 의류 소매
523236__xref0,523236,xref,"접객시설 없이 빵, 케이크 등을 구입하여 일반소비자에게 판매"
523237__name0,523237,name,기타 의복 소매업
523237__hier0,523237,hier,"도매 및 소매업 > 소매업; 자동차 제외 > 섬유, 의복, 신발 및 가죽제품 소매업 > 의복 소매업"
523237__example0,523237,example,"체육복, 교복 소매"
523237__example1,523237,example,"단체복, 작업복 소매"
523237__example2,523237,example,수영복 소매
523237__xref0,523237,xref,"접객시설 없이 빵, 케이크 등을 구입하여 일반소비자에게 판매"
523241__name0,523241,name,신발 소매업
523241__hier0,523241,hier,"도매 및 소매업 > 소매업; 자동차 제외 > 섬유, 의복, 신발 및 가죽제품 소매업 > 신발 소매업"
523241__desc0,523241,desc,"구두, 캐주얼화"
523241__example0,523241,example,남녀용 정장화 소매
523241__example1,523241,example,운동화 소매
523241__example2,523241,example,"각반, 나무 신발 소매"
523241__example3,523241,example,신발 끈 소매
523241__xref0,523241,xref,"접객시설 없이 빵, 케이크 등을 구입하여 일반소비자에게 판매"
523242__name0,523242,name,신발 소매업
523242__hier0,523242,hier,"도매 및 소매업 > 소매업; 자동차 제외 > 섬유, 의복, 신발 및 가죽제품 소매업 > 신발 소매업"
523242__example0,523242,example,남녀용 정장화 소매
523242__example1,523242,example,운동화 소매
523242__example2,523242,example,"각반, 나무 신발 소매"
523242__example3,523242,example,신발 끈 소매
523242__xref0,523242,xref,"접객시설 없이 빵, 케이크 등을 구입하여 일반소비자에게 판매"
523252__name0,523252,name,의복 액세서리 및 모조 장신구 소매업
523252__hier0,523252,hier,"도매 및 소매업 > 소매업; 자동차 제외 > 섬유, 의복, 신발 및 가죽제품 소매업 > 섬유, 직물 및 의복 액세서리 소매업"
523252__desc0,523252,desc,의복 액세서리
523252__example0,523252,example,버클(요대) 소매
523252__example1,523252,example,머리핀 소매
523252__example2,523252,example,"넥타이, 넥타이핀 소매"
523252__example3,523252,example,가발 소매
523252__example4,523252,example,모자 및 장갑 소매
523252__example5,523252,example,"스카프, 머플러, 숄 소매"
523252__example6,523252,example,양말 및 스타킹 소매
523252__example7,523252,example,귀걸이(귀금속 제외) 소매
523252__example8,523252,example,모피제 의복 액세서리 소매
523252__example9,523252,example,장갑 소매
523252__example10,523252,example,단추 및 파스너(지퍼 등) 소매
523252__xref0,523252,xref,장갑 및 의복 벨트 소매
523252__xref1,523252,xref,"접객시설 없이 빵, 케이크 등을 구입하여 일반소비자에게 판매"
523260__name0,523260,name,가방 및 기타 가죽제품 소매업
523260__hier0,523260,hier,"도매 및 소매업 > 소매업; 자동차 제외 > 섬유, 의복, 신발 및 가죽제품 소매업 > 가방 및 기타 가죽제품 소매업"
523260__example0,523260,example,핸드백 및 지갑 소매
523260__example1,523260,example,트렁크 소매
523260__example2,523260,example,보호용 케이스 소매
523260__xref0,523260,xref,가죽제 가방 및 기타 가죽제품 소매
523260__xref1,523260,xref,"접객시설 없이 빵, 케이크 등을 구입하여 일반소비자에게 판매"
523291__name0,523291,name,"섬유 원단, 실 및 기타 섬유제품 소매업"
523291__hier0,523291,hier,"도매 및 소매업 > 소매업; 자동차 제외 > 섬유, 의복, 신발 및 가죽제품 소매업 > 섬유, 직물 및 의복 액세서리 소매업"
523291__example0,523291,example,한복지 및 양복지 소매
523291__example1,523291,example,뜨개실 및 재봉실 소매
523291__example2,523291,example,천막지 및 펠트지 소매
523291__xref0,523291,xref,"접객시설 없이 빵, 케이크 등을 구입하여 일반소비자에게 판매"
523292__name0,523292,name,의복 액세서리 및 모조 장신구 소매업
523292__hier0,523292,hier,"도매 및 소매업 > 소매업; 자동차 제외 > 섬유, 의복, 신발 및 가죽제품 소매업 > 섬유, 직물 및 의복 액세서리 소매업"
523292__desc0,523292,desc,모조 장신구
523292__example0,523292,example,버클(요대) 소매
523292__example1,523292,example,머리핀 소매
523292__example2,523292,example,"넥타이, 넥타이핀 소매"
523292__example3,523292,example,가발 소매
523292__example4,523292,example,모자 및 장갑 소매
523292__example5,523292,example,"스카프, 머플러, 숄 소매"
523292__example6,523292,example,양말 및 스타킹 소매
523292__example7,523292,example,귀걸이(귀금속 제외) 소매
523292__example8,523292,example,모피제 의복 액세서리 소매
523292__example9,523292,example,장갑 소매
523292__example10,523292,example,단추 및 파스너(지퍼 등) 소매
523292__xref0,523292,xref,장갑 및 의복 벨트 소매
523292__xref1,523292,xref,"접객시설 없이 빵, 케이크 등을 구입하여 일반소비자에게 판매"
523311__name0,523311,name,가구 소매업
523311__hier0,523311,hier,도매 및 소매업 > 소매업; 자동차 제외 > 기타 생활용품 소매업 > 가구 소매업
523311__desc0,523311,desc,금속제가구
523311__example0,523311,example,등 가구 소매
523311__example1,523311,example,화장대 소매
523311__example2,523311,example,책상 및 걸상 소매
523311__example3,523311,example,침대 소매
523311__example4,523311,example,응접 세트 소매
523311__example5,523311,example,사무용 가구 소매
523311__xref0,523311,xref,"접객시설 없이 빵, 케이크 등을 구입하여 일반소비자에게 판매"
523312__name0,523312,name,가구 소매업
523312__hier0,523312,hier,도매 및 소매업 > 소매업; 자동차 제외 > 기타 생활용품 소매업 > 가구 소매업
523312__example0,523312,example,등 가구 소매
523312__example1,523312,example,화장대 소매
523312__example2,523312,example,책상 및 걸상 소매
523312__example3,523312,example,침대 소매
523312__example4,523312,example,응접 세트 소매
523312__example5,523312,example,사무용 가구 소매
523312__xref0,523312,xref,"접객시설 없이 빵, 케이크 등을 구입하여 일반소비자에게 판매"
523314__name0,523314,name,가구 소매업
523314__hier0,523314,hier,도매 및 소매업 > 소매업; 자동차 제외 > 기타 생활용품 소매업 > 가구 소매업
523314__desc0,523314,desc,가구 전문 판매 대리점(성실신고 회원)
523314__example0,523314,example,등 가구 소매
523314__example1,523314,example,화장대 소매
523314__example2,523314,example,책상 및 걸상 소매
523314__example3,523314,example,침대 소매
523314__example4,523314,example,응접 세트 소매
523314__example5,523314,example,사무용 가구 소매
523314__xref0,523314,xref,"접객시설 없이 빵, 케이크 등을 구입하여 일반소비자에게 판매"
523321__name0,523321,name,가전제품 소매업
523321__hier0,523321,hier,도매 및 소매업 > 소매업; 자동차 제외 > 가전제품 및 정보 통신장비 소매업 > 가전제품 소매업
523321__example0,523321,example,안테나(위성 포함) 소매
523321__example1,523321,example,"믹서, 녹즙기, 토스트기 소매"
523321__example2,523321,example,노래방 기기 소매
523321__example3,523321,example,"전기 면도기, 헤어 드라이기 소매"
523321__example4,523321,example,가스 누설 경보기 소매
523321__example5,523321,example,환풍기 소매
523321__example6,523321,example,"전자 레인지, 가스 레인지 소매 G"
523321__example7,523321,example,전기식
523321__example8,523321,example,미용 기기 소매
523321__example9,523321,example,가정용 정미기 소매
523321__xref0,523321,xref,가전제품 소매
523321__xref1,523321,xref,"접객시설 없이 빵, 케이크 등을 구입하여 일반소비자에게 판매"
523323__name0,523323,name,통신기기 소매업
523323__hier0,523323,hier,"도매 및 소매업 > 소매업; 자동차 제외 > 가전제품 및 정보 통신장비 소매업 > 컴퓨터 및 주변장치, 소프트웨어 및 통신기기 소매업"
523323__example0,523323,example,핸드폰 소매
523323__example1,523323,example,전화기 소매
523323__example2,523323,example,호출기 소매
523323__example3,523323,example,카폰 소매
523323__example4,523323,example,무전기 소매
523323__xref0,523323,xref,"접객시설 없이 빵, 케이크 등을 구입하여 일반소비자에게 판매"
523330__name0,523330,name,가전제품 소매업
523330__hier0,523330,hier,도매 및 소매업 > 소매업; 자동차 제외 > 가전제품 및 정보 통신장비 소매업 > 가전제품 소매업
523330__desc0,523330,desc,가스렌지
523330__example0,523330,example,안테나(위성 포함) 소매
523330__example1,523330,example,"믹서, 녹즙기, 토스트기 소매"
523330__example2,523330,example,노래방 기기 소매
523330__example3,523330,example,"전기 면도기, 헤어 드라이기 소매"
523330__example4,523330,example,가스 누설 경보기 소매
523330__example5,523330,example,환풍기 소매
523330__example6,523330,example,"전자 레인지, 가스 레인지 소매 G"
523330__example7,523330,example,전기식
523330__example8,523330,example,미용 기기 소매
523330__example9,523330,example,가정용 정미기 소매
523330__xref0,523330,xref,가전제품 소매
523330__xref1,523330,xref,"접객시설 없이 빵, 케이크 등을 구입하여 일반소비자에게 판매"
523331__name0,523331,name,가구 소매업
523331__hier0,523331,hier,도매 및 소매업 > 소매업; 자동차 제외 > 기타 생활용품 소매업 > 가구 소매업
523331__desc0,523331,desc,싱크대
523331__example0,523331,example,등 가구 소매
523331__example1,523331,example,화장대 소매
523331__example2,523331,example,책상 및 걸상 소매
523331__example3,523331,example,침대 소매
523331__example4,523331,example,응접 세트 소매
523331__example5,523331,example,사무용 가구 소매
523331__xref0,523331,xref,"접객시설 없이 빵, 케이크 등을 구입하여 일반소비자에게 판매"
523332__name0,523332,name,"주방용품 및 가정용 유리, 요업제품 소매업"
523332__hier0,523332,hier,도매 및 소매업 > 소매업; 자동차 제외 > 기타 생활용품 소매업 > 그 외 기타 가정용품 소매업
523332__example0,523332,example,가정용 식기 소매
523332__example1,523332,example,칼 및 도마 소매
523332__example2,523332,example,식탁용품 소매
523332__example3,523332,example,항아리(옹기) 소매
523332__example4,523332,example,"밥솥(철재, 비전기식) 소매"
523332__example5,523332,example,가정용 도자기제품 소매
523332__example6,523332,example,거울 및 액자(내용물 없는 것) 소매
523332__example7,523332,example,가정용 유리제품 소매
523332__example8,523332,example,관상용 어항 소매
523332__example9,523332,example,비전기식 면도기 소매
523332__xref0,523332,xref,주방용 유리용기 소매
523332__xref1,523332,xref,"접객시설 없이 빵, 케이크 등을 구입하여 일반소비자에게 판매"
523341__name0,523341,name,악기 소매업
523341__hier0,523341,hier,도매 및 소매업 > 소매업; 자동차 제외 > 기타 생활용품 소매업 > 그 외 기타 가정용품 소매업
523341__desc0,523341,desc,피아노
523341__example0,523341,example,"타악기(드럼, 팀파니 등) 소매"
523341__example1,523341,example,"전통악기(북, 장구 등) 소매"
523341__example2,523341,example,건반악기(피아노 등) 소매
523341__example3,523341,example,현악기(바이올린 등) 소매
523341__example4,523341,example,"관악기(플루트, 트럼펫 등) 소매"
523341__example5,523341,example,전자악기(전자 기타 등) 소매
523341__xref0,523341,xref,"접객시설 없이 빵, 케이크 등을 구입하여 일반소비자에게 판매"
523349__name0,523349,name,악기 소매업
523349__hier0,523349,hier,도매 및 소매업 > 소매업; 자동차 제외 > 기타 생활용품 소매업 > 그 외 기타 가정용품 소매업
523349__desc0,523349,desc,기타악기
523349__example0,523349,example,"타악기(드럼, 팀파니 등) 소매"
523349__example1,523349,example,"전통악기(북, 장구 등) 소매"
523349__example2,523349,example,건반악기(피아노 등) 소매
523349__example3,523349,example,현악기(바이올린 등) 소매
523349__example4,523349,example,"관악기(플루트, 트럼펫 등) 소매"
523349__example5,523349,example,전자악기(전자 기타 등) 소매
523349__xref0,523349,xref,"접객시설 없이 빵, 케이크 등을 구입하여 일반소비자에게 판매"
523352__name0,523352,name,전기용품 및 조명장치 소매업
523352__hier0,523352,hier,도매 및 소매업 > 소매업; 자동차 제외 > 기타 생활용품 소매업 > 그 외 기타 가정용품 소매업
523352__example0,523352,example,변압기(가정용) 소매
523352__example1,523352,example,전구 및 램프 소매
523352__example2,523352,example,콘센트 소매
523352__example3,523352,example,플러그 소매
523352__example4,523352,example,전기 스탠드 소매
523352__example5,523352,example,스위치 소매
523352__xref0,523352,xref,"접객시설 없이 빵, 케이크 등을 구입하여 일반소비자에게 판매"
523361__name0,523361,name,가정용 직물제품 소매업
523361__hier0,523361,hier,"도매 및 소매업 > 소매업; 자동차 제외 > 섬유, 의복, 신발 및 가죽제품 소매업 > 섬유, 직물 및 의복 액세서리 소매업"
523361__desc0,523361,desc,"커튼, 카페트"
523361__example0,523361,example,커튼 소매
523361__example1,523361,example,"가정용 침구류 소매(베게, 이불)"
523361__example2,523361,example,천막 소매
523361__example3,523361,example,"융단제품 소매(양탄자, 카펫)"
523361__example4,523361,example,"수건, 타월 소매"
523361__example5,523361,example,수예품 소매
523361__example6,523361,example,린넨 소매
523361__example7,523361,example,방석 소매
523361__xref0,523361,xref,"접객시설 없이 빵, 케이크 등을 구입하여 일반소비자에게 판매"
523363__name0,523363,name,가정용 직물제품 소매업
523363__hier0,523363,hier,"도매 및 소매업 > 소매업; 자동차 제외 > 섬유, 의복, 신발 및 가죽제품 소매업 > 섬유, 직물 및 의복 액세서리 소매업"
523363__example0,523363,example,커튼 소매
523363__example1,523363,example,"가정용 침구류 소매(베게, 이불)"
523363__example2,523363,example,천막 소매
523363__example3,523363,example,"융단제품 소매(양탄자, 카펫)"
523363__example4,523363,example,"수건, 타월 소매"
523363__example5,523363,example,수예품 소매
523363__example6,523363,example,린넨 소매
523363__example7,523363,example,방석 소매
523363__xref0,523363,xref,"접객시설 없이 빵, 케이크 등을 구입하여 일반소비자에게 판매"
523370__name0,523370,name,그 외 기타 분류 안된 가정용품 소매업
523370__hier0,523370,hier,도매 및 소매업 > 소매업; 자동차 제외 > 기타 생활용품 소매업 > 그 외 기타 가정용품 소매업
523370__desc0,523370,desc,"등세공품, 조물제품 및 기타 목제품, 고공품 및 돗자리, 죽세공품"
523370__example0,523370,example,우산 및 양산 소매
523370__example1,523370,example,파라솔 소매
523370__example2,523370,example,대나무 소재 가정용품(화문석 등 마루덮개 제외) 소매
523370__example3,523370,example,야외용 돗자리 소매(직물제품 제외)
523370__example4,523370,example,비닐백 및 쇼핑백 소매
523370__xref0,523370,xref,"접객시설 없이 빵, 케이크 등을 구입하여 일반소비자에게 판매"
523390__name0,523390,name,가전제품 소매업
523390__hier0,523390,hier,도매 및 소매업 > 소매업; 자동차 제외 > 가전제품 및 정보 통신장비 소매업 > 가전제품 소매업
523390__desc0,523390,desc,전기식 정수기
523390__example0,523390,example,안테나(위성 포함) 소매
523390__example1,523390,example,"믹서, 녹즙기, 토스트기 소매"
523390__example2,523390,example,노래방 기기 소매
523390__example3,523390,example,"전기 면도기, 헤어 드라이기 소매"
523390__example4,523390,example,가스 누설 경보기 소매
523390__example5,523390,example,환풍기 소매
523390__example6,523390,example,"전자 레인지, 가스 레인지 소매 G"
523390__example7,523390,example,전기식
523390__example8,523390,example,미용 기기 소매
523390__example9,523390,example,가정용 정미기 소매
523390__xref0,523390,xref,가전제품 소매
523390__xref1,523390,xref,"접객시설 없이 빵, 케이크 등을 구입하여 일반소비자에게 판매"
523391__name0,523391,name,그 외 기타 분류 안된 가정용품 소매업
523391__hier0,523391,hier,도매 및 소매업 > 소매업; 자동차 제외 > 기타 생활용품 소매업 > 그 외 기타 가정용품 소매업
523391__example0,523391,example,우산 및 양산 소매
523391__example1,523391,example,파라솔 소매
523391__example2,523391,example,대나무 소재 가정용품(화문석 등 마루덮개 제외) 소매
523391__example3,523391,example,야외용 돗자리 소매(직물제품 제외)
523391__example4,523391,example,비닐백 및 쇼핑백 소매
523391__xref0,523391,xref,"접객시설 없이 빵, 케이크 등을 구입하여 일반소비자에게 판매"
523411__name0,523411,name,철물 및 난방용구 소매업
523411__hier0,523411,hier,"도매 및 소매업 > 소매업; 자동차 제외 > 기타 생활용품 소매업 > 철물, 공구, 창호 및 건설자재 소매업"
523411__desc0,523411,desc,철물
523411__example0,523411,example,앵글 소매
523411__example1,523411,example,열쇠 소매
523411__example2,523411,example,가스 및 기름 보일러 소매
523411__example3,523411,example,석유 난로 소매
523411__example4,523411,example,가스 및 휘발유 스토브 소매
523411__xref0,523411,xref,보일러 소매
523411__xref1,523411,xref,"가스 스토브, 가스 및 기름 보일러 소매"
523411__xref2,523411,xref,"접객시설 없이 빵, 케이크 등을 구입하여 일반소비자에게 판매"
523412__name0,523412,name,철물 및 난방용구 소매업
523412__hier0,523412,hier,"도매 및 소매업 > 소매업; 자동차 제외 > 기타 생활용품 소매업 > 철물, 공구, 창호 및 건설자재 소매업"
523412__desc0,523412,desc,난방용구
523412__example0,523412,example,앵글 소매
523412__example1,523412,example,열쇠 소매
523412__example2,523412,example,가스 및 기름 보일러 소매
523412__example3,523412,example,석유 난로 소매
523412__example4,523412,example,가스 및 휘발유 스토브 소매
523412__xref0,523412,xref,보일러 소매
523412__xref1,523412,xref,"가스 스토브, 가스 및 기름 보일러 소매"
523412__xref2,523412,xref,"접객시설 없이 빵, 케이크 등을 구입하여 일반소비자에게 판매"
523413__name0,523413,name,공구 소매업
523413__hier0,523413,hier,"도매 및 소매업 > 소매업; 자동차 제외 > 기타 생활용품 소매업 > 철물, 공구, 창호 및 건설자재 소매업"
523413__desc0,523413,desc,농업용
523413__example0,523413,example,비동력식 수공구 소매업
523413__example1,523413,example,전동공구 소매업
523413__example2,523413,example,절삭공구 소매업
523413__example3,523413,example,전동식 잔디 깎기 소매업
523413__xref0,523413,xref,"수공구, 전동공구 소매"
523413__xref1,523413,xref,"접객시설 없이 빵, 케이크 등을 구입하여 일반소비자에게 판매"
523421__name0,523421,name,"페인트, 창호 및 기타 건설자재 소매업"
523421__hier0,523421,hier,"도매 및 소매업 > 소매업; 자동차 제외 > 기타 생활용품 소매업 > 철물, 공구, 창호 및 건설자재 소매업"
523421__desc0,523421,desc,페인트
523421__example0,523421,example,광택제 소매
523421__example1,523421,example,단열재 소매
523421__example2,523421,example,묘석 소매
523421__example3,523421,example,물탱크 소매
523421__example4,523421,example,"벽돌, 타일, 대리석 소매"
523421__example5,523421,example,위생용 도자기제품 소매
523421__example6,523421,example,스티로폼 및 합판 소매
523421__example7,523421,example,조립식 건축자재 소매
523421__example8,523421,example,창호 및 문 소매
523421__xref0,523421,xref,고객 주문에 의한 도료 혼합 소매
523421__xref1,523421,xref,"접객시설 없이 빵, 케이크 등을 구입하여 일반소비자에게 판매"
523422__name0,523422,name,"주방용품 및 가정용 유리, 요업제품 소매업"
523422__hier0,523422,hier,도매 및 소매업 > 소매업; 자동차 제외 > 기타 생활용품 소매업 > 그 외 기타 가정용품 소매업
523422__desc0,523422,desc,가정용 유리제품
523422__example0,523422,example,가정용 식기 소매
523422__example1,523422,example,칼 및 도마 소매
523422__example2,523422,example,식탁용품 소매
523422__example3,523422,example,항아리(옹기) 소매
523422__example4,523422,example,"밥솥(철재, 비전기식) 소매"
523422__example5,523422,example,가정용 도자기제품 소매
523422__example6,523422,example,거울 및 액자(내용물 없는 것) 소매
523422__example7,523422,example,가정용 유리제품 소매
523422__example8,523422,example,관상용 어항 소매
523422__example9,523422,example,비전기식 면도기 소매
523422__xref0,523422,xref,주방용 유리용기 소매
523422__xref1,523422,xref,"접객시설 없이 빵, 케이크 등을 구입하여 일반소비자에게 판매"
523491__name0,523491,name,"페인트, 창호 및 기타 건설자재 소매업"
523491__hier0,523491,hier,"도매 및 소매업 > 소매업; 자동차 제외 > 기타 생활용품 소매업 > 철물, 공구, 창호 및 건설자재 소매업"
523491__desc0,523491,desc,시멘트
523491__example0,523491,example,광택제 소매
523491__example1,523491,example,단열재 소매
523491__example2,523491,example,묘석 소매
523491__example3,523491,example,물탱크 소매
523491__example4,523491,example,"벽돌, 타일, 대리석 소매"
523491__example5,523491,example,위생용 도자기제품 소매
523491__example6,523491,example,스티로폼 및 합판 소매
523491__example7,523491,example,조립식 건축자재 소매
523491__example8,523491,example,창호 및 문 소매
523491__xref0,523491,xref,고객 주문에 의한 도료 혼합 소매
523491__xref1,523491,xref,"접객시설 없이 빵, 케이크 등을 구입하여 일반소비자에게 판매"
523492__name0,523492,name,"페인트, 창호 및 기타 건설자재 소매업"
523492__hier0,523492,hier,"도매 및 소매업 > 소매업; 자동차 제외 > 기타 생활용품 소매업 > 철물, 공구, 창호 및 건설자재 소매업"
523492__desc0,523492,desc,"철근, 각종 타일, 위생용도기"
523492__example0,523492,example,광택제 소매
523492__example1,523492,example,단열재 소매
523492__example2,523492,example,묘석 소매
523492__example3,523492,example,물탱크 소매
523492__example4,523492,example,"벽돌, 타일, 대리석 소매"
523492__example5,523492,example,위생용 도자기제품 소매
523492__example6,523492,example,스티로폼 및 합판 소매
523492__example7,523492,example,조립식 건축자재 소매
523492__example8,523492,example,창호 및 문 소매
523492__xref0,523492,xref,고객 주문에 의한 도료 혼합 소매
523492__xref1,523492,xref,"접객시설 없이 빵, 케이크 등을 구입하여 일반소비자에게 판매"
523494__name0,523494,name,"페인트, 창호 및 기타 건설자재 소매업"
523494__hier0,523494,hier,"도매 및 소매업 > 소매업; 자동차 제외 > 기타 생활용품 소매업 > 철물, 공구, 창호 및 건설자재 소매업"
523494__desc0,523494,desc,"하드보드, 목재류"
523494__example0,523494,example,광택제 소매
523494__example1,523494,example,단열재 소매
523494__example2,523494,example,묘석 소매
523494__example3,523494,example,물탱크 소매
523494__example4,523494,example,"벽돌, 타일, 대리석 소매"
523494__example5,523494,example,위생용 도자기제품 소매
523494__example6,523494,example,스티로폼 및 합판 소매
523494__example7,523494,example,조립식 건축자재 소매
523494__example8,523494,example,창호 및 문 소매
523494__xref0,523494,xref,고객 주문에 의한 도료 혼합 소매
523494__xref1,523494,xref,"접객시설 없이 빵, 케이크 등을 구입하여 일반소비자에게 판매"
523499__name0,523499,name,"페인트, 창호 및 기타 건설자재 소매업"
523499__hier0,523499,hier,"도매 및 소매업 > 소매업; 자동차 제외 > 기타 생활용품 소매업 > 철물, 공구, 창호 및 건설자재 소매업"
523499__example0,523499,example,광택제 소매
523499__example1,523499,example,단열재 소매
523499__example2,523499,example,묘석 소매
523499__example3,523499,example,물탱크 소매
523499__example4,523499,example,"벽돌, 타일, 대리석 소매"
523499__example5,523499,example,위생용 도자기제품 소매
523499__example6,523499,example,스티로폼 및 합판 소매
523499__example7,523499,example,조립식 건축자재 소매
523499__example8,523499,example,창호 및 문 소매
523499__xref0,523499,xref,고객 주문에 의한 도료 혼합 소매
523499__xref1,523499,xref,"접객시설 없이 빵, 케이크 등을 구입하여 일반소비자에게 판매"
523511__name0,523511,name,"서적, 신문 및 잡지류 소매업"
523511__hier0,523511,hier,"도매 및 소매업 > 소매업; 자동차 제외 > 문화, 오락 및 여가 용품 소매업 > 서적 및 문구용품 소매업"
523511__example0,523511,example,서점 및 잡지 소매점
523511__example1,523511,example,외국 서적 및 어학 교재 소매
523511__example2,523511,example,회화 테이프 소매
523511__example3,523511,example,"달력(캘린더), 복제 사진 및 연하장 소매"
523511__example4,523511,example,"음반, 비디오물 이외의 출판물을 수록한 전자 매체 소매"
523511__xref0,523511,xref,"음악, 비디오 이외의 기록 매체 출판물 소매"
523511__xref1,523511,xref,"접객시설 없이 빵, 케이크 등을 구입하여 일반소비자에게 판매"
523520__name0,523520,name,문구용품 및 회화용품 소매업
523520__hier0,523520,hier,"도매 및 소매업 > 소매업; 자동차 제외 > 문화, 오락 및 여가 용품 소매업 > 서적 및 문구용품 소매업"
523520__example0,523520,example,"노트, 일기장, 앨범 소매"
523520__example1,523520,example,"물감, 크레용, 붓 소매 G"
523520__example2,523520,example,인쇄 용지 또는 필기 용지 소매
523520__example3,523520,example,"공테이프, 공CD, 공디스켓 소매"
523520__example4,523520,example,"풀, 접착 테이프 소매"
523520__xref0,523520,xref,"공테이프, 공CD, 공디스크, 공플로피 디스켓 소매"
523520__xref1,523520,xref,"접객시설 없이 빵, 케이크 등을 구입하여 일반소비자에게 판매"
523521__name0,523521,name,"서적, 신문 및 잡지류 소매업"
523521__hier0,523521,hier,"도매 및 소매업 > 소매업; 자동차 제외 > 문화, 오락 및 여가 용품 소매업 > 서적 및 문구용품 소매업"
523521__desc0,523521,desc,교구
523521__example0,523521,example,서점 및 잡지 소매점
523521__example1,523521,example,외국 서적 및 어학 교재 소매
523521__example2,523521,example,회화 테이프 소매
523521__example3,523521,example,"달력(캘린더), 복제 사진 및 연하장 소매"
523521__example4,523521,example,"음반, 비디오물 이외의 출판물을 수록한 전자 매체 소매"
523521__xref0,523521,xref,"음악, 비디오 이외의 기록 매체 출판물 소매"
523521__xref1,523521,xref,"접객시설 없이 빵, 케이크 등을 구입하여 일반소비자에게 판매"
523531__name0,523531,name,"컴퓨터 및 주변장치, 소프트웨어 소매업"
523531__hier0,523531,hier,"도매 및 소매업 > 소매업; 자동차 제외 > 가전제품 및 정보 통신장비 소매업 > 컴퓨터 및 주변장치, 소프트웨어 및 통신기기 소매업"
523531__example0,523531,example,컴퓨터 소매
523531__example1,523531,example,범용성 소프트웨어 소매
523531__example2,523531,example,프린트기 소매
523531__example3,523531,example,바코드 리더기 소매
523531__xref0,523531,xref,범용성 소프트웨어 소매 도매 및 소매업
523531__xref1,523531,xref,"접객시설 없이 빵, 케이크 등을 구입하여 일반소비자에게 판매"
523532__name0,523532,name,사무용 기기 소매업
523532__hier0,523532,hier,"도매 및 소매업 > 소매업; 자동차 제외 > 기타 상품 전문 소매업 > 사무용 기기, 안경, 사진장비 및 정밀기기 소매업"
523532__example0,523532,example,계산기 소매
523532__example1,523532,example,복사기 소매
523532__example2,523532,example,금전 등록기 소매
523532__example3,523532,example,팩시밀리 소매
523532__example4,523532,example,타자기 소매
523532__xref0,523532,xref,"접객시설 없이 빵, 케이크 등을 구입하여 일반소비자에게 판매"
523541__name0,523541,name,안경 및 렌즈 소매업
523541__hier0,523541,hier,"도매 및 소매업 > 소매업; 자동차 제외 > 기타 상품 전문 소매업 > 사무용 기기, 안경, 사진장비 및 정밀기기 소매업"
523541__xref0,523541,xref,안경 및 렌즈 소매
523541__xref1,523541,xref,"접객시설 없이 빵, 케이크 등을 구입하여 일반소비자에게 판매"
523550__name0,523550,name,사진기 및 사진용품 소매업
523550__hier0,523550,hier,"도매 및 소매업 > 소매업; 자동차 제외 > 기타 상품 전문 소매업 > 사무용 기기, 안경, 사진장비 및 정밀기기 소매업"
523550__example0,523550,example,사진기 소매
523550__example1,523550,example,사진용 화학 물질 소매
523550__example2,523550,example,사진 필름 소매
523550__example3,523550,example,사진 장비 소매
523550__xref0,523550,xref,카메라(사진용) 소매
523550__xref1,523550,xref,"접객시설 없이 빵, 케이크 등을 구입하여 일반소비자에게 판매"
523552__name0,523552,name,기타 광학 및 정밀 기기 소매업
523552__hier0,523552,hier,"도매 및 소매업 > 소매업; 자동차 제외 > 기타 상품 전문 소매업 > 사무용 기기, 안경, 사진장비 및 정밀기기 소매업"
523552__example0,523552,example,정밀 기기 소매
523552__example1,523552,example,현미경 소매
523552__example2,523552,example,쌍안경 및 망원경 소매
523552__example3,523552,example,영사기 소매
523552__example4,523552,example,프리즘 소매
523552__example5,523552,example,측량기 소매
523552__xref0,523552,xref,"접객시설 없이 빵, 케이크 등을 구입하여 일반소비자에게 판매"
523611__name0,523611,name,가정용 고체 연료 소매업
523611__hier0,523611,hier,도매 및 소매업 > 소매업; 자동차 제외 > 연료 소매업 > 가정용 연료 소매업
523611__desc0,523611,desc,연탄
523611__example0,523611,example,착화탄(번개탄) 소매
523611__example1,523611,example,연탄 소매
523611__example2,523611,example,화목 및 목탄 소매
523611__example3,523611,example,구공탄 소매
523611__xref0,523611,xref,"접객시설 없이 빵, 케이크 등을 구입하여 일반소비자에게 판매"
523612__name0,523612,name,가정용 고체 연료 소매업
523612__hier0,523612,hier,도매 및 소매업 > 소매업; 자동차 제외 > 연료 소매업 > 가정용 연료 소매업
523612__desc0,523612,desc,"무연탄, 연탄을 제외한 석탄연료, 유연탄, 토탄"
523612__example0,523612,example,착화탄(번개탄) 소매
523612__example1,523612,example,연탄 소매
523612__example2,523612,example,화목 및 목탄 소매
523612__example3,523612,example,구공탄 소매
523612__xref0,523612,xref,"접객시설 없이 빵, 케이크 등을 구입하여 일반소비자에게 판매"
523619__name0,523619,name,가정용 고체 연료 소매업
523619__hier0,523619,hier,도매 및 소매업 > 소매업; 자동차 제외 > 연료 소매업 > 가정용 연료 소매업
523619__example0,523619,example,착화탄(번개탄) 소매
523619__example1,523619,example,연탄 소매
523619__example2,523619,example,화목 및 목탄 소매
523619__example3,523619,example,구공탄 소매
523619__xref0,523619,xref,"접객시설 없이 빵, 케이크 등을 구입하여 일반소비자에게 판매"
523621__name0,523621,name,가정용 액체 연료 소매업
523621__hier0,523621,hier,도매 및 소매업 > 소매업; 자동차 제외 > 연료 소매업 > 가정용 연료 소매업
523621__example0,523621,example,휘발유 소매
523621__example1,523621,example,석유 및 등유 소매
523621__example2,523621,example,경유 소매
523621__example3,523621,example,벙커유 소매
523621__xref0,523621,xref,가정용 액체 연료 소매
523621__xref1,523621,xref,"접객시설 없이 빵, 케이크 등을 구입하여 일반소비자에게 판매"
523630__name0,523630,name,가정용 가스 연료 소매업
523630__hier0,523630,hier,도매 및 소매업 > 소매업; 자동차 제외 > 연료 소매업 > 가정용 연료 소매업
523630__example0,523630,example,부탄 가스 소매
523630__example1,523630,example,프로판 가스 소매
523630__example2,523630,example,액화 석유 가스(LPG) 소매
523630__example3,523630,example,액화 천연 가스(LNG) 소매
523630__xref0,523630,xref,가정용 가스 연료 소매
523630__xref1,523630,xref,"접객시설 없이 빵, 케이크 등을 구입하여 일반소비자에게 판매"
523910__name0,523910,name,"벽지, 마루덮개 및 장판류 소매업"
523910__hier0,523910,hier,"도매 및 소매업 > 소매업; 자동차 제외 > 기타 생활용품 소매업 > 철물, 공구, 창호 및 건설자재 소매업"
523910__example0,523910,example,벽지 소매
523910__example1,523910,example,창호지 소매
523910__example2,523910,example,마루덮개 소매
523910__example3,523910,example,장판지 소매
523910__example4,523910,example,화문석 소매
523910__example5,523910,example,비닐 장판 및 모노륨 등 바닥재 소매
523910__xref0,523910,xref,"접객시설 없이 빵, 케이크 등을 구입하여 일반소비자에게 판매"
523921__name0,523921,name,시계 및 귀금속 소매업
523921__hier0,523921,hier,도매 및 소매업 > 소매업; 자동차 제외 > 기타 상품 전문 소매업 > 시계 및 귀금속 소매업
523921__desc0,523921,desc,제품화하거나 세공하지 않은 황금
523921__example0,523921,example,시계(손목
523921__example1,523921,example,탁상시계) 소매
523921__example2,523921,example,은 세공품 소매
523921__example3,523921,example,옥제품 소매
523921__example4,523921,example,귀금속제 반지
523921__example5,523921,example,귀걸이 소매
523921__xref0,523921,xref,"접객시설 없이 빵, 케이크 등을 구입하여 일반소비자에게 판매"
523922__name0,523922,name,시계 및 귀금속 소매업
523922__hier0,523922,hier,도매 및 소매업 > 소매업; 자동차 제외 > 기타 상품 전문 소매업 > 시계 및 귀금속 소매업
523922__desc0,523922,desc,귀금속
523922__example0,523922,example,시계(손목
523922__example1,523922,example,탁상시계) 소매
523922__example2,523922,example,은 세공품 소매
523922__example3,523922,example,옥제품 소매
523922__example4,523922,example,귀금속제 반지
523922__example5,523922,example,귀걸이 소매
523922__xref0,523922,xref,"접객시설 없이 빵, 케이크 등을 구입하여 일반소비자에게 판매"
523923__name0,523923,name,시계 및 귀금속 소매업
523923__hier0,523923,hier,도매 및 소매업 > 소매업; 자동차 제외 > 기타 상품 전문 소매업 > 시계 및 귀금속 소매업
523923__desc0,523923,desc,시계
523923__example0,523923,example,시계(손목
523923__example1,523923,example,탁상시계) 소매
523923__example2,523923,example,은 세공품 소매
523923__example3,523923,example,옥제품 소매
523923__example4,523923,example,귀금속제 반지
523923__example5,523923,example,귀걸이 소매
523923__xref0,523923,xref,"접객시설 없이 빵, 케이크 등을 구입하여 일반소비자에게 판매"
523931__name0,523931,name,운동 및 경기용품 소매업
523931__hier0,523931,hier,"도매 및 소매업 > 소매업; 자동차 제외 > 문화, 오락 및 여가 용품 소매업 > 운동용품 및 자전거 소매업"
523931__desc0,523931,desc,골프장비
523931__example0,523931,example,"등산 장비(텐트, 등산화 포함) 소매"
523931__example1,523931,example,"펜싱, 검도 장비 소매"
523931__example2,523931,example,헬스 기구 소매
523931__example3,523931,example,코트 및 필드경기 장비 소매
523931__xref0,523931,xref,등산화 소매
523931__xref1,523931,xref,"접객시설 없이 빵, 케이크 등을 구입하여 일반소비자에게 판매"
523932__name0,523932,name,운동 및 경기용품 소매업
523932__hier0,523932,hier,"도매 및 소매업 > 소매업; 자동차 제외 > 문화, 오락 및 여가 용품 소매업 > 운동용품 및 자전거 소매업"
523932__example0,523932,example,"등산 장비(텐트, 등산화 포함) 소매"
523932__example1,523932,example,"펜싱, 검도 장비 소매"
523932__example2,523932,example,헬스 기구 소매
523932__example3,523932,example,코트 및 필드경기 장비 소매
523932__xref0,523932,xref,등산화 소매
523932__xref1,523932,xref,"접객시설 없이 빵, 케이크 등을 구입하여 일반소비자에게 판매"
523935__name0,523935,name,기타 의복 소매업
523935__hier0,523935,hier,"도매 및 소매업 > 소매업; 자동차 제외 > 섬유, 의복, 신발 및 가죽제품 소매업 > 의복 소매업"
523935__desc0,523935,desc,등산용의류
523935__example0,523935,example,"체육복, 교복 소매"
523935__example1,523935,example,"단체복, 작업복 소매"
523935__example2,523935,example,수영복 소매
523935__xref0,523935,xref,"접객시설 없이 빵, 케이크 등을 구입하여 일반소비자에게 판매"
523936__name0,523936,name,기타 의복 소매업
523936__hier0,523936,hier,"도매 및 소매업 > 소매업; 자동차 제외 > 섬유, 의복, 신발 및 가죽제품 소매업 > 의복 소매업"
523936__desc0,523936,desc,스포츠의류
523936__example0,523936,example,"체육복, 교복 소매"
523936__example1,523936,example,"단체복, 작업복 소매"
523936__example2,523936,example,수영복 소매
523936__xref0,523936,xref,"접객시설 없이 빵, 케이크 등을 구입하여 일반소비자에게 판매"
523940__name0,523940,name,"게임용구, 인형 및 장난감 소매업"
523940__hier0,523940,hier,"도매 및 소매업 > 소매업; 자동차 제외 > 문화, 오락 및 여가 용품 소매업 > 게임용구, 인형 및 장난감 소매업"
523940__example0,523940,example,낚시장비 소매
523940__example1,523940,example,게임기 및 게임팩(game pack) 소매
523940__example2,523940,example,당구장비 소매
523940__example3,523940,example,바둑용구 소매
523940__example4,523940,example,"화투, 트럼프 소매"
523940__example5,523940,example,조립 완구 소매
523940__xref0,523940,xref,"접객시설 없이 빵, 케이크 등을 구입하여 일반소비자에게 판매"
523951__name0,523951,name,예술품 및 골동품 소매업
523951__hier0,523951,hier,"도매 및 소매업 > 소매업; 자동차 제외 > 기타 상품 전문 소매업 > 예술품, 기념품 및 장식용품 소매업"
523951__example0,523951,example,그림 소매
523951__example1,523951,example,조각품 소매
523951__example2,523951,example,장식용 도자기 소매
523951__example3,523951,example,미술품 소매(화랑)
523951__example4,523951,example,목조 공예품 소매
523951__example5,523951,example,"고려청자, 이조백자 등 소매"
523951__example6,523951,example,고서적 소매(일반 중고 서적 제외)
523951__xref0,523951,xref,장식용 도자기 제품 소매
523951__xref1,523951,xref,"접객시설 없이 빵, 케이크 등을 구입하여 일반소비자에게 판매"
523951__xref2,523951,xref,미술품을 소매하는 화랑
523952__name0,523952,name,예술품 및 골동품 소매업
523952__hier0,523952,hier,"도매 및 소매업 > 소매업; 자동차 제외 > 기타 상품 전문 소매업 > 예술품, 기념품 및 장식용품 소매업"
523952__desc0,523952,desc,화랑(미술품)
523952__example0,523952,example,그림 소매
523952__example1,523952,example,조각품 소매
523952__example2,523952,example,장식용 도자기 소매
523952__example3,523952,example,미술품 소매(화랑)
523952__example4,523952,example,목조 공예품 소매
523952__example5,523952,example,"고려청자, 이조백자 등 소매"
523952__example6,523952,example,고서적 소매(일반 중고 서적 제외)
523952__xref0,523952,xref,장식용 도자기 제품 소매
523952__xref1,523952,xref,"접객시설 없이 빵, 케이크 등을 구입하여 일반소비자에게 판매"
523952__xref2,523952,xref,미술품을 소매하는 화랑
523954__name0,523954,name,그 외 기타 분류 안된 상품 전문 소매업
523954__hier0,523954,hier,도매 및 소매업 > 소매업; 자동차 제외 > 기타 상품 전문 소매업 > 그 외 기타 상품 전문 소매업
523954__desc0,523954,desc,수석
523954__example0,523954,example,수석점
523954__example1,523954,example,총포 소매
523954__example2,523954,example,한약재료 소매
523954__example3,523954,example,비전기식 재봉기 소매
523954__xref0,523954,xref,"접객시설 없이 빵, 케이크 등을 구입하여 일반소비자에게 판매"
523961__name0,523961,name,"기념품, 관광 민예품 및 장식용품 소매업"
523961__hier0,523961,hier,"도매 및 소매업 > 소매업; 자동차 제외 > 기타 상품 전문 소매업 > 예술품, 기념품 및 장식용품 소매업"
523961__example0,523961,example,기념품 및 기념 메달 소매
523961__example1,523961,example,모조 장식품 소매
523961__example2,523961,example,크리스마스 트리 장식품(전구 제외) 소매
523961__example3,523961,example,선물가게
523961__example4,523961,example,조화 소매
523961__example5,523961,example,휘장(귀금속제 제외) 소매
523961__example6,523961,example,"액자(그림, 사진 등 내장품) 소매"
523961__example7,523961,example,박제(동물) 소매
523961__xref0,523961,xref,"그림, 사진 등을 포함한 액자 소매"
523961__xref1,523961,xref,"접객시설 없이 빵, 케이크 등을 구입하여 일반소비자에게 판매"
523970__name0,523970,name,자전거 및 기타 운송장비 소매업
523970__hier0,523970,hier,"도매 및 소매업 > 소매업; 자동차 제외 > 문화, 오락 및 여가 용품 소매업 > 운동용품 및 자전거 소매업"
523970__example0,523970,example,자전거 및 자전거 부품 소매
523970__example1,523970,example,개인용 비동력식 운송장비 소매
523970__example2,523970,example,유모차 소매
523970__xref0,523970,xref,"접객시설 없이 빵, 케이크 등을 구입하여 일반소비자에게 판매"
523980__name0,523980,name,음반 및 비디오물 소매업
523980__hier0,523980,hier,"도매 및 소매업 > 소매업; 자동차 제외 > 문화, 오락 및 여가 용품 소매업 > 음반 및 비디오물 소매업"
523980__example0,523980,example,음악 테이프 소매
523980__example1,523980,example,음악 콤팩트 디스크 소매
523980__example2,523980,example,비디오 테이프 소매
523980__example3,523980,example,비디오 콤팩트 디스크 소매
523980__xref0,523980,xref,음반 및 비디오 테이프 소매
523980__xref1,523980,xref,음반 및 비디오 기록물 소매
523980__xref2,523980,xref,"접객시설 없이 빵, 케이크 등을 구입하여 일반소비자에게 판매"
523981__name0,523981,name,그 외 기타 분류 안된 가정용품 소매업
523981__hier0,523981,hier,도매 및 소매업 > 소매업; 자동차 제외 > 기타 생활용품 소매업 > 그 외 기타 가정용품 소매업
523981__desc0,523981,desc,"우산, 양산"
523981__example0,523981,example,우산 및 양산 소매
523981__example1,523981,example,파라솔 소매
523981__example2,523981,example,대나무 소재 가정용품(화문석 등 마루덮개 제외) 소매
523981__example3,523981,example,야외용 돗자리 소매(직물제품 제외)
523981__example4,523981,example,비닐백 및 쇼핑백 소매
523981__xref0,523981,xref,"접객시설 없이 빵, 케이크 등을 구입하여 일반소비자에게 판매"
523982__name0,523982,name,그 외 기타 분류 안된 가정용품 소매업
523982__hier0,523982,hier,도매 및 소매업 > 소매업; 자동차 제외 > 기타 생활용품 소매업 > 그 외 기타 가정용품 소매업
523982__desc0,523982,desc,이ㆍ 미용기구
523982__example0,523982,example,우산 및 양산 소매
523982__example1,523982,example,파라솔 소매
523982__example2,523982,example,대나무 소재 가정용품(화문석 등 마루덮개 제외) 소매
523982__example3,523982,example,야외용 돗자리 소매(직물제품 제외)
523982__example4,523982,example,비닐백 및 쇼핑백 소매
523982__xref0,523982,xref,"접객시설 없이 빵, 케이크 등을 구입하여 일반소비자에게 판매"
523983__name0,523983,name,문구용품 및 회화용품 소매업
523983__hier0,523983,hier,"도매 및 소매업 > 소매업; 자동차 제외 > 문화, 오락 및 여가 용품 소매업 > 서적 및 문구용품 소매업"
523983__desc0,523983,desc,도장(인장류)
523983__example0,523983,example,"노트, 일기장, 앨범 소매"
523983__example1,523983,example,"물감, 크레용, 붓 소매 G"
523983__example2,523983,example,인쇄 용지 또는 필기 용지 소매
523983__example3,523983,example,"공테이프, 공CD, 공디스켓 소매"
523983__example4,523983,example,"풀, 접착 테이프 소매"
523983__xref0,523983,xref,"공테이프, 공CD, 공디스크, 공플로피 디스켓 소매"
523983__xref1,523983,xref,"접객시설 없이 빵, 케이크 등을 구입하여 일반소비자에게 판매"
523984__name0,523984,name,그 외 기타 분류 안된 상품 전문 소매업
523984__hier0,523984,hier,도매 및 소매업 > 소매업; 자동차 제외 > 기타 상품 전문 소매업 > 그 외 기타 상품 전문 소매업
523984__desc0,523984,desc,우표
523984__example0,523984,example,수석점
523984__example1,523984,example,총포 소매
523984__example2,523984,example,한약재료 소매
523984__example3,523984,example,비전기식 재봉기 소매
523984__xref0,523984,xref,"접객시설 없이 빵, 케이크 등을 구입하여 일반소비자에게 판매"
523985__name0,523985,name,그 외 기타 분류 안된 상품 전문 소매업
523985__hier0,523985,hier,도매 및 소매업 > 소매업; 자동차 제외 > 기타 상품 전문 소매업 > 그 외 기타 상품 전문 소매업
523985__desc0,523985,desc,인지
523985__example0,523985,example,수석점
523985__example1,523985,example,총포 소매
523985__example2,523985,example,한약재료 소매
523985__example3,523985,example,비전기식 재봉기 소매
523985__xref0,523985,xref,"접객시설 없이 빵, 케이크 등을 구입하여 일반소비자에게 판매"
523986__name0,523986,name,그 외 기타 분류 안된 상품 전문 소매업
523986__hier0,523986,hier,도매 및 소매업 > 소매업; 자동차 제외 > 기타 상품 전문 소매업 > 그 외 기타 상품 전문 소매업
523986__desc0,523986,desc,소방기구
523986__example0,523986,example,수석점
523986__example1,523986,example,총포 소매
523986__example2,523986,example,한약재료 소매
523986__example3,523986,example,비전기식 재봉기 소매
523986__xref0,523986,xref,"접객시설 없이 빵, 케이크 등을 구입하여 일반소비자에게 판매"
523987__name0,523987,name,화초 및 식물 소매업
523987__hier0,523987,hier,도매 및 소매업 > 소매업; 자동차 제외 > 기타 상품 전문 소매업 > 그 외 기타 상품 전문 소매업
523987__desc0,523987,desc,종자
523987__example0,523987,example,분재류 소매
523987__example1,523987,example,잔디 소매
523987__example2,523987,example,난 및 꽃 소매
523987__example3,523987,example,관상수 및 조경수 소매
523987__example4,523987,example,종묘 소매
523987__xref0,523987,xref,"접객시설 없이 빵, 케이크 등을 구입하여 일반소비자에게 판매"
523988__name0,523988,name,화초 및 식물 소매업
523988__hier0,523988,hier,도매 및 소매업 > 소매업; 자동차 제외 > 기타 상품 전문 소매업 > 그 외 기타 상품 전문 소매업
523988__example0,523988,example,분재류 소매
523988__example1,523988,example,잔디 소매
523988__example2,523988,example,난 및 꽃 소매
523988__example3,523988,example,관상수 및 조경수 소매
523988__example4,523988,example,종묘 소매
523988__xref0,523988,xref,"접객시설 없이 빵, 케이크 등을 구입하여 일반소비자에게 판매"
523990__name0,523990,name,기타 여행 보조 및 예약 서비스업
523990__hier0,523990,hier,"사업시설 관리, 사업 지원 및 임대 서비스업 > 사업 지원 서비스업 > 여행사 및 기타 여행 보조 서비스업 > 기타 여행 보조 및 예약 서비스업"
523990__desc0,523990,desc,버스표
523990__example0,523990,example,관광 안내소
523990__example1,523990,example,카풀체계 운영
523990__example2,523990,example,매표 대리(여객 자동차 매표 대리 포함)
523990__example3,523990,example,숙식 알선
523990__example4,523990,example,여행자 가이드(안내) 서비스
523990__example5,523990,example,숙박 예약 대리
523990__xref0,523990,xref,매표소 운영
523990__xref1,523990,xref,개인 여행 안내
523993__name0,523993,name,가방 및 기타 가죽제품 소매업
523993__hier0,523993,hier,"도매 및 소매업 > 소매업; 자동차 제외 > 섬유, 의복, 신발 및 가죽제품 소매업 > 가방 및 기타 가죽제품 소매업"
523993__desc0,523993,desc,피혁류
523993__example0,523993,example,핸드백 및 지갑 소매
523993__example1,523993,example,트렁크 소매
523993__example2,523993,example,보호용 케이스 소매
523993__xref0,523993,xref,가죽제 가방 및 기타 가죽제품 소매
523993__xref1,523993,xref,"접객시설 없이 빵, 케이크 등을 구입하여 일반소비자에게 판매"
523994__name0,523994,name,그 외 기타 분류 안된 상품 전문 소매업
523994__hier0,523994,hier,도매 및 소매업 > 소매업; 자동차 제외 > 기타 상품 전문 소매업 > 그 외 기타 상품 전문 소매업
523994__desc0,523994,desc,살충제 등 농업용약품
523994__example0,523994,example,수석점
523994__example1,523994,example,총포 소매
523994__example2,523994,example,한약재료 소매
523994__example3,523994,example,비전기식 재봉기 소매
523994__xref0,523994,xref,"접객시설 없이 빵, 케이크 등을 구입하여 일반소비자에게 판매"
523995__name0,523995,name,그 외 기타 분류 안된 상품 전문 소매업
523995__hier0,523995,hier,도매 및 소매업 > 소매업; 자동차 제외 > 기타 상품 전문 소매업 > 그 외 기타 상품 전문 소매업
523995__desc0,523995,desc,비료
523995__example0,523995,example,수석점
523995__example1,523995,example,총포 소매
523995__example2,523995,example,한약재료 소매
523995__example3,523995,example,비전기식 재봉기 소매
523995__xref0,523995,xref,"접객시설 없이 빵, 케이크 등을 구입하여 일반소비자에게 판매"
523996__name0,523996,name,반려용동물 및 관련용품 소매업
523996__hier0,523996,hier,도매 및 소매업 > 소매업; 자동차 제외 > 기타 상품 전문 소매업 > 그 외 기타 상품 전문 소매업
523996__example0,523996,example,반려
523996__example1,523996,example,애완 동물 소매
523996__example2,523996,example,반려용
523996__example3,523996,example,애완용 동물 사료 소매
523996__example4,523996,example,관상어(열대어 등) 소매
523996__xref0,523996,xref,"접객시설 없이 빵, 케이크 등을 구입하여 일반소비자에게 판매"
523996__xref1,523996,xref,구입한 관상어를 소매하는 수족관 운영
523999__name0,523999,name,그 외 기타 분류 안된 상품 전문 소매업
523999__hier0,523999,hier,도매 및 소매업 > 소매업; 자동차 제외 > 기타 상품 전문 소매업 > 그 외 기타 상품 전문 소매업
523999__example0,523999,example,수석점
523999__example1,523999,example,총포 소매
523999__example2,523999,example,한약재료 소매
523999__example3,523999,example,비전기식 재봉기 소매
523999__xref0,523999,xref,"접객시설 없이 빵, 케이크 등을 구입하여 일반소비자에게 판매"
524000__name0,524000,name,의복 액세서리 및 모조 장신구 소매업
524000__hier0,524000,hier,"도매 및 소매업 > 소매업; 자동차 제외 > 섬유, 의복, 신발 및 가죽제품 소매업 > 섬유, 직물 및 의복 액세서리 소매업"
524000__desc0,524000,desc,가발
524000__example0,524000,example,버클(요대) 소매
524000__example1,524000,example,머리핀 소매
524000__example2,524000,example,"넥타이, 넥타이핀 소매"
524000__example3,524000,example,가발 소매
524000__example4,524000,example,모자 및 장갑 소매
524000__example5,524000,example,"스카프, 머플러, 숄 소매"
524000__example6,524000,example,양말 및 스타킹 소매
524000__example7,524000,example,귀걸이(귀금속 제외) 소매
524000__example8,524000,example,모피제 의복 액세서리 소매
524000__example9,524000,example,장갑 소매
524000__example10,524000,example,단추 및 파스너(지퍼 등) 소매
524000__xref0,524000,xref,장갑 및 의복 벨트 소매
524000__xref1,524000,xref,"접객시설 없이 빵, 케이크 등을 구입하여 일반소비자에게 판매"
524001__name0,524001,name,공구 소매업
524001__hier0,524001,hier,"도매 및 소매업 > 소매업; 자동차 제외 > 기타 생활용품 소매업 > 철물, 공구, 창호 및 건설자재 소매업"
524001__example0,524001,example,비동력식 수공구 소매업
524001__example1,524001,example,전동공구 소매업
524001__example2,524001,example,절삭공구 소매업
524001__example3,524001,example,전동식 잔디 깎기 소매업
524001__xref0,524001,xref,"수공구, 전동공구 소매"
524001__xref1,524001,xref,"접객시설 없이 빵, 케이크 등을 구입하여 일반소비자에게 판매"
524010__name0,524010,name,중고 가구 소매업
524010__hier0,524010,hier,도매 및 소매업 > 소매업; 자동차 제외 > 기타 상품 전문 소매업 > 중고 상품 소매업
524010__example0,524010,example,중고 장롱 소매
524010__example1,524010,example,중고 주방 가구 소매
524010__example2,524010,example,중고 침대 소매
524010__example3,524010,example,중고 등 가구 소매
524010__xref0,524010,xref,"접객시설 없이 빵, 케이크 등을 구입하여 일반소비자에게 판매"
524020__name0,524020,name,기타 중고 상품 소매업
524020__hier0,524020,hier,도매 및 소매업 > 소매업; 자동차 제외 > 기타 상품 전문 소매업 > 중고 상품 소매업
524020__desc0,524020,desc,중고서적
524020__example0,524020,example,중고 악기 소매
524020__example1,524020,example,저당물 소매
524020__xref0,524020,xref,"접객시설 없이 빵, 케이크 등을 구입하여 일반소비자에게 판매"
524091__name0,524091,name,기타 중고 상품 소매업
524091__hier0,524091,hier,도매 및 소매업 > 소매업; 자동차 제외 > 기타 상품 전문 소매업 > 중고 상품 소매업
524091__desc0,524091,desc,고철 등 각종고물
524091__example0,524091,example,중고 악기 소매
524091__example1,524091,example,저당물 소매
524091__xref0,524091,xref,"접객시설 없이 빵, 케이크 등을 구입하여 일반소비자에게 판매"
524092__name0,524092,name,중고 가전제품 및 통신장비 소매업
524092__hier0,524092,hier,도매 및 소매업 > 소매업; 자동차 제외 > 기타 상품 전문 소매업 > 중고 상품 소매업
524092__example0,524092,example,"중고 세탁기, 에어컨 소매"
524092__example1,524092,example,중고 전기 다리미 소매
524092__example2,524092,example,"중고 비디오, 오디오 소매"
524092__example3,524092,example,중고 전기 청소기 소매
524092__example4,524092,example,중고 노래방 기기 소매
524092__example5,524092,example,중고 휴대폰 소매
524092__xref0,524092,xref,"접객시설 없이 빵, 케이크 등을 구입하여 일반소비자에게 판매"
524093__name0,524093,name,기타 중고 상품 소매업
524093__hier0,524093,hier,도매 및 소매업 > 소매업; 자동차 제외 > 기타 상품 전문 소매업 > 중고 상품 소매업
524093__example0,524093,example,중고 악기 소매
524093__example1,524093,example,저당물 소매
524093__xref0,524093,xref,"접객시설 없이 빵, 케이크 등을 구입하여 일반소비자에게 판매"
525101__name0,525101,name,전자상거래 소매업
525101__hier0,525101,hier,도매 및 소매업 > 소매업; 자동차 제외 > 무점포 소매업 > 통신 판매업
525101__example0,525101,example,구입 상품 전자상거래 판매
525101__xref0,525101,xref,"접객시설 없이 빵, 케이크 등을 구입하여 일반소비자에게 판매"
525101__xref1,525101,xref,전자상거래 방법에 의한 상품 소매
525101__xref2,525101,xref,통신 수단에 의한 상품 소매활동
525101__xref3,525101,xref,온라인 통신망을 통하여 각종 상품을 소매하는 활동
525102__name0,525102,name,기타 통신 판매업
525102__hier0,525102,hier,도매 및 소매업 > 소매업; 자동차 제외 > 무점포 소매업 > 통신 판매업
525102__example0,525102,example,인쇄물 광고형 소매
525102__example1,525102,example,"카탈로그(상품안내서, catalog)형 소매"
525102__example2,525102,example,전화 소매
525102__example3,525102,example,우편 소매
525102__example4,525102,example,TV 홈쇼핑
525102__example5,525102,example,통신 판매 중개
525102__xref0,525102,xref,"접객시설 없이 빵, 케이크 등을 구입하여 일반소비자에게 판매"
525102__xref1,525102,xref,텔레비전에 의한 상품 소매(홈쇼핑
525102__xref2,525102,xref,통신 수단에 의한 상품 소매활동
525102__xref3,525102,xref,온라인 통신망을 통하여 각종 상품을 소매하는 활동
525103__name0,525103,name,전자상거래 소매 중개업
525103__hier0,525103,hier,도매 및 소매업 > 소매업; 자동차 제외 > 무점포 소매업 > 통신 판매업
525103__example0,525103,example,소셜 커머스(할인 쿠폰 공동 구매형 전자상거래 중개)
525103__example1,525103,example,전자상거래 소매 중개(오픈마켓 사업자)
525103__xref0,525103,xref,전자상거래 중개
525103__xref1,525103,xref,"접객시설 없이 빵, 케이크 등을 구입하여 일반소비자에게 판매"
525103__xref2,525103,xref,통신 수단에 의한 상품 소매활동
525103__xref3,525103,xref,온라인 통신망을 통하여 각종 상품을 소매하는 활동
525104__name0,525104,name,SNS마켓
525104__hier0,525104,hier,도매 및 소매업 > 소매업; 자동차 제외 > 무점포 소매업 > 통신 판매업
525104__ksic0,525104,ksic,"전자상거래 소매 중개업, 전자상거래 소매업"
525104__desc0,525104,desc,"SNS마켓(전자상거래 소매중개업), SNS마켓(전자상거래 소매업)"
525104__example0,525104,example,소셜 커머스(할인 쿠폰 공동 구매형 전자상거래 중개)
525104__example1,525104,example,전자상거래 소매 중개(오픈마켓 사업자)
525104__example2,525104,example,구입 상품 전자상거래 판매
525104__xref0,525104,xref,전자상거래 중개
525104__xref1,525104,xref,"접객시설 없이 빵, 케이크 등을 구입하여 일반소비자에게 판매"
525104__xref2,525104,xref,전자상거래 방법에 의한 상품 소매
525104__xref3,525104,xref,통신 수단에 의한 상품 소매활동
525104__xref4,525104,xref,온라인 통신망을 통하여 각종 상품을 소매하는 활동
525105__name0,525105,name,해외직구대행업
525105__hier0,525105,hier,도매 및 소매업 > 소매업; 자동차 제외 > 무점포 소매업 > 통신 판매업
525105__ksic0,525105,ksic,"전자상거래 소매 중개업, 산업용 농ㆍ축산물, 섬유 원료 및 동물 중개업, 음ㆍ식료품 및 담배 중개업, 섬유, 의복, 신발 및 가죽제품 중개업, 목재 및 건축자재 중개업, 연료, 광물, 1차 금속, 비료 및 화학제품 중개업, 기계 및 장비 중개업, 그 외 기타 특정 상품 중개업, 상품 종합 중개업"
525105__desc0,525105,desc,"해외직구대행(전자상거래 소매중개업), 해외직구대행(상품중개업)"
525105__example0,525105,example,사료 중개
525105__example1,525105,example,종묘 중개
525105__example2,525105,example,가축 중개
525105__example3,525105,example,화초 및 산식물 중개
525105__example4,525105,example,공업용
525105__example5,525105,example,축산물 중개
525105__example6,525105,example,"원피, 원모 및 조면 중개"
525105__example7,525105,example,주류 및 비알코올 음료 중개
525105__example8,525105,example,빵 및 과자 중개
525105__example9,525105,example,도축고기 중개
525105__example10,525105,example,생선 및 물고기 중개
525105__example11,525105,example,조리 가공식품 중개
525105__example12,525105,example,"수산물(신선, 냉동, 건조, 염장 등 가공품) 중개"
525105__example13,525105,example,섬유 및 실 중개
525105__example14,525105,example,섬유제품 및 의복 중개
525105__example15,525105,example,가죽제품 중개
525105__example16,525105,example,"합판, 박판, 제재목 중개"
525105__example17,525105,example,"골재, 벽돌, 시멘트 중개"
525105__example18,525105,example,유리 및 창호 중개
525105__example19,525105,example,농업용 기계
525105__example20,525105,example,장비 중개
525105__example21,525105,example,반도체 기계
525105__example22,525105,example,과학용 기구 및 장비 중개
525105__example23,525105,example,선박 및 항공기 중개
525105__example24,525105,example,사무용 기계 및 컴퓨터 중개
525105__example25,525105,example,목제품(건축용 제외) 중개
525105__example26,525105,example,종이제품 중개
525105__example27,525105,example,귀금속 중개
525105__example28,525105,example,가정용 가구 중개
525105__example29,525105,example,철물 및 수공구 중개
525105__example30,525105,example,종합 무역 중개
525105__example31,525105,example,연쇄화사업 종합 상품 중개 G
525105__example32,525105,example,소셜 커머스(할인 쿠폰 공동 구매형 전자상거래 중개)
525105__example33,525105,example,전자상거래 소매 중개(오픈마켓 사업자)
525105__xref0,525105,xref,"정면(精綿), 실, 가죽 등의 중개"
525105__xref1,525105,xref,미가공 수산물 중개
525105__xref2,525105,xref,수수료에 의한 종합 상품 무역 중개
525105__xref3,525105,xref,회원사 및 가맹점을 대신하여 각종상품을 구매 대리
525105__xref4,525105,xref,전자상거래 중개
525105__xref5,525105,xref,"접객시설 없이 빵, 케이크 등을 구입하여 일반소비자에게 판매"
525105__xref6,525105,xref,통신 수단에 의한 상품 소매활동
525105__xref7,525105,xref,온라인 통신망을 통하여 각종 상품을 소매하는 활동
525200__name0,525200,name,방문 판매업
525200__hier0,525200,hier,도매 및 소매업 > 소매업; 자동차 제외 > 무점포 소매업 > 기타 무점포 소매업
525200__desc0,525200,desc,다단계 판매원
525200__example0,525200,example,화장품 방문 판매
525200__example1,525200,example,정수기 방문 판매
525200__example2,525200,example,서적 및 교육자재 방문 판매
525200__xref0,525200,xref,"접객시설 없이 빵, 케이크 등을 구입하여 일반소비자에게 판매"
525300__name0,525300,name,계약배달 판매업
525300__hier0,525300,hier,도매 및 소매업 > 소매업; 자동차 제외 > 무점포 소매업 > 기타 무점포 소매업
525300__example0,525300,example,신문 배달 판매
525300__example1,525300,example,우유 및 요구르트 배달 판매
525300__example2,525300,example,식품 배달 판매
525300__xref0,525300,xref,"접객시설 없이 빵, 케이크 등을 구입하여 일반소비자에게 판매"
525910__name0,525910,name,자동 판매기 운영업
525910__hier0,525910,hier,도매 및 소매업 > 소매업; 자동차 제외 > 무점포 소매업 > 기타 무점포 소매업
525910__example0,525910,example,담배 자판기 운영
525910__example1,525910,example,커피 자판기 운영
525910__example2,525910,example,음료 자판기 운영
525910__example3,525910,example,라면 자판기 운영
525910__xref0,525910,xref,"접객시설 없이 빵, 케이크 등을 구입하여 일반소비자에게 판매"
525911__name0,525911,name,노점 및 유사 이동 소매업
525911__hier0,525911,hier,도매 및 소매업 > 소매업; 자동차 제외 > 무점포 소매업 > 노점 및 유사 이동 소매업
525911__xref0,525911,xref,"접객시설 없이 빵, 케이크 등을 구입하여 일반소비자에게 판매"
525912__name0,525912,name,그 외 기타 무점포 소매업
525912__hier0,525912,hier,도매 및 소매업 > 소매업; 자동차 제외 > 무점포 소매업 > 기타 무점포 소매업
525912__xref0,525912,xref,"접객시설 없이 빵, 케이크 등을 구입하여 일반소비자에게 판매"
551001__name0,551001,name,호텔업
551001__hier0,551001,hier,숙박 및 음식점업 > 숙박업 > 일반 및 생활 숙박시설 운영업 > 일반 및 생활 숙박시설 운영업
551001__example0,551001,example,관광 호텔
551001__example1,551001,example,의료 관광 일반 호텔
551001__example2,551001,example,소형 호텔
551001__example3,551001,example,수상 관광 호텔
551001__example4,551001,example,한국 전통 호텔
551001__xref0,551001,xref,숙박시설과 결합된 스키장 여 예 가술 ， 련스
551002__name0,551002,name,여관업
551002__hier0,551002,hier,숙박 및 음식점업 > 숙박업 > 일반 및 생활 숙박시설 운영업 > 일반 및 생활 숙박시설 운영업
551002__example0,551002,example,"여관, 모텔"
551002__example1,551002,example,여인숙
551002__xref0,551002,xref,숙박시설과 결합된 스키장 여 예 가술 ， 련스
551003__name0,551003,name,청소년 수련시설 운영업
551003__hier0,551003,hier,교육서비스업 > 교육 서비스업 > 기타 교육기관 > 스포츠 및 레크리에이션 교육기관
551003__example0,551003,example,청소년 수련원
551003__example1,551003,example,자연 학습원
551003__xref0,551003,xref,학습지 계약 배달 판매(교육 위주
551003__xref1,551003,xref,교육 목적용 청소년 수련 숙박시설 운영
551003__xref2,551003,xref,교육기관
551003__xref3,551003,xref,군사대학
551003__xref4,551003,xref,기술관련 자격증 시험교육
551003__xref5,551003,xref,교육 위주의 비숙박형 청소년 수련시설
551003__xref6,551003,xref,교육 서비스
551004__name0,551004,name,휴양 콘도 운영업
551004__hier0,551004,hier,숙박 및 음식점업 > 숙박업 > 일반 및 생활 숙박시설 운영업 > 일반 및 생활 숙박시설 운영업
551004__example0,551004,example,회원제 숙박시설(취사시설을 갖춘) 운영
551004__example1,551004,example,회원용 콘도미니엄 운영
551004__example2,551004,example,특정 단체 전용 휴양
551004__example3,551004,example,숙박시설 운영
551004__example4,551004,example,가족호텔
551004__xref0,551004,xref,가족 호텔업
551004__xref1,551004,xref,숙박시설과 결합된 스키장 여 예 가술 ， 련스
551005__name0,551005,name,민박업
551005__hier0,551005,hier,숙박 및 음식점업 > 숙박업 > 일반 및 생활 숙박시설 운영업 > 일반 및 생활 숙박시설 운영업
551005__example0,551005,example,어촌 민박시설 운영
551005__example1,551005,example,관광 도시 민박시설 운영
551005__xref0,551005,xref,숙박시설과 결합된 스키장 여 예 가술 ， 련스
551006__name0,551006,name,기타 일반 및 생활 숙박시설 운영업
551006__hier0,551006,hier,숙박 및 음식점업 > 숙박업 > 일반 및 생활 숙박시설 운영업 > 일반 및 생활 숙박시설 운영업
551006__example0,551006,example,산장 및 방갈로 운영
551006__example1,551006,example,호스텔 운영
551006__example2,551006,example,숙박용 펜션 운영
551006__example3,551006,example,서비스드 레지던스(serviced residence) 단기 생활 숙박형 운영
551006__example4,551006,example,교육 목적이 아닌 청소년 수련 숙박시설 운영
551006__xref0,551006,xref,독립적인 침대차 운영
551006__xref1,551006,xref,호스텔업
551006__xref2,551006,xref,호스텔업 운영
551006__xref3,551006,xref,숙박시설과 결합된 스키장 여 예 가술 ， 련스
551007__name0,551007,name,숙박공유업
551007__hier0,551007,hier,숙박 및 음식점업 > 숙박업 > 일반 및 생활 숙박시설 운영업 > 일반 및 생활 숙박시설 운영업
551007__ksic0,551007,ksic,민박업
551007__example0,551007,example,어촌 민박시설 운영
551007__example1,551007,example,관광 도시 민박시설 운영
551007__xref0,551007,xref,숙박시설과 결합된 스키장 여 예 가술 ， 련스
551009__name0,551009,name,여관업
551009__hier0,551009,hier,숙박 및 음식점업 > 숙박업 > 일반 및 생활 숙박시설 운영업 > 일반 및 생활 숙박시설 운영업
551009__desc0,551009,desc,여인숙
551009__example0,551009,example,"여관, 모텔"
551009__xref0,551009,xref,숙박시설과 결합된 스키장 여 예 가술 ， 련스
551010__name0,551010,name,휴양 콘도 운영업
551010__hier0,551010,hier,숙박 및 음식점업 > 숙박업 > 일반 및 생활 숙박시설 운영업 > 일반 및 생활 숙박시설 운영업
551010__desc0,551010,desc,휴가센터 및 휴식소 운영
551010__example0,551010,example,회원제 숙박시설(취사시설을 갖춘) 운영
551010__example1,551010,example,회원용 콘도미니엄 운영
551010__example2,551010,example,특정 단체 전용 휴양
551010__example3,551010,example,숙박시설 운영
551010__example4,551010,example,가족호텔
551010__xref0,551010,xref,가족 호텔업
551010__xref1,551010,xref,숙박시설과 결합된 스키장 여 예 가술 ， 련스
551015__name0,551015,name,야영장업
551015__hier0,551015,hier,숙박 및 음식점업 > 숙박업 > 일반 및 생활 숙박시설 운영업 > 일반 및 생활 숙박시설 운영업
551015__desc0,551015,desc,야영장 및 캠프장 운영
551015__example0,551015,example,일반 야영장 운영
551015__example1,551015,example,자동차 야영장 운영
551015__xref0,551015,xref,숙박시설과 결합된 스키장 여 예 가술 ， 련스
551016__name0,551016,name,기숙사 및 고시원 운영업
551016__hier0,551016,hier,숙박 및 음식점업 > 숙박업 > 기타 숙박업 > 기타 숙박업
551016__example0,551016,example,학교 기숙사 운영
551016__example1,551016,example,회사 기숙사 운영
551016__example2,551016,example,고시원 운영
551016__xref0,551016,xref,숙식을 함께 제공하는 고시원
551016__xref1,551016,xref,숙박형 독서실
551016__xref2,551016,xref,숙박시설과 결합된 스키장 여 예 가술 ， 련스
551017__name0,551017,name,그 외 기타 숙박업
551017__hier0,551017,hier,숙박 및 음식점업 > 숙박업 > 기타 숙박업 > 기타 숙박업
551017__example0,551017,example,하숙업 운영
551017__xref0,551017,xref,숙박형 독서실
551017__xref1,551017,xref,숙박시설과 결합된 스키장 여 예 가술 ， 련스
552101__name0,552101,name,한식 일반 음식점업
552101__hier0,552101,hier,숙박 및 음식점업 > 음식점 및 주점업 > 음식점업 > 한식 음식점업
552101__example0,552101,example,설렁탕집
552101__example1,552101,example,해물탕집 I
552101__example2,552101,example,해장국집
552101__example3,552101,example,보쌈집
552101__example4,552101,example,일반 한식 전문 뷔페
552101__xref0,552101,xref,직접 조리한 도시락 및 김밥을 최종소비자에게 소매하는 경우
552101__xref1,552101,xref,"해산물 찜류, 탕류, 죽류 전문점"
552101__xref2,552101,xref,"면류, 만두류를 전문적으로 요리하여 판매하는 경우"
552102__name0,552102,name,중식 음식점업
552102__hier0,552102,hier,숙박 및 음식점업 > 음식점 및 주점업 > 음식점업 > 외국식 음식점업
552102__xref0,552102,xref,직접 조리한 도시락 및 김밥을 최종소비자에게 소매하는 경우
552102__xref1,552102,xref,"면류, 만두류를 전문적으로 요리하여 판매하는 경우"
552103__name0,552103,name,일식 음식점업
552103__hier0,552103,hier,숙박 및 음식점업 > 음식점 및 주점업 > 음식점업 > 외국식 음식점업
552103__example0,552103,example,초밥집(일식 전문점)
552103__example1,552103,example,일식 횟집
552103__example2,552103,example,일식 구이 전문점(로바다야끼)
552103__example3,552103,example,일식 우동 전문점
552103__xref0,552103,xref,직접 조리한 도시락 및 김밥을 최종소비자에게 소매하는 경우
552103__xref1,552103,xref,"면류, 만두류를 전문적으로 요리하여 판매하는 경우"
552104__name0,552104,name,서양식 음식점업
552104__hier0,552104,hier,숙박 및 음식점업 > 음식점 및 주점업 > 음식점업 > 외국식 음식점업
552104__example0,552104,example,서양식 레스토랑
552104__example1,552104,example,서양식 패밀리 레스토랑
552104__example2,552104,example,이탈리아 음식점
552104__xref0,552104,xref,직접 조리한 도시락 및 김밥을 최종소비자에게 소매하는 경우
552104__xref1,552104,xref,"면류, 만두류를 전문적으로 요리하여 판매하는 경우"
552105__name0,552105,name,출장 음식 서비스업
552105__hier0,552105,hier,숙박 및 음식점업 > 음식점 및 주점업 > 음식점업 > 출장 및 이동 음식점업
552105__example0,552105,example,출장 음식 서비스
552105__example1,552105,example,출장 뷔페음식 서비스
552105__example2,552105,example,독립적인 식당차 운영
552105__xref0,552105,xref,직접 조리한 도시락 및 김밥을 최종소비자에게 소매하는 경우
552105__xref1,552105,xref,"면류, 만두류를 전문적으로 요리하여 판매하는 경우"
552107__name0,552107,name,치킨 전문점
552107__hier0,552107,hier,"숙박 및 음식점업 > 음식점 및 주점업 > 음식점업 > 피자, 햄버거 및 치킨 전문점"
552107__example0,552107,example,양념 치킨 전문점
552107__example1,552107,example,프라이드 치킨 전문점
552107__xref0,552107,xref,직접 조리한 도시락 및 김밥을 최종소비자에게 소매하는 경우
552107__xref1,552107,xref,"면류, 만두류를 전문적으로 요리하여 판매하는 경우"
552108__name0,552108,name,김밥 및 기타 간이 음식점업
552108__hier0,552108,hier,숙박 및 음식점업 > 음식점 및 주점업 > 음식점업 > 김밥 및 기타 간이 음식점업
552108__example0,552108,example,김밥 판매점
552108__example1,552108,example,일반 분식점
552108__example2,552108,example,아이스크림 전문점
552108__xref0,552108,xref,직접 조리한 도시락 및 김밥을 최종소비자에게 소매하는 경우
552108__xref1,552108,xref,간이 음식 형태로 제공하는 면 요리 음식점
552108__xref2,552108,xref,"면류, 만두류를 전문적으로 요리하여 판매하는 경우"
552109__name0,552109,name,기관 구내식당업
552109__hier0,552109,hier,숙박 및 음식점업 > 음식점 및 주점업 > 음식점업 > 기관 구내식당업
552109__xref0,552109,xref,직접 조리한 도시락 및 김밥을 최종소비자에게 소매하는 경우
552109__xref1,552109,xref,"면류, 만두류를 전문적으로 요리하여 판매하는 경우"
552114__name0,552114,name,한식 면 요리 전문점
552114__hier0,552114,hier,숙박 및 음식점업 > 음식점 및 주점업 > 음식점업 > 한식 음식점업
552114__example0,552114,example,냉면 전문점
552114__example1,552114,example,칼국수 전문점
552114__xref0,552114,xref,직접 조리한 도시락 및 김밥을 최종소비자에게 소매하는 경우
552114__xref1,552114,xref,"면류, 만두류를 전문적으로 요리하여 판매하는 경우"
552115__name0,552115,name,한식 육류 요리 전문점
552115__hier0,552115,hier,숙박 및 음식점업 > 음식점 및 주점업 > 음식점업 > 한식 음식점업
552115__xref0,552115,xref,직접 조리한 도시락 및 김밥을 최종소비자에게 소매하는 경우
552115__xref1,552115,xref,"면류, 만두류를 전문적으로 요리하여 판매하는 경우"
552116__name0,552116,name,한식 해산물 요리 전문점
552116__hier0,552116,hier,숙박 및 음식점업 > 음식점 및 주점업 > 음식점업 > 한식 음식점업
552116__example0,552116,example,한국식 횟집
552116__example1,552116,example,일식 이외의 해산물 요리 전문점
552116__xref0,552116,xref,직접 조리한 도시락 및 김밥을 최종소비자에게 소매하는 경우
552116__xref1,552116,xref,한국식으로 운영되는 횟집
552116__xref2,552116,xref,"면류, 만두류를 전문적으로 요리하여 판매하는 경우"
552117__name0,552117,name,기타 외국식 음식점업
552117__hier0,552117,hier,숙박 및 음식점업 > 음식점 및 주점업 > 음식점업 > 외국식 음식점업
552117__example0,552117,example,베트남 음식점
552117__example1,552117,example,인도 음식점
552117__xref0,552117,xref,직접 조리한 도시락 및 김밥을 최종소비자에게 소매하는 경우
552117__xref1,552117,xref,"면류, 만두류를 전문적으로 요리하여 판매하는 경우"
552118__name0,552118,name,"피자, 햄버거, 샌드위치 및 유사 음식점업"
552118__hier0,552118,hier,"숙박 및 음식점업 > 음식점 및 주점업 > 음식점업 > 피자, 햄버거 및 치킨 전문점"
552118__example0,552118,example,피자 전문점
552118__example1,552118,example,샌드위치 전문점
552118__example2,552118,example,햄버거 전문점
552118__example3,552118,example,토스트 전문점
552118__xref0,552118,xref,직접 조리한 도시락 및 김밥을 최종소비자에게 소매하는 경우
552118__xref1,552118,xref,"면류, 만두류를 전문적으로 요리하여 판매하는 경우"
552119__name0,552119,name,김밥 및 기타 간이 음식점업
552119__hier0,552119,hier,숙박 및 음식점업 > 음식점 및 주점업 > 음식점업 > 김밥 및 기타 간이 음식점업
552119__desc0,552119,desc,아이스크림 체인점
552119__example0,552119,example,김밥 판매점
552119__example1,552119,example,일반 분식점
552119__example2,552119,example,아이스크림 전문점
552119__xref0,552119,xref,직접 조리한 도시락 및 김밥을 최종소비자에게 소매하는 경우
552119__xref1,552119,xref,간이 음식 형태로 제공하는 면 요리 음식점
552119__xref2,552119,xref,"면류, 만두류를 전문적으로 요리하여 판매하는 경우"
552123__name0,552123,name,간이 음식 포장 판매 전문점
552123__hier0,552123,hier,숙박 및 음식점업 > 음식점 및 주점업 > 음식점업 > 김밥 및 기타 간이 음식점업
552123__xref0,552123,xref,직접 조리한 도시락 및 김밥을 최종소비자에게 소매하는 경우
552123__xref1,552123,xref,객석 없이 간이 음식류를 조리하여 판매하는 경우
552123__xref2,552123,xref,"면류, 만두류를 전문적으로 요리하여 판매하는 경우"
552201__name0,552201,name,일반 유흥 주점업
552201__hier0,552201,hier,숙박 및 음식점업 > 음식점 및 주점업 > 주점 및 비알코올 음료점업 > 주점업
552201__desc0,552201,desc,고급주점(독립된 객실)
552201__example0,552201,example,요정
552201__example1,552201,example,한국식 접객 주점
552201__example2,552201,example,룸살롱
552201__example3,552201,example,바(접객 서비스 딸린)
552201__example4,552201,example,서양식 접객 주점
552201__example5,552201,example,비어홀(접객 서비스 딸린)
552201__xref0,552201,xref,연예활동이 보조적으로 결합 수행되는 나이트클럽 및 카바레
552201__xref1,552201,xref,가요 주점
552201__xref2,552201,xref,무도 유흥주점 및 디스코 클럽 운영
552202__name0,552202,name,일반 유흥 주점업
552202__hier0,552202,hier,숙박 및 음식점업 > 음식점 및 주점업 > 주점 및 비알코올 음료점업 > 주점업
552202__desc0,552202,desc,"빠, 비어홀, 극장식식당"
552202__example0,552202,example,요정
552202__example1,552202,example,한국식 접객 주점
552202__example2,552202,example,룸살롱
552202__example3,552202,example,바(접객 서비스 딸린)
552202__example4,552202,example,서양식 접객 주점
552202__example5,552202,example,비어홀(접객 서비스 딸린)
552202__xref0,552202,xref,연예활동이 보조적으로 결합 수행되는 나이트클럽 및 카바레
552202__xref1,552202,xref,가요 주점
552202__xref2,552202,xref,무도 유흥주점 및 디스코 클럽 운영
552203__name0,552203,name,무도 유흥 주점업
552203__hier0,552203,hier,숙박 및 음식점업 > 음식점 및 주점업 > 주점 및 비알코올 음료점업 > 주점업
552203__example0,552203,example,무도 유흥 주점
552203__example1,552203,example,카바레
552203__example2,552203,example,극장식 주점(식당) 클럽
552203__example3,552203,example,나이트클럽
552203__xref0,552203,xref,연예활동이 보조적으로 결합 수행되는 나이트클럽 및 카바레
552203__xref1,552203,xref,가요 주점
552203__xref2,552203,xref,무도 유흥주점 및 디스코 클럽 운영
552204__name0,552204,name,일반 유흥 주점업
552204__hier0,552204,hier,숙박 및 음식점업 > 음식점 및 주점업 > 주점 및 비알코올 음료점업 > 주점업
552204__desc0,552204,desc,"관광음식점, 외국인 전용 유흥음식점"
552204__example0,552204,example,요정
552204__example1,552204,example,한국식 접객 주점
552204__example2,552204,example,룸살롱
552204__example3,552204,example,바(접객 서비스 딸린)
552204__example4,552204,example,서양식 접객 주점
552204__example5,552204,example,비어홀(접객 서비스 딸린)
552204__xref0,552204,xref,연예활동이 보조적으로 결합 수행되는 나이트클럽 및 카바레
552204__xref1,552204,xref,가요 주점
552204__xref2,552204,xref,무도 유흥주점 및 디스코 클럽 운영
552205__name0,552205,name,생맥주 전문점
552205__hier0,552205,hier,숙박 및 음식점업 > 음식점 및 주점업 > 주점 및 비알코올 음료점업 > 주점업
552205__example0,552205,example,생맥주집(호프집)
552205__xref0,552205,xref,연예활동이 보조적으로 결합 수행되는 나이트클럽 및 카바레
552205__xref1,552205,xref,가요 주점
552205__xref2,552205,xref,무도 유흥주점 및 디스코 클럽 운영
552206__name0,552206,name,일반 유흥 주점업
552206__hier0,552206,hier,숙박 및 음식점업 > 음식점 및 주점업 > 주점 및 비알코올 음료점업 > 주점업
552206__desc0,552206,desc,기타 유흥 주점
552206__example0,552206,example,요정
552206__example1,552206,example,한국식 접객 주점
552206__example2,552206,example,룸살롱
552206__example3,552206,example,바(접객 서비스 딸린)
552206__example4,552206,example,서양식 접객 주점
552206__example5,552206,example,비어홀(접객 서비스 딸린)
552206__xref0,552206,xref,연예활동이 보조적으로 결합 수행되는 나이트클럽 및 카바레
552206__xref1,552206,xref,가요 주점
552206__xref2,552206,xref,무도 유흥주점 및 디스코 클럽 운영
552207__name0,552207,name,기타 주점업
552207__hier0,552207,hier,숙박 및 음식점업 > 음식점 및 주점업 > 주점 및 비알코올 음료점업 > 주점업
552207__desc0,552207,desc,단란주점
552207__example0,552207,example,소주방
552207__example1,552207,example,막걸리집
552207__example2,552207,example,토속 주점
552207__xref0,552207,xref,생맥주 이외 맥주 판매 주점
552207__xref1,552207,xref,연예활동이 보조적으로 결합 수행되는 나이트클럽 및 카바레
552207__xref2,552207,xref,가요 주점
552207__xref3,552207,xref,무도 유흥주점 및 디스코 클럽 운영
552208__name0,552208,name,기타 주점업
552208__hier0,552208,hier,숙박 및 음식점업 > 음식점 및 주점업 > 주점 및 비알코올 음료점업 > 주점업
552208__desc0,552208,desc,기타 서양식 주점
552208__example0,552208,example,소주방
552208__example1,552208,example,막걸리집
552208__example2,552208,example,토속 주점
552208__xref0,552208,xref,생맥주 이외 맥주 판매 주점
552208__xref1,552208,xref,연예활동이 보조적으로 결합 수행되는 나이트클럽 및 카바레
552208__xref2,552208,xref,가요 주점
552208__xref3,552208,xref,무도 유흥주점 및 디스코 클럽 운영
552209__name0,552209,name,기타 주점업
552209__hier0,552209,hier,숙박 및 음식점업 > 음식점 및 주점업 > 주점 및 비알코올 음료점업 > 주점업
552209__example0,552209,example,소주방
552209__example1,552209,example,막걸리집
552209__example2,552209,example,토속 주점
552209__xref0,552209,xref,생맥주 이외 맥주 판매 주점
552209__xref1,552209,xref,연예활동이 보조적으로 결합 수행되는 나이트클럽 및 카바레
552209__xref2,552209,xref,가요 주점
552209__xref3,552209,xref,무도 유흥주점 및 디스코 클럽 운영
552210__name0,552210,name,기타 주점업
552210__hier0,552210,hier,숙박 및 음식점업 > 음식점 및 주점업 > 주점 및 비알코올 음료점업 > 주점업
552210__desc0,552210,desc,소주방
552210__example0,552210,example,막걸리집
552210__example1,552210,example,토속 주점
552210__xref0,552210,xref,생맥주 이외 맥주 판매 주점
552210__xref1,552210,xref,연예활동이 보조적으로 결합 수행되는 나이트클럽 및 카바레
552210__xref2,552210,xref,가요 주점
552210__xref3,552210,xref,무도 유흥주점 및 디스코 클럽 운영
552211__name0,552211,name,기타 주점업
552211__hier0,552211,hier,숙박 및 음식점업 > 음식점 및 주점업 > 주점 및 비알코올 음료점업 > 주점업
552211__ksic0,552211,ksic,"일반 유흥 주점업, 무도 유흥 주점업, 생맥주 전문점, 기타 주점업"
552211__desc0,552211,desc,홀덤펍
552211__example0,552211,example,요정
552211__example1,552211,example,한국식 접객 주점
552211__example2,552211,example,룸살롱
552211__example3,552211,example,바(접객 서비스 딸린)
552211__example4,552211,example,서양식 접객 주점
552211__example5,552211,example,비어홀(접객 서비스 딸린)
552211__example6,552211,example,무도 유흥 주점
552211__example7,552211,example,카바레
552211__example8,552211,example,극장식 주점(식당) 클럽
552211__example9,552211,example,나이트클럽
552211__example10,552211,example,생맥주집(호프집)
552211__example11,552211,example,소주방
552211__example12,552211,example,막걸리집
552211__example13,552211,example,토속 주점
552211__xref0,552211,xref,생맥주 이외 맥주 판매 주점
552211__xref1,552211,xref,연예활동이 보조적으로 결합 수행되는 나이트클럽 및 카바레
552211__xref2,552211,xref,가요 주점
552211__xref3,552211,xref,무도 유흥주점 및 디스코 클럽 운영
552301__name0,552301,name,제과점업
552301__hier0,552301,hier,숙박 및 음식점업 > 음식점 및 주점업 > 음식점업 > 제과점업
552301__example0,552301,example,제과점(즉석 식품 중심)
552301__example1,552301,example,떡집(음식점 형태)
552301__xref0,552301,xref,즉석식 빵을 생산하여 최종 소비자에게 판매
552301__xref1,552301,xref,직접 조리한 도시락 및 김밥을 최종소비자에게 소매하는 경우
552301__xref2,552301,xref,"면류, 만두류를 전문적으로 요리하여 판매하는 경우"
552303__name0,552303,name,커피 전문점
552303__hier0,552303,hier,숙박 및 음식점업 > 음식점 및 주점업 > 주점 및 비알코올 음료점업 > 비알코올 음료점업
552303__example0,552303,example,커피숍
552305__name0,552305,name,간이 음식 포장 판매 전문점
552305__hier0,552305,hier,숙박 및 음식점업 > 음식점 및 주점업 > 음식점업 > 김밥 및 기타 간이 음식점업
552305__desc0,552305,desc,고속도로 휴게소 등 기타
552305__xref0,552305,xref,직접 조리한 도시락 및 김밥을 최종소비자에게 소매하는 경우
552305__xref1,552305,xref,객석 없이 간이 음식류를 조리하여 판매하는 경우
552305__xref2,552305,xref,"면류, 만두류를 전문적으로 요리하여 판매하는 경우"
552307__name0,552307,name,기타 비알코올 음료점업
552307__hier0,552307,hier,숙박 및 음식점업 > 음식점 및 주점업 > 주점 및 비알코올 음료점업 > 비알코올 음료점업
552307__example0,552307,example,주스 전문점
552307__example1,552307,example,찻집
552307__example2,552307,example,개발
552307__example3,552307,example,"공급, 영상 및 오디오 기록물 제작"
552307__xref0,552307,xref,전통식 다방(인스턴트 커피점
552308__name0,552308,name,이동 음식점업
552308__hier0,552308,hier,숙박 및 음식점업 > 음식점 및 주점업 > 음식점업 > 출장 및 이동 음식점업
552308__xref0,552308,xref,직접 조리한 도시락 및 김밥을 최종소비자에게 소매하는 경우
552308__xref1,552308,xref,"면류, 만두류를 전문적으로 요리하여 판매하는 경우"
552309__name0,552309,name,"피자, 햄버거, 샌드위치 및 유사 음식점업"
552309__hier0,552309,hier,"숙박 및 음식점업 > 음식점 및 주점업 > 음식점업 > 피자, 햄버거 및 치킨 전문점"
552309__desc0,552309,desc,간이 양식
552309__example0,552309,example,피자 전문점
552309__example1,552309,example,샌드위치 전문점
552309__example2,552309,example,햄버거 전문점
552309__example3,552309,example,토스트 전문점
552309__xref0,552309,xref,직접 조리한 도시락 및 김밥을 최종소비자에게 소매하는 경우
552309__xref1,552309,xref,"면류, 만두류를 전문적으로 요리하여 판매하는 경우"
552310__name0,552310,name,동물카페
552310__hier0,552310,hier,숙박 및 음식점업 > 음식점 및 주점업 > 주점 및 비알코올 음료점업 > 비알코올 음료점업
552310__ksic0,552310,ksic,"커피 전문점, 기타 비알코올 음료점업"
552310__example0,552310,example,커피 전문점
552310__example1,552310,example,커피숍
552310__example2,552310,example,주스 전문점
552310__example3,552310,example,찻집
552310__example4,552310,example,개발
552310__example5,552310,example,"공급, 영상 및 오디오 기록물 제작"
552310__xref0,552310,xref,전통식 다방(인스턴트 커피점
601000__name0,601000,name,도시철도 운송업
601000__hier0,601000,hier,운수 및 창고업 > 육상 운송 및 파이프라인 운송업 > 육상 여객 운송업 > 도시 정기 육상 여객 운송업
601000__example0,601000,example,지하철 운송
601000__example1,601000,example,모노레일 운송(도시 및 근교 내)
601000__xref0,601000,xref,지하철 및 도시철도 운송
601001__name0,601001,name,철도 여객 운송업
601001__hier0,601001,hier,운수 및 창고업 > 육상 운송 및 파이프라인 운송업 > 철도 운송업 > 철도 운송업
601001__example0,601001,example,도시 간 철도 운송
601001__example1,601001,example,관광열차 운영
601002__name0,601002,name,철도 화물 운송업
601002__hier0,601002,hier,운수 및 창고업 > 육상 운송 및 파이프라인 운송업 > 철도 운송업 > 철도 운송업
601002__example0,601002,example,화물 전용 철도 운송
602101__name0,602101,name,시외버스 운송업
602101__hier0,602101,hier,운수 및 창고업 > 육상 운송 및 파이프라인 운송업 > 육상 여객 운송업 > 시외버스 운송업
602101__desc0,602101,desc,고속버스
602101__example0,602101,example,도시 간 정기 여객 운송
602101__example1,602101,example,시외 정기 노선 버스 운송
602101__example2,602101,example,직통 여객 버스 운송
602101__example3,602101,example,고속버스 운송 운수 및 창고업
602102__name0,602102,name,시외버스 운송업
602102__hier0,602102,hier,운수 및 창고업 > 육상 운송 및 파이프라인 운송업 > 육상 여객 운송업 > 시외버스 운송업
602102__example0,602102,example,도시 간 정기 여객 운송
602102__example1,602102,example,시외 정기 노선 버스 운송
602102__example2,602102,example,직통 여객 버스 운송
602102__example3,602102,example,고속버스 운송 운수 및 창고업
602103__name0,602103,name,시내버스 운송업
602103__hier0,602103,hier,운수 및 창고업 > 육상 운송 및 파이프라인 운송업 > 육상 여객 운송업 > 도시 정기 육상 여객 운송업
602103__example0,602103,example,시내 노선 버스 운송
602103__example1,602103,example,어촌 버스 운송
602103__example2,602103,example,구역 내 노선 여객 버스 운송
602103__example3,602103,example,정기순회 마을버스 운영
602103__example4,602103,example,"BRT(Bus Rapid Transit, 간선 급행 버스) 운영"
602103__example5,602103,example,"광역 급행 버스, 직행 좌석 버스 운영"
602104__name0,602104,name,기타 도시 정기 육상 여객 운송업
602104__hier0,602104,hier,운수 및 창고업 > 육상 운송 및 파이프라인 운송업 > 육상 여객 운송업 > 도시 정기 육상 여객 운송업
602104__desc0,602104,desc,공항버스
602104__example0,602104,example,학교버스 운영
602104__example1,602104,example,직장버스 운영
602104__example2,602104,example,공항버스 운영(정기노선)
602104__example3,602104,example,"특정 노선(리조트, 숙박시설, 놀이공원 등) 셔틀 버스 운영"
602104__example4,602104,example,정기 노선 케이블카 운영
602104__example5,602104,example,트롤리 버스 운영
602104__xref0,602104,xref,"공항 버스, 학교 버스 등 특정 승객 수송"
602109__name0,602109,name,기타 도시 정기 육상 여객 운송업
602109__hier0,602109,hier,운수 및 창고업 > 육상 운송 및 파이프라인 운송업 > 육상 여객 운송업 > 도시 정기 육상 여객 운송업
602109__example0,602109,example,학교버스 운영
602109__example1,602109,example,직장버스 운영
602109__example2,602109,example,공항버스 운영(정기노선)
602109__example3,602109,example,"특정 노선(리조트, 숙박시설, 놀이공원 등) 셔틀 버스 운영"
602109__example4,602109,example,정기 노선 케이블카 운영
602109__example5,602109,example,트롤리 버스 운영
602109__xref0,602109,xref,"공항 버스, 학교 버스 등 특정 승객 수송"
602110__name0,602110,name,기타 도시 정기 육상 여객 운송업
602110__hier0,602110,hier,운수 및 창고업 > 육상 운송 및 파이프라인 운송업 > 육상 여객 운송업 > 도시 정기 육상 여객 운송업
602110__desc0,602110,desc,어린이통학버스운송업(기사소유차량)
602110__example0,602110,example,학교버스 운영
602110__example1,602110,example,직장버스 운영
602110__example2,602110,example,공항버스 운영(정기노선)
602110__example3,602110,example,"특정 노선(리조트, 숙박시설, 놀이공원 등) 셔틀 버스 운영"
602110__example4,602110,example,정기 노선 케이블카 운영
602110__example5,602110,example,트롤리 버스 운영
602110__xref0,602110,xref,"공항 버스, 학교 버스 등 특정 승객 수송"
602201__name0,602201,name,택시 운송업
602201__hier0,602201,hier,운수 및 창고업 > 육상 운송 및 파이프라인 운송업 > 육상 여객 운송업 > 부정기 육상 여객 운송업
602201__example0,602201,example,택시 운송
602201__example1,602201,example,승용차 임대(운전자 딸린)
602201__example2,602201,example,개인택시 운송
602201__example3,602201,example,리무진 운송
602203__name0,602203,name,택시 운송업
602203__hier0,602203,hier,운수 및 창고업 > 육상 운송 및 파이프라인 운송업 > 육상 여객 운송업 > 부정기 육상 여객 운송업
602203__desc0,602203,desc,모범택시
602203__example0,602203,example,택시 운송
602203__example1,602203,example,승용차 임대(운전자 딸린)
602203__example2,602203,example,개인택시 운송
602203__example3,602203,example,리무진 운송
602204__name0,602204,name,시내버스 운송업
602204__name1,602204,name,시외버스 운송업
602204__hier0,602204,hier,"운수 및 창고업 > 육상 운송 및 파이프라인 운송업 > 육상 여객 운송업 > 도시 정기 육상 여객 운송업, 시외버스 운송업"
602204__ksic0,602204,ksic,"시내버스 운송업, 시외버스 운송업"
602204__desc0,602204,desc,"직영 시내버스, 직영 시외버스"
602204__example0,602204,example,시내 노선 버스 운송
602204__example1,602204,example,어촌 버스 운송
602204__example2,602204,example,구역 내 노선 여객 버스 운송
602204__example3,602204,example,정기순회 마을버스 운영
602204__example4,602204,example,"BRT(Bus Rapid Transit, 간선 급행 버스) 운영"
602204__example5,602204,example,"광역 급행 버스, 직행 좌석 버스 운영"
602204__example6,602204,example,도시 간 정기 여객 운송
602204__example7,602204,example,시외 정기 노선 버스 운송
602204__example8,602204,example,직통 여객 버스 운송
602204__example9,602204,example,고속버스 운송 운수 및 창고업
602205__name0,602205,name,전세버스 운송업
602205__hier0,602205,hier,운수 및 창고업 > 육상 운송 및 파이프라인 운송업 > 육상 여객 운송업 > 부정기 육상 여객 운송업
602205__example0,602205,example,관광 버스 운영
602205__example1,602205,example,버스 임대(운전자 딸린)
602205__example2,602205,example,비노선 버스 운영
602206__name0,602206,name,택시 운송업
602206__hier0,602206,hier,운수 및 창고업 > 육상 운송 및 파이프라인 운송업 > 육상 여객 운송업 > 부정기 육상 여객 운송업
602206__desc0,602206,desc,직영 택시
602206__example0,602206,example,택시 운송
602206__example1,602206,example,승용차 임대(운전자 딸린)
602206__example2,602206,example,개인택시 운송
602206__example3,602206,example,리무진 운송
602209__name0,602209,name,기타 부정기 여객 육상 운송업
602209__hier0,602209,hier,운수 및 창고업 > 육상 운송 및 파이프라인 운송업 > 육상 여객 운송업 > 부정기 육상 여객 운송업
602209__example0,602209,example,독립적으로 경영하는 부정기 케이블카 운송
602209__example1,602209,example,비동력식 여객 운송 차량 운영
602209__example2,602209,example,동물 또는 인력으로 견인하는 여객 운송 차량 운영
602209__example3,602209,example,독립적으로 경영하는 스키 리프트 운영
602301__name0,602301,name,일반 화물 자동차 운송업
602301__name1,602301,name,개인 화물 자동차 운송업
602301__hier0,602301,hier,운수 및 창고업 > 육상 운송 및 파이프라인 운송업 > 도로 화물 운송업 > 도로 화물 운송업
602301__ksic0,602301,ksic,일반 화물자동차 운송업
602301__example0,602301,example,특수 자동차 운송(견인 등) 운수 및 창고업
602301__example1,602301,example,트럭 임대(운전자 딸린)
602301__example2,602301,example,화물 자동차 운송
602301__example3,602301,example,특수 자동차 운송(견인 등)
602301__xref0,602301,xref,팔레트로 운반하는 화물 자동차 운송
602302__name0,602302,name,일반 화물 자동차 운송업
602302__name1,602302,name,개인 화물 자동차 운송업
602302__hier0,602302,hier,운수 및 창고업 > 육상 운송 및 파이프라인 운송업 > 도로 화물 운송업 > 도로 화물 운송업
602302__ksic0,602302,ksic,일반 화물자동차 운송업
602302__desc0,602302,desc,대형 화물 자동차(5톤 이상)
602302__example0,602302,example,특수 자동차 운송(견인 등) 운수 및 창고업
602302__example1,602302,example,트럭 임대(운전자 딸린)
602302__example2,602302,example,화물 자동차 운송
602302__example3,602302,example,특수 자동차 운송(견인 등)
602302__xref0,602302,xref,팔레트로 운반하는 화물 자동차 운송
602303__name0,602303,name,일반 화물 자동차 운송업
602303__name1,602303,name,개인 화물 자동차 운송업
602303__hier0,602303,hier,운수 및 창고업 > 육상 운송 및 파이프라인 운송업 > 도로 화물 운송업 > 도로 화물 운송업
602303__ksic0,602303,ksic,"일반 화물 자동차 운송업, 개인 화물자동차 운송업"
602303__desc0,602303,desc,덤프트럭(12톤 미만)
602303__example0,602303,example,특수 자동차 운송(견인 등) 운수 및 창고업
602303__example1,602303,example,트럭 임대(운전자 딸린)
602303__example2,602303,example,화물 자동차 운송
602303__example3,602303,example,특수 자동차 운송(견인 등)
602303__xref0,602303,xref,팔레트로 운반하는 화물 자동차 운송
602304__name0,602304,name,일반 화물 자동차 운송업
602304__name1,602304,name,개인 화물 자동차 운송업
602304__hier0,602304,hier,운수 및 창고업 > 육상 운송 및 파이프라인 운송업 > 도로 화물 운송업 > 도로 화물 운송업
602304__ksic0,602304,ksic,"일반 화물 자동차 운송업, 개인 화물자동차 운송업"
602304__desc0,602304,desc,덤프트럭(12톤 이상)
602304__example0,602304,example,특수 자동차 운송(견인 등) 운수 및 창고업
602304__example1,602304,example,트럭 임대(운전자 딸린)
602304__example2,602304,example,화물 자동차 운송
602304__example3,602304,example,특수 자동차 운송(견인 등)
602304__xref0,602304,xref,팔레트로 운반하는 화물 자동차 운송
602305__name0,602305,name,일반 화물 자동차 운송업
602305__name1,602305,name,개인 화물 자동차 운송업
602305__hier0,602305,hier,운수 및 창고업 > 육상 운송 및 파이프라인 운송업 > 도로 화물 운송업 > 도로 화물 운송업
602305__ksic0,602305,ksic,"일반 화물 자동차 운송업, 개인 화물자동차 운송업"
602305__desc0,602305,desc,대형 특수 자동차(10톤 이상)
602305__example0,602305,example,특수 자동차 운송(견인 등) 운수 및 창고업
602305__example1,602305,example,트럭 임대(운전자 딸린)
602305__example2,602305,example,화물 자동차 운송
602305__example3,602305,example,특수 자동차 운송(견인 등)
602305__xref0,602305,xref,팔레트로 운반하는 화물 자동차 운송
602306__name0,602306,name,특수 여객 자동차 운송업
602306__hier0,602306,hier,운수 및 창고업 > 육상 운송 및 파이프라인 운송업 > 육상 여객 운송업 > 부정기 육상 여객 운송업
602306__example0,602306,example,장의 차량 운영
602306__example1,602306,example,장의 차량 임대(운전자 딸린)
602307__name0,602307,name,일반 화물 자동차 운송업
602307__name1,602307,name,개인 화물 자동차 운송업
602307__hier0,602307,hier,운수 및 창고업 > 육상 운송 및 파이프라인 운송업 > 도로 화물 운송업 > 도로 화물 운송업
602307__ksic0,602307,ksic,"일반 화물자동차 운송업, 개인 화물자동차 운송업"
602307__desc0,602307,desc,1톤이하 도시내 주행거리요금
602307__example0,602307,example,특수 자동차 운송(견인 등) 운수 및 창고업
602307__example1,602307,example,트럭 임대(운전자 딸린)
602307__example2,602307,example,화물 자동차 운송
602307__example3,602307,example,특수 자동차 운송(견인 등)
602307__xref0,602307,xref,팔레트로 운반하는 화물 자동차 운송
602308__name0,602308,name,일반 화물 자동차 운송업
602308__name1,602308,name,개인 화물 자동차 운송업
602308__hier0,602308,hier,운수 및 창고업 > 육상 운송 및 파이프라인 운송업 > 도로 화물 운송업 > 도로 화물 운송업
602308__ksic0,602308,ksic,"일반 화물자동차 운송업, 개인 화물자동차 운송업"
602308__desc0,602308,desc,"1톤이하 이사화물, 1톤초과 5톤미만 이사화물"
602308__example0,602308,example,특수 자동차 운송(견인 등) 운수 및 창고업
602308__example1,602308,example,트럭 임대(운전자 딸린)
602308__example2,602308,example,화물 자동차 운송
602308__example3,602308,example,특수 자동차 운송(견인 등)
602308__xref0,602308,xref,팔레트로 운반하는 화물 자동차 운송
602309__name0,602309,name,"화물 운송 중개, 대리 및 관련 서비스업"
602309__hier0,602309,hier,운수 및 창고업 > 창고 및 운송관련 서비스업 > 기타 운송관련 서비스업 > 그 외 기타 운송관련 서비스업
602309__desc0,602309,desc,자기명의 화물운송 주선
602309__example0,602309,example,국제 물류 주선업
602309__example1,602309,example,복합 운송 주선업
602309__example2,602309,example,화물 자동차 운송 주선업
602309__example3,602309,example,도로 화물 운송 주선업
602309__example4,602309,example,해운 대리점
602309__example5,602309,example,항공 운송 대리점
602309__xref0,602309,xref,"해운중개업, 대리"
602310__name0,602310,name,개인 화물 자동차 운송업
602310__hier0,602310,hier,운수 및 창고업 > 육상 운송 및 파이프라인 운송업 > 도로 화물 운송업 > 도로 화물 운송업
602310__ksic0,602310,ksic,개인 화물자동차 운송업
602310__example0,602310,example,특수 자동차 운송(견인 등)
602310__example1,602310,example,화물 자동차 운송
602310__xref0,602310,xref,팔레트로 운반하는 화물 자동차 운송
602313__name0,602313,name,기타 도로 화물 운송업
602313__hier0,602313,hier,운수 및 창고업 > 육상 운송 및 파이프라인 운송업 > 도로 화물 운송업 > 도로 화물 운송업
602313__example0,602313,example,동물 견인 화물 차량 운영
602313__example1,602313,example,비동력 화물 차량 운영
602313__example2,602313,example,인력 견인 화물 차량 운영
602313__xref0,602313,xref,팔레트로 운반하는 화물 자동차 운송
602314__name0,602314,name,기타 도로 화물 운송업
602314__name1,602314,name,개인 화물 자동차 운송업
602314__name2,602314,name,일반 화물 자동차 운송업
602314__hier0,602314,hier,운수 및 창고업 > 육상 운송 및 파이프라인 운송업 > 도로 화물 운송업 > 도로 화물 운송업
602314__ksic0,602314,ksic,"기타 도로 화물 운송업, 개인 화물자동차 운송업, 일반 화물 자동차 운송업"
602314__desc0,602314,desc,"수출입컨테이너, 시멘트, 철강재, 위험물질 운송"
602314__example0,602314,example,특수 자동차 운송(견인 등) 운수 및 창고업
602314__example1,602314,example,트럭 임대(운전자 딸린)
602314__example2,602314,example,화물 자동차 운송
602314__example3,602314,example,특수 자동차 운송(견인 등)
602314__example4,602314,example,동물 견인 화물 차량 운영
602314__example5,602314,example,비동력 화물 차량 운영
602314__example6,602314,example,인력 견인 화물 차량 운영
602314__xref0,602314,xref,팔레트로 운반하는 화물 자동차 운송
602315__name0,602315,name,일반 화물 자동차 운송업
602315__name1,602315,name,개인 화물 자동차 운송업
602315__hier0,602315,hier,운수 및 창고업 > 육상 운송 및 파이프라인 운송업 > 도로 화물 운송업 > 도로 화물 운송업
602315__ksic0,602315,ksic,"일반 화물 자동차 운송업, 개인 화물자동차 운송업"
602315__desc0,602315,desc,가전제품 운송
602315__example0,602315,example,특수 자동차 운송(견인 등) 운수 및 창고업
602315__example1,602315,example,트럭 임대(운전자 딸린)
602315__example2,602315,example,화물 자동차 운송
602315__example3,602315,example,특수 자동차 운송(견인 등)
602315__xref0,602315,xref,팔레트로 운반하는 화물 자동차 운송
602316__name0,602316,name,개인 화물 자동차 운송업
602316__name1,602316,name,일반 화물 자동차 운송업
602316__name2,602316,name,기타 도로 화물 운송업
602316__hier0,602316,hier,운수 및 창고업 > 육상 운송 및 파이프라인 운송업 > 도로 화물 운송업 > 도로 화물 운송업
602316__ksic0,602316,ksic,"개인 화물자동차 운송업, 일반 화물 자동차 운송업, 기타 도로 화물 운송업"
602316__desc0,602316,desc,유통물류 운송
602316__example0,602316,example,특수 자동차 운송(견인 등) 운수 및 창고업
602316__example1,602316,example,트럭 임대(운전자 딸린)
602316__example2,602316,example,화물 자동차 운송
602316__example3,602316,example,특수 자동차 운송(견인 등)
602316__example4,602316,example,동물 견인 화물 차량 운영
602316__example5,602316,example,비동력 화물 차량 운영
602316__example6,602316,example,인력 견인 화물 차량 운영
602316__xref0,602316,xref,팔레트로 운반하는 화물 자동차 운송
603000__name0,603000,name,파이프라인 운송업
603000__hier0,603000,hier,운수 및 창고업 > 육상 운송 및 파이프라인 운송업 > 파이프라인 운송업 > 파이프라인 운송업
603000__xref0,603000,xref,"석유, 천연가스의 운송을 위한 관로(파이프라인) 운영"
603000__xref1,603000,xref,수수료 또는 계약에 의한 가스 관로(파이프라인) 운영
611001__name0,611001,name,내항 여객 운송업
611001__hier0,611001,hier,운수 및 창고업 > 수상 운송업 > 해상 운송업 > 내항 운송업
611001__example0,611001,example,내항 정기 여객 운송
611001__example1,611001,example,내항 부정기 여객 운송
611001__example2,611001,example,내항 여객선 임대(승무원 딸린)
611001__example3,611001,example,유람선 운영(국내 항구 간)
611001__xref0,611001,xref,해상운송업 운수 및 창고업
611001__xref1,611001,xref,승무원 딸린 수상 운송장비 임대
611002__name0,611002,name,외항 화물 운송업
611002__hier0,611002,hier,운수 및 창고업 > 수상 운송업 > 해상 운송업 > 외항 운송업
611002__example0,611002,example,외항 화물 정기 운송
611002__example1,611002,example,외항 화물 부정기 운송
611002__example2,611002,example,외항 컨테이너 선박 운송
611002__example3,611002,example,외항 화물 선박 임대(승무원 딸린)
611002__xref0,611002,xref,해상운송업 운수 및 창고업
611002__xref1,611002,xref,승무원 딸린 수상 운송장비 임대
611003__name0,611003,name,내항 화물 운송업
611003__hier0,611003,hier,운수 및 창고업 > 수상 운송업 > 해상 운송업 > 내항 운송업
611003__example0,611003,example,내항 정기 화물 운송
611003__example1,611003,example,내항 부정기 화물 운송
611003__example2,611003,example,내항 화물 선박 임대(승무원 딸린)
611003__xref0,611003,xref,해상운송업 운수 및 창고업
611003__xref1,611003,xref,승무원 딸린 수상 운송장비 임대
611004__name0,611004,name,기타 해상 운송업
611004__hier0,611004,hier,운수 및 창고업 > 수상 운송업 > 해상 운송업 > 기타 해상 운송업
611004__example0,611004,example,예인선 운영(해상)
611004__example1,611004,example,승무원이 동승하는 해수면 오락용 낚싯배 운영
611004__xref0,611004,xref,해상운송업 운수 및 창고업
611004__xref1,611004,xref,승무원 딸린 수상 운송장비 임대
611005__name0,611005,name,외항 여객 운송업
611005__hier0,611005,hier,운수 및 창고업 > 수상 운송업 > 해상 운송업 > 외항 운송업
611005__example0,611005,example,외항 여객 정기 운송
611005__example1,611005,example,외항 여객 부정기 운송
611005__example2,611005,example,유람선 운영(외국 항로)
611005__example3,611005,example,외항 여객 선박 임대(승무원 딸린) 운수 및 창고업
611005__xref0,611005,xref,해상운송업 운수 및 창고업
611005__xref1,611005,xref,승무원 딸린 수상 운송장비 임대
612000__name0,612000,name,기타 내륙 수상 여객 및 화물 운송업
612000__hier0,612000,hier,운수 및 창고업 > 수상 운송업 > 내륙 수상 및 항만 내 운송업 > 내륙 수상 및 항만 내 운송업
612000__example0,612000,example,내륙 수상용 유람선 및 예인선 운영
612000__example1,612000,example,내륙 수상 택시 운영
612000__example2,612000,example,내륙 여객선 및 화물 선박 임대(승무원 딸린)
612000__example3,612000,example,내수면 오락용 낚싯배 운영(승무원 딸린)
612000__xref0,612000,xref,내륙 수로 상의 예인선 운영
612000__xref1,612000,xref,승무원 딸린 수상 운송장비 임대
612001__name0,612001,name,항만 내 여객 운송업
612001__hier0,612001,hier,운수 및 창고업 > 수상 운송업 > 내륙 수상 및 항만 내 운송업 > 내륙 수상 및 항만 내 운송업
612001__example0,612001,example,항만 내 여객 운송
612001__example1,612001,example,항만 내 유람선업 운수 및 창고업
612001__xref0,612001,xref,항만 내 여객 및 화물 운송
612001__xref1,612001,xref,승무원 딸린 수상 운송장비 임대
612002__name0,612002,name,기타 내륙 수상 여객 및 화물 운송업
612002__hier0,612002,hier,운수 및 창고업 > 수상 운송업 > 내륙 수상 및 항만 내 운송업 > 내륙 수상 및 항만 내 운송업
612002__desc0,612002,desc,"예인선, 견인선 등 기타내륙수상"
612002__example0,612002,example,내륙 수상용 유람선 및 예인선 운영
612002__example1,612002,example,내륙 수상 택시 운영
612002__example2,612002,example,내륙 여객선 및 화물 선박 임대(승무원 딸린)
612002__example3,612002,example,내수면 오락용 낚싯배 운영(승무원 딸린)
612002__xref0,612002,xref,내륙 수로 상의 예인선 운영
612002__xref1,612002,xref,승무원 딸린 수상 운송장비 임대
612003__name0,612003,name,수상 화물 취급업
612003__hier0,612003,hier,운수 및 창고업 > 창고 및 운송관련 서비스업 > 기타 운송관련 서비스업 > 화물 취급업
612003__desc0,612003,desc,"강ㆍ운하, 항만내 화물운송"
612003__example0,612003,example,수상 화물 하역
612003__example1,612003,example,항만 내 화물 취급업
612003__example2,612003,example,항만 내 화물 운송 운수 및 창고업
612003__example3,612003,example,항만 내 바지선(운전자 딸린) 임대
612003__xref0,612003,xref,항만 내 여객 및 화물 운송
612003__xref1,612003,xref,항만 내 화물 운송
612003__xref2,612003,xref,하역업체가 거룻배를 운영할 경우
621000__name0,621000,name,항공 여객 운송업
621000__hier0,621000,hier,운수 및 창고업 > 항공 운송업 > 항공 여객 운송업 > 항공 여객 운송업
621000__example0,621000,example,항공 여객 운송(정기)
621000__example1,621000,example,항공 여객 운송(부정기)
621000__example2,621000,example,여객용 전세기 운송
621000__xref0,621000,xref,조종사 딸린 항공 운송장비 임대
621001__name0,621001,name,항공 화물 운송업
621001__hier0,621001,hier,운수 및 창고업 > 항공 운송업 > 항공 화물 운송업 > 항공 화물 운송업
621001__example0,621001,example,항공 화물 부정기 운송
621001__example1,621001,example,항공 화물 정기운송
621001__example2,621001,example,우주선 운행
621001__example3,621001,example,화물 운송 항공기 임대(조종사 딸린)
621001__example4,621001,example,화물의 우주 운송
621001__xref0,621001,xref,조종사 딸린 항공 운송장비 임대
630101__name0,630101,name,항공 및 육상 화물 취급업
630101__hier0,630101,hier,운수 및 창고업 > 창고 및 운송관련 서비스업 > 기타 운송관련 서비스업 > 화물 취급업
630101__example0,630101,example,항공 화물 하역
630101__example1,630101,example,육상 화물 하역
630101__example2,630101,example,철도 화물 하역
630102__name0,630102,name,수상 화물 취급업
630102__hier0,630102,hier,운수 및 창고업 > 창고 및 운송관련 서비스업 > 기타 운송관련 서비스업 > 화물 취급업
630102__example0,630102,example,수상 화물 하역
630102__example1,630102,example,항만 내 화물 취급업
630102__example2,630102,example,항만 내 화물 운송 운수 및 창고업
630102__example3,630102,example,항만 내 바지선(운전자 딸린) 임대
630102__xref0,630102,xref,항만 내 여객 및 화물 운송
630102__xref1,630102,xref,항만 내 화물 운송
630102__xref2,630102,xref,하역업체가 거룻배를 운영할 경우
630201__name0,630201,name,일반 창고업
630201__hier0,630201,hier,운수 및 창고업 > 창고 및 운송관련 서비스업 > 보관 및 창고업 > 보관 및 창고업
630201__example0,630201,example,보통 창고 운영
630201__example1,630201,example,일반 물품 보세창고 운영 운수 및 창고업
630202__name0,630202,name,냉장 및 냉동 창고업
630202__hier0,630202,hier,운수 및 창고업 > 창고 및 운송관련 서비스업 > 보관 및 창고업 > 보관 및 창고업
630202__example0,630202,example,냉장 창고 운영
630202__example1,630202,example,냉동 물품 보관
630202__example2,630202,example,얼음 보관소 운영
630202__example3,630202,example,모피 보관(냉동)
630202__example4,630202,example,냉동 식품 보관
630202__example5,630202,example,농산물 보관(냉동
630202__example6,630202,example,냉장)
630202__xref0,630202,xref,냉동 수산물 보관업
630202__xref1,630202,xref,냉동 보관
630203__name0,630203,name,농산물 창고업
630203__hier0,630203,hier,운수 및 창고업 > 창고 및 운송관련 서비스업 > 보관 및 창고업 > 보관 및 창고업
630203__example0,630203,example,곡물 창고
630203__xref0,630203,xref,일반 농산물 보관
630204__name0,630204,name,위험 물품 보관업
630204__hier0,630204,hier,운수 및 창고업 > 창고 및 운송관련 서비스업 > 보관 및 창고업 > 보관 및 창고업
630204__example0,630204,example,가스성 화물 보관소
630204__example1,630204,example,액체 인화물 보관소
630204__example2,630204,example,화학 물질 창고 운영
630204__example3,630204,example,위험물 창고 운영
630204__example4,630204,example,가스 포장 화물 창고 운영
630204__example5,630204,example,미포장 벌크 상태의 석유 및 가스 보관
630204__xref0,630204,xref,수수료에 의한 가스 및 원유 저장소 운영
630205__name0,630205,name,기타 보관 및 창고업
630205__hier0,630205,hier,운수 및 창고업 > 창고 및 운송관련 서비스업 > 보관 및 창고업 > 보관 및 창고업
630205__example0,630205,example,목재 하치장 운영
630205__example1,630205,example,냉장
630205__example2,630205,example,수면 목재 창고 운영
630205__example3,630205,example,차량 보관소 운영
630205__xref0,630205,xref,차량 장기 보관소 운영
630301__name0,630301,name,철도 운송 지원 서비스업
630301__hier0,630301,hier,운수 및 창고업 > 창고 및 운송관련 서비스업 > 기타 운송관련 서비스업 > 육상 운송 지원 서비스업
630301__example0,630301,example,철도 차량 터미널 운영
630301__example1,630301,example,철도 차량 점검 및 유지
630301__example2,630301,example,관리 운수 및 창고업
630301__example3,630301,example,기차역(역사) 운영
630301__xref0,630301,xref,철도차량 운행관련 유지 및 단순 보수
630302__name0,630302,name,여객 자동차 터미널 운영업
630302__hier0,630302,hier,운수 및 창고업 > 창고 및 운송관련 서비스업 > 기타 운송관련 서비스업 > 육상 운송 지원 서비스업
630302__example0,630302,example,버스 정류장 운영(여객)
630303__name0,630303,name,주차장 운영업
630303__hier0,630303,hier,운수 및 창고업 > 창고 및 운송관련 서비스업 > 기타 운송관련 서비스업 > 육상 운송 지원 서비스업
630303__example0,630303,example,주차장 운영
630304__name0,630304,name,자동차 임대업(렌트카)
630304__hier0,630304,hier,"사업시설 관리, 사업 지원 및 임대 서비스업 > 임대업; 부동산 제외 > 운송장비 임대업 > 자동차 임대업"
630304__ksic0,630304,ksic,자동차 임대업
630304__example0,630304,example,승용차 임대
630304__example1,630304,example,리무진 임대
630304__example2,630304,example,버스 임대
630304__example3,630304,example,트럭 임대
630304__example4,630304,example,화물 자동차 임대
630304__example5,630304,example,레저용 차량 임대
630304__xref0,630304,xref,운전자 없는 자동차 임대
630304__xref1,630304,xref,운용 리스
630305__name0,630305,name,물류 터미널 운영업
630305__hier0,630305,hier,운수 및 창고업 > 창고 및 운송관련 서비스업 > 기타 운송관련 서비스업 > 육상 운송 지원 서비스업
630305__example0,630305,example,복합ㆍ일반 물류 터미널 운영
630309__name0,630309,name,기타 육상 운송지원 서비스업
630309__hier0,630309,hier,운수 및 창고업 > 창고 및 운송관련 서비스업 > 기타 운송관련 서비스업 > 육상 운송 지원 서비스업
630309__example0,630309,example,콜택시 연결 서비스
630311__name0,630311,name,도로 및 관련시설 운영업
630311__hier0,630311,hier,운수 및 창고업 > 창고 및 운송관련 서비스업 > 기타 운송관련 서비스업 > 육상 운송 지원 서비스업
630311__example0,630311,example,유료 고가 도로 운영
630401__name0,630401,name,기타 수상 운송 지원 서비스업
630401__hier0,630401,hier,운수 및 창고업 > 창고 및 운송관련 서비스업 > 기타 운송관련 서비스업 > 수상 운송 지원 서비스업
630401__desc0,630401,desc,선박 구난 및 인양
630401__example0,630401,example,도선 서비스
630401__example1,630401,example,수로 안내 및 정박 서비스
630401__example2,630401,example,등대 운영
630401__example3,630401,example,"수로, 갑문 운영"
630401__example4,630401,example,운하 운영
630401__example5,630401,example,항해 조력 서비스
630401__example6,630401,example,선박 구난 및 인양 서비스
630401__xref0,630401,xref,조난선의 구조 및 예인
630402__name0,630402,name,선박관리업
630402__name1,630402,name,기타 수상 운송 지원 서비스업
630402__hier0,630402,hier,운수 및 창고업 > 창고 및 운송관련 서비스업 > 기타 운송관련 서비스업 > 수상 운송 지원 서비스업
630402__example0,630402,example,선박관리에 필요한 기술적
630402__example1,630402,example,상업적인 활동 관리
630402__example2,630402,example,도선 서비스
630402__example3,630402,example,수로 안내 및 정박 서비스
630402__example4,630402,example,등대 운영
630402__example5,630402,example,"수로, 갑문 운영"
630402__example6,630402,example,운하 운영
630402__example7,630402,example,항해 조력 서비스
630402__example8,630402,example,선박 구난 및 인양 서비스
630402__xref0,630402,xref,조난선의 구조 및 예인
630403__name0,630403,name,기타 수상 운송 지원 서비스업
630403__hier0,630403,hier,운수 및 창고업 > 창고 및 운송관련 서비스업 > 기타 운송관련 서비스업 > 수상 운송 지원 서비스업
630403__desc0,630403,desc,도선사
630403__example0,630403,example,도선 서비스
630403__example1,630403,example,수로 안내 및 정박 서비스
630403__example2,630403,example,등대 운영
630403__example3,630403,example,"수로, 갑문 운영"
630403__example4,630403,example,운하 운영
630403__example5,630403,example,항해 조력 서비스
630403__example6,630403,example,선박 구난 및 인양 서비스
630403__xref0,630403,xref,조난선의 구조 및 예인
630405__name0,630405,name,항구 및 기타 해상 터미널 운영업
630405__hier0,630405,hier,운수 및 창고업 > 창고 및 운송관련 서비스업 > 기타 운송관련 서비스업 > 수상 운송 지원 서비스업
630405__example0,630405,example,항만시설 운영
630405__example1,630405,example,해상 터미널시설 운영
630500__name0,630500,name,기타 항공 운송지원 서비스업
630500__hier0,630500,hier,운수 및 창고업 > 창고 및 운송관련 서비스업 > 기타 운송관련 서비스업 > 항공 운송 지원 서비스업
630500__example0,630500,example,공항 지상 서비스
630500__example1,630500,example,비행기 견인
630500__example2,630500,example,격납고 서비스
630500__example3,630500,example,급유 점검(경상 유지)
630500__example4,630500,example,항공기 관제 서비스
630500__example5,630500,example,공항설비 운영(항공 터미널 제외)
630501__name0,630501,name,공항 운영업
630501__hier0,630501,hier,운수 및 창고업 > 창고 및 운송관련 서비스업 > 기타 운송관련 서비스업 > 항공 운송 지원 서비스업
630501__example0,630501,example,항공 터미널시설 운영
630501__example1,630501,example,비행장 운영업
630600__name0,630600,name,여행사업
630600__hier0,630600,hier,"사업시설 관리, 사업 지원 및 임대 서비스업 > 사업 지원 서비스업 > 여행사 및 기타 여행 보조 서비스업 > 여행사업"
630600__example0,630600,example,일반 여행사
630600__example1,630600,example,국외 여행사
630601__name0,630601,name,기타 여행 보조 및 예약 서비스업
630601__hier0,630601,hier,"사업시설 관리, 사업 지원 및 임대 서비스업 > 사업 지원 서비스업 > 여행사 및 기타 여행 보조 서비스업 > 기타 여행 보조 및 예약 서비스업"
630601__example0,630601,example,관광 안내소
630601__example1,630601,example,카풀체계 운영
630601__example2,630601,example,매표 대리(여객 자동차 매표 대리 포함)
630601__example3,630601,example,숙식 알선
630601__example4,630601,example,여행자 가이드(안내) 서비스
630601__example5,630601,example,숙박 예약 대리
630601__xref0,630601,xref,매표소 운영
630601__xref1,630601,xref,개인 여행 안내
630701__name0,630701,name,시내버스 운송업
630701__name1,630701,name,시외버스 운송업
630701__name2,630701,name,택시 운송업
630701__hier0,630701,hier,"운수 및 창고업 > 육상 운송 및 파이프라인 운송업 > 육상 여객 운송업 > 도시 정기 육상 여객 운송업, 시외버스 운송업, 부정기 육상 여객 운송업"
630701__ksic0,630701,ksic,"시내버스 운송업, 시외버스 운송업, 택시 운송업"
630701__desc0,630701,desc,"지입 시내버스, 지입 시외버스, 지입 택시"
630701__example0,630701,example,시내 노선 버스 운송
630701__example1,630701,example,어촌 버스 운송
630701__example2,630701,example,구역 내 노선 여객 버스 운송
630701__example3,630701,example,정기순회 마을버스 운영
630701__example4,630701,example,"BRT(Bus Rapid Transit, 간선 급행 버스) 운영"
630701__example5,630701,example,"광역 급행 버스, 직행 좌석 버스 운영"
630701__example6,630701,example,도시 간 정기 여객 운송
630701__example7,630701,example,시외 정기 노선 버스 운송
630701__example8,630701,example,직통 여객 버스 운송
630701__example9,630701,example,고속버스 운송 운수 및 창고업
630701__example10,630701,example,택시 운송
630701__example11,630701,example,승용차 임대(운전자 딸린)
630701__example12,630701,example,개인택시 운송
630701__example13,630701,example,리무진 운송
630702__name0,630702,name,일반 화물 자동차 운송업
630702__name1,630702,name,개인 화물 자동차 운송업
630702__hier0,630702,hier,운수 및 창고업 > 육상 운송 및 파이프라인 운송업 > 도로 화물 운송업 > 도로 화물 운송업
630702__ksic0,630702,ksic,"일반 화물 자동차 운송업, 개인 화물자동차 운송업, 일반 화물자동차 운송업"
630702__desc0,630702,desc,지입
630702__example0,630702,example,특수 자동차 운송(견인 등) 운수 및 창고업
630702__example1,630702,example,트럭 임대(운전자 딸린)
630702__example2,630702,example,화물 자동차 운송
630702__example3,630702,example,특수 자동차 운송(견인 등)
630702__xref0,630702,xref,팔레트로 운반하는 화물 자동차 운송
630901__name0,630901,name,택배업
630901__hier0,630901,hier,운수 및 창고업 > 육상 운송 및 파이프라인 운송업 > 소화물 전문 운송업 > 소화물 전문 운송업
630901__example0,630901,example,택배 서비스
630901__example1,630901,example,직영ㆍ위탁 운영하는 우체국 택배 서비스
630901__xref0,630901,xref,소화물 택배 서비스 및 늘찬 배달업
630901__xref1,630901,xref,"소화물 택배 운송업, 늘찬 배달업"
630901__xref2,630901,xref,사설 우편서비스 제공업
630902__name0,630902,name,통관 대리 및 관련서비스업
630902__name1,630902,name,"화물 운송 중개, 대리 및 관련 서비스업"
630902__hier0,630902,hier,운수 및 창고업 > 창고 및 운송관련 서비스업 > 기타 운송관련 서비스업 > 그 외 기타 운송관련 서비스업
630902__ksic0,630902,ksic,"통관 대리 및 관련서비스업, 화물 운송 중개, 대리 및 관련 서비스업"
630902__example0,630902,example,수출
630902__example1,630902,example,입 통관절차 대행
630902__example2,630902,example,관세사업
630902__example3,630902,example,국제 물류 주선업
630902__example4,630902,example,복합 운송 주선업
630902__example5,630902,example,화물 자동차 운송 주선업
630902__example6,630902,example,도로 화물 운송 주선업
630902__example7,630902,example,해운 대리점
630902__example8,630902,example,항공 운송 대리점
630902__xref0,630902,xref,"해운중개업, 대리"
630903__name0,630903,name,"화물 포장, 검수 및 계량 서비스업"
630903__hier0,630903,hier,운수 및 창고업 > 창고 및 운송관련 서비스업 > 기타 운송관련 서비스업 > 그 외 기타 운송관련 서비스업
630903__example0,630903,example,화물 포장(운송관련)
630903__example1,630903,example,화물 계량(운송관련)
630903__example2,630903,example,화물 검수(운송관련)
630903__example3,630903,example,선적 화물 포장(운송관련)
630903__xref0,630903,xref,운송관련 화물 계량 서비스
630903__xref1,630903,xref,계량 서비스
630903__xref2,630903,xref,운수업과 관련된 화물 포장 활동 스사 업업
630904__name0,630904,name,늘찬 배달업
630904__hier0,630904,hier,운수 및 창고업 > 육상 운송 및 파이프라인 운송업 > 소화물 전문 운송업 > 소화물 전문 운송업
630904__example0,630904,example,지역 내 소화물 배달
630904__example1,630904,example,꽃 배달
630904__example2,630904,example,퀵 서비스 운수 및 창고업
630904__xref0,630904,xref,소화물 택배 서비스 및 늘찬 배달업
630904__xref1,630904,xref,"소화물 택배 운송업, 늘찬 배달업"
630904__xref2,630904,xref,사설 우편서비스 제공업
630905__name0,630905,name,"화물 포장, 검수 및 계량 서비스업"
630905__hier0,630905,hier,운수 및 창고업 > 창고 및 운송관련 서비스업 > 기타 운송관련 서비스업 > 그 외 기타 운송관련 서비스업
630905__desc0,630905,desc,포장이사
630905__example0,630905,example,화물 포장(운송관련)
630905__example1,630905,example,화물 계량(운송관련)
630905__example2,630905,example,화물 검수(운송관련)
630905__example3,630905,example,선적 화물 포장(운송관련)
630905__xref0,630905,xref,운송관련 화물 계량 서비스
630905__xref1,630905,xref,계량 서비스
630905__xref2,630905,xref,운수업과 관련된 화물 포장 활동 스사 업업
630909__name0,630909,name,그 외 기타 분류 안된 운송관련 서비스업
630909__hier0,630909,hier,운수 및 창고업 > 창고 및 운송관련 서비스업 > 기타 운송관련 서비스업 > 그 외 기타 운송관련 서비스업
630909__example0,630909,example,동물 운송 관리 서비스
630909__example1,630909,example,가축 운송관련 서비스
630909__example2,630909,example,"선박 임대 및 사용 알선, 중개"
630909__example3,630909,example,임시 가축 사육장 운영(운송관련)
630909__example4,630909,example,"항공기 임대 및 사용 알선, 중개"
630909__xref0,630909,xref,선박이나 항공기 사용 공간 임대 중개
641100__name0,641100,name,중앙은행
641100__hier0,641100,hier,금융 및 보험업 > 금융업 > 은행 및 저축기관 > 중앙은행
641100__example0,641100,example,한국은행
641100__xref0,641100,xref,금융기관의 현물환 서비스
641200__name0,641200,name,공영 우편업
641200__hier0,641200,hier,정보통신업 > 우편 및 통신업 > 공영 우편업 > 공영 우편업
641200__example0,641200,example,우체국
641201__name0,641201,name,택배업
641201__hier0,641201,hier,운수 및 창고업 > 육상 운송 및 파이프라인 운송업 > 소화물 전문 운송업 > 소화물 전문 운송업
641201__desc0,641201,desc,"서신송달, 소화물 수집ㆍ운반ㆍ배달"
641201__example0,641201,example,택배 서비스
641201__example1,641201,example,직영ㆍ위탁 운영하는 우체국 택배 서비스
641201__xref0,641201,xref,소화물 택배 서비스 및 늘찬 배달업
641201__xref1,641201,xref,"소화물 택배 운송업, 늘찬 배달업"
641201__xref2,641201,xref,사설 우편서비스 제공업
642001__name0,642001,name,무선 및 위성 통신업
642001__hier0,642001,hier,정보통신업 > 우편 및 통신업 > 전기 통신업 > 무선 및 위성 통신업
642001__example0,642001,example,무선 전화 서비스
642001__example1,642001,example,무선 호출 서비스
642001__example2,642001,example,무선 인터넷 서비스
642001__example3,642001,example,주파수 공용통신(TRS) 사업
642001__example4,642001,example,위성 전화 서비스
642001__example5,642001,example,위성 인터넷 서비스
642001__xref0,642001,xref,전기 통신업
642002__name0,642002,name,통신 재판매업
642002__hier0,642002,hier,정보통신업 > 우편 및 통신업 > 전기 통신업 > 기타 전기 통신업
642002__example0,642002,example,무선 통신 재판매
642002__example1,642002,example,유선 통신 재판매
642002__example2,642002,example,"별정 통신 서비스(음성 재판매, 국제전화 콜백 서비스 등)"
642002__example3,642002,example,유선 인터넷 재판매
642002__xref0,642002,xref,임차한 통신 회선설비를 이용한 전화사업
642002__xref1,642002,xref,전기 통신업
642003__name0,642003,name,그 외 기타 전기 통신업
642003__hier0,642003,hier,정보통신업 > 우편 및 통신업 > 전기 통신업 > 기타 전기 통신업
642003__example0,642003,example,레이더 서비스
642003__example1,642003,example,방송 전송 서비스
642003__example2,642003,example,미사일 유도 서비스
642003__example3,642003,example,통신 위성 지구국 운영
642003__example4,642003,example,통신 중계 서비스
642003__example5,642003,example,통신 위성 운영
642003__xref0,642003,xref,무선 표지 및 레이더 통신소
642003__xref1,642003,xref,통신위성 운영
642003__xref2,642003,xref,전기 통신업
642004__name0,642004,name,포털 및 기타 인터넷 정보 매개 서비스업
642004__hier0,642004,hier,"정보통신업 > 정보서비스업 > 자료 처리, 호스팅, 포털 및 기타 인터넷 정보 매개 서비스업 > 포털 및 기타 인터넷 정보 매개 서비스업"
642004__example0,642004,example,포털 서비스
642004__example1,642004,example,인터넷 정보 매개 서비스
642005__name0,642005,name,유선 통신업
642005__hier0,642005,hier,정보통신업 > 우편 및 통신업 > 전기 통신업 > 유선 통신업
642005__example0,642005,example,유선 전화 서비스
642005__example1,642005,example,유선 전신 및 전보 서비스
642005__example2,642005,example,유선 인터넷 서비스
642005__example3,642005,example,유선 통신 회선설비 임대
642005__xref0,642005,xref,전기 통신업
659201__name0,659201,name,국내은행
659201__hier0,659201,hier,금융 및 보험업 > 금융업 > 은행 및 저축기관 > 일반은행
659201__example0,659201,example,시중은행
659201__example1,659201,example,지방은행
659201__example2,659201,example,농협중앙회
659201__example3,659201,example,수협중앙회
659201__example4,659201,example,축협중앙회
659201__xref0,659201,xref,금융기관의 현물환 서비스
659202__name0,659202,name,신용조합
659202__hier0,659202,hier,금융 및 보험업 > 금융업 > 은행 및 저축기관 > 신용조합 및 저축기관
659202__example0,659202,example,신용협동조합
659202__example1,659202,example,새마을금고
659202__example2,659202,example,"농협, 축협, 수협의 단위조합"
659202__example3,659202,example,산림조합
659202__xref0,659202,xref,수협의 단위 조합
659202__xref1,659202,xref,금융기관의 현물환 서비스
659203__name0,659203,name,그 외 기타 여신 금융업
659203__hier0,659203,hier,금융 및 보험업 > 금융업 > 기타 금융업 > 여신 금융업
659203__desc0,659203,desc,금융기관 이외
659203__example0,659203,example,재할인 개인 대출회사(비은행)
659203__example1,659203,example,증권 금융회사
659203__example2,659203,example,전당포
659203__example3,659203,example,파이낸스(여신기관)
659203__example4,659203,example,종합 금융회사
659203__example5,659203,example,매출 채권 등 팩토링(factoring) 금융
659203__example6,659203,example,소비자 단기 자금 대부(사채업)
659203__example7,659203,example,온라인투자연계금융업
659203__xref0,659203,xref,금융기관의 현물환 서비스
659204__name0,659204,name,그 외 기타 여신 금융업
659204__hier0,659204,hier,금융 및 보험업 > 금융업 > 기타 금융업 > 여신 금융업
659204__desc0,659204,desc,전당포업
659204__example0,659204,example,재할인 개인 대출회사(비은행)
659204__example1,659204,example,증권 금융회사
659204__example2,659204,example,전당포
659204__example3,659204,example,파이낸스(여신기관)
659204__example4,659204,example,종합 금융회사
659204__example5,659204,example,매출 채권 등 팩토링(factoring) 금융
659204__example6,659204,example,소비자 단기 자금 대부(사채업)
659204__example7,659204,example,온라인투자연계금융업
659204__xref0,659204,xref,금융기관의 현물환 서비스
659205__name0,659205,name,상호 저축은행 및 기타 저축기관
659205__hier0,659205,hier,금융 및 보험업 > 금융업 > 은행 및 저축기관 > 신용조합 및 저축기관
659205__example0,659205,example,상호 저축은행
659205__example1,659205,example,상호 신용금고
659205__example2,659205,example,우체국 예금
659205__xref0,659205,xref,우편 서비스 기관에서 수행하는 저축 등 금융 활동
659205__xref1,659205,xref,금융기관의 현물환 서비스
659206__name0,659206,name,신용카드 및 할부 금융업
659206__hier0,659206,hier,금융 및 보험업 > 금융업 > 기타 금융업 > 여신 금융업
659206__example0,659206,example,신용카드 금융
659206__example1,659206,example,소비자 할부 금융업
659206__example2,659206,example,캐피탈사
659206__xref0,659206,xref,금융기관의 현물환 서비스
659207__name0,659207,name,외국은행
659207__hier0,659207,hier,금융 및 보험업 > 금융업 > 은행 및 저축기관 > 일반은행
659207__example0,659207,example,외국은행 지점
659207__example1,659207,example,국제기구 은행 지점
659207__xref0,659207,xref,금융기관의 현물환 서비스
659208__name0,659208,name,금융 리스업
659208__hier0,659208,hier,금융 및 보험업 > 금융업 > 기타 금융업 > 여신 금융업
659208__example0,659208,example,금융 리스
659208__xref0,659208,xref,금융기관의 현물환 서비스
659209__name0,659209,name,개발 금융기관
659209__hier0,659209,hier,금융 및 보험업 > 금융업 > 기타 금융업 > 여신 금융업
659209__example0,659209,example,수출입은행
659209__xref0,659209,xref,금융기관의 현물환 서비스
659900__name0,659900,name,기타 금융 투자업
659900__hier0,659900,hier,금융 및 보험업 > 금융업 > 신탁업 및 집합 투자업 > 신탁업 및 집합 투자업
659900__example0,659900,example,투자 매매업
659900__example1,659900,example,"벤처 캐피탈(신기술 사업금융업, 창업 투자회사 등)"
659900__xref0,659900,xref,"자기계정에 의하여 증권을 매수, 매도하는 투자활동"
659900__xref1,659900,xref,금융기관의 현물환 서비스
659901__name0,659901,name,온라인 활용 마케팅 및 관련 사업지원 서비스업
659901__name1,659901,name,그 외 기타 분류 안된 사업 지원 서비스업
659901__hier0,659901,hier,"사업시설 관리, 사업 지원 및 임대 서비스업 > 사업 지원 서비스업 > 기타 사업 지원 서비스업 > 그 외 기타 사업 지원 서비스업"
659901__ksic0,659901,ksic,"온라인 활용 마케팅 및 관련 사업지원 서비스업, 그 외 기타 분류 안된 사업지원 서비스업"
659901__desc0,659901,desc,상품권 매매업
659901__example0,659901,example,모바일 상품권 판매 대행
659901__example1,659901,example,"가스, 전기, 수도 계량 대리"
659902__name0,659902,name,그 외 기타 분류 안된 금융업
659902__hier0,659902,hier,금융 및 보험업 > 금융업 > 기타 금융업 > 그 외 기타 금융업
659902__example0,659902,example,선불카드 발행업
659902__xref0,659902,xref,금융기관의 현물환 서비스
659903__name0,659903,name,신탁업 및 집합 투자업
659903__hier0,659903,hier,금융 및 보험업 > 금융업 > 신탁업 및 집합 투자업 > 신탁업 및 집합 투자업
659903__example0,659903,example,자산 운용회사
659903__example1,659903,example,뮤츄얼 펀드 조성 및 관리
659903__xref0,659903,xref,일반 대중의 신탁 자금 관리 운영
659903__xref1,659903,xref,"자기계정에 의하여 증권을 매수, 매도하는 투자활동"
659903__xref2,659903,xref,고객의 자금을 모집하여 자기계정으로 투자
659903__xref3,659903,xref,금융기관의 현물환 서비스
659904__name0,659904,name,그 외 기타 여신 금융업
659904__hier0,659904,hier,금융 및 보험업 > 금융업 > 기타 금융업 > 여신 금융업
659904__example0,659904,example,재할인 개인 대출회사(비은행)
659904__example1,659904,example,증권 금융회사
659904__example2,659904,example,전당포
659904__example3,659904,example,파이낸스(여신기관)
659904__example4,659904,example,종합 금융회사
659904__example5,659904,example,매출 채권 등 팩토링(factoring) 금융
659904__example6,659904,example,소비자 단기 자금 대부(사채업)
659904__example7,659904,example,온라인투자연계금융업
659904__xref0,659904,xref,금융기관의 현물환 서비스
659905__name0,659905,name,기금 운영업
659905__hier0,659905,hier,금융 및 보험업 > 금융업 > 기타 금융업 > 그 외 기타 금융업
659905__example0,659905,example,주택도시기금
659905__example1,659905,example,금융안정기금
659905__example2,659905,example,"공공 기금 관리(연금, 보험 제외)"
659905__xref0,659905,xref,금융기관의 현물환 서비스
659906__name0,659906,name,지주회사
659906__hier0,659906,hier,금융 및 보험업 > 금융업 > 기타 금융업 > 그 외 기타 금융업
659906__example0,659906,example,금융 지주회사
659906__example1,659906,example,비금융 지주회사
659906__xref0,659906,xref,금융기관의 현물환 서비스
660100__name0,660100,name,생명보험업
660100__hier0,660100,hier,금융 및 보험업 > 보험업 > 보험업 > 생명보험업
660100__example0,660100,example,생명보험
660100__example1,660100,example,연금보험
660100__example2,660100,example,상해보험
660101__name0,660101,name,재보험업
660101__hier0,660101,hier,금융 및 보험업 > 보험업 > 재보험업 > 재보험업
660101__example0,660101,example,손해보험 재보험
660101__example1,660101,example,보증보험 재보험
660101__example2,660101,example,생명보험 재보험
660101__example3,660101,example,화재보험 재보험
660101__xref0,660101,xref,생명 재보험
660101__xref1,660101,xref,생명재보험
660301__name0,660301,name,손해보험업
660301__hier0,660301,hier,금융 및 보험업 > 보험업 > 보험업 > 손해 및 보증보험업
660301__desc0,660301,desc,"자동차보험, 해상보험"
660301__example0,660301,example,화재보험
660301__example1,660301,example,자동차보험
660301__example2,660301,example,해상보험(적하ㆍ선박ㆍ운송보험 등)
660301__example3,660301,example,화물보험
660301__example4,660301,example,재물보험
660301__example5,660301,example,도난보험
660301__example6,660301,example,재산종합보험
660301__example7,660301,example,여행자보험
660301__xref0,660301,xref,손해보험
660302__name0,660302,name,손해보험업
660302__hier0,660302,hier,금융 및 보험업 > 보험업 > 보험업 > 손해 및 보증보험업
660302__desc0,660302,desc,화재보험
660302__example0,660302,example,자동차보험
660302__example1,660302,example,해상보험(적하ㆍ선박ㆍ운송보험 등)
660302__example2,660302,example,화물보험
660302__example3,660302,example,재물보험
660302__example4,660302,example,도난보험
660302__example5,660302,example,재산종합보험
660302__example6,660302,example,여행자보험
660302__xref0,660302,xref,손해보험
660303__name0,660303,name,손해보험업
660303__hier0,660303,hier,금융 및 보험업 > 보험업 > 보험업 > 손해 및 보증보험업
660303__example0,660303,example,화재보험
660303__example1,660303,example,자동차보험
660303__example2,660303,example,해상보험(적하ㆍ선박ㆍ운송보험 등)
660303__example3,660303,example,화물보험
660303__example4,660303,example,재물보험
660303__example5,660303,example,도난보험
660303__example6,660303,example,재산종합보험
660303__example7,660303,example,여행자보험
660303__xref0,660303,xref,손해보험
660304__name0,660304,name,보증보험업
660304__hier0,660304,hier,금융 및 보험업 > 보험업 > 보험업 > 손해 및 보증보험업
660304__example0,660304,example,재정 보증보험
660304__example1,660304,example,수출 보증보험
660304__example2,660304,example,기술 신용보증
660304__example3,660304,example,신용 보증(개인 또는 사업체)
660304__example4,660304,example,주택 보증보험
660304__example5,660304,example,책임보험
660304__xref0,660304,xref,신용보증기금 운영
660304__xref1,660304,xref,보증보험 및 책임보험
660305__name0,660305,name,건강보험업
660305__hier0,660305,hier,"공공 행정, 국방 및 사회보장 행정 > 공공 행정, 국방 및 사회보장 행정 > 사회보장 보험업 및 연금업 > 사회보장보험업"
660305__ksic0,660305,ksic,건강 보험업
660305__xref0,660305,xref,사회보장보험 운영
660306__name0,660306,name,산업 재해 및 기타 사회보장보험업
660306__hier0,660306,hier,"공공 행정, 국방 및 사회보장 행정 > 공공 행정, 국방 및 사회보장 행정 > 사회보장 보험업 및 연금업 > 사회보장보험업"
660306__ksic0,660306,ksic,산업재해 및 기타 사회보장 보험업
660306__example0,660306,example,실업보험
660306__example1,660306,example,산재보험
660306__xref0,660306,xref,사회보장보험 운영
660307__name0,660307,name,개인 공제업
660307__hier0,660307,hier,금융 및 보험업 > 보험업 > 공제업 > 공제업
660307__example0,660307,example,군인공제
660307__example1,660307,example,교원공제
660307__xref0,660307,xref,공제 기금 운영
660308__name0,660308,name,사업 공제업
660308__hier0,660308,hier,금융 및 보험업 > 보험업 > 공제업 > 공제업
660308__example0,660308,example,건설 공제조합
660308__example1,660308,example,주택 공제조합
660308__xref0,660308,xref,공제 기금 운영
660309__name0,660309,name,연금업
660309__hier0,660309,hier,"공공 행정, 국방 및 사회보장 행정 > 공공 행정, 국방 및 사회보장 행정 > 사회보장 보험업 및 연금업 > 연금업"
660309__example0,660309,example,군인연금
660309__example1,660309,example,교원연금
660309__example2,660309,example,공무원연금
660309__example3,660309,example,"면접, 간접"
660309__xref0,660309,xref,연금 기금 관리 운영
671201__name0,671201,name,그 외 기타 금융 지원 서비스업
671201__hier0,671201,hier,금융 및 보험업 > 금융 및 보험관련 서비스업 > 금융 지원 서비스업 > 기타 금융 지원 서비스업
671201__desc0,671201,desc,국공채를 매입하여 증권회사에 직접 납품
671201__example0,671201,example,"금융 거래 결제 및 처리(이체, 지불 등)서비스"
671201__example1,671201,example,"어음, 수표 교환 서비스"
671201__example2,671201,example,지불 결제 사업자(PG) 서비스
671201__example3,671201,example,외국환 서비스
671201__example4,671201,example,증권 및 파생상품 이외의 금융자산 중개
671201__example5,671201,example,대부 중개 서비스
671201__example6,671201,example,현물환 대상 환전 영업자 서비스(개인 대상)
671201__xref0,671201,xref,선불카드 결제 대행 서비스
671202__name0,671202,name,증권 중개업
671202__hier0,671202,hier,금융 및 보험업 > 금융 및 보험관련 서비스업 > 금융 지원 서비스업 > 증권 및 선물 중개업
671202__example0,671202,example,증권회사
671202__example1,671202,example,온라인 증권회사
671202__xref0,671202,xref,온라인상의 증권 중개 서비스
671203__name0,671203,name,선물 중개업
671203__hier0,671203,hier,금융 및 보험업 > 금융 및 보험관련 서비스업 > 금융 지원 서비스업 > 증권 및 선물 중개업
671203__xref0,671203,xref,선물환 중개
671900__name0,671900,name,그 외 기타 금융 지원 서비스업
671900__hier0,671900,hier,금융 및 보험업 > 금융 및 보험관련 서비스업 > 금융 지원 서비스업 > 기타 금융 지원 서비스업
671900__example0,671900,example,"금융 거래 결제 및 처리(이체, 지불 등)서비스"
671900__example1,671900,example,"어음, 수표 교환 서비스"
671900__example2,671900,example,지불 결제 사업자(PG) 서비스
671900__example3,671900,example,외국환 서비스
671900__example4,671900,example,증권 및 파생상품 이외의 금융자산 중개
671900__example5,671900,example,대부 중개 서비스
671900__example6,671900,example,현물환 대상 환전 영업자 서비스(개인 대상)
671900__xref0,671900,xref,선불카드 결제 대행 서비스
671901__name0,671901,name,금융시장 관리업
671901__hier0,671901,hier,금융 및 보험업 > 금융 및 보험관련 서비스업 > 금융 지원 서비스업 > 금융시장 관리업
671901__example0,671901,example,금융 감독
671901__example1,671901,example,증권거래소
671901__example2,671901,example,코스닥거래소
671901__example3,671901,example,선물거래소
671901__example4,671901,example,보험 감독
671902__name0,671902,name,"증권 발행, 관리, 보관 및 거래 지원 서비스업"
671902__hier0,671902,hier,금융 및 보험업 > 금융 및 보험관련 서비스업 > 금융 지원 서비스업 > 기타 금융 지원 서비스업
671902__xref0,671902,xref,수수료 또는 계약에 의한 유가증권 관리 및 보관
671903__name0,671903,name,투자 자문업 및 투자 일임업
671903__hier0,671903,hier,금융 및 보험업 > 금융 및 보험관련 서비스업 > 금융 지원 서비스업 > 기타 금융 지원 서비스업
671903__xref0,671903,xref,금융 투자 일임업
672000__name0,672000,name,보험 대리 및 중개업
672000__hier0,672000,hier,금융 및 보험업 > 금융 및 보험관련 서비스업 > 보험 및 연금관련 서비스업 > 보험 및 연금관련 서비스업
672000__example0,672000,example,생명보험 대리점
672000__example1,672000,example,손해보험 대리점
672000__xref0,672000,xref,보험에 관련된 조사활동
672000__xref1,672000,xref,통신 수단에 의한 보험 대리
672001__name0,672001,name,기타 보험 및 연금관련 서비스업
672001__hier0,672001,hier,금융 및 보험업 > 금융 및 보험관련 서비스업 > 보험 및 연금관련 서비스업 > 보험 및 연금관련 서비스업
672001__example0,672001,example,보험 및 연금 요율 결정
672001__xref0,672001,xref,보험에 관련된 조사 활동
672001__xref1,672001,xref,보험에 관련된 조사활동
701101__name0,701101,name,주거용 건물 임대업
701101__hier0,701101,hier,부동산업 > 부동산업 > 부동산 임대 및 공급업 > 부동산 임대업
701101__desc0,701101,desc,기준싯가 9억 초과
701101__example0,701101,example,주택 임대
701101__example1,701101,example,노인 전용주택 임대
701101__example2,701101,example,아파트 임대
701101__example3,701101,example,이동 주택 임대
701101__xref0,701101,xref,직접 건설한 주거용 건물을 임대하는 경우
701101__xref1,701101,xref,서비스드 레지던스 임대 운영
701101__xref2,701101,xref,노인 전용 주택 임대
701101__xref3,701101,xref,노인 전용 주택 임대 보건업 및 사회복지 서비스업
701102__name0,701102,name,주거용 건물 임대업
701102__hier0,701102,hier,부동산업 > 부동산업 > 부동산 임대 및 공급업 > 부동산 임대업
701102__example0,701102,example,주택 임대
701102__example1,701102,example,노인 전용주택 임대
701102__example2,701102,example,아파트 임대
701102__example3,701102,example,이동 주택 임대
701102__xref0,701102,xref,직접 건설한 주거용 건물을 임대하는 경우
701102__xref1,701102,xref,서비스드 레지던스 임대 운영
701102__xref2,701102,xref,노인 전용 주택 임대
701102__xref3,701102,xref,노인 전용 주택 임대 보건업 및 사회복지 서비스업
701103__name0,701103,name,주거용 건물 임대업(장기임대공동·단독주택)
701103__hier0,701103,hier,부동산업 > 부동산업 > 부동산 임대 및 공급업 > 부동산 임대업
701103__ksic0,701103,ksic,주거용 건물 임대업
701103__desc0,701103,desc,국민주택 5호 이상을 5년 이상 임대한 경우(공동주택 및 단독주택)
701103__example0,701103,example,주택 임대
701103__example1,701103,example,노인 전용주택 임대
701103__example2,701103,example,아파트 임대
701103__example3,701103,example,이동 주택 임대
701103__xref0,701103,xref,직접 건설한 주거용 건물을 임대하는 경우
701103__xref1,701103,xref,서비스드 레지던스 임대 운영
701103__xref2,701103,xref,노인 전용 주택 임대
701103__xref3,701103,xref,노인 전용 주택 임대 보건업 및 사회복지 서비스업
701104__name0,701104,name,주거용 건물 임대업(장기임대다가구주택)
701104__hier0,701104,hier,부동산업 > 부동산업 > 부동산 임대 및 공급업 > 부동산 임대업
701104__ksic0,701104,ksic,주거용 건물 임대업
701104__desc0,701104,desc,국민주택 5호 이상을 5년 이상 임대한 경우(다가구주택)
701104__example0,701104,example,주택 임대
701104__example1,701104,example,노인 전용주택 임대
701104__example2,701104,example,아파트 임대
701104__example3,701104,example,이동 주택 임대
701104__xref0,701104,xref,직접 건설한 주거용 건물을 임대하는 경우
701104__xref1,701104,xref,서비스드 레지던스 임대 운영
701104__xref2,701104,xref,노인 전용 주택 임대
701104__xref3,701104,xref,노인 전용 주택 임대 보건업 및 사회복지 서비스업
701201__name0,701201,name,"비주거용 건물 임대업(점포, 자기땅)"
701201__hier0,701201,hier,부동산업 > 부동산업 > 부동산 임대 및 공급업 > 부동산 임대업
701201__ksic0,701201,ksic,비주거용 건물 임대업
701201__example0,701201,example,사무실 임대
701201__example1,701201,example,쇼핑 센터 임대
701201__example2,701201,example,상점 임대
701201__example3,701201,example,시장 건물 임대
701201__example4,701201,example,오피스텔 임대(비주거용)
701201__example5,701201,example,상업용 건물 임대
701201__example6,701201,example,공업용 건물 임대
701201__example7,701201,example,극장 임대
701201__xref0,701201,xref,전시회장 및 컨벤션장 임대
701201__xref1,701201,xref,공연시설 임대
701202__name0,701202,name,"비주거용 건물 임대업(점포, 타인땅)"
701202__hier0,701202,hier,부동산업 > 부동산업 > 부동산 임대 및 공급업 > 부동산 임대업
701202__ksic0,701202,ksic,비주거용 건물 임대업
701202__desc0,701202,desc,"타인땅, 소규모 점포"
701202__example0,701202,example,사무실 임대
701202__example1,701202,example,쇼핑 센터 임대
701202__example2,701202,example,상점 임대
701202__example3,701202,example,시장 건물 임대
701202__example4,701202,example,오피스텔 임대(비주거용)
701202__example5,701202,example,상업용 건물 임대
701202__example6,701202,example,공업용 건물 임대
701202__example7,701202,example,극장 임대
701202__xref0,701202,xref,전시회장 및 컨벤션장 임대
701202__xref1,701202,xref,공연시설 임대
701203__name0,701203,name,비주거용 건물 임대업
701203__hier0,701203,hier,부동산업 > 부동산업 > 부동산 임대 및 공급업 > 부동산 임대업
701203__desc0,701203,desc,지식산업센터
701203__example0,701203,example,사무실 임대
701203__example1,701203,example,쇼핑 센터 임대
701203__example2,701203,example,상점 임대
701203__example3,701203,example,시장 건물 임대
701203__example4,701203,example,오피스텔 임대(비주거용)
701203__example5,701203,example,상업용 건물 임대
701203__example6,701203,example,공업용 건물 임대
701203__example7,701203,example,극장 임대
701203__xref0,701203,xref,전시회장 및 컨벤션장 임대
701203__xref1,701203,xref,공연시설 임대
701204__name0,701204,name,비주거용 건물 임대업
701204__hier0,701204,hier,부동산업 > 부동산업 > 부동산 임대 및 공급업 > 부동산 임대업
701204__desc0,701204,desc,광고용 건물 임대
701204__example0,701204,example,사무실 임대
701204__example1,701204,example,쇼핑 센터 임대
701204__example2,701204,example,상점 임대
701204__example3,701204,example,시장 건물 임대
701204__example4,701204,example,오피스텔 임대(비주거용)
701204__example5,701204,example,상업용 건물 임대
701204__example6,701204,example,공업용 건물 임대
701204__example7,701204,example,극장 임대
701204__xref0,701204,xref,전시회장 및 컨벤션장 임대
701204__xref1,701204,xref,공연시설 임대
701205__name0,701205,name,비주거용 건물 임대업
701205__hier0,701205,hier,부동산업 > 부동산업 > 부동산 임대 및 공급업 > 부동산 임대업
701205__desc0,701205,desc,공유주방
701205__example0,701205,example,사무실 임대
701205__example1,701205,example,쇼핑 센터 임대
701205__example2,701205,example,상점 임대
701205__example3,701205,example,시장 건물 임대
701205__example4,701205,example,오피스텔 임대(비주거용)
701205__example5,701205,example,상업용 건물 임대
701205__example6,701205,example,공업용 건물 임대
701205__example7,701205,example,극장 임대
701205__xref0,701205,xref,전시회장 및 컨벤션장 임대
701205__xref1,701205,xref,공연시설 임대
701206__name0,701206,name,"비주거용 건물 임대업(점포, 자기땅)"
701206__hier0,701206,hier,부동산업 > 부동산업 > 부동산 임대 및 공급업 > 부동산 임대업
701206__ksic0,701206,ksic,비주거용 건물 임대업
701206__example0,701206,example,사무실 임대
701206__example1,701206,example,쇼핑 센터 임대
701206__example2,701206,example,상점 임대
701206__example3,701206,example,시장 건물 임대
701206__example4,701206,example,오피스텔 임대(비주거용)
701206__example5,701206,example,상업용 건물 임대
701206__example6,701206,example,공업용 건물 임대
701206__example7,701206,example,극장 임대
701206__xref0,701206,xref,전시회장 및 컨벤션장 임대
701206__xref1,701206,xref,공연시설 임대
701300__name0,701300,name,비주거용 건물 임대업
701300__hier0,701300,hier,부동산업 > 부동산업 > 부동산 임대 및 공급업 > 부동산 임대업
701300__example0,701300,example,사무실 임대
701300__example1,701300,example,쇼핑 센터 임대
701300__example2,701300,example,상점 임대
701300__example3,701300,example,시장 건물 임대
701300__example4,701300,example,오피스텔 임대(비주거용)
701300__example5,701300,example,상업용 건물 임대
701300__example6,701300,example,공업용 건물 임대
701300__example7,701300,example,극장 임대
701300__xref0,701300,xref,전시회장 및 컨벤션장 임대
701300__xref1,701300,xref,공연시설 임대
701301__name0,701301,name,주거용 건물 임대업
701301__hier0,701301,hier,부동산업 > 부동산업 > 부동산 임대 및 공급업 > 부동산 임대업
701301__desc0,701301,desc,전대
701301__example0,701301,example,주택 임대
701301__example1,701301,example,노인 전용주택 임대
701301__example2,701301,example,아파트 임대
701301__example3,701301,example,이동 주택 임대
701301__xref0,701301,xref,직접 건설한 주거용 건물을 임대하는 경우
701301__xref1,701301,xref,서비스드 레지던스 임대 운영
701301__xref2,701301,xref,노인 전용 주택 임대
701301__xref3,701301,xref,노인 전용 주택 임대 보건업 및 사회복지 서비스업
701302__name0,701302,name,비주거용 건물 임대업
701302__hier0,701302,hier,부동산업 > 부동산업 > 부동산 임대 및 공급업 > 부동산 임대업
701302__example0,701302,example,사무실 임대
701302__example1,701302,example,쇼핑 센터 임대
701302__example2,701302,example,상점 임대
701302__example3,701302,example,시장 건물 임대
701302__example4,701302,example,오피스텔 임대(비주거용)
701302__example5,701302,example,상업용 건물 임대
701302__example6,701302,example,공업용 건물 임대
701302__example7,701302,example,극장 임대
701302__xref0,701302,xref,전시회장 및 컨벤션장 임대
701302__xref1,701302,xref,공연시설 임대
701400__name0,701400,name,기타 부동산 임대업
701400__hier0,701400,hier,부동산업 > 부동산업 > 부동산 임대 및 공급업 > 부동산 임대업
701400__example0,701400,example,토지 임대
701400__example1,701400,example,이동 주택 용지 임대
701400__example2,701400,example,공터 임대
701501__name0,701501,name,비주거용 건물 임대업(자기땅)
701501__hier0,701501,hier,부동산업 > 부동산업 > 부동산 임대 및 공급업 > 부동산 임대업
701501__ksic0,701501,ksic,비주거용 건물 임대업
701501__desc0,701501,desc,공장재단(자기땅)
701501__example0,701501,example,사무실 임대
701501__example1,701501,example,쇼핑 센터 임대
701501__example2,701501,example,상점 임대
701501__example3,701501,example,시장 건물 임대
701501__example4,701501,example,오피스텔 임대(비주거용)
701501__example5,701501,example,상업용 건물 임대
701501__example6,701501,example,공업용 건물 임대
701501__example7,701501,example,극장 임대
701501__xref0,701501,xref,전시회장 및 컨벤션장 임대
701501__xref1,701501,xref,공연시설 임대
701502__name0,701502,name,비주거용 건물 임대업(타인땅)
701502__hier0,701502,hier,부동산업 > 부동산업 > 부동산 임대 및 공급업 > 부동산 임대업
701502__ksic0,701502,ksic,비주거용 건물 임대업
701502__desc0,701502,desc,공장재단(타인땅)
701502__example0,701502,example,사무실 임대
701502__example1,701502,example,쇼핑 센터 임대
701502__example2,701502,example,상점 임대
701502__example3,701502,example,시장 건물 임대
701502__example4,701502,example,오피스텔 임대(비주거용)
701502__example5,701502,example,상업용 건물 임대
701502__example6,701502,example,공업용 건물 임대
701502__example7,701502,example,극장 임대
701502__xref0,701502,xref,전시회장 및 컨벤션장 임대
701502__xref1,701502,xref,공연시설 임대
701503__name0,701503,name,기타 부동산 임대업(자기땅)
701503__hier0,701503,hier,부동산업 > 부동산업 > 부동산 임대 및 공급업 > 부동산 임대업
701503__ksic0,701503,ksic,기타 부동산 임대업
701503__desc0,701503,desc,광업재단(자기땅)
701503__example0,701503,example,토지 임대
701503__example1,701503,example,이동 주택 용지 임대
701503__example2,701503,example,공터 임대
701504__name0,701504,name,기타 부동산 임대업(타인땅)
701504__hier0,701504,hier,부동산업 > 부동산업 > 부동산 임대 및 공급업 > 부동산 임대업
701504__ksic0,701504,ksic,기타 부동산 임대업
701504__desc0,701504,desc,광업재단(타인땅)
701504__example0,701504,example,토지 임대
701504__example1,701504,example,이동 주택 용지 임대
701504__example2,701504,example,공터 임대
701600__name0,701600,name,무형 재산권 임대업
701600__hier0,701600,hier,"사업시설 관리, 사업 지원 및 임대 서비스업 > 임대업; 부동산 제외 > 무형 재산권 임대업 > 무형 재산권 임대업"
701600__desc0,701600,desc,광업권자ㆍ조광권자의 채굴에 관한 권리의 대여로 인한 수입
701600__example0,701600,example,특허권 임대
701600__example1,701600,example,상표권 임대
701600__example2,701600,example,브랜드 사용권 임대
701600__example3,701600,example,기술 사용권 임대
701600__xref0,701600,xref,운용 리스
701600__xref1,701600,xref,무형 재산권 임대
701700__name0,701700,name,"화장터 운영, 묘지 분양 및 관리업"
701700__hier0,701700,hier,"협회 및 단체, 수리 및 기타 개인 서비스업 > 기타 개인 서비스업 > 그 외 기타 개인 서비스업 > 장례식장 및 관련 서비스업"
701700__desc0,701700,desc,분묘임대수입
701700__example0,701700,example,공원 묘지 분양
701700__example1,701700,example,화장터 운영
701700__example2,701700,example,묘지 관리
701700__example3,701700,example,납골당 운영
701700__xref0,701700,xref,공급업
701700__xref1,701700,xref,묘지 개발 공급
701700__xref2,701700,xref,묘지 분양
702001__name0,702001,name,부동산 분양 대행업
702001__name1,702001,name,부동산 중개 및 대리업
702001__hier0,702001,hier,"부동산업 > 부동산업 > 부동산관련 서비스업 > 부동산 중개, 자문 및 감정 평가업"
702001__ksic0,702001,ksic,"부동산 분양 대행업, 부동산 중개 및 대리업"
702001__example0,702001,example,토지 판매 중개 서비스
702001__example1,702001,example,건물 거래 중개업
702001__example2,702001,example,부동산 임대 중개업
702001__example3,702001,example,토지 임대 중개업
702001__example4,702001,example,부동산 소유권 조사 서비스
702001__example5,702001,example,단순 또는 일괄적인 부동산 분양대행
702001__xref0,702001,xref,온라인상의 부동산 중개 서비스 J
702001__xref1,702001,xref,"부동산 중개, 대리와 관련하여 부수적으로 실시하는 자문 서비스업"
702002__name0,702002,name,부동산 감정 평가업
702002__hier0,702002,hier,"부동산업 > 부동산업 > 부동산관련 서비스업 > 부동산 중개, 자문 및 감정 평가업"
702002__example0,702002,example,부동산 감정 평가 사무소
702002__example1,702002,example,부동산 감정 평가법인
702002__xref0,702002,xref,부동산 감정 평가
702003__name0,702003,name,비주거용 부동산 관리업
702003__hier0,702003,hier,부동산업 > 부동산업 > 부동산관련 서비스업 > 부동산 관리업
702003__example0,702003,example,사무용 건물 관리
702003__xref0,702003,xref,비주거용 부동산 관리활동
702004__name0,702004,name,부동산 투자 자문업
702004__hier0,702004,hier,"부동산업 > 부동산업 > 부동산관련 서비스업 > 부동산 중개, 자문 및 감정 평가업"
702004__example0,702004,example,부동산 구매 자문 서비스업
702004__example1,702004,example,부동산 판매 자문 서비스업
702005__name0,702005,name,주거용 부동산 관리업
702005__hier0,702005,hier,부동산업 > 부동산업 > 부동산관련 서비스업 > 부동산 관리업
702005__example0,702005,example,아파트 관리
703011__name0,703011,name,주거용 건물 개발 및 공급업
703011__hier0,703011,hier,부동산업 > 부동산업 > 부동산 임대 및 공급업 > 부동산 개발 및 공급업
703011__desc0,703011,desc,토지보유 (5년 미만)
703011__example0,703011,example,아파트 위탁 개발 분양
703011__example1,703011,example,주택 위탁 개발 분양
703011__xref0,703011,xref,공급업
703011__xref1,703011,xref,부동산 투자신탁
703011__xref2,703011,xref,부동산 개발 및 공급업
703012__name0,703012,name,주거용 건물 개발 및 공급업
703012__hier0,703012,hier,부동산업 > 부동산업 > 부동산 임대 및 공급업 > 부동산 개발 및 공급업
703012__desc0,703012,desc,토지보유 (5년 이상)
703012__example0,703012,example,아파트 위탁 개발 분양
703012__example1,703012,example,주택 위탁 개발 분양
703012__xref0,703012,xref,공급업
703012__xref1,703012,xref,부동산 투자신탁
703012__xref2,703012,xref,부동산 개발 및 공급업
703014__name0,703014,name,비주거용 건물 개발 및 공급업
703014__hier0,703014,hier,부동산업 > 부동산업 > 부동산 임대 및 공급업 > 부동산 개발 및 공급업
703014__desc0,703014,desc,토지보유 (5년 미만)
703014__example0,703014,example,사무용 건물 위탁 개발 분양
703014__xref0,703014,xref,공급업
703014__xref1,703014,xref,부동산 투자신탁
703014__xref2,703014,xref,부동산 개발 및 공급업
703015__name0,703015,name,기타 부동산 개발 및 공급업
703015__hier0,703015,hier,부동산업 > 부동산업 > 부동산 임대 및 공급업 > 부동산 개발 및 공급업
703015__desc0,703015,desc,토지매매(토지보유5년 미만)
703015__example0,703015,example,농지개발 분양
703015__example1,703015,example,판매
703015__example2,703015,example,용지개발 분양
703015__example3,703015,example,토지개발 분양
703015__example4,703015,example,광산용지 개발 판매
703015__xref0,703015,xref,공급업
703015__xref1,703015,xref,부동산 투자신탁
703015__xref2,703015,xref,부동산 개발 및 공급업
703016__name0,703016,name,비주거용 건물 개발 및 공급업
703016__hier0,703016,hier,부동산업 > 부동산업 > 부동산 임대 및 공급업 > 부동산 개발 및 공급업
703016__desc0,703016,desc,토지보유 (5년 이상)
703016__example0,703016,example,사무용 건물 위탁 개발 분양
703016__xref0,703016,xref,공급업
703016__xref1,703016,xref,부동산 투자신탁
703016__xref2,703016,xref,부동산 개발 및 공급업
703017__name0,703017,name,기타 부동산 개발 및 공급업
703017__hier0,703017,hier,부동산업 > 부동산업 > 부동산 임대 및 공급업 > 부동산 개발 및 공급업
703017__desc0,703017,desc,토지매매(토지보유5년 이상)
703017__example0,703017,example,농지개발 분양
703017__example1,703017,example,판매
703017__example2,703017,example,용지개발 분양
703017__example3,703017,example,토지개발 분양
703017__example4,703017,example,광산용지 개발 판매
703017__xref0,703017,xref,공급업
703017__xref1,703017,xref,부동산 투자신탁
703017__xref2,703017,xref,부동산 개발 및 공급업
703021__name0,703021,name,비주거용 건물 개발 및 공급업
703021__hier0,703021,hier,부동산업 > 부동산업 > 부동산 임대 및 공급업 > 부동산 개발 및 공급업
703021__desc0,703021,desc,도급건설판매(토지보유 5년 미만)
703021__example0,703021,example,사무용 건물 위탁 개발 분양
703021__xref0,703021,xref,공급업
703021__xref1,703021,xref,부동산 투자신탁
703021__xref2,703021,xref,부동산 개발 및 공급업
703022__name0,703022,name,비주거용 건물 개발 및 공급업
703022__hier0,703022,hier,부동산업 > 부동산업 > 부동산 임대 및 공급업 > 부동산 개발 및 공급업
703022__desc0,703022,desc,도급건설판매(토지보유 5년 이상)
703022__example0,703022,example,사무용 건물 위탁 개발 분양
703022__xref0,703022,xref,공급업
703022__xref1,703022,xref,부동산 투자신탁
703022__xref2,703022,xref,부동산 개발 및 공급업
703023__name0,703023,name,비주거용 건물 개발 및 공급업
703023__hier0,703023,hier,부동산업 > 부동산업 > 부동산 임대 및 공급업 > 부동산 개발 및 공급업
703023__desc0,703023,desc,건축시행사(토지보유 5년 미만)
703023__example0,703023,example,사무용 건물 위탁 개발 분양
703023__xref0,703023,xref,공급업
703023__xref1,703023,xref,부동산 투자신탁
703023__xref2,703023,xref,부동산 개발 및 공급업
703024__name0,703024,name,비주거용 건물 개발 및 공급업
703024__hier0,703024,hier,부동산업 > 부동산업 > 부동산 임대 및 공급업 > 부동산 개발 및 공급업
703024__desc0,703024,desc,건축시행사(토지보유 5년 이상)
703024__example0,703024,example,사무용 건물 위탁 개발 분양
703024__xref0,703024,xref,공급업
703024__xref1,703024,xref,부동산 투자신탁
703024__xref2,703024,xref,부동산 개발 및 공급업
712100__name0,712100,name,기타 산업용 기계 및 장비 임대업
712100__hier0,712100,hier,"사업시설 관리, 사업 지원 및 임대 서비스업 > 임대업; 부동산 제외 > 산업용 기계 및 장비 임대업 > 기타 산업용 기계 및 장비 임대업"
712100__desc0,712100,desc,농업용
712100__example0,712100,example,기관 및 터빈 임대
712100__example1,712100,example,장비 임대
712100__example2,712100,example,공작기계 임대
712100__example3,712100,example,측정 및 제어용 기계
712100__example4,712100,example,연극 공연용품 임대
712100__example5,712100,example,광산 및 유전용 장비 임대
712100__example6,712100,example,영화 촬영장비 임대
712100__example7,712100,example,동전 조작식 오락기 임대(사업장 용품)
712100__example8,712100,example,화물 취급장비 임대
712100__example9,712100,example,도박기계 임대
712100__example10,712100,example,벌목장비 임대
712100__example11,712100,example,통신장비 임대
712100__example12,712100,example,농업용 기계 및 장비 임대
712100__example13,712100,example,파렛트 임대
712100__example14,712100,example,각종 장비 종합 임대
712100__example15,712100,example,동물 임대
712100__example16,712100,example,용접장비 임대
712100__xref0,712100,xref,운용 리스
712200__name0,712200,name,기타 운송장비 임대업
712200__hier0,712200,hier,"사업시설 관리, 사업 지원 및 임대 서비스업 > 임대업; 부동산 제외 > 운송장비 임대업 > 기타 운송장비 임대업"
712200__example0,712200,example,컨테이너 임대
712200__example1,712200,example,선박 임대
712200__example2,712200,example,모터사이클 임대
712200__example3,712200,example,철도 차량 임대
712200__example4,712200,example,항공기 임대
712200__example5,712200,example,상업용 보트 임대
712200__example6,712200,example,운전자 없는 운송장비 재임대
712200__example7,712200,example,개인형 이동수단(퍼스널 모빌리티(PM) 등) 임대
712200__xref0,712200,xref,선박 임대 투자회사
712200__xref1,712200,xref,운용 리스
712201__name0,712201,name,기타 산업용 기계 및 장비 임대업
712201__hier0,712201,hier,"사업시설 관리, 사업 지원 및 임대 서비스업 > 임대업; 부동산 제외 > 산업용 기계 및 장비 임대업 > 기타 산업용 기계 및 장비 임대업"
712201__example0,712201,example,기관 및 터빈 임대
712201__example1,712201,example,장비 임대
712201__example2,712201,example,공작기계 임대
712201__example3,712201,example,측정 및 제어용 기계
712201__example4,712201,example,연극 공연용품 임대
712201__example5,712201,example,광산 및 유전용 장비 임대
712201__example6,712201,example,영화 촬영장비 임대
712201__example7,712201,example,동전 조작식 오락기 임대(사업장 용품)
712201__example8,712201,example,화물 취급장비 임대
712201__example9,712201,example,도박기계 임대
712201__example10,712201,example,벌목장비 임대
712201__example11,712201,example,통신장비 임대
712201__example12,712201,example,농업용 기계 및 장비 임대
712201__example13,712201,example,파렛트 임대
712201__example14,712201,example,각종 장비 종합 임대
712201__example15,712201,example,동물 임대
712201__example16,712201,example,용접장비 임대
712201__xref0,712201,xref,운용 리스
712202__name0,712202,name,건설 및 토목공사용 기계ㆍ장비 임대업
712202__hier0,712202,hier,"사업시설 관리, 사업 지원 및 임대 서비스업 > 임대업; 부동산 제외 > 산업용 기계 및 장비 임대업 > 건설 및 토목공사용 기계ㆍ장비 임대업"
712202__example0,712202,example,"굴착기, 굴삭기, 포크레인 임대"
712202__example1,712202,example,건설용 거푸집(유로폼) 임대
712202__xref0,712202,xref,운용 리스
712202__xref1,712202,xref,장비 임대(운전자 없이
712203__name0,712203,name,컴퓨터 및 사무용 기계ㆍ장비 임대업
712203__hier0,712203,hier,"사업시설 관리, 사업 지원 및 임대 서비스업 > 임대업; 부동산 제외 > 산업용 기계 및 장비 임대업 > 컴퓨터 및 사무용 기계ㆍ장비 임대업"
712203__example0,712203,example,팩시밀리 임대
712203__example1,712203,example,복사기 임대
712203__example2,712203,example,사무용 가구 임대
712203__example3,712203,example,현금 등록기 임대
712203__example4,712203,example,회계 기계
712203__example5,712203,example,장비 임대 및 업 임설
712203__xref0,712203,xref,운용 리스
712203__xref1,712203,xref,장비 임대(조작자 없이
713001__name0,713001,name,그 외 기타 개인 및 가정용품 임대업
713001__hier0,713001,hier,"사업시설 관리, 사업 지원 및 임대 서비스업 > 임대업; 부동산 제외 > 개인 및 가정용품 임대업 > 기타 개인 및 가정용품 임대업"
713001__example0,713001,example,주방 및 식탁용품 임대
713001__example1,713001,example,가전제품 임대
713001__example2,713001,example,가정용 가구 임대
713001__example3,713001,example,가정용 기기 임대
713001__example4,713001,example,휠체어 임대
713001__example5,713001,example,"화환, 화분 임대"
713001__example6,713001,example,장신구 임대
713001__example7,713001,example,가정용 직물제품 임대
713001__example8,713001,example,정원용품 임대
713001__example9,713001,example,악기 임대
713001__xref0,713001,xref,운용 리스
713001__xref1,713001,xref,정원용 장비 임대
713002__name0,713002,name,스포츠 및 레크리에이션 용품 임대업
713002__hier0,713002,hier,"사업시설 관리, 사업 지원 및 임대 서비스업 > 임대업; 부동산 제외 > 개인 및 가정용품 임대업 > 스포츠 및 레크리에이션 용품 임대업"
713002__example0,713002,example,스키 임대
713002__example1,713002,example,장난감 임대
713002__example2,713002,example,자전거 임대
713002__example3,713002,example,물놀이 기구 임대
713002__xref0,713002,xref,운용 리스
713002__xref1,713002,xref,오락 용도의 개인형 이동수단 임대
713002__xref2,713002,xref,물놀이시설과 별개로 운영하는 레크리에이션용 보트 임대
713002__xref3,713002,xref,"자전거, 경기용품 및 기타 오락용품 임대"
713003__name0,713003,name,기타 산업용 기계 및 장비 임대업
713003__hier0,713003,hier,"사업시설 관리, 사업 지원 및 임대 서비스업 > 임대업; 부동산 제외 > 산업용 기계 및 장비 임대업 > 기타 산업용 기계 및 장비 임대업"
713003__desc0,713003,desc,연극공연 및 영화제작 용품임대
713003__example0,713003,example,기관 및 터빈 임대
713003__example1,713003,example,장비 임대
713003__example2,713003,example,공작기계 임대
713003__example3,713003,example,측정 및 제어용 기계
713003__example4,713003,example,연극 공연용품 임대
713003__example5,713003,example,광산 및 유전용 장비 임대
713003__example6,713003,example,영화 촬영장비 임대
713003__example7,713003,example,동전 조작식 오락기 임대(사업장 용품)
713003__example8,713003,example,화물 취급장비 임대
713003__example9,713003,example,도박기계 임대
713003__example10,713003,example,벌목장비 임대
713003__example11,713003,example,통신장비 임대
713003__example12,713003,example,농업용 기계 및 장비 임대
713003__example13,713003,example,파렛트 임대
713003__example14,713003,example,각종 장비 종합 임대
713003__example15,713003,example,동물 임대
713003__example16,713003,example,용접장비 임대
713003__xref0,713003,xref,운용 리스
713004__name0,713004,name,음반 및 비디오물 임대업
713004__hier0,713004,hier,"사업시설 관리, 사업 지원 및 임대 서비스업 > 임대업; 부동산 제외 > 개인 및 가정용품 임대업 > 음반 및 비디오물 임대업"
713004__example0,713004,example,비디오테이프 임대
713004__example1,713004,example,오디오 테이프 임대
713004__example2,713004,example,게임 소프트웨어 임대
713004__xref0,713004,xref,일반 대중을 상대로 비디오를 임대하는 산업활동
713004__xref1,713004,xref,운용 리스
713005__name0,713005,name,서적 임대업
713005__hier0,713005,hier,"사업시설 관리, 사업 지원 및 임대 서비스업 > 임대업; 부동산 제외 > 개인 및 가정용품 임대업 > 기타 개인 및 가정용품 임대업"
713005__example0,713005,example,만화책 임대
713005__xref0,713005,xref,운용 리스
713005__xref1,713005,xref,서적을 임대하는 활동 비 스및
713006__name0,713006,name,의류 임대업
713006__hier0,713006,hier,"사업시설 관리, 사업 지원 및 임대 서비스업 > 임대업; 부동산 제외 > 개인 및 가정용품 임대업 > 기타 개인 및 가정용품 임대업"
713006__example0,713006,example,웨딩드레스 임대
713006__example1,713006,example,상복 임대
713006__example2,713006,example,연극 의류 임대
713006__example3,713006,example,영화 의류 임대
713006__example4,713006,example,의복 임대
713006__xref0,713006,xref,운용 리스
721000__name0,721000,name,컴퓨터 시스템 통합 자문 및 구축 서비스업
721000__hier0,721000,hier,"정보통신업 > 컴퓨터 프로그래밍, 시스템 통합 및 관리업 > 컴퓨터 프로그래밍, 시스템 통합 및 관리업 > 컴퓨터 시스템 통합 자문, 구축 및 관리업"
721000__xref0,721000,xref,컴퓨터 시스템 통합 자문 및 구축 서비스
721001__name0,721001,name,컴퓨터시설 관리업
721001__hier0,721001,hier,"정보통신업 > 컴퓨터 프로그래밍, 시스템 통합 및 관리업 > 컴퓨터 프로그래밍, 시스템 통합 및 관리업 > 컴퓨터 시스템 통합 자문, 구축 및 관리업"
721001__xref0,721001,xref,컴퓨터 시설 위탁 관리 서비스
721001__xref1,721001,xref,관리 대리
722000__name0,722000,name,응용 소프트웨어 개발 및 공급업
722000__hier0,722000,hier,정보통신업 > 출판업 > 소프트웨어 개발 및 공급업 > 시스템ㆍ응용 소프트웨어 개발 및 공급업
722000__example0,722000,example,통계 처리 프로그램 개발
722000__example1,722000,example,사무용 S/W 개발
722000__example2,722000,example,회계용 S/W 개발
722000__example3,722000,example,기업 관리용(ERP) S/W 개발
722000__example4,722000,example,임베디드용 응용 S/W 개발
722000__example5,722000,example,응용 소프트웨어 소스 코드(source code) 개발
722000__example6,722000,example,공급
722000__example7,722000,example,인터넷 및 모바일용 응용 S/W 개발
722000__xref0,722000,xref,패키지형(범용성) 소프트웨어 개발 및 공급
722000__xref1,722000,xref,범용성 응용 소프트웨어 개발
722001__name0,722001,name,유선 온라인 게임 소프트웨어 개발 및 공급업
722001__hier0,722001,hier,정보통신업 > 출판업 > 소프트웨어 개발 및 공급업 > 게임 소프트웨어 개발 및 공급업
722001__example0,722001,example,유선 온라인 게임 S/W 개발
722001__example1,722001,example,탁상 컴퓨터용 온라인 게임 S/W 개발
722001__example2,722001,example,유선 인터넷 온라인 게임 S/W 공급(저작권 보유)
722001__xref0,722001,xref,게임 소프트웨어 개발
722001__xref1,722001,xref,패키지형(범용성) 소프트웨어 개발 및 공급
722002__name0,722002,name,모바일 게임 소프트웨어 개발 및 공급업
722002__hier0,722002,hier,정보통신업 > 출판업 > 소프트웨어 개발 및 공급업 > 게임 소프트웨어 개발 및 공급업
722002__example0,722002,example,무선 온라인 게임 S/W 개발
722002__example1,722002,example,휴대폰용 온라인 게임 S/W 개발
722002__example2,722002,example,PDA용 게임 S/W 개발
722002__example3,722002,example,모바일용 게임 S/W 개발
722002__example4,722002,example,모바일용 온라인 게임 S/W 공급(저작권 보유)
722002__example5,722002,example,모바일용 암호화(크립토) 게임 소프트웨어 개발 및 공급
722002__xref0,722002,xref,게임 소프트웨어 개발
722002__xref1,722002,xref,패키지형(범용성) 소프트웨어 개발 및 공급
722003__name0,722003,name,기타 게임 소프트웨어 개발 및 공급업
722003__hier0,722003,hier,정보통신업 > 출판업 > 소프트웨어 개발 및 공급업 > 게임 소프트웨어 개발 및 공급업
722003__example0,722003,example,아케이드 게임 S/W 개발업
722003__example1,722003,example,컴퓨터 패키지게임 S/W 개발
722003__example2,722003,example,비디오 콘솔 게임 S/W 개발
722003__example3,722003,example,휴대 게임기용 게임 S/W 개발
722003__xref0,722003,xref,PC 패키지 게임 S/W 개발
722003__xref1,722003,xref,아케이드 게임 및 비디오 게임 S/W 개발
722003__xref2,722003,xref,오프라인용 컴퓨터 게임 소프트웨어 개발 및 공급
722003__xref3,722003,xref,게임 소프트웨어 개발
722003__xref4,722003,xref,패키지형(범용성) 소프트웨어 개발 및 공급
722004__name0,722004,name,시스템 소프트웨어 개발 및 공급업
722004__hier0,722004,hier,정보통신업 > 출판업 > 소프트웨어 개발 및 공급업 > 시스템ㆍ응용 소프트웨어 개발 및 공급업
722004__example0,722004,example,운영체제(OS) 개발
722004__example1,722004,example,시스템 관리(SMS) S/W 개발
722004__example2,722004,example,DBMS 개발
722004__example3,722004,example,보안 프로그램 개발
722004__example4,722004,example,프로그램밍 언어 개발
722004__example5,722004,example,임베디드용 시스템 S/W 개발
722004__example6,722004,example,유틸리티 S/W 개발
722004__xref0,722004,xref,패키지형(범용성) 소프트웨어 개발 및 공급
722005__name0,722005,name,컴퓨터 프로그래밍 서비스업
722005__hier0,722005,hier,"정보통신업 > 컴퓨터 프로그래밍, 시스템 통합 및 관리업 > 컴퓨터 프로그래밍, 시스템 통합 및 관리업 > 컴퓨터 프로그래밍 서비스업"
722005__example0,722005,example,주문형 응용 소프트웨어 제작
722005__example1,722005,example,주문형 컴퓨터 소프트웨어 분석
722005__example2,722005,example,설계
723000__name0,723000,name,자료 처리업
723000__hier0,723000,hier,"정보통신업 > 정보서비스업 > 자료 처리, 호스팅, 포털 및 기타 인터넷 정보 매개 서비스업 > 자료 처리, 호스팅 및 관련 서비스업"
723000__example0,723000,example,자료 입력 처리
723000__example1,723000,example,OMR 및 OCR 자료 처리
723000__example2,723000,example,자료 전환 처리 서비스
723000__example3,723000,example,자료 스캐닝 서비스
723001__name0,723001,name,오디오물 제공 서비스업
723001__name1,723001,name,호스팅 및 관련 서비스업
723001__hier0,723001,hier,"정보통신업 > 방송 및 영상·오디오물 제공 서비스업, 정보서비스업 > 영상·오디오물 제공 서비스업, 자료 처리, 호스팅, 포털 및 기타 인터넷 정보 매개 서비스업 > 오디오물 제공 서비스업, 자료 처리, 호스팅 및 관련 서비스업"
723001__ksic0,723001,ksic,"오디오물 제공 서비스업, 호스팅 및 관련 서비스업"
723001__example0,723001,example,음악 파일 다운로드 서비스(출판사 제외)
723001__example1,723001,example,음악 및 오디오물 스트리밍 서비스
723001__example2,723001,example,웹 호스팅 서비스
723001__example3,723001,example,서버 호스팅 서비스
723001__example4,723001,example,IDC 센터
723001__example5,723001,example,코로케이션 서비스
723001__xref0,723001,xref,음악 파일 내려 받기(다운로드) 서비스
723001__xref1,723001,xref,방송사의 프로그램에서 일상적으로 수행되는 뉴스 제공
724000__name0,724000,name,영상물 제공 서비스업
724000__name1,724000,name,오디오물 제공 서비스업
724000__name2,724000,name,데이터베이스 및 온라인 정보 제공업
724000__hier0,724000,hier,"정보통신업 > 방송 및 영상·오디오물 제공 서비스업, 정보서비스업 > 영상·오디오물 제공 서비스업, 기타 정보 서비스업 > 영상물 제공 서비스업, 오디오물 제공 서비스업, 그 외 기타 정보 서비스업"
724000__ksic0,724000,ksic,"영상물 제공 서비스업, 오디오물 제공 서비스업, 데이터베이스 및 온라인 정보 제공업"
724000__example0,724000,example,영상 파일 다운로드 서비스(제작사 제외)
724000__example1,724000,example,영상물 관련 스트리밍 서비스
724000__example2,724000,example,인터넷(온라인) 동영상 서비스(OTT)
724000__example3,724000,example,음악 파일 다운로드 서비스(출판사 제외)
724000__example4,724000,example,음악 및 오디오물 스트리밍 서비스
724000__example5,724000,example,학습 정보 온라인 서비스
724000__example6,724000,example,전자책 온라인 서비스
724000__xref0,724000,xref,음악 파일 내려 받기(다운로드) 서비스
724000__xref1,724000,xref,데이터베이스를 직접 구축하여 정보를 판매하는 서비스
724000__xref2,724000,xref,방송사의 프로그램에서 일상적으로 수행되는 뉴스 제공
724000__xref3,724000,xref,데이터 베이스 구축 활동
724000__xref4,724000,xref,직접 정보를 축적하여 온라인상으로 제공 가술 ， 련스
724001__name0,724001,name,뉴스 제공업
724001__hier0,724001,hier,정보통신업 > 정보서비스업 > 기타 정보 서비스업 > 뉴스 제공업
724001__example0,724001,example,뉴스 공급
724001__example1,724001,example,뉴스 사진 공급
724002__name0,724002,name,가상자산 매매 및 중개업
724002__name1,724002,name,그 외 기타 정보 서비스업
724002__hier0,724002,hier,정보통신업 > 정보서비스업 > 기타 정보 서비스업 > 그 외 기타 정보 서비스업
724002__ksic0,724002,ksic,"가상자산 매매 및 중개업, 그 외 기타 정보 서비스업"
724002__example0,724002,example,가상자산 매매 및 중개
724002__example1,724002,example,가상화폐 매매 및 중개
724002__example2,724002,example,암호화폐 매매 및 중개
724002__example3,724002,example,개발 금융
725000__name0,725000,name,컴퓨터 및 주변 기기 수리업
725000__hier0,725000,hier,"협회 및 단체, 수리 및 기타 개인 서비스업 > 개인 및 소비용품 수리업 > 컴퓨터 및 통신장비 수리업 > 컴퓨터 및 주변 기기 수리업"
725000__example0,725000,example,컴퓨터 수리
725000__example1,725000,example,주변기기 수리 스수 업리
725000__xref0,725000,xref,"냉장고, 룸에어콘 등 가정용 기기 수리"
725000__xref1,725000,xref,수리 스사 업업
729000__name0,729000,name,기타 정보 기술 및 컴퓨터 운영 관련 서비스업
729000__hier0,729000,hier,"정보통신업 > 컴퓨터 프로그래밍, 시스템 통합 및 관리업 > 컴퓨터 프로그래밍, 시스템 통합 및 관리업 > 기타 정보 기술 및 컴퓨터 운영 관련 서비스업"
729000__example0,729000,example,컴퓨터 장애 복구
729000__example1,729000,example,컴퓨터 및 소프트웨어 설치
729000__example2,729000,example,암호화 자산 취득용 하드웨어 및 소프트웨어 설치
729000__example3,729000,example,운영
729000__example4,729000,example,블록체인 네트워크 참여방식 신규 블록 생성 서비스
729000__xref0,729000,xref,"가상자산(가상화폐, 암호화폐) 채굴"
730000__name0,730000,name,기타 인문 및 사회과학 연구개발업
730000__hier0,730000,hier,"전문, 과학 및 기술 서비스업 > 연구개발업 > 인문 및 사회과학 연구개발업 > 인문 및 사회과학 연구개발업"
730000__example0,730000,example,술문
730000__example1,730000,example,심리학 연구
730000__example2,730000,example,정치학 연구
730000__example3,730000,example,사회학 연구
730000__example4,730000,example,문화학 연구 학 업및
730000__example5,730000,example,철학 연구
730000__example6,730000,example,역사학 연구
730000__example7,730000,example,복지학 연구
730000__example8,730000,example,도시계획학 연구
730000__example9,730000,example,교육학 연구
730000__example10,730000,example,법학 연구
730000__example11,730000,example,언어학 연구
730000__example12,730000,example,군사학 연구
730000__example13,730000,example,인류학
730000__example14,730000,example,종족학
730000__example15,730000,example,인구학 연구
730000__example16,730000,example,인간
730000__example17,730000,example,경제
730000__example18,730000,example,사회 지리학 연구
730000__xref0,730000,xref,역사학 연구 기전 술문
730000__xref1,730000,xref,연구 및 실험 개발
730001__name0,730001,name,"물리, 화학 및 생물학 연구개발업"
730001__hier0,730001,hier,"전문, 과학 및 기술 서비스업 > 연구개발업 > 자연과학 및 공학 연구개발업 > 자연과학 연구개발업"
730001__example0,730001,example,물리화학 연구
730001__example1,730001,example,핵물리 연구
730001__example2,730001,example,유기화학 연구
730001__example3,730001,example,에너지 분자 물리 연구
730001__example4,730001,example,생화학 연구
730001__example5,730001,example,생태학 연구
730001__example6,730001,example,미생물학 연구
730001__example7,730001,example,천문학 연구
730001__example8,730001,example,무기화학 연구
730001__example9,730001,example,발효학 연구
730001__example10,730001,example,동식물 생리학 연구
730001__example11,730001,example,우주과학 연구
730001__example12,730001,example,생물학 연구
730001__example13,730001,example,식물학 연구
730001__example14,730001,example,박테리아학 연구
730001__example15,730001,example,동물학 연구
730001__example16,730001,example,곤충학 연구
730001__example17,730001,example,식물 유전학 연구
730001__xref0,730001,xref,연구 및 실험 개발
730002__name0,730002,name,농림수산학 및 수의학 연구개발업
730002__hier0,730002,hier,"전문, 과학 및 기술 서비스업 > 연구개발업 > 자연과학 및 공학 연구개발업 > 자연과학 연구개발업"
730002__example0,730002,example,농경학 연구
730002__example1,730002,example,조경학 연구
730002__example2,730002,example,수의학 연구
730002__example3,730002,example,낙농학 연구
730002__example4,730002,example,수산학 연구
730002__example5,730002,example,종묘학 연구
730002__example6,730002,example,원예학 연구
730002__example7,730002,example,축산학 연구
730002__xref0,730002,xref,종자 신품종 개발을 위한 연구활동
730002__xref1,730002,xref,연구 및 실험 개발
730003__name0,730003,name,의학 및 약학 연구개발업
730003__hier0,730003,hier,"전문, 과학 및 기술 서비스업 > 연구개발업 > 자연과학 및 공학 연구개발업 > 자연과학 연구개발업"
730003__example0,730003,example,정신 의학 연구
730003__example1,730003,example,공중 보건 연구
730003__example2,730003,example,물리 요법 연구
730003__example3,730003,example,암 및 기타 질환 연구
730003__example4,730003,example,"신약 개발 연구 전문, 과학 및 기술 서비스업"
730003__example5,730003,example,"보건학(위생학, 간호학, 전염병학 등)"
730003__xref0,730003,xref,연구 및 실험 개발
730004__name0,730004,name,기타 자연과학 연구개발업
730004__hier0,730004,hier,"전문, 과학 및 기술 서비스업 > 연구개발업 > 자연과학 및 공학 연구개발업 > 자연과학 연구개발업"
730004__example0,730004,example,광물학 연구
730004__example1,730004,example,토양학 연구
730004__example2,730004,example,석유학 연구
730004__example3,730004,example,기상학 연구
730004__example4,730004,example,수학 연구
730004__example5,730004,example,수리 통계학 연구
730004__example6,730004,example,지구과학 연구
730004__example7,730004,example,지진학 연구
730004__example8,730004,example,지질학 연구
730004__example9,730004,example,지구 물리학 연구
730004__example10,730004,example,대기화학 연구
730004__example11,730004,example,해양학 연구 기전
730004__example12,730004,example,화산학
730004__example13,730004,example,고생태학 술문
730004__example14,730004,example,컴퓨터 과학(소프트웨어 부문) 과 업및
730004__xref0,730004,xref,지질학 연구 M
730004__xref1,730004,xref,연구 및 실험 개발
730005__name0,730005,name,전기ㆍ전자공학 연구개발업
730005__hier0,730005,hier,"전문, 과학 및 기술 서비스업 > 연구개발업 > 자연과학 및 공학 연구개발업 > 공학 연구개발업"
730005__example0,730005,example,전기 및 전자공학 연구
730005__example1,730005,example,통신 및 관련 시스템공학 연구
730005__example2,730005,example,컴퓨터 공학(하드웨어 부문) 연구
730005__xref0,730005,xref,연구 및 실험 개발
730006__name0,730006,name,기타 공학 연구개발업
730006__hier0,730006,hier,"전문, 과학 및 기술 서비스업 > 연구개발업 > 자연과학 및 공학 연구개발업 > 공학 연구개발업"
730006__example0,730006,example,화학공학 연구
730006__example1,730006,example,해양공학 연구
730006__example2,730006,example,항공공학 연구
730006__example3,730006,example,기계공학 연구
730006__example4,730006,example,환경공학 연구
730006__example5,730006,example,핵공학 연구
730006__example6,730006,example,조선공학 연구
730006__example7,730006,example,건축 및 토목공학 연구
730006__example8,730006,example,산업 관련 시스템공학 연구
730006__example9,730006,example,우주공학 연구
730006__example10,730006,example,금속 및 재료공학 연구
730006__example11,730006,example,식품 생산공학 연구
730006__example12,730006,example,금속ㆍ광산ㆍ섬유공학 연구
730006__example13,730006,example,도시공학 연구
730006__example14,730006,example,구조공학 연구
730006__example15,730006,example,측지학 연구
730006__xref0,730006,xref,연구 및 실험 개발
730007__name0,730007,name,자연과학 및 공학 융합 연구개발업
730007__hier0,730007,hier,"전문, 과학 및 기술 서비스업 > 연구개발업 > 자연과학 및 공학 연구개발업 > 자연과학 및 공학 융합 연구개발업"
730007__xref0,730007,xref,연구 및 실험 개발
730008__name0,730008,name,경제 및 경영학 연구개발업
730008__hier0,730008,hier,"전문, 과학 및 기술 서비스업 > 연구개발업 > 인문 및 사회과학 연구개발업 > 인문 및 사회과학 연구개발업"
730008__example0,730008,example,경제학 연구
730008__example1,730008,example,경영학 연구
730008__example2,730008,example,경제 통계학 연구
730008__example3,730008,example,사회 통계학 연구
730008__xref0,730008,xref,연구 및 실험 개발
741101__name0,741101,name,변호사업
741101__hier0,741101,hier,"전문, 과학 및 기술 서비스업 > 전문 서비스업 > 법무관련 서비스업 > 법무관련 서비스업"
741101__example0,741101,example,변호사 사무
741101__example1,741101,example,소송 대리인
741101__example2,741101,example,공증 변호인
741101__example3,741101,example,소송 사건 법률 상담
741101__xref0,741101,xref,변호사의 중재 활동 기전
741101__xref1,741101,xref,형사 사건에 대한 조언 및 대리
741104__name0,741104,name,변리사업
741104__hier0,741104,hier,"전문, 과학 및 기술 서비스업 > 전문 서비스업 > 법무관련 서비스업 > 법무관련 서비스업"
741104__example0,741104,example,특허 사무
741104__example1,741104,example,변리사 사무
741104__example2,741104,example,저작권 관련 법률 사무
741106__name0,741106,name,기타 법무관련 서비스업(공증인)
741106__hier0,741106,hier,"전문, 과학 및 기술 서비스업 > 전문 서비스업 > 법무관련 서비스업 > 법무관련 서비스업"
741106__ksic0,741106,ksic,기타 법무관련 서비스업
741106__desc0,741106,desc,공증인
741106__example0,741106,example,행정 서류 작성 대행
741106__example1,741106,example,여권 서류 작성 대행
741106__example2,741106,example,대서 사무(행정관련)
741106__example3,741106,example,행정사 기전 술문
741107__name0,741107,name,법무사업
741107__hier0,741107,hier,"전문, 과학 및 기술 서비스업 > 전문 서비스업 > 법무관련 서비스업 > 법무관련 서비스업"
741107__example0,741107,example,법무사 사무
741107__example1,741107,example,등기관계 서류 작성 대행
741107__example2,741107,example,공탁 증서 작성 대행
741107__example3,741107,example,사법기관 제출 서류 대리 작성
741108__name0,741108,name,기타 법무관련 서비스업(집행관)
741108__hier0,741108,hier,"전문, 과학 및 기술 서비스업 > 전문 서비스업 > 법무관련 서비스업 > 법무관련 서비스업"
741108__ksic0,741108,ksic,기타 법무관련 서비스업
741108__desc0,741108,desc,집행관
741108__example0,741108,example,행정 서류 작성 대행
741108__example1,741108,example,여권 서류 작성 대행
741108__example2,741108,example,대서 사무(행정관련)
741108__example3,741108,example,행정사 기전 술문
741109__name0,741109,name,기타 법무관련 서비스업
741109__hier0,741109,hier,"전문, 과학 및 기술 서비스업 > 전문 서비스업 > 법무관련 서비스업 > 법무관련 서비스업"
741109__desc0,741109,desc,행정사
741109__example0,741109,example,행정 서류 작성 대행
741109__example1,741109,example,여권 서류 작성 대행
741109__example2,741109,example,대서 사무(행정관련)
741109__example3,741109,example,행정사 기전 술문
741110__name0,741110,name,기타 법무관련 서비스업(노무사)
741110__hier0,741110,hier,"전문, 과학 및 기술 서비스업 > 전문 서비스업 > 법무관련 서비스업 > 법무관련 서비스업"
741110__ksic0,741110,ksic,기타 법무관련 서비스업
741110__desc0,741110,desc,공인노무사
741110__example0,741110,example,행정 서류 작성 대행
741110__example1,741110,example,여권 서류 작성 대행
741110__example2,741110,example,대서 사무(행정관련)
741110__example3,741110,example,행정사 기전 술문
741114__name0,741114,name,기타 법무관련 서비스업
741114__hier0,741114,hier,"전문, 과학 및 기술 서비스업 > 전문 서비스업 > 법무관련 서비스업 > 법무관련 서비스업"
741114__example0,741114,example,행정 서류 작성 대행
741114__example1,741114,example,여권 서류 작성 대행
741114__example2,741114,example,대서 사무(행정관련)
741114__example3,741114,example,행정사 기전 술문
741201__name0,741201,name,세무사업
741201__hier0,741201,hier,"전문, 과학 및 기술 서비스업 > 전문 서비스업 > 회계 및 세무관련 서비스업 > 회계 및 세무관련 서비스업"
741202__name0,741202,name,공인회계사업
741202__hier0,741202,hier,"전문, 과학 및 기술 서비스업 > 전문 서비스업 > 회계 및 세무관련 서비스업 > 회계 및 세무관련 서비스업"
741203__name0,741203,name,세무사업(기장대리)
741203__name1,741203,name,기타 회계 관련 서비스업
741203__hier0,741203,hier,"전문, 과학 및 기술 서비스업 > 전문 서비스업 > 회계 및 세무관련 서비스업 > 회계 및 세무관련 서비스업"
741203__desc0,741203,desc,"세무사의 기장대리 보수, 기장대리 보수(세무사 제외)"
741203__example0,741203,example,회계 기장 대리 및 상담
741203__example1,741203,example,부기 전문 사무 대리
741204__name0,741204,name,공인회계사업(기장대리)
741204__name1,741204,name,기타 회계 관련 서비스업
741204__hier0,741204,hier,"전문, 과학 및 기술 서비스업 > 전문 서비스업 > 회계 및 세무관련 서비스업 > 회계 및 세무관련 서비스업"
741204__desc0,741204,desc,"공인회계사의 기장대리 보수, 기장대리 보수(공인회계사 제외)"
741204__example0,741204,example,회계 기장 대리 및 상담
741204__example1,741204,example,부기 전문 사무 대리
741300__name0,741300,name,시장 조사 및 여론 조사업
741300__hier0,741300,hier,"전문, 과학 및 기술 서비스업 > 전문 서비스업 > 시장 조사 및 여론 조사업 > 시장 조사 및 여론 조사업"
741300__example0,741300,example,여론 조사
741300__example1,741300,example,소비
741300__example2,741300,example,구매 습관 조사
741300__example3,741300,example,상품 인기도 조사
741300__example4,741300,example,상품의 시장 잠재력 조사
741400__name0,741400,name,경영 컨설팅업
741400__hier0,741400,hier,"전문, 과학 및 기술 서비스업 > 전문 서비스업 > 회사 본부 및 경영 컨설팅 서비스업 > 경영 컨설팅 및 공공 관계 서비스업"
741400__example0,741400,example,일반 경영 자문
741400__example1,741400,example,전략 기획 자문
741400__example2,741400,example,특정 부문 경영 자문
741400__example3,741400,example,시장 관리 자문
741400__example4,741400,example,생산 관리 자문
741400__example5,741400,example,재정 관리 자문
741400__example6,741400,example,인력 관리 자문
741401__name0,741401,name,경영 컨설팅업(경영지도사)
741401__hier0,741401,hier,"전문, 과학 및 기술 서비스업 > 전문 서비스업 > 회사 본부 및 경영 컨설팅 서비스업 > 경영 컨설팅 및 공공 관계 서비스업"
741401__ksic0,741401,ksic,경영 컨설팅업
741401__desc0,741401,desc,경영지도사
741401__example0,741401,example,일반 경영 자문
741401__example1,741401,example,전략 기획 자문
741401__example2,741401,example,특정 부문 경영 자문
741401__example3,741401,example,시장 관리 자문
741401__example4,741401,example,생산 관리 자문
741401__example5,741401,example,재정 관리 자문
741401__example6,741401,example,인력 관리 자문
741402__name0,741402,name,직원 훈련기관
741402__hier0,741402,hier,교육서비스업 > 교육 서비스업 > 기타 교육기관 > 직원 훈련기관
741402__example0,741402,example,공무원 훈련원
741402__example1,741402,example,기업 직원훈련시설
741402__xref0,741402,xref,학습지 계약 배달 판매(교육 위주
741402__xref1,741402,xref,공무원 교육 및 연수기관
741402__xref2,741402,xref,교육기관
741402__xref3,741402,xref,군사대학
741402__xref4,741402,xref,기술관련 자격증 시험교육
741402__xref5,741402,xref,교육 서비스
741403__name0,741403,name,공공관계 서비스업
741403__hier0,741403,hier,"전문, 과학 및 기술 서비스업 > 전문 서비스업 > 회사 본부 및 경영 컨설팅 서비스업 > 경영 컨설팅 및 공공 관계 서비스업"
741403__example0,741403,example,공공관계(PR) 자문
741403__example1,741403,example,홍보 서비스
741403__example2,741403,example,로비 활동
741403__example3,741403,example,정치 자문
742101__name0,742101,name,측량업
742101__hier0,742101,hier,"전문, 과학 및 기술 서비스업 > 건축 기술, 엔지니어링 및 기타 과학기술 서비스업 > 기타 과학기술 서비스업 > 측량, 지질 조사 및 지도 제작업"
742101__example0,742101,example,지형 측량 서비스
742101__example1,742101,example,수로 측량 서비스
742101__example2,742101,example,항공 측량 서비스
742102__name0,742102,name,지질 조사·탐사 및 지도 제작업
742102__hier0,742102,hier,"전문, 과학 및 기술 서비스업 > 건축 기술, 엔지니어링 및 기타 과학기술 서비스업 > 기타 과학기술 서비스업 > 측량, 지질 조사 및 지도 제작업"
742102__example0,742102,example,지질 조사
742102__example1,742102,example,지질 조사 관련 측량
742102__example2,742102,example,지구 물리학적 탐사 및 개발
742102__example3,742102,example,지도 제작
742102__example4,742102,example,해도 제작
742102__example5,742102,example,교통 지도 제작
742102__example6,742102,example,군사 지도 제작
742102__example7,742102,example,관광 지도 제작
742102__example8,742102,example,수치 지도 제작
742102__xref0,742102,xref,지구물리학적 지질 조사 및 탐사업
742102__xref1,742102,xref,지도 및 해도를 제작하는 산업활동
742102__xref2,742102,xref,측량 활동의 결합 여부를 불문한 지도 제작 활동
742103__name0,742103,name,건축 설계 및 관련 서비스업
742103__hier0,742103,hier,"전문, 과학 및 기술 서비스업 > 건축 기술, 엔지니어링 및 기타 과학기술 서비스업 > 건축 기술, 엔지니어링 및 관련 기술 서비스업 > 건축 및 조경 설계 서비스업"
742103__example0,742103,example,건축사 사무소
742103__example1,742103,example,건축 상담 기전 술문
742103__example2,742103,example,건축물 설계(엔지니어링 설계 제외) 업및
742103__xref0,742103,xref,소방시설 설계 및 감리
742103__xref1,742103,xref,건물 건축 설계관련 서비스
742104__name0,742104,name,기타 엔지니어링 서비스업
742104__hier0,742104,hier,"전문, 과학 및 기술 서비스업 > 건축 기술, 엔지니어링 및 기타 과학기술 서비스업 > 건축 기술, 엔지니어링 및 관련 기술 서비스업 > 엔지니어링 서비스업"
742104__example0,742104,example,기계 엔지니어링
742104__example1,742104,example,전기 엔지니어링 학 업및
742104__example2,742104,example,전자 엔지니어링
742104__example3,742104,example,지질 엔지니어링
742104__example4,742104,example,해양 엔지니어링
742104__example5,742104,example,교통 시스템 엔지니어링
742104__example6,742104,example,항행용 선박 설계
742104__xref0,742104,xref,소방시설 설계 및 감리
742105__name0,742105,name,건축 설계 및 관련 서비스업(건축사)
742105__hier0,742105,hier,"전문, 과학 및 기술 서비스업 > 건축 기술, 엔지니어링 및 기타 과학기술 서비스업 > 건축 기술, 엔지니어링 및 관련 기술 서비스업 > 건축 및 조경 설계 서비스업"
742105__ksic0,742105,ksic,건축 설계 및 관련 서비스업
742105__desc0,742105,desc,건축사
742105__example0,742105,example,건축사 사무소
742105__example1,742105,example,건축 상담 기전 술문
742105__example2,742105,example,건축물 설계(엔지니어링 설계 제외) 업및
742105__xref0,742105,xref,소방시설 설계 및 감리
742105__xref1,742105,xref,건물 건축 설계관련 서비스
742106__name0,742106,name,건물 및 토목 엔지니어링 서비스업(기술사)
742106__hier0,742106,hier,"전문, 과학 및 기술 서비스업 > 건축 기술, 엔지니어링 및 기타 과학기술 서비스업 > 건축 기술, 엔지니어링 및 관련 기술 서비스업 > 엔지니어링 서비스업"
742106__ksic0,742106,ksic,건물 및 토목 엔지니어링 서비스업
742106__desc0,742106,desc,기술사
742106__example0,742106,example,토목 공학설계
742106__example1,742106,example,토목공사 사업관리
742106__example2,742106,example,토목공사 프로젝트 대행
742106__example3,742106,example,건물 엔지니어링 서비스
742106__xref0,742106,xref,소방시설 설계 및 감리
742106__xref1,742106,xref,건물 및 토목공사 관련 엔지니어링 서비스
742107__name0,742107,name,도시 계획 및 조경 설계 서비스업
742107__hier0,742107,hier,"전문, 과학 및 기술 서비스업 > 건축 기술, 엔지니어링 및 기타 과학기술 서비스업 > 건축 기술, 엔지니어링 및 관련 기술 서비스업 > 건축 및 조경 설계 서비스업"
742107__example0,742107,example,정원 설계
742107__example1,742107,example,산업용 토지 이용 설계
742107__example2,742107,example,골프장 또는 스키장 설계
742107__example3,742107,example,조경 및 경관(익스테리어) 디자인
742107__example4,742107,example,국토 개발 및 토지 이용 계획 설계
742107__xref0,742107,xref,소방시설 설계 및 감리
742107__xref1,742107,xref,조경설계 서비스
742108__name0,742108,name,제도업
742108__hier0,742108,hier,"전문, 과학 및 기술 서비스업 > 건축 기술, 엔지니어링 및 기타 과학기술 서비스업 > 기타 과학기술 서비스업 > 측량, 지질 조사 및 지도 제작업"
742108__example0,742108,example,엔지니어링 설계 제도
742108__example1,742108,example,건축 설계 제도
742108__example2,742108,example,청사진 제도
742108__example3,742108,example,설계 도면 작성
742109__name0,742109,name,건물 및 토목 엔지니어링 서비스업
742109__hier0,742109,hier,"전문, 과학 및 기술 서비스업 > 건축 기술, 엔지니어링 및 기타 과학기술 서비스업 > 건축 기술, 엔지니어링 및 관련 기술 서비스업 > 엔지니어링 서비스업"
742109__example0,742109,example,토목 공학설계
742109__example1,742109,example,토목공사 사업관리
742109__example2,742109,example,토목공사 프로젝트 대행
742109__example3,742109,example,건물 엔지니어링 서비스
742109__xref0,742109,xref,소방시설 설계 및 감리
742109__xref1,742109,xref,건물 및 토목공사 관련 엔지니어링 서비스
742110__name0,742110,name,환경 관련 엔지니어링 서비스업
742110__hier0,742110,hier,"전문, 과학 및 기술 서비스업 > 건축 기술, 엔지니어링 및 기타 과학기술 서비스업 > 건축 기술, 엔지니어링 및 관련 기술 서비스업 > 엔지니어링 서비스업"
742110__example0,742110,example,환경 및 폐기물 처리시설 엔지니어링
742110__example1,742110,example,"대기 관리, 수질 관리, 소음ㆍ진동 관리 시설물 엔지니어링"
742110__example2,742110,example,기타 자연 및 토양 환경 관련 엔지니어링
742110__example3,742110,example,환경 영향 평가
742110__example4,742110,example,환경 부지 평가
742110__xref0,742110,xref,소방시설 설계 및 감리
742113__name0,742113,name,지질 조사·탐사 및 지도 제작업
742113__hier0,742113,hier,"전문, 과학 및 기술 서비스업 > 건축 기술, 엔지니어링 및 기타 과학기술 서비스업 > 기타 과학기술 서비스업 > 측량, 지질 조사 및 지도 제작업"
742113__example0,742113,example,지질 조사
742113__example1,742113,example,지질 조사 관련 측량
742113__example2,742113,example,지구 물리학적 탐사 및 개발
742113__example3,742113,example,지도 제작
742113__example4,742113,example,해도 제작
742113__example5,742113,example,교통 지도 제작
742113__example6,742113,example,군사 지도 제작
742113__example7,742113,example,관광 지도 제작
742113__example8,742113,example,수치 지도 제작
742113__xref0,742113,xref,지구물리학적 지질 조사 및 탐사업
742113__xref1,742113,xref,지도 및 해도를 제작하는 산업활동
742113__xref2,742113,xref,측량 활동의 결합 여부를 불문한 지도 제작 활동
742201__name0,742201,name,"기타 기술 시험, 검사 및 분석업"
742201__hier0,742201,hier,"전문, 과학 및 기술 서비스업 > 건축 기술, 엔지니어링 및 기타 과학기술 서비스업 > 기타 과학기술 서비스업 > 기술 시험, 검사 및 분석업"
742201__example0,742201,example,자동차 품질 검사
742201__example1,742201,example,댐 검사
742201__example2,742201,example,장비 종합 검사
742201__example3,742201,example,비파괴 검사
742201__example4,742201,example,용접 검사
742201__example5,742201,example,기계 및 구조물의 초음파 검사
742202__name0,742202,name,"기타 기술 시험, 검사 및 분석업(기술지도사)"
742202__hier0,742202,hier,"전문, 과학 및 기술 서비스업 > 건축 기술, 엔지니어링 및 기타 과학기술 서비스업 > 기타 과학기술 서비스업 > 기술 시험, 검사 및 분석업"
742202__ksic0,742202,ksic,"기타 기술 시험, 검사 및 분석업"
742202__desc0,742202,desc,기술지도사
742202__example0,742202,example,자동차 품질 검사
742202__example1,742202,example,댐 검사
742202__example2,742202,example,장비 종합 검사
742202__example3,742202,example,비파괴 검사
742202__example4,742202,example,용접 검사
742202__example5,742202,example,기계 및 구조물의 초음파 검사
742203__name0,742203,name,물질 성분 검사 및 분석업
742203__hier0,742203,hier,"전문, 과학 및 기술 서비스업 > 건축 기술, 엔지니어링 및 기타 과학기술 서비스업 > 기타 과학기술 서비스업 > 기술 시험, 검사 및 분석업"
742203__example0,742203,example,식품 검사
742203__example1,742203,example,화학물 성분 검사
742203__example2,742203,example,환경 요인 측정
742203__example3,742203,example,분석
742203__example4,742203,example,대기 오염 측정
742203__example5,742203,example,금속 등 광물의 물리적 성질 분석
742203__example6,742203,example,미생물 성분 분석
742203__example7,742203,example,목재의 물리적 성질 분석
742203__example8,742203,example,수질 자동 측정
742203__xref0,742203,xref,환경 요인 및 오염 측정 서비스
742203__xref1,742203,xref,물질 성분 검사
743001__name0,743001,name,옥외 광고업
743001__hier0,743001,hier,"전문, 과학 및 기술 서비스업 > 전문 서비스업 > 광고업 > 기타 광고업"
743001__example0,743001,example,옥외 광고
743001__example1,743001,example,차량 간판 광고
743001__example2,743001,example,가게 전시물 광고
743001__example3,743001,example,전광판 방송 광고
743001__example4,743001,example,전철 간판 광고
743001__example5,743001,example,광고탑 임대
743001__xref0,743001,xref,광고물 제작 대리
743002__name0,743002,name,광고 대행업
743002__hier0,743002,hier,"전문, 과학 및 기술 서비스업 > 전문 서비스업 > 광고업 > 광고 대행업"
743002__example0,743002,example,라디오 광고 대행
743002__example1,743002,example,텔레비전 광고 대행
743002__example2,743002,example,신문 광고 대행
743002__example3,743002,example,인터넷 광고 대행 기전 술문
743002__xref0,743002,xref,광고물 제작 대리
743003__name0,743003,name,그 외 기타 광고 관련 서비스업
743003__hier0,743003,hier,"전문, 과학 및 기술 서비스업 > 전문 서비스업 > 광고업 > 기타 광고업"
743003__example0,743003,example,신문사 광고 지면 판매 대리
743003__example1,743003,example,텔레비전 광고 시간 판매 대리
743003__example2,743003,example,광고물 배포
743003__example3,743003,example,"광고용 명함, 인사장, 초대장 견본 배부 대리"
743003__example4,743003,example,우편 광고물 배포
743003__example5,743003,example,광고용품 배포 대리
743003__xref0,743003,xref,광고물 제작 대리
743004__name0,743004,name,"광고물 문안, 도안, 설계 등 작성업"
743004__hier0,743004,hier,"전문, 과학 및 기술 서비스업 > 전문 서비스업 > 광고업 > 기타 광고업"
743004__xref0,743004,xref,광고물 제작 대리
743005__name0,743005,name,그 외 기타 광고 관련 서비스업
743005__hier0,743005,hier,"전문, 과학 및 기술 서비스업 > 전문 서비스업 > 광고업 > 기타 광고업"
743005__example0,743005,example,신문사 광고 지면 판매 대리
743005__example1,743005,example,텔레비전 광고 시간 판매 대리
743005__example2,743005,example,광고물 배포
743005__example3,743005,example,"광고용 명함, 인사장, 초대장 견본 배부 대리"
743005__example4,743005,example,우편 광고물 배포
743005__example5,743005,example,광고용품 배포 대리
743005__xref0,743005,xref,광고물 제작 대리
749100__name0,749100,name,고용 알선업
749100__hier0,749100,hier,"사업시설 관리, 사업 지원 및 임대 서비스업 > 사업 지원 서비스업 > 고용 알선 및 인력 공급업 > 고용 알선업"
749100__example0,749100,example,사무 인력 알선
749100__example1,749100,example,개인 및 가사 인력 알선
749100__example2,749100,example,고급 인력 알선(헤드헌터)
749100__example3,749100,example,간호 인력 알선
749100__example4,749100,example,직업소개소
749100__xref0,749100,xref,농업 노동력 이외의 인력공급
749100__xref1,749100,xref,온라인상의 인력 알선 서비스
749101__name0,749101,name,임시 및 일용 인력 공급업
749101__hier0,749101,hier,"사업시설 관리, 사업 지원 및 임대 서비스업 > 사업 지원 서비스업 > 고용 알선 및 인력 공급업 > 인력 공급업"
749101__example0,749101,example,임시 및 일용 근로자 파견업
749101__example1,749101,example,단기 인력 파견업
749101__example2,749101,example,단기 개인 및 가사 인력 공급
749101__example3,749101,example,단기 간호 인력 공급
749101__example4,749101,example,모델 공급
749101__example5,749101,example,단기 산업 노동 인력 공급
749101__example6,749101,example,근로자 단기 파견업
749101__example7,749101,example,인력풀(pool) 공급 운영
749101__example8,749101,example,단기 사무 인력 공급
749101__example9,749101,example,"연극, 영화 단역배우 공급 운영"
749101__xref0,749101,xref,농업 노동력 이외의 인력공급
749101__xref1,749101,xref,"연극, 영화 등 단역배우 공급"
749101__xref2,749101,xref,"인력을 공급, 감독하는 사업체"
749102__name0,749102,name,상용 인력 공급 및 인사관리 서비스업
749102__hier0,749102,hier,"사업시설 관리, 사업 지원 및 임대 서비스업 > 사업 지원 서비스업 > 고용 알선 및 인력 공급업 > 인력 공급업"
749102__example0,749102,example,상용 근로자 파견 및 공급업
749102__xref0,749102,xref,농업 노동력 이외의 인력공급
749102__xref1,749102,xref,"인력을 공급, 감독하는 사업체"
749200__name0,749200,name,경비 및 경호 서비스업
749200__hier0,749200,hier,"사업시설 관리, 사업 지원 및 임대 서비스업 > 사업 지원 서비스업 > 경비, 경호 및 탐정업 > 경비 및 경호 서비스업"
749200__example0,749200,example,경비업
749200__example1,749200,example,순찰 서비스
749200__example2,749200,example,건물 경비
749200__example3,749200,example,사업체 보안 서비스
749200__example4,749200,example,보디가드 서비스
749200__example5,749200,example,경호견 서비스
749200__example6,749200,example,경호 서비스
749201__name0,749201,name,보안 시스템 서비스업
749201__hier0,749201,hier,"사업시설 관리, 사업 지원 및 임대 서비스업 > 사업 지원 서비스업 > 경비, 경호 및 탐정업 > 보안 시스템 서비스업"
749300__name0,749300,name,건축물 일반 청소업
749300__hier0,749300,hier,"사업시설 관리, 사업 지원 및 임대 서비스업 > 사업시설 관리 및 조경 서비스업 > 건물ㆍ산업설비 청소 및 방제 서비스업 > 건물 및 산업설비 청소업"
749300__example0,749300,example,건물 창문 청소
749300__example1,749300,example,건물 외부 청소
749300__example2,749300,example,공중 전화시설 청소
749300__example3,749300,example,구내 청소 대행
749300__example4,749300,example,바닥 청소 및 광택 내기
749300__example5,749300,example,내부 벽 청소
749301__name0,749301,name,하수 처리업
749301__hier0,749301,hier,"수도, 하수 및 폐기물 처리, 원료 재생업 > 하수, 폐수 및 분뇨 처리업 > 하수, 폐수 및 분뇨 처리업 > 하수 및 폐수 처리업"
749301__desc0,749301,desc,하수도관 청소
749301__example0,749301,example,하수 펌프장 운영
749301__example1,749301,example,하수도관시설 운영
749301__example2,749301,example,하수 종말 처리장 운영
749301__xref0,749301,xref,축산분뇨 수집 및 처리
749301__xref1,749301,xref,하수도관 및 하수 처리시설 등 관련 시설 청소
749301__xref2,749301,xref,"하수, 폐기물 및 위생처리 활동"
749302__name0,749302,name,"소독, 구충 및 방제 서비스업"
749302__hier0,749302,hier,"사업시설 관리, 사업 지원 및 임대 서비스업 > 사업시설 관리 및 조경 서비스업 > 건물ㆍ산업설비 청소 및 방제 서비스업 > 소독, 구충 및 방제 서비스업"
749302__example0,749302,example,건물 해충 구제 서비스
749302__example1,749302,example,선박 소독 및 살균 서비스
749302__example2,749302,example,화장실 위생 소독 서비스
749302__example3,749302,example,훈증 소독 서비스
749302__xref0,749302,xref,선박 소독 및 해충 구제 서비스
749303__name0,749303,name,조경관리 및 유지 서비스업
749303__hier0,749303,hier,"사업시설 관리, 사업 지원 및 임대 서비스업 > 사업시설 관리 및 조경 서비스업 > 조경관리 및 유지 서비스업 > 조경관리 및 유지 서비스업"
749303__example0,749303,example,조경수 관리
749303__example1,749303,example,정원수 식재
749303__example2,749303,example,정원관리 대리
749303__example3,749303,example,조경수목 치료 서비스
749303__xref0,749303,xref,공원에 화훼작물 식재 및 관리 활동
749400__name0,749400,name,인물 사진 및 행사용 영상 촬영업
749400__hier0,749400,hier,"전문, 과학 및 기술 서비스업 > 기타 전문, 과학 및 기술 서비스업 > 사진 촬영 및 처리업 > 사진 촬영 및 처리업"
749400__example0,749400,example,초상화 촬영(개인)
749400__example1,749400,example,행사 비디오 촬영
749400__example2,749400,example,여권 사진 촬영
749400__example3,749400,example,학교 사진 촬영
749401__name0,749401,name,그 외 기타 달리 분류되지 않은 개인 서비스업
749401__hier0,749401,hier,"협회 및 단체, 수리 및 기타 개인 서비스업 > 기타 개인 서비스업 > 그 외 기타 개인 서비스업 > 그 외 기타 분류 안된 개인 서비스업"
749401__desc0,749401,desc,즉석 자동사진촬영기 운영
749401__example0,749401,example,구두 닦기
749401__example1,749401,example,대리 시장 보기
749401__example2,749401,example,문신 서비스
749401__example3,749401,example,대리 운전
749401__xref0,749401,xref,동전 조작식 사진촬영기 운영
749401__xref1,749401,xref,동전 조작식 사진 촬영기 운영
749401__xref2,749401,xref,구두닦기
749402__name0,749402,name,상업용 사진 촬영업
749402__hier0,749402,hier,"전문, 과학 및 기술 서비스업 > 기타 전문, 과학 및 기술 서비스업 > 사진 촬영 및 처리업 > 사진 촬영 및 처리업"
749402__example0,749402,example,광고관련 사진 촬영
749402__example1,749402,example,"상품 사진 촬영 전문, 과학 및 기술 서비스업"
749402__example2,749402,example,상업용 사진 촬영
749402__example3,749402,example,산업용 사진 촬영
749402__example4,749402,example,의류 사진 촬영
749402__example5,749402,example,카탈로그 사진 촬영
749402__example6,749402,example,기기 및 건물 사진 촬영
749402__example7,749402,example,홍보 관련 인물 촬영
749402__example8,749402,example,구축물 촬영
749403__name0,749403,name,사진 처리업
749403__hier0,749403,hier,"전문, 과학 및 기술 서비스업 > 기타 전문, 과학 및 기술 서비스업 > 사진 촬영 및 처리업 > 사진 촬영 및 처리업"
749403__example0,749403,example,사진 인화 서비스
749403__example1,749403,example,슬라이드 제작 서비스
749403__example2,749403,example,사진 처리 서비스
749403__example3,749403,example,사진 복원 서비스
749403__example4,749403,example,사진 복사 및 손질 서비스(청사진 복사 제외)
749403__example5,749403,example,마이크로 필름 처리 서비스 기전
749500__name0,749500,name,포장 및 충전업
749500__hier0,749500,hier,"사업시설 관리, 사업 지원 및 임대 서비스업 > 사업 지원 서비스업 > 기타 사업 지원 서비스업 > 그 외 기타 사업 지원 서비스업"
749500__example0,749500,example,상표 부착 서비스
749500__example1,749500,example,여행용구 조립 및 포장
749500__example2,749500,example,부탄 가스 주입
749500__example3,749500,example,의류 포장 및 업 임설
749500__xref0,749500,xref,수수료 또는 계약에 의거 음료를 단순히 포장하는 활동
749500__xref1,749500,xref,일반 상품 포장
749601__name0,749601,name,그 외 기타 분류 안된 사업 지원 서비스업
749601__hier0,749601,hier,"사업시설 관리, 사업 지원 및 임대 서비스업 > 사업 지원 서비스업 > 기타 사업 지원 서비스업 > 그 외 기타 사업 지원 서비스업"
749601__desc0,749601,desc,종이재단 지원 서비스
749601__example0,749601,example,"가스, 전기, 수도 계량 대리"
749602__name0,749602,name,그 외 기타 분류 안된 사업 지원 서비스업
749602__hier0,749602,hier,"사업시설 관리, 사업 지원 및 임대 서비스업 > 사업 지원 서비스업 > 기타 사업 지원 서비스업 > 그 외 기타 사업 지원 서비스업"
749602__desc0,749602,desc,"해태건조, 마세크탄(조개탄) 도급가공, 갈포가공"
749602__example0,749602,example,"가스, 전기, 수도 계량 대리"
749603__name0,749603,name,그 외 기타 분류 안된 사업 지원 서비스업
749603__hier0,749603,hier,"사업시설 관리, 사업 지원 및 임대 서비스업 > 사업 지원 서비스업 > 기타 사업 지원 서비스업 > 그 외 기타 사업 지원 서비스업"
749603__desc0,749603,desc,선박 임가공
749603__example0,749603,example,"가스, 전기, 수도 계량 대리"
749604__name0,749604,name,그 외 기타 분류 안된 사업 지원 서비스업(기타임가공)
749604__hier0,749604,hier,"사업시설 관리, 사업 지원 및 임대 서비스업 > 사업 지원 서비스업 > 기타 사업 지원 서비스업 > 그 외 기타 사업 지원 서비스업"
749604__ksic0,749604,ksic,그 외 기타 분류 안된 사업 지원 서비스업
749604__desc0,749604,desc,기타 임가공
749604__example0,749604,example,"가스, 전기, 수도 계량 대리"
749609__name0,749609,name,온라인 활용 마케팅 및 관련 사업지원 서비스업
749609__name1,749609,name,그 외 기타 분류 안된 사업 지원 서비스업
749609__hier0,749609,hier,"사업시설 관리, 사업 지원 및 임대 서비스업 > 사업 지원 서비스업 > 기타 사업 지원 서비스업 > 그 외 기타 사업 지원 서비스업"
749609__ksic0,749609,ksic,"온라인 활용 마케팅 및 관련 사업지원 서비스업, 그 외 기타 분류 안된 사업 지원 서비스업"
749609__example0,749609,example,모바일 상품권 판매 대행
749609__example1,749609,example,"가스, 전기, 수도 계량 대리"
749901__name0,749901,name,문서 작성 및 복사업
749901__hier0,749901,hier,"사업시설 관리, 사업 지원 및 임대 서비스업 > 사업 지원 서비스업 > 기타 사업 지원 서비스업 > 사무 지원 서비스업"
749901__desc0,749901,desc,속기사
749901__xref0,749901,xref,편지 및 일반 문서 작성 대행 업및
749902__name0,749902,name,번역 및 통역 서비스업
749902__hier0,749902,hier,"전문, 과학 및 기술 서비스업 > 기타 전문, 과학 및 기술 서비스업 > 그 외 기타 전문, 과학 및 기술 서비스업 > 그 외 기타 전문, 과학 및 기술 서비스업"
749902__example0,749902,example,번역 서비스
749902__example1,749902,example,통역 서비스
749903__name0,749903,name,사업 및 무형 재산권 중개업
749903__hier0,749903,hier,"전문, 과학 및 기술 서비스업 > 기타 전문, 과학 및 기술 서비스업 > 그 외 기타 전문, 과학 및 기술 서비스업 > 그 외 기타 전문, 과학 및 기술 서비스업"
749903__desc0,749903,desc,사업 재산권 중개업
749903__example0,749903,example,지적 재산권 감정 및 알선
749903__example1,749903,example,사업체 합병(M&A) 알선 및 자문
749903__example2,749903,example,복제권 감정 및 알선
749903__example3,749903,example,회원권 분양 중개 및 대행
749903__example4,749903,example,"특허권, 저작권 구매 및 임차 중개"
749904__name0,749904,name,손해 사정업
749904__hier0,749904,hier,금융 및 보험업 > 금융 및 보험관련 서비스업 > 보험 및 연금관련 서비스업 > 보험 및 연금관련 서비스업
749904__example0,749904,example,손해사정 사무소
749904__example1,749904,example,손실 평가서비스
749904__xref0,749904,xref,"손해 사정 서비스 전문, 과학 및 기술 서비스업"
749904__xref1,749904,xref,보험에 관련된 조사활동
749905__name0,749905,name,문서 작성 및 복사업
749905__hier0,749905,hier,"사업시설 관리, 사업 지원 및 임대 서비스업 > 사업 지원 서비스업 > 기타 사업 지원 서비스업 > 사무 지원 서비스업"
749905__xref0,749905,xref,편지 및 일반 문서 작성 대행 업및
749906__name0,749906,name,통관 대리 및 관련서비스업
749906__hier0,749906,hier,운수 및 창고업 > 창고 및 운송관련 서비스업 > 기타 운송관련 서비스업 > 그 외 기타 운송관련 서비스업
749906__desc0,749906,desc,관세사
749906__example0,749906,example,수출
749906__example1,749906,example,입 통관절차 대행
749906__example2,749906,example,관세사업
749907__name0,749907,name,"전시, 컨벤션 및 행사 대행업"
749907__hier0,749907,hier,"사업시설 관리, 사업 지원 및 임대 서비스업 > 사업 지원 서비스업 > 기타 사업 지원 서비스업 > 그 외 기타 사업 지원 서비스업"
749907__example0,749907,example,산업 박람회 기획
749907__example1,749907,example,주택 전시회 기획
749907__example2,749907,example,패션쇼 기획
749907__example3,749907,example,전시디자인(전시장 및 전시회 등 관련 지원서비스에 한함)
749907__example4,749907,example,과학 행사 기획
749907__example5,749907,example,문화 행사 기획
749907__example6,749907,example,전시시설 기획 및 연출
749907__xref0,749907,xref,전시시설 기획 및 행사 대행
749909__name0,749909,name,문서 작성 및 복사업
749909__hier0,749909,hier,"사업시설 관리, 사업 지원 및 임대 서비스업 > 사업 지원 서비스업 > 기타 사업 지원 서비스업 > 사무 지원 서비스업"
749909__desc0,749909,desc,복사업
749909__xref0,749909,xref,편지 및 일반 문서 작성 대행 업및
749910__name0,749910,name,시각 디자인업
749910__hier0,749910,hier,"전문, 과학 및 기술 서비스업 > 기타 전문, 과학 및 기술 서비스업 > 전문 디자인업 > 전문 디자인업"
749910__example0,749910,example,상업 미술
749910__example1,749910,example,메디컬 일러스트레이션
749910__example2,749910,example,그래픽 디자인
749910__example3,749910,example,실크스크린 디자인
749910__example4,749910,example,기업 로고 디자인
749910__example5,749910,example,캐릭터 디자인
749910__example6,749910,example,타이포그래피 디자인
749910__example7,749910,example,"아이덴티티 디자인(CI, BI) M"
749910__example8,749910,example,출판물 편집 디자인 기전 술문
749910__example9,749910,example,영상 디자인 서 업및
749910__xref0,749910,xref,상업 미술가
749911__name0,749911,name,매니저업
749911__hier0,749911,hier,"전문, 과학 및 기술 서비스업 > 기타 전문, 과학 및 기술 서비스업 > 그 외 기타 전문, 과학 및 기술 서비스업 > 그 외 기타 전문, 과학 및 기술 서비스업"
749911__example0,749911,example,유명 인사 매니저
749911__example1,749911,example,모델 매니저
749911__xref0,749911,xref,독립적인 연예인 또는 예술가의 대리활동
749912__name0,749912,name,"물품 감정, 계량 및 견본 추출업"
749912__hier0,749912,hier,"전문, 과학 및 기술 서비스업 > 기타 전문, 과학 및 기술 서비스업 > 그 외 기타 전문, 과학 및 기술 서비스업 > 그 외 기타 전문, 과학 및 기술 서비스업"
749912__example0,749912,example,계량 증명소
749912__example1,749912,example,상품 견본 추출 대리
749912__example2,749912,example,보석 감정
749912__example3,749912,example,골동품 감정
749912__example4,749912,example,물량 조사 서비스
749912__xref0,749912,xref,계량 서비스
749912__xref1,749912,xref,물품 감정
749913__name0,749913,name,신용 조사 및 추심 대행업
749913__hier0,749913,hier,"사업시설 관리, 사업 지원 및 임대 서비스업 > 사업 지원 서비스업 > 기타 사업 지원 서비스업 > 그 외 기타 사업 지원 서비스업"
749913__example0,749913,example,외상 수금 대리
749913__example1,749913,example,채무자 추적 서비스
749913__example2,749913,example,개인 신용도 조사
749913__example3,749913,example,회사 신용도 조사
749913__example4,749913,example,기업 신용 평가
749913__xref0,749913,xref,신용 조사 및 채무자 추적 서비스
749914__name0,749914,name,인테리어 디자인업
749914__hier0,749914,hier,"전문, 과학 및 기술 서비스업 > 기타 전문, 과학 및 기술 서비스업 > 전문 디자인업 > 전문 디자인업"
749914__example0,749914,example,실내 장식 디자인
749914__example1,749914,example,실내 장식 자문 서비스
749915__name0,749915,name,제품 디자인업
749915__hier0,749915,hier,"전문, 과학 및 기술 서비스업 > 기타 전문, 과학 및 기술 서비스업 > 전문 디자인업 > 전문 디자인업"
749915__example0,749915,example,자동차 디자인
749915__example1,749915,example,제품 디자인 자문 서비스
749915__example2,749915,example,가구 디자인
749915__example3,749915,example,모형 디자인
749915__example4,749915,example,기계 및 수공구 디자인
749915__example5,749915,example,포장산업 디자인
749915__example6,749915,example,전기 및 전자제품 디자인
749915__example7,749915,example,생활 및 환경용품 디자인
749915__example8,749915,example,운송 기기 디자인
749916__name0,749916,name,"패션, 섬유류 및 기타 전문 디자인업"
749916__hier0,749916,hier,"전문, 과학 및 기술 서비스업 > 기타 전문, 과학 및 기술 서비스업 > 전문 디자인업 > 전문 디자인업"
749916__example0,749916,example,"패션 제품(의복, 가죽, 가방 및 액세서리) 디자인"
749916__example1,749916,example,텍스타일(섬유류) 패턴(pattern) 디자인
749916__example2,749916,example,귀금속 및 보석 디자인
749916__example3,749916,example,구두 디자인
749916__example4,749916,example,모피 디자인
749916__example5,749916,example,의류 디자인
749921__name0,749921,name,온라인 활용 마케팅 및 관련 사업지원 서비스업
749921__name1,749921,name,그 외 기타 분류 안된 사업 지원 서비스업
749921__hier0,749921,hier,"사업시설 관리, 사업 지원 및 임대 서비스업 > 사업 지원 서비스업 > 기타 사업 지원 서비스업 > 그 외 기타 사업 지원 서비스업"
749921__ksic0,749921,ksic,"온라인 활용 마케팅 및 관련 사업지원 서비스업, 그 외 기타 분류 안된 사업 지원 서비스업"
749921__desc0,749921,desc,기타대리
749921__example0,749921,example,모바일 상품권 판매 대행
749921__example1,749921,example,"가스, 전기, 수도 계량 대리"
749927__name0,749927,name,"섬유, 의복, 신발 및 가죽제품 중개업"
749927__name1,749927,name,목재 및 건축자재 중개업
749927__name2,749927,name,"연료, 광물, 1차 금속, 비료 및 화학제품 중개업"
749927__name3,749927,name,기계 및 장비 중개업
749927__name4,749927,name,상품 종합 중개업
749927__hier0,749927,hier,도매 및 소매업 > 도매 및 상품 중개업 > 상품 중개업 > 상품 중개업
749927__ksic0,749927,ksic,"섬유, 의복, 신발 및 가죽제품 중개업, 목재 및 건축자재 중개업, 연료, 광물, 1차 금속, 비료 및 화학제품 중개업, 기계 및 장비 중개업, 상품 종합 중개업"
749927__desc0,749927,desc,물품매도확약서 발행업
749927__example0,749927,example,섬유 및 실 중개
749927__example1,749927,example,섬유제품 및 의복 중개
749927__example2,749927,example,가죽제품 중개
749927__example3,749927,example,"합판, 박판, 제재목 중개"
749927__example4,749927,example,"골재, 벽돌, 시멘트 중개"
749927__example5,749927,example,유리 및 창호 중개
749927__example6,749927,example,농업용 기계
749927__example7,749927,example,장비 중개
749927__example8,749927,example,반도체 기계
749927__example9,749927,example,과학용 기구 및 장비 중개
749927__example10,749927,example,선박 및 항공기 중개
749927__example11,749927,example,사무용 기계 및 컴퓨터 중개
749927__example12,749927,example,종합 무역 중개
749927__example13,749927,example,연쇄화사업 종합 상품 중개 G
749927__xref0,749927,xref,"정면(精綿), 실, 가죽 등의 중개"
749927__xref1,749927,xref,수수료에 의한 종합 상품 무역 중개
749927__xref2,749927,xref,회원사 및 가맹점을 대신하여 각종상품을 구매 대리
749930__name0,749930,name,도로 및 관련시설 운영업
749930__hier0,749930,hier,운수 및 창고업 > 창고 및 운송관련 서비스업 > 기타 운송관련 서비스업 > 육상 운송 지원 서비스업
749930__desc0,749930,desc,고속도로 통행료 징수대행
749930__example0,749930,example,유료 고가 도로 운영
749934__name0,749934,name,무형 재산권 임대업
749934__hier0,749934,hier,"사업시설 관리, 사업 지원 및 임대 서비스업 > 임대업; 부동산 제외 > 무형 재산권 임대업 > 무형 재산권 임대업"
749934__example0,749934,example,특허권 임대
749934__example1,749934,example,상표권 임대
749934__example2,749934,example,브랜드 사용권 임대
749934__example3,749934,example,기술 사용권 임대
749934__xref0,749934,xref,운용 리스
749934__xref1,749934,xref,무형 재산권 임대
749935__name0,749935,name,사업시설 유지ㆍ관리 서비스업
749935__hier0,749935,hier,"사업시설 관리, 사업 지원 및 임대 서비스업 > 사업시설 관리 및 조경 서비스업 > 사업시설 유지ㆍ관리 서비스업 > 사업시설 유지ㆍ관리 서비스업"
749935__example0,749935,example,관리
749935__example1,749935,example,기관시설 유지
749935__xref0,749935,xref,관리 서비스
749937__name0,749937,name,기타 사무 지원 서비스업
749937__hier0,749937,hier,"사업시설 관리, 사업 지원 및 임대 서비스업 > 사업 지원 서비스업 > 기타 사업 지원 서비스업 > 사무 지원 서비스업"
749938__name0,749938,name,콜센터 및 텔레마케팅 서비스업
749938__hier0,749938,hier,"사업시설 관리, 사업 지원 및 임대 서비스업 > 사업 지원 서비스업 > 기타 사업 지원 서비스업 > 그 외 기타 사업 지원 서비스업"
749938__example0,749938,example,콜센터 운영
749938__example1,749938,example,텔레마케팅 서비스
749938__example2,749938,example,전화번호 안내 서비스
749938__example3,749938,example,"인바운드(in-bound), 아웃바운드(out-bound) 서비스"
749939__name0,749939,name,고고유산 조사연구 서비스업
749939__name1,749939,name,"그 외 기타 분류 안된 전문, 과학 및 기술 서비스업"
749939__hier0,749939,hier,"전문, 과학 및 기술 서비스업 > 기타 전문, 과학 및 기술 서비스업 > 그 외 기타 전문, 과학 및 기술 서비스업 > 그 외 기타 전문, 과학 및 기술 서비스업"
749939__ksic0,749939,ksic,"고고유산 조사연구 서비스업, 그 외 기타 분류 안된 전문, 과학 및 기술 서비스업"
749939__example0,749939,example,고고유산 지표
749939__example1,749939,example,발굴조사 서비스
749939__example2,749939,example,고고유산 보존 및 활용 서비스
749939__example3,749939,example,고고유산 조사기관
749939__example4,749939,example,보존 서적 방부처리 서비스
749939__example5,749939,example,의약품 조사 처리
749939__example6,749939,example,식품 조사 처리
749939__example7,749939,example,농산물 방사선 처리
749940__name0,749940,name,재생용 재료 수집 및 판매업
749940__hier0,749940,hier,도매 및 소매업 > 도매 및 상품 중개업 > 기타 전문 도매업 > 재생용 재료 및 기타 상품 전문 도매업
749940__desc0,749940,desc,공병보증금제 공병취급 수수료
749940__example0,749940,example,재생용 금속 수집 및 판매
749940__example1,749940,example,재생용 비금속 수집 및 판매
749940__example2,749940,example,재생용 플라스틱 수집 및 판매
749940__example3,749940,example,고섬유 재생재료 수집 및 판매
749940__example4,749940,example,재생용 고무 수집 및 판매
749940__example5,749940,example,고지 수집 및 판매
749940__xref0,749940,xref,재생용 재료 도매업
749941__name0,749941,name,사업 및 무형 재산권 중개업
749941__hier0,749941,hier,"전문, 과학 및 기술 서비스업 > 기타 전문, 과학 및 기술 서비스업 > 그 외 기타 전문, 과학 및 기술 서비스업 > 그 외 기타 전문, 과학 및 기술 서비스업"
749941__desc0,749941,desc,무형 재산권 중개업
749941__example0,749941,example,지적 재산권 감정 및 알선
749941__example1,749941,example,사업체 합병(M&A) 알선 및 자문
749941__example2,749941,example,복제권 감정 및 알선
749941__example3,749941,example,회원권 분양 중개 및 대행
749941__example4,749941,example,"특허권, 저작권 구매 및 임차 중개"
749942__name0,749942,name,기타 전문 서비스업
749942__hier0,749942,hier,"전문, 과학 및 기술 서비스업 > 전문 서비스업 > 기타 전문 서비스업 > 기타 전문 서비스업"
749942__example0,749942,example,산학협력단
804101__name0,804101,name,외국인학교
804101__hier0,804101,hier,"교육서비스업 > 교육 서비스업 > 특수학교, 외국인학교 및 대안학교 > 외국인학교"
804101__xref0,804101,xref,학습지 계약 배달 판매(교육 위주
804101__xref1,804101,xref,교육기관
804101__xref2,804101,xref,군사대학
804101__xref3,804101,xref,교육 서비스
809001__name0,809001,name,운전학원
809001__hier0,809001,hier,교육서비스업 > 교육 서비스업 > 기타 교육기관 > 기술 및 직업 훈련학원
809001__desc0,809001,desc,자동차운전학원 제외
809001__example0,809001,example,자동차 운전학원
809001__example1,809001,example,중장비 운전학원
809001__example2,809001,example,항공 훈련학원
809001__example3,809001,example,선박 운전학원
809001__example4,809001,example,드론 자격증 취득 전문학원
809001__xref0,809001,xref,학습지 계약 배달 판매(교육 위주
809001__xref1,809001,xref,교육기관
809001__xref2,809001,xref,군사대학
809001__xref3,809001,xref,기술관련 자격증 시험교육
809001__xref4,809001,xref,교육 서비스
809002__name0,809002,name,기타 기술 및 직업 훈련학원
809002__hier0,809002,hier,교육서비스업 > 교육 서비스업 > 기타 교육기관 > 기술 및 직업 훈련학원
809002__example0,809002,example,통신 기술학원
809002__example1,809002,example,자동차 정비학원
809002__example2,809002,example,양재학원
809002__example3,809002,example,미용학원
809002__example4,809002,example,직업 훈련원
809002__example5,809002,example,모형 제작학원
809002__example6,809002,example,체육 전문강사 교육
809002__example7,809002,example,비서학원
809002__example8,809002,example,드론 조종사 학원(전문분야)
809002__xref0,809002,xref,학습지 계약 배달 판매(교육 위주
809002__xref1,809002,xref,교육기관
809002__xref2,809002,xref,군사대학
809002__xref3,809002,xref,기술관련 자격증 시험교육
809002__xref4,809002,xref,교육 서비스
809003__name0,809003,name,레크리에이션 교육기관
809003__hier0,809003,hier,교육서비스업 > 교육 서비스업 > 기타 교육기관 > 스포츠 및 레크리에이션 교육기관
809003__example0,809003,example,바둑 교실
809003__xref0,809003,xref,학습지 계약 배달 판매(교육 위주
809003__xref1,809003,xref,교육기관
809003__xref2,809003,xref,군사대학
809003__xref3,809003,xref,기술관련 자격증 시험교육
809003__xref4,809003,xref,교육 목적의 바둑교실 운영
809003__xref5,809003,xref,교육 서비스
809004__name0,809004,name,일반 교과학원
809004__hier0,809004,hier,교육서비스업 > 교육 서비스업 > 일반 교습학원 > 일반 교습학원
809004__desc0,809004,desc,체육계열 입시 전문학원
809004__example0,809004,example,입시학원
809004__example1,809004,example,일반교과 보습학원
809004__example2,809004,example,학생 대상 속셈학원(성인 대상 경영ㆍ사무 목적인 경우 85699)
809004__example3,809004,example,체능 입시 전문학원
809004__xref0,809004,xref,학습지 계약 배달 판매(교육 위주
809004__xref1,809004,xref,교육기관
809004__xref2,809004,xref,군사대학
809004__xref3,809004,xref,교육 서비스
809005__name0,809005,name,일반 교과학원
809005__hier0,809005,hier,교육서비스업 > 교육 서비스업 > 일반 교습학원 > 일반 교습학원
809005__example0,809005,example,입시학원
809005__example1,809005,example,일반교과 보습학원
809005__example2,809005,example,학생 대상 속셈학원(성인 대상 경영ㆍ사무 목적인 경우 85699)
809005__example3,809005,example,체능 입시 전문학원
809005__xref0,809005,xref,학습지 계약 배달 판매(교육 위주
809005__xref1,809005,xref,교육기관
809005__xref2,809005,xref,군사대학
809005__xref3,809005,xref,교육 서비스
809006__name0,809006,name,그 외 기타 스포츠시설 운영업
809006__hier0,809006,hier,"예술, 스포츠 및 여가관련 서비스업 > 스포츠 및 오락관련 서비스업 > 스포츠 서비스업 > 기타 스포츠시설 운영업"
809006__desc0,809006,desc,"정구장, 테니스장, 탁구장"
809006__example0,809006,example,스쿼시장
809006__example1,809006,example,탁구장
809006__example2,809006,example,테니스장
809006__example3,809006,example,야구 연습장
809006__example4,809006,example,롤러 스케이트장
809006__example5,809006,example,승마 연습장
809006__example6,809006,example,요트장
809006__example7,809006,example,조정장
809006__example8,809006,example,카누장
809006__example9,809006,example,눈썰매장
809006__example10,809006,example,"오락용이 아닌 공기총, 클레이 사격장"
809006__example11,809006,example,게이트볼장
809006__example12,809006,example,"국궁장, 석궁장"
809006__example13,809006,example,실내 암벽시설
809006__example14,809006,example,관람석 없는 배드민턴장
809006__xref0,809006,xref,눈썰매장 R
809007__name0,809007,name,일반 교과학원
809007__name1,809007,name,음악학원
809007__name2,809007,name,미술학원
809007__name3,809007,name,기타 예술학원
809007__name4,809007,name,외국어학원
809007__hier0,809007,hier,"교육서비스업 > 교육 서비스업 > 일반 교습학원, 기타 교육기관 > 일반 교습학원, 예술학원, 외국어학원 및 기타 교습학원"
809007__ksic0,809007,ksic,"일반 교과학원, 음악학원, 미술학원, 기타 예술학원, 외국어학원"
809007__desc0,809007,desc,독립된 자격의 과외교습
809007__example0,809007,example,입시학원
809007__example1,809007,example,일반교과 보습학원
809007__example2,809007,example,학생 대상 속셈학원(성인 대상 경영ㆍ사무 목적인 경우 85699)
809007__example3,809007,example,체능 입시 전문학원
809007__example4,809007,example,"피아노, 바이올린 교습학원"
809007__example5,809007,example,실용 음악 교습학원
809007__example6,809007,example,무용 및 댄스학원
809007__example7,809007,example,연기학원
809007__example8,809007,example,도예학원
809007__example9,809007,example,회화학원
809007__xref0,809007,xref,학습지 계약 배달 판매(교육 위주
809007__xref1,809007,xref,교육기관
809007__xref2,809007,xref,군사대학
809007__xref3,809007,xref,기술관련 자격증 시험교육
809007__xref4,809007,xref,"음악, 무용, 미술학원"
809007__xref5,809007,xref,교육 목적의 댄스 교습소 운영
809007__xref6,809007,xref,교육 서비스
809009__name0,809009,name,음악학원
809009__hier0,809009,hier,교육서비스업 > 교육 서비스업 > 기타 교육기관 > 예술학원
809009__example0,809009,example,"피아노, 바이올린 교습학원"
809009__example1,809009,example,실용 음악 교습학원
809009__xref0,809009,xref,학습지 계약 배달 판매(교육 위주
809009__xref1,809009,xref,교육기관
809009__xref2,809009,xref,군사대학
809009__xref3,809009,xref,기술관련 자격증 시험교육
809009__xref4,809009,xref,"음악, 무용, 미술학원"
809009__xref5,809009,xref,교육 목적의 댄스 교습소 운영
809009__xref6,809009,xref,교육 서비스
809010__name0,809010,name,기타 기술 및 직업 훈련학원
809010__hier0,809010,hier,교육서비스업 > 교육 서비스업 > 기타 교육기관 > 기술 및 직업 훈련학원
809010__desc0,809010,desc,가정계열학원
809010__example0,809010,example,통신 기술학원
809010__example1,809010,example,자동차 정비학원
809010__example2,809010,example,양재학원
809010__example3,809010,example,미용학원
809010__example4,809010,example,직업 훈련원
809010__example5,809010,example,모형 제작학원
809010__example6,809010,example,체육 전문강사 교육
809010__example7,809010,example,비서학원
809010__example8,809010,example,드론 조종사 학원(전문분야)
809010__xref0,809010,xref,학습지 계약 배달 판매(교육 위주
809010__xref1,809010,xref,교육기관
809010__xref2,809010,xref,군사대학
809010__xref3,809010,xref,기술관련 자격증 시험교육
809010__xref4,809010,xref,교육 서비스
809011__name0,809011,name,운전학원
809011__hier0,809011,hier,교육서비스업 > 교육 서비스업 > 기타 교육기관 > 기술 및 직업 훈련학원
809011__desc0,809011,desc,자동차운전학원으로 지정된 학원
809011__example0,809011,example,자동차 운전학원
809011__example1,809011,example,중장비 운전학원
809011__example2,809011,example,항공 훈련학원
809011__example3,809011,example,선박 운전학원
809011__example4,809011,example,드론 자격증 취득 전문학원
809011__xref0,809011,xref,학습지 계약 배달 판매(교육 위주
809011__xref1,809011,xref,교육기관
809011__xref2,809011,xref,군사대학
809011__xref3,809011,xref,기술관련 자격증 시험교육
809011__xref4,809011,xref,교육 서비스
809012__name0,809012,name,일반 교과학원
809012__hier0,809012,hier,교육서비스업 > 교육 서비스업 > 일반 교습학원 > 일반 교습학원
809012__desc0,809012,desc,예능계열 입시 전문학원
809012__example0,809012,example,입시학원
809012__example1,809012,example,일반교과 보습학원
809012__example2,809012,example,학생 대상 속셈학원(성인 대상 경영ㆍ사무 목적인 경우 85699)
809012__example3,809012,example,체능 입시 전문학원
809012__xref0,809012,xref,학습지 계약 배달 판매(교육 위주
809012__xref1,809012,xref,교육기관
809012__xref2,809012,xref,군사대학
809012__xref3,809012,xref,교육 서비스
809013__name0,809013,name,컴퓨터 학원
809013__hier0,809013,hier,교육서비스업 > 교육 서비스업 > 기타 교육기관 > 그 외 기타 교육기관
809013__xref0,809013,xref,학습지 계약 배달 판매(교육 위주
809013__xref1,809013,xref,교육기관
809013__xref2,809013,xref,군사대학
809013__xref3,809013,xref,기술관련 자격증 시험교육
809013__xref4,809013,xref,교육 서비스
809014__name0,809014,name,태권도 및 무술 교육기관
809014__hier0,809014,hier,교육서비스업 > 교육 서비스업 > 기타 교육기관 > 스포츠 및 레크리에이션 교육기관
809014__example0,809014,example,태권도학원
809014__xref0,809014,xref,학습지 계약 배달 판매(교육 위주
809014__xref1,809014,xref,교육기관
809014__xref2,809014,xref,군사대학
809014__xref3,809014,xref,기술관련 자격증 시험교육
809014__xref4,809014,xref,무술 교육시설
809014__xref5,809014,xref,교육 목적의 체력 단련시설 운영
809014__xref6,809014,xref,"개인교사, 지도자에 의한 스포츠 지도"
809014__xref7,809014,xref,교육 서비스
809015__name0,809015,name,기타 스포츠 교육기관
809015__hier0,809015,hier,교육서비스업 > 교육 서비스업 > 기타 교육기관 > 스포츠 및 레크리에이션 교육기관
809015__example0,809015,example,축구 교실
809015__example1,809015,example,요가학원
809015__xref0,809015,xref,학습지 계약 배달 판매(교육 위주
809015__xref1,809015,xref,교육기관
809015__xref2,809015,xref,군사대학
809015__xref3,809015,xref,기술관련 자격증 시험교육
809015__xref4,809015,xref,교육 서비스
809016__name0,809016,name,온라인 교육학원
809016__hier0,809016,hier,교육서비스업 > 교육 서비스업 > 일반 교습학원 > 일반 교습학원
809016__example0,809016,example,통신 이용 교육
809016__example1,809016,example,인터넷 이용 교육
809016__xref0,809016,xref,학습지 계약 배달 판매(교육 위주
809016__xref1,809016,xref,교육기관
809016__xref2,809016,xref,군사대학
809016__xref3,809016,xref,통신 및 인터넷을 통한 일반교과 교육
809016__xref4,809016,xref,교육 서비스
809017__name0,809017,name,외국어학원
809017__hier0,809017,hier,교육서비스업 > 교육 서비스업 > 기타 교육기관 > 외국어학원 및 기타 교습학원
809017__example0,809017,example,회화학원
809017__xref0,809017,xref,학습지 계약 배달 판매(교육 위주
809017__xref1,809017,xref,교육기관
809017__xref2,809017,xref,군사대학
809017__xref3,809017,xref,기술관련 자격증 시험교육
809017__xref4,809017,xref,교육 서비스
809018__name0,809018,name,기타 교습학원
809018__hier0,809018,hier,교육서비스업 > 교육 서비스업 > 기타 교육기관 > 외국어학원 및 기타 교습학원
809018__example0,809018,example,고시학원
809018__xref0,809018,xref,학습지 계약 배달 판매(교육 위주
809018__xref1,809018,xref,교육기관
809018__xref2,809018,xref,군사대학
809018__xref3,809018,xref,기술관련 자격증 시험교육
809018__xref4,809018,xref,교육 서비스
809019__name0,809019,name,기원 운영업
809019__hier0,809019,hier,"예술, 스포츠 및 여가관련 서비스업 > 스포츠 및 오락관련 서비스업 > 유원지 및 기타 오락관련 서비스업 > 그 외 기타 오락관련 서비스업"
809020__name0,809020,name,미술학원
809020__hier0,809020,hier,교육서비스업 > 교육 서비스업 > 기타 교육기관 > 예술학원
809020__xref0,809020,xref,학습지 계약 배달 판매(교육 위주
809020__xref1,809020,xref,교육기관
809020__xref2,809020,xref,군사대학
809020__xref3,809020,xref,기술관련 자격증 시험교육
809020__xref4,809020,xref,"음악, 무용, 미술학원"
809020__xref5,809020,xref,교육 목적의 댄스 교습소 운영
809020__xref6,809020,xref,교육 서비스
809021__name0,809021,name,기타 예술학원
809021__hier0,809021,hier,교육서비스업 > 교육 서비스업 > 기타 교육기관 > 예술학원
809021__example0,809021,example,무용 및 댄스학원
809021__example1,809021,example,연기학원
809021__example2,809021,example,도예학원
809021__xref0,809021,xref,학습지 계약 배달 판매(교육 위주
809021__xref1,809021,xref,교육기관
809021__xref2,809021,xref,군사대학
809021__xref3,809021,xref,기술관련 자격증 시험교육
809021__xref4,809021,xref,"음악, 무용, 미술학원"
809021__xref5,809021,xref,교육 목적의 댄스 교습소 운영
809021__xref6,809021,xref,교육 서비스
809022__name0,809022,name,그 외 기타 분류 안된 교육기관
809022__hier0,809022,hier,교육서비스업 > 교육 서비스업 > 기타 교육기관 > 그 외 기타 교육기관
809022__example0,809022,example,속기학원
809022__example1,809022,example,사무 실무 교육
809022__example2,809022,example,속독학원
809022__example3,809022,example,경영관련 교육
809022__example4,809022,example,부기학원
809022__example5,809022,example,웅변학원
809022__xref0,809022,xref,학습지 계약 배달 판매(교육 위주
809022__xref1,809022,xref,교육기관
809022__xref2,809022,xref,군사대학
809022__xref3,809022,xref,비인가된 대안 교육기관
809022__xref4,809022,xref,기술관련 자격증 시험교육
809022__xref5,809022,xref,언어 교정학원
809022__xref6,809022,xref,교육 서비스
841110__name0,841110,name,입법기관
841110__hier0,841110,hier,"공공 행정, 국방 및 사회보장 행정 > 공공 행정, 국방 및 사회보장 행정 > 입법 및 일반 정부 행정 > 일반 공공 행정"
841110__example0,841110,example,국회
841110__example1,841110,example,광역 자치단체 의회
841110__example2,841110,example,기초 자치단체 의회
841121__name0,841121,name,중앙 최고 집행기관
841121__hier0,841121,hier,"공공 행정, 국방 및 사회보장 행정 > 공공 행정, 국방 및 사회보장 행정 > 입법 및 일반 정부 행정 > 일반 공공 행정"
841121__example0,841121,example,대통령실
841121__example1,841121,example,총리실
841131__name0,841131,name,지방행정 집행기관
841131__hier0,841131,hier,"공공 행정, 국방 및 사회보장 행정 > 공공 행정, 국방 및 사회보장 행정 > 입법 및 일반 정부 행정 > 일반 공공 행정"
841131__example0,841131,example,도청
841131__example1,841131,example,"시청, 군청"
841131__example2,841131,example,면 사무소 및 동 주민자치센터
841141__name0,841141,name,재정 및 경제정책 행정
841141__hier0,841141,hier,"공공 행정, 국방 및 사회보장 행정 > 공공 행정, 국방 및 사회보장 행정 > 입법 및 일반 정부 행정 > 일반 공공 행정"
841141__example0,841141,example,공공기금 관리 행정
841141__example1,841141,example,국세 및 관세 행정
841141__example2,841141,example,감사 행정
841190__name0,841190,name,기타 일반 공공 행정
841190__hier0,841190,hier,"공공 행정, 국방 및 사회보장 행정 > 공공 행정, 국방 및 사회보장 행정 > 입법 및 일반 정부 행정 > 일반 공공 행정"
841190__example0,841190,example,통계 행정
841190__example1,841190,example,선거관리 행정 공 보행 장정
841200__name0,841200,name,정부기관 일반 보조 행정
841200__hier0,841200,hier,"공공 행정, 국방 및 사회보장 행정 > 공공 행정, 국방 및 사회보장 행정 > 입법 및 일반 정부 행정 > 정부기관 일반 보조 행정"
841200__example0,841200,example,정부 청사관리 행정
841200__example1,841200,example,정부 물자 보급 및 구매 보조 사무
841200__example2,841200,example,정부 인사관리 행정
841200__example3,841200,example,정부 기록 문서 보관 사무
841200__example4,841200,example,정부 재산관리 행정
842110__name0,842110,name,교육 행정
842110__hier0,842110,hier,"공공 행정, 국방 및 사회보장 행정 > 공공 행정, 국방 및 사회보장 행정 > 사회 및 산업정책 행정 > 사회서비스 관리 행정"
842121__name0,842121,name,문화 및 관광 행정
842121__hier0,842121,hier,"공공 행정, 국방 및 사회보장 행정 > 공공 행정, 국방 및 사회보장 행정 > 사회 및 산업정책 행정 > 사회서비스 관리 행정"
842121__example0,842121,example,체육 행정
842121__example1,842121,example,종교 행정
842121__example2,842121,example,관광 행정
842121__example3,842121,example,문화재 보존 행정
842121__example4,842121,example,오락업 관리 행정
842130__name0,842130,name,환경 행정
842130__hier0,842130,hier,"공공 행정, 국방 및 사회보장 행정 > 공공 행정, 국방 및 사회보장 행정 > 사회 및 산업정책 행정 > 사회서비스 관리 행정"
842130__example0,842130,example,폐기물 관리 행정
842130__example1,842130,example,환경 보존 행정
842130__example2,842130,example,환경 규제 행정
842130__example3,842130,example,상하수도 행정
842130__example4,842130,example,생물 다양성 및 자연 경관 보호 행정
842140__name0,842140,name,보건 및 복지 행정
842140__hier0,842140,hier,"공공 행정, 국방 및 사회보장 행정 > 공공 행정, 국방 및 사회보장 행정 > 사회 및 산업정책 행정 > 사회서비스 관리 행정"
842140__example0,842140,example,의료 행정
842140__example1,842140,example,복지 행정
842140__example2,842140,example,검역소
842140__example3,842140,example,숙박 관리 행정
842140__example4,842140,example,식품 및 음식점 관리 행정 O
842190__name0,842190,name,기타 사회서비스 관리 행정
842190__hier0,842190,hier,"공공 행정, 국방 및 사회보장 행정 > 공공 행정, 국방 및 사회보장 행정 > 사회 및 산업정책 행정 > 사회서비스 관리 행정"
842190__example0,842190,example,국가 보훈 행정
842190__example1,842190,example,소비자 보호 행정
842211__name0,842211,name,노동 행정
842211__hier0,842211,hier,"공공 행정, 국방 및 사회보장 행정 > 공공 행정, 국방 및 사회보장 행정 > 사회 및 산업정책 행정 > 노동 및 산업 진흥 행정"
842211__example0,842211,example,고용
842211__example1,842211,example,노동위원회
842211__xref0,842211,xref,정부기관의 노동 관련 중재 활동 술문
842221__name0,842221,name,농림수산 행정
842221__hier0,842221,hier,"공공 행정, 국방 및 사회보장 행정 > 공공 행정, 국방 및 사회보장 행정 > 사회 및 산업정책 행정 > 노동 및 산업 진흥 행정"
842221__example0,842221,example,농지 관리 행정
842221__example1,842221,example,농산물 검사 및 등급 결정 행정
842221__example2,842221,example,농산물 해충 구제 행정
842221__example3,842221,example,농산물 가격 및 농가 소득 관련 행정
842221__example4,842221,example,수의업 행정
842221__example5,842221,example,임업 및 수렵 관련 행정
842221__example6,842221,example,어업 관련 행정
842231__name0,842231,name,건설 및 운송 행정
842231__hier0,842231,hier,"공공 행정, 국방 및 사회보장 행정 > 공공 행정, 국방 및 사회보장 행정 > 사회 및 산업정책 행정 > 노동 및 산업 진흥 행정"
842231__example0,842231,example,토지개발 행정
842231__example1,842231,example,도시계획 행정
842231__example2,842231,example,해양교통 행정
842231__example3,842231,example,"차량인가 행정 공공 행정, 국방 및 사회보장 행정"
842241__name0,842241,name,우편 및 통신 행정
842241__hier0,842241,hier,"공공 행정, 국방 및 사회보장 행정 > 공공 행정, 국방 및 사회보장 행정 > 사회 및 산업정책 행정 > 노동 및 산업 진흥 행정"
842241__example0,842241,example,통신 관리 행정
842241__example1,842241,example,우편 관리 행정
842291__name0,842291,name,기타 산업 진흥 행정
842291__hier0,842291,hier,"공공 행정, 국방 및 사회보장 행정 > 공공 행정, 국방 및 사회보장 행정 > 사회 및 산업정책 행정 > 노동 및 산업 진흥 행정"
842291__example0,842291,example,중소기업 진흥 행정
842291__example1,842291,example,무역 행정
842291__example2,842291,example,유통 관리 행정
842291__example3,842291,example,연료정책 행정
842291__example4,842291,example,석유 및 가스 시추 관리 행정
842291__example5,842291,example,전기 및 가스 관리 행정 공 보행 장정
843100__name0,843100,name,외무 행정
843100__hier0,843100,hier,"공공 행정, 국방 및 사회보장 행정 > 공공 행정, 국방 및 사회보장 행정 > 외무 및 국방 행정 > 외무 행정"
843100__example0,843100,example,대외 통상 행정
843100__example1,843100,example,대외 군사 및 경제 원조 행정
843100__xref0,843100,xref,외국 군사 원조 제공
843200__name0,843200,name,국방 행정
843200__hier0,843200,hier,"공공 행정, 국방 및 사회보장 행정 > 공공 행정, 국방 및 사회보장 행정 > 외무 및 국방 행정 > 국방 행정"
843200__example0,843200,example,공군
843200__example1,843200,example,민방위대
843200__xref0,843200,xref,병력 운영 행정
844010__name0,844010,name,법원
844010__hier0,844010,hier,"공공 행정, 국방 및 사회보장 행정 > 공공 행정, 국방 및 사회보장 행정 > 사법 및 공공 질서 행정 > 사법 및 공공 질서 행정"
844010__example0,844010,example,대법원
844010__example1,844010,example,지방법원
844010__example2,844010,example,가정법원
844010__example3,844010,example,특허법원
844010__xref0,844010,xref,군사재판 활동
844020__name0,844020,name,검찰
844020__hier0,844020,hier,"공공 행정, 국방 및 사회보장 행정 > 공공 행정, 국방 및 사회보장 행정 > 사법 및 공공 질서 행정 > 사법 및 공공 질서 행정"
844020__example0,844020,example,대검찰청
844020__example1,844020,example,"지방 검찰청 공공 행정, 국방 및 사회보장 행정"
844030__name0,844030,name,교도기관
844030__hier0,844030,hier,"공공 행정, 국방 및 사회보장 행정 > 공공 행정, 국방 및 사회보장 행정 > 사법 및 공공 질서 행정 > 사법 및 공공 질서 행정"
844030__example0,844030,example,교도소
844030__example1,844030,example,소년 교도소
844030__example2,844030,example,구치소
844040__name0,844040,name,경찰
844040__hier0,844040,hier,"공공 행정, 국방 및 사회보장 행정 > 공공 행정, 국방 및 사회보장 행정 > 사법 및 공공 질서 행정 > 사법 및 공공 질서 행정"
844040__example0,844040,example,경찰청
844040__example1,844040,example,경찰서
844040__xref0,844040,xref,탐정 및 경호를 경찰에서 수행하는 경우
844050__name0,844050,name,소방서
844050__hier0,844050,hier,"공공 행정, 국방 및 사회보장 행정 > 공공 행정, 국방 및 사회보장 행정 > 사법 및 공공 질서 행정 > 사법 및 공공 질서 행정"
844050__example0,844050,example,구급대 공 보행 장정
844090__name0,844090,name,기타 사법 및 공공 질서 행정
844090__hier0,844090,hier,"공공 행정, 국방 및 사회보장 행정 > 공공 행정, 국방 및 사회보장 행정 > 사법 및 공공 질서 행정 > 사법 및 공공 질서 행정"
844090__example0,844090,example,국가 재난 구조 행정
845000__name0,845000,name,사회보장 행정
845000__hier0,845000,hier,"공공 행정, 국방 및 사회보장 행정 > 공공 행정, 국방 및 사회보장 행정 > 사회보장 행정 > 사회보장 행정"
845000__example0,845000,example,실업보상 업무
845000__example1,845000,example,가족 및 아동보호 행정
845000__example2,845000,example,"노령자, 무능력자 등을 위한 사회보장 수급 행정"
845000__example3,845000,example,고용안정센터
845000__xref0,845000,xref,사회보장 행정 장정
851100__name0,851100,name,유아 교육기관
851100__hier0,851100,hier,교육서비스업 > 교육 서비스업 > 초등 교육기관 > 유아 교육기관
851100__example0,851100,example,유치원
851100__xref0,851100,xref,학습지 계약 배달 판매(교육 위주
851100__xref1,851100,xref,교육기관
851100__xref2,851100,xref,군사대학
851100__xref3,851100,xref,아동 교육기관
851100__xref4,851100,xref,교육 서비스
851101__name0,851101,name,요양병원
851101__hier0,851101,hier,보건업 및 사회복지 서비스업 > 보건업 > 병원 > 병원
851101__example0,851101,example,정신병원
851101__example1,851101,example,병원급 장애인 의료 재활시설
851101__xref0,851101,xref,의료기관
851101__xref1,851101,xref,군사병원
851101__xref2,851101,xref,상담 서비스를 제공하는 병ㆍ의원
851102__name0,851102,name,치과병원
851102__hier0,851102,hier,보건업 및 사회복지 서비스업 > 보건업 > 병원 > 병원
851102__xref0,851102,xref,의료기관
851102__xref1,851102,xref,군사병원
851102__xref2,851102,xref,치과 병원
851102__xref3,851102,xref,상담 서비스를 제공하는 병ㆍ의원
851103__name0,851103,name,한방병원
851103__hier0,851103,hier,보건업 및 사회복지 서비스업 > 보건업 > 병원 > 병원
851103__xref0,851103,xref,의료기관
851103__xref1,851103,xref,군사병원
851103__xref2,851103,xref,상담 서비스를 제공하는 병ㆍ의원
851113__name0,851113,name,종합병원
851113__hier0,851113,hier,보건업 및 사회복지 서비스업 > 보건업 > 병원 > 병원
851113__xref0,851113,xref,의료기관
851113__xref1,851113,xref,군사병원
851113__xref2,851113,xref,상담 서비스를 제공하는 병ㆍ의원
851114__name0,851114,name,일반병원
851114__hier0,851114,hier,보건업 및 사회복지 서비스업 > 보건업 > 병원 > 병원
851114__example0,851114,example,외과 전문병원
851114__example1,851114,example,내과 전문병원
851114__example2,851114,example,보건의료원
851114__example3,851114,example,군 및 교도소 병원
851114__example4,851114,example,결핵병원
851114__example5,851114,example,한센병원
851114__example6,851114,example,전염병원
851114__xref0,851114,xref,의료기관
851114__xref1,851114,xref,군사병원
851114__xref2,851114,xref,상담 서비스를 제공하는 병ㆍ의원
851200__name0,851200,name,초등학교
851200__hier0,851200,hier,교육서비스업 > 교육 서비스업 > 초등 교육기관 > 초등학교
851200__example0,851200,example,공민학교
851200__xref0,851200,xref,학습지 계약 배달 판매(교육 위주
851200__xref1,851200,xref,교육기관
851200__xref2,851200,xref,군사대학
851200__xref3,851200,xref,교육 서비스
851201__name0,851201,name,일반의원
851201__hier0,851201,hier,보건업 및 사회복지 서비스업 > 보건업 > 의원 > 의원
851201__desc0,851201,desc,"일반과, 내과, 소아과"
851201__example0,851201,example,내과의원
851201__example1,851201,example,소아과의원
851201__example2,851201,example,정신과의원
851201__example3,851201,example,외과의원
851201__xref0,851201,xref,의료기관
851201__xref1,851201,xref,상담 서비스를 제공하는 병ㆍ의원
851202__name0,851202,name,일반의원
851202__hier0,851202,hier,보건업 및 사회복지 서비스업 > 보건업 > 의원 > 의원
851202__desc0,851202,desc,"일반외과, 정형외과, 항문과, 신경외과"
851202__example0,851202,example,내과의원
851202__example1,851202,example,소아과의원
851202__example2,851202,example,정신과의원
851202__example3,851202,example,외과의원
851202__xref0,851202,xref,의료기관
851202__xref1,851202,xref,상담 서비스를 제공하는 병ㆍ의원
851203__name0,851203,name,일반의원
851203__hier0,851203,hier,보건업 및 사회복지 서비스업 > 보건업 > 의원 > 의원
851203__desc0,851203,desc,"신경과, 정신과, 신경정신과"
851203__example0,851203,example,내과의원
851203__example1,851203,example,소아과의원
851203__example2,851203,example,정신과의원
851203__example3,851203,example,외과의원
851203__xref0,851203,xref,의료기관
851203__xref1,851203,xref,상담 서비스를 제공하는 병ㆍ의원
851204__name0,851204,name,일반의원
851204__hier0,851204,hier,보건업 및 사회복지 서비스업 > 보건업 > 의원 > 의원
851204__desc0,851204,desc,"피부과, 비뇨기과"
851204__example0,851204,example,내과의원
851204__example1,851204,example,소아과의원
851204__example2,851204,example,정신과의원
851204__example3,851204,example,외과의원
851204__xref0,851204,xref,의료기관
851204__xref1,851204,xref,상담 서비스를 제공하는 병ㆍ의원
851205__name0,851205,name,일반의원
851205__hier0,851205,hier,보건업 및 사회복지 서비스업 > 보건업 > 의원 > 의원
851205__desc0,851205,desc,안과
851205__example0,851205,example,내과의원
851205__example1,851205,example,소아과의원
851205__example2,851205,example,정신과의원
851205__example3,851205,example,외과의원
851205__xref0,851205,xref,의료기관
851205__xref1,851205,xref,상담 서비스를 제공하는 병ㆍ의원
851206__name0,851206,name,일반의원
851206__hier0,851206,hier,보건업 및 사회복지 서비스업 > 보건업 > 의원 > 의원
851206__desc0,851206,desc,이비인후과
851206__example0,851206,example,내과의원
851206__example1,851206,example,소아과의원
851206__example2,851206,example,정신과의원
851206__example3,851206,example,외과의원
851206__xref0,851206,xref,의료기관
851206__xref1,851206,xref,상담 서비스를 제공하는 병ㆍ의원
851207__name0,851207,name,일반의원
851207__hier0,851207,hier,보건업 및 사회복지 서비스업 > 보건업 > 의원 > 의원
851207__desc0,851207,desc,산부인과
851207__example0,851207,example,내과의원
851207__example1,851207,example,소아과의원
851207__example2,851207,example,정신과의원
851207__example3,851207,example,외과의원
851207__xref0,851207,xref,의료기관
851207__xref1,851207,xref,상담 서비스를 제공하는 병ㆍ의원
851208__name0,851208,name,방사선 진단 및 병리 검사 의원
851208__hier0,851208,hier,보건업 및 사회복지 서비스업 > 보건업 > 의원 > 의원
851208__example0,851208,example,엑스레이 촬영 의원
851208__example1,851208,example,의료 검사 의원 서업 스및 업사
851208__xref0,851208,xref,의료기관
851208__xref1,851208,xref,상담 서비스를 제공하는 병ㆍ의원
851209__name0,851209,name,일반의원
851209__hier0,851209,hier,보건업 및 사회복지 서비스업 > 보건업 > 의원 > 의원
851209__desc0,851209,desc,성형외과
851209__example0,851209,example,내과의원
851209__example1,851209,example,소아과의원
851209__example2,851209,example,정신과의원
851209__example3,851209,example,외과의원
851209__xref0,851209,xref,의료기관
851209__xref1,851209,xref,상담 서비스를 제공하는 병ㆍ의원
851211__name0,851211,name,치과의원
851211__hier0,851211,hier,보건업 및 사회복지 서비스업 > 보건업 > 의원 > 의원
851211__xref0,851211,xref,의료기관
851211__xref1,851211,xref,상담 서비스를 제공하는 병ㆍ의원
851212__name0,851212,name,한의원
851212__hier0,851212,hier,보건업 및 사회복지 서비스업 > 보건업 > 의원 > 의원
851212__xref0,851212,xref,개인 진단 및 처방에 의하여 조제하는 한의원
851212__xref1,851212,xref,의료기관
851212__xref2,851212,xref,상담 서비스를 제공하는 병ㆍ의원
851219__name0,851219,name,일반의원
851219__hier0,851219,hier,보건업 및 사회복지 서비스업 > 보건업 > 의원 > 의원
851219__desc0,851219,desc,기타의원
851219__example0,851219,example,내과의원
851219__example1,851219,example,소아과의원
851219__example2,851219,example,정신과의원
851219__example3,851219,example,외과의원
851219__xref0,851219,xref,의료기관
851219__xref1,851219,xref,상담 서비스를 제공하는 병ㆍ의원
851901__name0,851901,name,그 외 기타 보건업
851901__hier0,851901,hier,보건업 및 사회복지 서비스업 > 보건업 > 기타 보건업 > 기타 보건업
851901__desc0,851901,desc,"조산소, 조산원"
851901__example0,851901,example,조산원
851901__example1,851901,example,장기 은행
851901__example2,851901,example,혈액 은행
851901__example3,851901,example,정자 은행
851901__example4,851901,example,독립적인 간호사
851901__example5,851901,example,의무 기록 서비스
851901__example6,851901,example,헌혈 관리 및 서비스
851901__example7,851901,example,제대혈 보관 서비스
851901__xref0,851901,xref,의료기관
851901__xref1,851901,xref,상담 서비스를 제공하는 병ㆍ의원
851902__name0,851902,name,유사 의료업
851902__hier0,851902,hier,보건업 및 사회복지 서비스업 > 보건업 > 기타 보건업 > 기타 보건업
851902__desc0,851902,desc,침구치료 등
851902__example0,851902,example,침술원
851902__example1,851902,example,척추 지압 요법 치료
851902__example2,851902,example,안마원
851902__example3,851902,example,안마시술소
851902__xref0,851902,xref,의료기관
851902__xref1,851902,xref,상담 서비스를 제공하는 병ㆍ의원
851902__xref2,851902,xref,"지압치료, 안마원 및 안마시술소"
851903__name0,851903,name,유사 의료업
851903__hier0,851903,hier,보건업 및 사회복지 서비스업 > 보건업 > 기타 보건업 > 기타 보건업
851903__desc0,851903,desc,안마원 또는 안마시술소 미개설
851903__example0,851903,example,침술원
851903__example1,851903,example,척추 지압 요법 치료
851903__example2,851903,example,안마원
851903__example3,851903,example,안마시술소
851903__xref0,851903,xref,의료기관
851903__xref1,851903,xref,상담 서비스를 제공하는 병ㆍ의원
851903__xref2,851903,xref,"지압치료, 안마원 및 안마시술소"
851904__name0,851904,name,유사 의료업
851904__hier0,851904,hier,보건업 및 사회복지 서비스업 > 보건업 > 기타 보건업 > 기타 보건업
851904__desc0,851904,desc,지압치료 등
851904__example0,851904,example,침술원
851904__example1,851904,example,척추 지압 요법 치료
851904__example2,851904,example,안마원
851904__example3,851904,example,안마시술소
851904__xref0,851904,xref,의료기관
851904__xref1,851904,xref,상담 서비스를 제공하는 병ㆍ의원
851904__xref2,851904,xref,"지압치료, 안마원 및 안마시술소"
851905__name0,851905,name,방사선 진단 및 병리 검사 의원
851905__hier0,851905,hier,보건업 및 사회복지 서비스업 > 보건업 > 의원 > 의원
851905__desc0,851905,desc,세균검사
851905__example0,851905,example,엑스레이 촬영 의원
851905__example1,851905,example,의료 검사 의원 서업 스및 업사
851905__xref0,851905,xref,의료기관
851905__xref1,851905,xref,상담 서비스를 제공하는 병ㆍ의원
851906__name0,851906,name,그 외 기타 보건업
851906__hier0,851906,hier,보건업 및 사회복지 서비스업 > 보건업 > 기타 보건업 > 기타 보건업
851906__desc0,851906,desc,혈액원
851906__example0,851906,example,조산원
851906__example1,851906,example,장기 은행
851906__example2,851906,example,혈액 은행
851906__example3,851906,example,정자 은행
851906__example4,851906,example,독립적인 간호사
851906__example5,851906,example,의무 기록 서비스
851906__example6,851906,example,헌혈 관리 및 서비스
851906__example7,851906,example,제대혈 보관 서비스
851906__xref0,851906,xref,의료기관
851906__xref1,851906,xref,상담 서비스를 제공하는 병ㆍ의원
851907__name0,851907,name,그 외 기타 보건업
851907__hier0,851907,hier,보건업 및 사회복지 서비스업 > 보건업 > 기타 보건업 > 기타 보건업
851907__example0,851907,example,조산원
851907__example1,851907,example,장기 은행
851907__example2,851907,example,혈액 은행
851907__example3,851907,example,정자 은행
851907__example4,851907,example,독립적인 간호사
851907__example5,851907,example,의무 기록 서비스
851907__example6,851907,example,헌혈 관리 및 서비스
851907__example7,851907,example,제대혈 보관 서비스
851907__xref0,851907,xref,의료기관
851907__xref1,851907,xref,상담 서비스를 제공하는 병ㆍ의원
851908__name0,851908,name,유사 의료업
851908__hier0,851908,hier,보건업 및 사회복지 서비스업 > 보건업 > 기타 보건업 > 기타 보건업
851908__desc0,851908,desc,안마시술소
851908__example0,851908,example,침술원
851908__example1,851908,example,척추 지압 요법 치료
851908__example2,851908,example,안마원
851908__xref0,851908,xref,의료기관
851908__xref1,851908,xref,상담 서비스를 제공하는 병ㆍ의원
851908__xref2,851908,xref,"지압치료, 안마원 및 안마시술소"
851909__name0,851909,name,방사선 진단 및 병리 검사 의원
851909__hier0,851909,hier,보건업 및 사회복지 서비스업 > 보건업 > 의원 > 의원
851909__desc0,851909,desc,기타 병리실험서비스
851909__example0,851909,example,엑스레이 촬영 의원
851909__example1,851909,example,의료 검사 의원 서업 스및 업사
851909__xref0,851909,xref,의료기관
851909__xref1,851909,xref,상담 서비스를 제공하는 병ㆍ의원
851911__name0,851911,name,앰뷸런스 서비스업
851911__hier0,851911,hier,보건업 및 사회복지 서비스업 > 보건업 > 기타 보건업 > 기타 보건업
851911__xref0,851911,xref,의료기관
851911__xref1,851911,xref,상담 서비스를 제공하는 병ㆍ의원
851912__name0,851912,name,유사 의료업
851912__hier0,851912,hier,보건업 및 사회복지 서비스업 > 보건업 > 기타 보건업 > 기타 보건업
851912__desc0,851912,desc,안마원
851912__example0,851912,example,침술원
851912__example1,851912,example,척추 지압 요법 치료
851912__example2,851912,example,안마시술소
851912__xref0,851912,xref,의료기관
851912__xref1,851912,xref,상담 서비스를 제공하는 병ㆍ의원
851912__xref2,851912,xref,"지압치료, 안마원 및 안마시술소"
852000__name0,852000,name,수의업
852000__hier0,852000,hier,"전문, 과학 및 기술 서비스업 > 기타 전문, 과학 및 기술 서비스업 > 수의업 > 수의업"
852000__example0,852000,example,축산 동물병원
852000__example1,852000,example,반려
852000__example2,852000,example,애완 동물병원
852000__example3,852000,example,수의 서비스
852000__example4,852000,example,수의관련 실험 서비스 기전
852000__example5,852000,example,동물관련 임상병리 서비스
852000__example6,852000,example,동물 구급 서비스 술문
852000__xref0,852000,xref,동물병원
852110__name0,852110,name,중학교
852110__hier0,852110,hier,교육서비스업 > 교육 서비스업 > 중등 교육기관 > 일반 중등 교육기관
852110__example0,852110,example,방송통신 중학교
852110__example1,852110,example,고등 공민학교
852110__example2,852110,example,특성화 중학교
852110__xref0,852110,xref,학습지 계약 배달 판매(교육 위주
852110__xref1,852110,xref,교육기관
852110__xref2,852110,xref,군사대학
852110__xref3,852110,xref,교육 서비스
852120__name0,852120,name,일반 고등학교
852120__hier0,852120,hier,교육서비스업 > 교육 서비스업 > 중등 교육기관 > 일반 중등 교육기관
852120__example0,852120,example,과학 고등학교
852120__example1,852120,example,종합 고등학교
852120__example2,852120,example,방송통신 고등학교
852120__example3,852120,example,외국어 고등학교
852120__example4,852120,example,예술 고등학교
852120__example5,852120,example,체육 고등학교
852120__example6,852120,example,국제 고등학교
852120__example7,852120,example,자율형 사립
852120__example8,852120,example,공립 고등학교
852120__xref0,852120,xref,학습지 계약 배달 판매(교육 위주
852120__xref1,852120,xref,교육기관
852120__xref2,852120,xref,군사대학
852120__xref3,852120,xref,교육 서비스
852210__name0,852210,name,상업 및 정보산업 특성화 고등학교
852210__hier0,852210,hier,교육서비스업 > 교육 서비스업 > 중등 교육기관 > 특성화 고등학교
852210__example0,852210,example,상업 고등학교
852210__example1,852210,example,정보산업 고등학교
852210__example2,852210,example,컴퓨터관련 고등학교
852210__example3,852210,example,상업 및 정보산업 관련 산업 수요 맞춤형 고등학교(마이스터고)
852210__xref0,852210,xref,학습지 계약 배달 판매(교육 위주
852210__xref1,852210,xref,교육기관
852210__xref2,852210,xref,군사대학
852210__xref3,852210,xref,교육 서비스
852220__name0,852220,name,공업 특성화 고등학교
852220__hier0,852220,hier,교육서비스업 > 교육 서비스업 > 중등 교육기관 > 특성화 고등학교
852220__example0,852220,example,공업 고등학교
852220__example1,852220,example,공업 관련 산업 수요 맞춤형 고등학교(마이스터고)
852220__xref0,852220,xref,학습지 계약 배달 판매(교육 위주
852220__xref1,852220,xref,교육기관
852220__xref2,852220,xref,군사대학
852220__xref3,852220,xref,교육 서비스
852290__name0,852290,name,기타 특성화 고등학교
852290__hier0,852290,hier,교육서비스업 > 교육 서비스업 > 중등 교육기관 > 특성화 고등학교
852290__example0,852290,example,농업 고등학교
852290__example1,852290,example,수산 고등학교
852290__example2,852290,example,해양 고등학교
852290__example3,852290,example,고등 기술학교
852290__example4,852290,example,"상업, 정보산업, 공업 이외 산업 수요 맞춤형 고등학교(마이스터고)"
852290__xref0,852290,xref,학습지 계약 배달 판매(교육 위주
852290__xref1,852290,xref,교육기관
852290__xref2,852290,xref,군사대학
852290__xref3,852290,xref,교육 서비스
853010__name0,853010,name,전문대학
853010__hier0,853010,hier,교육서비스업 > 교육 서비스업 > 고등 교육기관 > 고등 교육기관
853010__xref0,853010,xref,학습지 계약 배달 판매(교육 위주
853010__xref1,853010,xref,교육기관
853010__xref2,853010,xref,군사대학
853010__xref3,853010,xref,교육 서비스
853020__name0,853020,name,대학교
853020__hier0,853020,hier,교육서비스업 > 교육 서비스업 > 고등 교육기관 > 고등 교육기관
853020__example0,853020,example,방송통신대학
853020__example1,853020,example,과학기술대학
853020__example2,853020,example,기술대학
853020__example3,853020,example,경찰대학
853020__example4,853020,example,3군 사관학교
853020__example5,853020,example,간호대학
853020__example6,853020,example,교육대학
853020__xref0,853020,xref,학습지 계약 배달 판매(교육 위주
853020__xref1,853020,xref,교육기관
853020__xref2,853020,xref,군사대학
853020__xref3,853020,xref,교육 서비스
853030__name0,853030,name,대학원
853030__hier0,853030,hier,교육서비스업 > 교육 서비스업 > 고등 교육기관 > 고등 교육기관
853030__xref0,853030,xref,학습지 계약 배달 판매(교육 위주
853030__xref1,853030,xref,교육기관
853030__xref2,853030,xref,군사대학
853030__xref3,853030,xref,교육 서비스
854100__name0,854100,name,특수학교
854100__hier0,854100,hier,"교육서비스업 > 교육 서비스업 > 특수학교, 외국인학교 및 대안학교 > 특수학교"
854100__xref0,854100,xref,학습지 계약 배달 판매(교육 위주
854100__xref1,854100,xref,교육기관
854100__xref2,854100,xref,군사대학
854100__xref3,854100,xref,교육 서비스
854300__name0,854300,name,대안학교
854300__hier0,854300,hier,"교육서비스업 > 교육 서비스업 > 특수학교, 외국인학교 및 대안학교 > 대안학교"
854300__xref0,854300,xref,학습지 계약 배달 판매(교육 위주
854300__xref1,854300,xref,교육기관
854300__xref2,854300,xref,군사대학
854300__xref3,854300,xref,교육 서비스
856400__name0,856400,name,사회교육시설
856400__hier0,856400,hier,"교육서비스업 > 교육 서비스업 > 특수학교, 외국인학교 및 대안학교 > 사회교육시설"
856400__example0,856400,example,학교 부설 사회교육원
856400__example1,856400,example,시민단체 부설 사회교육원
856400__xref0,856400,xref,학습지 계약 배달 판매(교육 위주
856400__xref1,856400,xref,교육기관
856400__xref2,856400,xref,군사대학
856400__xref3,856400,xref,기술관련 자격증 시험교육
856400__xref4,856400,xref,교육 서비스
863000__name0,863000,name,공중 보건 의료업
863000__hier0,863000,hier,보건업 및 사회복지 서비스업 > 보건업 > 공중 보건 의료업 > 공중 보건 의료업
863000__example0,863000,example,보건소
863000__example1,863000,example,보건 지소
863000__xref0,863000,xref,의료기관
863000__xref1,863000,xref,상담 서비스를 제공하는 병ㆍ의원
871110__name0,871110,name,노인 요양 복지시설 운영업
871110__hier0,871110,hier,보건업 및 사회복지 서비스업 > 사회복지 서비스업 > 거주 복지시설 운영업 > 노인 거주 복지시설 운영업
871110__example0,871110,example,실비 노인 요양시설
871110__example1,871110,example,유료 노인 요양시설
871110__example2,871110,example,무료 노인 요양시설
871110__example3,871110,example,노인 전문 요양시설
871210__name0,871210,name,신체 부자유자 거주 복지시설 운영업
871210__hier0,871210,hier,보건업 및 사회복지 서비스업 > 사회복지 서비스업 > 거주 복지시설 운영업 > 심신 장애인 거주 복지시설 운영업
871220__name0,871220,name,"정신 질환, 정신 지체 및 약물 중독자 거주 복지시설 운영업"
871220__hier0,871220,hier,보건업 및 사회복지 서비스업 > 사회복지 서비스업 > 거주 복지시설 운영업 > 심신 장애인 거주 복지시설 운영업
871220__example0,871220,example,마약 중독자 요양시설
871220__example1,871220,example,정신 지체 아동 보호시설
871310__name0,871310,name,아동 및 부녀자 거주 복지시설 운영업
871310__hier0,871310,hier,보건업 및 사회복지 서비스업 > 사회복지 서비스업 > 거주 복지시설 운영업 > 기타 거주 복지시설 운영업
871310__example0,871310,example,유아 보호시설
871310__example1,871310,example,모자 보호시설 스및 업사
871310__example2,871310,example,미혼모 보호시설
871310__example3,871310,example,청소년 보호시설
871310__example4,871310,example,윤락녀 보호시설
871310__example5,871310,example,피해 여성 보호시설
871310__xref0,871310,xref,수용 재활원
871390__name0,871390,name,그 외 기타 거주 복지시설 운영업
871390__hier0,871390,hier,보건업 및 사회복지 서비스업 > 사회복지 서비스업 > 거주 복지시설 운영업 > 기타 거주 복지시설 운영업
871390__example0,871390,example,부랑인 수용 복지시설
871390__xref0,871390,xref,수용 재활원
872100__name0,872100,name,보육시설 운영업
872100__hier0,872100,hier,보건업 및 사회복지 서비스업 > 사회복지 서비스업 > 비거주 복지시설 운영업 > 보육시설 운영업
872100__desc0,872100,desc,인가된 경우
872100__example0,872100,example,놀이방
872100__example1,872100,example,직장 보육시설
872100__example2,872100,example,탁아시설
872100__xref0,872100,xref,보육원 및 탁아기관
872910__name0,872910,name,직업 재활원 운영업
872910__hier0,872910,hier,보건업 및 사회복지 서비스업 > 사회복지 서비스업 > 비거주 복지시설 운영업 > 기타 비거주 복지 서비스업
872910__example0,872910,example,부랑자 직업 재활원
872910__example1,872910,example,직업 재활 상담
872910__xref0,872910,xref,직업 재활 상담 서비스
872920__name0,872920,name,종합복지관 운영업
872920__hier0,872920,hier,보건업 및 사회복지 서비스업 > 사회복지 서비스업 > 비거주 복지시설 운영업 > 기타 비거주 복지 서비스업
872920__example0,872920,example,종합 사회복지관
872920__example1,872920,example,장애인 종합복지관
872920__xref0,872920,xref,드림스타트센터 등 종합 사회서비스 제공 시설
872930__name0,872930,name,방문 복지서비스 제공업
872930__hier0,872930,hier,보건업 및 사회복지 서비스업 > 사회복지 서비스업 > 비거주 복지시설 운영업 > 기타 비거주 복지 서비스업
872930__example0,872930,example,재가 요양서비스 기관
872930__xref0,872930,xref,재가 요양 서비스 기관
872940__name0,872940,name,사회복지 상담 서비스 제공업
872940__hier0,872940,hier,보건업 및 사회복지 서비스업 > 사회복지 서비스업 > 비거주 복지시설 운영업 > 기타 비거주 복지 서비스업
872940__example0,872940,example,"청소년 상담소, 가정 상담소"
872940__example1,872940,example,사회복지 상담시설
872940__example2,872940,example,복지관련 전화 상담 서비스
872940__xref0,872940,xref,"사회복지 관련 상담소, 상담센터"
872940__xref1,872940,xref,상담센터
872990__name0,872990,name,그 외 기타 비거주 복지 서비스업
872990__hier0,872990,hier,보건업 및 사회복지 서비스업 > 사회복지 서비스업 > 비거주 복지시설 운영업 > 기타 비거주 복지 서비스업
872990__example0,872990,example,장애자 지원 봉사단체
872990__example1,872990,example,노인 지원 봉사단체
872990__example2,872990,example,유아 지원 봉사단체
872990__example3,872990,example,사회복지관(종합 복지관 제외)
872990__example4,872990,example,재난 구호시설
872990__example5,872990,example,법률 구조기관
872990__example6,872990,example,무료 급식소
900100__name0,900100,name,"지정 외 폐기물 수집, 운반업"
900100__hier0,900100,hier,"수도, 하수 및 폐기물 처리, 원료 재생업 > 폐기물 수집, 운반, 처리 및 원료 재생업 > 폐기물 수집, 운반업 > 지정 외 폐기물 수집, 운반업"
900100__example0,900100,example,"무해 고체 폐기물 수집, 운반"
900100__example1,900100,example,"무해 산업 폐기물 수집, 운반"
900100__example2,900100,example,"무해 생활 폐기물 수집, 운반"
900100__xref0,900100,xref,농축산물 폐기물 처리장 운영
900101__name0,900101,name,지정 외 폐기물 처리업
900101__hier0,900101,hier,"수도, 하수 및 폐기물 처리, 원료 재생업 > 폐기물 수집, 운반, 처리 및 원료 재생업 > 폐기물 처리업 > 지정 외 폐기물 처리업"
900101__example0,900101,example,무해 폐기물 소각로 운영
900101__example1,900101,example,무해 폐기물 매립장 운영
900101__example2,900101,example,음식 폐기물 처리
900101__xref0,900101,xref,농축산물 폐기물 처리장 운영
900101__xref1,900101,xref,건축 폐기물 처리활동
900101__xref2,900101,xref,폐기물 처리시설 운영
900101__xref3,900101,xref,건설 폐기물 및 폐주물사를 폐기 처리하는 경우
900101__xref4,900101,xref,무해성 폐기물 처리
900102__name0,900102,name,"방사성 폐기물 수집, 운반 및 처리업"
900102__hier0,900102,hier,"수도, 하수 및 폐기물 처리, 원료 재생업 > 폐기물 수집, 운반, 처리 및 원료 재생업 > 폐기물 처리업 > 방사성 폐기물 수집, 운반 및 처리업"
900102__xref0,900102,xref,농축산물 폐기물 처리장 운영
900102__xref1,900102,xref,건축 폐기물 처리활동
900102__xref2,900102,xref,폐기물 처리시설 운영
900102__xref3,900102,xref,방사성 폐기물 처리
900102__xref4,900102,xref,"방사성 폐기물 수집, 운반, 처분"
900102__xref5,900102,xref,"방사성 폐기물 수집, 운반, 처리"
900102__xref6,900102,xref,건설 폐기물 및 폐주물사를 폐기 처리하는 경우
900103__name0,900103,name,"지정 폐기물 수집, 운반업"
900103__hier0,900103,hier,"수도, 하수 및 폐기물 처리, 원료 재생업 > 폐기물 수집, 운반, 처리 및 원료 재생업 > 폐기물 수집, 운반업 > 지정 폐기물 수집, 운반업"
900103__example0,900103,example,"부식성 폐기물(폐산, 폐알카리) 수집, 운반"
900103__example1,900103,example,"폐유(폐식용유는 지정 외 폐기물) 수집, 운반"
900103__example2,900103,example,"폐석면, 폐농약 수집, 운반"
900103__example3,900103,example,"액상 폐합성수지, 폐고무 수집, 운반"
900103__example4,900103,example,"폐수 오니, 공정과정 배출 오니 수집, 운반"
900103__xref0,900103,xref,농축산물 폐기물 처리장 운영
900103__xref1,900103,xref,"공사장에서 배출되는 지정 폐기물 수집, 운반"
900104__name0,900104,name,"건설 폐기물 수집, 운반업"
900104__hier0,900104,hier,"수도, 하수 및 폐기물 처리, 원료 재생업 > 폐기물 수집, 운반, 처리 및 원료 재생업 > 폐기물 수집, 운반업 > 건설 폐기물 수집, 운반업"
900104__example0,900104,example,"건설 폐기물 수집, 운반"
900104__example1,900104,example,"무해성 광재(고로 슬래그 등) 수집, 운반"
900104__xref0,900104,xref,농축산물 폐기물 처리장 운영
900105__name0,900105,name,지정 폐기물 처리업
900105__hier0,900105,hier,"수도, 하수 및 폐기물 처리, 원료 재생업 > 폐기물 수집, 운반, 처리 및 원료 재생업 > 폐기물 처리업 > 지정 폐기물 처리업"
900105__example0,900105,example,폐수 오니 처리
900105__example1,900105,example,의료 적출물 처리
900105__example2,900105,example,동물 사체 처리
900105__xref0,900105,xref,농축산물 폐기물 처리장 운영
900105__xref1,900105,xref,건축 폐기물 처리활동
900105__xref2,900105,xref,폐기물 처리시설 운영
900105__xref3,900105,xref,공사장에서 배출되는 지정 폐기물 처리
900105__xref4,900105,xref,건설 폐기물 및 폐주물사를 폐기 처리하는 경우
900105__xref5,900105,xref,유해성 폐기물 처리
900106__name0,900106,name,건설 폐기물 처리업
900106__hier0,900106,hier,"수도, 하수 및 폐기물 처리, 원료 재생업 > 폐기물 수집, 운반, 처리 및 원료 재생업 > 폐기물 처리업 > 건설 폐기물 처리업"
900106__example0,900106,example,무해성 광재(고로 슬래그 등) 처리
900106__xref0,900106,xref,농축산물 폐기물 처리장 운영
900106__xref1,900106,xref,건축 폐기물 처리활동
900106__xref2,900106,xref,폐기물 처리시설 운영
900106__xref3,900106,xref,건설 폐기물 및 폐주물사를 폐기 처리하는 경우
900200__name0,900200,name,하수 처리업
900200__hier0,900200,hier,"수도, 하수 및 폐기물 처리, 원료 재생업 > 하수, 폐수 및 분뇨 처리업 > 하수, 폐수 및 분뇨 처리업 > 하수 및 폐수 처리업"
900200__example0,900200,example,하수 펌프장 운영
900200__example1,900200,example,하수도관시설 운영
900200__example2,900200,example,하수 종말 처리장 운영
900200__xref0,900200,xref,축산분뇨 수집 및 처리
900200__xref1,900200,xref,하수도관 및 하수 처리시설 등 관련 시설 청소
900200__xref2,900200,xref,"하수, 폐기물 및 위생처리 활동"
900201__name0,900201,name,사람 분뇨 처리업
900201__hier0,900201,hier,"수도, 하수 및 폐기물 처리, 원료 재생업 > 하수, 폐수 및 분뇨 처리업 > 하수, 폐수 및 분뇨 처리업 > 분뇨 처리업"
900201__example0,900201,example,정화조 청소업
900201__example1,900201,example,"분뇨 수집, 운반업"
900201__example2,900201,example,분뇨 처리업
900201__xref0,900201,xref,축산분뇨 수집 및 처리
900201__xref1,900201,xref,분뇨 수거 및 처리
900201__xref2,900201,xref,"하수, 폐기물 및 위생처리 활동"
900202__name0,900202,name,폐수 처리업
900202__hier0,900202,hier,"수도, 하수 및 폐기물 처리, 원료 재생업 > 하수, 폐수 및 분뇨 처리업 > 하수, 폐수 및 분뇨 처리업 > 하수 및 폐수 처리업"
900202__example0,900202,example,산업 폐수 처리시설 운영
900202__xref0,900202,xref,축산분뇨 수집 및 처리
900202__xref1,900202,xref,"하수, 폐기물 및 위생처리 활동"
900203__name0,900203,name,축산 분뇨 처리업
900203__hier0,900203,hier,"수도, 하수 및 폐기물 처리, 원료 재생업 > 하수, 폐수 및 분뇨 처리업 > 하수, 폐수 및 분뇨 처리업 > 분뇨 처리업"
900203__example0,900203,example,가축 분뇨 수집 및 운반업
900203__example1,900203,example,축산 폐수 공용 처리시설 운영
900203__xref0,900203,xref,축산분뇨 수집 및 처리
900203__xref1,900203,xref,분뇨 수거 및 처리
900203__xref2,900203,xref,"하수, 폐기물 및 위생처리 활동"
900300__name0,900300,name,금속류 해체 및 선별업
900300__hier0,900300,hier,"수도, 하수 및 폐기물 처리, 원료 재생업 > 폐기물 수집, 운반, 처리 및 원료 재생업 > 해체, 선별 및 원료 재생업 > 금속류 해체, 선별 및 원료 재생업"
900300__desc0,900300,desc,폐차처리업
900300__xref0,900300,xref,농축산물 폐기물 처리장 운영
900300__xref1,900300,xref,고무 재생제품 제조용 가공 이차원료 생산
900300__xref2,900300,xref,재생 플라스틱제품 제조용 이차 원료 생산
900300__xref3,900300,xref,연속 라인에 의한 재생원료 선별 활동
900900__name0,900900,name,"산업설비, 운송장비 및 공공장소 청소업"
900900__hier0,900900,hier,"사업시설 관리, 사업 지원 및 임대 서비스업 > 사업시설 관리 및 조경 서비스업 > 건물ㆍ산업설비 청소 및 방제 서비스업 > 건물 및 산업설비 청소업"
900900__example0,900900,example,서리
900900__example1,900900,example,산업설비 청소 서비스
900900__example2,900900,example,탱크 청소 서비스 비 스사
900900__example3,900900,example,로 및 굴뚝 청소 서비스
900900__example4,900900,example,컴퓨터실 청소 서비스 업업
900900__example5,900900,example,활주로 청소 서비스
900900__example6,900900,example,거리 청소 서비스
900900__example7,900900,example,선박 청소 서비스
900900__example8,900900,example,산업용 장비 세척(직물 및 직물제품 제외)
900900__xref0,900900,xref,선박 및 유조선 청소
900900__xref1,900900,xref,"산업설비, 운송장비 또는 공공장소 청소"
921100__name0,921100,name,"영화, 비디오물 및 방송 프로그램 배급업"
921100__hier0,921100,hier,"정보통신업 > 영상ㆍ오디오 기록물 제작 및 배급업 > 영화, 비디오물, 방송 프로그램 제작 및 배급업 > 영화, 비디오물 및 방송 프로그램 배급업"
921100__example0,921100,example,영화 배급
921100__example1,921100,example,텔레비전 프로그램 배급
921100__example2,921100,example,애니메이션 영화 배급
921100__example3,921100,example,비디오물 배급
921100__xref0,921100,xref,"영화, 비디오물, 방송 프로그램 제작 및 배급업"
921100__xref1,921100,xref,영화용 필름 임대
921200__name0,921200,name,영화관 운영업
921200__hier0,921200,hier,"정보통신업 > 영상ㆍ오디오 기록물 제작 및 배급업 > 영화, 비디오물, 방송 프로그램 제작 및 배급업 > 영화 및 비디오물 상영업"
921200__example0,921200,example,실내 영화관
921200__example1,921200,example,자동차 영화관
921200__xref0,921200,xref,"영화, 비디오물, 방송 프로그램 제작 및 배급업"
921200__xref1,921200,xref,영화상영관
921301__name0,921301,name,라디오 방송업
921301__hier0,921301,hier,정보통신업 > 방송 및 영상·오디오물 제공 서비스업 > 라디오 방송업 > 라디오 방송업
921301__example0,921301,example,공동체 라디오 방송
921301__xref0,921301,xref,방송사의 프로그램에서 일상적으로 수행되는 뉴스 제공
921302__name0,921302,name,지상파 방송업
921302__hier0,921302,hier,정보통신업 > 방송 및 영상·오디오물 제공 서비스업 > 텔레비전 방송업 > 지상파 방송업
921302__example0,921302,example,"지상파 방송(공영, 민영 TV 방송)"
921302__example1,921302,example,지상파 이동 멀티미디어 방송(DMB)
921302__xref0,921302,xref,방송사의 프로그램에서 일상적으로 수행되는 뉴스 제공
921303__name0,921303,name,유선 방송업
921303__hier0,921303,hier,"정보통신업 > 방송 및 영상·오디오물 제공 서비스업 > 텔레비전 방송업 > 유선, 위성 및 기타 방송업"
921303__example0,921303,example,종합 유선 방송
921303__example1,921303,example,케이블 방송
921303__example2,921303,example,중계 유선 방송
921303__example3,921303,example,음악 유선 방송
921303__xref0,921303,xref,유선 방송
921303__xref1,921303,xref,방송사의 프로그램에서 일상적으로 수행되는 뉴스 제공
921304__name0,921304,name,방송 프로그램 제작업
921304__hier0,921304,hier,"정보통신업 > 영상ㆍ오디오 기록물 제작 및 배급업 > 영화, 비디오물, 방송 프로그램 제작 및 배급업 > 영화, 비디오물 및 방송 프로그램 제작업"
921304__example0,921304,example,텔레비전 쇼 제작
921304__example1,921304,example,텔레비전 제작소(프로덕션) 운영
921304__xref0,921304,xref,독립적인 텔레비전 프로그램 제작
921304__xref1,921304,xref,"영화, 비디오물, 방송 프로그램 제작 및 배급업"
921305__name0,921305,name,위성 및 기타 방송업
921305__hier0,921305,hier,"정보통신업 > 방송 및 영상·오디오물 제공 서비스업 > 텔레비전 방송업 > 유선, 위성 및 기타 방송업"
921305__example0,921305,example,위성 방송
921305__example1,921305,example,인터넷 방송
921305__example2,921305,example,IPTV 방송
921305__example3,921305,example,보도 중심 전광판 방송
921305__xref0,921305,xref,인공위성 시스템을 이용한 텔레비전 방송활동
921305__xref1,921305,xref,방송사의 프로그램에서 일상적으로 수행되는 뉴스 제공
921306__name0,921306,name,프로그램 공급업
921306__hier0,921306,hier,"정보통신업 > 방송 및 영상·오디오물 제공 서비스업 > 텔레비전 방송업 > 유선, 위성 및 기타 방송업"
921306__example0,921306,example,유선 방송 프로그램 공급업
921306__example1,921306,example,위성 방송 프로그램 공급업
921306__xref0,921306,xref,방송 채널에 유선 및 위성 프로그램 공급활동
921306__xref1,921306,xref,위성 방송 프로그램 공급
921306__xref2,921306,xref,방송사의 프로그램에서 일상적으로 수행되는 뉴스 제공
921401__name0,921401,name,공연 기획업
921401__hier0,921401,hier,"예술, 스포츠 및 여가관련 서비스업 > 창작, 예술 및 여가관련 서비스업 > 창작 및 예술관련 서비스업 > 기타 창작 및 예술관련 서비스업"
921402__name0,921402,name,무용 및 음악단체
921402__hier0,921402,hier,"예술, 스포츠 및 여가관련 서비스업 > 창작, 예술 및 여가관련 서비스업 > 창작 및 예술관련 서비스업 > 공연단체"
921402__example0,921402,example,현대 무용단
921402__example1,921402,example,국악단체
921402__example2,921402,example,고전 무용단
921402__example3,921402,example,발레단
921402__example4,921402,example,포크댄스단
921402__example5,921402,example,밴드단
921402__example6,921402,example,오케스트라
921402__example7,921402,example,탭댄스단
921402__example8,921402,example,재즈단
921403__name0,921403,name,연극단체
921403__hier0,921403,hier,"예술, 스포츠 및 여가관련 서비스업 > 창작, 예술 및 여가관련 서비스업 > 창작 및 예술관련 서비스업 > 공연단체"
921403__example0,921403,example,음악연극 단체
921403__example1,921403,example,"오페라 극단 예술, 스포츠 및 여가관련 서비스업"
921403__example2,921403,example,뮤지컬 극단
921403__example3,921403,example,코미디 극단
921403__example4,921403,example,인형 극단
921404__name0,921404,name,비주거용 건물 임대업
921404__hier0,921404,hier,부동산업 > 부동산업 > 부동산 임대 및 공급업 > 부동산 임대업
921404__desc0,921404,desc,극장대관
921404__example0,921404,example,사무실 임대
921404__example1,921404,example,쇼핑 센터 임대
921404__example2,921404,example,상점 임대
921404__example3,921404,example,시장 건물 임대
921404__example4,921404,example,오피스텔 임대(비주거용)
921404__example5,921404,example,상업용 건물 임대
921404__example6,921404,example,공업용 건물 임대
921404__example7,921404,example,극장 임대
921404__xref0,921404,xref,전시회장 및 컨벤션장 임대
921404__xref1,921404,xref,공연시설 임대
921405__name0,921405,name,그 외 기타 창작 및 예술관련 서비스업
921405__hier0,921405,hier,"예술, 스포츠 및 여가관련 서비스업 > 창작, 예술 및 여가관련 서비스업 > 창작 및 예술관련 서비스업 > 기타 창작 및 예술관련 서비스업"
921405__desc0,921405,desc,공연 및 제작관련 대리
921405__example0,921405,example,조명장치 설치 및 운영
921405__example1,921405,example,연극 배경장치 운영
921405__example2,921405,example,음향장치 설치 및 운영
921405__example3,921405,example,무대 설비설치 운영
921405__example4,921405,example,무대 예술 운영업
921406__name0,921406,name,그 외 기타 창작 및 예술관련 서비스업
921406__hier0,921406,hier,"예술, 스포츠 및 여가관련 서비스업 > 창작, 예술 및 여가관련 서비스업 > 창작 및 예술관련 서비스업 > 기타 창작 및 예술관련 서비스업"
921406__example0,921406,example,조명장치 설치 및 운영
921406__example1,921406,example,연극 배경장치 운영
921406__example2,921406,example,음향장치 설치 및 운영
921406__example3,921406,example,무대 설비설치 운영
921406__example4,921406,example,무대 예술 운영업
921407__name0,921407,name,기타 공연단체
921407__hier0,921407,hier,"예술, 스포츠 및 여가관련 서비스업 > 창작, 예술 및 여가관련 서비스업 > 창작 및 예술관련 서비스업 > 공연단체"
921407__example0,921407,example,서커스단
921407__example1,921407,example,마술쇼단
921407__example2,921407,example,아이스스케이팅단 R 여 예 가술
921501__name0,921501,name,광고 영화 및 비디오물 제작업
921501__hier0,921501,hier,"정보통신업 > 영상ㆍ오디오 기록물 제작 및 배급업 > 영화, 비디오물, 방송 프로그램 제작 및 배급업 > 영화, 비디오물 및 방송 프로그램 제작업"
921501__example0,921501,example,텔레비전용 광고물 제작
921501__example1,921501,example,홍보 영화 제작
921501__example2,921501,example,공익 광고 영화 제작
921501__xref0,921501,xref,광고용 영화제작
921501__xref1,921501,xref,"영화, 비디오물, 방송 프로그램 제작 및 배급업"
921502__name0,921502,name,일반 영화 및 비디오물 제작업
921502__hier0,921502,hier,"정보통신업 > 영상ㆍ오디오 기록물 제작 및 배급업 > 영화, 비디오물, 방송 프로그램 제작 및 배급업 > 영화, 비디오물 및 방송 프로그램 제작업"
921502__example0,921502,example,일반 비디오물 제작
921502__example1,921502,example,일반 영화 제작
921502__example2,921502,example,교육용 비디오물 제작
921502__example3,921502,example,뮤직 비디오물 제작
921502__xref0,921502,xref,"영화, 비디오물, 방송 프로그램 제작 및 배급업"
921502__xref1,921502,xref,일반영화 투자회사
921503__name0,921503,name,"영화, 비디오물 및 방송 프로그램 제작 관련 서비스업"
921503__hier0,921503,hier,"정보통신업 > 영상ㆍ오디오 기록물 제작 및 배급업 > 영화, 비디오물, 방송 프로그램 제작 및 배급업 > 영화, 비디오물 및 방송 프로그램 제작 관련 서비스업"
921503__example0,921503,example,필름 검사 서비스
921503__example1,921503,example,재녹음(더빙) 서비스
921503__example2,921503,example,필름 편집 서비스
921503__example3,921503,example,자막 서비스
921503__example4,921503,example,영화 상영용 필름 복제
921503__xref0,921503,xref,영화 상영용 필름 복제 생산
921503__xref1,921503,xref,"영화, 비디오물, 방송 프로그램 제작 및 배급업"
921503__xref2,921503,xref,텔레비전 및 영화산업에 관련된 영화 필름 현상 업및
921504__name0,921504,name,애니메이션 영화 및 비디오물 제작업
921504__hier0,921504,hier,"정보통신업 > 영상ㆍ오디오 기록물 제작 및 배급업 > 영화, 비디오물, 방송 프로그램 제작 및 배급업 > 영화, 비디오물 및 방송 프로그램 제작업"
921504__example0,921504,example,애니메이션 영화 제작
921504__example1,921504,example,만화 영화 제작
921504__xref0,921504,xref,"영화, 비디오물, 방송 프로그램 제작 및 배급업"
921504__xref1,921504,xref,애니메이션(만화) 영화 제작
921505__name0,921505,name,미디어콘텐츠창작업
921505__hier0,921505,hier,"정보통신업 > 영상ㆍ오디오 기록물 제작 및 배급업 > 영화, 비디오물, 방송 프로그램 제작 및 배급업 > 영화, 비디오물 및 방송 프로그램 제작업"
921505__ksic0,921505,ksic,"일반 영화 및 비디오물 제작업, 애니메이션 영화 및 비디오물 제작업"
921505__example0,921505,example,일반 비디오물 제작
921505__example1,921505,example,일반 영화 제작
921505__example2,921505,example,교육용 비디오물 제작
921505__example3,921505,example,뮤직 비디오물 제작
921505__example4,921505,example,애니메이션 영화 제작
921505__example5,921505,example,만화 영화 제작
921505__xref0,921505,xref,"영화, 비디오물, 방송 프로그램 제작 및 배급업"
921505__xref1,921505,xref,일반영화 투자회사
921505__xref2,921505,xref,애니메이션(만화) 영화 제작
921901__name0,921901,name,공연시설 운영업
921901__hier0,921901,hier,"예술, 스포츠 및 여가관련 서비스업 > 창작, 예술 및 여가관련 서비스업 > 창작 및 예술관련 서비스업 > 공연시설 운영업"
921901__example0,921901,example,극장 운영
921901__example1,921901,example,음악당 운영
921901__example2,921901,example,연극장 운영
921902__name0,921902,name,레크리에이션 교육기관
921902__hier0,921902,hier,교육서비스업 > 교육 서비스업 > 기타 교육기관 > 스포츠 및 레크리에이션 교육기관
921902__desc0,921902,desc,댄스교습소
921902__example0,921902,example,바둑 교실
921902__xref0,921902,xref,학습지 계약 배달 판매(교육 위주
921902__xref1,921902,xref,교육기관
921902__xref2,921902,xref,군사대학
921902__xref3,921902,xref,기술관련 자격증 시험교육
921902__xref4,921902,xref,교육 목적의 바둑교실 운영
921902__xref5,921902,xref,교육 서비스
921903__name0,921903,name,유원지 및 테마파크 운영업
921903__hier0,921903,hier,"예술, 스포츠 및 여가관련 서비스업 > 스포츠 및 오락관련 서비스업 > 유원지 및 기타 오락관련 서비스업 > 유원지 및 테마파크 운영업"
921903__example0,921903,example,유원지 운영
921903__example1,921903,example,테마파크 운영
921903__example2,921903,example,각종 놀이기구 운영
921903__xref0,921903,xref,유원지 운영업
921904__name0,921904,name,무도장 운영업
921904__hier0,921904,hier,"예술, 스포츠 및 여가관련 서비스업 > 스포츠 및 오락관련 서비스업 > 유원지 및 기타 오락관련 서비스업 > 그 외 기타 오락관련 서비스업"
921904__example0,921904,example,무도장
921904__example1,921904,example,콜라텍
921904__example2,921904,example,댄스홀
921904__xref0,921904,xref,무도장 및 콜라텍 운영
922101__name0,922101,name,그 외 기타 개인 및 가정용품 수리업
922101__hier0,922101,hier,"협회 및 단체, 수리 및 기타 개인 서비스업 > 개인 및 소비용품 수리업 > 개인 및 가정용품 수리업 > 기타 개인 및 가정용품 수리업"
922101__example0,922101,example,가정용 철물 수리
922101__example1,922101,example,가정용 기기 수리(비전기식)
922101__example2,922101,example,보일러 수리(가정용)
922101__example3,922101,example,가정용 가스 기기 수리
922101__example4,922101,example,운반식 석유히터 수리
922101__example5,922101,example,가정용 재봉틀 수리(비전기식)
922101__example6,922101,example,가구 수리
922101__example7,922101,example,운동기구 수리
922101__example8,922101,example,자전거 수리
922101__example9,922101,example,가정용품 종합 수리
922101__xref0,922101,xref,"냉장고, 룸에어콘 등 가정용 기기 수리"
922102__name0,922102,name,기타 일반 기계 및 장비 수리업
922102__hier0,922102,hier,제조업 > 산업용 기계 및 장비 수리업 > 산업용 기계 및 장비 수리업 > 일반 기계류 수리업
922102__example0,922102,example,조립 금속제품 수리
922102__example1,922102,example,산업용 보일러 수리
922102__example2,922102,example,농업용 기계 수리
922102__example3,922102,example,축산용 기계 수리
922102__example4,922102,example,선박 부품 수리
922102__example5,922102,example,항공기 부품 수리
922102__example6,922102,example,사무용 기계 수리
922102__example7,922102,example,지게차(산업용) 수리
922103__name0,922103,name,전기ㆍ전자 및 정밀 기기 수리업
922103__hier0,922103,hier,제조업 > 산업용 기계 및 장비 수리업 > 산업용 기계 및 장비 수리업 > 전기ㆍ전자 및 정밀 기기 수리업
922104__name0,922104,name,가전제품 수리업
922104__hier0,922104,hier,"협회 및 단체, 수리 및 기타 개인 서비스업 > 개인 및 소비용품 수리업 > 개인 및 가정용품 수리업 > 가전제품 수리업"
922104__example0,922104,example,가정용 전자제품 수리
922104__example1,922104,example,가정용 전기제품 수리
922104__example2,922104,example,가정용 전열기 수리
922104__xref0,922104,xref,"냉장고, 룸에어콘 등 가정용 기기 수리"
922104__xref1,922104,xref,"텔레비전, 라디오 등 가전제품 수리"
922105__name0,922105,name,의복 및 기타 가정용 직물제품 수리업
922105__hier0,922105,hier,"협회 및 단체, 수리 및 기타 개인 서비스업 > 개인 및 소비용품 수리업 > 개인 및 가정용품 수리업 > 기타 개인 및 가정용품 수리업"
922105__example0,922105,example,직물제품 수리
922105__example1,922105,example,의복 수리
922105__xref0,922105,xref,"냉장고, 룸에어콘 등 가정용 기기 수리"
922105__xref1,922105,xref,의복 및 가정용 직물제품 수리
922106__name0,922106,name,건설ㆍ광업용 기계 및 장비 수리업
922106__hier0,922106,hier,제조업 > 산업용 기계 및 장비 수리업 > 산업용 기계 및 장비 수리업 > 일반 기계류 수리업
922106__xref0,922106,xref,"지게차(건설, 광업용) 수리"
922107__name0,922107,name,통신장비 수리업
922107__hier0,922107,hier,"협회 및 단체, 수리 및 기타 개인 서비스업 > 개인 및 소비용품 수리업 > 컴퓨터 및 통신장비 수리업 > 통신장비 수리업"
922107__xref0,922107,xref,"냉장고, 룸에어콘 등 가정용 기기 수리"
922108__name0,922108,name,"가죽, 가방 및 신발 수리업"
922108__hier0,922108,hier,"협회 및 단체, 수리 및 기타 개인 서비스업 > 개인 및 소비용품 수리업 > 개인 및 가정용품 수리업 > 기타 개인 및 가정용품 수리업"
922108__example0,922108,example,신발 수리
922108__example1,922108,example,가죽제품 수리
922108__example2,922108,example,"가방, 지갑, 핸드백 수리"
922108__xref0,922108,xref,"냉장고, 룸에어콘 등 가정용 기기 수리"
922109__name0,922109,name,"시계, 귀금속 및 악기 수리업"
922109__hier0,922109,hier,"협회 및 단체, 수리 및 기타 개인 서비스업 > 개인 및 소비용품 수리업 > 개인 및 가정용품 수리업 > 기타 개인 및 가정용품 수리업"
922109__example0,922109,example,업리
922109__example1,922109,example,시계 수리
922109__example2,922109,example,악기 수리
922109__example3,922109,example,귀금속 제품 수리
922109__xref0,922109,xref,"냉장고, 룸에어콘 등 가정용 기기 수리"
922201__name0,922201,name,자동차 종합 수리업
922201__hier0,922201,hier,"협회 및 단체, 수리 및 기타 개인 서비스업 > 개인 및 소비용품 수리업 > 자동차 및 모터사이클 수리업 > 자동차 수리 및 세차업"
922201__example0,922201,example,자동차 정비소(종합 수리)
922201__example1,922201,example,덤프 및 레미콘 종합 수리
922201__example2,922201,example,자동차 종합정비업
922201__example3,922201,example,소형 자동차 종합정비업
922201__xref0,922201,xref,"냉장고, 룸에어콘 등 가정용 기기 수리"
922201__xref1,922201,xref,차량의 수리 및 유지 서비스
922202__name0,922202,name,자동차 전문 수리업
922202__hier0,922202,hier,"협회 및 단체, 수리 및 기타 개인 서비스업 > 개인 및 소비용품 수리업 > 자동차 및 모터사이클 수리업 > 자동차 수리 및 세차업"
922202__example0,922202,example,카센터(전문 수리)
922202__example1,922202,example,자동차 타이어 및 튜브 수리
922202__example2,922202,example,자동차 도장
922202__example3,922202,example,자동차 경정비
922202__example4,922202,example,자동차 내장 전문 수리
922202__example5,922202,example,카인테리어(전문 수리)
922202__example6,922202,example,자동차 유리 및 내장품 수리(내장품 판매 제외)
922202__example7,922202,example,원동기 전문 정비업
922202__xref0,922202,xref,"냉장고, 룸에어콘 등 가정용 기기 수리"
922202__xref1,922202,xref,차량의 수리 및 유지 서비스
922202__xref2,922202,xref,자동차 도장(수리) 활동
922203__name0,922203,name,자동차 세차업
922203__hier0,922203,hier,"협회 및 단체, 수리 및 기타 개인 서비스업 > 개인 및 소비용품 수리업 > 자동차 및 모터사이클 수리업 > 자동차 수리 및 세차업"
922203__example0,922203,example,개및
922203__example1,922203,example,동전식 세차장 운영
922203__example2,922203,example,차량 광택처리 서비스
922203__example3,922203,example,수세식 세차장 운영
922203__example4,922203,example,차량 왁스처리 서 체 ， 스수 업리
922203__xref0,922203,xref,"냉장고, 룸에어콘 등 가정용 기기 수리"
922203__xref1,922203,xref,차량의 수리 및 유지 서비스
922204__name0,922204,name,모터사이클 수리업
922204__hier0,922204,hier,"협회 및 단체, 수리 및 기타 개인 서비스업 > 개인 및 소비용품 수리업 > 자동차 및 모터사이클 수리업 > 모터사이클 수리업"
922204__example0,922204,example,모터사이클 수리
922204__example1,922204,example,오토바이 수리
922204__example2,922204,example,설상용 차량 수리
922204__xref0,922204,xref,"냉장고, 룸에어콘 등 가정용 기기 수리"
922204__xref1,922204,xref,차량의 수리 및 유지 서비스
923100__name0,923100,name,독서실 운영업
923100__hier0,923100,hier,"예술, 스포츠 및 여가관련 서비스업 > 창작, 예술 및 여가관련 서비스업 > 도서관, 사적지 및 유사 여가관련 서비스업 > 도서관, 기록 보존소 및 독서실 운영업"
923100__example0,923100,example,독서실 운영
923100__xref0,923100,xref,숙식을 제공하지 않는 독서실 운영
923100__xref1,923100,xref,"도서관, 독서실, 자료실 및 시청각실 운영"
923101__name0,923101,name,도서관 및 기록 보존소 운영업
923101__hier0,923101,hier,"예술, 스포츠 및 여가관련 서비스업 > 창작, 예술 및 여가관련 서비스업 > 도서관, 사적지 및 유사 여가관련 서비스업 > 도서관, 기록 보존소 및 독서실 운영업"
923101__example0,923101,example,도서관(국
923101__example1,923101,example,사립)
923101__example2,923101,example,시청각실 R
923101__example3,923101,example,기록 매체 보존소
923101__example4,923101,example,책 기록 보존소 여 예 가술 ， 련스
923101__xref0,923101,xref,"도서관, 독서실, 자료실 및 시청각실 운영"
923102__name0,923102,name,독서실 운영업
923102__hier0,923102,hier,"예술, 스포츠 및 여가관련 서비스업 > 창작, 예술 및 여가관련 서비스업 > 도서관, 사적지 및 유사 여가관련 서비스업 > 도서관, 기록 보존소 및 독서실 운영업"
923102__desc0,923102,desc,스터디카페
923102__example0,923102,example,독서실 운영
923102__xref0,923102,xref,숙식을 제공하지 않는 독서실 운영
923102__xref1,923102,xref,"도서관, 독서실, 자료실 및 시청각실 운영"
923200__name0,923200,name,박물관 운영업
923200__hier0,923200,hier,"예술, 스포츠 및 여가관련 서비스업 > 창작, 예술 및 여가관련 서비스업 > 도서관, 사적지 및 유사 여가관련 서비스업 > 박물관 및 사적지 관리 운영업"
923200__example0,923200,example,천문관
923200__example1,923200,example,과학관
923200__example2,923200,example,미술관
923200__example3,923200,example,예술품 전시관
923200__example4,923200,example,역사 박물관
923200__xref0,923200,xref,과학 및 문화 전시관 운영
923201__name0,923201,name,사적지 관리 운영업
923201__hier0,923201,hier,"예술, 스포츠 및 여가관련 서비스업 > 창작, 예술 및 여가관련 서비스업 > 도서관, 사적지 및 유사 여가관련 서비스업 > 박물관 및 사적지 관리 운영업"
923300__name0,923300,name,식물원 및 동물원 운영업
923300__hier0,923300,hier,"예술, 스포츠 및 여가관련 서비스업 > 창작, 예술 및 여가관련 서비스업 > 도서관, 사적지 및 유사 여가관련 서비스업 > 식물원, 동물원 및 자연공원 운영업"
923300__xref0,923300,xref,"식물원, 수목원 관리 운영"
923301__name0,923301,name,기타 유사 여가관련 서비스업
923301__hier0,923301,hier,"예술, 스포츠 및 여가관련 서비스업 > 창작, 예술 및 여가관련 서비스업 > 도서관, 사적지 및 유사 여가관련 서비스업 > 기타 유사 여가관련 서비스업"
924101__name0,924101,name,그 외 기타 스포츠 서비스업
924101__hier0,924101,hier,"예술, 스포츠 및 여가관련 서비스업 > 스포츠 및 오락관련 서비스업 > 스포츠 서비스업 > 기타 스포츠 서비스업"
924102__name0,924102,name,그 외 기타 스포츠 서비스업
924102__hier0,924102,hier,"예술, 스포츠 및 여가관련 서비스업 > 스포츠 및 오락관련 서비스업 > 스포츠 서비스업 > 기타 스포츠 서비스업"
924102__desc0,924102,desc,개인마주
924103__name0,924103,name,스포츠 클럽 운영업
924103__hier0,924103,hier,"예술, 스포츠 및 여가관련 서비스업 > 스포츠 및 오락관련 서비스업 > 스포츠 서비스업 > 기타 스포츠 서비스업"
924103__example0,924103,example,프로야구단
924103__example1,924103,example,프로축구단
924103__example2,924103,example,동계 스포츠 클럽
924103__example3,924103,example,실업 경기단체
924103__example4,924103,example,체스 클럽
924103__example5,924103,example,사격 클럽
924103__example6,924103,example,프로게임단
924200__name0,924200,name,실내 경기장 운영업
924200__hier0,924200,hier,"예술, 스포츠 및 여가관련 서비스업 > 스포츠 및 오락관련 서비스업 > 스포츠 서비스업 > 경기장 운영업"
924200__xref0,924200,xref,관람석이 있는 실내 수영경기장
924201__name0,924201,name,실외 경기장 운영업
924201__hier0,924201,hier,"예술, 스포츠 및 여가관련 서비스업 > 스포츠 및 오락관련 서비스업 > 스포츠 서비스업 > 경기장 운영업"
924202__name0,924202,name,경주장 및 동물 경기장 운영업
924202__hier0,924202,hier,"예술, 스포츠 및 여가관련 서비스업 > 스포츠 및 오락관련 서비스업 > 스포츠 서비스업 > 경기장 운영업"
924202__example0,924202,example,경륜장
924202__example1,924202,example,"자동차 경주장 예술, 스포츠 및 여가관련 서비스업"
924202__example2,924202,example,경마장
924202__example3,924202,example,투우장
924202__xref0,924202,xref,경마장에서 경주마를 사육관리하는 경우
924202__xref1,924202,xref,경주장에서 운영하는 마권 등 경주권 발행 서츠 스및
924302__name0,924302,name,볼링장 운영업
924302__hier0,924302,hier,"예술, 스포츠 및 여가관련 서비스업 > 스포츠 및 오락관련 서비스업 > 스포츠 서비스업 > 기타 스포츠시설 운영업"
924303__name0,924303,name,골프장 운영업
924303__hier0,924303,hier,"예술, 스포츠 및 여가관련 서비스업 > 스포츠 및 오락관련 서비스업 > 스포츠 서비스업 > 골프장 및 스키장 운영업"
924304__name0,924304,name,스키장 운영업
924304__hier0,924304,hier,"예술, 스포츠 및 여가관련 서비스업 > 스포츠 및 오락관련 서비스업 > 스포츠 서비스업 > 골프장 및 스키장 운영업"
924305__name0,924305,name,체력 단련시설 운영업
924305__hier0,924305,hier,"예술, 스포츠 및 여가관련 서비스업 > 스포츠 및 오락관련 서비스업 > 스포츠 서비스업 > 기타 스포츠시설 운영업"
924305__example0,924305,example,헬스 클럽
924306__name0,924306,name,그 외 기타 스포츠시설 운영업
924306__hier0,924306,hier,"예술, 스포츠 및 여가관련 서비스업 > 스포츠 및 오락관련 서비스업 > 스포츠 서비스업 > 기타 스포츠시설 운영업"
924306__desc0,924306,desc,스트레스해소방
924306__example0,924306,example,스쿼시장
924306__example1,924306,example,탁구장
924306__example2,924306,example,테니스장
924306__example3,924306,example,야구 연습장
924306__example4,924306,example,롤러 스케이트장
924306__example5,924306,example,승마 연습장
924306__example6,924306,example,요트장
924306__example7,924306,example,조정장
924306__example8,924306,example,카누장
924306__example9,924306,example,눈썰매장
924306__example10,924306,example,"오락용이 아닌 공기총, 클레이 사격장"
924306__example11,924306,example,게이트볼장
924306__example12,924306,example,"국궁장, 석궁장"
924306__example13,924306,example,실내 암벽시설
924306__example14,924306,example,관람석 없는 배드민턴장
924306__xref0,924306,xref,눈썰매장 R
924307__name0,924307,name,골프 연습장 운영업
924307__hier0,924307,hier,"예술, 스포츠 및 여가관련 서비스업 > 스포츠 및 오락관련 서비스업 > 스포츠 서비스업 > 기타 스포츠시설 운영업"
924307__desc0,924307,desc,야외 그물망설치 골프연습장
924307__xref0,924307,xref,골프 연습장
924308__name0,924308,name,골프 연습장 운영업
924308__hier0,924308,hier,"예술, 스포츠 및 여가관련 서비스업 > 스포츠 및 오락관련 서비스업 > 스포츠 서비스업 > 기타 스포츠시설 운영업"
924308__desc0,924308,desc,실내 스크린 골프연습장
924308__xref0,924308,xref,골프 연습장
924309__name0,924309,name,당구장 운영업
924309__hier0,924309,hier,"예술, 스포츠 및 여가관련 서비스업 > 스포츠 및 오락관련 서비스업 > 스포츠 서비스업 > 기타 스포츠시설 운영업"
924310__name0,924310,name,그 외 기타 스포츠시설 운영업
924310__hier0,924310,hier,"예술, 스포츠 및 여가관련 서비스업 > 스포츠 및 오락관련 서비스업 > 스포츠 서비스업 > 기타 스포츠시설 운영업"
924310__desc0,924310,desc,눈썰매장
924310__example0,924310,example,스쿼시장
924310__example1,924310,example,탁구장
924310__example2,924310,example,테니스장
924310__example3,924310,example,야구 연습장
924310__example4,924310,example,롤러 스케이트장
924310__example5,924310,example,승마 연습장
924310__example6,924310,example,요트장
924310__example7,924310,example,조정장
924310__example8,924310,example,카누장
924310__example9,924310,example,"오락용이 아닌 공기총, 클레이 사격장"
924310__example10,924310,example,게이트볼장
924310__example11,924310,example,"국궁장, 석궁장"
924310__example12,924310,example,실내 암벽시설
924310__example13,924310,example,관람석 없는 배드민턴장
924310__xref0,924310,xref,눈썰매장 R
924311__name0,924311,name,수영장 운영업
924311__hier0,924311,hier,"예술, 스포츠 및 여가관련 서비스업 > 스포츠 및 오락관련 서비스업 > 스포츠 서비스업 > 기타 스포츠시설 운영업"
924312__name0,924312,name,그 외 기타 스포츠시설 운영업
924312__hier0,924312,hier,"예술, 스포츠 및 여가관련 서비스업 > 스포츠 및 오락관련 서비스업 > 스포츠 서비스업 > 기타 스포츠시설 운영업"
924312__desc0,924312,desc,라켓볼ㆍ스쿼시 경기장
924312__example0,924312,example,스쿼시장
924312__example1,924312,example,탁구장
924312__example2,924312,example,테니스장
924312__example3,924312,example,야구 연습장
924312__example4,924312,example,롤러 스케이트장
924312__example5,924312,example,승마 연습장
924312__example6,924312,example,요트장
924312__example7,924312,example,조정장
924312__example8,924312,example,카누장
924312__example9,924312,example,눈썰매장
924312__example10,924312,example,"오락용이 아닌 공기총, 클레이 사격장"
924312__example11,924312,example,게이트볼장
924312__example12,924312,example,"국궁장, 석궁장"
924312__example13,924312,example,실내 암벽시설
924312__example14,924312,example,관람석 없는 배드민턴장
924312__xref0,924312,xref,눈썰매장 R
924313__name0,924313,name,종합 스포츠시설 운영업
924313__hier0,924313,hier,"예술, 스포츠 및 여가관련 서비스업 > 스포츠 및 오락관련 서비스업 > 스포츠 서비스업 > 기타 스포츠시설 운영업"
924313__example0,924313,example,종합 체육시설
924313__example1,924313,example,복합 체육시설
924314__name0,924314,name,그 외 기타 스포츠시설 운영업
924314__hier0,924314,hier,"예술, 스포츠 및 여가관련 서비스업 > 스포츠 및 오락관련 서비스업 > 스포츠 서비스업 > 기타 스포츠시설 운영업"
924314__example0,924314,example,스쿼시장
924314__example1,924314,example,탁구장
924314__example2,924314,example,테니스장
924314__example3,924314,example,야구 연습장
924314__example4,924314,example,롤러 스케이트장
924314__example5,924314,example,승마 연습장
924314__example6,924314,example,요트장
924314__example7,924314,example,조정장
924314__example8,924314,example,카누장
924314__example9,924314,example,눈썰매장
924314__example10,924314,example,"오락용이 아닌 공기총, 클레이 사격장"
924314__example11,924314,example,게이트볼장
924314__example12,924314,example,"국궁장, 석궁장"
924314__example13,924314,example,실내 암벽시설
924314__example14,924314,example,관람석 없는 배드민턴장
924314__xref0,924314,xref,눈썰매장 R
924901__name0,924901,name,녹음시설 운영업
924901__hier0,924901,hier,정보통신업 > 영상ㆍ오디오 기록물 제작 및 배급업 > 오디오물 출판 및 원판 녹음업 > 오디오물 출판 및 원판 녹음업
924901__example0,924901,example,녹음시설 운영
924901__example1,924901,example,계약에 의한 음반 원판 생산
924901__xref0,924901,xref,수수료 또는 계약에 의한 레코드 원판 녹음활동
924902__name0,924902,name,기타 오락장 운영업
924902__hier0,924902,hier,"예술, 스포츠 및 여가관련 서비스업 > 스포츠 및 오락관련 서비스업 > 유원지 및 기타 오락관련 서비스업 > 오락장 운영업"
924902__example0,924902,example,유령의 집(관람장)
924902__example1,924902,example,기계적 동물 모형 관람장
924902__example2,924902,example,오락 사격장
924902__example3,924902,example,모형 관람시설 운영
924902__example4,924902,example,목마 놀이시설 운영
924902__xref0,924902,xref,오락 및 레크리에이션 위주의 놀이 시설 운영
924902__xref1,924902,xref,오락용 사격장
924903__name0,924903,name,노래 연습장 운영업
924903__hier0,924903,hier,"예술, 스포츠 및 여가관련 서비스업 > 스포츠 및 오락관련 서비스업 > 유원지 및 기타 오락관련 서비스업 > 오락장 운영업"
924904__name0,924904,name,기타 오락장 운영업
924904__hier0,924904,hier,"예술, 스포츠 및 여가관련 서비스업 > 스포츠 및 오락관련 서비스업 > 유원지 및 기타 오락관련 서비스업 > 오락장 운영업"
924904__desc0,924904,desc,전화방
924904__example0,924904,example,유령의 집(관람장)
924904__example1,924904,example,기계적 동물 모형 관람장
924904__example2,924904,example,오락 사격장
924904__example3,924904,example,모형 관람시설 운영
924904__example4,924904,example,목마 놀이시설 운영
924904__xref0,924904,xref,오락 및 레크리에이션 위주의 놀이 시설 운영
924904__xref1,924904,xref,오락용 사격장
924905__name0,924905,name,자연공원 운영업
924905__hier0,924905,hier,"예술, 스포츠 및 여가관련 서비스업 > 창작, 예술 및 여가관련 서비스업 > 도서관, 사적지 및 유사 여가관련 서비스업 > 식물원, 동물원 및 자연공원 운영업"
924905__example0,924905,example,자연공원(휴양용)
924905__example1,924905,example,휴양림 운영
924905__example2,924905,example,자연 보존원
924905__example3,924905,example,야생 생물 보존 구역 관리
924905__xref0,924905,xref,"식물원, 수목원 관리 운영"
924905__xref1,924905,xref,자연공원 및 휴양림 운영업
924906__name0,924906,name,복권 발행 및 판매업
924906__hier0,924906,hier,"예술, 스포츠 및 여가관련 서비스업 > 스포츠 및 오락관련 서비스업 > 유원지 및 기타 오락관련 서비스업 > 사행시설 관리 및 운영업"
924906__desc0,924906,desc,복권 발행
924906__example0,924906,example,스포츠 복권 발행
924906__example1,924906,example,기입식 복권 발행
924906__example2,924906,example,즉석식 복권 발행
924906__example3,924906,example,복권 판매소
924907__name0,924907,name,전자 게임장 운영업
924907__hier0,924907,hier,"예술, 스포츠 및 여가관련 서비스업 > 스포츠 및 오락관련 서비스업 > 유원지 및 기타 오락관련 서비스업 > 오락장 운영업"
924907__example0,924907,example,아케이드 게임장
924907__example1,924907,example,전자오락실
924908__name0,924908,name,전자 게임장 운영업
924908__hier0,924908,hier,"예술, 스포츠 및 여가관련 서비스업 > 스포츠 및 오락관련 서비스업 > 유원지 및 기타 오락관련 서비스업 > 오락장 운영업"
924908__desc0,924908,desc,청소년게임장
924908__example0,924908,example,아케이드 게임장
924908__example1,924908,example,전자오락실
924909__name0,924909,name,컴퓨터 게임방 운영업
924909__hier0,924909,hier,"예술, 스포츠 및 여가관련 서비스업 > 스포츠 및 오락관련 서비스업 > 유원지 및 기타 오락관련 서비스업 > 오락장 운영업"
924909__example0,924909,example,인터넷 게임방
924909__example1,924909,example,PC 게임방
924910__name0,924910,name,비디오물 감상실 운영업
924910__hier0,924910,hier,"정보통신업 > 영상ㆍ오디오 기록물 제작 및 배급업 > 영화, 비디오물, 방송 프로그램 제작 및 배급업 > 영화 및 비디오물 상영업"
924910__example0,924910,example,비디오방
924910__example1,924910,example,DVD방
924910__xref0,924910,xref,"영화, 비디오물, 방송 프로그램 제작 및 배급업"
924910__xref1,924910,xref,영화상영관
924911__name0,924911,name,그 외 기타 분류 안된 오락관련 서비스업
924911__hier0,924911,hier,"예술, 스포츠 및 여가관련 서비스업 > 스포츠 및 오락관련 서비스업 > 유원지 및 기타 오락관련 서비스업 > 그 외 기타 오락관련 서비스업"
924911__example0,924911,example,전망탑 운영
924911__example1,924911,example,"오락용 궤도, 삭도 운영"
924911__xref0,924911,xref,관광지 또는 유원지의 오락 목적용 궤도시설 운영
924912__name0,924912,name,전자 게임장 운영업
924912__hier0,924912,hier,"예술, 스포츠 및 여가관련 서비스업 > 스포츠 및 오락관련 서비스업 > 유원지 및 기타 오락관련 서비스업 > 오락장 운영업"
924912__desc0,924912,desc,실내운전연습실
924912__example0,924912,example,아케이드 게임장
924912__example1,924912,example,전자오락실
924913__name0,924913,name,기타 오락장 운영업
924913__hier0,924913,hier,"예술, 스포츠 및 여가관련 서비스업 > 스포츠 및 오락관련 서비스업 > 유원지 및 기타 오락관련 서비스업 > 오락장 운영업"
924913__desc0,924913,desc,보드게임방
924913__example0,924913,example,유령의 집(관람장)
924913__example1,924913,example,기계적 동물 모형 관람장
924913__example2,924913,example,오락 사격장
924913__example3,924913,example,모형 관람시설 운영
924913__example4,924913,example,목마 놀이시설 운영
924913__xref0,924913,xref,오락 및 레크리에이션 위주의 놀이 시설 운영
924913__xref1,924913,xref,오락용 사격장
924914__name0,924914,name,낚시장 운영업
924914__hier0,924914,hier,"예술, 스포츠 및 여가관련 서비스업 > 스포츠 및 오락관련 서비스업 > 유원지 및 기타 오락관련 서비스업 > 수상오락 서비스업"
924914__example0,924914,example,유료 낚시터 운영
924914__example1,924914,example,실내 낚시장 운영
924915__name0,924915,name,기타 수상오락 서비스업
924915__hier0,924915,hier,"예술, 스포츠 및 여가관련 서비스업 > 스포츠 및 오락관련 서비스업 > 유원지 및 기타 오락관련 서비스업 > 수상오락 서비스업"
924915__example0,924915,example,레저 보트용 정박시설 운영업
924915__example1,924915,example,마리나업
924915__example2,924915,example,오락용 보트 임대(물놀이 시설에서 포함하여 운영)
924915__example3,924915,example,해수욕장 운영
924915__xref0,924915,xref,물놀이 시설에서 오락용 보트 임대
924915__xref1,924915,xref,물놀이 시설에서의 물놀이 기구 임대
924916__name0,924916,name,체육 공원 및 유사 공원 운영업
924916__hier0,924916,hier,"예술, 스포츠 및 여가관련 서비스업 > 스포츠 및 오락관련 서비스업 > 유원지 및 기타 오락관련 서비스업 > 그 외 기타 오락관련 서비스업"
924916__example0,924916,example,체육 공원 운영
924916__example1,924916,example,시민 공원
924916__xref0,924916,xref,유원지 이외의 공원 운영
924917__name0,924917,name,카지노 운영업
924917__name1,924917,name,기타 사행시설 관리 및 운영업
924917__hier0,924917,hier,"예술, 스포츠 및 여가관련 서비스업 > 스포츠 및 오락관련 서비스업 > 유원지 및 기타 오락관련 서비스업 > 사행시설 관리 및 운영업"
924917__ksic0,924917,ksic,"카지노 운영업, 기타 사행시설 관리 및 운영업"
924917__xref0,924917,xref,경기장과 독립된 마권 등 경주권 발행소
930100__name0,930100,name,가정용 세탁업
930100__hier0,930100,hier,"협회 및 단체, 수리 및 기타 개인 서비스업 > 기타 개인 서비스업 > 그 외 기타 개인 서비스업 > 세탁업"
930100__example0,930100,example,드라이 클리닝
930100__example1,930100,example,동전 조작식 세탁시설
930100__xref0,930100,xref,동전 조작식 세탁기 운영
930100__xref1,930100,xref,"카펫, 바닥깔개, 가리개 및 커튼 세탁"
930100__xref2,930100,xref,직물 및 직물제품 세탁
930101__name0,930101,name,산업용 세탁업
930101__hier0,930101,hier,"협회 및 단체, 수리 및 기타 개인 서비스업 > 기타 개인 서비스업 > 그 외 기타 개인 서비스업 > 세탁업"
930101__xref0,930101,xref,"카펫, 바닥깔개, 가리개 및 커튼 세탁"
930101__xref1,930101,xref,직물 및 직물제품 세탁
930102__name0,930102,name,세탁물 공급업
930102__hier0,930102,hier,"협회 및 단체, 수리 및 기타 개인 서비스업 > 기타 개인 서비스업 > 그 외 기타 개인 서비스업 > 세탁업"
930102__example0,930102,example,린넨 공급업
930102__example1,930102,example,의료기관 세탁물 공급업
930102__example2,930102,example,물수건 대여업
930102__example3,930102,example,기저귀 대여업
930102__example4,930102,example,걸레 대여업
930102__example5,930102,example,유니폼 세탁 공급업
930102__xref0,930102,xref,"카펫, 바닥깔개, 가리개 및 커튼 세탁"
930102__xref1,930102,xref,직물 및 직물제품 세탁
930201__name0,930201,name,이용업
930201__hier0,930201,hier,"협회 및 단체, 수리 및 기타 개인 서비스업 > 기타 개인 서비스업 > 미용, 욕탕 및 유사 서비스업 > 이용 및 미용업"
930201__example0,930201,example,이발소
930201__example1,930201,example,이용원
930203__name0,930203,name,두발 미용업
930203__hier0,930203,hier,"협회 및 단체, 수리 및 기타 개인 서비스업 > 기타 개인 서비스업 > 미용, 욕탕 및 유사 서비스업 > 이용 및 미용업"
930203__example0,930203,example,미장원
930203__example1,930203,example,남성커트 전문점 기협 타회
930205__name0,930205,name,피부 미용업
930205__hier0,930205,hier,"협회 및 단체, 수리 및 기타 개인 서비스업 > 기타 개인 서비스업 > 미용, 욕탕 및 유사 서비스업 > 이용 및 미용업"
930205__example0,930205,example,피부관리실
930207__name0,930207,name,기타 미용업
930207__hier0,930207,hier,"협회 및 단체, 수리 및 기타 개인 서비스업 > 기타 개인 서비스업 > 미용, 욕탕 및 유사 서비스업 > 이용 및 미용업"
930207__example0,930207,example,발톱 관리
930208__name0,930208,name,마사지업
930208__hier0,930208,hier,"협회 및 단체, 수리 및 기타 개인 서비스업 > 기타 개인 서비스업 > 미용, 욕탕 및 유사 서비스업 > 욕탕, 마사지 및 기타 신체 관리 서비스업"
930208__example0,930208,example,발 마사지업
930208__example1,930208,example,스포츠 마사지업
930208__xref0,930208,xref,발 및 스포츠 마사지업
930209__name0,930209,name,체형 등 기타 신체 관리 서비스업
930209__hier0,930209,hier,"협회 및 단체, 수리 및 기타 개인 서비스업 > 기타 개인 서비스업 > 미용, 욕탕 및 유사 서비스업 > 욕탕, 마사지 및 기타 신체 관리 서비스업"
930209__example0,930209,example,다이어트 센터
930209__example1,930209,example,체중 감량 센터
930209__example2,930209,example,비만 관리 센터
930301__name0,930301,name,장례식장 및 장의관련 서비스업
930301__hier0,930301,hier,"협회 및 단체, 수리 및 기타 개인 서비스업 > 기타 개인 서비스업 > 그 외 기타 개인 서비스업 > 장례식장 및 관련 서비스업"
930301__example0,930301,example,장의사업
930301__example1,930301,example,상조(장례) 서비스
930302__name0,930302,name,"화장터 운영, 묘지 분양 및 관리업"
930302__hier0,930302,hier,"협회 및 단체, 수리 및 기타 개인 서비스업 > 기타 개인 서비스업 > 그 외 기타 개인 서비스업 > 장례식장 및 관련 서비스업"
930302__example0,930302,example,공원 묘지 분양
930302__example1,930302,example,화장터 운영
930302__example2,930302,example,묘지 관리
930302__example3,930302,example,납골당 운영
930302__xref0,930302,xref,공급업
930302__xref1,930302,xref,묘지 개발 공급
930302__xref2,930302,xref,묘지 분양
930901__name0,930901,name,예식장업
930901__hier0,930901,hier,"협회 및 단체, 수리 및 기타 개인 서비스업 > 기타 개인 서비스업 > 그 외 기타 개인 서비스업 > 그 외 기타 분류 안된 개인 서비스업"
930901__example0,930901,example,실내 예식장
930901__example1,930901,example,야외 예식장
930902__name0,930902,name,욕탕업
930902__hier0,930902,hier,"협회 및 단체, 수리 및 기타 개인 서비스업 > 기타 개인 서비스업 > 미용, 욕탕 및 유사 서비스업 > 욕탕, 마사지 및 기타 신체 관리 서비스업"
930902__example0,930902,example,대중 목욕탕
930902__example1,930902,example,온천탕
930902__example2,930902,example,찜질방
930902__example3,930902,example,황토방
930903__name0,930903,name,의류 임대업
930903__hier0,930903,hier,"사업시설 관리, 사업 지원 및 임대 서비스업 > 임대업; 부동산 제외 > 개인 및 가정용품 임대업 > 기타 개인 및 가정용품 임대업"
930903__desc0,930903,desc,드레스대여 전문점
930903__example0,930903,example,웨딩드레스 임대
930903__example1,930903,example,상복 임대
930903__example2,930903,example,연극 의류 임대
930903__example3,930903,example,영화 의류 임대
930903__example4,930903,example,의복 임대
930903__xref0,930903,xref,운용 리스
930904__name0,930904,name,인물 사진 및 행사용 영상 촬영업
930904__hier0,930904,hier,"전문, 과학 및 기술 서비스업 > 기타 전문, 과학 및 기술 서비스업 > 사진 촬영 및 처리업 > 사진 촬영 및 처리업"
930904__desc0,930904,desc,예식사진촬영업
930904__example0,930904,example,초상화 촬영(개인)
930904__example1,930904,example,행사 비디오 촬영
930904__example2,930904,example,여권 사진 촬영
930904__example3,930904,example,학교 사진 촬영
930908__name0,930908,name,그 외 기타 달리 분류되지 않은 개인 서비스업
930908__hier0,930908,hier,"협회 및 단체, 수리 및 기타 개인 서비스업 > 기타 개인 서비스업 > 그 외 기타 개인 서비스업 > 그 외 기타 분류 안된 개인 서비스업"
930908__desc0,930908,desc,간단한 수화물의 일시적 보관
930908__example0,930908,example,구두 닦기
930908__example1,930908,example,대리 시장 보기
930908__example2,930908,example,문신 서비스
930908__example3,930908,example,대리 운전
930908__xref0,930908,xref,동전 조작식 사진촬영기 운영
930908__xref1,930908,xref,동전 조작식 사진 촬영기 운영
930908__xref2,930908,xref,구두닦기
930909__name0,930909,name,점술 및 유사 서비스업
930909__hier0,930909,hier,"협회 및 단체, 수리 및 기타 개인 서비스업 > 기타 개인 서비스업 > 그 외 기타 개인 서비스업 > 그 외 기타 분류 안된 개인 서비스업"
930909__example0,930909,example,서체
930909__example1,930909,example,점집
930909__example2,930909,example,무당
930909__example3,930909,example,심령술업
930909__example4,930909,example,풍수 서비스업 스수 업리
930909__example5,930909,example,토정비결 서비스업
930911__name0,930911,name,그 외 기타 달리 분류되지 않은 개인 서비스업
930911__hier0,930911,hier,"협회 및 단체, 수리 및 기타 개인 서비스업 > 기타 개인 서비스업 > 그 외 기타 개인 서비스업 > 그 외 기타 분류 안된 개인 서비스업"
930911__desc0,930911,desc,목공
930911__example0,930911,example,구두 닦기
930911__example1,930911,example,대리 시장 보기
930911__example2,930911,example,문신 서비스
930911__example3,930911,example,대리 운전
930911__xref0,930911,xref,동전 조작식 사진촬영기 운영
930911__xref1,930911,xref,동전 조작식 사진 촬영기 운영
930911__xref2,930911,xref,구두닦기
930912__name0,930912,name,결혼 상담 및 준비 서비스업
930912__hier0,930912,hier,"협회 및 단체, 수리 및 기타 개인 서비스업 > 기타 개인 서비스업 > 그 외 기타 개인 서비스업 > 그 외 기타 분류 안된 개인 서비스업"
930912__example0,930912,example,결혼 상담 및 맞선 주선업
930912__example1,930912,example,결혼 관련 컨설팅업
930912__example2,930912,example,"결혼 준비, 기획, 대행업"
930913__name0,930913,name,개인 간병 및 유사 서비스업
930913__hier0,930913,hier,"협회 및 단체, 수리 및 기타 개인 서비스업 > 기타 개인 서비스업 > 그 외 기타 개인 서비스업 > 그 외 기타 분류 안된 개인 서비스업"
930913__example0,930913,example,산후 조리원
930913__example1,930913,example,개인 간병 서비스
930913__xref0,930913,xref,산후조리원 서업 스및 업사
930914__name0,930914,name,노인 양로 복지시설 운영업
930914__hier0,930914,hier,보건업 및 사회복지 서비스업 > 사회복지 서비스업 > 거주 복지시설 운영업 > 노인 거주 복지시설 운영업
930914__example0,930914,example,무료 양로시설
930914__example1,930914,example,실비 양로시설
930914__example2,930914,example,유료 양로시설
930915__name0,930915,name,기타 교육지원 서비스업
930915__hier0,930915,hier,교육서비스업 > 교육 서비스업 > 교육 지원 서비스업 > 교육 지원 서비스업
930915__example0,930915,example,교환 학생 프로그램 운영
930915__xref0,930915,xref,학습지 계약 배달 판매(교육 위주
930915__xref1,930915,xref,교육기관
930915__xref2,930915,xref,군사대학
930915__xref3,930915,xref,교육 서비스
930916__name0,930916,name,탐정 및 조사 서비스업
930916__hier0,930916,hier,"사업시설 관리, 사업 지원 및 임대 서비스업 > 사업 지원 서비스업 > 경비, 경호 및 탐정업 > 탐정 및 조사 서비스업"
930916__example0,930916,example,흥신소
930916__example1,930916,example,사설탐정 서비스
930916__example2,930916,example,필체 감정
930916__example3,930916,example,지문 조사 서비스
930916__example4,930916,example,거짓말 탐지기 서비스
930916__xref0,930916,xref,탐정 서비스
930917__name0,930917,name,콜센터 및 텔레마케팅 서비스업
930917__hier0,930917,hier,"사업시설 관리, 사업 지원 및 임대 서비스업 > 사업지원서비스업 > 기타 사업지원 서비스업 > 그 외 기타 사업 지원 서비스업"
930917__desc0,930917,desc,대리운전연결업체
930917__example0,930917,example,콜센터 운영
930917__example1,930917,example,텔레마케팅 서비스
930917__example2,930917,example,전화번호 안내 서비스
930917__example3,930917,example,"인바운드(in-bound), 아웃바운드(out-bound) 서비스"
930919__name0,930919,name,반려동물장묘 및 보호 서비스업
930919__hier0,930919,hier,"협회 및 단체, 수리 및 기타 개인 서비스업 > 기타 개인 서비스업 > 그 외 기타 개인 서비스업 > 그 외 기타 분류 안된 개인 서비스업"
930919__example0,930919,example,반려
930919__example1,930919,example,애완동물 훈련소
930919__example2,930919,example,애완동물 미용 서비스
930919__example3,930919,example,애완동물 호텔
930919__example4,930919,example,유기견 보호센터
930919__example5,930919,example,애완동물 장례식장
930921__name0,930921,name,교육관련 자문 및 평가업
930921__hier0,930921,hier,교육서비스업 > 교육 서비스업 > 교육 지원 서비스업 > 교육 지원 서비스업
930921__example0,930921,example,교과과정 상담
930921__example1,930921,example,시험 출제 및 평가
930921__xref0,930921,xref,학습지 계약 배달 판매(교육 위주
930921__xref1,930921,xref,교육기관
930921__xref2,930921,xref,군사대학
930921__xref3,930921,xref,교육 서비스
930925__name0,930925,name,그 외 기타 달리 분류되지 않은 개인 서비스업
930925__hier0,930925,hier,"협회 및 단체, 수리 및 기타 개인 서비스업 > 기타 개인 서비스업 > 그 외 기타 개인 서비스업 > 그 외 기타 분류 안된 개인 서비스업"
930925__example0,930925,example,구두 닦기
930925__example1,930925,example,대리 시장 보기
930925__example2,930925,example,문신 서비스
930925__example3,930925,example,대리 운전
930925__xref0,930925,xref,동전 조작식 사진촬영기 운영
930925__xref1,930925,xref,동전 조작식 사진 촬영기 운영
930925__xref2,930925,xref,구두닦기
940100__name0,940100,name,작가
940100__hier0,940100,hier,"협회 및 단체, 수리 및 기타 개인서비스 > 인적용역 > 인적용역 > 저술가"
940100__ksic0,940100,ksic,"번역 및 통역 서비스업, 비공연 예술가"
940100__desc0,940100,desc,인적용역(작가)
940100__xref0,940100,xref,만화 및 시각 예술을 제작하는 자영 예술가
940100__xref1,940100,xref,독립적인 자영 연예인 활동
940200__name0,940200,name,화가 및 관련예술가
940200__hier0,940200,hier,"협회 및 단체, 수리 및 기타 개인서비스 > 인적용역 > 인적용역 > 화가및관련예술가"
940200__ksic0,940200,ksic,비공연 예술가
940200__desc0,940200,desc,인적용역(화가 및 관련예술가)
940200__xref0,940200,xref,만화 및 시각 예술을 제작하는 자영 예술가
940200__xref1,940200,xref,독립적인 자영 연예인 활동
940301__name0,940301,name,작곡가
940301__hier0,940301,hier,"협회 및 단체, 수리 및 기타 개인서비스 > 인적용역 > 인적용역 > 음악가및연예인"
940301__ksic0,940301,ksic,비공연 예술가
940301__desc0,940301,desc,인적용역(작곡가)
940301__xref0,940301,xref,만화 및 시각 예술을 제작하는 자영 예술가
940301__xref1,940301,xref,독립적인 자영 연예인 활동
940302__name0,940302,name,"배우,탤런트등"
940302__hier0,940302,hier,"협회 및 단체, 수리 및 기타 개인서비스 > 인적용역 > 인적용역 > 음악가및연예인"
940302__ksic0,940302,ksic,공연 예술가
940302__desc0,940302,desc,"인적용역(배우, 탤런트 등)"
940302__xref0,940302,xref,독립적인 자영 연예인 활동
940303__name0,940303,name,모델
940303__hier0,940303,hier,"협회 및 단체, 수리 및 기타 개인서비스 > 인적용역 > 인적용역 > 음악가및연예인"
940303__ksic0,940303,ksic,공연 예술가
940303__desc0,940303,desc,인적용역(모델)
940303__xref0,940303,xref,독립적인 자영 연예인 활동
940304__name0,940304,name,가수
940304__hier0,940304,hier,"협회 및 단체, 수리 및 기타 개인서비스 > 인적용역 > 인적용역 > 음악가및연예인"
940304__ksic0,940304,ksic,공연 예술가
940304__desc0,940304,desc,인적용역(가수)
940304__xref0,940304,xref,독립적인 자영 연예인 활동
940305__name0,940305,name,성악가 등
940305__hier0,940305,hier,"협회 및 단체, 수리 및 기타 개인서비스 > 인적용역 > 인적용역 > 음악가및연예인"
940305__ksic0,940305,ksic,"공연 예술가, 비공연 예술가"
940305__desc0,940305,desc,"인적용역(성악가 등), 인적용역(영화감독, 연출가)"
940305__xref0,940305,xref,만화 및 시각 예술을 제작하는 자영 예술가
940305__xref1,940305,xref,독립적인 자영 연예인 활동
940306__name0,940306,name,1인미디어콘텐츠창작자
940306__hier0,940306,hier,"협회 및 단체, 수리 및 기타 개인서비스 > 인적용역 > 인적용역 > 기타자영업"
940306__ksic0,940306,ksic,"일반 영화 및 비디오물 제작업, 애니메이션 영화 및 비디오물 제작업"
940306__desc0,940306,desc,인적용역(1인미디어콘텐츠창작자)
940306__xref0,940306,xref,"영화, 비디오물, 방송 프로그램 제작 및 배급업"
940500__name0,940500,name,연예보조서비스
940500__hier0,940500,hier,"협회 및 단체, 수리 및 기타 개인서비스 > 인적용역 > 인적용역 > 연예보조서비스"
940500__ksic0,940500,ksic,"공연 예술가, 그 외 기타 창작 및 예술관련 서비스업"
940500__desc0,940500,desc,"인적용역(연예보조출연자), 인적용역(기타 연예보조서비스)"
940500__xref0,940500,xref,독립적인 자영 연예인 활동
940600__name0,940600,name,"자문,감독,지도료,고문료,교정료"
940600__hier0,940600,hier,"협회 및 단체, 수리 및 기타 개인서비스 > 인적용역 > 인적용역 > 기타자영업"
940600__ksic0,940600,ksic,"녹음시설 운영업, 경영 컨설팅업, 문서 작성 및 복사업"
940600__desc0,940600,desc,"인적용역(음반취입대가), 인적용역(일시적 경영컨설팅), 인적용역(교정, 고증, 필경, 타자)"
940600__xref0,940600,xref,수수료 또는 계약에 의한 레코드 원판 녹음활동
940901__name0,940901,name,바둑기사
940901__hier0,940901,hier,"협회 및 단체, 수리 및 기타 개인서비스 > 인적용역 > 인적용역 > 기타자영업"
940901__ksic0,940901,ksic,그 외 기타 스포츠 서비스업
940901__desc0,940901,desc,인적용역(바둑기사)
940902__name0,940902,name,꽃꽂이교사
940902__hier0,940902,hier,"협회 및 단체, 수리 및 기타 개인서비스 > 인적용역 > 인적용역 > 기타자영업"
940902__ksic0,940902,ksic,"일반 교과학원, 레크리에이션 교육기관, 음악학원, 기타 예술학원, 기타 기술 및 직업 훈련학원"
940902__desc0,940902,desc,"인적용역(무용, 음악입시전문교사), 인적용역(사교댄스교사), 인적용역(음악교사), 인적용역(무용교사), 인적용역(꽃꽂이교사, 요리교사)"
940902__xref0,940902,xref,학습지 계약 배달 판매(교육 위주
940902__xref1,940902,xref,교육기관
940902__xref2,940902,xref,군사대학
940902__xref3,940902,xref,기술관련 자격증 시험교육
940902__xref4,940902,xref,"음악, 무용, 미술학원"
940902__xref5,940902,xref,교육 목적의 댄스 교습소 운영
940902__xref6,940902,xref,교육 서비스
940903__name0,940903,name,"학원강사,강사,과외교습자,재단사"
940903__hier0,940903,hier,"협회 및 단체, 수리 및 기타 개인서비스 > 인적용역 > 인적용역 > 기타자영업"
940903__ksic0,940903,ksic,"일반 교과학원, 방문 교육학원, 온라인 교육학원, 태권도 및 무술 교육기관, 기타 스포츠 교육기관, 레크리에이션 교육기관, 음악학원, 미술학원, 기타 예술학원, 외국어학원, 기타 교습학원, 운전학원, 기타 기술 및 직업 훈련학원, 컴퓨터 학원, 그 외 기타 분류 안된 교육기관"
940903__desc0,940903,desc,"인적용역(일반 교과학원강사, 강사, 과외교습자), 인적용역(방문교육학원 강사), 인적용역(온라인교사 학원 강사), 인적용역(태권도 및 무술학원 강사), 인적용역(기타 스포츠 교육 강사), 인적용역(레크레이션 학원강사, 강사), 인적용역(음악학원 강사), 인적용역(미술학원 강사), 인적용역(기타 예술학원 강사), 인적용역(외국어 학원강사, 강사, 과외교습자), 인적용역(고시학원 등 기타 학원 강사), 인적용역(운전학원 강사), 인적용역(재단사), 인적용역(컴퓨터학원 강사), 인적용역(기타 교육기관의 학원강사, 강사)"
940903__xref0,940903,xref,학습지 계약 배달 판매(교육 위주
940903__xref1,940903,xref,교육기관
940903__xref2,940903,xref,군사대학
940903__xref3,940903,xref,기술관련 자격증 시험교육
940903__xref4,940903,xref,방문을 통한 일반교과 교육
940903__xref5,940903,xref,"음악, 무용, 미술학원"
940903__xref6,940903,xref,교육 목적의 댄스 교습소 운영
940903__xref7,940903,xref,교육 서비스
940904__name0,940904,name,직업운동가
940904__hier0,940904,hier,"협회 및 단체, 수리 및 기타 개인서비스 > 인적용역 > 인적용역 > 기타자영업"
940904__ksic0,940904,ksic,그 외 기타 스포츠 서비스업
940904__desc0,940904,desc,인적용역(직업운동가)
940905__name0,940905,name,유흥접객원 및 댄서
940905__hier0,940905,hier,"협회 및 단체, 수리 및 기타 개인서비스 > 인적용역 > 인적용역 > 기타자영업"
940905__ksic0,940905,ksic,그 외 기타 달리 분류되지 않은 개인 서비스업
940905__desc0,940905,desc,인적용역(일반 유흥주점 접객원 및 댄서)
940906__name0,940906,name,보험설계사
940906__hier0,940906,hier,"협회 및 단체, 수리 및 기타 개인서비스 > 인적용역 > 인적용역 > 기타자영업"
940906__ksic0,940906,ksic,보험 대리 및 중개업
940906__desc0,940906,desc,"인적용역(보험설계사, 보험중개사)"
940906__xref0,940906,xref,보험에 관련된 조사활동
940907__name0,940907,name,음료품배달원
940907__hier0,940907,hier,"협회 및 단체, 수리 및 기타 개인서비스 > 인적용역 > 인적용역 > 기타자영업"
940907__ksic0,940907,ksic,계약배달 판매업
940907__desc0,940907,desc,인적용역(음료품배달원)
940907__xref0,940907,xref,"접객시설 없이 빵, 케이크 등을 구입하여 일반소비자에게 판매"
940908__name0,940908,name,"서적방문판매원,학습지방문판매원,화장품방문판매원,정수기방문판매원,자동차방문판매원,일반(기타)방문판매원"
940908__hier0,940908,hier,"협회 및 단체, 수리 및 기타 개인서비스 > 인적용역 > 인적용역 > 기타자영업"
940908__ksic0,940908,ksic,"자동차 신품 판매업, 방문 판매업, 방문 교육학원"
940908__desc0,940908,desc,"인적용역(자동차 방문 판매원), 인적용역(서적방문판매원/화장품방문판매원/정수기방문판매원/일반(기타)방문판매원), 인적용역(학습지방문판매원)"
940908__xref0,940908,xref,자동차 판매
940908__xref1,940908,xref,자동차 및 이륜 자동차 소매
940908__xref2,940908,xref,학습지 계약 배달 판매(교육 위주
940908__xref3,940908,xref,"접객시설 없이 빵, 케이크 등을 구입하여 일반소비자에게 판매"
940908__xref4,940908,xref,교육기관
940908__xref5,940908,xref,군사대학
940908__xref6,940908,xref,방문을 통한 일반교과 교육
940908__xref7,940908,xref,교육 서비스
940909__name0,940909,name,기타자영업
940909__hier0,940909,hier,"협회 및 단체, 수리 및 기타 개인서비스 > 인적용역 > 인적용역 > 기타자영업"
940909__ksic0,940909,ksic,"원양 어업, 연근해 어업, 내수면 어업, 컴퓨터 프로그래밍 서비스업, 그 외 기타 분류 안된 사업 지원 서비스업, 시계, 귀금속 및 악기 수리업"
940909__desc0,940909,desc,"인적용역(어로장), 인적용역(컴퓨터 프로그래머), 인적용역(전기, 가스 검침원), 인적용역(조율사)"
940909__xref0,940909,xref,고래 수상 포획활동
940909__xref1,940909,xref,"냉장고, 룸에어콘 등 가정용 기기 수리"
940910__name0,940910,name,다단계판매원의후원수당
940910__hier0,940910,hier,"협회 및 단체, 수리 및 기타 개인서비스 > 인적용역 > 인적용역 > 기타자영업"
940910__ksic0,940910,ksic,방문 판매업
940910__desc0,940910,desc,인적용역(다단계판매원의 후원수당)
940910__xref0,940910,xref,"접객시설 없이 빵, 케이크 등을 구입하여 일반소비자에게 판매"
940911__name0,940911,name,"기타모집수당,채권회수수당"
940911__hier0,940911,hier,"협회 및 단체, 수리 및 기타 개인서비스 > 인적용역 > 인적용역 > 기타자영업"
940911__ksic0,940911,ksic,"투자 자문업 및 투자 일임업, 그 외 기타 금융 지원 서비스업, 신용 조사 및 추심 대행업, 그 외 기타 분류 안된 사업 지원 서비스업"
940911__desc0,940911,desc,"인적용역(증권투자상담사), 인적용역(기타 모집수당 증권매입권유), 인적용역(채권회수수당), 인적용역(기타모집수당)"
940912__name0,940912,name,개인간병인
940912__hier0,940912,hier,"협회 및 단체, 수리 및 기타 개인서비스 > 인적용역 > 인적용역 > 기타자영업"
940912__ksic0,940912,ksic,개인 간병 및 유사 서비스업
940912__desc0,940912,desc,인적용역(개인 간병인)
940913__name0,940913,name,대리운전기사
940913__hier0,940913,hier,"협회 및 단체, 수리 및 기타 개인서비스 > 인적용역 > 인적용역 > 기타자영업"
940913__ksic0,940913,ksic,그 외 기타 달리 분류되지 않은 개인 서비스업
940913__desc0,940913,desc,인적용역(대리운전기사)
940914__name0,940914,name,골프장캐디
940914__hier0,940914,hier,"협회 및 단체, 수리 및 기타 개인서비스 > 인적용역 > 인적용역 > 기타자영업"
940914__ksic0,940914,ksic,그 외 기타 스포츠 서비스업
940914__desc0,940914,desc,인적용역(골프장캐디)
940915__name0,940915,name,목욕관리사
940915__hier0,940915,hier,"협회 및 단체, 수리 및 기타 개인서비스 > 인적용역 > 인적용역 > 기타자영업"
940915__ksic0,940915,ksic,체형 등 기타 신체 관리 서비스업
940915__desc0,940915,desc,인적용역(목욕관리사)
940916__name0,940916,name,행사도우미
940916__hier0,940916,hier,"협회 및 단체, 수리 및 기타 개인서비스 > 인적용역 > 인적용역 > 기타자영업"
940916__ksic0,940916,ksic,"전시, 컨벤션 및 행사 대행업"
940916__desc0,940916,desc,인적용역(행사도우미)
940917__name0,940917,name,심부름용역원
940917__hier0,940917,hier,"협회 및 단체, 수리 및 기타 개인서비스 > 인적용역 > 인적용역 > 기타자영업"
940917__ksic0,940917,ksic,그 외 기타 달리 분류되지 않은 개인 서비스업
940917__desc0,940917,desc,인적용역(심부름용역원)
940918__name0,940918,name,퀵서비스배달원
940918__hier0,940918,hier,"협회 및 단체, 수리 및 기타 개인서비스 > 인적용역 > 인적용역 > 기타자영업"
940918__ksic0,940918,ksic,늘찬 배달업
940918__desc0,940918,desc,인적용역(퀵서비스 배달원)
940918__xref0,940918,xref,소화물 택배 서비스 및 늘찬 배달업
940918__xref1,940918,xref,사설 우편서비스 제공업
940919__name0,940919,name,기타물품운반원
940919__hier0,940919,hier,"협회 및 단체, 수리 및 기타 개인서비스 > 인적용역 > 인적용역 > 기타자영업"
940919__ksic0,940919,ksic,늘찬 배달업
940919__desc0,940919,desc,인적용역(기타 물품운반원)
940919__xref0,940919,xref,소화물 택배 서비스 및 늘찬 배달업
940919__xref1,940919,xref,사설 우편서비스 제공업
940920__name0,940920,name,학습지 방문강사
940920__hier0,940920,hier,"협회 및 단체, 수리 및 기타 개인서비스업 > 인적용역 > 인적용역 > 기타자영업"
940920__ksic0,940920,ksic,방문 교육학원
940920__desc0,940920,desc,"(인적용역)학습지(국어, 영어 등) 회원 가정 방문하여 학습내용 지도"
940920__xref0,940920,xref,학습지 계약 배달 판매(교육 위주
940920__xref1,940920,xref,교육기관
940920__xref2,940920,xref,군사대학
940920__xref3,940920,xref,방문을 통한 일반교과 교육
940920__xref4,940920,xref,교육 서비스
940921__name0,940921,name,교육교구 방문강사
940921__hier0,940921,hier,"협회 및 단체, 수리 및 기타 개인서비스업 > 인적용역 > 인적용역 > 기타자영업"
940921__ksic0,940921,ksic,그 외 기타 분류 안된 교육기관
940921__desc0,940921,desc,(인적용역)유아 및 아동의 사고력과 창의력 발달을 위해 학습지가 아닌 교재 및 교구를 활용하여 지도
940921__xref0,940921,xref,학습지 계약 배달 판매(교육 위주
940921__xref1,940921,xref,교육기관
940921__xref2,940921,xref,군사대학
940921__xref3,940921,xref,기술관련 자격증 시험교육
940921__xref4,940921,xref,교육 서비스
940922__name0,940922,name,대여제품 방문점검원
940922__hier0,940922,hier,"협회 및 단체, 수리 및 기타 개인서비스업 > 인적용역 > 인적용역 > 기타자영업"
940922__ksic0,940922,ksic,그 외 기타 분류 안된 사업 지원 서비스업
940922__desc0,940922,desc,(인적용역)가정 및 사무실 등을 방문하여 대여 제품의 유지·관리를 위한 정기적인 점검
940923__name0,940923,name,대출모집인
940923__hier0,940923,hier,"협회 및 단체, 수리 및 기타 개인서비스업 > 인적용역 > 인적용역 > 기타자영업"
940923__ksic0,940923,ksic,그 외 기타 금융 지원 서비스업
940923__desc0,940923,desc,(인적용역)금융회사나 대출모집법인에서 업무 위탁받아 대출신청 상담업무를 수행하거나 대출 수요자 발굴하여 대출신청자 모집
940924__name0,940924,name,신용카드회원 모집인
940924__hier0,940924,hier,"협회 및 단체, 수리 및 기타 개인서비스업 > 인적용역 > 인적용역 > 기타자영업"
940924__ksic0,940924,ksic,그 외 기타 금융 지원 서비스업
940924__desc0,940924,desc,(인적용역)신용카드 회사로부터 업무를 위탁받아 신용카드 발급계약의 체결을 중개
940925__name0,940925,name,방과후강사
940925__hier0,940925,hier,"협회 및 단체, 수리 및 기타 개인서비스업 > 인적용역 > 인적용역 > 기타자영업"
940925__ksic0,940925,ksic,"태권도 및 무술 교육기관, 기타 스포츠 교육기관, 레크리에이션 교육기관, 청소년 수련시설 운영업, 음악학원, 미술학원, 기타 예술학원, 외국어학원, 기타 교습학원, 사회교육시설, 직원 훈련기관, 운전학원, 기타 기술 및 직업 훈련학원, 컴퓨터 학원, 그 외 기타 분류 안된 교육기관"
940925__desc0,940925,desc,"(인적용역)학교 교육계획에 따라 일정기간 동안 정규수업 이외 방과후학교 프로그램(단, 돌봄과정 제외) 운영"
940925__xref0,940925,xref,학습지 계약 배달 판매(교육 위주
940925__xref1,940925,xref,교육기관
940925__xref2,940925,xref,군사대학
940925__xref3,940925,xref,기술관련 자격증 시험교육
940925__xref4,940925,xref,"음악, 무용, 미술학원"
940925__xref5,940925,xref,교육 목적의 댄스 교습소 운영
940925__xref6,940925,xref,교육 서비스
940926__name0,940926,name,소프트웨어 프리랜서
940926__hier0,940926,hier,"협회 및 단체, 수리 및 기타 개인서비스업 > 인적용역 > 인적용역 > 기타자영업"
940926__ksic0,940926,ksic,"유선 온라인 게임 소프트웨어 개발 및 공급업, 모바일 게임 소프트웨어 개발 및 공급업, 기타 게임 소프트웨어 개발 및 공급업, 시스템 소프트웨어 개발 및 공급업, 응용 소프트웨어 개발 및 공급업, 컴퓨터 프로그래밍 서비스업, 컴퓨터 시스템 통합 자문 및 구축 서비스업, 컴퓨터시설 관리업, 기타 정보 기술 및 컴퓨터 운영 관련 서비스업"
940926__xref0,940926,xref,게임 소프트웨어 개발
940926__xref1,940926,xref,패키지형(범용성) 소프트웨어 개발 및 공급
940927__name0,940927,name,관광통역 안내사
940927__hier0,940927,hier,"협회 및 단체, 수리 및 기타 개인서비스업 > 인적용역 > 인적용역 > 기타자영업"
940927__ksic0,940927,ksic,"번역 및 통역 서비스업, 여행사업, 기타 여행 보조 및 예약 서비스업"
940928__name0,940928,name,어린이 통학버스 기사
940928__hier0,940928,hier,"협회 및 단체, 수리 및 기타 개인서비스업 > 인적용역 > 인적용역 > 기타자영업"
940928__ksic0,940928,ksic,기타 도시 정기 육상 여객 운송업
940928__desc0,940928,desc,어린이통학버스기사(교육시설운영자소유차량)
940929__name0,940929,name,중고자동차 판매원
940929__hier0,940929,hier,"협회 및 단체, 수리 및 기타 개인서비스업 > 인적용역 > 인적용역 > 기타자영업"
940929__ksic0,940929,ksic,중고 자동차 판매업
940929__xref0,940929,xref,자동차 판매
940929__xref1,940929,xref,자동차 및 이륜 자동차 소매
941100__name0,941100,name,산업 단체
941100__hier0,941100,hier,"협회 및 단체, 수리 및 기타 개인 서비스업 > 협회 및 단체 > 산업 및 전문가 단체 > 산업 단체"
941100__example0,941100,example,상공회의소
941100__example1,941100,example,경영자 단체
941100__example2,941100,example,무역협회
941100__example3,941100,example,지역 경제단체
941100__example4,941100,example,중소기업협동조합 중앙회
941100__example5,941100,example,농민 단체
941100__example6,941100,example,대한병원협회
941200__name0,941200,name,전문가 단체
941200__hier0,941200,hier,"협회 및 단체, 수리 및 기타 개인 서비스업 > 협회 및 단체 > 산업 및 전문가 단체 > 전문가 단체"
941200__example0,941200,example,스수
941200__example1,941200,example,특정 직업인 단체 업리
941200__example2,941200,example,대한변호사협회
941200__example3,941200,example,대한의사협회
941200__example4,941200,example,전문학회
941200__example5,941200,example,예술인 단체
942000__name0,942000,name,노동조합
942000__hier0,942000,hier,"협회 및 단체, 수리 및 기타 개인 서비스업 > 협회 및 단체 > 노동조합 > 노동조합"
942000__example0,942000,example,산업별 노동조합
942000__example1,942000,example,지역 단위 노동조합
942000__example2,942000,example,전국 단위 노동조합
949111__name0,949111,name,불교 단체
949111__hier0,949111,hier,"협회 및 단체, 수리 및 기타 개인 서비스업 > 협회 및 단체 > 기타 협회 및 단체 > 종교 단체"
949111__xref0,949111,xref,종교시설의 장례 의식 서비스
949121__name0,949121,name,기독교 단체
949121__hier0,949121,hier,"협회 및 단체, 수리 및 기타 개인 서비스업 > 협회 및 단체 > 기타 협회 및 단체 > 종교 단체"
949121__xref0,949121,xref,종교시설의 장례 의식 서비스
949131__name0,949131,name,천주교 단체
949131__hier0,949131,hier,"협회 및 단체, 수리 및 기타 개인 서비스업 > 협회 및 단체 > 기타 협회 및 단체 > 종교 단체"
949131__xref0,949131,xref,종교시설의 장례 의식 서비스
949141__name0,949141,name,민족 종교 단체
949141__hier0,949141,hier,"협회 및 단체, 수리 및 기타 개인 서비스업 > 협회 및 단체 > 기타 협회 및 단체 > 종교 단체"
949141__xref0,949141,xref,종교시설의 장례 의식 서비스
949142__name0,949142,name,천도교 단체
949142__hier0,949142,hier,"협회 및 단체, 수리 및 기타 개인 서비스업 > 협회 및 단체 > 기타 협회 및 단체 > 종교 단체"
949142__ksic0,949142,ksic,민족 종교 단체
949142__desc0,949142,desc,천도교
949142__xref0,949142,xref,종교시설의 장례 의식 서비스
949143__name0,949143,name,원불교 단체
949143__hier0,949143,hier,"협회 및 단체, 수리 및 기타 개인 서비스업 > 협회 및 단체 > 기타 협회 및 단체 > 종교 단체"
949143__ksic0,949143,ksic,민족 종교 단체
949143__desc0,949143,desc,원불교
949143__xref0,949143,xref,종교시설의 장례 의식 서비스
949190__name0,949190,name,기타 종교 단체
949190__hier0,949190,hier,"협회 및 단체, 수리 및 기타 개인 서비스업 > 협회 및 단체 > 기타 협회 및 단체 > 종교 단체"
949190__xref0,949190,xref,종교시설의 장례 의식 서비스
949191__name0,949191,name,유교 단체
949191__hier0,949191,hier,"협회 및 단체, 수리 및 기타 개인 서비스업 > 협회 및 단체 > 기타 협회 및 단체 > 종교 단체"
949191__ksic0,949191,ksic,기타 종교 단체
949191__desc0,949191,desc,유교
949191__xref0,949191,xref,종교시설의 장례 의식 서비스
949200__name0,949200,name,정치 단체
949200__hier0,949200,hier,"협회 및 단체, 수리 및 기타 개인 서비스업 > 협회 및 단체 > 기타 협회 및 단체 > 정치 단체"
949200__example0,949200,example,정당
949200__example1,949200,example,정치인 후원 단체
949200__example2,949200,example,선거운동 관련 단체
949311__name0,949311,name,환경운동 단체
949311__hier0,949311,hier,"협회 및 단체, 수리 및 기타 개인 서비스업 > 협회 및 단체 > 기타 협회 및 단체 > 시민운동 단체"
949311__example0,949311,example,동물 보호 단체
949311__example1,949311,example,자연 보호 단체
949311__example2,949311,example,환경 운동 단체
949390__name0,949390,name,기타 시민운동 단체
949390__hier0,949390,hier,"협회 및 단체, 수리 및 기타 개인 서비스업 > 협회 및 단체 > 기타 협회 및 단체 > 시민운동 단체"
949390__example0,949390,example,인권 옹호 단체
949390__example1,949390,example,납세자 옹호 단체
949390__example2,949390,example,평화 옹호 단체
949390__example3,949390,example,약물 남용 예방 옹호 단체
949390__example4,949390,example,소비자 보호 단체
949900__name0,949900,name,그 외 기타 협회 및 단체
949900__hier0,949900,hier,"협회 및 단체, 수리 및 기타 개인 서비스업 > 협회 및 단체 > 기타 협회 및 단체 > 그 외 기타 협회 및 단체"
949900__example0,949900,example,자선 단체
949900__example1,949900,example,장학기금 운영 단체
949900__example2,949900,example,종교적 성격의 기부 단체
949900__example3,949900,example,재향군인협회
949900__example4,949900,example,학술 진흥재단
949900__example5,949900,example,지역 기부금 단체
949900__example6,949900,example,특수 집단 보호 단체
949900__example7,949900,example,동창회
949900__example8,949900,example,"청소년 단체(보이 스카우트, 걸 스카우트)"
949900__example9,949900,example,"동호인 단체(사진클럽, 원예클럽, 공예클럽, 우표수집가 협회)"
949900__xref0,949900,xref,단순 친목의 운동 동호회 활동
949901__name0,949901,name,그 외 기타 협회 및 단체
949901__hier0,949901,hier,"협회 및 단체, 수리 및 기타 개인 서비스업 > 협회 및 단체 > 기타 협회 및 단체 > 그 외 기타 협회 및 단체"
949901__desc0,949901,desc,입주자대표회의
949901__example0,949901,example,자선 단체
949901__example1,949901,example,장학기금 운영 단체
949901__example2,949901,example,종교적 성격의 기부 단체
949901__example3,949901,example,재향군인협회
949901__example4,949901,example,학술 진흥재단
949901__example5,949901,example,지역 기부금 단체
949901__example6,949901,example,특수 집단 보호 단체
949901__example7,949901,example,동창회
949901__example8,949901,example,"청소년 단체(보이 스카우트, 걸 스카우트)"
949901__example9,949901,example,"동호인 단체(사진클럽, 원예클럽, 공예클럽, 우표수집가 협회)"
949901__xref0,949901,xref,단순 친목의 운동 동호회 활동
949902__name0,949902,name,그 외 기타 협회 및 단체
949902__hier0,949902,hier,"협회 및 단체, 수리 및 기타 개인 서비스업 > 협회 및 단체 > 기타 협회 및 단체 > 그 외 기타 협회 및 단체"
949902__desc0,949902,desc,종중
949902__example0,949902,example,자선 단체
949902__example1,949902,example,장학기금 운영 단체
949902__example2,949902,example,종교적 성격의 기부 단체
949902__example3,949902,example,재향군인협회
949902__example4,949902,example,학술 진흥재단
949902__example5,949902,example,지역 기부금 단체
949902__example6,949902,example,특수 집단 보호 단체
949902__example7,949902,example,동창회
949902__example8,949902,example,"청소년 단체(보이 스카우트, 걸 스카우트)"
949902__example9,949902,example,"동호인 단체(사진클럽, 원예클럽, 공예클럽, 우표수집가 협회)"
949902__xref0,949902,xref,단순 친목의 운동 동호회 활동
950000__name0,950000,name,그 외 기타 달리 분류되지 않은 개인 서비스업
950000__hier0,950000,hier,"협회 및 단체, 수리 및 기타 개인 서비스업 > 기타 개인 서비스업 > 그 외 기타 개인 서비스업 > 그 외 기타 분류 안된 개인 서비스업"
950000__desc0,950000,desc,가구내 기타 개인 서비스
950000__example0,950000,example,구두 닦기
950000__example1,950000,example,대리 시장 보기
950000__example2,950000,example,문신 서비스
950000__example3,950000,example,대리 운전
950000__xref0,950000,xref,동전 조작식 사진촬영기 운영
950000__xref1,950000,xref,동전 조작식 사진 촬영기 운영
950000__xref2,950000,xref,구두닦기
950001__name0,950001,name,가구 내 고용활동
950001__hier0,950001,hier,가구 내 고용활동 및 달리 분류되지 않은 자가 소비 생산활동 > 가구 내 고용활동 > 가구 내 고용활동 > 가구 내 고용활동
950001__xref0,950001,xref,개인 가정 고용인의 청소활동
950002__name0,950002,name,보육시설 운영업
950002__hier0,950002,hier,보건업 및 사회복지 서비스업 > 사회복지 서비스업 > 비거주 복지시설 운영업 > 보육시설 운영업
950002__desc0,950002,desc,인가된 경우 제외
950002__example0,950002,example,놀이방
950002__example1,950002,example,직장 보육시설
950002__example2,950002,example,탁아시설
950002__xref0,950002,xref,보육원 및 탁아기관
990010__name0,990010,name,주한 외국 공관
990010__hier0,990010,hier,국제 및 외국기관 > 국제 및 외국기관 > 국제 및 외국기관 > 국제 및 외국기관
990090__name0,990090,name,기타 국제 및 외국기관
990090__hier0,990090,hier,국제 및 외국기관 > 국제 및 외국기관 > 국제 및 외국기관 > 국제 및 외국기관
