business_code,biz_large_codes,biz_large_names,biz_middle_codes,biz_middle_names,biz_small_codes,biz_small_names,biz_sub_codes,biz_sub_names,biz_detail_names,linked_ksic_codes,linked_ksic_names,main_ksic_codes,main_ksic_names,main_relation_values,detail_descriptions,source_row_count,embedding_text
011000,A,"농업, 임업 및 어업",01,농업,011,작물 재배업,0110,곡물 및 기타 식량작물 재배업,곡물 및 기타 식량작물 재배업,01110,곡물 및 기타 식량작물 재배업,,,,,1,"업종코드: 011000
업종 대분류: 농업, 임업 및 어업
업종 중분류: 농업
업종 소분류: 작물 재배업
업종 세분류: 곡물 및 기타 식량작물 재배업
업종 세세분류 및 활동명: 곡물 및 기타 식량작물 재배업
연계 KSIC 11차 코드: 01110
연계 KSIC 11차 분류명: 곡물 및 기타 식량작물 재배업"
011001,A,"농업, 임업 및 어업",01,농업,011,작물 재배업,0110,"채소, 화훼작물 및 종묘 재배업",채소작물 재배업,01121,채소작물 재배업,,,,,1,"업종코드: 011001
업종 대분류: 농업, 임업 및 어업
업종 중분류: 농업
업종 소분류: 작물 재배업
업종 세분류: 채소, 화훼작물 및 종묘 재배업
업종 세세분류 및 활동명: 채소작물 재배업
연계 KSIC 11차 코드: 01121
연계 KSIC 11차 분류명: 채소작물 재배업"
011002,A,"농업, 임업 및 어업",01,농업,011,작물 재배업,0110,"채소, 화훼작물 및 종묘 재배업",화훼작물 재배업,01122,화훼작물 재배업,,,,,1,"업종코드: 011002
업종 대분류: 농업, 임업 및 어업
업종 중분류: 농업
업종 소분류: 작물 재배업
업종 세분류: 채소, 화훼작물 및 종묘 재배업
업종 세세분류 및 활동명: 화훼작물 재배업
연계 KSIC 11차 코드: 01122
연계 KSIC 11차 분류명: 화훼작물 재배업"
011003,A,"농업, 임업 및 어업",01,농업,011,작물 재배업,0110,"채소, 화훼작물 및 종묘 재배업",종자 및 묘목 생산업,01123,종자 및 묘목 생산업,,,,,1,"업종코드: 011003
업종 대분류: 농업, 임업 및 어업
업종 중분류: 농업
업종 소분류: 작물 재배업
업종 세분류: 채소, 화훼작물 및 종묘 재배업
업종 세세분류 및 활동명: 종자 및 묘목 생산업
연계 KSIC 11차 코드: 01123
연계 KSIC 11차 분류명: 종자 및 묘목 생산업"
011004,A,"농업, 임업 및 어업",01,농업,011,작물 재배업,0110,"과실, 음료용 및 향신용 작물 재배업",과실작물 재배업,01131,과실작물 재배업,,,,,1,"업종코드: 011004
업종 대분류: 농업, 임업 및 어업
업종 중분류: 농업
업종 소분류: 작물 재배업
업종 세분류: 과실, 음료용 및 향신용 작물 재배업
업종 세세분류 및 활동명: 과실작물 재배업
연계 KSIC 11차 코드: 01131
연계 KSIC 11차 분류명: 과실작물 재배업"
011005,A,"농업, 임업 및 어업",01,농업,011,작물 재배업,0110,"과실, 음료용 및 향신용 작물 재배업",음료용 및 향신용 작물 재배업,01132,음료용 및 향신용 작물 재배업,,,,,1,"업종코드: 011005
업종 대분류: 농업, 임업 및 어업
업종 중분류: 농업
업종 소분류: 작물 재배업
업종 세분류: 과실, 음료용 및 향신용 작물 재배업
업종 세세분류 및 활동명: 음료용 및 향신용 작물 재배업
연계 KSIC 11차 코드: 01132
연계 KSIC 11차 분류명: 음료용 및 향신용 작물 재배업"
011006,A,"농업, 임업 및 어업",01,농업,011,작물 재배업,0110,기타 작물 재배업,기타 작물 재배업,01140,기타 작물 재배업,,,,,1,"업종코드: 011006
업종 대분류: 농업, 임업 및 어업
업종 중분류: 농업
업종 소분류: 작물 재배업
업종 세분류: 기타 작물 재배업
업종 세세분류 및 활동명: 기타 작물 재배업
연계 KSIC 11차 코드: 01140
연계 KSIC 11차 분류명: 기타 작물 재배업"
011007,A,"농업, 임업 및 어업",01,농업,011,작물 재배업,0110,시설작물 재배업,기타 시설작물 재배업,01159,기타 시설작물 재배업,,,,콩나물 재배,1,"업종코드: 011007
업종 대분류: 농업, 임업 및 어업
업종 중분류: 농업
업종 소분류: 작물 재배업
업종 세분류: 시설작물 재배업
업종 세세분류 및 활동명: 기타 시설작물 재배업
연계 KSIC 11차 코드: 01159
연계 KSIC 11차 분류명: 기타 시설작물 재배업
세부설명: 콩나물 재배"
011008,A,"농업, 임업 및 어업",01,농업,011,작물 재배업,0110,시설작물 재배업,"채소, 화훼 및 과실작물 시설 재배업",01151,"채소, 화훼 및 과실작물 시설 재배업",,,,,1,"업종코드: 011008
업종 대분류: 농업, 임업 및 어업
업종 중분류: 농업
업종 소분류: 작물 재배업
업종 세분류: 시설작물 재배업
업종 세세분류 및 활동명: 채소, 화훼 및 과실작물 시설 재배업
연계 KSIC 11차 코드: 01151
연계 KSIC 11차 분류명: 채소, 화훼 및 과실작물 시설 재배업"
011009,A,"농업, 임업 및 어업",01,농업,011,작물 재배업,0110,시설작물 재배업,기타 시설작물 재배업,01159,기타 시설작물 재배업,01159,기타 시설작물 재배업,1,,1,"업종코드: 011009
업종 대분류: 농업, 임업 및 어업
업종 중분류: 농업
업종 소분류: 작물 재배업
업종 세분류: 시설작물 재배업
업종 세세분류 및 활동명: 기타 시설작물 재배업
연계 KSIC 11차 코드: 01159
연계 KSIC 11차 분류명: 기타 시설작물 재배업
주요 연계 KSIC 코드: 01159
주요 연계 KSIC 분류명: 기타 시설작물 재배업"
012101,A,"농업, 임업 및 어업",01,농업,012,축산업,0121,소 사육업,육우 사육업,01212,육우 사육업,,,,,1,"업종코드: 012101
업종 대분류: 농업, 임업 및 어업
업종 중분류: 농업
업종 소분류: 축산업
업종 세분류: 소 사육업
업종 세세분류 및 활동명: 육우 사육업
연계 KSIC 11차 코드: 01212
연계 KSIC 11차 분류명: 육우 사육업"
012102,A,"농업, 임업 및 어업",01,농업,012,축산업,0121,기타 축산업,말 및 양 사육업,01291,말 및 양 사육업,,,,,1,"업종코드: 012102
업종 대분류: 농업, 임업 및 어업
업종 중분류: 농업
업종 소분류: 축산업
업종 세분류: 기타 축산업
업종 세세분류 및 활동명: 말 및 양 사육업
연계 KSIC 11차 코드: 01291
연계 KSIC 11차 분류명: 말 및 양 사육업"
012103,A,"농업, 임업 및 어업",01,농업,012,축산업,0121,기타 축산업,"그 외 기타 축산업(사슴, 토끼)",01299,그 외 기타 축산업,,,,"사슴, 토끼",1,"업종코드: 012103
업종 대분류: 농업, 임업 및 어업
업종 중분류: 농업
업종 소분류: 축산업
업종 세분류: 기타 축산업
업종 세세분류 및 활동명: 그 외 기타 축산업(사슴, 토끼)
연계 KSIC 11차 코드: 01299
연계 KSIC 11차 분류명: 그 외 기타 축산업
세부설명: 사슴, 토끼"
012104,A,"농업, 임업 및 어업",01,농업,012,축산업,0121,소 사육업,젖소 사육업,01211,젖소 사육업,,,,,1,"업종코드: 012104
업종 대분류: 농업, 임업 및 어업
업종 중분류: 농업
업종 소분류: 축산업
업종 세분류: 소 사육업
업종 세세분류 및 활동명: 젖소 사육업
연계 KSIC 11차 코드: 01211
연계 KSIC 11차 분류명: 젖소 사육업"
012105,A,"농업, 임업 및 어업",01,농업,012,축산업,0121,기타 축산업,그 외 기타 축산업(개),01299,그 외 기타 축산업,,,,개,1,"업종코드: 012105
업종 대분류: 농업, 임업 및 어업
업종 중분류: 농업
업종 소분류: 축산업
업종 세분류: 기타 축산업
업종 세세분류 및 활동명: 그 외 기타 축산업(개)
연계 KSIC 11차 코드: 01299
연계 KSIC 11차 분류명: 그 외 기타 축산업
세부설명: 개"
012201,A,"농업, 임업 및 어업",01,농업,012,축산업,0122,양돈업,양돈업,01220,양돈업,,,,,1,"업종코드: 012201
업종 대분류: 농업, 임업 및 어업
업종 중분류: 농업
업종 소분류: 축산업
업종 세분류: 양돈업
업종 세세분류 및 활동명: 양돈업
연계 KSIC 11차 코드: 01220
연계 KSIC 11차 분류명: 양돈업"
012202,A,"농업, 임업 및 어업",01,농업,012,축산업,0122,가금류 및 조류 사육업,양계업,01231,양계업,,,,,1,"업종코드: 012202
업종 대분류: 농업, 임업 및 어업
업종 중분류: 농업
업종 소분류: 축산업
업종 세분류: 가금류 및 조류 사육업
업종 세세분류 및 활동명: 양계업
연계 KSIC 11차 코드: 01231
연계 KSIC 11차 분류명: 양계업"
012203,A,"농업, 임업 및 어업",01,농업,012,축산업,0122,가금류 및 조류 사육업,기타 가금류 및 조류 사육업,01239,기타 가금류 및 조류 사육업,,,,,1,"업종코드: 012203
업종 대분류: 농업, 임업 및 어업
업종 중분류: 농업
업종 소분류: 축산업
업종 세분류: 가금류 및 조류 사육업
업종 세세분류 및 활동명: 기타 가금류 및 조류 사육업
연계 KSIC 11차 코드: 01239
연계 KSIC 11차 분류명: 기타 가금류 및 조류 사육업"
012204,A,"농업, 임업 및 어업",01,농업,012,축산업,0122,기타 축산업,그 외 기타 축산업,01299,그 외 기타 축산업,01299,그 외 기타 축산업,1,,1,"업종코드: 012204
업종 대분류: 농업, 임업 및 어업
업종 중분류: 농업
업종 소분류: 축산업
업종 세분류: 기타 축산업
업종 세세분류 및 활동명: 그 외 기타 축산업
연계 KSIC 11차 코드: 01299
연계 KSIC 11차 분류명: 그 외 기타 축산업
주요 연계 KSIC 코드: 01299
주요 연계 KSIC 분류명: 그 외 기타 축산업"
014300,A,"농업, 임업 및 어업",01,농업,014,작물재배 및 축산 관련 서비스업,0143,축산 관련 서비스업,축산 관련 서비스업,01420,축산 관련 서비스업,,,,,1,"업종코드: 014300
업종 대분류: 농업, 임업 및 어업
업종 중분류: 농업
업종 소분류: 작물재배 및 축산 관련 서비스업
업종 세분류: 축산 관련 서비스업
업종 세세분류 및 활동명: 축산 관련 서비스업
연계 KSIC 11차 코드: 01420
연계 KSIC 11차 분류명: 축산 관련 서비스업"
014301,A,"농업, 임업 및 어업",01,농업,014,작물재배 및 축산 복합농업,0143,작물재배 및 축산 복합농업,작물재배 및 축산 복합농업,01300,작물재배 및 축산 복합농업,,,,,1,"업종코드: 014301
업종 대분류: 농업, 임업 및 어업
업종 중분류: 농업
업종 소분류: 작물재배 및 축산 복합농업
업종 세분류: 작물재배 및 축산 복합농업
업종 세세분류 및 활동명: 작물재배 및 축산 복합농업
연계 KSIC 11차 코드: 01300
연계 KSIC 11차 분류명: 작물재배 및 축산 복합농업"
014302,A,"농업, 임업 및 어업",01,농업,014,작물재배 및 축산 관련 서비스업,0143,작물재배 관련 서비스업,작물재배 지원 서비스업,01411,작물재배 지원 서비스업,,,,,1,"업종코드: 014302
업종 대분류: 농업, 임업 및 어업
업종 중분류: 농업
업종 소분류: 작물재배 및 축산 관련 서비스업
업종 세분류: 작물재배 관련 서비스업
업종 세세분류 및 활동명: 작물재배 지원 서비스업
연계 KSIC 11차 코드: 01411
연계 KSIC 11차 분류명: 작물재배 지원 서비스업"
014303,A,"농업, 임업 및 어업",01,농업,014,작물재배 및 축산 관련 서비스업,0143,작물재배 관련 서비스업,"농산물 건조, 선별 및 기타 수확 후 서비스업",01412,"농산물 건조, 선별 및 기타 수확 후 서비스업",,,,,1,"업종코드: 014303
업종 대분류: 농업, 임업 및 어업
업종 중분류: 농업
업종 소분류: 작물재배 및 축산 관련 서비스업
업종 세분류: 작물재배 관련 서비스업
업종 세세분류 및 활동명: 농산물 건조, 선별 및 기타 수확 후 서비스업
연계 KSIC 11차 코드: 01412
연계 KSIC 11차 분류명: 농산물 건조, 선별 및 기타 수확 후 서비스업"
015000,A,"농업, 임업 및 어업",01,농업,015,수렵 및 관련 서비스업,0150,수렵 및 관련 서비스업,수렵 및 관련 서비스업,01500,수렵 및 관련 서비스업,,,,,1,"업종코드: 015000
업종 대분류: 농업, 임업 및 어업
업종 중분류: 농업
업종 소분류: 수렵 및 관련 서비스업
업종 세분류: 수렵 및 관련 서비스업
업종 세세분류 및 활동명: 수렵 및 관련 서비스업
연계 KSIC 11차 코드: 01500
연계 KSIC 11차 분류명: 수렵 및 관련 서비스업"
020100,A,"농업, 임업 및 어업",02,임업,020,임업,0201,영림업,임업용 종묘 생산업,02011,임업용 종묘 생산업,,,,,1,"업종코드: 020100
업종 대분류: 농업, 임업 및 어업
업종 중분류: 임업
업종 소분류: 임업
업종 세분류: 영림업
업종 세세분류 및 활동명: 임업용 종묘 생산업
연계 KSIC 11차 코드: 02011
연계 KSIC 11차 분류명: 임업용 종묘 생산업"
020101,A,"농업, 임업 및 어업",02,임업,020,임업,0201,영림업,육림업,02012,육림업,,,,,1,"업종코드: 020101
업종 대분류: 농업, 임업 및 어업
업종 중분류: 임업
업종 소분류: 임업
업종 세분류: 영림업
업종 세세분류 및 활동명: 육림업
연계 KSIC 11차 코드: 02012
연계 KSIC 11차 분류명: 육림업"
020102,A,"농업, 임업 및 어업",02,임업,020,임업,0201,임산물 채취업,임산물 채취업,02030,임산물 채취업,,,,,1,"업종코드: 020102
업종 대분류: 농업, 임업 및 어업
업종 중분류: 임업
업종 소분류: 임업
업종 세분류: 임산물 채취업
업종 세세분류 및 활동명: 임산물 채취업
연계 KSIC 11차 코드: 02030
연계 KSIC 11차 분류명: 임산물 채취업"
020200,A,"농업, 임업 및 어업",02,임업,020,임업,0202,벌목업,벌목업,02020,벌목업,,,,,1,"업종코드: 020200
업종 대분류: 농업, 임업 및 어업
업종 중분류: 임업
업종 소분류: 임업
업종 세분류: 벌목업
업종 세세분류 및 활동명: 벌목업
연계 KSIC 11차 코드: 02020
연계 KSIC 11차 분류명: 벌목업"
020300,A,"농업, 임업 및 어업",02,임업,020,임업,0203,임업 관련 서비스업,임업 관련 서비스업,02040,임업 관련 서비스업,,,,,1,"업종코드: 020300
업종 대분류: 농업, 임업 및 어업
업종 중분류: 임업
업종 소분류: 임업
업종 세분류: 임업 관련 서비스업
업종 세세분류 및 활동명: 임업 관련 서비스업
연계 KSIC 11차 코드: 02040
연계 KSIC 11차 분류명: 임업 관련 서비스업"
051102,A,"농업, 임업 및 어업",05,어업,051,어로 어업,0511,해수면 어업,연근해 어업,03112,연근해 어업,,,,,1,"업종코드: 051102
업종 대분류: 농업, 임업 및 어업
업종 중분류: 어업
업종 소분류: 어로 어업
업종 세분류: 해수면 어업
업종 세세분류 및 활동명: 연근해 어업
연계 KSIC 11차 코드: 03112
연계 KSIC 11차 분류명: 연근해 어업"
051104,A,"농업, 임업 및 어업",05,어업,051,어로 어업,0511,해수면 어업,원양 어업,03111,원양 어업,,,,,1,"업종코드: 051104
업종 대분류: 농업, 임업 및 어업
업종 중분류: 어업
업종 소분류: 어로 어업
업종 세분류: 해수면 어업
업종 세세분류 및 활동명: 원양 어업
연계 KSIC 11차 코드: 03111
연계 KSIC 11차 분류명: 원양 어업"
051200,A,"농업, 임업 및 어업",05,어업,051,어로 어업,0512,내수면 어업,내수면 어업,03120,내수면 어업,,,,,1,"업종코드: 051200
업종 대분류: 농업, 임업 및 어업
업종 중분류: 어업
업종 소분류: 어로 어업
업종 세분류: 내수면 어업
업종 세세분류 및 활동명: 내수면 어업
연계 KSIC 11차 코드: 03120
연계 KSIC 11차 분류명: 내수면 어업"
052101,A,"농업, 임업 및 어업",05,어업,052,양식어업 및 어업관련 서비스업,0521,양식 어업,해수면 양식 어업,03211,해수면 양식 어업,,,,,1,"업종코드: 052101
업종 대분류: 농업, 임업 및 어업
업종 중분류: 어업
업종 소분류: 양식어업 및 어업관련 서비스업
업종 세분류: 양식 어업
업종 세세분류 및 활동명: 해수면 양식 어업
연계 KSIC 11차 코드: 03211
연계 KSIC 11차 분류명: 해수면 양식 어업"
052103,A,"농업, 임업 및 어업",05,어업,052,양식어업 및 어업관련 서비스업,0521,양식 어업,내수면 양식 어업,03212,내수면 양식 어업,,,,,1,"업종코드: 052103
업종 대분류: 농업, 임업 및 어업
업종 중분류: 어업
업종 소분류: 양식어업 및 어업관련 서비스업
업종 세분류: 양식 어업
업종 세세분류 및 활동명: 내수면 양식 어업
연계 KSIC 11차 코드: 03212
연계 KSIC 11차 분류명: 내수면 양식 어업"
052104,A,"농업, 임업 및 어업",05,어업,052,양식어업 및 어업관련 서비스업,0521,양식 어업,수산물 부화 및 수산 종자 생산업,03213,수산물 부화 및 수산 종자 생산업,,,,,1,"업종코드: 052104
업종 대분류: 농업, 임업 및 어업
업종 중분류: 어업
업종 소분류: 양식어업 및 어업관련 서비스업
업종 세분류: 양식 어업
업종 세세분류 및 활동명: 수산물 부화 및 수산 종자 생산업
연계 KSIC 11차 코드: 03213
연계 KSIC 11차 분류명: 수산물 부화 및 수산 종자 생산업"
052200,A,"농업, 임업 및 어업",05,어업,052,양식어업 및 어업관련 서비스업,0522,어업 관련 서비스업,어업 관련 서비스업,03220,어업 관련 서비스업,,,,,1,"업종코드: 052200
업종 대분류: 농업, 임업 및 어업
업종 중분류: 어업
업종 소분류: 양식어업 및 어업관련 서비스업
업종 세분류: 어업 관련 서비스업
업종 세세분류 및 활동명: 어업 관련 서비스업
연계 KSIC 11차 코드: 03220
연계 KSIC 11차 분류명: 어업 관련 서비스업"
101000,B,광업,10,"석탄, 원유 및 천연가스 광업",101,석탄 광업,1010,석탄 광업,석탄 광업,05100,석탄 광업,05100,석탄 광업,1,,1,"업종코드: 101000
업종 대분류: 광업
업종 중분류: 석탄, 원유 및 천연가스 광업
업종 소분류: 석탄 광업
업종 세분류: 석탄 광업
업종 세세분류 및 활동명: 석탄 광업
연계 KSIC 11차 코드: 05100
연계 KSIC 11차 분류명: 석탄 광업
주요 연계 KSIC 코드: 05100
주요 연계 KSIC 분류명: 석탄 광업"
101001,B,광업,10,비금속광물 광업; 연료용 제외,101,기타 비금속광물 광업,1010,그 외 기타 비금속광물 광업,그 외 기타 비금속광물 광업,07290,그 외 기타 비금속광물 광업,,,,토탄,1,"업종코드: 101001
업종 대분류: 광업
업종 중분류: 비금속광물 광업; 연료용 제외
업종 소분류: 기타 비금속광물 광업
업종 세분류: 그 외 기타 비금속광물 광업
업종 세세분류 및 활동명: 그 외 기타 비금속광물 광업
연계 KSIC 11차 코드: 07290
연계 KSIC 11차 분류명: 그 외 기타 비금속광물 광업
세부설명: 토탄"
131000,B,광업,13,금속 광업,131,철 광업,1310,철 광업,철 광업,06100,철 광업,06100,철 광업,1,,1,"업종코드: 131000
업종 대분류: 광업
업종 중분류: 금속 광업
업종 소분류: 철 광업
업종 세분류: 철 광업
업종 세세분류 및 활동명: 철 광업
연계 KSIC 11차 코드: 06100
연계 KSIC 11차 분류명: 철 광업
주요 연계 KSIC 코드: 06100
주요 연계 KSIC 분류명: 철 광업"
131003,B,광업,13,금속 광업,131,비철금속 광업,1310,비철금속 광업,비철금속 광업,06200,비철금속 광업,,,,"텅스텐, 몰리브덴",1,"업종코드: 131003
업종 대분류: 광업
업종 중분류: 금속 광업
업종 소분류: 비철금속 광업
업종 세분류: 비철금속 광업
업종 세세분류 및 활동명: 비철금속 광업
연계 KSIC 11차 코드: 06200
연계 KSIC 11차 분류명: 비철금속 광업
세부설명: 텅스텐, 몰리브덴"
132002,B,광업,13,금속 광업,132,비철금속 광업,1320,비철금속 광업,비철금속 광업,06200,비철금속 광업,,,,기타 비철금속,1,"업종코드: 132002
업종 대분류: 광업
업종 중분류: 금속 광업
업종 소분류: 비철금속 광업
업종 세분류: 비철금속 광업
업종 세세분류 및 활동명: 비철금속 광업
연계 KSIC 11차 코드: 06200
연계 KSIC 11차 분류명: 비철금속 광업
세부설명: 기타 비철금속"
132003,B,광업,13,금속 광업,132,비철금속 광업,1320,비철금속 광업,비철금속 광업,06200,비철금속 광업,06200,비철금속 광업,1,"금ㆍ은 및 백금, 동광석",1,"업종코드: 132003
업종 대분류: 광업
업종 중분류: 금속 광업
업종 소분류: 비철금속 광업
업종 세분류: 비철금속 광업
업종 세세분류 및 활동명: 비철금속 광업
연계 KSIC 11차 코드: 06200
연계 KSIC 11차 분류명: 비철금속 광업
주요 연계 KSIC 코드: 06200
주요 연계 KSIC 분류명: 비철금속 광업
세부설명: 금ㆍ은 및 백금, 동광석"
141001,B,광업,14,비금속광물 광업; 연료용 제외,141,토사석 광업,1410,"석재, 쇄석 및 모래, 자갈 채취업",건설용 석재 채굴 및 쇄석 생산업,07121,건설용 석재 채굴 및 쇄석 생산업,07121,건설용 석재 채굴 및 쇄석 생산업,2,건설용 석재 채굴,1,"업종코드: 141001
업종 대분류: 광업
업종 중분류: 비금속광물 광업; 연료용 제외
업종 소분류: 토사석 광업
업종 세분류: 석재, 쇄석 및 모래, 자갈 채취업
업종 세세분류 및 활동명: 건설용 석재 채굴 및 쇄석 생산업
연계 KSIC 11차 코드: 07121
연계 KSIC 11차 분류명: 건설용 석재 채굴 및 쇄석 생산업
주요 연계 KSIC 코드: 07121
주요 연계 KSIC 분류명: 건설용 석재 채굴 및 쇄석 생산업
세부설명: 건설용 석재 채굴"
141002,B,광업,14,비금속광물 광업; 연료용 제외,141,토사석 광업,1410,석회석 및 점토 광업,석회석 및 점토 광업,07110,석회석 및 점토 광업,07110,석회석 및 점토 광업,1,,1,"업종코드: 141002
업종 대분류: 광업
업종 중분류: 비금속광물 광업; 연료용 제외
업종 소분류: 토사석 광업
업종 세분류: 석회석 및 점토 광업
업종 세세분류 및 활동명: 석회석 및 점토 광업
연계 KSIC 11차 코드: 07110
연계 KSIC 11차 분류명: 석회석 및 점토 광업
주요 연계 KSIC 코드: 07110
주요 연계 KSIC 분류명: 석회석 및 점토 광업"
141003,B,광업,14,비금속광물 광업; 연료용 제외,141,토사석 광업,1410,"석재, 쇄석 및 모래, 자갈 채취업",건설용 석재 채굴 및 쇄석 생산업,07121,건설용 석재 채굴 및 쇄석 생산업,07121,건설용 석재 채굴 및 쇄석 생산업,2,건설용 쇄석 생산,1,"업종코드: 141003
업종 대분류: 광업
업종 중분류: 비금속광물 광업; 연료용 제외
업종 소분류: 토사석 광업
업종 세분류: 석재, 쇄석 및 모래, 자갈 채취업
업종 세세분류 및 활동명: 건설용 석재 채굴 및 쇄석 생산업
연계 KSIC 11차 코드: 07121
연계 KSIC 11차 분류명: 건설용 석재 채굴 및 쇄석 생산업
주요 연계 KSIC 코드: 07121
주요 연계 KSIC 분류명: 건설용 석재 채굴 및 쇄석 생산업
세부설명: 건설용 쇄석 생산"
141004,B,광업,14,비금속광물 광업; 연료용 제외,141,토사석 광업,1410,"석재, 쇄석 및 모래, 자갈 채취업",모래 및 자갈 채취업,07122,모래 및 자갈 채취업,07122,모래 및 자갈 채취업,1,,1,"업종코드: 141004
업종 대분류: 광업
업종 중분류: 비금속광물 광업; 연료용 제외
업종 소분류: 토사석 광업
업종 세분류: 석재, 쇄석 및 모래, 자갈 채취업
업종 세세분류 및 활동명: 모래 및 자갈 채취업
연계 KSIC 11차 코드: 07122
연계 KSIC 11차 분류명: 모래 및 자갈 채취업
주요 연계 KSIC 코드: 07122
주요 연계 KSIC 분류명: 모래 및 자갈 채취업"
141006,B,광업,14,비금속광물 광업; 연료용 제외,141,토사석 광업,1410,"석재, 쇄석 및 모래, 자갈 채취업",모래 및 자갈 채취업,07122,모래 및 자갈 채취업,,,,공업용 모래 채취,1,"업종코드: 141006
업종 대분류: 광업
업종 중분류: 비금속광물 광업; 연료용 제외
업종 소분류: 토사석 광업
업종 세분류: 석재, 쇄석 및 모래, 자갈 채취업
업종 세세분류 및 활동명: 모래 및 자갈 채취업
연계 KSIC 11차 코드: 07122
연계 KSIC 11차 분류명: 모래 및 자갈 채취업
세부설명: 공업용 모래 채취"
142101,B,광업,14,비금속광물 광업; 연료용 제외,142,기타 비금속광물 광업,1421,그 외 기타 비금속광물 광업,그 외 기타 비금속광물 광업,07290,그 외 기타 비금속광물 광업,,,,"활석, 장석 및 규조토",1,"업종코드: 142101
업종 대분류: 광업
업종 중분류: 비금속광물 광업; 연료용 제외
업종 소분류: 기타 비금속광물 광업
업종 세분류: 그 외 기타 비금속광물 광업
업종 세세분류 및 활동명: 그 외 기타 비금속광물 광업
연계 KSIC 11차 코드: 07290
연계 KSIC 11차 분류명: 그 외 기타 비금속광물 광업
세부설명: 활석, 장석 및 규조토"
142102,B,광업,14,비금속광물 광업; 연료용 제외,142,기타 비금속광물 광업,1421,화학용 및 비료 원료용 광물 광업,화학용 및 비료 원료용 광물 광업,07210,화학용 및 비료 원료용 광물 광업,,,,납석,1,"업종코드: 142102
업종 대분류: 광업
업종 중분류: 비금속광물 광업; 연료용 제외
업종 소분류: 기타 비금속광물 광업
업종 세분류: 화학용 및 비료 원료용 광물 광업
업종 세세분류 및 활동명: 화학용 및 비료 원료용 광물 광업
연계 KSIC 11차 코드: 07210
연계 KSIC 11차 분류명: 화학용 및 비료 원료용 광물 광업
세부설명: 납석"
142104,B,광업,14,비금속광물 광업; 연료용 제외,142,기타 비금속광물 광업,1421,화학용 및 비료 원료용 광물 광업,화학용 및 비료 원료용 광물 광업,07210,화학용 및 비료 원료용 광물 광업,07210,화학용 및 비료 원료용 광물 광업,1,,1,"업종코드: 142104
업종 대분류: 광업
업종 중분류: 비금속광물 광업; 연료용 제외
업종 소분류: 기타 비금속광물 광업
업종 세분류: 화학용 및 비료 원료용 광물 광업
업종 세세분류 및 활동명: 화학용 및 비료 원료용 광물 광업
연계 KSIC 11차 코드: 07210
연계 KSIC 11차 분류명: 화학용 및 비료 원료용 광물 광업
주요 연계 KSIC 코드: 07210
주요 연계 KSIC 분류명: 화학용 및 비료 원료용 광물 광업"
142200,B,광업,14,비금속광물 광업; 연료용 제외,142,기타 비금속광물 광업,1422,천일염 생산 및 암염 채취업,천일염 생산 및 암염 채취업,07220,천일염 생산 및 암염 채취업,,,,,1,"업종코드: 142200
업종 대분류: 광업
업종 중분류: 비금속광물 광업; 연료용 제외
업종 소분류: 기타 비금속광물 광업
업종 세분류: 천일염 생산 및 암염 채취업
업종 세세분류 및 활동명: 천일염 생산 및 암염 채취업
연계 KSIC 11차 코드: 07220
연계 KSIC 11차 분류명: 천일염 생산 및 암염 채취업"
142902,B,광업,14,비금속광물 광업; 연료용 제외,142,기타 비금속광물 광업,1429,그 외 기타 비금속광물 광업,그 외 기타 비금속광물 광업,07290,그 외 기타 비금속광물 광업,07290,그 외 기타 비금속광물 광업,1,,1,"업종코드: 142902
업종 대분류: 광업
업종 중분류: 비금속광물 광업; 연료용 제외
업종 소분류: 기타 비금속광물 광업
업종 세분류: 그 외 기타 비금속광물 광업
업종 세세분류 및 활동명: 그 외 기타 비금속광물 광업
연계 KSIC 11차 코드: 07290
연계 KSIC 11차 분류명: 그 외 기타 비금속광물 광업
주요 연계 KSIC 코드: 07290
주요 연계 KSIC 분류명: 그 외 기타 비금속광물 광업"
142909,B,광업,14,"석탄, 원유 및 천연가스 광업",142,원유 및 천연가스 채굴업,1429,원유 및 천연가스 채굴업,원유 및 천연가스 채굴업,05200,원유 및 천연가스 채굴업,,,,,1,"업종코드: 142909
업종 대분류: 광업
업종 중분류: 석탄, 원유 및 천연가스 광업
업종 소분류: 원유 및 천연가스 채굴업
업종 세분류: 원유 및 천연가스 채굴업
업종 세세분류 및 활동명: 원유 및 천연가스 채굴업
연계 KSIC 11차 코드: 05200
연계 KSIC 11차 분류명: 원유 및 천연가스 채굴업"
142910,B,광업,14,광업 지원 서비스업,142,광업 지원 서비스업,1429,광업 지원 서비스업,광업 지원 서비스업,08000,광업 지원 서비스업,,,,,1,"업종코드: 142910
업종 대분류: 광업
업종 중분류: 광업 지원 서비스업
업종 소분류: 광업 지원 서비스업
업종 세분류: 광업 지원 서비스업
업종 세세분류 및 활동명: 광업 지원 서비스업
연계 KSIC 11차 코드: 08000
연계 KSIC 11차 분류명: 광업 지원 서비스업"
143101,B,광업,14,금속 광업,143,비철금속 광업,1431,비철금속 광업,비철금속 광업(조광권자),06200,비철금속 광업,,,,조광권자,1,"업종코드: 143101
업종 대분류: 광업
업종 중분류: 금속 광업
업종 소분류: 비철금속 광업
업종 세분류: 비철금속 광업
업종 세세분류 및 활동명: 비철금속 광업(조광권자)
연계 KSIC 11차 코드: 06200
연계 KSIC 11차 분류명: 비철금속 광업
세부설명: 조광권자"
143103,B,광업,14,금속 광업,143,철 광업,1431,철 광업,철 광업(조광권자),06100,철 광업,,,,조광권자,1,"업종코드: 143103
업종 대분류: 광업
업종 중분류: 금속 광업
업종 소분류: 철 광업
업종 세분류: 철 광업
업종 세세분류 및 활동명: 철 광업(조광권자)
연계 KSIC 11차 코드: 06100
연계 KSIC 11차 분류명: 철 광업
세부설명: 조광권자"
143106,B,광업,14,"석탄, 원유 및 천연가스 광업",143,석탄 광업,1431,석탄 광업,석탄 광업(조광권자),05100,석탄 광업,,,,조광권자,1,"업종코드: 143106
업종 대분류: 광업
업종 중분류: 석탄, 원유 및 천연가스 광업
업종 소분류: 석탄 광업
업종 세분류: 석탄 광업
업종 세세분류 및 활동명: 석탄 광업(조광권자)
연계 KSIC 11차 코드: 05100
연계 KSIC 11차 분류명: 석탄 광업
세부설명: 조광권자"
143107,B,광업,14,비금속광물 광업; 연료용 제외,143,토사석 광업 | 기타 비금속광물 광업,1431,"석회석 및 점토 광업 | 석재, 쇄석 및 모래, 자갈 채취업 | 화학용 및 비료 원료용 광물 광업 | 그 외 기타 비금속광물 광업",석회석 및 점토 광업 | 건설용 석재 채굴 및 쇄석 생산업 | 모래 및 자갈 채취업 | 화학용 및 비료 원료용 광물 광업 | 그 외 기타 비금속광물 광업,07110 | 07121 | 07122 | 07210 | 07290,석회석 및 점토 광업 | 건설용 석재 채굴 및 쇄석 생산업 | 모래 및 자갈 채취업 | 화학용 및 비료 원료용 광물 광업 | 그 외 기타 비금속광물 광업,,,,조광권자,5,"업종코드: 143107
업종 대분류: 광업
업종 중분류: 비금속광물 광업; 연료용 제외
업종 소분류: 토사석 광업 | 기타 비금속광물 광업
업종 세분류: 석회석 및 점토 광업 | 석재, 쇄석 및 모래, 자갈 채취업 | 화학용 및 비료 원료용 광물 광업 | 그 외 기타 비금속광물 광업
업종 세세분류 및 활동명: 석회석 및 점토 광업 | 건설용 석재 채굴 및 쇄석 생산업 | 모래 및 자갈 채취업 | 화학용 및 비료 원료용 광물 광업 | 그 외 기타 비금속광물 광업
연계 KSIC 11차 코드: 07110 | 07121 | 07122 | 07210 | 07290
연계 KSIC 11차 분류명: 석회석 및 점토 광업 | 건설용 석재 채굴 및 쇄석 생산업 | 모래 및 자갈 채취업 | 화학용 및 비료 원료용 광물 광업 | 그 외 기타 비금속광물 광업
세부설명: 조광권자"
143200,N,"사업시설 관리, 사업 지원 및 임대 서비스업",14,임대업; 부동산 제외,143,무형 재산권 임대업,1432,무형 재산권 임대업,무형 재산권 임대업,76400,무형 재산권 임대업,,,,조광료,1,"업종코드: 143200
업종 대분류: 사업시설 관리, 사업 지원 및 임대 서비스업
업종 중분류: 임대업; 부동산 제외
업종 소분류: 무형 재산권 임대업
업종 세분류: 무형 재산권 임대업
업종 세세분류 및 활동명: 무형 재산권 임대업
연계 KSIC 11차 코드: 76400
연계 KSIC 11차 분류명: 무형 재산권 임대업
세부설명: 조광료"
151101,C,제조업,15,식료품 제조업,151,"도축, 육류 가공 및 저장 처리업",1511,도축업,육류 도축업(가금류 제외),10111,육류 도축업(가금류 제외),10111,육류 도축업(가금류 제외),1,,1,"업종코드: 151101
업종 대분류: 제조업
업종 중분류: 식료품 제조업
업종 소분류: 도축, 육류 가공 및 저장 처리업
업종 세분류: 도축업
업종 세세분류 및 활동명: 육류 도축업(가금류 제외)
연계 KSIC 11차 코드: 10111
연계 KSIC 11차 분류명: 육류 도축업(가금류 제외)
주요 연계 KSIC 코드: 10111
주요 연계 KSIC 분류명: 육류 도축업(가금류 제외)"
151102,C,제조업,15,식료품 제조업,151,"도축, 육류 가공 및 저장 처리업",1511,육류 가공 및 저장 처리업,가금류 가공 및 저장 처리업,10121,가금류 가공 및 저장 처리업,10121,가금류 가공 및 저장 처리업,1,,1,"업종코드: 151102
업종 대분류: 제조업
업종 중분류: 식료품 제조업
업종 소분류: 도축, 육류 가공 및 저장 처리업
업종 세분류: 육류 가공 및 저장 처리업
업종 세세분류 및 활동명: 가금류 가공 및 저장 처리업
연계 KSIC 11차 코드: 10121
연계 KSIC 11차 분류명: 가금류 가공 및 저장 처리업
주요 연계 KSIC 코드: 10121
주요 연계 KSIC 분류명: 가금류 가공 및 저장 처리업"
151103,C,제조업,15,식료품 제조업,151,"도축, 육류 가공 및 저장 처리업",1511,도축업,가금류 도축업,10112,가금류 도축업,10112,가금류 도축업,1,,1,"업종코드: 151103
업종 대분류: 제조업
업종 중분류: 식료품 제조업
업종 소분류: 도축, 육류 가공 및 저장 처리업
업종 세분류: 도축업
업종 세세분류 및 활동명: 가금류 도축업
연계 KSIC 11차 코드: 10112
연계 KSIC 11차 분류명: 가금류 도축업
주요 연계 KSIC 코드: 10112
주요 연계 KSIC 분류명: 가금류 도축업"
151104,C,제조업,15,식료품 제조업,151,"도축, 육류 가공 및 저장 처리업",1511,육류 가공 및 저장 처리업,육류 포장육 및 냉동육 가공업(가금류 제외),10122,육류 포장육 및 냉동육 가공업(가금류 제외),10122,육류 포장육 및 냉동육 가공업(가금류 제외),1,,1,"업종코드: 151104
업종 대분류: 제조업
업종 중분류: 식료품 제조업
업종 소분류: 도축, 육류 가공 및 저장 처리업
업종 세분류: 육류 가공 및 저장 처리업
업종 세세분류 및 활동명: 육류 포장육 및 냉동육 가공업(가금류 제외)
연계 KSIC 11차 코드: 10122
연계 KSIC 11차 분류명: 육류 포장육 및 냉동육 가공업(가금류 제외)
주요 연계 KSIC 코드: 10122
주요 연계 KSIC 분류명: 육류 포장육 및 냉동육 가공업(가금류 제외)"
151105,C,제조업,15,식료품 제조업,151,"도축, 육류 가공 및 저장 처리업",1511,육류 가공 및 저장 처리업,육류 기타 가공 및 저장 처리업(가금류 제외),10129,육류 기타 가공 및 저장 처리업(가금류 제외),,,,,1,"업종코드: 151105
업종 대분류: 제조업
업종 중분류: 식료품 제조업
업종 소분류: 도축, 육류 가공 및 저장 처리업
업종 세분류: 육류 가공 및 저장 처리업
업종 세세분류 및 활동명: 육류 기타 가공 및 저장 처리업(가금류 제외)
연계 KSIC 11차 코드: 10129
연계 KSIC 11차 분류명: 육류 기타 가공 및 저장 처리업(가금류 제외)"
151200,C,제조업,15,식료품 제조업,151,수산물 가공 및 저장 처리업,1512,수산동물 가공 및 저장 처리업,수산동물 건조 및 염장품 제조업,10212,수산동물 건조 및 염장품 제조업,10212,수산동물 건조 및 염장품 제조업,1,,1,"업종코드: 151200
업종 대분류: 제조업
업종 중분류: 식료품 제조업
업종 소분류: 수산물 가공 및 저장 처리업
업종 세분류: 수산동물 가공 및 저장 처리업
업종 세세분류 및 활동명: 수산동물 건조 및 염장품 제조업
연계 KSIC 11차 코드: 10212
연계 KSIC 11차 분류명: 수산동물 건조 및 염장품 제조업
주요 연계 KSIC 코드: 10212
주요 연계 KSIC 분류명: 수산동물 건조 및 염장품 제조업"
151201,C,제조업,15,식료품 제조업,151,수산물 가공 및 저장 처리업,1512,수산동물 가공 및 저장 처리업,"수산동물 훈제, 조리 및 유사 조제식품 제조업",10211,"수산동물 훈제, 조리 및 유사 조제식품 제조업",,,,,1,"업종코드: 151201
업종 대분류: 제조업
업종 중분류: 식료품 제조업
업종 소분류: 수산물 가공 및 저장 처리업
업종 세분류: 수산동물 가공 및 저장 처리업
업종 세세분류 및 활동명: 수산동물 훈제, 조리 및 유사 조제식품 제조업
연계 KSIC 11차 코드: 10211
연계 KSIC 11차 분류명: 수산동물 훈제, 조리 및 유사 조제식품 제조업"
151202,C,제조업,15,식료품 제조업,151,수산물 가공 및 저장 처리업,1512,수산동물 가공 및 저장 처리업,수산동물 냉동품 제조업,10213,수산동물 냉동품 제조업,10213,수산동물 냉동품 제조업,1,,1,"업종코드: 151202
업종 대분류: 제조업
업종 중분류: 식료품 제조업
업종 소분류: 수산물 가공 및 저장 처리업
업종 세분류: 수산동물 가공 및 저장 처리업
업종 세세분류 및 활동명: 수산동물 냉동품 제조업
연계 KSIC 11차 코드: 10213
연계 KSIC 11차 분류명: 수산동물 냉동품 제조업
주요 연계 KSIC 코드: 10213
주요 연계 KSIC 분류명: 수산동물 냉동품 제조업"
151203,C,제조업,15,식료품 제조업,151,수산물 가공 및 저장 처리업,1512,수산동물 가공 및 저장 처리업,기타 수산동물 가공 및 저장 처리업,10219,기타 수산동물 가공 및 저장 처리업,,,,,1,"업종코드: 151203
업종 대분류: 제조업
업종 중분류: 식료품 제조업
업종 소분류: 수산물 가공 및 저장 처리업
업종 세분류: 수산동물 가공 및 저장 처리업
업종 세세분류 및 활동명: 기타 수산동물 가공 및 저장 처리업
연계 KSIC 11차 코드: 10219
연계 KSIC 11차 분류명: 기타 수산동물 가공 및 저장 처리업"
151301,C,제조업,15,식료품 제조업,151,"과실, 채소 가공 및 저장 처리업",1513,"과실, 채소 가공 및 저장 처리업",김치류 제조업,10301,김치류 제조업,,,,,1,"업종코드: 151301
업종 대분류: 제조업
업종 중분류: 식료품 제조업
업종 소분류: 과실, 채소 가공 및 저장 처리업
업종 세분류: 과실, 채소 가공 및 저장 처리업
업종 세세분류 및 활동명: 김치류 제조업
연계 KSIC 11차 코드: 10301
연계 KSIC 11차 분류명: 김치류 제조업"
151302,C,제조업,15,식료품 제조업,151,"과실, 채소 가공 및 저장 처리업",1513,"과실, 채소 가공 및 저장 처리업",기타 과실ㆍ채소 가공 및 저장 처리업,10309,기타 과실ㆍ채소 가공 및 저장 처리업,10309,기타 과실ㆍ채소 가공 및 저장 처리업,1,,1,"업종코드: 151302
업종 대분류: 제조업
업종 중분류: 식료품 제조업
업종 소분류: 과실, 채소 가공 및 저장 처리업
업종 세분류: 과실, 채소 가공 및 저장 처리업
업종 세세분류 및 활동명: 기타 과실ㆍ채소 가공 및 저장 처리업
연계 KSIC 11차 코드: 10309
연계 KSIC 11차 분류명: 기타 과실ㆍ채소 가공 및 저장 처리업
주요 연계 KSIC 코드: 10309
주요 연계 KSIC 분류명: 기타 과실ㆍ채소 가공 및 저장 처리업"
151304,C,제조업,15,식료품 제조업,151,"과실, 채소 가공 및 저장 처리업",1513,"과실, 채소 가공 및 저장 처리업",과실 및 그 외 채소 절임식품 제조업,10302,과실 및 그 외 채소 절임식품 제조업,,,,,1,"업종코드: 151304
업종 대분류: 제조업
업종 중분류: 식료품 제조업
업종 소분류: 과실, 채소 가공 및 저장 처리업
업종 세분류: 과실, 채소 가공 및 저장 처리업
업종 세세분류 및 활동명: 과실 및 그 외 채소 절임식품 제조업
연계 KSIC 11차 코드: 10302
연계 KSIC 11차 분류명: 과실 및 그 외 채소 절임식품 제조업"
151400,C,제조업,15,식료품 제조업,151,동ㆍ식물성 유지 및 낙농제품 제조업,1514,동물성 및 식물성 유지 제조업,식물성 유지 제조업,10412,식물성 유지 제조업,10412,식물성 유지 제조업,1,,1,"업종코드: 151400
업종 대분류: 제조업
업종 중분류: 식료품 제조업
업종 소분류: 동ㆍ식물성 유지 및 낙농제품 제조업
업종 세분류: 동물성 및 식물성 유지 제조업
업종 세세분류 및 활동명: 식물성 유지 제조업
연계 KSIC 11차 코드: 10412
연계 KSIC 11차 분류명: 식물성 유지 제조업
주요 연계 KSIC 코드: 10412
주요 연계 KSIC 분류명: 식물성 유지 제조업"
151401,C,제조업,15,식료품 제조업,151,동ㆍ식물성 유지 및 낙농제품 제조업,1514,동물성 및 식물성 유지 제조업,동물성 유지 제조업,10411,동물성 유지 제조업,10411,동물성 유지 제조업,1,,1,"업종코드: 151401
업종 대분류: 제조업
업종 중분류: 식료품 제조업
업종 소분류: 동ㆍ식물성 유지 및 낙농제품 제조업
업종 세분류: 동물성 및 식물성 유지 제조업
업종 세세분류 및 활동명: 동물성 유지 제조업
연계 KSIC 11차 코드: 10411
연계 KSIC 11차 분류명: 동물성 유지 제조업
주요 연계 KSIC 코드: 10411
주요 연계 KSIC 분류명: 동물성 유지 제조업"
151402,C,제조업,15,식료품 제조업,151,동ㆍ식물성 유지 및 낙농제품 제조업,1514,동물성 및 식물성 유지 제조업,식용 정제유 및 가공유 제조업,10413,식용 정제유 및 가공유 제조업,,,,,1,"업종코드: 151402
업종 대분류: 제조업
업종 중분류: 식료품 제조업
업종 소분류: 동ㆍ식물성 유지 및 낙농제품 제조업
업종 세분류: 동물성 및 식물성 유지 제조업
업종 세세분류 및 활동명: 식용 정제유 및 가공유 제조업
연계 KSIC 11차 코드: 10413
연계 KSIC 11차 분류명: 식용 정제유 및 가공유 제조업"
152001,C,제조업,15,식료품 제조업,152,동ㆍ식물성 유지 및 낙농제품 제조업,1520,낙농제품 및 식용 빙과류 제조업,액상 시유 및 기타 낙농제품 제조업(분유 및 조제분유),10421,액상 시유 및 기타 낙농제품 제조업,,,,분유 및 조제분유,1,"업종코드: 152001
업종 대분류: 제조업
업종 중분류: 식료품 제조업
업종 소분류: 동ㆍ식물성 유지 및 낙농제품 제조업
업종 세분류: 낙농제품 및 식용 빙과류 제조업
업종 세세분류 및 활동명: 액상 시유 및 기타 낙농제품 제조업(분유 및 조제분유)
연계 KSIC 11차 코드: 10421
연계 KSIC 11차 분류명: 액상 시유 및 기타 낙농제품 제조업
세부설명: 분유 및 조제분유"
152002,C,제조업,15,식료품 제조업,152,동ㆍ식물성 유지 및 낙농제품 제조업,1520,낙농제품 및 식용 빙과류 제조업,액상 시유 및 기타 낙농제품 제조업,10421,액상 시유 및 기타 낙농제품 제조업,10421,액상 시유 및 기타 낙농제품 제조업,1,,1,"업종코드: 152002
업종 대분류: 제조업
업종 중분류: 식료품 제조업
업종 소분류: 동ㆍ식물성 유지 및 낙농제품 제조업
업종 세분류: 낙농제품 및 식용 빙과류 제조업
업종 세세분류 및 활동명: 액상 시유 및 기타 낙농제품 제조업
연계 KSIC 11차 코드: 10421
연계 KSIC 11차 분류명: 액상 시유 및 기타 낙농제품 제조업
주요 연계 KSIC 코드: 10421
주요 연계 KSIC 분류명: 액상 시유 및 기타 낙농제품 제조업"
152003,C,제조업,15,식료품 제조업,152,동ㆍ식물성 유지 및 낙농제품 제조업,1520,낙농제품 및 식용 빙과류 제조업,아이스크림 및 기타 식용 빙과류 제조업,10422,아이스크림 및 기타 식용 빙과류 제조업,,,,,1,"업종코드: 152003
업종 대분류: 제조업
업종 중분류: 식료품 제조업
업종 소분류: 동ㆍ식물성 유지 및 낙농제품 제조업
업종 세분류: 낙농제품 및 식용 빙과류 제조업
업종 세세분류 및 활동명: 아이스크림 및 기타 식용 빙과류 제조업
연계 KSIC 11차 코드: 10422
연계 KSIC 11차 분류명: 아이스크림 및 기타 식용 빙과류 제조업"
153101,C,제조업,15,식료품 제조업,153,"곡물 가공품, 전분 및 전분제품 제조업",1531,곡물 가공품 제조업,기타 곡물 가공품 제조업,10519,기타 곡물 가공품 제조업,10519,기타 곡물 가공품 제조업,1,,1,"업종코드: 153101
업종 대분류: 제조업
업종 중분류: 식료품 제조업
업종 소분류: 곡물 가공품, 전분 및 전분제품 제조업
업종 세분류: 곡물 가공품 제조업
업종 세세분류 및 활동명: 기타 곡물 가공품 제조업
연계 KSIC 11차 코드: 10519
연계 KSIC 11차 분류명: 기타 곡물 가공품 제조업
주요 연계 KSIC 코드: 10519
주요 연계 KSIC 분류명: 기타 곡물 가공품 제조업"
153102,C,제조업,15,식료품 제조업,153,"곡물 가공품, 전분 및 전분제품 제조업",1531,곡물 가공품 제조업,곡물 도정업,10511,곡물 도정업,10511,곡물 도정업,1,,1,"업종코드: 153102
업종 대분류: 제조업
업종 중분류: 식료품 제조업
업종 소분류: 곡물 가공품, 전분 및 전분제품 제조업
업종 세분류: 곡물 가공품 제조업
업종 세세분류 및 활동명: 곡물 도정업
연계 KSIC 11차 코드: 10511
연계 KSIC 11차 분류명: 곡물 도정업
주요 연계 KSIC 코드: 10511
주요 연계 KSIC 분류명: 곡물 도정업"
153103,C,제조업,15,식료품 제조업,153,"곡물 가공품, 전분 및 전분제품 제조업",1531,곡물 가공품 제조업,곡물 제분업,10512,곡물 제분업,10512,곡물 제분업,1,,1,"업종코드: 153103
업종 대분류: 제조업
업종 중분류: 식료품 제조업
업종 소분류: 곡물 가공품, 전분 및 전분제품 제조업
업종 세분류: 곡물 가공품 제조업
업종 세세분류 및 활동명: 곡물 제분업
연계 KSIC 11차 코드: 10512
연계 KSIC 11차 분류명: 곡물 제분업
주요 연계 KSIC 코드: 10512
주요 연계 KSIC 분류명: 곡물 제분업"
153104,C,제조업,15,식료품 제조업,153,동물용 사료 및 조제식품 제조업,1531,동물용 사료 및 조제식품 제조업,반려동물용 사료 제조업 | 단미사료 및 기타 사료 제조업,10901 | 10903,반려동물용 사료 제조업 | 단미사료 및 기타 사료 제조업,,,,사료절단 분쇄,2,"업종코드: 153104
업종 대분류: 제조업
업종 중분류: 식료품 제조업
업종 소분류: 동물용 사료 및 조제식품 제조업
업종 세분류: 동물용 사료 및 조제식품 제조업
업종 세세분류 및 활동명: 반려동물용 사료 제조업 | 단미사료 및 기타 사료 제조업
연계 KSIC 11차 코드: 10901 | 10903
연계 KSIC 11차 분류명: 반려동물용 사료 제조업 | 단미사료 및 기타 사료 제조업
세부설명: 사료절단 분쇄"
153105,C,제조업,15,식료품 제조업,153,"곡물 가공품, 전분 및 전분제품 제조업",1531,전분제품 및 당류 제조업,전분제품 및 당류 제조업,10520,전분제품 및 당류 제조업,10520,전분제품 및 당류 제조업,2,전분 및 전분제품,1,"업종코드: 153105
업종 대분류: 제조업
업종 중분류: 식료품 제조업
업종 소분류: 곡물 가공품, 전분 및 전분제품 제조업
업종 세분류: 전분제품 및 당류 제조업
업종 세세분류 및 활동명: 전분제품 및 당류 제조업
연계 KSIC 11차 코드: 10520
연계 KSIC 11차 분류명: 전분제품 및 당류 제조업
주요 연계 KSIC 코드: 10520
주요 연계 KSIC 분류명: 전분제품 및 당류 제조업
세부설명: 전분 및 전분제품"
153106,C,제조업,15,식료품 제조업,153,"곡물 가공품, 전분 및 전분제품 제조업",1531,곡물 가공품 제조업,곡물 혼합 분말 및 반죽 제조업,10513,곡물 혼합 분말 및 반죽 제조업,,,,,1,"업종코드: 153106
업종 대분류: 제조업
업종 중분류: 식료품 제조업
업종 소분류: 곡물 가공품, 전분 및 전분제품 제조업
업종 세분류: 곡물 가공품 제조업
업종 세세분류 및 활동명: 곡물 혼합 분말 및 반죽 제조업
연계 KSIC 11차 코드: 10513
연계 KSIC 11차 분류명: 곡물 혼합 분말 및 반죽 제조업"
153107,C,제조업,15,식료품 제조업,153,도시락 및 식사용 조리식품 제조업,1531,도시락 및 식사용 조리식품 제조업,도시락류 제조업,10701,도시락류 제조업,,,,,1,"업종코드: 153107
업종 대분류: 제조업
업종 중분류: 식료품 제조업
업종 소분류: 도시락 및 식사용 조리식품 제조업
업종 세분류: 도시락 및 식사용 조리식품 제조업
업종 세세분류 및 활동명: 도시락류 제조업
연계 KSIC 11차 코드: 10701
연계 KSIC 11차 분류명: 도시락류 제조업"
153202,C,제조업,15,식료품 제조업,153,"곡물 가공품, 전분 및 전분제품 제조업",1532,전분제품 및 당류 제조업,전분제품 및 당류 제조업,10520,전분제품 및 당류 제조업,10520,전분제품 및 당류 제조업,2,당류,1,"업종코드: 153202
업종 대분류: 제조업
업종 중분류: 식료품 제조업
업종 소분류: 곡물 가공품, 전분 및 전분제품 제조업
업종 세분류: 전분제품 및 당류 제조업
업종 세세분류 및 활동명: 전분제품 및 당류 제조업
연계 KSIC 11차 코드: 10520
연계 KSIC 11차 분류명: 전분제품 및 당류 제조업
주요 연계 KSIC 코드: 10520
주요 연계 KSIC 분류명: 전분제품 및 당류 제조업
세부설명: 당류"
153300,C,제조업,15,식료품 제조업,153,동물용 사료 및 조제식품 제조업,1533,동물용 사료 및 조제식품 제조업,반려동물용 사료 제조업 | 배합 사료 제조업,10901 | 10902,반려동물용 사료 제조업 | 배합사료 제조업,,,,,2,"업종코드: 153300
업종 대분류: 제조업
업종 중분류: 식료품 제조업
업종 소분류: 동물용 사료 및 조제식품 제조업
업종 세분류: 동물용 사료 및 조제식품 제조업
업종 세세분류 및 활동명: 반려동물용 사료 제조업 | 배합 사료 제조업
연계 KSIC 11차 코드: 10901 | 10902
연계 KSIC 11차 분류명: 반려동물용 사료 제조업 | 배합사료 제조업"
153301,C,제조업,15,식료품 제조업,153,동물용 사료 및 조제식품 제조업,1533,동물용 사료 및 조제식품 제조업,반려동물용 사료 제조업 | 단미사료 및 기타 사료 제조업,10901 | 10903,반려동물용 사료 제조업 | 단미사료 및 기타 사료 제조업,10903,단미사료 및 기타 사료 제조업,1,,2,"업종코드: 153301
업종 대분류: 제조업
업종 중분류: 식료품 제조업
업종 소분류: 동물용 사료 및 조제식품 제조업
업종 세분류: 동물용 사료 및 조제식품 제조업
업종 세세분류 및 활동명: 반려동물용 사료 제조업 | 단미사료 및 기타 사료 제조업
연계 KSIC 11차 코드: 10901 | 10903
연계 KSIC 11차 분류명: 반려동물용 사료 제조업 | 단미사료 및 기타 사료 제조업
주요 연계 KSIC 코드: 10903
주요 연계 KSIC 분류명: 단미사료 및 기타 사료 제조업"
154101,C,제조업,15,식료품 제조업,154,"떡, 빵 및 과자류 제조업",1541,"떡, 빵 및 과자류 제조업",떡류 제조업,10601,떡류 제조업,,,,,1,"업종코드: 154101
업종 대분류: 제조업
업종 중분류: 식료품 제조업
업종 소분류: 떡, 빵 및 과자류 제조업
업종 세분류: 떡, 빵 및 과자류 제조업
업종 세세분류 및 활동명: 떡류 제조업
연계 KSIC 11차 코드: 10601
연계 KSIC 11차 분류명: 떡류 제조업"
154102,C,제조업,15,식료품 제조업,154,"떡, 빵 및 과자류 제조업",1541,"떡, 빵 및 과자류 제조업",과자류 및 코코아 제품 제조업,10603,과자류 및 코코아 제품 제조업,,,,,1,"업종코드: 154102
업종 대분류: 제조업
업종 중분류: 식료품 제조업
업종 소분류: 떡, 빵 및 과자류 제조업
업종 세분류: 떡, 빵 및 과자류 제조업
업종 세세분류 및 활동명: 과자류 및 코코아 제품 제조업
연계 KSIC 11차 코드: 10603
연계 KSIC 11차 분류명: 과자류 및 코코아 제품 제조업"
154103,C,제조업,15,식료품 제조업,154,도시락 및 식사용 조리식품 제조업,1541,도시락 및 식사용 조리식품 제조업,기타 식사용 가공처리 조리식품 제조업,10709,기타 식사용 가공처리 조리식품 제조업,,,,,1,"업종코드: 154103
업종 대분류: 제조업
업종 중분류: 식료품 제조업
업종 소분류: 도시락 및 식사용 조리식품 제조업
업종 세분류: 도시락 및 식사용 조리식품 제조업
업종 세세분류 및 활동명: 기타 식사용 가공처리 조리식품 제조업
연계 KSIC 11차 코드: 10709
연계 KSIC 11차 분류명: 기타 식사용 가공처리 조리식품 제조업"
154104,C,제조업,15,식료품 제조업,154,"떡, 빵 및 과자류 제조업",1541,"떡, 빵 및 과자류 제조업",빵류 제조업,10602,빵류 제조업,,,,,1,"업종코드: 154104
업종 대분류: 제조업
업종 중분류: 식료품 제조업
업종 소분류: 떡, 빵 및 과자류 제조업
업종 세분류: 떡, 빵 및 과자류 제조업
업종 세세분류 및 활동명: 빵류 제조업
연계 KSIC 11차 코드: 10602
연계 KSIC 11차 분류명: 빵류 제조업"
154200,C,제조업,15,식료품 제조업,154,기타 식품 제조업,1542,설탕 제조업,설탕 제조업,10810,설탕 제조업,,,,,1,"업종코드: 154200
업종 대분류: 제조업
업종 중분류: 식료품 제조업
업종 소분류: 기타 식품 제조업
업종 세분류: 설탕 제조업
업종 세세분류 및 활동명: 설탕 제조업
연계 KSIC 11차 코드: 10810
연계 KSIC 11차 분류명: 설탕 제조업"
154400,C,제조업,15,식료품 제조업,154,기타 식품 제조업,1544,"면류, 마카로니 및 유사 식품 제조업","면류, 마카로니 및 유사 식품 제조업",10820,"면류, 마카로니 및 유사 식품 제조업",,,,,1,"업종코드: 154400
업종 대분류: 제조업
업종 중분류: 식료품 제조업
업종 소분류: 기타 식품 제조업
업종 세분류: 면류, 마카로니 및 유사 식품 제조업
업종 세세분류 및 활동명: 면류, 마카로니 및 유사 식품 제조업
연계 KSIC 11차 코드: 10820
연계 KSIC 11차 분류명: 면류, 마카로니 및 유사 식품 제조업"
154501,C,제조업,15,식료품 제조업,154,기타 식품 제조업,1545,조미료 및 식품 첨가물 제조업,천연 및 혼합 조제 조미료 제조업,10832,천연 및 혼합 조제 조미료 제조업,,,,,1,"업종코드: 154501
업종 대분류: 제조업
업종 중분류: 식료품 제조업
업종 소분류: 기타 식품 제조업
업종 세분류: 조미료 및 식품 첨가물 제조업
업종 세세분류 및 활동명: 천연 및 혼합 조제 조미료 제조업
연계 KSIC 11차 코드: 10832
연계 KSIC 11차 분류명: 천연 및 혼합 조제 조미료 제조업"
154502,C,제조업,15,식료품 제조업,154,기타 식품 제조업,1545,조미료 및 식품 첨가물 제조업,장류 제조업,10833,장류 제조업,,,,,1,"업종코드: 154502
업종 대분류: 제조업
업종 중분류: 식료품 제조업
업종 소분류: 기타 식품 제조업
업종 세분류: 조미료 및 식품 첨가물 제조업
업종 세세분류 및 활동명: 장류 제조업
연계 KSIC 11차 코드: 10833
연계 KSIC 11차 분류명: 장류 제조업"
154503,C,제조업,15,식료품 제조업,154,기타 식품 제조업,1545,조미료 및 식품 첨가물 제조업,"식초, 발효 및 화학 조미료 제조업",10831,"식초, 발효 및 화학 조미료 제조업",,,,,1,"업종코드: 154503
업종 대분류: 제조업
업종 중분류: 식료품 제조업
업종 소분류: 기타 식품 제조업
업종 세분류: 조미료 및 식품 첨가물 제조업
업종 세세분류 및 활동명: 식초, 발효 및 화학 조미료 제조업
연계 KSIC 11차 코드: 10831
연계 KSIC 11차 분류명: 식초, 발효 및 화학 조미료 제조업"
154509,C,제조업,15,식료품 제조업,154,기타 식품 제조업,1545,조미료 및 식품 첨가물 제조업,기타 식품 첨가물 제조업,10839,기타 식품 첨가물 제조업,,,,,1,"업종코드: 154509
업종 대분류: 제조업
업종 중분류: 식료품 제조업
업종 소분류: 기타 식품 제조업
업종 세분류: 조미료 및 식품 첨가물 제조업
업종 세세분류 및 활동명: 기타 식품 첨가물 제조업
연계 KSIC 11차 코드: 10839
연계 KSIC 11차 분류명: 기타 식품 첨가물 제조업"
154801,C,제조업,15,식료품 제조업,154,"곡물 가공품, 전분 및 전분제품 제조업",1548,곡물 가공품 제조업,곡물 도정업,10511,곡물 도정업,,,,임가공,1,"업종코드: 154801
업종 대분류: 제조업
업종 중분류: 식료품 제조업
업종 소분류: 곡물 가공품, 전분 및 전분제품 제조업
업종 세분류: 곡물 가공품 제조업
업종 세세분류 및 활동명: 곡물 도정업
연계 KSIC 11차 코드: 10511
연계 KSIC 11차 분류명: 곡물 도정업
세부설명: 임가공"
154802,C,제조업,15,식료품 제조업,154,"곡물 가공품, 전분 및 전분제품 제조업",1548,곡물 가공품 제조업,곡물 제분업,10512,곡물 제분업,,,,떡방앗간,1,"업종코드: 154802
업종 대분류: 제조업
업종 중분류: 식료품 제조업
업종 소분류: 곡물 가공품, 전분 및 전분제품 제조업
업종 세분류: 곡물 가공품 제조업
업종 세세분류 및 활동명: 곡물 제분업
연계 KSIC 11차 코드: 10512
연계 KSIC 11차 분류명: 곡물 제분업
세부설명: 떡방앗간"
154803,C,제조업,15,식료품 제조업,154,"도축, 육류 가공 및 저장 처리업",1548,도축업,육류 도축업(가금류 제외) | 가금류 도축업,10111 | 10112,육류 도축업(가금류 제외) | 가금류 도축업,,,,임가공,2,"업종코드: 154803
업종 대분류: 제조업
업종 중분류: 식료품 제조업
업종 소분류: 도축, 육류 가공 및 저장 처리업
업종 세분류: 도축업
업종 세세분류 및 활동명: 육류 도축업(가금류 제외) | 가금류 도축업
연계 KSIC 11차 코드: 10111 | 10112
연계 KSIC 11차 분류명: 육류 도축업(가금류 제외) | 가금류 도축업
세부설명: 임가공"
154804,C,제조업,15,식료품 제조업,154,"도축, 육류 가공 및 저장 처리업 | 수산물 가공 및 저장 처리업 | 과실, 채소 가공 및 저장 처리업",1548,"육류 가공 및 저장 처리업 | 수산동물 가공 및 저장 처리업 | 과실, 채소 가공 및 저장 처리업",가금류 가공 및 저장 처리업 | 육류 포장육 및 냉동육 가공업(가금류 제외) | 수산동물 냉동품 제조업 | 기타 과실ㆍ채소 가공 및 저장 처리업,10121 | 10122 | 10213 | 10309,가금류 가공 및 저장 처리업 | 육류 포장육 및 냉동육 가공업(가금류 제외) | 수산동물 냉동품 제조업 | 기타 과실ㆍ채소 가공 및 저장 처리업,,,,임가공(가금류 냉동) | 임가공(육류 가공냉동) | 임가공(수산물 및 가공식품냉동) | 임가공(과실 및 채소 냉동),4,"업종코드: 154804
업종 대분류: 제조업
업종 중분류: 식료품 제조업
업종 소분류: 도축, 육류 가공 및 저장 처리업 | 수산물 가공 및 저장 처리업 | 과실, 채소 가공 및 저장 처리업
업종 세분류: 육류 가공 및 저장 처리업 | 수산동물 가공 및 저장 처리업 | 과실, 채소 가공 및 저장 처리업
업종 세세분류 및 활동명: 가금류 가공 및 저장 처리업 | 육류 포장육 및 냉동육 가공업(가금류 제외) | 수산동물 냉동품 제조업 | 기타 과실ㆍ채소 가공 및 저장 처리업
연계 KSIC 11차 코드: 10121 | 10122 | 10213 | 10309
연계 KSIC 11차 분류명: 가금류 가공 및 저장 처리업 | 육류 포장육 및 냉동육 가공업(가금류 제외) | 수산동물 냉동품 제조업 | 기타 과실ㆍ채소 가공 및 저장 처리업
세부설명: 임가공(가금류 냉동) | 임가공(육류 가공냉동) | 임가공(수산물 및 가공식품냉동) | 임가공(과실 및 채소 냉동)"
154805,C,제조업,15,식료품 제조업,154,"동ㆍ식물성 유지 및 낙농제품 제조업 | 수산물 가공 및 저장 처리업 | 과실, 채소 가공 및 저장 처리업 | 곡물 가공품, 전분 및 전분제품 제조업 | 기타 식품 제조업",1548,"동물성 및 식물성 유지 제조업 | 수산동물 가공 및 저장 처리업 | 수산식물 가공 및 저장 처리업 | 과실, 채소 가공 및 저장 처리업 | 곡물 가공품 제조업 | 기타 식료품 제조업",동물성 유지 제조업 | 식물성 유지 제조업 | 수산동물 건조 및 염장품 제조업 | 수산식물 가공 및 저장 처리업 | 기타 과실ㆍ채소 가공 및 저장 처리업 | 기타 곡물 가공품 제조업 | 건강 보조용 액화식품 제조업,10411 | 10412 | 10212 | 10220 | 10309 | 10519 | 10896,동물성 유지 제조업 | 식물성 유지 제조업 | 수산동물 건조 및 염장품 제조업 | 수산식물 가공 및 저장 처리업 | 기타 과실ㆍ채소 가공 및 저장 처리업 | 기타 곡물 가공품 제조업 | 건강 보조용 액화식품 제조업,,,,"임가공(동물성 유지 원료의 착유) | 임가공(식물성 유지 원료의 착유) | 임가공(어류, 염장품) | 임가공(해조류 건조품) | 임가공(과실 및 채소 건조식품) | 임가공(튀김 곡물) | 임가공(한약 및 건강식품 액화처리)",7,"업종코드: 154805
업종 대분류: 제조업
업종 중분류: 식료품 제조업
업종 소분류: 동ㆍ식물성 유지 및 낙농제품 제조업 | 수산물 가공 및 저장 처리업 | 과실, 채소 가공 및 저장 처리업 | 곡물 가공품, 전분 및 전분제품 제조업 | 기타 식품 제조업
업종 세분류: 동물성 및 식물성 유지 제조업 | 수산동물 가공 및 저장 처리업 | 수산식물 가공 및 저장 처리업 | 과실, 채소 가공 및 저장 처리업 | 곡물 가공품 제조업 | 기타 식료품 제조업
업종 세세분류 및 활동명: 동물성 유지 제조업 | 식물성 유지 제조업 | 수산동물 건조 및 염장품 제조업 | 수산식물 가공 및 저장 처리업 | 기타 과실ㆍ채소 가공 및 저장 처리업 | 기타 곡물 가공품 제조업 | 건강 보조용 액화식품 제조업
연계 KSIC 11차 코드: 10411 | 10412 | 10212 | 10220 | 10309 | 10519 | 10896
연계 KSIC 11차 분류명: 동물성 유지 제조업 | 식물성 유지 제조업 | 수산동물 건조 및 염장품 제조업 | 수산식물 가공 및 저장 처리업 | 기타 과실ㆍ채소 가공 및 저장 처리업 | 기타 곡물 가공품 제조업 | 건강 보조용 액화식품 제조업
세부설명: 임가공(동물성 유지 원료의 착유) | 임가공(식물성 유지 원료의 착유) | 임가공(어류, 염장품) | 임가공(해조류 건조품) | 임가공(과실 및 채소 건조식품) | 임가공(튀김 곡물) | 임가공(한약 및 건강식품 액화처리)"
154806,C,제조업,15,식료품 제조업,154,"곡물 가공품, 전분 및 전분제품 제조업",1548,곡물 가공품 제조업,곡물 제분업,10512,곡물 제분업,,,,임가공,1,"업종코드: 154806
업종 대분류: 제조업
업종 중분류: 식료품 제조업
업종 소분류: 곡물 가공품, 전분 및 전분제품 제조업
업종 세분류: 곡물 가공품 제조업
업종 세세분류 및 활동명: 곡물 제분업
연계 KSIC 11차 코드: 10512
연계 KSIC 11차 분류명: 곡물 제분업
세부설명: 임가공"
154901,C,제조업,15,식료품 제조업,154,기타 식품 제조업,1549,기타 식료품 제조업,커피 가공업,10891,커피 가공업,,,,,1,"업종코드: 154901
업종 대분류: 제조업
업종 중분류: 식료품 제조업
업종 소분류: 기타 식품 제조업
업종 세분류: 기타 식료품 제조업
업종 세세분류 및 활동명: 커피 가공업
연계 KSIC 11차 코드: 10891
연계 KSIC 11차 분류명: 커피 가공업"
154902,C,제조업,15,식료품 제조업,154,기타 식품 제조업,1549,기타 식료품 제조업,두부 및 유사 식품 제조업,10894,두부 및 유사 식품 제조업,,,,,1,"업종코드: 154902
업종 대분류: 제조업
업종 중분류: 식료품 제조업
업종 소분류: 기타 식품 제조업
업종 세분류: 기타 식료품 제조업
업종 세세분류 및 활동명: 두부 및 유사 식품 제조업
연계 KSIC 11차 코드: 10894
연계 KSIC 11차 분류명: 두부 및 유사 식품 제조업"
154903,C,제조업,15,식료품 제조업,154,기타 식품 제조업,1549,기타 식료품 제조업,건강 보조용 액화식품 제조업,10896,건강 보조용 액화식품 제조업,10896,건강 보조용 액화식품 제조업,1,,1,"업종코드: 154903
업종 대분류: 제조업
업종 중분류: 식료품 제조업
업종 소분류: 기타 식품 제조업
업종 세분류: 기타 식료품 제조업
업종 세세분류 및 활동명: 건강 보조용 액화식품 제조업
연계 KSIC 11차 코드: 10896
연계 KSIC 11차 분류명: 건강 보조용 액화식품 제조업
주요 연계 KSIC 코드: 10896
주요 연계 KSIC 분류명: 건강 보조용 액화식품 제조업"
154904,C,제조업,15,식료품 제조업,154,수산물 가공 및 저장 처리업,1549,수산식물 가공 및 저장 처리업,수산식물 가공 및 저장 처리업,10220,수산식물 가공 및 저장 처리업,10220,수산식물 가공 및 저장 처리업,1,,1,"업종코드: 154904
업종 대분류: 제조업
업종 중분류: 식료품 제조업
업종 소분류: 수산물 가공 및 저장 처리업
업종 세분류: 수산식물 가공 및 저장 처리업
업종 세세분류 및 활동명: 수산식물 가공 및 저장 처리업
연계 KSIC 11차 코드: 10220
연계 KSIC 11차 분류명: 수산식물 가공 및 저장 처리업
주요 연계 KSIC 코드: 10220
주요 연계 KSIC 분류명: 수산식물 가공 및 저장 처리업"
154905,C,제조업,15,식료품 제조업,154,기타 식품 제조업,1549,기타 식료품 제조업,차류 가공업,10892,차류 가공업,,,,,1,"업종코드: 154905
업종 대분류: 제조업
업종 중분류: 식료품 제조업
업종 소분류: 기타 식품 제조업
업종 세분류: 기타 식료품 제조업
업종 세세분류 및 활동명: 차류 가공업
연계 KSIC 11차 코드: 10892
연계 KSIC 11차 분류명: 차류 가공업"
154906,C,제조업,15,식료품 제조업,154,기타 식품 제조업,1549,기타 식료품 제조업,인삼식품 제조업,10895,인삼식품 제조업,,,,,1,"업종코드: 154906
업종 대분류: 제조업
업종 중분류: 식료품 제조업
업종 소분류: 기타 식품 제조업
업종 세분류: 기타 식료품 제조업
업종 세세분류 및 활동명: 인삼식품 제조업
연계 KSIC 11차 코드: 10895
연계 KSIC 11차 분류명: 인삼식품 제조업"
154907,C,제조업,15,식료품 제조업,154,기타 식품 제조업,1549,기타 식료품 제조업,수프 및 균질화식품 제조업,10893,수프 및 균질화식품 제조업,,,,,1,"업종코드: 154907
업종 대분류: 제조업
업종 중분류: 식료품 제조업
업종 소분류: 기타 식품 제조업
업종 세분류: 기타 식료품 제조업
업종 세세분류 및 활동명: 수프 및 균질화식품 제조업
연계 KSIC 11차 코드: 10893
연계 KSIC 11차 분류명: 수프 및 균질화식품 제조업"
154908,C,제조업,15,식료품 제조업,154,기타 식품 제조업,1549,기타 식료품 제조업,건강 기능식품 제조업,10897,건강 기능식품 제조업,,,,,1,"업종코드: 154908
업종 대분류: 제조업
업종 중분류: 식료품 제조업
업종 소분류: 기타 식품 제조업
업종 세분류: 기타 식료품 제조업
업종 세세분류 및 활동명: 건강 기능식품 제조업
연계 KSIC 11차 코드: 10897
연계 KSIC 11차 분류명: 건강 기능식품 제조업"
154909,C,제조업,15,식료품 제조업,154,기타 식품 제조업,1549,기타 식료품 제조업,그 외 기타 식료품 제조업,10899,그 외 기타 식료품 제조업,,,,,1,"업종코드: 154909
업종 대분류: 제조업
업종 중분류: 식료품 제조업
업종 소분류: 기타 식품 제조업
업종 세분류: 기타 식료품 제조업
업종 세세분류 및 활동명: 그 외 기타 식료품 제조업
연계 KSIC 11차 코드: 10899
연계 KSIC 11차 분류명: 그 외 기타 식료품 제조업"
155101,C,제조업,15,음료 제조업,155,알코올 음료 제조업,1551,증류주 및 합성주 제조업,주정 제조업,11121,주정 제조업,,,,,1,"업종코드: 155101
업종 대분류: 제조업
업종 중분류: 음료 제조업
업종 소분류: 알코올 음료 제조업
업종 세분류: 증류주 및 합성주 제조업
업종 세세분류 및 활동명: 주정 제조업
연계 KSIC 11차 코드: 11121
연계 KSIC 11차 분류명: 주정 제조업"
155102,C,제조업,15,음료 제조업,155,알코올 음료 제조업,1551,증류주 및 합성주 제조업,소주 제조업,11122,소주 제조업,,,,,1,"업종코드: 155102
업종 대분류: 제조업
업종 중분류: 음료 제조업
업종 소분류: 알코올 음료 제조업
업종 세분류: 증류주 및 합성주 제조업
업종 세세분류 및 활동명: 소주 제조업
연계 KSIC 11차 코드: 11122
연계 KSIC 11차 분류명: 소주 제조업"
155103,C,제조업,15,음료 제조업,155,알코올 음료 제조업,1551,증류주 및 합성주 제조업,기타 증류주 및 합성주 제조업,11129,기타 증류주 및 합성주 제조업,,,,,1,"업종코드: 155103
업종 대분류: 제조업
업종 중분류: 음료 제조업
업종 소분류: 알코올 음료 제조업
업종 세분류: 증류주 및 합성주 제조업
업종 세세분류 및 활동명: 기타 증류주 및 합성주 제조업
연계 KSIC 11차 코드: 11129
연계 KSIC 11차 분류명: 기타 증류주 및 합성주 제조업"
155201,C,제조업,15,음료 제조업,155,알코올 음료 제조업,1552,발효주 제조업,탁주 및 약주 제조업,11111,탁주 및 약주 제조업,11111,탁주 및 약주 제조업,2,탁주,1,"업종코드: 155201
업종 대분류: 제조업
업종 중분류: 음료 제조업
업종 소분류: 알코올 음료 제조업
업종 세분류: 발효주 제조업
업종 세세분류 및 활동명: 탁주 및 약주 제조업
연계 KSIC 11차 코드: 11111
연계 KSIC 11차 분류명: 탁주 및 약주 제조업
주요 연계 KSIC 코드: 11111
주요 연계 KSIC 분류명: 탁주 및 약주 제조업
세부설명: 탁주"
155202,C,제조업,15,음료 제조업,155,알코올 음료 제조업,1552,발효주 제조업,탁주 및 약주 제조업,11111,탁주 및 약주 제조업,11111,탁주 및 약주 제조업,2,약주,1,"업종코드: 155202
업종 대분류: 제조업
업종 중분류: 음료 제조업
업종 소분류: 알코올 음료 제조업
업종 세분류: 발효주 제조업
업종 세세분류 및 활동명: 탁주 및 약주 제조업
연계 KSIC 11차 코드: 11111
연계 KSIC 11차 분류명: 탁주 및 약주 제조업
주요 연계 KSIC 코드: 11111
주요 연계 KSIC 분류명: 탁주 및 약주 제조업
세부설명: 약주"
155203,C,제조업,15,음료 제조업,155,알코올 음료 제조업,1552,발효주 제조업,기타 발효주 제조업,11119,기타 발효주 제조업,,,,,1,"업종코드: 155203
업종 대분류: 제조업
업종 중분류: 음료 제조업
업종 소분류: 알코올 음료 제조업
업종 세분류: 발효주 제조업
업종 세세분류 및 활동명: 기타 발효주 제조업
연계 KSIC 11차 코드: 11119
연계 KSIC 11차 분류명: 기타 발효주 제조업"
155300,C,제조업,15,음료 제조업,155,알코올 음료 제조업,1553,발효주 제조업,맥아 및 맥주 제조업,11112,맥아 및 맥주 제조업,,,,,1,"업종코드: 155300
업종 대분류: 제조업
업종 중분류: 음료 제조업
업종 소분류: 알코올 음료 제조업
업종 세분류: 발효주 제조업
업종 세세분류 및 활동명: 맥아 및 맥주 제조업
연계 KSIC 11차 코드: 11112
연계 KSIC 11차 분류명: 맥아 및 맥주 제조업"
155401,C,제조업,15,음료 제조업,155,비알코올 음료 및 얼음 제조업,1554,비알코올 음료 및 얼음 제조업,기타 비알코올 음료 제조업,11209,기타 비알코올 음료 제조업,,,,탄산음료,1,"업종코드: 155401
업종 대분류: 제조업
업종 중분류: 음료 제조업
업종 소분류: 비알코올 음료 및 얼음 제조업
업종 세분류: 비알코올 음료 및 얼음 제조업
업종 세세분류 및 활동명: 기타 비알코올 음료 제조업
연계 KSIC 11차 코드: 11209
연계 KSIC 11차 분류명: 기타 비알코올 음료 제조업
세부설명: 탄산음료"
155402,C,제조업,15,음료 제조업,155,비알코올 음료 및 얼음 제조업,1554,비알코올 음료 및 얼음 제조업,기타 비알코올 음료 제조업,11209,기타 비알코올 음료 제조업,11209,기타 비알코올 음료 제조업,1,,1,"업종코드: 155402
업종 대분류: 제조업
업종 중분류: 음료 제조업
업종 소분류: 비알코올 음료 및 얼음 제조업
업종 세분류: 비알코올 음료 및 얼음 제조업
업종 세세분류 및 활동명: 기타 비알코올 음료 제조업
연계 KSIC 11차 코드: 11209
연계 KSIC 11차 분류명: 기타 비알코올 음료 제조업
주요 연계 KSIC 코드: 11209
주요 연계 KSIC 분류명: 기타 비알코올 음료 제조업"
155403,C,제조업,15,음료 제조업,155,비알코올 음료 및 얼음 제조업,1554,비알코올 음료 및 얼음 제조업,생수 생산업,11202,생수 생산업,,,,,1,"업종코드: 155403
업종 대분류: 제조업
업종 중분류: 음료 제조업
업종 소분류: 비알코올 음료 및 얼음 제조업
업종 세분류: 비알코올 음료 및 얼음 제조업
업종 세세분류 및 활동명: 생수 생산업
연계 KSIC 11차 코드: 11202
연계 KSIC 11차 분류명: 생수 생산업"
155404,C,제조업,15,음료 제조업,155,비알코올 음료 및 얼음 제조업,1554,비알코올 음료 및 얼음 제조업,얼음 제조업,11201,얼음 제조업,,,,,1,"업종코드: 155404
업종 대분류: 제조업
업종 중분류: 음료 제조업
업종 소분류: 비알코올 음료 및 얼음 제조업
업종 세분류: 비알코올 음료 및 얼음 제조업
업종 세세분류 및 활동명: 얼음 제조업
연계 KSIC 11차 코드: 11201
연계 KSIC 11차 분류명: 얼음 제조업"
160000,C,제조업,16,담배 제조업,160,담배 제조업,1600,담배 제조업,담배제품 제조업,12000,담배제품 제조업,,,,,1,"업종코드: 160000
업종 대분류: 제조업
업종 중분류: 담배 제조업
업종 소분류: 담배 제조업
업종 세분류: 담배 제조업
업종 세세분류 및 활동명: 담배제품 제조업
연계 KSIC 11차 코드: 12000
연계 KSIC 11차 분류명: 담배제품 제조업"
171101,C,제조업,17,섬유제품 제조업; 의복 제외,171,방적 및 가공사 제조업,1711,방적 및 가공사 제조업,화학섬유 방적업,13103,화학섬유 방적업,,,,"인견사, 아세테이드사",1,"업종코드: 171101
업종 대분류: 제조업
업종 중분류: 섬유제품 제조업; 의복 제외
업종 소분류: 방적 및 가공사 제조업
업종 세분류: 방적 및 가공사 제조업
업종 세세분류 및 활동명: 화학섬유 방적업
연계 KSIC 11차 코드: 13103
연계 KSIC 11차 분류명: 화학섬유 방적업
세부설명: 인견사, 아세테이드사"
171102,C,제조업,17,섬유제품 제조업; 의복 제외,171,방적 및 가공사 제조업,1711,방적 및 가공사 제조업,면 방적업,13101,면 방적업,,,,,1,"업종코드: 171102
업종 대분류: 제조업
업종 중분류: 섬유제품 제조업; 의복 제외
업종 소분류: 방적 및 가공사 제조업
업종 세분류: 방적 및 가공사 제조업
업종 세세분류 및 활동명: 면 방적업
연계 KSIC 11차 코드: 13101
연계 KSIC 11차 분류명: 면 방적업"
171104,C,제조업,17,섬유제품 제조업; 의복 제외,171,방적 및 가공사 제조업,1711,방적 및 가공사 제조업,모 방적업,13102,모 방적업,,,,,1,"업종코드: 171104
업종 대분류: 제조업
업종 중분류: 섬유제품 제조업; 의복 제외
업종 소분류: 방적 및 가공사 제조업
업종 세분류: 방적 및 가공사 제조업
업종 세세분류 및 활동명: 모 방적업
연계 KSIC 11차 코드: 13102
연계 KSIC 11차 분류명: 모 방적업"
171105,C,제조업,17,섬유제품 제조업; 의복 제외,171,방적 및 가공사 제조업,1711,방적 및 가공사 제조업,연사 및 가공사 제조업,13104,연사 및 가공사 제조업,13104,연사 및 가공사 제조업,1,,1,"업종코드: 171105
업종 대분류: 제조업
업종 중분류: 섬유제품 제조업; 의복 제외
업종 소분류: 방적 및 가공사 제조업
업종 세분류: 방적 및 가공사 제조업
업종 세세분류 및 활동명: 연사 및 가공사 제조업
연계 KSIC 11차 코드: 13104
연계 KSIC 11차 분류명: 연사 및 가공사 제조업
주요 연계 KSIC 코드: 13104
주요 연계 KSIC 분류명: 연사 및 가공사 제조업"
171106,C,제조업,17,섬유제품 제조업; 의복 제외,171,방적 및 가공사 제조업,1711,방적 및 가공사 제조업,화학섬유 방적업,13103,화학섬유 방적업,,,,나일론사,1,"업종코드: 171106
업종 대분류: 제조업
업종 중분류: 섬유제품 제조업; 의복 제외
업종 소분류: 방적 및 가공사 제조업
업종 세분류: 방적 및 가공사 제조업
업종 세세분류 및 활동명: 화학섬유 방적업
연계 KSIC 11차 코드: 13103
연계 KSIC 11차 분류명: 화학섬유 방적업
세부설명: 나일론사"
171107,C,제조업,17,섬유제품 제조업; 의복 제외,171,방적 및 가공사 제조업,1711,방적 및 가공사 제조업,화학섬유 방적업,13103,화학섬유 방적업,,,,PVC사류,1,"업종코드: 171107
업종 대분류: 제조업
업종 중분류: 섬유제품 제조업; 의복 제외
업종 소분류: 방적 및 가공사 제조업
업종 세분류: 방적 및 가공사 제조업
업종 세세분류 및 활동명: 화학섬유 방적업
연계 KSIC 11차 코드: 13103
연계 KSIC 11차 분류명: 화학섬유 방적업
세부설명: PVC사류"
171108,C,제조업,17,섬유제품 제조업; 의복 제외,171,방적 및 가공사 제조업,1711,방적 및 가공사 제조업,화학섬유 방적업,13103,화학섬유 방적업,13103,화학섬유 방적업,1,,1,"업종코드: 171108
업종 대분류: 제조업
업종 중분류: 섬유제품 제조업; 의복 제외
업종 소분류: 방적 및 가공사 제조업
업종 세분류: 방적 및 가공사 제조업
업종 세세분류 및 활동명: 화학섬유 방적업
연계 KSIC 11차 코드: 13103
연계 KSIC 11차 분류명: 화학섬유 방적업
주요 연계 KSIC 코드: 13103
주요 연계 KSIC 분류명: 화학섬유 방적업"
171109,C,제조업,17,섬유제품 제조업; 의복 제외,171,직물 직조 및 직물제품 제조업,1711,직물 직조업,화학섬유직물 직조업,13213,화학섬유직물 직조업,,,,,1,"업종코드: 171109
업종 대분류: 제조업
업종 중분류: 섬유제품 제조업; 의복 제외
업종 소분류: 직물 직조 및 직물제품 제조업
업종 세분류: 직물 직조업
업종 세세분류 및 활동명: 화학섬유직물 직조업
연계 KSIC 11차 코드: 13213
연계 KSIC 11차 분류명: 화학섬유직물 직조업"
171110,C,제조업,17,섬유제품 제조업; 의복 제외,171,방적 및 가공사 제조업,1711,방적 및 가공사 제조업,기타 방적업,13109,기타 방적업,,,,"생사, 견방적사",1,"업종코드: 171110
업종 대분류: 제조업
업종 중분류: 섬유제품 제조업; 의복 제외
업종 소분류: 방적 및 가공사 제조업
업종 세분류: 방적 및 가공사 제조업
업종 세세분류 및 활동명: 기타 방적업
연계 KSIC 11차 코드: 13109
연계 KSIC 11차 분류명: 기타 방적업
세부설명: 생사, 견방적사"
171112,C,제조업,17,섬유제품 제조업; 의복 제외,171,직물 직조 및 직물제품 제조업,1711,직물 직조업,모직물 직조업,13212,모직물 직조업,,,,,1,"업종코드: 171112
업종 대분류: 제조업
업종 중분류: 섬유제품 제조업; 의복 제외
업종 소분류: 직물 직조 및 직물제품 제조업
업종 세분류: 직물 직조업
업종 세세분류 및 활동명: 모직물 직조업
연계 KSIC 11차 코드: 13212
연계 KSIC 11차 분류명: 모직물 직조업"
171114,C,제조업,17,섬유제품 제조업; 의복 제외,171,방적 및 가공사 제조업,1711,방적 및 가공사 제조업,기타 방적업,13109,기타 방적업,13109,기타 방적업,1,,1,"업종코드: 171114
업종 대분류: 제조업
업종 중분류: 섬유제품 제조업; 의복 제외
업종 소분류: 방적 및 가공사 제조업
업종 세분류: 방적 및 가공사 제조업
업종 세세분류 및 활동명: 기타 방적업
연계 KSIC 11차 코드: 13109
연계 KSIC 11차 분류명: 기타 방적업
주요 연계 KSIC 코드: 13109
주요 연계 KSIC 분류명: 기타 방적업"
171115,C,제조업,17,섬유제품 제조업; 의복 제외,171,직물 직조 및 직물제품 제조업,1711,직물 직조업,면직물 직조업,13211,면직물 직조업,,,,,1,"업종코드: 171115
업종 대분류: 제조업
업종 중분류: 섬유제품 제조업; 의복 제외
업종 소분류: 직물 직조 및 직물제품 제조업
업종 세분류: 직물 직조업
업종 세세분류 및 활동명: 면직물 직조업
연계 KSIC 11차 코드: 13211
연계 KSIC 11차 분류명: 면직물 직조업"
171116,C,제조업,17,섬유제품 제조업; 의복 제외,171,직물 직조 및 직물제품 제조업,1711,직물 직조업,특수직물 및 기타 직물 직조업,13219,특수직물 및 기타 직물 직조업,13219,특수직물 및 기타 직물 직조업,1,,1,"업종코드: 171116
업종 대분류: 제조업
업종 중분류: 섬유제품 제조업; 의복 제외
업종 소분류: 직물 직조 및 직물제품 제조업
업종 세분류: 직물 직조업
업종 세세분류 및 활동명: 특수직물 및 기타 직물 직조업
연계 KSIC 11차 코드: 13219
연계 KSIC 11차 분류명: 특수직물 및 기타 직물 직조업
주요 연계 KSIC 코드: 13219
주요 연계 KSIC 분류명: 특수직물 및 기타 직물 직조업"
171200,C,제조업,17,섬유제품 제조업; 의복 제외,171,"섬유제품 염색, 정리 및 마무리 가공업",1712,"섬유제품 염색, 정리 및 마무리 가공업","직물, 편조 원단 및 의복류 염색 가공업",13402,"직물, 편조 원단 및 의복류 염색 가공업",13402,"직물, 편조 원단 및 의복류 염색 가공업",1,,1,"업종코드: 171200
업종 대분류: 제조업
업종 중분류: 섬유제품 제조업; 의복 제외
업종 소분류: 섬유제품 염색, 정리 및 마무리 가공업
업종 세분류: 섬유제품 염색, 정리 및 마무리 가공업
업종 세세분류 및 활동명: 직물, 편조 원단 및 의복류 염색 가공업
연계 KSIC 11차 코드: 13402
연계 KSIC 11차 분류명: 직물, 편조 원단 및 의복류 염색 가공업
주요 연계 KSIC 코드: 13402
주요 연계 KSIC 분류명: 직물, 편조 원단 및 의복류 염색 가공업"
171201,C,제조업,17,섬유제품 제조업; 의복 제외,171,"섬유제품 염색, 정리 및 마무리 가공업",1712,"섬유제품 염색, 정리 및 마무리 가공업",솜 및 실 염색 가공업,13401,솜 및 실 염색 가공업,13401,솜 및 실 염색 가공업,1,,1,"업종코드: 171201
업종 대분류: 제조업
업종 중분류: 섬유제품 제조업; 의복 제외
업종 소분류: 섬유제품 염색, 정리 및 마무리 가공업
업종 세분류: 섬유제품 염색, 정리 및 마무리 가공업
업종 세세분류 및 활동명: 솜 및 실 염색 가공업
연계 KSIC 11차 코드: 13401
연계 KSIC 11차 분류명: 솜 및 실 염색 가공업
주요 연계 KSIC 코드: 13401
주요 연계 KSIC 분류명: 솜 및 실 염색 가공업"
171202,C,제조업,17,섬유제품 제조업; 의복 제외,171,"섬유제품 염색, 정리 및 마무리 가공업",1712,"섬유제품 염색, 정리 및 마무리 가공업",날염 가공업,13403,날염 가공업,13403,날염 가공업,1,,1,"업종코드: 171202
업종 대분류: 제조업
업종 중분류: 섬유제품 제조업; 의복 제외
업종 소분류: 섬유제품 염색, 정리 및 마무리 가공업
업종 세분류: 섬유제품 염색, 정리 및 마무리 가공업
업종 세세분류 및 활동명: 날염 가공업
연계 KSIC 11차 코드: 13403
연계 KSIC 11차 분류명: 날염 가공업
주요 연계 KSIC 코드: 13403
주요 연계 KSIC 분류명: 날염 가공업"
171203,C,제조업,17,섬유제품 제조업; 의복 제외,171,"섬유제품 염색, 정리 및 마무리 가공업",1712,"섬유제품 염색, 정리 및 마무리 가공업",섬유제품 기타 정리 및 마무리 가공업,13409,섬유제품 기타 정리 및 마무리 가공업,13409,섬유제품 기타 정리 및 마무리 가공업,1,,1,"업종코드: 171203
업종 대분류: 제조업
업종 중분류: 섬유제품 제조업; 의복 제외
업종 소분류: 섬유제품 염색, 정리 및 마무리 가공업
업종 세분류: 섬유제품 염색, 정리 및 마무리 가공업
업종 세세분류 및 활동명: 섬유제품 기타 정리 및 마무리 가공업
연계 KSIC 11차 코드: 13409
연계 KSIC 11차 분류명: 섬유제품 기타 정리 및 마무리 가공업
주요 연계 KSIC 코드: 13409
주요 연계 KSIC 분류명: 섬유제품 기타 정리 및 마무리 가공업"
172101,C,제조업,17,섬유제품 제조업; 의복 제외,172,직물 직조 및 직물제품 제조업,1721,직물제품 제조업,침구 및 관련제품 제조업,13221,침구 및 관련제품 제조업,,,,,1,"업종코드: 172101
업종 대분류: 제조업
업종 중분류: 섬유제품 제조업; 의복 제외
업종 소분류: 직물 직조 및 직물제품 제조업
업종 세분류: 직물제품 제조업
업종 세세분류 및 활동명: 침구 및 관련제품 제조업
연계 KSIC 11차 코드: 13221
연계 KSIC 11차 분류명: 침구 및 관련제품 제조업"
172102,C,제조업,17,섬유제품 제조업; 의복 제외,172,직물 직조 및 직물제품 제조업,1721,직물제품 제조업,자수제품 및 자수용 재료 제조업,13222,자수제품 및 자수용 재료 제조업,13222,자수제품 및 자수용 재료 제조업,1,,1,"업종코드: 172102
업종 대분류: 제조업
업종 중분류: 섬유제품 제조업; 의복 제외
업종 소분류: 직물 직조 및 직물제품 제조업
업종 세분류: 직물제품 제조업
업종 세세분류 및 활동명: 자수제품 및 자수용 재료 제조업
연계 KSIC 11차 코드: 13222
연계 KSIC 11차 분류명: 자수제품 및 자수용 재료 제조업
주요 연계 KSIC 코드: 13222
주요 연계 KSIC 분류명: 자수제품 및 자수용 재료 제조업"
172103,C,제조업,17,섬유제품 제조업; 의복 제외,172,직물 직조 및 직물제품 제조업,1721,직물제품 제조업,"천막, 텐트 및 유사 제품 제조업",13224,"천막, 텐트 및 유사 제품 제조업",,,,,1,"업종코드: 172103
업종 대분류: 제조업
업종 중분류: 섬유제품 제조업; 의복 제외
업종 소분류: 직물 직조 및 직물제품 제조업
업종 세분류: 직물제품 제조업
업종 세세분류 및 활동명: 천막, 텐트 및 유사 제품 제조업
연계 KSIC 11차 코드: 13224
연계 KSIC 11차 분류명: 천막, 텐트 및 유사 제품 제조업"
172106,C,제조업,17,섬유제품 제조업; 의복 제외,172,직물 직조 및 직물제품 제조업,1721,직물제품 제조업,커튼 및 유사 제품 제조업,13223,커튼 및 유사 제품 제조업,,,,,1,"업종코드: 172106
업종 대분류: 제조업
업종 중분류: 섬유제품 제조업; 의복 제외
업종 소분류: 직물 직조 및 직물제품 제조업
업종 세분류: 직물제품 제조업
업종 세세분류 및 활동명: 커튼 및 유사 제품 제조업
연계 KSIC 11차 코드: 13223
연계 KSIC 11차 분류명: 커튼 및 유사 제품 제조업"
172107,C,제조업,17,섬유제품 제조업; 의복 제외,172,직물 직조 및 직물제품 제조업,1721,직물제품 제조업,직물포대 제조업,13225,직물포대 제조업,,,,,1,"업종코드: 172107
업종 대분류: 제조업
업종 중분류: 섬유제품 제조업; 의복 제외
업종 소분류: 직물 직조 및 직물제품 제조업
업종 세분류: 직물제품 제조업
업종 세세분류 및 활동명: 직물포대 제조업
연계 KSIC 11차 코드: 13225
연계 KSIC 11차 분류명: 직물포대 제조업"
172108,C,제조업,17,자동차 및 트레일러 제조업,172,자동차 신품 부품 제조업,1721,자동차용 기타 신품 부품 제조업,자동차용 신품 의자 제조업,30393,자동차용 신품 의자 제조업,,,,,1,"업종코드: 172108
업종 대분류: 제조업
업종 중분류: 자동차 및 트레일러 제조업
업종 소분류: 자동차 신품 부품 제조업
업종 세분류: 자동차용 기타 신품 부품 제조업
업종 세세분류 및 활동명: 자동차용 신품 의자 제조업
연계 KSIC 11차 코드: 30393
연계 KSIC 11차 분류명: 자동차용 신품 의자 제조업"
172109,C,제조업,17,섬유제품 제조업; 의복 제외,172,직물 직조 및 직물제품 제조업,1721,직물제품 제조업,기타 직물제품 제조업,13229,기타 직물제품 제조업,13229,기타 직물제품 제조업,1,,1,"업종코드: 172109
업종 대분류: 제조업
업종 중분류: 섬유제품 제조업; 의복 제외
업종 소분류: 직물 직조 및 직물제품 제조업
업종 세분류: 직물제품 제조업
업종 세세분류 및 활동명: 기타 직물제품 제조업
연계 KSIC 11차 코드: 13229
연계 KSIC 11차 분류명: 기타 직물제품 제조업
주요 연계 KSIC 코드: 13229
주요 연계 KSIC 분류명: 기타 직물제품 제조업"
172111,C,제조업,17,섬유제품 제조업; 의복 제외,172,직물 직조 및 직물제품 제조업,1721,직물제품 제조업,기타 직물제품 제조업,13229,기타 직물제품 제조업,,,,수건,1,"업종코드: 172111
업종 대분류: 제조업
업종 중분류: 섬유제품 제조업; 의복 제외
업종 소분류: 직물 직조 및 직물제품 제조업
업종 세분류: 직물제품 제조업
업종 세세분류 및 활동명: 기타 직물제품 제조업
연계 KSIC 11차 코드: 13229
연계 KSIC 11차 분류명: 기타 직물제품 제조업
세부설명: 수건"
172200,C,제조업,17,섬유제품 제조업; 의복 제외,172,기타 섬유제품 제조업,1722,"카펫, 마루덮개 및 유사 제품 제조업","카펫, 마루덮개 및 유사 제품 제조업",13910,"카펫, 마루덮개 및 유사 제품 제조업",,,,,1,"업종코드: 172200
업종 대분류: 제조업
업종 중분류: 섬유제품 제조업; 의복 제외
업종 소분류: 기타 섬유제품 제조업
업종 세분류: 카펫, 마루덮개 및 유사 제품 제조업
업종 세세분류 및 활동명: 카펫, 마루덮개 및 유사 제품 제조업
연계 KSIC 11차 코드: 13910
연계 KSIC 11차 분류명: 카펫, 마루덮개 및 유사 제품 제조업"
172300,C,제조업,17,섬유제품 제조업; 의복 제외,172,기타 섬유제품 제조업,1723,"끈, 로프, 망 및 끈 가공품 제조업",어망 및 기타 끈 가공품 제조업,13922,어망 및 기타 끈 가공품 제조업,,,,,1,"업종코드: 172300
업종 대분류: 제조업
업종 중분류: 섬유제품 제조업; 의복 제외
업종 소분류: 기타 섬유제품 제조업
업종 세분류: 끈, 로프, 망 및 끈 가공품 제조업
업종 세세분류 및 활동명: 어망 및 기타 끈 가공품 제조업
연계 KSIC 11차 코드: 13922
연계 KSIC 11차 분류명: 어망 및 기타 끈 가공품 제조업"
172301,C,제조업,17,섬유제품 제조업; 의복 제외,172,기타 섬유제품 제조업,1723,"끈, 로프, 망 및 끈 가공품 제조업",끈 및 로프 제조업,13921,끈 및 로프 제조업,,,,,1,"업종코드: 172301
업종 대분류: 제조업
업종 중분류: 섬유제품 제조업; 의복 제외
업종 소분류: 기타 섬유제품 제조업
업종 세분류: 끈, 로프, 망 및 끈 가공품 제조업
업종 세세분류 및 활동명: 끈 및 로프 제조업
연계 KSIC 11차 코드: 13921
연계 KSIC 11차 분류명: 끈 및 로프 제조업"
172901,C,제조업,17,섬유제품 제조업; 의복 제외,172,기타 섬유제품 제조업,1729,그 외 기타 섬유제품 제조업,세폭직물 제조업,13991,세폭직물 제조업,,,,,1,"업종코드: 172901
업종 대분류: 제조업
업종 중분류: 섬유제품 제조업; 의복 제외
업종 소분류: 기타 섬유제품 제조업
업종 세분류: 그 외 기타 섬유제품 제조업
업종 세세분류 및 활동명: 세폭직물 제조업
연계 KSIC 11차 코드: 13991
연계 KSIC 11차 분류명: 세폭직물 제조업"
172902,C,제조업,17,섬유제품 제조업; 의복 제외,172,기타 섬유제품 제조업,1729,그 외 기타 섬유제품 제조업,그 외 기타 분류 안된 섬유제품 제조업,13999,그 외 기타 분류 안된 섬유제품 제조업,13999,그 외 기타 분류 안된 섬유제품 제조업,1,,1,"업종코드: 172902
업종 대분류: 제조업
업종 중분류: 섬유제품 제조업; 의복 제외
업종 소분류: 기타 섬유제품 제조업
업종 세분류: 그 외 기타 섬유제품 제조업
업종 세세분류 및 활동명: 그 외 기타 분류 안된 섬유제품 제조업
연계 KSIC 11차 코드: 13999
연계 KSIC 11차 분류명: 그 외 기타 분류 안된 섬유제품 제조업
주요 연계 KSIC 코드: 13999
주요 연계 KSIC 분류명: 그 외 기타 분류 안된 섬유제품 제조업"
172903,C,제조업,17,섬유제품 제조업; 의복 제외,172,기타 섬유제품 제조업,1729,그 외 기타 섬유제품 제조업,부직포 및 펠트 제조업,13992,부직포 및 펠트 제조업,,,,,1,"업종코드: 172903
업종 대분류: 제조업
업종 중분류: 섬유제품 제조업; 의복 제외
업종 소분류: 기타 섬유제품 제조업
업종 세분류: 그 외 기타 섬유제품 제조업
업종 세세분류 및 활동명: 부직포 및 펠트 제조업
연계 KSIC 11차 코드: 13992
연계 KSIC 11차 분류명: 부직포 및 펠트 제조업"
172904,C,제조업,17,섬유제품 제조업; 의복 제외,172,기타 섬유제품 제조업,1729,그 외 기타 섬유제품 제조업,특수사 및 코드직물 제조업,13993,특수사 및 코드직물 제조업,,,,,1,"업종코드: 172904
업종 대분류: 제조업
업종 중분류: 섬유제품 제조업; 의복 제외
업종 소분류: 기타 섬유제품 제조업
업종 세분류: 그 외 기타 섬유제품 제조업
업종 세세분류 및 활동명: 특수사 및 코드직물 제조업
연계 KSIC 11차 코드: 13993
연계 KSIC 11차 분류명: 특수사 및 코드직물 제조업"
172905,C,제조업,17,섬유제품 제조업; 의복 제외,172,기타 섬유제품 제조업,1729,그 외 기타 섬유제품 제조업,표면처리 및 적층 직물 제조업,13994,표면처리 및 적층 직물 제조업,,,,,1,"업종코드: 172905
업종 대분류: 제조업
업종 중분류: 섬유제품 제조업; 의복 제외
업종 소분류: 기타 섬유제품 제조업
업종 세분류: 그 외 기타 섬유제품 제조업
업종 세세분류 및 활동명: 표면처리 및 적층 직물 제조업
연계 KSIC 11차 코드: 13994
연계 KSIC 11차 분류명: 표면처리 및 적층 직물 제조업"
173001,C,제조업,17,"의복, 의복 액세서리 및 모피제품 제조업",173,편조의복 제조업,1730,편조의복 제조업,편조의복 제조업,14300,편조의복 제조업,,,,,1,"업종코드: 173001
업종 대분류: 제조업
업종 중분류: 의복, 의복 액세서리 및 모피제품 제조업
업종 소분류: 편조의복 제조업
업종 세분류: 편조의복 제조업
업종 세세분류 및 활동명: 편조의복 제조업
연계 KSIC 11차 코드: 14300
연계 KSIC 11차 분류명: 편조의복 제조업"
173002,C,제조업,17,섬유제품 제조업; 의복 제외,173,편조 원단 제조업,1730,편조 원단 제조업,편조 원단 제조업,13300,편조 원단 제조업,13300,편조 원단 제조업,1,,1,"업종코드: 173002
업종 대분류: 제조업
업종 중분류: 섬유제품 제조업; 의복 제외
업종 소분류: 편조 원단 제조업
업종 세분류: 편조 원단 제조업
업종 세세분류 및 활동명: 편조 원단 제조업
연계 KSIC 11차 코드: 13300
연계 KSIC 11차 분류명: 편조 원단 제조업
주요 연계 KSIC 코드: 13300
주요 연계 KSIC 분류명: 편조 원단 제조업"
173004,C,제조업,17,"의복, 의복 액세서리 및 모피제품 제조업",173,의복 액세서리 제조업,1730,편조 의복 액세서리 제조업,스타킹 및 기타양말 제조업,14411,스타킹 및 기타양말 제조업,,,,,1,"업종코드: 173004
업종 대분류: 제조업
업종 중분류: 의복, 의복 액세서리 및 모피제품 제조업
업종 소분류: 의복 액세서리 제조업
업종 세분류: 편조 의복 액세서리 제조업
업종 세세분류 및 활동명: 스타킹 및 기타양말 제조업
연계 KSIC 11차 코드: 14411
연계 KSIC 11차 분류명: 스타킹 및 기타양말 제조업"
173006,C,제조업,17,"의복, 의복 액세서리 및 모피제품 제조업",173,의복 액세서리 제조업,1730,편조 의복 액세서리 제조업,기타 편조 의복 액세서리 제조업,14419,기타 편조 의복 액세서리 제조업,,,,장갑 편조,1,"업종코드: 173006
업종 대분류: 제조업
업종 중분류: 의복, 의복 액세서리 및 모피제품 제조업
업종 소분류: 의복 액세서리 제조업
업종 세분류: 편조 의복 액세서리 제조업
업종 세세분류 및 활동명: 기타 편조 의복 액세서리 제조업
연계 KSIC 11차 코드: 14419
연계 KSIC 11차 분류명: 기타 편조 의복 액세서리 제조업
세부설명: 장갑 편조"
173009,C,제조업,17,"의복, 의복 액세서리 및 모피제품 제조업",173,의복 액세서리 제조업,1730,편조 의복 액세서리 제조업,기타 편조 의복 액세서리 제조업,14419,기타 편조 의복 액세서리 제조업,14419,기타 편조 의복 액세서리 제조업,1,,1,"업종코드: 173009
업종 대분류: 제조업
업종 중분류: 의복, 의복 액세서리 및 모피제품 제조업
업종 소분류: 의복 액세서리 제조업
업종 세분류: 편조 의복 액세서리 제조업
업종 세세분류 및 활동명: 기타 편조 의복 액세서리 제조업
연계 KSIC 11차 코드: 14419
연계 KSIC 11차 분류명: 기타 편조 의복 액세서리 제조업
주요 연계 KSIC 코드: 14419
주요 연계 KSIC 분류명: 기타 편조 의복 액세서리 제조업"
181101,C,제조업,18,"의복, 의복 액세서리 및 모피제품 제조업",181,봉제의복 제조업,1811,겉옷 제조업,남자용 겉옷 제조업,14111,남자용 겉옷 제조업,14111,남자용 겉옷 제조업,2,남자용 맞춤 겉옷,1,"업종코드: 181101
업종 대분류: 제조업
업종 중분류: 의복, 의복 액세서리 및 모피제품 제조업
업종 소분류: 봉제의복 제조업
업종 세분류: 겉옷 제조업
업종 세세분류 및 활동명: 남자용 겉옷 제조업
연계 KSIC 11차 코드: 14111
연계 KSIC 11차 분류명: 남자용 겉옷 제조업
주요 연계 KSIC 코드: 14111
주요 연계 KSIC 분류명: 남자용 겉옷 제조업
세부설명: 남자용 맞춤 겉옷"
181103,C,제조업,18,"의복, 의복 액세서리 및 모피제품 제조업",181,봉제의복 제조업,1811,한복 제조업,한복 제조업,14130,한복 제조업,14130,한복 제조업,2,기성 한복,1,"업종코드: 181103
업종 대분류: 제조업
업종 중분류: 의복, 의복 액세서리 및 모피제품 제조업
업종 소분류: 봉제의복 제조업
업종 세분류: 한복 제조업
업종 세세분류 및 활동명: 한복 제조업
연계 KSIC 11차 코드: 14130
연계 KSIC 11차 분류명: 한복 제조업
주요 연계 KSIC 코드: 14130
주요 연계 KSIC 분류명: 한복 제조업
세부설명: 기성 한복"
181105,C,제조업,18,"의복, 의복 액세서리 및 모피제품 제조업",181,봉제의복 제조업,1811,겉옷 제조업,여자용 겉옷 제조업,14112,여자용 겉옷 제조업,14112,여자용 겉옷 제조업,2,여자용 맞춤 겉옷,1,"업종코드: 181105
업종 대분류: 제조업
업종 중분류: 의복, 의복 액세서리 및 모피제품 제조업
업종 소분류: 봉제의복 제조업
업종 세분류: 겉옷 제조업
업종 세세분류 및 활동명: 여자용 겉옷 제조업
연계 KSIC 11차 코드: 14112
연계 KSIC 11차 분류명: 여자용 겉옷 제조업
주요 연계 KSIC 코드: 14112
주요 연계 KSIC 분류명: 여자용 겉옷 제조업
세부설명: 여자용 맞춤 겉옷"
181109,C,제조업,18,"의복, 의복 액세서리 및 모피제품 제조업",181,봉제의복 제조업,1811,기타 봉제의복 제조업,셔츠 및 블라우스 제조업,14191,셔츠 및 블라우스 제조업,,,,,1,"업종코드: 181109
업종 대분류: 제조업
업종 중분류: 의복, 의복 액세서리 및 모피제품 제조업
업종 소분류: 봉제의복 제조업
업종 세분류: 기타 봉제의복 제조업
업종 세세분류 및 활동명: 셔츠 및 블라우스 제조업
연계 KSIC 11차 코드: 14191
연계 KSIC 11차 분류명: 셔츠 및 블라우스 제조업"
181110,C,제조업,18,"의복, 의복 액세서리 및 모피제품 제조업",181,봉제의복 제조업,1811,기타 봉제의복 제조업,"근무복, 작업복 및 유사 의복 제조업",14192,"근무복, 작업복 및 유사 의복 제조업",,,,"체육복,수영복 및 경기복",1,"업종코드: 181110
업종 대분류: 제조업
업종 중분류: 의복, 의복 액세서리 및 모피제품 제조업
업종 소분류: 봉제의복 제조업
업종 세분류: 기타 봉제의복 제조업
업종 세세분류 및 활동명: 근무복, 작업복 및 유사 의복 제조업
연계 KSIC 11차 코드: 14192
연계 KSIC 11차 분류명: 근무복, 작업복 및 유사 의복 제조업
세부설명: 체육복,수영복 및 경기복"
181201,C,제조업,18,"의복, 의복 액세서리 및 모피제품 제조업",181,봉제의복 제조업,1812,기타 봉제의복 제조업,가죽의복 제조업,14193,가죽의복 제조업,,,,,1,"업종코드: 181201
업종 대분류: 제조업
업종 중분류: 의복, 의복 액세서리 및 모피제품 제조업
업종 소분류: 봉제의복 제조업
업종 세분류: 기타 봉제의복 제조업
업종 세세분류 및 활동명: 가죽의복 제조업
연계 KSIC 11차 코드: 14193
연계 KSIC 11차 분류명: 가죽의복 제조업"
181202,C,제조업,18,"의복, 의복 액세서리 및 모피제품 제조업",181,의복 액세서리 제조업,1812,기타 의복 액세서리 제조업,모자 제조업,14491,모자 제조업,,,,,1,"업종코드: 181202
업종 대분류: 제조업
업종 중분류: 의복, 의복 액세서리 및 모피제품 제조업
업종 소분류: 의복 액세서리 제조업
업종 세분류: 기타 의복 액세서리 제조업
업종 세세분류 및 활동명: 모자 제조업
연계 KSIC 11차 코드: 14491
연계 KSIC 11차 분류명: 모자 제조업"
181203,C,제조업,18,"의복, 의복 액세서리 및 모피제품 제조업",181,봉제의복 제조업,1812,속옷 및 잠옷 제조업,속옷 및 잠옷 제조업,14120,속옷 및 잠옷 제조업,,,,,1,"업종코드: 181203
업종 대분류: 제조업
업종 중분류: 의복, 의복 액세서리 및 모피제품 제조업
업종 소분류: 봉제의복 제조업
업종 세분류: 속옷 및 잠옷 제조업
업종 세세분류 및 활동명: 속옷 및 잠옷 제조업
연계 KSIC 11차 코드: 14120
연계 KSIC 11차 분류명: 속옷 및 잠옷 제조업"
181204,C,제조업,18,"의복, 의복 액세서리 및 모피제품 제조업",181,의복 액세서리 제조업,1812,기타 의복 액세서리 제조업,그 외 기타 의복 액세서리 제조업,14499,그 외 기타 의복 액세서리 제조업,,,,,1,"업종코드: 181204
업종 대분류: 제조업
업종 중분류: 의복, 의복 액세서리 및 모피제품 제조업
업종 소분류: 의복 액세서리 제조업
업종 세분류: 기타 의복 액세서리 제조업
업종 세세분류 및 활동명: 그 외 기타 의복 액세서리 제조업
연계 KSIC 11차 코드: 14499
연계 KSIC 11차 분류명: 그 외 기타 의복 액세서리 제조업"
181205,C,제조업,18,"의복, 의복 액세서리 및 모피제품 제조업",181,봉제의복 제조업,1812,겉옷 제조업,남자용 겉옷 제조업,14111,남자용 겉옷 제조업,14111,남자용 겉옷 제조업,2,남자용 기성 겉옷,1,"업종코드: 181205
업종 대분류: 제조업
업종 중분류: 의복, 의복 액세서리 및 모피제품 제조업
업종 소분류: 봉제의복 제조업
업종 세분류: 겉옷 제조업
업종 세세분류 및 활동명: 남자용 겉옷 제조업
연계 KSIC 11차 코드: 14111
연계 KSIC 11차 분류명: 남자용 겉옷 제조업
주요 연계 KSIC 코드: 14111
주요 연계 KSIC 분류명: 남자용 겉옷 제조업
세부설명: 남자용 기성 겉옷"
181206,C,제조업,18,"의복, 의복 액세서리 및 모피제품 제조업",181,봉제의복 제조업,1812,겉옷 제조업,여자용 겉옷 제조업,14112,여자용 겉옷 제조업,14112,여자용 겉옷 제조업,2,여자용 기성 겉옷,1,"업종코드: 181206
업종 대분류: 제조업
업종 중분류: 의복, 의복 액세서리 및 모피제품 제조업
업종 소분류: 봉제의복 제조업
업종 세분류: 겉옷 제조업
업종 세세분류 및 활동명: 여자용 겉옷 제조업
연계 KSIC 11차 코드: 14112
연계 KSIC 11차 분류명: 여자용 겉옷 제조업
주요 연계 KSIC 코드: 14112
주요 연계 KSIC 분류명: 여자용 겉옷 제조업
세부설명: 여자용 기성 겉옷"
181207,C,제조업,18,"의복, 의복 액세서리 및 모피제품 제조업",181,봉제의복 제조업,1812,기타 봉제의복 제조업,"근무복, 작업복 및 유사 의복 제조업",14192,"근무복, 작업복 및 유사 의복 제조업",14192,"근무복, 작업복 및 유사 의복 제조업",1,,1,"업종코드: 181207
업종 대분류: 제조업
업종 중분류: 의복, 의복 액세서리 및 모피제품 제조업
업종 소분류: 봉제의복 제조업
업종 세분류: 기타 봉제의복 제조업
업종 세세분류 및 활동명: 근무복, 작업복 및 유사 의복 제조업
연계 KSIC 11차 코드: 14192
연계 KSIC 11차 분류명: 근무복, 작업복 및 유사 의복 제조업
주요 연계 KSIC 코드: 14192
주요 연계 KSIC 분류명: 근무복, 작업복 및 유사 의복 제조업"
181208,C,제조업,18,"의복, 의복 액세서리 및 모피제품 제조업",181,봉제의복 제조업,1812,기타 봉제의복 제조업,유아용 의복 제조업,14194,유아용 의복 제조업,,,,,1,"업종코드: 181208
업종 대분류: 제조업
업종 중분류: 의복, 의복 액세서리 및 모피제품 제조업
업종 소분류: 봉제의복 제조업
업종 세분류: 기타 봉제의복 제조업
업종 세세분류 및 활동명: 유아용 의복 제조업
연계 KSIC 11차 코드: 14194
연계 KSIC 11차 분류명: 유아용 의복 제조업"
181209,C,제조업,18,"의복, 의복 액세서리 및 모피제품 제조업",181,봉제의복 제조업,1812,한복 제조업,한복 제조업,14130,한복 제조업,14130,한복 제조업,2,개인 맞춤 한복,1,"업종코드: 181209
업종 대분류: 제조업
업종 중분류: 의복, 의복 액세서리 및 모피제품 제조업
업종 소분류: 봉제의복 제조업
업종 세분류: 한복 제조업
업종 세세분류 및 활동명: 한복 제조업
연계 KSIC 11차 코드: 14130
연계 KSIC 11차 분류명: 한복 제조업
주요 연계 KSIC 코드: 14130
주요 연계 KSIC 분류명: 한복 제조업
세부설명: 개인 맞춤 한복"
181211,C,제조업,18,"의복, 의복 액세서리 및 모피제품 제조업",181,봉제의복 제조업,1812,기타 봉제의복 제조업,그 외 기타 봉제의복 제조업,14199,그 외 기타 봉제의복 제조업,,,,,1,"업종코드: 181211
업종 대분류: 제조업
업종 중분류: 의복, 의복 액세서리 및 모피제품 제조업
업종 소분류: 봉제의복 제조업
업종 세분류: 기타 봉제의복 제조업
업종 세세분류 및 활동명: 그 외 기타 봉제의복 제조업
연계 KSIC 11차 코드: 14199
연계 KSIC 11차 분류명: 그 외 기타 봉제의복 제조업"
182001,C,제조업,18,"의복, 의복 액세서리 및 모피제품 제조업",182,모피제품 제조업,1820,모피제품 제조업,모피제품 제조업,14200,모피제품 제조업,,,,,1,"업종코드: 182001
업종 대분류: 제조업
업종 중분류: 의복, 의복 액세서리 및 모피제품 제조업
업종 소분류: 모피제품 제조업
업종 세분류: 모피제품 제조업
업종 세세분류 및 활동명: 모피제품 제조업
연계 KSIC 11차 코드: 14200
연계 KSIC 11차 분류명: 모피제품 제조업"
191100,C,제조업,19,"가죽, 가방 및 신발 제조업",191,"가죽, 가방 및 유사 제품 제조업",1911,모피 및 가죽 제조업,모피 및 가죽 제조업,15110,모피 및 가죽 제조업,,,,,1,"업종코드: 191100
업종 대분류: 제조업
업종 중분류: 가죽, 가방 및 신발 제조업
업종 소분류: 가죽, 가방 및 유사 제품 제조업
업종 세분류: 모피 및 가죽 제조업
업종 세세분류 및 활동명: 모피 및 가죽 제조업
연계 KSIC 11차 코드: 15110
연계 KSIC 11차 분류명: 모피 및 가죽 제조업"
191200,C,제조업,19,"가죽, 가방 및 신발 제조업",191,"가죽, 가방 및 유사 제품 제조업",1912,"핸드백, 가방 및 기타 보호용 케이스 제조업",가방 및 기타 보호용 케이스 제조업,15129,가방 및 기타 보호용 케이스 제조업,,,,,1,"업종코드: 191200
업종 대분류: 제조업
업종 중분류: 가죽, 가방 및 신발 제조업
업종 소분류: 가죽, 가방 및 유사 제품 제조업
업종 세분류: 핸드백, 가방 및 기타 보호용 케이스 제조업
업종 세세분류 및 활동명: 가방 및 기타 보호용 케이스 제조업
연계 KSIC 11차 코드: 15129
연계 KSIC 11차 분류명: 가방 및 기타 보호용 케이스 제조업"
191201,C,제조업,19,"가죽, 가방 및 신발 제조업",191,"가죽, 가방 및 유사 제품 제조업",1912,기타 가죽제품 제조업,기타 가죽제품 제조업,15190,기타 가죽제품 제조업,,,,,1,"업종코드: 191201
업종 대분류: 제조업
업종 중분류: 가죽, 가방 및 신발 제조업
업종 소분류: 가죽, 가방 및 유사 제품 제조업
업종 세분류: 기타 가죽제품 제조업
업종 세세분류 및 활동명: 기타 가죽제품 제조업
연계 KSIC 11차 코드: 15190
연계 KSIC 11차 분류명: 기타 가죽제품 제조업"
191202,C,제조업,19,"가죽, 가방 및 신발 제조업",191,"가죽, 가방 및 유사 제품 제조업",1912,"핸드백, 가방 및 기타 보호용 케이스 제조업",핸드백 및 지갑 제조업,15121,핸드백 및 지갑 제조업,,,,,1,"업종코드: 191202
업종 대분류: 제조업
업종 중분류: 가죽, 가방 및 신발 제조업
업종 소분류: 가죽, 가방 및 유사 제품 제조업
업종 세분류: 핸드백, 가방 및 기타 보호용 케이스 제조업
업종 세세분류 및 활동명: 핸드백 및 지갑 제조업
연계 KSIC 11차 코드: 15121
연계 KSIC 11차 분류명: 핸드백 및 지갑 제조업"
192001,C,제조업,19,"가죽, 가방 및 신발 제조업",192,신발 및 신발 부분품 제조업,1920,신발 제조업,구두류 제조업,15211,구두류 제조업,,,,,1,"업종코드: 192001
업종 대분류: 제조업
업종 중분류: 가죽, 가방 및 신발 제조업
업종 소분류: 신발 및 신발 부분품 제조업
업종 세분류: 신발 제조업
업종 세세분류 및 활동명: 구두류 제조업
연계 KSIC 11차 코드: 15211
연계 KSIC 11차 분류명: 구두류 제조업"
192004,C,제조업,19,"가죽, 가방 및 신발 제조업",192,신발 및 신발 부분품 제조업,1920,신발 제조업,기타 신발 제조업,15219,기타 신발 제조업,,,,,1,"업종코드: 192004
업종 대분류: 제조업
업종 중분류: 가죽, 가방 및 신발 제조업
업종 소분류: 신발 및 신발 부분품 제조업
업종 세분류: 신발 제조업
업종 세세분류 및 활동명: 기타 신발 제조업
연계 KSIC 11차 코드: 15219
연계 KSIC 11차 분류명: 기타 신발 제조업"
192005,C,제조업,19,"가죽, 가방 및 신발 제조업",192,신발 및 신발 부분품 제조업,1920,신발 부분품 제조업,신발 부분품 제조업,15220,신발 부분품 제조업,,,,,1,"업종코드: 192005
업종 대분류: 제조업
업종 중분류: 가죽, 가방 및 신발 제조업
업종 소분류: 신발 및 신발 부분품 제조업
업종 세분류: 신발 부분품 제조업
업종 세세분류 및 활동명: 신발 부분품 제조업
연계 KSIC 11차 코드: 15220
연계 KSIC 11차 분류명: 신발 부분품 제조업"
193001,C,제조업,19,섬유제품 제조업; 의복 제외,193,"방적 및 가공사 제조업 | 직물 직조 및 직물제품 제조업 | 편조 원단 제조업 | 섬유제품 염색, 정리 및 마무리 가공업 | 기타 섬유제품 제조업",1930,"방적 및 가공사 제조업 | 직물 직조업 | 직물제품 제조업 | 편조 원단 제조업 | 섬유제품 염색, 정리 및 마무리 가공업 | 그 외 기타 섬유제품 제조업",연사 및 가공사 제조업 | 특수직물 및 기타 직물 직조업 | 자수제품 및 자수용 재료 제조업 | 편조 원단 제조업 | 섬유제품 기타 정리 및 마무리 가공업 | 그 외 기타 분류 안된 섬유제품 제조업,13104 | 13219 | 13222 | 13300 | 13409 | 13999,연사 및 가공사 제조업 | 특수직물 및 기타 직물 직조업 | 자수제품 및 자수용 재료 제조업 | 편조 원단 제조업 | 섬유제품 기타 정리 및 마무리 가공업 | 그 외 기타 분류 안된 섬유제품 제조업,,,,임가공(실감기) | 임가공(기타 직물 직조) | 임가공(직물 자수) | 임가공(섬유 편조 뜨개질) | 임가공(의복 액세서리 정리 및 마무리) | 임가공(그 외 기타 섬유제품),6,"업종코드: 193001
업종 대분류: 제조업
업종 중분류: 섬유제품 제조업; 의복 제외
업종 소분류: 방적 및 가공사 제조업 | 직물 직조 및 직물제품 제조업 | 편조 원단 제조업 | 섬유제품 염색, 정리 및 마무리 가공업 | 기타 섬유제품 제조업
업종 세분류: 방적 및 가공사 제조업 | 직물 직조업 | 직물제품 제조업 | 편조 원단 제조업 | 섬유제품 염색, 정리 및 마무리 가공업 | 그 외 기타 섬유제품 제조업
업종 세세분류 및 활동명: 연사 및 가공사 제조업 | 특수직물 및 기타 직물 직조업 | 자수제품 및 자수용 재료 제조업 | 편조 원단 제조업 | 섬유제품 기타 정리 및 마무리 가공업 | 그 외 기타 분류 안된 섬유제품 제조업
연계 KSIC 11차 코드: 13104 | 13219 | 13222 | 13300 | 13409 | 13999
연계 KSIC 11차 분류명: 연사 및 가공사 제조업 | 특수직물 및 기타 직물 직조업 | 자수제품 및 자수용 재료 제조업 | 편조 원단 제조업 | 섬유제품 기타 정리 및 마무리 가공업 | 그 외 기타 분류 안된 섬유제품 제조업
세부설명: 임가공(실감기) | 임가공(기타 직물 직조) | 임가공(직물 자수) | 임가공(섬유 편조 뜨개질) | 임가공(의복 액세서리 정리 및 마무리) | 임가공(그 외 기타 섬유제품)"
193009,C,제조업,19,섬유제품 제조업; 의복 제외,193,"섬유제품 염색, 정리 및 마무리 가공업",1930,"섬유제품 염색, 정리 및 마무리 가공업","솜 및 실 염색 가공업 | 직물, 편조 원단 및 의복류 염색 가공업 | 날염 가공업",13401 | 13402 | 13403,"솜 및 실 염색 가공업 | 직물, 편조 원단 및 의복류 염색 가공업 | 날염 가공업",,,,"임가공(솜, 실 염색) | 임가공(직물, 편물 원단 염색) | 임가공(날염)",3,"업종코드: 193009
업종 대분류: 제조업
업종 중분류: 섬유제품 제조업; 의복 제외
업종 소분류: 섬유제품 염색, 정리 및 마무리 가공업
업종 세분류: 섬유제품 염색, 정리 및 마무리 가공업
업종 세세분류 및 활동명: 솜 및 실 염색 가공업 | 직물, 편조 원단 및 의복류 염색 가공업 | 날염 가공업
연계 KSIC 11차 코드: 13401 | 13402 | 13403
연계 KSIC 11차 분류명: 솜 및 실 염색 가공업 | 직물, 편조 원단 및 의복류 염색 가공업 | 날염 가공업
세부설명: 임가공(솜, 실 염색) | 임가공(직물, 편물 원단 염색) | 임가공(날염)"
201001,C,제조업,20,목재 및 나무제품 제조업; 가구 제외,201,제재 및 목재 가공업,2010,제재 및 목재 가공업,일반 제재업,16101,일반 제재업,,,,,1,"업종코드: 201001
업종 대분류: 제조업
업종 중분류: 목재 및 나무제품 제조업; 가구 제외
업종 소분류: 제재 및 목재 가공업
업종 세분류: 제재 및 목재 가공업
업종 세세분류 및 활동명: 일반 제재업
연계 KSIC 11차 코드: 16101
연계 KSIC 11차 분류명: 일반 제재업"
201002,C,제조업,20,목재 및 나무제품 제조업; 가구 제외,201,제재 및 목재 가공업,2010,제재 및 목재 가공업,"목재 보존, 방부처리, 도장 및 유사 처리업",16103,"목재 보존, 방부처리, 도장 및 유사 처리업",,,,,1,"업종코드: 201002
업종 대분류: 제조업
업종 중분류: 목재 및 나무제품 제조업; 가구 제외
업종 소분류: 제재 및 목재 가공업
업종 세분류: 제재 및 목재 가공업
업종 세세분류 및 활동명: 목재 보존, 방부처리, 도장 및 유사 처리업
연계 KSIC 11차 코드: 16103
연계 KSIC 11차 분류명: 목재 보존, 방부처리, 도장 및 유사 처리업"
201009,C,제조업,20,목재 및 나무제품 제조업; 가구 제외,201,제재 및 목재 가공업,2010,제재 및 목재 가공업,표면 가공목재 및 특정 목적용 제재목 제조업,16102,표면 가공목재 및 특정 목적용 제재목 제조업,,,,,1,"업종코드: 201009
업종 대분류: 제조업
업종 중분류: 목재 및 나무제품 제조업; 가구 제외
업종 소분류: 제재 및 목재 가공업
업종 세분류: 제재 및 목재 가공업
업종 세세분류 및 활동명: 표면 가공목재 및 특정 목적용 제재목 제조업
연계 KSIC 11차 코드: 16102
연계 KSIC 11차 분류명: 표면 가공목재 및 특정 목적용 제재목 제조업"
202101,C,제조업,20,목재 및 나무제품 제조업; 가구 제외,202,나무제품 제조업,2021,"박판, 합판 및 강화 목제품 제조업",강화 및 재생 목재 제조업,16212,강화 및 재생 목재 제조업,,,,,1,"업종코드: 202101
업종 대분류: 제조업
업종 중분류: 목재 및 나무제품 제조업; 가구 제외
업종 소분류: 나무제품 제조업
업종 세분류: 박판, 합판 및 강화 목제품 제조업
업종 세세분류 및 활동명: 강화 및 재생 목재 제조업
연계 KSIC 11차 코드: 16212
연계 KSIC 11차 분류명: 강화 및 재생 목재 제조업"
202102,C,제조업,20,목재 및 나무제품 제조업; 가구 제외,202,나무제품 제조업,2021,"박판, 합판 및 강화 목제품 제조업","박판, 합판 및 유사 적층판 제조업",16211,"박판, 합판 및 유사 적층판 제조업",,,,,1,"업종코드: 202102
업종 대분류: 제조업
업종 중분류: 목재 및 나무제품 제조업; 가구 제외
업종 소분류: 나무제품 제조업
업종 세분류: 박판, 합판 및 강화 목제품 제조업
업종 세세분류 및 활동명: 박판, 합판 및 유사 적층판 제조업
연계 KSIC 11차 코드: 16211
연계 KSIC 11차 분류명: 박판, 합판 및 유사 적층판 제조업"
202200,C,제조업,20,목재 및 나무제품 제조업; 가구 제외,202,나무제품 제조업,2022,건축용 나무제품 제조업,기타 건축용 나무제품 제조업,16229,기타 건축용 나무제품 제조업,,,,,1,"업종코드: 202200
업종 대분류: 제조업
업종 중분류: 목재 및 나무제품 제조업; 가구 제외
업종 소분류: 나무제품 제조업
업종 세분류: 건축용 나무제품 제조업
업종 세세분류 및 활동명: 기타 건축용 나무제품 제조업
연계 KSIC 11차 코드: 16229
연계 KSIC 11차 분류명: 기타 건축용 나무제품 제조업"
202201,C,제조업,20,목재 및 나무제품 제조업; 가구 제외,202,나무제품 제조업,2022,"목재 상자, 드럼 및 적재판 제조업","목재 포장용 상자, 드럼 및 유사 용기 제조업",16232,"목재 포장용 상자, 드럼 및 유사 용기 제조업",,,,,1,"업종코드: 202201
업종 대분류: 제조업
업종 중분류: 목재 및 나무제품 제조업; 가구 제외
업종 소분류: 나무제품 제조업
업종 세분류: 목재 상자, 드럼 및 적재판 제조업
업종 세세분류 및 활동명: 목재 포장용 상자, 드럼 및 유사 용기 제조업
연계 KSIC 11차 코드: 16232
연계 KSIC 11차 분류명: 목재 포장용 상자, 드럼 및 유사 용기 제조업"
202202,C,제조업,20,목재 및 나무제품 제조업; 가구 제외,202,나무제품 제조업,2022,건축용 나무제품 제조업,목재 문 및 관련제품 제조업,16221,목재 문 및 관련제품 제조업,,,,,1,"업종코드: 202202
업종 대분류: 제조업
업종 중분류: 목재 및 나무제품 제조업; 가구 제외
업종 소분류: 나무제품 제조업
업종 세분류: 건축용 나무제품 제조업
업종 세세분류 및 활동명: 목재 문 및 관련제품 제조업
연계 KSIC 11차 코드: 16221
연계 KSIC 11차 분류명: 목재 문 및 관련제품 제조업"
202203,C,제조업,20,목재 및 나무제품 제조업; 가구 제외,202,나무제품 제조업,2022,"목재 상자, 드럼 및 적재판 제조업",목재 깔판류 및 기타 적재판 제조업,16231,목재 깔판류 및 기타 적재판 제조업,,,,,1,"업종코드: 202203
업종 대분류: 제조업
업종 중분류: 목재 및 나무제품 제조업; 가구 제외
업종 소분류: 나무제품 제조업
업종 세분류: 목재 상자, 드럼 및 적재판 제조업
업종 세세분류 및 활동명: 목재 깔판류 및 기타 적재판 제조업
연계 KSIC 11차 코드: 16231
연계 KSIC 11차 분류명: 목재 깔판류 및 기타 적재판 제조업"
202901,C,제조업,20,목재 및 나무제품 제조업; 가구 제외,202,나무제품 제조업,2029,기타 나무제품 제조업,목재 도구 및 주방용 나무제품 제조업,16291,목재 도구 및 주방용 나무제품 제조업,,,,,1,"업종코드: 202901
업종 대분류: 제조업
업종 중분류: 목재 및 나무제품 제조업; 가구 제외
업종 소분류: 나무제품 제조업
업종 세분류: 기타 나무제품 제조업
업종 세세분류 및 활동명: 목재 도구 및 주방용 나무제품 제조업
연계 KSIC 11차 코드: 16291
연계 KSIC 11차 분류명: 목재 도구 및 주방용 나무제품 제조업"
202902,C,제조업,20,목재 및 나무제품 제조업; 가구 제외,202,나무제품 제조업,2029,기타 나무제품 제조업,장식용 목제품 제조업,16292,장식용 목제품 제조업,,,,장식용 칠기,1,"업종코드: 202902
업종 대분류: 제조업
업종 중분류: 목재 및 나무제품 제조업; 가구 제외
업종 소분류: 나무제품 제조업
업종 세분류: 기타 나무제품 제조업
업종 세세분류 및 활동명: 장식용 목제품 제조업
연계 KSIC 11차 코드: 16292
연계 KSIC 11차 분류명: 장식용 목제품 제조업
세부설명: 장식용 칠기"
202903,C,제조업,20,목재 및 나무제품 제조업; 가구 제외,202,코르크 및 조물 제품 제조업,2029,코르크 및 조물 제품 제조업,코르크 및 조물 제품 제조업,16300,코르크 및 조물 제품 제조업,,,,죽세공품,1,"업종코드: 202903
업종 대분류: 제조업
업종 중분류: 목재 및 나무제품 제조업; 가구 제외
업종 소분류: 코르크 및 조물 제품 제조업
업종 세분류: 코르크 및 조물 제품 제조업
업종 세세분류 및 활동명: 코르크 및 조물 제품 제조업
연계 KSIC 11차 코드: 16300
연계 KSIC 11차 분류명: 코르크 및 조물 제품 제조업
세부설명: 죽세공품"
202904,C,제조업,20,목재 및 나무제품 제조업; 가구 제외,202,나무제품 제조업,2029,기타 나무제품 제조업,장식용 목제품 제조업,16292,장식용 목제품 제조업,16292,장식용 목제품 제조업,1,,1,"업종코드: 202904
업종 대분류: 제조업
업종 중분류: 목재 및 나무제품 제조업; 가구 제외
업종 소분류: 나무제품 제조업
업종 세분류: 기타 나무제품 제조업
업종 세세분류 및 활동명: 장식용 목제품 제조업
연계 KSIC 11차 코드: 16292
연계 KSIC 11차 분류명: 장식용 목제품 제조업
주요 연계 KSIC 코드: 16292
주요 연계 KSIC 분류명: 장식용 목제품 제조업"
202905,C,제조업,20,목재 및 나무제품 제조업; 가구 제외,202,나무제품 제조업,2029,기타 나무제품 제조업,그 외 기타 나무제품 제조업,16299,그 외 기타 나무제품 제조업,,,,,1,"업종코드: 202905
업종 대분류: 제조업
업종 중분류: 목재 및 나무제품 제조업; 가구 제외
업종 소분류: 나무제품 제조업
업종 세분류: 기타 나무제품 제조업
업종 세세분류 및 활동명: 그 외 기타 나무제품 제조업
연계 KSIC 11차 코드: 16299
연계 KSIC 11차 분류명: 그 외 기타 나무제품 제조업"
202906,C,제조업,20,목재 및 나무제품 제조업; 가구 제외,202,코르크 및 조물 제품 제조업,2029,코르크 및 조물 제품 제조업,코르크 및 조물 제품 제조업,16300,코르크 및 조물 제품 제조업,16300,코르크 및 조물 제품 제조업,1,,1,"업종코드: 202906
업종 대분류: 제조업
업종 중분류: 목재 및 나무제품 제조업; 가구 제외
업종 소분류: 코르크 및 조물 제품 제조업
업종 세분류: 코르크 및 조물 제품 제조업
업종 세세분류 및 활동명: 코르크 및 조물 제품 제조업
연계 KSIC 11차 코드: 16300
연계 KSIC 11차 분류명: 코르크 및 조물 제품 제조업
주요 연계 KSIC 코드: 16300
주요 연계 KSIC 분류명: 코르크 및 조물 제품 제조업"
202907,C,제조업,20,목재 및 나무제품 제조업; 가구 제외,202,코르크 및 조물 제품 제조업,2029,코르크 및 조물 제품 제조업,코르크 및 조물 제품 제조업,16300,코르크 및 조물 제품 제조업,,,,"자리, 고공품",1,"업종코드: 202907
업종 대분류: 제조업
업종 중분류: 목재 및 나무제품 제조업; 가구 제외
업종 소분류: 코르크 및 조물 제품 제조업
업종 세분류: 코르크 및 조물 제품 제조업
업종 세세분류 및 활동명: 코르크 및 조물 제품 제조업
연계 KSIC 11차 코드: 16300
연계 KSIC 11차 분류명: 코르크 및 조물 제품 제조업
세부설명: 자리, 고공품"
210101,C,제조업,21,"펄프, 종이 및 종이제품 제조업",210,"펄프, 종이 및 판지 제조업",2101,"펄프, 종이 및 판지 제조업",신문용지 제조업,17102,신문용지 제조업,,,,,1,"업종코드: 210101
업종 대분류: 제조업
업종 중분류: 펄프, 종이 및 종이제품 제조업
업종 소분류: 펄프, 종이 및 판지 제조업
업종 세분류: 펄프, 종이 및 판지 제조업
업종 세세분류 및 활동명: 신문용지 제조업
연계 KSIC 11차 코드: 17102
연계 KSIC 11차 분류명: 신문용지 제조업"
210102,C,제조업,21,"펄프, 종이 및 종이제품 제조업",210,기타 종이 및 판지 제품 제조업,2101,기타 종이 및 판지 제품 제조업,"적층, 합성 및 특수 표면처리 종이 제조업",17904,"적층, 합성 및 특수 표면처리 종이 제조업",,,,,1,"업종코드: 210102
업종 대분류: 제조업
업종 중분류: 펄프, 종이 및 종이제품 제조업
업종 소분류: 기타 종이 및 판지 제품 제조업
업종 세분류: 기타 종이 및 판지 제품 제조업
업종 세세분류 및 활동명: 적층, 합성 및 특수 표면처리 종이 제조업
연계 KSIC 11차 코드: 17904
연계 KSIC 11차 분류명: 적층, 합성 및 특수 표면처리 종이 제조업"
210104,C,제조업,21,"펄프, 종이 및 종이제품 제조업",210,"펄프, 종이 및 판지 제조업",2101,"펄프, 종이 및 판지 제조업",기타 종이 및 판지 제조업,17109,기타 종이 및 판지 제조업,17109,기타 종이 및 판지 제조업,1,,1,"업종코드: 210104
업종 대분류: 제조업
업종 중분류: 펄프, 종이 및 종이제품 제조업
업종 소분류: 펄프, 종이 및 판지 제조업
업종 세분류: 펄프, 종이 및 판지 제조업
업종 세세분류 및 활동명: 기타 종이 및 판지 제조업
연계 KSIC 11차 코드: 17109
연계 KSIC 11차 분류명: 기타 종이 및 판지 제조업
주요 연계 KSIC 코드: 17109
주요 연계 KSIC 분류명: 기타 종이 및 판지 제조업"
210106,C,제조업,21,"펄프, 종이 및 종이제품 제조업",210,"펄프, 종이 및 판지 제조업",2101,"펄프, 종이 및 판지 제조업",펄프 제조업,17101,펄프 제조업,,,,,1,"업종코드: 210106
업종 대분류: 제조업
업종 중분류: 펄프, 종이 및 종이제품 제조업
업종 소분류: 펄프, 종이 및 판지 제조업
업종 세분류: 펄프, 종이 및 판지 제조업
업종 세세분류 및 활동명: 펄프 제조업
연계 KSIC 11차 코드: 17101
연계 KSIC 11차 분류명: 펄프 제조업"
210107,C,제조업,21,"펄프, 종이 및 종이제품 제조업",210,"펄프, 종이 및 판지 제조업",2101,"펄프, 종이 및 판지 제조업",인쇄용 및 필기용 원지 제조업,17103,인쇄용 및 필기용 원지 제조업,,,,,1,"업종코드: 210107
업종 대분류: 제조업
업종 중분류: 펄프, 종이 및 종이제품 제조업
업종 소분류: 펄프, 종이 및 판지 제조업
업종 세분류: 펄프, 종이 및 판지 제조업
업종 세세분류 및 활동명: 인쇄용 및 필기용 원지 제조업
연계 KSIC 11차 코드: 17103
연계 KSIC 11차 분류명: 인쇄용 및 필기용 원지 제조업"
210108,C,제조업,21,"펄프, 종이 및 종이제품 제조업",210,"펄프, 종이 및 판지 제조업",2101,"펄프, 종이 및 판지 제조업",위생용 원지 제조업,17106,위생용 원지 제조업,,,,,1,"업종코드: 210108
업종 대분류: 제조업
업종 중분류: 펄프, 종이 및 종이제품 제조업
업종 소분류: 펄프, 종이 및 판지 제조업
업종 세분류: 펄프, 종이 및 판지 제조업
업종 세세분류 및 활동명: 위생용 원지 제조업
연계 KSIC 11차 코드: 17106
연계 KSIC 11차 분류명: 위생용 원지 제조업"
210111,C,제조업,21,"펄프, 종이 및 종이제품 제조업",210,"펄프, 종이 및 판지 제조업",2101,"펄프, 종이 및 판지 제조업",골판지 원지 제조업 | 크라프트지 및 기타 상자용 판지 제조업,17104 | 17105,골판지 원지 제조업 | 크라프트지 및 기타 상자용 판지 제조업,,,,,2,"업종코드: 210111
업종 대분류: 제조업
업종 중분류: 펄프, 종이 및 종이제품 제조업
업종 소분류: 펄프, 종이 및 판지 제조업
업종 세분류: 펄프, 종이 및 판지 제조업
업종 세세분류 및 활동명: 골판지 원지 제조업 | 크라프트지 및 기타 상자용 판지 제조업
연계 KSIC 11차 코드: 17104 | 17105
연계 KSIC 11차 분류명: 골판지 원지 제조업 | 크라프트지 및 기타 상자용 판지 제조업"
210112,C,제조업,21,"펄프, 종이 및 종이제품 제조업",210,"펄프, 종이 및 판지 제조업",2101,"펄프, 종이 및 판지 제조업",기타 종이 및 판지 제조업,17109,기타 종이 및 판지 제조업,,,,한지,1,"업종코드: 210112
업종 대분류: 제조업
업종 중분류: 펄프, 종이 및 종이제품 제조업
업종 소분류: 펄프, 종이 및 판지 제조업
업종 세분류: 펄프, 종이 및 판지 제조업
업종 세세분류 및 활동명: 기타 종이 및 판지 제조업
연계 KSIC 11차 코드: 17109
연계 KSIC 11차 분류명: 기타 종이 및 판지 제조업
세부설명: 한지"
210200,C,제조업,21,"펄프, 종이 및 종이제품 제조업",210,"골판지, 종이 상자 및 종이 용기 제조업",2102,골판지 및 골판지 가공제품 제조업,골판지 제조업,17211,골판지 제조업,,,,,1,"업종코드: 210200
업종 대분류: 제조업
업종 중분류: 펄프, 종이 및 종이제품 제조업
업종 소분류: 골판지, 종이 상자 및 종이 용기 제조업
업종 세분류: 골판지 및 골판지 가공제품 제조업
업종 세세분류 및 활동명: 골판지 제조업
연계 KSIC 11차 코드: 17211
연계 KSIC 11차 분류명: 골판지 제조업"
210201,C,제조업,21,"펄프, 종이 및 종이제품 제조업",210,"골판지, 종이 상자 및 종이 용기 제조업",2102,"종이 포대, 판지 상자 및 종이 용기 제조업",판지 상자 및 용기 제조업,17222,판지 상자 및 용기 제조업,,,,,1,"업종코드: 210201
업종 대분류: 제조업
업종 중분류: 펄프, 종이 및 종이제품 제조업
업종 소분류: 골판지, 종이 상자 및 종이 용기 제조업
업종 세분류: 종이 포대, 판지 상자 및 종이 용기 제조업
업종 세세분류 및 활동명: 판지 상자 및 용기 제조업
연계 KSIC 11차 코드: 17222
연계 KSIC 11차 분류명: 판지 상자 및 용기 제조업"
210202,C,제조업,21,"펄프, 종이 및 종이제품 제조업",210,"골판지, 종이 상자 및 종이 용기 제조업",2102,골판지 및 골판지 가공제품 제조업,골판지 상자 및 가공제품 제조업,17212,골판지 상자 및 가공제품 제조업,,,,,1,"업종코드: 210202
업종 대분류: 제조업
업종 중분류: 펄프, 종이 및 종이제품 제조업
업종 소분류: 골판지, 종이 상자 및 종이 용기 제조업
업종 세분류: 골판지 및 골판지 가공제품 제조업
업종 세세분류 및 활동명: 골판지 상자 및 가공제품 제조업
연계 KSIC 11차 코드: 17212
연계 KSIC 11차 분류명: 골판지 상자 및 가공제품 제조업"
210203,C,제조업,21,"펄프, 종이 및 종이제품 제조업",210,"골판지, 종이 상자 및 종이 용기 제조업",2102,"종이 포대, 판지 상자 및 종이 용기 제조업",종이 포대 및 가방 제조업,17221,종이 포대 및 가방 제조업,,,,,1,"업종코드: 210203
업종 대분류: 제조업
업종 중분류: 펄프, 종이 및 종이제품 제조업
업종 소분류: 골판지, 종이 상자 및 종이 용기 제조업
업종 세분류: 종이 포대, 판지 상자 및 종이 용기 제조업
업종 세세분류 및 활동명: 종이 포대 및 가방 제조업
연계 KSIC 11차 코드: 17221
연계 KSIC 11차 분류명: 종이 포대 및 가방 제조업"
210204,C,제조업,21,"펄프, 종이 및 종이제품 제조업",210,"골판지, 종이 상자 및 종이 용기 제조업",2102,"종이 포대, 판지 상자 및 종이 용기 제조업",식품 위생용 종이 상자 및 용기 제조업,17223,식품 위생용 종이 상자 및 용기 제조업,,,,,1,"업종코드: 210204
업종 대분류: 제조업
업종 중분류: 펄프, 종이 및 종이제품 제조업
업종 소분류: 골판지, 종이 상자 및 종이 용기 제조업
업종 세분류: 종이 포대, 판지 상자 및 종이 용기 제조업
업종 세세분류 및 활동명: 식품 위생용 종이 상자 및 용기 제조업
연계 KSIC 11차 코드: 17223
연계 KSIC 11차 분류명: 식품 위생용 종이 상자 및 용기 제조업"
210205,C,제조업,21,"펄프, 종이 및 종이제품 제조업",210,"골판지, 종이 상자 및 종이 용기 제조업",2102,"종이 포대, 판지 상자 및 종이 용기 제조업",기타 종이 상자 및 용기 제조업,17229,기타 종이 상자 및 용기 제조업,,,,,1,"업종코드: 210205
업종 대분류: 제조업
업종 중분류: 펄프, 종이 및 종이제품 제조업
업종 소분류: 골판지, 종이 상자 및 종이 용기 제조업
업종 세분류: 종이 포대, 판지 상자 및 종이 용기 제조업
업종 세세분류 및 활동명: 기타 종이 상자 및 용기 제조업
연계 KSIC 11차 코드: 17229
연계 KSIC 11차 분류명: 기타 종이 상자 및 용기 제조업"
210206,C,제조업,21,"펄프, 종이 및 종이제품 제조업",210,기타 종이 및 판지 제품 제조업,2102,기타 종이 및 판지 제품 제조업,그 외 기타 종이 및 판지 제품 제조업,17909,그 외 기타 종이 및 판지 제품 제조업,,,,종이컵,1,"업종코드: 210206
업종 대분류: 제조업
업종 중분류: 펄프, 종이 및 종이제품 제조업
업종 소분류: 기타 종이 및 판지 제품 제조업
업종 세분류: 기타 종이 및 판지 제품 제조업
업종 세세분류 및 활동명: 그 외 기타 종이 및 판지 제품 제조업
연계 KSIC 11차 코드: 17909
연계 KSIC 11차 분류명: 그 외 기타 종이 및 판지 제품 제조업
세부설명: 종이컵"
210901,C,제조업,21,"펄프, 종이 및 종이제품 제조업",210,기타 종이 및 판지 제품 제조업,2109,기타 종이 및 판지 제품 제조업,문구용 종이제품 제조업,17901,문구용 종이제품 제조업,,,,,1,"업종코드: 210901
업종 대분류: 제조업
업종 중분류: 펄프, 종이 및 종이제품 제조업
업종 소분류: 기타 종이 및 판지 제품 제조업
업종 세분류: 기타 종이 및 판지 제품 제조업
업종 세세분류 및 활동명: 문구용 종이제품 제조업
연계 KSIC 11차 코드: 17901
연계 KSIC 11차 분류명: 문구용 종이제품 제조업"
210902,C,제조업,21,"펄프, 종이 및 종이제품 제조업",210,기타 종이 및 판지 제품 제조업,2109,기타 종이 및 판지 제품 제조업,벽지 및 장판지 제조업,17903,벽지 및 장판지 제조업,,,,,1,"업종코드: 210902
업종 대분류: 제조업
업종 중분류: 펄프, 종이 및 종이제품 제조업
업종 소분류: 기타 종이 및 판지 제품 제조업
업종 세분류: 기타 종이 및 판지 제품 제조업
업종 세세분류 및 활동명: 벽지 및 장판지 제조업
연계 KSIC 11차 코드: 17903
연계 KSIC 11차 분류명: 벽지 및 장판지 제조업"
210903,C,제조업,21,"펄프, 종이 및 종이제품 제조업",210,기타 종이 및 판지 제품 제조업,2109,기타 종이 및 판지 제품 제조업,위생용 종이제품 제조업,17902,위생용 종이제품 제조업,,,,,1,"업종코드: 210903
업종 대분류: 제조업
업종 중분류: 펄프, 종이 및 종이제품 제조업
업종 소분류: 기타 종이 및 판지 제품 제조업
업종 세분류: 기타 종이 및 판지 제품 제조업
업종 세세분류 및 활동명: 위생용 종이제품 제조업
연계 KSIC 11차 코드: 17902
연계 KSIC 11차 분류명: 위생용 종이제품 제조업"
210905,C,제조업,21,"펄프, 종이 및 종이제품 제조업",210,기타 종이 및 판지 제품 제조업,2109,기타 종이 및 판지 제품 제조업,그 외 기타 종이 및 판지 제품 제조업,17909,그 외 기타 종이 및 판지 제품 제조업,17909,그 외 기타 종이 및 판지 제품 제조업,1,,1,"업종코드: 210905
업종 대분류: 제조업
업종 중분류: 펄프, 종이 및 종이제품 제조업
업종 소분류: 기타 종이 및 판지 제품 제조업
업종 세분류: 기타 종이 및 판지 제품 제조업
업종 세세분류 및 활동명: 그 외 기타 종이 및 판지 제품 제조업
연계 KSIC 11차 코드: 17909
연계 KSIC 11차 분류명: 그 외 기타 종이 및 판지 제품 제조업
주요 연계 KSIC 코드: 17909
주요 연계 KSIC 분류명: 그 외 기타 종이 및 판지 제품 제조업"
221100,J,정보통신업,22,출판업,221,"서적, 잡지 및 기타 인쇄물 출판업",2211,서적 출판업,일반 서적 출판업,58113,일반 서적 출판업,,,,,1,"업종코드: 221100
업종 대분류: 정보통신업
업종 중분류: 출판업
업종 소분류: 서적, 잡지 및 기타 인쇄물 출판업
업종 세분류: 서적 출판업
업종 세세분류 및 활동명: 일반 서적 출판업
연계 KSIC 11차 코드: 58113
연계 KSIC 11차 분류명: 일반 서적 출판업"
221103,J,정보통신업,22,출판업,221,"서적, 잡지 및 기타 인쇄물 출판업",2211,서적 출판업,교과서 및 학습 서적 출판업,58111,교과서 및 학습 서적 출판업,,,,,1,"업종코드: 221103
업종 대분류: 정보통신업
업종 중분류: 출판업
업종 소분류: 서적, 잡지 및 기타 인쇄물 출판업
업종 세분류: 서적 출판업
업종 세세분류 및 활동명: 교과서 및 학습 서적 출판업
연계 KSIC 11차 코드: 58111
연계 KSIC 11차 분류명: 교과서 및 학습 서적 출판업"
221104,J,정보통신업,22,출판업,221,"서적, 잡지 및 기타 인쇄물 출판업",2211,서적 출판업,만화 출판업,58112,만화 출판업,,,,,1,"업종코드: 221104
업종 대분류: 정보통신업
업종 중분류: 출판업
업종 소분류: 서적, 잡지 및 기타 인쇄물 출판업
업종 세분류: 서적 출판업
업종 세세분류 및 활동명: 만화 출판업
연계 KSIC 11차 코드: 58112
연계 KSIC 11차 분류명: 만화 출판업"
221200,J,정보통신업,22,출판업,221,"서적, 잡지 및 기타 인쇄물 출판업",2212,"신문, 잡지 및 정기 간행물 출판업",잡지 및 정기 간행물 발행업,58122,잡지 및 정기 간행물 발행업,,,,,1,"업종코드: 221200
업종 대분류: 정보통신업
업종 중분류: 출판업
업종 소분류: 서적, 잡지 및 기타 인쇄물 출판업
업종 세분류: 신문, 잡지 및 정기 간행물 출판업
업종 세세분류 및 활동명: 잡지 및 정기 간행물 발행업
연계 KSIC 11차 코드: 58122
연계 KSIC 11차 분류명: 잡지 및 정기 간행물 발행업"
221201,J,정보통신업,22,출판업,221,"서적, 잡지 및 기타 인쇄물 출판업",2212,"신문, 잡지 및 정기 간행물 출판업",신문 발행업,58121,신문 발행업,,,,,1,"업종코드: 221201
업종 대분류: 정보통신업
업종 중분류: 출판업
업종 소분류: 서적, 잡지 및 기타 인쇄물 출판업
업종 세분류: 신문, 잡지 및 정기 간행물 출판업
업종 세세분류 및 활동명: 신문 발행업
연계 KSIC 11차 코드: 58121
연계 KSIC 11차 분류명: 신문 발행업"
221202,J,정보통신업,22,출판업,221,"서적, 잡지 및 기타 인쇄물 출판업",2212,"신문, 잡지 및 정기 간행물 출판업",정기 광고 간행물 발행업,58123,정기 광고 간행물 발행업,,,,,1,"업종코드: 221202
업종 대분류: 정보통신업
업종 중분류: 출판업
업종 소분류: 서적, 잡지 및 기타 인쇄물 출판업
업종 세분류: 신문, 잡지 및 정기 간행물 출판업
업종 세세분류 및 활동명: 정기 광고 간행물 발행업
연계 KSIC 11차 코드: 58123
연계 KSIC 11차 분류명: 정기 광고 간행물 발행업"
221300,J,정보통신업,22,영상ㆍ오디오 기록물 제작 및 배급업,221,오디오물 출판 및 원판 녹음업,2213,오디오물 출판 및 원판 녹음업,음악 및 기타 오디오물 출판업,59201,음악 및 기타 오디오물 출판업,,,,,1,"업종코드: 221300
업종 대분류: 정보통신업
업종 중분류: 영상ㆍ오디오 기록물 제작 및 배급업
업종 소분류: 오디오물 출판 및 원판 녹음업
업종 세분류: 오디오물 출판 및 원판 녹음업
업종 세세분류 및 활동명: 음악 및 기타 오디오물 출판업
연계 KSIC 11차 코드: 59201
연계 KSIC 11차 분류명: 음악 및 기타 오디오물 출판업"
221900,J,정보통신업,22,출판업,221,"서적, 잡지 및 기타 인쇄물 출판업",2219,기타 인쇄물 출판업,기타 인쇄물 출판업,58190,기타 인쇄물 출판업,,,,,1,"업종코드: 221900
업종 대분류: 정보통신업
업종 중분류: 출판업
업종 소분류: 서적, 잡지 및 기타 인쇄물 출판업
업종 세분류: 기타 인쇄물 출판업
업종 세세분류 및 활동명: 기타 인쇄물 출판업
연계 KSIC 11차 코드: 58190
연계 KSIC 11차 분류명: 기타 인쇄물 출판업"
222101,C,제조업,22,인쇄 및 기록매체 복제업,222,인쇄 및 인쇄관련 산업,2221,인쇄업,경 인쇄업,18111,경 인쇄업,,,,프린트,1,"업종코드: 222101
업종 대분류: 제조업
업종 중분류: 인쇄 및 기록매체 복제업
업종 소분류: 인쇄 및 인쇄관련 산업
업종 세분류: 인쇄업
업종 세세분류 및 활동명: 경 인쇄업
연계 KSIC 11차 코드: 18111
연계 KSIC 11차 분류명: 경 인쇄업
세부설명: 프린트"
222102,C,제조업,22,인쇄 및 기록매체 복제업,222,인쇄 및 인쇄관련 산업,2221,인쇄업,스크린 인쇄업,18112,스크린 인쇄업,,,,,1,"업종코드: 222102
업종 대분류: 제조업
업종 중분류: 인쇄 및 기록매체 복제업
업종 소분류: 인쇄 및 인쇄관련 산업
업종 세분류: 인쇄업
업종 세세분류 및 활동명: 스크린 인쇄업
연계 KSIC 11차 코드: 18112
연계 KSIC 11차 분류명: 스크린 인쇄업"
222103,C,제조업,22,인쇄 및 기록매체 복제업,222,인쇄 및 인쇄관련 산업,2221,인쇄업,경 인쇄업,18111,경 인쇄업,18111,경 인쇄업,1,,1,"업종코드: 222103
업종 대분류: 제조업
업종 중분류: 인쇄 및 기록매체 복제업
업종 소분류: 인쇄 및 인쇄관련 산업
업종 세분류: 인쇄업
업종 세세분류 및 활동명: 경 인쇄업
연계 KSIC 11차 코드: 18111
연계 KSIC 11차 분류명: 경 인쇄업
주요 연계 KSIC 코드: 18111
주요 연계 KSIC 분류명: 경 인쇄업"
222104,C,제조업,22,인쇄 및 기록매체 복제업,222,인쇄 및 인쇄관련 산업,2221,인쇄업,오프셋 인쇄업,18113,오프셋 인쇄업,,,,,1,"업종코드: 222104
업종 대분류: 제조업
업종 중분류: 인쇄 및 기록매체 복제업
업종 소분류: 인쇄 및 인쇄관련 산업
업종 세분류: 인쇄업
업종 세세분류 및 활동명: 오프셋 인쇄업
연계 KSIC 11차 코드: 18113
연계 KSIC 11차 분류명: 오프셋 인쇄업"
222105,C,제조업,22,인쇄 및 기록매체 복제업,222,인쇄 및 인쇄관련 산업,2221,인쇄업,기타 인쇄업,18119,기타 인쇄업,,,,,1,"업종코드: 222105
업종 대분류: 제조업
업종 중분류: 인쇄 및 기록매체 복제업
업종 소분류: 인쇄 및 인쇄관련 산업
업종 세분류: 인쇄업
업종 세세분류 및 활동명: 기타 인쇄업
연계 KSIC 11차 코드: 18119
연계 KSIC 11차 분류명: 기타 인쇄업"
222201,C,제조업,22,인쇄 및 기록매체 복제업,222,인쇄 및 인쇄관련 산업,2222,인쇄관련 산업,제책업,18122,제책업,,,,,1,"업종코드: 222201
업종 대분류: 제조업
업종 중분류: 인쇄 및 기록매체 복제업
업종 소분류: 인쇄 및 인쇄관련 산업
업종 세분류: 인쇄관련 산업
업종 세세분류 및 활동명: 제책업
연계 KSIC 11차 코드: 18122
연계 KSIC 11차 분류명: 제책업"
222202,C,제조업,22,인쇄 및 기록매체 복제업,222,인쇄 및 인쇄관련 산업,2222,인쇄관련 산업,기타 인쇄관련 산업,18129,기타 인쇄관련 산업,,,,,1,"업종코드: 222202
업종 대분류: 제조업
업종 중분류: 인쇄 및 기록매체 복제업
업종 소분류: 인쇄 및 인쇄관련 산업
업종 세분류: 인쇄관련 산업
업종 세세분류 및 활동명: 기타 인쇄관련 산업
연계 KSIC 11차 코드: 18129
연계 KSIC 11차 분류명: 기타 인쇄관련 산업"
222203,C,제조업,22,인쇄 및 기록매체 복제업,222,인쇄 및 인쇄관련 산업,2222,인쇄관련 산업,제판 및 조판업,18121,제판 및 조판업,,,,,1,"업종코드: 222203
업종 대분류: 제조업
업종 중분류: 인쇄 및 기록매체 복제업
업종 소분류: 인쇄 및 인쇄관련 산업
업종 세분류: 인쇄관련 산업
업종 세세분류 및 활동명: 제판 및 조판업
연계 KSIC 11차 코드: 18121
연계 KSIC 11차 분류명: 제판 및 조판업"
223001,C,제조업,22,인쇄 및 기록매체 복제업,223,기록매체 복제업,2230,기록매체 복제업,기록매체 복제업,18200,기록매체 복제업,,,,,1,"업종코드: 223001
업종 대분류: 제조업
업종 중분류: 인쇄 및 기록매체 복제업
업종 소분류: 기록매체 복제업
업종 세분류: 기록매체 복제업
업종 세세분류 및 활동명: 기록매체 복제업
연계 KSIC 11차 코드: 18200
연계 KSIC 11차 분류명: 기록매체 복제업"
231001,C,제조업,23,"코크스, 연탄 및 석유정제품 제조업",231,코크스 및 연탄 제조업,2310,코크스 및 연탄 제조업,코크스 및 연탄 제조업,19100,코크스 및 연탄 제조업,,,,,1,"업종코드: 231001
업종 대분류: 제조업
업종 중분류: 코크스, 연탄 및 석유정제품 제조업
업종 소분류: 코크스 및 연탄 제조업
업종 세분류: 코크스 및 연탄 제조업
업종 세세분류 및 활동명: 코크스 및 연탄 제조업
연계 KSIC 11차 코드: 19100
연계 KSIC 11차 분류명: 코크스 및 연탄 제조업"
231002,C,제조업,23,"코크스, 연탄 및 석유정제품 제조업",231,코크스 및 연탄 제조업,2310,코크스 및 연탄 제조업,코크스 및 연탄 제조업,19100,코크스 및 연탄 제조업,,,,,1,"업종코드: 231002
업종 대분류: 제조업
업종 중분류: 코크스, 연탄 및 석유정제품 제조업
업종 소분류: 코크스 및 연탄 제조업
업종 세분류: 코크스 및 연탄 제조업
업종 세세분류 및 활동명: 코크스 및 연탄 제조업
연계 KSIC 11차 코드: 19100
연계 KSIC 11차 분류명: 코크스 및 연탄 제조업"
232100,C,제조업,23,"코크스, 연탄 및 석유정제품 제조업",232,석유 정제품 제조업,2321,원유 정제처리업,원유 정제처리업,19210,원유 정제처리업,,,,,1,"업종코드: 232100
업종 대분류: 제조업
업종 중분류: 코크스, 연탄 및 석유정제품 제조업
업종 소분류: 석유 정제품 제조업
업종 세분류: 원유 정제처리업
업종 세세분류 및 활동명: 원유 정제처리업
연계 KSIC 11차 코드: 19210
연계 KSIC 11차 분류명: 원유 정제처리업"
232101,C,제조업,23,화학 물질 및 화학제품 제조업; 의약품 제외,232,기초 화학물질 제조업,2321,기초 무기화학 물질 제조업,기타 기초 무기화학 물질 제조업,20129,기타 기초 무기화학 물질 제조업,,,,방사성물질 혼합ㆍ배합ㆍ농축,1,"업종코드: 232101
업종 대분류: 제조업
업종 중분류: 화학 물질 및 화학제품 제조업; 의약품 제외
업종 소분류: 기초 화학물질 제조업
업종 세분류: 기초 무기화학 물질 제조업
업종 세세분류 및 활동명: 기타 기초 무기화학 물질 제조업
연계 KSIC 11차 코드: 20129
연계 KSIC 11차 분류명: 기타 기초 무기화학 물질 제조업
세부설명: 방사성물질 혼합ㆍ배합ㆍ농축"
232200,C,제조업,23,"코크스, 연탄 및 석유정제품 제조업",232,석유 정제품 제조업,2322,석유 정제물 재처리업,윤활유 및 그리스 제조업,19221,윤활유 및 그리스 제조업,,,,,1,"업종코드: 232200
업종 대분류: 제조업
업종 중분류: 코크스, 연탄 및 석유정제품 제조업
업종 소분류: 석유 정제품 제조업
업종 세분류: 석유 정제물 재처리업
업종 세세분류 및 활동명: 윤활유 및 그리스 제조업
연계 KSIC 11차 코드: 19221
연계 KSIC 11차 분류명: 윤활유 및 그리스 제조업"
232201,C,제조업,23,"코크스, 연탄 및 석유정제품 제조업",232,석유 정제품 제조업,2322,석유 정제물 재처리업,기타 석유 정제물 재처리업,19229,기타 석유 정제물 재처리업,,,,,1,"업종코드: 232201
업종 대분류: 제조업
업종 중분류: 코크스, 연탄 및 석유정제품 제조업
업종 소분류: 석유 정제품 제조업
업종 세분류: 석유 정제물 재처리업
업종 세세분류 및 활동명: 기타 석유 정제물 재처리업
연계 KSIC 11차 코드: 19229
연계 KSIC 11차 분류명: 기타 석유 정제물 재처리업"
241101,C,제조업,24,화학 물질 및 화학제품 제조업; 의약품 제외,241,기초 화학물질 제조업,2411,기초 무기화학 물질 제조업,"수소 제조업 | 산소, 질소 및 기타 산업용 가스 제조업",20121 | 20122,"수소 제조업 | 산소, 질소 및 기타 산업용 가스 제조업",,,,,2,"업종코드: 241101
업종 대분류: 제조업
업종 중분류: 화학 물질 및 화학제품 제조업; 의약품 제외
업종 소분류: 기초 화학물질 제조업
업종 세분류: 기초 무기화학 물질 제조업
업종 세세분류 및 활동명: 수소 제조업 | 산소, 질소 및 기타 산업용 가스 제조업
연계 KSIC 11차 코드: 20121 | 20122
연계 KSIC 11차 분류명: 수소 제조업 | 산소, 질소 및 기타 산업용 가스 제조업"
241102,C,제조업,24,화학 물질 및 화학제품 제조업; 의약품 제외,241,기초 화학물질 제조업,2411,기초 무기화학 물질 제조업,기타 기초 무기화학 물질 제조업,20129,기타 기초 무기화학 물질 제조업,20129,기타 기초 무기화학 물질 제조업,1,,1,"업종코드: 241102
업종 대분류: 제조업
업종 중분류: 화학 물질 및 화학제품 제조업; 의약품 제외
업종 소분류: 기초 화학물질 제조업
업종 세분류: 기초 무기화학 물질 제조업
업종 세세분류 및 활동명: 기타 기초 무기화학 물질 제조업
연계 KSIC 11차 코드: 20129
연계 KSIC 11차 분류명: 기타 기초 무기화학 물질 제조업
주요 연계 KSIC 코드: 20129
주요 연계 KSIC 분류명: 기타 기초 무기화학 물질 제조업"
241105,C,제조업,24,화학 물질 및 화학제품 제조업; 의약품 제외,241,기초 화학물질 제조업,2411,기초 무기화학 물질 제조업,기타 기초 무기화학 물질 제조업,20129,기타 기초 무기화학 물질 제조업,,,,가성소다,1,"업종코드: 241105
업종 대분류: 제조업
업종 중분류: 화학 물질 및 화학제품 제조업; 의약품 제외
업종 소분류: 기초 화학물질 제조업
업종 세분류: 기초 무기화학 물질 제조업
업종 세세분류 및 활동명: 기타 기초 무기화학 물질 제조업
연계 KSIC 11차 코드: 20129
연계 KSIC 11차 분류명: 기타 기초 무기화학 물질 제조업
세부설명: 가성소다"
241106,C,제조업,24,화학 물질 및 화학제품 제조업; 의약품 제외,241,기초 화학물질 제조업,2411,기초 유기화학 물질 제조업,기타 기초 유기 화학물질 제조업,20119,기타 기초 유기 화학물질 제조업,,,,,1,"업종코드: 241106
업종 대분류: 제조업
업종 중분류: 화학 물질 및 화학제품 제조업; 의약품 제외
업종 소분류: 기초 화학물질 제조업
업종 세분류: 기초 유기화학 물질 제조업
업종 세세분류 및 활동명: 기타 기초 유기 화학물질 제조업
연계 KSIC 11차 코드: 20119
연계 KSIC 11차 분류명: 기타 기초 유기 화학물질 제조업"
241109,C,제조업,24,화학 물질 및 화학제품 제조업; 의약품 제외,241,기초 화학물질 제조업,2411,"무기 안료, 염료, 유연제 및 기타 착색제 제조업",무기 안료용 금속 산화물 및 관련 제품 제조업,20131,무기 안료용 금속 산화물 및 관련 제품 제조업,,,,,1,"업종코드: 241109
업종 대분류: 제조업
업종 중분류: 화학 물질 및 화학제품 제조업; 의약품 제외
업종 소분류: 기초 화학물질 제조업
업종 세분류: 무기 안료, 염료, 유연제 및 기타 착색제 제조업
업종 세세분류 및 활동명: 무기 안료용 금속 산화물 및 관련 제품 제조업
연계 KSIC 11차 코드: 20131
연계 KSIC 11차 분류명: 무기 안료용 금속 산화물 및 관련 제품 제조업"
241110,C,제조업,24,화학 물질 및 화학제품 제조업; 의약품 제외,241,기초 화학물질 제조업,2411,기초 유기화학 물질 제조업,석유화학계 기초 화학 물질 제조업,20111,석유화학계 기초 화학 물질 제조업,,,,,1,"업종코드: 241110
업종 대분류: 제조업
업종 중분류: 화학 물질 및 화학제품 제조업; 의약품 제외
업종 소분류: 기초 화학물질 제조업
업종 세분류: 기초 유기화학 물질 제조업
업종 세세분류 및 활동명: 석유화학계 기초 화학 물질 제조업
연계 KSIC 11차 코드: 20111
연계 KSIC 11차 분류명: 석유화학계 기초 화학 물질 제조업"
241114,C,제조업,24,화학 물질 및 화학제품 제조업; 의약품 제외,241,기초 화학물질 제조업,2411,기초 유기화학 물질 제조업,바이오매스계 기초 화학물질 제조업,20112,바이오매스계 기초 화학물질 제조업,,,,,1,"업종코드: 241114
업종 대분류: 제조업
업종 중분류: 화학 물질 및 화학제품 제조업; 의약품 제외
업종 소분류: 기초 화학물질 제조업
업종 세분류: 기초 유기화학 물질 제조업
업종 세세분류 및 활동명: 바이오매스계 기초 화학물질 제조업
연계 KSIC 11차 코드: 20112
연계 KSIC 11차 분류명: 바이오매스계 기초 화학물질 제조업"
241115,C,제조업,24,화학 물질 및 화학제품 제조업; 의약품 제외,241,기초 화학물질 제조업,2411,"무기 안료, 염료, 유연제 및 기타 착색제 제조업","염료, 조제 무기 안료, 유연제 및 기타 착색제 제조업",20132,"염료, 조제 무기 안료, 유연제 및 기타 착색제 제조업",,,,,1,"업종코드: 241115
업종 대분류: 제조업
업종 중분류: 화학 물질 및 화학제품 제조업; 의약품 제외
업종 소분류: 기초 화학물질 제조업
업종 세분류: 무기 안료, 염료, 유연제 및 기타 착색제 제조업
업종 세세분류 및 활동명: 염료, 조제 무기 안료, 유연제 및 기타 착색제 제조업
연계 KSIC 11차 코드: 20132
연계 KSIC 11차 분류명: 염료, 조제 무기 안료, 유연제 및 기타 착색제 제조업"
241200,C,제조업,24,화학 물질 및 화학제품 제조업; 의약품 제외,241,"비료, 농약 및 살균ㆍ살충제 제조업",2412,비료 및 질소 화합물 제조업,복합비료 및 기타 화학비료 제조업,20312,복합비료 및 기타 화학비료 제조업,,,,,1,"업종코드: 241200
업종 대분류: 제조업
업종 중분류: 화학 물질 및 화학제품 제조업; 의약품 제외
업종 소분류: 비료, 농약 및 살균ㆍ살충제 제조업
업종 세분류: 비료 및 질소 화합물 제조업
업종 세세분류 및 활동명: 복합비료 및 기타 화학비료 제조업
연계 KSIC 11차 코드: 20312
연계 KSIC 11차 분류명: 복합비료 및 기타 화학비료 제조업"
241201,C,제조업,24,화학 물질 및 화학제품 제조업; 의약품 제외,241,"비료, 농약 및 살균ㆍ살충제 제조업",2412,비료 및 질소 화합물 제조업,"질소 화합물, 질소ㆍ인산 및 칼리질 화학비료 제조업",20311,"질소 화합물, 질소ㆍ인산 및 칼리질 화학비료 제조업",,,,,1,"업종코드: 241201
업종 대분류: 제조업
업종 중분류: 화학 물질 및 화학제품 제조업; 의약품 제외
업종 소분류: 비료, 농약 및 살균ㆍ살충제 제조업
업종 세분류: 비료 및 질소 화합물 제조업
업종 세세분류 및 활동명: 질소 화합물, 질소ㆍ인산 및 칼리질 화학비료 제조업
연계 KSIC 11차 코드: 20311
연계 KSIC 11차 분류명: 질소 화합물, 질소ㆍ인산 및 칼리질 화학비료 제조업"
241202,C,제조업,24,화학 물질 및 화학제품 제조업; 의약품 제외,241,"비료, 농약 및 살균ㆍ살충제 제조업",2412,비료 및 질소 화합물 제조업,유기질 비료 및 상토 제조업,20313,유기질 비료 및 상토 제조업,,,,,1,"업종코드: 241202
업종 대분류: 제조업
업종 중분류: 화학 물질 및 화학제품 제조업; 의약품 제외
업종 소분류: 비료, 농약 및 살균ㆍ살충제 제조업
업종 세분류: 비료 및 질소 화합물 제조업
업종 세세분류 및 활동명: 유기질 비료 및 상토 제조업
연계 KSIC 11차 코드: 20313
연계 KSIC 11차 분류명: 유기질 비료 및 상토 제조업"
241301,C,제조업,24,화학 물질 및 화학제품 제조업; 의약품 제외,241,합성고무 및 플라스틱 물질 제조업,2413,합성고무 및 플라스틱 물질 제조업,합성고무 제조업,20201,합성고무 제조업,,,,,1,"업종코드: 241301
업종 대분류: 제조업
업종 중분류: 화학 물질 및 화학제품 제조업; 의약품 제외
업종 소분류: 합성고무 및 플라스틱 물질 제조업
업종 세분류: 합성고무 및 플라스틱 물질 제조업
업종 세세분류 및 활동명: 합성고무 제조업
연계 KSIC 11차 코드: 20201
연계 KSIC 11차 분류명: 합성고무 제조업"
241302,C,제조업,24,화학 물질 및 화학제품 제조업; 의약품 제외,241,합성고무 및 플라스틱 물질 제조업,2413,합성고무 및 플라스틱 물질 제조업,합성수지 및 기타 플라스틱 물질 제조업,20202,합성수지 및 기타 플라스틱 물질 제조업,,,,,1,"업종코드: 241302
업종 대분류: 제조업
업종 중분류: 화학 물질 및 화학제품 제조업; 의약품 제외
업종 소분류: 합성고무 및 플라스틱 물질 제조업
업종 세분류: 합성고무 및 플라스틱 물질 제조업
업종 세세분류 및 활동명: 합성수지 및 기타 플라스틱 물질 제조업
연계 KSIC 11차 코드: 20202
연계 KSIC 11차 분류명: 합성수지 및 기타 플라스틱 물질 제조업"
241303,C,제조업,24,화학 물질 및 화학제품 제조업; 의약품 제외,241,합성고무 및 플라스틱 물질 제조업,2413,합성고무 및 플라스틱 물질 제조업,혼성 및 재생 플라스틱 소재 물질 제조업,20203,혼성 및 재생 플라스틱 소재 물질 제조업,,,,,1,"업종코드: 241303
업종 대분류: 제조업
업종 중분류: 화학 물질 및 화학제품 제조업; 의약품 제외
업종 소분류: 합성고무 및 플라스틱 물질 제조업
업종 세분류: 합성고무 및 플라스틱 물질 제조업
업종 세세분류 및 활동명: 혼성 및 재생 플라스틱 소재 물질 제조업
연계 KSIC 11차 코드: 20203
연계 KSIC 11차 분류명: 혼성 및 재생 플라스틱 소재 물질 제조업"
242101,C,제조업,24,화학 물질 및 화학제품 제조업; 의약품 제외,242,"비료, 농약 및 살균ㆍ살충제 제조업",2421,살균ㆍ살충제 및 농약 제조업,화학 살균ㆍ살충제 및 농업용 약제 제조업,20321,화학 살균ㆍ살충제 및 농업용 약제 제조업,,,,"가정용,공중위생용",1,"업종코드: 242101
업종 대분류: 제조업
업종 중분류: 화학 물질 및 화학제품 제조업; 의약품 제외
업종 소분류: 비료, 농약 및 살균ㆍ살충제 제조업
업종 세분류: 살균ㆍ살충제 및 농약 제조업
업종 세세분류 및 활동명: 화학 살균ㆍ살충제 및 농업용 약제 제조업
연계 KSIC 11차 코드: 20321
연계 KSIC 11차 분류명: 화학 살균ㆍ살충제 및 농업용 약제 제조업
세부설명: 가정용,공중위생용"
242102,C,제조업,24,화학 물질 및 화학제품 제조업; 의약품 제외,242,"비료, 농약 및 살균ㆍ살충제 제조업",2421,살균ㆍ살충제 및 농약 제조업,화학 살균ㆍ살충제 및 농업용 약제 제조업,20321,화학 살균ㆍ살충제 및 농업용 약제 제조업,20321,화학 살균ㆍ살충제 및 농업용 약제 제조업,1,,1,"업종코드: 242102
업종 대분류: 제조업
업종 중분류: 화학 물질 및 화학제품 제조업; 의약품 제외
업종 소분류: 비료, 농약 및 살균ㆍ살충제 제조업
업종 세분류: 살균ㆍ살충제 및 농약 제조업
업종 세세분류 및 활동명: 화학 살균ㆍ살충제 및 농업용 약제 제조업
연계 KSIC 11차 코드: 20321
연계 KSIC 11차 분류명: 화학 살균ㆍ살충제 및 농업용 약제 제조업
주요 연계 KSIC 코드: 20321
주요 연계 KSIC 분류명: 화학 살균ㆍ살충제 및 농업용 약제 제조업"
242103,C,제조업,24,화학 물질 및 화학제품 제조업; 의약품 제외,242,"비료, 농약 및 살균ㆍ살충제 제조업",2421,살균ㆍ살충제 및 농약 제조업,생물 살균ㆍ살충제 및 식물보호제 제조업,20322,생물 살균ㆍ살충제 및 식물보호제 제조업,,,,"가정용,공중위생용",1,"업종코드: 242103
업종 대분류: 제조업
업종 중분류: 화학 물질 및 화학제품 제조업; 의약품 제외
업종 소분류: 비료, 농약 및 살균ㆍ살충제 제조업
업종 세분류: 살균ㆍ살충제 및 농약 제조업
업종 세세분류 및 활동명: 생물 살균ㆍ살충제 및 식물보호제 제조업
연계 KSIC 11차 코드: 20322
연계 KSIC 11차 분류명: 생물 살균ㆍ살충제 및 식물보호제 제조업
세부설명: 가정용,공중위생용"
242104,C,제조업,24,화학 물질 및 화학제품 제조업; 의약품 제외,242,"비료, 농약 및 살균ㆍ살충제 제조업",2421,살균ㆍ살충제 및 농약 제조업,생물 살균ㆍ살충제 및 식물보호제 제조업,20322,생물 살균ㆍ살충제 및 식물보호제 제조업,20322,생물 살균ㆍ살충제 및 식물보호제 제조업,1,,1,"업종코드: 242104
업종 대분류: 제조업
업종 중분류: 화학 물질 및 화학제품 제조업; 의약품 제외
업종 소분류: 비료, 농약 및 살균ㆍ살충제 제조업
업종 세분류: 살균ㆍ살충제 및 농약 제조업
업종 세세분류 및 활동명: 생물 살균ㆍ살충제 및 식물보호제 제조업
연계 KSIC 11차 코드: 20322
연계 KSIC 11차 분류명: 생물 살균ㆍ살충제 및 식물보호제 제조업
주요 연계 KSIC 코드: 20322
주요 연계 KSIC 분류명: 생물 살균ㆍ살충제 및 식물보호제 제조업"
242201,C,제조업,24,화학 물질 및 화학제품 제조업; 의약품 제외,242,기타 화학제품 제조업,2422,"잉크, 페인트, 코팅제 및 유사제품 제조업",인쇄 잉크 및 회화용 물감 제조업,20413,인쇄 잉크 및 회화용 물감 제조업,20413,인쇄 잉크 및 회화용 물감 제조업,2,인쇄용잉크,1,"업종코드: 242201
업종 대분류: 제조업
업종 중분류: 화학 물질 및 화학제품 제조업; 의약품 제외
업종 소분류: 기타 화학제품 제조업
업종 세분류: 잉크, 페인트, 코팅제 및 유사제품 제조업
업종 세세분류 및 활동명: 인쇄 잉크 및 회화용 물감 제조업
연계 KSIC 11차 코드: 20413
연계 KSIC 11차 분류명: 인쇄 잉크 및 회화용 물감 제조업
주요 연계 KSIC 코드: 20413
주요 연계 KSIC 분류명: 인쇄 잉크 및 회화용 물감 제조업
세부설명: 인쇄용잉크"
242202,C,제조업,24,화학 물질 및 화학제품 제조업; 의약품 제외,242,기타 화학제품 제조업,2422,"잉크, 페인트, 코팅제 및 유사제품 제조업",인쇄 잉크 및 회화용 물감 제조업,20413,인쇄 잉크 및 회화용 물감 제조업,20413,인쇄 잉크 및 회화용 물감 제조업,2,회화용물감,1,"업종코드: 242202
업종 대분류: 제조업
업종 중분류: 화학 물질 및 화학제품 제조업; 의약품 제외
업종 소분류: 기타 화학제품 제조업
업종 세분류: 잉크, 페인트, 코팅제 및 유사제품 제조업
업종 세세분류 및 활동명: 인쇄 잉크 및 회화용 물감 제조업
연계 KSIC 11차 코드: 20413
연계 KSIC 11차 분류명: 인쇄 잉크 및 회화용 물감 제조업
주요 연계 KSIC 코드: 20413
주요 연계 KSIC 분류명: 인쇄 잉크 및 회화용 물감 제조업
세부설명: 회화용물감"
242203,C,제조업,24,화학 물질 및 화학제품 제조업; 의약품 제외,242,기타 화학제품 제조업,2422,"잉크, 페인트, 코팅제 및 유사제품 제조업",일반용 도료 및 관련제품 제조업,20411,일반용 도료 및 관련제품 제조업,,,,칠기 옻칠 및 캐슈 제조,1,"업종코드: 242203
업종 대분류: 제조업
업종 중분류: 화학 물질 및 화학제품 제조업; 의약품 제외
업종 소분류: 기타 화학제품 제조업
업종 세분류: 잉크, 페인트, 코팅제 및 유사제품 제조업
업종 세세분류 및 활동명: 일반용 도료 및 관련제품 제조업
연계 KSIC 11차 코드: 20411
연계 KSIC 11차 분류명: 일반용 도료 및 관련제품 제조업
세부설명: 칠기 옻칠 및 캐슈 제조"
242204,C,제조업,24,화학 물질 및 화학제품 제조업; 의약품 제외,242,기타 화학제품 제조업,2422,"잉크, 페인트, 코팅제 및 유사제품 제조업",일반용 도료 및 관련제품 제조업,20411,일반용 도료 및 관련제품 제조업,20411,일반용 도료 및 관련제품 제조업,1,,1,"업종코드: 242204
업종 대분류: 제조업
업종 중분류: 화학 물질 및 화학제품 제조업; 의약품 제외
업종 소분류: 기타 화학제품 제조업
업종 세분류: 잉크, 페인트, 코팅제 및 유사제품 제조업
업종 세세분류 및 활동명: 일반용 도료 및 관련제품 제조업
연계 KSIC 11차 코드: 20411
연계 KSIC 11차 분류명: 일반용 도료 및 관련제품 제조업
주요 연계 KSIC 코드: 20411
주요 연계 KSIC 분류명: 일반용 도료 및 관련제품 제조업"
242205,C,제조업,24,화학 물질 및 화학제품 제조업; 의약품 제외,242,기타 화학제품 제조업,2422,"잉크, 페인트, 코팅제 및 유사제품 제조업",요업용 도포제 및 관련제품 제조업,20412,요업용 도포제 및 관련제품 제조업,,,,,1,"업종코드: 242205
업종 대분류: 제조업
업종 중분류: 화학 물질 및 화학제품 제조업; 의약품 제외
업종 소분류: 기타 화학제품 제조업
업종 세분류: 잉크, 페인트, 코팅제 및 유사제품 제조업
업종 세세분류 및 활동명: 요업용 도포제 및 관련제품 제조업
연계 KSIC 11차 코드: 20412
연계 KSIC 11차 분류명: 요업용 도포제 및 관련제품 제조업"
242301,C,제조업,24,의료용 물질 및 의약품 제조업,242,의약품 제조업,2423,완제 의약품 제조업,생물 의약품 제조업 | 합성의약품 및 기타 완제 의약품 제조업,21211 | 21212,생물 의약품 제조업 | 합성의약품 및 기타 완제 의약품 제조업,,,,,2,"업종코드: 242301
업종 대분류: 제조업
업종 중분류: 의료용 물질 및 의약품 제조업
업종 소분류: 의약품 제조업
업종 세분류: 완제 의약품 제조업
업종 세세분류 및 활동명: 생물 의약품 제조업 | 합성의약품 및 기타 완제 의약품 제조업
연계 KSIC 11차 코드: 21211 | 21212
연계 KSIC 11차 분류명: 생물 의약품 제조업 | 합성의약품 및 기타 완제 의약품 제조업"
242302,C,제조업,24,의료용 물질 및 의약품 제조업,242,의약품 제조업,2423,한의약품 제조업,한의약품 제조업,21220,한의약품 제조업,,,,,1,"업종코드: 242302
업종 대분류: 제조업
업종 중분류: 의료용 물질 및 의약품 제조업
업종 소분류: 의약품 제조업
업종 세분류: 한의약품 제조업
업종 세세분류 및 활동명: 한의약품 제조업
연계 KSIC 11차 코드: 21220
연계 KSIC 11차 분류명: 한의약품 제조업"
242303,C,제조업,24,의료용 물질 및 의약품 제조업,242,기초 의약 물질 제조업,2423,기초 의약 물질 제조업,기초 의약 물질 제조업,21100,기초 의약 물질 제조업,21100,기초 의약 물질 제조업,1,,1,"업종코드: 242303
업종 대분류: 제조업
업종 중분류: 의료용 물질 및 의약품 제조업
업종 소분류: 기초 의약 물질 제조업
업종 세분류: 기초 의약 물질 제조업
업종 세세분류 및 활동명: 기초 의약 물질 제조업
연계 KSIC 11차 코드: 21100
연계 KSIC 11차 분류명: 기초 의약 물질 제조업
주요 연계 KSIC 코드: 21100
주요 연계 KSIC 분류명: 기초 의약 물질 제조업"
242304,C,제조업,24,의료용 물질 및 의약품 제조업,242,의약품 제조업,2423,동물용 의약품 제조업,동물용 의약품 제조업,21230,동물용 의약품 제조업,,,,,1,"업종코드: 242304
업종 대분류: 제조업
업종 중분류: 의료용 물질 및 의약품 제조업
업종 소분류: 의약품 제조업
업종 세분류: 동물용 의약품 제조업
업종 세세분류 및 활동명: 동물용 의약품 제조업
연계 KSIC 11차 코드: 21230
연계 KSIC 11차 분류명: 동물용 의약품 제조업"
242305,C,제조업,24,의료용 물질 및 의약품 제조업,242,의료용품 및 기타 의약 관련제품 제조업 | 기초 의약 물질 제조업,2423,의료용품 및 기타 의약 관련제품 제조업 | 기초 의약 물질 제조업,체외 진단 시약 제조업 | 기초 의약 물질 제조업,21301 | 21100,체외 진단 시약 제조업 | 기초 의약 물질 제조업,,,,생물학적 제제 제조,2,"업종코드: 242305
업종 대분류: 제조업
업종 중분류: 의료용 물질 및 의약품 제조업
업종 소분류: 의료용품 및 기타 의약 관련제품 제조업 | 기초 의약 물질 제조업
업종 세분류: 의료용품 및 기타 의약 관련제품 제조업 | 기초 의약 물질 제조업
업종 세세분류 및 활동명: 체외 진단 시약 제조업 | 기초 의약 물질 제조업
연계 KSIC 11차 코드: 21301 | 21100
연계 KSIC 11차 분류명: 체외 진단 시약 제조업 | 기초 의약 물질 제조업
세부설명: 생물학적 제제 제조"
242309,C,제조업,24,의료용 물질 및 의약품 제조업,242,의료용품 및 기타 의약 관련제품 제조업,2423,의료용품 및 기타 의약 관련제품 제조업,체외 진단 시약 제조업 | 그 외 기타 의료용품 및 의약 관련제품 제조업,21301 | 21309,체외 진단 시약 제조업 | 그 외 기타 의료용품 및 의약 관련제품 제조업,,,,,2,"업종코드: 242309
업종 대분류: 제조업
업종 중분류: 의료용 물질 및 의약품 제조업
업종 소분류: 의료용품 및 기타 의약 관련제품 제조업
업종 세분류: 의료용품 및 기타 의약 관련제품 제조업
업종 세세분류 및 활동명: 체외 진단 시약 제조업 | 그 외 기타 의료용품 및 의약 관련제품 제조업
연계 KSIC 11차 코드: 21301 | 21309
연계 KSIC 11차 분류명: 체외 진단 시약 제조업 | 그 외 기타 의료용품 및 의약 관련제품 제조업"
242401,C,제조업,24,화학 물질 및 화학제품 제조업; 의약품 제외,242,기타 화학제품 제조업,2424,"세제, 화장품 및 광택제 제조업","치약, 비누 및 기타 세제 제조업",20422,"치약, 비누 및 기타 세제 제조업",,,,세탁비누,1,"업종코드: 242401
업종 대분류: 제조업
업종 중분류: 화학 물질 및 화학제품 제조업; 의약품 제외
업종 소분류: 기타 화학제품 제조업
업종 세분류: 세제, 화장품 및 광택제 제조업
업종 세세분류 및 활동명: 치약, 비누 및 기타 세제 제조업
연계 KSIC 11차 코드: 20422
연계 KSIC 11차 분류명: 치약, 비누 및 기타 세제 제조업
세부설명: 세탁비누"
242402,C,제조업,24,화학 물질 및 화학제품 제조업; 의약품 제외,242,기타 화학제품 제조업,2424,"세제, 화장품 및 광택제 제조업","치약, 비누 및 기타 세제 제조업",20422,"치약, 비누 및 기타 세제 제조업",20422,"치약, 비누 및 기타 세제 제조업",1,,1,"업종코드: 242402
업종 대분류: 제조업
업종 중분류: 화학 물질 및 화학제품 제조업; 의약품 제외
업종 소분류: 기타 화학제품 제조업
업종 세분류: 세제, 화장품 및 광택제 제조업
업종 세세분류 및 활동명: 치약, 비누 및 기타 세제 제조업
연계 KSIC 11차 코드: 20422
연계 KSIC 11차 분류명: 치약, 비누 및 기타 세제 제조업
주요 연계 KSIC 코드: 20422
주요 연계 KSIC 분류명: 치약, 비누 및 기타 세제 제조업"
242403,C,제조업,24,화학 물질 및 화학제품 제조업; 의약품 제외,242,기타 화학제품 제조업,2424,"세제, 화장품 및 광택제 제조업",화장품 제조업,20423,화장품 제조업,,,,,1,"업종코드: 242403
업종 대분류: 제조업
업종 중분류: 화학 물질 및 화학제품 제조업; 의약품 제외
업종 소분류: 기타 화학제품 제조업
업종 세분류: 세제, 화장품 및 광택제 제조업
업종 세세분류 및 활동명: 화장품 제조업
연계 KSIC 11차 코드: 20423
연계 KSIC 11차 분류명: 화장품 제조업"
242404,C,제조업,24,화학 물질 및 화학제품 제조업; 의약품 제외,242,기타 화학제품 제조업,2424,"세제, 화장품 및 광택제 제조업",계면활성제 제조업,20421,계면활성제 제조업,,,,,1,"업종코드: 242404
업종 대분류: 제조업
업종 중분류: 화학 물질 및 화학제품 제조업; 의약품 제외
업종 소분류: 기타 화학제품 제조업
업종 세분류: 세제, 화장품 및 광택제 제조업
업종 세세분류 및 활동명: 계면활성제 제조업
연계 KSIC 11차 코드: 20421
연계 KSIC 11차 분류명: 계면활성제 제조업"
242405,C,제조업,24,화학 물질 및 화학제품 제조업; 의약품 제외,242,기타 화학제품 제조업,2424,"세제, 화장품 및 광택제 제조업",표면 광택제 및 실내 가향제 제조업,20424,표면 광택제 및 실내 가향제 제조업,20424,표면 광택제 및 실내 가향제 제조업,2,표면광택제,1,"업종코드: 242405
업종 대분류: 제조업
업종 중분류: 화학 물질 및 화학제품 제조업; 의약품 제외
업종 소분류: 기타 화학제품 제조업
업종 세분류: 세제, 화장품 및 광택제 제조업
업종 세세분류 및 활동명: 표면 광택제 및 실내 가향제 제조업
연계 KSIC 11차 코드: 20424
연계 KSIC 11차 분류명: 표면 광택제 및 실내 가향제 제조업
주요 연계 KSIC 코드: 20424
주요 연계 KSIC 분류명: 표면 광택제 및 실내 가향제 제조업
세부설명: 표면광택제"
242406,C,제조업,24,화학 물질 및 화학제품 제조업; 의약품 제외,242,기타 화학제품 제조업,2424,"세제, 화장품 및 광택제 제조업",표면 광택제 및 실내 가향제 제조업,20424,표면 광택제 및 실내 가향제 제조업,20424,표면 광택제 및 실내 가향제 제조업,2,실내가향제,1,"업종코드: 242406
업종 대분류: 제조업
업종 중분류: 화학 물질 및 화학제품 제조업; 의약품 제외
업종 소분류: 기타 화학제품 제조업
업종 세분류: 세제, 화장품 및 광택제 제조업
업종 세세분류 및 활동명: 표면 광택제 및 실내 가향제 제조업
연계 KSIC 11차 코드: 20424
연계 KSIC 11차 분류명: 표면 광택제 및 실내 가향제 제조업
주요 연계 KSIC 코드: 20424
주요 연계 KSIC 분류명: 표면 광택제 및 실내 가향제 제조업
세부설명: 실내가향제"
242901,C,제조업,24,화학 물질 및 화학제품 제조업; 의약품 제외,242,기타 화학제품 제조업,2429,그 외 기타 화학제품 제조업,접착제 및 젤라틴 제조업,20493,접착제 및 젤라틴 제조업,,,,,1,"업종코드: 242901
업종 대분류: 제조업
업종 중분류: 화학 물질 및 화학제품 제조업; 의약품 제외
업종 소분류: 기타 화학제품 제조업
업종 세분류: 그 외 기타 화학제품 제조업
업종 세세분류 및 활동명: 접착제 및 젤라틴 제조업
연계 KSIC 11차 코드: 20493
연계 KSIC 11차 분류명: 접착제 및 젤라틴 제조업"
242902,C,제조업,24,"전자 부품, 컴퓨터, 영상, 음향 및 통신장비 제조업",242,마그네틱 및 광학 매체 제조업,2429,마그네틱 및 광학 매체 제조업,마그네틱 및 광학 매체 제조업,26600,마그네틱 및 광학 매체 제조업,,,,,1,"업종코드: 242902
업종 대분류: 제조업
업종 중분류: 전자 부품, 컴퓨터, 영상, 음향 및 통신장비 제조업
업종 소분류: 마그네틱 및 광학 매체 제조업
업종 세분류: 마그네틱 및 광학 매체 제조업
업종 세세분류 및 활동명: 마그네틱 및 광학 매체 제조업
연계 KSIC 11차 코드: 26600
연계 KSIC 11차 분류명: 마그네틱 및 광학 매체 제조업"
242903,C,제조업,24,화학 물질 및 화학제품 제조업; 의약품 제외,242,기타 화학제품 제조업,2429,그 외 기타 화학제품 제조업,그 외 기타 분류 안된 화학제품 제조업,20499,그 외 기타 분류 안된 화학제품 제조업,,,,재료처리용 조제윤활제품,1,"업종코드: 242903
업종 대분류: 제조업
업종 중분류: 화학 물질 및 화학제품 제조업; 의약품 제외
업종 소분류: 기타 화학제품 제조업
업종 세분류: 그 외 기타 화학제품 제조업
업종 세세분류 및 활동명: 그 외 기타 분류 안된 화학제품 제조업
연계 KSIC 11차 코드: 20499
연계 KSIC 11차 분류명: 그 외 기타 분류 안된 화학제품 제조업
세부설명: 재료처리용 조제윤활제품"
242904,C,제조업,24,화학 물질 및 화학제품 제조업; 의약품 제외,242,기타 화학제품 제조업,2429,그 외 기타 화학제품 제조업,가공 및 정제염 제조업,20492,가공 및 정제염 제조업,,,,,1,"업종코드: 242904
업종 대분류: 제조업
업종 중분류: 화학 물질 및 화학제품 제조업; 의약품 제외
업종 소분류: 기타 화학제품 제조업
업종 세분류: 그 외 기타 화학제품 제조업
업종 세세분류 및 활동명: 가공 및 정제염 제조업
연계 KSIC 11차 코드: 20492
연계 KSIC 11차 분류명: 가공 및 정제염 제조업"
242905,C,제조업,24,화학 물질 및 화학제품 제조업; 의약품 제외,242,기타 화학제품 제조업,2429,그 외 기타 화학제품 제조업,감광 재료 및 관련 화학제품 제조업,20491,감광 재료 및 관련 화학제품 제조업,,,,,1,"업종코드: 242905
업종 대분류: 제조업
업종 중분류: 화학 물질 및 화학제품 제조업; 의약품 제외
업종 소분류: 기타 화학제품 제조업
업종 세분류: 그 외 기타 화학제품 제조업
업종 세세분류 및 활동명: 감광 재료 및 관련 화학제품 제조업
연계 KSIC 11차 코드: 20491
연계 KSIC 11차 분류명: 감광 재료 및 관련 화학제품 제조업"
242906,C,제조업,24,화학 물질 및 화학제품 제조업; 의약품 제외,242,기타 화학제품 제조업,2429,그 외 기타 화학제품 제조업,화약 및 불꽃제품 제조업,20494,화약 및 불꽃제품 제조업,20494,화약 및 불꽃제품 제조업,1,,1,"업종코드: 242906
업종 대분류: 제조업
업종 중분류: 화학 물질 및 화학제품 제조업; 의약품 제외
업종 소분류: 기타 화학제품 제조업
업종 세분류: 그 외 기타 화학제품 제조업
업종 세세분류 및 활동명: 화약 및 불꽃제품 제조업
연계 KSIC 11차 코드: 20494
연계 KSIC 11차 분류명: 화약 및 불꽃제품 제조업
주요 연계 KSIC 코드: 20494
주요 연계 KSIC 분류명: 화약 및 불꽃제품 제조업"
242907,C,제조업,24,의료용 물질 및 의약품 제조업 | 화학 물질 및 화학제품 제조업; 의약품 제외,242,의료용품 및 기타 의약 관련제품 제조업 | 기타 화학제품 제조업,2429,의료용품 및 기타 의약 관련제품 제조업 | 그 외 기타 화학제품 제조업,체외 진단 시약 제조업 | 그 외 기타 분류 안된 화학제품 제조업,21301 | 20499,체외 진단 시약 제조업 | 그 외 기타 분류 안된 화학제품 제조업,20499,그 외 기타 분류 안된 화학제품 제조업,1,,2,"업종코드: 242907
업종 대분류: 제조업
업종 중분류: 의료용 물질 및 의약품 제조업 | 화학 물질 및 화학제품 제조업; 의약품 제외
업종 소분류: 의료용품 및 기타 의약 관련제품 제조업 | 기타 화학제품 제조업
업종 세분류: 의료용품 및 기타 의약 관련제품 제조업 | 그 외 기타 화학제품 제조업
업종 세세분류 및 활동명: 체외 진단 시약 제조업 | 그 외 기타 분류 안된 화학제품 제조업
연계 KSIC 11차 코드: 21301 | 20499
연계 KSIC 11차 분류명: 체외 진단 시약 제조업 | 그 외 기타 분류 안된 화학제품 제조업
주요 연계 KSIC 코드: 20499
주요 연계 KSIC 분류명: 그 외 기타 분류 안된 화학제품 제조업"
242908,C,제조업,24,화학 물질 및 화학제품 제조업; 의약품 제외,242,기타 화학제품 제조업,2429,그 외 기타 화학제품 제조업,바이오 연료 및 혼합물 제조업,20495,바이오 연료 및 혼합물 제조업,,,,,1,"업종코드: 242908
업종 대분류: 제조업
업종 중분류: 화학 물질 및 화학제품 제조업; 의약품 제외
업종 소분류: 기타 화학제품 제조업
업종 세분류: 그 외 기타 화학제품 제조업
업종 세세분류 및 활동명: 바이오 연료 및 혼합물 제조업
연계 KSIC 11차 코드: 20495
연계 KSIC 11차 분류명: 바이오 연료 및 혼합물 제조업"
243000,C,제조업,24,화학 물질 및 화학제품 제조업; 의약품 제외,243,화학섬유 제조업,2430,화학섬유 제조업,합성섬유 제조업,20501,합성섬유 제조업,,,,,1,"업종코드: 243000
업종 대분류: 제조업
업종 중분류: 화학 물질 및 화학제품 제조업; 의약품 제외
업종 소분류: 화학섬유 제조업
업종 세분류: 화학섬유 제조업
업종 세세분류 및 활동명: 합성섬유 제조업
연계 KSIC 11차 코드: 20501
연계 KSIC 11차 분류명: 합성섬유 제조업"
243001,C,제조업,24,화학 물질 및 화학제품 제조업; 의약품 제외,243,화학섬유 제조업,2430,화학섬유 제조업,재생 섬유 제조업,20502,재생 섬유 제조업,,,,,1,"업종코드: 243001
업종 대분류: 제조업
업종 중분류: 화학 물질 및 화학제품 제조업; 의약품 제외
업종 소분류: 화학섬유 제조업
업종 세분류: 화학섬유 제조업
업종 세세분류 및 활동명: 재생 섬유 제조업
연계 KSIC 11차 코드: 20502
연계 KSIC 11차 분류명: 재생 섬유 제조업"
251101,C,제조업,25,고무 및 플라스틱제품 제조업,251,고무제품 제조업,2511,고무 타이어 및 튜브 생산업,고무 타이어 및 튜브 제조업,22110,고무 타이어 및 튜브 제조업,22110,고무 타이어 및 튜브 제조업,1,,1,"업종코드: 251101
업종 대분류: 제조업
업종 중분류: 고무 및 플라스틱제품 제조업
업종 소분류: 고무제품 제조업
업종 세분류: 고무 타이어 및 튜브 생산업
업종 세세분류 및 활동명: 고무 타이어 및 튜브 제조업
연계 KSIC 11차 코드: 22110
연계 KSIC 11차 분류명: 고무 타이어 및 튜브 제조업
주요 연계 KSIC 코드: 22110
주요 연계 KSIC 분류명: 고무 타이어 및 튜브 제조업"
251102,C,제조업,25,고무 및 플라스틱제품 제조업,251,고무제품 제조업,2511,고무 타이어 및 튜브 생산업,고무 타이어 및 튜브 제조업,22110,고무 타이어 및 튜브 제조업,,,,재생타이어,1,"업종코드: 251102
업종 대분류: 제조업
업종 중분류: 고무 및 플라스틱제품 제조업
업종 소분류: 고무제품 제조업
업종 세분류: 고무 타이어 및 튜브 생산업
업종 세세분류 및 활동명: 고무 타이어 및 튜브 제조업
연계 KSIC 11차 코드: 22110
연계 KSIC 11차 분류명: 고무 타이어 및 튜브 제조업
세부설명: 재생타이어"
251901,C,제조업,25,고무 및 플라스틱제품 제조업,251,고무제품 제조업,2519,기타 고무제품 제조업,산업용 그 외 비경화 고무제품 제조업,22192,산업용 그 외 비경화 고무제품 제조업,,,,,1,"업종코드: 251901
업종 대분류: 제조업
업종 중분류: 고무 및 플라스틱제품 제조업
업종 소분류: 고무제품 제조업
업종 세분류: 기타 고무제품 제조업
업종 세세분류 및 활동명: 산업용 그 외 비경화 고무제품 제조업
연계 KSIC 11차 코드: 22192
연계 KSIC 11차 분류명: 산업용 그 외 비경화 고무제품 제조업"
251902,C,제조업,25,고무 및 플라스틱제품 제조업,251,고무제품 제조업,2519,기타 고무제품 제조업,그 외 기타 고무제품 제조업,22199,그 외 기타 고무제품 제조업,,,,,1,"업종코드: 251902
업종 대분류: 제조업
업종 중분류: 고무 및 플라스틱제품 제조업
업종 소분류: 고무제품 제조업
업종 세분류: 기타 고무제품 제조업
업종 세세분류 및 활동명: 그 외 기타 고무제품 제조업
연계 KSIC 11차 코드: 22199
연계 KSIC 11차 분류명: 그 외 기타 고무제품 제조업"
251903,C,제조업,25,고무 및 플라스틱제품 제조업,251,고무제품 제조업,2519,기타 고무제품 제조업,고무 패킹류 제조업,22191,고무 패킹류 제조업,,,,,1,"업종코드: 251903
업종 대분류: 제조업
업종 중분류: 고무 및 플라스틱제품 제조업
업종 소분류: 고무제품 제조업
업종 세분류: 기타 고무제품 제조업
업종 세세분류 및 활동명: 고무 패킹류 제조업
연계 KSIC 11차 코드: 22191
연계 KSIC 11차 분류명: 고무 패킹류 제조업"
251904,C,제조업,25,고무 및 플라스틱제품 제조업,251,고무제품 제조업,2519,기타 고무제품 제조업,고무 의류 및 기타 위생용 비경화 고무제품 제조업,22193,고무 의류 및 기타 위생용 비경화 고무제품 제조업,,,,,1,"업종코드: 251904
업종 대분류: 제조업
업종 중분류: 고무 및 플라스틱제품 제조업
업종 소분류: 고무제품 제조업
업종 세분류: 기타 고무제품 제조업
업종 세세분류 및 활동명: 고무 의류 및 기타 위생용 비경화 고무제품 제조업
연계 KSIC 11차 코드: 22193
연계 KSIC 11차 분류명: 고무 의류 및 기타 위생용 비경화 고무제품 제조업"
252101,C,제조업,25,고무 및 플라스틱제품 제조업,252,플라스틱 제품 제조업,2521,1차 플라스틱제품 제조업,"플라스틱 선, 봉, 관 및 호스 제조업",22211,"플라스틱 선, 봉, 관 및 호스 제조업",,,,,1,"업종코드: 252101
업종 대분류: 제조업
업종 중분류: 고무 및 플라스틱제품 제조업
업종 소분류: 플라스틱 제품 제조업
업종 세분류: 1차 플라스틱제품 제조업
업종 세세분류 및 활동명: 플라스틱 선, 봉, 관 및 호스 제조업
연계 KSIC 11차 코드: 22211
연계 KSIC 11차 분류명: 플라스틱 선, 봉, 관 및 호스 제조업"
252102,C,제조업,25,고무 및 플라스틱제품 제조업,252,플라스틱 제품 제조업,2521,1차 플라스틱제품 제조업,플라스틱 필름 제조업,22212,플라스틱 필름 제조업,,,,폴리에틸렌필름의 농협 납품분,1,"업종코드: 252102
업종 대분류: 제조업
업종 중분류: 고무 및 플라스틱제품 제조업
업종 소분류: 플라스틱 제품 제조업
업종 세분류: 1차 플라스틱제품 제조업
업종 세세분류 및 활동명: 플라스틱 필름 제조업
연계 KSIC 11차 코드: 22212
연계 KSIC 11차 분류명: 플라스틱 필름 제조업
세부설명: 폴리에틸렌필름의 농협 납품분"
252103,C,제조업,25,고무 및 플라스틱제품 제조업,252,플라스틱 제품 제조업,2521,1차 플라스틱제품 제조업,플라스틱 합성피혁 제조업,22214,플라스틱 합성피혁 제조업,,,,,1,"업종코드: 252103
업종 대분류: 제조업
업종 중분류: 고무 및 플라스틱제품 제조업
업종 소분류: 플라스틱 제품 제조업
업종 세분류: 1차 플라스틱제품 제조업
업종 세세분류 및 활동명: 플라스틱 합성피혁 제조업
연계 KSIC 11차 코드: 22214
연계 KSIC 11차 분류명: 플라스틱 합성피혁 제조업"
252105,C,제조업,25,고무 및 플라스틱제품 제조업,252,플라스틱 제품 제조업,2521,1차 플라스틱제품 제조업,플라스틱 필름 제조업,22212,플라스틱 필름 제조업,22212,플라스틱 필름 제조업,1,,1,"업종코드: 252105
업종 대분류: 제조업
업종 중분류: 고무 및 플라스틱제품 제조업
업종 소분류: 플라스틱 제품 제조업
업종 세분류: 1차 플라스틱제품 제조업
업종 세세분류 및 활동명: 플라스틱 필름 제조업
연계 KSIC 11차 코드: 22212
연계 KSIC 11차 분류명: 플라스틱 필름 제조업
주요 연계 KSIC 코드: 22212
주요 연계 KSIC 분류명: 플라스틱 필름 제조업"
252106,C,제조업,25,고무 및 플라스틱제품 제조업,252,플라스틱 제품 제조업,2521,1차 플라스틱제품 제조업,플라스틱 시트 및 판 제조업,22213,플라스틱 시트 및 판 제조업,,,,,1,"업종코드: 252106
업종 대분류: 제조업
업종 중분류: 고무 및 플라스틱제품 제조업
업종 소분류: 플라스틱 제품 제조업
업종 세분류: 1차 플라스틱제품 제조업
업종 세세분류 및 활동명: 플라스틱 시트 및 판 제조업
연계 KSIC 11차 코드: 22213
연계 KSIC 11차 분류명: 플라스틱 시트 및 판 제조업"
252200,C,제조업,25,고무 및 플라스틱제품 제조업,252,플라스틱 제품 제조업,2522,플라스틱 발포 성형제품 제조업,폴리스티렌 발포 성형제품 제조업,22251,폴리스티렌 발포 성형제품 제조업,,,,,1,"업종코드: 252200
업종 대분류: 제조업
업종 중분류: 고무 및 플라스틱제품 제조업
업종 소분류: 플라스틱 제품 제조업
업종 세분류: 플라스틱 발포 성형제품 제조업
업종 세세분류 및 활동명: 폴리스티렌 발포 성형제품 제조업
연계 KSIC 11차 코드: 22251
연계 KSIC 11차 분류명: 폴리스티렌 발포 성형제품 제조업"
252201,C,제조업,25,고무 및 플라스틱제품 제조업,252,플라스틱 제품 제조업,2522,플라스틱 발포 성형제품 제조업,기타 플라스틱 발포 성형제품 제조업,22259,기타 플라스틱 발포 성형제품 제조업,,,,,1,"업종코드: 252201
업종 대분류: 제조업
업종 중분류: 고무 및 플라스틱제품 제조업
업종 소분류: 플라스틱 제품 제조업
업종 세분류: 플라스틱 발포 성형제품 제조업
업종 세세분류 및 활동명: 기타 플라스틱 발포 성형제품 제조업
연계 KSIC 11차 코드: 22259
연계 KSIC 11차 분류명: 기타 플라스틱 발포 성형제품 제조업"
252301,C,제조업,25,고무 및 플라스틱제품 제조업,252,플라스틱 제품 제조업,2523,건축용 플라스틱제품 제조업,설치용 및 위생용 플라스틱제품 제조업,22222,설치용 및 위생용 플라스틱제품 제조업,,,,,1,"업종코드: 252301
업종 대분류: 제조업
업종 중분류: 고무 및 플라스틱제품 제조업
업종 소분류: 플라스틱 제품 제조업
업종 세분류: 건축용 플라스틱제품 제조업
업종 세세분류 및 활동명: 설치용 및 위생용 플라스틱제품 제조업
연계 KSIC 11차 코드: 22222
연계 KSIC 11차 분류명: 설치용 및 위생용 플라스틱제품 제조업"
252303,C,제조업,25,고무 및 플라스틱제품 제조업,252,플라스틱 제품 제조업,2523,건축용 플라스틱제품 제조업,벽 및 바닥 피복용 플라스틱 제품 제조업,22221,벽 및 바닥 피복용 플라스틱 제품 제조업,,,,,1,"업종코드: 252303
업종 대분류: 제조업
업종 중분류: 고무 및 플라스틱제품 제조업
업종 소분류: 플라스틱 제품 제조업
업종 세분류: 건축용 플라스틱제품 제조업
업종 세세분류 및 활동명: 벽 및 바닥 피복용 플라스틱 제품 제조업
연계 KSIC 11차 코드: 22221
연계 KSIC 11차 분류명: 벽 및 바닥 피복용 플라스틱 제품 제조업"
252400,C,제조업,25,고무 및 플라스틱제품 제조업,252,플라스틱 제품 제조업,2524,건축용 플라스틱제품 제조업,플라스틱 창호 제조업,22223,플라스틱 창호 제조업,,,,,1,"업종코드: 252400
업종 대분류: 제조업
업종 중분류: 고무 및 플라스틱제품 제조업
업종 소분류: 플라스틱 제품 제조업
업종 세분류: 건축용 플라스틱제품 제조업
업종 세세분류 및 활동명: 플라스틱 창호 제조업
연계 KSIC 11차 코드: 22223
연계 KSIC 11차 분류명: 플라스틱 창호 제조업"
252401,C,제조업,25,고무 및 플라스틱제품 제조업,252,플라스틱 제품 제조업,2524,건축용 플라스틱제품 제조업,기타 건축용 플라스틱 조립제품 제조업,22229,기타 건축용 플라스틱 조립제품 제조업,,,,,1,"업종코드: 252401
업종 대분류: 제조업
업종 중분류: 고무 및 플라스틱제품 제조업
업종 소분류: 플라스틱 제품 제조업
업종 세분류: 건축용 플라스틱제품 제조업
업종 세세분류 및 활동명: 기타 건축용 플라스틱 조립제품 제조업
연계 KSIC 11차 코드: 22229
연계 KSIC 11차 분류명: 기타 건축용 플라스틱 조립제품 제조업"
252402,C,제조업,25,고무 및 플라스틱제품 제조업,252,플라스틱 제품 제조업,2524,포장용 플라스틱제품 제조업,"플라스틱 포대, 봉투 및 유사제품 제조업",22231,"플라스틱 포대, 봉투 및 유사제품 제조업",,,,,1,"업종코드: 252402
업종 대분류: 제조업
업종 중분류: 고무 및 플라스틱제품 제조업
업종 소분류: 플라스틱 제품 제조업
업종 세분류: 포장용 플라스틱제품 제조업
업종 세세분류 및 활동명: 플라스틱 포대, 봉투 및 유사제품 제조업
연계 KSIC 11차 코드: 22231
연계 KSIC 11차 분류명: 플라스틱 포대, 봉투 및 유사제품 제조업"
252403,C,제조업,25,고무 및 플라스틱제품 제조업,252,플라스틱 제품 제조업,2524,기타 플라스틱 제품 제조업,플라스틱 접착처리 제품 제조업,22291,플라스틱 접착처리 제품 제조업,,,,,1,"업종코드: 252403
업종 대분류: 제조업
업종 중분류: 고무 및 플라스틱제품 제조업
업종 소분류: 플라스틱 제품 제조업
업종 세분류: 기타 플라스틱 제품 제조업
업종 세세분류 및 활동명: 플라스틱 접착처리 제품 제조업
연계 KSIC 11차 코드: 22291
연계 KSIC 11차 분류명: 플라스틱 접착처리 제품 제조업"
252404,C,제조업,25,고무 및 플라스틱제품 제조업,252,플라스틱 제품 제조업,2524,기타 플라스틱 제품 제조업,"플라스틱 적층, 도포 및 기타 표면처리 제품 제조업",22292,"플라스틱 적층, 도포 및 기타 표면처리 제품 제조업",,,,,1,"업종코드: 252404
업종 대분류: 제조업
업종 중분류: 고무 및 플라스틱제품 제조업
업종 소분류: 플라스틱 제품 제조업
업종 세분류: 기타 플라스틱 제품 제조업
업종 세세분류 및 활동명: 플라스틱 적층, 도포 및 기타 표면처리 제품 제조업
연계 KSIC 11차 코드: 22292
연계 KSIC 11차 분류명: 플라스틱 적층, 도포 및 기타 표면처리 제품 제조업"
252901,C,제조업,25,고무 및 플라스틱제품 제조업,252,플라스틱 제품 제조업,2529,포장용 플라스틱제품 제조업,포장용 플라스틱 성형용기 제조업,22232,포장용 플라스틱 성형용기 제조업,,,,,1,"업종코드: 252901
업종 대분류: 제조업
업종 중분류: 고무 및 플라스틱제품 제조업
업종 소분류: 플라스틱 제품 제조업
업종 세분류: 포장용 플라스틱제품 제조업
업종 세세분류 및 활동명: 포장용 플라스틱 성형용기 제조업
연계 KSIC 11차 코드: 22232
연계 KSIC 11차 분류명: 포장용 플라스틱 성형용기 제조업"
252902,C,제조업,25,고무 및 플라스틱제품 제조업,252,플라스틱 제품 제조업,2529,기타 플라스틱 제품 제조업,그 외 기타 플라스틱 제품 제조업,22299,그 외 기타 플라스틱 제품 제조업,,,,가정용 플라스틱 일반 성형 제품,1,"업종코드: 252902
업종 대분류: 제조업
업종 중분류: 고무 및 플라스틱제품 제조업
업종 소분류: 플라스틱 제품 제조업
업종 세분류: 기타 플라스틱 제품 제조업
업종 세세분류 및 활동명: 그 외 기타 플라스틱 제품 제조업
연계 KSIC 11차 코드: 22299
연계 KSIC 11차 분류명: 그 외 기타 플라스틱 제품 제조업
세부설명: 가정용 플라스틱 일반 성형 제품"
252903,C,제조업,25,고무 및 플라스틱제품 제조업,252,플라스틱 제품 제조업,2529,기계장비 조립용 플라스틱제품 제조업,운송장비 조립용 플라스틱제품 제조업,22241,운송장비 조립용 플라스틱제품 제조업,,,,,1,"업종코드: 252903
업종 대분류: 제조업
업종 중분류: 고무 및 플라스틱제품 제조업
업종 소분류: 플라스틱 제품 제조업
업종 세분류: 기계장비 조립용 플라스틱제품 제조업
업종 세세분류 및 활동명: 운송장비 조립용 플라스틱제품 제조업
연계 KSIC 11차 코드: 22241
연계 KSIC 11차 분류명: 운송장비 조립용 플라스틱제품 제조업"
252904,C,제조업,25,고무 및 플라스틱제품 제조업,252,플라스틱 제품 제조업,2529,기계장비 조립용 플라스틱제품 제조업,기타 기계ㆍ장비 조립용 플라스틱제품 제조업,22249,기타 기계ㆍ장비 조립용 플라스틱제품 제조업,,,,,1,"업종코드: 252904
업종 대분류: 제조업
업종 중분류: 고무 및 플라스틱제품 제조업
업종 소분류: 플라스틱 제품 제조업
업종 세분류: 기계장비 조립용 플라스틱제품 제조업
업종 세세분류 및 활동명: 기타 기계ㆍ장비 조립용 플라스틱제품 제조업
연계 KSIC 11차 코드: 22249
연계 KSIC 11차 분류명: 기타 기계ㆍ장비 조립용 플라스틱제품 제조업"
252909,C,제조업,25,고무 및 플라스틱제품 제조업,252,플라스틱 제품 제조업,2529,기타 플라스틱 제품 제조업,그 외 기타 플라스틱 제품 제조업,22299,그 외 기타 플라스틱 제품 제조업,22299,그 외 기타 플라스틱 제품 제조업,1,,1,"업종코드: 252909
업종 대분류: 제조업
업종 중분류: 고무 및 플라스틱제품 제조업
업종 소분류: 플라스틱 제품 제조업
업종 세분류: 기타 플라스틱 제품 제조업
업종 세세분류 및 활동명: 그 외 기타 플라스틱 제품 제조업
연계 KSIC 11차 코드: 22299
연계 KSIC 11차 분류명: 그 외 기타 플라스틱 제품 제조업
주요 연계 KSIC 코드: 22299
주요 연계 KSIC 분류명: 그 외 기타 플라스틱 제품 제조업"
261001,C,제조업,26,비금속 광물제품 제조업,261,유리 및 유리제품 제조업,2610,판유리 및 판유리 가공품 제조업,판유리 제조업,23111,판유리 제조업,,,,,1,"업종코드: 261001
업종 대분류: 제조업
업종 중분류: 비금속 광물제품 제조업
업종 소분류: 유리 및 유리제품 제조업
업종 세분류: 판유리 및 판유리 가공품 제조업
업종 세세분류 및 활동명: 판유리 제조업
연계 KSIC 11차 코드: 23111
연계 KSIC 11차 분류명: 판유리 제조업"
261002,C,제조업,26,비금속 광물제품 제조업,261,유리 및 유리제품 제조업,2610,기타 유리제품 제조업,가정용 유리제품 제조업,23191,가정용 유리제품 제조업,,,,,1,"업종코드: 261002
업종 대분류: 제조업
업종 중분류: 비금속 광물제품 제조업
업종 소분류: 유리 및 유리제품 제조업
업종 세분류: 기타 유리제품 제조업
업종 세세분류 및 활동명: 가정용 유리제품 제조업
연계 KSIC 11차 코드: 23191
연계 KSIC 11차 분류명: 가정용 유리제품 제조업"
261004,C,제조업,26,비금속 광물제품 제조업,261,유리 및 유리제품 제조업,2610,판유리 및 판유리 가공품 제조업,안전유리 제조업,23112,안전유리 제조업,,,,,1,"업종코드: 261004
업종 대분류: 제조업
업종 중분류: 비금속 광물제품 제조업
업종 소분류: 유리 및 유리제품 제조업
업종 세분류: 판유리 및 판유리 가공품 제조업
업종 세세분류 및 활동명: 안전유리 제조업
연계 KSIC 11차 코드: 23112
연계 KSIC 11차 분류명: 안전유리 제조업"
261005,C,제조업,26,비금속 광물제품 제조업,261,유리 및 유리제품 제조업,2610,판유리 및 판유리 가공품 제조업,기타 판유리 가공품 제조업,23119,기타 판유리 가공품 제조업,,,,,1,"업종코드: 261005
업종 대분류: 제조업
업종 중분류: 비금속 광물제품 제조업
업종 소분류: 유리 및 유리제품 제조업
업종 세분류: 판유리 및 판유리 가공품 제조업
업종 세세분류 및 활동명: 기타 판유리 가공품 제조업
연계 KSIC 11차 코드: 23119
연계 KSIC 11차 분류명: 기타 판유리 가공품 제조업"
261006,C,제조업,26,비금속 광물제품 제조업,261,유리 및 유리제품 제조업,2610,산업용 유리 제조업,"1차 유리제품, 유리섬유 및 광학용 유리 제조업",23121,"1차 유리제품, 유리섬유 및 광학용 유리 제조업",,,,,1,"업종코드: 261006
업종 대분류: 제조업
업종 중분류: 비금속 광물제품 제조업
업종 소분류: 유리 및 유리제품 제조업
업종 세분류: 산업용 유리 제조업
업종 세세분류 및 활동명: 1차 유리제품, 유리섬유 및 광학용 유리 제조업
연계 KSIC 11차 코드: 23121
연계 KSIC 11차 분류명: 1차 유리제품, 유리섬유 및 광학용 유리 제조업"
261007,C,제조업,26,비금속 광물제품 제조업,261,유리 및 유리제품 제조업,2610,산업용 유리 제조업,디스플레이 장치용 유리 제조업,23122,디스플레이 장치용 유리 제조업,,,,,1,"업종코드: 261007
업종 대분류: 제조업
업종 중분류: 비금속 광물제품 제조업
업종 소분류: 유리 및 유리제품 제조업
업종 세분류: 산업용 유리 제조업
업종 세세분류 및 활동명: 디스플레이 장치용 유리 제조업
연계 KSIC 11차 코드: 23122
연계 KSIC 11차 분류명: 디스플레이 장치용 유리 제조업"
261008,C,제조업,26,비금속 광물제품 제조업,261,유리 및 유리제품 제조업,2610,산업용 유리 제조업,기타 산업용 유리제품 제조업,23129,기타 산업용 유리제품 제조업,,,,,1,"업종코드: 261008
업종 대분류: 제조업
업종 중분류: 비금속 광물제품 제조업
업종 소분류: 유리 및 유리제품 제조업
업종 세분류: 산업용 유리 제조업
업종 세세분류 및 활동명: 기타 산업용 유리제품 제조업
연계 KSIC 11차 코드: 23129
연계 KSIC 11차 분류명: 기타 산업용 유리제품 제조업"
261009,C,제조업,26,비금속 광물제품 제조업,261,유리 및 유리제품 제조업,2610,기타 유리제품 제조업,포장용 유리용기 제조업,23192,포장용 유리용기 제조업,,,,,1,"업종코드: 261009
업종 대분류: 제조업
업종 중분류: 비금속 광물제품 제조업
업종 소분류: 유리 및 유리제품 제조업
업종 세분류: 기타 유리제품 제조업
업종 세세분류 및 활동명: 포장용 유리용기 제조업
연계 KSIC 11차 코드: 23192
연계 KSIC 11차 분류명: 포장용 유리용기 제조업"
261011,C,제조업,26,비금속 광물제품 제조업,261,유리 및 유리제품 제조업,2610,기타 유리제품 제조업,그 외 기타 유리제품 제조업,23199,그 외 기타 유리제품 제조업,,,,,1,"업종코드: 261011
업종 대분류: 제조업
업종 중분류: 비금속 광물제품 제조업
업종 소분류: 유리 및 유리제품 제조업
업종 세분류: 기타 유리제품 제조업
업종 세세분류 및 활동명: 그 외 기타 유리제품 제조업
연계 KSIC 11차 코드: 23199
연계 KSIC 11차 분류명: 그 외 기타 유리제품 제조업"
269100,C,제조업,26,비금속 광물제품 제조업,269,"내화, 비내화 요업제품 제조업",2691,비내화 일반 도자기 제조업,가정용 및 장식용 도자기 제조업,23221,가정용 및 장식용 도자기 제조업,,,,,1,"업종코드: 269100
업종 대분류: 제조업
업종 중분류: 비금속 광물제품 제조업
업종 소분류: 내화, 비내화 요업제품 제조업
업종 세분류: 비내화 일반 도자기 제조업
업종 세세분류 및 활동명: 가정용 및 장식용 도자기 제조업
연계 KSIC 11차 코드: 23221
연계 KSIC 11차 분류명: 가정용 및 장식용 도자기 제조업"
269101,C,제조업,26,비금속 광물제품 제조업,269,"내화, 비내화 요업제품 제조업",2691,비내화 일반 도자기 제조업,위생용 및 산업용 도자기 제조업,23222,위생용 및 산업용 도자기 제조업,,,,,1,"업종코드: 269101
업종 대분류: 제조업
업종 중분류: 비금속 광물제품 제조업
업종 소분류: 내화, 비내화 요업제품 제조업
업종 세분류: 비내화 일반 도자기 제조업
업종 세세분류 및 활동명: 위생용 및 산업용 도자기 제조업
연계 KSIC 11차 코드: 23222
연계 KSIC 11차 분류명: 위생용 및 산업용 도자기 제조업"
269102,C,제조업,26,비금속 광물제품 제조업,269,"내화, 비내화 요업제품 제조업",2691,비내화 일반 도자기 제조업,기타 일반 도자기 제조업,23229,기타 일반 도자기 제조업,,,,,1,"업종코드: 269102
업종 대분류: 제조업
업종 중분류: 비금속 광물제품 제조업
업종 소분류: 내화, 비내화 요업제품 제조업
업종 세분류: 비내화 일반 도자기 제조업
업종 세세분류 및 활동명: 기타 일반 도자기 제조업
연계 KSIC 11차 코드: 23229
연계 KSIC 11차 분류명: 기타 일반 도자기 제조업"
269200,C,제조업,26,비금속 광물제품 제조업,269,"내화, 비내화 요업제품 제조업",2692,내화 요업제품 제조업,정형 내화 요업제품 제조업,23211,정형 내화 요업제품 제조업,,,,,1,"업종코드: 269200
업종 대분류: 제조업
업종 중분류: 비금속 광물제품 제조업
업종 소분류: 내화, 비내화 요업제품 제조업
업종 세분류: 내화 요업제품 제조업
업종 세세분류 및 활동명: 정형 내화 요업제품 제조업
연계 KSIC 11차 코드: 23211
연계 KSIC 11차 분류명: 정형 내화 요업제품 제조업"
269201,C,제조업,26,비금속 광물제품 제조업,269,"내화, 비내화 요업제품 제조업",2692,내화 요업제품 제조업,부정형 내화 요업제품 제조업,23212,부정형 내화 요업제품 제조업,,,,,1,"업종코드: 269201
업종 대분류: 제조업
업종 중분류: 비금속 광물제품 제조업
업종 소분류: 내화, 비내화 요업제품 제조업
업종 세분류: 내화 요업제품 제조업
업종 세세분류 및 활동명: 부정형 내화 요업제품 제조업
연계 KSIC 11차 코드: 23212
연계 KSIC 11차 분류명: 부정형 내화 요업제품 제조업"
269300,C,제조업,26,비금속 광물제품 제조업,269,"내화, 비내화 요업제품 제조업",2693,건축용 비내화 요업제품 제조업,타일 및 유사 비내화 요업제품 제조업,23232,타일 및 유사 비내화 요업제품 제조업,,,,,1,"업종코드: 269300
업종 대분류: 제조업
업종 중분류: 비금속 광물제품 제조업
업종 소분류: 내화, 비내화 요업제품 제조업
업종 세분류: 건축용 비내화 요업제품 제조업
업종 세세분류 및 활동명: 타일 및 유사 비내화 요업제품 제조업
연계 KSIC 11차 코드: 23232
연계 KSIC 11차 분류명: 타일 및 유사 비내화 요업제품 제조업"
269301,C,제조업,26,비금속 광물제품 제조업,269,"내화, 비내화 요업제품 제조업",2693,건축용 비내화 요업제품 제조업,"점토 벽돌, 블록 및 유사 비내화 요업제품 제조업",23231,"점토 벽돌, 블록 및 유사 비내화 요업제품 제조업",,,,,1,"업종코드: 269301
업종 대분류: 제조업
업종 중분류: 비금속 광물제품 제조업
업종 소분류: 내화, 비내화 요업제품 제조업
업종 세분류: 건축용 비내화 요업제품 제조업
업종 세세분류 및 활동명: 점토 벽돌, 블록 및 유사 비내화 요업제품 제조업
연계 KSIC 11차 코드: 23231
연계 KSIC 11차 분류명: 점토 벽돌, 블록 및 유사 비내화 요업제품 제조업"
269302,C,제조업,26,비금속 광물제품 제조업,269,"내화, 비내화 요업제품 제조업",2693,건축용 비내화 요업제품 제조업,기타 건축용 비내화 요업제품 제조업,23239,기타 건축용 비내화 요업제품 제조업,,,,,1,"업종코드: 269302
업종 대분류: 제조업
업종 중분류: 비금속 광물제품 제조업
업종 소분류: 내화, 비내화 요업제품 제조업
업종 세분류: 건축용 비내화 요업제품 제조업
업종 세세분류 및 활동명: 기타 건축용 비내화 요업제품 제조업
연계 KSIC 11차 코드: 23239
연계 KSIC 11차 분류명: 기타 건축용 비내화 요업제품 제조업"
269401,C,제조업,26,비금속 광물제품 제조업,269,"시멘트, 석회, 플라스터 및 그 제품 제조업",2694,"시멘트, 석회 및 플라스터 제조업",시멘트 제조업,23311,시멘트 제조업,,,,,1,"업종코드: 269401
업종 대분류: 제조업
업종 중분류: 비금속 광물제품 제조업
업종 소분류: 시멘트, 석회, 플라스터 및 그 제품 제조업
업종 세분류: 시멘트, 석회 및 플라스터 제조업
업종 세세분류 및 활동명: 시멘트 제조업
연계 KSIC 11차 코드: 23311
연계 KSIC 11차 분류명: 시멘트 제조업"
269402,C,제조업,26,비금속 광물제품 제조업,269,"시멘트, 석회, 플라스터 및 그 제품 제조업",2694,"시멘트, 석회 및 플라스터 제조업",석회 및 플라스터 제조업,23312,석회 및 플라스터 제조업,23312,석회 및 플라스터 제조업,2,석회,1,"업종코드: 269402
업종 대분류: 제조업
업종 중분류: 비금속 광물제품 제조업
업종 소분류: 시멘트, 석회, 플라스터 및 그 제품 제조업
업종 세분류: 시멘트, 석회 및 플라스터 제조업
업종 세세분류 및 활동명: 석회 및 플라스터 제조업
연계 KSIC 11차 코드: 23312
연계 KSIC 11차 분류명: 석회 및 플라스터 제조업
주요 연계 KSIC 코드: 23312
주요 연계 KSIC 분류명: 석회 및 플라스터 제조업
세부설명: 석회"
269403,C,제조업,26,비금속 광물제품 제조업,269,"시멘트, 석회, 플라스터 및 그 제품 제조업",2694,"시멘트, 석회 및 플라스터 제조업",석회 및 플라스터 제조업,23312,석회 및 플라스터 제조업,23312,석회 및 플라스터 제조업,2,플라스터,1,"업종코드: 269403
업종 대분류: 제조업
업종 중분류: 비금속 광물제품 제조업
업종 소분류: 시멘트, 석회, 플라스터 및 그 제품 제조업
업종 세분류: 시멘트, 석회 및 플라스터 제조업
업종 세세분류 및 활동명: 석회 및 플라스터 제조업
연계 KSIC 11차 코드: 23312
연계 KSIC 11차 분류명: 석회 및 플라스터 제조업
주요 연계 KSIC 코드: 23312
주요 연계 KSIC 분류명: 석회 및 플라스터 제조업
세부설명: 플라스터"
269501,C,제조업,26,비금속 광물제품 제조업,269,"시멘트, 석회, 플라스터 및 그 제품 제조업",2695,"콘크리트, 레미콘 및 기타 시멘트, 플라스터 제품 제조업",레미콘 제조업,23322,레미콘 제조업,,,,,1,"업종코드: 269501
업종 대분류: 제조업
업종 중분류: 비금속 광물제품 제조업
업종 소분류: 시멘트, 석회, 플라스터 및 그 제품 제조업
업종 세분류: 콘크리트, 레미콘 및 기타 시멘트, 플라스터 제품 제조업
업종 세세분류 및 활동명: 레미콘 제조업
연계 KSIC 11차 코드: 23322
연계 KSIC 11차 분류명: 레미콘 제조업"
269502,C,제조업,26,비금속 광물제품 제조업,269,"시멘트, 석회, 플라스터 및 그 제품 제조업",2695,"콘크리트, 레미콘 및 기타 시멘트, 플라스터 제품 제조업",플라스터 혼합제품 제조업,23323,플라스터 혼합제품 제조업,,,,,1,"업종코드: 269502
업종 대분류: 제조업
업종 중분류: 비금속 광물제품 제조업
업종 소분류: 시멘트, 석회, 플라스터 및 그 제품 제조업
업종 세분류: 콘크리트, 레미콘 및 기타 시멘트, 플라스터 제품 제조업
업종 세세분류 및 활동명: 플라스터 혼합제품 제조업
연계 KSIC 11차 코드: 23323
연계 KSIC 11차 분류명: 플라스터 혼합제품 제조업"
269503,C,제조업,26,비금속 광물제품 제조업,269,"시멘트, 석회, 플라스터 및 그 제품 제조업",2695,"콘크리트, 레미콘 및 기타 시멘트, 플라스터 제품 제조업",콘크리트 관 및 기타 구조용 콘크리트제품 제조업,23325,콘크리트 관 및 기타 구조용 콘크리트제품 제조업,,,,"관, 받침대, 빔",1,"업종코드: 269503
업종 대분류: 제조업
업종 중분류: 비금속 광물제품 제조업
업종 소분류: 시멘트, 석회, 플라스터 및 그 제품 제조업
업종 세분류: 콘크리트, 레미콘 및 기타 시멘트, 플라스터 제품 제조업
업종 세세분류 및 활동명: 콘크리트 관 및 기타 구조용 콘크리트제품 제조업
연계 KSIC 11차 코드: 23325
연계 KSIC 11차 분류명: 콘크리트 관 및 기타 구조용 콘크리트제품 제조업
세부설명: 관, 받침대, 빔"
269504,C,제조업,26,비금속 광물제품 제조업,269,"시멘트, 석회, 플라스터 및 그 제품 제조업",2695,"콘크리트, 레미콘 및 기타 시멘트, 플라스터 제품 제조업","인조대리석 제품 제조업 | 콘크리트 타일, 기와, 벽돌 및 블록 제조업",23326 | 23324,"인조대리석 제품 제조업 | 콘크리트 타일, 기와, 벽돌 및 블록 제조업",23324,"콘크리트 타일, 기와, 벽돌 및 블록 제조업",1,,2,"업종코드: 269504
업종 대분류: 제조업
업종 중분류: 비금속 광물제품 제조업
업종 소분류: 시멘트, 석회, 플라스터 및 그 제품 제조업
업종 세분류: 콘크리트, 레미콘 및 기타 시멘트, 플라스터 제품 제조업
업종 세세분류 및 활동명: 인조대리석 제품 제조업 | 콘크리트 타일, 기와, 벽돌 및 블록 제조업
연계 KSIC 11차 코드: 23326 | 23324
연계 KSIC 11차 분류명: 인조대리석 제품 제조업 | 콘크리트 타일, 기와, 벽돌 및 블록 제조업
주요 연계 KSIC 코드: 23324
주요 연계 KSIC 분류명: 콘크리트 타일, 기와, 벽돌 및 블록 제조업"
269505,C,제조업,26,비금속 광물제품 제조업,269,"시멘트, 석회, 플라스터 및 그 제품 제조업",2695,"콘크리트, 레미콘 및 기타 시멘트, 플라스터 제품 제조업",비내화 모르타르 제조업,23321,비내화 모르타르 제조업,,,,,1,"업종코드: 269505
업종 대분류: 제조업
업종 중분류: 비금속 광물제품 제조업
업종 소분류: 시멘트, 석회, 플라스터 및 그 제품 제조업
업종 세분류: 콘크리트, 레미콘 및 기타 시멘트, 플라스터 제품 제조업
업종 세세분류 및 활동명: 비내화 모르타르 제조업
연계 KSIC 11차 코드: 23321
연계 KSIC 11차 분류명: 비내화 모르타르 제조업"
269506,C,제조업,26,비금속 광물제품 제조업,269,"시멘트, 석회, 플라스터 및 그 제품 제조업",2695,"콘크리트, 레미콘 및 기타 시멘트, 플라스터 제품 제조업",그 외 기타 콘크리트 제품 및 유사 제품 제조업,23329,그 외 기타 콘크리트 제품 및 유사 제품 제조업,,,,기타 건축용 섬유시멘트 제품,1,"업종코드: 269506
업종 대분류: 제조업
업종 중분류: 비금속 광물제품 제조업
업종 소분류: 시멘트, 석회, 플라스터 및 그 제품 제조업
업종 세분류: 콘크리트, 레미콘 및 기타 시멘트, 플라스터 제품 제조업
업종 세세분류 및 활동명: 그 외 기타 콘크리트 제품 및 유사 제품 제조업
연계 KSIC 11차 코드: 23329
연계 KSIC 11차 분류명: 그 외 기타 콘크리트 제품 및 유사 제품 제조업
세부설명: 기타 건축용 섬유시멘트 제품"
269507,C,제조업,26,비금속 광물제품 제조업,269,"시멘트, 석회, 플라스터 및 그 제품 제조업",2695,"콘크리트, 레미콘 및 기타 시멘트, 플라스터 제품 제조업","콘크리트 타일, 기와, 벽돌 및 블록 제조업",23324,"콘크리트 타일, 기와, 벽돌 및 블록 제조업",,,,섬유 시멘트,1,"업종코드: 269507
업종 대분류: 제조업
업종 중분류: 비금속 광물제품 제조업
업종 소분류: 시멘트, 석회, 플라스터 및 그 제품 제조업
업종 세분류: 콘크리트, 레미콘 및 기타 시멘트, 플라스터 제품 제조업
업종 세세분류 및 활동명: 콘크리트 타일, 기와, 벽돌 및 블록 제조업
연계 KSIC 11차 코드: 23324
연계 KSIC 11차 분류명: 콘크리트 타일, 기와, 벽돌 및 블록 제조업
세부설명: 섬유 시멘트"
269508,C,제조업,26,비금속 광물제품 제조업,269,"시멘트, 석회, 플라스터 및 그 제품 제조업",2695,"콘크리트, 레미콘 및 기타 시멘트, 플라스터 제품 제조업",인조대리석 제품 제조업 | 콘크리트 관 및 기타 구조용 콘크리트제품 제조업,23326 | 23325,인조대리석 제품 제조업 | 콘크리트 관 및 기타 구조용 콘크리트제품 제조업,23325,콘크리트 관 및 기타 구조용 콘크리트제품 제조업,1,,2,"업종코드: 269508
업종 대분류: 제조업
업종 중분류: 비금속 광물제품 제조업
업종 소분류: 시멘트, 석회, 플라스터 및 그 제품 제조업
업종 세분류: 콘크리트, 레미콘 및 기타 시멘트, 플라스터 제품 제조업
업종 세세분류 및 활동명: 인조대리석 제품 제조업 | 콘크리트 관 및 기타 구조용 콘크리트제품 제조업
연계 KSIC 11차 코드: 23326 | 23325
연계 KSIC 11차 분류명: 인조대리석 제품 제조업 | 콘크리트 관 및 기타 구조용 콘크리트제품 제조업
주요 연계 KSIC 코드: 23325
주요 연계 KSIC 분류명: 콘크리트 관 및 기타 구조용 콘크리트제품 제조업"
269509,C,제조업,26,비금속 광물제품 제조업,269,"시멘트, 석회, 플라스터 및 그 제품 제조업",2695,"콘크리트, 레미콘 및 기타 시멘트, 플라스터 제품 제조업",그 외 기타 콘크리트 제품 및 유사 제품 제조업,23329,그 외 기타 콘크리트 제품 및 유사 제품 제조업,23329,그 외 기타 콘크리트 제품 및 유사 제품 제조업,1,,1,"업종코드: 269509
업종 대분류: 제조업
업종 중분류: 비금속 광물제품 제조업
업종 소분류: 시멘트, 석회, 플라스터 및 그 제품 제조업
업종 세분류: 콘크리트, 레미콘 및 기타 시멘트, 플라스터 제품 제조업
업종 세세분류 및 활동명: 그 외 기타 콘크리트 제품 및 유사 제품 제조업
연계 KSIC 11차 코드: 23329
연계 KSIC 11차 분류명: 그 외 기타 콘크리트 제품 및 유사 제품 제조업
주요 연계 KSIC 코드: 23329
주요 연계 KSIC 분류명: 그 외 기타 콘크리트 제품 및 유사 제품 제조업"
269601,C,제조업,26,비금속 광물제품 제조업,269,기타 비금속 광물제품 제조업,2696,석제품 제조업,건설용 석제품 제조업,23911,건설용 석제품 제조업,,,,,1,"업종코드: 269601
업종 대분류: 제조업
업종 중분류: 비금속 광물제품 제조업
업종 소분류: 기타 비금속 광물제품 제조업
업종 세분류: 석제품 제조업
업종 세세분류 및 활동명: 건설용 석제품 제조업
연계 KSIC 11차 코드: 23911
연계 KSIC 11차 분류명: 건설용 석제품 제조업"
269603,C,제조업,26,비금속 광물제품 제조업,269,기타 비금속 광물제품 제조업,2696,석제품 제조업,기타 석제품 제조업,23919,기타 석제품 제조업,,,,,1,"업종코드: 269603
업종 대분류: 제조업
업종 중분류: 비금속 광물제품 제조업
업종 소분류: 기타 비금속 광물제품 제조업
업종 세분류: 석제품 제조업
업종 세세분류 및 활동명: 기타 석제품 제조업
연계 KSIC 11차 코드: 23919
연계 KSIC 11차 분류명: 기타 석제품 제조업"
269901,C,제조업,26,비금속 광물제품 제조업,269,기타 비금속 광물제품 제조업,2699,그 외 기타 비금속 광물제품 제조업,암면 및 유사 제품 제조업,23994,암면 및 유사 제품 제조업,,,,,1,"업종코드: 269901
업종 대분류: 제조업
업종 중분류: 비금속 광물제품 제조업
업종 소분류: 기타 비금속 광물제품 제조업
업종 세분류: 그 외 기타 비금속 광물제품 제조업
업종 세세분류 및 활동명: 암면 및 유사 제품 제조업
연계 KSIC 11차 코드: 23994
연계 KSIC 11차 분류명: 암면 및 유사 제품 제조업"
269902,C,제조업,26,비금속 광물제품 제조업,269,기타 비금속 광물제품 제조업,2699,그 외 기타 비금속 광물제품 제조업,연마재 제조업,23992,연마재 제조업,23992,연마재 제조업,1,,1,"업종코드: 269902
업종 대분류: 제조업
업종 중분류: 비금속 광물제품 제조업
업종 소분류: 기타 비금속 광물제품 제조업
업종 세분류: 그 외 기타 비금속 광물제품 제조업
업종 세세분류 및 활동명: 연마재 제조업
연계 KSIC 11차 코드: 23992
연계 KSIC 11차 분류명: 연마재 제조업
주요 연계 KSIC 코드: 23992
주요 연계 KSIC 분류명: 연마재 제조업"
269903,C,제조업,26,비금속 광물제품 제조업,269,기타 비금속 광물제품 제조업,2699,그 외 기타 비금속 광물제품 제조업,아스팔트 콘크리트 및 혼합제품 제조업,23991,아스팔트 콘크리트 및 혼합제품 제조업,,,,,1,"업종코드: 269903
업종 대분류: 제조업
업종 중분류: 비금속 광물제품 제조업
업종 소분류: 기타 비금속 광물제품 제조업
업종 세분류: 그 외 기타 비금속 광물제품 제조업
업종 세세분류 및 활동명: 아스팔트 콘크리트 및 혼합제품 제조업
연계 KSIC 11차 코드: 23991
연계 KSIC 11차 분류명: 아스팔트 콘크리트 및 혼합제품 제조업"
269904,C,제조업,26,비금속 광물제품 제조업,269,기타 비금속 광물제품 제조업,2699,그 외 기타 비금속 광물제품 제조업,비금속광물 분쇄물 생산업,23993,비금속광물 분쇄물 생산업,,,,,1,"업종코드: 269904
업종 대분류: 제조업
업종 중분류: 비금속 광물제품 제조업
업종 소분류: 기타 비금속 광물제품 제조업
업종 세분류: 그 외 기타 비금속 광물제품 제조업
업종 세세분류 및 활동명: 비금속광물 분쇄물 생산업
연계 KSIC 11차 코드: 23993
연계 KSIC 11차 분류명: 비금속광물 분쇄물 생산업"
269905,C,제조업,26,비금속 광물제품 제조업,269,기타 비금속 광물제품 제조업,2699,그 외 기타 비금속 광물제품 제조업,탄소섬유 제조업,23995,탄소섬유 제조업,,,,,1,"업종코드: 269905
업종 대분류: 제조업
업종 중분류: 비금속 광물제품 제조업
업종 소분류: 기타 비금속 광물제품 제조업
업종 세분류: 그 외 기타 비금속 광물제품 제조업
업종 세세분류 및 활동명: 탄소섬유 제조업
연계 KSIC 11차 코드: 23995
연계 KSIC 11차 분류명: 탄소섬유 제조업"
269906,C,제조업,26,비금속 광물제품 제조업,269,기타 비금속 광물제품 제조업,2699,그 외 기타 비금속 광물제품 제조업,그 외 기타 분류 안된 비금속 광물제품 제조업,23999,그 외 기타 분류 안된 비금속 광물제품 제조업,,,,석면,1,"업종코드: 269906
업종 대분류: 제조업
업종 중분류: 비금속 광물제품 제조업
업종 소분류: 기타 비금속 광물제품 제조업
업종 세분류: 그 외 기타 비금속 광물제품 제조업
업종 세세분류 및 활동명: 그 외 기타 분류 안된 비금속 광물제품 제조업
연계 KSIC 11차 코드: 23999
연계 KSIC 11차 분류명: 그 외 기타 분류 안된 비금속 광물제품 제조업
세부설명: 석면"
269907,C,제조업,26,비금속 광물제품 제조업,269,기타 비금속 광물제품 제조업,2699,그 외 기타 비금속 광물제품 제조업,연마재 제조업,23992,연마재 제조업,,,,연마지,1,"업종코드: 269907
업종 대분류: 제조업
업종 중분류: 비금속 광물제품 제조업
업종 소분류: 기타 비금속 광물제품 제조업
업종 세분류: 그 외 기타 비금속 광물제품 제조업
업종 세세분류 및 활동명: 연마재 제조업
연계 KSIC 11차 코드: 23992
연계 KSIC 11차 분류명: 연마재 제조업
세부설명: 연마지"
269908,C,제조업,26,비금속 광물제품 제조업,269,기타 비금속 광물제품 제조업,2699,그 외 기타 비금속 광물제품 제조업,그 외 기타 분류 안된 비금속 광물제품 제조업,23999,그 외 기타 분류 안된 비금속 광물제품 제조업,23999,그 외 기타 분류 안된 비금속 광물제품 제조업,1,,1,"업종코드: 269908
업종 대분류: 제조업
업종 중분류: 비금속 광물제품 제조업
업종 소분류: 기타 비금속 광물제품 제조업
업종 세분류: 그 외 기타 비금속 광물제품 제조업
업종 세세분류 및 활동명: 그 외 기타 분류 안된 비금속 광물제품 제조업
연계 KSIC 11차 코드: 23999
연계 KSIC 11차 분류명: 그 외 기타 분류 안된 비금속 광물제품 제조업
주요 연계 KSIC 코드: 23999
주요 연계 KSIC 분류명: 그 외 기타 분류 안된 비금속 광물제품 제조업"
271101,C,제조업,27,1차 금속 제조업,271,1차 철강 제조업,2711,"제철, 제강 및 합금철 제조업",제철업,24111,제철업,,,,,1,"업종코드: 271101
업종 대분류: 제조업
업종 중분류: 1차 금속 제조업
업종 소분류: 1차 철강 제조업
업종 세분류: 제철, 제강 및 합금철 제조업
업종 세세분류 및 활동명: 제철업
연계 KSIC 11차 코드: 24111
연계 KSIC 11차 분류명: 제철업"
271102,C,제조업,27,1차 금속 제조업,271,1차 철강 제조업,2711,"제철, 제강 및 합금철 제조업",제강업,24112,제강업,,,,,1,"업종코드: 271102
업종 대분류: 제조업
업종 중분류: 1차 금속 제조업
업종 소분류: 1차 철강 제조업
업종 세분류: 제철, 제강 및 합금철 제조업
업종 세세분류 및 활동명: 제강업
연계 KSIC 11차 코드: 24112
연계 KSIC 11차 분류명: 제강업"
271103,C,제조업,27,1차 금속 제조업,271,1차 철강 제조업,2711,"제철, 제강 및 합금철 제조업",합금철 제조업,24113,합금철 제조업,,,,,1,"업종코드: 271103
업종 대분류: 제조업
업종 중분류: 1차 금속 제조업
업종 소분류: 1차 철강 제조업
업종 세분류: 제철, 제강 및 합금철 제조업
업종 세세분류 및 활동명: 합금철 제조업
연계 KSIC 11차 코드: 24113
연계 KSIC 11차 분류명: 합금철 제조업"
271104,C,제조업,27,1차 금속 제조업,271,1차 철강 제조업,2711,"제철, 제강 및 합금철 제조업",기타 제철 및 제강업,24119,기타 제철 및 제강업,,,,,1,"업종코드: 271104
업종 대분류: 제조업
업종 중분류: 1차 금속 제조업
업종 소분류: 1차 철강 제조업
업종 세분류: 제철, 제강 및 합금철 제조업
업종 세세분류 및 활동명: 기타 제철 및 제강업
연계 KSIC 11차 코드: 24119
연계 KSIC 11차 분류명: 기타 제철 및 제강업"
271201,C,제조업,27,1차 금속 제조업,271,1차 철강 제조업,2712,기타 1차 철강 제조업,그 외 기타 1차 철강 제조업,24199,그 외 기타 1차 철강 제조업,24199,그 외 기타 1차 철강 제조업,2,"단공 강재, 용접 형강",1,"업종코드: 271201
업종 대분류: 제조업
업종 중분류: 1차 금속 제조업
업종 소분류: 1차 철강 제조업
업종 세분류: 기타 1차 철강 제조업
업종 세세분류 및 활동명: 그 외 기타 1차 철강 제조업
연계 KSIC 11차 코드: 24199
연계 KSIC 11차 분류명: 그 외 기타 1차 철강 제조업
주요 연계 KSIC 코드: 24199
주요 연계 KSIC 분류명: 그 외 기타 1차 철강 제조업
세부설명: 단공 강재, 용접 형강"
271202,C,제조업,27,1차 금속 제조업,271,1차 철강 제조업,2712,철강관 제조업,주철관 제조업,24131,주철관 제조업,,,,,1,"업종코드: 271202
업종 대분류: 제조업
업종 중분류: 1차 금속 제조업
업종 소분류: 1차 철강 제조업
업종 세분류: 철강관 제조업
업종 세세분류 및 활동명: 주철관 제조업
연계 KSIC 11차 코드: 24131
연계 KSIC 11차 분류명: 주철관 제조업"
271204,C,제조업,27,1차 금속 제조업,271,1차 철강 제조업,2712,"철강 압연, 압출 및 연신제품 제조업",열간 압연 및 압출제품 제조업,24121,열간 압연 및 압출제품 제조업,,,,,1,"업종코드: 271204
업종 대분류: 제조업
업종 중분류: 1차 금속 제조업
업종 소분류: 1차 철강 제조업
업종 세분류: 철강 압연, 압출 및 연신제품 제조업
업종 세세분류 및 활동명: 열간 압연 및 압출제품 제조업
연계 KSIC 11차 코드: 24121
연계 KSIC 11차 분류명: 열간 압연 및 압출제품 제조업"
271205,C,제조업,27,1차 금속 제조업,271,1차 철강 제조업,2712,"철강 압연, 압출 및 연신제품 제조업",냉간 압연 및 압출 제품 제조업,24122,냉간 압연 및 압출 제품 제조업,,,,,1,"업종코드: 271205
업종 대분류: 제조업
업종 중분류: 1차 금속 제조업
업종 소분류: 1차 철강 제조업
업종 세분류: 철강 압연, 압출 및 연신제품 제조업
업종 세세분류 및 활동명: 냉간 압연 및 압출 제품 제조업
연계 KSIC 11차 코드: 24122
연계 KSIC 11차 분류명: 냉간 압연 및 압출 제품 제조업"
271206,C,제조업,27,1차 금속 제조업,271,1차 철강 제조업,2712,"철강 압연, 압출 및 연신제품 제조업",철강선 제조업,24123,철강선 제조업,,,,,1,"업종코드: 271206
업종 대분류: 제조업
업종 중분류: 1차 금속 제조업
업종 소분류: 1차 철강 제조업
업종 세분류: 철강 압연, 압출 및 연신제품 제조업
업종 세세분류 및 활동명: 철강선 제조업
연계 KSIC 11차 코드: 24123
연계 KSIC 11차 분류명: 철강선 제조업"
271207,C,제조업,27,1차 금속 제조업,271,1차 철강 제조업,2712,철강관 제조업,강관 제조업,24132,강관 제조업,,,,,1,"업종코드: 271207
업종 대분류: 제조업
업종 중분류: 1차 금속 제조업
업종 소분류: 1차 철강 제조업
업종 세분류: 철강관 제조업
업종 세세분류 및 활동명: 강관 제조업
연계 KSIC 11차 코드: 24132
연계 KSIC 11차 분류명: 강관 제조업"
271208,C,제조업,27,1차 금속 제조업,271,1차 철강 제조업,2712,철강관 제조업,강관 가공품 및 관 연결구류 제조업,24133,강관 가공품 및 관 연결구류 제조업,,,,,1,"업종코드: 271208
업종 대분류: 제조업
업종 중분류: 1차 금속 제조업
업종 소분류: 1차 철강 제조업
업종 세분류: 철강관 제조업
업종 세세분류 및 활동명: 강관 가공품 및 관 연결구류 제조업
연계 KSIC 11차 코드: 24133
연계 KSIC 11차 분류명: 강관 가공품 및 관 연결구류 제조업"
271901,C,제조업,27,1차 금속 제조업,271,1차 철강 제조업,2719,기타 1차 철강 제조업,"도금, 착색 및 기타 표면 처리 강재 제조업",24191,"도금, 착색 및 기타 표면 처리 강재 제조업",,,,,1,"업종코드: 271901
업종 대분류: 제조업
업종 중분류: 1차 금속 제조업
업종 소분류: 1차 철강 제조업
업종 세분류: 기타 1차 철강 제조업
업종 세세분류 및 활동명: 도금, 착색 및 기타 표면 처리 강재 제조업
연계 KSIC 11차 코드: 24191
연계 KSIC 11차 분류명: 도금, 착색 및 기타 표면 처리 강재 제조업"
271902,C,제조업,27,1차 금속 제조업,271,1차 철강 제조업,2719,기타 1차 철강 제조업,그 외 기타 1차 철강 제조업,24199,그 외 기타 1차 철강 제조업,24199,그 외 기타 1차 철강 제조업,2,절단 철강재,1,"업종코드: 271902
업종 대분류: 제조업
업종 중분류: 1차 금속 제조업
업종 소분류: 1차 철강 제조업
업종 세분류: 기타 1차 철강 제조업
업종 세세분류 및 활동명: 그 외 기타 1차 철강 제조업
연계 KSIC 11차 코드: 24199
연계 KSIC 11차 분류명: 그 외 기타 1차 철강 제조업
주요 연계 KSIC 코드: 24199
주요 연계 KSIC 분류명: 그 외 기타 1차 철강 제조업
세부설명: 절단 철강재"
272100,C,제조업,27,1차 금속 제조업,272,1차 비철금속 제조업,2721,"비철금속 제련, 정련 및 합금 제조업","기타 비철금속 제련, 정련 및 합금 제조업",24219,"기타 비철금속 제련, 정련 및 합금 제조업",24219,"기타 비철금속 제련, 정련 및 합금 제조업",2,"기타 비철금속 제1차 제련, 정련",1,"업종코드: 272100
업종 대분류: 제조업
업종 중분류: 1차 금속 제조업
업종 소분류: 1차 비철금속 제조업
업종 세분류: 비철금속 제련, 정련 및 합금 제조업
업종 세세분류 및 활동명: 기타 비철금속 제련, 정련 및 합금 제조업
연계 KSIC 11차 코드: 24219
연계 KSIC 11차 분류명: 기타 비철금속 제련, 정련 및 합금 제조업
주요 연계 KSIC 코드: 24219
주요 연계 KSIC 분류명: 기타 비철금속 제련, 정련 및 합금 제조업
세부설명: 기타 비철금속 제1차 제련, 정련"
272101,C,제조업,27,1차 금속 제조업,272,1차 비철금속 제조업,2721,"비철금속 제련, 정련 및 합금 제조업","동 제련, 정련 및 합금 제조업",24211,"동 제련, 정련 및 합금 제조업",24211,"동 제련, 정련 및 합금 제조업",2,"동 1차 제련, 정련",1,"업종코드: 272101
업종 대분류: 제조업
업종 중분류: 1차 금속 제조업
업종 소분류: 1차 비철금속 제조업
업종 세분류: 비철금속 제련, 정련 및 합금 제조업
업종 세세분류 및 활동명: 동 제련, 정련 및 합금 제조업
연계 KSIC 11차 코드: 24211
연계 KSIC 11차 분류명: 동 제련, 정련 및 합금 제조업
주요 연계 KSIC 코드: 24211
주요 연계 KSIC 분류명: 동 제련, 정련 및 합금 제조업
세부설명: 동 1차 제련, 정련"
272102,C,제조업,27,1차 금속 제조업,272,1차 비철금속 제조업,2721,"비철금속 제련, 정련 및 합금 제조업","알루미늄 제련, 정련 및 합금 제조업",24212,"알루미늄 제련, 정련 및 합금 제조업",24212,"알루미늄 제련, 정련 및 합금 제조업",2,"알루미늄 1차 제련, 정련",1,"업종코드: 272102
업종 대분류: 제조업
업종 중분류: 1차 금속 제조업
업종 소분류: 1차 비철금속 제조업
업종 세분류: 비철금속 제련, 정련 및 합금 제조업
업종 세세분류 및 활동명: 알루미늄 제련, 정련 및 합금 제조업
연계 KSIC 11차 코드: 24212
연계 KSIC 11차 분류명: 알루미늄 제련, 정련 및 합금 제조업
주요 연계 KSIC 코드: 24212
주요 연계 KSIC 분류명: 알루미늄 제련, 정련 및 합금 제조업
세부설명: 알루미늄 1차 제련, 정련"
272103,C,제조업,27,1차 금속 제조업,272,1차 비철금속 제조업,2721,"비철금속 제련, 정련 및 합금 제조업","연 및 아연 제련, 정련 및 합금 제조업",24213,"연 및 아연 제련, 정련 및 합금 제조업",24213,"연 및 아연 제련, 정련 및 합금 제조업",2,"연 및 아연 제1차 제련, 정련",1,"업종코드: 272103
업종 대분류: 제조업
업종 중분류: 1차 금속 제조업
업종 소분류: 1차 비철금속 제조업
업종 세분류: 비철금속 제련, 정련 및 합금 제조업
업종 세세분류 및 활동명: 연 및 아연 제련, 정련 및 합금 제조업
연계 KSIC 11차 코드: 24213
연계 KSIC 11차 분류명: 연 및 아연 제련, 정련 및 합금 제조업
주요 연계 KSIC 코드: 24213
주요 연계 KSIC 분류명: 연 및 아연 제련, 정련 및 합금 제조업
세부설명: 연 및 아연 제1차 제련, 정련"
272200,C,제조업,27,1차 금속 제조업,272,1차 비철금속 제조업,2722,"비철금속 제련, 정련 및 합금 제조업","기타 비철금속 제련, 정련 및 합금 제조업",24219,"기타 비철금속 제련, 정련 및 합금 제조업",24219,"기타 비철금속 제련, 정련 및 합금 제조업",2,"기타 비철금속 제2차 제련, 정련 및 합금",1,"업종코드: 272200
업종 대분류: 제조업
업종 중분류: 1차 금속 제조업
업종 소분류: 1차 비철금속 제조업
업종 세분류: 비철금속 제련, 정련 및 합금 제조업
업종 세세분류 및 활동명: 기타 비철금속 제련, 정련 및 합금 제조업
연계 KSIC 11차 코드: 24219
연계 KSIC 11차 분류명: 기타 비철금속 제련, 정련 및 합금 제조업
주요 연계 KSIC 코드: 24219
주요 연계 KSIC 분류명: 기타 비철금속 제련, 정련 및 합금 제조업
세부설명: 기타 비철금속 제2차 제련, 정련 및 합금"
272201,C,제조업,27,1차 금속 제조업,272,1차 비철금속 제조업,2722,"비철금속 제련, 정련 및 합금 제조업","동 제련, 정련 및 합금 제조업",24211,"동 제련, 정련 및 합금 제조업",24211,"동 제련, 정련 및 합금 제조업",2,"동 2차 제련, 정련 및 합금",1,"업종코드: 272201
업종 대분류: 제조업
업종 중분류: 1차 금속 제조업
업종 소분류: 1차 비철금속 제조업
업종 세분류: 비철금속 제련, 정련 및 합금 제조업
업종 세세분류 및 활동명: 동 제련, 정련 및 합금 제조업
연계 KSIC 11차 코드: 24211
연계 KSIC 11차 분류명: 동 제련, 정련 및 합금 제조업
주요 연계 KSIC 코드: 24211
주요 연계 KSIC 분류명: 동 제련, 정련 및 합금 제조업
세부설명: 동 2차 제련, 정련 및 합금"
272202,C,제조업,27,1차 금속 제조업,272,1차 비철금속 제조업,2722,"비철금속 제련, 정련 및 합금 제조업","알루미늄 제련, 정련 및 합금 제조업",24212,"알루미늄 제련, 정련 및 합금 제조업",24212,"알루미늄 제련, 정련 및 합금 제조업",2,"알루미늄 2차 제련, 정련 및 합금",1,"업종코드: 272202
업종 대분류: 제조업
업종 중분류: 1차 금속 제조업
업종 소분류: 1차 비철금속 제조업
업종 세분류: 비철금속 제련, 정련 및 합금 제조업
업종 세세분류 및 활동명: 알루미늄 제련, 정련 및 합금 제조업
연계 KSIC 11차 코드: 24212
연계 KSIC 11차 분류명: 알루미늄 제련, 정련 및 합금 제조업
주요 연계 KSIC 코드: 24212
주요 연계 KSIC 분류명: 알루미늄 제련, 정련 및 합금 제조업
세부설명: 알루미늄 2차 제련, 정련 및 합금"
272203,C,제조업,27,1차 금속 제조업,272,1차 비철금속 제조업,2722,"비철금속 제련, 정련 및 합금 제조업","연 및 아연 제련, 정련 및 합금 제조업",24213,"연 및 아연 제련, 정련 및 합금 제조업",24213,"연 및 아연 제련, 정련 및 합금 제조업",2,"연 및 아연 제2차 제련, 정련 및 합금",1,"업종코드: 272203
업종 대분류: 제조업
업종 중분류: 1차 금속 제조업
업종 소분류: 1차 비철금속 제조업
업종 세분류: 비철금속 제련, 정련 및 합금 제조업
업종 세세분류 및 활동명: 연 및 아연 제련, 정련 및 합금 제조업
연계 KSIC 11차 코드: 24213
연계 KSIC 11차 분류명: 연 및 아연 제련, 정련 및 합금 제조업
주요 연계 KSIC 코드: 24213
주요 연계 KSIC 분류명: 연 및 아연 제련, 정련 및 합금 제조업
세부설명: 연 및 아연 제2차 제련, 정련 및 합금"
272300,C,제조업,27,1차 금속 제조업,272,1차 비철금속 제조업,2723,"비철금속 압연, 압출 및 연신제품 제조업","알루미늄 압연, 압출 및 연신제품 제조업",24222,"알루미늄 압연, 압출 및 연신제품 제조업",,,,,1,"업종코드: 272300
업종 대분류: 제조업
업종 중분류: 1차 금속 제조업
업종 소분류: 1차 비철금속 제조업
업종 세분류: 비철금속 압연, 압출 및 연신제품 제조업
업종 세세분류 및 활동명: 알루미늄 압연, 압출 및 연신제품 제조업
연계 KSIC 11차 코드: 24222
연계 KSIC 11차 분류명: 알루미늄 압연, 압출 및 연신제품 제조업"
272301,C,제조업,27,1차 금속 제조업,272,1차 비철금속 제조업,2723,"비철금속 압연, 압출 및 연신제품 제조업","동 압연, 압출 및 연신제품 제조업",24221,"동 압연, 압출 및 연신제품 제조업",,,,,1,"업종코드: 272301
업종 대분류: 제조업
업종 중분류: 1차 금속 제조업
업종 소분류: 1차 비철금속 제조업
업종 세분류: 비철금속 압연, 압출 및 연신제품 제조업
업종 세세분류 및 활동명: 동 압연, 압출 및 연신제품 제조업
연계 KSIC 11차 코드: 24221
연계 KSIC 11차 분류명: 동 압연, 압출 및 연신제품 제조업"
272302,C,제조업,27,1차 금속 제조업,272,1차 비철금속 제조업,2723,"비철금속 압연, 압출 및 연신제품 제조업","기타 비철금속 압연, 압출 및 연신제품 제조업",24229,"기타 비철금속 압연, 압출 및 연신제품 제조업",,,,,1,"업종코드: 272302
업종 대분류: 제조업
업종 중분류: 1차 금속 제조업
업종 소분류: 1차 비철금속 제조업
업종 세분류: 비철금속 압연, 압출 및 연신제품 제조업
업종 세세분류 및 활동명: 기타 비철금속 압연, 압출 및 연신제품 제조업
연계 KSIC 11차 코드: 24229
연계 KSIC 11차 분류명: 기타 비철금속 압연, 압출 및 연신제품 제조업"
272900,C,제조업,27,1차 금속 제조업,272,1차 비철금속 제조업,2729,기타 1차 비철금속 제조업,기타 1차 비철금속 제조업,24290,기타 1차 비철금속 제조업,,,,,1,"업종코드: 272900
업종 대분류: 제조업
업종 중분류: 1차 금속 제조업
업종 소분류: 1차 비철금속 제조업
업종 세분류: 기타 1차 비철금속 제조업
업종 세세분류 및 활동명: 기타 1차 비철금속 제조업
연계 KSIC 11차 코드: 24290
연계 KSIC 11차 분류명: 기타 1차 비철금속 제조업"
273101,C,제조업,27,1차 금속 제조업,273,금속 주조업,2731,철강 주조업,선철 주물 주조업,24311,선철 주물 주조업,,,,,1,"업종코드: 273101
업종 대분류: 제조업
업종 중분류: 1차 금속 제조업
업종 소분류: 금속 주조업
업종 세분류: 철강 주조업
업종 세세분류 및 활동명: 선철 주물 주조업
연계 KSIC 11차 코드: 24311
연계 KSIC 11차 분류명: 선철 주물 주조업"
273102,C,제조업,27,1차 금속 제조업,273,금속 주조업,2731,철강 주조업,강 주물 주조업,24312,강 주물 주조업,,,,,1,"업종코드: 273102
업종 대분류: 제조업
업종 중분류: 1차 금속 제조업
업종 소분류: 금속 주조업
업종 세분류: 철강 주조업
업종 세세분류 및 활동명: 강 주물 주조업
연계 KSIC 11차 코드: 24312
연계 KSIC 11차 분류명: 강 주물 주조업"
273200,C,제조업,27,1차 금속 제조업,273,금속 주조업,2732,비철금속 주조업,알루미늄 주물 주조업,24321,알루미늄 주물 주조업,,,,,1,"업종코드: 273200
업종 대분류: 제조업
업종 중분류: 1차 금속 제조업
업종 소분류: 금속 주조업
업종 세분류: 비철금속 주조업
업종 세세분류 및 활동명: 알루미늄 주물 주조업
연계 KSIC 11차 코드: 24321
연계 KSIC 11차 분류명: 알루미늄 주물 주조업"
273201,C,제조업,27,1차 금속 제조업,273,금속 주조업,2732,비철금속 주조업,기타 비철금속 주조업,24329,기타 비철금속 주조업,,,,동주물,1,"업종코드: 273201
업종 대분류: 제조업
업종 중분류: 1차 금속 제조업
업종 소분류: 금속 주조업
업종 세분류: 비철금속 주조업
업종 세세분류 및 활동명: 기타 비철금속 주조업
연계 KSIC 11차 코드: 24329
연계 KSIC 11차 분류명: 기타 비철금속 주조업
세부설명: 동주물"
273202,C,제조업,27,1차 금속 제조업,273,금속 주조업,2732,비철금속 주조업,기타 비철금속 주조업,24329,기타 비철금속 주조업,24329,기타 비철금속 주조업,1,,1,"업종코드: 273202
업종 대분류: 제조업
업종 중분류: 1차 금속 제조업
업종 소분류: 금속 주조업
업종 세분류: 비철금속 주조업
업종 세세분류 및 활동명: 기타 비철금속 주조업
연계 KSIC 11차 코드: 24329
연계 KSIC 11차 분류명: 기타 비철금속 주조업
주요 연계 KSIC 코드: 24329
주요 연계 KSIC 분류명: 기타 비철금속 주조업"
281100,C,제조업,28,금속 가공제품 제조업; 기계 및 가구 제외,281,"구조용 금속제품, 탱크 및 증기발생기 제조업",2811,구조용 금속제품 제조업,"금속 문, 창, 셔터 및 관련제품 제조업",25111,"금속 문, 창, 셔터 및 관련제품 제조업",,,,,1,"업종코드: 281100
업종 대분류: 제조업
업종 중분류: 금속 가공제품 제조업; 기계 및 가구 제외
업종 소분류: 구조용 금속제품, 탱크 및 증기발생기 제조업
업종 세분류: 구조용 금속제품 제조업
업종 세세분류 및 활동명: 금속 문, 창, 셔터 및 관련제품 제조업
연계 KSIC 11차 코드: 25111
연계 KSIC 11차 분류명: 금속 문, 창, 셔터 및 관련제품 제조업"
281101,C,제조업,28,금속 가공제품 제조업; 기계 및 가구 제외,281,기타 금속 가공제품 제조업,2811,그 외 기타 금속 가공제품 제조업,그 외 기타 분류 안된 금속 가공제품 제조업,25999,그 외 기타 분류 안된 금속 가공제품 제조업,25999,그 외 기타 분류 안된 금속 가공제품 제조업,1,,1,"업종코드: 281101
업종 대분류: 제조업
업종 중분류: 금속 가공제품 제조업; 기계 및 가구 제외
업종 소분류: 기타 금속 가공제품 제조업
업종 세분류: 그 외 기타 금속 가공제품 제조업
업종 세세분류 및 활동명: 그 외 기타 분류 안된 금속 가공제품 제조업
연계 KSIC 11차 코드: 25999
연계 KSIC 11차 분류명: 그 외 기타 분류 안된 금속 가공제품 제조업
주요 연계 KSIC 코드: 25999
주요 연계 KSIC 분류명: 그 외 기타 분류 안된 금속 가공제품 제조업"
281102,C,제조업,28,기타 기계 및 장비 제조업,281,일반 목적용 기계 제조업,2811,"펌프 및 압축기 제조업; 탭, 밸브 및 유사 장치 제조 포함","탭, 밸브 및 유사 장치 제조업",29133,"탭, 밸브 및 유사 장치 제조업",,,,,1,"업종코드: 281102
업종 대분류: 제조업
업종 중분류: 기타 기계 및 장비 제조업
업종 소분류: 일반 목적용 기계 제조업
업종 세분류: 펌프 및 압축기 제조업; 탭, 밸브 및 유사 장치 제조 포함
업종 세세분류 및 활동명: 탭, 밸브 및 유사 장치 제조업
연계 KSIC 11차 코드: 29133
연계 KSIC 11차 분류명: 탭, 밸브 및 유사 장치 제조업"
281103,C,제조업,28,금속 가공제품 제조업; 기계 및 가구 제외,281,"구조용 금속제품, 탱크 및 증기발생기 제조업",2811,구조용 금속제품 제조업,구조용 금속 판제품 및 공작물 제조업,25112,구조용 금속 판제품 및 공작물 제조업,,,,,1,"업종코드: 281103
업종 대분류: 제조업
업종 중분류: 금속 가공제품 제조업; 기계 및 가구 제외
업종 소분류: 구조용 금속제품, 탱크 및 증기발생기 제조업
업종 세분류: 구조용 금속제품 제조업
업종 세세분류 및 활동명: 구조용 금속 판제품 및 공작물 제조업
연계 KSIC 11차 코드: 25112
연계 KSIC 11차 분류명: 구조용 금속 판제품 및 공작물 제조업"
281104,C,제조업,28,금속 가공제품 제조업; 기계 및 가구 제외,281,"구조용 금속제품, 탱크 및 증기발생기 제조업",2811,구조용 금속제품 제조업,육상 금속 골조 구조재 제조업,25113,육상 금속 골조 구조재 제조업,,,,,1,"업종코드: 281104
업종 대분류: 제조업
업종 중분류: 금속 가공제품 제조업; 기계 및 가구 제외
업종 소분류: 구조용 금속제품, 탱크 및 증기발생기 제조업
업종 세분류: 구조용 금속제품 제조업
업종 세세분류 및 활동명: 육상 금속 골조 구조재 제조업
연계 KSIC 11차 코드: 25113
연계 KSIC 11차 분류명: 육상 금속 골조 구조재 제조업"
281105,C,제조업,28,금속 가공제품 제조업; 기계 및 가구 제외,281,"구조용 금속제품, 탱크 및 증기발생기 제조업",2811,구조용 금속제품 제조업,수상 금속 골조 구조재 제조업,25114,수상 금속 골조 구조재 제조업,,,,,1,"업종코드: 281105
업종 대분류: 제조업
업종 중분류: 금속 가공제품 제조업; 기계 및 가구 제외
업종 소분류: 구조용 금속제품, 탱크 및 증기발생기 제조업
업종 세분류: 구조용 금속제품 제조업
업종 세세분류 및 활동명: 수상 금속 골조 구조재 제조업
연계 KSIC 11차 코드: 25114
연계 KSIC 11차 분류명: 수상 금속 골조 구조재 제조업"
281106,C,제조업,28,금속 가공제품 제조업; 기계 및 가구 제외,281,"구조용 금속제품, 탱크 및 증기발생기 제조업",2811,구조용 금속제품 제조업,기타 구조용 금속제품 제조업,25119,기타 구조용 금속제품 제조업,,,,,1,"업종코드: 281106
업종 대분류: 제조업
업종 중분류: 금속 가공제품 제조업; 기계 및 가구 제외
업종 소분류: 구조용 금속제품, 탱크 및 증기발생기 제조업
업종 세분류: 구조용 금속제품 제조업
업종 세세분류 및 활동명: 기타 구조용 금속제품 제조업
연계 KSIC 11차 코드: 25119
연계 KSIC 11차 분류명: 기타 구조용 금속제품 제조업"
281201,C,제조업,28,금속 가공제품 제조업; 기계 및 가구 제외,281,"구조용 금속제품, 탱크 및 증기발생기 제조업",2812,"산업용 난방 보일러, 금속탱크 및 유사 용기 제조업",산업용 난방보일러 및 방열기 제조업,25121,산업용 난방보일러 및 방열기 제조업,25121,산업용 난방보일러 및 방열기 제조업,1,,1,"업종코드: 281201
업종 대분류: 제조업
업종 중분류: 금속 가공제품 제조업; 기계 및 가구 제외
업종 소분류: 구조용 금속제품, 탱크 및 증기발생기 제조업
업종 세분류: 산업용 난방 보일러, 금속탱크 및 유사 용기 제조업
업종 세세분류 및 활동명: 산업용 난방보일러 및 방열기 제조업
연계 KSIC 11차 코드: 25121
연계 KSIC 11차 분류명: 산업용 난방보일러 및 방열기 제조업
주요 연계 KSIC 코드: 25121
주요 연계 KSIC 분류명: 산업용 난방보일러 및 방열기 제조업"
281202,C,제조업,28,금속 가공제품 제조업; 기계 및 가구 제외,281,"구조용 금속제품, 탱크 및 증기발생기 제조업",2812,"산업용 난방 보일러, 금속탱크 및 유사 용기 제조업",산업용 난방보일러 및 방열기 제조업,25121,산업용 난방보일러 및 방열기 제조업,,,,방열기,1,"업종코드: 281202
업종 대분류: 제조업
업종 중분류: 금속 가공제품 제조업; 기계 및 가구 제외
업종 소분류: 구조용 금속제품, 탱크 및 증기발생기 제조업
업종 세분류: 산업용 난방 보일러, 금속탱크 및 유사 용기 제조업
업종 세세분류 및 활동명: 산업용 난방보일러 및 방열기 제조업
연계 KSIC 11차 코드: 25121
연계 KSIC 11차 분류명: 산업용 난방보일러 및 방열기 제조업
세부설명: 방열기"
281204,C,제조업,28,금속 가공제품 제조업; 기계 및 가구 제외,281,"구조용 금속제품, 탱크 및 증기발생기 제조업",2812,"산업용 난방 보일러, 금속탱크 및 유사 용기 제조업",금속 탱크 및 저장 용기 제조업,25122,금속 탱크 및 저장 용기 제조업,,,,,1,"업종코드: 281204
업종 대분류: 제조업
업종 중분류: 금속 가공제품 제조업; 기계 및 가구 제외
업종 소분류: 구조용 금속제품, 탱크 및 증기발생기 제조업
업종 세분류: 산업용 난방 보일러, 금속탱크 및 유사 용기 제조업
업종 세세분류 및 활동명: 금속 탱크 및 저장 용기 제조업
연계 KSIC 11차 코드: 25122
연계 KSIC 11차 분류명: 금속 탱크 및 저장 용기 제조업"
281205,C,제조업,28,금속 가공제품 제조업; 기계 및 가구 제외,281,"구조용 금속제품, 탱크 및 증기발생기 제조업",2812,"산업용 난방 보일러, 금속탱크 및 유사 용기 제조업",압축 및 액화 가스 용기 제조업,25123,압축 및 액화 가스 용기 제조업,,,,,1,"업종코드: 281205
업종 대분류: 제조업
업종 중분류: 금속 가공제품 제조업; 기계 및 가구 제외
업종 소분류: 구조용 금속제품, 탱크 및 증기발생기 제조업
업종 세분류: 산업용 난방 보일러, 금속탱크 및 유사 용기 제조업
업종 세세분류 및 활동명: 압축 및 액화 가스 용기 제조업
연계 KSIC 11차 코드: 25123
연계 KSIC 11차 분류명: 압축 및 액화 가스 용기 제조업"
281300,C,제조업,28,금속 가공제품 제조업; 기계 및 가구 제외,281,"구조용 금속제품, 탱크 및 증기발생기 제조업",2813,핵반응기 및 증기보일러 제조업,핵반응기 및 증기보일러 제조업,25130,핵반응기 및 증기보일러 제조업,,,,,1,"업종코드: 281300
업종 대분류: 제조업
업종 중분류: 금속 가공제품 제조업; 기계 및 가구 제외
업종 소분류: 구조용 금속제품, 탱크 및 증기발생기 제조업
업종 세분류: 핵반응기 및 증기보일러 제조업
업종 세세분류 및 활동명: 핵반응기 및 증기보일러 제조업
연계 KSIC 11차 코드: 25130
연계 KSIC 11차 분류명: 핵반응기 및 증기보일러 제조업"
289101,C,제조업,28,금속 가공제품 제조업; 기계 및 가구 제외,289,기타 금속 가공제품 제조업,2891,"금속 단조, 압형 및 분말 야금제품 제조업",분말 야금제품 제조업,25911,분말 야금제품 제조업,,,,,1,"업종코드: 289101
업종 대분류: 제조업
업종 중분류: 금속 가공제품 제조업; 기계 및 가구 제외
업종 소분류: 기타 금속 가공제품 제조업
업종 세분류: 금속 단조, 압형 및 분말 야금제품 제조업
업종 세세분류 및 활동명: 분말 야금제품 제조업
연계 KSIC 11차 코드: 25911
연계 KSIC 11차 분류명: 분말 야금제품 제조업"
289102,C,제조업,28,금속 가공제품 제조업; 기계 및 가구 제외,289,기타 금속 가공제품 제조업,2891,"금속 단조, 압형 및 분말 야금제품 제조업",금속 단조제품 제조업,25912,금속 단조제품 제조업,,,,,1,"업종코드: 289102
업종 대분류: 제조업
업종 중분류: 금속 가공제품 제조업; 기계 및 가구 제외
업종 소분류: 기타 금속 가공제품 제조업
업종 세분류: 금속 단조, 압형 및 분말 야금제품 제조업
업종 세세분류 및 활동명: 금속 단조제품 제조업
연계 KSIC 11차 코드: 25912
연계 KSIC 11차 분류명: 금속 단조제품 제조업"
289103,C,제조업,28,금속 가공제품 제조업; 기계 및 가구 제외,289,기타 금속 가공제품 제조업,2891,"금속 단조, 압형 및 분말 야금제품 제조업",자동차용 금속 압형제품 제조업,25913,자동차용 금속 압형제품 제조업,,,,,1,"업종코드: 289103
업종 대분류: 제조업
업종 중분류: 금속 가공제품 제조업; 기계 및 가구 제외
업종 소분류: 기타 금속 가공제품 제조업
업종 세분류: 금속 단조, 압형 및 분말 야금제품 제조업
업종 세세분류 및 활동명: 자동차용 금속 압형제품 제조업
연계 KSIC 11차 코드: 25913
연계 KSIC 11차 분류명: 자동차용 금속 압형제품 제조업"
289104,C,제조업,28,금속 가공제품 제조업; 기계 및 가구 제외,289,기타 금속 가공제품 제조업,2891,"금속 단조, 압형 및 분말 야금제품 제조업",그 외 금속 압형제품 제조업,25914,그 외 금속 압형제품 제조업,,,,,1,"업종코드: 289104
업종 대분류: 제조업
업종 중분류: 금속 가공제품 제조업; 기계 및 가구 제외
업종 소분류: 기타 금속 가공제품 제조업
업종 세분류: 금속 단조, 압형 및 분말 야금제품 제조업
업종 세세분류 및 활동명: 그 외 금속 압형제품 제조업
연계 KSIC 11차 코드: 25914
연계 KSIC 11차 분류명: 그 외 금속 압형제품 제조업"
289201,C,제조업,28,금속 가공제품 제조업; 기계 및 가구 제외,289,기타 금속 가공제품 제조업,2892,"금속 열처리, 도금 및 기타 금속 가공업",그 외 기타 금속 가공업,25929,그 외 기타 금속 가공업,,,,금속용접처리,1,"업종코드: 289201
업종 대분류: 제조업
업종 중분류: 금속 가공제품 제조업; 기계 및 가구 제외
업종 소분류: 기타 금속 가공제품 제조업
업종 세분류: 금속 열처리, 도금 및 기타 금속 가공업
업종 세세분류 및 활동명: 그 외 기타 금속 가공업
연계 KSIC 11차 코드: 25929
연계 KSIC 11차 분류명: 그 외 기타 금속 가공업
세부설명: 금속용접처리"
289202,C,제조업,28,금속 가공제품 제조업; 기계 및 가구 제외,289,기타 금속 가공제품 제조업,2892,"금속 열처리, 도금 및 기타 금속 가공업",도장 및 기타 피막 처리업,25923,도장 및 기타 피막 처리업,,,,,1,"업종코드: 289202
업종 대분류: 제조업
업종 중분류: 금속 가공제품 제조업; 기계 및 가구 제외
업종 소분류: 기타 금속 가공제품 제조업
업종 세분류: 금속 열처리, 도금 및 기타 금속 가공업
업종 세세분류 및 활동명: 도장 및 기타 피막 처리업
연계 KSIC 11차 코드: 25923
연계 KSIC 11차 분류명: 도장 및 기타 피막 처리업"
289205,C,제조업,28,금속 가공제품 제조업; 기계 및 가구 제외,289,기타 금속 가공제품 제조업,2892,"금속 열처리, 도금 및 기타 금속 가공업",절삭 가공 및 유사 처리업,25924,절삭 가공 및 유사 처리업,25924,절삭 가공 및 유사 처리업,1,,1,"업종코드: 289205
업종 대분류: 제조업
업종 중분류: 금속 가공제품 제조업; 기계 및 가구 제외
업종 소분류: 기타 금속 가공제품 제조업
업종 세분류: 금속 열처리, 도금 및 기타 금속 가공업
업종 세세분류 및 활동명: 절삭 가공 및 유사 처리업
연계 KSIC 11차 코드: 25924
연계 KSIC 11차 분류명: 절삭 가공 및 유사 처리업
주요 연계 KSIC 코드: 25924
주요 연계 KSIC 분류명: 절삭 가공 및 유사 처리업"
289206,C,제조업,28,금속 가공제품 제조업; 기계 및 가구 제외,289,기타 금속 가공제품 제조업,2892,"금속 열처리, 도금 및 기타 금속 가공업",금속 열처리업,25921,금속 열처리업,,,,,1,"업종코드: 289206
업종 대분류: 제조업
업종 중분류: 금속 가공제품 제조업; 기계 및 가구 제외
업종 소분류: 기타 금속 가공제품 제조업
업종 세분류: 금속 열처리, 도금 및 기타 금속 가공업
업종 세세분류 및 활동명: 금속 열처리업
연계 KSIC 11차 코드: 25921
연계 KSIC 11차 분류명: 금속 열처리업"
289207,C,제조업,28,금속 가공제품 제조업; 기계 및 가구 제외,289,기타 금속 가공제품 제조업,2892,"금속 열처리, 도금 및 기타 금속 가공업",도금업,25922,도금업,,,,,1,"업종코드: 289207
업종 대분류: 제조업
업종 중분류: 금속 가공제품 제조업; 기계 및 가구 제외
업종 소분류: 기타 금속 가공제품 제조업
업종 세분류: 금속 열처리, 도금 및 기타 금속 가공업
업종 세세분류 및 활동명: 도금업
연계 KSIC 11차 코드: 25922
연계 KSIC 11차 분류명: 도금업"
289208,C,제조업,28,금속 가공제품 제조업; 기계 및 가구 제외,289,기타 금속 가공제품 제조업,2892,"금속 열처리, 도금 및 기타 금속 가공업",그 외 기타 금속 가공업,25929,그 외 기타 금속 가공업,25929,그 외 기타 금속 가공업,1,,1,"업종코드: 289208
업종 대분류: 제조업
업종 중분류: 금속 가공제품 제조업; 기계 및 가구 제외
업종 소분류: 기타 금속 가공제품 제조업
업종 세분류: 금속 열처리, 도금 및 기타 금속 가공업
업종 세세분류 및 활동명: 그 외 기타 금속 가공업
연계 KSIC 11차 코드: 25929
연계 KSIC 11차 분류명: 그 외 기타 금속 가공업
주요 연계 KSIC 코드: 25929
주요 연계 KSIC 분류명: 그 외 기타 금속 가공업"
289301,C,제조업,28,금속 가공제품 제조업; 기계 및 가구 제외,289,기타 금속 가공제품 제조업,2893,"날붙이, 수공구 및 일반 철물 제조업",비동력식 수공구 제조업,25933,비동력식 수공구 제조업,,,,농업용 및 정원용,1,"업종코드: 289301
업종 대분류: 제조업
업종 중분류: 금속 가공제품 제조업; 기계 및 가구 제외
업종 소분류: 기타 금속 가공제품 제조업
업종 세분류: 날붙이, 수공구 및 일반 철물 제조업
업종 세세분류 및 활동명: 비동력식 수공구 제조업
연계 KSIC 11차 코드: 25933
연계 KSIC 11차 분류명: 비동력식 수공구 제조업
세부설명: 농업용 및 정원용"
289302,C,제조업,28,금속 가공제품 제조업; 기계 및 가구 제외,289,기타 금속 가공제품 제조업,2893,"날붙이, 수공구 및 일반 철물 제조업",일반 철물 제조업,25932,일반 철물 제조업,25932,일반 철물 제조업,1,,1,"업종코드: 289302
업종 대분류: 제조업
업종 중분류: 금속 가공제품 제조업; 기계 및 가구 제외
업종 소분류: 기타 금속 가공제품 제조업
업종 세분류: 날붙이, 수공구 및 일반 철물 제조업
업종 세세분류 및 활동명: 일반 철물 제조업
연계 KSIC 11차 코드: 25932
연계 KSIC 11차 분류명: 일반 철물 제조업
주요 연계 KSIC 코드: 25932
주요 연계 KSIC 분류명: 일반 철물 제조업"
289303,C,제조업,28,금속 가공제품 제조업; 기계 및 가구 제외,289,기타 금속 가공제품 제조업,2893,"날붙이, 수공구 및 일반 철물 제조업",톱 및 호환성 공구 제조업,25934,톱 및 호환성 공구 제조업,,,,,1,"업종코드: 289303
업종 대분류: 제조업
업종 중분류: 금속 가공제품 제조업; 기계 및 가구 제외
업종 소분류: 기타 금속 가공제품 제조업
업종 세분류: 날붙이, 수공구 및 일반 철물 제조업
업종 세세분류 및 활동명: 톱 및 호환성 공구 제조업
연계 KSIC 11차 코드: 25934
연계 KSIC 11차 분류명: 톱 및 호환성 공구 제조업"
289304,C,제조업,28,금속 가공제품 제조업; 기계 및 가구 제외,289,기타 금속 가공제품 제조업,2893,"날붙이, 수공구 및 일반 철물 제조업",날붙이 제조업,25931,날붙이 제조업,,,,,1,"업종코드: 289304
업종 대분류: 제조업
업종 중분류: 금속 가공제품 제조업; 기계 및 가구 제외
업종 소분류: 기타 금속 가공제품 제조업
업종 세분류: 날붙이, 수공구 및 일반 철물 제조업
업종 세세분류 및 활동명: 날붙이 제조업
연계 KSIC 11차 코드: 25931
연계 KSIC 11차 분류명: 날붙이 제조업"
289305,C,제조업,28,금속 가공제품 제조업; 기계 및 가구 제외,289,기타 금속 가공제품 제조업,2893,"날붙이, 수공구 및 일반 철물 제조업",일반 철물 제조업,25932,일반 철물 제조업,,,,자물쇠 및 열쇠,1,"업종코드: 289305
업종 대분류: 제조업
업종 중분류: 금속 가공제품 제조업; 기계 및 가구 제외
업종 소분류: 기타 금속 가공제품 제조업
업종 세분류: 날붙이, 수공구 및 일반 철물 제조업
업종 세세분류 및 활동명: 일반 철물 제조업
연계 KSIC 11차 코드: 25932
연계 KSIC 11차 분류명: 일반 철물 제조업
세부설명: 자물쇠 및 열쇠"
289306,C,제조업,28,금속 가공제품 제조업; 기계 및 가구 제외,289,기타 금속 가공제품 제조업,2893,"날붙이, 수공구 및 일반 철물 제조업",비동력식 수공구 제조업,25933,비동력식 수공구 제조업,25933,비동력식 수공구 제조업,1,,1,"업종코드: 289306
업종 대분류: 제조업
업종 중분류: 금속 가공제품 제조업; 기계 및 가구 제외
업종 소분류: 기타 금속 가공제품 제조업
업종 세분류: 날붙이, 수공구 및 일반 철물 제조업
업종 세세분류 및 활동명: 비동력식 수공구 제조업
연계 KSIC 11차 코드: 25933
연계 KSIC 11차 분류명: 비동력식 수공구 제조업
주요 연계 KSIC 코드: 25933
주요 연계 KSIC 분류명: 비동력식 수공구 제조업"
289901,C,제조업,28,금속 가공제품 제조업; 기계 및 가구 제외,289,기타 금속 가공제품 제조업,2899,"금속 파스너, 스프링 및 금속선 가공제품 제조업",금속선 가공제품 제조업,25944,금속선 가공제품 제조업,,,,,1,"업종코드: 289901
업종 대분류: 제조업
업종 중분류: 금속 가공제품 제조업; 기계 및 가구 제외
업종 소분류: 기타 금속 가공제품 제조업
업종 세분류: 금속 파스너, 스프링 및 금속선 가공제품 제조업
업종 세세분류 및 활동명: 금속선 가공제품 제조업
연계 KSIC 11차 코드: 25944
연계 KSIC 11차 분류명: 금속선 가공제품 제조업"
289902,C,제조업,28,금속 가공제품 제조업; 기계 및 가구 제외,289,기타 금속 가공제품 제조업,2899,그 외 기타 금속 가공제품 제조업,금속 캔 및 기타 포장용기 제조업,25991,금속 캔 및 기타 포장용기 제조업,,,,,1,"업종코드: 289902
업종 대분류: 제조업
업종 중분류: 금속 가공제품 제조업; 기계 및 가구 제외
업종 소분류: 기타 금속 가공제품 제조업
업종 세분류: 그 외 기타 금속 가공제품 제조업
업종 세세분류 및 활동명: 금속 캔 및 기타 포장용기 제조업
연계 KSIC 11차 코드: 25991
연계 KSIC 11차 분류명: 금속 캔 및 기타 포장용기 제조업"
289903,C,제조업,28,금속 가공제품 제조업; 기계 및 가구 제외,289,기타 금속 가공제품 제조업,2899,그 외 기타 금속 가공제품 제조업,수동식 식품 가공 기기 및 금속 주방용기 제조업,25992,수동식 식품 가공 기기 및 금속 주방용기 제조업,,,,,1,"업종코드: 289903
업종 대분류: 제조업
업종 중분류: 금속 가공제품 제조업; 기계 및 가구 제외
업종 소분류: 기타 금속 가공제품 제조업
업종 세분류: 그 외 기타 금속 가공제품 제조업
업종 세세분류 및 활동명: 수동식 식품 가공 기기 및 금속 주방용기 제조업
연계 KSIC 11차 코드: 25992
연계 KSIC 11차 분류명: 수동식 식품 가공 기기 및 금속 주방용기 제조업"
289908,C,제조업,28,금속 가공제품 제조업; 기계 및 가구 제외,289,기타 금속 가공제품 제조업,2899,"금속 파스너, 스프링 및 금속선 가공제품 제조업",볼트 및 너트류 제조업,25941,볼트 및 너트류 제조업,,,,,1,"업종코드: 289908
업종 대분류: 제조업
업종 중분류: 금속 가공제품 제조업; 기계 및 가구 제외
업종 소분류: 기타 금속 가공제품 제조업
업종 세분류: 금속 파스너, 스프링 및 금속선 가공제품 제조업
업종 세세분류 및 활동명: 볼트 및 너트류 제조업
연계 KSIC 11차 코드: 25941
연계 KSIC 11차 분류명: 볼트 및 너트류 제조업"
289910,C,제조업,28,금속 가공제품 제조업; 기계 및 가구 제외,289,기타 금속 가공제품 제조업,2899,"금속 파스너, 스프링 및 금속선 가공제품 제조업",그 외 금속 파스너 및 나사제품 제조업,25942,그 외 금속 파스너 및 나사제품 제조업,,,,,1,"업종코드: 289910
업종 대분류: 제조업
업종 중분류: 금속 가공제품 제조업; 기계 및 가구 제외
업종 소분류: 기타 금속 가공제품 제조업
업종 세분류: 금속 파스너, 스프링 및 금속선 가공제품 제조업
업종 세세분류 및 활동명: 그 외 금속 파스너 및 나사제품 제조업
연계 KSIC 11차 코드: 25942
연계 KSIC 11차 분류명: 그 외 금속 파스너 및 나사제품 제조업"
289913,C,제조업,28,금속 가공제품 제조업; 기계 및 가구 제외,289,기타 금속 가공제품 제조업,2899,"금속 파스너, 스프링 및 금속선 가공제품 제조업",금속 스프링 제조업,25943,금속 스프링 제조업,,,,,1,"업종코드: 289913
업종 대분류: 제조업
업종 중분류: 금속 가공제품 제조업; 기계 및 가구 제외
업종 소분류: 기타 금속 가공제품 제조업
업종 세분류: 금속 파스너, 스프링 및 금속선 가공제품 제조업
업종 세세분류 및 활동명: 금속 스프링 제조업
연계 KSIC 11차 코드: 25943
연계 KSIC 11차 분류명: 금속 스프링 제조업"
289914,C,제조업,28,금속 가공제품 제조업; 기계 및 가구 제외,289,기타 금속 가공제품 제조업,2899,그 외 기타 금속 가공제품 제조업,피복 및 충전 용접봉 제조업,25995,피복 및 충전 용접봉 제조업,,,,,1,"업종코드: 289914
업종 대분류: 제조업
업종 중분류: 금속 가공제품 제조업; 기계 및 가구 제외
업종 소분류: 기타 금속 가공제품 제조업
업종 세분류: 그 외 기타 금속 가공제품 제조업
업종 세세분류 및 활동명: 피복 및 충전 용접봉 제조업
연계 KSIC 11차 코드: 25995
연계 KSIC 11차 분류명: 피복 및 충전 용접봉 제조업"
289915,C,제조업,28,금속 가공제품 제조업; 기계 및 가구 제외,289,기타 금속 가공제품 제조업,2899,그 외 기타 금속 가공제품 제조업,그 외 기타 분류 안된 금속 가공제품 제조업,25999,그 외 기타 분류 안된 금속 가공제품 제조업,,,,사무실용 금속비품,1,"업종코드: 289915
업종 대분류: 제조업
업종 중분류: 금속 가공제품 제조업; 기계 및 가구 제외
업종 소분류: 기타 금속 가공제품 제조업
업종 세분류: 그 외 기타 금속 가공제품 제조업
업종 세세분류 및 활동명: 그 외 기타 분류 안된 금속 가공제품 제조업
연계 KSIC 11차 코드: 25999
연계 KSIC 11차 분류명: 그 외 기타 분류 안된 금속 가공제품 제조업
세부설명: 사무실용 금속비품"
289916,C,제조업,28,금속 가공제품 제조업; 기계 및 가구 제외,289,기타 금속 가공제품 제조업,2899,그 외 기타 금속 가공제품 제조업,금속 위생용품 제조업,25993,금속 위생용품 제조업,,,,,1,"업종코드: 289916
업종 대분류: 제조업
업종 중분류: 금속 가공제품 제조업; 기계 및 가구 제외
업종 소분류: 기타 금속 가공제품 제조업
업종 세분류: 그 외 기타 금속 가공제품 제조업
업종 세세분류 및 활동명: 금속 위생용품 제조업
연계 KSIC 11차 코드: 25993
연계 KSIC 11차 분류명: 금속 위생용품 제조업"
289917,C,제조업,28,금속 가공제품 제조업; 기계 및 가구 제외,289,기타 금속 가공제품 제조업,2899,그 외 기타 금속 가공제품 제조업,금속 표시판 제조업,25994,금속 표시판 제조업,,,,,1,"업종코드: 289917
업종 대분류: 제조업
업종 중분류: 금속 가공제품 제조업; 기계 및 가구 제외
업종 소분류: 기타 금속 가공제품 제조업
업종 세분류: 그 외 기타 금속 가공제품 제조업
업종 세세분류 및 활동명: 금속 표시판 제조업
연계 KSIC 11차 코드: 25994
연계 KSIC 11차 분류명: 금속 표시판 제조업"
289918,C,제조업,28,금속 가공제품 제조업; 기계 및 가구 제외,289,기타 금속 가공제품 제조업,2899,그 외 기타 금속 가공제품 제조업,그 외 기타 분류 안된 금속 가공제품 제조업,25999,그 외 기타 분류 안된 금속 가공제품 제조업,,,,금고,1,"업종코드: 289918
업종 대분류: 제조업
업종 중분류: 금속 가공제품 제조업; 기계 및 가구 제외
업종 소분류: 기타 금속 가공제품 제조업
업종 세분류: 그 외 기타 금속 가공제품 제조업
업종 세세분류 및 활동명: 그 외 기타 분류 안된 금속 가공제품 제조업
연계 KSIC 11차 코드: 25999
연계 KSIC 11차 분류명: 그 외 기타 분류 안된 금속 가공제품 제조업
세부설명: 금고"
291100,C,제조업,29,기타 기계 및 장비 제조업,291,일반 목적용 기계 제조업,2911,내연기관 및 터빈 제조업; 항공기용 및 차량용 제외,내연기관 제조업,29111,내연기관 제조업,,,,,1,"업종코드: 291100
업종 대분류: 제조업
업종 중분류: 기타 기계 및 장비 제조업
업종 소분류: 일반 목적용 기계 제조업
업종 세분류: 내연기관 및 터빈 제조업; 항공기용 및 차량용 제외
업종 세세분류 및 활동명: 내연기관 제조업
연계 KSIC 11차 코드: 29111
연계 KSIC 11차 분류명: 내연기관 제조업"
291101,C,제조업,29,기타 기계 및 장비 제조업,291,일반 목적용 기계 제조업,2911,내연기관 및 터빈 제조업; 항공기용 및 차량용 제외,기타 기관 및 터빈 제조업,29119,기타 기관 및 터빈 제조업,,,,,1,"업종코드: 291101
업종 대분류: 제조업
업종 중분류: 기타 기계 및 장비 제조업
업종 소분류: 일반 목적용 기계 제조업
업종 세분류: 내연기관 및 터빈 제조업; 항공기용 및 차량용 제외
업종 세세분류 및 활동명: 기타 기관 및 터빈 제조업
연계 KSIC 11차 코드: 29119
연계 KSIC 11차 분류명: 기타 기관 및 터빈 제조업"
291200,C,제조업,29,기타 기계 및 장비 제조업,291,일반 목적용 기계 제조업,2912,유압 기기 제조업,유압 기기 제조업,29120,유압 기기 제조업,,,,,1,"업종코드: 291200
업종 대분류: 제조업
업종 중분류: 기타 기계 및 장비 제조업
업종 소분류: 일반 목적용 기계 제조업
업종 세분류: 유압 기기 제조업
업종 세세분류 및 활동명: 유압 기기 제조업
연계 KSIC 11차 코드: 29120
연계 KSIC 11차 분류명: 유압 기기 제조업"
291201,C,제조업,29,기타 기계 및 장비 제조업,291,일반 목적용 기계 제조업,2912,"펌프 및 압축기 제조업; 탭, 밸브 및 유사 장치 제조 포함",액체 펌프 제조업,29131,액체 펌프 제조업,,,,,1,"업종코드: 291201
업종 대분류: 제조업
업종 중분류: 기타 기계 및 장비 제조업
업종 소분류: 일반 목적용 기계 제조업
업종 세분류: 펌프 및 압축기 제조업; 탭, 밸브 및 유사 장치 제조 포함
업종 세세분류 및 활동명: 액체 펌프 제조업
연계 KSIC 11차 코드: 29131
연계 KSIC 11차 분류명: 액체 펌프 제조업"
291202,C,제조업,29,기타 기계 및 장비 제조업,291,일반 목적용 기계 제조업,2912,"펌프 및 압축기 제조업; 탭, 밸브 및 유사 장치 제조 포함",기체 펌프 및 압축기 제조업,29132,기체 펌프 및 압축기 제조업,,,,,1,"업종코드: 291202
업종 대분류: 제조업
업종 중분류: 기타 기계 및 장비 제조업
업종 소분류: 일반 목적용 기계 제조업
업종 세분류: 펌프 및 압축기 제조업; 탭, 밸브 및 유사 장치 제조 포함
업종 세세분류 및 활동명: 기체 펌프 및 압축기 제조업
연계 KSIC 11차 코드: 29132
연계 KSIC 11차 분류명: 기체 펌프 및 압축기 제조업"
291300,C,제조업,29,기타 기계 및 장비 제조업,291,일반 목적용 기계 제조업,2913,"베어링, 기어 및 동력 전달장치 제조업",기어 및 동력전달장치 제조업,29142,기어 및 동력전달장치 제조업,,,,,1,"업종코드: 291300
업종 대분류: 제조업
업종 중분류: 기타 기계 및 장비 제조업
업종 소분류: 일반 목적용 기계 제조업
업종 세분류: 베어링, 기어 및 동력 전달장치 제조업
업종 세세분류 및 활동명: 기어 및 동력전달장치 제조업
연계 KSIC 11차 코드: 29142
연계 KSIC 11차 분류명: 기어 및 동력전달장치 제조업"
291301,C,제조업,29,기타 기계 및 장비 제조업,291,일반 목적용 기계 제조업,2913,"베어링, 기어 및 동력 전달장치 제조업",구름베어링 제조업,29141,구름베어링 제조업,,,,,1,"업종코드: 291301
업종 대분류: 제조업
업종 중분류: 기타 기계 및 장비 제조업
업종 소분류: 일반 목적용 기계 제조업
업종 세분류: 베어링, 기어 및 동력 전달장치 제조업
업종 세세분류 및 활동명: 구름베어링 제조업
연계 KSIC 11차 코드: 29141
연계 KSIC 11차 분류명: 구름베어링 제조업"
291401,C,제조업,29,기타 기계 및 장비 제조업,291,일반 목적용 기계 제조업,2914,"산업용 오븐, 노 및 노용 버너 제조업","산업용 오븐, 노 및 노용 버너 제조업",29150,"산업용 오븐, 노 및 노용 버너 제조업",,,,,1,"업종코드: 291401
업종 대분류: 제조업
업종 중분류: 기타 기계 및 장비 제조업
업종 소분류: 일반 목적용 기계 제조업
업종 세분류: 산업용 오븐, 노 및 노용 버너 제조업
업종 세세분류 및 활동명: 산업용 오븐, 노 및 노용 버너 제조업
연계 KSIC 11차 코드: 29150
연계 KSIC 11차 분류명: 산업용 오븐, 노 및 노용 버너 제조업"
291501,C,제조업,29,기타 기계 및 장비 제조업,291,일반 목적용 기계 제조업,2915,"산업용 트럭, 승강기 및 물품 취급장비 제조업",산업용 트럭 및 적재기 제조업,29161,산업용 트럭 및 적재기 제조업,,,,,1,"업종코드: 291501
업종 대분류: 제조업
업종 중분류: 기타 기계 및 장비 제조업
업종 소분류: 일반 목적용 기계 제조업
업종 세분류: 산업용 트럭, 승강기 및 물품 취급장비 제조업
업종 세세분류 및 활동명: 산업용 트럭 및 적재기 제조업
연계 KSIC 11차 코드: 29161
연계 KSIC 11차 분류명: 산업용 트럭 및 적재기 제조업"
291502,C,제조업,29,기타 기계 및 장비 제조업,291,일반 목적용 기계 제조업,2915,"산업용 트럭, 승강기 및 물품 취급장비 제조업",기타 물품 취급장비 제조업,29169,기타 물품 취급장비 제조업,,,,,1,"업종코드: 291502
업종 대분류: 제조업
업종 중분류: 기타 기계 및 장비 제조업
업종 소분류: 일반 목적용 기계 제조업
업종 세분류: 산업용 트럭, 승강기 및 물품 취급장비 제조업
업종 세세분류 및 활동명: 기타 물품 취급장비 제조업
연계 KSIC 11차 코드: 29169
연계 KSIC 11차 분류명: 기타 물품 취급장비 제조업"
291503,C,제조업,29,기타 기계 및 장비 제조업,291,일반 목적용 기계 제조업,2915,"산업용 트럭, 승강기 및 물품 취급장비 제조업",승강기 제조업,29162,승강기 제조업,,,,,1,"업종코드: 291503
업종 대분류: 제조업
업종 중분류: 기타 기계 및 장비 제조업
업종 소분류: 일반 목적용 기계 제조업
업종 세분류: 산업용 트럭, 승강기 및 물품 취급장비 제조업
업종 세세분류 및 활동명: 승강기 제조업
연계 KSIC 11차 코드: 29162
연계 KSIC 11차 분류명: 승강기 제조업"
291504,C,제조업,29,기타 기계 및 장비 제조업,291,일반 목적용 기계 제조업,2915,"산업용 트럭, 승강기 및 물품 취급장비 제조업",컨베이어 장치 제조업,29163,컨베이어 장치 제조업,,,,,1,"업종코드: 291504
업종 대분류: 제조업
업종 중분류: 기타 기계 및 장비 제조업
업종 소분류: 일반 목적용 기계 제조업
업종 세분류: 산업용 트럭, 승강기 및 물품 취급장비 제조업
업종 세세분류 및 활동명: 컨베이어 장치 제조업
연계 KSIC 11차 코드: 29163
연계 KSIC 11차 분류명: 컨베이어 장치 제조업"
291901,C,제조업,29,기타 기계 및 장비 제조업,291,일반 목적용 기계 제조업,2919,기타 일반 목적용 기계 제조업,그 외 기타 일반 목적용 기계 제조업,29199,그 외 기타 일반목적용 기계 제조업,,,,일반 저울,1,"업종코드: 291901
업종 대분류: 제조업
업종 중분류: 기타 기계 및 장비 제조업
업종 소분류: 일반 목적용 기계 제조업
업종 세분류: 기타 일반 목적용 기계 제조업
업종 세세분류 및 활동명: 그 외 기타 일반 목적용 기계 제조업
연계 KSIC 11차 코드: 29199
연계 KSIC 11차 분류명: 그 외 기타 일반목적용 기계 제조업
세부설명: 일반 저울"
291902,C,제조업,29,기타 기계 및 장비 제조업,291,일반 목적용 기계 제조업,2919,"냉각, 공기 조화, 여과, 증류 및 가스 발생기 제조업",산업용 냉장 및 냉동장비 제조업,29171,산업용 냉장 및 냉동장비 제조업,,,,,1,"업종코드: 291902
업종 대분류: 제조업
업종 중분류: 기타 기계 및 장비 제조업
업종 소분류: 일반 목적용 기계 제조업
업종 세분류: 냉각, 공기 조화, 여과, 증류 및 가스 발생기 제조업
업종 세세분류 및 활동명: 산업용 냉장 및 냉동장비 제조업
연계 KSIC 11차 코드: 29171
연계 KSIC 11차 분류명: 산업용 냉장 및 냉동장비 제조업"
291903,C,제조업,29,기타 기계 및 장비 제조업,291,일반 목적용 기계 제조업,2919,"냉각, 공기 조화, 여과, 증류 및 가스 발생기 제조업",가정용 및 산업용 공기 조화장치 제조업 | 운송장비용 공기 조화장치 제조업,29172 | 29173,가정용 및 산업용 공기 조화장치 제조업 | 운송장비용 공기 조화장치 제조업,,,,,2,"업종코드: 291903
업종 대분류: 제조업
업종 중분류: 기타 기계 및 장비 제조업
업종 소분류: 일반 목적용 기계 제조업
업종 세분류: 냉각, 공기 조화, 여과, 증류 및 가스 발생기 제조업
업종 세세분류 및 활동명: 가정용 및 산업용 공기 조화장치 제조업 | 운송장비용 공기 조화장치 제조업
연계 KSIC 11차 코드: 29172 | 29173
연계 KSIC 11차 분류명: 가정용 및 산업용 공기 조화장치 제조업 | 운송장비용 공기 조화장치 제조업"
291904,C,제조업,29,기타 기계 및 장비 제조업,291,일반 목적용 기계 제조업,2919,"냉각, 공기 조화, 여과, 증류 및 가스 발생기 제조업",산업용 송풍기 및 배기장치 제조업,29174,산업용 송풍기 및 배기장치 제조업,,,,,1,"업종코드: 291904
업종 대분류: 제조업
업종 중분류: 기타 기계 및 장비 제조업
업종 소분류: 일반 목적용 기계 제조업
업종 세분류: 냉각, 공기 조화, 여과, 증류 및 가스 발생기 제조업
업종 세세분류 및 활동명: 산업용 송풍기 및 배기장치 제조업
연계 KSIC 11차 코드: 29174
연계 KSIC 11차 분류명: 산업용 송풍기 및 배기장치 제조업"
291905,C,제조업,29,기타 기계 및 장비 제조업,291,일반 목적용 기계 제조업,2919,"냉각, 공기 조화, 여과, 증류 및 가스 발생기 제조업",기체 여과기 제조업,29175,기체 여과기 제조업,,,,,1,"업종코드: 291905
업종 대분류: 제조업
업종 중분류: 기타 기계 및 장비 제조업
업종 소분류: 일반 목적용 기계 제조업
업종 세분류: 냉각, 공기 조화, 여과, 증류 및 가스 발생기 제조업
업종 세세분류 및 활동명: 기체 여과기 제조업
연계 KSIC 11차 코드: 29175
연계 KSIC 11차 분류명: 기체 여과기 제조업"
291906,C,제조업,29,기타 기계 및 장비 제조업,291,일반 목적용 기계 제조업,2919,"냉각, 공기 조화, 여과, 증류 및 가스 발생기 제조업",액체 여과기 제조업,29176,액체 여과기 제조업,,,,,1,"업종코드: 291906
업종 대분류: 제조업
업종 중분류: 기타 기계 및 장비 제조업
업종 소분류: 일반 목적용 기계 제조업
업종 세분류: 냉각, 공기 조화, 여과, 증류 및 가스 발생기 제조업
업종 세세분류 및 활동명: 액체 여과기 제조업
연계 KSIC 11차 코드: 29176
연계 KSIC 11차 분류명: 액체 여과기 제조업"
291907,C,제조업,29,기타 기계 및 장비 제조업,291,일반 목적용 기계 제조업,2919,"냉각, 공기 조화, 여과, 증류 및 가스 발생기 제조업","증류기, 열 교환기 및 가스 발생기 제조업",29177,"증류기, 열 교환기 및 가스 발생기 제조업",,,,,1,"업종코드: 291907
업종 대분류: 제조업
업종 중분류: 기타 기계 및 장비 제조업
업종 소분류: 일반 목적용 기계 제조업
업종 세분류: 냉각, 공기 조화, 여과, 증류 및 가스 발생기 제조업
업종 세세분류 및 활동명: 증류기, 열 교환기 및 가스 발생기 제조업
연계 KSIC 11차 코드: 29177
연계 KSIC 11차 분류명: 증류기, 열 교환기 및 가스 발생기 제조업"
291908,C,제조업,29,기타 기계 및 장비 제조업,291,일반 목적용 기계 제조업,2919,기타 일반 목적용 기계 제조업,"용기 세척, 포장 및 충전기 제조업",29191,"용기 세척, 포장 및 충전기 제조업",,,,,1,"업종코드: 291908
업종 대분류: 제조업
업종 중분류: 기타 기계 및 장비 제조업
업종 소분류: 일반 목적용 기계 제조업
업종 세분류: 기타 일반 목적용 기계 제조업
업종 세세분류 및 활동명: 용기 세척, 포장 및 충전기 제조업
연계 KSIC 11차 코드: 29191
연계 KSIC 11차 분류명: 용기 세척, 포장 및 충전기 제조업"
291909,C,제조업,29,기타 기계 및 장비 제조업,291,일반 목적용 기계 제조업,2919,기타 일반 목적용 기계 제조업,분사기 및 소화기 제조업,29192,분사기 및 소화기 제조업,,,,,1,"업종코드: 291909
업종 대분류: 제조업
업종 중분류: 기타 기계 및 장비 제조업
업종 소분류: 일반 목적용 기계 제조업
업종 세분류: 기타 일반 목적용 기계 제조업
업종 세세분류 및 활동명: 분사기 및 소화기 제조업
연계 KSIC 11차 코드: 29192
연계 KSIC 11차 분류명: 분사기 및 소화기 제조업"
291911,C,제조업,29,기타 기계 및 장비 제조업,291,일반 목적용 기계 제조업,2919,기타 일반 목적용 기계 제조업,그 외 기타 일반 목적용 기계 제조업,29199,그 외 기타 일반목적용 기계 제조업,29199,그 외 기타 일반목적용 기계 제조업,1,,1,"업종코드: 291911
업종 대분류: 제조업
업종 중분류: 기타 기계 및 장비 제조업
업종 소분류: 일반 목적용 기계 제조업
업종 세분류: 기타 일반 목적용 기계 제조업
업종 세세분류 및 활동명: 그 외 기타 일반 목적용 기계 제조업
연계 KSIC 11차 코드: 29199
연계 KSIC 11차 분류명: 그 외 기타 일반목적용 기계 제조업
주요 연계 KSIC 코드: 29199
주요 연계 KSIC 분류명: 그 외 기타 일반목적용 기계 제조업"
292100,C,제조업,29,기타 기계 및 장비 제조업,292,특수 목적용 기계 제조업,2921,농업 및 임업용 기계 제조업,농업 및 임업용 기계 제조업,29210,농업 및 임업용 기계 제조업,,,,,1,"업종코드: 292100
업종 대분류: 제조업
업종 중분류: 기타 기계 및 장비 제조업
업종 소분류: 특수 목적용 기계 제조업
업종 세분류: 농업 및 임업용 기계 제조업
업종 세세분류 및 활동명: 농업 및 임업용 기계 제조업
연계 KSIC 11차 코드: 29210
연계 KSIC 11차 분류명: 농업 및 임업용 기계 제조업"
292201,C,제조업,29,기타 기계 및 장비 제조업,292,일반 목적용 기계 제조업,2922,기타 일반 목적용 기계 제조업,동력식 수지 공구 제조업,29193,동력식 수지 공구 제조업,,,,,1,"업종코드: 292201
업종 대분류: 제조업
업종 중분류: 기타 기계 및 장비 제조업
업종 소분류: 일반 목적용 기계 제조업
업종 세분류: 기타 일반 목적용 기계 제조업
업종 세세분류 및 활동명: 동력식 수지 공구 제조업
연계 KSIC 11차 코드: 29193
연계 KSIC 11차 분류명: 동력식 수지 공구 제조업"
292202,C,제조업,29,기타 기계 및 장비 제조업,292,특수 목적용 기계 제조업,2922,가공 공작기계 제조업,금속 절삭기계 제조업,29223,금속 절삭기계 제조업,,,,,1,"업종코드: 292202
업종 대분류: 제조업
업종 중분류: 기타 기계 및 장비 제조업
업종 소분류: 특수 목적용 기계 제조업
업종 세분류: 가공 공작기계 제조업
업종 세세분류 및 활동명: 금속 절삭기계 제조업
연계 KSIC 11차 코드: 29223
연계 KSIC 11차 분류명: 금속 절삭기계 제조업"
292203,C,제조업,29,기타 기계 및 장비 제조업,292,특수 목적용 기계 제조업,2922,가공 공작기계 제조업,전자 응용 절삭기계 제조업,29221,전자 응용 절삭기계 제조업,,,,,1,"업종코드: 292203
업종 대분류: 제조업
업종 중분류: 기타 기계 및 장비 제조업
업종 소분류: 특수 목적용 기계 제조업
업종 세분류: 가공 공작기계 제조업
업종 세세분류 및 활동명: 전자 응용 절삭기계 제조업
연계 KSIC 11차 코드: 29221
연계 KSIC 11차 분류명: 전자 응용 절삭기계 제조업"
292204,C,제조업,29,기타 기계 및 장비 제조업,292,특수 목적용 기계 제조업,2922,가공 공작기계 제조업,기타 가공 공작기계 제조업,29229,기타 가공 공작기계 제조업,,,,,1,"업종코드: 292204
업종 대분류: 제조업
업종 중분류: 기타 기계 및 장비 제조업
업종 소분류: 특수 목적용 기계 제조업
업종 세분류: 가공 공작기계 제조업
업종 세세분류 및 활동명: 기타 가공 공작기계 제조업
연계 KSIC 11차 코드: 29229
연계 KSIC 11차 분류명: 기타 가공 공작기계 제조업"
292205,C,제조업,29,기타 기계 및 장비 제조업,292,특수 목적용 기계 제조업,2922,가공 공작기계 제조업,디지털 적층 성형기계 제조업,29222,디지털 적층 성형기계 제조업,,,,,1,"업종코드: 292205
업종 대분류: 제조업
업종 중분류: 기타 기계 및 장비 제조업
업종 소분류: 특수 목적용 기계 제조업
업종 세분류: 가공 공작기계 제조업
업종 세세분류 및 활동명: 디지털 적층 성형기계 제조업
연계 KSIC 11차 코드: 29222
연계 KSIC 11차 분류명: 디지털 적층 성형기계 제조업"
292206,C,제조업,29,기타 기계 및 장비 제조업,292,특수 목적용 기계 제조업,2922,가공 공작기계 제조업,금속 성형기계 제조업,29224,금속 성형기계 제조업,,,,,1,"업종코드: 292206
업종 대분류: 제조업
업종 중분류: 기타 기계 및 장비 제조업
업종 소분류: 특수 목적용 기계 제조업
업종 세분류: 가공 공작기계 제조업
업종 세세분류 및 활동명: 금속 성형기계 제조업
연계 KSIC 11차 코드: 29224
연계 KSIC 11차 분류명: 금속 성형기계 제조업"
292300,C,제조업,29,기타 기계 및 장비 제조업,292,특수 목적용 기계 제조업,2923,금속 주조 및 기타 야금용 기계 제조업,금속 주조 및 기타 야금용 기계 제조업,29230,금속 주조 및 기타 야금용 기계 제조업,,,,,1,"업종코드: 292300
업종 대분류: 제조업
업종 중분류: 기타 기계 및 장비 제조업
업종 소분류: 특수 목적용 기계 제조업
업종 세분류: 금속 주조 및 기타 야금용 기계 제조업
업종 세세분류 및 활동명: 금속 주조 및 기타 야금용 기계 제조업
연계 KSIC 11차 코드: 29230
연계 KSIC 11차 분류명: 금속 주조 및 기타 야금용 기계 제조업"
292400,C,제조업,29,기타 기계 및 장비 제조업,292,특수 목적용 기계 제조업,2924,건설 및 광업용 기계장비 제조업,건설 및 채광용 기계장비 제조업,29241,건설 및 채광용 기계장비 제조업,,,,,1,"업종코드: 292400
업종 대분류: 제조업
업종 중분류: 기타 기계 및 장비 제조업
업종 소분류: 특수 목적용 기계 제조업
업종 세분류: 건설 및 광업용 기계장비 제조업
업종 세세분류 및 활동명: 건설 및 채광용 기계장비 제조업
연계 KSIC 11차 코드: 29241
연계 KSIC 11차 분류명: 건설 및 채광용 기계장비 제조업"
292401,C,제조업,29,기타 기계 및 장비 제조업,292,특수 목적용 기계 제조업,2924,건설 및 광업용 기계장비 제조업,광물 처리 및 취급장비 제조업,29242,광물 처리 및 취급장비 제조업,,,,,1,"업종코드: 292401
업종 대분류: 제조업
업종 중분류: 기타 기계 및 장비 제조업
업종 소분류: 특수 목적용 기계 제조업
업종 세분류: 건설 및 광업용 기계장비 제조업
업종 세세분류 및 활동명: 광물 처리 및 취급장비 제조업
연계 KSIC 11차 코드: 29242
연계 KSIC 11차 분류명: 광물 처리 및 취급장비 제조업"
292500,C,제조업,29,기타 기계 및 장비 제조업,292,특수 목적용 기계 제조업,2925,음ㆍ식료품 및 담배 가공기계 제조업,음ㆍ식료품 및 담배 가공기계 제조업,29250,음ㆍ식료품 및 담배 가공기계 제조업,,,,,1,"업종코드: 292500
업종 대분류: 제조업
업종 중분류: 기타 기계 및 장비 제조업
업종 소분류: 특수 목적용 기계 제조업
업종 세분류: 음ㆍ식료품 및 담배 가공기계 제조업
업종 세세분류 및 활동명: 음ㆍ식료품 및 담배 가공기계 제조업
연계 KSIC 11차 코드: 29250
연계 KSIC 11차 분류명: 음ㆍ식료품 및 담배 가공기계 제조업"
292600,C,제조업,29,기타 기계 및 장비 제조업,292,특수 목적용 기계 제조업,2926,"섬유, 의복 및 가죽 가공기계 제조업","기타 섬유, 의복 및 가죽 가공기계 제조업",29269,"기타 섬유, 의복 및 가죽 가공기계 제조업",,,,,1,"업종코드: 292600
업종 대분류: 제조업
업종 중분류: 기타 기계 및 장비 제조업
업종 소분류: 특수 목적용 기계 제조업
업종 세분류: 섬유, 의복 및 가죽 가공기계 제조업
업종 세세분류 및 활동명: 기타 섬유, 의복 및 가죽 가공기계 제조업
연계 KSIC 11차 코드: 29269
연계 KSIC 11차 분류명: 기타 섬유, 의복 및 가죽 가공기계 제조업"
292601,C,제조업,29,기타 기계 및 장비 제조업,292,특수 목적용 기계 제조업,2926,"섬유, 의복 및 가죽 가공기계 제조업","산업용 섬유 세척, 염색, 정리 및 가공 기계 제조업",29261,"산업용 섬유 세척, 염색, 정리 및 가공 기계 제조업",,,,,1,"업종코드: 292601
업종 대분류: 제조업
업종 중분류: 기타 기계 및 장비 제조업
업종 소분류: 특수 목적용 기계 제조업
업종 세분류: 섬유, 의복 및 가죽 가공기계 제조업
업종 세세분류 및 활동명: 산업용 섬유 세척, 염색, 정리 및 가공 기계 제조업
연계 KSIC 11차 코드: 29261
연계 KSIC 11차 분류명: 산업용 섬유 세척, 염색, 정리 및 가공 기계 제조업"
292700,C,제조업,29,금속 가공제품 제조업; 기계 및 가구 제외,292,무기 및 총포탄 제조업,2927,무기 및 총포탄 제조업,무기 및 총포탄 제조업,25200,무기 및 총포탄 제조업,,,,,1,"업종코드: 292700
업종 대분류: 제조업
업종 중분류: 금속 가공제품 제조업; 기계 및 가구 제외
업종 소분류: 무기 및 총포탄 제조업
업종 세분류: 무기 및 총포탄 제조업
업종 세세분류 및 활동명: 무기 및 총포탄 제조업
연계 KSIC 11차 코드: 25200
연계 KSIC 11차 분류명: 무기 및 총포탄 제조업"
292901,C,제조업,29,기타 기계 및 장비 제조업,292,특수 목적용 기계 제조업,2929,산업용 로봇 제조업,산업용 로봇 제조업,29280,산업용 로봇 제조업,,,,,1,"업종코드: 292901
업종 대분류: 제조업
업종 중분류: 기타 기계 및 장비 제조업
업종 소분류: 특수 목적용 기계 제조업
업종 세분류: 산업용 로봇 제조업
업종 세세분류 및 활동명: 산업용 로봇 제조업
연계 KSIC 11차 코드: 29280
연계 KSIC 11차 분류명: 산업용 로봇 제조업"
292902,C,제조업,29,기타 기계 및 장비 제조업,292,특수 목적용 기계 제조업,2929,기타 특수 목적용 기계 제조업,인쇄 및 제책용 기계 제조업,29292,인쇄 및 제책용 기계 제조업,,,,,1,"업종코드: 292902
업종 대분류: 제조업
업종 중분류: 기타 기계 및 장비 제조업
업종 소분류: 특수 목적용 기계 제조업
업종 세분류: 기타 특수 목적용 기계 제조업
업종 세세분류 및 활동명: 인쇄 및 제책용 기계 제조업
연계 KSIC 11차 코드: 29292
연계 KSIC 11차 분류명: 인쇄 및 제책용 기계 제조업"
292903,C,제조업,29,기타 기계 및 장비 제조업,292,특수 목적용 기계 제조업,2929,기타 특수 목적용 기계 제조업,주형 및 금형 제조업,29293,주형 및 금형 제조업,,,,,1,"업종코드: 292903
업종 대분류: 제조업
업종 중분류: 기타 기계 및 장비 제조업
업종 소분류: 특수 목적용 기계 제조업
업종 세분류: 기타 특수 목적용 기계 제조업
업종 세세분류 및 활동명: 주형 및 금형 제조업
연계 KSIC 11차 코드: 29293
연계 KSIC 11차 분류명: 주형 및 금형 제조업"
292905,C,제조업,29,기타 기계 및 장비 제조업,292,특수 목적용 기계 제조업,2929,기타 특수 목적용 기계 제조업,그 외 기타 특수 목적용 기계 제조업,29299,그 외 기타 특수목적용 기계 제조업,,,,펄프 및 종이 가공용 기계,1,"업종코드: 292905
업종 대분류: 제조업
업종 중분류: 기타 기계 및 장비 제조업
업종 소분류: 특수 목적용 기계 제조업
업종 세분류: 기타 특수 목적용 기계 제조업
업종 세세분류 및 활동명: 그 외 기타 특수 목적용 기계 제조업
연계 KSIC 11차 코드: 29299
연계 KSIC 11차 분류명: 그 외 기타 특수목적용 기계 제조업
세부설명: 펄프 및 종이 가공용 기계"
292906,C,제조업,29,기타 기계 및 장비 제조업,292,특수 목적용 기계 제조업,2929,기타 특수 목적용 기계 제조업,"고무, 화학섬유 및 플라스틱 성형기 제조업",29291,"고무, 화학섬유 및 플라스틱 성형기 제조업",,,,,1,"업종코드: 292906
업종 대분류: 제조업
업종 중분류: 기타 기계 및 장비 제조업
업종 소분류: 특수 목적용 기계 제조업
업종 세분류: 기타 특수 목적용 기계 제조업
업종 세세분류 및 활동명: 고무, 화학섬유 및 플라스틱 성형기 제조업
연계 KSIC 11차 코드: 29291
연계 KSIC 11차 분류명: 고무, 화학섬유 및 플라스틱 성형기 제조업"
292907,C,제조업,29,기타 기계 및 장비 제조업,292,특수 목적용 기계 제조업,2929,기타 특수 목적용 기계 제조업,그 외 기타 특수 목적용 기계 제조업,29299,그 외 기타 특수목적용 기계 제조업,29299,그 외 기타 특수목적용 기계 제조업,1,,1,"업종코드: 292907
업종 대분류: 제조업
업종 중분류: 기타 기계 및 장비 제조업
업종 소분류: 특수 목적용 기계 제조업
업종 세분류: 기타 특수 목적용 기계 제조업
업종 세세분류 및 활동명: 그 외 기타 특수 목적용 기계 제조업
연계 KSIC 11차 코드: 29299
연계 KSIC 11차 분류명: 그 외 기타 특수목적용 기계 제조업
주요 연계 KSIC 코드: 29299
주요 연계 KSIC 분류명: 그 외 기타 특수목적용 기계 제조업"
292908,C,제조업,29,기타 기계 및 장비 제조업,292,특수 목적용 기계 제조업,2929,반도체 및 디스플레이 제조용 기계 제조업,반도체 제조용 기계 제조업,29271,반도체 제조용 기계 제조업,,,,,1,"업종코드: 292908
업종 대분류: 제조업
업종 중분류: 기타 기계 및 장비 제조업
업종 소분류: 특수 목적용 기계 제조업
업종 세분류: 반도체 및 디스플레이 제조용 기계 제조업
업종 세세분류 및 활동명: 반도체 제조용 기계 제조업
연계 KSIC 11차 코드: 29271
연계 KSIC 11차 분류명: 반도체 제조용 기계 제조업"
292909,C,제조업,29,기타 기계 및 장비 제조업,292,특수 목적용 기계 제조업,2929,반도체 및 디스플레이 제조용 기계 제조업,디스플레이 제조용 기계 제조업,29272,디스플레이 제조용 기계 제조업,,,,,1,"업종코드: 292909
업종 대분류: 제조업
업종 중분류: 기타 기계 및 장비 제조업
업종 소분류: 특수 목적용 기계 제조업
업종 세분류: 반도체 및 디스플레이 제조용 기계 제조업
업종 세세분류 및 활동명: 디스플레이 제조용 기계 제조업
연계 KSIC 11차 코드: 29272
연계 KSIC 11차 분류명: 디스플레이 제조용 기계 제조업"
293001,C,제조업,29,전기장비 제조업,293,가정용 기기 제조업,2930,가정용 전기 기기 제조업,주방용 전기 기기 제조업,28511,주방용 전기 기기 제조업,,,,,1,"업종코드: 293001
업종 대분류: 제조업
업종 중분류: 전기장비 제조업
업종 소분류: 가정용 기기 제조업
업종 세분류: 가정용 전기 기기 제조업
업종 세세분류 및 활동명: 주방용 전기 기기 제조업
연계 KSIC 11차 코드: 28511
연계 KSIC 11차 분류명: 주방용 전기 기기 제조업"
293002,C,제조업,29,전기장비 제조업,293,가정용 기기 제조업,2930,가정용 전기 기기 제조업,기타 가정용 전기 기기 제조업,28519,기타 가정용 전기 기기 제조업,,,,,1,"업종코드: 293002
업종 대분류: 제조업
업종 중분류: 전기장비 제조업
업종 소분류: 가정용 기기 제조업
업종 세분류: 가정용 전기 기기 제조업
업종 세세분류 및 활동명: 기타 가정용 전기 기기 제조업
연계 KSIC 11차 코드: 28519
연계 KSIC 11차 분류명: 기타 가정용 전기 기기 제조업"
293004,C,제조업,29,전기장비 제조업,293,가정용 기기 제조업,2930,가정용 비전기식 조리 및 난방 기구 제조업,가정용 비전기식 조리 및 난방 기구 제조업,28520,가정용 비전기식 조리 및 난방 기구 제조업,,,,,1,"업종코드: 293004
업종 대분류: 제조업
업종 중분류: 전기장비 제조업
업종 소분류: 가정용 기기 제조업
업종 세분류: 가정용 비전기식 조리 및 난방 기구 제조업
업종 세세분류 및 활동명: 가정용 비전기식 조리 및 난방 기구 제조업
연계 KSIC 11차 코드: 28520
연계 KSIC 11차 분류명: 가정용 비전기식 조리 및 난방 기구 제조업"
293005,C,제조업,29,전기장비 제조업,293,가정용 기기 제조업,2930,가정용 전기 기기 제조업,가정용 전기 난방기기 제조업,28512,가정용 전기 난방기기 제조업,,,,,1,"업종코드: 293005
업종 대분류: 제조업
업종 중분류: 전기장비 제조업
업종 소분류: 가정용 기기 제조업
업종 세분류: 가정용 전기 기기 제조업
업종 세세분류 및 활동명: 가정용 전기 난방기기 제조업
연계 KSIC 11차 코드: 28512
연계 KSIC 11차 분류명: 가정용 전기 난방기기 제조업"
300100,C,제조업,30,"전자 부품, 컴퓨터, 영상, 음향 및 통신장비 제조업",300,컴퓨터 및 주변 장치 제조업,3001,컴퓨터 제조업,컴퓨터 제조업,26310,컴퓨터 제조업,,,,,1,"업종코드: 300100
업종 대분류: 제조업
업종 중분류: 전자 부품, 컴퓨터, 영상, 음향 및 통신장비 제조업
업종 소분류: 컴퓨터 및 주변 장치 제조업
업종 세분류: 컴퓨터 제조업
업종 세세분류 및 활동명: 컴퓨터 제조업
연계 KSIC 11차 코드: 26310
연계 KSIC 11차 분류명: 컴퓨터 제조업"
300101,C,제조업,30,"전자 부품, 컴퓨터, 영상, 음향 및 통신장비 제조업",300,컴퓨터 및 주변 장치 제조업,3001,기억 장치 및 주변 기기 제조업,기타 주변 기기 제조업,26329,기타 주변 기기 제조업,,,,,1,"업종코드: 300101
업종 대분류: 제조업
업종 중분류: 전자 부품, 컴퓨터, 영상, 음향 및 통신장비 제조업
업종 소분류: 컴퓨터 및 주변 장치 제조업
업종 세분류: 기억 장치 및 주변 기기 제조업
업종 세세분류 및 활동명: 기타 주변 기기 제조업
연계 KSIC 11차 코드: 26329
연계 KSIC 11차 분류명: 기타 주변 기기 제조업"
300102,C,제조업,30,"전자 부품, 컴퓨터, 영상, 음향 및 통신장비 제조업",300,컴퓨터 및 주변 장치 제조업,3001,기억 장치 및 주변 기기 제조업,기억 장치 제조업,26321,기억 장치 제조업,,,,,1,"업종코드: 300102
업종 대분류: 제조업
업종 중분류: 전자 부품, 컴퓨터, 영상, 음향 및 통신장비 제조업
업종 소분류: 컴퓨터 및 주변 장치 제조업
업종 세분류: 기억 장치 및 주변 기기 제조업
업종 세세분류 및 활동명: 기억 장치 제조업
연계 KSIC 11차 코드: 26321
연계 KSIC 11차 분류명: 기억 장치 제조업"
300103,C,제조업,30,"전자 부품, 컴퓨터, 영상, 음향 및 통신장비 제조업",300,컴퓨터 및 주변 장치 제조업,3001,기억 장치 및 주변 기기 제조업,컴퓨터 모니터 제조업,26322,컴퓨터 모니터 제조업,,,,,1,"업종코드: 300103
업종 대분류: 제조업
업종 중분류: 전자 부품, 컴퓨터, 영상, 음향 및 통신장비 제조업
업종 소분류: 컴퓨터 및 주변 장치 제조업
업종 세분류: 기억 장치 및 주변 기기 제조업
업종 세세분류 및 활동명: 컴퓨터 모니터 제조업
연계 KSIC 11차 코드: 26322
연계 KSIC 11차 분류명: 컴퓨터 모니터 제조업"
300104,C,제조업,30,"전자 부품, 컴퓨터, 영상, 음향 및 통신장비 제조업",300,컴퓨터 및 주변 장치 제조업,3001,기억 장치 및 주변 기기 제조업,컴퓨터 프린터 제조업,26323,컴퓨터 프린터 제조업,,,,,1,"업종코드: 300104
업종 대분류: 제조업
업종 중분류: 전자 부품, 컴퓨터, 영상, 음향 및 통신장비 제조업
업종 소분류: 컴퓨터 및 주변 장치 제조업
업종 세분류: 기억 장치 및 주변 기기 제조업
업종 세세분류 및 활동명: 컴퓨터 프린터 제조업
연계 KSIC 11차 코드: 26323
연계 KSIC 11차 분류명: 컴퓨터 프린터 제조업"
300201,C,제조업,30,기타 기계 및 장비 제조업,300,일반 목적용 기계 제조업,3002,사무용 기계 및 장비 제조업,사무용 기계 및 장비 제조업,29180,사무용 기계 및 장비 제조업,29180,사무용 기계 및 장비 제조업,1,,1,"업종코드: 300201
업종 대분류: 제조업
업종 중분류: 기타 기계 및 장비 제조업
업종 소분류: 일반 목적용 기계 제조업
업종 세분류: 사무용 기계 및 장비 제조업
업종 세세분류 및 활동명: 사무용 기계 및 장비 제조업
연계 KSIC 11차 코드: 29180
연계 KSIC 11차 분류명: 사무용 기계 및 장비 제조업
주요 연계 KSIC 코드: 29180
주요 연계 KSIC 분류명: 사무용 기계 및 장비 제조업"
300202,C,제조업,30,기타 기계 및 장비 제조업,300,일반 목적용 기계 제조업,3002,사무용 기계 및 장비 제조업,사무용 기계 및 장비 제조업,29180,사무용 기계 및 장비 제조업,,,,복사기(사진식 등),1,"업종코드: 300202
업종 대분류: 제조업
업종 중분류: 기타 기계 및 장비 제조업
업종 소분류: 일반 목적용 기계 제조업
업종 세분류: 사무용 기계 및 장비 제조업
업종 세세분류 및 활동명: 사무용 기계 및 장비 제조업
연계 KSIC 11차 코드: 29180
연계 KSIC 11차 분류명: 사무용 기계 및 장비 제조업
세부설명: 복사기(사진식 등)"
311001,C,제조업,31,"전자 부품, 컴퓨터, 영상, 음향 및 통신장비 제조업",311,전자 부품 제조업,3110,기타 전자 부품 제조업,"전자코일, 변성기 및 기타 전자 유도자 제조업",26293,"전자코일, 변성기 및 기타 전자 유도자 제조업",,,,,1,"업종코드: 311001
업종 대분류: 제조업
업종 중분류: 전자 부품, 컴퓨터, 영상, 음향 및 통신장비 제조업
업종 소분류: 전자 부품 제조업
업종 세분류: 기타 전자 부품 제조업
업종 세세분류 및 활동명: 전자코일, 변성기 및 기타 전자 유도자 제조업
연계 KSIC 11차 코드: 26293
연계 KSIC 11차 분류명: 전자코일, 변성기 및 기타 전자 유도자 제조업"
311002,C,제조업,31,전기장비 제조업,311,"전동기, 발전기 및 전기 변환ㆍ공급ㆍ제어 장치 제조업",3110,"전동기, 발전기 및 전기 변환장치 제조업",전동기 및 발전기 제조업,28111,전동기 및 발전기 제조업,,,,,1,"업종코드: 311002
업종 대분류: 제조업
업종 중분류: 전기장비 제조업
업종 소분류: 전동기, 발전기 및 전기 변환ㆍ공급ㆍ제어 장치 제조업
업종 세분류: 전동기, 발전기 및 전기 변환장치 제조업
업종 세세분류 및 활동명: 전동기 및 발전기 제조업
연계 KSIC 11차 코드: 28111
연계 KSIC 11차 분류명: 전동기 및 발전기 제조업"
311003,C,제조업,31,전기장비 제조업,311,"전동기, 발전기 및 전기 변환ㆍ공급ㆍ제어 장치 제조업",3110,"전동기, 발전기 및 전기 변환장치 제조업",변압기 제조업,28112,변압기 제조업,,,,,1,"업종코드: 311003
업종 대분류: 제조업
업종 중분류: 전기장비 제조업
업종 소분류: 전동기, 발전기 및 전기 변환ㆍ공급ㆍ제어 장치 제조업
업종 세분류: 전동기, 발전기 및 전기 변환장치 제조업
업종 세세분류 및 활동명: 변압기 제조업
연계 KSIC 11차 코드: 28112
연계 KSIC 11차 분류명: 변압기 제조업"
311004,C,제조업,31,전기장비 제조업,311,"전동기, 발전기 및 전기 변환ㆍ공급ㆍ제어 장치 제조업",3110,"전동기, 발전기 및 전기 변환장치 제조업",기타 전기 변환장치 제조업,28119,기타 전기 변환장치 제조업,,,,방전 램프용 안정기,1,"업종코드: 311004
업종 대분류: 제조업
업종 중분류: 전기장비 제조업
업종 소분류: 전동기, 발전기 및 전기 변환ㆍ공급ㆍ제어 장치 제조업
업종 세분류: 전동기, 발전기 및 전기 변환장치 제조업
업종 세세분류 및 활동명: 기타 전기 변환장치 제조업
연계 KSIC 11차 코드: 28119
연계 KSIC 11차 분류명: 기타 전기 변환장치 제조업
세부설명: 방전 램프용 안정기"
311005,C,제조업,31,전기장비 제조업,311,"전동기, 발전기 및 전기 변환ㆍ공급ㆍ제어 장치 제조업",3110,"전동기, 발전기 및 전기 변환장치 제조업",에너지 저장장치 제조업,28113,에너지 저장장치 제조업,,,,,1,"업종코드: 311005
업종 대분류: 제조업
업종 중분류: 전기장비 제조업
업종 소분류: 전동기, 발전기 및 전기 변환ㆍ공급ㆍ제어 장치 제조업
업종 세분류: 전동기, 발전기 및 전기 변환장치 제조업
업종 세세분류 및 활동명: 에너지 저장장치 제조업
연계 KSIC 11차 코드: 28113
연계 KSIC 11차 분류명: 에너지 저장장치 제조업"
311006,C,제조업,31,전기장비 제조업,311,"전동기, 발전기 및 전기 변환ㆍ공급ㆍ제어 장치 제조업",3110,"전동기, 발전기 및 전기 변환장치 제조업",기타 전기 변환장치 제조업,28119,기타 전기 변환장치 제조업,28119,기타 전기 변환장치 제조업,1,,1,"업종코드: 311006
업종 대분류: 제조업
업종 중분류: 전기장비 제조업
업종 소분류: 전동기, 발전기 및 전기 변환ㆍ공급ㆍ제어 장치 제조업
업종 세분류: 전동기, 발전기 및 전기 변환장치 제조업
업종 세세분류 및 활동명: 기타 전기 변환장치 제조업
연계 KSIC 11차 코드: 28119
연계 KSIC 11차 분류명: 기타 전기 변환장치 제조업
주요 연계 KSIC 코드: 28119
주요 연계 KSIC 분류명: 기타 전기 변환장치 제조업"
312000,C,제조업,31,전기장비 제조업,312,"전동기, 발전기 및 전기 변환ㆍ공급ㆍ제어 장치 제조업",3120,전기 공급 및 제어장치 제조업,배전반 및 전기 자동제어반 제조업,28123,배전반 및 전기 자동제어반 제조업,,,,,1,"업종코드: 312000
업종 대분류: 제조업
업종 중분류: 전기장비 제조업
업종 소분류: 전동기, 발전기 및 전기 변환ㆍ공급ㆍ제어 장치 제조업
업종 세분류: 전기 공급 및 제어장치 제조업
업종 세세분류 및 활동명: 배전반 및 전기 자동제어반 제조업
연계 KSIC 11차 코드: 28123
연계 KSIC 11차 분류명: 배전반 및 전기 자동제어반 제조업"
312001,C,제조업,31,전기장비 제조업,312,"전동기, 발전기 및 전기 변환ㆍ공급ㆍ제어 장치 제조업",3120,전기 공급 및 제어장치 제조업,"전기회로 개폐, 보호 장치 제조업",28121,"전기회로 개폐, 보호 장치 제조업",,,,,1,"업종코드: 312001
업종 대분류: 제조업
업종 중분류: 전기장비 제조업
업종 소분류: 전동기, 발전기 및 전기 변환ㆍ공급ㆍ제어 장치 제조업
업종 세분류: 전기 공급 및 제어장치 제조업
업종 세세분류 및 활동명: 전기회로 개폐, 보호 장치 제조업
연계 KSIC 11차 코드: 28121
연계 KSIC 11차 분류명: 전기회로 개폐, 보호 장치 제조업"
312002,C,제조업,31,전기장비 제조업,312,"전동기, 발전기 및 전기 변환ㆍ공급ㆍ제어 장치 제조업",3120,전기 공급 및 제어장치 제조업,전기회로 접속장치 제조업,28122,전기회로 접속장치 제조업,,,,,1,"업종코드: 312002
업종 대분류: 제조업
업종 중분류: 전기장비 제조업
업종 소분류: 전동기, 발전기 및 전기 변환ㆍ공급ㆍ제어 장치 제조업
업종 세분류: 전기 공급 및 제어장치 제조업
업종 세세분류 및 활동명: 전기회로 접속장치 제조업
연계 KSIC 11차 코드: 28122
연계 KSIC 11차 분류명: 전기회로 접속장치 제조업"
313001,C,제조업,31,전기장비 제조업,313,절연선 및 케이블 제조업,3130,절연선 및 케이블 제조업,기타 절연선 및 케이블 제조업,28302,기타 절연선 및 케이블 제조업,,,,,1,"업종코드: 313001
업종 대분류: 제조업
업종 중분류: 전기장비 제조업
업종 소분류: 절연선 및 케이블 제조업
업종 세분류: 절연선 및 케이블 제조업
업종 세세분류 및 활동명: 기타 절연선 및 케이블 제조업
연계 KSIC 11차 코드: 28302
연계 KSIC 11차 분류명: 기타 절연선 및 케이블 제조업"
313002,C,제조업,31,전기장비 제조업,313,절연선 및 케이블 제조업,3130,절연선 및 케이블 제조업,절연 코드세트 및 기타 도체 제조업,28303,절연 코드세트 및 기타 도체 제조업,,,,,1,"업종코드: 313002
업종 대분류: 제조업
업종 중분류: 전기장비 제조업
업종 소분류: 절연선 및 케이블 제조업
업종 세분류: 절연선 및 케이블 제조업
업종 세세분류 및 활동명: 절연 코드세트 및 기타 도체 제조업
연계 KSIC 11차 코드: 28303
연계 KSIC 11차 분류명: 절연 코드세트 및 기타 도체 제조업"
313003,C,제조업,31,전기장비 제조업,313,절연선 및 케이블 제조업,3130,절연선 및 케이블 제조업,광섬유 케이블 제조업,28301,광섬유 케이블 제조업,,,,,1,"업종코드: 313003
업종 대분류: 제조업
업종 중분류: 전기장비 제조업
업종 소분류: 절연선 및 케이블 제조업
업종 세분류: 절연선 및 케이블 제조업
업종 세세분류 및 활동명: 광섬유 케이블 제조업
연계 KSIC 11차 코드: 28301
연계 KSIC 11차 분류명: 광섬유 케이블 제조업"
314000,C,제조업,31,전기장비 제조업,314,일차전지 및 이차전지 제조업,3140,일차전지 및 이차전지 제조업,운송장비용 이차전지 제조업 | 기타 이차전지 제조업,28202 | 28209,운송장비용 이차전지 제조업 | 기타 이차전지 제조업,,,,,2,"업종코드: 314000
업종 대분류: 제조업
업종 중분류: 전기장비 제조업
업종 소분류: 일차전지 및 이차전지 제조업
업종 세분류: 일차전지 및 이차전지 제조업
업종 세세분류 및 활동명: 운송장비용 이차전지 제조업 | 기타 이차전지 제조업
연계 KSIC 11차 코드: 28202 | 28209
연계 KSIC 11차 분류명: 운송장비용 이차전지 제조업 | 기타 이차전지 제조업"
314001,C,제조업,31,전기장비 제조업,314,일차전지 및 이차전지 제조업,3140,일차전지 및 이차전지 제조업,일차전지 제조업,28201,일차전지 제조업,,,,,1,"업종코드: 314001
업종 대분류: 제조업
업종 중분류: 전기장비 제조업
업종 소분류: 일차전지 및 이차전지 제조업
업종 세분류: 일차전지 및 이차전지 제조업
업종 세세분류 및 활동명: 일차전지 제조업
연계 KSIC 11차 코드: 28201
연계 KSIC 11차 분류명: 일차전지 제조업"
315001,C,제조업,31,전기장비 제조업,315,전구 및 조명장치 제조업,3150,조명장치 제조업,일반용 전기 조명장치 제조업,28422,일반용 전기 조명장치 제조업,,,,,1,"업종코드: 315001
업종 대분류: 제조업
업종 중분류: 전기장비 제조업
업종 소분류: 전구 및 조명장치 제조업
업종 세분류: 조명장치 제조업
업종 세세분류 및 활동명: 일반용 전기 조명장치 제조업
연계 KSIC 11차 코드: 28422
연계 KSIC 11차 분류명: 일반용 전기 조명장치 제조업"
315002,C,제조업,31,전기장비 제조업,315,전구 및 조명장치 제조업,3150,조명장치 제조업,전시 및 광고용 조명장치 제조업,28423,전시 및 광고용 조명장치 제조업,,,,,1,"업종코드: 315002
업종 대분류: 제조업
업종 중분류: 전기장비 제조업
업종 소분류: 전구 및 조명장치 제조업
업종 세분류: 조명장치 제조업
업종 세세분류 및 활동명: 전시 및 광고용 조명장치 제조업
연계 KSIC 11차 코드: 28423
연계 KSIC 11차 분류명: 전시 및 광고용 조명장치 제조업"
315003,C,제조업,31,전기장비 제조업,315,전구 및 조명장치 제조업,3150,전구 및 램프 제조업,전구 및 램프 제조업,28410,전구 및 램프 제조업,,,,,1,"업종코드: 315003
업종 대분류: 제조업
업종 중분류: 전기장비 제조업
업종 소분류: 전구 및 조명장치 제조업
업종 세분류: 전구 및 램프 제조업
업종 세세분류 및 활동명: 전구 및 램프 제조업
연계 KSIC 11차 코드: 28410
연계 KSIC 11차 분류명: 전구 및 램프 제조업"
315005,C,제조업,31,전기장비 제조업,315,전구 및 조명장치 제조업,3150,조명장치 제조업,기타 조명장치 제조업,28429,기타 조명장치 제조업,,,,,1,"업종코드: 315005
업종 대분류: 제조업
업종 중분류: 전기장비 제조업
업종 소분류: 전구 및 조명장치 제조업
업종 세분류: 조명장치 제조업
업종 세세분류 및 활동명: 기타 조명장치 제조업
연계 KSIC 11차 코드: 28429
연계 KSIC 11차 분류명: 기타 조명장치 제조업"
319001,C,제조업,31,전기장비 제조업,319,전구 및 조명장치 제조업,3190,조명장치 제조업,운송장비용 조명장치 제조업,28421,운송장비용 조명장치 제조업,,,,,1,"업종코드: 319001
업종 대분류: 제조업
업종 중분류: 전기장비 제조업
업종 소분류: 전구 및 조명장치 제조업
업종 세분류: 조명장치 제조업
업종 세세분류 및 활동명: 운송장비용 조명장치 제조업
연계 KSIC 11차 코드: 28421
연계 KSIC 11차 분류명: 운송장비용 조명장치 제조업"
319002,C,제조업,31,전기장비 제조업,319,기타 전기장비 제조업,3190,기타 전기장비 제조업,그 외 기타 전기장비 제조업,28909,그 외 기타 전기장비 제조업,,,,,1,"업종코드: 319002
업종 대분류: 제조업
업종 중분류: 전기장비 제조업
업종 소분류: 기타 전기장비 제조업
업종 세분류: 기타 전기장비 제조업
업종 세세분류 및 활동명: 그 외 기타 전기장비 제조업
연계 KSIC 11차 코드: 28909
연계 KSIC 11차 분류명: 그 외 기타 전기장비 제조업"
319003,C,제조업,31,전기장비 제조업,319,기타 전기장비 제조업,3190,기타 전기장비 제조업,전기 경보 및 신호장치 제조업,28901,전기 경보 및 신호장치 제조업,,,,,1,"업종코드: 319003
업종 대분류: 제조업
업종 중분류: 전기장비 제조업
업종 소분류: 기타 전기장비 제조업
업종 세분류: 기타 전기장비 제조업
업종 세세분류 및 활동명: 전기 경보 및 신호장치 제조업
연계 KSIC 11차 코드: 28901
연계 KSIC 11차 분류명: 전기 경보 및 신호장치 제조업"
319004,C,제조업,31,전기장비 제조업,319,기타 전기장비 제조업,3190,기타 전기장비 제조업,전기용 탄소제품 및 절연제품 제조업,28902,전기용 탄소제품 및 절연제품 제조업,,,,,1,"업종코드: 319004
업종 대분류: 제조업
업종 중분류: 전기장비 제조업
업종 소분류: 기타 전기장비 제조업
업종 세분류: 기타 전기장비 제조업
업종 세세분류 및 활동명: 전기용 탄소제품 및 절연제품 제조업
연계 KSIC 11차 코드: 28902
연계 KSIC 11차 분류명: 전기용 탄소제품 및 절연제품 제조업"
319005,C,제조업,31,전기장비 제조업,319,기타 전기장비 제조업,3190,기타 전기장비 제조업,교통 신호장치 제조업,28903,교통 신호장치 제조업,,,,,1,"업종코드: 319005
업종 대분류: 제조업
업종 중분류: 전기장비 제조업
업종 소분류: 기타 전기장비 제조업
업종 세분류: 기타 전기장비 제조업
업종 세세분류 및 활동명: 교통 신호장치 제조업
연계 KSIC 11차 코드: 28903
연계 KSIC 11차 분류명: 교통 신호장치 제조업"
321000,C,제조업,32,"전자 부품, 컴퓨터, 영상, 음향 및 통신장비 제조업",321,반도체 제조업,3210,"다이오드, 트랜지스터 및 유사 반도체 소자 제조업",기타 반도체 소자 제조업,26129,기타 반도체 소자 제조업,,,,,1,"업종코드: 321000
업종 대분류: 제조업
업종 중분류: 전자 부품, 컴퓨터, 영상, 음향 및 통신장비 제조업
업종 소분류: 반도체 제조업
업종 세분류: 다이오드, 트랜지스터 및 유사 반도체 소자 제조업
업종 세세분류 및 활동명: 기타 반도체 소자 제조업
연계 KSIC 11차 코드: 26129
연계 KSIC 11차 분류명: 기타 반도체 소자 제조업"
321001,C,제조업,32,"전자 부품, 컴퓨터, 영상, 음향 및 통신장비 제조업",321,전자 부품 제조업,3210,기타 전자 부품 제조업,그 외 기타 전자 부품 제조업,26299,그 외 기타 전자 부품 제조업,,,,,1,"업종코드: 321001
업종 대분류: 제조업
업종 중분류: 전자 부품, 컴퓨터, 영상, 음향 및 통신장비 제조업
업종 소분류: 전자 부품 제조업
업종 세분류: 기타 전자 부품 제조업
업종 세세분류 및 활동명: 그 외 기타 전자 부품 제조업
연계 KSIC 11차 코드: 26299
연계 KSIC 11차 분류명: 그 외 기타 전자 부품 제조업"
321002,C,제조업,32,"전자 부품, 컴퓨터, 영상, 음향 및 통신장비 제조업",321,반도체 제조업,3210,전자집적회로 제조업,메모리용 전자집적회로 제조업,26111,메모리용 전자집적회로 제조업,,,,,1,"업종코드: 321002
업종 대분류: 제조업
업종 중분류: 전자 부품, 컴퓨터, 영상, 음향 및 통신장비 제조업
업종 소분류: 반도체 제조업
업종 세분류: 전자집적회로 제조업
업종 세세분류 및 활동명: 메모리용 전자집적회로 제조업
연계 KSIC 11차 코드: 26111
연계 KSIC 11차 분류명: 메모리용 전자집적회로 제조업"
321003,C,제조업,32,"전자 부품, 컴퓨터, 영상, 음향 및 통신장비 제조업",321,반도체 제조업,3210,전자집적회로 제조업,비메모리용 및 기타 전자집적회로 제조업,26112,비메모리용 및 기타 전자집적회로 제조업,,,,,1,"업종코드: 321003
업종 대분류: 제조업
업종 중분류: 전자 부품, 컴퓨터, 영상, 음향 및 통신장비 제조업
업종 소분류: 반도체 제조업
업종 세분류: 전자집적회로 제조업
업종 세세분류 및 활동명: 비메모리용 및 기타 전자집적회로 제조업
연계 KSIC 11차 코드: 26112
연계 KSIC 11차 분류명: 비메모리용 및 기타 전자집적회로 제조업"
321004,C,제조업,32,"전자 부품, 컴퓨터, 영상, 음향 및 통신장비 제조업",321,반도체 제조업,3210,"다이오드, 트랜지스터 및 유사 반도체 소자 제조업",발광 다이오드 제조업,26121,발광 다이오드 제조업,,,,,1,"업종코드: 321004
업종 대분류: 제조업
업종 중분류: 전자 부품, 컴퓨터, 영상, 음향 및 통신장비 제조업
업종 소분류: 반도체 제조업
업종 세분류: 다이오드, 트랜지스터 및 유사 반도체 소자 제조업
업종 세세분류 및 활동명: 발광 다이오드 제조업
연계 KSIC 11차 코드: 26121
연계 KSIC 11차 분류명: 발광 다이오드 제조업"
321005,C,제조업,32,"전자 부품, 컴퓨터, 영상, 음향 및 통신장비 제조업",321,전자 부품 제조업,3210,표시장치 제조업,액정 표시장치 제조업,26211,액정 표시장치 제조업,,,,,1,"업종코드: 321005
업종 대분류: 제조업
업종 중분류: 전자 부품, 컴퓨터, 영상, 음향 및 통신장비 제조업
업종 소분류: 전자 부품 제조업
업종 세분류: 표시장치 제조업
업종 세세분류 및 활동명: 액정 표시장치 제조업
연계 KSIC 11차 코드: 26211
연계 KSIC 11차 분류명: 액정 표시장치 제조업"
321006,C,제조업,32,"전자 부품, 컴퓨터, 영상, 음향 및 통신장비 제조업",321,전자 부품 제조업,3210,표시장치 제조업,유기 발광 표시장치 제조업,26212,유기 발광 표시장치 제조업,,,,,1,"업종코드: 321006
업종 대분류: 제조업
업종 중분류: 전자 부품, 컴퓨터, 영상, 음향 및 통신장비 제조업
업종 소분류: 전자 부품 제조업
업종 세분류: 표시장치 제조업
업종 세세분류 및 활동명: 유기 발광 표시장치 제조업
연계 KSIC 11차 코드: 26212
연계 KSIC 11차 분류명: 유기 발광 표시장치 제조업"
321007,C,제조업,32,"전자 부품, 컴퓨터, 영상, 음향 및 통신장비 제조업",321,전자 부품 제조업,3210,표시장치 제조업,기타 표시장치 제조업,26219,기타 표시장치 제조업,,,,,1,"업종코드: 321007
업종 대분류: 제조업
업종 중분류: 전자 부품, 컴퓨터, 영상, 음향 및 통신장비 제조업
업종 소분류: 전자 부품 제조업
업종 세분류: 표시장치 제조업
업종 세세분류 및 활동명: 기타 표시장치 제조업
연계 KSIC 11차 코드: 26219
연계 KSIC 11차 분류명: 기타 표시장치 제조업"
321008,C,제조업,32,"전자 부품, 컴퓨터, 영상, 음향 및 통신장비 제조업",321,전자 부품 제조업,3210,인쇄회로기판 및 전자부품 실장기판 제조업,인쇄회로기판용 적층판 제조업,26221,인쇄회로기판용 적층판 제조업,,,,,1,"업종코드: 321008
업종 대분류: 제조업
업종 중분류: 전자 부품, 컴퓨터, 영상, 음향 및 통신장비 제조업
업종 소분류: 전자 부품 제조업
업종 세분류: 인쇄회로기판 및 전자부품 실장기판 제조업
업종 세세분류 및 활동명: 인쇄회로기판용 적층판 제조업
연계 KSIC 11차 코드: 26221
연계 KSIC 11차 분류명: 인쇄회로기판용 적층판 제조업"
321009,C,제조업,32,"전자 부품, 컴퓨터, 영상, 음향 및 통신장비 제조업",321,전자 부품 제조업,3210,인쇄회로기판 및 전자부품 실장기판 제조업,경성 인쇄회로기판 제조업,26222,경성 인쇄회로기판 제조업,,,,,1,"업종코드: 321009
업종 대분류: 제조업
업종 중분류: 전자 부품, 컴퓨터, 영상, 음향 및 통신장비 제조업
업종 소분류: 전자 부품 제조업
업종 세분류: 인쇄회로기판 및 전자부품 실장기판 제조업
업종 세세분류 및 활동명: 경성 인쇄회로기판 제조업
연계 KSIC 11차 코드: 26222
연계 KSIC 11차 분류명: 경성 인쇄회로기판 제조업"
321011,C,제조업,32,"전자 부품, 컴퓨터, 영상, 음향 및 통신장비 제조업",321,전자 부품 제조업,3210,인쇄회로기판 및 전자부품 실장기판 제조업,연성 및 기타 인쇄회로기판 제조업,26223,연성 및 기타 인쇄회로기판 제조업,,,,,1,"업종코드: 321011
업종 대분류: 제조업
업종 중분류: 전자 부품, 컴퓨터, 영상, 음향 및 통신장비 제조업
업종 소분류: 전자 부품 제조업
업종 세분류: 인쇄회로기판 및 전자부품 실장기판 제조업
업종 세세분류 및 활동명: 연성 및 기타 인쇄회로기판 제조업
연계 KSIC 11차 코드: 26223
연계 KSIC 11차 분류명: 연성 및 기타 인쇄회로기판 제조업"
321012,C,제조업,32,"전자 부품, 컴퓨터, 영상, 음향 및 통신장비 제조업",321,전자 부품 제조업,3210,인쇄회로기판 및 전자부품 실장기판 제조업,전자 부품 실장기판 제조업,26224,전자 부품 실장기판 제조업,,,,,1,"업종코드: 321012
업종 대분류: 제조업
업종 중분류: 전자 부품, 컴퓨터, 영상, 음향 및 통신장비 제조업
업종 소분류: 전자 부품 제조업
업종 세분류: 인쇄회로기판 및 전자부품 실장기판 제조업
업종 세세분류 및 활동명: 전자 부품 실장기판 제조업
연계 KSIC 11차 코드: 26224
연계 KSIC 11차 분류명: 전자 부품 실장기판 제조업"
321013,C,제조업,32,"전자 부품, 컴퓨터, 영상, 음향 및 통신장비 제조업",321,전자 부품 제조업,3210,기타 전자 부품 제조업,전자 축전기 제조업,26291,전자 축전기 제조업,,,,,1,"업종코드: 321013
업종 대분류: 제조업
업종 중분류: 전자 부품, 컴퓨터, 영상, 음향 및 통신장비 제조업
업종 소분류: 전자 부품 제조업
업종 세분류: 기타 전자 부품 제조업
업종 세세분류 및 활동명: 전자 축전기 제조업
연계 KSIC 11차 코드: 26291
연계 KSIC 11차 분류명: 전자 축전기 제조업"
321014,C,제조업,32,"전자 부품, 컴퓨터, 영상, 음향 및 통신장비 제조업",321,전자 부품 제조업,3210,기타 전자 부품 제조업,전자저항기 및 전자카드 제조업,26292,전자저항기 및 전자카드 제조업,,,,,1,"업종코드: 321014
업종 대분류: 제조업
업종 중분류: 전자 부품, 컴퓨터, 영상, 음향 및 통신장비 제조업
업종 소분류: 전자 부품 제조업
업종 세분류: 기타 전자 부품 제조업
업종 세세분류 및 활동명: 전자저항기 및 전자카드 제조업
연계 KSIC 11차 코드: 26292
연계 KSIC 11차 분류명: 전자저항기 및 전자카드 제조업"
321015,C,제조업,32,"전자 부품, 컴퓨터, 영상, 음향 및 통신장비 제조업",321,전자 부품 제조업,3210,기타 전자 부품 제조업,전자저항기 및 전자카드 제조업,26292,전자저항기 및 전자카드 제조업,,,,,1,"업종코드: 321015
업종 대분류: 제조업
업종 중분류: 전자 부품, 컴퓨터, 영상, 음향 및 통신장비 제조업
업종 소분류: 전자 부품 제조업
업종 세분류: 기타 전자 부품 제조업
업종 세세분류 및 활동명: 전자저항기 및 전자카드 제조업
연계 KSIC 11차 코드: 26292
연계 KSIC 11차 분류명: 전자저항기 및 전자카드 제조업"
321016,C,제조업,32,"전자 부품, 컴퓨터, 영상, 음향 및 통신장비 제조업",321,전자 부품 제조업,3210,기타 전자 부품 제조업,전자 감지장치 제조업,26294,전자 감지장치 제조업,,,,,1,"업종코드: 321016
업종 대분류: 제조업
업종 중분류: 전자 부품, 컴퓨터, 영상, 음향 및 통신장비 제조업
업종 소분류: 전자 부품 제조업
업종 세분류: 기타 전자 부품 제조업
업종 세세분류 및 활동명: 전자 감지장치 제조업
연계 KSIC 11차 코드: 26294
연계 KSIC 11차 분류명: 전자 감지장치 제조업"
322002,C,제조업,32,"전자 부품, 컴퓨터, 영상, 음향 및 통신장비 제조업",322,통신 및 방송장비 제조업,3220,유선 통신장비 제조업,유선 통신장비 제조업,26410,유선 통신장비 제조업,,,,,1,"업종코드: 322002
업종 대분류: 제조업
업종 중분류: 전자 부품, 컴퓨터, 영상, 음향 및 통신장비 제조업
업종 소분류: 통신 및 방송장비 제조업
업종 세분류: 유선 통신장비 제조업
업종 세세분류 및 활동명: 유선 통신장비 제조업
연계 KSIC 11차 코드: 26410
연계 KSIC 11차 분류명: 유선 통신장비 제조업"
322003,C,제조업,32,"전자 부품, 컴퓨터, 영상, 음향 및 통신장비 제조업",322,통신 및 방송장비 제조업,3220,방송 및 무선 통신장비 제조업,방송장비 제조업,26421,방송장비 제조업,,,,,1,"업종코드: 322003
업종 대분류: 제조업
업종 중분류: 전자 부품, 컴퓨터, 영상, 음향 및 통신장비 제조업
업종 소분류: 통신 및 방송장비 제조업
업종 세분류: 방송 및 무선 통신장비 제조업
업종 세세분류 및 활동명: 방송장비 제조업
연계 KSIC 11차 코드: 26421
연계 KSIC 11차 분류명: 방송장비 제조업"
322004,C,제조업,32,"전자 부품, 컴퓨터, 영상, 음향 및 통신장비 제조업",322,통신 및 방송장비 제조업,3220,방송 및 무선 통신장비 제조업,이동 전화기 제조업,26422,이동 전화기 제조업,,,,,1,"업종코드: 322004
업종 대분류: 제조업
업종 중분류: 전자 부품, 컴퓨터, 영상, 음향 및 통신장비 제조업
업종 소분류: 통신 및 방송장비 제조업
업종 세분류: 방송 및 무선 통신장비 제조업
업종 세세분류 및 활동명: 이동 전화기 제조업
연계 KSIC 11차 코드: 26422
연계 KSIC 11차 분류명: 이동 전화기 제조업"
322005,C,제조업,32,"전자 부품, 컴퓨터, 영상, 음향 및 통신장비 제조업",322,통신 및 방송장비 제조업,3220,방송 및 무선 통신장비 제조업,기타 무선 통신장비 제조업,26429,기타 무선 통신장비 제조업,,,,,1,"업종코드: 322005
업종 대분류: 제조업
업종 중분류: 전자 부품, 컴퓨터, 영상, 음향 및 통신장비 제조업
업종 소분류: 통신 및 방송장비 제조업
업종 세분류: 방송 및 무선 통신장비 제조업
업종 세세분류 및 활동명: 기타 무선 통신장비 제조업
연계 KSIC 11차 코드: 26429
연계 KSIC 11차 분류명: 기타 무선 통신장비 제조업"
323001,C,제조업,32,"전자 부품, 컴퓨터, 영상, 음향 및 통신장비 제조업",323,영상 및 음향 기기 제조업,3230,"텔레비전, 비디오 및 기타 영상 기기 제조업",비디오 및 기타 영상 기기 제조업,26519,비디오 및 기타 영상 기기 제조업,,,,,1,"업종코드: 323001
업종 대분류: 제조업
업종 중분류: 전자 부품, 컴퓨터, 영상, 음향 및 통신장비 제조업
업종 소분류: 영상 및 음향 기기 제조업
업종 세분류: 텔레비전, 비디오 및 기타 영상 기기 제조업
업종 세세분류 및 활동명: 비디오 및 기타 영상 기기 제조업
연계 KSIC 11차 코드: 26519
연계 KSIC 11차 분류명: 비디오 및 기타 영상 기기 제조업"
323005,C,제조업,32,"전자 부품, 컴퓨터, 영상, 음향 및 통신장비 제조업",323,영상 및 음향 기기 제조업,3230,"텔레비전, 비디오 및 기타 영상 기기 제조업",텔레비전 제조업,26511,텔레비전 제조업,,,,,1,"업종코드: 323005
업종 대분류: 제조업
업종 중분류: 전자 부품, 컴퓨터, 영상, 음향 및 통신장비 제조업
업종 소분류: 영상 및 음향 기기 제조업
업종 세분류: 텔레비전, 비디오 및 기타 영상 기기 제조업
업종 세세분류 및 활동명: 텔레비전 제조업
연계 KSIC 11차 코드: 26511
연계 KSIC 11차 분류명: 텔레비전 제조업"
323006,C,제조업,32,"전자 부품, 컴퓨터, 영상, 음향 및 통신장비 제조업",323,영상 및 음향 기기 제조업,3230,"오디오, 스피커 및 기타 음향 기기 제조업","라디오, 녹음 및 재생 기기 제조업",26521,"라디오, 녹음 및 재생 기기 제조업",,,,,1,"업종코드: 323006
업종 대분류: 제조업
업종 중분류: 전자 부품, 컴퓨터, 영상, 음향 및 통신장비 제조업
업종 소분류: 영상 및 음향 기기 제조업
업종 세분류: 오디오, 스피커 및 기타 음향 기기 제조업
업종 세세분류 및 활동명: 라디오, 녹음 및 재생 기기 제조업
연계 KSIC 11차 코드: 26521
연계 KSIC 11차 분류명: 라디오, 녹음 및 재생 기기 제조업"
323007,C,제조업,32,"전자 부품, 컴퓨터, 영상, 음향 및 통신장비 제조업",323,영상 및 음향 기기 제조업,3230,"오디오, 스피커 및 기타 음향 기기 제조업",기타 음향기기 제조업,26529,기타 음향기기 제조업,,,,,1,"업종코드: 323007
업종 대분류: 제조업
업종 중분류: 전자 부품, 컴퓨터, 영상, 음향 및 통신장비 제조업
업종 소분류: 영상 및 음향 기기 제조업
업종 세분류: 오디오, 스피커 및 기타 음향 기기 제조업
업종 세세분류 및 활동명: 기타 음향기기 제조업
연계 KSIC 11차 코드: 26529
연계 KSIC 11차 분류명: 기타 음향기기 제조업"
331100,C,제조업,33,"의료, 정밀, 광학 기기 및 시계 제조업",331,의료용 기기 제조업,3311,방사선 장치 및 전기식 진단 기기 제조업,전기식 진단 및 요법 기기 제조업,27112,전기식 진단 및 요법 기기 제조업,,,,,1,"업종코드: 331100
업종 대분류: 제조업
업종 중분류: 의료, 정밀, 광학 기기 및 시계 제조업
업종 소분류: 의료용 기기 제조업
업종 세분류: 방사선 장치 및 전기식 진단 기기 제조업
업종 세세분류 및 활동명: 전기식 진단 및 요법 기기 제조업
연계 KSIC 11차 코드: 27112
연계 KSIC 11차 분류명: 전기식 진단 및 요법 기기 제조업"
331101,C,제조업,33,"의료, 정밀, 광학 기기 및 시계 제조업",331,의료용 기기 제조업,3311,기타 의료용 기기 제조업,치과기공물 제조업 | 치과용 임플란트 제조업,27192 | 27193,치과기공물 제조업 | 치과용 임플란트 제조업,,,,치과기공소,2,"업종코드: 331101
업종 대분류: 제조업
업종 중분류: 의료, 정밀, 광학 기기 및 시계 제조업
업종 소분류: 의료용 기기 제조업
업종 세분류: 기타 의료용 기기 제조업
업종 세세분류 및 활동명: 치과기공물 제조업 | 치과용 임플란트 제조업
연계 KSIC 11차 코드: 27192 | 27193
연계 KSIC 11차 분류명: 치과기공물 제조업 | 치과용 임플란트 제조업
세부설명: 치과기공소"
331102,C,제조업,33,"의료, 정밀, 광학 기기 및 시계 제조업",331,의료용 기기 제조업,3311,기타 의료용 기기 제조업,그 외 기타 의료용 기기 제조업,27199,그 외 기타 의료용 기기 제조업,,,,,1,"업종코드: 331102
업종 대분류: 제조업
업종 중분류: 의료, 정밀, 광학 기기 및 시계 제조업
업종 소분류: 의료용 기기 제조업
업종 세분류: 기타 의료용 기기 제조업
업종 세세분류 및 활동명: 그 외 기타 의료용 기기 제조업
연계 KSIC 11차 코드: 27199
연계 KSIC 11차 분류명: 그 외 기타 의료용 기기 제조업"
331103,C,제조업,33,"의료, 정밀, 광학 기기 및 시계 제조업",331,의료용 기기 제조업,3311,방사선 장치 및 전기식 진단 기기 제조업,방사선 장치 제조업,27111,방사선 장치 제조업,,,,,1,"업종코드: 331103
업종 대분류: 제조업
업종 중분류: 의료, 정밀, 광학 기기 및 시계 제조업
업종 소분류: 의료용 기기 제조업
업종 세분류: 방사선 장치 및 전기식 진단 기기 제조업
업종 세세분류 및 활동명: 방사선 장치 제조업
연계 KSIC 11차 코드: 27111
연계 KSIC 11차 분류명: 방사선 장치 제조업"
331104,C,제조업,33,"의료, 정밀, 광학 기기 및 시계 제조업",331,의료용 기기 제조업,3311,기타 의료용 기기 제조업,치과용 기기 제조업,27191,치과용 기기 제조업,,,,,1,"업종코드: 331104
업종 대분류: 제조업
업종 중분류: 의료, 정밀, 광학 기기 및 시계 제조업
업종 소분류: 의료용 기기 제조업
업종 세분류: 기타 의료용 기기 제조업
업종 세세분류 및 활동명: 치과용 기기 제조업
연계 KSIC 11차 코드: 27191
연계 KSIC 11차 분류명: 치과용 기기 제조업"
331105,C,제조업,33,"의료, 정밀, 광학 기기 및 시계 제조업",331,의료용 기기 제조업,3311,기타 의료용 기기 제조업,정형 외과용 및 신체 보정용 기기 제조업,27194,정형 외과용 및 신체 보정용 기기 제조업,,,,,1,"업종코드: 331105
업종 대분류: 제조업
업종 중분류: 의료, 정밀, 광학 기기 및 시계 제조업
업종 소분류: 의료용 기기 제조업
업종 세분류: 기타 의료용 기기 제조업
업종 세세분류 및 활동명: 정형 외과용 및 신체 보정용 기기 제조업
연계 KSIC 11차 코드: 27194
연계 KSIC 11차 분류명: 정형 외과용 및 신체 보정용 기기 제조업"
331106,C,제조업,33,"의료, 정밀, 광학 기기 및 시계 제조업",331,의료용 기기 제조업,3311,기타 의료용 기기 제조업,의료용 가구 제조업,27196,의료용 가구 제조업,,,,,1,"업종코드: 331106
업종 대분류: 제조업
업종 중분류: 의료, 정밀, 광학 기기 및 시계 제조업
업종 소분류: 의료용 기기 제조업
업종 세분류: 기타 의료용 기기 제조업
업종 세세분류 및 활동명: 의료용 가구 제조업
연계 KSIC 11차 코드: 27196
연계 KSIC 11차 분류명: 의료용 가구 제조업"
331201,C,제조업,33,"의료, 정밀, 광학 기기 및 시계 제조업",331,"측정, 시험, 항해, 제어 및 기타 정밀 기기 제조업; 광학 기기 제외",3312,"측정, 시험, 항해, 제어 및 기타 정밀 기기 제조업","물질 검사, 측정 및 분석 기구 제조업",27213,"물질 검사, 측정 및 분석 기구 제조업",,,,,1,"업종코드: 331201
업종 대분류: 제조업
업종 중분류: 의료, 정밀, 광학 기기 및 시계 제조업
업종 소분류: 측정, 시험, 항해, 제어 및 기타 정밀 기기 제조업; 광학 기기 제외
업종 세분류: 측정, 시험, 항해, 제어 및 기타 정밀 기기 제조업
업종 세세분류 및 활동명: 물질 검사, 측정 및 분석 기구 제조업
연계 KSIC 11차 코드: 27213
연계 KSIC 11차 분류명: 물질 검사, 측정 및 분석 기구 제조업"
331203,C,제조업,33,"의료, 정밀, 광학 기기 및 시계 제조업",331,"측정, 시험, 항해, 제어 및 기타 정밀 기기 제조업; 광학 기기 제외",3312,"측정, 시험, 항해, 제어 및 기타 정밀 기기 제조업","레이더, 항행용 무선 기기 및 측량 기구 제조업",27211,"레이더, 항행용 무선 기기 및 측량 기구 제조업",,,,,1,"업종코드: 331203
업종 대분류: 제조업
업종 중분류: 의료, 정밀, 광학 기기 및 시계 제조업
업종 소분류: 측정, 시험, 항해, 제어 및 기타 정밀 기기 제조업; 광학 기기 제외
업종 세분류: 측정, 시험, 항해, 제어 및 기타 정밀 기기 제조업
업종 세세분류 및 활동명: 레이더, 항행용 무선 기기 및 측량 기구 제조업
연계 KSIC 11차 코드: 27211
연계 KSIC 11차 분류명: 레이더, 항행용 무선 기기 및 측량 기구 제조업"
331204,C,제조업,33,"의료, 정밀, 광학 기기 및 시계 제조업",331,"측정, 시험, 항해, 제어 및 기타 정밀 기기 제조업; 광학 기기 제외",3312,"측정, 시험, 항해, 제어 및 기타 정밀 기기 제조업","전자기 측정, 시험 및 분석 기구 제조업",27212,"전자기 측정, 시험 및 분석 기구 제조업",,,,,1,"업종코드: 331204
업종 대분류: 제조업
업종 중분류: 의료, 정밀, 광학 기기 및 시계 제조업
업종 소분류: 측정, 시험, 항해, 제어 및 기타 정밀 기기 제조업; 광학 기기 제외
업종 세분류: 측정, 시험, 항해, 제어 및 기타 정밀 기기 제조업
업종 세세분류 및 활동명: 전자기 측정, 시험 및 분석 기구 제조업
연계 KSIC 11차 코드: 27212
연계 KSIC 11차 분류명: 전자기 측정, 시험 및 분석 기구 제조업"
331205,C,제조업,33,"의료, 정밀, 광학 기기 및 시계 제조업",331,"측정, 시험, 항해, 제어 및 기타 정밀 기기 제조업; 광학 기기 제외",3312,"측정, 시험, 항해, 제어 및 기타 정밀 기기 제조업",속도계 및 적산계기 제조업,27214,속도계 및 적산계기 제조업,,,,,1,"업종코드: 331205
업종 대분류: 제조업
업종 중분류: 의료, 정밀, 광학 기기 및 시계 제조업
업종 소분류: 측정, 시험, 항해, 제어 및 기타 정밀 기기 제조업; 광학 기기 제외
업종 세분류: 측정, 시험, 항해, 제어 및 기타 정밀 기기 제조업
업종 세세분류 및 활동명: 속도계 및 적산계기 제조업
연계 KSIC 11차 코드: 27214
연계 KSIC 11차 분류명: 속도계 및 적산계기 제조업"
331206,C,제조업,33,"의료, 정밀, 광학 기기 및 시계 제조업",331,"측정, 시험, 항해, 제어 및 기타 정밀 기기 제조업; 광학 기기 제외",3312,"측정, 시험, 항해, 제어 및 기타 정밀 기기 제조업",기기용 자동 측정 및 제어장치 제조업,27215,기기용 자동 측정 및 제어장치 제조업,,,,,1,"업종코드: 331206
업종 대분류: 제조업
업종 중분류: 의료, 정밀, 광학 기기 및 시계 제조업
업종 소분류: 측정, 시험, 항해, 제어 및 기타 정밀 기기 제조업; 광학 기기 제외
업종 세분류: 측정, 시험, 항해, 제어 및 기타 정밀 기기 제조업
업종 세세분류 및 활동명: 기기용 자동 측정 및 제어장치 제조업
연계 KSIC 11차 코드: 27215
연계 KSIC 11차 분류명: 기기용 자동 측정 및 제어장치 제조업"
331207,C,제조업,33,"의료, 정밀, 광학 기기 및 시계 제조업",331,"측정, 시험, 항해, 제어 및 기타 정밀 기기 제조업; 광학 기기 제외",3312,"측정, 시험, 항해, 제어 및 기타 정밀 기기 제조업","기타 측정, 시험, 항해, 제어 및 정밀 기기 제조업",27219,"기타 측정, 시험, 항해, 제어 및 정밀 기기 제조업",,,,,1,"업종코드: 331207
업종 대분류: 제조업
업종 중분류: 의료, 정밀, 광학 기기 및 시계 제조업
업종 소분류: 측정, 시험, 항해, 제어 및 기타 정밀 기기 제조업; 광학 기기 제외
업종 세분류: 측정, 시험, 항해, 제어 및 기타 정밀 기기 제조업
업종 세세분류 및 활동명: 기타 측정, 시험, 항해, 제어 및 정밀 기기 제조업
연계 KSIC 11차 코드: 27219
연계 KSIC 11차 분류명: 기타 측정, 시험, 항해, 제어 및 정밀 기기 제조업"
331300,C,제조업,33,"의료, 정밀, 광학 기기 및 시계 제조업",331,"측정, 시험, 항해, 제어 및 기타 정밀 기기 제조업; 광학 기기 제외",3313,"측정, 시험, 항해, 제어 및 기타 정밀 기기 제조업",산업 처리공정 제어장비 제조업,27216,산업 처리공정 제어장비 제조업,,,,,1,"업종코드: 331300
업종 대분류: 제조업
업종 중분류: 의료, 정밀, 광학 기기 및 시계 제조업
업종 소분류: 측정, 시험, 항해, 제어 및 기타 정밀 기기 제조업; 광학 기기 제외
업종 세분류: 측정, 시험, 항해, 제어 및 기타 정밀 기기 제조업
업종 세세분류 및 활동명: 산업 처리공정 제어장비 제조업
연계 KSIC 11차 코드: 27216
연계 KSIC 11차 분류명: 산업 처리공정 제어장비 제조업"
332000,C,제조업,33,"의료, 정밀, 광학 기기 및 시계 제조업",332,의료용 기기 제조업,3320,기타 의료용 기기 제조업,안경 및 안경렌즈 제조업,27195,안경 및 안경렌즈 제조업,27195,안경 및 안경렌즈 제조업,1,,1,"업종코드: 332000
업종 대분류: 제조업
업종 중분류: 의료, 정밀, 광학 기기 및 시계 제조업
업종 소분류: 의료용 기기 제조업
업종 세분류: 기타 의료용 기기 제조업
업종 세세분류 및 활동명: 안경 및 안경렌즈 제조업
연계 KSIC 11차 코드: 27195
연계 KSIC 11차 분류명: 안경 및 안경렌즈 제조업
주요 연계 KSIC 코드: 27195
주요 연계 KSIC 분류명: 안경 및 안경렌즈 제조업"
332001,C,제조업,33,"의료, 정밀, 광학 기기 및 시계 제조업",332,사진장비 및 광학 기기 제조업,3320,사진장비 및 광학기기 제조업,기타 광학기기 및 사진기 제조업,27309,기타 광학기기 및 사진기 제조업,,,,,1,"업종코드: 332001
업종 대분류: 제조업
업종 중분류: 의료, 정밀, 광학 기기 및 시계 제조업
업종 소분류: 사진장비 및 광학 기기 제조업
업종 세분류: 사진장비 및 광학기기 제조업
업종 세세분류 및 활동명: 기타 광학기기 및 사진기 제조업
연계 KSIC 11차 코드: 27309
연계 KSIC 11차 분류명: 기타 광학기기 및 사진기 제조업"
332002,C,제조업,33,"의료, 정밀, 광학 기기 및 시계 제조업",332,의료용 기기 제조업,3320,기타 의료용 기기 제조업,안경 및 안경렌즈 제조업,27195,안경 및 안경렌즈 제조업,,,,안경렌즈,1,"업종코드: 332002
업종 대분류: 제조업
업종 중분류: 의료, 정밀, 광학 기기 및 시계 제조업
업종 소분류: 의료용 기기 제조업
업종 세분류: 기타 의료용 기기 제조업
업종 세세분류 및 활동명: 안경 및 안경렌즈 제조업
연계 KSIC 11차 코드: 27195
연계 KSIC 11차 분류명: 안경 및 안경렌즈 제조업
세부설명: 안경렌즈"
332003,C,제조업,33,"의료, 정밀, 광학 기기 및 시계 제조업",332,사진장비 및 광학 기기 제조업,3320,사진장비 및 광학기기 제조업,광학 렌즈 및 광학 요소 제조업,27301,광학 렌즈 및 광학 요소 제조업,,,,,1,"업종코드: 332003
업종 대분류: 제조업
업종 중분류: 의료, 정밀, 광학 기기 및 시계 제조업
업종 소분류: 사진장비 및 광학 기기 제조업
업종 세분류: 사진장비 및 광학기기 제조업
업종 세세분류 및 활동명: 광학 렌즈 및 광학 요소 제조업
연계 KSIC 11차 코드: 27301
연계 KSIC 11차 분류명: 광학 렌즈 및 광학 요소 제조업"
332004,C,제조업,33,"의료, 정밀, 광학 기기 및 시계 제조업",332,사진장비 및 광학 기기 제조업,3320,사진장비 및 광학기기 제조업,기타 광학기기 및 사진기 제조업,27309,기타 광학기기 및 사진기 제조업,,,,,1,"업종코드: 332004
업종 대분류: 제조업
업종 중분류: 의료, 정밀, 광학 기기 및 시계 제조업
업종 소분류: 사진장비 및 광학 기기 제조업
업종 세분류: 사진장비 및 광학기기 제조업
업종 세세분류 및 활동명: 기타 광학기기 및 사진기 제조업
연계 KSIC 11차 코드: 27309
연계 KSIC 11차 분류명: 기타 광학기기 및 사진기 제조업"
333000,C,제조업,33,"의료, 정밀, 광학 기기 및 시계 제조업",333,"측정, 시험, 항해, 제어 및 기타 정밀기기 제조업; 광학기기 제외",3330,시계 및 시계 부품 제조업,시계 및 시계 부품 제조업,27220,시계 및 시계 부품 제조업,,,,,1,"업종코드: 333000
업종 대분류: 제조업
업종 중분류: 의료, 정밀, 광학 기기 및 시계 제조업
업종 소분류: 측정, 시험, 항해, 제어 및 기타 정밀기기 제조업; 광학기기 제외
업종 세분류: 시계 및 시계 부품 제조업
업종 세세분류 및 활동명: 시계 및 시계 부품 제조업
연계 KSIC 11차 코드: 27220
연계 KSIC 11차 분류명: 시계 및 시계 부품 제조업"
341001,C,제조업,34,자동차 및 트레일러 제조업,341,자동차용 엔진 및 자동차 제조업,3410,자동차 제조업,내연기관 화물자동차 및 특수목적용 자동차 제조업 | 전기 화물자동차 및 특수목적용 전기 자동차 제조업,30123 | 30124,내연기관 화물자동차 및 특수목적용 자동차 제조업 | 전기 화물자동차 및 특수목적용 전기 자동차 제조업,,,,,2,"업종코드: 341001
업종 대분류: 제조업
업종 중분류: 자동차 및 트레일러 제조업
업종 소분류: 자동차용 엔진 및 자동차 제조업
업종 세분류: 자동차 제조업
업종 세세분류 및 활동명: 내연기관 화물자동차 및 특수목적용 자동차 제조업 | 전기 화물자동차 및 특수목적용 전기 자동차 제조업
연계 KSIC 11차 코드: 30123 | 30124
연계 KSIC 11차 분류명: 내연기관 화물자동차 및 특수목적용 자동차 제조업 | 전기 화물자동차 및 특수목적용 전기 자동차 제조업"
341003,C,제조업,34,자동차 및 트레일러 제조업,341,자동차용 엔진 및 자동차 제조업,3410,자동차용 엔진 제조업,자동차용 엔진 제조업,30110,자동차용 엔진 제조업,,,,,1,"업종코드: 341003
업종 대분류: 제조업
업종 중분류: 자동차 및 트레일러 제조업
업종 소분류: 자동차용 엔진 및 자동차 제조업
업종 세분류: 자동차용 엔진 제조업
업종 세세분류 및 활동명: 자동차용 엔진 제조업
연계 KSIC 11차 코드: 30110
연계 KSIC 11차 분류명: 자동차용 엔진 제조업"
341004,C,제조업,34,자동차 및 트레일러 제조업,341,자동차용 엔진 및 자동차 제조업,3410,자동차 제조업,내연기관 승용차 및 기타 여객용 자동차 제조 | 전기 승용차 및 기타 여객용 전기 자동차 제조업,30121 | 30122,내연기관 승용차 및 기타 여객용 자동차 제조 | 전기 승용차 및 기타 여객용 전기 자동차 제조업,,,,,2,"업종코드: 341004
업종 대분류: 제조업
업종 중분류: 자동차 및 트레일러 제조업
업종 소분류: 자동차용 엔진 및 자동차 제조업
업종 세분류: 자동차 제조업
업종 세세분류 및 활동명: 내연기관 승용차 및 기타 여객용 자동차 제조 | 전기 승용차 및 기타 여객용 전기 자동차 제조업
연계 KSIC 11차 코드: 30121 | 30122
연계 KSIC 11차 분류명: 내연기관 승용차 및 기타 여객용 자동차 제조 | 전기 승용차 및 기타 여객용 전기 자동차 제조업"
342000,C,제조업,34,자동차 및 트레일러 제조업,342,자동차 차체 및 트레일러 제조업,3420,자동차 차체 및 트레일러 제조업,트레일러 및 세미 트레일러 제조업,30203,트레일러 및 세미 트레일러 제조업,,,,,1,"업종코드: 342000
업종 대분류: 제조업
업종 중분류: 자동차 및 트레일러 제조업
업종 소분류: 자동차 차체 및 트레일러 제조업
업종 세분류: 자동차 차체 및 트레일러 제조업
업종 세세분류 및 활동명: 트레일러 및 세미 트레일러 제조업
연계 KSIC 11차 코드: 30203
연계 KSIC 11차 분류명: 트레일러 및 세미 트레일러 제조업"
342001,C,제조업,34,자동차 및 트레일러 제조업,342,자동차 차체 및 트레일러 제조업,3420,자동차 차체 및 트레일러 제조업,차체 및 특장차 제조업,30201,차체 및 특장차 제조업,,,,,1,"업종코드: 342001
업종 대분류: 제조업
업종 중분류: 자동차 및 트레일러 제조업
업종 소분류: 자동차 차체 및 트레일러 제조업
업종 세분류: 자동차 차체 및 트레일러 제조업
업종 세세분류 및 활동명: 차체 및 특장차 제조업
연계 KSIC 11차 코드: 30201
연계 KSIC 11차 분류명: 차체 및 특장차 제조업"
342002,C,제조업,34,자동차 및 트레일러 제조업,342,자동차 차체 및 트레일러 제조업,3420,자동차 차체 및 트레일러 제조업,자동차 구조 및 장치 변경업,30202,자동차 구조 및 장치 변경업,,,,,1,"업종코드: 342002
업종 대분류: 제조업
업종 중분류: 자동차 및 트레일러 제조업
업종 소분류: 자동차 차체 및 트레일러 제조업
업종 세분류: 자동차 차체 및 트레일러 제조업
업종 세세분류 및 활동명: 자동차 구조 및 장치 변경업
연계 KSIC 11차 코드: 30202
연계 KSIC 11차 분류명: 자동차 구조 및 장치 변경업"
343000,C,제조업,34,자동차 및 트레일러 제조업,343,자동차 신품 부품 제조업,3430,자동차용 기타 신품 부품 제조업,그 외 자동차용 신품 부품 제조업,30399,그 외 자동차용 신품 부품 제조업,30399,그 외 자동차용 신품 부품 제조업,1,,1,"업종코드: 343000
업종 대분류: 제조업
업종 중분류: 자동차 및 트레일러 제조업
업종 소분류: 자동차 신품 부품 제조업
업종 세분류: 자동차용 기타 신품 부품 제조업
업종 세세분류 및 활동명: 그 외 자동차용 신품 부품 제조업
연계 KSIC 11차 코드: 30399
연계 KSIC 11차 분류명: 그 외 자동차용 신품 부품 제조업
주요 연계 KSIC 코드: 30399
주요 연계 KSIC 분류명: 그 외 자동차용 신품 부품 제조업"
343001,C,제조업,34,자동차 및 트레일러 제조업,343,자동차 신품 부품 제조업,3430,자동차 엔진용 신품 부품 제조업,자동차 엔진용 신품 부품 제조업,30310,자동차 엔진용 신품 부품 제조업,,,,,1,"업종코드: 343001
업종 대분류: 제조업
업종 중분류: 자동차 및 트레일러 제조업
업종 소분류: 자동차 신품 부품 제조업
업종 세분류: 자동차 엔진용 신품 부품 제조업
업종 세세분류 및 활동명: 자동차 엔진용 신품 부품 제조업
연계 KSIC 11차 코드: 30310
연계 KSIC 11차 분류명: 자동차 엔진용 신품 부품 제조업"
343002,C,제조업,34,자동차 및 트레일러 제조업,343,자동차 신품 부품 제조업,3430,자동차 차체용 신품 부품 제조업,자동차 차체용 신품 부품 제조업,30320,자동차 차체용 신품 부품 제조업,,,,,1,"업종코드: 343002
업종 대분류: 제조업
업종 중분류: 자동차 및 트레일러 제조업
업종 소분류: 자동차 신품 부품 제조업
업종 세분류: 자동차 차체용 신품 부품 제조업
업종 세세분류 및 활동명: 자동차 차체용 신품 부품 제조업
연계 KSIC 11차 코드: 30320
연계 KSIC 11차 분류명: 자동차 차체용 신품 부품 제조업"
343003,C,제조업,34,자동차 및 트레일러 제조업,343,자동차 신품 부품 제조업,3430,자동차용 신품 동력 전달장치 및 전기장치 제조업,자동차용 신품 동력 전달장치 제조업,30331,자동차용 신품 동력 전달장치 제조업,,,,,1,"업종코드: 343003
업종 대분류: 제조업
업종 중분류: 자동차 및 트레일러 제조업
업종 소분류: 자동차 신품 부품 제조업
업종 세분류: 자동차용 신품 동력 전달장치 및 전기장치 제조업
업종 세세분류 및 활동명: 자동차용 신품 동력 전달장치 제조업
연계 KSIC 11차 코드: 30331
연계 KSIC 11차 분류명: 자동차용 신품 동력 전달장치 제조업"
343004,C,제조업,34,자동차 및 트레일러 제조업,343,자동차 신품 부품 제조업,3430,자동차용 신품 동력 전달장치 및 전기장치 제조업,자동차용 신품 전기장치 제조업,30332,자동차용 신품 전기장치 제조업,,,,,1,"업종코드: 343004
업종 대분류: 제조업
업종 중분류: 자동차 및 트레일러 제조업
업종 소분류: 자동차 신품 부품 제조업
업종 세분류: 자동차용 신품 동력 전달장치 및 전기장치 제조업
업종 세세분류 및 활동명: 자동차용 신품 전기장치 제조업
연계 KSIC 11차 코드: 30332
연계 KSIC 11차 분류명: 자동차용 신품 전기장치 제조업"
343005,C,제조업,34,자동차 및 트레일러 제조업,343,자동차 신품 부품 제조업,3430,자동차용 기타 신품 부품 제조업,자동차용 신품 조향장치 및 현가장치 제조업,30391,자동차용 신품 조향장치 및 현가장치 제조업,,,,,1,"업종코드: 343005
업종 대분류: 제조업
업종 중분류: 자동차 및 트레일러 제조업
업종 소분류: 자동차 신품 부품 제조업
업종 세분류: 자동차용 기타 신품 부품 제조업
업종 세세분류 및 활동명: 자동차용 신품 조향장치 및 현가장치 제조업
연계 KSIC 11차 코드: 30391
연계 KSIC 11차 분류명: 자동차용 신품 조향장치 및 현가장치 제조업"
343006,C,제조업,34,자동차 및 트레일러 제조업,343,자동차 신품 부품 제조업,3430,자동차용 기타 신품 부품 제조업,자동차용 신품 제동장치 제조업,30392,자동차용 신품 제동장치 제조업,,,,,1,"업종코드: 343006
업종 대분류: 제조업
업종 중분류: 자동차 및 트레일러 제조업
업종 소분류: 자동차 신품 부품 제조업
업종 세분류: 자동차용 기타 신품 부품 제조업
업종 세세분류 및 활동명: 자동차용 신품 제동장치 제조업
연계 KSIC 11차 코드: 30392
연계 KSIC 11차 분류명: 자동차용 신품 제동장치 제조업"
343007,C,제조업,34,자동차 및 트레일러 제조업,343,자동차 재제조 부품 제조업,3430,자동차 재제조 부품 제조업,자동차 재제조 부품 제조업,30400,자동차 재제조 부품 제조업,,,,,1,"업종코드: 343007
업종 대분류: 제조업
업종 중분류: 자동차 및 트레일러 제조업
업종 소분류: 자동차 재제조 부품 제조업
업종 세분류: 자동차 재제조 부품 제조업
업종 세세분류 및 활동명: 자동차 재제조 부품 제조업
연계 KSIC 11차 코드: 30400
연계 KSIC 11차 분류명: 자동차 재제조 부품 제조업"
351101,C,제조업,35,기타 운송장비 제조업,351,선박 및 보트 건조업,3511,선박 및 수상 부유 구조물 건조업,강선 건조업,31111,강선 건조업,,,,,1,"업종코드: 351101
업종 대분류: 제조업
업종 중분류: 기타 운송장비 제조업
업종 소분류: 선박 및 보트 건조업
업종 세분류: 선박 및 수상 부유 구조물 건조업
업종 세세분류 및 활동명: 강선 건조업
연계 KSIC 11차 코드: 31111
연계 KSIC 11차 분류명: 강선 건조업"
351102,C,제조업,35,기타 운송장비 제조업,351,선박 및 보트 건조업,3511,선박 및 수상 부유 구조물 건조업,기타 선박 건조업,31113,기타 선박 건조업,,,,목선,1,"업종코드: 351102
업종 대분류: 제조업
업종 중분류: 기타 운송장비 제조업
업종 소분류: 선박 및 보트 건조업
업종 세분류: 선박 및 수상 부유 구조물 건조업
업종 세세분류 및 활동명: 기타 선박 건조업
연계 KSIC 11차 코드: 31113
연계 KSIC 11차 분류명: 기타 선박 건조업
세부설명: 목선"
351103,C,제조업,35,기타 운송장비 제조업,351,선박 및 보트 건조업,3511,선박 및 수상 부유 구조물 건조업,선박 구성 부분품 제조업,31114,선박 구성 부분품 제조업,,,,,1,"업종코드: 351103
업종 대분류: 제조업
업종 중분류: 기타 운송장비 제조업
업종 소분류: 선박 및 보트 건조업
업종 세분류: 선박 및 수상 부유 구조물 건조업
업종 세세분류 및 활동명: 선박 구성 부분품 제조업
연계 KSIC 11차 코드: 31114
연계 KSIC 11차 분류명: 선박 구성 부분품 제조업"
351104,E,"수도, 하수 및 폐기물 처리, 원료 재생업",35,"폐기물 수집, 운반, 처리 및 원료 재생업",351,"해체, 선별 및 원료 재생업",3511,"금속류 해체, 선별 및 원료 재생업",금속류 해체 및 선별업,38311,금속류 해체 및 선별업,,,,선박해체,1,"업종코드: 351104
업종 대분류: 수도, 하수 및 폐기물 처리, 원료 재생업
업종 중분류: 폐기물 수집, 운반, 처리 및 원료 재생업
업종 소분류: 해체, 선별 및 원료 재생업
업종 세분류: 금속류 해체, 선별 및 원료 재생업
업종 세세분류 및 활동명: 금속류 해체 및 선별업
연계 KSIC 11차 코드: 38311
연계 KSIC 11차 분류명: 금속류 해체 및 선별업
세부설명: 선박해체"
351105,C,제조업,35,기타 운송장비 제조업,351,선박 및 보트 건조업,3511,선박 및 수상 부유 구조물 건조업,기타 선박 건조업,31113,기타 선박 건조업,,,,"쇄빙선,공장선 및 특수선박",1,"업종코드: 351105
업종 대분류: 제조업
업종 중분류: 기타 운송장비 제조업
업종 소분류: 선박 및 보트 건조업
업종 세분류: 선박 및 수상 부유 구조물 건조업
업종 세세분류 및 활동명: 기타 선박 건조업
연계 KSIC 11차 코드: 31113
연계 KSIC 11차 분류명: 기타 선박 건조업
세부설명: 쇄빙선,공장선 및 특수선박"
351106,C,제조업,35,기타 운송장비 제조업,351,선박 및 보트 건조업,3511,선박 및 수상 부유 구조물 건조업,합성수지선 건조업,31112,합성수지선 건조업,,,,,1,"업종코드: 351106
업종 대분류: 제조업
업종 중분류: 기타 운송장비 제조업
업종 소분류: 선박 및 보트 건조업
업종 세분류: 선박 및 수상 부유 구조물 건조업
업종 세세분류 및 활동명: 합성수지선 건조업
연계 KSIC 11차 코드: 31112
연계 KSIC 11차 분류명: 합성수지선 건조업"
351107,C,제조업,35,기타 운송장비 제조업,351,선박 및 보트 건조업,3511,선박 및 수상 부유 구조물 건조업,기타 선박 건조업,31113,기타 선박 건조업,31113,기타 선박 건조업,1,,1,"업종코드: 351107
업종 대분류: 제조업
업종 중분류: 기타 운송장비 제조업
업종 소분류: 선박 및 보트 건조업
업종 세분류: 선박 및 수상 부유 구조물 건조업
업종 세세분류 및 활동명: 기타 선박 건조업
연계 KSIC 11차 코드: 31113
연계 KSIC 11차 분류명: 기타 선박 건조업
주요 연계 KSIC 코드: 31113
주요 연계 KSIC 분류명: 기타 선박 건조업"
351200,C,제조업,35,기타 운송장비 제조업,351,선박 및 보트 건조업,3512,오락 및 스포츠용 보트 건조업,오락 및 스포츠용 보트 건조업,31120,오락 및 스포츠용 보트 건조업,,,,,1,"업종코드: 351200
업종 대분류: 제조업
업종 중분류: 기타 운송장비 제조업
업종 소분류: 선박 및 보트 건조업
업종 세분류: 오락 및 스포츠용 보트 건조업
업종 세세분류 및 활동명: 오락 및 스포츠용 보트 건조업
연계 KSIC 11차 코드: 31120
연계 KSIC 11차 분류명: 오락 및 스포츠용 보트 건조업"
352000,C,제조업,35,기타 운송장비 제조업,352,철도장비 제조업,3520,철도장비 제조업,철도 차량 부품 및 관련 장치물 제조업,31202,철도 차량 부품 및 관련 장치물 제조업,,,,,1,"업종코드: 352000
업종 대분류: 제조업
업종 중분류: 기타 운송장비 제조업
업종 소분류: 철도장비 제조업
업종 세분류: 철도장비 제조업
업종 세세분류 및 활동명: 철도 차량 부품 및 관련 장치물 제조업
연계 KSIC 11차 코드: 31202
연계 KSIC 11차 분류명: 철도 차량 부품 및 관련 장치물 제조업"
352001,C,제조업,35,기타 운송장비 제조업,352,철도장비 제조업,3520,철도장비 제조업,기관차 및 기타 철도 차량 제조업,31201,기관차 및 기타 철도 차량 제조업,,,,,1,"업종코드: 352001
업종 대분류: 제조업
업종 중분류: 기타 운송장비 제조업
업종 소분류: 철도장비 제조업
업종 세분류: 철도장비 제조업
업종 세세분류 및 활동명: 기관차 및 기타 철도 차량 제조업
연계 KSIC 11차 코드: 31201
연계 KSIC 11차 분류명: 기관차 및 기타 철도 차량 제조업"
353000,C,제조업,35,기타 운송장비 제조업,353,"항공기, 우주선 및 부품 제조업",3530,항공기용 엔진 및 부품 제조업,항공기용 부품 제조업,31322,항공기용 부품 제조업,,,,,1,"업종코드: 353000
업종 대분류: 제조업
업종 중분류: 기타 운송장비 제조업
업종 소분류: 항공기, 우주선 및 부품 제조업
업종 세분류: 항공기용 엔진 및 부품 제조업
업종 세세분류 및 활동명: 항공기용 부품 제조업
연계 KSIC 11차 코드: 31322
연계 KSIC 11차 분류명: 항공기용 부품 제조업"
353001,C,제조업,35,기타 운송장비 제조업,353,"항공기, 우주선 및 부품 제조업",3530,"항공기, 우주선 및 보조장치 제조업","유인 항공기, 항공 우주선 및 보조장치 제조업",31311,"유인 항공기, 항공 우주선 및 보조장치 제조업",,,,,1,"업종코드: 353001
업종 대분류: 제조업
업종 중분류: 기타 운송장비 제조업
업종 소분류: 항공기, 우주선 및 부품 제조업
업종 세분류: 항공기, 우주선 및 보조장치 제조업
업종 세세분류 및 활동명: 유인 항공기, 항공 우주선 및 보조장치 제조업
연계 KSIC 11차 코드: 31311
연계 KSIC 11차 분류명: 유인 항공기, 항공 우주선 및 보조장치 제조업"
353002,C,제조업,35,기타 운송장비 제조업,353,"항공기, 우주선 및 부품 제조업",3530,"항공기, 우주선 및 보조장치 제조업",무인 항공기 및 무인 비행장치 제조업,31312,무인 항공기 및 무인 비행장치 제조업,,,,,1,"업종코드: 353002
업종 대분류: 제조업
업종 중분류: 기타 운송장비 제조업
업종 소분류: 항공기, 우주선 및 부품 제조업
업종 세분류: 항공기, 우주선 및 보조장치 제조업
업종 세세분류 및 활동명: 무인 항공기 및 무인 비행장치 제조업
연계 KSIC 11차 코드: 31312
연계 KSIC 11차 분류명: 무인 항공기 및 무인 비행장치 제조업"
353003,C,제조업,35,기타 운송장비 제조업,353,"항공기, 우주선 및 부품 제조업",3530,항공기용 엔진 및 부품 제조업,항공기용 엔진 제조업,31321,항공기용 엔진 제조업,,,,,1,"업종코드: 353003
업종 대분류: 제조업
업종 중분류: 기타 운송장비 제조업
업종 소분류: 항공기, 우주선 및 부품 제조업
업종 세분류: 항공기용 엔진 및 부품 제조업
업종 세세분류 및 활동명: 항공기용 엔진 제조업
연계 KSIC 11차 코드: 31321
연계 KSIC 11차 분류명: 항공기용 엔진 제조업"
359100,C,제조업,35,기타 운송장비 제조업,359,그 외 기타 운송장비 제조업,3591,모터사이클 및 개인용 전기식 이동수단 제조업,모터사이클 제조업 | 개인용 전기식 이동수단 제조업,31921 | 31922,모터사이클 제조업 | 개인용 전기식 이동수단 제조업,,,,,2,"업종코드: 359100
업종 대분류: 제조업
업종 중분류: 기타 운송장비 제조업
업종 소분류: 그 외 기타 운송장비 제조업
업종 세분류: 모터사이클 및 개인용 전기식 이동수단 제조업
업종 세세분류 및 활동명: 모터사이클 제조업 | 개인용 전기식 이동수단 제조업
연계 KSIC 11차 코드: 31921 | 31922
연계 KSIC 11차 분류명: 모터사이클 제조업 | 개인용 전기식 이동수단 제조업"
359200,C,제조업,35,기타 운송장비 제조업,359,그 외 기타 운송장비 제조업,3592,그 외 기타 분류 안된 운송장비 제조업,자전거 및 환자용 차량 제조업,31991,자전거 및 환자용 차량 제조업,,,,,1,"업종코드: 359200
업종 대분류: 제조업
업종 중분류: 기타 운송장비 제조업
업종 소분류: 그 외 기타 운송장비 제조업
업종 세분류: 그 외 기타 분류 안된 운송장비 제조업
업종 세세분류 및 활동명: 자전거 및 환자용 차량 제조업
연계 KSIC 11차 코드: 31991
연계 KSIC 11차 분류명: 자전거 및 환자용 차량 제조업"
359201,C,제조업,35,기타 운송장비 제조업,359,그 외 기타 운송장비 제조업,3592,전투용 차량 제조업,전투용 차량 제조업,31910,전투용 차량 제조업,,,,,1,"업종코드: 359201
업종 대분류: 제조업
업종 중분류: 기타 운송장비 제조업
업종 소분류: 그 외 기타 운송장비 제조업
업종 세분류: 전투용 차량 제조업
업종 세세분류 및 활동명: 전투용 차량 제조업
연계 KSIC 11차 코드: 31910
연계 KSIC 11차 분류명: 전투용 차량 제조업"
359202,C,제조업,35,기타 운송장비 제조업,359,그 외 기타 운송장비 제조업,3592,그 외 기타 분류 안된 운송장비 제조업,그 외 기타 달리 분류되지 않은 운송장비 제조업,31999,그 외 기타 달리 분류되지 않은 운송장비 제조업,,,,,1,"업종코드: 359202
업종 대분류: 제조업
업종 중분류: 기타 운송장비 제조업
업종 소분류: 그 외 기타 운송장비 제조업
업종 세분류: 그 외 기타 분류 안된 운송장비 제조업
업종 세세분류 및 활동명: 그 외 기타 달리 분류되지 않은 운송장비 제조업
연계 KSIC 11차 코드: 31999
연계 KSIC 11차 분류명: 그 외 기타 달리 분류되지 않은 운송장비 제조업"
361001,C,제조업,36,가구 제조업,361,가구 제조업,3610,기타 가구 제조업,금속 가구 제조업,32091,금속 가구 제조업,,,,,1,"업종코드: 361001
업종 대분류: 제조업
업종 중분류: 가구 제조업
업종 소분류: 가구 제조업
업종 세분류: 기타 가구 제조업
업종 세세분류 및 활동명: 금속 가구 제조업
연계 KSIC 11차 코드: 32091
연계 KSIC 11차 분류명: 금속 가구 제조업"
361002,C,제조업,36,가구 제조업,361,가구 제조업,3610,목재 가구 제조업,기타 목재 가구 제조업,32029,기타 목재 가구 제조업,,,,,1,"업종코드: 361002
업종 대분류: 제조업
업종 중분류: 가구 제조업
업종 소분류: 가구 제조업
업종 세분류: 목재 가구 제조업
업종 세세분류 및 활동명: 기타 목재 가구 제조업
연계 KSIC 11차 코드: 32029
연계 KSIC 11차 분류명: 기타 목재 가구 제조업"
361003,C,제조업,36,가구 제조업,361,가구 제조업,3610,기타 가구 제조업,그 외 기타 가구 제조업,32099,그 외 기타 가구 제조업,,,,,1,"업종코드: 361003
업종 대분류: 제조업
업종 중분류: 가구 제조업
업종 소분류: 가구 제조업
업종 세분류: 기타 가구 제조업
업종 세세분류 및 활동명: 그 외 기타 가구 제조업
연계 KSIC 11차 코드: 32099
연계 KSIC 11차 분류명: 그 외 기타 가구 제조업"
361005,C,제조업,36,가구 제조업,361,가구 제조업,3610,침대 및 내장 가구 제조업,매트리스 및 침대 제조업,32011,매트리스 및 침대 제조업,,,,,1,"업종코드: 361005
업종 대분류: 제조업
업종 중분류: 가구 제조업
업종 소분류: 가구 제조업
업종 세분류: 침대 및 내장 가구 제조업
업종 세세분류 및 활동명: 매트리스 및 침대 제조업
연계 KSIC 11차 코드: 32011
연계 KSIC 11차 분류명: 매트리스 및 침대 제조업"
361006,C,제조업,36,가구 제조업,361,가구 제조업,3610,침대 및 내장 가구 제조업,소파 및 기타 내장 가구 제조업,32019,소파 및 기타 내장 가구 제조업,,,,,1,"업종코드: 361006
업종 대분류: 제조업
업종 중분류: 가구 제조업
업종 소분류: 가구 제조업
업종 세분류: 침대 및 내장 가구 제조업
업종 세세분류 및 활동명: 소파 및 기타 내장 가구 제조업
연계 KSIC 11차 코드: 32019
연계 KSIC 11차 분류명: 소파 및 기타 내장 가구 제조업"
361007,C,제조업,36,가구 제조업,361,가구 제조업,3610,목재 가구 제조업,주방용 및 음식점용 목재 가구 제조업,32021,주방용 및 음식점용 목재 가구 제조업,,,,,1,"업종코드: 361007
업종 대분류: 제조업
업종 중분류: 가구 제조업
업종 소분류: 가구 제조업
업종 세분류: 목재 가구 제조업
업종 세세분류 및 활동명: 주방용 및 음식점용 목재 가구 제조업
연계 KSIC 11차 코드: 32021
연계 KSIC 11차 분류명: 주방용 및 음식점용 목재 가구 제조업"
369101,C,제조업,36,기타 제품 제조업,369,귀금속 및 장신용품 제조업,3691,귀금속 및 관련제품 제조업,귀금속 및 관련제품 제조업,33110,귀금속 및 관련제품 제조업,,,,,1,"업종코드: 369101
업종 대분류: 제조업
업종 중분류: 기타 제품 제조업
업종 소분류: 귀금속 및 장신용품 제조업
업종 세분류: 귀금속 및 관련제품 제조업
업종 세세분류 및 활동명: 귀금속 및 관련제품 제조업
연계 KSIC 11차 코드: 33110
연계 KSIC 11차 분류명: 귀금속 및 관련제품 제조업"
369200,C,제조업,36,기타 제품 제조업,369,악기 제조업,3692,악기 제조업,기타 악기 및 전자 악기 제조업,33209,기타 악기 및 전자 악기 제조업,33209,기타 악기 및 전자 악기 제조업,1,,1,"업종코드: 369200
업종 대분류: 제조업
업종 중분류: 기타 제품 제조업
업종 소분류: 악기 제조업
업종 세분류: 악기 제조업
업종 세세분류 및 활동명: 기타 악기 및 전자 악기 제조업
연계 KSIC 11차 코드: 33209
연계 KSIC 11차 분류명: 기타 악기 및 전자 악기 제조업
주요 연계 KSIC 코드: 33209
주요 연계 KSIC 분류명: 기타 악기 및 전자 악기 제조업"
369201,C,제조업,36,기타 제품 제조업,369,악기 제조업,3692,악기 제조업,건반 악기 제조업,33201,건반 악기 제조업,,,,,1,"업종코드: 369201
업종 대분류: 제조업
업종 중분류: 기타 제품 제조업
업종 소분류: 악기 제조업
업종 세분류: 악기 제조업
업종 세세분류 및 활동명: 건반 악기 제조업
연계 KSIC 11차 코드: 33201
연계 KSIC 11차 분류명: 건반 악기 제조업"
369202,C,제조업,36,기타 제품 제조업,369,악기 제조업,3692,악기 제조업,기타 악기 및 전자 악기 제조업,33209,기타 악기 및 전자 악기 제조업,,,,"전자건반악기, 전자현악기",1,"업종코드: 369202
업종 대분류: 제조업
업종 중분류: 기타 제품 제조업
업종 소분류: 악기 제조업
업종 세분류: 악기 제조업
업종 세세분류 및 활동명: 기타 악기 및 전자 악기 제조업
연계 KSIC 11차 코드: 33209
연계 KSIC 11차 분류명: 기타 악기 및 전자 악기 제조업
세부설명: 전자건반악기, 전자현악기"
369301,C,제조업,36,기타 제품 제조업,369,운동 및 경기용구 제조업,3693,운동 및 경기용구 제조업,"체조, 육상 및 체력 단련용 장비 제조업",33301,"체조, 육상 및 체력 단련용 장비 제조업",,,,,1,"업종코드: 369301
업종 대분류: 제조업
업종 중분류: 기타 제품 제조업
업종 소분류: 운동 및 경기용구 제조업
업종 세분류: 운동 및 경기용구 제조업
업종 세세분류 및 활동명: 체조, 육상 및 체력 단련용 장비 제조업
연계 KSIC 11차 코드: 33301
연계 KSIC 11차 분류명: 체조, 육상 및 체력 단련용 장비 제조업"
369302,C,제조업,36,기타 제품 제조업,369,운동 및 경기용구 제조업,3693,운동 및 경기용구 제조업,기타 운동 및 경기용구 제조업,33309,기타 운동 및 경기용구 제조업,,,,,1,"업종코드: 369302
업종 대분류: 제조업
업종 중분류: 기타 제품 제조업
업종 소분류: 운동 및 경기용구 제조업
업종 세분류: 운동 및 경기용구 제조업
업종 세세분류 및 활동명: 기타 운동 및 경기용구 제조업
연계 KSIC 11차 코드: 33309
연계 KSIC 11차 분류명: 기타 운동 및 경기용구 제조업"
369305,C,제조업,36,기타 제품 제조업,369,운동 및 경기용구 제조업,3693,운동 및 경기용구 제조업,놀이터용 장비 제조업,33302,놀이터용 장비 제조업,,,,,1,"업종코드: 369305
업종 대분류: 제조업
업종 중분류: 기타 제품 제조업
업종 소분류: 운동 및 경기용구 제조업
업종 세분류: 운동 및 경기용구 제조업
업종 세세분류 및 활동명: 놀이터용 장비 제조업
연계 KSIC 11차 코드: 33302
연계 KSIC 11차 분류명: 놀이터용 장비 제조업"
369306,C,제조업,36,기타 제품 제조업,369,운동 및 경기용구 제조업,3693,운동 및 경기용구 제조업,낚시 및 수렵용구 제조업,33303,낚시 및 수렵용구 제조업,,,,,1,"업종코드: 369306
업종 대분류: 제조업
업종 중분류: 기타 제품 제조업
업종 소분류: 운동 및 경기용구 제조업
업종 세분류: 운동 및 경기용구 제조업
업종 세세분류 및 활동명: 낚시 및 수렵용구 제조업
연계 KSIC 11차 코드: 33303
연계 KSIC 11차 분류명: 낚시 및 수렵용구 제조업"
369401,C,제조업,36,기타 제품 제조업,369,"인형, 장난감 및 오락용품 제조업",3694,"인형, 장난감 및 오락용품 제조업",인형 및 장난감 제조업,33401,인형 및 장난감 제조업,33401,인형 및 장난감 제조업,2,인형,1,"업종코드: 369401
업종 대분류: 제조업
업종 중분류: 기타 제품 제조업
업종 소분류: 인형, 장난감 및 오락용품 제조업
업종 세분류: 인형, 장난감 및 오락용품 제조업
업종 세세분류 및 활동명: 인형 및 장난감 제조업
연계 KSIC 11차 코드: 33401
연계 KSIC 11차 분류명: 인형 및 장난감 제조업
주요 연계 KSIC 코드: 33401
주요 연계 KSIC 분류명: 인형 및 장난감 제조업
세부설명: 인형"
369402,C,제조업,36,기타 제품 제조업,369,"인형, 장난감 및 오락용품 제조업",3694,"인형, 장난감 및 오락용품 제조업",인형 및 장난감 제조업,33401,인형 및 장난감 제조업,33401,인형 및 장난감 제조업,2,장난감,1,"업종코드: 369402
업종 대분류: 제조업
업종 중분류: 기타 제품 제조업
업종 소분류: 인형, 장난감 및 오락용품 제조업
업종 세분류: 인형, 장난감 및 오락용품 제조업
업종 세세분류 및 활동명: 인형 및 장난감 제조업
연계 KSIC 11차 코드: 33401
연계 KSIC 11차 분류명: 인형 및 장난감 제조업
주요 연계 KSIC 코드: 33401
주요 연계 KSIC 분류명: 인형 및 장난감 제조업
세부설명: 장난감"
369404,C,제조업,36,기타 제품 제조업,369,"인형, 장난감 및 오락용품 제조업",3694,"인형, 장난감 및 오락용품 제조업",영상게임기 제조업,33402,영상게임기 제조업,,,,,1,"업종코드: 369404
업종 대분류: 제조업
업종 중분류: 기타 제품 제조업
업종 소분류: 인형, 장난감 및 오락용품 제조업
업종 세분류: 인형, 장난감 및 오락용품 제조업
업종 세세분류 및 활동명: 영상게임기 제조업
연계 KSIC 11차 코드: 33402
연계 KSIC 11차 분류명: 영상게임기 제조업"
369405,C,제조업,36,기타 제품 제조업,369,"인형, 장난감 및 오락용품 제조업",3694,"인형, 장난감 및 오락용품 제조업",기타 오락용품 제조업,33409,기타 오락용품 제조업,33409,기타 오락용품 제조업,1,,1,"업종코드: 369405
업종 대분류: 제조업
업종 중분류: 기타 제품 제조업
업종 소분류: 인형, 장난감 및 오락용품 제조업
업종 세분류: 인형, 장난감 및 오락용품 제조업
업종 세세분류 및 활동명: 기타 오락용품 제조업
연계 KSIC 11차 코드: 33409
연계 KSIC 11차 분류명: 기타 오락용품 제조업
주요 연계 KSIC 코드: 33409
주요 연계 KSIC 분류명: 기타 오락용품 제조업"
369409,C,제조업,36,기타 제품 제조업,369,"인형, 장난감 및 오락용품 제조업",3694,"인형, 장난감 및 오락용품 제조업",기타 오락용품 제조업,33409,기타 오락용품 제조업,,,,"놀이용 카드, 도박게임장비 등 유희용구",1,"업종코드: 369409
업종 대분류: 제조업
업종 중분류: 기타 제품 제조업
업종 소분류: 인형, 장난감 및 오락용품 제조업
업종 세분류: 인형, 장난감 및 오락용품 제조업
업종 세세분류 및 활동명: 기타 오락용품 제조업
연계 KSIC 11차 코드: 33409
연계 KSIC 11차 분류명: 기타 오락용품 제조업
세부설명: 놀이용 카드, 도박게임장비 등 유희용구"
369501,C,제조업,36,기타 제품 제조업,369,귀금속 및 장신용품 제조업,3695,모조 귀금속 및 모조 장신용품 제조업,모조 귀금속 및 모조 장신용품 제조업,33120,모조 귀금속 및 모조 장신용품 제조업,,,,,1,"업종코드: 369501
업종 대분류: 제조업
업종 중분류: 기타 제품 제조업
업종 소분류: 귀금속 및 장신용품 제조업
업종 세분류: 모조 귀금속 및 모조 장신용품 제조업
업종 세세분류 및 활동명: 모조 귀금속 및 모조 장신용품 제조업
연계 KSIC 11차 코드: 33120
연계 KSIC 11차 분류명: 모조 귀금속 및 모조 장신용품 제조업"
369502,C,제조업,36,기타 제품 제조업,369,그 외 기타 제품 제조업,3695,"가발, 장식용품 및 전시용 모형 제조업",가발 및 유사 제품 제조업,33931,가발 및 유사 제품 제조업,,,,,1,"업종코드: 369502
업종 대분류: 제조업
업종 중분류: 기타 제품 제조업
업종 소분류: 그 외 기타 제품 제조업
업종 세분류: 가발, 장식용품 및 전시용 모형 제조업
업종 세세분류 및 활동명: 가발 및 유사 제품 제조업
연계 KSIC 11차 코드: 33931
연계 KSIC 11차 분류명: 가발 및 유사 제품 제조업"
369503,C,제조업,36,기타 제품 제조업,369,그 외 기타 제품 제조업,3695,간판 및 광고물 제조업,간판 및 광고물 제조업,33910,간판 및 광고물 제조업,,,,,1,"업종코드: 369503
업종 대분류: 제조업
업종 중분류: 기타 제품 제조업
업종 소분류: 그 외 기타 제품 제조업
업종 세분류: 간판 및 광고물 제조업
업종 세세분류 및 활동명: 간판 및 광고물 제조업
연계 KSIC 11차 코드: 33910
연계 KSIC 11차 분류명: 간판 및 광고물 제조업"
369504,C,제조업,36,기타 제품 제조업,369,그 외 기타 제품 제조업,3695,"가발, 장식용품 및 전시용 모형 제조업",표구 처리업,33933,표구 처리업,,,,,1,"업종코드: 369504
업종 대분류: 제조업
업종 중분류: 기타 제품 제조업
업종 소분류: 그 외 기타 제품 제조업
업종 세분류: 가발, 장식용품 및 전시용 모형 제조업
업종 세세분류 및 활동명: 표구 처리업
연계 KSIC 11차 코드: 33933
연계 KSIC 11차 분류명: 표구 처리업"
369505,C,제조업,36,기타 제품 제조업,369,그 외 기타 제품 제조업,3695,"가발, 장식용품 및 전시용 모형 제조업",전시용 모형 제조업,33932,전시용 모형 제조업,,,,,1,"업종코드: 369505
업종 대분류: 제조업
업종 중분류: 기타 제품 제조업
업종 소분류: 그 외 기타 제품 제조업
업종 세분류: 가발, 장식용품 및 전시용 모형 제조업
업종 세세분류 및 활동명: 전시용 모형 제조업
연계 KSIC 11차 코드: 33932
연계 KSIC 11차 분류명: 전시용 모형 제조업"
369902,C,제조업,36,기타 제품 제조업,369,그 외 기타 제품 제조업,3699,사무 및 회화용품 제조업,사무 및 회화용품 제조업,33920,사무 및 회화용품 제조업,,,,,1,"업종코드: 369902
업종 대분류: 제조업
업종 중분류: 기타 제품 제조업
업종 소분류: 그 외 기타 제품 제조업
업종 세분류: 사무 및 회화용품 제조업
업종 세세분류 및 활동명: 사무 및 회화용품 제조업
연계 KSIC 11차 코드: 33920
연계 KSIC 11차 분류명: 사무 및 회화용품 제조업"
369903,C,제조업,36,기타 제품 제조업,369,그 외 기타 제품 제조업,3699,그 외 기타 분류 안된 제품 제조업,비 및 솔 제조업,33993,비 및 솔 제조업,,,,,1,"업종코드: 369903
업종 대분류: 제조업
업종 중분류: 기타 제품 제조업
업종 소분류: 그 외 기타 제품 제조업
업종 세분류: 그 외 기타 분류 안된 제품 제조업
업종 세세분류 및 활동명: 비 및 솔 제조업
연계 KSIC 11차 코드: 33993
연계 KSIC 11차 분류명: 비 및 솔 제조업"
369904,C,제조업,36,기타 제품 제조업,369,그 외 기타 제품 제조업,3699,그 외 기타 분류 안된 제품 제조업,그 외 기타 달리 분류되지 않은 제품 제조업,33999,그 외 기타 달리 분류되지 않은 제품 제조업,,,,"우산, 지팡이",1,"업종코드: 369904
업종 대분류: 제조업
업종 중분류: 기타 제품 제조업
업종 소분류: 그 외 기타 제품 제조업
업종 세분류: 그 외 기타 분류 안된 제품 제조업
업종 세세분류 및 활동명: 그 외 기타 달리 분류되지 않은 제품 제조업
연계 KSIC 11차 코드: 33999
연계 KSIC 11차 분류명: 그 외 기타 달리 분류되지 않은 제품 제조업
세부설명: 우산, 지팡이"
369905,C,제조업,36,기타 제품 제조업,369,그 외 기타 제품 제조업,3699,그 외 기타 분류 안된 제품 제조업,단추 및 유사 파스너 제조업,33991,단추 및 유사 파스너 제조업,,,,,1,"업종코드: 369905
업종 대분류: 제조업
업종 중분류: 기타 제품 제조업
업종 소분류: 그 외 기타 제품 제조업
업종 세분류: 그 외 기타 분류 안된 제품 제조업
업종 세세분류 및 활동명: 단추 및 유사 파스너 제조업
연계 KSIC 11차 코드: 33991
연계 KSIC 11차 분류명: 단추 및 유사 파스너 제조업"
369906,C,제조업,36,기타 제품 제조업,369,그 외 기타 제품 제조업,3699,그 외 기타 분류 안된 제품 제조업,"라이터, 연소물 및 흡연용품 제조업",33992,"라이터, 연소물 및 흡연용품 제조업",,,,,1,"업종코드: 369906
업종 대분류: 제조업
업종 중분류: 기타 제품 제조업
업종 소분류: 그 외 기타 제품 제조업
업종 세분류: 그 외 기타 분류 안된 제품 제조업
업종 세세분류 및 활동명: 라이터, 연소물 및 흡연용품 제조업
연계 KSIC 11차 코드: 33992
연계 KSIC 11차 분류명: 라이터, 연소물 및 흡연용품 제조업"
369907,C,제조업,36,화학 물질 및 화학제품 제조업; 의약품 제외,369,기타 화학제품 제조업,3699,그 외 기타 화학제품 제조업,화약 및 불꽃제품 제조업,20494,화약 및 불꽃제품 제조업,,,,성냥,1,"업종코드: 369907
업종 대분류: 제조업
업종 중분류: 화학 물질 및 화학제품 제조업; 의약품 제외
업종 소분류: 기타 화학제품 제조업
업종 세분류: 그 외 기타 화학제품 제조업
업종 세세분류 및 활동명: 화약 및 불꽃제품 제조업
연계 KSIC 11차 코드: 20494
연계 KSIC 11차 분류명: 화약 및 불꽃제품 제조업
세부설명: 성냥"
369908,C,제조업,36,기타 제품 제조업,369,그 외 기타 제품 제조업,3699,그 외 기타 분류 안된 제품 제조업,그 외 기타 달리 분류되지 않은 제품 제조업,33999,그 외 기타 달리 분류되지 않은 제품 제조업,33999,그 외 기타 달리 분류되지 않은 제품 제조업,1,,1,"업종코드: 369908
업종 대분류: 제조업
업종 중분류: 기타 제품 제조업
업종 소분류: 그 외 기타 제품 제조업
업종 세분류: 그 외 기타 분류 안된 제품 제조업
업종 세세분류 및 활동명: 그 외 기타 달리 분류되지 않은 제품 제조업
연계 KSIC 11차 코드: 33999
연계 KSIC 11차 분류명: 그 외 기타 달리 분류되지 않은 제품 제조업
주요 연계 KSIC 코드: 33999
주요 연계 KSIC 분류명: 그 외 기타 달리 분류되지 않은 제품 제조업"
371000,E,"수도, 하수 및 폐기물 처리, 원료 재생업",37,"폐기물 수집, 운반, 처리 및 원료 재생업",371,"해체, 선별 및 원료 재생업",3710,"금속류 해체, 선별 및 원료 재생업",금속류 원료 재생업,38312,금속류 원료 재생업,,,,,1,"업종코드: 371000
업종 대분류: 수도, 하수 및 폐기물 처리, 원료 재생업
업종 중분류: 폐기물 수집, 운반, 처리 및 원료 재생업
업종 소분류: 해체, 선별 및 원료 재생업
업종 세분류: 금속류 해체, 선별 및 원료 재생업
업종 세세분류 및 활동명: 금속류 원료 재생업
연계 KSIC 11차 코드: 38312
연계 KSIC 11차 분류명: 금속류 원료 재생업"
371001,E,"수도, 하수 및 폐기물 처리, 원료 재생업",37,"폐기물 수집, 운반, 처리 및 원료 재생업",371,"해체, 선별 및 원료 재생업",3710,"금속류 해체, 선별 및 원료 재생업",금속류 해체 및 선별업,38311,금속류 해체 및 선별업,38311,금속류 해체 및 선별업,1,,1,"업종코드: 371001
업종 대분류: 수도, 하수 및 폐기물 처리, 원료 재생업
업종 중분류: 폐기물 수집, 운반, 처리 및 원료 재생업
업종 소분류: 해체, 선별 및 원료 재생업
업종 세분류: 금속류 해체, 선별 및 원료 재생업
업종 세세분류 및 활동명: 금속류 해체 및 선별업
연계 KSIC 11차 코드: 38311
연계 KSIC 11차 분류명: 금속류 해체 및 선별업
주요 연계 KSIC 코드: 38311
주요 연계 KSIC 분류명: 금속류 해체 및 선별업"
372000,E,"수도, 하수 및 폐기물 처리, 원료 재생업",37,"폐기물 수집, 운반, 처리 및 원료 재생업",372,"해체, 선별 및 원료 재생업",3720,"비금속류 해체, 선별 및 원료 재생업",비금속류 원료 재생업,38322,비금속류 원료 재생업,,,,,1,"업종코드: 372000
업종 대분류: 수도, 하수 및 폐기물 처리, 원료 재생업
업종 중분류: 폐기물 수집, 운반, 처리 및 원료 재생업
업종 소분류: 해체, 선별 및 원료 재생업
업종 세분류: 비금속류 해체, 선별 및 원료 재생업
업종 세세분류 및 활동명: 비금속류 원료 재생업
연계 KSIC 11차 코드: 38322
연계 KSIC 11차 분류명: 비금속류 원료 재생업"
372001,E,"수도, 하수 및 폐기물 처리, 원료 재생업",37,"폐기물 수집, 운반, 처리 및 원료 재생업",372,"해체, 선별 및 원료 재생업",3720,"비금속류 해체, 선별 및 원료 재생업",비금속류 해체 및 선별업,38321,비금속류 해체 및 선별업,,,,,1,"업종코드: 372001
업종 대분류: 수도, 하수 및 폐기물 처리, 원료 재생업
업종 중분류: 폐기물 수집, 운반, 처리 및 원료 재생업
업종 소분류: 해체, 선별 및 원료 재생업
업종 세분류: 비금속류 해체, 선별 및 원료 재생업
업종 세세분류 및 활동명: 비금속류 해체 및 선별업
연계 KSIC 11차 코드: 38321
연계 KSIC 11차 분류명: 비금속류 해체 및 선별업"
372002,E,"수도, 하수 및 폐기물 처리, 원료 재생업",37,환경 정화 및 복원업,372,환경 정화 및 복원업,3720,환경 정화 및 복원업,토양 및 지하수 정화업,39001,토양 및 지하수 정화업,,,,,1,"업종코드: 372002
업종 대분류: 수도, 하수 및 폐기물 처리, 원료 재생업
업종 중분류: 환경 정화 및 복원업
업종 소분류: 환경 정화 및 복원업
업종 세분류: 환경 정화 및 복원업
업종 세세분류 및 활동명: 토양 및 지하수 정화업
연계 KSIC 11차 코드: 39001
연계 KSIC 11차 분류명: 토양 및 지하수 정화업"
372003,E,"수도, 하수 및 폐기물 처리, 원료 재생업",37,환경 정화 및 복원업,372,환경 정화 및 복원업,3720,환경 정화 및 복원업,기타 환경 정화 및 복원업,39009,기타 환경 정화 및 복원업,,,,,1,"업종코드: 372003
업종 대분류: 수도, 하수 및 폐기물 처리, 원료 재생업
업종 중분류: 환경 정화 및 복원업
업종 소분류: 환경 정화 및 복원업
업종 세분류: 환경 정화 및 복원업
업종 세세분류 및 활동명: 기타 환경 정화 및 복원업
연계 KSIC 11차 코드: 39009
연계 KSIC 11차 분류명: 기타 환경 정화 및 복원업"
381000,C,제조업,38,기타 제품 제조업,381,그외 기타 제품 제조업,3810,"금속 열처리, 도금 및 기타 금속 가공업",절삭 가공 및 유사 처리업,25924,절삭 가공 및 유사 처리업,,,,소사장제,1,"업종코드: 381000
업종 대분류: 제조업
업종 중분류: 기타 제품 제조업
업종 소분류: 그외 기타 제품 제조업
업종 세분류: 금속 열처리, 도금 및 기타 금속 가공업
업종 세세분류 및 활동명: 절삭 가공 및 유사 처리업
연계 KSIC 11차 코드: 25924
연계 KSIC 11차 분류명: 절삭 가공 및 유사 처리업
세부설명: 소사장제"
381003,C,제조업,38,기타 제품 제조업,381,그외 기타 제품 제조업,3810,"금속 열처리, 도금 및 기타 금속 가공업",그 외 기타 금속 가공업,25929,그 외 기타 금속 가공업,,,,소사장제,1,"업종코드: 381003
업종 대분류: 제조업
업종 중분류: 기타 제품 제조업
업종 소분류: 그외 기타 제품 제조업
업종 세분류: 금속 열처리, 도금 및 기타 금속 가공업
업종 세세분류 및 활동명: 그 외 기타 금속 가공업
연계 KSIC 11차 코드: 25929
연계 KSIC 11차 분류명: 그 외 기타 금속 가공업
세부설명: 소사장제"
381004,C,제조업,38,기타 제품 제조업,381,그외 기타 제품 제조업,3810,자동차용 기타 신품 부품 제조업,그 외 자동차용 신품 부품 제조업,30399,그 외 자동차용 신품 부품 제조업,,,,소사장제,1,"업종코드: 381004
업종 대분류: 제조업
업종 중분류: 기타 제품 제조업
업종 소분류: 그외 기타 제품 제조업
업종 세분류: 자동차용 기타 신품 부품 제조업
업종 세세분류 및 활동명: 그 외 자동차용 신품 부품 제조업
연계 KSIC 11차 코드: 30399
연계 KSIC 11차 분류명: 그 외 자동차용 신품 부품 제조업
세부설명: 소사장제"
381005,C,제조업,38,기타 제품 제조업,381,그외 기타 제품 제조업,3810,그 외 기타 분류 안된 제품 제조업,그 외 기타 달리 분류되지 않은 제품 제조업,33999,그 외 기타 달리 분류되지 않은 제품 제조업,,,,소사장제,1,"업종코드: 381005
업종 대분류: 제조업
업종 중분류: 기타 제품 제조업
업종 소분류: 그외 기타 제품 제조업
업종 세분류: 그 외 기타 분류 안된 제품 제조업
업종 세세분류 및 활동명: 그 외 기타 달리 분류되지 않은 제품 제조업
연계 KSIC 11차 코드: 33999
연계 KSIC 11차 분류명: 그 외 기타 달리 분류되지 않은 제품 제조업
세부설명: 소사장제"
381006,C,제조업,38,기타 제품 제조업,381,그외 기타 제품 제조업,3810,그 외 기타 사업 지원 서비스업,포장 및 충전업,75994,포장 및 충전업,,,,소사장제,1,"업종코드: 381006
업종 대분류: 제조업
업종 중분류: 기타 제품 제조업
업종 소분류: 그외 기타 제품 제조업
업종 세분류: 그 외 기타 사업 지원 서비스업
업종 세세분류 및 활동명: 포장 및 충전업
연계 KSIC 11차 코드: 75994
연계 KSIC 11차 분류명: 포장 및 충전업
세부설명: 소사장제"
381007,C,제조업,38,기타 제품 제조업,381,그외 기타 제품 제조업,3810,기타 소사장제,기타 소사장제,,해당사항 없음,,,,소사장제,1,"업종코드: 381007
업종 대분류: 제조업
업종 중분류: 기타 제품 제조업
업종 소분류: 그외 기타 제품 제조업
업종 세분류: 기타 소사장제
업종 세세분류 및 활동명: 기타 소사장제
연계 KSIC 11차 분류명: 해당사항 없음
세부설명: 소사장제"
401000,D,"전기, 가스, 증기 및 공기 조절 공급업",40,"전기, 가스, 증기 및 공기 조절 공급업",401,전기업,4010,발전업,태양력 발전업,35114,태양력 발전업,,,,,1,"업종코드: 401000
업종 대분류: 전기, 가스, 증기 및 공기 조절 공급업
업종 중분류: 전기, 가스, 증기 및 공기 조절 공급업
업종 소분류: 전기업
업종 세분류: 발전업
업종 세세분류 및 활동명: 태양력 발전업
연계 KSIC 11차 코드: 35114
연계 KSIC 11차 분류명: 태양력 발전업"
401001,D,"전기, 가스, 증기 및 공기 조절 공급업",40,"전기, 가스, 증기 및 공기 조절 공급업",401,전기업,4010,발전업,원자력 발전업,35111,원자력 발전업,,,,,1,"업종코드: 401001
업종 대분류: 전기, 가스, 증기 및 공기 조절 공급업
업종 중분류: 전기, 가스, 증기 및 공기 조절 공급업
업종 소분류: 전기업
업종 세분류: 발전업
업종 세세분류 및 활동명: 원자력 발전업
연계 KSIC 11차 코드: 35111
연계 KSIC 11차 분류명: 원자력 발전업"
401002,D,"전기, 가스, 증기 및 공기 조절 공급업",40,"전기, 가스, 증기 및 공기 조절 공급업",401,전기업,4010,발전업,수력 발전업,35112,수력 발전업,,,,,1,"업종코드: 401002
업종 대분류: 전기, 가스, 증기 및 공기 조절 공급업
업종 중분류: 전기, 가스, 증기 및 공기 조절 공급업
업종 소분류: 전기업
업종 세분류: 발전업
업종 세세분류 및 활동명: 수력 발전업
연계 KSIC 11차 코드: 35112
연계 KSIC 11차 분류명: 수력 발전업"
401003,D,"전기, 가스, 증기 및 공기 조절 공급업",40,"전기, 가스, 증기 및 공기 조절 공급업",401,전기업,4010,발전업,화력 발전업,35113,화력 발전업,,,,,1,"업종코드: 401003
업종 대분류: 전기, 가스, 증기 및 공기 조절 공급업
업종 중분류: 전기, 가스, 증기 및 공기 조절 공급업
업종 소분류: 전기업
업종 세분류: 발전업
업종 세세분류 및 활동명: 화력 발전업
연계 KSIC 11차 코드: 35113
연계 KSIC 11차 분류명: 화력 발전업"
401004,D,"전기, 가스, 증기 및 공기 조절 공급업",40,"전기, 가스, 증기 및 공기 조절 공급업",401,전기업,4010,발전업,풍력 발전업 | 기타 발전업,35115 | 35119,풍력 발전업 | 기타 발전업,,,,,2,"업종코드: 401004
업종 대분류: 전기, 가스, 증기 및 공기 조절 공급업
업종 중분류: 전기, 가스, 증기 및 공기 조절 공급업
업종 소분류: 전기업
업종 세분류: 발전업
업종 세세분류 및 활동명: 풍력 발전업 | 기타 발전업
연계 KSIC 11차 코드: 35115 | 35119
연계 KSIC 11차 분류명: 풍력 발전업 | 기타 발전업"
401005,D,"전기, 가스, 증기 및 공기 조절 공급업",40,"전기, 가스, 증기 및 공기 조절 공급업",401,전기업,4010,송전 및 배전업,송전 및 배전업,35120,송전 및 배전업,,,,,1,"업종코드: 401005
업종 대분류: 전기, 가스, 증기 및 공기 조절 공급업
업종 중분류: 전기, 가스, 증기 및 공기 조절 공급업
업종 소분류: 전기업
업종 세분류: 송전 및 배전업
업종 세세분류 및 활동명: 송전 및 배전업
연계 KSIC 11차 코드: 35120
연계 KSIC 11차 분류명: 송전 및 배전업"
401006,D,"전기, 가스, 증기 및 공기 조절 공급업",40,"전기, 가스, 증기 및 공기 조절 공급업",401,전기업,4010,전기 판매업,전기 판매업,35130,전기 판매업,,,,,1,"업종코드: 401006
업종 대분류: 전기, 가스, 증기 및 공기 조절 공급업
업종 중분류: 전기, 가스, 증기 및 공기 조절 공급업
업종 소분류: 전기업
업종 세분류: 전기 판매업
업종 세세분류 및 활동명: 전기 판매업
연계 KSIC 11차 코드: 35130
연계 KSIC 11차 분류명: 전기 판매업"
402001,D,"전기, 가스, 증기 및 공기 조절 공급업",40,"전기, 가스, 증기 및 공기 조절 공급업",402,연료용 가스 제조 및 배관공급업,4020,연료용 가스 제조 및 배관공급업,연료용 가스 제조 및 배관공급업,35200,연료용 가스 제조 및 배관공급업,,,,,1,"업종코드: 402001
업종 대분류: 전기, 가스, 증기 및 공기 조절 공급업
업종 중분류: 전기, 가스, 증기 및 공기 조절 공급업
업종 소분류: 연료용 가스 제조 및 배관공급업
업종 세분류: 연료용 가스 제조 및 배관공급업
업종 세세분류 및 활동명: 연료용 가스 제조 및 배관공급업
연계 KSIC 11차 코드: 35200
연계 KSIC 11차 분류명: 연료용 가스 제조 및 배관공급업"
403000,D,"전기, 가스, 증기 및 공기 조절 공급업",40,"전기, 가스, 증기 및 공기 조절 공급업",403,"증기, 냉ㆍ온수 및 공기 조절 공급업",4030,"증기, 냉ㆍ온수 및 공기 조절 공급업","증기, 냉ㆍ온수 및 공기 조절 공급업",35300,"증기, 냉ㆍ온수 및 공기 조절 공급업",,,,,1,"업종코드: 403000
업종 대분류: 전기, 가스, 증기 및 공기 조절 공급업
업종 중분류: 전기, 가스, 증기 및 공기 조절 공급업
업종 소분류: 증기, 냉ㆍ온수 및 공기 조절 공급업
업종 세분류: 증기, 냉ㆍ온수 및 공기 조절 공급업
업종 세세분류 및 활동명: 증기, 냉ㆍ온수 및 공기 조절 공급업
연계 KSIC 11차 코드: 35300
연계 KSIC 11차 분류명: 증기, 냉ㆍ온수 및 공기 조절 공급업"
410000,E,"수도, 하수 및 폐기물 처리, 원료 재생업",41,수도업,410,수도업,4100,생활용수 공급업,생활용수 공급업,36010,생활용수 공급업,,,,,1,"업종코드: 410000
업종 대분류: 수도, 하수 및 폐기물 처리, 원료 재생업
업종 중분류: 수도업
업종 소분류: 수도업
업종 세분류: 생활용수 공급업
업종 세세분류 및 활동명: 생활용수 공급업
연계 KSIC 11차 코드: 36010
연계 KSIC 11차 분류명: 생활용수 공급업"
410001,E,"수도, 하수 및 폐기물 처리, 원료 재생업",41,수도업,410,수도업,4100,산업용수 공급업,산업용수 공급업,36020,산업용수 공급업,,,,,1,"업종코드: 410001
업종 대분류: 수도, 하수 및 폐기물 처리, 원료 재생업
업종 중분류: 수도업
업종 소분류: 수도업
업종 세분류: 산업용수 공급업
업종 세세분류 및 활동명: 산업용수 공급업
연계 KSIC 11차 코드: 36020
연계 KSIC 11차 분류명: 산업용수 공급업"
451101,F,건 설 업,45,종합 건설업,451,건물 건설업,4511,주거용 건물 건설업,아파트 건설업,41112,아파트 건설업,41112,아파트 건설업,1,,1,"업종코드: 451101
업종 대분류: 건 설 업
업종 중분류: 종합 건설업
업종 소분류: 건물 건설업
업종 세분류: 주거용 건물 건설업
업종 세세분류 및 활동명: 아파트 건설업
연계 KSIC 11차 코드: 41112
연계 KSIC 11차 분류명: 아파트 건설업
주요 연계 KSIC 코드: 41112
주요 연계 KSIC 분류명: 아파트 건설업"
451102,F,건 설 업,45,종합 건설업,451,건물 건설업,4511,주거용 건물 건설업,주거용 건물 건설업,68121,주거용 건물 개발 및 공급업,,,,건축시행사(토지보유 5년 미만),1,"업종코드: 451102
업종 대분류: 건 설 업
업종 중분류: 종합 건설업
업종 소분류: 건물 건설업
업종 세분류: 주거용 건물 건설업
업종 세세분류 및 활동명: 주거용 건물 건설업
연계 KSIC 11차 코드: 68121
연계 KSIC 11차 분류명: 주거용 건물 개발 및 공급업
세부설명: 건축시행사(토지보유 5년 미만)"
451103,F,건 설 업,45,종합 건설업,451,건물 건설업,4511,주거용 건물 건설업,주거용 건물 건설업,68121,주거용 건물 개발 및 공급업,,,,건축시행사(토지보유 5년 이상),1,"업종코드: 451103
업종 대분류: 건 설 업
업종 중분류: 종합 건설업
업종 소분류: 건물 건설업
업종 세분류: 주거용 건물 건설업
업종 세세분류 및 활동명: 주거용 건물 건설업
연계 KSIC 11차 코드: 68121
연계 KSIC 11차 분류명: 주거용 건물 개발 및 공급업
세부설명: 건축시행사(토지보유 5년 이상)"
451104,F,건 설 업,45,종합 건설업,451,건물 건설업,4511,비주거용 건물 건설업,기타 비주거용 건물 건설업,41129,기타 비주거용 건물 건설업,,,,,1,"업종코드: 451104
업종 대분류: 건 설 업
업종 중분류: 종합 건설업
업종 소분류: 건물 건설업
업종 세분류: 비주거용 건물 건설업
업종 세세분류 및 활동명: 기타 비주거용 건물 건설업
연계 KSIC 11차 코드: 41129
연계 KSIC 11차 분류명: 기타 비주거용 건물 건설업"
451105,F,건 설 업,45,종합 건설업,451,건물 건설업,4511,주거용 건물 건설업,단독 주택 건설업 | 아파트 건설업 | 기타 공동 주택 건설업,41111 | 41112 | 41119,단독 주택 건설업 | 아파트 건설업 | 기타 공동 주택 건설업,,,,건설하여 분양(판매),3,"업종코드: 451105
업종 대분류: 건 설 업
업종 중분류: 종합 건설업
업종 소분류: 건물 건설업
업종 세분류: 주거용 건물 건설업
업종 세세분류 및 활동명: 단독 주택 건설업 | 아파트 건설업 | 기타 공동 주택 건설업
연계 KSIC 11차 코드: 41111 | 41112 | 41119
연계 KSIC 11차 분류명: 단독 주택 건설업 | 아파트 건설업 | 기타 공동 주택 건설업
세부설명: 건설하여 분양(판매)"
451106,F,건 설 업,45,종합 건설업,451,건물 건설업,4511,주거용 건물 건설업,단독 주택 건설업,41111,단독 주택 건설업,41111,단독 주택 건설업,1,,1,"업종코드: 451106
업종 대분류: 건 설 업
업종 중분류: 종합 건설업
업종 소분류: 건물 건설업
업종 세분류: 주거용 건물 건설업
업종 세세분류 및 활동명: 단독 주택 건설업
연계 KSIC 11차 코드: 41111
연계 KSIC 11차 분류명: 단독 주택 건설업
주요 연계 KSIC 코드: 41111
주요 연계 KSIC 분류명: 단독 주택 건설업"
451107,F,건 설 업,45,종합 건설업,451,건물 건설업,4511,주거용 건물 건설업,기타 공동 주택 건설업,41119,기타 공동 주택 건설업,41119,기타 공동 주택 건설업,1,,1,"업종코드: 451107
업종 대분류: 건 설 업
업종 중분류: 종합 건설업
업종 소분류: 건물 건설업
업종 세분류: 주거용 건물 건설업
업종 세세분류 및 활동명: 기타 공동 주택 건설업
연계 KSIC 11차 코드: 41119
연계 KSIC 11차 분류명: 기타 공동 주택 건설업
주요 연계 KSIC 코드: 41119
주요 연계 KSIC 분류명: 기타 공동 주택 건설업"
451108,F,건 설 업,45,종합 건설업,451,건물 건설업,4511,비주거용 건물 건설업,사무ㆍ상업용 및 공공기관용 건물 건설업,41121,사무ㆍ상업용 및 공공기관용 건물 건설업,,,,,1,"업종코드: 451108
업종 대분류: 건 설 업
업종 중분류: 종합 건설업
업종 소분류: 건물 건설업
업종 세분류: 비주거용 건물 건설업
업종 세세분류 및 활동명: 사무ㆍ상업용 및 공공기관용 건물 건설업
연계 KSIC 11차 코드: 41121
연계 KSIC 11차 분류명: 사무ㆍ상업용 및 공공기관용 건물 건설업"
451109,F,건 설 업,45,종합 건설업,451,건물 건설업,4511,비주거용 건물 건설업,제조업 및 유사 산업용 건물 건설업,41122,제조업 및 유사 산업용 건물 건설업,,,,,1,"업종코드: 451109
업종 대분류: 건 설 업
업종 중분류: 종합 건설업
업종 소분류: 건물 건설업
업종 세분류: 비주거용 건물 건설업
업종 세세분류 및 활동명: 제조업 및 유사 산업용 건물 건설업
연계 KSIC 11차 코드: 41122
연계 KSIC 11차 분류명: 제조업 및 유사 산업용 건물 건설업"
451200,F,건 설 업,45,종합 건설업,451,토목 건설업,4512,토목 시설물 건설업,기타 토목 시설물 건설업,41229,기타 토목 시설물 건설업,,,,,1,"업종코드: 451200
업종 대분류: 건 설 업
업종 중분류: 종합 건설업
업종 소분류: 토목 건설업
업종 세분류: 토목 시설물 건설업
업종 세세분류 및 활동명: 기타 토목 시설물 건설업
연계 KSIC 11차 코드: 41229
연계 KSIC 11차 분류명: 기타 토목 시설물 건설업"
451204,F,건 설 업,45,종합 건설업,451,토목 건설업,4512,지반조성 건설업,지반조성 건설업,41210,지반조성 건설업,,,,,1,"업종코드: 451204
업종 대분류: 건 설 업
업종 중분류: 종합 건설업
업종 소분류: 토목 건설업
업종 세분류: 지반조성 건설업
업종 세세분류 및 활동명: 지반조성 건설업
연계 KSIC 11차 코드: 41210
연계 KSIC 11차 분류명: 지반조성 건설업"
451205,F,건 설 업,45,종합 건설업,451,토목 건설업,4512,토목 시설물 건설업,도로 건설업,41221,도로 건설업,,,,,1,"업종코드: 451205
업종 대분류: 건 설 업
업종 중분류: 종합 건설업
업종 소분류: 토목 건설업
업종 세분류: 토목 시설물 건설업
업종 세세분류 및 활동명: 도로 건설업
연계 KSIC 11차 코드: 41221
연계 KSIC 11차 분류명: 도로 건설업"
451206,F,건 설 업,45,종합 건설업,451,토목 건설업,4512,토목 시설물 건설업,"교량, 터널 및 철도 건설업",41222,"교량, 터널 및 철도 건설업",,,,,1,"업종코드: 451206
업종 대분류: 건 설 업
업종 중분류: 종합 건설업
업종 소분류: 토목 건설업
업종 세분류: 토목 시설물 건설업
업종 세세분류 및 활동명: 교량, 터널 및 철도 건설업
연계 KSIC 11차 코드: 41222
연계 KSIC 11차 분류명: 교량, 터널 및 철도 건설업"
451207,F,건 설 업,45,종합 건설업,451,토목 건설업,4512,토목 시설물 건설업,"항만, 수로, 댐 및 유사 구조물 건설업",41223,"항만, 수로, 댐 및 유사 구조물 건설업",,,,,1,"업종코드: 451207
업종 대분류: 건 설 업
업종 중분류: 종합 건설업
업종 소분류: 토목 건설업
업종 세분류: 토목 시설물 건설업
업종 세세분류 및 활동명: 항만, 수로, 댐 및 유사 구조물 건설업
연계 KSIC 11차 코드: 41223
연계 KSIC 11차 분류명: 항만, 수로, 댐 및 유사 구조물 건설업"
451208,F,건 설 업,45,종합 건설업,451,토목 건설업,4512,토목 시설물 건설업,환경설비 건설업,41224,환경설비 건설업,,,,,1,"업종코드: 451208
업종 대분류: 건 설 업
업종 중분류: 종합 건설업
업종 소분류: 토목 건설업
업종 세분류: 토목 시설물 건설업
업종 세세분류 및 활동명: 환경설비 건설업
연계 KSIC 11차 코드: 41224
연계 KSIC 11차 분류명: 환경설비 건설업"
451300,F,건 설 업,45,종합 건설업,451,토목 건설업,4513,토목 시설물 건설업,산업 생산시설 종합 건설업,41225,산업 생산시설 종합 건설업,,,,,1,"업종코드: 451300
업종 대분류: 건 설 업
업종 중분류: 종합 건설업
업종 소분류: 토목 건설업
업종 세분류: 토목 시설물 건설업
업종 세세분류 및 활동명: 산업 생산시설 종합 건설업
연계 KSIC 11차 코드: 41225
연계 KSIC 11차 분류명: 산업 생산시설 종합 건설업"
451400,F,건 설 업,45,종합 건설업,451,토목 건설업,4514,토목 시설물 건설업,조경 건설업,41226,조경 건설업,,,,,1,"업종코드: 451400
업종 대분류: 건 설 업
업종 중분류: 종합 건설업
업종 소분류: 토목 건설업
업종 세분류: 토목 시설물 건설업
업종 세세분류 및 활동명: 조경 건설업
연계 KSIC 11차 코드: 41226
연계 KSIC 11차 분류명: 조경 건설업"
452101,F,건 설 업,45,전문직별 공사업,452,실내건축 및 건축마무리 공사업,4521,기타 건축 마무리 공사업,"미장, 타일 및 방수 공사업",42491,"미장, 타일 및 방수 공사업",,,,,1,"업종코드: 452101
업종 대분류: 건 설 업
업종 중분류: 전문직별 공사업
업종 소분류: 실내건축 및 건축마무리 공사업
업종 세분류: 기타 건축 마무리 공사업
업종 세세분류 및 활동명: 미장, 타일 및 방수 공사업
연계 KSIC 11차 코드: 42491
연계 KSIC 11차 분류명: 미장, 타일 및 방수 공사업"
452102,F,건 설 업,45,전문직별 공사업,452,실내건축 및 건축마무리 공사업,4521,유리 및 창호 공사업,유리 및 창호 공사업,42420,유리 및 창호 공사업,,,,,1,"업종코드: 452102
업종 대분류: 건 설 업
업종 중분류: 전문직별 공사업
업종 소분류: 실내건축 및 건축마무리 공사업
업종 세분류: 유리 및 창호 공사업
업종 세세분류 및 활동명: 유리 및 창호 공사업
연계 KSIC 11차 코드: 42420
연계 KSIC 11차 분류명: 유리 및 창호 공사업"
452103,F,건 설 업,45,전문직별 공사업,452,기반조성 및 시설물 축조관련 전문공사업,4521,기반조성 관련 전문공사업,"보링, 그라우팅 및 관정 공사업",42122,"보링, 그라우팅 및 관정 공사업",42122,"보링, 그라우팅 및 관정 공사업",2,"보링, 그라우팅 공사",1,"업종코드: 452103
업종 대분류: 건 설 업
업종 중분류: 전문직별 공사업
업종 소분류: 기반조성 및 시설물 축조관련 전문공사업
업종 세분류: 기반조성 관련 전문공사업
업종 세세분류 및 활동명: 보링, 그라우팅 및 관정 공사업
연계 KSIC 11차 코드: 42122
연계 KSIC 11차 분류명: 보링, 그라우팅 및 관정 공사업
주요 연계 KSIC 코드: 42122
주요 연계 KSIC 분류명: 보링, 그라우팅 및 관정 공사업
세부설명: 보링, 그라우팅 공사"
452104,F,건 설 업,45,전문직별 공사업,452,건물설비 설치 공사업,4521,건물설비 설치 공사업,배관 및 냉ㆍ난방 공사업,42201,배관 및 냉ㆍ난방 공사업,42201,배관 및 냉ㆍ난방 공사업,1,,1,"업종코드: 452104
업종 대분류: 건 설 업
업종 중분류: 전문직별 공사업
업종 소분류: 건물설비 설치 공사업
업종 세분류: 건물설비 설치 공사업
업종 세세분류 및 활동명: 배관 및 냉ㆍ난방 공사업
연계 KSIC 11차 코드: 42201
연계 KSIC 11차 분류명: 배관 및 냉ㆍ난방 공사업
주요 연계 KSIC 코드: 42201
주요 연계 KSIC 분류명: 배관 및 냉ㆍ난방 공사업"
452105,F,건 설 업,45,전문직별 공사업,452,실내건축 및 건축마무리 공사업,4521,"도장, 도배 및 내장 공사업","도배, 실내 장식 및 내장 목공사업",42412,"도배, 실내 장식 및 내장 목공사업",,,,도배,1,"업종코드: 452105
업종 대분류: 건 설 업
업종 중분류: 전문직별 공사업
업종 소분류: 실내건축 및 건축마무리 공사업
업종 세분류: 도장, 도배 및 내장 공사업
업종 세세분류 및 활동명: 도배, 실내 장식 및 내장 목공사업
연계 KSIC 11차 코드: 42412
연계 KSIC 11차 분류명: 도배, 실내 장식 및 내장 목공사업
세부설명: 도배"
452106,F,건 설 업,45,전문직별 공사업,452,실내건축 및 건축마무리 공사업,4521,"도장, 도배 및 내장 공사업","도배, 실내 장식 및 내장 목공사업",42412,"도배, 실내 장식 및 내장 목공사업",,,,인테리어공사 등,1,"업종코드: 452106
업종 대분류: 건 설 업
업종 중분류: 전문직별 공사업
업종 소분류: 실내건축 및 건축마무리 공사업
업종 세분류: 도장, 도배 및 내장 공사업
업종 세세분류 및 활동명: 도배, 실내 장식 및 내장 목공사업
연계 KSIC 11차 코드: 42412
연계 KSIC 11차 분류명: 도배, 실내 장식 및 내장 목공사업
세부설명: 인테리어공사 등"
452107,F,건 설 업,45,전문직별 공사업,452,실내건축 및 건축마무리 공사업,4521,"도장, 도배 및 내장 공사업","도배, 실내 장식 및 내장 목공사업",42412,"도배, 실내 장식 및 내장 목공사업",42412,"도배, 실내 장식 및 내장 목공사업",1,,1,"업종코드: 452107
업종 대분류: 건 설 업
업종 중분류: 전문직별 공사업
업종 소분류: 실내건축 및 건축마무리 공사업
업종 세분류: 도장, 도배 및 내장 공사업
업종 세세분류 및 활동명: 도배, 실내 장식 및 내장 목공사업
연계 KSIC 11차 코드: 42412
연계 KSIC 11차 분류명: 도배, 실내 장식 및 내장 목공사업
주요 연계 KSIC 코드: 42412
주요 연계 KSIC 분류명: 도배, 실내 장식 및 내장 목공사업"
452108,F,건 설 업,45,전문직별 공사업,452,기반조성 및 시설물 축조관련 전문공사업,4521,기타 시설물 축조 관련 전문공사업,포장 공사업,42192,포장 공사업,,,,,1,"업종코드: 452108
업종 대분류: 건 설 업
업종 중분류: 전문직별 공사업
업종 소분류: 기반조성 및 시설물 축조관련 전문공사업
업종 세분류: 기타 시설물 축조 관련 전문공사업
업종 세세분류 및 활동명: 포장 공사업
연계 KSIC 11차 코드: 42192
연계 KSIC 11차 분류명: 포장 공사업"
452109,F,건 설 업,45,전문직별 공사업,452,기반조성 및 시설물 축조관련 전문공사업,4521,기타 시설물 축조 관련 전문공사업,수중 공사업,42194,수중 공사업,,,,,1,"업종코드: 452109
업종 대분류: 건 설 업
업종 중분류: 전문직별 공사업
업종 소분류: 기반조성 및 시설물 축조관련 전문공사업
업종 세분류: 기타 시설물 축조 관련 전문공사업
업종 세세분류 및 활동명: 수중 공사업
연계 KSIC 11차 코드: 42194
연계 KSIC 11차 분류명: 수중 공사업"
452110,F,건 설 업,45,전문직별 공사업,452,기반조성 및 시설물 축조관련 전문공사업,4521,기반조성 관련 전문공사업,토공사업,42121,토공사업,,,,,1,"업종코드: 452110
업종 대분류: 건 설 업
업종 중분류: 전문직별 공사업
업종 소분류: 기반조성 및 시설물 축조관련 전문공사업
업종 세분류: 기반조성 관련 전문공사업
업종 세세분류 및 활동명: 토공사업
연계 KSIC 11차 코드: 42121
연계 KSIC 11차 분류명: 토공사업"
452111,F,건 설 업,45,전문직별 공사업,452,시설물 유지관리 공사업,4521,시설물 유지관리 공사업,시설물 유지관리 공사업,42500,시설물 유지관리 공사업,,,,,1,"업종코드: 452111
업종 대분류: 건 설 업
업종 중분류: 전문직별 공사업
업종 소분류: 시설물 유지관리 공사업
업종 세분류: 시설물 유지관리 공사업
업종 세세분류 및 활동명: 시설물 유지관리 공사업
연계 KSIC 11차 코드: 42500
연계 KSIC 11차 분류명: 시설물 유지관리 공사업"
452112,F,건 설 업,45,전문직별 공사업,452,기반조성 및 시설물 축조관련 전문공사업,4521,기반조성 관련 전문공사업,"보링, 그라우팅 및 관정 공사업",42122,"보링, 그라우팅 및 관정 공사업",42122,"보링, 그라우팅 및 관정 공사업",2,관정공사,1,"업종코드: 452112
업종 대분류: 건 설 업
업종 중분류: 전문직별 공사업
업종 소분류: 기반조성 및 시설물 축조관련 전문공사업
업종 세분류: 기반조성 관련 전문공사업
업종 세세분류 및 활동명: 보링, 그라우팅 및 관정 공사업
연계 KSIC 11차 코드: 42122
연계 KSIC 11차 분류명: 보링, 그라우팅 및 관정 공사업
주요 연계 KSIC 코드: 42122
주요 연계 KSIC 분류명: 보링, 그라우팅 및 관정 공사업
세부설명: 관정공사"
452113,F,건 설 업,45,전문직별 공사업,452,기반조성 및 시설물 축조관련 전문공사업,4521,기반조성 관련 전문공사업,파일공사 및 축조관련 기초 공사업,42123,파일공사 및 축조관련 기초 공사업,,,,,1,"업종코드: 452113
업종 대분류: 건 설 업
업종 중분류: 전문직별 공사업
업종 소분류: 기반조성 및 시설물 축조관련 전문공사업
업종 세분류: 기반조성 관련 전문공사업
업종 세세분류 및 활동명: 파일공사 및 축조관련 기초 공사업
연계 KSIC 11차 코드: 42123
연계 KSIC 11차 분류명: 파일공사 및 축조관련 기초 공사업"
452114,F,건 설 업,45,전문직별 공사업,452,기반조성 및 시설물 축조관련 전문공사업,4521,기타 시설물 축조 관련 전문공사업,조적 및 석공사업,42191,조적 및 석공사업,,,,,1,"업종코드: 452114
업종 대분류: 건 설 업
업종 중분류: 전문직별 공사업
업종 소분류: 기반조성 및 시설물 축조관련 전문공사업
업종 세분류: 기타 시설물 축조 관련 전문공사업
업종 세세분류 및 활동명: 조적 및 석공사업
연계 KSIC 11차 코드: 42191
연계 KSIC 11차 분류명: 조적 및 석공사업"
452115,F,건 설 업,45,전문직별 공사업,452,건물설비 설치 공사업,4521,건물설비 설치 공사업,"방음, 방진 및 내화 공사업",42204,"방음, 방진 및 내화 공사업",,,,,1,"업종코드: 452115
업종 대분류: 건 설 업
업종 중분류: 전문직별 공사업
업종 소분류: 건물설비 설치 공사업
업종 세분류: 건물설비 설치 공사업
업종 세세분류 및 활동명: 방음, 방진 및 내화 공사업
연계 KSIC 11차 코드: 42204
연계 KSIC 11차 분류명: 방음, 방진 및 내화 공사업"
452116,F,건 설 업,45,전문직별 공사업,452,건물설비 설치 공사업,4521,건물설비 설치 공사업,소방시설 공사업,42205,소방시설 공사업,,,,,1,"업종코드: 452116
업종 대분류: 건 설 업
업종 중분류: 전문직별 공사업
업종 소분류: 건물설비 설치 공사업
업종 세분류: 건물설비 설치 공사업
업종 세세분류 및 활동명: 소방시설 공사업
연계 KSIC 11차 코드: 42205
연계 KSIC 11차 분류명: 소방시설 공사업"
452117,F,건 설 업,45,전문직별 공사업,452,기반조성 및 시설물 축조관련 전문공사업,4521,건물 및 구축물 해체 공사업,건물 및 구축물 해체 공사업,42110,건물 및 구축물 해체 공사업,,,,,1,"업종코드: 452117
업종 대분류: 건 설 업
업종 중분류: 전문직별 공사업
업종 소분류: 기반조성 및 시설물 축조관련 전문공사업
업종 세분류: 건물 및 구축물 해체 공사업
업종 세세분류 및 활동명: 건물 및 구축물 해체 공사업
연계 KSIC 11차 코드: 42110
연계 KSIC 11차 분류명: 건물 및 구축물 해체 공사업"
452118,F,건 설 업,45,전문직별 공사업,452,기반조성 및 시설물 축조관련 전문공사업,4521,"철골, 철근 및 콘크리트 공사업",철골 및 관련 구조물 공사업,42131,철골 및 관련 구조물 공사업,,,,,1,"업종코드: 452118
업종 대분류: 건 설 업
업종 중분류: 전문직별 공사업
업종 소분류: 기반조성 및 시설물 축조관련 전문공사업
업종 세분류: 철골, 철근 및 콘크리트 공사업
업종 세세분류 및 활동명: 철골 및 관련 구조물 공사업
연계 KSIC 11차 코드: 42131
연계 KSIC 11차 분류명: 철골 및 관련 구조물 공사업"
452119,F,건 설 업,45,전문직별 공사업,452,기반조성 및 시설물 축조관련 전문공사업,4521,"철골, 철근 및 콘크리트 공사업",콘크리트 및 철근 공사업,42132,콘크리트 및 철근 공사업,,,,,1,"업종코드: 452119
업종 대분류: 건 설 업
업종 중분류: 전문직별 공사업
업종 소분류: 기반조성 및 시설물 축조관련 전문공사업
업종 세분류: 철골, 철근 및 콘크리트 공사업
업종 세세분류 및 활동명: 콘크리트 및 철근 공사업
연계 KSIC 11차 코드: 42132
연계 KSIC 11차 분류명: 콘크리트 및 철근 공사업"
452120,F,건 설 업,45,전문직별 공사업,452,기반조성 및 시설물 축조관련 전문공사업,4521,기타 시설물 축조 관련 전문공사업,비계 및 형틀 공사업,42195,비계 및 형틀 공사업,,,,,1,"업종코드: 452120
업종 대분류: 건 설 업
업종 중분류: 전문직별 공사업
업종 소분류: 기반조성 및 시설물 축조관련 전문공사업
업종 세분류: 기타 시설물 축조 관련 전문공사업
업종 세세분류 및 활동명: 비계 및 형틀 공사업
연계 KSIC 11차 코드: 42195
연계 KSIC 11차 분류명: 비계 및 형틀 공사업"
452121,F,건 설 업,45,전문직별 공사업,452,실내건축 및 건축마무리 공사업,4521,기타 건축 마무리 공사업,건물용 금속 공작물 설치 공사업,42492,건물용 금속 공작물 설치 공사업,,,,,1,"업종코드: 452121
업종 대분류: 건 설 업
업종 중분류: 전문직별 공사업
업종 소분류: 실내건축 및 건축마무리 공사업
업종 세분류: 기타 건축 마무리 공사업
업종 세세분류 및 활동명: 건물용 금속 공작물 설치 공사업
연계 KSIC 11차 코드: 42492
연계 KSIC 11차 분류명: 건물용 금속 공작물 설치 공사업"
452122,F,건 설 업,45,전문직별 공사업,452,기반조성 및 시설물 축조관련 전문공사업,4521,기타 시설물 축조 관련 전문공사업,철도 궤도 전문공사업,42193,철도 궤도 전문공사업,,,,,1,"업종코드: 452122
업종 대분류: 건 설 업
업종 중분류: 전문직별 공사업
업종 소분류: 기반조성 및 시설물 축조관련 전문공사업
업종 세분류: 기타 시설물 축조 관련 전문공사업
업종 세세분류 및 활동명: 철도 궤도 전문공사업
연계 KSIC 11차 코드: 42193
연계 KSIC 11차 분류명: 철도 궤도 전문공사업"
452123,F,건 설 업,45,전문직별 공사업,452,기반조성 및 시설물 축조관련 전문공사업,4521,기타 시설물 축조 관련 전문공사업,"지붕, 내ㆍ외벽 축조 관련 전문공사업",42196,"지붕, 내ㆍ외벽 축조 관련 전문공사업",,,,,1,"업종코드: 452123
업종 대분류: 건 설 업
업종 중분류: 전문직별 공사업
업종 소분류: 기반조성 및 시설물 축조관련 전문공사업
업종 세분류: 기타 시설물 축조 관련 전문공사업
업종 세세분류 및 활동명: 지붕, 내ㆍ외벽 축조 관련 전문공사업
연계 KSIC 11차 코드: 42196
연계 KSIC 11차 분류명: 지붕, 내ㆍ외벽 축조 관련 전문공사업"
452124,F,건 설 업,45,전문직별 공사업,452,건물설비 설치 공사업,4521,건물설비 설치 공사업,승강설비 설치 공사업 | 건물용 기계ㆍ장비 설치 공사업,42203 | 42202,승강설비 설치 공사업 | 건물용 기계ㆍ장비 설치 공사업,,,,,2,"업종코드: 452124
업종 대분류: 건 설 업
업종 중분류: 전문직별 공사업
업종 소분류: 건물설비 설치 공사업
업종 세분류: 건물설비 설치 공사업
업종 세세분류 및 활동명: 승강설비 설치 공사업 | 건물용 기계ㆍ장비 설치 공사업
연계 KSIC 11차 코드: 42203 | 42202
연계 KSIC 11차 분류명: 승강설비 설치 공사업 | 건물용 기계ㆍ장비 설치 공사업"
452125,F,건 설 업,45,전문직별 공사업,452,전기 및 통신 공사업,4521,전기 공사업,일반 전기 공사업,42311,일반 전기 공사업,,,,,1,"업종코드: 452125
업종 대분류: 건 설 업
업종 중분류: 전문직별 공사업
업종 소분류: 전기 및 통신 공사업
업종 세분류: 전기 공사업
업종 세세분류 및 활동명: 일반 전기 공사업
연계 KSIC 11차 코드: 42311
연계 KSIC 11차 분류명: 일반 전기 공사업"
452126,F,건 설 업,45,전문직별 공사업,452,전기 및 통신 공사업,4521,전기 공사업,내부 전기배선 공사업,42312,내부 전기배선 공사업,,,,,1,"업종코드: 452126
업종 대분류: 건 설 업
업종 중분류: 전문직별 공사업
업종 소분류: 전기 및 통신 공사업
업종 세분류: 전기 공사업
업종 세세분류 및 활동명: 내부 전기배선 공사업
연계 KSIC 11차 코드: 42312
연계 KSIC 11차 분류명: 내부 전기배선 공사업"
452127,F,건 설 업,45,전문직별 공사업,452,전기 및 통신 공사업,4521,통신 공사업,일반 통신 공사업,42321,일반 통신 공사업,,,,,1,"업종코드: 452127
업종 대분류: 건 설 업
업종 중분류: 전문직별 공사업
업종 소분류: 전기 및 통신 공사업
업종 세분류: 통신 공사업
업종 세세분류 및 활동명: 일반 통신 공사업
연계 KSIC 11차 코드: 42321
연계 KSIC 11차 분류명: 일반 통신 공사업"
452128,F,건 설 업,45,전문직별 공사업,452,전기 및 통신 공사업,4521,통신 공사업,내부 통신배선 공사업,42322,내부 통신배선 공사업,,,,,1,"업종코드: 452128
업종 대분류: 건 설 업
업종 중분류: 전문직별 공사업
업종 소분류: 전기 및 통신 공사업
업종 세분류: 통신 공사업
업종 세세분류 및 활동명: 내부 통신배선 공사업
연계 KSIC 11차 코드: 42322
연계 KSIC 11차 분류명: 내부 통신배선 공사업"
452129,F,건 설 업,45,전문직별 공사업,452,실내건축 및 건축마무리 공사업,4521,"도장, 도배 및 내장 공사업",도장 공사업,42411,도장 공사업,,,,,1,"업종코드: 452129
업종 대분류: 건 설 업
업종 중분류: 전문직별 공사업
업종 소분류: 실내건축 및 건축마무리 공사업
업종 세분류: 도장, 도배 및 내장 공사업
업종 세세분류 및 활동명: 도장 공사업
연계 KSIC 11차 코드: 42411
연계 KSIC 11차 분류명: 도장 공사업"
452130,F,건 설 업,45,전문직별 공사업,452,기반조성 및 시설물 축조관련 전문공사업,4521,기반조성 관련 전문공사업,기타 기반조성 관련 전문공사업,42129,기타 기반조성 관련 전문공사업,,,,,1,"업종코드: 452130
업종 대분류: 건 설 업
업종 중분류: 전문직별 공사업
업종 소분류: 기반조성 및 시설물 축조관련 전문공사업
업종 세분류: 기반조성 관련 전문공사업
업종 세세분류 및 활동명: 기타 기반조성 관련 전문공사업
연계 KSIC 11차 코드: 42129
연계 KSIC 11차 분류명: 기타 기반조성 관련 전문공사업"
452131,F,건 설 업,45,전문직별 공사업,452,기반조성 및 시설물 축조관련 전문공사업,4521,기타 시설물 축조 관련 전문공사업,기타 옥외 시설물 축조관련 전문공사업,42199,기타 옥외 시설물 축조관련 전문공사업,,,,,1,"업종코드: 452131
업종 대분류: 건 설 업
업종 중분류: 전문직별 공사업
업종 소분류: 기반조성 및 시설물 축조관련 전문공사업
업종 세분류: 기타 시설물 축조 관련 전문공사업
업종 세세분류 및 활동명: 기타 옥외 시설물 축조관련 전문공사업
연계 KSIC 11차 코드: 42199
연계 KSIC 11차 분류명: 기타 옥외 시설물 축조관련 전문공사업"
452132,F,건 설 업,45,전문직별 공사업,452,건물설비 설치 공사업,4521,건물설비 설치 공사업,배관 및 냉ㆍ난방 공사업,42201,배관 및 냉ㆍ난방 공사업,,,,상하수도설비공사,1,"업종코드: 452132
업종 대분류: 건 설 업
업종 중분류: 전문직별 공사업
업종 소분류: 건물설비 설치 공사업
업종 세분류: 건물설비 설치 공사업
업종 세세분류 및 활동명: 배관 및 냉ㆍ난방 공사업
연계 KSIC 11차 코드: 42201
연계 KSIC 11차 분류명: 배관 및 냉ㆍ난방 공사업
세부설명: 상하수도설비공사"
452200,F,건 설 업,45,전문직별 공사업,452,실내건축 및 건축마무리 공사업,4522,기타 건축 마무리 공사업,그 외 기타 건축 마무리 공사업,42499,그 외 기타 건축 마무리 공사업,,,,,1,"업종코드: 452200
업종 대분류: 건 설 업
업종 중분류: 전문직별 공사업
업종 소분류: 실내건축 및 건축마무리 공사업
업종 세분류: 기타 건축 마무리 공사업
업종 세세분류 및 활동명: 그 외 기타 건축 마무리 공사업
연계 KSIC 11차 코드: 42499
연계 KSIC 11차 분류명: 그 외 기타 건축 마무리 공사업"
452201,F,건 설 업,45,전문직별 공사업,452,건물설비 설치 공사업,4522,건물설비 설치 공사업,기타 건물 관련설비 설치 공사업,42209,기타 건물 관련설비 설치 공사업,,,,,1,"업종코드: 452201
업종 대분류: 건 설 업
업종 중분류: 전문직별 공사업
업종 소분류: 건물설비 설치 공사업
업종 세분류: 건물설비 설치 공사업
업종 세세분류 및 활동명: 기타 건물 관련설비 설치 공사업
연계 KSIC 11차 코드: 42209
연계 KSIC 11차 분류명: 기타 건물 관련설비 설치 공사업"
453000,F,건 설 업,45,전문직별 공사업,453,건설장비 운영업,4530,건설장비 운영업,건설장비 운영업,42600,건설장비 운영업,,,,,1,"업종코드: 453000
업종 대분류: 건 설 업
업종 중분류: 전문직별 공사업
업종 소분류: 건설장비 운영업
업종 세분류: 건설장비 운영업
업종 세세분류 및 활동명: 건설장비 운영업
연계 KSIC 11차 코드: 42600
연계 KSIC 11차 분류명: 건설장비 운영업"
501101,G,도매 및 소매업,50,자동차 및 부품 판매업,501,자동차 판매업,5011,자동차 신품 판매업,자동차 신품 판매업,45110,자동차 신품 판매업,45110,자동차 신품 판매업,2,도매,1,"업종코드: 501101
업종 대분류: 도매 및 소매업
업종 중분류: 자동차 및 부품 판매업
업종 소분류: 자동차 판매업
업종 세분류: 자동차 신품 판매업
업종 세세분류 및 활동명: 자동차 신품 판매업
연계 KSIC 11차 코드: 45110
연계 KSIC 11차 분류명: 자동차 신품 판매업
주요 연계 KSIC 코드: 45110
주요 연계 KSIC 분류명: 자동차 신품 판매업
세부설명: 도매"
501103,G,도매 및 소매업,50,자동차 및 부품 판매업,501,자동차 판매업,5011,중고 자동차 판매업,중고 자동차 판매업,45120,중고 자동차 판매업,45120,중고 자동차 판매업,2,도매,1,"업종코드: 501103
업종 대분류: 도매 및 소매업
업종 중분류: 자동차 및 부품 판매업
업종 소분류: 자동차 판매업
업종 세분류: 중고 자동차 판매업
업종 세세분류 및 활동명: 중고 자동차 판매업
연계 KSIC 11차 코드: 45120
연계 KSIC 11차 분류명: 중고 자동차 판매업
주요 연계 KSIC 코드: 45120
주요 연계 KSIC 분류명: 중고 자동차 판매업
세부설명: 도매"
501201,G,도매 및 소매업,50,자동차 및 부품 판매업,501,자동차 판매업,5012,자동차 신품 판매업,자동차 신품 판매업,45110,자동차 신품 판매업,45110,자동차 신품 판매업,2,소매,1,"업종코드: 501201
업종 대분류: 도매 및 소매업
업종 중분류: 자동차 및 부품 판매업
업종 소분류: 자동차 판매업
업종 세분류: 자동차 신품 판매업
업종 세세분류 및 활동명: 자동차 신품 판매업
연계 KSIC 11차 코드: 45110
연계 KSIC 11차 분류명: 자동차 신품 판매업
주요 연계 KSIC 코드: 45110
주요 연계 KSIC 분류명: 자동차 신품 판매업
세부설명: 소매"
501202,G,도매 및 소매업,50,자동차 및 부품 판매업,501,자동차 판매업,5012,중고 자동차 판매업,중고 자동차 판매업,45120,중고 자동차 판매업,45120,중고 자동차 판매업,2,소매,1,"업종코드: 501202
업종 대분류: 도매 및 소매업
업종 중분류: 자동차 및 부품 판매업
업종 소분류: 자동차 판매업
업종 세분류: 중고 자동차 판매업
업종 세세분류 및 활동명: 중고 자동차 판매업
연계 KSIC 11차 코드: 45120
연계 KSIC 11차 분류명: 중고 자동차 판매업
주요 연계 KSIC 코드: 45120
주요 연계 KSIC 분류명: 중고 자동차 판매업
세부설명: 소매"
501301,G,도매 및 소매업,50,자동차 및 부품 판매업,501,자동차 판매업,5013,자동차 신품 판매업,자동차 신품 판매업,45110,자동차 신품 판매업,,,,중개 매매 알선업,1,"업종코드: 501301
업종 대분류: 도매 및 소매업
업종 중분류: 자동차 및 부품 판매업
업종 소분류: 자동차 판매업
업종 세분류: 자동차 신품 판매업
업종 세세분류 및 활동명: 자동차 신품 판매업
연계 KSIC 11차 코드: 45110
연계 KSIC 11차 분류명: 자동차 신품 판매업
세부설명: 중개 매매 알선업"
501302,G,도매 및 소매업,50,자동차 및 부품 판매업,501,자동차 판매업,5013,자동차 신품 판매업,자동차 신품 판매업,45110,자동차 신품 판매업,,,,판매대리,1,"업종코드: 501302
업종 대분류: 도매 및 소매업
업종 중분류: 자동차 및 부품 판매업
업종 소분류: 자동차 판매업
업종 세분류: 자동차 신품 판매업
업종 세세분류 및 활동명: 자동차 신품 판매업
연계 KSIC 11차 코드: 45110
연계 KSIC 11차 분류명: 자동차 신품 판매업
세부설명: 판매대리"
501303,G,도매 및 소매업,50,자동차 및 부품 판매업,501,자동차 판매업,5013,중고 자동차 판매업,중고 자동차 판매업,45120,중고 자동차 판매업,,,,판매대리,1,"업종코드: 501303
업종 대분류: 도매 및 소매업
업종 중분류: 자동차 및 부품 판매업
업종 소분류: 자동차 판매업
업종 세분류: 중고 자동차 판매업
업종 세세분류 및 활동명: 중고 자동차 판매업
연계 KSIC 11차 코드: 45120
연계 KSIC 11차 분류명: 중고 자동차 판매업
세부설명: 판매대리"
503001,G,도매 및 소매업,50,자동차 및 부품 판매업,503,자동차 부품 및 내장품 판매업,5030,자동차 신품 부품 및 내장품 판매업,자동차 신품 타이어 및 튜브 판매업,45211,자동차 신품 타이어 및 튜브 판매업,45211,자동차 신품 타이어 및 튜브 판매업,2,도매,1,"업종코드: 503001
업종 대분류: 도매 및 소매업
업종 중분류: 자동차 및 부품 판매업
업종 소분류: 자동차 부품 및 내장품 판매업
업종 세분류: 자동차 신품 부품 및 내장품 판매업
업종 세세분류 및 활동명: 자동차 신품 타이어 및 튜브 판매업
연계 KSIC 11차 코드: 45211
연계 KSIC 11차 분류명: 자동차 신품 타이어 및 튜브 판매업
주요 연계 KSIC 코드: 45211
주요 연계 KSIC 분류명: 자동차 신품 타이어 및 튜브 판매업
세부설명: 도매"
503002,G,도매 및 소매업,50,자동차 및 부품 판매업,503,자동차 부품 및 내장품 판매업,5030,자동차 신품 부품 및 내장품 판매업,자동차 신품 타이어 및 튜브 판매업,45211,자동차 신품 타이어 및 튜브 판매업,45211,자동차 신품 타이어 및 튜브 판매업,2,소매,1,"업종코드: 503002
업종 대분류: 도매 및 소매업
업종 중분류: 자동차 및 부품 판매업
업종 소분류: 자동차 부품 및 내장품 판매업
업종 세분류: 자동차 신품 부품 및 내장품 판매업
업종 세세분류 및 활동명: 자동차 신품 타이어 및 튜브 판매업
연계 KSIC 11차 코드: 45211
연계 KSIC 11차 분류명: 자동차 신품 타이어 및 튜브 판매업
주요 연계 KSIC 코드: 45211
주요 연계 KSIC 분류명: 자동차 신품 타이어 및 튜브 판매업
세부설명: 소매"
503003,G,도매 및 소매업,50,자동차 및 부품 판매업,503,자동차 부품 및 내장품 판매업,5030,자동차 중고 부품 및 내장품 판매업,자동차 중고 부품 및 내장품 판매업,45220,자동차 중고 부품 및 내장품 판매업,45220,자동차 중고 부품 및 내장품 판매업,2,도매,1,"업종코드: 503003
업종 대분류: 도매 및 소매업
업종 중분류: 자동차 및 부품 판매업
업종 소분류: 자동차 부품 및 내장품 판매업
업종 세분류: 자동차 중고 부품 및 내장품 판매업
업종 세세분류 및 활동명: 자동차 중고 부품 및 내장품 판매업
연계 KSIC 11차 코드: 45220
연계 KSIC 11차 분류명: 자동차 중고 부품 및 내장품 판매업
주요 연계 KSIC 코드: 45220
주요 연계 KSIC 분류명: 자동차 중고 부품 및 내장품 판매업
세부설명: 도매"
503004,G,도매 및 소매업,50,자동차 및 부품 판매업,503,자동차 부품 및 내장품 판매업,5030,자동차 중고 부품 및 내장품 판매업,자동차 중고 부품 및 내장품 판매업,45220,자동차 중고 부품 및 내장품 판매업,45220,자동차 중고 부품 및 내장품 판매업,2,소매,1,"업종코드: 503004
업종 대분류: 도매 및 소매업
업종 중분류: 자동차 및 부품 판매업
업종 소분류: 자동차 부품 및 내장품 판매업
업종 세분류: 자동차 중고 부품 및 내장품 판매업
업종 세세분류 및 활동명: 자동차 중고 부품 및 내장품 판매업
연계 KSIC 11차 코드: 45220
연계 KSIC 11차 분류명: 자동차 중고 부품 및 내장품 판매업
주요 연계 KSIC 코드: 45220
주요 연계 KSIC 분류명: 자동차 중고 부품 및 내장품 판매업
세부설명: 소매"
503005,G,도매 및 소매업,50,자동차 및 부품 판매업,503,자동차 부품 및 내장품 판매업,5030,자동차 신품 부품 및 내장품 판매업,기타 자동차 신품 부품 및 내장품 판매업,45219,기타 자동차 신품 부품 및 내장품 판매업,,,,카인테리어(액세서리),1,"업종코드: 503005
업종 대분류: 도매 및 소매업
업종 중분류: 자동차 및 부품 판매업
업종 소분류: 자동차 부품 및 내장품 판매업
업종 세분류: 자동차 신품 부품 및 내장품 판매업
업종 세세분류 및 활동명: 기타 자동차 신품 부품 및 내장품 판매업
연계 KSIC 11차 코드: 45219
연계 KSIC 11차 분류명: 기타 자동차 신품 부품 및 내장품 판매업
세부설명: 카인테리어(액세서리)"
503006,G,도매 및 소매업,50,자동차 및 부품 판매업,503,자동차 부품 및 내장품 판매업,5030,자동차 신품 부품 및 내장품 판매업,자동차용 전용 신품 부품 판매업,45212,자동차용 전용 신품 부품 판매업,45212,자동차용 전용 신품 부품 판매업,2,도매,1,"업종코드: 503006
업종 대분류: 도매 및 소매업
업종 중분류: 자동차 및 부품 판매업
업종 소분류: 자동차 부품 및 내장품 판매업
업종 세분류: 자동차 신품 부품 및 내장품 판매업
업종 세세분류 및 활동명: 자동차용 전용 신품 부품 판매업
연계 KSIC 11차 코드: 45212
연계 KSIC 11차 분류명: 자동차용 전용 신품 부품 판매업
주요 연계 KSIC 코드: 45212
주요 연계 KSIC 분류명: 자동차용 전용 신품 부품 판매업
세부설명: 도매"
503007,G,도매 및 소매업,50,자동차 및 부품 판매업,503,자동차 부품 및 내장품 판매업,5030,자동차 신품 부품 및 내장품 판매업,자동차 내장용 신품 전기ㆍ전자ㆍ정밀기기 판매업,45213,자동차 내장용 신품 전기ㆍ전자ㆍ정밀기기 판매업,45213,자동차 내장용 신품 전기ㆍ전자ㆍ정밀기기 판매업,2,도매,1,"업종코드: 503007
업종 대분류: 도매 및 소매업
업종 중분류: 자동차 및 부품 판매업
업종 소분류: 자동차 부품 및 내장품 판매업
업종 세분류: 자동차 신품 부품 및 내장품 판매업
업종 세세분류 및 활동명: 자동차 내장용 신품 전기ㆍ전자ㆍ정밀기기 판매업
연계 KSIC 11차 코드: 45213
연계 KSIC 11차 분류명: 자동차 내장용 신품 전기ㆍ전자ㆍ정밀기기 판매업
주요 연계 KSIC 코드: 45213
주요 연계 KSIC 분류명: 자동차 내장용 신품 전기ㆍ전자ㆍ정밀기기 판매업
세부설명: 도매"
503008,G,도매 및 소매업,50,자동차 및 부품 판매업,503,자동차 부품 및 내장품 판매업,5030,자동차 신품 부품 및 내장품 판매업,기타 자동차 신품 부품 및 내장품 판매업,45219,기타 자동차 신품 부품 및 내장품 판매업,45219,기타 자동차 신품 부품 및 내장품 판매업,2,도매,1,"업종코드: 503008
업종 대분류: 도매 및 소매업
업종 중분류: 자동차 및 부품 판매업
업종 소분류: 자동차 부품 및 내장품 판매업
업종 세분류: 자동차 신품 부품 및 내장품 판매업
업종 세세분류 및 활동명: 기타 자동차 신품 부품 및 내장품 판매업
연계 KSIC 11차 코드: 45219
연계 KSIC 11차 분류명: 기타 자동차 신품 부품 및 내장품 판매업
주요 연계 KSIC 코드: 45219
주요 연계 KSIC 분류명: 기타 자동차 신품 부품 및 내장품 판매업
세부설명: 도매"
503009,G,도매 및 소매업,50,자동차 및 부품 판매업,503,자동차 부품 및 내장품 판매업,5030,자동차 신품 부품 및 내장품 판매업,자동차용 전용 신품 부품 판매업,45212,자동차용 전용 신품 부품 판매업,45212,자동차용 전용 신품 부품 판매업,2,소매,1,"업종코드: 503009
업종 대분류: 도매 및 소매업
업종 중분류: 자동차 및 부품 판매업
업종 소분류: 자동차 부품 및 내장품 판매업
업종 세분류: 자동차 신품 부품 및 내장품 판매업
업종 세세분류 및 활동명: 자동차용 전용 신품 부품 판매업
연계 KSIC 11차 코드: 45212
연계 KSIC 11차 분류명: 자동차용 전용 신품 부품 판매업
주요 연계 KSIC 코드: 45212
주요 연계 KSIC 분류명: 자동차용 전용 신품 부품 판매업
세부설명: 소매"
503010,G,도매 및 소매업,50,자동차 및 부품 판매업,503,자동차 부품 및 내장품 판매업,5030,자동차 신품 부품 및 내장품 판매업,자동차 내장용 신품 전기ㆍ전자ㆍ정밀기기 판매업,45213,자동차 내장용 신품 전기ㆍ전자ㆍ정밀기기 판매업,45213,자동차 내장용 신품 전기ㆍ전자ㆍ정밀기기 판매업,2,소매,1,"업종코드: 503010
업종 대분류: 도매 및 소매업
업종 중분류: 자동차 및 부품 판매업
업종 소분류: 자동차 부품 및 내장품 판매업
업종 세분류: 자동차 신품 부품 및 내장품 판매업
업종 세세분류 및 활동명: 자동차 내장용 신품 전기ㆍ전자ㆍ정밀기기 판매업
연계 KSIC 11차 코드: 45213
연계 KSIC 11차 분류명: 자동차 내장용 신품 전기ㆍ전자ㆍ정밀기기 판매업
주요 연계 KSIC 코드: 45213
주요 연계 KSIC 분류명: 자동차 내장용 신품 전기ㆍ전자ㆍ정밀기기 판매업
세부설명: 소매"
503013,G,도매 및 소매업,50,자동차 및 부품 판매업,503,자동차 부품 및 내장품 판매업,5030,자동차 신품 부품 및 내장품 판매업,기타 자동차 신품 부품 및 내장품 판매업,45219,기타 자동차 신품 부품 및 내장품 판매업,45219,기타 자동차 신품 부품 및 내장품 판매업,2,소매,1,"업종코드: 503013
업종 대분류: 도매 및 소매업
업종 중분류: 자동차 및 부품 판매업
업종 소분류: 자동차 부품 및 내장품 판매업
업종 세분류: 자동차 신품 부품 및 내장품 판매업
업종 세세분류 및 활동명: 기타 자동차 신품 부품 및 내장품 판매업
연계 KSIC 11차 코드: 45219
연계 KSIC 11차 분류명: 기타 자동차 신품 부품 및 내장품 판매업
주요 연계 KSIC 코드: 45219
주요 연계 KSIC 분류명: 기타 자동차 신품 부품 및 내장품 판매업
세부설명: 소매"
504001,G,도매 및 소매업,50,자동차 및 부품 판매업,504,모터사이클 및 부품 판매업,5040,모터사이클 및 부품 판매업,모터사이클 및 부품 도매업,45301,모터사이클 및 부품 도매업,,,,,1,"업종코드: 504001
업종 대분류: 도매 및 소매업
업종 중분류: 자동차 및 부품 판매업
업종 소분류: 모터사이클 및 부품 판매업
업종 세분류: 모터사이클 및 부품 판매업
업종 세세분류 및 활동명: 모터사이클 및 부품 도매업
연계 KSIC 11차 코드: 45301
연계 KSIC 11차 분류명: 모터사이클 및 부품 도매업"
504002,G,도매 및 소매업,50,자동차 및 부품 판매업,504,모터사이클 및 부품 판매업,5040,모터사이클 및 부품 판매업,모터사이클 및 부품 소매업,45302,모터사이클 및 부품 소매업,,,,,1,"업종코드: 504002
업종 대분류: 도매 및 소매업
업종 중분류: 자동차 및 부품 판매업
업종 소분류: 모터사이클 및 부품 판매업
업종 세분류: 모터사이클 및 부품 판매업
업종 세세분류 및 활동명: 모터사이클 및 부품 소매업
연계 KSIC 11차 코드: 45302
연계 KSIC 11차 분류명: 모터사이클 및 부품 소매업"
505001,G,도매 및 소매업,50,소매업; 자동차 제외,505,연료 소매업,5050,운송장비용 연료 소매업,운송장비용 주유소 운영업,47711,운송장비용 주유소 운영업,,,,,1,"업종코드: 505001
업종 대분류: 도매 및 소매업
업종 중분류: 소매업; 자동차 제외
업종 소분류: 연료 소매업
업종 세분류: 운송장비용 연료 소매업
업종 세세분류 및 활동명: 운송장비용 주유소 운영업
연계 KSIC 11차 코드: 47711
연계 KSIC 11차 분류명: 운송장비용 주유소 운영업"
505002,G,도매 및 소매업,50,소매업; 자동차 제외,505,연료 소매업,5050,운송장비용 연료 소매업,운송장비용 수소 충전업 | 운송장비용 기타 가스 충전업,47712 | 47713,운송장비용 수소 충전업 | 운송장비용 기타 가스 충전업,,,,,2,"업종코드: 505002
업종 대분류: 도매 및 소매업
업종 중분류: 소매업; 자동차 제외
업종 소분류: 연료 소매업
업종 세분류: 운송장비용 연료 소매업
업종 세세분류 및 활동명: 운송장비용 수소 충전업 | 운송장비용 기타 가스 충전업
연계 KSIC 11차 코드: 47712 | 47713
연계 KSIC 11차 분류명: 운송장비용 수소 충전업 | 운송장비용 기타 가스 충전업"
511111,G,도매 및 소매업,51,도매 및 상품 중개업,511,상품 중개업,5111,상품 중개업,"산업용 농ㆍ축산물, 섬유 원료 및 동물 중개업",46101,"산업용 농ㆍ축산물, 섬유 원료 및 동물 중개업",46101,"산업용 농ㆍ축산물, 섬유 원료 및 동물 중개업",1,,1,"업종코드: 511111
업종 대분류: 도매 및 소매업
업종 중분류: 도매 및 상품 중개업
업종 소분류: 상품 중개업
업종 세분류: 상품 중개업
업종 세세분류 및 활동명: 산업용 농ㆍ축산물, 섬유 원료 및 동물 중개업
연계 KSIC 11차 코드: 46101
연계 KSIC 11차 분류명: 산업용 농ㆍ축산물, 섬유 원료 및 동물 중개업
주요 연계 KSIC 코드: 46101
주요 연계 KSIC 분류명: 산업용 농ㆍ축산물, 섬유 원료 및 동물 중개업"
511112,G,도매 및 소매업,51,도매 및 상품 중개업,511,상품 중개업,5111,상품 중개업,"산업용 농ㆍ축산물, 섬유 원료 및 동물 중개업",46101,"산업용 농ㆍ축산물, 섬유 원료 및 동물 중개업",,,,법정도매시장 중매인,1,"업종코드: 511112
업종 대분류: 도매 및 소매업
업종 중분류: 도매 및 상품 중개업
업종 소분류: 상품 중개업
업종 세분류: 상품 중개업
업종 세세분류 및 활동명: 산업용 농ㆍ축산물, 섬유 원료 및 동물 중개업
연계 KSIC 11차 코드: 46101
연계 KSIC 11차 분류명: 산업용 농ㆍ축산물, 섬유 원료 및 동물 중개업
세부설명: 법정도매시장 중매인"
511113,G,도매 및 소매업,51,도매 및 상품 중개업,511,상품 중개업,5111,상품 중개업,음ㆍ식료품 및 담배 중개업,46102,음ㆍ식료품 및 담배 중개업,,,,위탁판매,1,"업종코드: 511113
업종 대분류: 도매 및 소매업
업종 중분류: 도매 및 상품 중개업
업종 소분류: 상품 중개업
업종 세분류: 상품 중개업
업종 세세분류 및 활동명: 음ㆍ식료품 및 담배 중개업
연계 KSIC 11차 코드: 46102
연계 KSIC 11차 분류명: 음ㆍ식료품 및 담배 중개업
세부설명: 위탁판매"
511114,G,도매 및 소매업,51,도매 및 상품 중개업,511,상품 중개업,5111,상품 중개업,음ㆍ식료품 및 담배 중개업,46102,음ㆍ식료품 및 담배 중개업,,,,위탁매매(수산물),1,"업종코드: 511114
업종 대분류: 도매 및 소매업
업종 중분류: 도매 및 상품 중개업
업종 소분류: 상품 중개업
업종 세분류: 상품 중개업
업종 세세분류 및 활동명: 음ㆍ식료품 및 담배 중개업
연계 KSIC 11차 코드: 46102
연계 KSIC 11차 분류명: 음ㆍ식료품 및 담배 중개업
세부설명: 위탁매매(수산물)"
511115,G,도매 및 소매업,51,도매 및 상품 중개업,511,상품 중개업,5111,상품 중개업,"섬유, 의복, 신발 및 가죽제품 중개업 | 목재 및 건축자재 중개업 | 연료, 광물, 1차 금속, 비료 및 화학제품 중개업 | 기계 및 장비 중개업 | 그 외 기타 특정 상품 중개업 | 상품 종합 중개업",46103 | 46104 | 46105 | 46106 | 46107 | 46109,"섬유, 의복, 신발 및 가죽제품 중개업 | 목재 및 건축자재 중개업 | 연료, 광물, 1차 금속, 비료 및 화학제품 중개업 | 기계 및 장비 중개업 | 그 외 기타 특정 상품 중개업 | 상품 종합 중개업",46103 | 46104 | 46105 | 46106 | 46107 | 46109,"섬유, 의복, 신발 및 가죽제품 중개업 | 목재 및 건축자재 중개업 | 연료, 광물, 1차 금속, 비료 및 화학제품 중개업 | 기계 및 장비 중개업 | 그 외 기타 특정 상품 중개업 | 상품 종합 중개업",1,,6,"업종코드: 511115
업종 대분류: 도매 및 소매업
업종 중분류: 도매 및 상품 중개업
업종 소분류: 상품 중개업
업종 세분류: 상품 중개업
업종 세세분류 및 활동명: 섬유, 의복, 신발 및 가죽제품 중개업 | 목재 및 건축자재 중개업 | 연료, 광물, 1차 금속, 비료 및 화학제품 중개업 | 기계 및 장비 중개업 | 그 외 기타 특정 상품 중개업 | 상품 종합 중개업
연계 KSIC 11차 코드: 46103 | 46104 | 46105 | 46106 | 46107 | 46109
연계 KSIC 11차 분류명: 섬유, 의복, 신발 및 가죽제품 중개업 | 목재 및 건축자재 중개업 | 연료, 광물, 1차 금속, 비료 및 화학제품 중개업 | 기계 및 장비 중개업 | 그 외 기타 특정 상품 중개업 | 상품 종합 중개업
주요 연계 KSIC 코드: 46103 | 46104 | 46105 | 46106 | 46107 | 46109
주요 연계 KSIC 분류명: 섬유, 의복, 신발 및 가죽제품 중개업 | 목재 및 건축자재 중개업 | 연료, 광물, 1차 금속, 비료 및 화학제품 중개업 | 기계 및 장비 중개업 | 그 외 기타 특정 상품 중개업 | 상품 종합 중개업"
511116,G,도매 및 소매업,51,도매 및 상품 중개업,511,상품 중개업,5111,상품 중개업,"섬유, 의복, 신발 및 가죽제품 중개업 | 목재 및 건축자재 중개업 | 연료, 광물, 1차 금속, 비료 및 화학제품 중개업 | 기계 및 장비 중개업 | 상품 종합 중개업",46103 | 46104 | 46105 | 46106 | 46109,"섬유, 의복, 신발 및 가죽제품 중개업 | 목재 및 건축자재 중개업 | 연료, 광물, 1차 금속, 비료 및 화학제품 중개업 | 기계 및 장비 중개업 | 상품 종합 중개업",,,,수출주선,5,"업종코드: 511116
업종 대분류: 도매 및 소매업
업종 중분류: 도매 및 상품 중개업
업종 소분류: 상품 중개업
업종 세분류: 상품 중개업
업종 세세분류 및 활동명: 섬유, 의복, 신발 및 가죽제품 중개업 | 목재 및 건축자재 중개업 | 연료, 광물, 1차 금속, 비료 및 화학제품 중개업 | 기계 및 장비 중개업 | 상품 종합 중개업
연계 KSIC 11차 코드: 46103 | 46104 | 46105 | 46106 | 46109
연계 KSIC 11차 분류명: 섬유, 의복, 신발 및 가죽제품 중개업 | 목재 및 건축자재 중개업 | 연료, 광물, 1차 금속, 비료 및 화학제품 중개업 | 기계 및 장비 중개업 | 상품 종합 중개업
세부설명: 수출주선"
511117,G,도매 및 소매업,51,도매 및 상품 중개업,511,상품 중개업,5111,상품 중개업,"섬유, 의복, 신발 및 가죽제품 중개업 | 목재 및 건축자재 중개업 | 연료, 광물, 1차 금속, 비료 및 화학제품 중개업 | 기계 및 장비 중개업 | 그 외 기타 특정 상품 중개업",46103 | 46104 | 46105 | 46106 | 46107,"섬유, 의복, 신발 및 가죽제품 중개업 | 목재 및 건축자재 중개업 | 연료, 광물, 1차 금속, 비료 및 화학제품 중개업 | 기계 및 장비 중개업 | 그 외 기타 특정 상품 중개업",,,,기타주선,5,"업종코드: 511117
업종 대분류: 도매 및 소매업
업종 중분류: 도매 및 상품 중개업
업종 소분류: 상품 중개업
업종 세분류: 상품 중개업
업종 세세분류 및 활동명: 섬유, 의복, 신발 및 가죽제품 중개업 | 목재 및 건축자재 중개업 | 연료, 광물, 1차 금속, 비료 및 화학제품 중개업 | 기계 및 장비 중개업 | 그 외 기타 특정 상품 중개업
연계 KSIC 11차 코드: 46103 | 46104 | 46105 | 46106 | 46107
연계 KSIC 11차 분류명: 섬유, 의복, 신발 및 가죽제품 중개업 | 목재 및 건축자재 중개업 | 연료, 광물, 1차 금속, 비료 및 화학제품 중개업 | 기계 및 장비 중개업 | 그 외 기타 특정 상품 중개업
세부설명: 기타주선"
511118,G,도매 및 소매업,51,도매 및 상품 중개업,511,상품 중개업,5111,상품 중개업,음ㆍ식료품 및 담배 중개업,46102,음ㆍ식료품 및 담배 중개업,,,,위탁판매,1,"업종코드: 511118
업종 대분류: 도매 및 소매업
업종 중분류: 도매 및 상품 중개업
업종 소분류: 상품 중개업
업종 세분류: 상품 중개업
업종 세세분류 및 활동명: 음ㆍ식료품 및 담배 중개업
연계 KSIC 11차 코드: 46102
연계 KSIC 11차 분류명: 음ㆍ식료품 및 담배 중개업
세부설명: 위탁판매"
511119,G,도매 및 소매업,51,도매 및 상품 중개업,511,상품 중개업,5111,상품 중개업,"섬유, 의복, 신발 및 가죽제품 중개업 | 목재 및 건축자재 중개업 | 연료, 광물, 1차 금속, 비료 및 화학제품 중개업 | 기계 및 장비 중개업 | 상품 종합 중개업",46103 | 46104 | 46105 | 46106 | 46109,"섬유, 의복, 신발 및 가죽제품 중개업 | 목재 및 건축자재 중개업 | 연료, 광물, 1차 금속, 비료 및 화학제품 중개업 | 기계 및 장비 중개업 | 상품 종합 중개업",,,,상품대리,5,"업종코드: 511119
업종 대분류: 도매 및 소매업
업종 중분류: 도매 및 상품 중개업
업종 소분류: 상품 중개업
업종 세분류: 상품 중개업
업종 세세분류 및 활동명: 섬유, 의복, 신발 및 가죽제품 중개업 | 목재 및 건축자재 중개업 | 연료, 광물, 1차 금속, 비료 및 화학제품 중개업 | 기계 및 장비 중개업 | 상품 종합 중개업
연계 KSIC 11차 코드: 46103 | 46104 | 46105 | 46106 | 46109
연계 KSIC 11차 분류명: 섬유, 의복, 신발 및 가죽제품 중개업 | 목재 및 건축자재 중개업 | 연료, 광물, 1차 금속, 비료 및 화학제품 중개업 | 기계 및 장비 중개업 | 상품 종합 중개업
세부설명: 상품대리"
511121,G,도매 및 소매업,51,도매 및 상품 중개업,511,상품 중개업,5111,상품 중개업,음ㆍ식료품 및 담배 중개업,46102,음ㆍ식료품 및 담배 중개업,,,,"위탁판매(아동용 급식빵, 우유보급)",1,"업종코드: 511121
업종 대분류: 도매 및 소매업
업종 중분류: 도매 및 상품 중개업
업종 소분류: 상품 중개업
업종 세분류: 상품 중개업
업종 세세분류 및 활동명: 음ㆍ식료품 및 담배 중개업
연계 KSIC 11차 코드: 46102
연계 KSIC 11차 분류명: 음ㆍ식료품 및 담배 중개업
세부설명: 위탁판매(아동용 급식빵, 우유보급)"
511122,G,도매 및 소매업,51,도매 및 상품 중개업,511,상품 중개업,5111,상품 중개업,음ㆍ식료품 및 담배 중개업,46102,음ㆍ식료품 및 담배 중개업,46102,음ㆍ식료품 및 담배 중개업,1,,1,"업종코드: 511122
업종 대분류: 도매 및 소매업
업종 중분류: 도매 및 상품 중개업
업종 소분류: 상품 중개업
업종 세분류: 상품 중개업
업종 세세분류 및 활동명: 음ㆍ식료품 및 담배 중개업
연계 KSIC 11차 코드: 46102
연계 KSIC 11차 분류명: 음ㆍ식료품 및 담배 중개업
주요 연계 KSIC 코드: 46102
주요 연계 KSIC 분류명: 음ㆍ식료품 및 담배 중개업"
511123,G,도매 및 소매업,51,도매 및 상품 중개업,511,상품 중개업,5111,상품 중개업,음ㆍ식료품 및 담배 중개업,46102,음ㆍ식료품 및 담배 중개업,,,,법정도매시장 중매인,1,"업종코드: 511123
업종 대분류: 도매 및 소매업
업종 중분류: 도매 및 상품 중개업
업종 소분류: 상품 중개업
업종 세분류: 상품 중개업
업종 세세분류 및 활동명: 음ㆍ식료품 및 담배 중개업
연계 KSIC 11차 코드: 46102
연계 KSIC 11차 분류명: 음ㆍ식료품 및 담배 중개업
세부설명: 법정도매시장 중매인"
512111,G,도매 및 소매업,51,도매 및 상품 중개업,512,산업용 농ㆍ축산물 및 동ㆍ식물 도매업,5121,산업용 농ㆍ축산물 및 동ㆍ식물 도매업,곡물 및 유지작물 도매업,46201,곡물 및 유지작물 도매업,46201,곡물 및 유지작물 도매업,2,식량작물,1,"업종코드: 512111
업종 대분류: 도매 및 소매업
업종 중분류: 도매 및 상품 중개업
업종 소분류: 산업용 농ㆍ축산물 및 동ㆍ식물 도매업
업종 세분류: 산업용 농ㆍ축산물 및 동ㆍ식물 도매업
업종 세세분류 및 활동명: 곡물 및 유지작물 도매업
연계 KSIC 11차 코드: 46201
연계 KSIC 11차 분류명: 곡물 및 유지작물 도매업
주요 연계 KSIC 코드: 46201
주요 연계 KSIC 분류명: 곡물 및 유지작물 도매업
세부설명: 식량작물"
512112,G,도매 및 소매업,51,도매 및 상품 중개업,512,산업용 농ㆍ축산물 및 동ㆍ식물 도매업,5121,산업용 농ㆍ축산물 및 동ㆍ식물 도매업,곡물 및 유지작물 도매업,46201,곡물 및 유지작물 도매업,,,,법정도매시장 중도매인,1,"업종코드: 512112
업종 대분류: 도매 및 소매업
업종 중분류: 도매 및 상품 중개업
업종 소분류: 산업용 농ㆍ축산물 및 동ㆍ식물 도매업
업종 세분류: 산업용 농ㆍ축산물 및 동ㆍ식물 도매업
업종 세세분류 및 활동명: 곡물 및 유지작물 도매업
연계 KSIC 11차 코드: 46201
연계 KSIC 11차 분류명: 곡물 및 유지작물 도매업
세부설명: 법정도매시장 중도매인"
512113,G,도매 및 소매업,51,도매 및 상품 중개업,512,산업용 농ㆍ축산물 및 동ㆍ식물 도매업,5121,산업용 농ㆍ축산물 및 동ㆍ식물 도매업,종자 및 묘목 도매업,46202,종자 및 묘목 도매업,46202,종자 및 묘목 도매업,2,종자,1,"업종코드: 512113
업종 대분류: 도매 및 소매업
업종 중분류: 도매 및 상품 중개업
업종 소분류: 산업용 농ㆍ축산물 및 동ㆍ식물 도매업
업종 세분류: 산업용 농ㆍ축산물 및 동ㆍ식물 도매업
업종 세세분류 및 활동명: 종자 및 묘목 도매업
연계 KSIC 11차 코드: 46202
연계 KSIC 11차 분류명: 종자 및 묘목 도매업
주요 연계 KSIC 코드: 46202
주요 연계 KSIC 분류명: 종자 및 묘목 도매업
세부설명: 종자"
512116,G,도매 및 소매업,51,도매 및 상품 중개업,512,음ㆍ식료품 및 담배 도매업,5121,가공식품 도매업,기타 가공식품 도매업,46329,기타 가공식품 도매업,46329,기타 가공식품 도매업,2,곡물가루,1,"업종코드: 512116
업종 대분류: 도매 및 소매업
업종 중분류: 도매 및 상품 중개업
업종 소분류: 음ㆍ식료품 및 담배 도매업
업종 세분류: 가공식품 도매업
업종 세세분류 및 활동명: 기타 가공식품 도매업
연계 KSIC 11차 코드: 46329
연계 KSIC 11차 분류명: 기타 가공식품 도매업
주요 연계 KSIC 코드: 46329
주요 연계 KSIC 분류명: 기타 가공식품 도매업
세부설명: 곡물가루"
512119,G,도매 및 소매업,51,도매 및 상품 중개업,512,산업용 농ㆍ축산물 및 동ㆍ식물 도매업,5121,산업용 농ㆍ축산물 및 동ㆍ식물 도매업,곡물 및 유지작물 도매업,46201,곡물 및 유지작물 도매업,46201,곡물 및 유지작물 도매업,2,유지작물,1,"업종코드: 512119
업종 대분류: 도매 및 소매업
업종 중분류: 도매 및 상품 중개업
업종 소분류: 산업용 농ㆍ축산물 및 동ㆍ식물 도매업
업종 세분류: 산업용 농ㆍ축산물 및 동ㆍ식물 도매업
업종 세세분류 및 활동명: 곡물 및 유지작물 도매업
연계 KSIC 11차 코드: 46201
연계 KSIC 11차 분류명: 곡물 및 유지작물 도매업
주요 연계 KSIC 코드: 46201
주요 연계 KSIC 분류명: 곡물 및 유지작물 도매업
세부설명: 유지작물"
512120,G,도매 및 소매업,51,도매 및 상품 중개업,512,산업용 농ㆍ축산물 및 동ㆍ식물 도매업,5121,산업용 농ㆍ축산물 및 동ㆍ식물 도매업,사료 도매업,46203,사료 도매업,,,,,1,"업종코드: 512120
업종 대분류: 도매 및 소매업
업종 중분류: 도매 및 상품 중개업
업종 소분류: 산업용 농ㆍ축산물 및 동ㆍ식물 도매업
업종 세분류: 산업용 농ㆍ축산물 및 동ㆍ식물 도매업
업종 세세분류 및 활동명: 사료 도매업
연계 KSIC 11차 코드: 46203
연계 KSIC 11차 분류명: 사료 도매업"
512131,G,도매 및 소매업,51,도매 및 상품 중개업,512,산업용 농ㆍ축산물 및 동ㆍ식물 도매업,5121,산업용 농ㆍ축산물 및 동ㆍ식물 도매업,화훼류 및 식물 도매업,46204,화훼류 및 식물 도매업,46204,화훼류 및 식물 도매업,2,"과실수, 관상수",1,"업종코드: 512131
업종 대분류: 도매 및 소매업
업종 중분류: 도매 및 상품 중개업
업종 소분류: 산업용 농ㆍ축산물 및 동ㆍ식물 도매업
업종 세분류: 산업용 농ㆍ축산물 및 동ㆍ식물 도매업
업종 세세분류 및 활동명: 화훼류 및 식물 도매업
연계 KSIC 11차 코드: 46204
연계 KSIC 11차 분류명: 화훼류 및 식물 도매업
주요 연계 KSIC 코드: 46204
주요 연계 KSIC 분류명: 화훼류 및 식물 도매업
세부설명: 과실수, 관상수"
512132,G,도매 및 소매업,51,도매 및 상품 중개업,512,산업용 농ㆍ축산물 및 동ㆍ식물 도매업,5121,산업용 농ㆍ축산물 및 동ㆍ식물 도매업,화훼류 및 식물 도매업,46204,화훼류 및 식물 도매업,46204,화훼류 및 식물 도매업,2,화초,1,"업종코드: 512132
업종 대분류: 도매 및 소매업
업종 중분류: 도매 및 상품 중개업
업종 소분류: 산업용 농ㆍ축산물 및 동ㆍ식물 도매업
업종 세분류: 산업용 농ㆍ축산물 및 동ㆍ식물 도매업
업종 세세분류 및 활동명: 화훼류 및 식물 도매업
연계 KSIC 11차 코드: 46204
연계 KSIC 11차 분류명: 화훼류 및 식물 도매업
주요 연계 KSIC 코드: 46204
주요 연계 KSIC 분류명: 화훼류 및 식물 도매업
세부설명: 화초"
512133,G,도매 및 소매업,51,도매 및 상품 중개업,512,산업용 농ㆍ축산물 및 동ㆍ식물 도매업,5121,산업용 농ㆍ축산물 및 동ㆍ식물 도매업,화훼류 및 식물 도매업,46204,화훼류 및 식물 도매업,,,,생화(법정도매시장),1,"업종코드: 512133
업종 대분류: 도매 및 소매업
업종 중분류: 도매 및 상품 중개업
업종 소분류: 산업용 농ㆍ축산물 및 동ㆍ식물 도매업
업종 세분류: 산업용 농ㆍ축산물 및 동ㆍ식물 도매업
업종 세세분류 및 활동명: 화훼류 및 식물 도매업
연계 KSIC 11차 코드: 46204
연계 KSIC 11차 분류명: 화훼류 및 식물 도매업
세부설명: 생화(법정도매시장)"
512135,G,도매 및 소매업,51,도매 및 상품 중개업,512,산업용 농ㆍ축산물 및 동ㆍ식물 도매업,5121,산업용 농ㆍ축산물 및 동ㆍ식물 도매업,종자 및 묘목 도매업,46202,종자 및 묘목 도매업,46202,종자 및 묘목 도매업,2,묘목,1,"업종코드: 512135
업종 대분류: 도매 및 소매업
업종 중분류: 도매 및 상품 중개업
업종 소분류: 산업용 농ㆍ축산물 및 동ㆍ식물 도매업
업종 세분류: 산업용 농ㆍ축산물 및 동ㆍ식물 도매업
업종 세세분류 및 활동명: 종자 및 묘목 도매업
연계 KSIC 11차 코드: 46202
연계 KSIC 11차 분류명: 종자 및 묘목 도매업
주요 연계 KSIC 코드: 46202
주요 연계 KSIC 분류명: 종자 및 묘목 도매업
세부설명: 묘목"
512140,G,도매 및 소매업,51,도매 및 상품 중개업,512,산업용 농ㆍ축산물 및 동ㆍ식물 도매업,5121,산업용 농ㆍ축산물 및 동ㆍ식물 도매업,육지동물 및 반려동물도매업,46205,육지동물 및 반려동물도매업,46205,육지동물 및 반려동물도매업,1,,1,"업종코드: 512140
업종 대분류: 도매 및 소매업
업종 중분류: 도매 및 상품 중개업
업종 소분류: 산업용 농ㆍ축산물 및 동ㆍ식물 도매업
업종 세분류: 산업용 농ㆍ축산물 및 동ㆍ식물 도매업
업종 세세분류 및 활동명: 육지동물 및 반려동물도매업
연계 KSIC 11차 코드: 46205
연계 KSIC 11차 분류명: 육지동물 및 반려동물도매업
주요 연계 KSIC 코드: 46205
주요 연계 KSIC 분류명: 육지동물 및 반려동물도매업"
512190,G,도매 및 소매업,51,도매 및 상품 중개업,512,산업용 농ㆍ축산물 및 동ㆍ식물 도매업,5121,산업용 농ㆍ축산물 및 동ㆍ식물 도매업,기타 산업용 농산물 도매업,46209,기타 산업용 농산물 도매업,46209,기타 산업용 농산물 도매업,1,,1,"업종코드: 512190
업종 대분류: 도매 및 소매업
업종 중분류: 도매 및 상품 중개업
업종 소분류: 산업용 농ㆍ축산물 및 동ㆍ식물 도매업
업종 세분류: 산업용 농ㆍ축산물 및 동ㆍ식물 도매업
업종 세세분류 및 활동명: 기타 산업용 농산물 도매업
연계 KSIC 11차 코드: 46209
연계 KSIC 11차 분류명: 기타 산업용 농산물 도매업
주요 연계 KSIC 코드: 46209
주요 연계 KSIC 분류명: 기타 산업용 농산물 도매업"
512192,G,도매 및 소매업,51,도매 및 상품 중개업,512,산업용 농ㆍ축산물 및 동ㆍ식물 도매업,5121,산업용 농ㆍ축산물 및 동ㆍ식물 도매업,육지동물 및 반려동물도매업,46205,육지동물 및 반려동물도매업,,,,관상용 열대어 등,1,"업종코드: 512192
업종 대분류: 도매 및 소매업
업종 중분류: 도매 및 상품 중개업
업종 소분류: 산업용 농ㆍ축산물 및 동ㆍ식물 도매업
업종 세분류: 산업용 농ㆍ축산물 및 동ㆍ식물 도매업
업종 세세분류 및 활동명: 육지동물 및 반려동물도매업
연계 KSIC 11차 코드: 46205
연계 KSIC 11차 분류명: 육지동물 및 반려동물도매업
세부설명: 관상용 열대어 등"
512211,G,도매 및 소매업,51,도매 및 상품 중개업,512,음ㆍ식료품 및 담배 도매업,5122,신선 식품 및 단순 가공 식품 도매업,과실류 도매업,46311,과실류 도매업,46311,과실류 도매업,1,,1,"업종코드: 512211
업종 대분류: 도매 및 소매업
업종 중분류: 도매 및 상품 중개업
업종 소분류: 음ㆍ식료품 및 담배 도매업
업종 세분류: 신선 식품 및 단순 가공 식품 도매업
업종 세세분류 및 활동명: 과실류 도매업
연계 KSIC 11차 코드: 46311
연계 KSIC 11차 분류명: 과실류 도매업
주요 연계 KSIC 코드: 46311
주요 연계 KSIC 분류명: 과실류 도매업"
512212,G,도매 및 소매업,51,도매 및 상품 중개업,512,음ㆍ식료품 및 담배 도매업,5122,신선 식품 및 단순 가공 식품 도매업,"채소류, 서류 및 향신작물류 도매업",46312,"채소류, 서류 및 향신작물류 도매업",46312,"채소류, 서류 및 향신작물류 도매업",1,,1,"업종코드: 512212
업종 대분류: 도매 및 소매업
업종 중분류: 도매 및 상품 중개업
업종 소분류: 음ㆍ식료품 및 담배 도매업
업종 세분류: 신선 식품 및 단순 가공 식품 도매업
업종 세세분류 및 활동명: 채소류, 서류 및 향신작물류 도매업
연계 KSIC 11차 코드: 46312
연계 KSIC 11차 분류명: 채소류, 서류 및 향신작물류 도매업
주요 연계 KSIC 코드: 46312
주요 연계 KSIC 분류명: 채소류, 서류 및 향신작물류 도매업"
512214,G,도매 및 소매업,51,도매 및 상품 중개업,512,음ㆍ식료품 및 담배 도매업,5122,신선 식품 및 단순 가공 식품 도매업,과실류 도매업,46311,과실류 도매업,,,,과실(법정도매시장),1,"업종코드: 512214
업종 대분류: 도매 및 소매업
업종 중분류: 도매 및 상품 중개업
업종 소분류: 음ㆍ식료품 및 담배 도매업
업종 세분류: 신선 식품 및 단순 가공 식품 도매업
업종 세세분류 및 활동명: 과실류 도매업
연계 KSIC 11차 코드: 46311
연계 KSIC 11차 분류명: 과실류 도매업
세부설명: 과실(법정도매시장)"
512215,G,도매 및 소매업,51,도매 및 상품 중개업,512,음ㆍ식료품 및 담배 도매업,5122,신선 식품 및 단순 가공 식품 도매업,"채소류, 서류 및 향신작물류 도매업",46312,"채소류, 서류 및 향신작물류 도매업",,,,채소(법정도매시장),1,"업종코드: 512215
업종 대분류: 도매 및 소매업
업종 중분류: 도매 및 상품 중개업
업종 소분류: 음ㆍ식료품 및 담배 도매업
업종 세분류: 신선 식품 및 단순 가공 식품 도매업
업종 세세분류 및 활동명: 채소류, 서류 및 향신작물류 도매업
연계 KSIC 11차 코드: 46312
연계 KSIC 11차 분류명: 채소류, 서류 및 향신작물류 도매업
세부설명: 채소(법정도매시장)"
512221,G,도매 및 소매업,51,도매 및 상품 중개업,512,산업용 농ㆍ축산물 및 동ㆍ식물 도매업,5122,산업용 농ㆍ축산물 및 동ㆍ식물 도매업,기타 산업용 농산물 도매업,46209,기타 산업용 농산물 도매업,,,,임산물(일반),1,"업종코드: 512221
업종 대분류: 도매 및 소매업
업종 중분류: 도매 및 상품 중개업
업종 소분류: 산업용 농ㆍ축산물 및 동ㆍ식물 도매업
업종 세분류: 산업용 농ㆍ축산물 및 동ㆍ식물 도매업
업종 세세분류 및 활동명: 기타 산업용 농산물 도매업
연계 KSIC 11차 코드: 46209
연계 KSIC 11차 분류명: 기타 산업용 농산물 도매업
세부설명: 임산물(일반)"
512222,G,도매 및 소매업,51,도매 및 상품 중개업,512,산업용 농ㆍ축산물 및 동ㆍ식물 도매업,5122,산업용 농ㆍ축산물 및 동ㆍ식물 도매업,기타 산업용 농산물 도매업,46209,기타 산업용 농산물 도매업,,,,임산물(법정도매시장),1,"업종코드: 512222
업종 대분류: 도매 및 소매업
업종 중분류: 도매 및 상품 중개업
업종 소분류: 산업용 농ㆍ축산물 및 동ㆍ식물 도매업
업종 세분류: 산업용 농ㆍ축산물 및 동ㆍ식물 도매업
업종 세세분류 및 활동명: 기타 산업용 농산물 도매업
연계 KSIC 11차 코드: 46209
연계 KSIC 11차 분류명: 기타 산업용 농산물 도매업
세부설명: 임산물(법정도매시장)"
512223,G,도매 및 소매업,51,도매 및 상품 중개업,512,음ㆍ식료품 및 담배 도매업,5122,신선 식품 및 단순 가공 식품 도매업,육류 도매업,46313,육류 도매업,46313,육류 도매업,1,,1,"업종코드: 512223
업종 대분류: 도매 및 소매업
업종 중분류: 도매 및 상품 중개업
업종 소분류: 음ㆍ식료품 및 담배 도매업
업종 세분류: 신선 식품 및 단순 가공 식품 도매업
업종 세세분류 및 활동명: 육류 도매업
연계 KSIC 11차 코드: 46313
연계 KSIC 11차 분류명: 육류 도매업
주요 연계 KSIC 코드: 46313
주요 연계 KSIC 분류명: 육류 도매업"
512224,G,도매 및 소매업,51,도매 및 상품 중개업,512,음ㆍ식료품 및 담배 도매업,5122,신선 식품 및 단순 가공 식품 도매업,육류 도매업,46313,육류 도매업,,,,축산물(법정도매시장),1,"업종코드: 512224
업종 대분류: 도매 및 소매업
업종 중분류: 도매 및 상품 중개업
업종 소분류: 음ㆍ식료품 및 담배 도매업
업종 세분류: 신선 식품 및 단순 가공 식품 도매업
업종 세세분류 및 활동명: 육류 도매업
연계 KSIC 11차 코드: 46313
연계 KSIC 11차 분류명: 육류 도매업
세부설명: 축산물(법정도매시장)"
512231,G,도매 및 소매업,51,도매 및 상품 중개업,512,음ㆍ식료품 및 담배 도매업,5122,신선 식품 및 단순 가공 식품 도매업,"신선, 냉동 및 기타 수산물 도매업",46315,"신선, 냉동 및 기타 수산물 도매업",46315,"신선, 냉동 및 기타 수산물 도매업",2,생선(일반),1,"업종코드: 512231
업종 대분류: 도매 및 소매업
업종 중분류: 도매 및 상품 중개업
업종 소분류: 음ㆍ식료품 및 담배 도매업
업종 세분류: 신선 식품 및 단순 가공 식품 도매업
업종 세세분류 및 활동명: 신선, 냉동 및 기타 수산물 도매업
연계 KSIC 11차 코드: 46315
연계 KSIC 11차 분류명: 신선, 냉동 및 기타 수산물 도매업
주요 연계 KSIC 코드: 46315
주요 연계 KSIC 분류명: 신선, 냉동 및 기타 수산물 도매업
세부설명: 생선(일반)"
512232,G,도매 및 소매업,51,도매 및 상품 중개업,512,음ㆍ식료품 및 담배 도매업,5122,신선 식품 및 단순 가공 식품 도매업,"신선, 냉동 및 기타 수산물 도매업",46315,"신선, 냉동 및 기타 수산물 도매업",46315,"신선, 냉동 및 기타 수산물 도매업",2,냉동수산물(일반),1,"업종코드: 512232
업종 대분류: 도매 및 소매업
업종 중분류: 도매 및 상품 중개업
업종 소분류: 음ㆍ식료품 및 담배 도매업
업종 세분류: 신선 식품 및 단순 가공 식품 도매업
업종 세세분류 및 활동명: 신선, 냉동 및 기타 수산물 도매업
연계 KSIC 11차 코드: 46315
연계 KSIC 11차 분류명: 신선, 냉동 및 기타 수산물 도매업
주요 연계 KSIC 코드: 46315
주요 연계 KSIC 분류명: 신선, 냉동 및 기타 수산물 도매업
세부설명: 냉동수산물(일반)"
512233,G,도매 및 소매업,51,도매 및 상품 중개업,512,음ㆍ식료품 및 담배 도매업,5122,신선 식품 및 단순 가공 식품 도매업,건어물 및 젓갈류 도매업,46314,건어물 및 젓갈류 도매업,46314,건어물 및 젓갈류 도매업,1,,1,"업종코드: 512233
업종 대분류: 도매 및 소매업
업종 중분류: 도매 및 상품 중개업
업종 소분류: 음ㆍ식료품 및 담배 도매업
업종 세분류: 신선 식품 및 단순 가공 식품 도매업
업종 세세분류 및 활동명: 건어물 및 젓갈류 도매업
연계 KSIC 11차 코드: 46314
연계 KSIC 11차 분류명: 건어물 및 젓갈류 도매업
주요 연계 KSIC 코드: 46314
주요 연계 KSIC 분류명: 건어물 및 젓갈류 도매업"
512234,G,도매 및 소매업,51,도매 및 상품 중개업,512,음ㆍ식료품 및 담배 도매업,5122,신선 식품 및 단순 가공 식품 도매업,"신선, 냉동 및 기타 수산물 도매업",46315,"신선, 냉동 및 기타 수산물 도매업",,,,생선(법정도매시장),1,"업종코드: 512234
업종 대분류: 도매 및 소매업
업종 중분류: 도매 및 상품 중개업
업종 소분류: 음ㆍ식료품 및 담배 도매업
업종 세분류: 신선 식품 및 단순 가공 식품 도매업
업종 세세분류 및 활동명: 신선, 냉동 및 기타 수산물 도매업
연계 KSIC 11차 코드: 46315
연계 KSIC 11차 분류명: 신선, 냉동 및 기타 수산물 도매업
세부설명: 생선(법정도매시장)"
512235,G,도매 및 소매업,51,도매 및 상품 중개업,512,음ㆍ식료품 및 담배 도매업,5122,신선 식품 및 단순 가공 식품 도매업,"신선, 냉동 및 기타 수산물 도매업",46315,"신선, 냉동 및 기타 수산물 도매업",,,,냉동수산물(법정도매시장),1,"업종코드: 512235
업종 대분류: 도매 및 소매업
업종 중분류: 도매 및 상품 중개업
업종 소분류: 음ㆍ식료품 및 담배 도매업
업종 세분류: 신선 식품 및 단순 가공 식품 도매업
업종 세세분류 및 활동명: 신선, 냉동 및 기타 수산물 도매업
연계 KSIC 11차 코드: 46315
연계 KSIC 11차 분류명: 신선, 냉동 및 기타 수산물 도매업
세부설명: 냉동수산물(법정도매시장)"
512236,G,도매 및 소매업,51,도매 및 상품 중개업,512,음ㆍ식료품 및 담배 도매업,5122,신선 식품 및 단순 가공 식품 도매업,건어물 및 젓갈류 도매업,46314,건어물 및 젓갈류 도매업,,,,기타수산물(법정도매시장),1,"업종코드: 512236
업종 대분류: 도매 및 소매업
업종 중분류: 도매 및 상품 중개업
업종 소분류: 음ㆍ식료품 및 담배 도매업
업종 세분류: 신선 식품 및 단순 가공 식품 도매업
업종 세세분류 및 활동명: 건어물 및 젓갈류 도매업
연계 KSIC 11차 코드: 46314
연계 KSIC 11차 분류명: 건어물 및 젓갈류 도매업
세부설명: 기타수산물(법정도매시장)"
512241,G,도매 및 소매업,51,도매 및 상품 중개업,512,음ㆍ식료품 및 담배 도매업,5122,가공식품 도매업,"빵류, 과자류, 당류, 초콜릿 도매업",46323,"빵류, 과자류, 당류, 초콜릿 도매업",46323,"빵류, 과자류, 당류, 초콜릿 도매업",2,당류,1,"업종코드: 512241
업종 대분류: 도매 및 소매업
업종 중분류: 도매 및 상품 중개업
업종 소분류: 음ㆍ식료품 및 담배 도매업
업종 세분류: 가공식품 도매업
업종 세세분류 및 활동명: 빵류, 과자류, 당류, 초콜릿 도매업
연계 KSIC 11차 코드: 46323
연계 KSIC 11차 분류명: 빵류, 과자류, 당류, 초콜릿 도매업
주요 연계 KSIC 코드: 46323
주요 연계 KSIC 분류명: 빵류, 과자류, 당류, 초콜릿 도매업
세부설명: 당류"
512242,G,도매 및 소매업,51,도매 및 상품 중개업,512,음ㆍ식료품 및 담배 도매업,5122,가공식품 도매업,"빵류, 과자류, 당류, 초콜릿 도매업",46323,"빵류, 과자류, 당류, 초콜릿 도매업",46323,"빵류, 과자류, 당류, 초콜릿 도매업",2,빵류(식빵 등),1,"업종코드: 512242
업종 대분류: 도매 및 소매업
업종 중분류: 도매 및 상품 중개업
업종 소분류: 음ㆍ식료품 및 담배 도매업
업종 세분류: 가공식품 도매업
업종 세세분류 및 활동명: 빵류, 과자류, 당류, 초콜릿 도매업
연계 KSIC 11차 코드: 46323
연계 KSIC 11차 분류명: 빵류, 과자류, 당류, 초콜릿 도매업
주요 연계 KSIC 코드: 46323
주요 연계 KSIC 분류명: 빵류, 과자류, 당류, 초콜릿 도매업
세부설명: 빵류(식빵 등)"
512243,G,도매 및 소매업,51,도매 및 상품 중개업,512,음ㆍ식료품 및 담배 도매업,5122,가공식품 도매업,"빵류, 과자류, 당류, 초콜릿 도매업",46323,"빵류, 과자류, 당류, 초콜릿 도매업",46323,"빵류, 과자류, 당류, 초콜릿 도매업",2,"고급빵류(케이크, 피자 등)",1,"업종코드: 512243
업종 대분류: 도매 및 소매업
업종 중분류: 도매 및 상품 중개업
업종 소분류: 음ㆍ식료품 및 담배 도매업
업종 세분류: 가공식품 도매업
업종 세세분류 및 활동명: 빵류, 과자류, 당류, 초콜릿 도매업
연계 KSIC 11차 코드: 46323
연계 KSIC 11차 분류명: 빵류, 과자류, 당류, 초콜릿 도매업
주요 연계 KSIC 코드: 46323
주요 연계 KSIC 분류명: 빵류, 과자류, 당류, 초콜릿 도매업
세부설명: 고급빵류(케이크, 피자 등)"
512244,G,도매 및 소매업,51,도매 및 상품 중개업,512,음ㆍ식료품 및 담배 도매업,5122,가공식품 도매업,"빵류, 과자류, 당류, 초콜릿 도매업",46323,"빵류, 과자류, 당류, 초콜릿 도매업",46323,"빵류, 과자류, 당류, 초콜릿 도매업",2,"과자류, 초코릿",1,"업종코드: 512244
업종 대분류: 도매 및 소매업
업종 중분류: 도매 및 상품 중개업
업종 소분류: 음ㆍ식료품 및 담배 도매업
업종 세분류: 가공식품 도매업
업종 세세분류 및 활동명: 빵류, 과자류, 당류, 초콜릿 도매업
연계 KSIC 11차 코드: 46323
연계 KSIC 11차 분류명: 빵류, 과자류, 당류, 초콜릿 도매업
주요 연계 KSIC 코드: 46323
주요 연계 KSIC 분류명: 빵류, 과자류, 당류, 초콜릿 도매업
세부설명: 과자류, 초코릿"
512245,G,도매 및 소매업,51,도매 및 상품 중개업,512,음ㆍ식료품 및 담배 도매업,5122,가공식품 도매업,낙농품 및 동ㆍ식물성 유지 도매업,46324,낙농품 및 동ㆍ식물성 유지 도매업,,,,식용 빙과,1,"업종코드: 512245
업종 대분류: 도매 및 소매업
업종 중분류: 도매 및 상품 중개업
업종 소분류: 음ㆍ식료품 및 담배 도매업
업종 세분류: 가공식품 도매업
업종 세세분류 및 활동명: 낙농품 및 동ㆍ식물성 유지 도매업
연계 KSIC 11차 코드: 46324
연계 KSIC 11차 분류명: 낙농품 및 동ㆍ식물성 유지 도매업
세부설명: 식용 빙과"
512251,G,도매 및 소매업,51,도매 및 상품 중개업,512,음ㆍ식료품 및 담배 도매업,5122,음료 및 담배 도매업,주류 도매업,46331,주류 도매업,,,,"약주, 탁주",1,"업종코드: 512251
업종 대분류: 도매 및 소매업
업종 중분류: 도매 및 상품 중개업
업종 소분류: 음ㆍ식료품 및 담배 도매업
업종 세분류: 음료 및 담배 도매업
업종 세세분류 및 활동명: 주류 도매업
연계 KSIC 11차 코드: 46331
연계 KSIC 11차 분류명: 주류 도매업
세부설명: 약주, 탁주"
512252,G,도매 및 소매업,51,도매 및 상품 중개업,512,음ㆍ식료품 및 담배 도매업,5122,음료 및 담배 도매업,주류 도매업,46331,주류 도매업,46331,주류 도매업,1,,1,"업종코드: 512252
업종 대분류: 도매 및 소매업
업종 중분류: 도매 및 상품 중개업
업종 소분류: 음ㆍ식료품 및 담배 도매업
업종 세분류: 음료 및 담배 도매업
업종 세세분류 및 활동명: 주류 도매업
연계 KSIC 11차 코드: 46331
연계 KSIC 11차 분류명: 주류 도매업
주요 연계 KSIC 코드: 46331
주요 연계 KSIC 분류명: 주류 도매업"
512260,G,도매 및 소매업,51,도매 및 상품 중개업,512,음ㆍ식료품 및 담배 도매업,5122,음료 및 담배 도매업,비알코올 음료 도매업,46332,비알코올 음료 도매업,,,,,1,"업종코드: 512260
업종 대분류: 도매 및 소매업
업종 중분류: 도매 및 상품 중개업
업종 소분류: 음ㆍ식료품 및 담배 도매업
업종 세분류: 음료 및 담배 도매업
업종 세세분류 및 활동명: 비알코올 음료 도매업
연계 KSIC 11차 코드: 46332
연계 KSIC 11차 분류명: 비알코올 음료 도매업"
512271,G,도매 및 소매업,51,도매 및 상품 중개업,512,음ㆍ식료품 및 담배 도매업,5122,가공식품 도매업,육류 가공식품 도매업,46321,육류 가공식품 도매업,,,,,1,"업종코드: 512271
업종 대분류: 도매 및 소매업
업종 중분류: 도매 및 상품 중개업
업종 소분류: 음ㆍ식료품 및 담배 도매업
업종 세분류: 가공식품 도매업
업종 세세분류 및 활동명: 육류 가공식품 도매업
연계 KSIC 11차 코드: 46321
연계 KSIC 11차 분류명: 육류 가공식품 도매업"
512272,G,도매 및 소매업,51,도매 및 상품 중개업,512,음ㆍ식료품 및 담배 도매업,5122,가공식품 도매업,조미료 도매업,46326,조미료 도매업,,,,,1,"업종코드: 512272
업종 대분류: 도매 및 소매업
업종 중분류: 도매 및 상품 중개업
업종 소분류: 음ㆍ식료품 및 담배 도매업
업종 세분류: 가공식품 도매업
업종 세세분류 및 활동명: 조미료 도매업
연계 KSIC 11차 코드: 46326
연계 KSIC 11차 분류명: 조미료 도매업"
512273,G,도매 및 소매업,51,도매 및 상품 중개업,512,음ㆍ식료품 및 담배 도매업,5122,가공식품 도매업,커피 및 차류 도매업,46325,커피 및 차류 도매업,,,,,1,"업종코드: 512273
업종 대분류: 도매 및 소매업
업종 중분류: 도매 및 상품 중개업
업종 소분류: 음ㆍ식료품 및 담배 도매업
업종 세분류: 가공식품 도매업
업종 세세분류 및 활동명: 커피 및 차류 도매업
연계 KSIC 11차 코드: 46325
연계 KSIC 11차 분류명: 커피 및 차류 도매업"
512274,G,도매 및 소매업,51,도매 및 상품 중개업,512,음ㆍ식료품 및 담배 도매업,5122,가공식품 도매업,기타 가공식품 도매업,46329,기타 가공식품 도매업,,,,라면,1,"업종코드: 512274
업종 대분류: 도매 및 소매업
업종 중분류: 도매 및 상품 중개업
업종 소분류: 음ㆍ식료품 및 담배 도매업
업종 세분류: 가공식품 도매업
업종 세세분류 및 활동명: 기타 가공식품 도매업
연계 KSIC 11차 코드: 46329
연계 KSIC 11차 분류명: 기타 가공식품 도매업
세부설명: 라면"
512279,G,도매 및 소매업,51,도매 및 상품 중개업,512,음ㆍ식료품 및 담배 도매업,5122,가공식품 도매업,기타 가공식품 도매업,46329,기타 가공식품 도매업,46329,기타 가공식품 도매업,2,국수 및 인스턴트면류,1,"업종코드: 512279
업종 대분류: 도매 및 소매업
업종 중분류: 도매 및 상품 중개업
업종 소분류: 음ㆍ식료품 및 담배 도매업
업종 세분류: 가공식품 도매업
업종 세세분류 및 활동명: 기타 가공식품 도매업
연계 KSIC 11차 코드: 46329
연계 KSIC 11차 분류명: 기타 가공식품 도매업
주요 연계 KSIC 코드: 46329
주요 연계 KSIC 분류명: 기타 가공식품 도매업
세부설명: 국수 및 인스턴트면류"
512280,G,도매 및 소매업,51,도매 및 상품 중개업,512,음ㆍ식료품 및 담배 도매업,5122,가공식품 도매업,기타 가공식품 도매업,46329,기타 가공식품 도매업,46329,기타 가공식품 도매업,2,과실 및 채소 가공식품,1,"업종코드: 512280
업종 대분류: 도매 및 소매업
업종 중분류: 도매 및 상품 중개업
업종 소분류: 음ㆍ식료품 및 담배 도매업
업종 세분류: 가공식품 도매업
업종 세세분류 및 활동명: 기타 가공식품 도매업
연계 KSIC 11차 코드: 46329
연계 KSIC 11차 분류명: 기타 가공식품 도매업
주요 연계 KSIC 코드: 46329
주요 연계 KSIC 분류명: 기타 가공식품 도매업
세부설명: 과실 및 채소 가공식품"
512281,G,도매 및 소매업,51,도매 및 상품 중개업,512,음ㆍ식료품 및 담배 도매업,5122,신선 식품 및 단순 가공 식품 도매업,기타 신선 식품 및 단순 가공 식품 도매업,46319,기타 신선 식품 및 단순 가공 식품 도매업,,,,,1,"업종코드: 512281
업종 대분류: 도매 및 소매업
업종 중분류: 도매 및 상품 중개업
업종 소분류: 음ㆍ식료품 및 담배 도매업
업종 세분류: 신선 식품 및 단순 가공 식품 도매업
업종 세세분류 및 활동명: 기타 신선 식품 및 단순 가공 식품 도매업
연계 KSIC 11차 코드: 46319
연계 KSIC 11차 분류명: 기타 신선 식품 및 단순 가공 식품 도매업"
512282,G,도매 및 소매업,51,도매 및 상품 중개업,512,음ㆍ식료품 및 담배 도매업,5122,가공식품 도매업,낙농품 및 동ㆍ식물성 유지 도매업,46324,낙농품 및 동ㆍ식물성 유지 도매업,46324,낙농품 및 동ㆍ식물성 유지 도매업,2,"연유, 시유(양유포함)",1,"업종코드: 512282
업종 대분류: 도매 및 소매업
업종 중분류: 도매 및 상품 중개업
업종 소분류: 음ㆍ식료품 및 담배 도매업
업종 세분류: 가공식품 도매업
업종 세세분류 및 활동명: 낙농품 및 동ㆍ식물성 유지 도매업
연계 KSIC 11차 코드: 46324
연계 KSIC 11차 분류명: 낙농품 및 동ㆍ식물성 유지 도매업
주요 연계 KSIC 코드: 46324
주요 연계 KSIC 분류명: 낙농품 및 동ㆍ식물성 유지 도매업
세부설명: 연유, 시유(양유포함)"
512283,G,도매 및 소매업,51,도매 및 상품 중개업,512,음ㆍ식료품 및 담배 도매업,5122,가공식품 도매업,낙농품 및 동ㆍ식물성 유지 도매업,46324,낙농품 및 동ㆍ식물성 유지 도매업,46324,낙농품 및 동ㆍ식물성 유지 도매업,2,식물성 유지,1,"업종코드: 512283
업종 대분류: 도매 및 소매업
업종 중분류: 도매 및 상품 중개업
업종 소분류: 음ㆍ식료품 및 담배 도매업
업종 세분류: 가공식품 도매업
업종 세세분류 및 활동명: 낙농품 및 동ㆍ식물성 유지 도매업
연계 KSIC 11차 코드: 46324
연계 KSIC 11차 분류명: 낙농품 및 동ㆍ식물성 유지 도매업
주요 연계 KSIC 코드: 46324
주요 연계 KSIC 분류명: 낙농품 및 동ㆍ식물성 유지 도매업
세부설명: 식물성 유지"
512284,G,도매 및 소매업,51,도매 및 상품 중개업,512,음ㆍ식료품 및 담배 도매업,5122,가공식품 도매업,기타 가공식품 도매업,46329,기타 가공식품 도매업,46329,기타 가공식품 도매업,2,"기타(전분, 만두, 물엿 등)",1,"업종코드: 512284
업종 대분류: 도매 및 소매업
업종 중분류: 도매 및 상품 중개업
업종 소분류: 음ㆍ식료품 및 담배 도매업
업종 세분류: 가공식품 도매업
업종 세세분류 및 활동명: 기타 가공식품 도매업
연계 KSIC 11차 코드: 46329
연계 KSIC 11차 분류명: 기타 가공식품 도매업
주요 연계 KSIC 코드: 46329
주요 연계 KSIC 분류명: 기타 가공식품 도매업
세부설명: 기타(전분, 만두, 물엿 등)"
512285,G,도매 및 소매업,51,도매 및 상품 중개업,512,음ㆍ식료품 및 담배 도매업,5122,가공식품 도매업,낙농품 및 동ㆍ식물성 유지 도매업,46324,낙농품 및 동ㆍ식물성 유지 도매업,46324,낙농품 및 동ㆍ식물성 유지 도매업,2,동물성 유지,1,"업종코드: 512285
업종 대분류: 도매 및 소매업
업종 중분류: 도매 및 상품 중개업
업종 소분류: 음ㆍ식료품 및 담배 도매업
업종 세분류: 가공식품 도매업
업종 세세분류 및 활동명: 낙농품 및 동ㆍ식물성 유지 도매업
연계 KSIC 11차 코드: 46324
연계 KSIC 11차 분류명: 낙농품 및 동ㆍ식물성 유지 도매업
주요 연계 KSIC 코드: 46324
주요 연계 KSIC 분류명: 낙농품 및 동ㆍ식물성 유지 도매업
세부설명: 동물성 유지"
512286,G,도매 및 소매업,51,도매 및 상품 중개업,512,음ㆍ식료품 및 담배 도매업,5122,음료 및 담배 도매업,담배 도매업,46333,담배 도매업,,,,,1,"업종코드: 512286
업종 대분류: 도매 및 소매업
업종 중분류: 도매 및 상품 중개업
업종 소분류: 음ㆍ식료품 및 담배 도매업
업종 세분류: 음료 및 담배 도매업
업종 세세분류 및 활동명: 담배 도매업
연계 KSIC 11차 코드: 46333
연계 KSIC 11차 분류명: 담배 도매업"
512287,G,도매 및 소매업,51,도매 및 상품 중개업,512,음ㆍ식료품 및 담배 도매업,5122,가공식품 도매업,기타 가공식품 도매업,46329,기타 가공식품 도매업,46329,기타 가공식품 도매업,2,조제건강식품,1,"업종코드: 512287
업종 대분류: 도매 및 소매업
업종 중분류: 도매 및 상품 중개업
업종 소분류: 음ㆍ식료품 및 담배 도매업
업종 세분류: 가공식품 도매업
업종 세세분류 및 활동명: 기타 가공식품 도매업
연계 KSIC 11차 코드: 46329
연계 KSIC 11차 분류명: 기타 가공식품 도매업
주요 연계 KSIC 코드: 46329
주요 연계 KSIC 분류명: 기타 가공식품 도매업
세부설명: 조제건강식품"
512288,G,도매 및 소매업,51,도매 및 상품 중개업,512,음ㆍ식료품 및 담배 도매업,5122,가공식품 도매업,기타 가공식품 도매업,46329,기타 가공식품 도매업,,,,인삼제품,1,"업종코드: 512288
업종 대분류: 도매 및 소매업
업종 중분류: 도매 및 상품 중개업
업종 소분류: 음ㆍ식료품 및 담배 도매업
업종 세분류: 가공식품 도매업
업종 세세분류 및 활동명: 기타 가공식품 도매업
연계 KSIC 11차 코드: 46329
연계 KSIC 11차 분류명: 기타 가공식품 도매업
세부설명: 인삼제품"
512289,G,도매 및 소매업,51,도매 및 상품 중개업,512,음ㆍ식료품 및 담배 도매업,5122,가공식품 도매업,수산물 가공식품 도매업,46322,수산물 가공식품 도매업,,,,,1,"업종코드: 512289
업종 대분류: 도매 및 소매업
업종 중분류: 도매 및 상품 중개업
업종 소분류: 음ㆍ식료품 및 담배 도매업
업종 세분류: 가공식품 도매업
업종 세세분류 및 활동명: 수산물 가공식품 도매업
연계 KSIC 11차 코드: 46322
연계 KSIC 11차 분류명: 수산물 가공식품 도매업"
512290,G,도매 및 소매업,51,도매 및 상품 중개업,512,음ㆍ식료품 및 담배 도매업,5122,가공식품 도매업,낙농품 및 동ㆍ식물성 유지 도매업,46324,낙농품 및 동ㆍ식물성 유지 도매업,,,,분유,1,"업종코드: 512290
업종 대분류: 도매 및 소매업
업종 중분류: 도매 및 상품 중개업
업종 소분류: 음ㆍ식료품 및 담배 도매업
업종 세분류: 가공식품 도매업
업종 세세분류 및 활동명: 낙농품 및 동ㆍ식물성 유지 도매업
연계 KSIC 11차 코드: 46324
연계 KSIC 11차 분류명: 낙농품 및 동ㆍ식물성 유지 도매업
세부설명: 분유"
512293,R,"예술, 스포츠 및 여가관련 서비스업",51,스포츠 및 오락관련 서비스업,512,유원지 및 기타 오락관련 서비스업,5122,사행시설 관리 및 운영업,복권 발행 및 판매업,91241,복권 발행 및 판매업,91241,복권 발행 및 판매업,2,복권(도매),1,"업종코드: 512293
업종 대분류: 예술, 스포츠 및 여가관련 서비스업
업종 중분류: 스포츠 및 오락관련 서비스업
업종 소분류: 유원지 및 기타 오락관련 서비스업
업종 세분류: 사행시설 관리 및 운영업
업종 세세분류 및 활동명: 복권 발행 및 판매업
연계 KSIC 11차 코드: 91241
연계 KSIC 11차 분류명: 복권 발행 및 판매업
주요 연계 KSIC 코드: 91241
주요 연계 KSIC 분류명: 복권 발행 및 판매업
세부설명: 복권(도매)"
512294,G,도매 및 소매업,51,도매 및 상품 중개업,512,음ㆍ식료품 및 담배 도매업,5122,가공식품 도매업,낙농품 및 동ㆍ식물성 유지 도매업,46324,낙농품 및 동ㆍ식물성 유지 도매업,,,,발효유(야쿠르트) 및 치즈,1,"업종코드: 512294
업종 대분류: 도매 및 소매업
업종 중분류: 도매 및 상품 중개업
업종 소분류: 음ㆍ식료품 및 담배 도매업
업종 세분류: 가공식품 도매업
업종 세세분류 및 활동명: 낙농품 및 동ㆍ식물성 유지 도매업
연계 KSIC 11차 코드: 46324
연계 KSIC 11차 분류명: 낙농품 및 동ㆍ식물성 유지 도매업
세부설명: 발효유(야쿠르트) 및 치즈"
512295,G,도매 및 소매업,51,도매 및 상품 중개업,512,음ㆍ식료품 및 담배 도매업,5122,가공식품 도매업,기타 가공식품 도매업,46329,기타 가공식품 도매업,,,,"김치, 단무지",1,"업종코드: 512295
업종 대분류: 도매 및 소매업
업종 중분류: 도매 및 상품 중개업
업종 소분류: 음ㆍ식료품 및 담배 도매업
업종 세분류: 가공식품 도매업
업종 세세분류 및 활동명: 기타 가공식품 도매업
연계 KSIC 11차 코드: 46329
연계 KSIC 11차 분류명: 기타 가공식품 도매업
세부설명: 김치, 단무지"
513111,G,도매 및 소매업,51,도매 및 상품 중개업,513,생활용품 도매업,5131,"생활용 섬유제품, 의복, 의복 액세서리 및 모피제품 도매업",생활용 섬유 및 실 도매업,46411,생활용 섬유 및 실 도매업,,,,,1,"업종코드: 513111
업종 대분류: 도매 및 소매업
업종 중분류: 도매 및 상품 중개업
업종 소분류: 생활용품 도매업
업종 세분류: 생활용 섬유제품, 의복, 의복 액세서리 및 모피제품 도매업
업종 세세분류 및 활동명: 생활용 섬유 및 실 도매업
연계 KSIC 11차 코드: 46411
연계 KSIC 11차 분류명: 생활용 섬유 및 실 도매업"
513112,G,도매 및 소매업,51,도매 및 상품 중개업,513,생활용품 도매업,5131,"생활용 섬유제품, 의복, 의복 액세서리 및 모피제품 도매업",커튼 및 침구용품 도매업,46412,커튼 및 침구용품 도매업,46412,커튼 및 침구용품 도매업,2,침구용품,1,"업종코드: 513112
업종 대분류: 도매 및 소매업
업종 중분류: 도매 및 상품 중개업
업종 소분류: 생활용품 도매업
업종 세분류: 생활용 섬유제품, 의복, 의복 액세서리 및 모피제품 도매업
업종 세세분류 및 활동명: 커튼 및 침구용품 도매업
연계 KSIC 11차 코드: 46412
연계 KSIC 11차 분류명: 커튼 및 침구용품 도매업
주요 연계 KSIC 코드: 46412
주요 연계 KSIC 분류명: 커튼 및 침구용품 도매업
세부설명: 침구용품"
513113,G,도매 및 소매업,51,도매 및 상품 중개업,513,생활용품 도매업,5131,"생활용 섬유제품, 의복, 의복 액세서리 및 모피제품 도매업",커튼 및 침구용품 도매업,46412,커튼 및 침구용품 도매업,46412,커튼 및 침구용품 도매업,2,커튼,1,"업종코드: 513113
업종 대분류: 도매 및 소매업
업종 중분류: 도매 및 상품 중개업
업종 소분류: 생활용품 도매업
업종 세분류: 생활용 섬유제품, 의복, 의복 액세서리 및 모피제품 도매업
업종 세세분류 및 활동명: 커튼 및 침구용품 도매업
연계 KSIC 11차 코드: 46412
연계 KSIC 11차 분류명: 커튼 및 침구용품 도매업
주요 연계 KSIC 코드: 46412
주요 연계 KSIC 분류명: 커튼 및 침구용품 도매업
세부설명: 커튼"
513119,G,도매 및 소매업,51,도매 및 상품 중개업,513,생활용품 도매업,5131,"생활용 섬유제품, 의복, 의복 액세서리 및 모피제품 도매업",기타 생활용 섬유 및 직물 제품 도매업,46419,기타 생활용 섬유 및 직물 제품 도매업,46419,기타 생활용 섬유 및 직물 제품 도매업,1,,1,"업종코드: 513119
업종 대분류: 도매 및 소매업
업종 중분류: 도매 및 상품 중개업
업종 소분류: 생활용품 도매업
업종 세분류: 생활용 섬유제품, 의복, 의복 액세서리 및 모피제품 도매업
업종 세세분류 및 활동명: 기타 생활용 섬유 및 직물 제품 도매업
연계 KSIC 11차 코드: 46419
연계 KSIC 11차 분류명: 기타 생활용 섬유 및 직물 제품 도매업
주요 연계 KSIC 코드: 46419
주요 연계 KSIC 분류명: 기타 생활용 섬유 및 직물 제품 도매업"
513121,G,도매 및 소매업,51,도매 및 상품 중개업,513,생활용품 도매업,5131,"생활용 섬유제품, 의복, 의복 액세서리 및 모피제품 도매업",남녀용 겉옷 및 셔츠 도매업,46413,남녀용 겉옷 및 셔츠 도매업,46413,남녀용 겉옷 및 셔츠 도매업,2,겉옷,1,"업종코드: 513121
업종 대분류: 도매 및 소매업
업종 중분류: 도매 및 상품 중개업
업종 소분류: 생활용품 도매업
업종 세분류: 생활용 섬유제품, 의복, 의복 액세서리 및 모피제품 도매업
업종 세세분류 및 활동명: 남녀용 겉옷 및 셔츠 도매업
연계 KSIC 11차 코드: 46413
연계 KSIC 11차 분류명: 남녀용 겉옷 및 셔츠 도매업
주요 연계 KSIC 코드: 46413
주요 연계 KSIC 분류명: 남녀용 겉옷 및 셔츠 도매업
세부설명: 겉옷"
513130,G,도매 및 소매업,51,도매 및 상품 중개업,513,생활용품 도매업,5131,"생활용 섬유제품, 의복, 의복 액세서리 및 모피제품 도매업",남녀용 겉옷 및 셔츠 도매업,46413,남녀용 겉옷 및 셔츠 도매업,46413,남녀용 겉옷 및 셔츠 도매업,2,셔츠,1,"업종코드: 513130
업종 대분류: 도매 및 소매업
업종 중분류: 도매 및 상품 중개업
업종 소분류: 생활용품 도매업
업종 세분류: 생활용 섬유제품, 의복, 의복 액세서리 및 모피제품 도매업
업종 세세분류 및 활동명: 남녀용 겉옷 및 셔츠 도매업
연계 KSIC 11차 코드: 46413
연계 KSIC 11차 분류명: 남녀용 겉옷 및 셔츠 도매업
주요 연계 KSIC 코드: 46413
주요 연계 KSIC 분류명: 남녀용 겉옷 및 셔츠 도매업
세부설명: 셔츠"
513131,G,도매 및 소매업,51,도매 및 상품 중개업,513,생활용품 도매업,5131,"생활용 섬유제품, 의복, 의복 액세서리 및 모피제품 도매업",유아용 의류 도매업,46414,유아용 의류 도매업,,,,,1,"업종코드: 513131
업종 대분류: 도매 및 소매업
업종 중분류: 도매 및 상품 중개업
업종 소분류: 생활용품 도매업
업종 세분류: 생활용 섬유제품, 의복, 의복 액세서리 및 모피제품 도매업
업종 세세분류 및 활동명: 유아용 의류 도매업
연계 KSIC 11차 코드: 46414
연계 KSIC 11차 분류명: 유아용 의류 도매업"
513132,G,도매 및 소매업,51,도매 및 상품 중개업,513,생활용품 도매업,5131,"생활용 섬유제품, 의복, 의복 액세서리 및 모피제품 도매업",속옷 및 잠옷 도매업,46415,속옷 및 잠옷 도매업,,,,,1,"업종코드: 513132
업종 대분류: 도매 및 소매업
업종 중분류: 도매 및 상품 중개업
업종 소분류: 생활용품 도매업
업종 세분류: 생활용 섬유제품, 의복, 의복 액세서리 및 모피제품 도매업
업종 세세분류 및 활동명: 속옷 및 잠옷 도매업
연계 KSIC 11차 코드: 46415
연계 KSIC 11차 분류명: 속옷 및 잠옷 도매업"
513141,G,도매 및 소매업,51,도매 및 상품 중개업,513,생활용품 도매업,5131,신발 도매업,신발 도매업,46420,신발 도매업,,,,,1,"업종코드: 513141
업종 대분류: 도매 및 소매업
업종 중분류: 도매 및 상품 중개업
업종 소분류: 생활용품 도매업
업종 세분류: 신발 도매업
업종 세세분류 및 활동명: 신발 도매업
연계 KSIC 11차 코드: 46420
연계 KSIC 11차 분류명: 신발 도매업"
513150,G,도매 및 소매업,51,도매 및 상품 중개업,513,생활용품 도매업,5131,"생활용 섬유제품, 의복, 의복 액세서리 및 모피제품 도매업",가죽 및 모피 제품 도매업,46416,가죽 및 모피 제품 도매업,,,,,1,"업종코드: 513150
업종 대분류: 도매 및 소매업
업종 중분류: 도매 및 상품 중개업
업종 소분류: 생활용품 도매업
업종 세분류: 생활용 섬유제품, 의복, 의복 액세서리 및 모피제품 도매업
업종 세세분류 및 활동명: 가죽 및 모피 제품 도매업
연계 KSIC 11차 코드: 46416
연계 KSIC 11차 분류명: 가죽 및 모피 제품 도매업"
513191,G,도매 및 소매업,51,도매 및 상품 중개업,513,생활용품 도매업,5131,"생활용 섬유제품, 의복, 의복 액세서리 및 모피제품 도매업",의복 액세서리 및 모조 장신구 도매업,46417,의복 액세서리 및 모조 장신구 도매업,46417,의복 액세서리 및 모조 장신구 도매업,2,의복 액세서리,1,"업종코드: 513191
업종 대분류: 도매 및 소매업
업종 중분류: 도매 및 상품 중개업
업종 소분류: 생활용품 도매업
업종 세분류: 생활용 섬유제품, 의복, 의복 액세서리 및 모피제품 도매업
업종 세세분류 및 활동명: 의복 액세서리 및 모조 장신구 도매업
연계 KSIC 11차 코드: 46417
연계 KSIC 11차 분류명: 의복 액세서리 및 모조 장신구 도매업
주요 연계 KSIC 코드: 46417
주요 연계 KSIC 분류명: 의복 액세서리 및 모조 장신구 도매업
세부설명: 의복 액세서리"
513211,G,도매 및 소매업,51,도매 및 상품 중개업,513,생활용품 도매업,5132,"생활용 가구, 조명기구 및 비전기식 생활용기기 도매업",생활용 가구 도매업,46431,생활용 가구 도매업,46431,생활용 가구 도매업,1,,1,"업종코드: 513211
업종 대분류: 도매 및 소매업
업종 중분류: 도매 및 상품 중개업
업종 소분류: 생활용품 도매업
업종 세분류: 생활용 가구, 조명기구 및 비전기식 생활용기기 도매업
업종 세세분류 및 활동명: 생활용 가구 도매업
연계 KSIC 11차 코드: 46431
연계 KSIC 11차 분류명: 생활용 가구 도매업
주요 연계 KSIC 코드: 46431
주요 연계 KSIC 분류명: 생활용 가구 도매업"
513221,G,도매 및 소매업,51,도매 및 상품 중개업,513,기계장비 및 관련 물품 도매업,5132,"가전제품, 통신장비 및 부품 도매업",가전제품 및 부품 도매업,46521,가전제품 및 부품 도매업,46521,가전제품 및 부품 도매업,1,,1,"업종코드: 513221
업종 대분류: 도매 및 소매업
업종 중분류: 도매 및 상품 중개업
업종 소분류: 기계장비 및 관련 물품 도매업
업종 세분류: 가전제품, 통신장비 및 부품 도매업
업종 세세분류 및 활동명: 가전제품 및 부품 도매업
연계 KSIC 11차 코드: 46521
연계 KSIC 11차 분류명: 가전제품 및 부품 도매업
주요 연계 KSIC 코드: 46521
주요 연계 KSIC 분류명: 가전제품 및 부품 도매업"
513230,G,도매 및 소매업,51,도매 및 상품 중개업,513,생활용품 도매업,5132,"생활용 가구, 조명기구 및 비전기식 생활용기기 도매업",생활용 유리ㆍ요업ㆍ목재ㆍ금속 제품 및 날붙이 도매업,46433,생활용 유리ㆍ요업ㆍ목재ㆍ금속 제품 및 날붙이 도매업,46433,생활용 유리ㆍ요업ㆍ목재ㆍ금속 제품 및 날붙이 도매업,2,"생활용 목재제품, 주방용 금속제품 등",1,"업종코드: 513230
업종 대분류: 도매 및 소매업
업종 중분류: 도매 및 상품 중개업
업종 소분류: 생활용품 도매업
업종 세분류: 생활용 가구, 조명기구 및 비전기식 생활용기기 도매업
업종 세세분류 및 활동명: 생활용 유리ㆍ요업ㆍ목재ㆍ금속 제품 및 날붙이 도매업
연계 KSIC 11차 코드: 46433
연계 KSIC 11차 분류명: 생활용 유리ㆍ요업ㆍ목재ㆍ금속 제품 및 날붙이 도매업
주요 연계 KSIC 코드: 46433
주요 연계 KSIC 분류명: 생활용 유리ㆍ요업ㆍ목재ㆍ금속 제품 및 날붙이 도매업
세부설명: 생활용 목재제품, 주방용 금속제품 등"
513231,G,도매 및 소매업,51,도매 및 상품 중개업,513,기계장비 및 관련 물품 도매업,5132,기타 기계 및 장비 도매업,그 외 기타 기계 및 장비 도매업,46599,그 외 기타 기계 및 장비 도매업,,,,자동판매기,1,"업종코드: 513231
업종 대분류: 도매 및 소매업
업종 중분류: 도매 및 상품 중개업
업종 소분류: 기계장비 및 관련 물품 도매업
업종 세분류: 기타 기계 및 장비 도매업
업종 세세분류 및 활동명: 그 외 기타 기계 및 장비 도매업
연계 KSIC 11차 코드: 46599
연계 KSIC 11차 분류명: 그 외 기타 기계 및 장비 도매업
세부설명: 자동판매기"
513241,G,도매 및 소매업,51,도매 및 상품 중개업,513,생활용품 도매업,5132,"생활용 가구, 조명기구 및 비전기식 생활용기기 도매업","전구, 램프 및 조명장치 도매업",46432,"전구, 램프 및 조명장치 도매업",,,,,1,"업종코드: 513241
업종 대분류: 도매 및 소매업
업종 중분류: 도매 및 상품 중개업
업종 소분류: 생활용품 도매업
업종 세분류: 생활용 가구, 조명기구 및 비전기식 생활용기기 도매업
업종 세세분류 및 활동명: 전구, 램프 및 조명장치 도매업
연계 KSIC 11차 코드: 46432
연계 KSIC 11차 분류명: 전구, 램프 및 조명장치 도매업"
513250,G,도매 및 소매업,51,도매 및 상품 중개업,513,생활용품 도매업,5132,"음반 및 비디오물, 악기, 오락 및 경기용품 도매업",악기 도매업,46462,악기 도매업,,,,,1,"업종코드: 513250
업종 대분류: 도매 및 소매업
업종 중분류: 도매 및 상품 중개업
업종 소분류: 생활용품 도매업
업종 세분류: 음반 및 비디오물, 악기, 오락 및 경기용품 도매업
업종 세세분류 및 활동명: 악기 도매업
연계 KSIC 11차 코드: 46462
연계 KSIC 11차 분류명: 악기 도매업"
513253,G,도매 및 소매업,51,도매 및 상품 중개업,513,생활용품 도매업,5132,"음반 및 비디오물, 악기, 오락 및 경기용품 도매업",음반 및 비디오물 도매업,46461,음반 및 비디오물 도매업,,,,,1,"업종코드: 513253
업종 대분류: 도매 및 소매업
업종 중분류: 도매 및 상품 중개업
업종 소분류: 생활용품 도매업
업종 세분류: 음반 및 비디오물, 악기, 오락 및 경기용품 도매업
업종 세세분류 및 활동명: 음반 및 비디오물 도매업
연계 KSIC 11차 코드: 46461
연계 KSIC 11차 분류명: 음반 및 비디오물 도매업"
513261,G,도매 및 소매업,51,도매 및 상품 중개업,513,생활용품 도매업,5132,"생활용 섬유제품, 의복, 의복 액세서리 및 모피제품 도매업",기타 생활용 섬유 및 직물 제품 도매업,46419,기타 생활용 섬유 및 직물 제품 도매업,,,,"카펫, 융단, 자리",1,"업종코드: 513261
업종 대분류: 도매 및 소매업
업종 중분류: 도매 및 상품 중개업
업종 소분류: 생활용품 도매업
업종 세분류: 생활용 섬유제품, 의복, 의복 액세서리 및 모피제품 도매업
업종 세세분류 및 활동명: 기타 생활용 섬유 및 직물 제품 도매업
연계 KSIC 11차 코드: 46419
연계 KSIC 11차 분류명: 기타 생활용 섬유 및 직물 제품 도매업
세부설명: 카펫, 융단, 자리"
513263,G,도매 및 소매업,51,도매 및 상품 중개업,513,"건축 자재, 철물 및 난방장치 도매업",5132,기타 건축자재 도매업,벽지 및 장판류 도매업,46692,벽지 및 장판류 도매업,,,,,1,"업종코드: 513263
업종 대분류: 도매 및 소매업
업종 중분류: 도매 및 상품 중개업
업종 소분류: 건축 자재, 철물 및 난방장치 도매업
업종 세분류: 기타 건축자재 도매업
업종 세세분류 및 활동명: 벽지 및 장판류 도매업
연계 KSIC 11차 코드: 46692
연계 KSIC 11차 분류명: 벽지 및 장판류 도매업"
513271,G,도매 및 소매업,51,도매 및 상품 중개업,513,생활용품 도매업,5132,"생활용 가구, 조명기구 및 비전기식 생활용기기 도매업",생활용 유리ㆍ요업ㆍ목재ㆍ금속 제품 및 날붙이 도매업,46433,생활용 유리ㆍ요업ㆍ목재ㆍ금속 제품 및 날붙이 도매업,46433,생활용 유리ㆍ요업ㆍ목재ㆍ금속 제품 및 날붙이 도매업,2,"생활용 요업제품, 유리제품",1,"업종코드: 513271
업종 대분류: 도매 및 소매업
업종 중분류: 도매 및 상품 중개업
업종 소분류: 생활용품 도매업
업종 세분류: 생활용 가구, 조명기구 및 비전기식 생활용기기 도매업
업종 세세분류 및 활동명: 생활용 유리ㆍ요업ㆍ목재ㆍ금속 제품 및 날붙이 도매업
연계 KSIC 11차 코드: 46433
연계 KSIC 11차 분류명: 생활용 유리ㆍ요업ㆍ목재ㆍ금속 제품 및 날붙이 도매업
주요 연계 KSIC 코드: 46433
주요 연계 KSIC 분류명: 생활용 유리ㆍ요업ㆍ목재ㆍ금속 제품 및 날붙이 도매업
세부설명: 생활용 요업제품, 유리제품"
513272,G,도매 및 소매업,51,도매 및 상품 중개업,513,생활용품 도매업,5132,"생활용 가구, 조명기구 및 비전기식 생활용기기 도매업",생활용 유리ㆍ요업ㆍ목재ㆍ금속 제품 및 날붙이 도매업,46433,생활용 유리ㆍ요업ㆍ목재ㆍ금속 제품 및 날붙이 도매업,46433,생활용 유리ㆍ요업ㆍ목재ㆍ금속 제품 및 날붙이 도매업,2,주방용 요업제품,1,"업종코드: 513272
업종 대분류: 도매 및 소매업
업종 중분류: 도매 및 상품 중개업
업종 소분류: 생활용품 도매업
업종 세분류: 생활용 가구, 조명기구 및 비전기식 생활용기기 도매업
업종 세세분류 및 활동명: 생활용 유리ㆍ요업ㆍ목재ㆍ금속 제품 및 날붙이 도매업
연계 KSIC 11차 코드: 46433
연계 KSIC 11차 분류명: 생활용 유리ㆍ요업ㆍ목재ㆍ금속 제품 및 날붙이 도매업
주요 연계 KSIC 코드: 46433
주요 연계 KSIC 분류명: 생활용 유리ㆍ요업ㆍ목재ㆍ금속 제품 및 날붙이 도매업
세부설명: 주방용 요업제품"
513290,G,도매 및 소매업,51,도매 및 상품 중개업,513,생활용품 도매업,5132,"생활용 가구, 조명기구 및 비전기식 생활용기기 도매업",생활용 가구 도매업,46431,생활용 가구 도매업,,,,싱크대 및 조리대,1,"업종코드: 513290
업종 대분류: 도매 및 소매업
업종 중분류: 도매 및 상품 중개업
업종 소분류: 생활용품 도매업
업종 세분류: 생활용 가구, 조명기구 및 비전기식 생활용기기 도매업
업종 세세분류 및 활동명: 생활용 가구 도매업
연계 KSIC 11차 코드: 46431
연계 KSIC 11차 분류명: 생활용 가구 도매업
세부설명: 싱크대 및 조리대"
513291,G,도매 및 소매업,51,도매 및 상품 중개업,513,기계장비 및 관련 물품 도매업,5132,"가전제품, 통신장비 및 부품 도매업",가전제품 및 부품 도매업,46521,가전제품 및 부품 도매업,,,,가정용 비전기식 조리 및 난방기구,1,"업종코드: 513291
업종 대분류: 도매 및 소매업
업종 중분류: 도매 및 상품 중개업
업종 소분류: 기계장비 및 관련 물품 도매업
업종 세분류: 가전제품, 통신장비 및 부품 도매업
업종 세세분류 및 활동명: 가전제품 및 부품 도매업
연계 KSIC 11차 코드: 46521
연계 KSIC 11차 분류명: 가전제품 및 부품 도매업
세부설명: 가정용 비전기식 조리 및 난방기구"
513295,G,도매 및 소매업,51,도매 및 상품 중개업,513,생활용품 도매업,5132,"생활용 가구, 조명기구 및 비전기식 생활용기기 도매업",생활용 유리ㆍ요업ㆍ목재ㆍ금속 제품 및 날붙이 도매업,46433,생활용 유리ㆍ요업ㆍ목재ㆍ금속 제품 및 날붙이 도매업,,,,비전기식 이ㆍ미용기구,1,"업종코드: 513295
업종 대분류: 도매 및 소매업
업종 중분류: 도매 및 상품 중개업
업종 소분류: 생활용품 도매업
업종 세분류: 생활용 가구, 조명기구 및 비전기식 생활용기기 도매업
업종 세세분류 및 활동명: 생활용 유리ㆍ요업ㆍ목재ㆍ금속 제품 및 날붙이 도매업
연계 KSIC 11차 코드: 46433
연계 KSIC 11차 분류명: 생활용 유리ㆍ요업ㆍ목재ㆍ금속 제품 및 날붙이 도매업
세부설명: 비전기식 이ㆍ미용기구"
513296,G,도매 및 소매업,51,도매 및 상품 중개업,513,생활용품 도매업,5132,"생활용 가구, 조명기구 및 비전기식 생활용기기 도매업",기타 비전기식 생활용 기기 및 기구 도매업,46439,기타 비전기식 생활용 기기 및 기구 도매업,,,,,1,"업종코드: 513296
업종 대분류: 도매 및 소매업
업종 중분류: 도매 및 상품 중개업
업종 소분류: 생활용품 도매업
업종 세분류: 생활용 가구, 조명기구 및 비전기식 생활용기기 도매업
업종 세세분류 및 활동명: 기타 비전기식 생활용 기기 및 기구 도매업
연계 KSIC 11차 코드: 46439
연계 KSIC 11차 분류명: 기타 비전기식 생활용 기기 및 기구 도매업"
513297,G,도매 및 소매업,51,도매 및 상품 중개업,513,생활용품 도매업,5132,"음반 및 비디오물, 악기, 오락 및 경기용품 도매업",자전거 및 기타 운송장비 도매업,46465,자전거 및 기타 운송장비 도매업,,,,유모차,1,"업종코드: 513297
업종 대분류: 도매 및 소매업
업종 중분류: 도매 및 상품 중개업
업종 소분류: 생활용품 도매업
업종 세분류: 음반 및 비디오물, 악기, 오락 및 경기용품 도매업
업종 세세분류 및 활동명: 자전거 및 기타 운송장비 도매업
연계 KSIC 11차 코드: 46465
연계 KSIC 11차 분류명: 자전거 및 기타 운송장비 도매업
세부설명: 유모차"
513298,G,도매 및 소매업,51,도매 및 상품 중개업,513,기타 전문 도매업,5132,재생용 재료 및 기타 상품 전문 도매업,그 외 기타 상품 전문 도매업,46799,그 외 기타 상품 전문 도매업,,,,총포,1,"업종코드: 513298
업종 대분류: 도매 및 소매업
업종 중분류: 도매 및 상품 중개업
업종 소분류: 기타 전문 도매업
업종 세분류: 재생용 재료 및 기타 상품 전문 도매업
업종 세세분류 및 활동명: 그 외 기타 상품 전문 도매업
연계 KSIC 11차 코드: 46799
연계 KSIC 11차 분류명: 그 외 기타 상품 전문 도매업
세부설명: 총포"
513311,G,도매 및 소매업,51,도매 및 상품 중개업,513,생활용품 도매업,5133,"의약품, 의료용품 및 화장품 도매업",의약품 도매업,46441,의약품 도매업,46441,의약품 도매업,1,,1,"업종코드: 513311
업종 대분류: 도매 및 소매업
업종 중분류: 도매 및 상품 중개업
업종 소분류: 생활용품 도매업
업종 세분류: 의약품, 의료용품 및 화장품 도매업
업종 세세분류 및 활동명: 의약품 도매업
연계 KSIC 11차 코드: 46441
연계 KSIC 11차 분류명: 의약품 도매업
주요 연계 KSIC 코드: 46441
주요 연계 KSIC 분류명: 의약품 도매업"
513312,G,도매 및 소매업,51,도매 및 상품 중개업,513,생활용품 도매업,5133,"의약품, 의료용품 및 화장품 도매업",의약품 도매업,46441,의약품 도매업,,,,각종 한약류,1,"업종코드: 513312
업종 대분류: 도매 및 소매업
업종 중분류: 도매 및 상품 중개업
업종 소분류: 생활용품 도매업
업종 세분류: 의약품, 의료용품 및 화장품 도매업
업종 세세분류 및 활동명: 의약품 도매업
연계 KSIC 11차 코드: 46441
연계 KSIC 11차 분류명: 의약품 도매업
세부설명: 각종 한약류"
513313,G,도매 및 소매업,51,도매 및 상품 중개업,513,생활용품 도매업,5133,"의약품, 의료용품 및 화장품 도매업",의료용품 도매업,46442,의료용품 도매업,,,,,1,"업종코드: 513313
업종 대분류: 도매 및 소매업
업종 중분류: 도매 및 상품 중개업
업종 소분류: 생활용품 도매업
업종 세분류: 의약품, 의료용품 및 화장품 도매업
업종 세세분류 및 활동명: 의료용품 도매업
연계 KSIC 11차 코드: 46442
연계 KSIC 11차 분류명: 의료용품 도매업"
513320,G,도매 및 소매업,51,도매 및 상품 중개업,513,생활용품 도매업,5133,"의약품, 의료용품 및 화장품 도매업",화장품 및 화장용품 도매업,46443,화장품 및 화장용품 도매업,,,,,1,"업종코드: 513320
업종 대분류: 도매 및 소매업
업종 중분류: 도매 및 상품 중개업
업종 소분류: 생활용품 도매업
업종 세분류: 의약품, 의료용품 및 화장품 도매업
업종 세세분류 및 활동명: 화장품 및 화장용품 도매업
연계 KSIC 11차 코드: 46443
연계 KSIC 11차 분류명: 화장품 및 화장용품 도매업"
513330,G,도매 및 소매업,51,도매 및 상품 중개업,513,생활용품 도매업,5133,"의약품, 의료용품 및 화장품 도매업",비누 및 세정제 도매업,46444,비누 및 세정제 도매업,,,,,1,"업종코드: 513330
업종 대분류: 도매 및 소매업
업종 중분류: 도매 및 상품 중개업
업종 소분류: 생활용품 도매업
업종 세분류: 의약품, 의료용품 및 화장품 도매업
업종 세세분류 및 활동명: 비누 및 세정제 도매업
연계 KSIC 11차 코드: 46444
연계 KSIC 11차 분류명: 비누 및 세정제 도매업"
513410,G,도매 및 소매업,51,도매 및 상품 중개업,513,생활용품 도매업,5134,"생활용 포장ㆍ위생용품, 문구용품 및 출판 인쇄물 도매업","생활용 포장 및 위생용품, 봉투 및 유사 제품 도매업",46451,"생활용 포장 및 위생용품, 봉투 및 유사 제품 도매업",,,,,1,"업종코드: 513410
업종 대분류: 도매 및 소매업
업종 중분류: 도매 및 상품 중개업
업종 소분류: 생활용품 도매업
업종 세분류: 생활용 포장ㆍ위생용품, 문구용품 및 출판 인쇄물 도매업
업종 세세분류 및 활동명: 생활용 포장 및 위생용품, 봉투 및 유사 제품 도매업
연계 KSIC 11차 코드: 46451
연계 KSIC 11차 분류명: 생활용 포장 및 위생용품, 봉투 및 유사 제품 도매업"
513414,G,도매 및 소매업,51,도매 및 상품 중개업,513,기타 전문 도매업,5134,"종이 원지, 판지, 종이상자 도매업","종이 원지, 판지, 종이상자 도매업",46750,"종이 원지, 판지, 종이상자 도매업",,,,,1,"업종코드: 513414
업종 대분류: 도매 및 소매업
업종 중분류: 도매 및 상품 중개업
업종 소분류: 기타 전문 도매업
업종 세분류: 종이 원지, 판지, 종이상자 도매업
업종 세세분류 및 활동명: 종이 원지, 판지, 종이상자 도매업
연계 KSIC 11차 코드: 46750
연계 KSIC 11차 분류명: 종이 원지, 판지, 종이상자 도매업"
513415,G,도매 및 소매업,51,도매 및 상품 중개업,513,기타 전문 도매업,5134,재생용 재료 및 기타 상품 전문 도매업,그 외 기타 상품 전문 도매업,46799,그 외 기타 상품 전문 도매업,,,,"플라스틱필름, 폴리에틸렌필름",1,"업종코드: 513415
업종 대분류: 도매 및 소매업
업종 중분류: 도매 및 상품 중개업
업종 소분류: 기타 전문 도매업
업종 세분류: 재생용 재료 및 기타 상품 전문 도매업
업종 세세분류 및 활동명: 그 외 기타 상품 전문 도매업
연계 KSIC 11차 코드: 46799
연계 KSIC 11차 분류명: 그 외 기타 상품 전문 도매업
세부설명: 플라스틱필름, 폴리에틸렌필름"
513421,G,도매 및 소매업,51,도매 및 상품 중개업,513,생활용품 도매업,5134,"생활용 포장ㆍ위생용품, 문구용품 및 출판 인쇄물 도매업","서적, 잡지 및 기타 인쇄물 도매업",46453,"서적, 잡지 및 기타 인쇄물 도매업",,,,,1,"업종코드: 513421
업종 대분류: 도매 및 소매업
업종 중분류: 도매 및 상품 중개업
업종 소분류: 생활용품 도매업
업종 세분류: 생활용 포장ㆍ위생용품, 문구용품 및 출판 인쇄물 도매업
업종 세세분류 및 활동명: 서적, 잡지 및 기타 인쇄물 도매업
연계 KSIC 11차 코드: 46453
연계 KSIC 11차 분류명: 서적, 잡지 및 기타 인쇄물 도매업"
513430,G,도매 및 소매업,51,도매 및 상품 중개업,513,생활용품 도매업,5134,"생활용 포장ㆍ위생용품, 문구용품 및 출판 인쇄물 도매업","문구용품, 회화용품, 사무용품 도매업",46452,"문구용품, 회화용품, 사무용품 도매업",,,,,1,"업종코드: 513430
업종 대분류: 도매 및 소매업
업종 중분류: 도매 및 상품 중개업
업종 소분류: 생활용품 도매업
업종 세분류: 생활용 포장ㆍ위생용품, 문구용품 및 출판 인쇄물 도매업
업종 세세분류 및 활동명: 문구용품, 회화용품, 사무용품 도매업
연계 KSIC 11차 코드: 46452
연계 KSIC 11차 분류명: 문구용품, 회화용품, 사무용품 도매업"
513911,G,도매 및 소매업,51,도매 및 상품 중개업,513,생활용품 도매업,5139,"가방, 시계, 안경 및 기타 생활용품 도매업","안경, 사진장비 및 광학용품 도매업",46493,"안경, 사진장비 및 광학용품 도매업",46493,"안경, 사진장비 및 광학용품 도매업",2,광학용품,1,"업종코드: 513911
업종 대분류: 도매 및 소매업
업종 중분류: 도매 및 상품 중개업
업종 소분류: 생활용품 도매업
업종 세분류: 가방, 시계, 안경 및 기타 생활용품 도매업
업종 세세분류 및 활동명: 안경, 사진장비 및 광학용품 도매업
연계 KSIC 11차 코드: 46493
연계 KSIC 11차 분류명: 안경, 사진장비 및 광학용품 도매업
주요 연계 KSIC 코드: 46493
주요 연계 KSIC 분류명: 안경, 사진장비 및 광학용품 도매업
세부설명: 광학용품"
513912,G,도매 및 소매업,51,도매 및 상품 중개업,513,생활용품 도매업,5139,"가방, 시계, 안경 및 기타 생활용품 도매업","안경, 사진장비 및 광학용품 도매업",46493,"안경, 사진장비 및 광학용품 도매업",,,,사진장비,1,"업종코드: 513912
업종 대분류: 도매 및 소매업
업종 중분류: 도매 및 상품 중개업
업종 소분류: 생활용품 도매업
업종 세분류: 가방, 시계, 안경 및 기타 생활용품 도매업
업종 세세분류 및 활동명: 안경, 사진장비 및 광학용품 도매업
연계 KSIC 11차 코드: 46493
연계 KSIC 11차 분류명: 안경, 사진장비 및 광학용품 도매업
세부설명: 사진장비"
513913,G,도매 및 소매업,51,도매 및 상품 중개업,513,생활용품 도매업,5139,"가방, 시계, 안경 및 기타 생활용품 도매업","안경, 사진장비 및 광학용품 도매업",46493,"안경, 사진장비 및 광학용품 도매업",46493,"안경, 사진장비 및 광학용품 도매업",2,안경,1,"업종코드: 513913
업종 대분류: 도매 및 소매업
업종 중분류: 도매 및 상품 중개업
업종 소분류: 생활용품 도매업
업종 세분류: 가방, 시계, 안경 및 기타 생활용품 도매업
업종 세세분류 및 활동명: 안경, 사진장비 및 광학용품 도매업
연계 KSIC 11차 코드: 46493
연계 KSIC 11차 분류명: 안경, 사진장비 및 광학용품 도매업
주요 연계 KSIC 코드: 46493
주요 연계 KSIC 분류명: 안경, 사진장비 및 광학용품 도매업
세부설명: 안경"
513920,G,도매 및 소매업,51,도매 및 상품 중개업,513,생활용품 도매업,5139,"생활용 섬유제품, 의복, 의복 액세서리 및 모피제품 도매업",의복 액세서리 및 모조 장신구 도매업,46417,의복 액세서리 및 모조 장신구 도매업,46417,의복 액세서리 및 모조 장신구 도매업,2,모조 장신구,1,"업종코드: 513920
업종 대분류: 도매 및 소매업
업종 중분류: 도매 및 상품 중개업
업종 소분류: 생활용품 도매업
업종 세분류: 생활용 섬유제품, 의복, 의복 액세서리 및 모피제품 도매업
업종 세세분류 및 활동명: 의복 액세서리 및 모조 장신구 도매업
연계 KSIC 11차 코드: 46417
연계 KSIC 11차 분류명: 의복 액세서리 및 모조 장신구 도매업
주요 연계 KSIC 코드: 46417
주요 연계 KSIC 분류명: 의복 액세서리 및 모조 장신구 도매업
세부설명: 모조 장신구"
513921,G,도매 및 소매업,51,도매 및 상품 중개업,513,생활용품 도매업,5139,"음반 및 비디오물, 악기, 오락 및 경기용품 도매업","장난감 및 취미, 오락용품 도매업",46463,"장난감 및 취미, 오락용품 도매업",46463,"장난감 및 취미, 오락용품 도매업",1,,1,"업종코드: 513921
업종 대분류: 도매 및 소매업
업종 중분류: 도매 및 상품 중개업
업종 소분류: 생활용품 도매업
업종 세분류: 음반 및 비디오물, 악기, 오락 및 경기용품 도매업
업종 세세분류 및 활동명: 장난감 및 취미, 오락용품 도매업
연계 KSIC 11차 코드: 46463
연계 KSIC 11차 분류명: 장난감 및 취미, 오락용품 도매업
주요 연계 KSIC 코드: 46463
주요 연계 KSIC 분류명: 장난감 및 취미, 오락용품 도매업"
513931,G,도매 및 소매업,51,도매 및 상품 중개업,513,생활용품 도매업,5139,"가방, 시계, 안경 및 기타 생활용품 도매업",시계 및 귀금속 제품 도매업,46492,시계 및 귀금속 제품 도매업,46492,시계 및 귀금속 제품 도매업,2,시계,1,"업종코드: 513931
업종 대분류: 도매 및 소매업
업종 중분류: 도매 및 상품 중개업
업종 소분류: 생활용품 도매업
업종 세분류: 가방, 시계, 안경 및 기타 생활용품 도매업
업종 세세분류 및 활동명: 시계 및 귀금속 제품 도매업
연계 KSIC 11차 코드: 46492
연계 KSIC 11차 분류명: 시계 및 귀금속 제품 도매업
주요 연계 KSIC 코드: 46492
주요 연계 KSIC 분류명: 시계 및 귀금속 제품 도매업
세부설명: 시계"
513933,G,도매 및 소매업,51,도매 및 상품 중개업,513,생활용품 도매업,5139,"가방, 시계, 안경 및 기타 생활용품 도매업",시계 및 귀금속 제품 도매업,46492,시계 및 귀금속 제품 도매업,,,,제품화 하거나 세공하지 않은 황금,1,"업종코드: 513933
업종 대분류: 도매 및 소매업
업종 중분류: 도매 및 상품 중개업
업종 소분류: 생활용품 도매업
업종 세분류: 가방, 시계, 안경 및 기타 생활용품 도매업
업종 세세분류 및 활동명: 시계 및 귀금속 제품 도매업
연계 KSIC 11차 코드: 46492
연계 KSIC 11차 분류명: 시계 및 귀금속 제품 도매업
세부설명: 제품화 하거나 세공하지 않은 황금"
513934,G,도매 및 소매업,51,도매 및 상품 중개업,513,생활용품 도매업,5139,"가방, 시계, 안경 및 기타 생활용품 도매업",시계 및 귀금속 제품 도매업,46492,시계 및 귀금속 제품 도매업,46492,시계 및 귀금속 제품 도매업,2,귀금속,1,"업종코드: 513934
업종 대분류: 도매 및 소매업
업종 중분류: 도매 및 상품 중개업
업종 소분류: 생활용품 도매업
업종 세분류: 가방, 시계, 안경 및 기타 생활용품 도매업
업종 세세분류 및 활동명: 시계 및 귀금속 제품 도매업
연계 KSIC 11차 코드: 46492
연계 KSIC 11차 분류명: 시계 및 귀금속 제품 도매업
주요 연계 KSIC 코드: 46492
주요 연계 KSIC 분류명: 시계 및 귀금속 제품 도매업
세부설명: 귀금속"
513941,G,도매 및 소매업,51,도매 및 상품 중개업,513,생활용품 도매업,5139,"음반 및 비디오물, 악기, 오락 및 경기용품 도매업",운동 및 경기용품 도매업,46464,운동 및 경기용품 도매업,46464,운동 및 경기용품 도매업,1,,1,"업종코드: 513941
업종 대분류: 도매 및 소매업
업종 중분류: 도매 및 상품 중개업
업종 소분류: 생활용품 도매업
업종 세분류: 음반 및 비디오물, 악기, 오락 및 경기용품 도매업
업종 세세분류 및 활동명: 운동 및 경기용품 도매업
연계 KSIC 11차 코드: 46464
연계 KSIC 11차 분류명: 운동 및 경기용품 도매업
주요 연계 KSIC 코드: 46464
주요 연계 KSIC 분류명: 운동 및 경기용품 도매업"
513942,G,도매 및 소매업,51,도매 및 상품 중개업,513,생활용품 도매업,5139,"음반 및 비디오물, 악기, 오락 및 경기용품 도매업",운동 및 경기용품 도매업,46464,운동 및 경기용품 도매업,,,,골프장비,1,"업종코드: 513942
업종 대분류: 도매 및 소매업
업종 중분류: 도매 및 상품 중개업
업종 소분류: 생활용품 도매업
업종 세분류: 음반 및 비디오물, 악기, 오락 및 경기용품 도매업
업종 세세분류 및 활동명: 운동 및 경기용품 도매업
연계 KSIC 11차 코드: 46464
연계 KSIC 11차 분류명: 운동 및 경기용품 도매업
세부설명: 골프장비"
513945,G,도매 및 소매업,51,도매 및 상품 중개업,513,생활용품 도매업,5139,"음반 및 비디오물, 악기, 오락 및 경기용품 도매업","장난감 및 취미, 오락용품 도매업",46463,"장난감 및 취미, 오락용품 도매업",,,,낚시도구,1,"업종코드: 513945
업종 대분류: 도매 및 소매업
업종 중분류: 도매 및 상품 중개업
업종 소분류: 생활용품 도매업
업종 세분류: 음반 및 비디오물, 악기, 오락 및 경기용품 도매업
업종 세세분류 및 활동명: 장난감 및 취미, 오락용품 도매업
연계 KSIC 11차 코드: 46463
연계 KSIC 11차 분류명: 장난감 및 취미, 오락용품 도매업
세부설명: 낚시도구"
513950,G,도매 및 소매업,51,도매 및 상품 중개업,513,생활용품 도매업,5139,"가방, 시계, 안경 및 기타 생활용품 도매업",가방 및 보호용 케이스 도매업,46491,가방 및 보호용 케이스 도매업,,,,,1,"업종코드: 513950
업종 대분류: 도매 및 소매업
업종 중분류: 도매 및 상품 중개업
업종 소분류: 생활용품 도매업
업종 세분류: 가방, 시계, 안경 및 기타 생활용품 도매업
업종 세세분류 및 활동명: 가방 및 보호용 케이스 도매업
연계 KSIC 11차 코드: 46491
연계 KSIC 11차 분류명: 가방 및 보호용 케이스 도매업"
513960,G,도매 및 소매업,51,도매 및 상품 중개업,513,생활용품 도매업,5139,"음반 및 비디오물, 악기, 오락 및 경기용품 도매업",자전거 및 기타 운송장비 도매업,46465,자전거 및 기타 운송장비 도매업,46465,자전거 및 기타 운송장비 도매업,1,,1,"업종코드: 513960
업종 대분류: 도매 및 소매업
업종 중분류: 도매 및 상품 중개업
업종 소분류: 생활용품 도매업
업종 세분류: 음반 및 비디오물, 악기, 오락 및 경기용품 도매업
업종 세세분류 및 활동명: 자전거 및 기타 운송장비 도매업
연계 KSIC 11차 코드: 46465
연계 KSIC 11차 분류명: 자전거 및 기타 운송장비 도매업
주요 연계 KSIC 코드: 46465
주요 연계 KSIC 분류명: 자전거 및 기타 운송장비 도매업"
513991,G,도매 및 소매업,51,도매 및 상품 중개업,513,생활용품 도매업,5139,"생활용 섬유제품, 의복, 의복 액세서리 및 모피제품 도매업",의복 액세서리 및 모조 장신구 도매업,46417,의복 액세서리 및 모조 장신구 도매업,,,,의복부착물,1,"업종코드: 513991
업종 대분류: 도매 및 소매업
업종 중분류: 도매 및 상품 중개업
업종 소분류: 생활용품 도매업
업종 세분류: 생활용 섬유제품, 의복, 의복 액세서리 및 모피제품 도매업
업종 세세분류 및 활동명: 의복 액세서리 및 모조 장신구 도매업
연계 KSIC 11차 코드: 46417
연계 KSIC 11차 분류명: 의복 액세서리 및 모조 장신구 도매업
세부설명: 의복부착물"
513992,G,도매 및 소매업,51,도매 및 상품 중개업,513,생활용품 도매업,5139,"가방, 시계, 안경 및 기타 생활용품 도매업",그 외 기타 생활용품 도매업,46499,그 외 기타 생활용품 도매업,,,,,1,"업종코드: 513992
업종 대분류: 도매 및 소매업
업종 중분류: 도매 및 상품 중개업
업종 소분류: 생활용품 도매업
업종 세분류: 가방, 시계, 안경 및 기타 생활용품 도매업
업종 세세분류 및 활동명: 그 외 기타 생활용품 도매업
연계 KSIC 11차 코드: 46499
연계 KSIC 11차 분류명: 그 외 기타 생활용품 도매업"
514111,G,도매 및 소매업,51,도매 및 상품 중개업,514,기타 전문 도매업,5141,"연료, 연료용 광물 및 관련제품 도매업",고체 연료 및 관련제품 도매업,46711,고체 연료 및 관련제품 도매업,,,,연탄,1,"업종코드: 514111
업종 대분류: 도매 및 소매업
업종 중분류: 도매 및 상품 중개업
업종 소분류: 기타 전문 도매업
업종 세분류: 연료, 연료용 광물 및 관련제품 도매업
업종 세세분류 및 활동명: 고체 연료 및 관련제품 도매업
연계 KSIC 11차 코드: 46711
연계 KSIC 11차 분류명: 고체 연료 및 관련제품 도매업
세부설명: 연탄"
514112,G,도매 및 소매업,51,도매 및 상품 중개업,514,기타 전문 도매업,5141,"연료, 연료용 광물 및 관련제품 도매업",고체 연료 및 관련제품 도매업,46711,고체 연료 및 관련제품 도매업,46711,고체 연료 및 관련제품 도매업,1,,1,"업종코드: 514112
업종 대분류: 도매 및 소매업
업종 중분류: 도매 및 상품 중개업
업종 소분류: 기타 전문 도매업
업종 세분류: 연료, 연료용 광물 및 관련제품 도매업
업종 세세분류 및 활동명: 고체 연료 및 관련제품 도매업
연계 KSIC 11차 코드: 46711
연계 KSIC 11차 분류명: 고체 연료 및 관련제품 도매업
주요 연계 KSIC 코드: 46711
주요 연계 KSIC 분류명: 고체 연료 및 관련제품 도매업"
514121,G,도매 및 소매업,51,도매 및 상품 중개업,514,기타 전문 도매업,5141,"연료, 연료용 광물 및 관련제품 도매업",액체 연료 및 관련제품 도매업,46712,액체 연료 및 관련제품 도매업,,,,,1,"업종코드: 514121
업종 대분류: 도매 및 소매업
업종 중분류: 도매 및 상품 중개업
업종 소분류: 기타 전문 도매업
업종 세분류: 연료, 연료용 광물 및 관련제품 도매업
업종 세세분류 및 활동명: 액체 연료 및 관련제품 도매업
연계 KSIC 11차 코드: 46712
연계 KSIC 11차 분류명: 액체 연료 및 관련제품 도매업"
514122,G,도매 및 소매업,51,도매 및 상품 중개업,514,기타 전문 도매업,5141,재생용 재료 및 기타 상품 전문 도매업,그 외 기타 상품 전문 도매업,46799,그 외 기타 상품 전문 도매업,,,,아스팔트,1,"업종코드: 514122
업종 대분류: 도매 및 소매업
업종 중분류: 도매 및 상품 중개업
업종 소분류: 기타 전문 도매업
업종 세분류: 재생용 재료 및 기타 상품 전문 도매업
업종 세세분류 및 활동명: 그 외 기타 상품 전문 도매업
연계 KSIC 11차 코드: 46799
연계 KSIC 11차 분류명: 그 외 기타 상품 전문 도매업
세부설명: 아스팔트"
514130,G,도매 및 소매업,51,도매 및 상품 중개업,514,기타 전문 도매업,5141,"연료, 연료용 광물 및 관련제품 도매업",기체 연료 및 관련제품 도매업,46713,기체 연료 및 관련제품 도매업,,,,,1,"업종코드: 514130
업종 대분류: 도매 및 소매업
업종 중분류: 도매 및 상품 중개업
업종 소분류: 기타 전문 도매업
업종 세분류: 연료, 연료용 광물 및 관련제품 도매업
업종 세세분류 및 활동명: 기체 연료 및 관련제품 도매업
연계 KSIC 11차 코드: 46713
연계 KSIC 11차 분류명: 기체 연료 및 관련제품 도매업"
514210,G,도매 및 소매업,51,도매 및 상품 중개업,514,기타 전문 도매업,5142,1차 금속제품 및 금속광물 도매업,1차 금속제품 도매업,46721,1차 금속제품 도매업,46721,1차 금속제품 도매업,2,철근,1,"업종코드: 514210
업종 대분류: 도매 및 소매업
업종 중분류: 도매 및 상품 중개업
업종 소분류: 기타 전문 도매업
업종 세분류: 1차 금속제품 및 금속광물 도매업
업종 세세분류 및 활동명: 1차 금속제품 도매업
연계 KSIC 11차 코드: 46721
연계 KSIC 11차 분류명: 1차 금속제품 도매업
주요 연계 KSIC 코드: 46721
주요 연계 KSIC 분류명: 1차 금속제품 도매업
세부설명: 철근"
514220,G,도매 및 소매업,51,도매 및 상품 중개업,514,기타 전문 도매업,5142,1차 금속제품 및 금속광물 도매업,1차 금속제품 도매업,46721,1차 금속제품 도매업,46721,1차 금속제품 도매업,2,관,1,"업종코드: 514220
업종 대분류: 도매 및 소매업
업종 중분류: 도매 및 상품 중개업
업종 소분류: 기타 전문 도매업
업종 세분류: 1차 금속제품 및 금속광물 도매업
업종 세세분류 및 활동명: 1차 금속제품 도매업
연계 KSIC 11차 코드: 46721
연계 KSIC 11차 분류명: 1차 금속제품 도매업
주요 연계 KSIC 코드: 46721
주요 연계 KSIC 분류명: 1차 금속제품 도매업
세부설명: 관"
514232,G,도매 및 소매업,51,도매 및 상품 중개업,514,기타 전문 도매업,5142,1차 금속제품 및 금속광물 도매업,1차 금속제품 도매업,46721,1차 금속제품 도매업,,,,"함석, 철판 등",1,"업종코드: 514232
업종 대분류: 도매 및 소매업
업종 중분류: 도매 및 상품 중개업
업종 소분류: 기타 전문 도매업
업종 세분류: 1차 금속제품 및 금속광물 도매업
업종 세세분류 및 활동명: 1차 금속제품 도매업
연계 KSIC 11차 코드: 46721
연계 KSIC 11차 분류명: 1차 금속제품 도매업
세부설명: 함석, 철판 등"
514239,G,도매 및 소매업,51,도매 및 상품 중개업,514,기타 전문 도매업,5142,1차 금속제품 및 금속광물 도매업,1차 금속제품 도매업,46721,1차 금속제품 도매업,46721,1차 금속제품 도매업,2,판재,1,"업종코드: 514239
업종 대분류: 도매 및 소매업
업종 중분류: 도매 및 상품 중개업
업종 소분류: 기타 전문 도매업
업종 세분류: 1차 금속제품 및 금속광물 도매업
업종 세세분류 및 활동명: 1차 금속제품 도매업
연계 KSIC 11차 코드: 46721
연계 KSIC 11차 분류명: 1차 금속제품 도매업
주요 연계 KSIC 코드: 46721
주요 연계 KSIC 분류명: 1차 금속제품 도매업
세부설명: 판재"
514240,G,도매 및 소매업,51,도매 및 상품 중개업,514,기타 전문 도매업,5142,1차 금속제품 및 금속광물 도매업,1차 금속제품 도매업,46721,1차 금속제품 도매업,46721,1차 금속제품 도매업,2,선재,1,"업종코드: 514240
업종 대분류: 도매 및 소매업
업종 중분류: 도매 및 상품 중개업
업종 소분류: 기타 전문 도매업
업종 세분류: 1차 금속제품 및 금속광물 도매업
업종 세세분류 및 활동명: 1차 금속제품 도매업
연계 KSIC 11차 코드: 46721
연계 KSIC 11차 분류명: 1차 금속제품 도매업
주요 연계 KSIC 코드: 46721
주요 연계 KSIC 분류명: 1차 금속제품 도매업
세부설명: 선재"
514250,G,도매 및 소매업,51,도매 및 상품 중개업,514,기타 전문 도매업,5142,1차 금속제품 및 금속광물 도매업,금속광물 도매업,46722,금속광물 도매업,,,,,1,"업종코드: 514250
업종 대분류: 도매 및 소매업
업종 중분류: 도매 및 상품 중개업
업종 소분류: 기타 전문 도매업
업종 세분류: 1차 금속제품 및 금속광물 도매업
업종 세세분류 및 활동명: 금속광물 도매업
연계 KSIC 11차 코드: 46722
연계 KSIC 11차 분류명: 금속광물 도매업"
514291,G,도매 및 소매업,51,도매 및 상품 중개업,514,기타 전문 도매업,5142,1차 금속제품 및 금속광물 도매업,1차 금속제품 도매업,46721,1차 금속제품 도매업,,,,"연, 주물",1,"업종코드: 514291
업종 대분류: 도매 및 소매업
업종 중분류: 도매 및 상품 중개업
업종 소분류: 기타 전문 도매업
업종 세분류: 1차 금속제품 및 금속광물 도매업
업종 세세분류 및 활동명: 1차 금속제품 도매업
연계 KSIC 11차 코드: 46721
연계 KSIC 11차 분류명: 1차 금속제품 도매업
세부설명: 연, 주물"
514292,G,도매 및 소매업,51,도매 및 상품 중개업,514,기타 전문 도매업,5142,1차 금속제품 및 금속광물 도매업,1차 금속제품 도매업,46721,1차 금속제품 도매업,46721,1차 금속제품 도매업,2,동관 및 기타,1,"업종코드: 514292
업종 대분류: 도매 및 소매업
업종 중분류: 도매 및 상품 중개업
업종 소분류: 기타 전문 도매업
업종 세분류: 1차 금속제품 및 금속광물 도매업
업종 세세분류 및 활동명: 1차 금속제품 도매업
연계 KSIC 11차 코드: 46721
연계 KSIC 11차 분류명: 1차 금속제품 도매업
주요 연계 KSIC 코드: 46721
주요 연계 KSIC 분류명: 1차 금속제품 도매업
세부설명: 동관 및 기타"
514312,G,도매 및 소매업,51,도매 및 상품 중개업,514,"건축 자재, 철물 및 난방장치 도매업",5143,일반 건축자재 도매업,원목 및 건축관련 목제품 도매업,46611,원목 및 건축관련 목제품 도매업,,,,,1,"업종코드: 514312
업종 대분류: 도매 및 소매업
업종 중분류: 도매 및 상품 중개업
업종 소분류: 건축 자재, 철물 및 난방장치 도매업
업종 세분류: 일반 건축자재 도매업
업종 세세분류 및 활동명: 원목 및 건축관련 목제품 도매업
연계 KSIC 11차 코드: 46611
연계 KSIC 11차 분류명: 원목 및 건축관련 목제품 도매업"
514320,G,도매 및 소매업,51,도매 및 상품 중개업,514,"건축 자재, 철물 및 난방장치 도매업",5143,일반 건축자재 도매업,"골재, 벽돌 및 시멘트 도매업",46612,"골재, 벽돌 및 시멘트 도매업",46612,"골재, 벽돌 및 시멘트 도매업",2,시멘트,1,"업종코드: 514320
업종 대분류: 도매 및 소매업
업종 중분류: 도매 및 상품 중개업
업종 소분류: 건축 자재, 철물 및 난방장치 도매업
업종 세분류: 일반 건축자재 도매업
업종 세세분류 및 활동명: 골재, 벽돌 및 시멘트 도매업
연계 KSIC 11차 코드: 46612
연계 KSIC 11차 분류명: 골재, 벽돌 및 시멘트 도매업
주요 연계 KSIC 코드: 46612
주요 연계 KSIC 분류명: 골재, 벽돌 및 시멘트 도매업
세부설명: 시멘트"
514321,G,도매 및 소매업,51,도매 및 상품 중개업,514,"건축 자재, 철물 및 난방장치 도매업",5143,일반 건축자재 도매업,유리 및 창호 도매업,46613,유리 및 창호 도매업,,,,,1,"업종코드: 514321
업종 대분류: 도매 및 소매업
업종 중분류: 도매 및 상품 중개업
업종 소분류: 건축 자재, 철물 및 난방장치 도매업
업종 세분류: 일반 건축자재 도매업
업종 세세분류 및 활동명: 유리 및 창호 도매업
연계 KSIC 11차 코드: 46613
연계 KSIC 11차 분류명: 유리 및 창호 도매업"
514330,G,도매 및 소매업,51,도매 및 상품 중개업,514,"건축 자재, 철물 및 난방장치 도매업",5143,일반 건축자재 도매업,"골재, 벽돌 및 시멘트 도매업",46612,"골재, 벽돌 및 시멘트 도매업",46612,"골재, 벽돌 및 시멘트 도매업",2,골재,1,"업종코드: 514330
업종 대분류: 도매 및 소매업
업종 중분류: 도매 및 상품 중개업
업종 소분류: 건축 자재, 철물 및 난방장치 도매업
업종 세분류: 일반 건축자재 도매업
업종 세세분류 및 활동명: 골재, 벽돌 및 시멘트 도매업
연계 KSIC 11차 코드: 46612
연계 KSIC 11차 분류명: 골재, 벽돌 및 시멘트 도매업
주요 연계 KSIC 코드: 46612
주요 연계 KSIC 분류명: 골재, 벽돌 및 시멘트 도매업
세부설명: 골재"
514350,G,도매 및 소매업,51,도매 및 상품 중개업,514,"건축 자재, 철물 및 난방장치 도매업",5143,기타 건축자재 도매업,도료 도매업,46691,도료 도매업,,,,,1,"업종코드: 514350
업종 대분류: 도매 및 소매업
업종 중분류: 도매 및 상품 중개업
업종 소분류: 건축 자재, 철물 및 난방장치 도매업
업종 세분류: 기타 건축자재 도매업
업종 세세분류 및 활동명: 도료 도매업
연계 KSIC 11차 코드: 46691
연계 KSIC 11차 분류명: 도료 도매업"
514361,G,도매 및 소매업,51,도매 및 상품 중개업,514,"건축 자재, 철물 및 난방장치 도매업",5143,"냉ㆍ난방장치 및 철물, 수공구 도매업","철물, 금속 파스너 및 수공구 도매업",46622,"철물, 금속 파스너 및 수공구 도매업",,,,,1,"업종코드: 514361
업종 대분류: 도매 및 소매업
업종 중분류: 도매 및 상품 중개업
업종 소분류: 건축 자재, 철물 및 난방장치 도매업
업종 세분류: 냉ㆍ난방장치 및 철물, 수공구 도매업
업종 세세분류 및 활동명: 철물, 금속 파스너 및 수공구 도매업
연계 KSIC 11차 코드: 46622
연계 KSIC 11차 분류명: 철물, 금속 파스너 및 수공구 도매업"
514366,G,도매 및 소매업,51,도매 및 상품 중개업,514,"건축 자재, 철물 및 난방장치 도매업",5143,"냉ㆍ난방장치 및 철물, 수공구 도매업",배관 및 냉ㆍ난방장치 도매업,46621,배관 및 냉ㆍ난방장치 도매업,,,,,1,"업종코드: 514366
업종 대분류: 도매 및 소매업
업종 중분류: 도매 및 상품 중개업
업종 소분류: 건축 자재, 철물 및 난방장치 도매업
업종 세분류: 냉ㆍ난방장치 및 철물, 수공구 도매업
업종 세세분류 및 활동명: 배관 및 냉ㆍ난방장치 도매업
연계 KSIC 11차 코드: 46621
연계 KSIC 11차 분류명: 배관 및 냉ㆍ난방장치 도매업"
514370,G,도매 및 소매업,51,도매 및 상품 중개업,514,"건축 자재, 철물 및 난방장치 도매업",5143,기타 건축자재 도매업,그 외 기타 건축자재 도매업,46699,그 외 기타 건축자재 도매업,,,,조립식 건축자재 세트,1,"업종코드: 514370
업종 대분류: 도매 및 소매업
업종 중분류: 도매 및 상품 중개업
업종 소분류: 건축 자재, 철물 및 난방장치 도매업
업종 세분류: 기타 건축자재 도매업
업종 세세분류 및 활동명: 그 외 기타 건축자재 도매업
연계 KSIC 11차 코드: 46699
연계 KSIC 11차 분류명: 그 외 기타 건축자재 도매업
세부설명: 조립식 건축자재 세트"
514380,G,도매 및 소매업,51,도매 및 상품 중개업,514,"건축 자재, 철물 및 난방장치 도매업",5143,일반 건축자재 도매업,"골재, 벽돌 및 시멘트 도매업",46612,"골재, 벽돌 및 시멘트 도매업",46612,"골재, 벽돌 및 시멘트 도매업",2,벽돌,1,"업종코드: 514380
업종 대분류: 도매 및 소매업
업종 중분류: 도매 및 상품 중개업
업종 소분류: 건축 자재, 철물 및 난방장치 도매업
업종 세분류: 일반 건축자재 도매업
업종 세세분류 및 활동명: 골재, 벽돌 및 시멘트 도매업
연계 KSIC 11차 코드: 46612
연계 KSIC 11차 분류명: 골재, 벽돌 및 시멘트 도매업
주요 연계 KSIC 코드: 46612
주요 연계 KSIC 분류명: 골재, 벽돌 및 시멘트 도매업
세부설명: 벽돌"
514392,G,도매 및 소매업,51,도매 및 상품 중개업,514,"건축 자재, 철물 및 난방장치 도매업",5143,기타 건축자재 도매업,그 외 기타 건축자재 도매업,46699,그 외 기타 건축자재 도매업,,,,정화조,1,"업종코드: 514392
업종 대분류: 도매 및 소매업
업종 중분류: 도매 및 상품 중개업
업종 소분류: 건축 자재, 철물 및 난방장치 도매업
업종 세분류: 기타 건축자재 도매업
업종 세세분류 및 활동명: 그 외 기타 건축자재 도매업
연계 KSIC 11차 코드: 46699
연계 KSIC 11차 분류명: 그 외 기타 건축자재 도매업
세부설명: 정화조"
514393,G,도매 및 소매업,51,도매 및 상품 중개업,514,"건축 자재, 철물 및 난방장치 도매업",5143,기타 건축자재 도매업,그 외 기타 건축자재 도매업,46699,그 외 기타 건축자재 도매업,46699,그 외 기타 건축자재 도매업,1,,1,"업종코드: 514393
업종 대분류: 도매 및 소매업
업종 중분류: 도매 및 상품 중개업
업종 소분류: 건축 자재, 철물 및 난방장치 도매업
업종 세분류: 기타 건축자재 도매업
업종 세세분류 및 활동명: 그 외 기타 건축자재 도매업
연계 KSIC 11차 코드: 46699
연계 KSIC 11차 분류명: 그 외 기타 건축자재 도매업
주요 연계 KSIC 코드: 46699
주요 연계 KSIC 분류명: 그 외 기타 건축자재 도매업"
514911,G,도매 및 소매업,51,도매 및 상품 중개업,514,기타 전문 도매업,5149,화학 물질 및 화학제품 도매업,기타 화학 물질 및 화학제품 도매업,46739,기타 화학 물질 및 화학제품 도매업,,,,"유황, 산소",1,"업종코드: 514911
업종 대분류: 도매 및 소매업
업종 중분류: 도매 및 상품 중개업
업종 소분류: 기타 전문 도매업
업종 세분류: 화학 물질 및 화학제품 도매업
업종 세세분류 및 활동명: 기타 화학 물질 및 화학제품 도매업
연계 KSIC 11차 코드: 46739
연계 KSIC 11차 분류명: 기타 화학 물질 및 화학제품 도매업
세부설명: 유황, 산소"
514912,G,도매 및 소매업,51,도매 및 상품 중개업,514,기타 전문 도매업,5149,화학 물질 및 화학제품 도매업,기타 화학 물질 및 화학제품 도매업,46739,기타 화학 물질 및 화학제품 도매업,,,,탄산나트륨,1,"업종코드: 514912
업종 대분류: 도매 및 소매업
업종 중분류: 도매 및 상품 중개업
업종 소분류: 기타 전문 도매업
업종 세분류: 화학 물질 및 화학제품 도매업
업종 세세분류 및 활동명: 기타 화학 물질 및 화학제품 도매업
연계 KSIC 11차 코드: 46739
연계 KSIC 11차 분류명: 기타 화학 물질 및 화학제품 도매업
세부설명: 탄산나트륨"
514916,G,도매 및 소매업,51,도매 및 상품 중개업,514,기타 전문 도매업,5149,화학 물질 및 화학제품 도매업,플라스틱 물질 및 합성고무 도매업,46733,플라스틱 물질 및 합성고무 도매업,,,,생고무,1,"업종코드: 514916
업종 대분류: 도매 및 소매업
업종 중분류: 도매 및 상품 중개업
업종 소분류: 기타 전문 도매업
업종 세분류: 화학 물질 및 화학제품 도매업
업종 세세분류 및 활동명: 플라스틱 물질 및 합성고무 도매업
연계 KSIC 11차 코드: 46733
연계 KSIC 11차 분류명: 플라스틱 물질 및 합성고무 도매업
세부설명: 생고무"
514919,G,도매 및 소매업,51,도매 및 상품 중개업,514,기타 전문 도매업,5149,화학 물질 및 화학제품 도매업,기타 화학 물질 및 화학제품 도매업,46739,기타 화학 물질 및 화학제품 도매업,46739,기타 화학 물질 및 화학제품 도매업,1,,1,"업종코드: 514919
업종 대분류: 도매 및 소매업
업종 중분류: 도매 및 상품 중개업
업종 소분류: 기타 전문 도매업
업종 세분류: 화학 물질 및 화학제품 도매업
업종 세세분류 및 활동명: 기타 화학 물질 및 화학제품 도매업
연계 KSIC 11차 코드: 46739
연계 KSIC 11차 분류명: 기타 화학 물질 및 화학제품 도매업
주요 연계 KSIC 코드: 46739
주요 연계 KSIC 분류명: 기타 화학 물질 및 화학제품 도매업"
514920,G,도매 및 소매업,51,도매 및 상품 중개업,514,기타 전문 도매업,5149,화학 물질 및 화학제품 도매업,"염료, 안료 및 관련제품 도매업",46731,"염료, 안료 및 관련제품 도매업",,,,,1,"업종코드: 514920
업종 대분류: 도매 및 소매업
업종 중분류: 도매 및 상품 중개업
업종 소분류: 기타 전문 도매업
업종 세분류: 화학 물질 및 화학제품 도매업
업종 세세분류 및 활동명: 염료, 안료 및 관련제품 도매업
연계 KSIC 11차 코드: 46731
연계 KSIC 11차 분류명: 염료, 안료 및 관련제품 도매업"
514930,G,도매 및 소매업,51,도매 및 상품 중개업,514,기타 전문 도매업,5149,화학 물질 및 화학제품 도매업,비료 및 농약 도매업,46732,비료 및 농약 도매업,46732,비료 및 농약 도매업,2,비료,1,"업종코드: 514930
업종 대분류: 도매 및 소매업
업종 중분류: 도매 및 상품 중개업
업종 소분류: 기타 전문 도매업
업종 세분류: 화학 물질 및 화학제품 도매업
업종 세세분류 및 활동명: 비료 및 농약 도매업
연계 KSIC 11차 코드: 46732
연계 KSIC 11차 분류명: 비료 및 농약 도매업
주요 연계 KSIC 코드: 46732
주요 연계 KSIC 분류명: 비료 및 농약 도매업
세부설명: 비료"
514940,G,도매 및 소매업,51,도매 및 상품 중개업,514,기타 전문 도매업,5149,화학 물질 및 화학제품 도매업,비료 및 농약 도매업,46732,비료 및 농약 도매업,46732,비료 및 농약 도매업,2,농약,1,"업종코드: 514940
업종 대분류: 도매 및 소매업
업종 중분류: 도매 및 상품 중개업
업종 소분류: 기타 전문 도매업
업종 세분류: 화학 물질 및 화학제품 도매업
업종 세세분류 및 활동명: 비료 및 농약 도매업
연계 KSIC 11차 코드: 46732
연계 KSIC 11차 분류명: 비료 및 농약 도매업
주요 연계 KSIC 코드: 46732
주요 연계 KSIC 분류명: 비료 및 농약 도매업
세부설명: 농약"
514950,G,도매 및 소매업,51,도매 및 상품 중개업,514,기타 전문 도매업,5149,화학 물질 및 화학제품 도매업,플라스틱 물질 및 합성고무 도매업,46733,플라스틱 물질 및 합성고무 도매업,46733,플라스틱 물질 및 합성고무 도매업,1,,1,"업종코드: 514950
업종 대분류: 도매 및 소매업
업종 중분류: 도매 및 상품 중개업
업종 소분류: 기타 전문 도매업
업종 세분류: 화학 물질 및 화학제품 도매업
업종 세세분류 및 활동명: 플라스틱 물질 및 합성고무 도매업
연계 KSIC 11차 코드: 46733
연계 KSIC 11차 분류명: 플라스틱 물질 및 합성고무 도매업
주요 연계 KSIC 코드: 46733
주요 연계 KSIC 분류명: 플라스틱 물질 및 합성고무 도매업"
514961,G,도매 및 소매업,51,도매 및 상품 중개업,514,기타 전문 도매업,5149,"방직용 섬유, 실 및 직물 도매업",방직용 섬유 및 실 도매업,46741,방직용 섬유 및 실 도매업,,,,,1,"업종코드: 514961
업종 대분류: 도매 및 소매업
업종 중분류: 도매 및 상품 중개업
업종 소분류: 기타 전문 도매업
업종 세분류: 방직용 섬유, 실 및 직물 도매업
업종 세세분류 및 활동명: 방직용 섬유 및 실 도매업
연계 KSIC 11차 코드: 46741
연계 KSIC 11차 분류명: 방직용 섬유 및 실 도매업"
514969,G,도매 및 소매업,51,도매 및 상품 중개업,514,기타 전문 도매업,5149,"방직용 섬유, 실 및 직물 도매업",직물 도매업,46742,직물 도매업,,,,,1,"업종코드: 514969
업종 대분류: 도매 및 소매업
업종 중분류: 도매 및 상품 중개업
업종 소분류: 기타 전문 도매업
업종 세분류: 방직용 섬유, 실 및 직물 도매업
업종 세세분류 및 활동명: 직물 도매업
연계 KSIC 11차 코드: 46742
연계 KSIC 11차 분류명: 직물 도매업"
514971,G,도매 및 소매업,51,도매 및 상품 중개업,514,기타 전문 도매업,5149,재생용 재료 및 기타 상품 전문 도매업,재생용 재료 수집 및 판매업,46791,재생용 재료 수집 및 판매업,46791,재생용 재료 수집 및 판매업,1,,1,"업종코드: 514971
업종 대분류: 도매 및 소매업
업종 중분류: 도매 및 상품 중개업
업종 소분류: 기타 전문 도매업
업종 세분류: 재생용 재료 및 기타 상품 전문 도매업
업종 세세분류 및 활동명: 재생용 재료 수집 및 판매업
연계 KSIC 11차 코드: 46791
연계 KSIC 11차 분류명: 재생용 재료 수집 및 판매업
주요 연계 KSIC 코드: 46791
주요 연계 KSIC 분류명: 재생용 재료 수집 및 판매업"
514990,G,도매 및 소매업,51,도매 및 상품 중개업,514,기타 전문 도매업,5149,재생용 재료 및 기타 상품 전문 도매업,그 외 기타 상품 전문 도매업,46799,그 외 기타 상품 전문 도매업,,,,기타 산업용 중간재,1,"업종코드: 514990
업종 대분류: 도매 및 소매업
업종 중분류: 도매 및 상품 중개업
업종 소분류: 기타 전문 도매업
업종 세분류: 재생용 재료 및 기타 상품 전문 도매업
업종 세세분류 및 활동명: 그 외 기타 상품 전문 도매업
연계 KSIC 11차 코드: 46799
연계 KSIC 11차 분류명: 그 외 기타 상품 전문 도매업
세부설명: 기타 산업용 중간재"
515010,G,도매 및 소매업,51,도매 및 상품 중개업,515,기계장비 및 관련 물품 도매업,5150,기타 기계 및 장비 도매업,그 외 기타 기계 및 장비 도매업,46599,그 외 기타 기계 및 장비 도매업,46599,그 외 기타 기계 및 장비 도매업,1,,1,"업종코드: 515010
업종 대분류: 도매 및 소매업
업종 중분류: 도매 및 상품 중개업
업종 소분류: 기계장비 및 관련 물품 도매업
업종 세분류: 기타 기계 및 장비 도매업
업종 세세분류 및 활동명: 그 외 기타 기계 및 장비 도매업
연계 KSIC 11차 코드: 46599
연계 KSIC 11차 분류명: 그 외 기타 기계 및 장비 도매업
주요 연계 KSIC 코드: 46599
주요 연계 KSIC 분류명: 그 외 기타 기계 및 장비 도매업"
515020,G,도매 및 소매업,51,도매 및 상품 중개업,515,기계장비 및 관련 물품 도매업,5150,산업용 기계 및 장비 도매업,농림업용 기계 및 장비 도매업,46531,농림업용 기계 및 장비 도매업,,,,,1,"업종코드: 515020
업종 대분류: 도매 및 소매업
업종 중분류: 도매 및 상품 중개업
업종 소분류: 기계장비 및 관련 물품 도매업
업종 세분류: 산업용 기계 및 장비 도매업
업종 세세분류 및 활동명: 농림업용 기계 및 장비 도매업
연계 KSIC 11차 코드: 46531
연계 KSIC 11차 분류명: 농림업용 기계 및 장비 도매업"
515030,G,도매 및 소매업,51,도매 및 상품 중개업,515,기계장비 및 관련 물품 도매업,5150,산업용 기계 및 장비 도매업,건설ㆍ광업용 기계 및 장비 도매업,46532,건설ㆍ광업용 기계 및 장비 도매업,,,,,1,"업종코드: 515030
업종 대분류: 도매 및 소매업
업종 중분류: 도매 및 상품 중개업
업종 소분류: 기계장비 및 관련 물품 도매업
업종 세분류: 산업용 기계 및 장비 도매업
업종 세세분류 및 활동명: 건설ㆍ광업용 기계 및 장비 도매업
연계 KSIC 11차 코드: 46532
연계 KSIC 11차 분류명: 건설ㆍ광업용 기계 및 장비 도매업"
515031,G,도매 및 소매업,51,도매 및 상품 중개업,515,기계장비 및 관련 물품 도매업,5150,기타 기계 및 장비 도매업,그 외 기타 기계 및 장비 도매업,46599,그 외 기타 기계 및 장비 도매업,,,,"기중기, 호이스트",1,"업종코드: 515031
업종 대분류: 도매 및 소매업
업종 중분류: 도매 및 상품 중개업
업종 소분류: 기계장비 및 관련 물품 도매업
업종 세분류: 기타 기계 및 장비 도매업
업종 세세분류 및 활동명: 그 외 기타 기계 및 장비 도매업
연계 KSIC 11차 코드: 46599
연계 KSIC 11차 분류명: 그 외 기타 기계 및 장비 도매업
세부설명: 기중기, 호이스트"
515040,G,도매 및 소매업,51,도매 및 상품 중개업,515,기계장비 및 관련 물품 도매업,5150,산업용 기계 및 장비 도매업,공작용 기계 및 장비 도매업,46533,공작용 기계 및 장비 도매업,,,,,1,"업종코드: 515040
업종 대분류: 도매 및 소매업
업종 중분류: 도매 및 상품 중개업
업종 소분류: 기계장비 및 관련 물품 도매업
업종 세분류: 산업용 기계 및 장비 도매업
업종 세세분류 및 활동명: 공작용 기계 및 장비 도매업
연계 KSIC 11차 코드: 46533
연계 KSIC 11차 분류명: 공작용 기계 및 장비 도매업"
515050,G,도매 및 소매업,51,도매 및 상품 중개업,515,기계장비 및 관련 물품 도매업,5150,"컴퓨터 및 주변장치, 소프트웨어 도매업","컴퓨터 및 주변장치, 소프트웨어 도매업",46510,"컴퓨터 및 주변장치, 소프트웨어 도매업",,,,,1,"업종코드: 515050
업종 대분류: 도매 및 소매업
업종 중분류: 도매 및 상품 중개업
업종 소분류: 기계장비 및 관련 물품 도매업
업종 세분류: 컴퓨터 및 주변장치, 소프트웨어 도매업
업종 세세분류 및 활동명: 컴퓨터 및 주변장치, 소프트웨어 도매업
연계 KSIC 11차 코드: 46510
연계 KSIC 11차 분류명: 컴퓨터 및 주변장치, 소프트웨어 도매업"
515051,G,도매 및 소매업,51,도매 및 상품 중개업,515,기계장비 및 관련 물품 도매업,5150,기타 기계 및 장비 도매업,사무용 가구 및 기기 도매업,46591,사무용 가구 및 기기 도매업,,,,,1,"업종코드: 515051
업종 대분류: 도매 및 소매업
업종 중분류: 도매 및 상품 중개업
업종 소분류: 기계장비 및 관련 물품 도매업
업종 세분류: 기타 기계 및 장비 도매업
업종 세세분류 및 활동명: 사무용 가구 및 기기 도매업
연계 KSIC 11차 코드: 46591
연계 KSIC 11차 분류명: 사무용 가구 및 기기 도매업"
515060,G,도매 및 소매업,51,도매 및 상품 중개업,515,기계장비 및 관련 물품 도매업,5150,"가전제품, 통신장비 및 부품 도매업",통신ㆍ방송장비 및 부품 도매업,46522,통신ㆍ방송장비 및 부품 도매업,,,,,1,"업종코드: 515060
업종 대분류: 도매 및 소매업
업종 중분류: 도매 및 상품 중개업
업종 소분류: 기계장비 및 관련 물품 도매업
업종 세분류: 가전제품, 통신장비 및 부품 도매업
업종 세세분류 및 활동명: 통신ㆍ방송장비 및 부품 도매업
연계 KSIC 11차 코드: 46522
연계 KSIC 11차 분류명: 통신ㆍ방송장비 및 부품 도매업"
515070,G,도매 및 소매업,51,도매 및 상품 중개업,515,기계장비 및 관련 물품 도매업,5150,기타 기계 및 장비 도매업,전기용 기계ㆍ장비 및 관련 기자재 도매업,46595,전기용 기계ㆍ장비 및 관련 기자재 도매업,,,,,1,"업종코드: 515070
업종 대분류: 도매 및 소매업
업종 중분류: 도매 및 상품 중개업
업종 소분류: 기계장비 및 관련 물품 도매업
업종 세분류: 기타 기계 및 장비 도매업
업종 세세분류 및 활동명: 전기용 기계ㆍ장비 및 관련 기자재 도매업
연계 KSIC 11차 코드: 46595
연계 KSIC 11차 분류명: 전기용 기계ㆍ장비 및 관련 기자재 도매업"
515074,G,도매 및 소매업,51,도매 및 상품 중개업,515,기계장비 및 관련 물품 도매업,5150,기타 기계 및 장비 도매업,전지 및 케이블 도매업,46596,전지 및 케이블 도매업,,,,,1,"업종코드: 515074
업종 대분류: 도매 및 소매업
업종 중분류: 도매 및 상품 중개업
업종 소분류: 기계장비 및 관련 물품 도매업
업종 세분류: 기타 기계 및 장비 도매업
업종 세세분류 및 활동명: 전지 및 케이블 도매업
연계 KSIC 11차 코드: 46596
연계 KSIC 11차 분류명: 전지 및 케이블 도매업"
515080,G,도매 및 소매업,51,도매 및 상품 중개업,515,기계장비 및 관련 물품 도매업,5150,기타 기계 및 장비 도매업,의료 기기 도매업,46592,의료 기기 도매업,,,,,1,"업종코드: 515080
업종 대분류: 도매 및 소매업
업종 중분류: 도매 및 상품 중개업
업종 소분류: 기계장비 및 관련 물품 도매업
업종 세분류: 기타 기계 및 장비 도매업
업종 세세분류 및 활동명: 의료 기기 도매업
연계 KSIC 11차 코드: 46592
연계 KSIC 11차 분류명: 의료 기기 도매업"
515081,G,도매 및 소매업,51,도매 및 상품 중개업,515,기계장비 및 관련 물품 도매업,5150,기타 기계 및 장비 도매업,정밀 기기 및 과학 기기 도매업,46593,정밀 기기 및 과학 기기 도매업,,,,,1,"업종코드: 515081
업종 대분류: 도매 및 소매업
업종 중분류: 도매 및 상품 중개업
업종 소분류: 기계장비 및 관련 물품 도매업
업종 세분류: 기타 기계 및 장비 도매업
업종 세세분류 및 활동명: 정밀 기기 및 과학 기기 도매업
연계 KSIC 11차 코드: 46593
연계 KSIC 11차 분류명: 정밀 기기 및 과학 기기 도매업"
515090,G,도매 및 소매업,51,도매 및 상품 중개업,515,기계장비 및 관련 물품 도매업,5150,산업용 기계 및 장비 도매업,기타 산업용 기계 및 장비 도매업,46539,기타 산업용 기계 및 장비 도매업,,,,,1,"업종코드: 515090
업종 대분류: 도매 및 소매업
업종 중분류: 도매 및 상품 중개업
업종 소분류: 기계장비 및 관련 물품 도매업
업종 세분류: 산업용 기계 및 장비 도매업
업종 세세분류 및 활동명: 기타 산업용 기계 및 장비 도매업
연계 KSIC 11차 코드: 46539
연계 KSIC 11차 분류명: 기타 산업용 기계 및 장비 도매업"
515093,G,도매 및 소매업,51,도매 및 상품 중개업,515,생활용품 도매업,5150,"음반 및 비디오물, 악기, 오락 및 경기용품 도매업",자전거 및 기타 운송장비 도매업,46465,자전거 및 기타 운송장비 도매업,,,,"리어카, 휠체어",1,"업종코드: 515093
업종 대분류: 도매 및 소매업
업종 중분류: 도매 및 상품 중개업
업종 소분류: 생활용품 도매업
업종 세분류: 음반 및 비디오물, 악기, 오락 및 경기용품 도매업
업종 세세분류 및 활동명: 자전거 및 기타 운송장비 도매업
연계 KSIC 11차 코드: 46465
연계 KSIC 11차 분류명: 자전거 및 기타 운송장비 도매업
세부설명: 리어카, 휠체어"
515094,G,도매 및 소매업,51,도매 및 상품 중개업,515,기계장비 및 관련 물품 도매업,5150,기타 기계 및 장비 도매업,수송용 운송장비 도매업,46594,수송용 운송장비 도매업,,,,,1,"업종코드: 515094
업종 대분류: 도매 및 소매업
업종 중분류: 도매 및 상품 중개업
업종 소분류: 기계장비 및 관련 물품 도매업
업종 세분류: 기타 기계 및 장비 도매업
업종 세세분류 및 활동명: 수송용 운송장비 도매업
연계 KSIC 11차 코드: 46594
연계 KSIC 11차 분류명: 수송용 운송장비 도매업"
519111,G,도매 및 소매업,51,도매 및 상품 중개업,519,상품 종합 도매업,5191,상품 종합 도매업,상품 종합 도매업,46800,상품 종합 도매업,,,,"직수출, 대행(위탁)수출",1,"업종코드: 519111
업종 대분류: 도매 및 소매업
업종 중분류: 도매 및 상품 중개업
업종 소분류: 상품 종합 도매업
업종 세분류: 상품 종합 도매업
업종 세세분류 및 활동명: 상품 종합 도매업
연계 KSIC 11차 코드: 46800
연계 KSIC 11차 분류명: 상품 종합 도매업
세부설명: 직수출, 대행(위탁)수출"
519112,G,도매 및 소매업,51,도매 및 상품 중개업,519,상품 종합 도매업,5191,상품 종합 도매업,상품 종합 도매업,46800,상품 종합 도매업,,,,수입한 산업용 재화 도소매,1,"업종코드: 519112
업종 대분류: 도매 및 소매업
업종 중분류: 도매 및 상품 중개업
업종 소분류: 상품 종합 도매업
업종 세분류: 상품 종합 도매업
업종 세세분류 및 활동명: 상품 종합 도매업
연계 KSIC 11차 코드: 46800
연계 KSIC 11차 분류명: 상품 종합 도매업
세부설명: 수입한 산업용 재화 도소매"
519113,G,도매 및 소매업,51,도매 및 상품 중개업,519,상품 종합 도매업,5191,상품 종합 도매업,상품 종합 도매업,46800,상품 종합 도매업,,,,수입한 기타 물품 도소매,1,"업종코드: 519113
업종 대분류: 도매 및 소매업
업종 중분류: 도매 및 상품 중개업
업종 소분류: 상품 종합 도매업
업종 세분류: 상품 종합 도매업
업종 세세분류 및 활동명: 상품 종합 도매업
연계 KSIC 11차 코드: 46800
연계 KSIC 11차 분류명: 상품 종합 도매업
세부설명: 수입한 기타 물품 도소매"
519910,G,도매 및 소매업,51,도매 및 상품 중개업,519,상품 종합 도매업,5199,상품 종합 도매업,상품 종합 도매업,46800,상품 종합 도매업,46800,상품 종합 도매업,1,,1,"업종코드: 519910
업종 대분류: 도매 및 소매업
업종 중분류: 도매 및 상품 중개업
업종 소분류: 상품 종합 도매업
업종 세분류: 상품 종합 도매업
업종 세세분류 및 활동명: 상품 종합 도매업
연계 KSIC 11차 코드: 46800
연계 KSIC 11차 분류명: 상품 종합 도매업
주요 연계 KSIC 코드: 46800
주요 연계 KSIC 분류명: 상품 종합 도매업"
519991,G,도매 및 소매업,51,도매 및 상품 중개업,519,생활용품 도매업,5199,"음반 및 비디오물, 악기, 오락 및 경기용품 도매업","장난감 및 취미, 오락용품 도매업",46463,"장난감 및 취미, 오락용품 도매업",,,,"휘, 트로피, 페난트, 뺏지, 메달 등",1,"업종코드: 519991
업종 대분류: 도매 및 소매업
업종 중분류: 도매 및 상품 중개업
업종 소분류: 생활용품 도매업
업종 세분류: 음반 및 비디오물, 악기, 오락 및 경기용품 도매업
업종 세세분류 및 활동명: 장난감 및 취미, 오락용품 도매업
연계 KSIC 11차 코드: 46463
연계 KSIC 11차 분류명: 장난감 및 취미, 오락용품 도매업
세부설명: 휘, 트로피, 페난트, 뺏지, 메달 등"
519992,G,도매 및 소매업,51,도매 및 상품 중개업,519,기타 전문 도매업,5199,재생용 재료 및 기타 상품 전문 도매업,그 외 기타 상품 전문 도매업,46799,그 외 기타 상품 전문 도매업,46799,그 외 기타 상품 전문 도매업,1,,1,"업종코드: 519992
업종 대분류: 도매 및 소매업
업종 중분류: 도매 및 상품 중개업
업종 소분류: 기타 전문 도매업
업종 세분류: 재생용 재료 및 기타 상품 전문 도매업
업종 세세분류 및 활동명: 그 외 기타 상품 전문 도매업
연계 KSIC 11차 코드: 46799
연계 KSIC 11차 분류명: 그 외 기타 상품 전문 도매업
주요 연계 KSIC 코드: 46799
주요 연계 KSIC 분류명: 그 외 기타 상품 전문 도매업"
521100,G,도매 및 소매업,52,소매업; 자동차 제외,521,종합 소매업,5211,음ㆍ식료품 위주 종합 소매업,슈퍼마켓,47121,슈퍼마켓,,,,,1,"업종코드: 521100
업종 대분류: 도매 및 소매업
업종 중분류: 소매업; 자동차 제외
업종 소분류: 종합 소매업
업종 세분류: 음ㆍ식료품 위주 종합 소매업
업종 세세분류 및 활동명: 슈퍼마켓
연계 KSIC 11차 코드: 47121
연계 KSIC 11차 분류명: 슈퍼마켓"
521910,G,도매 및 소매업,52,소매업; 자동차 제외,521,종합 소매업,5219,대형 종합 소매업,백화점,47111,백화점,,,,,1,"업종코드: 521910
업종 대분류: 도매 및 소매업
업종 중분류: 소매업; 자동차 제외
업종 소분류: 종합 소매업
업종 세분류: 대형 종합 소매업
업종 세세분류 및 활동명: 백화점
연계 KSIC 11차 코드: 47111
연계 KSIC 11차 분류명: 백화점"
521911,G,도매 및 소매업,52,소매업; 자동차 제외,521,종합 소매업,5219,대형 종합 소매업,기타 대형 종합 소매업,47119,기타 대형 종합 소매업,,,,,1,"업종코드: 521911
업종 대분류: 도매 및 소매업
업종 중분류: 소매업; 자동차 제외
업종 소분류: 종합 소매업
업종 세분류: 대형 종합 소매업
업종 세세분류 및 활동명: 기타 대형 종합 소매업
연계 KSIC 11차 코드: 47119
연계 KSIC 11차 분류명: 기타 대형 종합 소매업"
521912,G,도매 및 소매업,52,소매업; 자동차 제외,521,종합 소매업,5219,대형 종합 소매업,대형 마트,47112,대형 마트,,,,,1,"업종코드: 521912
업종 대분류: 도매 및 소매업
업종 중분류: 소매업; 자동차 제외
업종 소분류: 종합 소매업
업종 세분류: 대형 종합 소매업
업종 세세분류 및 활동명: 대형 마트
연계 KSIC 11차 코드: 47112
연계 KSIC 11차 분류명: 대형 마트"
521913,G,도매 및 소매업,52,소매업; 자동차 제외,521,종합 소매업,5219,면세점,면세점,47130,면세점,,,,,1,"업종코드: 521913
업종 대분류: 도매 및 소매업
업종 중분류: 소매업; 자동차 제외
업종 소분류: 종합 소매업
업종 세분류: 면세점
업종 세세분류 및 활동명: 면세점
연계 KSIC 11차 코드: 47130
연계 KSIC 11차 분류명: 면세점"
521991,G,도매 및 소매업,52,소매업; 자동차 제외,521,종합 소매업,5219,그 외 기타 종합 소매업,그 외 기타 종합 소매업,47190,그 외 기타 종합 소매업,,,,,1,"업종코드: 521991
업종 대분류: 도매 및 소매업
업종 중분류: 소매업; 자동차 제외
업종 소분류: 종합 소매업
업종 세분류: 그 외 기타 종합 소매업
업종 세세분류 및 활동명: 그 외 기타 종합 소매업
연계 KSIC 11차 코드: 47190
연계 KSIC 11차 분류명: 그 외 기타 종합 소매업"
521992,G,도매 및 소매업,52,소매업; 자동차 제외,521,종합 소매업,5219,음ㆍ식료품 위주 종합 소매업,체인화 편의점,47122,체인화 편의점,,,,,1,"업종코드: 521992
업종 대분류: 도매 및 소매업
업종 중분류: 소매업; 자동차 제외
업종 소분류: 종합 소매업
업종 세분류: 음ㆍ식료품 위주 종합 소매업
업종 세세분류 및 활동명: 체인화 편의점
연계 KSIC 11차 코드: 47122
연계 KSIC 11차 분류명: 체인화 편의점"
522011,G,도매 및 소매업,52,소매업; 자동차 제외,522,음ㆍ식료품 및 담배 소매업,5220,신선식품 및 단순 가공식품 소매업,"곡물, 곡분 및 가축 사료 소매업",47211,"곡물, 곡분 및 가축 사료 소매업",47211,"곡물, 곡분 및 가축 사료 소매업",1,,1,"업종코드: 522011
업종 대분류: 도매 및 소매업
업종 중분류: 소매업; 자동차 제외
업종 소분류: 음ㆍ식료품 및 담배 소매업
업종 세분류: 신선식품 및 단순 가공식품 소매업
업종 세세분류 및 활동명: 곡물, 곡분 및 가축 사료 소매업
연계 KSIC 11차 코드: 47211
연계 KSIC 11차 분류명: 곡물, 곡분 및 가축 사료 소매업
주요 연계 KSIC 코드: 47211
주요 연계 KSIC 분류명: 곡물, 곡분 및 가축 사료 소매업"
522012,G,도매 및 소매업,52,소매업; 자동차 제외,522,음ㆍ식료품 및 담배 소매업,5220,신선식품 및 단순 가공식품 소매업,"곡물, 곡분 및 가축 사료 소매업",47211,"곡물, 곡분 및 가축 사료 소매업",,,,가축용사료,1,"업종코드: 522012
업종 대분류: 도매 및 소매업
업종 중분류: 소매업; 자동차 제외
업종 소분류: 음ㆍ식료품 및 담배 소매업
업종 세분류: 신선식품 및 단순 가공식품 소매업
업종 세세분류 및 활동명: 곡물, 곡분 및 가축 사료 소매업
연계 KSIC 11차 코드: 47211
연계 KSIC 11차 분류명: 곡물, 곡분 및 가축 사료 소매업
세부설명: 가축용사료"
522020,G,도매 및 소매업,52,소매업; 자동차 제외,522,음ㆍ식료품 및 담배 소매업,5220,신선식품 및 단순 가공식품 소매업,육류 소매업,47212,육류 소매업,,,,,1,"업종코드: 522020
업종 대분류: 도매 및 소매업
업종 중분류: 소매업; 자동차 제외
업종 소분류: 음ㆍ식료품 및 담배 소매업
업종 세분류: 신선식품 및 단순 가공식품 소매업
업종 세세분류 및 활동명: 육류 소매업
연계 KSIC 11차 코드: 47212
연계 KSIC 11차 분류명: 육류 소매업"
522031,G,도매 및 소매업,52,소매업; 자동차 제외,522,음ㆍ식료품 및 담배 소매업,5220,신선식품 및 단순 가공식품 소매업,"신선, 냉동 및 기타 수산물 소매업",47214,"신선, 냉동 및 기타 수산물 소매업",,,,,1,"업종코드: 522031
업종 대분류: 도매 및 소매업
업종 중분류: 소매업; 자동차 제외
업종 소분류: 음ㆍ식료품 및 담배 소매업
업종 세분류: 신선식품 및 단순 가공식품 소매업
업종 세세분류 및 활동명: 신선, 냉동 및 기타 수산물 소매업
연계 KSIC 11차 코드: 47214
연계 KSIC 11차 분류명: 신선, 냉동 및 기타 수산물 소매업"
522039,G,도매 및 소매업,52,소매업; 자동차 제외,522,음ㆍ식료품 및 담배 소매업,5220,신선식품 및 단순 가공식품 소매업,건어물 및 젓갈류 소매업,47213,건어물 및 젓갈류 소매업,,,,,1,"업종코드: 522039
업종 대분류: 도매 및 소매업
업종 중분류: 소매업; 자동차 제외
업종 소분류: 음ㆍ식료품 및 담배 소매업
업종 세분류: 신선식품 및 단순 가공식품 소매업
업종 세세분류 및 활동명: 건어물 및 젓갈류 소매업
연계 KSIC 11차 코드: 47213
연계 KSIC 11차 분류명: 건어물 및 젓갈류 소매업"
522040,G,도매 및 소매업,52,소매업; 자동차 제외,522,음ㆍ식료품 및 담배 소매업,5220,신선식품 및 단순 가공식품 소매업,"채소, 과실 및 뿌리작물 소매업",47215,"채소, 과실 및 뿌리작물 소매업",47215,"채소, 과실 및 뿌리작물 소매업",2,채소 및 뿌리작물,1,"업종코드: 522040
업종 대분류: 도매 및 소매업
업종 중분류: 소매업; 자동차 제외
업종 소분류: 음ㆍ식료품 및 담배 소매업
업종 세분류: 신선식품 및 단순 가공식품 소매업
업종 세세분류 및 활동명: 채소, 과실 및 뿌리작물 소매업
연계 KSIC 11차 코드: 47215
연계 KSIC 11차 분류명: 채소, 과실 및 뿌리작물 소매업
주요 연계 KSIC 코드: 47215
주요 연계 KSIC 분류명: 채소, 과실 및 뿌리작물 소매업
세부설명: 채소 및 뿌리작물"
522050,G,도매 및 소매업,52,소매업; 자동차 제외,522,음ㆍ식료품 및 담배 소매업,5220,신선식품 및 단순 가공식품 소매업,"채소, 과실 및 뿌리작물 소매업",47215,"채소, 과실 및 뿌리작물 소매업",47215,"채소, 과실 및 뿌리작물 소매업",2,과실,1,"업종코드: 522050
업종 대분류: 도매 및 소매업
업종 중분류: 소매업; 자동차 제외
업종 소분류: 음ㆍ식료품 및 담배 소매업
업종 세분류: 신선식품 및 단순 가공식품 소매업
업종 세세분류 및 활동명: 채소, 과실 및 뿌리작물 소매업
연계 KSIC 11차 코드: 47215
연계 KSIC 11차 분류명: 채소, 과실 및 뿌리작물 소매업
주요 연계 KSIC 코드: 47215
주요 연계 KSIC 분류명: 채소, 과실 및 뿌리작물 소매업
세부설명: 과실"
522061,G,도매 및 소매업,52,소매업; 자동차 제외,522,음ㆍ식료품 및 담배 소매업,5220,가공식품 소매업,"빵류, 과자류 및 당류 소매업",47221,"빵류, 과자류 및 당류 소매업",47221,"빵류, 과자류 및 당류 소매업",1,,1,"업종코드: 522061
업종 대분류: 도매 및 소매업
업종 중분류: 소매업; 자동차 제외
업종 소분류: 음ㆍ식료품 및 담배 소매업
업종 세분류: 가공식품 소매업
업종 세세분류 및 활동명: 빵류, 과자류 및 당류 소매업
연계 KSIC 11차 코드: 47221
연계 KSIC 11차 분류명: 빵류, 과자류 및 당류 소매업
주요 연계 KSIC 코드: 47221
주요 연계 KSIC 분류명: 빵류, 과자류 및 당류 소매업"
522062,G,도매 및 소매업,52,소매업; 자동차 제외,522,음ㆍ식료품 및 담배 소매업,5220,가공식품 소매업,"빵류, 과자류 및 당류 소매업",47221,"빵류, 과자류 및 당류 소매업",,,,설탕,1,"업종코드: 522062
업종 대분류: 도매 및 소매업
업종 중분류: 소매업; 자동차 제외
업종 소분류: 음ㆍ식료품 및 담배 소매업
업종 세분류: 가공식품 소매업
업종 세세분류 및 활동명: 빵류, 과자류 및 당류 소매업
연계 KSIC 11차 코드: 47221
연계 KSIC 11차 분류명: 빵류, 과자류 및 당류 소매업
세부설명: 설탕"
522063,G,도매 및 소매업,52,소매업; 자동차 제외,522,음ㆍ식료품 및 담배 소매업,5220,신선식품 및 단순 가공식품 소매업 | 가공식품 소매업,기타 신선식품 및 단순 가공식품 소매업 | 기타 가공식품 소매업,47219 | 47229,기타 신선식품 및 단순 가공식품 소매업 | 기타 가공식품 소매업,,,,제조하여 소매,2,"업종코드: 522063
업종 대분류: 도매 및 소매업
업종 중분류: 소매업; 자동차 제외
업종 소분류: 음ㆍ식료품 및 담배 소매업
업종 세분류: 신선식품 및 단순 가공식품 소매업 | 가공식품 소매업
업종 세세분류 및 활동명: 기타 신선식품 및 단순 가공식품 소매업 | 기타 가공식품 소매업
연계 KSIC 11차 코드: 47219 | 47229
연계 KSIC 11차 분류명: 기타 신선식품 및 단순 가공식품 소매업 | 기타 가공식품 소매업
세부설명: 제조하여 소매"
522071,G,도매 및 소매업,52,소매업; 자동차 제외,522,종합 소매업,5220,음ㆍ식료품 위주 종합 소매업,기타 음ㆍ식료품 위주 종합 소매업,47129,기타 음ㆍ식료품 위주 종합 소매업,,,,,1,"업종코드: 522071
업종 대분류: 도매 및 소매업
업종 중분류: 소매업; 자동차 제외
업종 소분류: 종합 소매업
업종 세분류: 음ㆍ식료품 위주 종합 소매업
업종 세세분류 및 활동명: 기타 음ㆍ식료품 위주 종합 소매업
연계 KSIC 11차 코드: 47129
연계 KSIC 11차 분류명: 기타 음ㆍ식료품 위주 종합 소매업"
522080,G,도매 및 소매업,52,소매업; 자동차 제외,522,음ㆍ식료품 및 담배 소매업,5220,음료 및 담배 소매업,담배 소매업,47232,담배 소매업,,,,,1,"업종코드: 522080
업종 대분류: 도매 및 소매업
업종 중분류: 소매업; 자동차 제외
업종 소분류: 음ㆍ식료품 및 담배 소매업
업종 세분류: 음료 및 담배 소매업
업종 세세분류 및 활동명: 담배 소매업
연계 KSIC 11차 코드: 47232
연계 KSIC 11차 분류명: 담배 소매업"
522081,G,도매 및 소매업,52,소매업; 자동차 제외,522,기타 생활용품 소매업,5220,그 외 기타 가정용품 소매업,그 외 기타 분류 안된 가정용품 소매업,47599,그 외 기타 분류 안된 가정용품 소매업,,,,쓰레기봉투,1,"업종코드: 522081
업종 대분류: 도매 및 소매업
업종 중분류: 소매업; 자동차 제외
업종 소분류: 기타 생활용품 소매업
업종 세분류: 그 외 기타 가정용품 소매업
업종 세세분류 및 활동명: 그 외 기타 분류 안된 가정용품 소매업
연계 KSIC 11차 코드: 47599
연계 KSIC 11차 분류명: 그 외 기타 분류 안된 가정용품 소매업
세부설명: 쓰레기봉투"
522082,R,"예술, 스포츠 및 여가관련 서비스업",52,스포츠 및 오락관련 서비스업,522,유원지 및 기타 오락관련 서비스업,5220,사행시설 관리 및 운영업,복권 발행 및 판매업,91241,복권 발행 및 판매업,91241,복권 발행 및 판매업,2,복권(소매),1,"업종코드: 522082
업종 대분류: 예술, 스포츠 및 여가관련 서비스업
업종 중분류: 스포츠 및 오락관련 서비스업
업종 소분류: 유원지 및 기타 오락관련 서비스업
업종 세분류: 사행시설 관리 및 운영업
업종 세세분류 및 활동명: 복권 발행 및 판매업
연계 KSIC 11차 코드: 91241
연계 KSIC 11차 분류명: 복권 발행 및 판매업
주요 연계 KSIC 코드: 91241
주요 연계 KSIC 분류명: 복권 발행 및 판매업
세부설명: 복권(소매)"
522091,G,도매 및 소매업,52,소매업; 자동차 제외,522,음ㆍ식료품 및 담배 소매업,5220,가공식품 소매업,건강 보조식품 소매업,47222,건강 보조식품 소매업,,,,홍삼과 홍삼제품,1,"업종코드: 522091
업종 대분류: 도매 및 소매업
업종 중분류: 소매업; 자동차 제외
업종 소분류: 음ㆍ식료품 및 담배 소매업
업종 세분류: 가공식품 소매업
업종 세세분류 및 활동명: 건강 보조식품 소매업
연계 KSIC 11차 코드: 47222
연계 KSIC 11차 분류명: 건강 보조식품 소매업
세부설명: 홍삼과 홍삼제품"
522092,G,도매 및 소매업,52,소매업; 자동차 제외,522,기타 상품 전문 소매업,5220,그 외 기타 상품 전문 소매업,그 외 기타 분류 안된 상품 전문 소매업,47859,그 외 기타 분류 안된 상품 전문 소매업,,,,인삼제품,1,"업종코드: 522092
업종 대분류: 도매 및 소매업
업종 중분류: 소매업; 자동차 제외
업종 소분류: 기타 상품 전문 소매업
업종 세분류: 그 외 기타 상품 전문 소매업
업종 세세분류 및 활동명: 그 외 기타 분류 안된 상품 전문 소매업
연계 KSIC 11차 코드: 47859
연계 KSIC 11차 분류명: 그 외 기타 분류 안된 상품 전문 소매업
세부설명: 인삼제품"
522093,G,도매 및 소매업,52,소매업; 자동차 제외,522,음료 소매업,5220,음료 및 담배 소매업,음료 소매업,47231,음료 소매업,,,,얼음,1,"업종코드: 522093
업종 대분류: 도매 및 소매업
업종 중분류: 소매업; 자동차 제외
업종 소분류: 음료 소매업
업종 세분류: 음료 및 담배 소매업
업종 세세분류 및 활동명: 음료 소매업
연계 KSIC 11차 코드: 47231
연계 KSIC 11차 분류명: 음료 소매업
세부설명: 얼음"
522094,G,도매 및 소매업,52,소매업; 자동차 제외,522,음료 소매업,5220,음료 및 담배 소매업,음료 소매업,47231,음료 소매업,,,,알콜성음료,1,"업종코드: 522094
업종 대분류: 도매 및 소매업
업종 중분류: 소매업; 자동차 제외
업종 소분류: 음료 소매업
업종 세분류: 음료 및 담배 소매업
업종 세세분류 및 활동명: 음료 소매업
연계 KSIC 11차 코드: 47231
연계 KSIC 11차 분류명: 음료 소매업
세부설명: 알콜성음료"
522095,G,도매 및 소매업,52,소매업; 자동차 제외,522,음료 소매업,5220,음료 및 담배 소매업,음료 소매업,47231,음료 소매업,47231,음료 소매업,1,,1,"업종코드: 522095
업종 대분류: 도매 및 소매업
업종 중분류: 소매업; 자동차 제외
업종 소분류: 음료 소매업
업종 세분류: 음료 및 담배 소매업
업종 세세분류 및 활동명: 음료 소매업
연계 KSIC 11차 코드: 47231
연계 KSIC 11차 분류명: 음료 소매업
주요 연계 KSIC 코드: 47231
주요 연계 KSIC 분류명: 음료 소매업"
522096,G,도매 및 소매업,52,소매업; 자동차 제외,522,음ㆍ식료품 및 담배 소매업,5220,신선식품 및 단순 가공식품 소매업 | 가공식품 소매업,기타 신선식품 및 단순 가공식품 소매업 | 기타 가공식품 소매업,47219 | 47229,기타 신선식품 및 단순 가공식품 소매업 | 기타 가공식품 소매업,47219 | 47229,기타 신선식품 및 단순 가공식품 소매업 | 기타 가공식품 소매업,1,,2,"업종코드: 522096
업종 대분류: 도매 및 소매업
업종 중분류: 소매업; 자동차 제외
업종 소분류: 음ㆍ식료품 및 담배 소매업
업종 세분류: 신선식품 및 단순 가공식품 소매업 | 가공식품 소매업
업종 세세분류 및 활동명: 기타 신선식품 및 단순 가공식품 소매업 | 기타 가공식품 소매업
연계 KSIC 11차 코드: 47219 | 47229
연계 KSIC 11차 분류명: 기타 신선식품 및 단순 가공식품 소매업 | 기타 가공식품 소매업
주요 연계 KSIC 코드: 47219 | 47229
주요 연계 KSIC 분류명: 기타 신선식품 및 단순 가공식품 소매업 | 기타 가공식품 소매업"
522098,G,도매 및 소매업,52,소매업; 자동차 제외,522,음료 소매업,5220,음료 및 담배 소매업,음료 소매업,47231,음료 소매업,,,,우유,1,"업종코드: 522098
업종 대분류: 도매 및 소매업
업종 중분류: 소매업; 자동차 제외
업종 소분류: 음료 소매업
업종 세분류: 음료 및 담배 소매업
업종 세세분류 및 활동명: 음료 소매업
연계 KSIC 11차 코드: 47231
연계 KSIC 11차 분류명: 음료 소매업
세부설명: 우유"
522099,G,도매 및 소매업,52,소매업; 자동차 제외,522,음료 소매업,5220,음료 및 담배 소매업,음료 소매업,47231,음료 소매업,,,,자기명의 외판원 수수료,1,"업종코드: 522099
업종 대분류: 도매 및 소매업
업종 중분류: 소매업; 자동차 제외
업종 소분류: 음료 소매업
업종 세분류: 음료 및 담배 소매업
업종 세세분류 및 활동명: 음료 소매업
연계 KSIC 11차 코드: 47231
연계 KSIC 11차 분류명: 음료 소매업
세부설명: 자기명의 외판원 수수료"
522101,G,도매 및 소매업,52,소매업; 자동차 제외,522,음ㆍ식료품 및 담배 소매업,5221,가공식품 소매업,건강 보조식품 소매업,47222,건강 보조식품 소매업,47222,건강 보조식품 소매업,1,,1,"업종코드: 522101
업종 대분류: 도매 및 소매업
업종 중분류: 소매업; 자동차 제외
업종 소분류: 음ㆍ식료품 및 담배 소매업
업종 세분류: 가공식품 소매업
업종 세세분류 및 활동명: 건강 보조식품 소매업
연계 KSIC 11차 코드: 47222
연계 KSIC 11차 분류명: 건강 보조식품 소매업
주요 연계 KSIC 코드: 47222
주요 연계 KSIC 분류명: 건강 보조식품 소매업"
522105,G,도매 및 소매업,52,소매업; 자동차 제외,522,기타 상품 전문 소매업,5221,그 외 기타 상품 전문 소매업,그 외 기타 분류 안된 상품 전문 소매업,47859,그 외 기타 분류 안된 상품 전문 소매업,,,,한약업사,1,"업종코드: 522105
업종 대분류: 도매 및 소매업
업종 중분류: 소매업; 자동차 제외
업종 소분류: 기타 상품 전문 소매업
업종 세분류: 그 외 기타 상품 전문 소매업
업종 세세분류 및 활동명: 그 외 기타 분류 안된 상품 전문 소매업
연계 KSIC 11차 코드: 47859
연계 KSIC 11차 분류명: 그 외 기타 분류 안된 상품 전문 소매업
세부설명: 한약업사"
522109,G,도매 및 소매업,52,소매업; 자동차 제외,522,음ㆍ식료품 및 담배 소매업,5221,가공식품 소매업,조리 반찬류 소매업,47223,조리 반찬류 소매업,,,,,1,"업종코드: 522109
업종 대분류: 도매 및 소매업
업종 중분류: 소매업; 자동차 제외
업종 소분류: 음ㆍ식료품 및 담배 소매업
업종 세분류: 가공식품 소매업
업종 세세분류 및 활동명: 조리 반찬류 소매업
연계 KSIC 11차 코드: 47223
연계 KSIC 11차 분류명: 조리 반찬류 소매업"
523111,G,도매 및 소매업,52,소매업; 자동차 제외,523,기타 상품 전문 소매업,5231,"의약품, 의료용 기구, 화장품 및 방향제 소매업",의약품 및 의료용품 소매업,47811,의약품 및 의료용품 소매업,47811,의약품 및 의료용품 소매업,2,의약품,1,"업종코드: 523111
업종 대분류: 도매 및 소매업
업종 중분류: 소매업; 자동차 제외
업종 소분류: 기타 상품 전문 소매업
업종 세분류: 의약품, 의료용 기구, 화장품 및 방향제 소매업
업종 세세분류 및 활동명: 의약품 및 의료용품 소매업
연계 KSIC 11차 코드: 47811
연계 KSIC 11차 분류명: 의약품 및 의료용품 소매업
주요 연계 KSIC 코드: 47811
주요 연계 KSIC 분류명: 의약품 및 의료용품 소매업
세부설명: 의약품"
523114,G,도매 및 소매업,52,소매업; 자동차 제외,523,기타 상품 전문 소매업,5231,"의약품, 의료용 기구, 화장품 및 방향제 소매업",의약품 및 의료용품 소매업,47811,의약품 및 의료용품 소매업,,,,한약소매 등,1,"업종코드: 523114
업종 대분류: 도매 및 소매업
업종 중분류: 소매업; 자동차 제외
업종 소분류: 기타 상품 전문 소매업
업종 세분류: 의약품, 의료용 기구, 화장품 및 방향제 소매업
업종 세세분류 및 활동명: 의약품 및 의료용품 소매업
연계 KSIC 11차 코드: 47811
연계 KSIC 11차 분류명: 의약품 및 의료용품 소매업
세부설명: 한약소매 등"
523116,G,도매 및 소매업,52,소매업; 자동차 제외,523,기타 상품 전문 소매업,5231,"의약품, 의료용 기구, 화장품 및 방향제 소매업",의약품 및 의료용품 소매업,47811,의약품 및 의료용품 소매업,47811,의약품 및 의료용품 소매업,2,의료용품,1,"업종코드: 523116
업종 대분류: 도매 및 소매업
업종 중분류: 소매업; 자동차 제외
업종 소분류: 기타 상품 전문 소매업
업종 세분류: 의약품, 의료용 기구, 화장품 및 방향제 소매업
업종 세세분류 및 활동명: 의약품 및 의료용품 소매업
연계 KSIC 11차 코드: 47811
연계 KSIC 11차 분류명: 의약품 및 의료용품 소매업
주요 연계 KSIC 코드: 47811
주요 연계 KSIC 분류명: 의약품 및 의료용품 소매업
세부설명: 의료용품"
523120,G,도매 및 소매업,52,소매업; 자동차 제외,523,기타 상품 전문 소매업,5231,"의약품, 의료용 기구, 화장품 및 방향제 소매업",의료용 기구 소매업,47812,의료용 기구 소매업,,,,,1,"업종코드: 523120
업종 대분류: 도매 및 소매업
업종 중분류: 소매업; 자동차 제외
업종 소분류: 기타 상품 전문 소매업
업종 세분류: 의약품, 의료용 기구, 화장품 및 방향제 소매업
업종 세세분류 및 활동명: 의료용 기구 소매업
연계 KSIC 11차 코드: 47812
연계 KSIC 11차 분류명: 의료용 기구 소매업"
523131,G,도매 및 소매업,52,소매업; 자동차 제외,523,기타 상품 전문 소매업,5231,"의약품, 의료용 기구, 화장품 및 방향제 소매업","화장품, 비누 및 방향제 소매업",47813,"화장품, 비누 및 방향제 소매업",,,,,1,"업종코드: 523131
업종 대분류: 도매 및 소매업
업종 중분류: 소매업; 자동차 제외
업종 소분류: 기타 상품 전문 소매업
업종 세분류: 의약품, 의료용 기구, 화장품 및 방향제 소매업
업종 세세분류 및 활동명: 화장품, 비누 및 방향제 소매업
연계 KSIC 11차 코드: 47813
연계 KSIC 11차 분류명: 화장품, 비누 및 방향제 소매업"
523132,G,도매 및 소매업,52,소매업; 자동차 제외,523,무점포 소매업,5231,기타 무점포 소매업,방문 판매업,47993,방문 판매업,47993,방문 판매업,2,자기명의의 화장품 외판원,1,"업종코드: 523132
업종 대분류: 도매 및 소매업
업종 중분류: 소매업; 자동차 제외
업종 소분류: 무점포 소매업
업종 세분류: 기타 무점포 소매업
업종 세세분류 및 활동명: 방문 판매업
연계 KSIC 11차 코드: 47993
연계 KSIC 11차 분류명: 방문 판매업
주요 연계 KSIC 코드: 47993
주요 연계 KSIC 분류명: 방문 판매업
세부설명: 자기명의의 화장품 외판원"
523211,G,도매 및 소매업,52,소매업; 자동차 제외,523,"섬유, 의복, 신발 및 가죽제품 소매업",5232,"섬유, 직물 및 의복 액세서리 소매업","섬유 원단, 실 및 기타 섬유제품 소매업",47429,"섬유 원단, 실 및 기타 섬유제품 소매업",,,,한복지,1,"업종코드: 523211
업종 대분류: 도매 및 소매업
업종 중분류: 소매업; 자동차 제외
업종 소분류: 섬유, 의복, 신발 및 가죽제품 소매업
업종 세분류: 섬유, 직물 및 의복 액세서리 소매업
업종 세세분류 및 활동명: 섬유 원단, 실 및 기타 섬유제품 소매업
연계 KSIC 11차 코드: 47429
연계 KSIC 11차 분류명: 섬유 원단, 실 및 기타 섬유제품 소매업
세부설명: 한복지"
523214,G,도매 및 소매업,52,소매업; 자동차 제외,523,"섬유, 의복, 신발 및 가죽제품 소매업",5232,"섬유, 직물 및 의복 액세서리 소매업","섬유 원단, 실 및 기타 섬유제품 소매업",47429,"섬유 원단, 실 및 기타 섬유제품 소매업",47429,"섬유 원단, 실 및 기타 섬유제품 소매업",1,,1,"업종코드: 523214
업종 대분류: 도매 및 소매업
업종 중분류: 소매업; 자동차 제외
업종 소분류: 섬유, 의복, 신발 및 가죽제품 소매업
업종 세분류: 섬유, 직물 및 의복 액세서리 소매업
업종 세세분류 및 활동명: 섬유 원단, 실 및 기타 섬유제품 소매업
연계 KSIC 11차 코드: 47429
연계 KSIC 11차 분류명: 섬유 원단, 실 및 기타 섬유제품 소매업
주요 연계 KSIC 코드: 47429
주요 연계 KSIC 분류명: 섬유 원단, 실 및 기타 섬유제품 소매업"
523221,G,도매 및 소매업,52,소매업; 자동차 제외,523,"섬유, 의복, 신발 및 가죽제품 소매업",5232,의복 소매업,속옷 및 잠옷 소매업,47413,속옷 및 잠옷 소매업,,,,,1,"업종코드: 523221
업종 대분류: 도매 및 소매업
업종 중분류: 소매업; 자동차 제외
업종 소분류: 섬유, 의복, 신발 및 가죽제품 소매업
업종 세분류: 의복 소매업
업종 세세분류 및 활동명: 속옷 및 잠옷 소매업
연계 KSIC 11차 코드: 47413
연계 KSIC 11차 분류명: 속옷 및 잠옷 소매업"
523223,G,도매 및 소매업,52,소매업; 자동차 제외,523,"섬유, 의복, 신발 및 가죽제품 소매업",5232,의복 소매업,유아용 의류 소매업,47417,유아용 의류 소매업,,,,,1,"업종코드: 523223
업종 대분류: 도매 및 소매업
업종 중분류: 소매업; 자동차 제외
업종 소분류: 섬유, 의복, 신발 및 가죽제품 소매업
업종 세분류: 의복 소매업
업종 세세분류 및 활동명: 유아용 의류 소매업
연계 KSIC 11차 코드: 47417
연계 KSIC 11차 분류명: 유아용 의류 소매업"
523231,G,도매 및 소매업,52,소매업; 자동차 제외,523,"섬유, 의복, 신발 및 가죽제품 소매업",5232,의복 소매업,셔츠 및 블라우스 소매업,47414,셔츠 및 블라우스 소매업,,,,,1,"업종코드: 523231
업종 대분류: 도매 및 소매업
업종 중분류: 소매업; 자동차 제외
업종 소분류: 섬유, 의복, 신발 및 가죽제품 소매업
업종 세분류: 의복 소매업
업종 세세분류 및 활동명: 셔츠 및 블라우스 소매업
연계 KSIC 11차 코드: 47414
연계 KSIC 11차 분류명: 셔츠 및 블라우스 소매업"
523233,G,도매 및 소매업,52,소매업; 자동차 제외,523,"섬유, 의복, 신발 및 가죽제품 소매업",5232,의복 소매업,남자용 겉옷 소매업,47411,남자용 겉옷 소매업,,,,,1,"업종코드: 523233
업종 대분류: 도매 및 소매업
업종 중분류: 소매업; 자동차 제외
업종 소분류: 섬유, 의복, 신발 및 가죽제품 소매업
업종 세분류: 의복 소매업
업종 세세분류 및 활동명: 남자용 겉옷 소매업
연계 KSIC 11차 코드: 47411
연계 KSIC 11차 분류명: 남자용 겉옷 소매업"
523234,G,도매 및 소매업,52,소매업; 자동차 제외,523,"섬유, 의복, 신발 및 가죽제품 소매업",5232,의복 소매업,여자용 겉옷 소매업,47412,여자용 겉옷 소매업,,,,,1,"업종코드: 523234
업종 대분류: 도매 및 소매업
업종 중분류: 소매업; 자동차 제외
업종 소분류: 섬유, 의복, 신발 및 가죽제품 소매업
업종 세분류: 의복 소매업
업종 세세분류 및 활동명: 여자용 겉옷 소매업
연계 KSIC 11차 코드: 47412
연계 KSIC 11차 분류명: 여자용 겉옷 소매업"
523235,G,도매 및 소매업,52,소매업; 자동차 제외,523,"섬유, 의복, 신발 및 가죽제품 소매업",5232,의복 소매업,한복 소매업,47415,한복 소매업,,,,,1,"업종코드: 523235
업종 대분류: 도매 및 소매업
업종 중분류: 소매업; 자동차 제외
업종 소분류: 섬유, 의복, 신발 및 가죽제품 소매업
업종 세분류: 의복 소매업
업종 세세분류 및 활동명: 한복 소매업
연계 KSIC 11차 코드: 47415
연계 KSIC 11차 분류명: 한복 소매업"
523236,G,도매 및 소매업,52,소매업; 자동차 제외,523,"섬유, 의복, 신발 및 가죽제품 소매업",5232,의복 소매업,가죽 및 모피 의복 소매업,47416,가죽 및 모피 의복 소매업,,,,,1,"업종코드: 523236
업종 대분류: 도매 및 소매업
업종 중분류: 소매업; 자동차 제외
업종 소분류: 섬유, 의복, 신발 및 가죽제품 소매업
업종 세분류: 의복 소매업
업종 세세분류 및 활동명: 가죽 및 모피 의복 소매업
연계 KSIC 11차 코드: 47416
연계 KSIC 11차 분류명: 가죽 및 모피 의복 소매업"
523237,G,도매 및 소매업,52,소매업; 자동차 제외,523,"섬유, 의복, 신발 및 가죽제품 소매업",5232,의복 소매업,기타 의복 소매업,47419,기타 의복 소매업,47419,기타 의복 소매업,1,,1,"업종코드: 523237
업종 대분류: 도매 및 소매업
업종 중분류: 소매업; 자동차 제외
업종 소분류: 섬유, 의복, 신발 및 가죽제품 소매업
업종 세분류: 의복 소매업
업종 세세분류 및 활동명: 기타 의복 소매업
연계 KSIC 11차 코드: 47419
연계 KSIC 11차 분류명: 기타 의복 소매업
주요 연계 KSIC 코드: 47419
주요 연계 KSIC 분류명: 기타 의복 소매업"
523241,G,도매 및 소매업,52,소매업; 자동차 제외,523,"섬유, 의복, 신발 및 가죽제품 소매업",5232,신발 소매업,신발 소매업,47430,신발 소매업,,,,"구두, 캐주얼화",1,"업종코드: 523241
업종 대분류: 도매 및 소매업
업종 중분류: 소매업; 자동차 제외
업종 소분류: 섬유, 의복, 신발 및 가죽제품 소매업
업종 세분류: 신발 소매업
업종 세세분류 및 활동명: 신발 소매업
연계 KSIC 11차 코드: 47430
연계 KSIC 11차 분류명: 신발 소매업
세부설명: 구두, 캐주얼화"
523242,G,도매 및 소매업,52,소매업; 자동차 제외,523,"섬유, 의복, 신발 및 가죽제품 소매업",5232,신발 소매업,신발 소매업,47430,신발 소매업,47430,신발 소매업,1,,1,"업종코드: 523242
업종 대분류: 도매 및 소매업
업종 중분류: 소매업; 자동차 제외
업종 소분류: 섬유, 의복, 신발 및 가죽제품 소매업
업종 세분류: 신발 소매업
업종 세세분류 및 활동명: 신발 소매업
연계 KSIC 11차 코드: 47430
연계 KSIC 11차 분류명: 신발 소매업
주요 연계 KSIC 코드: 47430
주요 연계 KSIC 분류명: 신발 소매업"
523252,G,도매 및 소매업,52,소매업; 자동차 제외,523,"섬유, 의복, 신발 및 가죽제품 소매업",5232,"섬유, 직물 및 의복 액세서리 소매업",의복 액세서리 및 모조 장신구 소매업,47422,의복 액세서리 및 모조 장신구 소매업,47422,의복 액세서리 및 모조 장신구 소매업,2,의복 액세서리,1,"업종코드: 523252
업종 대분류: 도매 및 소매업
업종 중분류: 소매업; 자동차 제외
업종 소분류: 섬유, 의복, 신발 및 가죽제품 소매업
업종 세분류: 섬유, 직물 및 의복 액세서리 소매업
업종 세세분류 및 활동명: 의복 액세서리 및 모조 장신구 소매업
연계 KSIC 11차 코드: 47422
연계 KSIC 11차 분류명: 의복 액세서리 및 모조 장신구 소매업
주요 연계 KSIC 코드: 47422
주요 연계 KSIC 분류명: 의복 액세서리 및 모조 장신구 소매업
세부설명: 의복 액세서리"
523260,G,도매 및 소매업,52,소매업; 자동차 제외,523,"섬유, 의복, 신발 및 가죽제품 소매업",5232,가방 및 기타 가죽제품 소매업,가방 및 기타 가죽제품 소매업,47440,가방 및 기타 가죽제품 소매업,47440,가방 및 기타 가죽제품 소매업,1,,1,"업종코드: 523260
업종 대분류: 도매 및 소매업
업종 중분류: 소매업; 자동차 제외
업종 소분류: 섬유, 의복, 신발 및 가죽제품 소매업
업종 세분류: 가방 및 기타 가죽제품 소매업
업종 세세분류 및 활동명: 가방 및 기타 가죽제품 소매업
연계 KSIC 11차 코드: 47440
연계 KSIC 11차 분류명: 가방 및 기타 가죽제품 소매업
주요 연계 KSIC 코드: 47440
주요 연계 KSIC 분류명: 가방 및 기타 가죽제품 소매업"
523291,G,도매 및 소매업,52,소매업; 자동차 제외,523,"섬유, 의복, 신발 및 가죽제품 소매업",5232,"섬유, 직물 및 의복 액세서리 소매업","섬유 원단, 실 및 기타 섬유제품 소매업",47429,"섬유 원단, 실 및 기타 섬유제품 소매업",,,,실,1,"업종코드: 523291
업종 대분류: 도매 및 소매업
업종 중분류: 소매업; 자동차 제외
업종 소분류: 섬유, 의복, 신발 및 가죽제품 소매업
업종 세분류: 섬유, 직물 및 의복 액세서리 소매업
업종 세세분류 및 활동명: 섬유 원단, 실 및 기타 섬유제품 소매업
연계 KSIC 11차 코드: 47429
연계 KSIC 11차 분류명: 섬유 원단, 실 및 기타 섬유제품 소매업
세부설명: 실"
523292,G,도매 및 소매업,52,소매업; 자동차 제외,523,"섬유, 의복, 신발 및 가죽제품 소매업",5232,"섬유, 직물 및 의복 액세서리 소매업",의복 액세서리 및 모조 장신구 소매업,47422,의복 액세서리 및 모조 장신구 소매업,47422,의복 액세서리 및 모조 장신구 소매업,2,모조 장신구,1,"업종코드: 523292
업종 대분류: 도매 및 소매업
업종 중분류: 소매업; 자동차 제외
업종 소분류: 섬유, 의복, 신발 및 가죽제품 소매업
업종 세분류: 섬유, 직물 및 의복 액세서리 소매업
업종 세세분류 및 활동명: 의복 액세서리 및 모조 장신구 소매업
연계 KSIC 11차 코드: 47422
연계 KSIC 11차 분류명: 의복 액세서리 및 모조 장신구 소매업
주요 연계 KSIC 코드: 47422
주요 연계 KSIC 분류명: 의복 액세서리 및 모조 장신구 소매업
세부설명: 모조 장신구"
523311,G,도매 및 소매업,52,소매업; 자동차 제외,523,기타 생활용품 소매업,5233,가구 소매업,가구 소매업,47520,가구 소매업,,,,금속제가구,1,"업종코드: 523311
업종 대분류: 도매 및 소매업
업종 중분류: 소매업; 자동차 제외
업종 소분류: 기타 생활용품 소매업
업종 세분류: 가구 소매업
업종 세세분류 및 활동명: 가구 소매업
연계 KSIC 11차 코드: 47520
연계 KSIC 11차 분류명: 가구 소매업
세부설명: 금속제가구"
523312,G,도매 및 소매업,52,소매업; 자동차 제외,523,기타 생활용품 소매업,5233,가구 소매업,가구 소매업,47520,가구 소매업,47520,가구 소매업,1,,1,"업종코드: 523312
업종 대분류: 도매 및 소매업
업종 중분류: 소매업; 자동차 제외
업종 소분류: 기타 생활용품 소매업
업종 세분류: 가구 소매업
업종 세세분류 및 활동명: 가구 소매업
연계 KSIC 11차 코드: 47520
연계 KSIC 11차 분류명: 가구 소매업
주요 연계 KSIC 코드: 47520
주요 연계 KSIC 분류명: 가구 소매업"
523314,G,도매 및 소매업,52,소매업; 자동차 제외,523,기타 생활용품 소매업,5233,가구 소매업,가구 소매업,47520,가구 소매업,,,,가구 전문 판매 대리점(성실신고 회원),1,"업종코드: 523314
업종 대분류: 도매 및 소매업
업종 중분류: 소매업; 자동차 제외
업종 소분류: 기타 생활용품 소매업
업종 세분류: 가구 소매업
업종 세세분류 및 활동명: 가구 소매업
연계 KSIC 11차 코드: 47520
연계 KSIC 11차 분류명: 가구 소매업
세부설명: 가구 전문 판매 대리점(성실신고 회원)"
523321,G,도매 및 소매업,52,소매업; 자동차 제외,523,가전제품 및 정보 통신장비 소매업,5233,가전제품 소매업,가전제품 소매업,47320,가전제품 소매업,47320,가전제품 소매업,1,,1,"업종코드: 523321
업종 대분류: 도매 및 소매업
업종 중분류: 소매업; 자동차 제외
업종 소분류: 가전제품 및 정보 통신장비 소매업
업종 세분류: 가전제품 소매업
업종 세세분류 및 활동명: 가전제품 소매업
연계 KSIC 11차 코드: 47320
연계 KSIC 11차 분류명: 가전제품 소매업
주요 연계 KSIC 코드: 47320
주요 연계 KSIC 분류명: 가전제품 소매업"
523323,G,도매 및 소매업,52,소매업; 자동차 제외,523,가전제품 및 정보 통신장비 소매업,5233,"컴퓨터 및 주변장치, 소프트웨어 및 통신기기 소매업",통신기기 소매업,47312,통신기기 소매업,,,,,1,"업종코드: 523323
업종 대분류: 도매 및 소매업
업종 중분류: 소매업; 자동차 제외
업종 소분류: 가전제품 및 정보 통신장비 소매업
업종 세분류: 컴퓨터 및 주변장치, 소프트웨어 및 통신기기 소매업
업종 세세분류 및 활동명: 통신기기 소매업
연계 KSIC 11차 코드: 47312
연계 KSIC 11차 분류명: 통신기기 소매업"
523330,G,도매 및 소매업,52,소매업; 자동차 제외,523,가전제품 및 정보 통신장비 소매업,5233,가전제품 소매업,가전제품 소매업,47320,가전제품 소매업,,,,가스렌지,1,"업종코드: 523330
업종 대분류: 도매 및 소매업
업종 중분류: 소매업; 자동차 제외
업종 소분류: 가전제품 및 정보 통신장비 소매업
업종 세분류: 가전제품 소매업
업종 세세분류 및 활동명: 가전제품 소매업
연계 KSIC 11차 코드: 47320
연계 KSIC 11차 분류명: 가전제품 소매업
세부설명: 가스렌지"
523331,G,도매 및 소매업,52,소매업; 자동차 제외,523,기타 생활용품 소매업,5233,가구 소매업,가구 소매업,47520,가구 소매업,,,,싱크대,1,"업종코드: 523331
업종 대분류: 도매 및 소매업
업종 중분류: 소매업; 자동차 제외
업종 소분류: 기타 생활용품 소매업
업종 세분류: 가구 소매업
업종 세세분류 및 활동명: 가구 소매업
연계 KSIC 11차 코드: 47520
연계 KSIC 11차 분류명: 가구 소매업
세부설명: 싱크대"
523332,G,도매 및 소매업,52,소매업; 자동차 제외,523,기타 생활용품 소매업,5233,그 외 기타 가정용품 소매업,"주방용품 및 가정용 유리, 요업제품 소매업",47592,"주방용품 및 가정용 유리, 요업제품 소매업",47592,"주방용품 및 가정용 유리, 요업제품 소매업",1,,1,"업종코드: 523332
업종 대분류: 도매 및 소매업
업종 중분류: 소매업; 자동차 제외
업종 소분류: 기타 생활용품 소매업
업종 세분류: 그 외 기타 가정용품 소매업
업종 세세분류 및 활동명: 주방용품 및 가정용 유리, 요업제품 소매업
연계 KSIC 11차 코드: 47592
연계 KSIC 11차 분류명: 주방용품 및 가정용 유리, 요업제품 소매업
주요 연계 KSIC 코드: 47592
주요 연계 KSIC 분류명: 주방용품 및 가정용 유리, 요업제품 소매업"
523341,G,도매 및 소매업,52,소매업; 자동차 제외,523,기타 생활용품 소매업,5233,그 외 기타 가정용품 소매업,악기 소매업,47593,악기 소매업,,,,피아노,1,"업종코드: 523341
업종 대분류: 도매 및 소매업
업종 중분류: 소매업; 자동차 제외
업종 소분류: 기타 생활용품 소매업
업종 세분류: 그 외 기타 가정용품 소매업
업종 세세분류 및 활동명: 악기 소매업
연계 KSIC 11차 코드: 47593
연계 KSIC 11차 분류명: 악기 소매업
세부설명: 피아노"
523349,G,도매 및 소매업,52,소매업; 자동차 제외,523,기타 생활용품 소매업,5233,그 외 기타 가정용품 소매업,악기 소매업,47593,악기 소매업,47593,악기 소매업,1,기타악기,1,"업종코드: 523349
업종 대분류: 도매 및 소매업
업종 중분류: 소매업; 자동차 제외
업종 소분류: 기타 생활용품 소매업
업종 세분류: 그 외 기타 가정용품 소매업
업종 세세분류 및 활동명: 악기 소매업
연계 KSIC 11차 코드: 47593
연계 KSIC 11차 분류명: 악기 소매업
주요 연계 KSIC 코드: 47593
주요 연계 KSIC 분류명: 악기 소매업
세부설명: 기타악기"
523352,G,도매 및 소매업,52,소매업; 자동차 제외,523,기타 생활용품 소매업,5233,그 외 기타 가정용품 소매업,전기용품 및 조명장치 소매업,47591,전기용품 및 조명장치 소매업,,,,,1,"업종코드: 523352
업종 대분류: 도매 및 소매업
업종 중분류: 소매업; 자동차 제외
업종 소분류: 기타 생활용품 소매업
업종 세분류: 그 외 기타 가정용품 소매업
업종 세세분류 및 활동명: 전기용품 및 조명장치 소매업
연계 KSIC 11차 코드: 47591
연계 KSIC 11차 분류명: 전기용품 및 조명장치 소매업"
523361,G,도매 및 소매업,52,소매업; 자동차 제외,523,"섬유, 의복, 신발 및 가죽제품 소매업",5233,"섬유, 직물 및 의복 액세서리 소매업",가정용 직물제품 소매업,47421,가정용 직물제품 소매업,,,,"커튼, 카페트",1,"업종코드: 523361
업종 대분류: 도매 및 소매업
업종 중분류: 소매업; 자동차 제외
업종 소분류: 섬유, 의복, 신발 및 가죽제품 소매업
업종 세분류: 섬유, 직물 및 의복 액세서리 소매업
업종 세세분류 및 활동명: 가정용 직물제품 소매업
연계 KSIC 11차 코드: 47421
연계 KSIC 11차 분류명: 가정용 직물제품 소매업
세부설명: 커튼, 카페트"
523363,G,도매 및 소매업,52,소매업; 자동차 제외,523,"섬유, 의복, 신발 및 가죽제품 소매업",5233,"섬유, 직물 및 의복 액세서리 소매업",가정용 직물제품 소매업,47421,가정용 직물제품 소매업,47421,가정용 직물제품 소매업,1,,1,"업종코드: 523363
업종 대분류: 도매 및 소매업
업종 중분류: 소매업; 자동차 제외
업종 소분류: 섬유, 의복, 신발 및 가죽제품 소매업
업종 세분류: 섬유, 직물 및 의복 액세서리 소매업
업종 세세분류 및 활동명: 가정용 직물제품 소매업
연계 KSIC 11차 코드: 47421
연계 KSIC 11차 분류명: 가정용 직물제품 소매업
주요 연계 KSIC 코드: 47421
주요 연계 KSIC 분류명: 가정용 직물제품 소매업"
523370,G,도매 및 소매업,52,소매업; 자동차 제외,523,기타 생활용품 소매업,5233,그 외 기타 가정용품 소매업,그 외 기타 분류 안된 가정용품 소매업,47599,그 외 기타 분류 안된 가정용품 소매업,,,,"등세공품, 조물제품 및 기타 목제품, 고공품 및 돗자리, 죽세공품",1,"업종코드: 523370
업종 대분류: 도매 및 소매업
업종 중분류: 소매업; 자동차 제외
업종 소분류: 기타 생활용품 소매업
업종 세분류: 그 외 기타 가정용품 소매업
업종 세세분류 및 활동명: 그 외 기타 분류 안된 가정용품 소매업
연계 KSIC 11차 코드: 47599
연계 KSIC 11차 분류명: 그 외 기타 분류 안된 가정용품 소매업
세부설명: 등세공품, 조물제품 및 기타 목제품, 고공품 및 돗자리, 죽세공품"
523390,G,도매 및 소매업,52,소매업; 자동차 제외,523,가전제품 및 정보 통신장비 소매업,5233,가전제품 소매업,가전제품 소매업,47320,가전제품 소매업,,,,전기식 정수기,1,"업종코드: 523390
업종 대분류: 도매 및 소매업
업종 중분류: 소매업; 자동차 제외
업종 소분류: 가전제품 및 정보 통신장비 소매업
업종 세분류: 가전제품 소매업
업종 세세분류 및 활동명: 가전제품 소매업
연계 KSIC 11차 코드: 47320
연계 KSIC 11차 분류명: 가전제품 소매업
세부설명: 전기식 정수기"
523391,G,도매 및 소매업,52,소매업; 자동차 제외,523,기타 생활용품 소매업,5233,그 외 기타 가정용품 소매업,그 외 기타 분류 안된 가정용품 소매업,47599,그 외 기타 분류 안된 가정용품 소매업,47599,그 외 기타 분류 안된 가정용품 소매업,1,,1,"업종코드: 523391
업종 대분류: 도매 및 소매업
업종 중분류: 소매업; 자동차 제외
업종 소분류: 기타 생활용품 소매업
업종 세분류: 그 외 기타 가정용품 소매업
업종 세세분류 및 활동명: 그 외 기타 분류 안된 가정용품 소매업
연계 KSIC 11차 코드: 47599
연계 KSIC 11차 분류명: 그 외 기타 분류 안된 가정용품 소매업
주요 연계 KSIC 코드: 47599
주요 연계 KSIC 분류명: 그 외 기타 분류 안된 가정용품 소매업"
523411,G,도매 및 소매업,52,소매업; 자동차 제외,523,기타 생활용품 소매업,5234,"철물, 공구, 창호 및 건설자재 소매업",철물 및 난방용구 소매업,47511,철물 및 난방용구 소매업,47511,철물 및 난방용구 소매업,2,철물,1,"업종코드: 523411
업종 대분류: 도매 및 소매업
업종 중분류: 소매업; 자동차 제외
업종 소분류: 기타 생활용품 소매업
업종 세분류: 철물, 공구, 창호 및 건설자재 소매업
업종 세세분류 및 활동명: 철물 및 난방용구 소매업
연계 KSIC 11차 코드: 47511
연계 KSIC 11차 분류명: 철물 및 난방용구 소매업
주요 연계 KSIC 코드: 47511
주요 연계 KSIC 분류명: 철물 및 난방용구 소매업
세부설명: 철물"
523412,G,도매 및 소매업,52,소매업; 자동차 제외,523,기타 생활용품 소매업,5234,"철물, 공구, 창호 및 건설자재 소매업",철물 및 난방용구 소매업,47511,철물 및 난방용구 소매업,47511,철물 및 난방용구 소매업,2,난방용구,1,"업종코드: 523412
업종 대분류: 도매 및 소매업
업종 중분류: 소매업; 자동차 제외
업종 소분류: 기타 생활용품 소매업
업종 세분류: 철물, 공구, 창호 및 건설자재 소매업
업종 세세분류 및 활동명: 철물 및 난방용구 소매업
연계 KSIC 11차 코드: 47511
연계 KSIC 11차 분류명: 철물 및 난방용구 소매업
주요 연계 KSIC 코드: 47511
주요 연계 KSIC 분류명: 철물 및 난방용구 소매업
세부설명: 난방용구"
523413,G,도매 및 소매업,52,소매업; 자동차 제외,523,기타 생활용품 소매업,5234,"철물, 공구, 창호 및 건설자재 소매업",공구 소매업,47512,공구 소매업,,,,농업용,1,"업종코드: 523413
업종 대분류: 도매 및 소매업
업종 중분류: 소매업; 자동차 제외
업종 소분류: 기타 생활용품 소매업
업종 세분류: 철물, 공구, 창호 및 건설자재 소매업
업종 세세분류 및 활동명: 공구 소매업
연계 KSIC 11차 코드: 47512
연계 KSIC 11차 분류명: 공구 소매업
세부설명: 농업용"
523421,G,도매 및 소매업,52,소매업; 자동차 제외,523,기타 생활용품 소매업,5234,"철물, 공구, 창호 및 건설자재 소매업","페인트, 창호 및 기타 건설자재 소매업",47519,"페인트, 창호 및 기타 건설자재 소매업",,,,페인트,1,"업종코드: 523421
업종 대분류: 도매 및 소매업
업종 중분류: 소매업; 자동차 제외
업종 소분류: 기타 생활용품 소매업
업종 세분류: 철물, 공구, 창호 및 건설자재 소매업
업종 세세분류 및 활동명: 페인트, 창호 및 기타 건설자재 소매업
연계 KSIC 11차 코드: 47519
연계 KSIC 11차 분류명: 페인트, 창호 및 기타 건설자재 소매업
세부설명: 페인트"
523422,G,도매 및 소매업,52,소매업; 자동차 제외,523,기타 생활용품 소매업,5234,그 외 기타 가정용품 소매업,"주방용품 및 가정용 유리, 요업제품 소매업",47592,"주방용품 및 가정용 유리, 요업제품 소매업",,,,가정용 유리제품,1,"업종코드: 523422
업종 대분류: 도매 및 소매업
업종 중분류: 소매업; 자동차 제외
업종 소분류: 기타 생활용품 소매업
업종 세분류: 그 외 기타 가정용품 소매업
업종 세세분류 및 활동명: 주방용품 및 가정용 유리, 요업제품 소매업
연계 KSIC 11차 코드: 47592
연계 KSIC 11차 분류명: 주방용품 및 가정용 유리, 요업제품 소매업
세부설명: 가정용 유리제품"
523491,G,도매 및 소매업,52,소매업; 자동차 제외,523,기타 생활용품 소매업,5234,"철물, 공구, 창호 및 건설자재 소매업","페인트, 창호 및 기타 건설자재 소매업",47519,"페인트, 창호 및 기타 건설자재 소매업",,,,시멘트,1,"업종코드: 523491
업종 대분류: 도매 및 소매업
업종 중분류: 소매업; 자동차 제외
업종 소분류: 기타 생활용품 소매업
업종 세분류: 철물, 공구, 창호 및 건설자재 소매업
업종 세세분류 및 활동명: 페인트, 창호 및 기타 건설자재 소매업
연계 KSIC 11차 코드: 47519
연계 KSIC 11차 분류명: 페인트, 창호 및 기타 건설자재 소매업
세부설명: 시멘트"
523492,G,도매 및 소매업,52,소매업; 자동차 제외,523,기타 생활용품 소매업,5234,"철물, 공구, 창호 및 건설자재 소매업","페인트, 창호 및 기타 건설자재 소매업",47519,"페인트, 창호 및 기타 건설자재 소매업",,,,"철근, 각종 타일, 위생용도기",1,"업종코드: 523492
업종 대분류: 도매 및 소매업
업종 중분류: 소매업; 자동차 제외
업종 소분류: 기타 생활용품 소매업
업종 세분류: 철물, 공구, 창호 및 건설자재 소매업
업종 세세분류 및 활동명: 페인트, 창호 및 기타 건설자재 소매업
연계 KSIC 11차 코드: 47519
연계 KSIC 11차 분류명: 페인트, 창호 및 기타 건설자재 소매업
세부설명: 철근, 각종 타일, 위생용도기"
523494,G,도매 및 소매업,52,소매업; 자동차 제외,523,기타 생활용품 소매업,5234,"철물, 공구, 창호 및 건설자재 소매업","페인트, 창호 및 기타 건설자재 소매업",47519,"페인트, 창호 및 기타 건설자재 소매업",,,,"하드보드, 목재류",1,"업종코드: 523494
업종 대분류: 도매 및 소매업
업종 중분류: 소매업; 자동차 제외
업종 소분류: 기타 생활용품 소매업
업종 세분류: 철물, 공구, 창호 및 건설자재 소매업
업종 세세분류 및 활동명: 페인트, 창호 및 기타 건설자재 소매업
연계 KSIC 11차 코드: 47519
연계 KSIC 11차 분류명: 페인트, 창호 및 기타 건설자재 소매업
세부설명: 하드보드, 목재류"
523499,G,도매 및 소매업,52,소매업; 자동차 제외,523,기타 생활용품 소매업,5234,"철물, 공구, 창호 및 건설자재 소매업","페인트, 창호 및 기타 건설자재 소매업",47519,"페인트, 창호 및 기타 건설자재 소매업",47519,"페인트, 창호 및 기타 건설자재 소매업",1,,1,"업종코드: 523499
업종 대분류: 도매 및 소매업
업종 중분류: 소매업; 자동차 제외
업종 소분류: 기타 생활용품 소매업
업종 세분류: 철물, 공구, 창호 및 건설자재 소매업
업종 세세분류 및 활동명: 페인트, 창호 및 기타 건설자재 소매업
연계 KSIC 11차 코드: 47519
연계 KSIC 11차 분류명: 페인트, 창호 및 기타 건설자재 소매업
주요 연계 KSIC 코드: 47519
주요 연계 KSIC 분류명: 페인트, 창호 및 기타 건설자재 소매업"
523511,G,도매 및 소매업,52,소매업; 자동차 제외,523,"문화, 오락 및 여가 용품 소매업",5235,서적 및 문구용품 소매업,"서적, 신문 및 잡지류 소매업",47611,"서적, 신문 및 잡지류 소매업",47611,"서적, 신문 및 잡지류 소매업",1,,1,"업종코드: 523511
업종 대분류: 도매 및 소매업
업종 중분류: 소매업; 자동차 제외
업종 소분류: 문화, 오락 및 여가 용품 소매업
업종 세분류: 서적 및 문구용품 소매업
업종 세세분류 및 활동명: 서적, 신문 및 잡지류 소매업
연계 KSIC 11차 코드: 47611
연계 KSIC 11차 분류명: 서적, 신문 및 잡지류 소매업
주요 연계 KSIC 코드: 47611
주요 연계 KSIC 분류명: 서적, 신문 및 잡지류 소매업"
523520,G,도매 및 소매업,52,소매업; 자동차 제외,523,"문화, 오락 및 여가 용품 소매업",5235,서적 및 문구용품 소매업,문구용품 및 회화용품 소매업,47612,문구용품 및 회화용품 소매업,47612,문구용품 및 회화용품 소매업,1,,1,"업종코드: 523520
업종 대분류: 도매 및 소매업
업종 중분류: 소매업; 자동차 제외
업종 소분류: 문화, 오락 및 여가 용품 소매업
업종 세분류: 서적 및 문구용품 소매업
업종 세세분류 및 활동명: 문구용품 및 회화용품 소매업
연계 KSIC 11차 코드: 47612
연계 KSIC 11차 분류명: 문구용품 및 회화용품 소매업
주요 연계 KSIC 코드: 47612
주요 연계 KSIC 분류명: 문구용품 및 회화용품 소매업"
523521,G,도매 및 소매업,52,소매업; 자동차 제외,523,"문화, 오락 및 여가 용품 소매업",5235,서적 및 문구용품 소매업,"서적, 신문 및 잡지류 소매업",47611,"서적, 신문 및 잡지류 소매업",,,,교구,1,"업종코드: 523521
업종 대분류: 도매 및 소매업
업종 중분류: 소매업; 자동차 제외
업종 소분류: 문화, 오락 및 여가 용품 소매업
업종 세분류: 서적 및 문구용품 소매업
업종 세세분류 및 활동명: 서적, 신문 및 잡지류 소매업
연계 KSIC 11차 코드: 47611
연계 KSIC 11차 분류명: 서적, 신문 및 잡지류 소매업
세부설명: 교구"
523531,G,도매 및 소매업,52,소매업; 자동차 제외,523,가전제품 및 정보 통신장비 소매업,5235,"컴퓨터 및 주변장치, 소프트웨어 및 통신기기 소매업","컴퓨터 및 주변장치, 소프트웨어 소매업",47311,"컴퓨터 및 주변장치, 소프트웨어 소매업",,,,,1,"업종코드: 523531
업종 대분류: 도매 및 소매업
업종 중분류: 소매업; 자동차 제외
업종 소분류: 가전제품 및 정보 통신장비 소매업
업종 세분류: 컴퓨터 및 주변장치, 소프트웨어 및 통신기기 소매업
업종 세세분류 및 활동명: 컴퓨터 및 주변장치, 소프트웨어 소매업
연계 KSIC 11차 코드: 47311
연계 KSIC 11차 분류명: 컴퓨터 및 주변장치, 소프트웨어 소매업"
523532,G,도매 및 소매업,52,소매업; 자동차 제외,523,기타 상품 전문 소매업,5235,"사무용 기기, 안경, 사진장비 및 정밀기기 소매업",사무용 기기 소매업,47821,사무용 기기 소매업,,,,,1,"업종코드: 523532
업종 대분류: 도매 및 소매업
업종 중분류: 소매업; 자동차 제외
업종 소분류: 기타 상품 전문 소매업
업종 세분류: 사무용 기기, 안경, 사진장비 및 정밀기기 소매업
업종 세세분류 및 활동명: 사무용 기기 소매업
연계 KSIC 11차 코드: 47821
연계 KSIC 11차 분류명: 사무용 기기 소매업"
523541,G,도매 및 소매업,52,소매업; 자동차 제외,523,기타 상품 전문 소매업,5235,"사무용 기기, 안경, 사진장비 및 정밀기기 소매업",안경 및 렌즈 소매업,47822,안경 및 렌즈 소매업,,,,,1,"업종코드: 523541
업종 대분류: 도매 및 소매업
업종 중분류: 소매업; 자동차 제외
업종 소분류: 기타 상품 전문 소매업
업종 세분류: 사무용 기기, 안경, 사진장비 및 정밀기기 소매업
업종 세세분류 및 활동명: 안경 및 렌즈 소매업
연계 KSIC 11차 코드: 47822
연계 KSIC 11차 분류명: 안경 및 렌즈 소매업"
523550,G,도매 및 소매업,52,소매업; 자동차 제외,523,기타 상품 전문 소매업,5235,"사무용 기기, 안경, 사진장비 및 정밀기기 소매업",사진기 및 사진용품 소매업,47823,사진기 및 사진용품 소매업,,,,,1,"업종코드: 523550
업종 대분류: 도매 및 소매업
업종 중분류: 소매업; 자동차 제외
업종 소분류: 기타 상품 전문 소매업
업종 세분류: 사무용 기기, 안경, 사진장비 및 정밀기기 소매업
업종 세세분류 및 활동명: 사진기 및 사진용품 소매업
연계 KSIC 11차 코드: 47823
연계 KSIC 11차 분류명: 사진기 및 사진용품 소매업"
523552,G,도매 및 소매업,52,소매업; 자동차 제외,523,기타 상품 전문 소매업,5235,"사무용 기기, 안경, 사진장비 및 정밀기기 소매업",기타 광학 및 정밀 기기 소매업,47829,기타 광학 및 정밀 기기 소매업,,,,,1,"업종코드: 523552
업종 대분류: 도매 및 소매업
업종 중분류: 소매업; 자동차 제외
업종 소분류: 기타 상품 전문 소매업
업종 세분류: 사무용 기기, 안경, 사진장비 및 정밀기기 소매업
업종 세세분류 및 활동명: 기타 광학 및 정밀 기기 소매업
연계 KSIC 11차 코드: 47829
연계 KSIC 11차 분류명: 기타 광학 및 정밀 기기 소매업"
523611,G,도매 및 소매업,52,소매업; 자동차 제외,523,연료 소매업,5236,가정용 연료 소매업,가정용 고체 연료 소매업,47721,가정용 고체 연료 소매업,,,,연탄,1,"업종코드: 523611
업종 대분류: 도매 및 소매업
업종 중분류: 소매업; 자동차 제외
업종 소분류: 연료 소매업
업종 세분류: 가정용 연료 소매업
업종 세세분류 및 활동명: 가정용 고체 연료 소매업
연계 KSIC 11차 코드: 47721
연계 KSIC 11차 분류명: 가정용 고체 연료 소매업
세부설명: 연탄"
523612,G,도매 및 소매업,52,소매업; 자동차 제외,523,연료 소매업,5236,가정용 연료 소매업,가정용 고체 연료 소매업,47721,가정용 고체 연료 소매업,,,,"무연탄, 연탄을 제외한 석탄연료, 유연탄, 토탄",1,"업종코드: 523612
업종 대분류: 도매 및 소매업
업종 중분류: 소매업; 자동차 제외
업종 소분류: 연료 소매업
업종 세분류: 가정용 연료 소매업
업종 세세분류 및 활동명: 가정용 고체 연료 소매업
연계 KSIC 11차 코드: 47721
연계 KSIC 11차 분류명: 가정용 고체 연료 소매업
세부설명: 무연탄, 연탄을 제외한 석탄연료, 유연탄, 토탄"
523619,G,도매 및 소매업,52,소매업; 자동차 제외,523,연료 소매업,5236,가정용 연료 소매업,가정용 고체 연료 소매업,47721,가정용 고체 연료 소매업,47721,가정용 고체 연료 소매업,1,,1,"업종코드: 523619
업종 대분류: 도매 및 소매업
업종 중분류: 소매업; 자동차 제외
업종 소분류: 연료 소매업
업종 세분류: 가정용 연료 소매업
업종 세세분류 및 활동명: 가정용 고체 연료 소매업
연계 KSIC 11차 코드: 47721
연계 KSIC 11차 분류명: 가정용 고체 연료 소매업
주요 연계 KSIC 코드: 47721
주요 연계 KSIC 분류명: 가정용 고체 연료 소매업"
523621,G,도매 및 소매업,52,소매업; 자동차 제외,523,연료 소매업,5236,가정용 연료 소매업,가정용 액체 연료 소매업,47722,가정용 액체 연료 소매업,,,,,1,"업종코드: 523621
업종 대분류: 도매 및 소매업
업종 중분류: 소매업; 자동차 제외
업종 소분류: 연료 소매업
업종 세분류: 가정용 연료 소매업
업종 세세분류 및 활동명: 가정용 액체 연료 소매업
연계 KSIC 11차 코드: 47722
연계 KSIC 11차 분류명: 가정용 액체 연료 소매업"
523630,G,도매 및 소매업,52,소매업; 자동차 제외,523,연료 소매업,5236,가정용 연료 소매업,가정용 가스 연료 소매업,47723,가정용 가스 연료 소매업,,,,,1,"업종코드: 523630
업종 대분류: 도매 및 소매업
업종 중분류: 소매업; 자동차 제외
업종 소분류: 연료 소매업
업종 세분류: 가정용 연료 소매업
업종 세세분류 및 활동명: 가정용 가스 연료 소매업
연계 KSIC 11차 코드: 47723
연계 KSIC 11차 분류명: 가정용 가스 연료 소매업"
523910,G,도매 및 소매업,52,소매업; 자동차 제외,523,기타 생활용품 소매업,5239,"철물, 공구, 창호 및 건설자재 소매업","벽지, 마루덮개 및 장판류 소매업",47513,"벽지, 마루덮개 및 장판류 소매업",,,,,1,"업종코드: 523910
업종 대분류: 도매 및 소매업
업종 중분류: 소매업; 자동차 제외
업종 소분류: 기타 생활용품 소매업
업종 세분류: 철물, 공구, 창호 및 건설자재 소매업
업종 세세분류 및 활동명: 벽지, 마루덮개 및 장판류 소매업
연계 KSIC 11차 코드: 47513
연계 KSIC 11차 분류명: 벽지, 마루덮개 및 장판류 소매업"
523921,G,도매 및 소매업,52,소매업; 자동차 제외,523,기타 상품 전문 소매업,5239,시계 및 귀금속 소매업,시계 및 귀금속 소매업,47830,시계 및 귀금속 소매업,,,,제품화하거나 세공하지 않은 황금,1,"업종코드: 523921
업종 대분류: 도매 및 소매업
업종 중분류: 소매업; 자동차 제외
업종 소분류: 기타 상품 전문 소매업
업종 세분류: 시계 및 귀금속 소매업
업종 세세분류 및 활동명: 시계 및 귀금속 소매업
연계 KSIC 11차 코드: 47830
연계 KSIC 11차 분류명: 시계 및 귀금속 소매업
세부설명: 제품화하거나 세공하지 않은 황금"
523922,G,도매 및 소매업,52,소매업; 자동차 제외,523,기타 상품 전문 소매업,5239,시계 및 귀금속 소매업,시계 및 귀금속 소매업,47830,시계 및 귀금속 소매업,47830,시계 및 귀금속 소매업,2,귀금속,1,"업종코드: 523922
업종 대분류: 도매 및 소매업
업종 중분류: 소매업; 자동차 제외
업종 소분류: 기타 상품 전문 소매업
업종 세분류: 시계 및 귀금속 소매업
업종 세세분류 및 활동명: 시계 및 귀금속 소매업
연계 KSIC 11차 코드: 47830
연계 KSIC 11차 분류명: 시계 및 귀금속 소매업
주요 연계 KSIC 코드: 47830
주요 연계 KSIC 분류명: 시계 및 귀금속 소매업
세부설명: 귀금속"
523923,G,도매 및 소매업,52,소매업; 자동차 제외,523,기타 상품 전문 소매업,5239,시계 및 귀금속 소매업,시계 및 귀금속 소매업,47830,시계 및 귀금속 소매업,47830,시계 및 귀금속 소매업,2,시계,1,"업종코드: 523923
업종 대분류: 도매 및 소매업
업종 중분류: 소매업; 자동차 제외
업종 소분류: 기타 상품 전문 소매업
업종 세분류: 시계 및 귀금속 소매업
업종 세세분류 및 활동명: 시계 및 귀금속 소매업
연계 KSIC 11차 코드: 47830
연계 KSIC 11차 분류명: 시계 및 귀금속 소매업
주요 연계 KSIC 코드: 47830
주요 연계 KSIC 분류명: 시계 및 귀금속 소매업
세부설명: 시계"
523931,G,도매 및 소매업,52,소매업; 자동차 제외,523,"문화, 오락 및 여가 용품 소매업",5239,운동용품 및 자전거 소매업,운동 및 경기용품 소매업,47631,운동 및 경기용품 소매업,,,,골프장비,1,"업종코드: 523931
업종 대분류: 도매 및 소매업
업종 중분류: 소매업; 자동차 제외
업종 소분류: 문화, 오락 및 여가 용품 소매업
업종 세분류: 운동용품 및 자전거 소매업
업종 세세분류 및 활동명: 운동 및 경기용품 소매업
연계 KSIC 11차 코드: 47631
연계 KSIC 11차 분류명: 운동 및 경기용품 소매업
세부설명: 골프장비"
523932,G,도매 및 소매업,52,소매업; 자동차 제외,523,"문화, 오락 및 여가 용품 소매업",5239,운동용품 및 자전거 소매업,운동 및 경기용품 소매업,47631,운동 및 경기용품 소매업,47631,운동 및 경기용품 소매업,1,,1,"업종코드: 523932
업종 대분류: 도매 및 소매업
업종 중분류: 소매업; 자동차 제외
업종 소분류: 문화, 오락 및 여가 용품 소매업
업종 세분류: 운동용품 및 자전거 소매업
업종 세세분류 및 활동명: 운동 및 경기용품 소매업
연계 KSIC 11차 코드: 47631
연계 KSIC 11차 분류명: 운동 및 경기용품 소매업
주요 연계 KSIC 코드: 47631
주요 연계 KSIC 분류명: 운동 및 경기용품 소매업"
523935,G,도매 및 소매업,52,소매업; 자동차 제외,523,"섬유, 의복, 신발 및 가죽제품 소매업",5239,의복 소매업,기타 의복 소매업,47419,기타 의복 소매업,,,,등산용의류,1,"업종코드: 523935
업종 대분류: 도매 및 소매업
업종 중분류: 소매업; 자동차 제외
업종 소분류: 섬유, 의복, 신발 및 가죽제품 소매업
업종 세분류: 의복 소매업
업종 세세분류 및 활동명: 기타 의복 소매업
연계 KSIC 11차 코드: 47419
연계 KSIC 11차 분류명: 기타 의복 소매업
세부설명: 등산용의류"
523936,G,도매 및 소매업,52,소매업; 자동차 제외,523,"섬유, 의복, 신발 및 가죽제품 소매업",5239,의복 소매업,기타 의복 소매업,47419,기타 의복 소매업,,,,스포츠의류,1,"업종코드: 523936
업종 대분류: 도매 및 소매업
업종 중분류: 소매업; 자동차 제외
업종 소분류: 섬유, 의복, 신발 및 가죽제품 소매업
업종 세분류: 의복 소매업
업종 세세분류 및 활동명: 기타 의복 소매업
연계 KSIC 11차 코드: 47419
연계 KSIC 11차 분류명: 기타 의복 소매업
세부설명: 스포츠의류"
523940,G,도매 및 소매업,52,소매업; 자동차 제외,523,"문화, 오락 및 여가 용품 소매업",5239,"게임용구, 인형 및 장난감 소매업","게임용구, 인형 및 장난감 소매업",47640,"게임용구, 인형 및 장난감 소매업",,,,,1,"업종코드: 523940
업종 대분류: 도매 및 소매업
업종 중분류: 소매업; 자동차 제외
업종 소분류: 문화, 오락 및 여가 용품 소매업
업종 세분류: 게임용구, 인형 및 장난감 소매업
업종 세세분류 및 활동명: 게임용구, 인형 및 장난감 소매업
연계 KSIC 11차 코드: 47640
연계 KSIC 11차 분류명: 게임용구, 인형 및 장난감 소매업"
523951,G,도매 및 소매업,52,소매업; 자동차 제외,523,기타 상품 전문 소매업,5239,"예술품, 기념품 및 장식용품 소매업",예술품 및 골동품 소매업,47841,예술품 및 골동품 소매업,47841,예술품 및 골동품 소매업,1,,1,"업종코드: 523951
업종 대분류: 도매 및 소매업
업종 중분류: 소매업; 자동차 제외
업종 소분류: 기타 상품 전문 소매업
업종 세분류: 예술품, 기념품 및 장식용품 소매업
업종 세세분류 및 활동명: 예술품 및 골동품 소매업
연계 KSIC 11차 코드: 47841
연계 KSIC 11차 분류명: 예술품 및 골동품 소매업
주요 연계 KSIC 코드: 47841
주요 연계 KSIC 분류명: 예술품 및 골동품 소매업"
523952,G,도매 및 소매업,52,소매업; 자동차 제외,523,기타 상품 전문 소매업,5239,"예술품, 기념품 및 장식용품 소매업",예술품 및 골동품 소매업,47841,예술품 및 골동품 소매업,,,,화랑(미술품),1,"업종코드: 523952
업종 대분류: 도매 및 소매업
업종 중분류: 소매업; 자동차 제외
업종 소분류: 기타 상품 전문 소매업
업종 세분류: 예술품, 기념품 및 장식용품 소매업
업종 세세분류 및 활동명: 예술품 및 골동품 소매업
연계 KSIC 11차 코드: 47841
연계 KSIC 11차 분류명: 예술품 및 골동품 소매업
세부설명: 화랑(미술품)"
523954,G,도매 및 소매업,52,소매업; 자동차 제외,523,기타 상품 전문 소매업,5239,그 외 기타 상품 전문 소매업,그 외 기타 분류 안된 상품 전문 소매업,47859,그 외 기타 분류 안된 상품 전문 소매업,,,,수석,1,"업종코드: 523954
업종 대분류: 도매 및 소매업
업종 중분류: 소매업; 자동차 제외
업종 소분류: 기타 상품 전문 소매업
업종 세분류: 그 외 기타 상품 전문 소매업
업종 세세분류 및 활동명: 그 외 기타 분류 안된 상품 전문 소매업
연계 KSIC 11차 코드: 47859
연계 KSIC 11차 분류명: 그 외 기타 분류 안된 상품 전문 소매업
세부설명: 수석"
523961,G,도매 및 소매업,52,소매업; 자동차 제외,523,기타 상품 전문 소매업,5239,"예술품, 기념품 및 장식용품 소매업","기념품, 관광 민예품 및 장식용품 소매업",47842,"기념품, 관광 민예품 및 장식용품 소매업",,,,,1,"업종코드: 523961
업종 대분류: 도매 및 소매업
업종 중분류: 소매업; 자동차 제외
업종 소분류: 기타 상품 전문 소매업
업종 세분류: 예술품, 기념품 및 장식용품 소매업
업종 세세분류 및 활동명: 기념품, 관광 민예품 및 장식용품 소매업
연계 KSIC 11차 코드: 47842
연계 KSIC 11차 분류명: 기념품, 관광 민예품 및 장식용품 소매업"
523970,G,도매 및 소매업,52,소매업; 자동차 제외,523,"문화, 오락 및 여가 용품 소매업",5239,운동용품 및 자전거 소매업,자전거 및 기타 운송장비 소매업,47632,자전거 및 기타 운송장비 소매업,,,,,1,"업종코드: 523970
업종 대분류: 도매 및 소매업
업종 중분류: 소매업; 자동차 제외
업종 소분류: 문화, 오락 및 여가 용품 소매업
업종 세분류: 운동용품 및 자전거 소매업
업종 세세분류 및 활동명: 자전거 및 기타 운송장비 소매업
연계 KSIC 11차 코드: 47632
연계 KSIC 11차 분류명: 자전거 및 기타 운송장비 소매업"
523980,G,도매 및 소매업,52,소매업; 자동차 제외,523,"문화, 오락 및 여가 용품 소매업",5239,음반 및 비디오물 소매업,음반 및 비디오물 소매업,47620,음반 및 비디오물 소매업,,,,,1,"업종코드: 523980
업종 대분류: 도매 및 소매업
업종 중분류: 소매업; 자동차 제외
업종 소분류: 문화, 오락 및 여가 용품 소매업
업종 세분류: 음반 및 비디오물 소매업
업종 세세분류 및 활동명: 음반 및 비디오물 소매업
연계 KSIC 11차 코드: 47620
연계 KSIC 11차 분류명: 음반 및 비디오물 소매업"
523981,G,도매 및 소매업,52,소매업; 자동차 제외,523,기타 생활용품 소매업,5239,그 외 기타 가정용품 소매업,그 외 기타 분류 안된 가정용품 소매업,47599,그 외 기타 분류 안된 가정용품 소매업,,,,"우산, 양산",1,"업종코드: 523981
업종 대분류: 도매 및 소매업
업종 중분류: 소매업; 자동차 제외
업종 소분류: 기타 생활용품 소매업
업종 세분류: 그 외 기타 가정용품 소매업
업종 세세분류 및 활동명: 그 외 기타 분류 안된 가정용품 소매업
연계 KSIC 11차 코드: 47599
연계 KSIC 11차 분류명: 그 외 기타 분류 안된 가정용품 소매업
세부설명: 우산, 양산"
523982,G,도매 및 소매업,52,소매업; 자동차 제외,523,기타 생활용품 소매업,5239,그 외 기타 가정용품 소매업,그 외 기타 분류 안된 가정용품 소매업,47599,그 외 기타 분류 안된 가정용품 소매업,,,,이ㆍ 미용기구,1,"업종코드: 523982
업종 대분류: 도매 및 소매업
업종 중분류: 소매업; 자동차 제외
업종 소분류: 기타 생활용품 소매업
업종 세분류: 그 외 기타 가정용품 소매업
업종 세세분류 및 활동명: 그 외 기타 분류 안된 가정용품 소매업
연계 KSIC 11차 코드: 47599
연계 KSIC 11차 분류명: 그 외 기타 분류 안된 가정용품 소매업
세부설명: 이ㆍ 미용기구"
523983,G,도매 및 소매업,52,소매업; 자동차 제외,523,"문화, 오락 및 여가 용품 소매업",5239,서적 및 문구용품 소매업,문구용품 및 회화용품 소매업,47612,문구용품 및 회화용품 소매업,,,,도장(인장류),1,"업종코드: 523983
업종 대분류: 도매 및 소매업
업종 중분류: 소매업; 자동차 제외
업종 소분류: 문화, 오락 및 여가 용품 소매업
업종 세분류: 서적 및 문구용품 소매업
업종 세세분류 및 활동명: 문구용품 및 회화용품 소매업
연계 KSIC 11차 코드: 47612
연계 KSIC 11차 분류명: 문구용품 및 회화용품 소매업
세부설명: 도장(인장류)"
523984,G,도매 및 소매업,52,소매업; 자동차 제외,523,기타 상품 전문 소매업,5239,그 외 기타 상품 전문 소매업,그 외 기타 분류 안된 상품 전문 소매업,47859,그 외 기타 분류 안된 상품 전문 소매업,,,,우표,1,"업종코드: 523984
업종 대분류: 도매 및 소매업
업종 중분류: 소매업; 자동차 제외
업종 소분류: 기타 상품 전문 소매업
업종 세분류: 그 외 기타 상품 전문 소매업
업종 세세분류 및 활동명: 그 외 기타 분류 안된 상품 전문 소매업
연계 KSIC 11차 코드: 47859
연계 KSIC 11차 분류명: 그 외 기타 분류 안된 상품 전문 소매업
세부설명: 우표"
523985,G,도매 및 소매업,52,소매업; 자동차 제외,523,기타 상품 전문 소매업,5239,그 외 기타 상품 전문 소매업,그 외 기타 분류 안된 상품 전문 소매업,47859,그 외 기타 분류 안된 상품 전문 소매업,,,,인지,1,"업종코드: 523985
업종 대분류: 도매 및 소매업
업종 중분류: 소매업; 자동차 제외
업종 소분류: 기타 상품 전문 소매업
업종 세분류: 그 외 기타 상품 전문 소매업
업종 세세분류 및 활동명: 그 외 기타 분류 안된 상품 전문 소매업
연계 KSIC 11차 코드: 47859
연계 KSIC 11차 분류명: 그 외 기타 분류 안된 상품 전문 소매업
세부설명: 인지"
523986,G,도매 및 소매업,52,소매업; 자동차 제외,523,기타 상품 전문 소매업,5239,그 외 기타 상품 전문 소매업,그 외 기타 분류 안된 상품 전문 소매업,47859,그 외 기타 분류 안된 상품 전문 소매업,,,,소방기구,1,"업종코드: 523986
업종 대분류: 도매 및 소매업
업종 중분류: 소매업; 자동차 제외
업종 소분류: 기타 상품 전문 소매업
업종 세분류: 그 외 기타 상품 전문 소매업
업종 세세분류 및 활동명: 그 외 기타 분류 안된 상품 전문 소매업
연계 KSIC 11차 코드: 47859
연계 KSIC 11차 분류명: 그 외 기타 분류 안된 상품 전문 소매업
세부설명: 소방기구"
523987,G,도매 및 소매업,52,소매업; 자동차 제외,523,기타 상품 전문 소매업,5239,그 외 기타 상품 전문 소매업,화초 및 식물 소매업,47851,화초 및 식물 소매업,,,,종자,1,"업종코드: 523987
업종 대분류: 도매 및 소매업
업종 중분류: 소매업; 자동차 제외
업종 소분류: 기타 상품 전문 소매업
업종 세분류: 그 외 기타 상품 전문 소매업
업종 세세분류 및 활동명: 화초 및 식물 소매업
연계 KSIC 11차 코드: 47851
연계 KSIC 11차 분류명: 화초 및 식물 소매업
세부설명: 종자"
523988,G,도매 및 소매업,52,소매업; 자동차 제외,523,기타 상품 전문 소매업,5239,그 외 기타 상품 전문 소매업,화초 및 식물 소매업,47851,화초 및 식물 소매업,47851,화초 및 식물 소매업,1,,1,"업종코드: 523988
업종 대분류: 도매 및 소매업
업종 중분류: 소매업; 자동차 제외
업종 소분류: 기타 상품 전문 소매업
업종 세분류: 그 외 기타 상품 전문 소매업
업종 세세분류 및 활동명: 화초 및 식물 소매업
연계 KSIC 11차 코드: 47851
연계 KSIC 11차 분류명: 화초 및 식물 소매업
주요 연계 KSIC 코드: 47851
주요 연계 KSIC 분류명: 화초 및 식물 소매업"
523990,N,"사업시설 관리, 사업 지원 및 임대 서비스업",52,사업 지원 서비스업,523,여행사 및 기타 여행 보조 서비스업,5239,기타 여행 보조 및 예약 서비스업,기타 여행 보조 및 예약 서비스업,75290,기타 여행 보조 및 예약 서비스업,,,,버스표,1,"업종코드: 523990
업종 대분류: 사업시설 관리, 사업 지원 및 임대 서비스업
업종 중분류: 사업 지원 서비스업
업종 소분류: 여행사 및 기타 여행 보조 서비스업
업종 세분류: 기타 여행 보조 및 예약 서비스업
업종 세세분류 및 활동명: 기타 여행 보조 및 예약 서비스업
연계 KSIC 11차 코드: 75290
연계 KSIC 11차 분류명: 기타 여행 보조 및 예약 서비스업
세부설명: 버스표"
523993,G,도매 및 소매업,52,소매업; 자동차 제외,523,"섬유, 의복, 신발 및 가죽제품 소매업",5239,가방 및 기타 가죽제품 소매업,가방 및 기타 가죽제품 소매업,47440,가방 및 기타 가죽제품 소매업,,,,피혁류,1,"업종코드: 523993
업종 대분류: 도매 및 소매업
업종 중분류: 소매업; 자동차 제외
업종 소분류: 섬유, 의복, 신발 및 가죽제품 소매업
업종 세분류: 가방 및 기타 가죽제품 소매업
업종 세세분류 및 활동명: 가방 및 기타 가죽제품 소매업
연계 KSIC 11차 코드: 47440
연계 KSIC 11차 분류명: 가방 및 기타 가죽제품 소매업
세부설명: 피혁류"
523994,G,도매 및 소매업,52,소매업; 자동차 제외,523,기타 상품 전문 소매업,5239,그 외 기타 상품 전문 소매업,그 외 기타 분류 안된 상품 전문 소매업,47859,그 외 기타 분류 안된 상품 전문 소매업,,,,살충제 등 농업용약품,1,"업종코드: 523994
업종 대분류: 도매 및 소매업
업종 중분류: 소매업; 자동차 제외
업종 소분류: 기타 상품 전문 소매업
업종 세분류: 그 외 기타 상품 전문 소매업
업종 세세분류 및 활동명: 그 외 기타 분류 안된 상품 전문 소매업
연계 KSIC 11차 코드: 47859
연계 KSIC 11차 분류명: 그 외 기타 분류 안된 상품 전문 소매업
세부설명: 살충제 등 농업용약품"
523995,G,도매 및 소매업,52,소매업; 자동차 제외,523,기타 상품 전문 소매업,5239,그 외 기타 상품 전문 소매업,그 외 기타 분류 안된 상품 전문 소매업,47859,그 외 기타 분류 안된 상품 전문 소매업,,,,비료,1,"업종코드: 523995
업종 대분류: 도매 및 소매업
업종 중분류: 소매업; 자동차 제외
업종 소분류: 기타 상품 전문 소매업
업종 세분류: 그 외 기타 상품 전문 소매업
업종 세세분류 및 활동명: 그 외 기타 분류 안된 상품 전문 소매업
연계 KSIC 11차 코드: 47859
연계 KSIC 11차 분류명: 그 외 기타 분류 안된 상품 전문 소매업
세부설명: 비료"
523996,G,도매 및 소매업,52,소매업; 자동차 제외,523,기타 상품 전문 소매업,5239,그 외 기타 상품 전문 소매업,반려용동물 및 관련용품 소매업,47852,반려용동물 및 관련용품 소매업,,,,,1,"업종코드: 523996
업종 대분류: 도매 및 소매업
업종 중분류: 소매업; 자동차 제외
업종 소분류: 기타 상품 전문 소매업
업종 세분류: 그 외 기타 상품 전문 소매업
업종 세세분류 및 활동명: 반려용동물 및 관련용품 소매업
연계 KSIC 11차 코드: 47852
연계 KSIC 11차 분류명: 반려용동물 및 관련용품 소매업"
523999,G,도매 및 소매업,52,소매업; 자동차 제외,523,기타 상품 전문 소매업,5239,그 외 기타 상품 전문 소매업,그 외 기타 분류 안된 상품 전문 소매업,47859,그 외 기타 분류 안된 상품 전문 소매업,47859,그 외 기타 분류 안된 상품 전문 소매업,1,,1,"업종코드: 523999
업종 대분류: 도매 및 소매업
업종 중분류: 소매업; 자동차 제외
업종 소분류: 기타 상품 전문 소매업
업종 세분류: 그 외 기타 상품 전문 소매업
업종 세세분류 및 활동명: 그 외 기타 분류 안된 상품 전문 소매업
연계 KSIC 11차 코드: 47859
연계 KSIC 11차 분류명: 그 외 기타 분류 안된 상품 전문 소매업
주요 연계 KSIC 코드: 47859
주요 연계 KSIC 분류명: 그 외 기타 분류 안된 상품 전문 소매업"
524000,G,도매 및 소매업,52,소매업; 자동차 제외,524,"섬유, 의복, 신발 및 가죽제품 소매업",5240,"섬유, 직물 및 의복 액세서리 소매업",의복 액세서리 및 모조 장신구 소매업,47422,의복 액세서리 및 모조 장신구 소매업,,,,가발,1,"업종코드: 524000
업종 대분류: 도매 및 소매업
업종 중분류: 소매업; 자동차 제외
업종 소분류: 섬유, 의복, 신발 및 가죽제품 소매업
업종 세분류: 섬유, 직물 및 의복 액세서리 소매업
업종 세세분류 및 활동명: 의복 액세서리 및 모조 장신구 소매업
연계 KSIC 11차 코드: 47422
연계 KSIC 11차 분류명: 의복 액세서리 및 모조 장신구 소매업
세부설명: 가발"
524001,G,도매 및 소매업,52,소매업; 자동차 제외,524,기타 생활용품 소매업,5240,"철물, 공구, 창호 및 건설자재 소매업",공구 소매업,47512,공구 소매업,47512,공구 소매업,1,,1,"업종코드: 524001
업종 대분류: 도매 및 소매업
업종 중분류: 소매업; 자동차 제외
업종 소분류: 기타 생활용품 소매업
업종 세분류: 철물, 공구, 창호 및 건설자재 소매업
업종 세세분류 및 활동명: 공구 소매업
연계 KSIC 11차 코드: 47512
연계 KSIC 11차 분류명: 공구 소매업
주요 연계 KSIC 코드: 47512
주요 연계 KSIC 분류명: 공구 소매업"
524010,G,도매 및 소매업,52,소매업; 자동차 제외,524,기타 상품 전문 소매업,5240,중고 상품 소매업,중고 가구 소매업,47861,중고 가구 소매업,,,,,1,"업종코드: 524010
업종 대분류: 도매 및 소매업
업종 중분류: 소매업; 자동차 제외
업종 소분류: 기타 상품 전문 소매업
업종 세분류: 중고 상품 소매업
업종 세세분류 및 활동명: 중고 가구 소매업
연계 KSIC 11차 코드: 47861
연계 KSIC 11차 분류명: 중고 가구 소매업"
524020,G,도매 및 소매업,52,소매업; 자동차 제외,524,기타 상품 전문 소매업,5240,중고 상품 소매업,기타 중고 상품 소매업,47869,기타 중고 상품 소매업,,,,중고서적,1,"업종코드: 524020
업종 대분류: 도매 및 소매업
업종 중분류: 소매업; 자동차 제외
업종 소분류: 기타 상품 전문 소매업
업종 세분류: 중고 상품 소매업
업종 세세분류 및 활동명: 기타 중고 상품 소매업
연계 KSIC 11차 코드: 47869
연계 KSIC 11차 분류명: 기타 중고 상품 소매업
세부설명: 중고서적"
524091,G,도매 및 소매업,52,소매업; 자동차 제외,524,기타 상품 전문 소매업,5240,중고 상품 소매업,기타 중고 상품 소매업,47869,기타 중고 상품 소매업,,,,고철 등 각종고물,1,"업종코드: 524091
업종 대분류: 도매 및 소매업
업종 중분류: 소매업; 자동차 제외
업종 소분류: 기타 상품 전문 소매업
업종 세분류: 중고 상품 소매업
업종 세세분류 및 활동명: 기타 중고 상품 소매업
연계 KSIC 11차 코드: 47869
연계 KSIC 11차 분류명: 기타 중고 상품 소매업
세부설명: 고철 등 각종고물"
524092,G,도매 및 소매업,52,소매업; 자동차 제외,524,기타 상품 전문 소매업,5240,중고 상품 소매업,중고 가전제품 및 통신장비 소매업,47862,중고 가전제품 및 통신장비 소매업,,,,,1,"업종코드: 524092
업종 대분류: 도매 및 소매업
업종 중분류: 소매업; 자동차 제외
업종 소분류: 기타 상품 전문 소매업
업종 세분류: 중고 상품 소매업
업종 세세분류 및 활동명: 중고 가전제품 및 통신장비 소매업
연계 KSIC 11차 코드: 47862
연계 KSIC 11차 분류명: 중고 가전제품 및 통신장비 소매업"
524093,G,도매 및 소매업,52,소매업; 자동차 제외,524,기타 상품 전문 소매업,5240,중고 상품 소매업,기타 중고 상품 소매업,47869,기타 중고 상품 소매업,47869,기타 중고 상품 소매업,1,,1,"업종코드: 524093
업종 대분류: 도매 및 소매업
업종 중분류: 소매업; 자동차 제외
업종 소분류: 기타 상품 전문 소매업
업종 세분류: 중고 상품 소매업
업종 세세분류 및 활동명: 기타 중고 상품 소매업
연계 KSIC 11차 코드: 47869
연계 KSIC 11차 분류명: 기타 중고 상품 소매업
주요 연계 KSIC 코드: 47869
주요 연계 KSIC 분류명: 기타 중고 상품 소매업"
525101,G,도매 및 소매업,52,소매업; 자동차 제외,525,무점포 소매업,5251,통신 판매업,전자상거래 소매업,47912,전자상거래 소매업,47912,전자상거래 소매업,1,,1,"업종코드: 525101
업종 대분류: 도매 및 소매업
업종 중분류: 소매업; 자동차 제외
업종 소분류: 무점포 소매업
업종 세분류: 통신 판매업
업종 세세분류 및 활동명: 전자상거래 소매업
연계 KSIC 11차 코드: 47912
연계 KSIC 11차 분류명: 전자상거래 소매업
주요 연계 KSIC 코드: 47912
주요 연계 KSIC 분류명: 전자상거래 소매업"
525102,G,도매 및 소매업,52,소매업; 자동차 제외,525,무점포 소매업,5251,통신 판매업,기타 통신 판매업,47919,기타 통신 판매업,,,,,1,"업종코드: 525102
업종 대분류: 도매 및 소매업
업종 중분류: 소매업; 자동차 제외
업종 소분류: 무점포 소매업
업종 세분류: 통신 판매업
업종 세세분류 및 활동명: 기타 통신 판매업
연계 KSIC 11차 코드: 47919
연계 KSIC 11차 분류명: 기타 통신 판매업"
525103,G,도매 및 소매업,52,소매업; 자동차 제외,525,무점포 소매업,5251,통신 판매업,전자상거래 소매 중개업,47911,전자상거래 소매 중개업,47911,전자상거래 소매 중개업,1,,1,"업종코드: 525103
업종 대분류: 도매 및 소매업
업종 중분류: 소매업; 자동차 제외
업종 소분류: 무점포 소매업
업종 세분류: 통신 판매업
업종 세세분류 및 활동명: 전자상거래 소매 중개업
연계 KSIC 11차 코드: 47911
연계 KSIC 11차 분류명: 전자상거래 소매 중개업
주요 연계 KSIC 코드: 47911
주요 연계 KSIC 분류명: 전자상거래 소매 중개업"
525104,G,도매 및 소매업,52,소매업; 자동차 제외,525,무점포 소매업,5251,통신 판매업,SNS마켓,47911 | 47912,전자상거래 소매 중개업 | 전자상거래 소매업,,,,SNS마켓(전자상거래 소매중개업) | SNS마켓(전자상거래 소매업),2,"업종코드: 525104
업종 대분류: 도매 및 소매업
업종 중분류: 소매업; 자동차 제외
업종 소분류: 무점포 소매업
업종 세분류: 통신 판매업
업종 세세분류 및 활동명: SNS마켓
연계 KSIC 11차 코드: 47911 | 47912
연계 KSIC 11차 분류명: 전자상거래 소매 중개업 | 전자상거래 소매업
세부설명: SNS마켓(전자상거래 소매중개업) | SNS마켓(전자상거래 소매업)"
525105,G,도매 및 소매업,52,소매업; 자동차 제외,525,무점포 소매업,5251,통신 판매업,해외직구대행업,47911 | 46101 | 46102 | 46103 | 46104 | 46105 | 46106 | 46107 | 46109,"전자상거래 소매 중개업 | 산업용 농ㆍ축산물, 섬유 원료 및 동물 중개업 | 음ㆍ식료품 및 담배 중개업 | 섬유, 의복, 신발 및 가죽제품 중개업 | 목재 및 건축자재 중개업 | 연료, 광물, 1차 금속, 비료 및 화학제품 중개업 | 기계 및 장비 중개업 | 그 외 기타 특정 상품 중개업 | 상품 종합 중개업",,,,해외직구대행(전자상거래 소매중개업) | 해외직구대행(상품중개업),9,"업종코드: 525105
업종 대분류: 도매 및 소매업
업종 중분류: 소매업; 자동차 제외
업종 소분류: 무점포 소매업
업종 세분류: 통신 판매업
업종 세세분류 및 활동명: 해외직구대행업
연계 KSIC 11차 코드: 47911 | 46101 | 46102 | 46103 | 46104 | 46105 | 46106 | 46107 | 46109
연계 KSIC 11차 분류명: 전자상거래 소매 중개업 | 산업용 농ㆍ축산물, 섬유 원료 및 동물 중개업 | 음ㆍ식료품 및 담배 중개업 | 섬유, 의복, 신발 및 가죽제품 중개업 | 목재 및 건축자재 중개업 | 연료, 광물, 1차 금속, 비료 및 화학제품 중개업 | 기계 및 장비 중개업 | 그 외 기타 특정 상품 중개업 | 상품 종합 중개업
세부설명: 해외직구대행(전자상거래 소매중개업) | 해외직구대행(상품중개업)"
525200,G,도매 및 소매업,52,소매업; 자동차 제외,525,무점포 소매업,5252,기타 무점포 소매업,방문 판매업,47993,방문 판매업,47993,방문 판매업,2,다단계 판매원,1,"업종코드: 525200
업종 대분류: 도매 및 소매업
업종 중분류: 소매업; 자동차 제외
업종 소분류: 무점포 소매업
업종 세분류: 기타 무점포 소매업
업종 세세분류 및 활동명: 방문 판매업
연계 KSIC 11차 코드: 47993
연계 KSIC 11차 분류명: 방문 판매업
주요 연계 KSIC 코드: 47993
주요 연계 KSIC 분류명: 방문 판매업
세부설명: 다단계 판매원"
525300,G,도매 및 소매업,52,소매업; 자동차 제외,525,무점포 소매업,5253,기타 무점포 소매업,계약배달 판매업,47992,계약배달 판매업,,,,,1,"업종코드: 525300
업종 대분류: 도매 및 소매업
업종 중분류: 소매업; 자동차 제외
업종 소분류: 무점포 소매업
업종 세분류: 기타 무점포 소매업
업종 세세분류 및 활동명: 계약배달 판매업
연계 KSIC 11차 코드: 47992
연계 KSIC 11차 분류명: 계약배달 판매업"
525910,G,도매 및 소매업,52,소매업; 자동차 제외,525,무점포 소매업,5259,기타 무점포 소매업,자동 판매기 운영업,47991,자동 판매기 운영업,,,,,1,"업종코드: 525910
업종 대분류: 도매 및 소매업
업종 중분류: 소매업; 자동차 제외
업종 소분류: 무점포 소매업
업종 세분류: 기타 무점포 소매업
업종 세세분류 및 활동명: 자동 판매기 운영업
연계 KSIC 11차 코드: 47991
연계 KSIC 11차 분류명: 자동 판매기 운영업"
525911,G,도매 및 소매업,52,소매업; 자동차 제외,525,무점포 소매업,5259,노점 및 유사 이동 소매업,노점 및 유사 이동 소매업,47920,노점 및 유사 이동 소매업,,,,,1,"업종코드: 525911
업종 대분류: 도매 및 소매업
업종 중분류: 소매업; 자동차 제외
업종 소분류: 무점포 소매업
업종 세분류: 노점 및 유사 이동 소매업
업종 세세분류 및 활동명: 노점 및 유사 이동 소매업
연계 KSIC 11차 코드: 47920
연계 KSIC 11차 분류명: 노점 및 유사 이동 소매업"
525912,G,도매 및 소매업,52,소매업; 자동차 제외,525,무점포 소매업,5259,기타 무점포 소매업,그 외 기타 무점포 소매업,47999,그 외 기타 무점포 소매업,,,,,1,"업종코드: 525912
업종 대분류: 도매 및 소매업
업종 중분류: 소매업; 자동차 제외
업종 소분류: 무점포 소매업
업종 세분류: 기타 무점포 소매업
업종 세세분류 및 활동명: 그 외 기타 무점포 소매업
연계 KSIC 11차 코드: 47999
연계 KSIC 11차 분류명: 그 외 기타 무점포 소매업"
551001,I,숙박 및 음식점업,55,숙박업,551,일반 및 생활 숙박시설 운영업,5510,일반 및 생활 숙박시설 운영업,호텔업,55101,호텔업,,,,,1,"업종코드: 551001
업종 대분류: 숙박 및 음식점업
업종 중분류: 숙박업
업종 소분류: 일반 및 생활 숙박시설 운영업
업종 세분류: 일반 및 생활 숙박시설 운영업
업종 세세분류 및 활동명: 호텔업
연계 KSIC 11차 코드: 55101
연계 KSIC 11차 분류명: 호텔업"
551002,I,숙박 및 음식점업,55,숙박업,551,일반 및 생활 숙박시설 운영업,5510,일반 및 생활 숙박시설 운영업,여관업,55102,여관업,55102,여관업,1,,1,"업종코드: 551002
업종 대분류: 숙박 및 음식점업
업종 중분류: 숙박업
업종 소분류: 일반 및 생활 숙박시설 운영업
업종 세분류: 일반 및 생활 숙박시설 운영업
업종 세세분류 및 활동명: 여관업
연계 KSIC 11차 코드: 55102
연계 KSIC 11차 분류명: 여관업
주요 연계 KSIC 코드: 55102
주요 연계 KSIC 분류명: 여관업"
551003,P,교육서비스업,55,교육 서비스업,551,기타 교육기관,5510,스포츠 및 레크리에이션 교육기관,청소년 수련시설 운영업,85614,청소년 수련시설 운영업,,,,,1,"업종코드: 551003
업종 대분류: 교육서비스업
업종 중분류: 교육 서비스업
업종 소분류: 기타 교육기관
업종 세분류: 스포츠 및 레크리에이션 교육기관
업종 세세분류 및 활동명: 청소년 수련시설 운영업
연계 KSIC 11차 코드: 85614
연계 KSIC 11차 분류명: 청소년 수련시설 운영업"
551004,I,숙박 및 음식점업,55,숙박업,551,일반 및 생활 숙박시설 운영업,5510,일반 및 생활 숙박시설 운영업,휴양 콘도 운영업,55103,휴양 콘도 운영업,55103,휴양 콘도 운영업,1,,1,"업종코드: 551004
업종 대분류: 숙박 및 음식점업
업종 중분류: 숙박업
업종 소분류: 일반 및 생활 숙박시설 운영업
업종 세분류: 일반 및 생활 숙박시설 운영업
업종 세세분류 및 활동명: 휴양 콘도 운영업
연계 KSIC 11차 코드: 55103
연계 KSIC 11차 분류명: 휴양 콘도 운영업
주요 연계 KSIC 코드: 55103
주요 연계 KSIC 분류명: 휴양 콘도 운영업"
551005,I,숙박 및 음식점업,55,숙박업,551,일반 및 생활 숙박시설 운영업,5510,일반 및 생활 숙박시설 운영업,민박업,55104,민박업,55104,민박업,1,,1,"업종코드: 551005
업종 대분류: 숙박 및 음식점업
업종 중분류: 숙박업
업종 소분류: 일반 및 생활 숙박시설 운영업
업종 세분류: 일반 및 생활 숙박시설 운영업
업종 세세분류 및 활동명: 민박업
연계 KSIC 11차 코드: 55104
연계 KSIC 11차 분류명: 민박업
주요 연계 KSIC 코드: 55104
주요 연계 KSIC 분류명: 민박업"
551006,I,숙박 및 음식점업,55,숙박업,551,일반 및 생활 숙박시설 운영업,5510,일반 및 생활 숙박시설 운영업,기타 일반 및 생활 숙박시설 운영업,55109,기타 일반 및 생활 숙박시설 운영업,,,,,1,"업종코드: 551006
업종 대분류: 숙박 및 음식점업
업종 중분류: 숙박업
업종 소분류: 일반 및 생활 숙박시설 운영업
업종 세분류: 일반 및 생활 숙박시설 운영업
업종 세세분류 및 활동명: 기타 일반 및 생활 숙박시설 운영업
연계 KSIC 11차 코드: 55109
연계 KSIC 11차 분류명: 기타 일반 및 생활 숙박시설 운영업"
551007,I,숙박 및 음식점업,55,숙박업,551,일반 및 생활 숙박시설 운영업,5510,일반 및 생활 숙박시설 운영업,숙박공유업,55104,민박업,,,,숙박공유업,1,"업종코드: 551007
업종 대분류: 숙박 및 음식점업
업종 중분류: 숙박업
업종 소분류: 일반 및 생활 숙박시설 운영업
업종 세분류: 일반 및 생활 숙박시설 운영업
업종 세세분류 및 활동명: 숙박공유업
연계 KSIC 11차 코드: 55104
연계 KSIC 11차 분류명: 민박업
세부설명: 숙박공유업"
551009,I,숙박 및 음식점업,55,숙박업,551,일반 및 생활 숙박시설 운영업,5510,일반 및 생활 숙박시설 운영업,여관업,55102,여관업,,,,여인숙,1,"업종코드: 551009
업종 대분류: 숙박 및 음식점업
업종 중분류: 숙박업
업종 소분류: 일반 및 생활 숙박시설 운영업
업종 세분류: 일반 및 생활 숙박시설 운영업
업종 세세분류 및 활동명: 여관업
연계 KSIC 11차 코드: 55102
연계 KSIC 11차 분류명: 여관업
세부설명: 여인숙"
551010,I,숙박 및 음식점업,55,숙박업,551,일반 및 생활 숙박시설 운영업,5510,일반 및 생활 숙박시설 운영업,휴양 콘도 운영업,55103,휴양 콘도 운영업,,,,휴가센터 및 휴식소 운영,1,"업종코드: 551010
업종 대분류: 숙박 및 음식점업
업종 중분류: 숙박업
업종 소분류: 일반 및 생활 숙박시설 운영업
업종 세분류: 일반 및 생활 숙박시설 운영업
업종 세세분류 및 활동명: 휴양 콘도 운영업
연계 KSIC 11차 코드: 55103
연계 KSIC 11차 분류명: 휴양 콘도 운영업
세부설명: 휴가센터 및 휴식소 운영"
551015,I,숙박 및 음식점업,55,숙박업,551,일반 및 생활 숙박시설 운영업,5510,일반 및 생활 숙박시설 운영업,야영장업,55105,야영장업,,,,야영장 및 캠프장 운영,1,"업종코드: 551015
업종 대분류: 숙박 및 음식점업
업종 중분류: 숙박업
업종 소분류: 일반 및 생활 숙박시설 운영업
업종 세분류: 일반 및 생활 숙박시설 운영업
업종 세세분류 및 활동명: 야영장업
연계 KSIC 11차 코드: 55105
연계 KSIC 11차 분류명: 야영장업
세부설명: 야영장 및 캠프장 운영"
551016,I,숙박 및 음식점업,55,숙박업,551,기타 숙박업,5510,기타 숙박업,기숙사 및 고시원 운영업,55901,기숙사 및 고시원 운영업,,,,,1,"업종코드: 551016
업종 대분류: 숙박 및 음식점업
업종 중분류: 숙박업
업종 소분류: 기타 숙박업
업종 세분류: 기타 숙박업
업종 세세분류 및 활동명: 기숙사 및 고시원 운영업
연계 KSIC 11차 코드: 55901
연계 KSIC 11차 분류명: 기숙사 및 고시원 운영업"
551017,I,숙박 및 음식점업,55,숙박업,551,기타 숙박업,5510,기타 숙박업,그 외 기타 숙박업,55909,그 외 기타 숙박업,,,,,1,"업종코드: 551017
업종 대분류: 숙박 및 음식점업
업종 중분류: 숙박업
업종 소분류: 기타 숙박업
업종 세분류: 기타 숙박업
업종 세세분류 및 활동명: 그 외 기타 숙박업
연계 KSIC 11차 코드: 55909
연계 KSIC 11차 분류명: 그 외 기타 숙박업"
552101,I,숙박 및 음식점업,55,음식점 및 주점업,552,음식점업,5521,한식 음식점업,한식 일반 음식점업,56111,한식 일반 음식점업,,,,,1,"업종코드: 552101
업종 대분류: 숙박 및 음식점업
업종 중분류: 음식점 및 주점업
업종 소분류: 음식점업
업종 세분류: 한식 음식점업
업종 세세분류 및 활동명: 한식 일반 음식점업
연계 KSIC 11차 코드: 56111
연계 KSIC 11차 분류명: 한식 일반 음식점업"
552102,I,숙박 및 음식점업,55,음식점 및 주점업,552,음식점업,5521,외국식 음식점업,중식 음식점업,56121,중식 음식점업,,,,,1,"업종코드: 552102
업종 대분류: 숙박 및 음식점업
업종 중분류: 음식점 및 주점업
업종 소분류: 음식점업
업종 세분류: 외국식 음식점업
업종 세세분류 및 활동명: 중식 음식점업
연계 KSIC 11차 코드: 56121
연계 KSIC 11차 분류명: 중식 음식점업"
552103,I,숙박 및 음식점업,55,음식점 및 주점업,552,음식점업,5521,외국식 음식점업,일식 음식점업,56122,일식 음식점업,,,,,1,"업종코드: 552103
업종 대분류: 숙박 및 음식점업
업종 중분류: 음식점 및 주점업
업종 소분류: 음식점업
업종 세분류: 외국식 음식점업
업종 세세분류 및 활동명: 일식 음식점업
연계 KSIC 11차 코드: 56122
연계 KSIC 11차 분류명: 일식 음식점업"
552104,I,숙박 및 음식점업,55,음식점 및 주점업,552,음식점업,5521,외국식 음식점업,서양식 음식점업,56123,서양식 음식점업,,,,,1,"업종코드: 552104
업종 대분류: 숙박 및 음식점업
업종 중분류: 음식점 및 주점업
업종 소분류: 음식점업
업종 세분류: 외국식 음식점업
업종 세세분류 및 활동명: 서양식 음식점업
연계 KSIC 11차 코드: 56123
연계 KSIC 11차 분류명: 서양식 음식점업"
552105,I,숙박 및 음식점업,55,음식점 및 주점업,552,음식점업,5521,출장 및 이동 음식점업,출장 음식 서비스업,56141,출장 음식 서비스업,,,,,1,"업종코드: 552105
업종 대분류: 숙박 및 음식점업
업종 중분류: 음식점 및 주점업
업종 소분류: 음식점업
업종 세분류: 출장 및 이동 음식점업
업종 세세분류 및 활동명: 출장 음식 서비스업
연계 KSIC 11차 코드: 56141
연계 KSIC 11차 분류명: 출장 음식 서비스업"
552107,I,숙박 및 음식점업,55,음식점 및 주점업,552,음식점업,5521,"피자, 햄버거 및 치킨 전문점",치킨 전문점,56162,치킨 전문점,,,,,1,"업종코드: 552107
업종 대분류: 숙박 및 음식점업
업종 중분류: 음식점 및 주점업
업종 소분류: 음식점업
업종 세분류: 피자, 햄버거 및 치킨 전문점
업종 세세분류 및 활동명: 치킨 전문점
연계 KSIC 11차 코드: 56162
연계 KSIC 11차 분류명: 치킨 전문점"
552108,I,숙박 및 음식점업,55,음식점 및 주점업,552,음식점업,5521,김밥 및 기타 간이 음식점업,김밥 및 기타 간이 음식점업,56191,김밥 및 기타 간이 음식점업,56191,김밥 및 기타 간이 음식점업,1,,1,"업종코드: 552108
업종 대분류: 숙박 및 음식점업
업종 중분류: 음식점 및 주점업
업종 소분류: 음식점업
업종 세분류: 김밥 및 기타 간이 음식점업
업종 세세분류 및 활동명: 김밥 및 기타 간이 음식점업
연계 KSIC 11차 코드: 56191
연계 KSIC 11차 분류명: 김밥 및 기타 간이 음식점업
주요 연계 KSIC 코드: 56191
주요 연계 KSIC 분류명: 김밥 및 기타 간이 음식점업"
552109,I,숙박 및 음식점업,55,음식점 및 주점업,552,음식점업,5521,기관 구내식당업,기관 구내식당업,56130,기관 구내식당업,,,,,1,"업종코드: 552109
업종 대분류: 숙박 및 음식점업
업종 중분류: 음식점 및 주점업
업종 소분류: 음식점업
업종 세분류: 기관 구내식당업
업종 세세분류 및 활동명: 기관 구내식당업
연계 KSIC 11차 코드: 56130
연계 KSIC 11차 분류명: 기관 구내식당업"
552114,I,숙박 및 음식점업,55,음식점 및 주점업,552,음식점업,5521,한식 음식점업,한식 면 요리 전문점,56112,한식 면 요리 전문점,,,,,1,"업종코드: 552114
업종 대분류: 숙박 및 음식점업
업종 중분류: 음식점 및 주점업
업종 소분류: 음식점업
업종 세분류: 한식 음식점업
업종 세세분류 및 활동명: 한식 면 요리 전문점
연계 KSIC 11차 코드: 56112
연계 KSIC 11차 분류명: 한식 면 요리 전문점"
552115,I,숙박 및 음식점업,55,음식점 및 주점업,552,음식점업,5521,한식 음식점업,한식 육류 요리 전문점,56113,한식 육류 요리 전문점,,,,,1,"업종코드: 552115
업종 대분류: 숙박 및 음식점업
업종 중분류: 음식점 및 주점업
업종 소분류: 음식점업
업종 세분류: 한식 음식점업
업종 세세분류 및 활동명: 한식 육류 요리 전문점
연계 KSIC 11차 코드: 56113
연계 KSIC 11차 분류명: 한식 육류 요리 전문점"
552116,I,숙박 및 음식점업,55,음식점 및 주점업,552,음식점업,5521,한식 음식점업,한식 해산물 요리 전문점,56114,한식 해산물 요리 전문점,,,,,1,"업종코드: 552116
업종 대분류: 숙박 및 음식점업
업종 중분류: 음식점 및 주점업
업종 소분류: 음식점업
업종 세분류: 한식 음식점업
업종 세세분류 및 활동명: 한식 해산물 요리 전문점
연계 KSIC 11차 코드: 56114
연계 KSIC 11차 분류명: 한식 해산물 요리 전문점"
552117,I,숙박 및 음식점업,55,음식점 및 주점업,552,음식점업,5521,외국식 음식점업,기타 외국식 음식점업,56129,기타 외국식 음식점업,,,,,1,"업종코드: 552117
업종 대분류: 숙박 및 음식점업
업종 중분류: 음식점 및 주점업
업종 소분류: 음식점업
업종 세분류: 외국식 음식점업
업종 세세분류 및 활동명: 기타 외국식 음식점업
연계 KSIC 11차 코드: 56129
연계 KSIC 11차 분류명: 기타 외국식 음식점업"
552118,I,숙박 및 음식점업,55,음식점 및 주점업,552,음식점업,5521,"피자, 햄버거 및 치킨 전문점","피자, 햄버거, 샌드위치 및 유사 음식점업",56161,"피자, 햄버거, 샌드위치 및 유사 음식점업",56161,"피자, 햄버거, 샌드위치 및 유사 음식점업",1,,1,"업종코드: 552118
업종 대분류: 숙박 및 음식점업
업종 중분류: 음식점 및 주점업
업종 소분류: 음식점업
업종 세분류: 피자, 햄버거 및 치킨 전문점
업종 세세분류 및 활동명: 피자, 햄버거, 샌드위치 및 유사 음식점업
연계 KSIC 11차 코드: 56161
연계 KSIC 11차 분류명: 피자, 햄버거, 샌드위치 및 유사 음식점업
주요 연계 KSIC 코드: 56161
주요 연계 KSIC 분류명: 피자, 햄버거, 샌드위치 및 유사 음식점업"
552119,I,숙박 및 음식점업,55,음식점 및 주점업,552,음식점업,5521,김밥 및 기타 간이 음식점업,김밥 및 기타 간이 음식점업,56191,김밥 및 기타 간이 음식점업,,,,아이스크림 체인점,1,"업종코드: 552119
업종 대분류: 숙박 및 음식점업
업종 중분류: 음식점 및 주점업
업종 소분류: 음식점업
업종 세분류: 김밥 및 기타 간이 음식점업
업종 세세분류 및 활동명: 김밥 및 기타 간이 음식점업
연계 KSIC 11차 코드: 56191
연계 KSIC 11차 분류명: 김밥 및 기타 간이 음식점업
세부설명: 아이스크림 체인점"
552123,I,숙박 및 음식점업,55,음식점 및 주점업,552,음식점업,5521,김밥 및 기타 간이 음식점업,간이 음식 포장 판매 전문점,56199,간이 음식 포장 판매 전문점,56199,간이 음식 포장 판매 전문점,1,,1,"업종코드: 552123
업종 대분류: 숙박 및 음식점업
업종 중분류: 음식점 및 주점업
업종 소분류: 음식점업
업종 세분류: 김밥 및 기타 간이 음식점업
업종 세세분류 및 활동명: 간이 음식 포장 판매 전문점
연계 KSIC 11차 코드: 56199
연계 KSIC 11차 분류명: 간이 음식 포장 판매 전문점
주요 연계 KSIC 코드: 56199
주요 연계 KSIC 분류명: 간이 음식 포장 판매 전문점"
552201,I,숙박 및 음식점업,55,음식점 및 주점업,552,주점 및 비알코올 음료점업,5522,주점업,일반 유흥 주점업,56211,일반 유흥 주점업,56211,일반 유흥 주점업,2,고급주점(독립된 객실),1,"업종코드: 552201
업종 대분류: 숙박 및 음식점업
업종 중분류: 음식점 및 주점업
업종 소분류: 주점 및 비알코올 음료점업
업종 세분류: 주점업
업종 세세분류 및 활동명: 일반 유흥 주점업
연계 KSIC 11차 코드: 56211
연계 KSIC 11차 분류명: 일반 유흥 주점업
주요 연계 KSIC 코드: 56211
주요 연계 KSIC 분류명: 일반 유흥 주점업
세부설명: 고급주점(독립된 객실)"
552202,I,숙박 및 음식점업,55,음식점 및 주점업,552,주점 및 비알코올 음료점업,5522,주점업,일반 유흥 주점업,56211,일반 유흥 주점업,56211,일반 유흥 주점업,2,"빠, 비어홀, 극장식식당",1,"업종코드: 552202
업종 대분류: 숙박 및 음식점업
업종 중분류: 음식점 및 주점업
업종 소분류: 주점 및 비알코올 음료점업
업종 세분류: 주점업
업종 세세분류 및 활동명: 일반 유흥 주점업
연계 KSIC 11차 코드: 56211
연계 KSIC 11차 분류명: 일반 유흥 주점업
주요 연계 KSIC 코드: 56211
주요 연계 KSIC 분류명: 일반 유흥 주점업
세부설명: 빠, 비어홀, 극장식식당"
552203,I,숙박 및 음식점업,55,음식점 및 주점업,552,주점 및 비알코올 음료점업,5522,주점업,무도 유흥 주점업,56212,무도 유흥 주점업,,,,,1,"업종코드: 552203
업종 대분류: 숙박 및 음식점업
업종 중분류: 음식점 및 주점업
업종 소분류: 주점 및 비알코올 음료점업
업종 세분류: 주점업
업종 세세분류 및 활동명: 무도 유흥 주점업
연계 KSIC 11차 코드: 56212
연계 KSIC 11차 분류명: 무도 유흥 주점업"
552204,I,숙박 및 음식점업,55,음식점 및 주점업,552,주점 및 비알코올 음료점업,5522,주점업,일반 유흥 주점업,56211,일반 유흥 주점업,56211,일반 유흥 주점업,2,"관광음식점, 외국인 전용 유흥음식점",1,"업종코드: 552204
업종 대분류: 숙박 및 음식점업
업종 중분류: 음식점 및 주점업
업종 소분류: 주점 및 비알코올 음료점업
업종 세분류: 주점업
업종 세세분류 및 활동명: 일반 유흥 주점업
연계 KSIC 11차 코드: 56211
연계 KSIC 11차 분류명: 일반 유흥 주점업
주요 연계 KSIC 코드: 56211
주요 연계 KSIC 분류명: 일반 유흥 주점업
세부설명: 관광음식점, 외국인 전용 유흥음식점"
552205,I,숙박 및 음식점업,55,음식점 및 주점업,552,주점 및 비알코올 음료점업,5522,주점업,생맥주 전문점,56213,생맥주 전문점,,,,,1,"업종코드: 552205
업종 대분류: 숙박 및 음식점업
업종 중분류: 음식점 및 주점업
업종 소분류: 주점 및 비알코올 음료점업
업종 세분류: 주점업
업종 세세분류 및 활동명: 생맥주 전문점
연계 KSIC 11차 코드: 56213
연계 KSIC 11차 분류명: 생맥주 전문점"
552206,I,숙박 및 음식점업,55,음식점 및 주점업,552,주점 및 비알코올 음료점업,5522,주점업,일반 유흥 주점업,56211,일반 유흥 주점업,56211,일반 유흥 주점업,2,기타 유흥 주점,1,"업종코드: 552206
업종 대분류: 숙박 및 음식점업
업종 중분류: 음식점 및 주점업
업종 소분류: 주점 및 비알코올 음료점업
업종 세분류: 주점업
업종 세세분류 및 활동명: 일반 유흥 주점업
연계 KSIC 11차 코드: 56211
연계 KSIC 11차 분류명: 일반 유흥 주점업
주요 연계 KSIC 코드: 56211
주요 연계 KSIC 분류명: 일반 유흥 주점업
세부설명: 기타 유흥 주점"
552207,I,숙박 및 음식점업,55,음식점 및 주점업,552,주점 및 비알코올 음료점업,5522,주점업,기타 주점업,56219,기타 주점업,,,,단란주점,1,"업종코드: 552207
업종 대분류: 숙박 및 음식점업
업종 중분류: 음식점 및 주점업
업종 소분류: 주점 및 비알코올 음료점업
업종 세분류: 주점업
업종 세세분류 및 활동명: 기타 주점업
연계 KSIC 11차 코드: 56219
연계 KSIC 11차 분류명: 기타 주점업
세부설명: 단란주점"
552208,I,숙박 및 음식점업,55,음식점 및 주점업,552,주점 및 비알코올 음료점업,5522,주점업,기타 주점업,56219,기타 주점업,,,,기타 서양식 주점,1,"업종코드: 552208
업종 대분류: 숙박 및 음식점업
업종 중분류: 음식점 및 주점업
업종 소분류: 주점 및 비알코올 음료점업
업종 세분류: 주점업
업종 세세분류 및 활동명: 기타 주점업
연계 KSIC 11차 코드: 56219
연계 KSIC 11차 분류명: 기타 주점업
세부설명: 기타 서양식 주점"
552209,I,숙박 및 음식점업,55,음식점 및 주점업,552,주점 및 비알코올 음료점업,5522,주점업,기타 주점업,56219,기타 주점업,56219,기타 주점업,1,,1,"업종코드: 552209
업종 대분류: 숙박 및 음식점업
업종 중분류: 음식점 및 주점업
업종 소분류: 주점 및 비알코올 음료점업
업종 세분류: 주점업
업종 세세분류 및 활동명: 기타 주점업
연계 KSIC 11차 코드: 56219
연계 KSIC 11차 분류명: 기타 주점업
주요 연계 KSIC 코드: 56219
주요 연계 KSIC 분류명: 기타 주점업"
552210,I,숙박 및 음식점업,55,음식점 및 주점업,552,주점 및 비알코올 음료점업,5522,주점업,기타 주점업,56219,기타 주점업,,,,소주방,1,"업종코드: 552210
업종 대분류: 숙박 및 음식점업
업종 중분류: 음식점 및 주점업
업종 소분류: 주점 및 비알코올 음료점업
업종 세분류: 주점업
업종 세세분류 및 활동명: 기타 주점업
연계 KSIC 11차 코드: 56219
연계 KSIC 11차 분류명: 기타 주점업
세부설명: 소주방"
552211,I,숙박 및 음식점업,55,음식점 및 주점업,552,주점 및 비알코올 음료점업,5522,주점업,기타 주점업,56211 | 56212 | 56213 | 56219,일반 유흥 주점업 | 무도 유흥 주점업 | 생맥주 전문점 | 기타 주점업,,,,홀덤펍,4,"업종코드: 552211
업종 대분류: 숙박 및 음식점업
업종 중분류: 음식점 및 주점업
업종 소분류: 주점 및 비알코올 음료점업
업종 세분류: 주점업
업종 세세분류 및 활동명: 기타 주점업
연계 KSIC 11차 코드: 56211 | 56212 | 56213 | 56219
연계 KSIC 11차 분류명: 일반 유흥 주점업 | 무도 유흥 주점업 | 생맥주 전문점 | 기타 주점업
세부설명: 홀덤펍"
552301,I,숙박 및 음식점업,55,음식점 및 주점업,552,음식점업,5523,제과점업,제과점업,56150,제과점업,,,,,1,"업종코드: 552301
업종 대분류: 숙박 및 음식점업
업종 중분류: 음식점 및 주점업
업종 소분류: 음식점업
업종 세분류: 제과점업
업종 세세분류 및 활동명: 제과점업
연계 KSIC 11차 코드: 56150
연계 KSIC 11차 분류명: 제과점업"
552303,I,숙박 및 음식점업,55,음식점 및 주점업,552,주점 및 비알코올 음료점업,5523,비알코올 음료점업,커피 전문점,56221,커피 전문점,,,,,1,"업종코드: 552303
업종 대분류: 숙박 및 음식점업
업종 중분류: 음식점 및 주점업
업종 소분류: 주점 및 비알코올 음료점업
업종 세분류: 비알코올 음료점업
업종 세세분류 및 활동명: 커피 전문점
연계 KSIC 11차 코드: 56221
연계 KSIC 11차 분류명: 커피 전문점"
552305,I,숙박 및 음식점업,55,음식점 및 주점업,552,음식점업,5523,김밥 및 기타 간이 음식점업,간이 음식 포장 판매 전문점,56199,간이 음식 포장 판매 전문점,,,,고속도로 휴게소 등 기타,1,"업종코드: 552305
업종 대분류: 숙박 및 음식점업
업종 중분류: 음식점 및 주점업
업종 소분류: 음식점업
업종 세분류: 김밥 및 기타 간이 음식점업
업종 세세분류 및 활동명: 간이 음식 포장 판매 전문점
연계 KSIC 11차 코드: 56199
연계 KSIC 11차 분류명: 간이 음식 포장 판매 전문점
세부설명: 고속도로 휴게소 등 기타"
552307,I,숙박 및 음식점업,55,음식점 및 주점업,552,주점 및 비알코올 음료점업,5523,비알코올 음료점업,기타 비알코올 음료점업,56229,기타 비알코올 음료점업,,,,,1,"업종코드: 552307
업종 대분류: 숙박 및 음식점업
업종 중분류: 음식점 및 주점업
업종 소분류: 주점 및 비알코올 음료점업
업종 세분류: 비알코올 음료점업
업종 세세분류 및 활동명: 기타 비알코올 음료점업
연계 KSIC 11차 코드: 56229
연계 KSIC 11차 분류명: 기타 비알코올 음료점업"
552308,I,숙박 및 음식점업,55,음식점 및 주점업,552,음식점업,5523,출장 및 이동 음식점업,이동 음식점업,56142,이동 음식점업,,,,,1,"업종코드: 552308
업종 대분류: 숙박 및 음식점업
업종 중분류: 음식점 및 주점업
업종 소분류: 음식점업
업종 세분류: 출장 및 이동 음식점업
업종 세세분류 및 활동명: 이동 음식점업
연계 KSIC 11차 코드: 56142
연계 KSIC 11차 분류명: 이동 음식점업"
552309,I,숙박 및 음식점업,55,음식점 및 주점업,552,음식점업,5523,"피자, 햄버거 및 치킨 전문점","피자, 햄버거, 샌드위치 및 유사 음식점업",56161,"피자, 햄버거, 샌드위치 및 유사 음식점업",,,,간이 양식,1,"업종코드: 552309
업종 대분류: 숙박 및 음식점업
업종 중분류: 음식점 및 주점업
업종 소분류: 음식점업
업종 세분류: 피자, 햄버거 및 치킨 전문점
업종 세세분류 및 활동명: 피자, 햄버거, 샌드위치 및 유사 음식점업
연계 KSIC 11차 코드: 56161
연계 KSIC 11차 분류명: 피자, 햄버거, 샌드위치 및 유사 음식점업
세부설명: 간이 양식"
552310,I,숙박 및 음식점업,55,음식점 및 주점업,552,주점 및 비알코올 음료점업,5523,비알코올 음료점업,동물카페,56221 | 56229,커피 전문점 | 기타 비알코올 음료점업,,,,,2,"업종코드: 552310
업종 대분류: 숙박 및 음식점업
업종 중분류: 음식점 및 주점업
업종 소분류: 주점 및 비알코올 음료점업
업종 세분류: 비알코올 음료점업
업종 세세분류 및 활동명: 동물카페
연계 KSIC 11차 코드: 56221 | 56229
연계 KSIC 11차 분류명: 커피 전문점 | 기타 비알코올 음료점업"
601000,H,운수 및 창고업,60,육상 운송 및 파이프라인 운송업,601,육상 여객 운송업,6010,도시 정기 육상 여객 운송업,도시철도 운송업,49211,도시철도 운송업,,,,,1,"업종코드: 601000
업종 대분류: 운수 및 창고업
업종 중분류: 육상 운송 및 파이프라인 운송업
업종 소분류: 육상 여객 운송업
업종 세분류: 도시 정기 육상 여객 운송업
업종 세세분류 및 활동명: 도시철도 운송업
연계 KSIC 11차 코드: 49211
연계 KSIC 11차 분류명: 도시철도 운송업"
601001,H,운수 및 창고업,60,육상 운송 및 파이프라인 운송업,601,철도 운송업,6010,철도 운송업,철도 여객 운송업,49101,철도 여객 운송업,,,,,1,"업종코드: 601001
업종 대분류: 운수 및 창고업
업종 중분류: 육상 운송 및 파이프라인 운송업
업종 소분류: 철도 운송업
업종 세분류: 철도 운송업
업종 세세분류 및 활동명: 철도 여객 운송업
연계 KSIC 11차 코드: 49101
연계 KSIC 11차 분류명: 철도 여객 운송업"
601002,H,운수 및 창고업,60,육상 운송 및 파이프라인 운송업,601,철도 운송업,6010,철도 운송업,철도 화물 운송업,49102,철도 화물 운송업,,,,,1,"업종코드: 601002
업종 대분류: 운수 및 창고업
업종 중분류: 육상 운송 및 파이프라인 운송업
업종 소분류: 철도 운송업
업종 세분류: 철도 운송업
업종 세세분류 및 활동명: 철도 화물 운송업
연계 KSIC 11차 코드: 49102
연계 KSIC 11차 분류명: 철도 화물 운송업"
602101,H,운수 및 창고업,60,육상 운송 및 파이프라인 운송업,602,육상 여객 운송업,6021,시외버스 운송업,시외버스 운송업,49220,시외버스 운송업,,,,고속버스,1,"업종코드: 602101
업종 대분류: 운수 및 창고업
업종 중분류: 육상 운송 및 파이프라인 운송업
업종 소분류: 육상 여객 운송업
업종 세분류: 시외버스 운송업
업종 세세분류 및 활동명: 시외버스 운송업
연계 KSIC 11차 코드: 49220
연계 KSIC 11차 분류명: 시외버스 운송업
세부설명: 고속버스"
602102,H,운수 및 창고업,60,육상 운송 및 파이프라인 운송업,602,육상 여객 운송업,6021,시외버스 운송업,시외버스 운송업,49220,시외버스 운송업,49220,시외버스 운송업,1,,1,"업종코드: 602102
업종 대분류: 운수 및 창고업
업종 중분류: 육상 운송 및 파이프라인 운송업
업종 소분류: 육상 여객 운송업
업종 세분류: 시외버스 운송업
업종 세세분류 및 활동명: 시외버스 운송업
연계 KSIC 11차 코드: 49220
연계 KSIC 11차 분류명: 시외버스 운송업
주요 연계 KSIC 코드: 49220
주요 연계 KSIC 분류명: 시외버스 운송업"
602103,H,운수 및 창고업,60,육상 운송 및 파이프라인 운송업,602,육상 여객 운송업,6021,도시 정기 육상 여객 운송업,시내버스 운송업,49212,시내버스 운송업,49212,시내버스 운송업,1,,1,"업종코드: 602103
업종 대분류: 운수 및 창고업
업종 중분류: 육상 운송 및 파이프라인 운송업
업종 소분류: 육상 여객 운송업
업종 세분류: 도시 정기 육상 여객 운송업
업종 세세분류 및 활동명: 시내버스 운송업
연계 KSIC 11차 코드: 49212
연계 KSIC 11차 분류명: 시내버스 운송업
주요 연계 KSIC 코드: 49212
주요 연계 KSIC 분류명: 시내버스 운송업"
602104,H,운수 및 창고업,60,육상 운송 및 파이프라인 운송업,602,육상 여객 운송업,6021,도시 정기 육상 여객 운송업,기타 도시 정기 육상 여객 운송업,49219,기타 도시 정기 육상 여객 운송업,,,,공항버스,1,"업종코드: 602104
업종 대분류: 운수 및 창고업
업종 중분류: 육상 운송 및 파이프라인 운송업
업종 소분류: 육상 여객 운송업
업종 세분류: 도시 정기 육상 여객 운송업
업종 세세분류 및 활동명: 기타 도시 정기 육상 여객 운송업
연계 KSIC 11차 코드: 49219
연계 KSIC 11차 분류명: 기타 도시 정기 육상 여객 운송업
세부설명: 공항버스"
602109,H,운수 및 창고업,60,육상 운송 및 파이프라인 운송업,602,육상 여객 운송업,6021,도시 정기 육상 여객 운송업,기타 도시 정기 육상 여객 운송업,49219,기타 도시 정기 육상 여객 운송업,49219,기타 도시 정기 육상 여객 운송업,1,,1,"업종코드: 602109
업종 대분류: 운수 및 창고업
업종 중분류: 육상 운송 및 파이프라인 운송업
업종 소분류: 육상 여객 운송업
업종 세분류: 도시 정기 육상 여객 운송업
업종 세세분류 및 활동명: 기타 도시 정기 육상 여객 운송업
연계 KSIC 11차 코드: 49219
연계 KSIC 11차 분류명: 기타 도시 정기 육상 여객 운송업
주요 연계 KSIC 코드: 49219
주요 연계 KSIC 분류명: 기타 도시 정기 육상 여객 운송업"
602110,H,운수 및 창고업,60,육상 운송 및 파이프라인 운송업,602,육상 여객 운송업,6021,도시 정기 육상 여객 운송업,기타 도시 정기 육상 여객 운송업,49219,기타 도시 정기 육상 여객 운송업,,,,어린이통학버스운송업(기사소유차량),1,"업종코드: 602110
업종 대분류: 운수 및 창고업
업종 중분류: 육상 운송 및 파이프라인 운송업
업종 소분류: 육상 여객 운송업
업종 세분류: 도시 정기 육상 여객 운송업
업종 세세분류 및 활동명: 기타 도시 정기 육상 여객 운송업
연계 KSIC 11차 코드: 49219
연계 KSIC 11차 분류명: 기타 도시 정기 육상 여객 운송업
세부설명: 어린이통학버스운송업(기사소유차량)"
602201,H,운수 및 창고업,60,육상 운송 및 파이프라인 운송업,602,육상 여객 운송업,6022,부정기 육상 여객 운송업,택시 운송업,49231,택시 운송업,49231,택시 운송업,1,,1,"업종코드: 602201
업종 대분류: 운수 및 창고업
업종 중분류: 육상 운송 및 파이프라인 운송업
업종 소분류: 육상 여객 운송업
업종 세분류: 부정기 육상 여객 운송업
업종 세세분류 및 활동명: 택시 운송업
연계 KSIC 11차 코드: 49231
연계 KSIC 11차 분류명: 택시 운송업
주요 연계 KSIC 코드: 49231
주요 연계 KSIC 분류명: 택시 운송업"
602203,H,운수 및 창고업,60,육상 운송 및 파이프라인 운송업,602,육상 여객 운송업,6022,부정기 육상 여객 운송업,택시 운송업,49231,택시 운송업,,,,모범택시,1,"업종코드: 602203
업종 대분류: 운수 및 창고업
업종 중분류: 육상 운송 및 파이프라인 운송업
업종 소분류: 육상 여객 운송업
업종 세분류: 부정기 육상 여객 운송업
업종 세세분류 및 활동명: 택시 운송업
연계 KSIC 11차 코드: 49231
연계 KSIC 11차 분류명: 택시 운송업
세부설명: 모범택시"
602204,H,운수 및 창고업,60,육상 운송 및 파이프라인 운송업,602,육상 여객 운송업,6022,도시 정기 육상 여객 운송업 | 시외버스 운송업,시내버스 운송업 | 시외버스 운송업,49212 | 49220,시내버스 운송업 | 시외버스 운송업,,,,직영 시내버스 | 직영 시외버스,2,"업종코드: 602204
업종 대분류: 운수 및 창고업
업종 중분류: 육상 운송 및 파이프라인 운송업
업종 소분류: 육상 여객 운송업
업종 세분류: 도시 정기 육상 여객 운송업 | 시외버스 운송업
업종 세세분류 및 활동명: 시내버스 운송업 | 시외버스 운송업
연계 KSIC 11차 코드: 49212 | 49220
연계 KSIC 11차 분류명: 시내버스 운송업 | 시외버스 운송업
세부설명: 직영 시내버스 | 직영 시외버스"
602205,H,운수 및 창고업,60,육상 운송 및 파이프라인 운송업,602,육상 여객 운송업,6022,부정기 육상 여객 운송업,전세버스 운송업,49232,전세버스 운송업,,,,,1,"업종코드: 602205
업종 대분류: 운수 및 창고업
업종 중분류: 육상 운송 및 파이프라인 운송업
업종 소분류: 육상 여객 운송업
업종 세분류: 부정기 육상 여객 운송업
업종 세세분류 및 활동명: 전세버스 운송업
연계 KSIC 11차 코드: 49232
연계 KSIC 11차 분류명: 전세버스 운송업"
602206,H,운수 및 창고업,60,육상 운송 및 파이프라인 운송업,602,육상 여객 운송업,6022,부정기 육상 여객 운송업,택시 운송업,49231,택시 운송업,,,,직영 택시,1,"업종코드: 602206
업종 대분류: 운수 및 창고업
업종 중분류: 육상 운송 및 파이프라인 운송업
업종 소분류: 육상 여객 운송업
업종 세분류: 부정기 육상 여객 운송업
업종 세세분류 및 활동명: 택시 운송업
연계 KSIC 11차 코드: 49231
연계 KSIC 11차 분류명: 택시 운송업
세부설명: 직영 택시"
602209,H,운수 및 창고업,60,육상 운송 및 파이프라인 운송업,602,육상 여객 운송업,6022,부정기 육상 여객 운송업,기타 부정기 여객 육상 운송업,49239,기타 부정기 여객 육상 운송업,,,,,1,"업종코드: 602209
업종 대분류: 운수 및 창고업
업종 중분류: 육상 운송 및 파이프라인 운송업
업종 소분류: 육상 여객 운송업
업종 세분류: 부정기 육상 여객 운송업
업종 세세분류 및 활동명: 기타 부정기 여객 육상 운송업
연계 KSIC 11차 코드: 49239
연계 KSIC 11차 분류명: 기타 부정기 여객 육상 운송업"
602301,H,운수 및 창고업,60,육상 운송 및 파이프라인 운송업,602,도로 화물 운송업,6023,도로 화물 운송업,일반 화물 자동차 운송업 | 개인 화물 자동차 운송업,49301 | 49302,일반 화물자동차 운송업 | 개인 화물자동차 운송업,49301,일반 화물자동차 운송업,2,,2,"업종코드: 602301
업종 대분류: 운수 및 창고업
업종 중분류: 육상 운송 및 파이프라인 운송업
업종 소분류: 도로 화물 운송업
업종 세분류: 도로 화물 운송업
업종 세세분류 및 활동명: 일반 화물 자동차 운송업 | 개인 화물 자동차 운송업
연계 KSIC 11차 코드: 49301 | 49302
연계 KSIC 11차 분류명: 일반 화물자동차 운송업 | 개인 화물자동차 운송업
주요 연계 KSIC 코드: 49301
주요 연계 KSIC 분류명: 일반 화물자동차 운송업"
602302,H,운수 및 창고업,60,육상 운송 및 파이프라인 운송업,602,도로 화물 운송업,6023,도로 화물 운송업,일반 화물 자동차 운송업 | 개인 화물 자동차 운송업,49301 | 49302,일반 화물자동차 운송업 | 개인 화물자동차 운송업,49301,일반 화물자동차 운송업,2,대형 화물 자동차(5톤 이상),2,"업종코드: 602302
업종 대분류: 운수 및 창고업
업종 중분류: 육상 운송 및 파이프라인 운송업
업종 소분류: 도로 화물 운송업
업종 세분류: 도로 화물 운송업
업종 세세분류 및 활동명: 일반 화물 자동차 운송업 | 개인 화물 자동차 운송업
연계 KSIC 11차 코드: 49301 | 49302
연계 KSIC 11차 분류명: 일반 화물자동차 운송업 | 개인 화물자동차 운송업
주요 연계 KSIC 코드: 49301
주요 연계 KSIC 분류명: 일반 화물자동차 운송업
세부설명: 대형 화물 자동차(5톤 이상)"
602303,H,운수 및 창고업,60,육상 운송 및 파이프라인 운송업,602,도로 화물 운송업,6023,도로 화물 운송업,일반 화물 자동차 운송업 | 개인 화물 자동차 운송업,49301 | 49302,일반 화물 자동차 운송업 | 개인 화물자동차 운송업,,,,덤프트럭(12톤 미만),2,"업종코드: 602303
업종 대분류: 운수 및 창고업
업종 중분류: 육상 운송 및 파이프라인 운송업
업종 소분류: 도로 화물 운송업
업종 세분류: 도로 화물 운송업
업종 세세분류 및 활동명: 일반 화물 자동차 운송업 | 개인 화물 자동차 운송업
연계 KSIC 11차 코드: 49301 | 49302
연계 KSIC 11차 분류명: 일반 화물 자동차 운송업 | 개인 화물자동차 운송업
세부설명: 덤프트럭(12톤 미만)"
602304,H,운수 및 창고업,60,육상 운송 및 파이프라인 운송업,602,도로 화물 운송업,6023,도로 화물 운송업,일반 화물 자동차 운송업 | 개인 화물 자동차 운송업,49301 | 49302,일반 화물 자동차 운송업 | 개인 화물자동차 운송업,,,,덤프트럭(12톤 이상),2,"업종코드: 602304
업종 대분류: 운수 및 창고업
업종 중분류: 육상 운송 및 파이프라인 운송업
업종 소분류: 도로 화물 운송업
업종 세분류: 도로 화물 운송업
업종 세세분류 및 활동명: 일반 화물 자동차 운송업 | 개인 화물 자동차 운송업
연계 KSIC 11차 코드: 49301 | 49302
연계 KSIC 11차 분류명: 일반 화물 자동차 운송업 | 개인 화물자동차 운송업
세부설명: 덤프트럭(12톤 이상)"
602305,H,운수 및 창고업,60,육상 운송 및 파이프라인 운송업,602,도로 화물 운송업,6023,도로 화물 운송업,일반 화물 자동차 운송업 | 개인 화물 자동차 운송업,49301 | 49302,일반 화물 자동차 운송업 | 개인 화물자동차 운송업,,,,대형 특수 자동차(10톤 이상),2,"업종코드: 602305
업종 대분류: 운수 및 창고업
업종 중분류: 육상 운송 및 파이프라인 운송업
업종 소분류: 도로 화물 운송업
업종 세분류: 도로 화물 운송업
업종 세세분류 및 활동명: 일반 화물 자동차 운송업 | 개인 화물 자동차 운송업
연계 KSIC 11차 코드: 49301 | 49302
연계 KSIC 11차 분류명: 일반 화물 자동차 운송업 | 개인 화물자동차 운송업
세부설명: 대형 특수 자동차(10톤 이상)"
602306,H,운수 및 창고업,60,육상 운송 및 파이프라인 운송업,602,육상 여객 운송업,6023,부정기 육상 여객 운송업,특수 여객 자동차 운송업,49233,특수 여객 자동차 운송업,,,,,1,"업종코드: 602306
업종 대분류: 운수 및 창고업
업종 중분류: 육상 운송 및 파이프라인 운송업
업종 소분류: 육상 여객 운송업
업종 세분류: 부정기 육상 여객 운송업
업종 세세분류 및 활동명: 특수 여객 자동차 운송업
연계 KSIC 11차 코드: 49233
연계 KSIC 11차 분류명: 특수 여객 자동차 운송업"
602307,H,운수 및 창고업,60,육상 운송 및 파이프라인 운송업,602,도로 화물 운송업,6023,도로 화물 운송업,일반 화물 자동차 운송업 | 개인 화물 자동차 운송업,49301 | 49302,일반 화물자동차 운송업 | 개인 화물자동차 운송업,,,,1톤이하 도시내 주행거리요금,2,"업종코드: 602307
업종 대분류: 운수 및 창고업
업종 중분류: 육상 운송 및 파이프라인 운송업
업종 소분류: 도로 화물 운송업
업종 세분류: 도로 화물 운송업
업종 세세분류 및 활동명: 일반 화물 자동차 운송업 | 개인 화물 자동차 운송업
연계 KSIC 11차 코드: 49301 | 49302
연계 KSIC 11차 분류명: 일반 화물자동차 운송업 | 개인 화물자동차 운송업
세부설명: 1톤이하 도시내 주행거리요금"
602308,H,운수 및 창고업,60,육상 운송 및 파이프라인 운송업,602,도로 화물 운송업,6023,도로 화물 운송업,일반 화물 자동차 운송업 | 개인 화물 자동차 운송업,49301 | 49302,일반 화물자동차 운송업 | 개인 화물자동차 운송업,,,,1톤이하 이사화물 | 1톤초과 5톤미만 이사화물,2,"업종코드: 602308
업종 대분류: 운수 및 창고업
업종 중분류: 육상 운송 및 파이프라인 운송업
업종 소분류: 도로 화물 운송업
업종 세분류: 도로 화물 운송업
업종 세세분류 및 활동명: 일반 화물 자동차 운송업 | 개인 화물 자동차 운송업
연계 KSIC 11차 코드: 49301 | 49302
연계 KSIC 11차 분류명: 일반 화물자동차 운송업 | 개인 화물자동차 운송업
세부설명: 1톤이하 이사화물 | 1톤초과 5톤미만 이사화물"
602309,H,운수 및 창고업,60,창고 및 운송관련 서비스업,602,기타 운송관련 서비스업,6023,그 외 기타 운송관련 서비스업,"화물 운송 중개, 대리 및 관련 서비스업",52992,"화물 운송 중개, 대리 및 관련 서비스업",,,,자기명의 화물운송 주선,1,"업종코드: 602309
업종 대분류: 운수 및 창고업
업종 중분류: 창고 및 운송관련 서비스업
업종 소분류: 기타 운송관련 서비스업
업종 세분류: 그 외 기타 운송관련 서비스업
업종 세세분류 및 활동명: 화물 운송 중개, 대리 및 관련 서비스업
연계 KSIC 11차 코드: 52992
연계 KSIC 11차 분류명: 화물 운송 중개, 대리 및 관련 서비스업
세부설명: 자기명의 화물운송 주선"
602310,H,운수 및 창고업,60,육상 운송 및 파이프라인 운송업,602,도로 화물 운송업,6023,도로 화물 운송업,개인 화물 자동차 운송업,49302,개인 화물자동차 운송업,,,,,1,"업종코드: 602310
업종 대분류: 운수 및 창고업
업종 중분류: 육상 운송 및 파이프라인 운송업
업종 소분류: 도로 화물 운송업
업종 세분류: 도로 화물 운송업
업종 세세분류 및 활동명: 개인 화물 자동차 운송업
연계 KSIC 11차 코드: 49302
연계 KSIC 11차 분류명: 개인 화물자동차 운송업"
602313,H,운수 및 창고업,60,육상 운송 및 파이프라인 운송업,602,도로 화물 운송업,6023,도로 화물 운송업,기타 도로 화물 운송업,49309,기타 도로 화물 운송업,,,,,1,"업종코드: 602313
업종 대분류: 운수 및 창고업
업종 중분류: 육상 운송 및 파이프라인 운송업
업종 소분류: 도로 화물 운송업
업종 세분류: 도로 화물 운송업
업종 세세분류 및 활동명: 기타 도로 화물 운송업
연계 KSIC 11차 코드: 49309
연계 KSIC 11차 분류명: 기타 도로 화물 운송업"
602314,H,운수 및 창고업,60,육상 운송 및 파이프라인 운송업,602,도로 화물 운송업,6023,도로 화물 운송업,기타 도로 화물 운송업 | 개인 화물 자동차 운송업 | 일반 화물 자동차 운송업,49309 | 49302 | 49301,기타 도로 화물 운송업 | 개인 화물자동차 운송업 | 일반 화물 자동차 운송업,,,,"수출입컨테이너, 시멘트, 철강재, 위험물질 운송",3,"업종코드: 602314
업종 대분류: 운수 및 창고업
업종 중분류: 육상 운송 및 파이프라인 운송업
업종 소분류: 도로 화물 운송업
업종 세분류: 도로 화물 운송업
업종 세세분류 및 활동명: 기타 도로 화물 운송업 | 개인 화물 자동차 운송업 | 일반 화물 자동차 운송업
연계 KSIC 11차 코드: 49309 | 49302 | 49301
연계 KSIC 11차 분류명: 기타 도로 화물 운송업 | 개인 화물자동차 운송업 | 일반 화물 자동차 운송업
세부설명: 수출입컨테이너, 시멘트, 철강재, 위험물질 운송"
602315,H,운수 및 창고업,60,육상 운송 및 파이프라인 운송업,602,도로 화물 운송업,6023,도로 화물 운송업,일반 화물 자동차 운송업 | 개인 화물 자동차 운송업,49301 | 49302,일반 화물 자동차 운송업 | 개인 화물자동차 운송업,,,,가전제품 운송,2,"업종코드: 602315
업종 대분류: 운수 및 창고업
업종 중분류: 육상 운송 및 파이프라인 운송업
업종 소분류: 도로 화물 운송업
업종 세분류: 도로 화물 운송업
업종 세세분류 및 활동명: 일반 화물 자동차 운송업 | 개인 화물 자동차 운송업
연계 KSIC 11차 코드: 49301 | 49302
연계 KSIC 11차 분류명: 일반 화물 자동차 운송업 | 개인 화물자동차 운송업
세부설명: 가전제품 운송"
602316,H,운수 및 창고업,60,육상 운송 및 파이프라인 운송업,602,도로 화물 운송업,6023,도로 화물 운송업,개인 화물 자동차 운송업 | 일반 화물 자동차 운송업 | 기타 도로 화물 운송업,49302 | 49301 | 49309,개인 화물자동차 운송업 | 일반 화물 자동차 운송업 | 기타 도로 화물 운송업,,,,유통물류 운송,3,"업종코드: 602316
업종 대분류: 운수 및 창고업
업종 중분류: 육상 운송 및 파이프라인 운송업
업종 소분류: 도로 화물 운송업
업종 세분류: 도로 화물 운송업
업종 세세분류 및 활동명: 개인 화물 자동차 운송업 | 일반 화물 자동차 운송업 | 기타 도로 화물 운송업
연계 KSIC 11차 코드: 49302 | 49301 | 49309
연계 KSIC 11차 분류명: 개인 화물자동차 운송업 | 일반 화물 자동차 운송업 | 기타 도로 화물 운송업
세부설명: 유통물류 운송"
603000,H,운수 및 창고업,60,육상 운송 및 파이프라인 운송업,603,파이프라인 운송업,6030,파이프라인 운송업,파이프라인 운송업,49500,파이프라인 운송업,,,,,1,"업종코드: 603000
업종 대분류: 운수 및 창고업
업종 중분류: 육상 운송 및 파이프라인 운송업
업종 소분류: 파이프라인 운송업
업종 세분류: 파이프라인 운송업
업종 세세분류 및 활동명: 파이프라인 운송업
연계 KSIC 11차 코드: 49500
연계 KSIC 11차 분류명: 파이프라인 운송업"
611001,H,운수 및 창고업,61,수상 운송업,611,해상 운송업,6110,내항 운송업,내항 여객 운송업,50121,내항 여객 운송업,,,,,1,"업종코드: 611001
업종 대분류: 운수 및 창고업
업종 중분류: 수상 운송업
업종 소분류: 해상 운송업
업종 세분류: 내항 운송업
업종 세세분류 및 활동명: 내항 여객 운송업
연계 KSIC 11차 코드: 50121
연계 KSIC 11차 분류명: 내항 여객 운송업"
611002,H,운수 및 창고업,61,수상 운송업,611,해상 운송업,6110,외항 운송업,외항 화물 운송업,50112,외항 화물 운송업,,,,,1,"업종코드: 611002
업종 대분류: 운수 및 창고업
업종 중분류: 수상 운송업
업종 소분류: 해상 운송업
업종 세분류: 외항 운송업
업종 세세분류 및 활동명: 외항 화물 운송업
연계 KSIC 11차 코드: 50112
연계 KSIC 11차 분류명: 외항 화물 운송업"
611003,H,운수 및 창고업,61,수상 운송업,611,해상 운송업,6110,내항 운송업,내항 화물 운송업,50122,내항 화물 운송업,,,,,1,"업종코드: 611003
업종 대분류: 운수 및 창고업
업종 중분류: 수상 운송업
업종 소분류: 해상 운송업
업종 세분류: 내항 운송업
업종 세세분류 및 활동명: 내항 화물 운송업
연계 KSIC 11차 코드: 50122
연계 KSIC 11차 분류명: 내항 화물 운송업"
611004,H,운수 및 창고업,61,수상 운송업,611,해상 운송업,6110,기타 해상 운송업,기타 해상 운송업,50130,기타 해상 운송업,,,,,1,"업종코드: 611004
업종 대분류: 운수 및 창고업
업종 중분류: 수상 운송업
업종 소분류: 해상 운송업
업종 세분류: 기타 해상 운송업
업종 세세분류 및 활동명: 기타 해상 운송업
연계 KSIC 11차 코드: 50130
연계 KSIC 11차 분류명: 기타 해상 운송업"
611005,H,운수 및 창고업,61,수상 운송업,611,해상 운송업,6110,외항 운송업,외항 여객 운송업,50111,외항 여객 운송업,,,,,1,"업종코드: 611005
업종 대분류: 운수 및 창고업
업종 중분류: 수상 운송업
업종 소분류: 해상 운송업
업종 세분류: 외항 운송업
업종 세세분류 및 활동명: 외항 여객 운송업
연계 KSIC 11차 코드: 50111
연계 KSIC 11차 분류명: 외항 여객 운송업"
612000,H,운수 및 창고업,61,수상 운송업,612,내륙 수상 및 항만 내 운송업,6120,내륙 수상 및 항만 내 운송업,기타 내륙 수상 여객 및 화물 운송업,50209,기타 내륙 수상 여객 및 화물 운송업,50209,기타 내륙 수상 여객 및 화물 운송업,1,,1,"업종코드: 612000
업종 대분류: 운수 및 창고업
업종 중분류: 수상 운송업
업종 소분류: 내륙 수상 및 항만 내 운송업
업종 세분류: 내륙 수상 및 항만 내 운송업
업종 세세분류 및 활동명: 기타 내륙 수상 여객 및 화물 운송업
연계 KSIC 11차 코드: 50209
연계 KSIC 11차 분류명: 기타 내륙 수상 여객 및 화물 운송업
주요 연계 KSIC 코드: 50209
주요 연계 KSIC 분류명: 기타 내륙 수상 여객 및 화물 운송업"
612001,H,운수 및 창고업,61,수상 운송업,612,내륙 수상 및 항만 내 운송업,6120,내륙 수상 및 항만 내 운송업,항만 내 여객 운송업,50201,항만 내 여객 운송업,,,,,1,"업종코드: 612001
업종 대분류: 운수 및 창고업
업종 중분류: 수상 운송업
업종 소분류: 내륙 수상 및 항만 내 운송업
업종 세분류: 내륙 수상 및 항만 내 운송업
업종 세세분류 및 활동명: 항만 내 여객 운송업
연계 KSIC 11차 코드: 50201
연계 KSIC 11차 분류명: 항만 내 여객 운송업"
612002,H,운수 및 창고업,61,수상 운송업,612,내륙 수상 및 항만 내 운송업,6120,내륙 수상 및 항만 내 운송업,기타 내륙 수상 여객 및 화물 운송업,50209,기타 내륙 수상 여객 및 화물 운송업,,,,"예인선, 견인선 등 기타내륙수상",1,"업종코드: 612002
업종 대분류: 운수 및 창고업
업종 중분류: 수상 운송업
업종 소분류: 내륙 수상 및 항만 내 운송업
업종 세분류: 내륙 수상 및 항만 내 운송업
업종 세세분류 및 활동명: 기타 내륙 수상 여객 및 화물 운송업
연계 KSIC 11차 코드: 50209
연계 KSIC 11차 분류명: 기타 내륙 수상 여객 및 화물 운송업
세부설명: 예인선, 견인선 등 기타내륙수상"
612003,H,운수 및 창고업,61,창고 및 운송관련 서비스업,612,기타 운송관련 서비스업,6120,화물 취급업,수상 화물 취급업,52942,수상 화물 취급업,,,,"강ㆍ운하, 항만내 화물운송",1,"업종코드: 612003
업종 대분류: 운수 및 창고업
업종 중분류: 창고 및 운송관련 서비스업
업종 소분류: 기타 운송관련 서비스업
업종 세분류: 화물 취급업
업종 세세분류 및 활동명: 수상 화물 취급업
연계 KSIC 11차 코드: 52942
연계 KSIC 11차 분류명: 수상 화물 취급업
세부설명: 강ㆍ운하, 항만내 화물운송"
621000,H,운수 및 창고업,62,항공 운송업,621,항공 여객 운송업,6210,항공 여객 운송업,항공 여객 운송업,51100,항공 여객 운송업,,,,,1,"업종코드: 621000
업종 대분류: 운수 및 창고업
업종 중분류: 항공 운송업
업종 소분류: 항공 여객 운송업
업종 세분류: 항공 여객 운송업
업종 세세분류 및 활동명: 항공 여객 운송업
연계 KSIC 11차 코드: 51100
연계 KSIC 11차 분류명: 항공 여객 운송업"
621001,H,운수 및 창고업,62,항공 운송업,621,항공 화물 운송업,6210,항공 화물 운송업,항공 화물 운송업,51200,항공 화물 운송업,,,,,1,"업종코드: 621001
업종 대분류: 운수 및 창고업
업종 중분류: 항공 운송업
업종 소분류: 항공 화물 운송업
업종 세분류: 항공 화물 운송업
업종 세세분류 및 활동명: 항공 화물 운송업
연계 KSIC 11차 코드: 51200
연계 KSIC 11차 분류명: 항공 화물 운송업"
630101,H,운수 및 창고업,63,창고 및 운송관련 서비스업,630,기타 운송관련 서비스업,6301,화물 취급업,항공 및 육상 화물 취급업,52941,항공 및 육상 화물 취급업,,,,,1,"업종코드: 630101
업종 대분류: 운수 및 창고업
업종 중분류: 창고 및 운송관련 서비스업
업종 소분류: 기타 운송관련 서비스업
업종 세분류: 화물 취급업
업종 세세분류 및 활동명: 항공 및 육상 화물 취급업
연계 KSIC 11차 코드: 52941
연계 KSIC 11차 분류명: 항공 및 육상 화물 취급업"
630102,H,운수 및 창고업,63,창고 및 운송관련 서비스업,630,기타 운송관련 서비스업,6301,화물 취급업,수상 화물 취급업,52942,수상 화물 취급업,52942,수상 화물 취급업,1,,1,"업종코드: 630102
업종 대분류: 운수 및 창고업
업종 중분류: 창고 및 운송관련 서비스업
업종 소분류: 기타 운송관련 서비스업
업종 세분류: 화물 취급업
업종 세세분류 및 활동명: 수상 화물 취급업
연계 KSIC 11차 코드: 52942
연계 KSIC 11차 분류명: 수상 화물 취급업
주요 연계 KSIC 코드: 52942
주요 연계 KSIC 분류명: 수상 화물 취급업"
630201,H,운수 및 창고업,63,창고 및 운송관련 서비스업,630,보관 및 창고업,6302,보관 및 창고업,일반 창고업,52101,일반 창고업,,,,,1,"업종코드: 630201
업종 대분류: 운수 및 창고업
업종 중분류: 창고 및 운송관련 서비스업
업종 소분류: 보관 및 창고업
업종 세분류: 보관 및 창고업
업종 세세분류 및 활동명: 일반 창고업
연계 KSIC 11차 코드: 52101
연계 KSIC 11차 분류명: 일반 창고업"
630202,H,운수 및 창고업,63,창고 및 운송관련 서비스업,630,보관 및 창고업,6302,보관 및 창고업,냉장 및 냉동 창고업,52102,냉장 및 냉동 창고업,,,,,1,"업종코드: 630202
업종 대분류: 운수 및 창고업
업종 중분류: 창고 및 운송관련 서비스업
업종 소분류: 보관 및 창고업
업종 세분류: 보관 및 창고업
업종 세세분류 및 활동명: 냉장 및 냉동 창고업
연계 KSIC 11차 코드: 52102
연계 KSIC 11차 분류명: 냉장 및 냉동 창고업"
630203,H,운수 및 창고업,63,창고 및 운송관련 서비스업,630,보관 및 창고업,6302,보관 및 창고업,농산물 창고업,52103,농산물 창고업,,,,,1,"업종코드: 630203
업종 대분류: 운수 및 창고업
업종 중분류: 창고 및 운송관련 서비스업
업종 소분류: 보관 및 창고업
업종 세분류: 보관 및 창고업
업종 세세분류 및 활동명: 농산물 창고업
연계 KSIC 11차 코드: 52103
연계 KSIC 11차 분류명: 농산물 창고업"
630204,H,운수 및 창고업,63,창고 및 운송관련 서비스업,630,보관 및 창고업,6302,보관 및 창고업,위험 물품 보관업,52104,위험 물품 보관업,,,,,1,"업종코드: 630204
업종 대분류: 운수 및 창고업
업종 중분류: 창고 및 운송관련 서비스업
업종 소분류: 보관 및 창고업
업종 세분류: 보관 및 창고업
업종 세세분류 및 활동명: 위험 물품 보관업
연계 KSIC 11차 코드: 52104
연계 KSIC 11차 분류명: 위험 물품 보관업"
630205,H,운수 및 창고업,63,창고 및 운송관련 서비스업,630,보관 및 창고업,6302,보관 및 창고업,기타 보관 및 창고업,52109,기타 보관 및 창고업,,,,,1,"업종코드: 630205
업종 대분류: 운수 및 창고업
업종 중분류: 창고 및 운송관련 서비스업
업종 소분류: 보관 및 창고업
업종 세분류: 보관 및 창고업
업종 세세분류 및 활동명: 기타 보관 및 창고업
연계 KSIC 11차 코드: 52109
연계 KSIC 11차 분류명: 기타 보관 및 창고업"
630301,H,운수 및 창고업,63,창고 및 운송관련 서비스업,630,기타 운송관련 서비스업,6303,육상 운송 지원 서비스업,철도 운송 지원 서비스업,52911,철도 운송 지원 서비스업,,,,,1,"업종코드: 630301
업종 대분류: 운수 및 창고업
업종 중분류: 창고 및 운송관련 서비스업
업종 소분류: 기타 운송관련 서비스업
업종 세분류: 육상 운송 지원 서비스업
업종 세세분류 및 활동명: 철도 운송 지원 서비스업
연계 KSIC 11차 코드: 52911
연계 KSIC 11차 분류명: 철도 운송 지원 서비스업"
630302,H,운수 및 창고업,63,창고 및 운송관련 서비스업,630,기타 운송관련 서비스업,6303,육상 운송 지원 서비스업,여객 자동차 터미널 운영업,52912,여객 자동차 터미널 운영업,,,,,1,"업종코드: 630302
업종 대분류: 운수 및 창고업
업종 중분류: 창고 및 운송관련 서비스업
업종 소분류: 기타 운송관련 서비스업
업종 세분류: 육상 운송 지원 서비스업
업종 세세분류 및 활동명: 여객 자동차 터미널 운영업
연계 KSIC 11차 코드: 52912
연계 KSIC 11차 분류명: 여객 자동차 터미널 운영업"
630303,H,운수 및 창고업,63,창고 및 운송관련 서비스업,630,기타 운송관련 서비스업,6303,육상 운송 지원 서비스업,주차장 운영업,52915,주차장 운영업,,,,,1,"업종코드: 630303
업종 대분류: 운수 및 창고업
업종 중분류: 창고 및 운송관련 서비스업
업종 소분류: 기타 운송관련 서비스업
업종 세분류: 육상 운송 지원 서비스업
업종 세세분류 및 활동명: 주차장 운영업
연계 KSIC 11차 코드: 52915
연계 KSIC 11차 분류명: 주차장 운영업"
630304,N,"사업시설 관리, 사업 지원 및 임대 서비스업",63,임대업; 부동산 제외,630,운송장비 임대업,6303,자동차 임대업,자동차 임대업(렌트카),76110,자동차 임대업,,,,,1,"업종코드: 630304
업종 대분류: 사업시설 관리, 사업 지원 및 임대 서비스업
업종 중분류: 임대업; 부동산 제외
업종 소분류: 운송장비 임대업
업종 세분류: 자동차 임대업
업종 세세분류 및 활동명: 자동차 임대업(렌트카)
연계 KSIC 11차 코드: 76110
연계 KSIC 11차 분류명: 자동차 임대업"
630305,H,운수 및 창고업,63,창고 및 운송관련 서비스업,630,기타 운송관련 서비스업,6303,육상 운송 지원 서비스업,물류 터미널 운영업,52913,물류 터미널 운영업,,,,,1,"업종코드: 630305
업종 대분류: 운수 및 창고업
업종 중분류: 창고 및 운송관련 서비스업
업종 소분류: 기타 운송관련 서비스업
업종 세분류: 육상 운송 지원 서비스업
업종 세세분류 및 활동명: 물류 터미널 운영업
연계 KSIC 11차 코드: 52913
연계 KSIC 11차 분류명: 물류 터미널 운영업"
630309,H,운수 및 창고업,63,창고 및 운송관련 서비스업,630,기타 운송관련 서비스업,6303,육상 운송 지원 서비스업,기타 육상 운송지원 서비스업,52919,기타 육상 운송지원 서비스업,,,,,1,"업종코드: 630309
업종 대분류: 운수 및 창고업
업종 중분류: 창고 및 운송관련 서비스업
업종 소분류: 기타 운송관련 서비스업
업종 세분류: 육상 운송 지원 서비스업
업종 세세분류 및 활동명: 기타 육상 운송지원 서비스업
연계 KSIC 11차 코드: 52919
연계 KSIC 11차 분류명: 기타 육상 운송지원 서비스업"
630311,H,운수 및 창고업,63,창고 및 운송관련 서비스업,630,기타 운송관련 서비스업,6303,육상 운송 지원 서비스업,도로 및 관련시설 운영업,52914,도로 및 관련시설 운영업,52914,도로 및 관련시설 운영업,1,,1,"업종코드: 630311
업종 대분류: 운수 및 창고업
업종 중분류: 창고 및 운송관련 서비스업
업종 소분류: 기타 운송관련 서비스업
업종 세분류: 육상 운송 지원 서비스업
업종 세세분류 및 활동명: 도로 및 관련시설 운영업
연계 KSIC 11차 코드: 52914
연계 KSIC 11차 분류명: 도로 및 관련시설 운영업
주요 연계 KSIC 코드: 52914
주요 연계 KSIC 분류명: 도로 및 관련시설 운영업"
630401,H,운수 및 창고업,63,창고 및 운송관련 서비스업,630,기타 운송관련 서비스업,6304,수상 운송 지원 서비스업,기타 수상 운송 지원 서비스업,52929,기타 수상 운송 지원 서비스업,,,,선박 구난 및 인양,1,"업종코드: 630401
업종 대분류: 운수 및 창고업
업종 중분류: 창고 및 운송관련 서비스업
업종 소분류: 기타 운송관련 서비스업
업종 세분류: 수상 운송 지원 서비스업
업종 세세분류 및 활동명: 기타 수상 운송 지원 서비스업
연계 KSIC 11차 코드: 52929
연계 KSIC 11차 분류명: 기타 수상 운송 지원 서비스업
세부설명: 선박 구난 및 인양"
630402,H,운수 및 창고업,63,창고 및 운송관련 서비스업,630,기타 운송관련 서비스업,6304,수상 운송 지원 서비스업,선박관리업 | 기타 수상 운송 지원 서비스업,52922 | 52929,선박관리업 | 기타 수상 운송 지원 서비스업,52929,기타 수상 운송 지원 서비스업,1,,2,"업종코드: 630402
업종 대분류: 운수 및 창고업
업종 중분류: 창고 및 운송관련 서비스업
업종 소분류: 기타 운송관련 서비스업
업종 세분류: 수상 운송 지원 서비스업
업종 세세분류 및 활동명: 선박관리업 | 기타 수상 운송 지원 서비스업
연계 KSIC 11차 코드: 52922 | 52929
연계 KSIC 11차 분류명: 선박관리업 | 기타 수상 운송 지원 서비스업
주요 연계 KSIC 코드: 52929
주요 연계 KSIC 분류명: 기타 수상 운송 지원 서비스업"
630403,H,운수 및 창고업,63,창고 및 운송관련 서비스업,630,기타 운송관련 서비스업,6304,수상 운송 지원 서비스업,기타 수상 운송 지원 서비스업,52929,기타 수상 운송 지원 서비스업,,,,도선사,1,"업종코드: 630403
업종 대분류: 운수 및 창고업
업종 중분류: 창고 및 운송관련 서비스업
업종 소분류: 기타 운송관련 서비스업
업종 세분류: 수상 운송 지원 서비스업
업종 세세분류 및 활동명: 기타 수상 운송 지원 서비스업
연계 KSIC 11차 코드: 52929
연계 KSIC 11차 분류명: 기타 수상 운송 지원 서비스업
세부설명: 도선사"
630405,H,운수 및 창고업,63,창고 및 운송관련 서비스업,630,기타 운송관련 서비스업,6304,수상 운송 지원 서비스업,항구 및 기타 해상 터미널 운영업,52921,항구 및 기타 해상 터미널 운영업,,,,,1,"업종코드: 630405
업종 대분류: 운수 및 창고업
업종 중분류: 창고 및 운송관련 서비스업
업종 소분류: 기타 운송관련 서비스업
업종 세분류: 수상 운송 지원 서비스업
업종 세세분류 및 활동명: 항구 및 기타 해상 터미널 운영업
연계 KSIC 11차 코드: 52921
연계 KSIC 11차 분류명: 항구 및 기타 해상 터미널 운영업"
630500,H,운수 및 창고업,63,창고 및 운송관련 서비스업,630,기타 운송관련 서비스업,6305,항공 운송 지원 서비스업,기타 항공 운송지원 서비스업,52939,기타 항공 운송지원 서비스업,,,,,1,"업종코드: 630500
업종 대분류: 운수 및 창고업
업종 중분류: 창고 및 운송관련 서비스업
업종 소분류: 기타 운송관련 서비스업
업종 세분류: 항공 운송 지원 서비스업
업종 세세분류 및 활동명: 기타 항공 운송지원 서비스업
연계 KSIC 11차 코드: 52939
연계 KSIC 11차 분류명: 기타 항공 운송지원 서비스업"
630501,H,운수 및 창고업,63,창고 및 운송관련 서비스업,630,기타 운송관련 서비스업,6305,항공 운송 지원 서비스업,공항 운영업,52931,공항 운영업,,,,,1,"업종코드: 630501
업종 대분류: 운수 및 창고업
업종 중분류: 창고 및 운송관련 서비스업
업종 소분류: 기타 운송관련 서비스업
업종 세분류: 항공 운송 지원 서비스업
업종 세세분류 및 활동명: 공항 운영업
연계 KSIC 11차 코드: 52931
연계 KSIC 11차 분류명: 공항 운영업"
630600,N,"사업시설 관리, 사업 지원 및 임대 서비스업",63,사업 지원 서비스업,630,여행사 및 기타 여행 보조 서비스업,6306,여행사업,여행사업,75210,여행사업,,,,,1,"업종코드: 630600
업종 대분류: 사업시설 관리, 사업 지원 및 임대 서비스업
업종 중분류: 사업 지원 서비스업
업종 소분류: 여행사 및 기타 여행 보조 서비스업
업종 세분류: 여행사업
업종 세세분류 및 활동명: 여행사업
연계 KSIC 11차 코드: 75210
연계 KSIC 11차 분류명: 여행사업"
630601,N,"사업시설 관리, 사업 지원 및 임대 서비스업",63,사업 지원 서비스업,630,여행사 및 기타 여행 보조 서비스업,6306,기타 여행 보조 및 예약 서비스업,기타 여행 보조 및 예약 서비스업,75290,기타 여행 보조 및 예약 서비스업,75290,기타 여행 보조 및 예약 서비스업,1,,1,"업종코드: 630601
업종 대분류: 사업시설 관리, 사업 지원 및 임대 서비스업
업종 중분류: 사업 지원 서비스업
업종 소분류: 여행사 및 기타 여행 보조 서비스업
업종 세분류: 기타 여행 보조 및 예약 서비스업
업종 세세분류 및 활동명: 기타 여행 보조 및 예약 서비스업
연계 KSIC 11차 코드: 75290
연계 KSIC 11차 분류명: 기타 여행 보조 및 예약 서비스업
주요 연계 KSIC 코드: 75290
주요 연계 KSIC 분류명: 기타 여행 보조 및 예약 서비스업"
630701,H,운수 및 창고업,63,육상 운송 및 파이프라인 운송업,630,육상 여객 운송업,6307,도시 정기 육상 여객 운송업 | 시외버스 운송업 | 부정기 육상 여객 운송업,시내버스 운송업 | 시외버스 운송업 | 택시 운송업,49212 | 49220 | 49231,시내버스 운송업 | 시외버스 운송업 | 택시 운송업,,,,지입 시내버스 | 지입 시외버스 | 지입 택시,3,"업종코드: 630701
업종 대분류: 운수 및 창고업
업종 중분류: 육상 운송 및 파이프라인 운송업
업종 소분류: 육상 여객 운송업
업종 세분류: 도시 정기 육상 여객 운송업 | 시외버스 운송업 | 부정기 육상 여객 운송업
업종 세세분류 및 활동명: 시내버스 운송업 | 시외버스 운송업 | 택시 운송업
연계 KSIC 11차 코드: 49212 | 49220 | 49231
연계 KSIC 11차 분류명: 시내버스 운송업 | 시외버스 운송업 | 택시 운송업
세부설명: 지입 시내버스 | 지입 시외버스 | 지입 택시"
630702,H,운수 및 창고업,63,육상 운송 및 파이프라인 운송업,630,도로 화물 운송업,6307,도로 화물 운송업,일반 화물 자동차 운송업 | 개인 화물 자동차 운송업,49301 | 49302,일반 화물 자동차 운송업 | 개인 화물자동차 운송업 | 일반 화물자동차 운송업,,,,지입,3,"업종코드: 630702
업종 대분류: 운수 및 창고업
업종 중분류: 육상 운송 및 파이프라인 운송업
업종 소분류: 도로 화물 운송업
업종 세분류: 도로 화물 운송업
업종 세세분류 및 활동명: 일반 화물 자동차 운송업 | 개인 화물 자동차 운송업
연계 KSIC 11차 코드: 49301 | 49302
연계 KSIC 11차 분류명: 일반 화물 자동차 운송업 | 개인 화물자동차 운송업 | 일반 화물자동차 운송업
세부설명: 지입"
630901,H,운수 및 창고업,63,육상 운송 및 파이프라인 운송업,630,소화물 전문 운송업,6309,소화물 전문 운송업,택배업,49401,택배업,49401,택배업,1,,1,"업종코드: 630901
업종 대분류: 운수 및 창고업
업종 중분류: 육상 운송 및 파이프라인 운송업
업종 소분류: 소화물 전문 운송업
업종 세분류: 소화물 전문 운송업
업종 세세분류 및 활동명: 택배업
연계 KSIC 11차 코드: 49401
연계 KSIC 11차 분류명: 택배업
주요 연계 KSIC 코드: 49401
주요 연계 KSIC 분류명: 택배업"
630902,H,운수 및 창고업,63,창고 및 운송관련 서비스업,630,기타 운송관련 서비스업,6309,그 외 기타 운송관련 서비스업,"통관 대리 및 관련서비스업 | 화물 운송 중개, 대리 및 관련 서비스업",52991 | 52992,"통관 대리 및 관련서비스업 | 화물 운송 중개, 대리 및 관련 서비스업",52991 | 52992,"통관 대리 및 관련서비스업 | 화물 운송 중개, 대리 및 관련 서비스업",1,,2,"업종코드: 630902
업종 대분류: 운수 및 창고업
업종 중분류: 창고 및 운송관련 서비스업
업종 소분류: 기타 운송관련 서비스업
업종 세분류: 그 외 기타 운송관련 서비스업
업종 세세분류 및 활동명: 통관 대리 및 관련서비스업 | 화물 운송 중개, 대리 및 관련 서비스업
연계 KSIC 11차 코드: 52991 | 52992
연계 KSIC 11차 분류명: 통관 대리 및 관련서비스업 | 화물 운송 중개, 대리 및 관련 서비스업
주요 연계 KSIC 코드: 52991 | 52992
주요 연계 KSIC 분류명: 통관 대리 및 관련서비스업 | 화물 운송 중개, 대리 및 관련 서비스업"
630903,H,운수 및 창고업,63,창고 및 운송관련 서비스업,630,기타 운송관련 서비스업,6309,그 외 기타 운송관련 서비스업,"화물 포장, 검수 및 계량 서비스업",52993,"화물 포장, 검수 및 계량 서비스업",52993,"화물 포장, 검수 및 계량 서비스업",1,,1,"업종코드: 630903
업종 대분류: 운수 및 창고업
업종 중분류: 창고 및 운송관련 서비스업
업종 소분류: 기타 운송관련 서비스업
업종 세분류: 그 외 기타 운송관련 서비스업
업종 세세분류 및 활동명: 화물 포장, 검수 및 계량 서비스업
연계 KSIC 11차 코드: 52993
연계 KSIC 11차 분류명: 화물 포장, 검수 및 계량 서비스업
주요 연계 KSIC 코드: 52993
주요 연계 KSIC 분류명: 화물 포장, 검수 및 계량 서비스업"
630904,H,운수 및 창고업,63,육상 운송 및 파이프라인 운송업,630,소화물 전문 운송업,6309,소화물 전문 운송업,늘찬 배달업,49402,늘찬 배달업,,,,,1,"업종코드: 630904
업종 대분류: 운수 및 창고업
업종 중분류: 육상 운송 및 파이프라인 운송업
업종 소분류: 소화물 전문 운송업
업종 세분류: 소화물 전문 운송업
업종 세세분류 및 활동명: 늘찬 배달업
연계 KSIC 11차 코드: 49402
연계 KSIC 11차 분류명: 늘찬 배달업"
630905,H,운수 및 창고업,63,창고 및 운송관련 서비스업,630,기타 운송관련 서비스업,6309,그 외 기타 운송관련 서비스업,"화물 포장, 검수 및 계량 서비스업",52993,"화물 포장, 검수 및 계량 서비스업",,,,포장이사,1,"업종코드: 630905
업종 대분류: 운수 및 창고업
업종 중분류: 창고 및 운송관련 서비스업
업종 소분류: 기타 운송관련 서비스업
업종 세분류: 그 외 기타 운송관련 서비스업
업종 세세분류 및 활동명: 화물 포장, 검수 및 계량 서비스업
연계 KSIC 11차 코드: 52993
연계 KSIC 11차 분류명: 화물 포장, 검수 및 계량 서비스업
세부설명: 포장이사"
630909,H,운수 및 창고업,63,창고 및 운송관련 서비스업,630,기타 운송관련 서비스업,6309,그 외 기타 운송관련 서비스업,그 외 기타 분류 안된 운송관련 서비스업,52999,그 외 기타 분류 안된 운송관련 서비스업,,,,,1,"업종코드: 630909
업종 대분류: 운수 및 창고업
업종 중분류: 창고 및 운송관련 서비스업
업종 소분류: 기타 운송관련 서비스업
업종 세분류: 그 외 기타 운송관련 서비스업
업종 세세분류 및 활동명: 그 외 기타 분류 안된 운송관련 서비스업
연계 KSIC 11차 코드: 52999
연계 KSIC 11차 분류명: 그 외 기타 분류 안된 운송관련 서비스업"
641100,K,금융 및 보험업,64,금융업,641,은행 및 저축기관,6411,중앙은행,중앙은행,64110,중앙은행,,,,,1,"업종코드: 641100
업종 대분류: 금융 및 보험업
업종 중분류: 금융업
업종 소분류: 은행 및 저축기관
업종 세분류: 중앙은행
업종 세세분류 및 활동명: 중앙은행
연계 KSIC 11차 코드: 64110
연계 KSIC 11차 분류명: 중앙은행"
641200,J,정보통신업,64,우편 및 통신업,641,공영 우편업,6412,공영 우편업,공영 우편업,61100,공영 우편업,,,,,1,"업종코드: 641200
업종 대분류: 정보통신업
업종 중분류: 우편 및 통신업
업종 소분류: 공영 우편업
업종 세분류: 공영 우편업
업종 세세분류 및 활동명: 공영 우편업
연계 KSIC 11차 코드: 61100
연계 KSIC 11차 분류명: 공영 우편업"
641201,H,운수 및 창고업,64,육상 운송 및 파이프라인 운송업,641,소화물 전문 운송업,6412,소화물 전문 운송업,택배업,49401,택배업,,,,"서신송달, 소화물 수집ㆍ운반ㆍ배달",1,"업종코드: 641201
업종 대분류: 운수 및 창고업
업종 중분류: 육상 운송 및 파이프라인 운송업
업종 소분류: 소화물 전문 운송업
업종 세분류: 소화물 전문 운송업
업종 세세분류 및 활동명: 택배업
연계 KSIC 11차 코드: 49401
연계 KSIC 11차 분류명: 택배업
세부설명: 서신송달, 소화물 수집ㆍ운반ㆍ배달"
642001,J,정보통신업,64,우편 및 통신업,642,전기 통신업,6420,무선 및 위성 통신업,무선 및 위성 통신업,61220,무선 및 위성 통신업,,,,,1,"업종코드: 642001
업종 대분류: 정보통신업
업종 중분류: 우편 및 통신업
업종 소분류: 전기 통신업
업종 세분류: 무선 및 위성 통신업
업종 세세분류 및 활동명: 무선 및 위성 통신업
연계 KSIC 11차 코드: 61220
연계 KSIC 11차 분류명: 무선 및 위성 통신업"
642002,J,정보통신업,64,우편 및 통신업,642,전기 통신업,6420,기타 전기 통신업,통신 재판매업,61291,통신 재판매업,,,,,1,"업종코드: 642002
업종 대분류: 정보통신업
업종 중분류: 우편 및 통신업
업종 소분류: 전기 통신업
업종 세분류: 기타 전기 통신업
업종 세세분류 및 활동명: 통신 재판매업
연계 KSIC 11차 코드: 61291
연계 KSIC 11차 분류명: 통신 재판매업"
642003,J,정보통신업,64,우편 및 통신업,642,전기 통신업,6420,기타 전기 통신업,그 외 기타 전기 통신업,61299,그 외 기타 전기 통신업,,,,,1,"업종코드: 642003
업종 대분류: 정보통신업
업종 중분류: 우편 및 통신업
업종 소분류: 전기 통신업
업종 세분류: 기타 전기 통신업
업종 세세분류 및 활동명: 그 외 기타 전기 통신업
연계 KSIC 11차 코드: 61299
연계 KSIC 11차 분류명: 그 외 기타 전기 통신업"
642004,J,정보통신업,64,정보서비스업,642,"자료 처리, 호스팅, 포털 및 기타 인터넷 정보 매개 서비스업",6420,포털 및 기타 인터넷 정보 매개 서비스업,포털 및 기타 인터넷 정보 매개 서비스업,63120,포털 및 기타 인터넷 정보 매개 서비스업,,,,,1,"업종코드: 642004
업종 대분류: 정보통신업
업종 중분류: 정보서비스업
업종 소분류: 자료 처리, 호스팅, 포털 및 기타 인터넷 정보 매개 서비스업
업종 세분류: 포털 및 기타 인터넷 정보 매개 서비스업
업종 세세분류 및 활동명: 포털 및 기타 인터넷 정보 매개 서비스업
연계 KSIC 11차 코드: 63120
연계 KSIC 11차 분류명: 포털 및 기타 인터넷 정보 매개 서비스업"
642005,J,정보통신업,64,우편 및 통신업,642,전기 통신업,6420,유선 통신업,유선 통신업,61210,유선 통신업,,,,,1,"업종코드: 642005
업종 대분류: 정보통신업
업종 중분류: 우편 및 통신업
업종 소분류: 전기 통신업
업종 세분류: 유선 통신업
업종 세세분류 및 활동명: 유선 통신업
연계 KSIC 11차 코드: 61210
연계 KSIC 11차 분류명: 유선 통신업"
659201,K,금융 및 보험업,65,금융업,659,은행 및 저축기관,6592,일반은행,국내은행,64121,국내은행,,,,,1,"업종코드: 659201
업종 대분류: 금융 및 보험업
업종 중분류: 금융업
업종 소분류: 은행 및 저축기관
업종 세분류: 일반은행
업종 세세분류 및 활동명: 국내은행
연계 KSIC 11차 코드: 64121
연계 KSIC 11차 분류명: 국내은행"
659202,K,금융 및 보험업,65,금융업,659,은행 및 저축기관,6592,신용조합 및 저축기관,신용조합,64131,신용조합,,,,,1,"업종코드: 659202
업종 대분류: 금융 및 보험업
업종 중분류: 금융업
업종 소분류: 은행 및 저축기관
업종 세분류: 신용조합 및 저축기관
업종 세세분류 및 활동명: 신용조합
연계 KSIC 11차 코드: 64131
연계 KSIC 11차 분류명: 신용조합"
659203,K,금융 및 보험업,65,금융업,659,기타 금융업,6592,여신 금융업,그 외 기타 여신 금융업,64919,그 외 기타 여신 금융업,,,,금융기관 이외,1,"업종코드: 659203
업종 대분류: 금융 및 보험업
업종 중분류: 금융업
업종 소분류: 기타 금융업
업종 세분류: 여신 금융업
업종 세세분류 및 활동명: 그 외 기타 여신 금융업
연계 KSIC 11차 코드: 64919
연계 KSIC 11차 분류명: 그 외 기타 여신 금융업
세부설명: 금융기관 이외"
659204,K,금융 및 보험업,65,금융업,659,기타 금융업,6592,여신 금융업,그 외 기타 여신 금융업,64919,그 외 기타 여신 금융업,,,,전당포업,1,"업종코드: 659204
업종 대분류: 금융 및 보험업
업종 중분류: 금융업
업종 소분류: 기타 금융업
업종 세분류: 여신 금융업
업종 세세분류 및 활동명: 그 외 기타 여신 금융업
연계 KSIC 11차 코드: 64919
연계 KSIC 11차 분류명: 그 외 기타 여신 금융업
세부설명: 전당포업"
659205,K,금융 및 보험업,65,금융업,659,은행 및 저축기관,6592,신용조합 및 저축기관,상호 저축은행 및 기타 저축기관,64132,상호 저축은행 및 기타 저축기관,,,,,1,"업종코드: 659205
업종 대분류: 금융 및 보험업
업종 중분류: 금융업
업종 소분류: 은행 및 저축기관
업종 세분류: 신용조합 및 저축기관
업종 세세분류 및 활동명: 상호 저축은행 및 기타 저축기관
연계 KSIC 11차 코드: 64132
연계 KSIC 11차 분류명: 상호 저축은행 및 기타 저축기관"
659206,K,금융 및 보험업,65,금융업,659,기타 금융업,6592,여신 금융업,신용카드 및 할부 금융업,64913,신용카드 및 할부 금융업,,,,,1,"업종코드: 659206
업종 대분류: 금융 및 보험업
업종 중분류: 금융업
업종 소분류: 기타 금융업
업종 세분류: 여신 금융업
업종 세세분류 및 활동명: 신용카드 및 할부 금융업
연계 KSIC 11차 코드: 64913
연계 KSIC 11차 분류명: 신용카드 및 할부 금융업"
659207,K,금융 및 보험업,65,금융업,659,은행 및 저축기관,6592,일반은행,외국은행,64122,외국은행,,,,,1,"업종코드: 659207
업종 대분류: 금융 및 보험업
업종 중분류: 금융업
업종 소분류: 은행 및 저축기관
업종 세분류: 일반은행
업종 세세분류 및 활동명: 외국은행
연계 KSIC 11차 코드: 64122
연계 KSIC 11차 분류명: 외국은행"
659208,K,금융 및 보험업,65,금융업,659,기타 금융업,6592,여신 금융업,금융 리스업,64911,금융 리스업,,,,,1,"업종코드: 659208
업종 대분류: 금융 및 보험업
업종 중분류: 금융업
업종 소분류: 기타 금융업
업종 세분류: 여신 금융업
업종 세세분류 및 활동명: 금융 리스업
연계 KSIC 11차 코드: 64911
연계 KSIC 11차 분류명: 금융 리스업"
659209,K,금융 및 보험업,65,금융업,659,기타 금융업,6592,여신 금융업,개발 금융기관,64912,개발 금융기관,,,,,1,"업종코드: 659209
업종 대분류: 금융 및 보험업
업종 중분류: 금융업
업종 소분류: 기타 금융업
업종 세분류: 여신 금융업
업종 세세분류 및 활동명: 개발 금융기관
연계 KSIC 11차 코드: 64912
연계 KSIC 11차 분류명: 개발 금융기관"
659900,K,금융 및 보험업,65,금융업,659,신탁업 및 집합 투자업,6599,신탁업 및 집합 투자업,기타 금융 투자업,64209,기타 금융 투자업,,,,,1,"업종코드: 659900
업종 대분류: 금융 및 보험업
업종 중분류: 금융업
업종 소분류: 신탁업 및 집합 투자업
업종 세분류: 신탁업 및 집합 투자업
업종 세세분류 및 활동명: 기타 금융 투자업
연계 KSIC 11차 코드: 64209
연계 KSIC 11차 분류명: 기타 금융 투자업"
659901,N,"사업시설 관리, 사업 지원 및 임대 서비스업",65,사업 지원 서비스업,659,기타 사업 지원 서비스업,6599,그 외 기타 사업 지원 서비스업,온라인 활용 마케팅 및 관련 사업지원 서비스업 | 그 외 기타 분류 안된 사업 지원 서비스업,75995 | 75999,온라인 활용 마케팅 및 관련 사업지원 서비스업 | 그 외 기타 분류 안된 사업지원 서비스업,,,,상품권 매매업,2,"업종코드: 659901
업종 대분류: 사업시설 관리, 사업 지원 및 임대 서비스업
업종 중분류: 사업 지원 서비스업
업종 소분류: 기타 사업 지원 서비스업
업종 세분류: 그 외 기타 사업 지원 서비스업
업종 세세분류 및 활동명: 온라인 활용 마케팅 및 관련 사업지원 서비스업 | 그 외 기타 분류 안된 사업 지원 서비스업
연계 KSIC 11차 코드: 75995 | 75999
연계 KSIC 11차 분류명: 온라인 활용 마케팅 및 관련 사업지원 서비스업 | 그 외 기타 분류 안된 사업지원 서비스업
세부설명: 상품권 매매업"
659902,K,금융 및 보험업,65,금융업,659,기타 금융업,6599,그 외 기타 금융업,그 외 기타 분류 안된 금융업,64999,그 외 기타 분류 안된 금융업,,,,,1,"업종코드: 659902
업종 대분류: 금융 및 보험업
업종 중분류: 금융업
업종 소분류: 기타 금융업
업종 세분류: 그 외 기타 금융업
업종 세세분류 및 활동명: 그 외 기타 분류 안된 금융업
연계 KSIC 11차 코드: 64999
연계 KSIC 11차 분류명: 그 외 기타 분류 안된 금융업"
659903,K,금융 및 보험업,65,금융업,659,신탁업 및 집합 투자업,6599,신탁업 및 집합 투자업,신탁업 및 집합 투자업,64201,신탁업 및 집합 투자업,,,,,1,"업종코드: 659903
업종 대분류: 금융 및 보험업
업종 중분류: 금융업
업종 소분류: 신탁업 및 집합 투자업
업종 세분류: 신탁업 및 집합 투자업
업종 세세분류 및 활동명: 신탁업 및 집합 투자업
연계 KSIC 11차 코드: 64201
연계 KSIC 11차 분류명: 신탁업 및 집합 투자업"
659904,K,금융 및 보험업,65,금융업,659,기타 금융업,6599,여신 금융업,그 외 기타 여신 금융업,64919,그 외 기타 여신 금융업,64919,그 외 기타 여신 금융업,1,,1,"업종코드: 659904
업종 대분류: 금융 및 보험업
업종 중분류: 금융업
업종 소분류: 기타 금융업
업종 세분류: 여신 금융업
업종 세세분류 및 활동명: 그 외 기타 여신 금융업
연계 KSIC 11차 코드: 64919
연계 KSIC 11차 분류명: 그 외 기타 여신 금융업
주요 연계 KSIC 코드: 64919
주요 연계 KSIC 분류명: 그 외 기타 여신 금융업"
659905,K,금융 및 보험업,65,금융업,659,기타 금융업,6599,그 외 기타 금융업,기금 운영업,64991,기금 운영업,,,,,1,"업종코드: 659905
업종 대분류: 금융 및 보험업
업종 중분류: 금융업
업종 소분류: 기타 금융업
업종 세분류: 그 외 기타 금융업
업종 세세분류 및 활동명: 기금 운영업
연계 KSIC 11차 코드: 64991
연계 KSIC 11차 분류명: 기금 운영업"
659906,K,금융 및 보험업,65,금융업,659,기타 금융업,6599,그 외 기타 금융업,지주회사,64992,지주회사,,,,,1,"업종코드: 659906
업종 대분류: 금융 및 보험업
업종 중분류: 금융업
업종 소분류: 기타 금융업
업종 세분류: 그 외 기타 금융업
업종 세세분류 및 활동명: 지주회사
연계 KSIC 11차 코드: 64992
연계 KSIC 11차 분류명: 지주회사"
660100,K,금융 및 보험업,66,보험업,660,보험업,6601,생명보험업,생명보험업,65110,생명보험업,,,,,1,"업종코드: 660100
업종 대분류: 금융 및 보험업
업종 중분류: 보험업
업종 소분류: 보험업
업종 세분류: 생명보험업
업종 세세분류 및 활동명: 생명보험업
연계 KSIC 11차 코드: 65110
연계 KSIC 11차 분류명: 생명보험업"
660101,K,금융 및 보험업,66,보험업,660,재보험업,6601,재보험업,재보험업,65200,재보험업,,,,,1,"업종코드: 660101
업종 대분류: 금융 및 보험업
업종 중분류: 보험업
업종 소분류: 재보험업
업종 세분류: 재보험업
업종 세세분류 및 활동명: 재보험업
연계 KSIC 11차 코드: 65200
연계 KSIC 11차 분류명: 재보험업"
660301,K,금융 및 보험업,66,보험업,660,보험업,6603,손해 및 보증보험업,손해보험업,65121,손해보험업,,,,"자동차보험, 해상보험",1,"업종코드: 660301
업종 대분류: 금융 및 보험업
업종 중분류: 보험업
업종 소분류: 보험업
업종 세분류: 손해 및 보증보험업
업종 세세분류 및 활동명: 손해보험업
연계 KSIC 11차 코드: 65121
연계 KSIC 11차 분류명: 손해보험업
세부설명: 자동차보험, 해상보험"
660302,K,금융 및 보험업,66,보험업,660,보험업,6603,손해 및 보증보험업,손해보험업,65121,손해보험업,,,,화재보험,1,"업종코드: 660302
업종 대분류: 금융 및 보험업
업종 중분류: 보험업
업종 소분류: 보험업
업종 세분류: 손해 및 보증보험업
업종 세세분류 및 활동명: 손해보험업
연계 KSIC 11차 코드: 65121
연계 KSIC 11차 분류명: 손해보험업
세부설명: 화재보험"
660303,K,금융 및 보험업,66,보험업,660,보험업,6603,손해 및 보증보험업,손해보험업,65121,손해보험업,65121,손해보험업,1,,1,"업종코드: 660303
업종 대분류: 금융 및 보험업
업종 중분류: 보험업
업종 소분류: 보험업
업종 세분류: 손해 및 보증보험업
업종 세세분류 및 활동명: 손해보험업
연계 KSIC 11차 코드: 65121
연계 KSIC 11차 분류명: 손해보험업
주요 연계 KSIC 코드: 65121
주요 연계 KSIC 분류명: 손해보험업"
660304,K,금융 및 보험업,66,보험업,660,보험업,6603,손해 및 보증보험업,보증보험업,65122,보증보험업,,,,,1,"업종코드: 660304
업종 대분류: 금융 및 보험업
업종 중분류: 보험업
업종 소분류: 보험업
업종 세분류: 손해 및 보증보험업
업종 세세분류 및 활동명: 보증보험업
연계 KSIC 11차 코드: 65122
연계 KSIC 11차 분류명: 보증보험업"
660305,O,"공공 행정, 국방 및 사회보장 행정",66,"공공 행정, 국방 및 사회보장 행정",660,사회보장 보험업 및 연금업,6603,사회보장보험업,건강보험업,84611,건강 보험업,,,,,1,"업종코드: 660305
업종 대분류: 공공 행정, 국방 및 사회보장 행정
업종 중분류: 공공 행정, 국방 및 사회보장 행정
업종 소분류: 사회보장 보험업 및 연금업
업종 세분류: 사회보장보험업
업종 세세분류 및 활동명: 건강보험업
연계 KSIC 11차 코드: 84611
연계 KSIC 11차 분류명: 건강 보험업"
660306,O,"공공 행정, 국방 및 사회보장 행정",66,"공공 행정, 국방 및 사회보장 행정",660,사회보장 보험업 및 연금업,6603,사회보장보험업,산업 재해 및 기타 사회보장보험업,84619,산업재해 및 기타 사회보장 보험업,,,,,1,"업종코드: 660306
업종 대분류: 공공 행정, 국방 및 사회보장 행정
업종 중분류: 공공 행정, 국방 및 사회보장 행정
업종 소분류: 사회보장 보험업 및 연금업
업종 세분류: 사회보장보험업
업종 세세분류 및 활동명: 산업 재해 및 기타 사회보장보험업
연계 KSIC 11차 코드: 84619
연계 KSIC 11차 분류명: 산업재해 및 기타 사회보장 보험업"
660307,K,금융 및 보험업,66,보험업,660,공제업,6603,공제업,개인 공제업,65301,개인 공제업,,,,,1,"업종코드: 660307
업종 대분류: 금융 및 보험업
업종 중분류: 보험업
업종 소분류: 공제업
업종 세분류: 공제업
업종 세세분류 및 활동명: 개인 공제업
연계 KSIC 11차 코드: 65301
연계 KSIC 11차 분류명: 개인 공제업"
660308,K,금융 및 보험업,66,보험업,660,공제업,6603,공제업,사업 공제업,65302,사업 공제업,,,,,1,"업종코드: 660308
업종 대분류: 금융 및 보험업
업종 중분류: 보험업
업종 소분류: 공제업
업종 세분류: 공제업
업종 세세분류 및 활동명: 사업 공제업
연계 KSIC 11차 코드: 65302
연계 KSIC 11차 분류명: 사업 공제업"
660309,O,"공공 행정, 국방 및 사회보장 행정",66,"공공 행정, 국방 및 사회보장 행정",660,사회보장 보험업 및 연금업,6603,연금업,연금업,84620,연금업,,,,,1,"업종코드: 660309
업종 대분류: 공공 행정, 국방 및 사회보장 행정
업종 중분류: 공공 행정, 국방 및 사회보장 행정
업종 소분류: 사회보장 보험업 및 연금업
업종 세분류: 연금업
업종 세세분류 및 활동명: 연금업
연계 KSIC 11차 코드: 84620
연계 KSIC 11차 분류명: 연금업"
671201,K,금융 및 보험업,67,금융 및 보험관련 서비스업,671,금융 지원 서비스업,6712,기타 금융 지원 서비스업,그 외 기타 금융 지원 서비스업,66199,그 외 기타 금융 지원 서비스업,,,,국공채를 매입하여 증권회사에 직접 납품,1,"업종코드: 671201
업종 대분류: 금융 및 보험업
업종 중분류: 금융 및 보험관련 서비스업
업종 소분류: 금융 지원 서비스업
업종 세분류: 기타 금융 지원 서비스업
업종 세세분류 및 활동명: 그 외 기타 금융 지원 서비스업
연계 KSIC 11차 코드: 66199
연계 KSIC 11차 분류명: 그 외 기타 금융 지원 서비스업
세부설명: 국공채를 매입하여 증권회사에 직접 납품"
671202,K,금융 및 보험업,67,금융 및 보험관련 서비스업,671,금융 지원 서비스업,6712,증권 및 선물 중개업,증권 중개업,66121,증권 중개업,,,,,1,"업종코드: 671202
업종 대분류: 금융 및 보험업
업종 중분류: 금융 및 보험관련 서비스업
업종 소분류: 금융 지원 서비스업
업종 세분류: 증권 및 선물 중개업
업종 세세분류 및 활동명: 증권 중개업
연계 KSIC 11차 코드: 66121
연계 KSIC 11차 분류명: 증권 중개업"
671203,K,금융 및 보험업,67,금융 및 보험관련 서비스업,671,금융 지원 서비스업,6712,증권 및 선물 중개업,선물 중개업,66122,선물 중개업,,,,,1,"업종코드: 671203
업종 대분류: 금융 및 보험업
업종 중분류: 금융 및 보험관련 서비스업
업종 소분류: 금융 지원 서비스업
업종 세분류: 증권 및 선물 중개업
업종 세세분류 및 활동명: 선물 중개업
연계 KSIC 11차 코드: 66122
연계 KSIC 11차 분류명: 선물 중개업"
671900,K,금융 및 보험업,67,금융 및 보험관련 서비스업,671,금융 지원 서비스업,6719,기타 금융 지원 서비스업,그 외 기타 금융 지원 서비스업,66199,그 외 기타 금융 지원 서비스업,66199,그 외 기타 금융 지원 서비스업,1,,1,"업종코드: 671900
업종 대분류: 금융 및 보험업
업종 중분류: 금융 및 보험관련 서비스업
업종 소분류: 금융 지원 서비스업
업종 세분류: 기타 금융 지원 서비스업
업종 세세분류 및 활동명: 그 외 기타 금융 지원 서비스업
연계 KSIC 11차 코드: 66199
연계 KSIC 11차 분류명: 그 외 기타 금융 지원 서비스업
주요 연계 KSIC 코드: 66199
주요 연계 KSIC 분류명: 그 외 기타 금융 지원 서비스업"
671901,K,금융 및 보험업,67,금융 및 보험관련 서비스업,671,금융 지원 서비스업,6719,금융시장 관리업,금융시장 관리업,66110,금융시장 관리업,,,,,1,"업종코드: 671901
업종 대분류: 금융 및 보험업
업종 중분류: 금융 및 보험관련 서비스업
업종 소분류: 금융 지원 서비스업
업종 세분류: 금융시장 관리업
업종 세세분류 및 활동명: 금융시장 관리업
연계 KSIC 11차 코드: 66110
연계 KSIC 11차 분류명: 금융시장 관리업"
671902,K,금융 및 보험업,67,금융 및 보험관련 서비스업,671,금융 지원 서비스업,6719,기타 금융 지원 서비스업,"증권 발행, 관리, 보관 및 거래 지원 서비스업",66191,"증권 발행, 관리, 보관 및 거래 지원 서비스업",,,,,1,"업종코드: 671902
업종 대분류: 금융 및 보험업
업종 중분류: 금융 및 보험관련 서비스업
업종 소분류: 금융 지원 서비스업
업종 세분류: 기타 금융 지원 서비스업
업종 세세분류 및 활동명: 증권 발행, 관리, 보관 및 거래 지원 서비스업
연계 KSIC 11차 코드: 66191
연계 KSIC 11차 분류명: 증권 발행, 관리, 보관 및 거래 지원 서비스업"
671903,K,금융 및 보험업,67,금융 및 보험관련 서비스업,671,금융 지원 서비스업,6719,기타 금융 지원 서비스업,투자 자문업 및 투자 일임업,66192,투자 자문업 및 투자 일임업,,,,,1,"업종코드: 671903
업종 대분류: 금융 및 보험업
업종 중분류: 금융 및 보험관련 서비스업
업종 소분류: 금융 지원 서비스업
업종 세분류: 기타 금융 지원 서비스업
업종 세세분류 및 활동명: 투자 자문업 및 투자 일임업
연계 KSIC 11차 코드: 66192
연계 KSIC 11차 분류명: 투자 자문업 및 투자 일임업"
672000,K,금융 및 보험업,67,금융 및 보험관련 서비스업,672,보험 및 연금관련 서비스업,6720,보험 및 연금관련 서비스업,보험 대리 및 중개업,66202,보험 대리 및 중개업,,,,,1,"업종코드: 672000
업종 대분류: 금융 및 보험업
업종 중분류: 금융 및 보험관련 서비스업
업종 소분류: 보험 및 연금관련 서비스업
업종 세분류: 보험 및 연금관련 서비스업
업종 세세분류 및 활동명: 보험 대리 및 중개업
연계 KSIC 11차 코드: 66202
연계 KSIC 11차 분류명: 보험 대리 및 중개업"
672001,K,금융 및 보험업,67,금융 및 보험관련 서비스업,672,보험 및 연금관련 서비스업,6720,보험 및 연금관련 서비스업,기타 보험 및 연금관련 서비스업,66209,기타 보험 및 연금관련 서비스업,,,,,1,"업종코드: 672001
업종 대분류: 금융 및 보험업
업종 중분류: 금융 및 보험관련 서비스업
업종 소분류: 보험 및 연금관련 서비스업
업종 세분류: 보험 및 연금관련 서비스업
업종 세세분류 및 활동명: 기타 보험 및 연금관련 서비스업
연계 KSIC 11차 코드: 66209
연계 KSIC 11차 분류명: 기타 보험 및 연금관련 서비스업"
701101,L,부동산업,70,부동산업,701,부동산 임대 및 공급업,7011,부동산 임대업,주거용 건물 임대업,68111,주거용 건물 임대업,,,,기준싯가 9억 초과,1,"업종코드: 701101
업종 대분류: 부동산업
업종 중분류: 부동산업
업종 소분류: 부동산 임대 및 공급업
업종 세분류: 부동산 임대업
업종 세세분류 및 활동명: 주거용 건물 임대업
연계 KSIC 11차 코드: 68111
연계 KSIC 11차 분류명: 주거용 건물 임대업
세부설명: 기준싯가 9억 초과"
701102,L,부동산업,70,부동산업,701,부동산 임대 및 공급업,7011,부동산 임대업,주거용 건물 임대업,68111,주거용 건물 임대업,68111,주거용 건물 임대업,1,,1,"업종코드: 701102
업종 대분류: 부동산업
업종 중분류: 부동산업
업종 소분류: 부동산 임대 및 공급업
업종 세분류: 부동산 임대업
업종 세세분류 및 활동명: 주거용 건물 임대업
연계 KSIC 11차 코드: 68111
연계 KSIC 11차 분류명: 주거용 건물 임대업
주요 연계 KSIC 코드: 68111
주요 연계 KSIC 분류명: 주거용 건물 임대업"
701103,L,부동산업,70,부동산업,701,부동산 임대 및 공급업,7011,부동산 임대업,주거용 건물 임대업(장기임대공동·단독주택),68111,주거용 건물 임대업,,,,국민주택 5호 이상을 5년 이상 임대한 경우(공동주택 및 단독주택),1,"업종코드: 701103
업종 대분류: 부동산업
업종 중분류: 부동산업
업종 소분류: 부동산 임대 및 공급업
업종 세분류: 부동산 임대업
업종 세세분류 및 활동명: 주거용 건물 임대업(장기임대공동·단독주택)
연계 KSIC 11차 코드: 68111
연계 KSIC 11차 분류명: 주거용 건물 임대업
세부설명: 국민주택 5호 이상을 5년 이상 임대한 경우(공동주택 및 단독주택)"
701104,L,부동산업,70,부동산업,701,부동산 임대 및 공급업,7011,부동산 임대업,주거용 건물 임대업(장기임대다가구주택),68111,주거용 건물 임대업,,,,국민주택 5호 이상을 5년 이상 임대한 경우(다가구주택),1,"업종코드: 701104
업종 대분류: 부동산업
업종 중분류: 부동산업
업종 소분류: 부동산 임대 및 공급업
업종 세분류: 부동산 임대업
업종 세세분류 및 활동명: 주거용 건물 임대업(장기임대다가구주택)
연계 KSIC 11차 코드: 68111
연계 KSIC 11차 분류명: 주거용 건물 임대업
세부설명: 국민주택 5호 이상을 5년 이상 임대한 경우(다가구주택)"
701201,L,부동산업,70,부동산업,701,부동산 임대 및 공급업,7012,부동산 임대업,"비주거용 건물 임대업(점포, 자기땅)",68112,비주거용 건물 임대업,68112,비주거용 건물 임대업,1,,1,"업종코드: 701201
업종 대분류: 부동산업
업종 중분류: 부동산업
업종 소분류: 부동산 임대 및 공급업
업종 세분류: 부동산 임대업
업종 세세분류 및 활동명: 비주거용 건물 임대업(점포, 자기땅)
연계 KSIC 11차 코드: 68112
연계 KSIC 11차 분류명: 비주거용 건물 임대업
주요 연계 KSIC 코드: 68112
주요 연계 KSIC 분류명: 비주거용 건물 임대업"
701202,L,부동산업,70,부동산업,701,부동산 임대 및 공급업,7012,부동산 임대업,"비주거용 건물 임대업(점포, 타인땅)",68112,비주거용 건물 임대업,,,,"타인땅, 소규모 점포",1,"업종코드: 701202
업종 대분류: 부동산업
업종 중분류: 부동산업
업종 소분류: 부동산 임대 및 공급업
업종 세분류: 부동산 임대업
업종 세세분류 및 활동명: 비주거용 건물 임대업(점포, 타인땅)
연계 KSIC 11차 코드: 68112
연계 KSIC 11차 분류명: 비주거용 건물 임대업
세부설명: 타인땅, 소규모 점포"
701203,L,부동산업,70,부동산업,701,부동산 임대 및 공급업,7012,부동산 임대업,비주거용 건물 임대업,68112,비주거용 건물 임대업,,,,지식산업센터,1,"업종코드: 701203
업종 대분류: 부동산업
업종 중분류: 부동산업
업종 소분류: 부동산 임대 및 공급업
업종 세분류: 부동산 임대업
업종 세세분류 및 활동명: 비주거용 건물 임대업
연계 KSIC 11차 코드: 68112
연계 KSIC 11차 분류명: 비주거용 건물 임대업
세부설명: 지식산업센터"
701204,L,부동산업,70,부동산업,701,부동산 임대 및 공급업,7012,부동산 임대업,비주거용 건물 임대업,68112,비주거용 건물 임대업,,,,광고용 건물 임대,1,"업종코드: 701204
업종 대분류: 부동산업
업종 중분류: 부동산업
업종 소분류: 부동산 임대 및 공급업
업종 세분류: 부동산 임대업
업종 세세분류 및 활동명: 비주거용 건물 임대업
연계 KSIC 11차 코드: 68112
연계 KSIC 11차 분류명: 비주거용 건물 임대업
세부설명: 광고용 건물 임대"
701205,L,부동산업,70,부동산업,701,부동산 임대 및 공급업,7012,부동산 임대업,비주거용 건물 임대업,68112,비주거용 건물 임대업,,,,공유주방,1,"업종코드: 701205
업종 대분류: 부동산업
업종 중분류: 부동산업
업종 소분류: 부동산 임대 및 공급업
업종 세분류: 부동산 임대업
업종 세세분류 및 활동명: 비주거용 건물 임대업
연계 KSIC 11차 코드: 68112
연계 KSIC 11차 분류명: 비주거용 건물 임대업
세부설명: 공유주방"
701206,L,부동산업,70,부동산업,701,부동산 임대 및 공급업,7012,부동산 임대업,"비주거용 건물 임대업(점포, 자기땅)",68112,비주거용 건물 임대업,,,,,1,"업종코드: 701206
업종 대분류: 부동산업
업종 중분류: 부동산업
업종 소분류: 부동산 임대 및 공급업
업종 세분류: 부동산 임대업
업종 세세분류 및 활동명: 비주거용 건물 임대업(점포, 자기땅)
연계 KSIC 11차 코드: 68112
연계 KSIC 11차 분류명: 비주거용 건물 임대업"
701300,L,부동산업,70,부동산업,701,부동산 임대 및 공급업,7013,부동산 임대업,비주거용 건물 임대업,68112,비주거용 건물 임대업,,,,,1,"업종코드: 701300
업종 대분류: 부동산업
업종 중분류: 부동산업
업종 소분류: 부동산 임대 및 공급업
업종 세분류: 부동산 임대업
업종 세세분류 및 활동명: 비주거용 건물 임대업
연계 KSIC 11차 코드: 68112
연계 KSIC 11차 분류명: 비주거용 건물 임대업"
701301,L,부동산업,70,부동산업,701,부동산 임대 및 공급업,7013,부동산 임대업,주거용 건물 임대업,68111,주거용 건물 임대업,,,,전대,1,"업종코드: 701301
업종 대분류: 부동산업
업종 중분류: 부동산업
업종 소분류: 부동산 임대 및 공급업
업종 세분류: 부동산 임대업
업종 세세분류 및 활동명: 주거용 건물 임대업
연계 KSIC 11차 코드: 68111
연계 KSIC 11차 분류명: 주거용 건물 임대업
세부설명: 전대"
701302,L,부동산업,70,부동산업,701,부동산 임대 및 공급업,7013,부동산 임대업,비주거용 건물 임대업,68112,비주거용 건물 임대업,,,,,1,"업종코드: 701302
업종 대분류: 부동산업
업종 중분류: 부동산업
업종 소분류: 부동산 임대 및 공급업
업종 세분류: 부동산 임대업
업종 세세분류 및 활동명: 비주거용 건물 임대업
연계 KSIC 11차 코드: 68112
연계 KSIC 11차 분류명: 비주거용 건물 임대업"
701400,L,부동산업,70,부동산업,701,부동산 임대 및 공급업,7014,부동산 임대업,기타 부동산 임대업,68119,기타 부동산 임대업,68119,기타 부동산 임대업,1,,1,"업종코드: 701400
업종 대분류: 부동산업
업종 중분류: 부동산업
업종 소분류: 부동산 임대 및 공급업
업종 세분류: 부동산 임대업
업종 세세분류 및 활동명: 기타 부동산 임대업
연계 KSIC 11차 코드: 68119
연계 KSIC 11차 분류명: 기타 부동산 임대업
주요 연계 KSIC 코드: 68119
주요 연계 KSIC 분류명: 기타 부동산 임대업"
701501,L,부동산업,70,부동산업,701,부동산 임대 및 공급업,7015,부동산 임대업,비주거용 건물 임대업(자기땅),68112,비주거용 건물 임대업,,,,공장재단(자기땅),1,"업종코드: 701501
업종 대분류: 부동산업
업종 중분류: 부동산업
업종 소분류: 부동산 임대 및 공급업
업종 세분류: 부동산 임대업
업종 세세분류 및 활동명: 비주거용 건물 임대업(자기땅)
연계 KSIC 11차 코드: 68112
연계 KSIC 11차 분류명: 비주거용 건물 임대업
세부설명: 공장재단(자기땅)"
701502,L,부동산업,70,부동산업,701,부동산 임대 및 공급업,7015,부동산 임대업,비주거용 건물 임대업(타인땅),68112,비주거용 건물 임대업,,,,공장재단(타인땅),1,"업종코드: 701502
업종 대분류: 부동산업
업종 중분류: 부동산업
업종 소분류: 부동산 임대 및 공급업
업종 세분류: 부동산 임대업
업종 세세분류 및 활동명: 비주거용 건물 임대업(타인땅)
연계 KSIC 11차 코드: 68112
연계 KSIC 11차 분류명: 비주거용 건물 임대업
세부설명: 공장재단(타인땅)"
701503,L,부동산업,70,부동산업,701,부동산 임대 및 공급업,7015,부동산 임대업,기타 부동산 임대업(자기땅),68119,기타 부동산 임대업,,,,광업재단(자기땅),1,"업종코드: 701503
업종 대분류: 부동산업
업종 중분류: 부동산업
업종 소분류: 부동산 임대 및 공급업
업종 세분류: 부동산 임대업
업종 세세분류 및 활동명: 기타 부동산 임대업(자기땅)
연계 KSIC 11차 코드: 68119
연계 KSIC 11차 분류명: 기타 부동산 임대업
세부설명: 광업재단(자기땅)"
701504,L,부동산업,70,부동산업,701,부동산 임대 및 공급업,7015,부동산 임대업,기타 부동산 임대업(타인땅),68119,기타 부동산 임대업,,,,광업재단(타인땅),1,"업종코드: 701504
업종 대분류: 부동산업
업종 중분류: 부동산업
업종 소분류: 부동산 임대 및 공급업
업종 세분류: 부동산 임대업
업종 세세분류 및 활동명: 기타 부동산 임대업(타인땅)
연계 KSIC 11차 코드: 68119
연계 KSIC 11차 분류명: 기타 부동산 임대업
세부설명: 광업재단(타인땅)"
701600,N,"사업시설 관리, 사업 지원 및 임대 서비스업",70,임대업; 부동산 제외,701,무형 재산권 임대업,7016,무형 재산권 임대업,무형 재산권 임대업,76400,무형 재산권 임대업,,,,광업권자ㆍ조광권자의 채굴에 관한 권리의 대여로 인한 수입,1,"업종코드: 701600
업종 대분류: 사업시설 관리, 사업 지원 및 임대 서비스업
업종 중분류: 임대업; 부동산 제외
업종 소분류: 무형 재산권 임대업
업종 세분류: 무형 재산권 임대업
업종 세세분류 및 활동명: 무형 재산권 임대업
연계 KSIC 11차 코드: 76400
연계 KSIC 11차 분류명: 무형 재산권 임대업
세부설명: 광업권자ㆍ조광권자의 채굴에 관한 권리의 대여로 인한 수입"
701700,S,"협회 및 단체, 수리 및 기타 개인 서비스업",70,기타 개인 서비스업,701,그 외 기타 개인 서비스업,7017,장례식장 및 관련 서비스업,"화장터 운영, 묘지 분양 및 관리업",96922,"화장터 운영, 묘지 분양 및 관리업",,,,분묘임대수입,1,"업종코드: 701700
업종 대분류: 협회 및 단체, 수리 및 기타 개인 서비스업
업종 중분류: 기타 개인 서비스업
업종 소분류: 그 외 기타 개인 서비스업
업종 세분류: 장례식장 및 관련 서비스업
업종 세세분류 및 활동명: 화장터 운영, 묘지 분양 및 관리업
연계 KSIC 11차 코드: 96922
연계 KSIC 11차 분류명: 화장터 운영, 묘지 분양 및 관리업
세부설명: 분묘임대수입"
702001,L,부동산업,70,부동산업,702,부동산관련 서비스업,7020,"부동산 중개, 자문 및 감정 평가업",부동산 분양 대행업 | 부동산 중개 및 대리업,68224 | 68221,부동산 분양 대행업 | 부동산 중개 및 대리업,,,,,2,"업종코드: 702001
업종 대분류: 부동산업
업종 중분류: 부동산업
업종 소분류: 부동산관련 서비스업
업종 세분류: 부동산 중개, 자문 및 감정 평가업
업종 세세분류 및 활동명: 부동산 분양 대행업 | 부동산 중개 및 대리업
연계 KSIC 11차 코드: 68224 | 68221
연계 KSIC 11차 분류명: 부동산 분양 대행업 | 부동산 중개 및 대리업"
702002,L,부동산업,70,부동산업,702,부동산관련 서비스업,7020,"부동산 중개, 자문 및 감정 평가업",부동산 감정 평가업,68223,부동산 감정 평가업,,,,,1,"업종코드: 702002
업종 대분류: 부동산업
업종 중분류: 부동산업
업종 소분류: 부동산관련 서비스업
업종 세분류: 부동산 중개, 자문 및 감정 평가업
업종 세세분류 및 활동명: 부동산 감정 평가업
연계 KSIC 11차 코드: 68223
연계 KSIC 11차 분류명: 부동산 감정 평가업"
702003,L,부동산업,70,부동산업,702,부동산관련 서비스업,7020,부동산 관리업,비주거용 부동산 관리업,68212,비주거용 부동산 관리업,,,,,1,"업종코드: 702003
업종 대분류: 부동산업
업종 중분류: 부동산업
업종 소분류: 부동산관련 서비스업
업종 세분류: 부동산 관리업
업종 세세분류 및 활동명: 비주거용 부동산 관리업
연계 KSIC 11차 코드: 68212
연계 KSIC 11차 분류명: 비주거용 부동산 관리업"
702004,L,부동산업,70,부동산업,702,부동산관련 서비스업,7020,"부동산 중개, 자문 및 감정 평가업",부동산 투자 자문업,68222,부동산 투자 자문업,,,,,1,"업종코드: 702004
업종 대분류: 부동산업
업종 중분류: 부동산업
업종 소분류: 부동산관련 서비스업
업종 세분류: 부동산 중개, 자문 및 감정 평가업
업종 세세분류 및 활동명: 부동산 투자 자문업
연계 KSIC 11차 코드: 68222
연계 KSIC 11차 분류명: 부동산 투자 자문업"
702005,L,부동산업,70,부동산업,702,부동산관련 서비스업,7020,부동산 관리업,주거용 부동산 관리업,68211,주거용 부동산 관리업,,,,,1,"업종코드: 702005
업종 대분류: 부동산업
업종 중분류: 부동산업
업종 소분류: 부동산관련 서비스업
업종 세분류: 부동산 관리업
업종 세세분류 및 활동명: 주거용 부동산 관리업
연계 KSIC 11차 코드: 68211
연계 KSIC 11차 분류명: 주거용 부동산 관리업"
703011,L,부동산업,70,부동산업,703,부동산 임대 및 공급업,7030,부동산 개발 및 공급업,주거용 건물 개발 및 공급업,68121,주거용 건물 개발 및 공급업,68121,주거용 건물 개발 및 공급업,1,토지보유 (5년 미만),1,"업종코드: 703011
업종 대분류: 부동산업
업종 중분류: 부동산업
업종 소분류: 부동산 임대 및 공급업
업종 세분류: 부동산 개발 및 공급업
업종 세세분류 및 활동명: 주거용 건물 개발 및 공급업
연계 KSIC 11차 코드: 68121
연계 KSIC 11차 분류명: 주거용 건물 개발 및 공급업
주요 연계 KSIC 코드: 68121
주요 연계 KSIC 분류명: 주거용 건물 개발 및 공급업
세부설명: 토지보유 (5년 미만)"
703012,L,부동산업,70,부동산업,703,부동산 임대 및 공급업,7030,부동산 개발 및 공급업,주거용 건물 개발 및 공급업,68121,주거용 건물 개발 및 공급업,,,,토지보유 (5년 이상),1,"업종코드: 703012
업종 대분류: 부동산업
업종 중분류: 부동산업
업종 소분류: 부동산 임대 및 공급업
업종 세분류: 부동산 개발 및 공급업
업종 세세분류 및 활동명: 주거용 건물 개발 및 공급업
연계 KSIC 11차 코드: 68121
연계 KSIC 11차 분류명: 주거용 건물 개발 및 공급업
세부설명: 토지보유 (5년 이상)"
703014,L,부동산업,70,부동산업,703,부동산 임대 및 공급업,7030,부동산 개발 및 공급업,비주거용 건물 개발 및 공급업,68122,비주거용 건물 개발 및 공급업,68122,비주거용 건물 개발 및 공급업,1,토지보유 (5년 미만),1,"업종코드: 703014
업종 대분류: 부동산업
업종 중분류: 부동산업
업종 소분류: 부동산 임대 및 공급업
업종 세분류: 부동산 개발 및 공급업
업종 세세분류 및 활동명: 비주거용 건물 개발 및 공급업
연계 KSIC 11차 코드: 68122
연계 KSIC 11차 분류명: 비주거용 건물 개발 및 공급업
주요 연계 KSIC 코드: 68122
주요 연계 KSIC 분류명: 비주거용 건물 개발 및 공급업
세부설명: 토지보유 (5년 미만)"
703015,L,부동산업,70,부동산업,703,부동산 임대 및 공급업,7030,부동산 개발 및 공급업,기타 부동산 개발 및 공급업,68129,기타 부동산 개발 및 공급업,68129,기타 부동산 개발 및 공급업,1,토지매매(토지보유5년 미만),1,"업종코드: 703015
업종 대분류: 부동산업
업종 중분류: 부동산업
업종 소분류: 부동산 임대 및 공급업
업종 세분류: 부동산 개발 및 공급업
업종 세세분류 및 활동명: 기타 부동산 개발 및 공급업
연계 KSIC 11차 코드: 68129
연계 KSIC 11차 분류명: 기타 부동산 개발 및 공급업
주요 연계 KSIC 코드: 68129
주요 연계 KSIC 분류명: 기타 부동산 개발 및 공급업
세부설명: 토지매매(토지보유5년 미만)"
703016,L,부동산업,70,부동산업,703,부동산 임대 및 공급업,7030,부동산 개발 및 공급업,비주거용 건물 개발 및 공급업,68122,비주거용 건물 개발 및 공급업,,,,토지보유 (5년 이상),1,"업종코드: 703016
업종 대분류: 부동산업
업종 중분류: 부동산업
업종 소분류: 부동산 임대 및 공급업
업종 세분류: 부동산 개발 및 공급업
업종 세세분류 및 활동명: 비주거용 건물 개발 및 공급업
연계 KSIC 11차 코드: 68122
연계 KSIC 11차 분류명: 비주거용 건물 개발 및 공급업
세부설명: 토지보유 (5년 이상)"
703017,L,부동산업,70,부동산업,703,부동산 임대 및 공급업,7030,부동산 개발 및 공급업,기타 부동산 개발 및 공급업,68129,기타 부동산 개발 및 공급업,,,,토지매매(토지보유5년 이상),1,"업종코드: 703017
업종 대분류: 부동산업
업종 중분류: 부동산업
업종 소분류: 부동산 임대 및 공급업
업종 세분류: 부동산 개발 및 공급업
업종 세세분류 및 활동명: 기타 부동산 개발 및 공급업
연계 KSIC 11차 코드: 68129
연계 KSIC 11차 분류명: 기타 부동산 개발 및 공급업
세부설명: 토지매매(토지보유5년 이상)"
703021,L,부동산업,70,부동산업,703,부동산 임대 및 공급업,7030,부동산 개발 및 공급업,비주거용 건물 개발 및 공급업,68122,비주거용 건물 개발 및 공급업,,,,도급건설판매(토지보유 5년 미만),1,"업종코드: 703021
업종 대분류: 부동산업
업종 중분류: 부동산업
업종 소분류: 부동산 임대 및 공급업
업종 세분류: 부동산 개발 및 공급업
업종 세세분류 및 활동명: 비주거용 건물 개발 및 공급업
연계 KSIC 11차 코드: 68122
연계 KSIC 11차 분류명: 비주거용 건물 개발 및 공급업
세부설명: 도급건설판매(토지보유 5년 미만)"
703022,L,부동산업,70,부동산업,703,부동산 임대 및 공급업,7030,부동산 개발 및 공급업,비주거용 건물 개발 및 공급업,68122,비주거용 건물 개발 및 공급업,,,,도급건설판매(토지보유 5년 이상),1,"업종코드: 703022
업종 대분류: 부동산업
업종 중분류: 부동산업
업종 소분류: 부동산 임대 및 공급업
업종 세분류: 부동산 개발 및 공급업
업종 세세분류 및 활동명: 비주거용 건물 개발 및 공급업
연계 KSIC 11차 코드: 68122
연계 KSIC 11차 분류명: 비주거용 건물 개발 및 공급업
세부설명: 도급건설판매(토지보유 5년 이상)"
703023,L,부동산업,70,부동산업,703,부동산 임대 및 공급업,7030,부동산 개발 및 공급업,비주거용 건물 개발 및 공급업,68122,비주거용 건물 개발 및 공급업,,,,건축시행사(토지보유 5년 미만),1,"업종코드: 703023
업종 대분류: 부동산업
업종 중분류: 부동산업
업종 소분류: 부동산 임대 및 공급업
업종 세분류: 부동산 개발 및 공급업
업종 세세분류 및 활동명: 비주거용 건물 개발 및 공급업
연계 KSIC 11차 코드: 68122
연계 KSIC 11차 분류명: 비주거용 건물 개발 및 공급업
세부설명: 건축시행사(토지보유 5년 미만)"
703024,L,부동산업,70,부동산업,703,부동산 임대 및 공급업,7030,부동산 개발 및 공급업,비주거용 건물 개발 및 공급업,68122,비주거용 건물 개발 및 공급업,,,,건축시행사(토지보유 5년 이상),1,"업종코드: 703024
업종 대분류: 부동산업
업종 중분류: 부동산업
업종 소분류: 부동산 임대 및 공급업
업종 세분류: 부동산 개발 및 공급업
업종 세세분류 및 활동명: 비주거용 건물 개발 및 공급업
연계 KSIC 11차 코드: 68122
연계 KSIC 11차 분류명: 비주거용 건물 개발 및 공급업
세부설명: 건축시행사(토지보유 5년 이상)"
712100,N,"사업시설 관리, 사업 지원 및 임대 서비스업",71,임대업; 부동산 제외,712,산업용 기계 및 장비 임대업,7121,기타 산업용 기계 및 장비 임대업,기타 산업용 기계 및 장비 임대업,76390,기타 산업용 기계 및 장비 임대업,,,,농업용,1,"업종코드: 712100
업종 대분류: 사업시설 관리, 사업 지원 및 임대 서비스업
업종 중분류: 임대업; 부동산 제외
업종 소분류: 산업용 기계 및 장비 임대업
업종 세분류: 기타 산업용 기계 및 장비 임대업
업종 세세분류 및 활동명: 기타 산업용 기계 및 장비 임대업
연계 KSIC 11차 코드: 76390
연계 KSIC 11차 분류명: 기타 산업용 기계 및 장비 임대업
세부설명: 농업용"
712200,N,"사업시설 관리, 사업 지원 및 임대 서비스업",71,임대업; 부동산 제외,712,운송장비 임대업,7122,기타 운송장비 임대업,기타 운송장비 임대업,76190,기타 운송장비 임대업,,,,,1,"업종코드: 712200
업종 대분류: 사업시설 관리, 사업 지원 및 임대 서비스업
업종 중분류: 임대업; 부동산 제외
업종 소분류: 운송장비 임대업
업종 세분류: 기타 운송장비 임대업
업종 세세분류 및 활동명: 기타 운송장비 임대업
연계 KSIC 11차 코드: 76190
연계 KSIC 11차 분류명: 기타 운송장비 임대업"
712201,N,"사업시설 관리, 사업 지원 및 임대 서비스업",71,임대업; 부동산 제외,712,산업용 기계 및 장비 임대업,7122,기타 산업용 기계 및 장비 임대업,기타 산업용 기계 및 장비 임대업,76390,기타 산업용 기계 및 장비 임대업,76390,기타 산업용 기계 및 장비 임대업,1,,1,"업종코드: 712201
업종 대분류: 사업시설 관리, 사업 지원 및 임대 서비스업
업종 중분류: 임대업; 부동산 제외
업종 소분류: 산업용 기계 및 장비 임대업
업종 세분류: 기타 산업용 기계 및 장비 임대업
업종 세세분류 및 활동명: 기타 산업용 기계 및 장비 임대업
연계 KSIC 11차 코드: 76390
연계 KSIC 11차 분류명: 기타 산업용 기계 및 장비 임대업
주요 연계 KSIC 코드: 76390
주요 연계 KSIC 분류명: 기타 산업용 기계 및 장비 임대업"
712202,N,"사업시설 관리, 사업 지원 및 임대 서비스업",71,임대업; 부동산 제외,712,산업용 기계 및 장비 임대업,7122,건설 및 토목공사용 기계ㆍ장비 임대업,건설 및 토목공사용 기계ㆍ장비 임대업,76310,건설 및 토목공사용 기계ㆍ장비 임대업,,,,,1,"업종코드: 712202
업종 대분류: 사업시설 관리, 사업 지원 및 임대 서비스업
업종 중분류: 임대업; 부동산 제외
업종 소분류: 산업용 기계 및 장비 임대업
업종 세분류: 건설 및 토목공사용 기계ㆍ장비 임대업
업종 세세분류 및 활동명: 건설 및 토목공사용 기계ㆍ장비 임대업
연계 KSIC 11차 코드: 76310
연계 KSIC 11차 분류명: 건설 및 토목공사용 기계ㆍ장비 임대업"
712203,N,"사업시설 관리, 사업 지원 및 임대 서비스업",71,임대업; 부동산 제외,712,산업용 기계 및 장비 임대업,7122,컴퓨터 및 사무용 기계ㆍ장비 임대업,컴퓨터 및 사무용 기계ㆍ장비 임대업,76320,컴퓨터 및 사무용 기계ㆍ장비 임대업,,,,,1,"업종코드: 712203
업종 대분류: 사업시설 관리, 사업 지원 및 임대 서비스업
업종 중분류: 임대업; 부동산 제외
업종 소분류: 산업용 기계 및 장비 임대업
업종 세분류: 컴퓨터 및 사무용 기계ㆍ장비 임대업
업종 세세분류 및 활동명: 컴퓨터 및 사무용 기계ㆍ장비 임대업
연계 KSIC 11차 코드: 76320
연계 KSIC 11차 분류명: 컴퓨터 및 사무용 기계ㆍ장비 임대업"
713001,N,"사업시설 관리, 사업 지원 및 임대 서비스업",71,임대업; 부동산 제외,713,개인 및 가정용품 임대업,7130,기타 개인 및 가정용품 임대업,그 외 기타 개인 및 가정용품 임대업,76299,그 외 기타 개인 및 가정용품 임대업,,,,,1,"업종코드: 713001
업종 대분류: 사업시설 관리, 사업 지원 및 임대 서비스업
업종 중분류: 임대업; 부동산 제외
업종 소분류: 개인 및 가정용품 임대업
업종 세분류: 기타 개인 및 가정용품 임대업
업종 세세분류 및 활동명: 그 외 기타 개인 및 가정용품 임대업
연계 KSIC 11차 코드: 76299
연계 KSIC 11차 분류명: 그 외 기타 개인 및 가정용품 임대업"
713002,N,"사업시설 관리, 사업 지원 및 임대 서비스업",71,임대업; 부동산 제외,713,개인 및 가정용품 임대업,7130,스포츠 및 레크리에이션 용품 임대업,스포츠 및 레크리에이션 용품 임대업,76210,스포츠 및 레크리에이션 용품 임대업,,,,,1,"업종코드: 713002
업종 대분류: 사업시설 관리, 사업 지원 및 임대 서비스업
업종 중분류: 임대업; 부동산 제외
업종 소분류: 개인 및 가정용품 임대업
업종 세분류: 스포츠 및 레크리에이션 용품 임대업
업종 세세분류 및 활동명: 스포츠 및 레크리에이션 용품 임대업
연계 KSIC 11차 코드: 76210
연계 KSIC 11차 분류명: 스포츠 및 레크리에이션 용품 임대업"
713003,N,"사업시설 관리, 사업 지원 및 임대 서비스업",71,임대업; 부동산 제외,713,산업용 기계 및 장비 임대업,7130,기타 산업용 기계 및 장비 임대업,기타 산업용 기계 및 장비 임대업,76390,기타 산업용 기계 및 장비 임대업,,,,연극공연 및 영화제작 용품임대,1,"업종코드: 713003
업종 대분류: 사업시설 관리, 사업 지원 및 임대 서비스업
업종 중분류: 임대업; 부동산 제외
업종 소분류: 산업용 기계 및 장비 임대업
업종 세분류: 기타 산업용 기계 및 장비 임대업
업종 세세분류 및 활동명: 기타 산업용 기계 및 장비 임대업
연계 KSIC 11차 코드: 76390
연계 KSIC 11차 분류명: 기타 산업용 기계 및 장비 임대업
세부설명: 연극공연 및 영화제작 용품임대"
713004,N,"사업시설 관리, 사업 지원 및 임대 서비스업",71,임대업; 부동산 제외,713,개인 및 가정용품 임대업,7130,음반 및 비디오물 임대업,음반 및 비디오물 임대업,76220,음반 및 비디오물 임대업,,,,,1,"업종코드: 713004
업종 대분류: 사업시설 관리, 사업 지원 및 임대 서비스업
업종 중분류: 임대업; 부동산 제외
업종 소분류: 개인 및 가정용품 임대업
업종 세분류: 음반 및 비디오물 임대업
업종 세세분류 및 활동명: 음반 및 비디오물 임대업
연계 KSIC 11차 코드: 76220
연계 KSIC 11차 분류명: 음반 및 비디오물 임대업"
713005,N,"사업시설 관리, 사업 지원 및 임대 서비스업",71,임대업; 부동산 제외,713,개인 및 가정용품 임대업,7130,기타 개인 및 가정용품 임대업,서적 임대업,76291,서적 임대업,,,,,1,"업종코드: 713005
업종 대분류: 사업시설 관리, 사업 지원 및 임대 서비스업
업종 중분류: 임대업; 부동산 제외
업종 소분류: 개인 및 가정용품 임대업
업종 세분류: 기타 개인 및 가정용품 임대업
업종 세세분류 및 활동명: 서적 임대업
연계 KSIC 11차 코드: 76291
연계 KSIC 11차 분류명: 서적 임대업"
713006,N,"사업시설 관리, 사업 지원 및 임대 서비스업",71,임대업; 부동산 제외,713,개인 및 가정용품 임대업,7130,기타 개인 및 가정용품 임대업,의류 임대업,76292,의류 임대업,76292,의류 임대업,1,,1,"업종코드: 713006
업종 대분류: 사업시설 관리, 사업 지원 및 임대 서비스업
업종 중분류: 임대업; 부동산 제외
업종 소분류: 개인 및 가정용품 임대업
업종 세분류: 기타 개인 및 가정용품 임대업
업종 세세분류 및 활동명: 의류 임대업
연계 KSIC 11차 코드: 76292
연계 KSIC 11차 분류명: 의류 임대업
주요 연계 KSIC 코드: 76292
주요 연계 KSIC 분류명: 의류 임대업"
721000,J,정보통신업,72,"컴퓨터 프로그래밍, 시스템 통합 및 관리업",721,"컴퓨터 프로그래밍, 시스템 통합 및 관리업",7210,"컴퓨터 시스템 통합 자문, 구축 및 관리업",컴퓨터 시스템 통합 자문 및 구축 서비스업,62021,컴퓨터 시스템 통합 자문 및 구축 서비스업,,,,,1,"업종코드: 721000
업종 대분류: 정보통신업
업종 중분류: 컴퓨터 프로그래밍, 시스템 통합 및 관리업
업종 소분류: 컴퓨터 프로그래밍, 시스템 통합 및 관리업
업종 세분류: 컴퓨터 시스템 통합 자문, 구축 및 관리업
업종 세세분류 및 활동명: 컴퓨터 시스템 통합 자문 및 구축 서비스업
연계 KSIC 11차 코드: 62021
연계 KSIC 11차 분류명: 컴퓨터 시스템 통합 자문 및 구축 서비스업"
721001,J,정보통신업,72,"컴퓨터 프로그래밍, 시스템 통합 및 관리업",721,"컴퓨터 프로그래밍, 시스템 통합 및 관리업",7210,"컴퓨터 시스템 통합 자문, 구축 및 관리업",컴퓨터시설 관리업,62022,컴퓨터시설 관리업,,,,,1,"업종코드: 721001
업종 대분류: 정보통신업
업종 중분류: 컴퓨터 프로그래밍, 시스템 통합 및 관리업
업종 소분류: 컴퓨터 프로그래밍, 시스템 통합 및 관리업
업종 세분류: 컴퓨터 시스템 통합 자문, 구축 및 관리업
업종 세세분류 및 활동명: 컴퓨터시설 관리업
연계 KSIC 11차 코드: 62022
연계 KSIC 11차 분류명: 컴퓨터시설 관리업"
722000,J,정보통신업,72,출판업,722,소프트웨어 개발 및 공급업,7220,시스템ㆍ응용 소프트웨어 개발 및 공급업,응용 소프트웨어 개발 및 공급업,58222,응용 소프트웨어 개발 및 공급업,,,,,1,"업종코드: 722000
업종 대분류: 정보통신업
업종 중분류: 출판업
업종 소분류: 소프트웨어 개발 및 공급업
업종 세분류: 시스템ㆍ응용 소프트웨어 개발 및 공급업
업종 세세분류 및 활동명: 응용 소프트웨어 개발 및 공급업
연계 KSIC 11차 코드: 58222
연계 KSIC 11차 분류명: 응용 소프트웨어 개발 및 공급업"
722001,J,정보통신업,72,출판업,722,소프트웨어 개발 및 공급업,7220,게임 소프트웨어 개발 및 공급업,유선 온라인 게임 소프트웨어 개발 및 공급업,58211,유선 온라인 게임 소프트웨어 개발 및 공급업,,,,,1,"업종코드: 722001
업종 대분류: 정보통신업
업종 중분류: 출판업
업종 소분류: 소프트웨어 개발 및 공급업
업종 세분류: 게임 소프트웨어 개발 및 공급업
업종 세세분류 및 활동명: 유선 온라인 게임 소프트웨어 개발 및 공급업
연계 KSIC 11차 코드: 58211
연계 KSIC 11차 분류명: 유선 온라인 게임 소프트웨어 개발 및 공급업"
722002,J,정보통신업,72,출판업,722,소프트웨어 개발 및 공급업,7220,게임 소프트웨어 개발 및 공급업,모바일 게임 소프트웨어 개발 및 공급업,58212,모바일 게임 소프트웨어 개발 및 공급업,,,,,1,"업종코드: 722002
업종 대분류: 정보통신업
업종 중분류: 출판업
업종 소분류: 소프트웨어 개발 및 공급업
업종 세분류: 게임 소프트웨어 개발 및 공급업
업종 세세분류 및 활동명: 모바일 게임 소프트웨어 개발 및 공급업
연계 KSIC 11차 코드: 58212
연계 KSIC 11차 분류명: 모바일 게임 소프트웨어 개발 및 공급업"
722003,J,정보통신업,72,출판업,722,소프트웨어 개발 및 공급업,7220,게임 소프트웨어 개발 및 공급업,기타 게임 소프트웨어 개발 및 공급업,58219,기타 게임 소프트웨어 개발 및 공급업,,,,,1,"업종코드: 722003
업종 대분류: 정보통신업
업종 중분류: 출판업
업종 소분류: 소프트웨어 개발 및 공급업
업종 세분류: 게임 소프트웨어 개발 및 공급업
업종 세세분류 및 활동명: 기타 게임 소프트웨어 개발 및 공급업
연계 KSIC 11차 코드: 58219
연계 KSIC 11차 분류명: 기타 게임 소프트웨어 개발 및 공급업"
722004,J,정보통신업,72,출판업,722,소프트웨어 개발 및 공급업,7220,시스템ㆍ응용 소프트웨어 개발 및 공급업,시스템 소프트웨어 개발 및 공급업,58221,시스템 소프트웨어 개발 및 공급업,,,,,1,"업종코드: 722004
업종 대분류: 정보통신업
업종 중분류: 출판업
업종 소분류: 소프트웨어 개발 및 공급업
업종 세분류: 시스템ㆍ응용 소프트웨어 개발 및 공급업
업종 세세분류 및 활동명: 시스템 소프트웨어 개발 및 공급업
연계 KSIC 11차 코드: 58221
연계 KSIC 11차 분류명: 시스템 소프트웨어 개발 및 공급업"
722005,J,정보통신업,72,"컴퓨터 프로그래밍, 시스템 통합 및 관리업",722,"컴퓨터 프로그래밍, 시스템 통합 및 관리업",7220,컴퓨터 프로그래밍 서비스업,컴퓨터 프로그래밍 서비스업,62010,컴퓨터 프로그래밍 서비스업,,,,,1,"업종코드: 722005
업종 대분류: 정보통신업
업종 중분류: 컴퓨터 프로그래밍, 시스템 통합 및 관리업
업종 소분류: 컴퓨터 프로그래밍, 시스템 통합 및 관리업
업종 세분류: 컴퓨터 프로그래밍 서비스업
업종 세세분류 및 활동명: 컴퓨터 프로그래밍 서비스업
연계 KSIC 11차 코드: 62010
연계 KSIC 11차 분류명: 컴퓨터 프로그래밍 서비스업"
723000,J,정보통신업,72,정보서비스업,723,"자료 처리, 호스팅, 포털 및 기타 인터넷 정보 매개 서비스업",7230,"자료 처리, 호스팅 및 관련 서비스업",자료 처리업,63111,자료 처리업,,,,,1,"업종코드: 723000
업종 대분류: 정보통신업
업종 중분류: 정보서비스업
업종 소분류: 자료 처리, 호스팅, 포털 및 기타 인터넷 정보 매개 서비스업
업종 세분류: 자료 처리, 호스팅 및 관련 서비스업
업종 세세분류 및 활동명: 자료 처리업
연계 KSIC 11차 코드: 63111
연계 KSIC 11차 분류명: 자료 처리업"
723001,J,정보통신업,72,방송 및 영상·오디오물 제공 서비스업 | 정보서비스업,723,"영상·오디오물 제공 서비스업 | 자료 처리, 호스팅, 포털 및 기타 인터넷 정보 매개 서비스업",7230,"오디오물 제공 서비스업 | 자료 처리, 호스팅 및 관련 서비스업",오디오물 제공 서비스업 | 호스팅 및 관련 서비스업,60320 | 63112,오디오물 제공 서비스업 | 호스팅 및 관련 서비스업,,,,,2,"업종코드: 723001
업종 대분류: 정보통신업
업종 중분류: 방송 및 영상·오디오물 제공 서비스업 | 정보서비스업
업종 소분류: 영상·오디오물 제공 서비스업 | 자료 처리, 호스팅, 포털 및 기타 인터넷 정보 매개 서비스업
업종 세분류: 오디오물 제공 서비스업 | 자료 처리, 호스팅 및 관련 서비스업
업종 세세분류 및 활동명: 오디오물 제공 서비스업 | 호스팅 및 관련 서비스업
연계 KSIC 11차 코드: 60320 | 63112
연계 KSIC 11차 분류명: 오디오물 제공 서비스업 | 호스팅 및 관련 서비스업"
724000,J,정보통신업,72,방송 및 영상·오디오물 제공 서비스업 | 정보서비스업,724,영상·오디오물 제공 서비스업 | 기타 정보 서비스업,7240,영상물 제공 서비스업 | 오디오물 제공 서비스업 | 그 외 기타 정보 서비스업,영상물 제공 서비스업 | 오디오물 제공 서비스업 | 데이터베이스 및 온라인 정보 제공업,60310 | 60320 | 63991,영상물 제공 서비스업 | 오디오물 제공 서비스업 | 데이터베이스 및 온라인 정보 제공업,,,,,3,"업종코드: 724000
업종 대분류: 정보통신업
업종 중분류: 방송 및 영상·오디오물 제공 서비스업 | 정보서비스업
업종 소분류: 영상·오디오물 제공 서비스업 | 기타 정보 서비스업
업종 세분류: 영상물 제공 서비스업 | 오디오물 제공 서비스업 | 그 외 기타 정보 서비스업
업종 세세분류 및 활동명: 영상물 제공 서비스업 | 오디오물 제공 서비스업 | 데이터베이스 및 온라인 정보 제공업
연계 KSIC 11차 코드: 60310 | 60320 | 63991
연계 KSIC 11차 분류명: 영상물 제공 서비스업 | 오디오물 제공 서비스업 | 데이터베이스 및 온라인 정보 제공업"
724001,J,정보통신업,72,정보서비스업,724,기타 정보 서비스업,7240,뉴스 제공업,뉴스 제공업,63910,뉴스 제공업,,,,,1,"업종코드: 724001
업종 대분류: 정보통신업
업종 중분류: 정보서비스업
업종 소분류: 기타 정보 서비스업
업종 세분류: 뉴스 제공업
업종 세세분류 및 활동명: 뉴스 제공업
연계 KSIC 11차 코드: 63910
연계 KSIC 11차 분류명: 뉴스 제공업"
724002,J,정보통신업,72,정보서비스업,724,기타 정보 서비스업,7240,그 외 기타 정보 서비스업,가상자산 매매 및 중개업 | 그 외 기타 정보 서비스업,63992 | 63999,가상자산 매매 및 중개업 | 그 외 기타 정보 서비스업,,,,,2,"업종코드: 724002
업종 대분류: 정보통신업
업종 중분류: 정보서비스업
업종 소분류: 기타 정보 서비스업
업종 세분류: 그 외 기타 정보 서비스업
업종 세세분류 및 활동명: 가상자산 매매 및 중개업 | 그 외 기타 정보 서비스업
연계 KSIC 11차 코드: 63992 | 63999
연계 KSIC 11차 분류명: 가상자산 매매 및 중개업 | 그 외 기타 정보 서비스업"
725000,S,"협회 및 단체, 수리 및 기타 개인 서비스업",72,개인 및 소비용품 수리업,725,컴퓨터 및 통신장비 수리업,7250,컴퓨터 및 주변 기기 수리업,컴퓨터 및 주변 기기 수리업,95110,컴퓨터 및 주변 기기 수리업,,,,,1,"업종코드: 725000
업종 대분류: 협회 및 단체, 수리 및 기타 개인 서비스업
업종 중분류: 개인 및 소비용품 수리업
업종 소분류: 컴퓨터 및 통신장비 수리업
업종 세분류: 컴퓨터 및 주변 기기 수리업
업종 세세분류 및 활동명: 컴퓨터 및 주변 기기 수리업
연계 KSIC 11차 코드: 95110
연계 KSIC 11차 분류명: 컴퓨터 및 주변 기기 수리업"
729000,J,정보통신업,72,"컴퓨터 프로그래밍, 시스템 통합 및 관리업",729,"컴퓨터 프로그래밍, 시스템 통합 및 관리업",7290,기타 정보 기술 및 컴퓨터 운영 관련 서비스업,기타 정보 기술 및 컴퓨터 운영 관련 서비스업,62090,기타 정보 기술 및 컴퓨터 운영 관련 서비스업,,,,,1,"업종코드: 729000
업종 대분류: 정보통신업
업종 중분류: 컴퓨터 프로그래밍, 시스템 통합 및 관리업
업종 소분류: 컴퓨터 프로그래밍, 시스템 통합 및 관리업
업종 세분류: 기타 정보 기술 및 컴퓨터 운영 관련 서비스업
업종 세세분류 및 활동명: 기타 정보 기술 및 컴퓨터 운영 관련 서비스업
연계 KSIC 11차 코드: 62090
연계 KSIC 11차 분류명: 기타 정보 기술 및 컴퓨터 운영 관련 서비스업"
730000,M,"전문, 과학 및 기술 서비스업",73,연구개발업,730,인문 및 사회과학 연구개발업,7300,인문 및 사회과학 연구개발업,기타 인문 및 사회과학 연구개발업,70209,기타 인문 및 사회과학 연구개발업,,,,,1,"업종코드: 730000
업종 대분류: 전문, 과학 및 기술 서비스업
업종 중분류: 연구개발업
업종 소분류: 인문 및 사회과학 연구개발업
업종 세분류: 인문 및 사회과학 연구개발업
업종 세세분류 및 활동명: 기타 인문 및 사회과학 연구개발업
연계 KSIC 11차 코드: 70209
연계 KSIC 11차 분류명: 기타 인문 및 사회과학 연구개발업"
730001,M,"전문, 과학 및 기술 서비스업",73,연구개발업,730,자연과학 및 공학 연구개발업,7300,자연과학 연구개발업,"물리, 화학 및 생물학 연구개발업",70111,"물리, 화학 및 생물학 연구개발업",,,,,1,"업종코드: 730001
업종 대분류: 전문, 과학 및 기술 서비스업
업종 중분류: 연구개발업
업종 소분류: 자연과학 및 공학 연구개발업
업종 세분류: 자연과학 연구개발업
업종 세세분류 및 활동명: 물리, 화학 및 생물학 연구개발업
연계 KSIC 11차 코드: 70111
연계 KSIC 11차 분류명: 물리, 화학 및 생물학 연구개발업"
730002,M,"전문, 과학 및 기술 서비스업",73,연구개발업,730,자연과학 및 공학 연구개발업,7300,자연과학 연구개발업,농림수산학 및 수의학 연구개발업,70112,농림수산학 및 수의학 연구개발업,,,,,1,"업종코드: 730002
업종 대분류: 전문, 과학 및 기술 서비스업
업종 중분류: 연구개발업
업종 소분류: 자연과학 및 공학 연구개발업
업종 세분류: 자연과학 연구개발업
업종 세세분류 및 활동명: 농림수산학 및 수의학 연구개발업
연계 KSIC 11차 코드: 70112
연계 KSIC 11차 분류명: 농림수산학 및 수의학 연구개발업"
730003,M,"전문, 과학 및 기술 서비스업",73,연구개발업,730,자연과학 및 공학 연구개발업,7300,자연과학 연구개발업,의학 및 약학 연구개발업,70113,의학 및 약학 연구개발업,,,,,1,"업종코드: 730003
업종 대분류: 전문, 과학 및 기술 서비스업
업종 중분류: 연구개발업
업종 소분류: 자연과학 및 공학 연구개발업
업종 세분류: 자연과학 연구개발업
업종 세세분류 및 활동명: 의학 및 약학 연구개발업
연계 KSIC 11차 코드: 70113
연계 KSIC 11차 분류명: 의학 및 약학 연구개발업"
730004,M,"전문, 과학 및 기술 서비스업",73,연구개발업,730,자연과학 및 공학 연구개발업,7300,자연과학 연구개발업,기타 자연과학 연구개발업,70119,기타 자연과학 연구개발업,,,,,1,"업종코드: 730004
업종 대분류: 전문, 과학 및 기술 서비스업
업종 중분류: 연구개발업
업종 소분류: 자연과학 및 공학 연구개발업
업종 세분류: 자연과학 연구개발업
업종 세세분류 및 활동명: 기타 자연과학 연구개발업
연계 KSIC 11차 코드: 70119
연계 KSIC 11차 분류명: 기타 자연과학 연구개발업"
730005,M,"전문, 과학 및 기술 서비스업",73,연구개발업,730,자연과학 및 공학 연구개발업,7300,공학 연구개발업,전기ㆍ전자공학 연구개발업,70121,전기ㆍ전자공학 연구개발업,,,,,1,"업종코드: 730005
업종 대분류: 전문, 과학 및 기술 서비스업
업종 중분류: 연구개발업
업종 소분류: 자연과학 및 공학 연구개발업
업종 세분류: 공학 연구개발업
업종 세세분류 및 활동명: 전기ㆍ전자공학 연구개발업
연계 KSIC 11차 코드: 70121
연계 KSIC 11차 분류명: 전기ㆍ전자공학 연구개발업"
730006,M,"전문, 과학 및 기술 서비스업",73,연구개발업,730,자연과학 및 공학 연구개발업,7300,공학 연구개발업,기타 공학 연구개발업,70129,기타 공학 연구개발업,,,,,1,"업종코드: 730006
업종 대분류: 전문, 과학 및 기술 서비스업
업종 중분류: 연구개발업
업종 소분류: 자연과학 및 공학 연구개발업
업종 세분류: 공학 연구개발업
업종 세세분류 및 활동명: 기타 공학 연구개발업
연계 KSIC 11차 코드: 70129
연계 KSIC 11차 분류명: 기타 공학 연구개발업"
730007,M,"전문, 과학 및 기술 서비스업",73,연구개발업,730,자연과학 및 공학 연구개발업,7300,자연과학 및 공학 융합 연구개발업,자연과학 및 공학 융합 연구개발업,70130,자연과학 및 공학 융합 연구개발업,,,,,1,"업종코드: 730007
업종 대분류: 전문, 과학 및 기술 서비스업
업종 중분류: 연구개발업
업종 소분류: 자연과학 및 공학 연구개발업
업종 세분류: 자연과학 및 공학 융합 연구개발업
업종 세세분류 및 활동명: 자연과학 및 공학 융합 연구개발업
연계 KSIC 11차 코드: 70130
연계 KSIC 11차 분류명: 자연과학 및 공학 융합 연구개발업"
730008,M,"전문, 과학 및 기술 서비스업",73,연구개발업,730,인문 및 사회과학 연구개발업,7300,인문 및 사회과학 연구개발업,경제 및 경영학 연구개발업,70201,경제 및 경영학 연구개발업,,,,,1,"업종코드: 730008
업종 대분류: 전문, 과학 및 기술 서비스업
업종 중분류: 연구개발업
업종 소분류: 인문 및 사회과학 연구개발업
업종 세분류: 인문 및 사회과학 연구개발업
업종 세세분류 및 활동명: 경제 및 경영학 연구개발업
연계 KSIC 11차 코드: 70201
연계 KSIC 11차 분류명: 경제 및 경영학 연구개발업"
741101,M,"전문, 과학 및 기술 서비스업",74,전문 서비스업,741,법무관련 서비스업,7411,법무관련 서비스업,변호사업,71101,변호사업,,,,,1,"업종코드: 741101
업종 대분류: 전문, 과학 및 기술 서비스업
업종 중분류: 전문 서비스업
업종 소분류: 법무관련 서비스업
업종 세분류: 법무관련 서비스업
업종 세세분류 및 활동명: 변호사업
연계 KSIC 11차 코드: 71101
연계 KSIC 11차 분류명: 변호사업"
741104,M,"전문, 과학 및 기술 서비스업",74,전문 서비스업,741,법무관련 서비스업,7411,법무관련 서비스업,변리사업,71102,변리사업,,,,,1,"업종코드: 741104
업종 대분류: 전문, 과학 및 기술 서비스업
업종 중분류: 전문 서비스업
업종 소분류: 법무관련 서비스업
업종 세분류: 법무관련 서비스업
업종 세세분류 및 활동명: 변리사업
연계 KSIC 11차 코드: 71102
연계 KSIC 11차 분류명: 변리사업"
741106,M,"전문, 과학 및 기술 서비스업",74,전문 서비스업,741,법무관련 서비스업,7411,법무관련 서비스업,기타 법무관련 서비스업(공증인),71109,기타 법무관련 서비스업,,,,공증인,1,"업종코드: 741106
업종 대분류: 전문, 과학 및 기술 서비스업
업종 중분류: 전문 서비스업
업종 소분류: 법무관련 서비스업
업종 세분류: 법무관련 서비스업
업종 세세분류 및 활동명: 기타 법무관련 서비스업(공증인)
연계 KSIC 11차 코드: 71109
연계 KSIC 11차 분류명: 기타 법무관련 서비스업
세부설명: 공증인"
741107,M,"전문, 과학 및 기술 서비스업",74,전문 서비스업,741,법무관련 서비스업,7411,법무관련 서비스업,법무사업,71103,법무사업,,,,,1,"업종코드: 741107
업종 대분류: 전문, 과학 및 기술 서비스업
업종 중분류: 전문 서비스업
업종 소분류: 법무관련 서비스업
업종 세분류: 법무관련 서비스업
업종 세세분류 및 활동명: 법무사업
연계 KSIC 11차 코드: 71103
연계 KSIC 11차 분류명: 법무사업"
741108,M,"전문, 과학 및 기술 서비스업",74,전문 서비스업,741,법무관련 서비스업,7411,법무관련 서비스업,기타 법무관련 서비스업(집행관),71109,기타 법무관련 서비스업,,,,집행관,1,"업종코드: 741108
업종 대분류: 전문, 과학 및 기술 서비스업
업종 중분류: 전문 서비스업
업종 소분류: 법무관련 서비스업
업종 세분류: 법무관련 서비스업
업종 세세분류 및 활동명: 기타 법무관련 서비스업(집행관)
연계 KSIC 11차 코드: 71109
연계 KSIC 11차 분류명: 기타 법무관련 서비스업
세부설명: 집행관"
741109,M,"전문, 과학 및 기술 서비스업",74,전문 서비스업,741,법무관련 서비스업,7411,법무관련 서비스업,기타 법무관련 서비스업,71109,기타 법무관련 서비스업,,,,행정사,1,"업종코드: 741109
업종 대분류: 전문, 과학 및 기술 서비스업
업종 중분류: 전문 서비스업
업종 소분류: 법무관련 서비스업
업종 세분류: 법무관련 서비스업
업종 세세분류 및 활동명: 기타 법무관련 서비스업
연계 KSIC 11차 코드: 71109
연계 KSIC 11차 분류명: 기타 법무관련 서비스업
세부설명: 행정사"
741110,M,"전문, 과학 및 기술 서비스업",74,전문 서비스업,741,법무관련 서비스업,7411,법무관련 서비스업,기타 법무관련 서비스업(노무사),71109,기타 법무관련 서비스업,,,,공인노무사,1,"업종코드: 741110
업종 대분류: 전문, 과학 및 기술 서비스업
업종 중분류: 전문 서비스업
업종 소분류: 법무관련 서비스업
업종 세분류: 법무관련 서비스업
업종 세세분류 및 활동명: 기타 법무관련 서비스업(노무사)
연계 KSIC 11차 코드: 71109
연계 KSIC 11차 분류명: 기타 법무관련 서비스업
세부설명: 공인노무사"
741114,M,"전문, 과학 및 기술 서비스업",74,전문 서비스업,741,법무관련 서비스업,7411,법무관련 서비스업,기타 법무관련 서비스업,71109,기타 법무관련 서비스업,71109,기타 법무관련 서비스업,1,,1,"업종코드: 741114
업종 대분류: 전문, 과학 및 기술 서비스업
업종 중분류: 전문 서비스업
업종 소분류: 법무관련 서비스업
업종 세분류: 법무관련 서비스업
업종 세세분류 및 활동명: 기타 법무관련 서비스업
연계 KSIC 11차 코드: 71109
연계 KSIC 11차 분류명: 기타 법무관련 서비스업
주요 연계 KSIC 코드: 71109
주요 연계 KSIC 분류명: 기타 법무관련 서비스업"
741201,M,"전문, 과학 및 기술 서비스업",74,전문 서비스업,741,회계 및 세무관련 서비스업,7412,회계 및 세무관련 서비스업,세무사업,71202,세무사업,71202,세무사업,1,,1,"업종코드: 741201
업종 대분류: 전문, 과학 및 기술 서비스업
업종 중분류: 전문 서비스업
업종 소분류: 회계 및 세무관련 서비스업
업종 세분류: 회계 및 세무관련 서비스업
업종 세세분류 및 활동명: 세무사업
연계 KSIC 11차 코드: 71202
연계 KSIC 11차 분류명: 세무사업
주요 연계 KSIC 코드: 71202
주요 연계 KSIC 분류명: 세무사업"
741202,M,"전문, 과학 및 기술 서비스업",74,전문 서비스업,741,회계 및 세무관련 서비스업,7412,회계 및 세무관련 서비스업,공인회계사업,71201,공인회계사업,71201,공인회계사업,1,,1,"업종코드: 741202
업종 대분류: 전문, 과학 및 기술 서비스업
업종 중분류: 전문 서비스업
업종 소분류: 회계 및 세무관련 서비스업
업종 세분류: 회계 및 세무관련 서비스업
업종 세세분류 및 활동명: 공인회계사업
연계 KSIC 11차 코드: 71201
연계 KSIC 11차 분류명: 공인회계사업
주요 연계 KSIC 코드: 71201
주요 연계 KSIC 분류명: 공인회계사업"
741203,M,"전문, 과학 및 기술 서비스업",74,전문 서비스업,741,회계 및 세무관련 서비스업,7412,회계 및 세무관련 서비스업,세무사업(기장대리) | 기타 회계 관련 서비스업,71202 | 71209,세무사업 | 기타 회계 관련 서비스업,71209,기타 회계 관련 서비스업,2,세무사의 기장대리 보수 | 기장대리 보수(세무사 제외),2,"업종코드: 741203
업종 대분류: 전문, 과학 및 기술 서비스업
업종 중분류: 전문 서비스업
업종 소분류: 회계 및 세무관련 서비스업
업종 세분류: 회계 및 세무관련 서비스업
업종 세세분류 및 활동명: 세무사업(기장대리) | 기타 회계 관련 서비스업
연계 KSIC 11차 코드: 71202 | 71209
연계 KSIC 11차 분류명: 세무사업 | 기타 회계 관련 서비스업
주요 연계 KSIC 코드: 71209
주요 연계 KSIC 분류명: 기타 회계 관련 서비스업
세부설명: 세무사의 기장대리 보수 | 기장대리 보수(세무사 제외)"
741204,M,"전문, 과학 및 기술 서비스업",74,전문 서비스업,741,회계 및 세무관련 서비스업,7412,회계 및 세무관련 서비스업,공인회계사업(기장대리) | 기타 회계 관련 서비스업,71201 | 71209,공인회계사업 | 기타 회계 관련 서비스업,71209,기타 회계 관련 서비스업,2,공인회계사의 기장대리 보수 | 기장대리 보수(공인회계사 제외),2,"업종코드: 741204
업종 대분류: 전문, 과학 및 기술 서비스업
업종 중분류: 전문 서비스업
업종 소분류: 회계 및 세무관련 서비스업
업종 세분류: 회계 및 세무관련 서비스업
업종 세세분류 및 활동명: 공인회계사업(기장대리) | 기타 회계 관련 서비스업
연계 KSIC 11차 코드: 71201 | 71209
연계 KSIC 11차 분류명: 공인회계사업 | 기타 회계 관련 서비스업
주요 연계 KSIC 코드: 71209
주요 연계 KSIC 분류명: 기타 회계 관련 서비스업
세부설명: 공인회계사의 기장대리 보수 | 기장대리 보수(공인회계사 제외)"
741300,M,"전문, 과학 및 기술 서비스업",74,전문 서비스업,741,시장 조사 및 여론 조사업,7413,시장 조사 및 여론 조사업,시장 조사 및 여론 조사업,71400,시장 조사 및 여론 조사업,,,,,1,"업종코드: 741300
업종 대분류: 전문, 과학 및 기술 서비스업
업종 중분류: 전문 서비스업
업종 소분류: 시장 조사 및 여론 조사업
업종 세분류: 시장 조사 및 여론 조사업
업종 세세분류 및 활동명: 시장 조사 및 여론 조사업
연계 KSIC 11차 코드: 71400
연계 KSIC 11차 분류명: 시장 조사 및 여론 조사업"
741400,M,"전문, 과학 및 기술 서비스업",74,전문 서비스업,741,회사 본부 및 경영 컨설팅 서비스업,7414,경영 컨설팅 및 공공 관계 서비스업,경영 컨설팅업,71531,경영 컨설팅업,71531,경영 컨설팅업,1,,1,"업종코드: 741400
업종 대분류: 전문, 과학 및 기술 서비스업
업종 중분류: 전문 서비스업
업종 소분류: 회사 본부 및 경영 컨설팅 서비스업
업종 세분류: 경영 컨설팅 및 공공 관계 서비스업
업종 세세분류 및 활동명: 경영 컨설팅업
연계 KSIC 11차 코드: 71531
연계 KSIC 11차 분류명: 경영 컨설팅업
주요 연계 KSIC 코드: 71531
주요 연계 KSIC 분류명: 경영 컨설팅업"
741401,M,"전문, 과학 및 기술 서비스업",74,전문 서비스업,741,회사 본부 및 경영 컨설팅 서비스업,7414,경영 컨설팅 및 공공 관계 서비스업,경영 컨설팅업(경영지도사),71531,경영 컨설팅업,,,,경영지도사,1,"업종코드: 741401
업종 대분류: 전문, 과학 및 기술 서비스업
업종 중분류: 전문 서비스업
업종 소분류: 회사 본부 및 경영 컨설팅 서비스업
업종 세분류: 경영 컨설팅 및 공공 관계 서비스업
업종 세세분류 및 활동명: 경영 컨설팅업(경영지도사)
연계 KSIC 11차 코드: 71531
연계 KSIC 11차 분류명: 경영 컨설팅업
세부설명: 경영지도사"
741402,P,교육서비스업,74,교육 서비스업,741,기타 교육기관,7414,직원 훈련기관,직원 훈련기관,85650,직원 훈련기관,,,,,1,"업종코드: 741402
업종 대분류: 교육서비스업
업종 중분류: 교육 서비스업
업종 소분류: 기타 교육기관
업종 세분류: 직원 훈련기관
업종 세세분류 및 활동명: 직원 훈련기관
연계 KSIC 11차 코드: 85650
연계 KSIC 11차 분류명: 직원 훈련기관"
741403,M,"전문, 과학 및 기술 서비스업",74,전문 서비스업,741,회사 본부 및 경영 컨설팅 서비스업,7414,경영 컨설팅 및 공공 관계 서비스업,공공관계 서비스업,71532,공공관계 서비스업,,,,,1,"업종코드: 741403
업종 대분류: 전문, 과학 및 기술 서비스업
업종 중분류: 전문 서비스업
업종 소분류: 회사 본부 및 경영 컨설팅 서비스업
업종 세분류: 경영 컨설팅 및 공공 관계 서비스업
업종 세세분류 및 활동명: 공공관계 서비스업
연계 KSIC 11차 코드: 71532
연계 KSIC 11차 분류명: 공공관계 서비스업"
742101,M,"전문, 과학 및 기술 서비스업",74,"건축 기술, 엔지니어링 및 기타 과학기술 서비스업",742,기타 과학기술 서비스업,7421,"측량, 지질 조사 및 지도 제작업",측량업,72921,측량업,,,,,1,"업종코드: 742101
업종 대분류: 전문, 과학 및 기술 서비스업
업종 중분류: 건축 기술, 엔지니어링 및 기타 과학기술 서비스업
업종 소분류: 기타 과학기술 서비스업
업종 세분류: 측량, 지질 조사 및 지도 제작업
업종 세세분류 및 활동명: 측량업
연계 KSIC 11차 코드: 72921
연계 KSIC 11차 분류명: 측량업"
742102,M,"전문, 과학 및 기술 서비스업",74,"건축 기술, 엔지니어링 및 기타 과학기술 서비스업",742,기타 과학기술 서비스업,7421,"측량, 지질 조사 및 지도 제작업",지질 조사·탐사 및 지도 제작업,72923,지질 조사·탐사 및 지도 제작업,,,,,1,"업종코드: 742102
업종 대분류: 전문, 과학 및 기술 서비스업
업종 중분류: 건축 기술, 엔지니어링 및 기타 과학기술 서비스업
업종 소분류: 기타 과학기술 서비스업
업종 세분류: 측량, 지질 조사 및 지도 제작업
업종 세세분류 및 활동명: 지질 조사·탐사 및 지도 제작업
연계 KSIC 11차 코드: 72923
연계 KSIC 11차 분류명: 지질 조사·탐사 및 지도 제작업"
742103,M,"전문, 과학 및 기술 서비스업",74,"건축 기술, 엔지니어링 및 기타 과학기술 서비스업",742,"건축 기술, 엔지니어링 및 관련 기술 서비스업",7421,건축 및 조경 설계 서비스업,건축 설계 및 관련 서비스업,72111,건축 설계 및 관련 서비스업,72111,건축 설계 및 관련 서비스업,1,,1,"업종코드: 742103
업종 대분류: 전문, 과학 및 기술 서비스업
업종 중분류: 건축 기술, 엔지니어링 및 기타 과학기술 서비스업
업종 소분류: 건축 기술, 엔지니어링 및 관련 기술 서비스업
업종 세분류: 건축 및 조경 설계 서비스업
업종 세세분류 및 활동명: 건축 설계 및 관련 서비스업
연계 KSIC 11차 코드: 72111
연계 KSIC 11차 분류명: 건축 설계 및 관련 서비스업
주요 연계 KSIC 코드: 72111
주요 연계 KSIC 분류명: 건축 설계 및 관련 서비스업"
742104,M,"전문, 과학 및 기술 서비스업",74,"건축 기술, 엔지니어링 및 기타 과학기술 서비스업",742,"건축 기술, 엔지니어링 및 관련 기술 서비스업",7421,엔지니어링 서비스업,기타 엔지니어링 서비스업,72129,기타 엔지니어링 서비스업,,,,,1,"업종코드: 742104
업종 대분류: 전문, 과학 및 기술 서비스업
업종 중분류: 건축 기술, 엔지니어링 및 기타 과학기술 서비스업
업종 소분류: 건축 기술, 엔지니어링 및 관련 기술 서비스업
업종 세분류: 엔지니어링 서비스업
업종 세세분류 및 활동명: 기타 엔지니어링 서비스업
연계 KSIC 11차 코드: 72129
연계 KSIC 11차 분류명: 기타 엔지니어링 서비스업"
742105,M,"전문, 과학 및 기술 서비스업",74,"건축 기술, 엔지니어링 및 기타 과학기술 서비스업",742,"건축 기술, 엔지니어링 및 관련 기술 서비스업",7421,건축 및 조경 설계 서비스업,건축 설계 및 관련 서비스업(건축사),72111,건축 설계 및 관련 서비스업,,,,건축사,1,"업종코드: 742105
업종 대분류: 전문, 과학 및 기술 서비스업
업종 중분류: 건축 기술, 엔지니어링 및 기타 과학기술 서비스업
업종 소분류: 건축 기술, 엔지니어링 및 관련 기술 서비스업
업종 세분류: 건축 및 조경 설계 서비스업
업종 세세분류 및 활동명: 건축 설계 및 관련 서비스업(건축사)
연계 KSIC 11차 코드: 72111
연계 KSIC 11차 분류명: 건축 설계 및 관련 서비스업
세부설명: 건축사"
742106,M,"전문, 과학 및 기술 서비스업",74,"건축 기술, 엔지니어링 및 기타 과학기술 서비스업",742,"건축 기술, 엔지니어링 및 관련 기술 서비스업",7421,엔지니어링 서비스업,건물 및 토목 엔지니어링 서비스업(기술사),72121,건물 및 토목 엔지니어링 서비스업,,,,기술사,1,"업종코드: 742106
업종 대분류: 전문, 과학 및 기술 서비스업
업종 중분류: 건축 기술, 엔지니어링 및 기타 과학기술 서비스업
업종 소분류: 건축 기술, 엔지니어링 및 관련 기술 서비스업
업종 세분류: 엔지니어링 서비스업
업종 세세분류 및 활동명: 건물 및 토목 엔지니어링 서비스업(기술사)
연계 KSIC 11차 코드: 72121
연계 KSIC 11차 분류명: 건물 및 토목 엔지니어링 서비스업
세부설명: 기술사"
742107,M,"전문, 과학 및 기술 서비스업",74,"건축 기술, 엔지니어링 및 기타 과학기술 서비스업",742,"건축 기술, 엔지니어링 및 관련 기술 서비스업",7421,건축 및 조경 설계 서비스업,도시 계획 및 조경 설계 서비스업,72112,도시 계획 및 조경 설계 서비스업,,,,,1,"업종코드: 742107
업종 대분류: 전문, 과학 및 기술 서비스업
업종 중분류: 건축 기술, 엔지니어링 및 기타 과학기술 서비스업
업종 소분류: 건축 기술, 엔지니어링 및 관련 기술 서비스업
업종 세분류: 건축 및 조경 설계 서비스업
업종 세세분류 및 활동명: 도시 계획 및 조경 설계 서비스업
연계 KSIC 11차 코드: 72112
연계 KSIC 11차 분류명: 도시 계획 및 조경 설계 서비스업"
742108,M,"전문, 과학 및 기술 서비스업",74,"건축 기술, 엔지니어링 및 기타 과학기술 서비스업",742,기타 과학기술 서비스업,7421,"측량, 지질 조사 및 지도 제작업",제도업,72922,제도업,,,,,1,"업종코드: 742108
업종 대분류: 전문, 과학 및 기술 서비스업
업종 중분류: 건축 기술, 엔지니어링 및 기타 과학기술 서비스업
업종 소분류: 기타 과학기술 서비스업
업종 세분류: 측량, 지질 조사 및 지도 제작업
업종 세세분류 및 활동명: 제도업
연계 KSIC 11차 코드: 72922
연계 KSIC 11차 분류명: 제도업"
742109,M,"전문, 과학 및 기술 서비스업",74,"건축 기술, 엔지니어링 및 기타 과학기술 서비스업",742,"건축 기술, 엔지니어링 및 관련 기술 서비스업",7421,엔지니어링 서비스업,건물 및 토목 엔지니어링 서비스업,72121,건물 및 토목 엔지니어링 서비스업,72121,건물 및 토목 엔지니어링 서비스업,1,,1,"업종코드: 742109
업종 대분류: 전문, 과학 및 기술 서비스업
업종 중분류: 건축 기술, 엔지니어링 및 기타 과학기술 서비스업
업종 소분류: 건축 기술, 엔지니어링 및 관련 기술 서비스업
업종 세분류: 엔지니어링 서비스업
업종 세세분류 및 활동명: 건물 및 토목 엔지니어링 서비스업
연계 KSIC 11차 코드: 72121
연계 KSIC 11차 분류명: 건물 및 토목 엔지니어링 서비스업
주요 연계 KSIC 코드: 72121
주요 연계 KSIC 분류명: 건물 및 토목 엔지니어링 서비스업"
742110,M,"전문, 과학 및 기술 서비스업",74,"건축 기술, 엔지니어링 및 기타 과학기술 서비스업",742,"건축 기술, 엔지니어링 및 관련 기술 서비스업",7421,엔지니어링 서비스업,환경 관련 엔지니어링 서비스업,72122,환경 관련 엔지니어링 서비스업,,,,,1,"업종코드: 742110
업종 대분류: 전문, 과학 및 기술 서비스업
업종 중분류: 건축 기술, 엔지니어링 및 기타 과학기술 서비스업
업종 소분류: 건축 기술, 엔지니어링 및 관련 기술 서비스업
업종 세분류: 엔지니어링 서비스업
업종 세세분류 및 활동명: 환경 관련 엔지니어링 서비스업
연계 KSIC 11차 코드: 72122
연계 KSIC 11차 분류명: 환경 관련 엔지니어링 서비스업"
742113,M,"전문, 과학 및 기술 서비스업",74,"건축 기술, 엔지니어링 및 기타 과학기술 서비스업",742,기타 과학기술 서비스업,7421,"측량, 지질 조사 및 지도 제작업",지질 조사·탐사 및 지도 제작업,72923,지질 조사·탐사 및 지도 제작업,,,,,1,"업종코드: 742113
업종 대분류: 전문, 과학 및 기술 서비스업
업종 중분류: 건축 기술, 엔지니어링 및 기타 과학기술 서비스업
업종 소분류: 기타 과학기술 서비스업
업종 세분류: 측량, 지질 조사 및 지도 제작업
업종 세세분류 및 활동명: 지질 조사·탐사 및 지도 제작업
연계 KSIC 11차 코드: 72923
연계 KSIC 11차 분류명: 지질 조사·탐사 및 지도 제작업"
742201,M,"전문, 과학 및 기술 서비스업",74,"건축 기술, 엔지니어링 및 기타 과학기술 서비스업",742,기타 과학기술 서비스업,7422,"기술 시험, 검사 및 분석업","기타 기술 시험, 검사 및 분석업",72919,"기타 기술 시험, 검사 및 분석업",72919,"기타 기술 시험, 검사 및 분석업",1,,1,"업종코드: 742201
업종 대분류: 전문, 과학 및 기술 서비스업
업종 중분류: 건축 기술, 엔지니어링 및 기타 과학기술 서비스업
업종 소분류: 기타 과학기술 서비스업
업종 세분류: 기술 시험, 검사 및 분석업
업종 세세분류 및 활동명: 기타 기술 시험, 검사 및 분석업
연계 KSIC 11차 코드: 72919
연계 KSIC 11차 분류명: 기타 기술 시험, 검사 및 분석업
주요 연계 KSIC 코드: 72919
주요 연계 KSIC 분류명: 기타 기술 시험, 검사 및 분석업"
742202,M,"전문, 과학 및 기술 서비스업",74,"건축 기술, 엔지니어링 및 기타 과학기술 서비스업",742,기타 과학기술 서비스업,7422,"기술 시험, 검사 및 분석업","기타 기술 시험, 검사 및 분석업(기술지도사)",72919,"기타 기술 시험, 검사 및 분석업",,,,기술지도사,1,"업종코드: 742202
업종 대분류: 전문, 과학 및 기술 서비스업
업종 중분류: 건축 기술, 엔지니어링 및 기타 과학기술 서비스업
업종 소분류: 기타 과학기술 서비스업
업종 세분류: 기술 시험, 검사 및 분석업
업종 세세분류 및 활동명: 기타 기술 시험, 검사 및 분석업(기술지도사)
연계 KSIC 11차 코드: 72919
연계 KSIC 11차 분류명: 기타 기술 시험, 검사 및 분석업
세부설명: 기술지도사"
742203,M,"전문, 과학 및 기술 서비스업",74,"건축 기술, 엔지니어링 및 기타 과학기술 서비스업",742,기타 과학기술 서비스업,7422,"기술 시험, 검사 및 분석업",물질 성분 검사 및 분석업,72911,물질 성분 검사 및 분석업,,,,,1,"업종코드: 742203
업종 대분류: 전문, 과학 및 기술 서비스업
업종 중분류: 건축 기술, 엔지니어링 및 기타 과학기술 서비스업
업종 소분류: 기타 과학기술 서비스업
업종 세분류: 기술 시험, 검사 및 분석업
업종 세세분류 및 활동명: 물질 성분 검사 및 분석업
연계 KSIC 11차 코드: 72911
연계 KSIC 11차 분류명: 물질 성분 검사 및 분석업"
743001,M,"전문, 과학 및 기술 서비스업",74,전문 서비스업,743,광고업,7430,기타 광고업,옥외 광고업,71391,옥외 광고업,,,,,1,"업종코드: 743001
업종 대분류: 전문, 과학 및 기술 서비스업
업종 중분류: 전문 서비스업
업종 소분류: 광고업
업종 세분류: 기타 광고업
업종 세세분류 및 활동명: 옥외 광고업
연계 KSIC 11차 코드: 71391
연계 KSIC 11차 분류명: 옥외 광고업"
743002,M,"전문, 과학 및 기술 서비스업",74,전문 서비스업,743,광고업,7430,광고 대행업,광고 대행업,71310,광고 대행업,,,,,1,"업종코드: 743002
업종 대분류: 전문, 과학 및 기술 서비스업
업종 중분류: 전문 서비스업
업종 소분류: 광고업
업종 세분류: 광고 대행업
업종 세세분류 및 활동명: 광고 대행업
연계 KSIC 11차 코드: 71310
연계 KSIC 11차 분류명: 광고 대행업"
743003,M,"전문, 과학 및 기술 서비스업",74,전문 서비스업,743,광고업,7430,기타 광고업,그 외 기타 광고 관련 서비스업,71399,그 외 기타 광고 관련 서비스업,,,,,1,"업종코드: 743003
업종 대분류: 전문, 과학 및 기술 서비스업
업종 중분류: 전문 서비스업
업종 소분류: 광고업
업종 세분류: 기타 광고업
업종 세세분류 및 활동명: 그 외 기타 광고 관련 서비스업
연계 KSIC 11차 코드: 71399
연계 KSIC 11차 분류명: 그 외 기타 광고 관련 서비스업"
743004,M,"전문, 과학 및 기술 서비스업",74,전문 서비스업,743,광고업,7430,기타 광고업,"광고물 문안, 도안, 설계 등 작성업",71392,"광고물 문안, 도안, 설계 등 작성업",,,,,1,"업종코드: 743004
업종 대분류: 전문, 과학 및 기술 서비스업
업종 중분류: 전문 서비스업
업종 소분류: 광고업
업종 세분류: 기타 광고업
업종 세세분류 및 활동명: 광고물 문안, 도안, 설계 등 작성업
연계 KSIC 11차 코드: 71392
연계 KSIC 11차 분류명: 광고물 문안, 도안, 설계 등 작성업"
743005,M,"전문, 과학 및 기술 서비스업",74,전문 서비스업,743,광고업,7430,기타 광고업,그 외 기타 광고 관련 서비스업,71399,그 외 기타 광고 관련 서비스업,71399,그 외 기타 광고 관련 서비스업,1,,1,"업종코드: 743005
업종 대분류: 전문, 과학 및 기술 서비스업
업종 중분류: 전문 서비스업
업종 소분류: 광고업
업종 세분류: 기타 광고업
업종 세세분류 및 활동명: 그 외 기타 광고 관련 서비스업
연계 KSIC 11차 코드: 71399
연계 KSIC 11차 분류명: 그 외 기타 광고 관련 서비스업
주요 연계 KSIC 코드: 71399
주요 연계 KSIC 분류명: 그 외 기타 광고 관련 서비스업"
749100,N,"사업시설 관리, 사업 지원 및 임대 서비스업",74,사업 지원 서비스업,749,고용 알선 및 인력 공급업,7491,고용 알선업,고용 알선업,75110,고용 알선업,,,,,1,"업종코드: 749100
업종 대분류: 사업시설 관리, 사업 지원 및 임대 서비스업
업종 중분류: 사업 지원 서비스업
업종 소분류: 고용 알선 및 인력 공급업
업종 세분류: 고용 알선업
업종 세세분류 및 활동명: 고용 알선업
연계 KSIC 11차 코드: 75110
연계 KSIC 11차 분류명: 고용 알선업"
749101,N,"사업시설 관리, 사업 지원 및 임대 서비스업",74,사업 지원 서비스업,749,고용 알선 및 인력 공급업,7491,인력 공급업,임시 및 일용 인력 공급업,75121,임시 및 일용 인력 공급업,,,,,1,"업종코드: 749101
업종 대분류: 사업시설 관리, 사업 지원 및 임대 서비스업
업종 중분류: 사업 지원 서비스업
업종 소분류: 고용 알선 및 인력 공급업
업종 세분류: 인력 공급업
업종 세세분류 및 활동명: 임시 및 일용 인력 공급업
연계 KSIC 11차 코드: 75121
연계 KSIC 11차 분류명: 임시 및 일용 인력 공급업"
749102,N,"사업시설 관리, 사업 지원 및 임대 서비스업",74,사업 지원 서비스업,749,고용 알선 및 인력 공급업,7491,인력 공급업,상용 인력 공급 및 인사관리 서비스업,75122,상용 인력 공급 및 인사관리 서비스업,,,,,1,"업종코드: 749102
업종 대분류: 사업시설 관리, 사업 지원 및 임대 서비스업
업종 중분류: 사업 지원 서비스업
업종 소분류: 고용 알선 및 인력 공급업
업종 세분류: 인력 공급업
업종 세세분류 및 활동명: 상용 인력 공급 및 인사관리 서비스업
연계 KSIC 11차 코드: 75122
연계 KSIC 11차 분류명: 상용 인력 공급 및 인사관리 서비스업"
749200,N,"사업시설 관리, 사업 지원 및 임대 서비스업",74,사업 지원 서비스업,749,"경비, 경호 및 탐정업",7492,경비 및 경호 서비스업,경비 및 경호 서비스업,75310,경비 및 경호 서비스업,,,,,1,"업종코드: 749200
업종 대분류: 사업시설 관리, 사업 지원 및 임대 서비스업
업종 중분류: 사업 지원 서비스업
업종 소분류: 경비, 경호 및 탐정업
업종 세분류: 경비 및 경호 서비스업
업종 세세분류 및 활동명: 경비 및 경호 서비스업
연계 KSIC 11차 코드: 75310
연계 KSIC 11차 분류명: 경비 및 경호 서비스업"
749201,N,"사업시설 관리, 사업 지원 및 임대 서비스업",74,사업 지원 서비스업,749,"경비, 경호 및 탐정업",7492,보안 시스템 서비스업,보안 시스템 서비스업,75320,보안 시스템 서비스업,,,,,1,"업종코드: 749201
업종 대분류: 사업시설 관리, 사업 지원 및 임대 서비스업
업종 중분류: 사업 지원 서비스업
업종 소분류: 경비, 경호 및 탐정업
업종 세분류: 보안 시스템 서비스업
업종 세세분류 및 활동명: 보안 시스템 서비스업
연계 KSIC 11차 코드: 75320
연계 KSIC 11차 분류명: 보안 시스템 서비스업"
749300,N,"사업시설 관리, 사업 지원 및 임대 서비스업",74,사업시설 관리 및 조경 서비스업,749,건물ㆍ산업설비 청소 및 방제 서비스업,7493,건물 및 산업설비 청소업,건축물 일반 청소업,74211,건축물 일반 청소업,,,,,1,"업종코드: 749300
업종 대분류: 사업시설 관리, 사업 지원 및 임대 서비스업
업종 중분류: 사업시설 관리 및 조경 서비스업
업종 소분류: 건물ㆍ산업설비 청소 및 방제 서비스업
업종 세분류: 건물 및 산업설비 청소업
업종 세세분류 및 활동명: 건축물 일반 청소업
연계 KSIC 11차 코드: 74211
연계 KSIC 11차 분류명: 건축물 일반 청소업"
749301,E,"수도, 하수 및 폐기물 처리, 원료 재생업",74,"하수, 폐수 및 분뇨 처리업",749,"하수, 폐수 및 분뇨 처리업",7493,하수 및 폐수 처리업,하수 처리업,37011,하수 처리업,,,,하수도관 청소,1,"업종코드: 749301
업종 대분류: 수도, 하수 및 폐기물 처리, 원료 재생업
업종 중분류: 하수, 폐수 및 분뇨 처리업
업종 소분류: 하수, 폐수 및 분뇨 처리업
업종 세분류: 하수 및 폐수 처리업
업종 세세분류 및 활동명: 하수 처리업
연계 KSIC 11차 코드: 37011
연계 KSIC 11차 분류명: 하수 처리업
세부설명: 하수도관 청소"
749302,N,"사업시설 관리, 사업 지원 및 임대 서비스업",74,사업시설 관리 및 조경 서비스업,749,건물ㆍ산업설비 청소 및 방제 서비스업,7493,"소독, 구충 및 방제 서비스업","소독, 구충 및 방제 서비스업",74220,"소독, 구충 및 방제 서비스업",,,,,1,"업종코드: 749302
업종 대분류: 사업시설 관리, 사업 지원 및 임대 서비스업
업종 중분류: 사업시설 관리 및 조경 서비스업
업종 소분류: 건물ㆍ산업설비 청소 및 방제 서비스업
업종 세분류: 소독, 구충 및 방제 서비스업
업종 세세분류 및 활동명: 소독, 구충 및 방제 서비스업
연계 KSIC 11차 코드: 74220
연계 KSIC 11차 분류명: 소독, 구충 및 방제 서비스업"
749303,N,"사업시설 관리, 사업 지원 및 임대 서비스업",74,사업시설 관리 및 조경 서비스업,749,조경관리 및 유지 서비스업,7493,조경관리 및 유지 서비스업,조경관리 및 유지 서비스업,74300,조경관리 및 유지 서비스업,,,,,1,"업종코드: 749303
업종 대분류: 사업시설 관리, 사업 지원 및 임대 서비스업
업종 중분류: 사업시설 관리 및 조경 서비스업
업종 소분류: 조경관리 및 유지 서비스업
업종 세분류: 조경관리 및 유지 서비스업
업종 세세분류 및 활동명: 조경관리 및 유지 서비스업
연계 KSIC 11차 코드: 74300
연계 KSIC 11차 분류명: 조경관리 및 유지 서비스업"
749400,M,"전문, 과학 및 기술 서비스업",74,"기타 전문, 과학 및 기술 서비스업",749,사진 촬영 및 처리업,7494,사진 촬영 및 처리업,인물 사진 및 행사용 영상 촬영업,73301,인물 사진 및 행사용 영상 촬영업,73301,인물 사진 및 행사용 영상 촬영업,1,,1,"업종코드: 749400
업종 대분류: 전문, 과학 및 기술 서비스업
업종 중분류: 기타 전문, 과학 및 기술 서비스업
업종 소분류: 사진 촬영 및 처리업
업종 세분류: 사진 촬영 및 처리업
업종 세세분류 및 활동명: 인물 사진 및 행사용 영상 촬영업
연계 KSIC 11차 코드: 73301
연계 KSIC 11차 분류명: 인물 사진 및 행사용 영상 촬영업
주요 연계 KSIC 코드: 73301
주요 연계 KSIC 분류명: 인물 사진 및 행사용 영상 촬영업"
749401,S,"협회 및 단체, 수리 및 기타 개인 서비스업",74,기타 개인 서비스업,749,그 외 기타 개인 서비스업,7494,그 외 기타 분류 안된 개인 서비스업,그 외 기타 달리 분류되지 않은 개인 서비스업,96999,그 외 기타 달리 분류되지 않은 개인 서비스업,,,,즉석 자동사진촬영기 운영,1,"업종코드: 749401
업종 대분류: 협회 및 단체, 수리 및 기타 개인 서비스업
업종 중분류: 기타 개인 서비스업
업종 소분류: 그 외 기타 개인 서비스업
업종 세분류: 그 외 기타 분류 안된 개인 서비스업
업종 세세분류 및 활동명: 그 외 기타 달리 분류되지 않은 개인 서비스업
연계 KSIC 11차 코드: 96999
연계 KSIC 11차 분류명: 그 외 기타 달리 분류되지 않은 개인 서비스업
세부설명: 즉석 자동사진촬영기 운영"
749402,M,"전문, 과학 및 기술 서비스업",74,"기타 전문, 과학 및 기술 서비스업",749,사진 촬영 및 처리업,7494,사진 촬영 및 처리업,상업용 사진 촬영업,73302,상업용 사진 촬영업,,,,,1,"업종코드: 749402
업종 대분류: 전문, 과학 및 기술 서비스업
업종 중분류: 기타 전문, 과학 및 기술 서비스업
업종 소분류: 사진 촬영 및 처리업
업종 세분류: 사진 촬영 및 처리업
업종 세세분류 및 활동명: 상업용 사진 촬영업
연계 KSIC 11차 코드: 73302
연계 KSIC 11차 분류명: 상업용 사진 촬영업"
749403,M,"전문, 과학 및 기술 서비스업",74,"기타 전문, 과학 및 기술 서비스업",749,사진 촬영 및 처리업,7494,사진 촬영 및 처리업,사진 처리업,73303,사진 처리업,,,,,1,"업종코드: 749403
업종 대분류: 전문, 과학 및 기술 서비스업
업종 중분류: 기타 전문, 과학 및 기술 서비스업
업종 소분류: 사진 촬영 및 처리업
업종 세분류: 사진 촬영 및 처리업
업종 세세분류 및 활동명: 사진 처리업
연계 KSIC 11차 코드: 73303
연계 KSIC 11차 분류명: 사진 처리업"
749500,N,"사업시설 관리, 사업 지원 및 임대 서비스업",74,사업 지원 서비스업,749,기타 사업 지원 서비스업,7495,그 외 기타 사업 지원 서비스업,포장 및 충전업,75994,포장 및 충전업,75994,포장 및 충전업,1,,1,"업종코드: 749500
업종 대분류: 사업시설 관리, 사업 지원 및 임대 서비스업
업종 중분류: 사업 지원 서비스업
업종 소분류: 기타 사업 지원 서비스업
업종 세분류: 그 외 기타 사업 지원 서비스업
업종 세세분류 및 활동명: 포장 및 충전업
연계 KSIC 11차 코드: 75994
연계 KSIC 11차 분류명: 포장 및 충전업
주요 연계 KSIC 코드: 75994
주요 연계 KSIC 분류명: 포장 및 충전업"
749601,N,"사업시설 관리, 사업 지원 및 임대 서비스업",74,사업 지원 서비스업,749,기타 사업 지원 서비스업,7496,그 외 기타 사업 지원 서비스업,그 외 기타 분류 안된 사업 지원 서비스업,75999,그 외 기타 분류 안된 사업 지원 서비스업,,,,종이재단 지원 서비스,1,"업종코드: 749601
업종 대분류: 사업시설 관리, 사업 지원 및 임대 서비스업
업종 중분류: 사업 지원 서비스업
업종 소분류: 기타 사업 지원 서비스업
업종 세분류: 그 외 기타 사업 지원 서비스업
업종 세세분류 및 활동명: 그 외 기타 분류 안된 사업 지원 서비스업
연계 KSIC 11차 코드: 75999
연계 KSIC 11차 분류명: 그 외 기타 분류 안된 사업 지원 서비스업
세부설명: 종이재단 지원 서비스"
749602,N,"사업시설 관리, 사업 지원 및 임대 서비스업",74,사업 지원 서비스업,749,기타 사업 지원 서비스업,7496,그 외 기타 사업 지원 서비스업,그 외 기타 분류 안된 사업 지원 서비스업,75999,그 외 기타 분류 안된 사업 지원 서비스업,,,,"해태건조, 마세크탄(조개탄) 도급가공, 갈포가공",1,"업종코드: 749602
업종 대분류: 사업시설 관리, 사업 지원 및 임대 서비스업
업종 중분류: 사업 지원 서비스업
업종 소분류: 기타 사업 지원 서비스업
업종 세분류: 그 외 기타 사업 지원 서비스업
업종 세세분류 및 활동명: 그 외 기타 분류 안된 사업 지원 서비스업
연계 KSIC 11차 코드: 75999
연계 KSIC 11차 분류명: 그 외 기타 분류 안된 사업 지원 서비스업
세부설명: 해태건조, 마세크탄(조개탄) 도급가공, 갈포가공"
749603,N,"사업시설 관리, 사업 지원 및 임대 서비스업",74,사업 지원 서비스업,749,기타 사업 지원 서비스업,7496,그 외 기타 사업 지원 서비스업,그 외 기타 분류 안된 사업 지원 서비스업,75999,그 외 기타 분류 안된 사업 지원 서비스업,,,,선박 임가공,1,"업종코드: 749603
업종 대분류: 사업시설 관리, 사업 지원 및 임대 서비스업
업종 중분류: 사업 지원 서비스업
업종 소분류: 기타 사업 지원 서비스업
업종 세분류: 그 외 기타 사업 지원 서비스업
업종 세세분류 및 활동명: 그 외 기타 분류 안된 사업 지원 서비스업
연계 KSIC 11차 코드: 75999
연계 KSIC 11차 분류명: 그 외 기타 분류 안된 사업 지원 서비스업
세부설명: 선박 임가공"
749604,N,"사업시설 관리, 사업 지원 및 임대 서비스업",74,사업 지원 서비스업,749,기타 사업 지원 서비스업,7496,그 외 기타 사업 지원 서비스업,그 외 기타 분류 안된 사업 지원 서비스업(기타임가공),75999,그 외 기타 분류 안된 사업 지원 서비스업,,,,기타 임가공,1,"업종코드: 749604
업종 대분류: 사업시설 관리, 사업 지원 및 임대 서비스업
업종 중분류: 사업 지원 서비스업
업종 소분류: 기타 사업 지원 서비스업
업종 세분류: 그 외 기타 사업 지원 서비스업
업종 세세분류 및 활동명: 그 외 기타 분류 안된 사업 지원 서비스업(기타임가공)
연계 KSIC 11차 코드: 75999
연계 KSIC 11차 분류명: 그 외 기타 분류 안된 사업 지원 서비스업
세부설명: 기타 임가공"
749609,N,"사업시설 관리, 사업 지원 및 임대 서비스업",74,사업 지원 서비스업,749,기타 사업 지원 서비스업,7496,그 외 기타 사업 지원 서비스업,온라인 활용 마케팅 및 관련 사업지원 서비스업 | 그 외 기타 분류 안된 사업 지원 서비스업,75995 | 75999,온라인 활용 마케팅 및 관련 사업지원 서비스업 | 그 외 기타 분류 안된 사업 지원 서비스업,75995 | 75999,온라인 활용 마케팅 및 관련 사업지원 서비스업 | 그 외 기타 분류 안된 사업 지원 서비스업,1,,2,"업종코드: 749609
업종 대분류: 사업시설 관리, 사업 지원 및 임대 서비스업
업종 중분류: 사업 지원 서비스업
업종 소분류: 기타 사업 지원 서비스업
업종 세분류: 그 외 기타 사업 지원 서비스업
업종 세세분류 및 활동명: 온라인 활용 마케팅 및 관련 사업지원 서비스업 | 그 외 기타 분류 안된 사업 지원 서비스업
연계 KSIC 11차 코드: 75995 | 75999
연계 KSIC 11차 분류명: 온라인 활용 마케팅 및 관련 사업지원 서비스업 | 그 외 기타 분류 안된 사업 지원 서비스업
주요 연계 KSIC 코드: 75995 | 75999
주요 연계 KSIC 분류명: 온라인 활용 마케팅 및 관련 사업지원 서비스업 | 그 외 기타 분류 안된 사업 지원 서비스업"
749901,N,"사업시설 관리, 사업 지원 및 임대 서비스업",74,사업 지원 서비스업,749,기타 사업 지원 서비스업,7499,사무 지원 서비스업,문서 작성 및 복사업,75911,문서 작성 및 복사업,,,,속기사,1,"업종코드: 749901
업종 대분류: 사업시설 관리, 사업 지원 및 임대 서비스업
업종 중분류: 사업 지원 서비스업
업종 소분류: 기타 사업 지원 서비스업
업종 세분류: 사무 지원 서비스업
업종 세세분류 및 활동명: 문서 작성 및 복사업
연계 KSIC 11차 코드: 75911
연계 KSIC 11차 분류명: 문서 작성 및 복사업
세부설명: 속기사"
749902,M,"전문, 과학 및 기술 서비스업",74,"기타 전문, 과학 및 기술 서비스업",749,"그 외 기타 전문, 과학 및 기술 서비스업",7499,"그 외 기타 전문, 과학 및 기술 서비스업",번역 및 통역 서비스업,73902,번역 및 통역 서비스업,,,,,1,"업종코드: 749902
업종 대분류: 전문, 과학 및 기술 서비스업
업종 중분류: 기타 전문, 과학 및 기술 서비스업
업종 소분류: 그 외 기타 전문, 과학 및 기술 서비스업
업종 세분류: 그 외 기타 전문, 과학 및 기술 서비스업
업종 세세분류 및 활동명: 번역 및 통역 서비스업
연계 KSIC 11차 코드: 73902
연계 KSIC 11차 분류명: 번역 및 통역 서비스업"
749903,M,"전문, 과학 및 기술 서비스업",74,"기타 전문, 과학 및 기술 서비스업",749,"그 외 기타 전문, 과학 및 기술 서비스업",7499,"그 외 기타 전문, 과학 및 기술 서비스업",사업 및 무형 재산권 중개업,73903,사업 및 무형 재산권 중개업,73903,사업 및 무형 재산권 중개업,2,사업 재산권 중개업,1,"업종코드: 749903
업종 대분류: 전문, 과학 및 기술 서비스업
업종 중분류: 기타 전문, 과학 및 기술 서비스업
업종 소분류: 그 외 기타 전문, 과학 및 기술 서비스업
업종 세분류: 그 외 기타 전문, 과학 및 기술 서비스업
업종 세세분류 및 활동명: 사업 및 무형 재산권 중개업
연계 KSIC 11차 코드: 73903
연계 KSIC 11차 분류명: 사업 및 무형 재산권 중개업
주요 연계 KSIC 코드: 73903
주요 연계 KSIC 분류명: 사업 및 무형 재산권 중개업
세부설명: 사업 재산권 중개업"
749904,K,금융 및 보험업,74,금융 및 보험관련 서비스업,749,보험 및 연금관련 서비스업,7499,보험 및 연금관련 서비스업,손해 사정업,66201,손해 사정업,,,,,1,"업종코드: 749904
업종 대분류: 금융 및 보험업
업종 중분류: 금융 및 보험관련 서비스업
업종 소분류: 보험 및 연금관련 서비스업
업종 세분류: 보험 및 연금관련 서비스업
업종 세세분류 및 활동명: 손해 사정업
연계 KSIC 11차 코드: 66201
연계 KSIC 11차 분류명: 손해 사정업"
749905,N,"사업시설 관리, 사업 지원 및 임대 서비스업",74,사업 지원 서비스업,749,기타 사업 지원 서비스업,7499,사무 지원 서비스업,문서 작성 및 복사업,75911,문서 작성 및 복사업,75911,문서 작성 및 복사업,1,,1,"업종코드: 749905
업종 대분류: 사업시설 관리, 사업 지원 및 임대 서비스업
업종 중분류: 사업 지원 서비스업
업종 소분류: 기타 사업 지원 서비스업
업종 세분류: 사무 지원 서비스업
업종 세세분류 및 활동명: 문서 작성 및 복사업
연계 KSIC 11차 코드: 75911
연계 KSIC 11차 분류명: 문서 작성 및 복사업
주요 연계 KSIC 코드: 75911
주요 연계 KSIC 분류명: 문서 작성 및 복사업"
749906,H,운수 및 창고업,74,창고 및 운송관련 서비스업,749,기타 운송관련 서비스업,7499,그 외 기타 운송관련 서비스업,통관 대리 및 관련서비스업,52991,통관 대리 및 관련서비스업,,,,관세사,1,"업종코드: 749906
업종 대분류: 운수 및 창고업
업종 중분류: 창고 및 운송관련 서비스업
업종 소분류: 기타 운송관련 서비스업
업종 세분류: 그 외 기타 운송관련 서비스업
업종 세세분류 및 활동명: 통관 대리 및 관련서비스업
연계 KSIC 11차 코드: 52991
연계 KSIC 11차 분류명: 통관 대리 및 관련서비스업
세부설명: 관세사"
749907,N,"사업시설 관리, 사업 지원 및 임대 서비스업",74,사업 지원 서비스업,749,기타 사업 지원 서비스업,7499,그 외 기타 사업 지원 서비스업,"전시, 컨벤션 및 행사 대행업",75992,"전시, 컨벤션 및 행사 대행업",,,,,1,"업종코드: 749907
업종 대분류: 사업시설 관리, 사업 지원 및 임대 서비스업
업종 중분류: 사업 지원 서비스업
업종 소분류: 기타 사업 지원 서비스업
업종 세분류: 그 외 기타 사업 지원 서비스업
업종 세세분류 및 활동명: 전시, 컨벤션 및 행사 대행업
연계 KSIC 11차 코드: 75992
연계 KSIC 11차 분류명: 전시, 컨벤션 및 행사 대행업"
749909,N,"사업시설 관리, 사업 지원 및 임대 서비스업",74,사업 지원 서비스업,749,기타 사업 지원 서비스업,7499,사무 지원 서비스업,문서 작성 및 복사업,75911,문서 작성 및 복사업,,,,복사업,1,"업종코드: 749909
업종 대분류: 사업시설 관리, 사업 지원 및 임대 서비스업
업종 중분류: 사업 지원 서비스업
업종 소분류: 기타 사업 지원 서비스업
업종 세분류: 사무 지원 서비스업
업종 세세분류 및 활동명: 문서 작성 및 복사업
연계 KSIC 11차 코드: 75911
연계 KSIC 11차 분류명: 문서 작성 및 복사업
세부설명: 복사업"
749910,M,"전문, 과학 및 기술 서비스업",74,"기타 전문, 과학 및 기술 서비스업",749,전문 디자인업,7499,전문 디자인업,시각 디자인업,73203,시각 디자인업,,,,,1,"업종코드: 749910
업종 대분류: 전문, 과학 및 기술 서비스업
업종 중분류: 기타 전문, 과학 및 기술 서비스업
업종 소분류: 전문 디자인업
업종 세분류: 전문 디자인업
업종 세세분류 및 활동명: 시각 디자인업
연계 KSIC 11차 코드: 73203
연계 KSIC 11차 분류명: 시각 디자인업"
749911,M,"전문, 과학 및 기술 서비스업",74,"기타 전문, 과학 및 기술 서비스업",749,"그 외 기타 전문, 과학 및 기술 서비스업",7499,"그 외 기타 전문, 과학 및 기술 서비스업",매니저업,73901,매니저업,,,,,1,"업종코드: 749911
업종 대분류: 전문, 과학 및 기술 서비스업
업종 중분류: 기타 전문, 과학 및 기술 서비스업
업종 소분류: 그 외 기타 전문, 과학 및 기술 서비스업
업종 세분류: 그 외 기타 전문, 과학 및 기술 서비스업
업종 세세분류 및 활동명: 매니저업
연계 KSIC 11차 코드: 73901
연계 KSIC 11차 분류명: 매니저업"
749912,M,"전문, 과학 및 기술 서비스업",74,"기타 전문, 과학 및 기술 서비스업",749,"그 외 기타 전문, 과학 및 기술 서비스업",7499,"그 외 기타 전문, 과학 및 기술 서비스업","물품 감정, 계량 및 견본 추출업",73904,"물품 감정, 계량 및 견본 추출업",,,,,1,"업종코드: 749912
업종 대분류: 전문, 과학 및 기술 서비스업
업종 중분류: 기타 전문, 과학 및 기술 서비스업
업종 소분류: 그 외 기타 전문, 과학 및 기술 서비스업
업종 세분류: 그 외 기타 전문, 과학 및 기술 서비스업
업종 세세분류 및 활동명: 물품 감정, 계량 및 견본 추출업
연계 KSIC 11차 코드: 73904
연계 KSIC 11차 분류명: 물품 감정, 계량 및 견본 추출업"
749913,N,"사업시설 관리, 사업 지원 및 임대 서비스업",74,사업 지원 서비스업,749,기타 사업 지원 서비스업,7499,그 외 기타 사업 지원 서비스업,신용 조사 및 추심 대행업,75993,신용 조사 및 추심 대행업,,,,,1,"업종코드: 749913
업종 대분류: 사업시설 관리, 사업 지원 및 임대 서비스업
업종 중분류: 사업 지원 서비스업
업종 소분류: 기타 사업 지원 서비스업
업종 세분류: 그 외 기타 사업 지원 서비스업
업종 세세분류 및 활동명: 신용 조사 및 추심 대행업
연계 KSIC 11차 코드: 75993
연계 KSIC 11차 분류명: 신용 조사 및 추심 대행업"
749914,M,"전문, 과학 및 기술 서비스업",74,"기타 전문, 과학 및 기술 서비스업",749,전문 디자인업,7499,전문 디자인업,인테리어 디자인업,73201,인테리어 디자인업,,,,,1,"업종코드: 749914
업종 대분류: 전문, 과학 및 기술 서비스업
업종 중분류: 기타 전문, 과학 및 기술 서비스업
업종 소분류: 전문 디자인업
업종 세분류: 전문 디자인업
업종 세세분류 및 활동명: 인테리어 디자인업
연계 KSIC 11차 코드: 73201
연계 KSIC 11차 분류명: 인테리어 디자인업"
749915,M,"전문, 과학 및 기술 서비스업",74,"기타 전문, 과학 및 기술 서비스업",749,전문 디자인업,7499,전문 디자인업,제품 디자인업,73202,제품 디자인업,,,,,1,"업종코드: 749915
업종 대분류: 전문, 과학 및 기술 서비스업
업종 중분류: 기타 전문, 과학 및 기술 서비스업
업종 소분류: 전문 디자인업
업종 세분류: 전문 디자인업
업종 세세분류 및 활동명: 제품 디자인업
연계 KSIC 11차 코드: 73202
연계 KSIC 11차 분류명: 제품 디자인업"
749916,M,"전문, 과학 및 기술 서비스업",74,"기타 전문, 과학 및 기술 서비스업",749,전문 디자인업,7499,전문 디자인업,"패션, 섬유류 및 기타 전문 디자인업",73209,"패션, 섬유류 및 기타 전문 디자인업",,,,,1,"업종코드: 749916
업종 대분류: 전문, 과학 및 기술 서비스업
업종 중분류: 기타 전문, 과학 및 기술 서비스업
업종 소분류: 전문 디자인업
업종 세분류: 전문 디자인업
업종 세세분류 및 활동명: 패션, 섬유류 및 기타 전문 디자인업
연계 KSIC 11차 코드: 73209
연계 KSIC 11차 분류명: 패션, 섬유류 및 기타 전문 디자인업"
749921,N,"사업시설 관리, 사업 지원 및 임대 서비스업",74,사업 지원 서비스업,749,기타 사업 지원 서비스업,7499,그 외 기타 사업 지원 서비스업,온라인 활용 마케팅 및 관련 사업지원 서비스업 | 그 외 기타 분류 안된 사업 지원 서비스업,75995 | 75999,온라인 활용 마케팅 및 관련 사업지원 서비스업 | 그 외 기타 분류 안된 사업 지원 서비스업,,,,기타대리,2,"업종코드: 749921
업종 대분류: 사업시설 관리, 사업 지원 및 임대 서비스업
업종 중분류: 사업 지원 서비스업
업종 소분류: 기타 사업 지원 서비스업
업종 세분류: 그 외 기타 사업 지원 서비스업
업종 세세분류 및 활동명: 온라인 활용 마케팅 및 관련 사업지원 서비스업 | 그 외 기타 분류 안된 사업 지원 서비스업
연계 KSIC 11차 코드: 75995 | 75999
연계 KSIC 11차 분류명: 온라인 활용 마케팅 및 관련 사업지원 서비스업 | 그 외 기타 분류 안된 사업 지원 서비스업
세부설명: 기타대리"
749927,G,도매 및 소매업,74,도매 및 상품 중개업,749,상품 중개업,7499,상품 중개업,"섬유, 의복, 신발 및 가죽제품 중개업 | 목재 및 건축자재 중개업 | 연료, 광물, 1차 금속, 비료 및 화학제품 중개업 | 기계 및 장비 중개업 | 상품 종합 중개업",46103 | 46104 | 46105 | 46106 | 46109,"섬유, 의복, 신발 및 가죽제품 중개업 | 목재 및 건축자재 중개업 | 연료, 광물, 1차 금속, 비료 및 화학제품 중개업 | 기계 및 장비 중개업 | 상품 종합 중개업",,,,물품매도확약서 발행업,5,"업종코드: 749927
업종 대분류: 도매 및 소매업
업종 중분류: 도매 및 상품 중개업
업종 소분류: 상품 중개업
업종 세분류: 상품 중개업
업종 세세분류 및 활동명: 섬유, 의복, 신발 및 가죽제품 중개업 | 목재 및 건축자재 중개업 | 연료, 광물, 1차 금속, 비료 및 화학제품 중개업 | 기계 및 장비 중개업 | 상품 종합 중개업
연계 KSIC 11차 코드: 46103 | 46104 | 46105 | 46106 | 46109
연계 KSIC 11차 분류명: 섬유, 의복, 신발 및 가죽제품 중개업 | 목재 및 건축자재 중개업 | 연료, 광물, 1차 금속, 비료 및 화학제품 중개업 | 기계 및 장비 중개업 | 상품 종합 중개업
세부설명: 물품매도확약서 발행업"
749930,H,운수 및 창고업,74,창고 및 운송관련 서비스업,749,기타 운송관련 서비스업,7499,육상 운송 지원 서비스업,도로 및 관련시설 운영업,52914,도로 및 관련시설 운영업,,,,고속도로 통행료 징수대행,1,"업종코드: 749930
업종 대분류: 운수 및 창고업
업종 중분류: 창고 및 운송관련 서비스업
업종 소분류: 기타 운송관련 서비스업
업종 세분류: 육상 운송 지원 서비스업
업종 세세분류 및 활동명: 도로 및 관련시설 운영업
연계 KSIC 11차 코드: 52914
연계 KSIC 11차 분류명: 도로 및 관련시설 운영업
세부설명: 고속도로 통행료 징수대행"
749934,N,"사업시설 관리, 사업 지원 및 임대 서비스업",74,임대업; 부동산 제외,749,무형 재산권 임대업,7499,무형 재산권 임대업,무형 재산권 임대업,76400,무형 재산권 임대업,76400,무형 재산권 임대업,1,,1,"업종코드: 749934
업종 대분류: 사업시설 관리, 사업 지원 및 임대 서비스업
업종 중분류: 임대업; 부동산 제외
업종 소분류: 무형 재산권 임대업
업종 세분류: 무형 재산권 임대업
업종 세세분류 및 활동명: 무형 재산권 임대업
연계 KSIC 11차 코드: 76400
연계 KSIC 11차 분류명: 무형 재산권 임대업
주요 연계 KSIC 코드: 76400
주요 연계 KSIC 분류명: 무형 재산권 임대업"
749935,N,"사업시설 관리, 사업 지원 및 임대 서비스업",74,사업시설 관리 및 조경 서비스업,749,사업시설 유지ㆍ관리 서비스업,7499,사업시설 유지ㆍ관리 서비스업,사업시설 유지ㆍ관리 서비스업,74100,사업시설 유지ㆍ관리 서비스업,,,,,1,"업종코드: 749935
업종 대분류: 사업시설 관리, 사업 지원 및 임대 서비스업
업종 중분류: 사업시설 관리 및 조경 서비스업
업종 소분류: 사업시설 유지ㆍ관리 서비스업
업종 세분류: 사업시설 유지ㆍ관리 서비스업
업종 세세분류 및 활동명: 사업시설 유지ㆍ관리 서비스업
연계 KSIC 11차 코드: 74100
연계 KSIC 11차 분류명: 사업시설 유지ㆍ관리 서비스업"
749937,N,"사업시설 관리, 사업 지원 및 임대 서비스업",74,사업 지원 서비스업,749,기타 사업 지원 서비스업,7499,사무 지원 서비스업,기타 사무 지원 서비스업,75919,기타 사무 지원 서비스업,,,,,1,"업종코드: 749937
업종 대분류: 사업시설 관리, 사업 지원 및 임대 서비스업
업종 중분류: 사업 지원 서비스업
업종 소분류: 기타 사업 지원 서비스업
업종 세분류: 사무 지원 서비스업
업종 세세분류 및 활동명: 기타 사무 지원 서비스업
연계 KSIC 11차 코드: 75919
연계 KSIC 11차 분류명: 기타 사무 지원 서비스업"
749938,N,"사업시설 관리, 사업 지원 및 임대 서비스업",74,사업 지원 서비스업,749,기타 사업 지원 서비스업,7499,그 외 기타 사업 지원 서비스업,콜센터 및 텔레마케팅 서비스업,75991,콜센터 및 텔레마케팅 서비스업,75991,콜센터 및 텔레마케팅 서비스업,1,,1,"업종코드: 749938
업종 대분류: 사업시설 관리, 사업 지원 및 임대 서비스업
업종 중분류: 사업 지원 서비스업
업종 소분류: 기타 사업 지원 서비스업
업종 세분류: 그 외 기타 사업 지원 서비스업
업종 세세분류 및 활동명: 콜센터 및 텔레마케팅 서비스업
연계 KSIC 11차 코드: 75991
연계 KSIC 11차 분류명: 콜센터 및 텔레마케팅 서비스업
주요 연계 KSIC 코드: 75991
주요 연계 KSIC 분류명: 콜센터 및 텔레마케팅 서비스업"
749939,M,"전문, 과학 및 기술 서비스업",74,"기타 전문, 과학 및 기술 서비스업",749,"그 외 기타 전문, 과학 및 기술 서비스업",7499,"그 외 기타 전문, 과학 및 기술 서비스업","고고유산 조사연구 서비스업 | 그 외 기타 분류 안된 전문, 과학 및 기술 서비스업",73905 | 73909,"고고유산 조사연구 서비스업 | 그 외 기타 분류 안된 전문, 과학 및 기술 서비스업",,,,,2,"업종코드: 749939
업종 대분류: 전문, 과학 및 기술 서비스업
업종 중분류: 기타 전문, 과학 및 기술 서비스업
업종 소분류: 그 외 기타 전문, 과학 및 기술 서비스업
업종 세분류: 그 외 기타 전문, 과학 및 기술 서비스업
업종 세세분류 및 활동명: 고고유산 조사연구 서비스업 | 그 외 기타 분류 안된 전문, 과학 및 기술 서비스업
연계 KSIC 11차 코드: 73905 | 73909
연계 KSIC 11차 분류명: 고고유산 조사연구 서비스업 | 그 외 기타 분류 안된 전문, 과학 및 기술 서비스업"
749940,G,도매 및 소매업,74,도매 및 상품 중개업,749,기타 전문 도매업,7499,재생용 재료 및 기타 상품 전문 도매업,재생용 재료 수집 및 판매업,46791,재생용 재료 수집 및 판매업,,,,공병보증금제 공병취급 수수료,1,"업종코드: 749940
업종 대분류: 도매 및 소매업
업종 중분류: 도매 및 상품 중개업
업종 소분류: 기타 전문 도매업
업종 세분류: 재생용 재료 및 기타 상품 전문 도매업
업종 세세분류 및 활동명: 재생용 재료 수집 및 판매업
연계 KSIC 11차 코드: 46791
연계 KSIC 11차 분류명: 재생용 재료 수집 및 판매업
세부설명: 공병보증금제 공병취급 수수료"
749941,M,"전문, 과학 및 기술 서비스업",74,"기타 전문, 과학 및 기술 서비스업",749,"그 외 기타 전문, 과학 및 기술 서비스업",7499,"그 외 기타 전문, 과학 및 기술 서비스업",사업 및 무형 재산권 중개업,73903,사업 및 무형 재산권 중개업,73903,사업 및 무형 재산권 중개업,2,무형 재산권 중개업,1,"업종코드: 749941
업종 대분류: 전문, 과학 및 기술 서비스업
업종 중분류: 기타 전문, 과학 및 기술 서비스업
업종 소분류: 그 외 기타 전문, 과학 및 기술 서비스업
업종 세분류: 그 외 기타 전문, 과학 및 기술 서비스업
업종 세세분류 및 활동명: 사업 및 무형 재산권 중개업
연계 KSIC 11차 코드: 73903
연계 KSIC 11차 분류명: 사업 및 무형 재산권 중개업
주요 연계 KSIC 코드: 73903
주요 연계 KSIC 분류명: 사업 및 무형 재산권 중개업
세부설명: 무형 재산권 중개업"
749942,M,"전문, 과학 및 기술 서비스업",74,전문 서비스업,749,기타 전문 서비스업,7499,기타 전문 서비스업,기타 전문 서비스업,71600,기타 전문 서비스업,,,,,1,"업종코드: 749942
업종 대분류: 전문, 과학 및 기술 서비스업
업종 중분류: 전문 서비스업
업종 소분류: 기타 전문 서비스업
업종 세분류: 기타 전문 서비스업
업종 세세분류 및 활동명: 기타 전문 서비스업
연계 KSIC 11차 코드: 71600
연계 KSIC 11차 분류명: 기타 전문 서비스업"
804101,P,교육서비스업,80,교육 서비스업,804,"특수학교, 외국인학교 및 대안학교",8041,외국인학교,외국인학교,85420,외국인학교,,,,,1,"업종코드: 804101
업종 대분류: 교육서비스업
업종 중분류: 교육 서비스업
업종 소분류: 특수학교, 외국인학교 및 대안학교
업종 세분류: 외국인학교
업종 세세분류 및 활동명: 외국인학교
연계 KSIC 11차 코드: 85420
연계 KSIC 11차 분류명: 외국인학교"
809001,P,교육서비스업,80,교육 서비스업,809,기타 교육기관,8090,기술 및 직업 훈련학원,운전학원,85661,운전학원,85661,운전학원,2,자동차운전학원 제외,1,"업종코드: 809001
업종 대분류: 교육서비스업
업종 중분류: 교육 서비스업
업종 소분류: 기타 교육기관
업종 세분류: 기술 및 직업 훈련학원
업종 세세분류 및 활동명: 운전학원
연계 KSIC 11차 코드: 85661
연계 KSIC 11차 분류명: 운전학원
주요 연계 KSIC 코드: 85661
주요 연계 KSIC 분류명: 운전학원
세부설명: 자동차운전학원 제외"
809002,P,교육서비스업,80,교육 서비스업,809,기타 교육기관,8090,기술 및 직업 훈련학원,기타 기술 및 직업 훈련학원,85669,기타 기술 및 직업 훈련학원,85669,기타 기술 및 직업 훈련학원,1,,1,"업종코드: 809002
업종 대분류: 교육서비스업
업종 중분류: 교육 서비스업
업종 소분류: 기타 교육기관
업종 세분류: 기술 및 직업 훈련학원
업종 세세분류 및 활동명: 기타 기술 및 직업 훈련학원
연계 KSIC 11차 코드: 85669
연계 KSIC 11차 분류명: 기타 기술 및 직업 훈련학원
주요 연계 KSIC 코드: 85669
주요 연계 KSIC 분류명: 기타 기술 및 직업 훈련학원"
809003,P,교육서비스업,80,교육 서비스업,809,기타 교육기관,8090,스포츠 및 레크리에이션 교육기관,레크리에이션 교육기관,85613,레크리에이션 교육기관,85613,레크리에이션 교육기관,1,,1,"업종코드: 809003
업종 대분류: 교육서비스업
업종 중분류: 교육 서비스업
업종 소분류: 기타 교육기관
업종 세분류: 스포츠 및 레크리에이션 교육기관
업종 세세분류 및 활동명: 레크리에이션 교육기관
연계 KSIC 11차 코드: 85613
연계 KSIC 11차 분류명: 레크리에이션 교육기관
주요 연계 KSIC 코드: 85613
주요 연계 KSIC 분류명: 레크리에이션 교육기관"
809004,P,교육서비스업,80,교육 서비스업,809,일반 교습학원,8090,일반 교습학원,일반 교과학원,85501,일반 교과학원,,,,체육계열 입시 전문학원,1,"업종코드: 809004
업종 대분류: 교육서비스업
업종 중분류: 교육 서비스업
업종 소분류: 일반 교습학원
업종 세분류: 일반 교습학원
업종 세세분류 및 활동명: 일반 교과학원
연계 KSIC 11차 코드: 85501
연계 KSIC 11차 분류명: 일반 교과학원
세부설명: 체육계열 입시 전문학원"
809005,P,교육서비스업,80,교육 서비스업,809,일반 교습학원,8090,일반 교습학원,일반 교과학원,85501,일반 교과학원,85501,일반 교과학원,1,,1,"업종코드: 809005
업종 대분류: 교육서비스업
업종 중분류: 교육 서비스업
업종 소분류: 일반 교습학원
업종 세분류: 일반 교습학원
업종 세세분류 및 활동명: 일반 교과학원
연계 KSIC 11차 코드: 85501
연계 KSIC 11차 분류명: 일반 교과학원
주요 연계 KSIC 코드: 85501
주요 연계 KSIC 분류명: 일반 교과학원"
809006,R,"예술, 스포츠 및 여가관련 서비스업",80,스포츠 및 오락관련 서비스업,809,스포츠 서비스업,8090,기타 스포츠시설 운영업,그 외 기타 스포츠시설 운영업,91139,그 외 기타 스포츠시설 운영업,,,,"정구장, 테니스장, 탁구장",1,"업종코드: 809006
업종 대분류: 예술, 스포츠 및 여가관련 서비스업
업종 중분류: 스포츠 및 오락관련 서비스업
업종 소분류: 스포츠 서비스업
업종 세분류: 기타 스포츠시설 운영업
업종 세세분류 및 활동명: 그 외 기타 스포츠시설 운영업
연계 KSIC 11차 코드: 91139
연계 KSIC 11차 분류명: 그 외 기타 스포츠시설 운영업
세부설명: 정구장, 테니스장, 탁구장"
809007,P,교육서비스업,80,교육 서비스업,809,일반 교습학원 | 기타 교육기관,8090,일반 교습학원 | 예술학원 | 외국어학원 및 기타 교습학원,일반 교과학원 | 음악학원 | 미술학원 | 기타 예술학원 | 외국어학원,85501 | 85621 | 85622 | 85629 | 85631,일반 교과학원 | 음악학원 | 미술학원 | 기타 예술학원 | 외국어학원,,,,독립된 자격의 과외교습,5,"업종코드: 809007
업종 대분류: 교육서비스업
업종 중분류: 교육 서비스업
업종 소분류: 일반 교습학원 | 기타 교육기관
업종 세분류: 일반 교습학원 | 예술학원 | 외국어학원 및 기타 교습학원
업종 세세분류 및 활동명: 일반 교과학원 | 음악학원 | 미술학원 | 기타 예술학원 | 외국어학원
연계 KSIC 11차 코드: 85501 | 85621 | 85622 | 85629 | 85631
연계 KSIC 11차 분류명: 일반 교과학원 | 음악학원 | 미술학원 | 기타 예술학원 | 외국어학원
세부설명: 독립된 자격의 과외교습"
809009,P,교육서비스업,80,교육 서비스업,809,기타 교육기관,8090,예술학원,음악학원,85621,음악학원,85621,음악학원,1,,1,"업종코드: 809009
업종 대분류: 교육서비스업
업종 중분류: 교육 서비스업
업종 소분류: 기타 교육기관
업종 세분류: 예술학원
업종 세세분류 및 활동명: 음악학원
연계 KSIC 11차 코드: 85621
연계 KSIC 11차 분류명: 음악학원
주요 연계 KSIC 코드: 85621
주요 연계 KSIC 분류명: 음악학원"
809010,P,교육서비스업,80,교육 서비스업,809,기타 교육기관,8090,기술 및 직업 훈련학원,기타 기술 및 직업 훈련학원,85669,기타 기술 및 직업 훈련학원,,,,가정계열학원,1,"업종코드: 809010
업종 대분류: 교육서비스업
업종 중분류: 교육 서비스업
업종 소분류: 기타 교육기관
업종 세분류: 기술 및 직업 훈련학원
업종 세세분류 및 활동명: 기타 기술 및 직업 훈련학원
연계 KSIC 11차 코드: 85669
연계 KSIC 11차 분류명: 기타 기술 및 직업 훈련학원
세부설명: 가정계열학원"
809011,P,교육서비스업,80,교육 서비스업,809,기타 교육기관,8090,기술 및 직업 훈련학원,운전학원,85661,운전학원,85661,운전학원,2,자동차운전학원으로 지정된 학원,1,"업종코드: 809011
업종 대분류: 교육서비스업
업종 중분류: 교육 서비스업
업종 소분류: 기타 교육기관
업종 세분류: 기술 및 직업 훈련학원
업종 세세분류 및 활동명: 운전학원
연계 KSIC 11차 코드: 85661
연계 KSIC 11차 분류명: 운전학원
주요 연계 KSIC 코드: 85661
주요 연계 KSIC 분류명: 운전학원
세부설명: 자동차운전학원으로 지정된 학원"
809012,P,교육서비스업,80,교육 서비스업,809,일반 교습학원,8090,일반 교습학원,일반 교과학원,85501,일반 교과학원,,,,예능계열 입시 전문학원,1,"업종코드: 809012
업종 대분류: 교육서비스업
업종 중분류: 교육 서비스업
업종 소분류: 일반 교습학원
업종 세분류: 일반 교습학원
업종 세세분류 및 활동명: 일반 교과학원
연계 KSIC 11차 코드: 85501
연계 KSIC 11차 분류명: 일반 교과학원
세부설명: 예능계열 입시 전문학원"
809013,P,교육서비스업,80,교육 서비스업,809,기타 교육기관,8090,그 외 기타 교육기관,컴퓨터 학원,85691,컴퓨터 학원,,,,,1,"업종코드: 809013
업종 대분류: 교육서비스업
업종 중분류: 교육 서비스업
업종 소분류: 기타 교육기관
업종 세분류: 그 외 기타 교육기관
업종 세세분류 및 활동명: 컴퓨터 학원
연계 KSIC 11차 코드: 85691
연계 KSIC 11차 분류명: 컴퓨터 학원"
809014,P,교육서비스업,80,교육 서비스업,809,기타 교육기관,8090,스포츠 및 레크리에이션 교육기관,태권도 및 무술 교육기관,85611,태권도 및 무술 교육기관,,,,,1,"업종코드: 809014
업종 대분류: 교육서비스업
업종 중분류: 교육 서비스업
업종 소분류: 기타 교육기관
업종 세분류: 스포츠 및 레크리에이션 교육기관
업종 세세분류 및 활동명: 태권도 및 무술 교육기관
연계 KSIC 11차 코드: 85611
연계 KSIC 11차 분류명: 태권도 및 무술 교육기관"
809015,P,교육서비스업,80,교육 서비스업,809,기타 교육기관,8090,스포츠 및 레크리에이션 교육기관,기타 스포츠 교육기관,85612,기타 스포츠 교육기관,,,,,1,"업종코드: 809015
업종 대분류: 교육서비스업
업종 중분류: 교육 서비스업
업종 소분류: 기타 교육기관
업종 세분류: 스포츠 및 레크리에이션 교육기관
업종 세세분류 및 활동명: 기타 스포츠 교육기관
연계 KSIC 11차 코드: 85612
연계 KSIC 11차 분류명: 기타 스포츠 교육기관"
809016,P,교육서비스업,80,교육 서비스업,809,일반 교습학원,8090,일반 교습학원,온라인 교육학원,85503,온라인 교육학원,,,,,1,"업종코드: 809016
업종 대분류: 교육서비스업
업종 중분류: 교육 서비스업
업종 소분류: 일반 교습학원
업종 세분류: 일반 교습학원
업종 세세분류 및 활동명: 온라인 교육학원
연계 KSIC 11차 코드: 85503
연계 KSIC 11차 분류명: 온라인 교육학원"
809017,P,교육서비스업,80,교육 서비스업,809,기타 교육기관,8090,외국어학원 및 기타 교습학원,외국어학원,85631,외국어학원,85631,외국어학원,1,,1,"업종코드: 809017
업종 대분류: 교육서비스업
업종 중분류: 교육 서비스업
업종 소분류: 기타 교육기관
업종 세분류: 외국어학원 및 기타 교습학원
업종 세세분류 및 활동명: 외국어학원
연계 KSIC 11차 코드: 85631
연계 KSIC 11차 분류명: 외국어학원
주요 연계 KSIC 코드: 85631
주요 연계 KSIC 분류명: 외국어학원"
809018,P,교육서비스업,80,교육 서비스업,809,기타 교육기관,8090,외국어학원 및 기타 교습학원,기타 교습학원,85632,기타 교습학원,,,,,1,"업종코드: 809018
업종 대분류: 교육서비스업
업종 중분류: 교육 서비스업
업종 소분류: 기타 교육기관
업종 세분류: 외국어학원 및 기타 교습학원
업종 세세분류 및 활동명: 기타 교습학원
연계 KSIC 11차 코드: 85632
연계 KSIC 11차 분류명: 기타 교습학원"
809019,R,"예술, 스포츠 및 여가관련 서비스업",80,스포츠 및 오락관련 서비스업,809,유원지 및 기타 오락관련 서비스업,8090,그 외 기타 오락관련 서비스업,기원 운영업,91293,기원 운영업,,,,,1,"업종코드: 809019
업종 대분류: 예술, 스포츠 및 여가관련 서비스업
업종 중분류: 스포츠 및 오락관련 서비스업
업종 소분류: 유원지 및 기타 오락관련 서비스업
업종 세분류: 그 외 기타 오락관련 서비스업
업종 세세분류 및 활동명: 기원 운영업
연계 KSIC 11차 코드: 91293
연계 KSIC 11차 분류명: 기원 운영업"
809020,P,교육서비스업,80,교육 서비스업,809,기타 교육기관,8090,예술학원,미술학원,85622,미술학원,85622,미술학원,1,,1,"업종코드: 809020
업종 대분류: 교육서비스업
업종 중분류: 교육 서비스업
업종 소분류: 기타 교육기관
업종 세분류: 예술학원
업종 세세분류 및 활동명: 미술학원
연계 KSIC 11차 코드: 85622
연계 KSIC 11차 분류명: 미술학원
주요 연계 KSIC 코드: 85622
주요 연계 KSIC 분류명: 미술학원"
809021,P,교육서비스업,80,교육 서비스업,809,기타 교육기관,8090,예술학원,기타 예술학원,85629,기타 예술학원,85629,기타 예술학원,1,,1,"업종코드: 809021
업종 대분류: 교육서비스업
업종 중분류: 교육 서비스업
업종 소분류: 기타 교육기관
업종 세분류: 예술학원
업종 세세분류 및 활동명: 기타 예술학원
연계 KSIC 11차 코드: 85629
연계 KSIC 11차 분류명: 기타 예술학원
주요 연계 KSIC 코드: 85629
주요 연계 KSIC 분류명: 기타 예술학원"
809022,P,교육서비스업,80,교육 서비스업,809,기타 교육기관,8090,그 외 기타 교육기관,그 외 기타 분류 안된 교육기관,85699,그 외 기타 분류 안된 교육기관,,,,,1,"업종코드: 809022
업종 대분류: 교육서비스업
업종 중분류: 교육 서비스업
업종 소분류: 기타 교육기관
업종 세분류: 그 외 기타 교육기관
업종 세세분류 및 활동명: 그 외 기타 분류 안된 교육기관
연계 KSIC 11차 코드: 85699
연계 KSIC 11차 분류명: 그 외 기타 분류 안된 교육기관"
841110,O,"공공 행정, 국방 및 사회보장 행정",84,"공공 행정, 국방 및 사회보장 행정",841,입법 및 일반 정부 행정,8411,일반 공공 행정,입법기관,84111,입법기관,,,,,1,"업종코드: 841110
업종 대분류: 공공 행정, 국방 및 사회보장 행정
업종 중분류: 공공 행정, 국방 및 사회보장 행정
업종 소분류: 입법 및 일반 정부 행정
업종 세분류: 일반 공공 행정
업종 세세분류 및 활동명: 입법기관
연계 KSIC 11차 코드: 84111
연계 KSIC 11차 분류명: 입법기관"
841121,O,"공공 행정, 국방 및 사회보장 행정",84,"공공 행정, 국방 및 사회보장 행정",841,입법 및 일반 정부 행정,8411,일반 공공 행정,중앙 최고 집행기관,84112,중앙 최고 집행기관,,,,,1,"업종코드: 841121
업종 대분류: 공공 행정, 국방 및 사회보장 행정
업종 중분류: 공공 행정, 국방 및 사회보장 행정
업종 소분류: 입법 및 일반 정부 행정
업종 세분류: 일반 공공 행정
업종 세세분류 및 활동명: 중앙 최고 집행기관
연계 KSIC 11차 코드: 84112
연계 KSIC 11차 분류명: 중앙 최고 집행기관"
841131,O,"공공 행정, 국방 및 사회보장 행정",84,"공공 행정, 국방 및 사회보장 행정",841,입법 및 일반 정부 행정,8411,일반 공공 행정,지방행정 집행기관,84113,지방행정 집행기관,,,,,1,"업종코드: 841131
업종 대분류: 공공 행정, 국방 및 사회보장 행정
업종 중분류: 공공 행정, 국방 및 사회보장 행정
업종 소분류: 입법 및 일반 정부 행정
업종 세분류: 일반 공공 행정
업종 세세분류 및 활동명: 지방행정 집행기관
연계 KSIC 11차 코드: 84113
연계 KSIC 11차 분류명: 지방행정 집행기관"
841141,O,"공공 행정, 국방 및 사회보장 행정",84,"공공 행정, 국방 및 사회보장 행정",841,입법 및 일반 정부 행정,8411,일반 공공 행정,재정 및 경제정책 행정,84114,재정 및 경제정책 행정,,,,,1,"업종코드: 841141
업종 대분류: 공공 행정, 국방 및 사회보장 행정
업종 중분류: 공공 행정, 국방 및 사회보장 행정
업종 소분류: 입법 및 일반 정부 행정
업종 세분류: 일반 공공 행정
업종 세세분류 및 활동명: 재정 및 경제정책 행정
연계 KSIC 11차 코드: 84114
연계 KSIC 11차 분류명: 재정 및 경제정책 행정"
841190,O,"공공 행정, 국방 및 사회보장 행정",84,"공공 행정, 국방 및 사회보장 행정",841,입법 및 일반 정부 행정,8411,일반 공공 행정,기타 일반 공공 행정,84119,기타 일반 공공 행정,,,,,1,"업종코드: 841190
업종 대분류: 공공 행정, 국방 및 사회보장 행정
업종 중분류: 공공 행정, 국방 및 사회보장 행정
업종 소분류: 입법 및 일반 정부 행정
업종 세분류: 일반 공공 행정
업종 세세분류 및 활동명: 기타 일반 공공 행정
연계 KSIC 11차 코드: 84119
연계 KSIC 11차 분류명: 기타 일반 공공 행정"
841200,O,"공공 행정, 국방 및 사회보장 행정",84,"공공 행정, 국방 및 사회보장 행정",841,입법 및 일반 정부 행정,8412,정부기관 일반 보조 행정,정부기관 일반 보조 행정,84120,정부기관 일반 보조 행정,,,,,1,"업종코드: 841200
업종 대분류: 공공 행정, 국방 및 사회보장 행정
업종 중분류: 공공 행정, 국방 및 사회보장 행정
업종 소분류: 입법 및 일반 정부 행정
업종 세분류: 정부기관 일반 보조 행정
업종 세세분류 및 활동명: 정부기관 일반 보조 행정
연계 KSIC 11차 코드: 84120
연계 KSIC 11차 분류명: 정부기관 일반 보조 행정"
842110,O,"공공 행정, 국방 및 사회보장 행정",84,"공공 행정, 국방 및 사회보장 행정",842,사회 및 산업정책 행정,8421,사회서비스 관리 행정,교육 행정,84211,교육 행정,,,,,1,"업종코드: 842110
업종 대분류: 공공 행정, 국방 및 사회보장 행정
업종 중분류: 공공 행정, 국방 및 사회보장 행정
업종 소분류: 사회 및 산업정책 행정
업종 세분류: 사회서비스 관리 행정
업종 세세분류 및 활동명: 교육 행정
연계 KSIC 11차 코드: 84211
연계 KSIC 11차 분류명: 교육 행정"
842121,O,"공공 행정, 국방 및 사회보장 행정",84,"공공 행정, 국방 및 사회보장 행정",842,사회 및 산업정책 행정,8421,사회서비스 관리 행정,문화 및 관광 행정,84212,문화 및 관광 행정,,,,,1,"업종코드: 842121
업종 대분류: 공공 행정, 국방 및 사회보장 행정
업종 중분류: 공공 행정, 국방 및 사회보장 행정
업종 소분류: 사회 및 산업정책 행정
업종 세분류: 사회서비스 관리 행정
업종 세세분류 및 활동명: 문화 및 관광 행정
연계 KSIC 11차 코드: 84212
연계 KSIC 11차 분류명: 문화 및 관광 행정"
842130,O,"공공 행정, 국방 및 사회보장 행정",84,"공공 행정, 국방 및 사회보장 행정",842,사회 및 산업정책 행정,8421,사회서비스 관리 행정,환경 행정,84213,환경 행정,,,,,1,"업종코드: 842130
업종 대분류: 공공 행정, 국방 및 사회보장 행정
업종 중분류: 공공 행정, 국방 및 사회보장 행정
업종 소분류: 사회 및 산업정책 행정
업종 세분류: 사회서비스 관리 행정
업종 세세분류 및 활동명: 환경 행정
연계 KSIC 11차 코드: 84213
연계 KSIC 11차 분류명: 환경 행정"
842140,O,"공공 행정, 국방 및 사회보장 행정",84,"공공 행정, 국방 및 사회보장 행정",842,사회 및 산업정책 행정,8421,사회서비스 관리 행정,보건 및 복지 행정,84214,보건 및 복지 행정,,,,,1,"업종코드: 842140
업종 대분류: 공공 행정, 국방 및 사회보장 행정
업종 중분류: 공공 행정, 국방 및 사회보장 행정
업종 소분류: 사회 및 산업정책 행정
업종 세분류: 사회서비스 관리 행정
업종 세세분류 및 활동명: 보건 및 복지 행정
연계 KSIC 11차 코드: 84214
연계 KSIC 11차 분류명: 보건 및 복지 행정"
842190,O,"공공 행정, 국방 및 사회보장 행정",84,"공공 행정, 국방 및 사회보장 행정",842,사회 및 산업정책 행정,8421,사회서비스 관리 행정,기타 사회서비스 관리 행정,84219,기타 사회서비스 관리 행정,,,,,1,"업종코드: 842190
업종 대분류: 공공 행정, 국방 및 사회보장 행정
업종 중분류: 공공 행정, 국방 및 사회보장 행정
업종 소분류: 사회 및 산업정책 행정
업종 세분류: 사회서비스 관리 행정
업종 세세분류 및 활동명: 기타 사회서비스 관리 행정
연계 KSIC 11차 코드: 84219
연계 KSIC 11차 분류명: 기타 사회서비스 관리 행정"
842211,O,"공공 행정, 국방 및 사회보장 행정",84,"공공 행정, 국방 및 사회보장 행정",842,사회 및 산업정책 행정,8422,노동 및 산업 진흥 행정,노동 행정,84221,노동 행정,,,,,1,"업종코드: 842211
업종 대분류: 공공 행정, 국방 및 사회보장 행정
업종 중분류: 공공 행정, 국방 및 사회보장 행정
업종 소분류: 사회 및 산업정책 행정
업종 세분류: 노동 및 산업 진흥 행정
업종 세세분류 및 활동명: 노동 행정
연계 KSIC 11차 코드: 84221
연계 KSIC 11차 분류명: 노동 행정"
842221,O,"공공 행정, 국방 및 사회보장 행정",84,"공공 행정, 국방 및 사회보장 행정",842,사회 및 산업정책 행정,8422,노동 및 산업 진흥 행정,농림수산 행정,84222,농림수산 행정,,,,,1,"업종코드: 842221
업종 대분류: 공공 행정, 국방 및 사회보장 행정
업종 중분류: 공공 행정, 국방 및 사회보장 행정
업종 소분류: 사회 및 산업정책 행정
업종 세분류: 노동 및 산업 진흥 행정
업종 세세분류 및 활동명: 농림수산 행정
연계 KSIC 11차 코드: 84222
연계 KSIC 11차 분류명: 농림수산 행정"
842231,O,"공공 행정, 국방 및 사회보장 행정",84,"공공 행정, 국방 및 사회보장 행정",842,사회 및 산업정책 행정,8422,노동 및 산업 진흥 행정,건설 및 운송 행정,84223,건설 및 운송 행정,,,,,1,"업종코드: 842231
업종 대분류: 공공 행정, 국방 및 사회보장 행정
업종 중분류: 공공 행정, 국방 및 사회보장 행정
업종 소분류: 사회 및 산업정책 행정
업종 세분류: 노동 및 산업 진흥 행정
업종 세세분류 및 활동명: 건설 및 운송 행정
연계 KSIC 11차 코드: 84223
연계 KSIC 11차 분류명: 건설 및 운송 행정"
842241,O,"공공 행정, 국방 및 사회보장 행정",84,"공공 행정, 국방 및 사회보장 행정",842,사회 및 산업정책 행정,8422,노동 및 산업 진흥 행정,우편 및 통신 행정,84224,우편 및 통신 행정,,,,,1,"업종코드: 842241
업종 대분류: 공공 행정, 국방 및 사회보장 행정
업종 중분류: 공공 행정, 국방 및 사회보장 행정
업종 소분류: 사회 및 산업정책 행정
업종 세분류: 노동 및 산업 진흥 행정
업종 세세분류 및 활동명: 우편 및 통신 행정
연계 KSIC 11차 코드: 84224
연계 KSIC 11차 분류명: 우편 및 통신 행정"
842291,O,"공공 행정, 국방 및 사회보장 행정",84,"공공 행정, 국방 및 사회보장 행정",842,사회 및 산업정책 행정,8422,노동 및 산업 진흥 행정,기타 산업 진흥 행정,84229,기타 산업 진흥 행정,,,,,1,"업종코드: 842291
업종 대분류: 공공 행정, 국방 및 사회보장 행정
업종 중분류: 공공 행정, 국방 및 사회보장 행정
업종 소분류: 사회 및 산업정책 행정
업종 세분류: 노동 및 산업 진흥 행정
업종 세세분류 및 활동명: 기타 산업 진흥 행정
연계 KSIC 11차 코드: 84229
연계 KSIC 11차 분류명: 기타 산업 진흥 행정"
843100,O,"공공 행정, 국방 및 사회보장 행정",84,"공공 행정, 국방 및 사회보장 행정",843,외무 및 국방 행정,8431,외무 행정,외무 행정,84310,외무 행정,,,,,1,"업종코드: 843100
업종 대분류: 공공 행정, 국방 및 사회보장 행정
업종 중분류: 공공 행정, 국방 및 사회보장 행정
업종 소분류: 외무 및 국방 행정
업종 세분류: 외무 행정
업종 세세분류 및 활동명: 외무 행정
연계 KSIC 11차 코드: 84310
연계 KSIC 11차 분류명: 외무 행정"
843200,O,"공공 행정, 국방 및 사회보장 행정",84,"공공 행정, 국방 및 사회보장 행정",843,외무 및 국방 행정,8432,국방 행정,국방 행정,84320,국방 행정,,,,,1,"업종코드: 843200
업종 대분류: 공공 행정, 국방 및 사회보장 행정
업종 중분류: 공공 행정, 국방 및 사회보장 행정
업종 소분류: 외무 및 국방 행정
업종 세분류: 국방 행정
업종 세세분류 및 활동명: 국방 행정
연계 KSIC 11차 코드: 84320
연계 KSIC 11차 분류명: 국방 행정"
844010,O,"공공 행정, 국방 및 사회보장 행정",84,"공공 행정, 국방 및 사회보장 행정",844,사법 및 공공 질서 행정,8440,사법 및 공공 질서 행정,법원,84401,법원,,,,,1,"업종코드: 844010
업종 대분류: 공공 행정, 국방 및 사회보장 행정
업종 중분류: 공공 행정, 국방 및 사회보장 행정
업종 소분류: 사법 및 공공 질서 행정
업종 세분류: 사법 및 공공 질서 행정
업종 세세분류 및 활동명: 법원
연계 KSIC 11차 코드: 84401
연계 KSIC 11차 분류명: 법원"
844020,O,"공공 행정, 국방 및 사회보장 행정",84,"공공 행정, 국방 및 사회보장 행정",844,사법 및 공공 질서 행정,8440,사법 및 공공 질서 행정,검찰,84402,검찰,,,,,1,"업종코드: 844020
업종 대분류: 공공 행정, 국방 및 사회보장 행정
업종 중분류: 공공 행정, 국방 및 사회보장 행정
업종 소분류: 사법 및 공공 질서 행정
업종 세분류: 사법 및 공공 질서 행정
업종 세세분류 및 활동명: 검찰
연계 KSIC 11차 코드: 84402
연계 KSIC 11차 분류명: 검찰"
844030,O,"공공 행정, 국방 및 사회보장 행정",84,"공공 행정, 국방 및 사회보장 행정",844,사법 및 공공 질서 행정,8440,사법 및 공공 질서 행정,교도기관,84403,교도기관,,,,,1,"업종코드: 844030
업종 대분류: 공공 행정, 국방 및 사회보장 행정
업종 중분류: 공공 행정, 국방 및 사회보장 행정
업종 소분류: 사법 및 공공 질서 행정
업종 세분류: 사법 및 공공 질서 행정
업종 세세분류 및 활동명: 교도기관
연계 KSIC 11차 코드: 84403
연계 KSIC 11차 분류명: 교도기관"
844040,O,"공공 행정, 국방 및 사회보장 행정",84,"공공 행정, 국방 및 사회보장 행정",844,사법 및 공공 질서 행정,8440,사법 및 공공 질서 행정,경찰,84404,경찰,,,,,1,"업종코드: 844040
업종 대분류: 공공 행정, 국방 및 사회보장 행정
업종 중분류: 공공 행정, 국방 및 사회보장 행정
업종 소분류: 사법 및 공공 질서 행정
업종 세분류: 사법 및 공공 질서 행정
업종 세세분류 및 활동명: 경찰
연계 KSIC 11차 코드: 84404
연계 KSIC 11차 분류명: 경찰"
844050,O,"공공 행정, 국방 및 사회보장 행정",84,"공공 행정, 국방 및 사회보장 행정",844,사법 및 공공 질서 행정,8440,사법 및 공공 질서 행정,소방서,84405,소방서,,,,,1,"업종코드: 844050
업종 대분류: 공공 행정, 국방 및 사회보장 행정
업종 중분류: 공공 행정, 국방 및 사회보장 행정
업종 소분류: 사법 및 공공 질서 행정
업종 세분류: 사법 및 공공 질서 행정
업종 세세분류 및 활동명: 소방서
연계 KSIC 11차 코드: 84405
연계 KSIC 11차 분류명: 소방서"
844090,O,"공공 행정, 국방 및 사회보장 행정",84,"공공 행정, 국방 및 사회보장 행정",844,사법 및 공공 질서 행정,8440,사법 및 공공 질서 행정,기타 사법 및 공공 질서 행정,84409,기타 사법 및 공공 질서 행정,,,,,1,"업종코드: 844090
업종 대분류: 공공 행정, 국방 및 사회보장 행정
업종 중분류: 공공 행정, 국방 및 사회보장 행정
업종 소분류: 사법 및 공공 질서 행정
업종 세분류: 사법 및 공공 질서 행정
업종 세세분류 및 활동명: 기타 사법 및 공공 질서 행정
연계 KSIC 11차 코드: 84409
연계 KSIC 11차 분류명: 기타 사법 및 공공 질서 행정"
845000,O,"공공 행정, 국방 및 사회보장 행정",84,"공공 행정, 국방 및 사회보장 행정",845,사회보장 행정,8450,사회보장 행정,사회보장 행정,84500,사회보장 행정,,,,,1,"업종코드: 845000
업종 대분류: 공공 행정, 국방 및 사회보장 행정
업종 중분류: 공공 행정, 국방 및 사회보장 행정
업종 소분류: 사회보장 행정
업종 세분류: 사회보장 행정
업종 세세분류 및 활동명: 사회보장 행정
연계 KSIC 11차 코드: 84500
연계 KSIC 11차 분류명: 사회보장 행정"
851100,P,교육서비스업,85,교육 서비스업,851,초등 교육기관,8511,유아 교육기관,유아 교육기관,85110,유아 교육기관,,,,,1,"업종코드: 851100
업종 대분류: 교육서비스업
업종 중분류: 교육 서비스업
업종 소분류: 초등 교육기관
업종 세분류: 유아 교육기관
업종 세세분류 및 활동명: 유아 교육기관
연계 KSIC 11차 코드: 85110
연계 KSIC 11차 분류명: 유아 교육기관"
851101,Q,보건업 및 사회복지 서비스업,85,보건업,851,병원,8511,병원,요양병원,86105,요양병원,,,,,1,"업종코드: 851101
업종 대분류: 보건업 및 사회복지 서비스업
업종 중분류: 보건업
업종 소분류: 병원
업종 세분류: 병원
업종 세세분류 및 활동명: 요양병원
연계 KSIC 11차 코드: 86105
연계 KSIC 11차 분류명: 요양병원"
851102,Q,보건업 및 사회복지 서비스업,85,보건업,851,병원,8511,병원,치과병원,86103,치과병원,,,,,1,"업종코드: 851102
업종 대분류: 보건업 및 사회복지 서비스업
업종 중분류: 보건업
업종 소분류: 병원
업종 세분류: 병원
업종 세세분류 및 활동명: 치과병원
연계 KSIC 11차 코드: 86103
연계 KSIC 11차 분류명: 치과병원"
851103,Q,보건업 및 사회복지 서비스업,85,보건업,851,병원,8511,병원,한방병원,86104,한방병원,,,,,1,"업종코드: 851103
업종 대분류: 보건업 및 사회복지 서비스업
업종 중분류: 보건업
업종 소분류: 병원
업종 세분류: 병원
업종 세세분류 및 활동명: 한방병원
연계 KSIC 11차 코드: 86104
연계 KSIC 11차 분류명: 한방병원"
851113,Q,보건업 및 사회복지 서비스업,85,보건업,851,병원,8511,병원,종합병원,86101,종합병원,,,,,1,"업종코드: 851113
업종 대분류: 보건업 및 사회복지 서비스업
업종 중분류: 보건업
업종 소분류: 병원
업종 세분류: 병원
업종 세세분류 및 활동명: 종합병원
연계 KSIC 11차 코드: 86101
연계 KSIC 11차 분류명: 종합병원"
851114,Q,보건업 및 사회복지 서비스업,85,보건업,851,병원,8511,병원,일반병원,86102,일반병원,,,,,1,"업종코드: 851114
업종 대분류: 보건업 및 사회복지 서비스업
업종 중분류: 보건업
업종 소분류: 병원
업종 세분류: 병원
업종 세세분류 및 활동명: 일반병원
연계 KSIC 11차 코드: 86102
연계 KSIC 11차 분류명: 일반병원"
851200,P,교육서비스업,85,교육 서비스업,851,초등 교육기관,8512,초등학교,초등학교,85120,초등학교,,,,,1,"업종코드: 851200
업종 대분류: 교육서비스업
업종 중분류: 교육 서비스업
업종 소분류: 초등 교육기관
업종 세분류: 초등학교
업종 세세분류 및 활동명: 초등학교
연계 KSIC 11차 코드: 85120
연계 KSIC 11차 분류명: 초등학교"
851201,Q,보건업 및 사회복지 서비스업,85,보건업,851,의원,8512,의원,일반의원,86201,일반의원,86201,일반의원,2,"일반과, 내과, 소아과",1,"업종코드: 851201
업종 대분류: 보건업 및 사회복지 서비스업
업종 중분류: 보건업
업종 소분류: 의원
업종 세분류: 의원
업종 세세분류 및 활동명: 일반의원
연계 KSIC 11차 코드: 86201
연계 KSIC 11차 분류명: 일반의원
주요 연계 KSIC 코드: 86201
주요 연계 KSIC 분류명: 일반의원
세부설명: 일반과, 내과, 소아과"
851202,Q,보건업 및 사회복지 서비스업,85,보건업,851,의원,8512,의원,일반의원,86201,일반의원,86201,일반의원,2,"일반외과, 정형외과, 항문과, 신경외과",1,"업종코드: 851202
업종 대분류: 보건업 및 사회복지 서비스업
업종 중분류: 보건업
업종 소분류: 의원
업종 세분류: 의원
업종 세세분류 및 활동명: 일반의원
연계 KSIC 11차 코드: 86201
연계 KSIC 11차 분류명: 일반의원
주요 연계 KSIC 코드: 86201
주요 연계 KSIC 분류명: 일반의원
세부설명: 일반외과, 정형외과, 항문과, 신경외과"
851203,Q,보건업 및 사회복지 서비스업,85,보건업,851,의원,8512,의원,일반의원,86201,일반의원,86201,일반의원,2,"신경과, 정신과, 신경정신과",1,"업종코드: 851203
업종 대분류: 보건업 및 사회복지 서비스업
업종 중분류: 보건업
업종 소분류: 의원
업종 세분류: 의원
업종 세세분류 및 활동명: 일반의원
연계 KSIC 11차 코드: 86201
연계 KSIC 11차 분류명: 일반의원
주요 연계 KSIC 코드: 86201
주요 연계 KSIC 분류명: 일반의원
세부설명: 신경과, 정신과, 신경정신과"
851204,Q,보건업 및 사회복지 서비스업,85,보건업,851,의원,8512,의원,일반의원,86201,일반의원,86201,일반의원,2,"피부과, 비뇨기과",1,"업종코드: 851204
업종 대분류: 보건업 및 사회복지 서비스업
업종 중분류: 보건업
업종 소분류: 의원
업종 세분류: 의원
업종 세세분류 및 활동명: 일반의원
연계 KSIC 11차 코드: 86201
연계 KSIC 11차 분류명: 일반의원
주요 연계 KSIC 코드: 86201
주요 연계 KSIC 분류명: 일반의원
세부설명: 피부과, 비뇨기과"
851205,Q,보건업 및 사회복지 서비스업,85,보건업,851,의원,8512,의원,일반의원,86201,일반의원,86201,일반의원,2,안과,1,"업종코드: 851205
업종 대분류: 보건업 및 사회복지 서비스업
업종 중분류: 보건업
업종 소분류: 의원
업종 세분류: 의원
업종 세세분류 및 활동명: 일반의원
연계 KSIC 11차 코드: 86201
연계 KSIC 11차 분류명: 일반의원
주요 연계 KSIC 코드: 86201
주요 연계 KSIC 분류명: 일반의원
세부설명: 안과"
851206,Q,보건업 및 사회복지 서비스업,85,보건업,851,의원,8512,의원,일반의원,86201,일반의원,86201,일반의원,2,이비인후과,1,"업종코드: 851206
업종 대분류: 보건업 및 사회복지 서비스업
업종 중분류: 보건업
업종 소분류: 의원
업종 세분류: 의원
업종 세세분류 및 활동명: 일반의원
연계 KSIC 11차 코드: 86201
연계 KSIC 11차 분류명: 일반의원
주요 연계 KSIC 코드: 86201
주요 연계 KSIC 분류명: 일반의원
세부설명: 이비인후과"
851207,Q,보건업 및 사회복지 서비스업,85,보건업,851,의원,8512,의원,일반의원,86201,일반의원,86201,일반의원,2,산부인과,1,"업종코드: 851207
업종 대분류: 보건업 및 사회복지 서비스업
업종 중분류: 보건업
업종 소분류: 의원
업종 세분류: 의원
업종 세세분류 및 활동명: 일반의원
연계 KSIC 11차 코드: 86201
연계 KSIC 11차 분류명: 일반의원
주요 연계 KSIC 코드: 86201
주요 연계 KSIC 분류명: 일반의원
세부설명: 산부인과"
851208,Q,보건업 및 사회복지 서비스업,85,보건업,851,의원,8512,의원,방사선 진단 및 병리 검사 의원,86204,방사선 진단 및 병리 검사 의원,86204,방사선 진단 및 병리 검사 의원,1,,1,"업종코드: 851208
업종 대분류: 보건업 및 사회복지 서비스업
업종 중분류: 보건업
업종 소분류: 의원
업종 세분류: 의원
업종 세세분류 및 활동명: 방사선 진단 및 병리 검사 의원
연계 KSIC 11차 코드: 86204
연계 KSIC 11차 분류명: 방사선 진단 및 병리 검사 의원
주요 연계 KSIC 코드: 86204
주요 연계 KSIC 분류명: 방사선 진단 및 병리 검사 의원"
851209,Q,보건업 및 사회복지 서비스업,85,보건업,851,의원,8512,의원,일반의원,86201,일반의원,86201,일반의원,2,성형외과,1,"업종코드: 851209
업종 대분류: 보건업 및 사회복지 서비스업
업종 중분류: 보건업
업종 소분류: 의원
업종 세분류: 의원
업종 세세분류 및 활동명: 일반의원
연계 KSIC 11차 코드: 86201
연계 KSIC 11차 분류명: 일반의원
주요 연계 KSIC 코드: 86201
주요 연계 KSIC 분류명: 일반의원
세부설명: 성형외과"
851211,Q,보건업 및 사회복지 서비스업,85,보건업,851,의원,8512,의원,치과의원,86202,치과의원,,,,,1,"업종코드: 851211
업종 대분류: 보건업 및 사회복지 서비스업
업종 중분류: 보건업
업종 소분류: 의원
업종 세분류: 의원
업종 세세분류 및 활동명: 치과의원
연계 KSIC 11차 코드: 86202
연계 KSIC 11차 분류명: 치과의원"
851212,Q,보건업 및 사회복지 서비스업,85,보건업,851,의원,8512,의원,한의원,86203,한의원,,,,,1,"업종코드: 851212
업종 대분류: 보건업 및 사회복지 서비스업
업종 중분류: 보건업
업종 소분류: 의원
업종 세분류: 의원
업종 세세분류 및 활동명: 한의원
연계 KSIC 11차 코드: 86203
연계 KSIC 11차 분류명: 한의원"
851219,Q,보건업 및 사회복지 서비스업,85,보건업,851,의원,8512,의원,일반의원,86201,일반의원,86201,일반의원,2,기타의원,1,"업종코드: 851219
업종 대분류: 보건업 및 사회복지 서비스업
업종 중분류: 보건업
업종 소분류: 의원
업종 세분류: 의원
업종 세세분류 및 활동명: 일반의원
연계 KSIC 11차 코드: 86201
연계 KSIC 11차 분류명: 일반의원
주요 연계 KSIC 코드: 86201
주요 연계 KSIC 분류명: 일반의원
세부설명: 기타의원"
851901,Q,보건업 및 사회복지 서비스업,85,보건업,851,기타 보건업,8519,기타 보건업,그 외 기타 보건업,86909,그 외 기타 보건업,,,,"조산소, 조산원",1,"업종코드: 851901
업종 대분류: 보건업 및 사회복지 서비스업
업종 중분류: 보건업
업종 소분류: 기타 보건업
업종 세분류: 기타 보건업
업종 세세분류 및 활동명: 그 외 기타 보건업
연계 KSIC 11차 코드: 86909
연계 KSIC 11차 분류명: 그 외 기타 보건업
세부설명: 조산소, 조산원"
851902,Q,보건업 및 사회복지 서비스업,85,보건업,851,기타 보건업,8519,기타 보건업,유사 의료업,86902,유사 의료업,86902,유사 의료업,2,침구치료 등,1,"업종코드: 851902
업종 대분류: 보건업 및 사회복지 서비스업
업종 중분류: 보건업
업종 소분류: 기타 보건업
업종 세분류: 기타 보건업
업종 세세분류 및 활동명: 유사 의료업
연계 KSIC 11차 코드: 86902
연계 KSIC 11차 분류명: 유사 의료업
주요 연계 KSIC 코드: 86902
주요 연계 KSIC 분류명: 유사 의료업
세부설명: 침구치료 등"
851903,Q,보건업 및 사회복지 서비스업,85,보건업,851,기타 보건업,8519,기타 보건업,유사 의료업,86902,유사 의료업,,,,안마원 또는 안마시술소 미개설,1,"업종코드: 851903
업종 대분류: 보건업 및 사회복지 서비스업
업종 중분류: 보건업
업종 소분류: 기타 보건업
업종 세분류: 기타 보건업
업종 세세분류 및 활동명: 유사 의료업
연계 KSIC 11차 코드: 86902
연계 KSIC 11차 분류명: 유사 의료업
세부설명: 안마원 또는 안마시술소 미개설"
851904,Q,보건업 및 사회복지 서비스업,85,보건업,851,기타 보건업,8519,기타 보건업,유사 의료업,86902,유사 의료업,86902,유사 의료업,2,지압치료 등,1,"업종코드: 851904
업종 대분류: 보건업 및 사회복지 서비스업
업종 중분류: 보건업
업종 소분류: 기타 보건업
업종 세분류: 기타 보건업
업종 세세분류 및 활동명: 유사 의료업
연계 KSIC 11차 코드: 86902
연계 KSIC 11차 분류명: 유사 의료업
주요 연계 KSIC 코드: 86902
주요 연계 KSIC 분류명: 유사 의료업
세부설명: 지압치료 등"
851905,Q,보건업 및 사회복지 서비스업,85,보건업,851,의원,8519,의원,방사선 진단 및 병리 검사 의원,86204,방사선 진단 및 병리 검사 의원,,,,세균검사,1,"업종코드: 851905
업종 대분류: 보건업 및 사회복지 서비스업
업종 중분류: 보건업
업종 소분류: 의원
업종 세분류: 의원
업종 세세분류 및 활동명: 방사선 진단 및 병리 검사 의원
연계 KSIC 11차 코드: 86204
연계 KSIC 11차 분류명: 방사선 진단 및 병리 검사 의원
세부설명: 세균검사"
851906,Q,보건업 및 사회복지 서비스업,85,보건업,851,기타 보건업,8519,기타 보건업,그 외 기타 보건업,86909,그 외 기타 보건업,,,,혈액원,1,"업종코드: 851906
업종 대분류: 보건업 및 사회복지 서비스업
업종 중분류: 보건업
업종 소분류: 기타 보건업
업종 세분류: 기타 보건업
업종 세세분류 및 활동명: 그 외 기타 보건업
연계 KSIC 11차 코드: 86909
연계 KSIC 11차 분류명: 그 외 기타 보건업
세부설명: 혈액원"
851907,Q,보건업 및 사회복지 서비스업,85,보건업,851,기타 보건업,8519,기타 보건업,그 외 기타 보건업,86909,그 외 기타 보건업,86909,그 외 기타 보건업,1,,1,"업종코드: 851907
업종 대분류: 보건업 및 사회복지 서비스업
업종 중분류: 보건업
업종 소분류: 기타 보건업
업종 세분류: 기타 보건업
업종 세세분류 및 활동명: 그 외 기타 보건업
연계 KSIC 11차 코드: 86909
연계 KSIC 11차 분류명: 그 외 기타 보건업
주요 연계 KSIC 코드: 86909
주요 연계 KSIC 분류명: 그 외 기타 보건업"
851908,Q,보건업 및 사회복지 서비스업,85,보건업,851,기타 보건업,8519,기타 보건업,유사 의료업,86902,유사 의료업,,,,안마시술소,1,"업종코드: 851908
업종 대분류: 보건업 및 사회복지 서비스업
업종 중분류: 보건업
업종 소분류: 기타 보건업
업종 세분류: 기타 보건업
업종 세세분류 및 활동명: 유사 의료업
연계 KSIC 11차 코드: 86902
연계 KSIC 11차 분류명: 유사 의료업
세부설명: 안마시술소"
851909,Q,보건업 및 사회복지 서비스업,85,보건업,851,의원,8519,의원,방사선 진단 및 병리 검사 의원,86204,방사선 진단 및 병리 검사 의원,,,,기타 병리실험서비스,1,"업종코드: 851909
업종 대분류: 보건업 및 사회복지 서비스업
업종 중분류: 보건업
업종 소분류: 의원
업종 세분류: 의원
업종 세세분류 및 활동명: 방사선 진단 및 병리 검사 의원
연계 KSIC 11차 코드: 86204
연계 KSIC 11차 분류명: 방사선 진단 및 병리 검사 의원
세부설명: 기타 병리실험서비스"
851911,Q,보건업 및 사회복지 서비스업,85,보건업,851,기타 보건업,8519,기타 보건업,앰뷸런스 서비스업,86901,앰뷸런스 서비스업,,,,,1,"업종코드: 851911
업종 대분류: 보건업 및 사회복지 서비스업
업종 중분류: 보건업
업종 소분류: 기타 보건업
업종 세분류: 기타 보건업
업종 세세분류 및 활동명: 앰뷸런스 서비스업
연계 KSIC 11차 코드: 86901
연계 KSIC 11차 분류명: 앰뷸런스 서비스업"
851912,Q,보건업 및 사회복지 서비스업,85,보건업,851,기타 보건업,8519,기타 보건업,유사 의료업,86902,유사 의료업,,,,안마원,1,"업종코드: 851912
업종 대분류: 보건업 및 사회복지 서비스업
업종 중분류: 보건업
업종 소분류: 기타 보건업
업종 세분류: 기타 보건업
업종 세세분류 및 활동명: 유사 의료업
연계 KSIC 11차 코드: 86902
연계 KSIC 11차 분류명: 유사 의료업
세부설명: 안마원"
852000,M,"전문, 과학 및 기술 서비스업",85,"기타 전문, 과학 및 기술 서비스업",852,수의업,8520,수의업,수의업,73100,수의업,,,,,1,"업종코드: 852000
업종 대분류: 전문, 과학 및 기술 서비스업
업종 중분류: 기타 전문, 과학 및 기술 서비스업
업종 소분류: 수의업
업종 세분류: 수의업
업종 세세분류 및 활동명: 수의업
연계 KSIC 11차 코드: 73100
연계 KSIC 11차 분류명: 수의업"
852110,P,교육서비스업,85,교육 서비스업,852,중등 교육기관,8521,일반 중등 교육기관,중학교,85211,중학교,,,,,1,"업종코드: 852110
업종 대분류: 교육서비스업
업종 중분류: 교육 서비스업
업종 소분류: 중등 교육기관
업종 세분류: 일반 중등 교육기관
업종 세세분류 및 활동명: 중학교
연계 KSIC 11차 코드: 85211
연계 KSIC 11차 분류명: 중학교"
852120,P,교육서비스업,85,교육 서비스업,852,중등 교육기관,8521,일반 중등 교육기관,일반 고등학교,85212,일반 고등학교,,,,,1,"업종코드: 852120
업종 대분류: 교육서비스업
업종 중분류: 교육 서비스업
업종 소분류: 중등 교육기관
업종 세분류: 일반 중등 교육기관
업종 세세분류 및 활동명: 일반 고등학교
연계 KSIC 11차 코드: 85212
연계 KSIC 11차 분류명: 일반 고등학교"
852210,P,교육서비스업,85,교육 서비스업,852,중등 교육기관,8522,특성화 고등학교,상업 및 정보산업 특성화 고등학교,85221,상업 및 정보산업 특성화 고등학교,,,,,1,"업종코드: 852210
업종 대분류: 교육서비스업
업종 중분류: 교육 서비스업
업종 소분류: 중등 교육기관
업종 세분류: 특성화 고등학교
업종 세세분류 및 활동명: 상업 및 정보산업 특성화 고등학교
연계 KSIC 11차 코드: 85221
연계 KSIC 11차 분류명: 상업 및 정보산업 특성화 고등학교"
852220,P,교육서비스업,85,교육 서비스업,852,중등 교육기관,8522,특성화 고등학교,공업 특성화 고등학교,85222,공업 특성화 고등학교,,,,,1,"업종코드: 852220
업종 대분류: 교육서비스업
업종 중분류: 교육 서비스업
업종 소분류: 중등 교육기관
업종 세분류: 특성화 고등학교
업종 세세분류 및 활동명: 공업 특성화 고등학교
연계 KSIC 11차 코드: 85222
연계 KSIC 11차 분류명: 공업 특성화 고등학교"
852290,P,교육서비스업,85,교육 서비스업,852,중등 교육기관,8522,특성화 고등학교,기타 특성화 고등학교,85229,기타 특성화 고등학교,,,,,1,"업종코드: 852290
업종 대분류: 교육서비스업
업종 중분류: 교육 서비스업
업종 소분류: 중등 교육기관
업종 세분류: 특성화 고등학교
업종 세세분류 및 활동명: 기타 특성화 고등학교
연계 KSIC 11차 코드: 85229
연계 KSIC 11차 분류명: 기타 특성화 고등학교"
853010,P,교육서비스업,85,교육 서비스업,853,고등 교육기관,8530,고등 교육기관,전문대학,85301,전문대학,,,,,1,"업종코드: 853010
업종 대분류: 교육서비스업
업종 중분류: 교육 서비스업
업종 소분류: 고등 교육기관
업종 세분류: 고등 교육기관
업종 세세분류 및 활동명: 전문대학
연계 KSIC 11차 코드: 85301
연계 KSIC 11차 분류명: 전문대학"
853020,P,교육서비스업,85,교육 서비스업,853,고등 교육기관,8530,고등 교육기관,대학교,85302,대학교,,,,,1,"업종코드: 853020
업종 대분류: 교육서비스업
업종 중분류: 교육 서비스업
업종 소분류: 고등 교육기관
업종 세분류: 고등 교육기관
업종 세세분류 및 활동명: 대학교
연계 KSIC 11차 코드: 85302
연계 KSIC 11차 분류명: 대학교"
853030,P,교육서비스업,85,교육 서비스업,853,고등 교육기관,8530,고등 교육기관,대학원,85303,대학원,,,,,1,"업종코드: 853030
업종 대분류: 교육서비스업
업종 중분류: 교육 서비스업
업종 소분류: 고등 교육기관
업종 세분류: 고등 교육기관
업종 세세분류 및 활동명: 대학원
연계 KSIC 11차 코드: 85303
연계 KSIC 11차 분류명: 대학원"
854100,P,교육서비스업,85,교육 서비스업,854,"특수학교, 외국인학교 및 대안학교",8541,특수학교,특수학교,85410,특수학교,,,,,1,"업종코드: 854100
업종 대분류: 교육서비스업
업종 중분류: 교육 서비스업
업종 소분류: 특수학교, 외국인학교 및 대안학교
업종 세분류: 특수학교
업종 세세분류 및 활동명: 특수학교
연계 KSIC 11차 코드: 85410
연계 KSIC 11차 분류명: 특수학교"
854300,P,교육서비스업,85,교육 서비스업,854,"특수학교, 외국인학교 및 대안학교",8543,대안학교,대안학교,85430,대안학교,,,,,1,"업종코드: 854300
업종 대분류: 교육서비스업
업종 중분류: 교육 서비스업
업종 소분류: 특수학교, 외국인학교 및 대안학교
업종 세분류: 대안학교
업종 세세분류 및 활동명: 대안학교
연계 KSIC 11차 코드: 85430
연계 KSIC 11차 분류명: 대안학교"
856400,P,교육서비스업,85,교육 서비스업,856,"특수학교, 외국인학교 및 대안학교",8564,사회교육시설,사회교육시설,85640,사회교육시설,,,,,1,"업종코드: 856400
업종 대분류: 교육서비스업
업종 중분류: 교육 서비스업
업종 소분류: 특수학교, 외국인학교 및 대안학교
업종 세분류: 사회교육시설
업종 세세분류 및 활동명: 사회교육시설
연계 KSIC 11차 코드: 85640
연계 KSIC 11차 분류명: 사회교육시설"
863000,Q,보건업 및 사회복지 서비스업,86,보건업,863,공중 보건 의료업,8630,공중 보건 의료업,공중 보건 의료업,86300,공중 보건 의료업,,,,,1,"업종코드: 863000
업종 대분류: 보건업 및 사회복지 서비스업
업종 중분류: 보건업
업종 소분류: 공중 보건 의료업
업종 세분류: 공중 보건 의료업
업종 세세분류 및 활동명: 공중 보건 의료업
연계 KSIC 11차 코드: 86300
연계 KSIC 11차 분류명: 공중 보건 의료업"
871110,Q,보건업 및 사회복지 서비스업,87,사회복지 서비스업,871,거주 복지시설 운영업,8711,노인 거주 복지시설 운영업,노인 요양 복지시설 운영업,87111,노인 요양 복지시설 운영업,,,,,1,"업종코드: 871110
업종 대분류: 보건업 및 사회복지 서비스업
업종 중분류: 사회복지 서비스업
업종 소분류: 거주 복지시설 운영업
업종 세분류: 노인 거주 복지시설 운영업
업종 세세분류 및 활동명: 노인 요양 복지시설 운영업
연계 KSIC 11차 코드: 87111
연계 KSIC 11차 분류명: 노인 요양 복지시설 운영업"
871210,Q,보건업 및 사회복지 서비스업,87,사회복지 서비스업,871,거주 복지시설 운영업,8712,심신 장애인 거주 복지시설 운영업,신체 부자유자 거주 복지시설 운영업,87121,신체 부자유자 거주 복지시설 운영업,,,,,1,"업종코드: 871210
업종 대분류: 보건업 및 사회복지 서비스업
업종 중분류: 사회복지 서비스업
업종 소분류: 거주 복지시설 운영업
업종 세분류: 심신 장애인 거주 복지시설 운영업
업종 세세분류 및 활동명: 신체 부자유자 거주 복지시설 운영업
연계 KSIC 11차 코드: 87121
연계 KSIC 11차 분류명: 신체 부자유자 거주 복지시설 운영업"
871220,Q,보건업 및 사회복지 서비스업,87,사회복지 서비스업,871,거주 복지시설 운영업,8712,심신 장애인 거주 복지시설 운영업,"정신 질환, 정신 지체 및 약물 중독자 거주 복지시설 운영업",87122,"정신 질환, 정신 지체 및 약물 중독자 거주 복지시설 운영업",,,,,1,"업종코드: 871220
업종 대분류: 보건업 및 사회복지 서비스업
업종 중분류: 사회복지 서비스업
업종 소분류: 거주 복지시설 운영업
업종 세분류: 심신 장애인 거주 복지시설 운영업
업종 세세분류 및 활동명: 정신 질환, 정신 지체 및 약물 중독자 거주 복지시설 운영업
연계 KSIC 11차 코드: 87122
연계 KSIC 11차 분류명: 정신 질환, 정신 지체 및 약물 중독자 거주 복지시설 운영업"
871310,Q,보건업 및 사회복지 서비스업,87,사회복지 서비스업,871,거주 복지시설 운영업,8713,기타 거주 복지시설 운영업,아동 및 부녀자 거주 복지시설 운영업,87131,아동 및 부녀자 거주 복지시설 운영업,,,,,1,"업종코드: 871310
업종 대분류: 보건업 및 사회복지 서비스업
업종 중분류: 사회복지 서비스업
업종 소분류: 거주 복지시설 운영업
업종 세분류: 기타 거주 복지시설 운영업
업종 세세분류 및 활동명: 아동 및 부녀자 거주 복지시설 운영업
연계 KSIC 11차 코드: 87131
연계 KSIC 11차 분류명: 아동 및 부녀자 거주 복지시설 운영업"
871390,Q,보건업 및 사회복지 서비스업,87,사회복지 서비스업,871,거주 복지시설 운영업,8713,기타 거주 복지시설 운영업,그 외 기타 거주 복지시설 운영업,87139,그 외 기타 거주 복지시설 운영업,,,,,1,"업종코드: 871390
업종 대분류: 보건업 및 사회복지 서비스업
업종 중분류: 사회복지 서비스업
업종 소분류: 거주 복지시설 운영업
업종 세분류: 기타 거주 복지시설 운영업
업종 세세분류 및 활동명: 그 외 기타 거주 복지시설 운영업
연계 KSIC 11차 코드: 87139
연계 KSIC 11차 분류명: 그 외 기타 거주 복지시설 운영업"
872100,Q,보건업 및 사회복지 서비스업,87,사회복지 서비스업,872,비거주 복지시설 운영업,8721,보육시설 운영업,보육시설 운영업,87210,보육시설 운영업,87210,보육시설 운영업,2,인가된 경우,1,"업종코드: 872100
업종 대분류: 보건업 및 사회복지 서비스업
업종 중분류: 사회복지 서비스업
업종 소분류: 비거주 복지시설 운영업
업종 세분류: 보육시설 운영업
업종 세세분류 및 활동명: 보육시설 운영업
연계 KSIC 11차 코드: 87210
연계 KSIC 11차 분류명: 보육시설 운영업
주요 연계 KSIC 코드: 87210
주요 연계 KSIC 분류명: 보육시설 운영업
세부설명: 인가된 경우"
872910,Q,보건업 및 사회복지 서비스업,87,사회복지 서비스업,872,비거주 복지시설 운영업,8729,기타 비거주 복지 서비스업,직업 재활원 운영업,87291,직업 재활원 운영업,,,,,1,"업종코드: 872910
업종 대분류: 보건업 및 사회복지 서비스업
업종 중분류: 사회복지 서비스업
업종 소분류: 비거주 복지시설 운영업
업종 세분류: 기타 비거주 복지 서비스업
업종 세세분류 및 활동명: 직업 재활원 운영업
연계 KSIC 11차 코드: 87291
연계 KSIC 11차 분류명: 직업 재활원 운영업"
872920,Q,보건업 및 사회복지 서비스업,87,사회복지 서비스업,872,비거주 복지시설 운영업,8729,기타 비거주 복지 서비스업,종합복지관 운영업,87292,종합복지관 운영업,,,,,1,"업종코드: 872920
업종 대분류: 보건업 및 사회복지 서비스업
업종 중분류: 사회복지 서비스업
업종 소분류: 비거주 복지시설 운영업
업종 세분류: 기타 비거주 복지 서비스업
업종 세세분류 및 활동명: 종합복지관 운영업
연계 KSIC 11차 코드: 87292
연계 KSIC 11차 분류명: 종합복지관 운영업"
872930,Q,보건업 및 사회복지 서비스업,87,사회복지 서비스업,872,비거주 복지시설 운영업,8729,기타 비거주 복지 서비스업,방문 복지서비스 제공업,87293,방문 복지서비스 제공업,,,,,1,"업종코드: 872930
업종 대분류: 보건업 및 사회복지 서비스업
업종 중분류: 사회복지 서비스업
업종 소분류: 비거주 복지시설 운영업
업종 세분류: 기타 비거주 복지 서비스업
업종 세세분류 및 활동명: 방문 복지서비스 제공업
연계 KSIC 11차 코드: 87293
연계 KSIC 11차 분류명: 방문 복지서비스 제공업"
872940,Q,보건업 및 사회복지 서비스업,87,사회복지 서비스업,872,비거주 복지시설 운영업,8729,기타 비거주 복지 서비스업,사회복지 상담 서비스 제공업,87294,사회복지 상담 서비스 제공업,,,,,1,"업종코드: 872940
업종 대분류: 보건업 및 사회복지 서비스업
업종 중분류: 사회복지 서비스업
업종 소분류: 비거주 복지시설 운영업
업종 세분류: 기타 비거주 복지 서비스업
업종 세세분류 및 활동명: 사회복지 상담 서비스 제공업
연계 KSIC 11차 코드: 87294
연계 KSIC 11차 분류명: 사회복지 상담 서비스 제공업"
872990,Q,보건업 및 사회복지 서비스업,87,사회복지 서비스업,872,비거주 복지시설 운영업,8729,기타 비거주 복지 서비스업,그 외 기타 비거주 복지 서비스업,87299,그 외 기타 비거주 복지 서비스업,,,,,1,"업종코드: 872990
업종 대분류: 보건업 및 사회복지 서비스업
업종 중분류: 사회복지 서비스업
업종 소분류: 비거주 복지시설 운영업
업종 세분류: 기타 비거주 복지 서비스업
업종 세세분류 및 활동명: 그 외 기타 비거주 복지 서비스업
연계 KSIC 11차 코드: 87299
연계 KSIC 11차 분류명: 그 외 기타 비거주 복지 서비스업"
900100,E,"수도, 하수 및 폐기물 처리, 원료 재생업",90,"폐기물 수집, 운반, 처리 및 원료 재생업",900,"폐기물 수집, 운반업",9001,"지정 외 폐기물 수집, 운반업","지정 외 폐기물 수집, 운반업",38110,"지정 외 폐기물 수집, 운반업",,,,,1,"업종코드: 900100
업종 대분류: 수도, 하수 및 폐기물 처리, 원료 재생업
업종 중분류: 폐기물 수집, 운반, 처리 및 원료 재생업
업종 소분류: 폐기물 수집, 운반업
업종 세분류: 지정 외 폐기물 수집, 운반업
업종 세세분류 및 활동명: 지정 외 폐기물 수집, 운반업
연계 KSIC 11차 코드: 38110
연계 KSIC 11차 분류명: 지정 외 폐기물 수집, 운반업"
900101,E,"수도, 하수 및 폐기물 처리, 원료 재생업",90,"폐기물 수집, 운반, 처리 및 원료 재생업",900,폐기물 처리업,9001,지정 외 폐기물 처리업,지정 외 폐기물 처리업,38210,지정 외 폐기물 처리업,,,,,1,"업종코드: 900101
업종 대분류: 수도, 하수 및 폐기물 처리, 원료 재생업
업종 중분류: 폐기물 수집, 운반, 처리 및 원료 재생업
업종 소분류: 폐기물 처리업
업종 세분류: 지정 외 폐기물 처리업
업종 세세분류 및 활동명: 지정 외 폐기물 처리업
연계 KSIC 11차 코드: 38210
연계 KSIC 11차 분류명: 지정 외 폐기물 처리업"
900102,E,"수도, 하수 및 폐기물 처리, 원료 재생업",90,"폐기물 수집, 운반, 처리 및 원료 재생업",900,폐기물 처리업,9001,"방사성 폐기물 수집, 운반 및 처리업","방사성 폐기물 수집, 운반 및 처리업",38240,"방사성 폐기물 수집, 운반 및 처리업",,,,,1,"업종코드: 900102
업종 대분류: 수도, 하수 및 폐기물 처리, 원료 재생업
업종 중분류: 폐기물 수집, 운반, 처리 및 원료 재생업
업종 소분류: 폐기물 처리업
업종 세분류: 방사성 폐기물 수집, 운반 및 처리업
업종 세세분류 및 활동명: 방사성 폐기물 수집, 운반 및 처리업
연계 KSIC 11차 코드: 38240
연계 KSIC 11차 분류명: 방사성 폐기물 수집, 운반 및 처리업"
900103,E,"수도, 하수 및 폐기물 처리, 원료 재생업",90,"폐기물 수집, 운반, 처리 및 원료 재생업",900,"폐기물 수집, 운반업",9001,"지정 폐기물 수집, 운반업","지정 폐기물 수집, 운반업",38120,"지정 폐기물 수집, 운반업",,,,,1,"업종코드: 900103
업종 대분류: 수도, 하수 및 폐기물 처리, 원료 재생업
업종 중분류: 폐기물 수집, 운반, 처리 및 원료 재생업
업종 소분류: 폐기물 수집, 운반업
업종 세분류: 지정 폐기물 수집, 운반업
업종 세세분류 및 활동명: 지정 폐기물 수집, 운반업
연계 KSIC 11차 코드: 38120
연계 KSIC 11차 분류명: 지정 폐기물 수집, 운반업"
900104,E,"수도, 하수 및 폐기물 처리, 원료 재생업",90,"폐기물 수집, 운반, 처리 및 원료 재생업",900,"폐기물 수집, 운반업",9001,"건설 폐기물 수집, 운반업","건설 폐기물 수집, 운반업",38130,"건설 폐기물 수집, 운반업",,,,,1,"업종코드: 900104
업종 대분류: 수도, 하수 및 폐기물 처리, 원료 재생업
업종 중분류: 폐기물 수집, 운반, 처리 및 원료 재생업
업종 소분류: 폐기물 수집, 운반업
업종 세분류: 건설 폐기물 수집, 운반업
업종 세세분류 및 활동명: 건설 폐기물 수집, 운반업
연계 KSIC 11차 코드: 38130
연계 KSIC 11차 분류명: 건설 폐기물 수집, 운반업"
900105,E,"수도, 하수 및 폐기물 처리, 원료 재생업",90,"폐기물 수집, 운반, 처리 및 원료 재생업",900,폐기물 처리업,9001,지정 폐기물 처리업,지정 폐기물 처리업,38220,지정 폐기물 처리업,,,,,1,"업종코드: 900105
업종 대분류: 수도, 하수 및 폐기물 처리, 원료 재생업
업종 중분류: 폐기물 수집, 운반, 처리 및 원료 재생업
업종 소분류: 폐기물 처리업
업종 세분류: 지정 폐기물 처리업
업종 세세분류 및 활동명: 지정 폐기물 처리업
연계 KSIC 11차 코드: 38220
연계 KSIC 11차 분류명: 지정 폐기물 처리업"
900106,E,"수도, 하수 및 폐기물 처리, 원료 재생업",90,"폐기물 수집, 운반, 처리 및 원료 재생업",900,폐기물 처리업,9001,건설 폐기물 처리업,건설 폐기물 처리업,38230,건설 폐기물 처리업,,,,,1,"업종코드: 900106
업종 대분류: 수도, 하수 및 폐기물 처리, 원료 재생업
업종 중분류: 폐기물 수집, 운반, 처리 및 원료 재생업
업종 소분류: 폐기물 처리업
업종 세분류: 건설 폐기물 처리업
업종 세세분류 및 활동명: 건설 폐기물 처리업
연계 KSIC 11차 코드: 38230
연계 KSIC 11차 분류명: 건설 폐기물 처리업"
900200,E,"수도, 하수 및 폐기물 처리, 원료 재생업",90,"하수, 폐수 및 분뇨 처리업",900,"하수, 폐수 및 분뇨 처리업",9002,하수 및 폐수 처리업,하수 처리업,37011,하수 처리업,37011,하수 처리업,1,,1,"업종코드: 900200
업종 대분류: 수도, 하수 및 폐기물 처리, 원료 재생업
업종 중분류: 하수, 폐수 및 분뇨 처리업
업종 소분류: 하수, 폐수 및 분뇨 처리업
업종 세분류: 하수 및 폐수 처리업
업종 세세분류 및 활동명: 하수 처리업
연계 KSIC 11차 코드: 37011
연계 KSIC 11차 분류명: 하수 처리업
주요 연계 KSIC 코드: 37011
주요 연계 KSIC 분류명: 하수 처리업"
900201,E,"수도, 하수 및 폐기물 처리, 원료 재생업",90,"하수, 폐수 및 분뇨 처리업",900,"하수, 폐수 및 분뇨 처리업",9002,분뇨 처리업,사람 분뇨 처리업,37021,사람 분뇨 처리업,,,,,1,"업종코드: 900201
업종 대분류: 수도, 하수 및 폐기물 처리, 원료 재생업
업종 중분류: 하수, 폐수 및 분뇨 처리업
업종 소분류: 하수, 폐수 및 분뇨 처리업
업종 세분류: 분뇨 처리업
업종 세세분류 및 활동명: 사람 분뇨 처리업
연계 KSIC 11차 코드: 37021
연계 KSIC 11차 분류명: 사람 분뇨 처리업"
900202,E,"수도, 하수 및 폐기물 처리, 원료 재생업",90,"하수, 폐수 및 분뇨 처리업",900,"하수, 폐수 및 분뇨 처리업",9002,하수 및 폐수 처리업,폐수 처리업,37012,폐수 처리업,,,,,1,"업종코드: 900202
업종 대분류: 수도, 하수 및 폐기물 처리, 원료 재생업
업종 중분류: 하수, 폐수 및 분뇨 처리업
업종 소분류: 하수, 폐수 및 분뇨 처리업
업종 세분류: 하수 및 폐수 처리업
업종 세세분류 및 활동명: 폐수 처리업
연계 KSIC 11차 코드: 37012
연계 KSIC 11차 분류명: 폐수 처리업"
900203,E,"수도, 하수 및 폐기물 처리, 원료 재생업",90,"하수, 폐수 및 분뇨 처리업",900,"하수, 폐수 및 분뇨 처리업",9002,분뇨 처리업,축산 분뇨 처리업,37022,축산 분뇨 처리업,,,,,1,"업종코드: 900203
업종 대분류: 수도, 하수 및 폐기물 처리, 원료 재생업
업종 중분류: 하수, 폐수 및 분뇨 처리업
업종 소분류: 하수, 폐수 및 분뇨 처리업
업종 세분류: 분뇨 처리업
업종 세세분류 및 활동명: 축산 분뇨 처리업
연계 KSIC 11차 코드: 37022
연계 KSIC 11차 분류명: 축산 분뇨 처리업"
900300,E,"수도, 하수 및 폐기물 처리, 원료 재생업",90,"폐기물 수집, 운반, 처리 및 원료 재생업",900,"해체, 선별 및 원료 재생업",9003,"금속류 해체, 선별 및 원료 재생업",금속류 해체 및 선별업,38311,금속류 해체 및 선별업,,,,폐차처리업,1,"업종코드: 900300
업종 대분류: 수도, 하수 및 폐기물 처리, 원료 재생업
업종 중분류: 폐기물 수집, 운반, 처리 및 원료 재생업
업종 소분류: 해체, 선별 및 원료 재생업
업종 세분류: 금속류 해체, 선별 및 원료 재생업
업종 세세분류 및 활동명: 금속류 해체 및 선별업
연계 KSIC 11차 코드: 38311
연계 KSIC 11차 분류명: 금속류 해체 및 선별업
세부설명: 폐차처리업"
900900,N,"사업시설 관리, 사업 지원 및 임대 서비스업",90,사업시설 관리 및 조경 서비스업,900,건물ㆍ산업설비 청소 및 방제 서비스업,9009,건물 및 산업설비 청소업,"산업설비, 운송장비 및 공공장소 청소업",74212,"산업설비, 운송장비 및 공공장소 청소업",,,,,1,"업종코드: 900900
업종 대분류: 사업시설 관리, 사업 지원 및 임대 서비스업
업종 중분류: 사업시설 관리 및 조경 서비스업
업종 소분류: 건물ㆍ산업설비 청소 및 방제 서비스업
업종 세분류: 건물 및 산업설비 청소업
업종 세세분류 및 활동명: 산업설비, 운송장비 및 공공장소 청소업
연계 KSIC 11차 코드: 74212
연계 KSIC 11차 분류명: 산업설비, 운송장비 및 공공장소 청소업"
921100,J,정보통신업,92,영상ㆍ오디오 기록물 제작 및 배급업,921,"영화, 비디오물, 방송 프로그램 제작 및 배급업",9211,"영화, 비디오물 및 방송 프로그램 배급업","영화, 비디오물 및 방송 프로그램 배급업",59130,"영화, 비디오물 및 방송 프로그램 배급업",,,,,1,"업종코드: 921100
업종 대분류: 정보통신업
업종 중분류: 영상ㆍ오디오 기록물 제작 및 배급업
업종 소분류: 영화, 비디오물, 방송 프로그램 제작 및 배급업
업종 세분류: 영화, 비디오물 및 방송 프로그램 배급업
업종 세세분류 및 활동명: 영화, 비디오물 및 방송 프로그램 배급업
연계 KSIC 11차 코드: 59130
연계 KSIC 11차 분류명: 영화, 비디오물 및 방송 프로그램 배급업"
921200,J,정보통신업,92,영상ㆍ오디오 기록물 제작 및 배급업,921,"영화, 비디오물, 방송 프로그램 제작 및 배급업",9212,영화 및 비디오물 상영업,영화관 운영업,59141,영화관 운영업,,,,,1,"업종코드: 921200
업종 대분류: 정보통신업
업종 중분류: 영상ㆍ오디오 기록물 제작 및 배급업
업종 소분류: 영화, 비디오물, 방송 프로그램 제작 및 배급업
업종 세분류: 영화 및 비디오물 상영업
업종 세세분류 및 활동명: 영화관 운영업
연계 KSIC 11차 코드: 59141
연계 KSIC 11차 분류명: 영화관 운영업"
921301,J,정보통신업,92,방송 및 영상·오디오물 제공 서비스업,921,라디오 방송업,9213,라디오 방송업,라디오 방송업,60100,라디오 방송업,,,,,1,"업종코드: 921301
업종 대분류: 정보통신업
업종 중분류: 방송 및 영상·오디오물 제공 서비스업
업종 소분류: 라디오 방송업
업종 세분류: 라디오 방송업
업종 세세분류 및 활동명: 라디오 방송업
연계 KSIC 11차 코드: 60100
연계 KSIC 11차 분류명: 라디오 방송업"
921302,J,정보통신업,92,방송 및 영상·오디오물 제공 서비스업,921,텔레비전 방송업,9213,지상파 방송업,지상파 방송업,60210,지상파 방송업,,,,,1,"업종코드: 921302
업종 대분류: 정보통신업
업종 중분류: 방송 및 영상·오디오물 제공 서비스업
업종 소분류: 텔레비전 방송업
업종 세분류: 지상파 방송업
업종 세세분류 및 활동명: 지상파 방송업
연계 KSIC 11차 코드: 60210
연계 KSIC 11차 분류명: 지상파 방송업"
921303,J,정보통신업,92,방송 및 영상·오디오물 제공 서비스업,921,텔레비전 방송업,9213,"유선, 위성 및 기타 방송업",유선 방송업,60222,유선 방송업,,,,,1,"업종코드: 921303
업종 대분류: 정보통신업
업종 중분류: 방송 및 영상·오디오물 제공 서비스업
업종 소분류: 텔레비전 방송업
업종 세분류: 유선, 위성 및 기타 방송업
업종 세세분류 및 활동명: 유선 방송업
연계 KSIC 11차 코드: 60222
연계 KSIC 11차 분류명: 유선 방송업"
921304,J,정보통신업,92,영상ㆍ오디오 기록물 제작 및 배급업,921,"영화, 비디오물, 방송 프로그램 제작 및 배급업",9213,"영화, 비디오물 및 방송 프로그램 제작업",방송 프로그램 제작업,59114,방송 프로그램 제작업,,,,,1,"업종코드: 921304
업종 대분류: 정보통신업
업종 중분류: 영상ㆍ오디오 기록물 제작 및 배급업
업종 소분류: 영화, 비디오물, 방송 프로그램 제작 및 배급업
업종 세분류: 영화, 비디오물 및 방송 프로그램 제작업
업종 세세분류 및 활동명: 방송 프로그램 제작업
연계 KSIC 11차 코드: 59114
연계 KSIC 11차 분류명: 방송 프로그램 제작업"
921305,J,정보통신업,92,방송 및 영상·오디오물 제공 서비스업,921,텔레비전 방송업,9213,"유선, 위성 및 기타 방송업",위성 및 기타 방송업,60229,위성 및 기타 방송업,,,,,1,"업종코드: 921305
업종 대분류: 정보통신업
업종 중분류: 방송 및 영상·오디오물 제공 서비스업
업종 소분류: 텔레비전 방송업
업종 세분류: 유선, 위성 및 기타 방송업
업종 세세분류 및 활동명: 위성 및 기타 방송업
연계 KSIC 11차 코드: 60229
연계 KSIC 11차 분류명: 위성 및 기타 방송업"
921306,J,정보통신업,92,방송 및 영상·오디오물 제공 서비스업,921,텔레비전 방송업,9213,"유선, 위성 및 기타 방송업",프로그램 공급업,60221,프로그램 공급업,,,,,1,"업종코드: 921306
업종 대분류: 정보통신업
업종 중분류: 방송 및 영상·오디오물 제공 서비스업
업종 소분류: 텔레비전 방송업
업종 세분류: 유선, 위성 및 기타 방송업
업종 세세분류 및 활동명: 프로그램 공급업
연계 KSIC 11차 코드: 60221
연계 KSIC 11차 분류명: 프로그램 공급업"
921401,R,"예술, 스포츠 및 여가관련 서비스업",92,"창작, 예술 및 여가관련 서비스업",921,창작 및 예술관련 서비스업,9214,기타 창작 및 예술관련 서비스업,공연 기획업,90191,공연 기획업,,,,,1,"업종코드: 921401
업종 대분류: 예술, 스포츠 및 여가관련 서비스업
업종 중분류: 창작, 예술 및 여가관련 서비스업
업종 소분류: 창작 및 예술관련 서비스업
업종 세분류: 기타 창작 및 예술관련 서비스업
업종 세세분류 및 활동명: 공연 기획업
연계 KSIC 11차 코드: 90191
연계 KSIC 11차 분류명: 공연 기획업"
921402,R,"예술, 스포츠 및 여가관련 서비스업",92,"창작, 예술 및 여가관련 서비스업",921,창작 및 예술관련 서비스업,9214,공연단체,무용 및 음악단체,90122,무용 및 음악단체,,,,,1,"업종코드: 921402
업종 대분류: 예술, 스포츠 및 여가관련 서비스업
업종 중분류: 창작, 예술 및 여가관련 서비스업
업종 소분류: 창작 및 예술관련 서비스업
업종 세분류: 공연단체
업종 세세분류 및 활동명: 무용 및 음악단체
연계 KSIC 11차 코드: 90122
연계 KSIC 11차 분류명: 무용 및 음악단체"
921403,R,"예술, 스포츠 및 여가관련 서비스업",92,"창작, 예술 및 여가관련 서비스업",921,창작 및 예술관련 서비스업,9214,공연단체,연극단체,90121,연극단체,,,,,1,"업종코드: 921403
업종 대분류: 예술, 스포츠 및 여가관련 서비스업
업종 중분류: 창작, 예술 및 여가관련 서비스업
업종 소분류: 창작 및 예술관련 서비스업
업종 세분류: 공연단체
업종 세세분류 및 활동명: 연극단체
연계 KSIC 11차 코드: 90121
연계 KSIC 11차 분류명: 연극단체"
921404,L,부동산업,92,부동산업,921,부동산 임대 및 공급업,9214,부동산 임대업,비주거용 건물 임대업,68112,비주거용 건물 임대업,,,,극장대관,1,"업종코드: 921404
업종 대분류: 부동산업
업종 중분류: 부동산업
업종 소분류: 부동산 임대 및 공급업
업종 세분류: 부동산 임대업
업종 세세분류 및 활동명: 비주거용 건물 임대업
연계 KSIC 11차 코드: 68112
연계 KSIC 11차 분류명: 비주거용 건물 임대업
세부설명: 극장대관"
921405,R,"예술, 스포츠 및 여가관련 서비스업",92,"창작, 예술 및 여가관련 서비스업",921,창작 및 예술관련 서비스업,9214,기타 창작 및 예술관련 서비스업,그 외 기타 창작 및 예술관련 서비스업,90199,그 외 기타 창작 및 예술관련 서비스업,,,,공연 및 제작관련 대리,1,"업종코드: 921405
업종 대분류: 예술, 스포츠 및 여가관련 서비스업
업종 중분류: 창작, 예술 및 여가관련 서비스업
업종 소분류: 창작 및 예술관련 서비스업
업종 세분류: 기타 창작 및 예술관련 서비스업
업종 세세분류 및 활동명: 그 외 기타 창작 및 예술관련 서비스업
연계 KSIC 11차 코드: 90199
연계 KSIC 11차 분류명: 그 외 기타 창작 및 예술관련 서비스업
세부설명: 공연 및 제작관련 대리"
921406,R,"예술, 스포츠 및 여가관련 서비스업",92,"창작, 예술 및 여가관련 서비스업",921,창작 및 예술관련 서비스업,9214,기타 창작 및 예술관련 서비스업,그 외 기타 창작 및 예술관련 서비스업,90199,그 외 기타 창작 및 예술관련 서비스업,90199,그 외 기타 창작 및 예술관련 서비스업,1,,1,"업종코드: 921406
업종 대분류: 예술, 스포츠 및 여가관련 서비스업
업종 중분류: 창작, 예술 및 여가관련 서비스업
업종 소분류: 창작 및 예술관련 서비스업
업종 세분류: 기타 창작 및 예술관련 서비스업
업종 세세분류 및 활동명: 그 외 기타 창작 및 예술관련 서비스업
연계 KSIC 11차 코드: 90199
연계 KSIC 11차 분류명: 그 외 기타 창작 및 예술관련 서비스업
주요 연계 KSIC 코드: 90199
주요 연계 KSIC 분류명: 그 외 기타 창작 및 예술관련 서비스업"
921407,R,"예술, 스포츠 및 여가관련 서비스업",92,"창작, 예술 및 여가관련 서비스업",921,창작 및 예술관련 서비스업,9214,공연단체,기타 공연단체,90123,기타 공연단체,,,,,1,"업종코드: 921407
업종 대분류: 예술, 스포츠 및 여가관련 서비스업
업종 중분류: 창작, 예술 및 여가관련 서비스업
업종 소분류: 창작 및 예술관련 서비스업
업종 세분류: 공연단체
업종 세세분류 및 활동명: 기타 공연단체
연계 KSIC 11차 코드: 90123
연계 KSIC 11차 분류명: 기타 공연단체"
921501,J,정보통신업,92,영상ㆍ오디오 기록물 제작 및 배급업,921,"영화, 비디오물, 방송 프로그램 제작 및 배급업",9215,"영화, 비디오물 및 방송 프로그램 제작업",광고 영화 및 비디오물 제작업,59113,광고 영화 및 비디오물 제작업,,,,,1,"업종코드: 921501
업종 대분류: 정보통신업
업종 중분류: 영상ㆍ오디오 기록물 제작 및 배급업
업종 소분류: 영화, 비디오물, 방송 프로그램 제작 및 배급업
업종 세분류: 영화, 비디오물 및 방송 프로그램 제작업
업종 세세분류 및 활동명: 광고 영화 및 비디오물 제작업
연계 KSIC 11차 코드: 59113
연계 KSIC 11차 분류명: 광고 영화 및 비디오물 제작업"
921502,J,정보통신업,92,영상ㆍ오디오 기록물 제작 및 배급업,921,"영화, 비디오물, 방송 프로그램 제작 및 배급업",9215,"영화, 비디오물 및 방송 프로그램 제작업",일반 영화 및 비디오물 제작업,59111,일반 영화 및 비디오물 제작업,59111,일반 영화 및 비디오물 제작업,1,,1,"업종코드: 921502
업종 대분류: 정보통신업
업종 중분류: 영상ㆍ오디오 기록물 제작 및 배급업
업종 소분류: 영화, 비디오물, 방송 프로그램 제작 및 배급업
업종 세분류: 영화, 비디오물 및 방송 프로그램 제작업
업종 세세분류 및 활동명: 일반 영화 및 비디오물 제작업
연계 KSIC 11차 코드: 59111
연계 KSIC 11차 분류명: 일반 영화 및 비디오물 제작업
주요 연계 KSIC 코드: 59111
주요 연계 KSIC 분류명: 일반 영화 및 비디오물 제작업"
921503,J,정보통신업,92,영상ㆍ오디오 기록물 제작 및 배급업,921,"영화, 비디오물, 방송 프로그램 제작 및 배급업",9215,"영화, 비디오물 및 방송 프로그램 제작 관련 서비스업","영화, 비디오물 및 방송 프로그램 제작 관련 서비스업",59120,"영화, 비디오물 및 방송 프로그램 제작 관련 서비스업",,,,,1,"업종코드: 921503
업종 대분류: 정보통신업
업종 중분류: 영상ㆍ오디오 기록물 제작 및 배급업
업종 소분류: 영화, 비디오물, 방송 프로그램 제작 및 배급업
업종 세분류: 영화, 비디오물 및 방송 프로그램 제작 관련 서비스업
업종 세세분류 및 활동명: 영화, 비디오물 및 방송 프로그램 제작 관련 서비스업
연계 KSIC 11차 코드: 59120
연계 KSIC 11차 분류명: 영화, 비디오물 및 방송 프로그램 제작 관련 서비스업"
921504,J,정보통신업,92,영상ㆍ오디오 기록물 제작 및 배급업,921,"영화, 비디오물, 방송 프로그램 제작 및 배급업",9215,"영화, 비디오물 및 방송 프로그램 제작업",애니메이션 영화 및 비디오물 제작업,59112,애니메이션 영화 및 비디오물 제작업,,,,,1,"업종코드: 921504
업종 대분류: 정보통신업
업종 중분류: 영상ㆍ오디오 기록물 제작 및 배급업
업종 소분류: 영화, 비디오물, 방송 프로그램 제작 및 배급업
업종 세분류: 영화, 비디오물 및 방송 프로그램 제작업
업종 세세분류 및 활동명: 애니메이션 영화 및 비디오물 제작업
연계 KSIC 11차 코드: 59112
연계 KSIC 11차 분류명: 애니메이션 영화 및 비디오물 제작업"
921505,J,정보통신업,92,영상ㆍ오디오 기록물 제작 및 배급업,921,"영화, 비디오물, 방송 프로그램 제작 및 배급업",9215,"영화, 비디오물 및 방송 프로그램 제작업",미디어콘텐츠창작업,59111 | 59112,일반 영화 및 비디오물 제작업 | 애니메이션 영화 및 비디오물 제작업,,,,미디어콘텐츠창작업,2,"업종코드: 921505
업종 대분류: 정보통신업
업종 중분류: 영상ㆍ오디오 기록물 제작 및 배급업
업종 소분류: 영화, 비디오물, 방송 프로그램 제작 및 배급업
업종 세분류: 영화, 비디오물 및 방송 프로그램 제작업
업종 세세분류 및 활동명: 미디어콘텐츠창작업
연계 KSIC 11차 코드: 59111 | 59112
연계 KSIC 11차 분류명: 일반 영화 및 비디오물 제작업 | 애니메이션 영화 및 비디오물 제작업
세부설명: 미디어콘텐츠창작업"
921901,R,"예술, 스포츠 및 여가관련 서비스업",92,"창작, 예술 및 여가관련 서비스업",921,창작 및 예술관련 서비스업,9219,공연시설 운영업,공연시설 운영업,90110,공연시설 운영업,,,,,1,"업종코드: 921901
업종 대분류: 예술, 스포츠 및 여가관련 서비스업
업종 중분류: 창작, 예술 및 여가관련 서비스업
업종 소분류: 창작 및 예술관련 서비스업
업종 세분류: 공연시설 운영업
업종 세세분류 및 활동명: 공연시설 운영업
연계 KSIC 11차 코드: 90110
연계 KSIC 11차 분류명: 공연시설 운영업"
921902,P,교육서비스업,92,교육 서비스업,921,기타 교육기관,9219,스포츠 및 레크리에이션 교육기관,레크리에이션 교육기관,85613,레크리에이션 교육기관,,,,댄스교습소,1,"업종코드: 921902
업종 대분류: 교육서비스업
업종 중분류: 교육 서비스업
업종 소분류: 기타 교육기관
업종 세분류: 스포츠 및 레크리에이션 교육기관
업종 세세분류 및 활동명: 레크리에이션 교육기관
연계 KSIC 11차 코드: 85613
연계 KSIC 11차 분류명: 레크리에이션 교육기관
세부설명: 댄스교습소"
921903,R,"예술, 스포츠 및 여가관련 서비스업",92,스포츠 및 오락관련 서비스업,921,유원지 및 기타 오락관련 서비스업,9219,유원지 및 테마파크 운영업,유원지 및 테마파크 운영업,91210,유원지 및 테마파크 운영업,,,,,1,"업종코드: 921903
업종 대분류: 예술, 스포츠 및 여가관련 서비스업
업종 중분류: 스포츠 및 오락관련 서비스업
업종 소분류: 유원지 및 기타 오락관련 서비스업
업종 세분류: 유원지 및 테마파크 운영업
업종 세세분류 및 활동명: 유원지 및 테마파크 운영업
연계 KSIC 11차 코드: 91210
연계 KSIC 11차 분류명: 유원지 및 테마파크 운영업"
921904,R,"예술, 스포츠 및 여가관련 서비스업",92,스포츠 및 오락관련 서비스업,921,유원지 및 기타 오락관련 서비스업,9219,그 외 기타 오락관련 서비스업,무도장 운영업,91291,무도장 운영업,,,,,1,"업종코드: 921904
업종 대분류: 예술, 스포츠 및 여가관련 서비스업
업종 중분류: 스포츠 및 오락관련 서비스업
업종 소분류: 유원지 및 기타 오락관련 서비스업
업종 세분류: 그 외 기타 오락관련 서비스업
업종 세세분류 및 활동명: 무도장 운영업
연계 KSIC 11차 코드: 91291
연계 KSIC 11차 분류명: 무도장 운영업"
922101,S,"협회 및 단체, 수리 및 기타 개인 서비스업",92,개인 및 소비용품 수리업,922,개인 및 가정용품 수리업,9221,기타 개인 및 가정용품 수리업,그 외 기타 개인 및 가정용품 수리업,95399,그 외 기타 개인 및 가정용품 수리업,,,,,1,"업종코드: 922101
업종 대분류: 협회 및 단체, 수리 및 기타 개인 서비스업
업종 중분류: 개인 및 소비용품 수리업
업종 소분류: 개인 및 가정용품 수리업
업종 세분류: 기타 개인 및 가정용품 수리업
업종 세세분류 및 활동명: 그 외 기타 개인 및 가정용품 수리업
연계 KSIC 11차 코드: 95399
연계 KSIC 11차 분류명: 그 외 기타 개인 및 가정용품 수리업"
922102,C,제조업,92,산업용 기계 및 장비 수리업,922,산업용 기계 및 장비 수리업,9221,일반 기계류 수리업,기타 일반 기계 및 장비 수리업,34019,기타 일반 기계 및 장비 수리업,,,,,1,"업종코드: 922102
업종 대분류: 제조업
업종 중분류: 산업용 기계 및 장비 수리업
업종 소분류: 산업용 기계 및 장비 수리업
업종 세분류: 일반 기계류 수리업
업종 세세분류 및 활동명: 기타 일반 기계 및 장비 수리업
연계 KSIC 11차 코드: 34019
연계 KSIC 11차 분류명: 기타 일반 기계 및 장비 수리업"
922103,C,제조업,92,산업용 기계 및 장비 수리업,922,산업용 기계 및 장비 수리업,9221,전기ㆍ전자 및 정밀 기기 수리업,전기ㆍ전자 및 정밀 기기 수리업,34020,전기ㆍ전자 및 정밀 기기 수리업,,,,,1,"업종코드: 922103
업종 대분류: 제조업
업종 중분류: 산업용 기계 및 장비 수리업
업종 소분류: 산업용 기계 및 장비 수리업
업종 세분류: 전기ㆍ전자 및 정밀 기기 수리업
업종 세세분류 및 활동명: 전기ㆍ전자 및 정밀 기기 수리업
연계 KSIC 11차 코드: 34020
연계 KSIC 11차 분류명: 전기ㆍ전자 및 정밀 기기 수리업"
922104,S,"협회 및 단체, 수리 및 기타 개인 서비스업",92,개인 및 소비용품 수리업,922,개인 및 가정용품 수리업,9221,가전제품 수리업,가전제품 수리업,95310,가전제품 수리업,,,,,1,"업종코드: 922104
업종 대분류: 협회 및 단체, 수리 및 기타 개인 서비스업
업종 중분류: 개인 및 소비용품 수리업
업종 소분류: 개인 및 가정용품 수리업
업종 세분류: 가전제품 수리업
업종 세세분류 및 활동명: 가전제품 수리업
연계 KSIC 11차 코드: 95310
연계 KSIC 11차 분류명: 가전제품 수리업"
922105,S,"협회 및 단체, 수리 및 기타 개인 서비스업",92,개인 및 소비용품 수리업,922,개인 및 가정용품 수리업,9221,기타 개인 및 가정용품 수리업,의복 및 기타 가정용 직물제품 수리업,95391,의복 및 기타 가정용 직물제품 수리업,,,,,1,"업종코드: 922105
업종 대분류: 협회 및 단체, 수리 및 기타 개인 서비스업
업종 중분류: 개인 및 소비용품 수리업
업종 소분류: 개인 및 가정용품 수리업
업종 세분류: 기타 개인 및 가정용품 수리업
업종 세세분류 및 활동명: 의복 및 기타 가정용 직물제품 수리업
연계 KSIC 11차 코드: 95391
연계 KSIC 11차 분류명: 의복 및 기타 가정용 직물제품 수리업"
922106,C,제조업,92,산업용 기계 및 장비 수리업,922,산업용 기계 및 장비 수리업,9221,일반 기계류 수리업,건설ㆍ광업용 기계 및 장비 수리업,34011,건설ㆍ광업용 기계 및 장비 수리업,,,,,1,"업종코드: 922106
업종 대분류: 제조업
업종 중분류: 산업용 기계 및 장비 수리업
업종 소분류: 산업용 기계 및 장비 수리업
업종 세분류: 일반 기계류 수리업
업종 세세분류 및 활동명: 건설ㆍ광업용 기계 및 장비 수리업
연계 KSIC 11차 코드: 34011
연계 KSIC 11차 분류명: 건설ㆍ광업용 기계 및 장비 수리업"
922107,S,"협회 및 단체, 수리 및 기타 개인 서비스업",92,개인 및 소비용품 수리업,922,컴퓨터 및 통신장비 수리업,9221,통신장비 수리업,통신장비 수리업,95120,통신장비 수리업,,,,,1,"업종코드: 922107
업종 대분류: 협회 및 단체, 수리 및 기타 개인 서비스업
업종 중분류: 개인 및 소비용품 수리업
업종 소분류: 컴퓨터 및 통신장비 수리업
업종 세분류: 통신장비 수리업
업종 세세분류 및 활동명: 통신장비 수리업
연계 KSIC 11차 코드: 95120
연계 KSIC 11차 분류명: 통신장비 수리업"
922108,S,"협회 및 단체, 수리 및 기타 개인 서비스업",92,개인 및 소비용품 수리업,922,개인 및 가정용품 수리업,9221,기타 개인 및 가정용품 수리업,"가죽, 가방 및 신발 수리업",95392,"가죽, 가방 및 신발 수리업",,,,,1,"업종코드: 922108
업종 대분류: 협회 및 단체, 수리 및 기타 개인 서비스업
업종 중분류: 개인 및 소비용품 수리업
업종 소분류: 개인 및 가정용품 수리업
업종 세분류: 기타 개인 및 가정용품 수리업
업종 세세분류 및 활동명: 가죽, 가방 및 신발 수리업
연계 KSIC 11차 코드: 95392
연계 KSIC 11차 분류명: 가죽, 가방 및 신발 수리업"
922109,S,"협회 및 단체, 수리 및 기타 개인 서비스업",92,개인 및 소비용품 수리업,922,개인 및 가정용품 수리업,9221,기타 개인 및 가정용품 수리업,"시계, 귀금속 및 악기 수리업",95393,"시계, 귀금속 및 악기 수리업",,,,,1,"업종코드: 922109
업종 대분류: 협회 및 단체, 수리 및 기타 개인 서비스업
업종 중분류: 개인 및 소비용품 수리업
업종 소분류: 개인 및 가정용품 수리업
업종 세분류: 기타 개인 및 가정용품 수리업
업종 세세분류 및 활동명: 시계, 귀금속 및 악기 수리업
연계 KSIC 11차 코드: 95393
연계 KSIC 11차 분류명: 시계, 귀금속 및 악기 수리업"
922201,S,"협회 및 단체, 수리 및 기타 개인 서비스업",92,개인 및 소비용품 수리업,922,자동차 및 모터사이클 수리업,9222,자동차 수리 및 세차업,자동차 종합 수리업,95211,자동차 종합 수리업,,,,,1,"업종코드: 922201
업종 대분류: 협회 및 단체, 수리 및 기타 개인 서비스업
업종 중분류: 개인 및 소비용품 수리업
업종 소분류: 자동차 및 모터사이클 수리업
업종 세분류: 자동차 수리 및 세차업
업종 세세분류 및 활동명: 자동차 종합 수리업
연계 KSIC 11차 코드: 95211
연계 KSIC 11차 분류명: 자동차 종합 수리업"
922202,S,"협회 및 단체, 수리 및 기타 개인 서비스업",92,개인 및 소비용품 수리업,922,자동차 및 모터사이클 수리업,9222,자동차 수리 및 세차업,자동차 전문 수리업,95212,자동차 전문 수리업,,,,,1,"업종코드: 922202
업종 대분류: 협회 및 단체, 수리 및 기타 개인 서비스업
업종 중분류: 개인 및 소비용품 수리업
업종 소분류: 자동차 및 모터사이클 수리업
업종 세분류: 자동차 수리 및 세차업
업종 세세분류 및 활동명: 자동차 전문 수리업
연계 KSIC 11차 코드: 95212
연계 KSIC 11차 분류명: 자동차 전문 수리업"
922203,S,"협회 및 단체, 수리 및 기타 개인 서비스업",92,개인 및 소비용품 수리업,922,자동차 및 모터사이클 수리업,9222,자동차 수리 및 세차업,자동차 세차업,95213,자동차 세차업,,,,,1,"업종코드: 922203
업종 대분류: 협회 및 단체, 수리 및 기타 개인 서비스업
업종 중분류: 개인 및 소비용품 수리업
업종 소분류: 자동차 및 모터사이클 수리업
업종 세분류: 자동차 수리 및 세차업
업종 세세분류 및 활동명: 자동차 세차업
연계 KSIC 11차 코드: 95213
연계 KSIC 11차 분류명: 자동차 세차업"
922204,S,"협회 및 단체, 수리 및 기타 개인 서비스업",92,개인 및 소비용품 수리업,922,자동차 및 모터사이클 수리업,9222,모터사이클 수리업,모터사이클 수리업,95220,모터사이클 수리업,,,,,1,"업종코드: 922204
업종 대분류: 협회 및 단체, 수리 및 기타 개인 서비스업
업종 중분류: 개인 및 소비용품 수리업
업종 소분류: 자동차 및 모터사이클 수리업
업종 세분류: 모터사이클 수리업
업종 세세분류 및 활동명: 모터사이클 수리업
연계 KSIC 11차 코드: 95220
연계 KSIC 11차 분류명: 모터사이클 수리업"
923100,R,"예술, 스포츠 및 여가관련 서비스업",92,"창작, 예술 및 여가관련 서비스업",923,"도서관, 사적지 및 유사 여가관련 서비스업",9231,"도서관, 기록 보존소 및 독서실 운영업",독서실 운영업,90212,독서실 운영업,,,,,1,"업종코드: 923100
업종 대분류: 예술, 스포츠 및 여가관련 서비스업
업종 중분류: 창작, 예술 및 여가관련 서비스업
업종 소분류: 도서관, 사적지 및 유사 여가관련 서비스업
업종 세분류: 도서관, 기록 보존소 및 독서실 운영업
업종 세세분류 및 활동명: 독서실 운영업
연계 KSIC 11차 코드: 90212
연계 KSIC 11차 분류명: 독서실 운영업"
923101,R,"예술, 스포츠 및 여가관련 서비스업",92,"창작, 예술 및 여가관련 서비스업",923,"도서관, 사적지 및 유사 여가관련 서비스업",9231,"도서관, 기록 보존소 및 독서실 운영업",도서관 및 기록 보존소 운영업,90211,도서관 및 기록 보존소 운영업,,,,,1,"업종코드: 923101
업종 대분류: 예술, 스포츠 및 여가관련 서비스업
업종 중분류: 창작, 예술 및 여가관련 서비스업
업종 소분류: 도서관, 사적지 및 유사 여가관련 서비스업
업종 세분류: 도서관, 기록 보존소 및 독서실 운영업
업종 세세분류 및 활동명: 도서관 및 기록 보존소 운영업
연계 KSIC 11차 코드: 90211
연계 KSIC 11차 분류명: 도서관 및 기록 보존소 운영업"
923102,R,"예술, 스포츠 및 여가관련 서비스업",92,"창작, 예술 및 여가관련 서비스업",923,"도서관, 사적지 및 유사 여가관련 서비스업",9231,"도서관, 기록 보존소 및 독서실 운영업",독서실 운영업,90212,독서실 운영업,,,,스터디카페,1,"업종코드: 923102
업종 대분류: 예술, 스포츠 및 여가관련 서비스업
업종 중분류: 창작, 예술 및 여가관련 서비스업
업종 소분류: 도서관, 사적지 및 유사 여가관련 서비스업
업종 세분류: 도서관, 기록 보존소 및 독서실 운영업
업종 세세분류 및 활동명: 독서실 운영업
연계 KSIC 11차 코드: 90212
연계 KSIC 11차 분류명: 독서실 운영업
세부설명: 스터디카페"
923200,R,"예술, 스포츠 및 여가관련 서비스업",92,"창작, 예술 및 여가관련 서비스업",923,"도서관, 사적지 및 유사 여가관련 서비스업",9232,박물관 및 사적지 관리 운영업,박물관 운영업,90221,박물관 운영업,,,,,1,"업종코드: 923200
업종 대분류: 예술, 스포츠 및 여가관련 서비스업
업종 중분류: 창작, 예술 및 여가관련 서비스업
업종 소분류: 도서관, 사적지 및 유사 여가관련 서비스업
업종 세분류: 박물관 및 사적지 관리 운영업
업종 세세분류 및 활동명: 박물관 운영업
연계 KSIC 11차 코드: 90221
연계 KSIC 11차 분류명: 박물관 운영업"
923201,R,"예술, 스포츠 및 여가관련 서비스업",92,"창작, 예술 및 여가관련 서비스업",923,"도서관, 사적지 및 유사 여가관련 서비스업",9232,박물관 및 사적지 관리 운영업,사적지 관리 운영업,90222,사적지 관리 운영업,,,,,1,"업종코드: 923201
업종 대분류: 예술, 스포츠 및 여가관련 서비스업
업종 중분류: 창작, 예술 및 여가관련 서비스업
업종 소분류: 도서관, 사적지 및 유사 여가관련 서비스업
업종 세분류: 박물관 및 사적지 관리 운영업
업종 세세분류 및 활동명: 사적지 관리 운영업
연계 KSIC 11차 코드: 90222
연계 KSIC 11차 분류명: 사적지 관리 운영업"
923300,R,"예술, 스포츠 및 여가관련 서비스업",92,"창작, 예술 및 여가관련 서비스업",923,"도서관, 사적지 및 유사 여가관련 서비스업",9233,"식물원, 동물원 및 자연공원 운영업",식물원 및 동물원 운영업,90231,식물원 및 동물원 운영업,,,,,1,"업종코드: 923300
업종 대분류: 예술, 스포츠 및 여가관련 서비스업
업종 중분류: 창작, 예술 및 여가관련 서비스업
업종 소분류: 도서관, 사적지 및 유사 여가관련 서비스업
업종 세분류: 식물원, 동물원 및 자연공원 운영업
업종 세세분류 및 활동명: 식물원 및 동물원 운영업
연계 KSIC 11차 코드: 90231
연계 KSIC 11차 분류명: 식물원 및 동물원 운영업"
923301,R,"예술, 스포츠 및 여가관련 서비스업",92,"창작, 예술 및 여가관련 서비스업",923,"도서관, 사적지 및 유사 여가관련 서비스업",9233,기타 유사 여가관련 서비스업,기타 유사 여가관련 서비스업,90290,기타 유사 여가관련 서비스업,,,,,1,"업종코드: 923301
업종 대분류: 예술, 스포츠 및 여가관련 서비스업
업종 중분류: 창작, 예술 및 여가관련 서비스업
업종 소분류: 도서관, 사적지 및 유사 여가관련 서비스업
업종 세분류: 기타 유사 여가관련 서비스업
업종 세세분류 및 활동명: 기타 유사 여가관련 서비스업
연계 KSIC 11차 코드: 90290
연계 KSIC 11차 분류명: 기타 유사 여가관련 서비스업"
924101,R,"예술, 스포츠 및 여가관련 서비스업",92,스포츠 및 오락관련 서비스업,924,스포츠 서비스업,9241,기타 스포츠 서비스업,그 외 기타 스포츠 서비스업,91199,그 외 기타 스포츠 서비스업,91199,그 외 기타 스포츠 서비스업,1,,1,"업종코드: 924101
업종 대분류: 예술, 스포츠 및 여가관련 서비스업
업종 중분류: 스포츠 및 오락관련 서비스업
업종 소분류: 스포츠 서비스업
업종 세분류: 기타 스포츠 서비스업
업종 세세분류 및 활동명: 그 외 기타 스포츠 서비스업
연계 KSIC 11차 코드: 91199
연계 KSIC 11차 분류명: 그 외 기타 스포츠 서비스업
주요 연계 KSIC 코드: 91199
주요 연계 KSIC 분류명: 그 외 기타 스포츠 서비스업"
924102,R,"예술, 스포츠 및 여가관련 서비스업",92,스포츠 및 오락관련 서비스업,924,스포츠 서비스업,9241,기타 스포츠 서비스업,그 외 기타 스포츠 서비스업,91199,그 외 기타 스포츠 서비스업,,,,개인마주,1,"업종코드: 924102
업종 대분류: 예술, 스포츠 및 여가관련 서비스업
업종 중분류: 스포츠 및 오락관련 서비스업
업종 소분류: 스포츠 서비스업
업종 세분류: 기타 스포츠 서비스업
업종 세세분류 및 활동명: 그 외 기타 스포츠 서비스업
연계 KSIC 11차 코드: 91199
연계 KSIC 11차 분류명: 그 외 기타 스포츠 서비스업
세부설명: 개인마주"
924103,R,"예술, 스포츠 및 여가관련 서비스업",92,스포츠 및 오락관련 서비스업,924,스포츠 서비스업,9241,기타 스포츠 서비스업,스포츠 클럽 운영업,91191,스포츠 클럽 운영업,,,,,1,"업종코드: 924103
업종 대분류: 예술, 스포츠 및 여가관련 서비스업
업종 중분류: 스포츠 및 오락관련 서비스업
업종 소분류: 스포츠 서비스업
업종 세분류: 기타 스포츠 서비스업
업종 세세분류 및 활동명: 스포츠 클럽 운영업
연계 KSIC 11차 코드: 91191
연계 KSIC 11차 분류명: 스포츠 클럽 운영업"
924200,R,"예술, 스포츠 및 여가관련 서비스업",92,스포츠 및 오락관련 서비스업,924,스포츠 서비스업,9242,경기장 운영업,실내 경기장 운영업,91111,실내 경기장 운영업,,,,,1,"업종코드: 924200
업종 대분류: 예술, 스포츠 및 여가관련 서비스업
업종 중분류: 스포츠 및 오락관련 서비스업
업종 소분류: 스포츠 서비스업
업종 세분류: 경기장 운영업
업종 세세분류 및 활동명: 실내 경기장 운영업
연계 KSIC 11차 코드: 91111
연계 KSIC 11차 분류명: 실내 경기장 운영업"
924201,R,"예술, 스포츠 및 여가관련 서비스업",92,스포츠 및 오락관련 서비스업,924,스포츠 서비스업,9242,경기장 운영업,실외 경기장 운영업,91112,실외 경기장 운영업,,,,,1,"업종코드: 924201
업종 대분류: 예술, 스포츠 및 여가관련 서비스업
업종 중분류: 스포츠 및 오락관련 서비스업
업종 소분류: 스포츠 서비스업
업종 세분류: 경기장 운영업
업종 세세분류 및 활동명: 실외 경기장 운영업
연계 KSIC 11차 코드: 91112
연계 KSIC 11차 분류명: 실외 경기장 운영업"
924202,R,"예술, 스포츠 및 여가관련 서비스업",92,스포츠 및 오락관련 서비스업,924,스포츠 서비스업,9242,경기장 운영업,경주장 및 동물 경기장 운영업,91113,경주장 및 동물 경기장 운영업,,,,,1,"업종코드: 924202
업종 대분류: 예술, 스포츠 및 여가관련 서비스업
업종 중분류: 스포츠 및 오락관련 서비스업
업종 소분류: 스포츠 서비스업
업종 세분류: 경기장 운영업
업종 세세분류 및 활동명: 경주장 및 동물 경기장 운영업
연계 KSIC 11차 코드: 91113
연계 KSIC 11차 분류명: 경주장 및 동물 경기장 운영업"
924302,R,"예술, 스포츠 및 여가관련 서비스업",92,스포츠 및 오락관련 서비스업,924,스포츠 서비스업,9243,기타 스포츠시설 운영업,볼링장 운영업,91134,볼링장 운영업,,,,,1,"업종코드: 924302
업종 대분류: 예술, 스포츠 및 여가관련 서비스업
업종 중분류: 스포츠 및 오락관련 서비스업
업종 소분류: 스포츠 서비스업
업종 세분류: 기타 스포츠시설 운영업
업종 세세분류 및 활동명: 볼링장 운영업
연계 KSIC 11차 코드: 91134
연계 KSIC 11차 분류명: 볼링장 운영업"
924303,R,"예술, 스포츠 및 여가관련 서비스업",92,스포츠 및 오락관련 서비스업,924,스포츠 서비스업,9243,골프장 및 스키장 운영업,골프장 운영업,91121,골프장 운영업,,,,,1,"업종코드: 924303
업종 대분류: 예술, 스포츠 및 여가관련 서비스업
업종 중분류: 스포츠 및 오락관련 서비스업
업종 소분류: 스포츠 서비스업
업종 세분류: 골프장 및 스키장 운영업
업종 세세분류 및 활동명: 골프장 운영업
연계 KSIC 11차 코드: 91121
연계 KSIC 11차 분류명: 골프장 운영업"
924304,R,"예술, 스포츠 및 여가관련 서비스업",92,스포츠 및 오락관련 서비스업,924,스포츠 서비스업,9243,골프장 및 스키장 운영업,스키장 운영업,91122,스키장 운영업,,,,,1,"업종코드: 924304
업종 대분류: 예술, 스포츠 및 여가관련 서비스업
업종 중분류: 스포츠 및 오락관련 서비스업
업종 소분류: 스포츠 서비스업
업종 세분류: 골프장 및 스키장 운영업
업종 세세분류 및 활동명: 스키장 운영업
연계 KSIC 11차 코드: 91122
연계 KSIC 11차 분류명: 스키장 운영업"
924305,R,"예술, 스포츠 및 여가관련 서비스업",92,스포츠 및 오락관련 서비스업,924,스포츠 서비스업,9243,기타 스포츠시설 운영업,체력 단련시설 운영업,91132,체력 단련시설 운영업,,,,,1,"업종코드: 924305
업종 대분류: 예술, 스포츠 및 여가관련 서비스업
업종 중분류: 스포츠 및 오락관련 서비스업
업종 소분류: 스포츠 서비스업
업종 세분류: 기타 스포츠시설 운영업
업종 세세분류 및 활동명: 체력 단련시설 운영업
연계 KSIC 11차 코드: 91132
연계 KSIC 11차 분류명: 체력 단련시설 운영업"
924306,R,"예술, 스포츠 및 여가관련 서비스업",92,스포츠 및 오락관련 서비스업,924,스포츠 서비스업,9243,기타 스포츠시설 운영업,그 외 기타 스포츠시설 운영업,91139,그 외 기타 스포츠시설 운영업,,,,스트레스해소방,1,"업종코드: 924306
업종 대분류: 예술, 스포츠 및 여가관련 서비스업
업종 중분류: 스포츠 및 오락관련 서비스업
업종 소분류: 스포츠 서비스업
업종 세분류: 기타 스포츠시설 운영업
업종 세세분류 및 활동명: 그 외 기타 스포츠시설 운영업
연계 KSIC 11차 코드: 91139
연계 KSIC 11차 분류명: 그 외 기타 스포츠시설 운영업
세부설명: 스트레스해소방"
924307,R,"예술, 스포츠 및 여가관련 서비스업",92,스포츠 및 오락관련 서비스업,924,스포츠 서비스업,9243,기타 스포츠시설 운영업,골프 연습장 운영업,91136,골프 연습장 운영업,91136,골프 연습장 운영업,2,야외 그물망설치 골프연습장,1,"업종코드: 924307
업종 대분류: 예술, 스포츠 및 여가관련 서비스업
업종 중분류: 스포츠 및 오락관련 서비스업
업종 소분류: 스포츠 서비스업
업종 세분류: 기타 스포츠시설 운영업
업종 세세분류 및 활동명: 골프 연습장 운영업
연계 KSIC 11차 코드: 91136
연계 KSIC 11차 분류명: 골프 연습장 운영업
주요 연계 KSIC 코드: 91136
주요 연계 KSIC 분류명: 골프 연습장 운영업
세부설명: 야외 그물망설치 골프연습장"
924308,R,"예술, 스포츠 및 여가관련 서비스업",92,스포츠 및 오락관련 서비스업,924,스포츠 서비스업,9243,기타 스포츠시설 운영업,골프 연습장 운영업,91136,골프 연습장 운영업,91136,골프 연습장 운영업,2,실내 스크린 골프연습장,1,"업종코드: 924308
업종 대분류: 예술, 스포츠 및 여가관련 서비스업
업종 중분류: 스포츠 및 오락관련 서비스업
업종 소분류: 스포츠 서비스업
업종 세분류: 기타 스포츠시설 운영업
업종 세세분류 및 활동명: 골프 연습장 운영업
연계 KSIC 11차 코드: 91136
연계 KSIC 11차 분류명: 골프 연습장 운영업
주요 연계 KSIC 코드: 91136
주요 연계 KSIC 분류명: 골프 연습장 운영업
세부설명: 실내 스크린 골프연습장"
924309,R,"예술, 스포츠 및 여가관련 서비스업",92,스포츠 및 오락관련 서비스업,924,스포츠 서비스업,9243,기타 스포츠시설 운영업,당구장 운영업,91135,당구장 운영업,,,,,1,"업종코드: 924309
업종 대분류: 예술, 스포츠 및 여가관련 서비스업
업종 중분류: 스포츠 및 오락관련 서비스업
업종 소분류: 스포츠 서비스업
업종 세분류: 기타 스포츠시설 운영업
업종 세세분류 및 활동명: 당구장 운영업
연계 KSIC 11차 코드: 91135
연계 KSIC 11차 분류명: 당구장 운영업"
924310,R,"예술, 스포츠 및 여가관련 서비스업",92,스포츠 및 오락관련 서비스업,924,스포츠 서비스업,9243,기타 스포츠시설 운영업,그 외 기타 스포츠시설 운영업,91139,그 외 기타 스포츠시설 운영업,,,,눈썰매장,1,"업종코드: 924310
업종 대분류: 예술, 스포츠 및 여가관련 서비스업
업종 중분류: 스포츠 및 오락관련 서비스업
업종 소분류: 스포츠 서비스업
업종 세분류: 기타 스포츠시설 운영업
업종 세세분류 및 활동명: 그 외 기타 스포츠시설 운영업
연계 KSIC 11차 코드: 91139
연계 KSIC 11차 분류명: 그 외 기타 스포츠시설 운영업
세부설명: 눈썰매장"
924311,R,"예술, 스포츠 및 여가관련 서비스업",92,스포츠 및 오락관련 서비스업,924,스포츠 서비스업,9243,기타 스포츠시설 운영업,수영장 운영업,91133,수영장 운영업,,,,,1,"업종코드: 924311
업종 대분류: 예술, 스포츠 및 여가관련 서비스업
업종 중분류: 스포츠 및 오락관련 서비스업
업종 소분류: 스포츠 서비스업
업종 세분류: 기타 스포츠시설 운영업
업종 세세분류 및 활동명: 수영장 운영업
연계 KSIC 11차 코드: 91133
연계 KSIC 11차 분류명: 수영장 운영업"
924312,R,"예술, 스포츠 및 여가관련 서비스업",92,스포츠 및 오락관련 서비스업,924,스포츠 서비스업,9243,기타 스포츠시설 운영업,그 외 기타 스포츠시설 운영업,91139,그 외 기타 스포츠시설 운영업,,,,라켓볼ㆍ스쿼시 경기장,1,"업종코드: 924312
업종 대분류: 예술, 스포츠 및 여가관련 서비스업
업종 중분류: 스포츠 및 오락관련 서비스업
업종 소분류: 스포츠 서비스업
업종 세분류: 기타 스포츠시설 운영업
업종 세세분류 및 활동명: 그 외 기타 스포츠시설 운영업
연계 KSIC 11차 코드: 91139
연계 KSIC 11차 분류명: 그 외 기타 스포츠시설 운영업
세부설명: 라켓볼ㆍ스쿼시 경기장"
924313,R,"예술, 스포츠 및 여가관련 서비스업",92,스포츠 및 오락관련 서비스업,924,스포츠 서비스업,9243,기타 스포츠시설 운영업,종합 스포츠시설 운영업,91131,종합 스포츠시설 운영업,,,,,1,"업종코드: 924313
업종 대분류: 예술, 스포츠 및 여가관련 서비스업
업종 중분류: 스포츠 및 오락관련 서비스업
업종 소분류: 스포츠 서비스업
업종 세분류: 기타 스포츠시설 운영업
업종 세세분류 및 활동명: 종합 스포츠시설 운영업
연계 KSIC 11차 코드: 91131
연계 KSIC 11차 분류명: 종합 스포츠시설 운영업"
924314,R,"예술, 스포츠 및 여가관련 서비스업",92,스포츠 및 오락관련 서비스업,924,스포츠 서비스업,9243,기타 스포츠시설 운영업,그 외 기타 스포츠시설 운영업,91139,그 외 기타 스포츠시설 운영업,91139,그 외 기타 스포츠시설 운영업,1,,1,"업종코드: 924314
업종 대분류: 예술, 스포츠 및 여가관련 서비스업
업종 중분류: 스포츠 및 오락관련 서비스업
업종 소분류: 스포츠 서비스업
업종 세분류: 기타 스포츠시설 운영업
업종 세세분류 및 활동명: 그 외 기타 스포츠시설 운영업
연계 KSIC 11차 코드: 91139
연계 KSIC 11차 분류명: 그 외 기타 스포츠시설 운영업
주요 연계 KSIC 코드: 91139
주요 연계 KSIC 분류명: 그 외 기타 스포츠시설 운영업"
924901,J,정보통신업,92,영상ㆍ오디오 기록물 제작 및 배급업,924,오디오물 출판 및 원판 녹음업,9249,오디오물 출판 및 원판 녹음업,녹음시설 운영업,59202,녹음시설 운영업,,,,,1,"업종코드: 924901
업종 대분류: 정보통신업
업종 중분류: 영상ㆍ오디오 기록물 제작 및 배급업
업종 소분류: 오디오물 출판 및 원판 녹음업
업종 세분류: 오디오물 출판 및 원판 녹음업
업종 세세분류 및 활동명: 녹음시설 운영업
연계 KSIC 11차 코드: 59202
연계 KSIC 11차 분류명: 녹음시설 운영업"
924902,R,"예술, 스포츠 및 여가관련 서비스업",92,스포츠 및 오락관련 서비스업,924,유원지 및 기타 오락관련 서비스업,9249,오락장 운영업,기타 오락장 운영업,91229,기타 오락장 운영업,91229,기타 오락장 운영업,1,,1,"업종코드: 924902
업종 대분류: 예술, 스포츠 및 여가관련 서비스업
업종 중분류: 스포츠 및 오락관련 서비스업
업종 소분류: 유원지 및 기타 오락관련 서비스업
업종 세분류: 오락장 운영업
업종 세세분류 및 활동명: 기타 오락장 운영업
연계 KSIC 11차 코드: 91229
연계 KSIC 11차 분류명: 기타 오락장 운영업
주요 연계 KSIC 코드: 91229
주요 연계 KSIC 분류명: 기타 오락장 운영업"
924903,R,"예술, 스포츠 및 여가관련 서비스업",92,스포츠 및 오락관련 서비스업,924,유원지 및 기타 오락관련 서비스업,9249,오락장 운영업,노래 연습장 운영업,91223,노래 연습장 운영업,,,,,1,"업종코드: 924903
업종 대분류: 예술, 스포츠 및 여가관련 서비스업
업종 중분류: 스포츠 및 오락관련 서비스업
업종 소분류: 유원지 및 기타 오락관련 서비스업
업종 세분류: 오락장 운영업
업종 세세분류 및 활동명: 노래 연습장 운영업
연계 KSIC 11차 코드: 91223
연계 KSIC 11차 분류명: 노래 연습장 운영업"
924904,R,"예술, 스포츠 및 여가관련 서비스업",92,스포츠 및 오락관련 서비스업,924,유원지 및 기타 오락관련 서비스업,9249,오락장 운영업,기타 오락장 운영업,91229,기타 오락장 운영업,,,,전화방,1,"업종코드: 924904
업종 대분류: 예술, 스포츠 및 여가관련 서비스업
업종 중분류: 스포츠 및 오락관련 서비스업
업종 소분류: 유원지 및 기타 오락관련 서비스업
업종 세분류: 오락장 운영업
업종 세세분류 및 활동명: 기타 오락장 운영업
연계 KSIC 11차 코드: 91229
연계 KSIC 11차 분류명: 기타 오락장 운영업
세부설명: 전화방"
924905,R,"예술, 스포츠 및 여가관련 서비스업",92,"창작, 예술 및 여가관련 서비스업",924,"도서관, 사적지 및 유사 여가관련 서비스업",9249,"식물원, 동물원 및 자연공원 운영업",자연공원 운영업,90232,자연공원 운영업,,,,,1,"업종코드: 924905
업종 대분류: 예술, 스포츠 및 여가관련 서비스업
업종 중분류: 창작, 예술 및 여가관련 서비스업
업종 소분류: 도서관, 사적지 및 유사 여가관련 서비스업
업종 세분류: 식물원, 동물원 및 자연공원 운영업
업종 세세분류 및 활동명: 자연공원 운영업
연계 KSIC 11차 코드: 90232
연계 KSIC 11차 분류명: 자연공원 운영업"
924906,R,"예술, 스포츠 및 여가관련 서비스업",92,스포츠 및 오락관련 서비스업,924,유원지 및 기타 오락관련 서비스업,9249,사행시설 관리 및 운영업,복권 발행 및 판매업,91241,복권 발행 및 판매업,91241,복권 발행 및 판매업,2,복권 발행,1,"업종코드: 924906
업종 대분류: 예술, 스포츠 및 여가관련 서비스업
업종 중분류: 스포츠 및 오락관련 서비스업
업종 소분류: 유원지 및 기타 오락관련 서비스업
업종 세분류: 사행시설 관리 및 운영업
업종 세세분류 및 활동명: 복권 발행 및 판매업
연계 KSIC 11차 코드: 91241
연계 KSIC 11차 분류명: 복권 발행 및 판매업
주요 연계 KSIC 코드: 91241
주요 연계 KSIC 분류명: 복권 발행 및 판매업
세부설명: 복권 발행"
924907,R,"예술, 스포츠 및 여가관련 서비스업",92,스포츠 및 오락관련 서비스업,924,유원지 및 기타 오락관련 서비스업,9249,오락장 운영업,전자 게임장 운영업,91221,전자 게임장 운영업,91221,전자 게임장 운영업,1,,1,"업종코드: 924907
업종 대분류: 예술, 스포츠 및 여가관련 서비스업
업종 중분류: 스포츠 및 오락관련 서비스업
업종 소분류: 유원지 및 기타 오락관련 서비스업
업종 세분류: 오락장 운영업
업종 세세분류 및 활동명: 전자 게임장 운영업
연계 KSIC 11차 코드: 91221
연계 KSIC 11차 분류명: 전자 게임장 운영업
주요 연계 KSIC 코드: 91221
주요 연계 KSIC 분류명: 전자 게임장 운영업"
924908,R,"예술, 스포츠 및 여가관련 서비스업",92,스포츠 및 오락관련 서비스업,924,유원지 및 기타 오락관련 서비스업,9249,오락장 운영업,전자 게임장 운영업,91221,전자 게임장 운영업,,,,청소년게임장,1,"업종코드: 924908
업종 대분류: 예술, 스포츠 및 여가관련 서비스업
업종 중분류: 스포츠 및 오락관련 서비스업
업종 소분류: 유원지 및 기타 오락관련 서비스업
업종 세분류: 오락장 운영업
업종 세세분류 및 활동명: 전자 게임장 운영업
연계 KSIC 11차 코드: 91221
연계 KSIC 11차 분류명: 전자 게임장 운영업
세부설명: 청소년게임장"
924909,R,"예술, 스포츠 및 여가관련 서비스업",92,스포츠 및 오락관련 서비스업,924,유원지 및 기타 오락관련 서비스업,9249,오락장 운영업,컴퓨터 게임방 운영업,91222,컴퓨터 게임방 운영업,,,,,1,"업종코드: 924909
업종 대분류: 예술, 스포츠 및 여가관련 서비스업
업종 중분류: 스포츠 및 오락관련 서비스업
업종 소분류: 유원지 및 기타 오락관련 서비스업
업종 세분류: 오락장 운영업
업종 세세분류 및 활동명: 컴퓨터 게임방 운영업
연계 KSIC 11차 코드: 91222
연계 KSIC 11차 분류명: 컴퓨터 게임방 운영업"
924910,J,정보통신업,92,영상ㆍ오디오 기록물 제작 및 배급업,924,"영화, 비디오물, 방송 프로그램 제작 및 배급업",9249,영화 및 비디오물 상영업,비디오물 감상실 운영업,59142,비디오물 감상실 운영업,,,,,1,"업종코드: 924910
업종 대분류: 정보통신업
업종 중분류: 영상ㆍ오디오 기록물 제작 및 배급업
업종 소분류: 영화, 비디오물, 방송 프로그램 제작 및 배급업
업종 세분류: 영화 및 비디오물 상영업
업종 세세분류 및 활동명: 비디오물 감상실 운영업
연계 KSIC 11차 코드: 59142
연계 KSIC 11차 분류명: 비디오물 감상실 운영업"
924911,R,"예술, 스포츠 및 여가관련 서비스업",92,스포츠 및 오락관련 서비스업,924,유원지 및 기타 오락관련 서비스업,9249,그 외 기타 오락관련 서비스업,그 외 기타 분류 안된 오락관련 서비스업,91299,그 외 기타 분류 안된 오락관련 서비스업,,,,,1,"업종코드: 924911
업종 대분류: 예술, 스포츠 및 여가관련 서비스업
업종 중분류: 스포츠 및 오락관련 서비스업
업종 소분류: 유원지 및 기타 오락관련 서비스업
업종 세분류: 그 외 기타 오락관련 서비스업
업종 세세분류 및 활동명: 그 외 기타 분류 안된 오락관련 서비스업
연계 KSIC 11차 코드: 91299
연계 KSIC 11차 분류명: 그 외 기타 분류 안된 오락관련 서비스업"
924912,R,"예술, 스포츠 및 여가관련 서비스업",92,스포츠 및 오락관련 서비스업,924,유원지 및 기타 오락관련 서비스업,9249,오락장 운영업,전자 게임장 운영업,91221,전자 게임장 운영업,,,,실내운전연습실,1,"업종코드: 924912
업종 대분류: 예술, 스포츠 및 여가관련 서비스업
업종 중분류: 스포츠 및 오락관련 서비스업
업종 소분류: 유원지 및 기타 오락관련 서비스업
업종 세분류: 오락장 운영업
업종 세세분류 및 활동명: 전자 게임장 운영업
연계 KSIC 11차 코드: 91221
연계 KSIC 11차 분류명: 전자 게임장 운영업
세부설명: 실내운전연습실"
924913,R,"예술, 스포츠 및 여가관련 서비스업",92,스포츠 및 오락관련 서비스업,924,유원지 및 기타 오락관련 서비스업,9249,오락장 운영업,기타 오락장 운영업,91229,기타 오락장 운영업,,,,보드게임방,1,"업종코드: 924913
업종 대분류: 예술, 스포츠 및 여가관련 서비스업
업종 중분류: 스포츠 및 오락관련 서비스업
업종 소분류: 유원지 및 기타 오락관련 서비스업
업종 세분류: 오락장 운영업
업종 세세분류 및 활동명: 기타 오락장 운영업
연계 KSIC 11차 코드: 91229
연계 KSIC 11차 분류명: 기타 오락장 운영업
세부설명: 보드게임방"
924914,R,"예술, 스포츠 및 여가관련 서비스업",92,스포츠 및 오락관련 서비스업,924,유원지 및 기타 오락관련 서비스업,9249,수상오락 서비스업,낚시장 운영업,91231,낚시장 운영업,,,,,1,"업종코드: 924914
업종 대분류: 예술, 스포츠 및 여가관련 서비스업
업종 중분류: 스포츠 및 오락관련 서비스업
업종 소분류: 유원지 및 기타 오락관련 서비스업
업종 세분류: 수상오락 서비스업
업종 세세분류 및 활동명: 낚시장 운영업
연계 KSIC 11차 코드: 91231
연계 KSIC 11차 분류명: 낚시장 운영업"
924915,R,"예술, 스포츠 및 여가관련 서비스업",92,스포츠 및 오락관련 서비스업,924,유원지 및 기타 오락관련 서비스업,9249,수상오락 서비스업,기타 수상오락 서비스업,91239,기타 수상오락 서비스업,,,,,1,"업종코드: 924915
업종 대분류: 예술, 스포츠 및 여가관련 서비스업
업종 중분류: 스포츠 및 오락관련 서비스업
업종 소분류: 유원지 및 기타 오락관련 서비스업
업종 세분류: 수상오락 서비스업
업종 세세분류 및 활동명: 기타 수상오락 서비스업
연계 KSIC 11차 코드: 91239
연계 KSIC 11차 분류명: 기타 수상오락 서비스업"
924916,R,"예술, 스포츠 및 여가관련 서비스업",92,스포츠 및 오락관련 서비스업,924,유원지 및 기타 오락관련 서비스업,9249,그 외 기타 오락관련 서비스업,체육 공원 및 유사 공원 운영업,91292,체육 공원 및 유사 공원 운영업,,,,,1,"업종코드: 924916
업종 대분류: 예술, 스포츠 및 여가관련 서비스업
업종 중분류: 스포츠 및 오락관련 서비스업
업종 소분류: 유원지 및 기타 오락관련 서비스업
업종 세분류: 그 외 기타 오락관련 서비스업
업종 세세분류 및 활동명: 체육 공원 및 유사 공원 운영업
연계 KSIC 11차 코드: 91292
연계 KSIC 11차 분류명: 체육 공원 및 유사 공원 운영업"
924917,R,"예술, 스포츠 및 여가관련 서비스업",92,스포츠 및 오락관련 서비스업,924,유원지 및 기타 오락관련 서비스업,9249,사행시설 관리 및 운영업,카지노 운영업 | 기타 사행시설 관리 및 운영업,91242 | 91249,카지노 운영업 | 기타 사행시설 관리 및 운영업,,,,,2,"업종코드: 924917
업종 대분류: 예술, 스포츠 및 여가관련 서비스업
업종 중분류: 스포츠 및 오락관련 서비스업
업종 소분류: 유원지 및 기타 오락관련 서비스업
업종 세분류: 사행시설 관리 및 운영업
업종 세세분류 및 활동명: 카지노 운영업 | 기타 사행시설 관리 및 운영업
연계 KSIC 11차 코드: 91242 | 91249
연계 KSIC 11차 분류명: 카지노 운영업 | 기타 사행시설 관리 및 운영업"
930100,S,"협회 및 단체, 수리 및 기타 개인 서비스업",93,기타 개인 서비스업,930,그 외 기타 개인 서비스업,9301,세탁업,가정용 세탁업,96912,가정용 세탁업,,,,,1,"업종코드: 930100
업종 대분류: 협회 및 단체, 수리 및 기타 개인 서비스업
업종 중분류: 기타 개인 서비스업
업종 소분류: 그 외 기타 개인 서비스업
업종 세분류: 세탁업
업종 세세분류 및 활동명: 가정용 세탁업
연계 KSIC 11차 코드: 96912
연계 KSIC 11차 분류명: 가정용 세탁업"
930101,S,"협회 및 단체, 수리 및 기타 개인 서비스업",93,기타 개인 서비스업,930,그 외 기타 개인 서비스업,9301,세탁업,산업용 세탁업,96911,산업용 세탁업,,,,,1,"업종코드: 930101
업종 대분류: 협회 및 단체, 수리 및 기타 개인 서비스업
업종 중분류: 기타 개인 서비스업
업종 소분류: 그 외 기타 개인 서비스업
업종 세분류: 세탁업
업종 세세분류 및 활동명: 산업용 세탁업
연계 KSIC 11차 코드: 96911
연계 KSIC 11차 분류명: 산업용 세탁업"
930102,S,"협회 및 단체, 수리 및 기타 개인 서비스업",93,기타 개인 서비스업,930,그 외 기타 개인 서비스업,9301,세탁업,세탁물 공급업,96913,세탁물 공급업,,,,,1,"업종코드: 930102
업종 대분류: 협회 및 단체, 수리 및 기타 개인 서비스업
업종 중분류: 기타 개인 서비스업
업종 소분류: 그 외 기타 개인 서비스업
업종 세분류: 세탁업
업종 세세분류 및 활동명: 세탁물 공급업
연계 KSIC 11차 코드: 96913
연계 KSIC 11차 분류명: 세탁물 공급업"
930201,S,"협회 및 단체, 수리 및 기타 개인 서비스업",93,기타 개인 서비스업,930,"미용, 욕탕 및 유사 서비스업",9302,이용 및 미용업,이용업,96111,이용업,,,,,1,"업종코드: 930201
업종 대분류: 협회 및 단체, 수리 및 기타 개인 서비스업
업종 중분류: 기타 개인 서비스업
업종 소분류: 미용, 욕탕 및 유사 서비스업
업종 세분류: 이용 및 미용업
업종 세세분류 및 활동명: 이용업
연계 KSIC 11차 코드: 96111
연계 KSIC 11차 분류명: 이용업"
930203,S,"협회 및 단체, 수리 및 기타 개인 서비스업",93,기타 개인 서비스업,930,"미용, 욕탕 및 유사 서비스업",9302,이용 및 미용업,두발 미용업,96112,두발 미용업,,,,,1,"업종코드: 930203
업종 대분류: 협회 및 단체, 수리 및 기타 개인 서비스업
업종 중분류: 기타 개인 서비스업
업종 소분류: 미용, 욕탕 및 유사 서비스업
업종 세분류: 이용 및 미용업
업종 세세분류 및 활동명: 두발 미용업
연계 KSIC 11차 코드: 96112
연계 KSIC 11차 분류명: 두발 미용업"
930205,S,"협회 및 단체, 수리 및 기타 개인 서비스업",93,기타 개인 서비스업,930,"미용, 욕탕 및 유사 서비스업",9302,이용 및 미용업,피부 미용업,96113,피부 미용업,,,,,1,"업종코드: 930205
업종 대분류: 협회 및 단체, 수리 및 기타 개인 서비스업
업종 중분류: 기타 개인 서비스업
업종 소분류: 미용, 욕탕 및 유사 서비스업
업종 세분류: 이용 및 미용업
업종 세세분류 및 활동명: 피부 미용업
연계 KSIC 11차 코드: 96113
연계 KSIC 11차 분류명: 피부 미용업"
930207,S,"협회 및 단체, 수리 및 기타 개인 서비스업",93,기타 개인 서비스업,930,"미용, 욕탕 및 유사 서비스업",9302,이용 및 미용업,기타 미용업,96119,기타 미용업,,,,,1,"업종코드: 930207
업종 대분류: 협회 및 단체, 수리 및 기타 개인 서비스업
업종 중분류: 기타 개인 서비스업
업종 소분류: 미용, 욕탕 및 유사 서비스업
업종 세분류: 이용 및 미용업
업종 세세분류 및 활동명: 기타 미용업
연계 KSIC 11차 코드: 96119
연계 KSIC 11차 분류명: 기타 미용업"
930208,S,"협회 및 단체, 수리 및 기타 개인 서비스업",93,기타 개인 서비스업,930,"미용, 욕탕 및 유사 서비스업",9302,"욕탕, 마사지 및 기타 신체 관리 서비스업",마사지업,96122,마사지업,,,,,1,"업종코드: 930208
업종 대분류: 협회 및 단체, 수리 및 기타 개인 서비스업
업종 중분류: 기타 개인 서비스업
업종 소분류: 미용, 욕탕 및 유사 서비스업
업종 세분류: 욕탕, 마사지 및 기타 신체 관리 서비스업
업종 세세분류 및 활동명: 마사지업
연계 KSIC 11차 코드: 96122
연계 KSIC 11차 분류명: 마사지업"
930209,S,"협회 및 단체, 수리 및 기타 개인 서비스업",93,기타 개인 서비스업,930,"미용, 욕탕 및 유사 서비스업",9302,"욕탕, 마사지 및 기타 신체 관리 서비스업",체형 등 기타 신체 관리 서비스업,96129,체형 등 기타 신체 관리 서비스업,,,,,1,"업종코드: 930209
업종 대분류: 협회 및 단체, 수리 및 기타 개인 서비스업
업종 중분류: 기타 개인 서비스업
업종 소분류: 미용, 욕탕 및 유사 서비스업
업종 세분류: 욕탕, 마사지 및 기타 신체 관리 서비스업
업종 세세분류 및 활동명: 체형 등 기타 신체 관리 서비스업
연계 KSIC 11차 코드: 96129
연계 KSIC 11차 분류명: 체형 등 기타 신체 관리 서비스업"
930301,S,"협회 및 단체, 수리 및 기타 개인 서비스업",93,기타 개인 서비스업,930,그 외 기타 개인 서비스업,9303,장례식장 및 관련 서비스업,장례식장 및 장의관련 서비스업,96921,장례식장 및 장의관련 서비스업,,,,,1,"업종코드: 930301
업종 대분류: 협회 및 단체, 수리 및 기타 개인 서비스업
업종 중분류: 기타 개인 서비스업
업종 소분류: 그 외 기타 개인 서비스업
업종 세분류: 장례식장 및 관련 서비스업
업종 세세분류 및 활동명: 장례식장 및 장의관련 서비스업
연계 KSIC 11차 코드: 96921
연계 KSIC 11차 분류명: 장례식장 및 장의관련 서비스업"
930302,S,"협회 및 단체, 수리 및 기타 개인 서비스업",93,기타 개인 서비스업,930,그 외 기타 개인 서비스업,9303,장례식장 및 관련 서비스업,"화장터 운영, 묘지 분양 및 관리업",96922,"화장터 운영, 묘지 분양 및 관리업",96922,"화장터 운영, 묘지 분양 및 관리업",1,,1,"업종코드: 930302
업종 대분류: 협회 및 단체, 수리 및 기타 개인 서비스업
업종 중분류: 기타 개인 서비스업
업종 소분류: 그 외 기타 개인 서비스업
업종 세분류: 장례식장 및 관련 서비스업
업종 세세분류 및 활동명: 화장터 운영, 묘지 분양 및 관리업
연계 KSIC 11차 코드: 96922
연계 KSIC 11차 분류명: 화장터 운영, 묘지 분양 및 관리업
주요 연계 KSIC 코드: 96922
주요 연계 KSIC 분류명: 화장터 운영, 묘지 분양 및 관리업"
930901,S,"협회 및 단체, 수리 및 기타 개인 서비스업",93,기타 개인 서비스업,930,그 외 기타 개인 서비스업,9309,그 외 기타 분류 안된 개인 서비스업,예식장업,96991,예식장업,,,,,1,"업종코드: 930901
업종 대분류: 협회 및 단체, 수리 및 기타 개인 서비스업
업종 중분류: 기타 개인 서비스업
업종 소분류: 그 외 기타 개인 서비스업
업종 세분류: 그 외 기타 분류 안된 개인 서비스업
업종 세세분류 및 활동명: 예식장업
연계 KSIC 11차 코드: 96991
연계 KSIC 11차 분류명: 예식장업"
930902,S,"협회 및 단체, 수리 및 기타 개인 서비스업",93,기타 개인 서비스업,930,"미용, 욕탕 및 유사 서비스업",9309,"욕탕, 마사지 및 기타 신체 관리 서비스업",욕탕업,96121,욕탕업,,,,,1,"업종코드: 930902
업종 대분류: 협회 및 단체, 수리 및 기타 개인 서비스업
업종 중분류: 기타 개인 서비스업
업종 소분류: 미용, 욕탕 및 유사 서비스업
업종 세분류: 욕탕, 마사지 및 기타 신체 관리 서비스업
업종 세세분류 및 활동명: 욕탕업
연계 KSIC 11차 코드: 96121
연계 KSIC 11차 분류명: 욕탕업"
930903,N,"사업시설 관리, 사업 지원 및 임대 서비스업",93,임대업; 부동산 제외,930,개인 및 가정용품 임대업,9309,기타 개인 및 가정용품 임대업,의류 임대업,76292,의류 임대업,,,,드레스대여 전문점,1,"업종코드: 930903
업종 대분류: 사업시설 관리, 사업 지원 및 임대 서비스업
업종 중분류: 임대업; 부동산 제외
업종 소분류: 개인 및 가정용품 임대업
업종 세분류: 기타 개인 및 가정용품 임대업
업종 세세분류 및 활동명: 의류 임대업
연계 KSIC 11차 코드: 76292
연계 KSIC 11차 분류명: 의류 임대업
세부설명: 드레스대여 전문점"
930904,M,"전문, 과학 및 기술 서비스업",93,"기타 전문, 과학 및 기술 서비스업",930,사진 촬영 및 처리업,9309,사진 촬영 및 처리업,인물 사진 및 행사용 영상 촬영업,73301,인물 사진 및 행사용 영상 촬영업,,,,예식사진촬영업,1,"업종코드: 930904
업종 대분류: 전문, 과학 및 기술 서비스업
업종 중분류: 기타 전문, 과학 및 기술 서비스업
업종 소분류: 사진 촬영 및 처리업
업종 세분류: 사진 촬영 및 처리업
업종 세세분류 및 활동명: 인물 사진 및 행사용 영상 촬영업
연계 KSIC 11차 코드: 73301
연계 KSIC 11차 분류명: 인물 사진 및 행사용 영상 촬영업
세부설명: 예식사진촬영업"
930908,S,"협회 및 단체, 수리 및 기타 개인 서비스업",93,기타 개인 서비스업,930,그 외 기타 개인 서비스업,9309,그 외 기타 분류 안된 개인 서비스업,그 외 기타 달리 분류되지 않은 개인 서비스업,96999,그 외 기타 달리 분류되지 않은 개인 서비스업,,,,간단한 수화물의 일시적 보관,1,"업종코드: 930908
업종 대분류: 협회 및 단체, 수리 및 기타 개인 서비스업
업종 중분류: 기타 개인 서비스업
업종 소분류: 그 외 기타 개인 서비스업
업종 세분류: 그 외 기타 분류 안된 개인 서비스업
업종 세세분류 및 활동명: 그 외 기타 달리 분류되지 않은 개인 서비스업
연계 KSIC 11차 코드: 96999
연계 KSIC 11차 분류명: 그 외 기타 달리 분류되지 않은 개인 서비스업
세부설명: 간단한 수화물의 일시적 보관"
930909,S,"협회 및 단체, 수리 및 기타 개인 서비스업",93,기타 개인 서비스업,930,그 외 기타 개인 서비스업,9309,그 외 기타 분류 안된 개인 서비스업,점술 및 유사 서비스업,96992,점술 및 유사 서비스업,,,,,1,"업종코드: 930909
업종 대분류: 협회 및 단체, 수리 및 기타 개인 서비스업
업종 중분류: 기타 개인 서비스업
업종 소분류: 그 외 기타 개인 서비스업
업종 세분류: 그 외 기타 분류 안된 개인 서비스업
업종 세세분류 및 활동명: 점술 및 유사 서비스업
연계 KSIC 11차 코드: 96992
연계 KSIC 11차 분류명: 점술 및 유사 서비스업"
930911,S,"협회 및 단체, 수리 및 기타 개인 서비스업",93,기타 개인 서비스업,930,그 외 기타 개인 서비스업,9309,그 외 기타 분류 안된 개인 서비스업,그 외 기타 달리 분류되지 않은 개인 서비스업,96999,그 외 기타 달리 분류되지 않은 개인 서비스업,,,,목공,1,"업종코드: 930911
업종 대분류: 협회 및 단체, 수리 및 기타 개인 서비스업
업종 중분류: 기타 개인 서비스업
업종 소분류: 그 외 기타 개인 서비스업
업종 세분류: 그 외 기타 분류 안된 개인 서비스업
업종 세세분류 및 활동명: 그 외 기타 달리 분류되지 않은 개인 서비스업
연계 KSIC 11차 코드: 96999
연계 KSIC 11차 분류명: 그 외 기타 달리 분류되지 않은 개인 서비스업
세부설명: 목공"
930912,S,"협회 및 단체, 수리 및 기타 개인 서비스업",93,기타 개인 서비스업,930,그 외 기타 개인 서비스업,9309,그 외 기타 분류 안된 개인 서비스업,결혼 상담 및 준비 서비스업,96994,결혼 상담 및 준비 서비스업,,,,,1,"업종코드: 930912
업종 대분류: 협회 및 단체, 수리 및 기타 개인 서비스업
업종 중분류: 기타 개인 서비스업
업종 소분류: 그 외 기타 개인 서비스업
업종 세분류: 그 외 기타 분류 안된 개인 서비스업
업종 세세분류 및 활동명: 결혼 상담 및 준비 서비스업
연계 KSIC 11차 코드: 96994
연계 KSIC 11차 분류명: 결혼 상담 및 준비 서비스업"
930913,S,"협회 및 단체, 수리 및 기타 개인 서비스업",93,기타 개인 서비스업,930,그 외 기타 개인 서비스업,9309,그 외 기타 분류 안된 개인 서비스업,개인 간병 및 유사 서비스업,96993,개인 간병 및 유사 서비스업,,,,,1,"업종코드: 930913
업종 대분류: 협회 및 단체, 수리 및 기타 개인 서비스업
업종 중분류: 기타 개인 서비스업
업종 소분류: 그 외 기타 개인 서비스업
업종 세분류: 그 외 기타 분류 안된 개인 서비스업
업종 세세분류 및 활동명: 개인 간병 및 유사 서비스업
연계 KSIC 11차 코드: 96993
연계 KSIC 11차 분류명: 개인 간병 및 유사 서비스업"
930914,Q,보건업 및 사회복지 서비스업,93,사회복지 서비스업,930,거주 복지시설 운영업,9309,노인 거주 복지시설 운영업,노인 양로 복지시설 운영업,87112,노인 양로 복지시설 운영업,,,,,1,"업종코드: 930914
업종 대분류: 보건업 및 사회복지 서비스업
업종 중분류: 사회복지 서비스업
업종 소분류: 거주 복지시설 운영업
업종 세분류: 노인 거주 복지시설 운영업
업종 세세분류 및 활동명: 노인 양로 복지시설 운영업
연계 KSIC 11차 코드: 87112
연계 KSIC 11차 분류명: 노인 양로 복지시설 운영업"
930915,P,교육서비스업,93,교육 서비스업,930,교육 지원 서비스업,9309,교육 지원 서비스업,기타 교육지원 서비스업,85709,기타 교육지원 서비스업,,,,,1,"업종코드: 930915
업종 대분류: 교육서비스업
업종 중분류: 교육 서비스업
업종 소분류: 교육 지원 서비스업
업종 세분류: 교육 지원 서비스업
업종 세세분류 및 활동명: 기타 교육지원 서비스업
연계 KSIC 11차 코드: 85709
연계 KSIC 11차 분류명: 기타 교육지원 서비스업"
930916,N,"사업시설 관리, 사업 지원 및 임대 서비스업",93,사업 지원 서비스업,930,"경비, 경호 및 탐정업",9309,탐정 및 조사 서비스업,탐정 및 조사 서비스업,75330,탐정 및 조사 서비스업,,,,,1,"업종코드: 930916
업종 대분류: 사업시설 관리, 사업 지원 및 임대 서비스업
업종 중분류: 사업 지원 서비스업
업종 소분류: 경비, 경호 및 탐정업
업종 세분류: 탐정 및 조사 서비스업
업종 세세분류 및 활동명: 탐정 및 조사 서비스업
연계 KSIC 11차 코드: 75330
연계 KSIC 11차 분류명: 탐정 및 조사 서비스업"
930917,N,"사업시설 관리, 사업 지원 및 임대 서비스업",93,사업지원서비스업,930,기타 사업지원 서비스업,9309,그 외 기타 사업 지원 서비스업,콜센터 및 텔레마케팅 서비스업,75991,콜센터 및 텔레마케팅 서비스업,,,,대리운전연결업체,1,"업종코드: 930917
업종 대분류: 사업시설 관리, 사업 지원 및 임대 서비스업
업종 중분류: 사업지원서비스업
업종 소분류: 기타 사업지원 서비스업
업종 세분류: 그 외 기타 사업 지원 서비스업
업종 세세분류 및 활동명: 콜센터 및 텔레마케팅 서비스업
연계 KSIC 11차 코드: 75991
연계 KSIC 11차 분류명: 콜센터 및 텔레마케팅 서비스업
세부설명: 대리운전연결업체"
930919,S,"협회 및 단체, 수리 및 기타 개인 서비스업",93,기타 개인 서비스업,930,그 외 기타 개인 서비스업,9309,그 외 기타 분류 안된 개인 서비스업,반려동물장묘 및 보호 서비스업,96995,반려동물장묘 및 보호 서비스업,,,,,1,"업종코드: 930919
업종 대분류: 협회 및 단체, 수리 및 기타 개인 서비스업
업종 중분류: 기타 개인 서비스업
업종 소분류: 그 외 기타 개인 서비스업
업종 세분류: 그 외 기타 분류 안된 개인 서비스업
업종 세세분류 및 활동명: 반려동물장묘 및 보호 서비스업
연계 KSIC 11차 코드: 96995
연계 KSIC 11차 분류명: 반려동물장묘 및 보호 서비스업"
930921,P,교육서비스업,93,교육 서비스업,930,교육 지원 서비스업,9309,교육 지원 서비스업,교육관련 자문 및 평가업,85701,교육관련 자문 및 평가업,,,,,1,"업종코드: 930921
업종 대분류: 교육서비스업
업종 중분류: 교육 서비스업
업종 소분류: 교육 지원 서비스업
업종 세분류: 교육 지원 서비스업
업종 세세분류 및 활동명: 교육관련 자문 및 평가업
연계 KSIC 11차 코드: 85701
연계 KSIC 11차 분류명: 교육관련 자문 및 평가업"
930925,S,"협회 및 단체, 수리 및 기타 개인 서비스업",93,기타 개인 서비스업,930,그 외 기타 개인 서비스업,9309,그 외 기타 분류 안된 개인 서비스업,그 외 기타 달리 분류되지 않은 개인 서비스업,96999,그 외 기타 달리 분류되지 않은 개인 서비스업,96999,그 외 기타 달리 분류되지 않은 개인 서비스업,1,,1,"업종코드: 930925
업종 대분류: 협회 및 단체, 수리 및 기타 개인 서비스업
업종 중분류: 기타 개인 서비스업
업종 소분류: 그 외 기타 개인 서비스업
업종 세분류: 그 외 기타 분류 안된 개인 서비스업
업종 세세분류 및 활동명: 그 외 기타 달리 분류되지 않은 개인 서비스업
연계 KSIC 11차 코드: 96999
연계 KSIC 11차 분류명: 그 외 기타 달리 분류되지 않은 개인 서비스업
주요 연계 KSIC 코드: 96999
주요 연계 KSIC 분류명: 그 외 기타 달리 분류되지 않은 개인 서비스업"
940100,S,"협회 및 단체, 수리 및 기타 개인서비스",94,인적용역,940,인적용역,9401,저술가,작가,73902+ | 90132+,번역 및 통역 서비스업 | 비공연 예술가,,,,인적용역(작가),2,"업종코드: 940100
업종 대분류: 협회 및 단체, 수리 및 기타 개인서비스
업종 중분류: 인적용역
업종 소분류: 인적용역
업종 세분류: 저술가
업종 세세분류 및 활동명: 작가
연계 KSIC 11차 코드: 73902+ | 90132+
연계 KSIC 11차 분류명: 번역 및 통역 서비스업 | 비공연 예술가
세부설명: 인적용역(작가)"
940200,S,"협회 및 단체, 수리 및 기타 개인서비스",94,인적용역,940,인적용역,9402,화가및관련예술가,화가 및 관련예술가,90132+,비공연 예술가,,,,인적용역(화가 및 관련예술가),1,"업종코드: 940200
업종 대분류: 협회 및 단체, 수리 및 기타 개인서비스
업종 중분류: 인적용역
업종 소분류: 인적용역
업종 세분류: 화가및관련예술가
업종 세세분류 및 활동명: 화가 및 관련예술가
연계 KSIC 11차 코드: 90132+
연계 KSIC 11차 분류명: 비공연 예술가
세부설명: 인적용역(화가 및 관련예술가)"
940301,S,"협회 및 단체, 수리 및 기타 개인서비스",94,인적용역,940,인적용역,9403,음악가및연예인,작곡가,90132+,비공연 예술가,,,,인적용역(작곡가),1,"업종코드: 940301
업종 대분류: 협회 및 단체, 수리 및 기타 개인서비스
업종 중분류: 인적용역
업종 소분류: 인적용역
업종 세분류: 음악가및연예인
업종 세세분류 및 활동명: 작곡가
연계 KSIC 11차 코드: 90132+
연계 KSIC 11차 분류명: 비공연 예술가
세부설명: 인적용역(작곡가)"
940302,S,"협회 및 단체, 수리 및 기타 개인서비스",94,인적용역,940,인적용역,9403,음악가및연예인,"배우,탤런트등",90131+,공연 예술가,,,,"인적용역(배우, 탤런트 등)",1,"업종코드: 940302
업종 대분류: 협회 및 단체, 수리 및 기타 개인서비스
업종 중분류: 인적용역
업종 소분류: 인적용역
업종 세분류: 음악가및연예인
업종 세세분류 및 활동명: 배우,탤런트등
연계 KSIC 11차 코드: 90131+
연계 KSIC 11차 분류명: 공연 예술가
세부설명: 인적용역(배우, 탤런트 등)"
940303,S,"협회 및 단체, 수리 및 기타 개인서비스",94,인적용역,940,인적용역,9403,음악가및연예인,모델,90131+,공연 예술가,,,,인적용역(모델),1,"업종코드: 940303
업종 대분류: 협회 및 단체, 수리 및 기타 개인서비스
업종 중분류: 인적용역
업종 소분류: 인적용역
업종 세분류: 음악가및연예인
업종 세세분류 및 활동명: 모델
연계 KSIC 11차 코드: 90131+
연계 KSIC 11차 분류명: 공연 예술가
세부설명: 인적용역(모델)"
940304,S,"협회 및 단체, 수리 및 기타 개인서비스",94,인적용역,940,인적용역,9403,음악가및연예인,가수,90131+,공연 예술가,,,,인적용역(가수),1,"업종코드: 940304
업종 대분류: 협회 및 단체, 수리 및 기타 개인서비스
업종 중분류: 인적용역
업종 소분류: 인적용역
업종 세분류: 음악가및연예인
업종 세세분류 및 활동명: 가수
연계 KSIC 11차 코드: 90131+
연계 KSIC 11차 분류명: 공연 예술가
세부설명: 인적용역(가수)"
940305,S,"협회 및 단체, 수리 및 기타 개인서비스",94,인적용역,940,인적용역,9403,음악가및연예인,성악가 등,90131+ | 90132+,공연 예술가 | 비공연 예술가,,,,"인적용역(성악가 등) | 인적용역(영화감독, 연출가)",2,"업종코드: 940305
업종 대분류: 협회 및 단체, 수리 및 기타 개인서비스
업종 중분류: 인적용역
업종 소분류: 인적용역
업종 세분류: 음악가및연예인
업종 세세분류 및 활동명: 성악가 등
연계 KSIC 11차 코드: 90131+ | 90132+
연계 KSIC 11차 분류명: 공연 예술가 | 비공연 예술가
세부설명: 인적용역(성악가 등) | 인적용역(영화감독, 연출가)"
940306,S,"협회 및 단체, 수리 및 기타 개인서비스",94,인적용역,940,인적용역,9409,기타자영업,1인미디어콘텐츠창작자,59111+ | 59112+,일반 영화 및 비디오물 제작업 | 애니메이션 영화 및 비디오물 제작업,,,,인적용역(1인미디어콘텐츠창작자),2,"업종코드: 940306
업종 대분류: 협회 및 단체, 수리 및 기타 개인서비스
업종 중분류: 인적용역
업종 소분류: 인적용역
업종 세분류: 기타자영업
업종 세세분류 및 활동명: 1인미디어콘텐츠창작자
연계 KSIC 11차 코드: 59111+ | 59112+
연계 KSIC 11차 분류명: 일반 영화 및 비디오물 제작업 | 애니메이션 영화 및 비디오물 제작업
세부설명: 인적용역(1인미디어콘텐츠창작자)"
940500,S,"협회 및 단체, 수리 및 기타 개인서비스",94,인적용역,940,인적용역,9405,연예보조서비스,연예보조서비스,90131+ | 90199+,공연 예술가 | 그 외 기타 창작 및 예술관련 서비스업,,,,인적용역(연예보조출연자) | 인적용역(기타 연예보조서비스),2,"업종코드: 940500
업종 대분류: 협회 및 단체, 수리 및 기타 개인서비스
업종 중분류: 인적용역
업종 소분류: 인적용역
업종 세분류: 연예보조서비스
업종 세세분류 및 활동명: 연예보조서비스
연계 KSIC 11차 코드: 90131+ | 90199+
연계 KSIC 11차 분류명: 공연 예술가 | 그 외 기타 창작 및 예술관련 서비스업
세부설명: 인적용역(연예보조출연자) | 인적용역(기타 연예보조서비스)"
940600,S,"협회 및 단체, 수리 및 기타 개인서비스",94,인적용역,940,인적용역,9406,기타자영업,"자문,감독,지도료,고문료,교정료",59202+ | 71531+ | 75911+,녹음시설 운영업 | 경영 컨설팅업 | 문서 작성 및 복사업,,,,"인적용역(음반취입대가) | 인적용역(일시적 경영컨설팅) | 인적용역(교정, 고증, 필경, 타자)",3,"업종코드: 940600
업종 대분류: 협회 및 단체, 수리 및 기타 개인서비스
업종 중분류: 인적용역
업종 소분류: 인적용역
업종 세분류: 기타자영업
업종 세세분류 및 활동명: 자문,감독,지도료,고문료,교정료
연계 KSIC 11차 코드: 59202+ | 71531+ | 75911+
연계 KSIC 11차 분류명: 녹음시설 운영업 | 경영 컨설팅업 | 문서 작성 및 복사업
세부설명: 인적용역(음반취입대가) | 인적용역(일시적 경영컨설팅) | 인적용역(교정, 고증, 필경, 타자)"
940901,S,"협회 및 단체, 수리 및 기타 개인서비스",94,인적용역,940,인적용역,9409,기타자영업,바둑기사,91199+,그 외 기타 스포츠 서비스업,,,,인적용역(바둑기사),1,"업종코드: 940901
업종 대분류: 협회 및 단체, 수리 및 기타 개인서비스
업종 중분류: 인적용역
업종 소분류: 인적용역
업종 세분류: 기타자영업
업종 세세분류 및 활동명: 바둑기사
연계 KSIC 11차 코드: 91199+
연계 KSIC 11차 분류명: 그 외 기타 스포츠 서비스업
세부설명: 인적용역(바둑기사)"
940902,S,"협회 및 단체, 수리 및 기타 개인서비스",94,인적용역,940,인적용역,9409,기타자영업,꽃꽂이교사,85501+ | 85613+ | 85621+ | 85629+ | 85669+,일반 교과학원 | 레크리에이션 교육기관 | 음악학원 | 기타 예술학원 | 기타 기술 및 직업 훈련학원,,,,"인적용역(무용, 음악입시전문교사) | 인적용역(사교댄스교사) | 인적용역(음악교사) | 인적용역(무용교사) | 인적용역(꽃꽂이교사, 요리교사)",5,"업종코드: 940902
업종 대분류: 협회 및 단체, 수리 및 기타 개인서비스
업종 중분류: 인적용역
업종 소분류: 인적용역
업종 세분류: 기타자영업
업종 세세분류 및 활동명: 꽃꽂이교사
연계 KSIC 11차 코드: 85501+ | 85613+ | 85621+ | 85629+ | 85669+
연계 KSIC 11차 분류명: 일반 교과학원 | 레크리에이션 교육기관 | 음악학원 | 기타 예술학원 | 기타 기술 및 직업 훈련학원
세부설명: 인적용역(무용, 음악입시전문교사) | 인적용역(사교댄스교사) | 인적용역(음악교사) | 인적용역(무용교사) | 인적용역(꽃꽂이교사, 요리교사)"
940903,S,"협회 및 단체, 수리 및 기타 개인서비스",94,인적용역,940,인적용역,9409,기타자영업,"학원강사,강사,과외교습자,재단사",85501+ | 85502+ | 85503+ | 85611+ | 85612+ | 85613+ | 85621+ | 85622+ | 85629+ | 85631+ | 85632+ | 85661+ | 85669+ | 85691+ | 85699+,일반 교과학원 | 방문 교육학원 | 온라인 교육학원 | 태권도 및 무술 교육기관 | 기타 스포츠 교육기관 | 레크리에이션 교육기관 | 음악학원 | 미술학원 | 기타 예술학원 | 외국어학원 | 기타 교습학원 | 운전학원 | 기타 기술 및 직업 훈련학원 | 컴퓨터 학원 | 그 외 기타 분류 안된 교육기관,,,,"인적용역(일반 교과학원강사, 강사, 과외교습자) | 인적용역(방문교육학원 강사) | 인적용역(온라인교사 학원 강사) | 인적용역(태권도 및 무술학원 강사) | 인적용역(기타 스포츠 교육 강사) | 인적용역(레크레이션 학원강사, 강사) | 인적용역(음악학원 강사) | 인적용역(미술학원 강사) | 인적용역(기타 예술학원 강사) | 인적용역(외국어 학원강사, 강사, 과외교습자) | 인적용역(고시학원 등 기타 학원 강사) | 인적용역(운전학원 강사) | 인적용역(재단사) | 인적용역(컴퓨터학원 강사) | 인적용역(기타 교육기관의 학원강사, 강사)",15,"업종코드: 940903
업종 대분류: 협회 및 단체, 수리 및 기타 개인서비스
업종 중분류: 인적용역
업종 소분류: 인적용역
업종 세분류: 기타자영업
업종 세세분류 및 활동명: 학원강사,강사,과외교습자,재단사
연계 KSIC 11차 코드: 85501+ | 85502+ | 85503+ | 85611+ | 85612+ | 85613+ | 85621+ | 85622+ | 85629+ | 85631+ | 85632+ | 85661+ | 85669+ | 85691+ | 85699+
연계 KSIC 11차 분류명: 일반 교과학원 | 방문 교육학원 | 온라인 교육학원 | 태권도 및 무술 교육기관 | 기타 스포츠 교육기관 | 레크리에이션 교육기관 | 음악학원 | 미술학원 | 기타 예술학원 | 외국어학원 | 기타 교습학원 | 운전학원 | 기타 기술 및 직업 훈련학원 | 컴퓨터 학원 | 그 외 기타 분류 안된 교육기관
세부설명: 인적용역(일반 교과학원강사, 강사, 과외교습자) | 인적용역(방문교육학원 강사) | 인적용역(온라인교사 학원 강사) | 인적용역(태권도 및 무술학원 강사) | 인적용역(기타 스포츠 교육 강사) | 인적용역(레크레이션 학원강사, 강사) | 인적용역(음악학원 강사) | 인적용역(미술학원 강사) | 인적용역(기타 예술학원 강사) | 인적용역(외국어 학원강사, 강사, 과외교습자) | 인적용역(고시학원 등 기타 학원 강사) | 인적용역(운전학원 강사) | 인적용역(재단사) | 인적용역(컴퓨터학원 강사) | 인적용역(기타 교육기관의 학원강사, 강사)"
940904,S,"협회 및 단체, 수리 및 기타 개인서비스",94,인적용역,940,인적용역,9409,기타자영업,직업운동가,91199+,그 외 기타 스포츠 서비스업,,,,인적용역(직업운동가),1,"업종코드: 940904
업종 대분류: 협회 및 단체, 수리 및 기타 개인서비스
업종 중분류: 인적용역
업종 소분류: 인적용역
업종 세분류: 기타자영업
업종 세세분류 및 활동명: 직업운동가
연계 KSIC 11차 코드: 91199+
연계 KSIC 11차 분류명: 그 외 기타 스포츠 서비스업
세부설명: 인적용역(직업운동가)"
940905,S,"협회 및 단체, 수리 및 기타 개인서비스",94,인적용역,940,인적용역,9409,기타자영업,유흥접객원 및 댄서,96999+,그 외 기타 달리 분류되지 않은 개인 서비스업,,,,인적용역(일반 유흥주점 접객원 및 댄서),1,"업종코드: 940905
업종 대분류: 협회 및 단체, 수리 및 기타 개인서비스
업종 중분류: 인적용역
업종 소분류: 인적용역
업종 세분류: 기타자영업
업종 세세분류 및 활동명: 유흥접객원 및 댄서
연계 KSIC 11차 코드: 96999+
연계 KSIC 11차 분류명: 그 외 기타 달리 분류되지 않은 개인 서비스업
세부설명: 인적용역(일반 유흥주점 접객원 및 댄서)"
940906,S,"협회 및 단체, 수리 및 기타 개인서비스",94,인적용역,940,인적용역,9409,기타자영업,보험설계사,66202+,보험 대리 및 중개업,,,,"인적용역(보험설계사, 보험중개사)",1,"업종코드: 940906
업종 대분류: 협회 및 단체, 수리 및 기타 개인서비스
업종 중분류: 인적용역
업종 소분류: 인적용역
업종 세분류: 기타자영업
업종 세세분류 및 활동명: 보험설계사
연계 KSIC 11차 코드: 66202+
연계 KSIC 11차 분류명: 보험 대리 및 중개업
세부설명: 인적용역(보험설계사, 보험중개사)"
940907,S,"협회 및 단체, 수리 및 기타 개인서비스",94,인적용역,940,인적용역,9409,기타자영업,음료품배달원,47992+,계약배달 판매업,,,,인적용역(음료품배달원),1,"업종코드: 940907
업종 대분류: 협회 및 단체, 수리 및 기타 개인서비스
업종 중분류: 인적용역
업종 소분류: 인적용역
업종 세분류: 기타자영업
업종 세세분류 및 활동명: 음료품배달원
연계 KSIC 11차 코드: 47992+
연계 KSIC 11차 분류명: 계약배달 판매업
세부설명: 인적용역(음료품배달원)"
940908,S,"협회 및 단체, 수리 및 기타 개인서비스",94,인적용역,940,인적용역,9409,기타자영업,"서적방문판매원,학습지방문판매원,화장품방문판매원,정수기방문판매원,자동차방문판매원,일반(기타)방문판매원",45110+ | 47993+ | 85502+,자동차 신품 판매업 | 방문 판매업 | 방문 교육학원,,,,인적용역(자동차 방문 판매원) | 인적용역(서적방문판매원/화장품방문판매원/정수기방문판매원/일반(기타)방문판매원) | 인적용역(학습지방문판매원),3,"업종코드: 940908
업종 대분류: 협회 및 단체, 수리 및 기타 개인서비스
업종 중분류: 인적용역
업종 소분류: 인적용역
업종 세분류: 기타자영업
업종 세세분류 및 활동명: 서적방문판매원,학습지방문판매원,화장품방문판매원,정수기방문판매원,자동차방문판매원,일반(기타)방문판매원
연계 KSIC 11차 코드: 45110+ | 47993+ | 85502+
연계 KSIC 11차 분류명: 자동차 신품 판매업 | 방문 판매업 | 방문 교육학원
세부설명: 인적용역(자동차 방문 판매원) | 인적용역(서적방문판매원/화장품방문판매원/정수기방문판매원/일반(기타)방문판매원) | 인적용역(학습지방문판매원)"
940909,S,"협회 및 단체, 수리 및 기타 개인서비스",94,인적용역,940,인적용역,9409,기타자영업,기타자영업,03111+ | 03112+ | 03120+ | 62010+ | 75999+ | 95393+,"원양 어업 | 연근해 어업 | 내수면 어업 | 컴퓨터 프로그래밍 서비스업 | 그 외 기타 분류 안된 사업 지원 서비스업 | 시계, 귀금속 및 악기 수리업",,,,"인적용역(어로장) | 인적용역(컴퓨터 프로그래머) | 인적용역(전기, 가스 검침원) | 인적용역(조율사)",6,"업종코드: 940909
업종 대분류: 협회 및 단체, 수리 및 기타 개인서비스
업종 중분류: 인적용역
업종 소분류: 인적용역
업종 세분류: 기타자영업
업종 세세분류 및 활동명: 기타자영업
연계 KSIC 11차 코드: 03111+ | 03112+ | 03120+ | 62010+ | 75999+ | 95393+
연계 KSIC 11차 분류명: 원양 어업 | 연근해 어업 | 내수면 어업 | 컴퓨터 프로그래밍 서비스업 | 그 외 기타 분류 안된 사업 지원 서비스업 | 시계, 귀금속 및 악기 수리업
세부설명: 인적용역(어로장) | 인적용역(컴퓨터 프로그래머) | 인적용역(전기, 가스 검침원) | 인적용역(조율사)"
940910,S,"협회 및 단체, 수리 및 기타 개인서비스",94,인적용역,940,인적용역,9409,기타자영업,다단계판매원의후원수당,47993+,방문 판매업,,,,인적용역(다단계판매원의 후원수당),1,"업종코드: 940910
업종 대분류: 협회 및 단체, 수리 및 기타 개인서비스
업종 중분류: 인적용역
업종 소분류: 인적용역
업종 세분류: 기타자영업
업종 세세분류 및 활동명: 다단계판매원의후원수당
연계 KSIC 11차 코드: 47993+
연계 KSIC 11차 분류명: 방문 판매업
세부설명: 인적용역(다단계판매원의 후원수당)"
940911,S,"협회 및 단체, 수리 및 기타 개인서비스",94,인적용역,940,인적용역,9409,기타자영업,"기타모집수당,채권회수수당",66192+ | 66199+ | 75993+ | 75999+,투자 자문업 및 투자 일임업 | 그 외 기타 금융 지원 서비스업 | 신용 조사 및 추심 대행업 | 그 외 기타 분류 안된 사업 지원 서비스업,,,,인적용역(증권투자상담사) | 인적용역(기타 모집수당 증권매입권유) | 인적용역(채권회수수당) | 인적용역(기타모집수당),4,"업종코드: 940911
업종 대분류: 협회 및 단체, 수리 및 기타 개인서비스
업종 중분류: 인적용역
업종 소분류: 인적용역
업종 세분류: 기타자영업
업종 세세분류 및 활동명: 기타모집수당,채권회수수당
연계 KSIC 11차 코드: 66192+ | 66199+ | 75993+ | 75999+
연계 KSIC 11차 분류명: 투자 자문업 및 투자 일임업 | 그 외 기타 금융 지원 서비스업 | 신용 조사 및 추심 대행업 | 그 외 기타 분류 안된 사업 지원 서비스업
세부설명: 인적용역(증권투자상담사) | 인적용역(기타 모집수당 증권매입권유) | 인적용역(채권회수수당) | 인적용역(기타모집수당)"
940912,S,"협회 및 단체, 수리 및 기타 개인서비스",94,인적용역,940,인적용역,9409,기타자영업,개인간병인,96993+,개인 간병 및 유사 서비스업,,,,인적용역(개인 간병인),1,"업종코드: 940912
업종 대분류: 협회 및 단체, 수리 및 기타 개인서비스
업종 중분류: 인적용역
업종 소분류: 인적용역
업종 세분류: 기타자영업
업종 세세분류 및 활동명: 개인간병인
연계 KSIC 11차 코드: 96993+
연계 KSIC 11차 분류명: 개인 간병 및 유사 서비스업
세부설명: 인적용역(개인 간병인)"
940913,S,"협회 및 단체, 수리 및 기타 개인서비스",94,인적용역,940,인적용역,9409,기타자영업,대리운전기사,96999+,그 외 기타 달리 분류되지 않은 개인 서비스업,,,,인적용역(대리운전기사),1,"업종코드: 940913
업종 대분류: 협회 및 단체, 수리 및 기타 개인서비스
업종 중분류: 인적용역
업종 소분류: 인적용역
업종 세분류: 기타자영업
업종 세세분류 및 활동명: 대리운전기사
연계 KSIC 11차 코드: 96999+
연계 KSIC 11차 분류명: 그 외 기타 달리 분류되지 않은 개인 서비스업
세부설명: 인적용역(대리운전기사)"
940914,S,"협회 및 단체, 수리 및 기타 개인서비스",94,인적용역,940,인적용역,9409,기타자영업,골프장캐디,91199+,그 외 기타 스포츠 서비스업,,,,인적용역(골프장캐디),1,"업종코드: 940914
업종 대분류: 협회 및 단체, 수리 및 기타 개인서비스
업종 중분류: 인적용역
업종 소분류: 인적용역
업종 세분류: 기타자영업
업종 세세분류 및 활동명: 골프장캐디
연계 KSIC 11차 코드: 91199+
연계 KSIC 11차 분류명: 그 외 기타 스포츠 서비스업
세부설명: 인적용역(골프장캐디)"
940915,S,"협회 및 단체, 수리 및 기타 개인서비스",94,인적용역,940,인적용역,9409,기타자영업,목욕관리사,96129+,체형 등 기타 신체 관리 서비스업,,,,인적용역(목욕관리사),1,"업종코드: 940915
업종 대분류: 협회 및 단체, 수리 및 기타 개인서비스
업종 중분류: 인적용역
업종 소분류: 인적용역
업종 세분류: 기타자영업
업종 세세분류 및 활동명: 목욕관리사
연계 KSIC 11차 코드: 96129+
연계 KSIC 11차 분류명: 체형 등 기타 신체 관리 서비스업
세부설명: 인적용역(목욕관리사)"
940916,S,"협회 및 단체, 수리 및 기타 개인서비스",94,인적용역,940,인적용역,9409,기타자영업,행사도우미,75999+,"전시, 컨벤션 및 행사 대행업",,,,인적용역(행사도우미),1,"업종코드: 940916
업종 대분류: 협회 및 단체, 수리 및 기타 개인서비스
업종 중분류: 인적용역
업종 소분류: 인적용역
업종 세분류: 기타자영업
업종 세세분류 및 활동명: 행사도우미
연계 KSIC 11차 코드: 75999+
연계 KSIC 11차 분류명: 전시, 컨벤션 및 행사 대행업
세부설명: 인적용역(행사도우미)"
940917,S,"협회 및 단체, 수리 및 기타 개인서비스",94,인적용역,940,인적용역,9409,기타자영업,심부름용역원,96999+,그 외 기타 달리 분류되지 않은 개인 서비스업,,,,인적용역(심부름용역원),1,"업종코드: 940917
업종 대분류: 협회 및 단체, 수리 및 기타 개인서비스
업종 중분류: 인적용역
업종 소분류: 인적용역
업종 세분류: 기타자영업
업종 세세분류 및 활동명: 심부름용역원
연계 KSIC 11차 코드: 96999+
연계 KSIC 11차 분류명: 그 외 기타 달리 분류되지 않은 개인 서비스업
세부설명: 인적용역(심부름용역원)"
940918,S,"협회 및 단체, 수리 및 기타 개인서비스",94,인적용역,940,인적용역,9409,기타자영업,퀵서비스배달원,49402+,늘찬 배달업,,,,인적용역(퀵서비스 배달원),1,"업종코드: 940918
업종 대분류: 협회 및 단체, 수리 및 기타 개인서비스
업종 중분류: 인적용역
업종 소분류: 인적용역
업종 세분류: 기타자영업
업종 세세분류 및 활동명: 퀵서비스배달원
연계 KSIC 11차 코드: 49402+
연계 KSIC 11차 분류명: 늘찬 배달업
세부설명: 인적용역(퀵서비스 배달원)"
940919,S,"협회 및 단체, 수리 및 기타 개인서비스",94,인적용역,940,인적용역,9409,기타자영업,기타물품운반원,49402+,늘찬 배달업,,,,인적용역(기타 물품운반원),1,"업종코드: 940919
업종 대분류: 협회 및 단체, 수리 및 기타 개인서비스
업종 중분류: 인적용역
업종 소분류: 인적용역
업종 세분류: 기타자영업
업종 세세분류 및 활동명: 기타물품운반원
연계 KSIC 11차 코드: 49402+
연계 KSIC 11차 분류명: 늘찬 배달업
세부설명: 인적용역(기타 물품운반원)"
940920,S,"협회 및 단체, 수리 및 기타 개인서비스업",94,인적용역,940,인적용역,9409,기타자영업,학습지 방문강사,85502+,방문 교육학원,,,,"(인적용역)학습지(국어, 영어 등) 회원 가정 방문하여 학습내용 지도",1,"업종코드: 940920
업종 대분류: 협회 및 단체, 수리 및 기타 개인서비스업
업종 중분류: 인적용역
업종 소분류: 인적용역
업종 세분류: 기타자영업
업종 세세분류 및 활동명: 학습지 방문강사
연계 KSIC 11차 코드: 85502+
연계 KSIC 11차 분류명: 방문 교육학원
세부설명: (인적용역)학습지(국어, 영어 등) 회원 가정 방문하여 학습내용 지도"
940921,S,"협회 및 단체, 수리 및 기타 개인서비스업",94,인적용역,940,인적용역,9409,기타자영업,교육교구 방문강사,85699+,그 외 기타 분류 안된 교육기관,,,,(인적용역)유아 및 아동의 사고력과 창의력 발달을 위해 학습지가 아닌 교재 및 교구를 활용하여 지도,1,"업종코드: 940921
업종 대분류: 협회 및 단체, 수리 및 기타 개인서비스업
업종 중분류: 인적용역
업종 소분류: 인적용역
업종 세분류: 기타자영업
업종 세세분류 및 활동명: 교육교구 방문강사
연계 KSIC 11차 코드: 85699+
연계 KSIC 11차 분류명: 그 외 기타 분류 안된 교육기관
세부설명: (인적용역)유아 및 아동의 사고력과 창의력 발달을 위해 학습지가 아닌 교재 및 교구를 활용하여 지도"
940922,S,"협회 및 단체, 수리 및 기타 개인서비스업",94,인적용역,940,인적용역,9409,기타자영업,대여제품 방문점검원,75999+,그 외 기타 분류 안된 사업 지원 서비스업,,,,(인적용역)가정 및 사무실 등을 방문하여 대여 제품의 유지·관리를 위한 정기적인 점검,1,"업종코드: 940922
업종 대분류: 협회 및 단체, 수리 및 기타 개인서비스업
업종 중분류: 인적용역
업종 소분류: 인적용역
업종 세분류: 기타자영업
업종 세세분류 및 활동명: 대여제품 방문점검원
연계 KSIC 11차 코드: 75999+
연계 KSIC 11차 분류명: 그 외 기타 분류 안된 사업 지원 서비스업
세부설명: (인적용역)가정 및 사무실 등을 방문하여 대여 제품의 유지·관리를 위한 정기적인 점검"
940923,S,"협회 및 단체, 수리 및 기타 개인서비스업",94,인적용역,940,인적용역,9409,기타자영업,대출모집인,66199+,그 외 기타 금융 지원 서비스업,,,,(인적용역)금융회사나 대출모집법인에서 업무 위탁받아 대출신청 상담업무를 수행하거나 대출 수요자 발굴하여 대출신청자 모집,1,"업종코드: 940923
업종 대분류: 협회 및 단체, 수리 및 기타 개인서비스업
업종 중분류: 인적용역
업종 소분류: 인적용역
업종 세분류: 기타자영업
업종 세세분류 및 활동명: 대출모집인
연계 KSIC 11차 코드: 66199+
연계 KSIC 11차 분류명: 그 외 기타 금융 지원 서비스업
세부설명: (인적용역)금융회사나 대출모집법인에서 업무 위탁받아 대출신청 상담업무를 수행하거나 대출 수요자 발굴하여 대출신청자 모집"
940924,S,"협회 및 단체, 수리 및 기타 개인서비스업",94,인적용역,940,인적용역,9409,기타자영업,신용카드회원 모집인,66199+,그 외 기타 금융 지원 서비스업,,,,(인적용역)신용카드 회사로부터 업무를 위탁받아 신용카드 발급계약의 체결을 중개,1,"업종코드: 940924
업종 대분류: 협회 및 단체, 수리 및 기타 개인서비스업
업종 중분류: 인적용역
업종 소분류: 인적용역
업종 세분류: 기타자영업
업종 세세분류 및 활동명: 신용카드회원 모집인
연계 KSIC 11차 코드: 66199+
연계 KSIC 11차 분류명: 그 외 기타 금융 지원 서비스업
세부설명: (인적용역)신용카드 회사로부터 업무를 위탁받아 신용카드 발급계약의 체결을 중개"
940925,S,"협회 및 단체, 수리 및 기타 개인서비스업",94,인적용역,940,인적용역,9409,기타자영업,방과후강사,85611+ | 85612+ | 85613+ | 85614+ | 85621+ | 85622+ | 85629+ | 85631+ | 85632+ | 85640+ | 85650+ | 85661+ | 85669+ | 85691+ | 85699+,태권도 및 무술 교육기관 | 기타 스포츠 교육기관 | 레크리에이션 교육기관 | 청소년 수련시설 운영업 | 음악학원 | 미술학원 | 기타 예술학원 | 외국어학원 | 기타 교습학원 | 사회교육시설 | 직원 훈련기관 | 운전학원 | 기타 기술 및 직업 훈련학원 | 컴퓨터 학원 | 그 외 기타 분류 안된 교육기관,,,,"(인적용역)학교 교육계획에 따라 일정기간 동안 정규수업 이외 방과후학교 프로그램(단, 돌봄과정 제외) 운영",15,"업종코드: 940925
업종 대분류: 협회 및 단체, 수리 및 기타 개인서비스업
업종 중분류: 인적용역
업종 소분류: 인적용역
업종 세분류: 기타자영업
업종 세세분류 및 활동명: 방과후강사
연계 KSIC 11차 코드: 85611+ | 85612+ | 85613+ | 85614+ | 85621+ | 85622+ | 85629+ | 85631+ | 85632+ | 85640+ | 85650+ | 85661+ | 85669+ | 85691+ | 85699+
연계 KSIC 11차 분류명: 태권도 및 무술 교육기관 | 기타 스포츠 교육기관 | 레크리에이션 교육기관 | 청소년 수련시설 운영업 | 음악학원 | 미술학원 | 기타 예술학원 | 외국어학원 | 기타 교습학원 | 사회교육시설 | 직원 훈련기관 | 운전학원 | 기타 기술 및 직업 훈련학원 | 컴퓨터 학원 | 그 외 기타 분류 안된 교육기관
세부설명: (인적용역)학교 교육계획에 따라 일정기간 동안 정규수업 이외 방과후학교 프로그램(단, 돌봄과정 제외) 운영"
940926,S,"협회 및 단체, 수리 및 기타 개인서비스업",94,인적용역,940,인적용역,9409,기타자영업,소프트웨어 프리랜서,58211+ | 58212+ | 58219+ | 58221+ | 58222+ | 62010+ | 62021+ | 62022+ | 62090+,유선 온라인 게임 소프트웨어 개발 및 공급업 | 모바일 게임 소프트웨어 개발 및 공급업 | 기타 게임 소프트웨어 개발 및 공급업 | 시스템 소프트웨어 개발 및 공급업 | 응용 소프트웨어 개발 및 공급업 | 컴퓨터 프로그래밍 서비스업 | 컴퓨터 시스템 통합 자문 및 구축 서비스업 | 컴퓨터시설 관리업 | 기타 정보 기술 및 컴퓨터 운영 관련 서비스업,,,,,9,"업종코드: 940926
업종 대분류: 협회 및 단체, 수리 및 기타 개인서비스업
업종 중분류: 인적용역
업종 소분류: 인적용역
업종 세분류: 기타자영업
업종 세세분류 및 활동명: 소프트웨어 프리랜서
연계 KSIC 11차 코드: 58211+ | 58212+ | 58219+ | 58221+ | 58222+ | 62010+ | 62021+ | 62022+ | 62090+
연계 KSIC 11차 분류명: 유선 온라인 게임 소프트웨어 개발 및 공급업 | 모바일 게임 소프트웨어 개발 및 공급업 | 기타 게임 소프트웨어 개발 및 공급업 | 시스템 소프트웨어 개발 및 공급업 | 응용 소프트웨어 개발 및 공급업 | 컴퓨터 프로그래밍 서비스업 | 컴퓨터 시스템 통합 자문 및 구축 서비스업 | 컴퓨터시설 관리업 | 기타 정보 기술 및 컴퓨터 운영 관련 서비스업"
940927,S,"협회 및 단체, 수리 및 기타 개인서비스업",94,인적용역,940,인적용역,9409,기타자영업,관광통역 안내사,73902+ | 75210+ | 75290+,번역 및 통역 서비스업 | 여행사업 | 기타 여행 보조 및 예약 서비스업,,,,,3,"업종코드: 940927
업종 대분류: 협회 및 단체, 수리 및 기타 개인서비스업
업종 중분류: 인적용역
업종 소분류: 인적용역
업종 세분류: 기타자영업
업종 세세분류 및 활동명: 관광통역 안내사
연계 KSIC 11차 코드: 73902+ | 75210+ | 75290+
연계 KSIC 11차 분류명: 번역 및 통역 서비스업 | 여행사업 | 기타 여행 보조 및 예약 서비스업"
940928,S,"협회 및 단체, 수리 및 기타 개인서비스업",94,인적용역,940,인적용역,9409,기타자영업,어린이 통학버스 기사,49219+,기타 도시 정기 육상 여객 운송업,,,,어린이통학버스기사(교육시설운영자소유차량),1,"업종코드: 940928
업종 대분류: 협회 및 단체, 수리 및 기타 개인서비스업
업종 중분류: 인적용역
업종 소분류: 인적용역
업종 세분류: 기타자영업
업종 세세분류 및 활동명: 어린이 통학버스 기사
연계 KSIC 11차 코드: 49219+
연계 KSIC 11차 분류명: 기타 도시 정기 육상 여객 운송업
세부설명: 어린이통학버스기사(교육시설운영자소유차량)"
940929,S,"협회 및 단체, 수리 및 기타 개인서비스업",94,인적용역,940,인적용역,9409,기타자영업,중고자동차 판매원,45120+,중고 자동차 판매업,,,,,1,"업종코드: 940929
업종 대분류: 협회 및 단체, 수리 및 기타 개인서비스업
업종 중분류: 인적용역
업종 소분류: 인적용역
업종 세분류: 기타자영업
업종 세세분류 및 활동명: 중고자동차 판매원
연계 KSIC 11차 코드: 45120+
연계 KSIC 11차 분류명: 중고 자동차 판매업"
941100,S,"협회 및 단체, 수리 및 기타 개인 서비스업",94,협회 및 단체,941,산업 및 전문가 단체,9411,산업 단체,산업 단체,94110,산업 단체,,,,,1,"업종코드: 941100
업종 대분류: 협회 및 단체, 수리 및 기타 개인 서비스업
업종 중분류: 협회 및 단체
업종 소분류: 산업 및 전문가 단체
업종 세분류: 산업 단체
업종 세세분류 및 활동명: 산업 단체
연계 KSIC 11차 코드: 94110
연계 KSIC 11차 분류명: 산업 단체"
941200,S,"협회 및 단체, 수리 및 기타 개인 서비스업",94,협회 및 단체,941,산업 및 전문가 단체,9412,전문가 단체,전문가 단체,94120,전문가 단체,,,,,1,"업종코드: 941200
업종 대분류: 협회 및 단체, 수리 및 기타 개인 서비스업
업종 중분류: 협회 및 단체
업종 소분류: 산업 및 전문가 단체
업종 세분류: 전문가 단체
업종 세세분류 및 활동명: 전문가 단체
연계 KSIC 11차 코드: 94120
연계 KSIC 11차 분류명: 전문가 단체"
942000,S,"협회 및 단체, 수리 및 기타 개인 서비스업",94,협회 및 단체,942,노동조합,9420,노동조합,노동조합,94200,노동조합,,,,,1,"업종코드: 942000
업종 대분류: 협회 및 단체, 수리 및 기타 개인 서비스업
업종 중분류: 협회 및 단체
업종 소분류: 노동조합
업종 세분류: 노동조합
업종 세세분류 및 활동명: 노동조합
연계 KSIC 11차 코드: 94200
연계 KSIC 11차 분류명: 노동조합"
949111,S,"협회 및 단체, 수리 및 기타 개인 서비스업",94,협회 및 단체,949,기타 협회 및 단체,9491,종교 단체,불교 단체,94911,불교 단체,,,,,1,"업종코드: 949111
업종 대분류: 협회 및 단체, 수리 및 기타 개인 서비스업
업종 중분류: 협회 및 단체
업종 소분류: 기타 협회 및 단체
업종 세분류: 종교 단체
업종 세세분류 및 활동명: 불교 단체
연계 KSIC 11차 코드: 94911
연계 KSIC 11차 분류명: 불교 단체"
949121,S,"협회 및 단체, 수리 및 기타 개인 서비스업",94,협회 및 단체,949,기타 협회 및 단체,9491,종교 단체,기독교 단체,94912,기독교 단체,,,,,1,"업종코드: 949121
업종 대분류: 협회 및 단체, 수리 및 기타 개인 서비스업
업종 중분류: 협회 및 단체
업종 소분류: 기타 협회 및 단체
업종 세분류: 종교 단체
업종 세세분류 및 활동명: 기독교 단체
연계 KSIC 11차 코드: 94912
연계 KSIC 11차 분류명: 기독교 단체"
949131,S,"협회 및 단체, 수리 및 기타 개인 서비스업",94,협회 및 단체,949,기타 협회 및 단체,9491,종교 단체,천주교 단체,94913,천주교 단체,,,,,1,"업종코드: 949131
업종 대분류: 협회 및 단체, 수리 및 기타 개인 서비스업
업종 중분류: 협회 및 단체
업종 소분류: 기타 협회 및 단체
업종 세분류: 종교 단체
업종 세세분류 및 활동명: 천주교 단체
연계 KSIC 11차 코드: 94913
연계 KSIC 11차 분류명: 천주교 단체"
949141,S,"협회 및 단체, 수리 및 기타 개인 서비스업",94,협회 및 단체,949,기타 협회 및 단체,9491,종교 단체,민족 종교 단체,94914,민족 종교 단체,94914,민족 종교 단체,1,,1,"업종코드: 949141
업종 대분류: 협회 및 단체, 수리 및 기타 개인 서비스업
업종 중분류: 협회 및 단체
업종 소분류: 기타 협회 및 단체
업종 세분류: 종교 단체
업종 세세분류 및 활동명: 민족 종교 단체
연계 KSIC 11차 코드: 94914
연계 KSIC 11차 분류명: 민족 종교 단체
주요 연계 KSIC 코드: 94914
주요 연계 KSIC 분류명: 민족 종교 단체"
949142,S,"협회 및 단체, 수리 및 기타 개인 서비스업",94,협회 및 단체,949,기타 협회 및 단체,9491,종교 단체,천도교 단체,94914,민족 종교 단체,,,,천도교,1,"업종코드: 949142
업종 대분류: 협회 및 단체, 수리 및 기타 개인 서비스업
업종 중분류: 협회 및 단체
업종 소분류: 기타 협회 및 단체
업종 세분류: 종교 단체
업종 세세분류 및 활동명: 천도교 단체
연계 KSIC 11차 코드: 94914
연계 KSIC 11차 분류명: 민족 종교 단체
세부설명: 천도교"
949143,S,"협회 및 단체, 수리 및 기타 개인 서비스업",94,협회 및 단체,949,기타 협회 및 단체,9491,종교 단체,원불교 단체,94914,민족 종교 단체,,,,원불교,1,"업종코드: 949143
업종 대분류: 협회 및 단체, 수리 및 기타 개인 서비스업
업종 중분류: 협회 및 단체
업종 소분류: 기타 협회 및 단체
업종 세분류: 종교 단체
업종 세세분류 및 활동명: 원불교 단체
연계 KSIC 11차 코드: 94914
연계 KSIC 11차 분류명: 민족 종교 단체
세부설명: 원불교"
949190,S,"협회 및 단체, 수리 및 기타 개인 서비스업",94,협회 및 단체,949,기타 협회 및 단체,9491,종교 단체,기타 종교 단체,94919,기타 종교 단체,,,,,1,"업종코드: 949190
업종 대분류: 협회 및 단체, 수리 및 기타 개인 서비스업
업종 중분류: 협회 및 단체
업종 소분류: 기타 협회 및 단체
업종 세분류: 종교 단체
업종 세세분류 및 활동명: 기타 종교 단체
연계 KSIC 11차 코드: 94919
연계 KSIC 11차 분류명: 기타 종교 단체"
949191,S,"협회 및 단체, 수리 및 기타 개인 서비스업",94,협회 및 단체,949,기타 협회 및 단체,9491,종교 단체,유교 단체,94919,기타 종교 단체,,,,유교,1,"업종코드: 949191
업종 대분류: 협회 및 단체, 수리 및 기타 개인 서비스업
업종 중분류: 협회 및 단체
업종 소분류: 기타 협회 및 단체
업종 세분류: 종교 단체
업종 세세분류 및 활동명: 유교 단체
연계 KSIC 11차 코드: 94919
연계 KSIC 11차 분류명: 기타 종교 단체
세부설명: 유교"
949200,S,"협회 및 단체, 수리 및 기타 개인 서비스업",94,협회 및 단체,949,기타 협회 및 단체,9492,정치 단체,정치 단체,94920,정치 단체,,,,,1,"업종코드: 949200
업종 대분류: 협회 및 단체, 수리 및 기타 개인 서비스업
업종 중분류: 협회 및 단체
업종 소분류: 기타 협회 및 단체
업종 세분류: 정치 단체
업종 세세분류 및 활동명: 정치 단체
연계 KSIC 11차 코드: 94920
연계 KSIC 11차 분류명: 정치 단체"
949311,S,"협회 및 단체, 수리 및 기타 개인 서비스업",94,협회 및 단체,949,기타 협회 및 단체,9493,시민운동 단체,환경운동 단체,94931,환경운동 단체,,,,,1,"업종코드: 949311
업종 대분류: 협회 및 단체, 수리 및 기타 개인 서비스업
업종 중분류: 협회 및 단체
업종 소분류: 기타 협회 및 단체
업종 세분류: 시민운동 단체
업종 세세분류 및 활동명: 환경운동 단체
연계 KSIC 11차 코드: 94931
연계 KSIC 11차 분류명: 환경운동 단체"
949390,S,"협회 및 단체, 수리 및 기타 개인 서비스업",94,협회 및 단체,949,기타 협회 및 단체,9493,시민운동 단체,기타 시민운동 단체,94939,기타 시민운동 단체,,,,,1,"업종코드: 949390
업종 대분류: 협회 및 단체, 수리 및 기타 개인 서비스업
업종 중분류: 협회 및 단체
업종 소분류: 기타 협회 및 단체
업종 세분류: 시민운동 단체
업종 세세분류 및 활동명: 기타 시민운동 단체
연계 KSIC 11차 코드: 94939
연계 KSIC 11차 분류명: 기타 시민운동 단체"
949900,S,"협회 및 단체, 수리 및 기타 개인 서비스업",94,협회 및 단체,949,기타 협회 및 단체,9499,그 외 기타 협회 및 단체,그 외 기타 협회 및 단체,94990,그 외 기타 협회 및 단체,94990,그 외 기타 협회 및 단체,1,,1,"업종코드: 949900
업종 대분류: 협회 및 단체, 수리 및 기타 개인 서비스업
업종 중분류: 협회 및 단체
업종 소분류: 기타 협회 및 단체
업종 세분류: 그 외 기타 협회 및 단체
업종 세세분류 및 활동명: 그 외 기타 협회 및 단체
연계 KSIC 11차 코드: 94990
연계 KSIC 11차 분류명: 그 외 기타 협회 및 단체
주요 연계 KSIC 코드: 94990
주요 연계 KSIC 분류명: 그 외 기타 협회 및 단체"
949901,S,"협회 및 단체, 수리 및 기타 개인 서비스업",94,협회 및 단체,949,기타 협회 및 단체,9499,그 외 기타 협회 및 단체,그 외 기타 협회 및 단체,94990,그 외 기타 협회 및 단체,,,,입주자대표회의,1,"업종코드: 949901
업종 대분류: 협회 및 단체, 수리 및 기타 개인 서비스업
업종 중분류: 협회 및 단체
업종 소분류: 기타 협회 및 단체
업종 세분류: 그 외 기타 협회 및 단체
업종 세세분류 및 활동명: 그 외 기타 협회 및 단체
연계 KSIC 11차 코드: 94990
연계 KSIC 11차 분류명: 그 외 기타 협회 및 단체
세부설명: 입주자대표회의"
949902,S,"협회 및 단체, 수리 및 기타 개인 서비스업",94,협회 및 단체,949,기타 협회 및 단체,9499,그 외 기타 협회 및 단체,그 외 기타 협회 및 단체,94990,그 외 기타 협회 및 단체,,,,종중,1,"업종코드: 949902
업종 대분류: 협회 및 단체, 수리 및 기타 개인 서비스업
업종 중분류: 협회 및 단체
업종 소분류: 기타 협회 및 단체
업종 세분류: 그 외 기타 협회 및 단체
업종 세세분류 및 활동명: 그 외 기타 협회 및 단체
연계 KSIC 11차 코드: 94990
연계 KSIC 11차 분류명: 그 외 기타 협회 및 단체
세부설명: 종중"
950000,S,"협회 및 단체, 수리 및 기타 개인 서비스업",95,기타 개인 서비스업,950,그 외 기타 개인 서비스업,9500,그 외 기타 분류 안된 개인 서비스업,그 외 기타 달리 분류되지 않은 개인 서비스업,96999,그 외 기타 달리 분류되지 않은 개인 서비스업,,,,가구내 기타 개인 서비스,1,"업종코드: 950000
업종 대분류: 협회 및 단체, 수리 및 기타 개인 서비스업
업종 중분류: 기타 개인 서비스업
업종 소분류: 그 외 기타 개인 서비스업
업종 세분류: 그 외 기타 분류 안된 개인 서비스업
업종 세세분류 및 활동명: 그 외 기타 달리 분류되지 않은 개인 서비스업
연계 KSIC 11차 코드: 96999
연계 KSIC 11차 분류명: 그 외 기타 달리 분류되지 않은 개인 서비스업
세부설명: 가구내 기타 개인 서비스"
950001,T,가구 내 고용활동 및 달리 분류되지 않은 자가 소비 생산활동,95,가구 내 고용활동,950,가구 내 고용활동,9500,가구 내 고용활동,가구 내 고용활동,97000,가구 내 고용활동,,,,,1,"업종코드: 950001
업종 대분류: 가구 내 고용활동 및 달리 분류되지 않은 자가 소비 생산활동
업종 중분류: 가구 내 고용활동
업종 소분류: 가구 내 고용활동
업종 세분류: 가구 내 고용활동
업종 세세분류 및 활동명: 가구 내 고용활동
연계 KSIC 11차 코드: 97000
연계 KSIC 11차 분류명: 가구 내 고용활동"
950002,Q,보건업 및 사회복지 서비스업,95,사회복지 서비스업,950,비거주 복지시설 운영업,9500,보육시설 운영업,보육시설 운영업,87210,보육시설 운영업,87210,보육시설 운영업,2,인가된 경우 제외,1,"업종코드: 950002
업종 대분류: 보건업 및 사회복지 서비스업
업종 중분류: 사회복지 서비스업
업종 소분류: 비거주 복지시설 운영업
업종 세분류: 보육시설 운영업
업종 세세분류 및 활동명: 보육시설 운영업
연계 KSIC 11차 코드: 87210
연계 KSIC 11차 분류명: 보육시설 운영업
주요 연계 KSIC 코드: 87210
주요 연계 KSIC 분류명: 보육시설 운영업
세부설명: 인가된 경우 제외"
990010,U,국제 및 외국기관,99,국제 및 외국기관,990,국제 및 외국기관,9900,국제 및 외국기관,주한 외국 공관,99001,주한 외국 공관,,,,,1,"업종코드: 990010
업종 대분류: 국제 및 외국기관
업종 중분류: 국제 및 외국기관
업종 소분류: 국제 및 외국기관
업종 세분류: 국제 및 외국기관
업종 세세분류 및 활동명: 주한 외국 공관
연계 KSIC 11차 코드: 99001
연계 KSIC 11차 분류명: 주한 외국 공관"
990090,U,국제 및 외국기관,99,국제 및 외국기관,990,국제 및 외국기관,9900,국제 및 외국기관,기타 국제 및 외국기관,99009,기타 국제 및 외국기관,,,,,1,"업종코드: 990090
업종 대분류: 국제 및 외국기관
업종 중분류: 국제 및 외국기관
업종 소분류: 국제 및 외국기관
업종 세분류: 국제 및 외국기관
업종 세세분류 및 활동명: 기타 국제 및 외국기관
연계 KSIC 11차 코드: 99009
연계 KSIC 11차 분류명: 기타 국제 및 외국기관"
