,,,,,,,,,,,,,,,,,,,,,,,,,,,,
,"업종코드-11차 표준산업분류 연계표
 ※ 귀속 업종코드 ""중분류 94. (인적용역)"" 에 연계된 표준산업분류는 세세분류 코드 끝에 '+'로 표시함
    예) 업종코드 809007 과 연계된 표준산업분류 85622  →미술학원(사업체) 
               업종코드 940925  와 연계된 표준산업분류 85622+  →미술학원 강사(직업)",,,,,,,,,,,,,,,,,,,,,,,,,,,
,,,,,,,,,,,,,,,,,,,,,,,,,,,,
,일련번호,,,,,,,,,,,,,,,,,,,,,,,,세부설명,,,
,,"2025년 귀속
업종코드",대분류,대분류,중분류,중분류,소분류,소분류,세분류,세분류,세세분류,연계,"표준산업
분류",대분류,대분류,중분류,중분류,소분류,소분류,세분류,세분류,세세분류,연계,메인,,,,
,1,011000,A,"농업, 임업 및 어업",01,농업,011,작물 재배업,0110,곡물 및 기타 식량작물 재배업,곡물 및 기타 식량작물 재배업,1,01110,A,"농업, 임업 및 어업",01,농업,011,작물 재배업,0111,곡물 및 기타 식량작물 재배업,곡물 및 기타 식량작물 재배업,1,,,,,
,2,011001,A,"농업, 임업 및 어업",01,농업,011,작물 재배업,0110,"채소, 화훼작물 및 종묘 재배업",채소작물 재배업,1,01121,A,"농업, 임업 및 어업",01,농업,011,작물 재배업,0112,"채소, 화훼작물 및 종묘 재배업",채소작물 재배업,1,,,,,
,3,011002,A,"농업, 임업 및 어업",01,농업,011,작물 재배업,0110,"채소, 화훼작물 및 종묘 재배업",화훼작물 재배업,1,01122,A,"농업, 임업 및 어업",01,농업,011,작물 재배업,0112,"채소, 화훼작물 및 종묘 재배업",화훼작물 재배업,1,,,,,
,4,011003,A,"농업, 임업 및 어업",01,농업,011,작물 재배업,0110,"채소, 화훼작물 및 종묘 재배업",종자 및 묘목 생산업,1,01123,A,"농업, 임업 및 어업",01,농업,011,작물 재배업,0112,"채소, 화훼작물 및 종묘 재배업",종자 및 묘목 생산업,1,,,,,
,5,011004,A,"농업, 임업 및 어업",01,농업,011,작물 재배업,0110,"과실, 음료용 및 향신용 작물 재배업",과실작물 재배업,1,01131,A,"농업, 임업 및 어업",01,농업,011,작물 재배업,0113,"과실, 음료용 및 향신용 작물 재배업",과실작물 재배업,1,,,,,
,6,011005,A,"농업, 임업 및 어업",01,농업,011,작물 재배업,0110,"과실, 음료용 및 향신용 작물 재배업",음료용 및 향신용 작물 재배업,1,01132,A,"농업, 임업 및 어업",01,농업,011,작물 재배업,0113,"과실, 음료용 및 향신용 작물 재배업",음료용 및 향신용 작물 재배업,1,,,,,
,7,011006,A,"농업, 임업 및 어업",01,농업,011,작물 재배업,0110,기타 작물 재배업,기타 작물 재배업,1,01140,A,"농업, 임업 및 어업",01,농업,011,작물 재배업,0114,기타 작물 재배업,기타 작물 재배업,1,,,,,
,8,011007,A,"농업, 임업 및 어업",01,농업,011,작물 재배업,0110,시설작물 재배업,기타 시설작물 재배업,1,01159,A,"농업, 임업 및 어업",01,농업,011,작물 재배업,0115,시설작물 재배업,기타 시설작물 재배업,2,,콩나물 재배,,,
,9,011008,A,"농업, 임업 및 어업",01,농업,011,작물 재배업,0110,시설작물 재배업,"채소, 화훼 및 과실작물 시설 재배업",1,01151,A,"농업, 임업 및 어업",01,농업,011,작물 재배업,0115,시설작물 재배업,"채소, 화훼 및 과실작물 시설 재배업",1,,,,,
,10,011009,A,"농업, 임업 및 어업",01,농업,011,작물 재배업,0110,시설작물 재배업,기타 시설작물 재배업,1,01159,A,"농업, 임업 및 어업",01,농업,011,작물 재배업,0115,시설작물 재배업,기타 시설작물 재배업,2,1,,,,
,11,012101,A,"농업, 임업 및 어업",01,농업,012,축산업,0121,소 사육업,육우 사육업,1,01212,A,"농업, 임업 및 어업",01,농업,012,축산업,0121,소 사육업,육우 사육업,1,,,,,
,12,012102,A,"농업, 임업 및 어업",01,농업,012,축산업,0121,기타 축산업,말 및 양 사육업,1,01291,A,"농업, 임업 및 어업",01,농업,012,축산업,0129,기타 축산업,말 및 양 사육업,1,,,,,
,13,012103,A,"농업, 임업 및 어업",01,농업,012,축산업,0121,기타 축산업,"그 외 기타 축산업(사슴, 토끼)",1,01299,A,"농업, 임업 및 어업",01,농업,012,축산업,0129,기타 축산업,그 외 기타 축산업,3,,"사슴, 토끼",,,
,14,012104,A,"농업, 임업 및 어업",01,농업,012,축산업,0121,소 사육업,젖소 사육업,1,01211,A,"농업, 임업 및 어업",01,농업,012,축산업,0121,소 사육업,젖소 사육업,1,,,,,
,15,012105,A,"농업, 임업 및 어업",01,농업,012,축산업,0121,기타 축산업,그 외 기타 축산업(개),1,01299,A,"농업, 임업 및 어업",01,농업,012,축산업,0129,기타 축산업,그 외 기타 축산업,3,,개,,,
,16,012201,A,"농업, 임업 및 어업",01,농업,012,축산업,0122,양돈업,양돈업,1,01220,A,"농업, 임업 및 어업",01,농업,012,축산업,0122,양돈업,양돈업,1,,,,,
,17,012202,A,"농업, 임업 및 어업",01,농업,012,축산업,0122,가금류 및 조류 사육업,양계업,1,01231,A,"농업, 임업 및 어업",01,농업,012,축산업,0123,가금류 및 조류 사육업,양계업,1,,,,,
,18,012203,A,"농업, 임업 및 어업",01,농업,012,축산업,0122,가금류 및 조류 사육업,기타 가금류 및 조류 사육업,1,01239,A,"농업, 임업 및 어업",01,농업,012,축산업,0123,가금류 및 조류 사육업,기타 가금류 및 조류 사육업,1,,,,,
,19,012204,A,"농업, 임업 및 어업",01,농업,012,축산업,0122,기타 축산업,그 외 기타 축산업,1,01299,A,"농업, 임업 및 어업",01,농업,012,축산업,0129,기타 축산업,그 외 기타 축산업,3,1,,,,
,20,014300,A,"농업, 임업 및 어업",01,농업,014,작물재배 및 축산 관련 서비스업,0143,축산 관련 서비스업,축산 관련 서비스업,1,01420,A,"농업, 임업 및 어업",01,농업,014,작물재배 및 축산 관련 서비스업,0142,축산 관련 서비스업,축산 관련 서비스업,1,,,,,
,21,014301,A,"농업, 임업 및 어업",01,농업,014,작물재배 및 축산 복합농업,0143,작물재배 및 축산 복합농업,작물재배 및 축산 복합농업,1,01300,A,"농업, 임업 및 어업",01,농업,013,작물재배 및 축산 복합농업,0130,작물재배 및 축산 복합농업,작물재배 및 축산 복합농업,1,,,,,
,22,014302,A,"농업, 임업 및 어업",01,농업,014,작물재배 및 축산 관련 서비스업,0143,작물재배 관련 서비스업,작물재배 지원 서비스업,1,01411,A,"농업, 임업 및 어업",01,농업,014,작물재배 및 축산 관련 서비스업,0141,작물재배 관련 서비스업,작물재배 지원 서비스업,1,,,,,
,23,014303,A,"농업, 임업 및 어업",01,농업,014,작물재배 및 축산 관련 서비스업,0143,작물재배 관련 서비스업,"농산물 건조, 선별 및 기타 수확 후 서비스업",1,01412,A,"농업, 임업 및 어업",01,농업,014,작물재배 및 축산 관련 서비스업,0141,작물재배 관련 서비스업,"농산물 건조, 선별 및 기타 수확 후 서비스업",1,,,,,
,24,015000,A,"농업, 임업 및 어업",01,농업,015,수렵 및 관련 서비스업,0150,수렵 및 관련 서비스업,수렵 및 관련 서비스업,1,01500,A,"농업, 임업 및 어업",01,농업,015,수렵 및 관련 서비스업,0150,수렵 및 관련 서비스업,수렵 및 관련 서비스업,1,,,,,
,25,020100,A,"농업, 임업 및 어업",02,임업,020,임업,0201,영림업,임업용 종묘 생산업,1,02011,A,"농업, 임업 및 어업",02,임업,020,임업,0201,영림업,임업용 종묘 생산업,1,,,,,
,26,020101,A,"농업, 임업 및 어업",02,임업,020,임업,0201,영림업,육림업,1,02012,A,"농업, 임업 및 어업",02,임업,020,임업,0201,영림업,육림업,1,,,,,
,27,020102,A,"농업, 임업 및 어업",02,임업,020,임업,0201,임산물 채취업,임산물 채취업,1,02030,A,"농업, 임업 및 어업",02,임업,020,임업,0203,임산물 채취업,임산물 채취업,1,,,,,
,28,020200,A,"농업, 임업 및 어업",02,임업,020,임업,0202,벌목업,벌목업,1,02020,A,"농업, 임업 및 어업",02,임업,020,임업,0202,벌목업,벌목업,1,,,,,
,29,020300,A,"농업, 임업 및 어업",02,임업,020,임업,0203,임업 관련 서비스업,임업 관련 서비스업,1,02040,A,"농업, 임업 및 어업",02,임업,020,임업,0204,임업 관련 서비스업,임업 관련 서비스업,1,,,,,
,30,051102,A,"농업, 임업 및 어업",05,어업,051,어로 어업,0511,해수면 어업,연근해 어업,1,03112,A,"농업, 임업 및 어업",03,어업,031,어로 어업,0311,해수면 어업,연근해 어업,1,,,,,
,31,051104,A,"농업, 임업 및 어업",05,어업,051,어로 어업,0511,해수면 어업,원양 어업,1,03111,A,"농업, 임업 및 어업",03,어업,031,어로 어업,0311,해수면 어업,원양 어업,1,,,,,
,32,051200,A,"농업, 임업 및 어업",05,어업,051,어로 어업,0512,내수면 어업,내수면 어업,1,03120,A,"농업, 임업 및 어업",03,어업,031,어로 어업,0312,내수면 어업,내수면 어업,1,,,,,
,33,052101,A,"농업, 임업 및 어업",05,어업,052,양식어업 및 어업관련 서비스업,0521,양식 어업,해수면 양식 어업,1,03211,A,"농업, 임업 및 어업",03,어업,032,양식어업 및 어업관련 서비스업,0321,양식 어업,해수면 양식 어업,1,,,,,
,34,052103,A,"농업, 임업 및 어업",05,어업,052,양식어업 및 어업관련 서비스업,0521,양식 어업,내수면 양식 어업,1,03212,A,"농업, 임업 및 어업",03,어업,032,양식어업 및 어업관련 서비스업,0321,양식 어업,내수면 양식 어업,1,,,,,
,35,052104,A,"농업, 임업 및 어업",05,어업,052,양식어업 및 어업관련 서비스업,0521,양식 어업,수산물 부화 및 수산 종자 생산업,1,03213,A,"농업, 임업 및 어업",03,어업,032,양식어업 및 어업관련 서비스업,0321,양식 어업,수산물 부화 및 수산 종자 생산업,1,,,,,
,36,052200,A,"농업, 임업 및 어업",05,어업,052,양식어업 및 어업관련 서비스업,0522,어업 관련 서비스업,어업 관련 서비스업,1,03220,A,"농업, 임업 및 어업",03,어업,032,양식어업 및 어업관련 서비스업,0322,어업 관련 서비스업,어업 관련 서비스업,1,,,,,
,37,101000,B,광업,10,"석탄, 원유 및 천연가스 광업",101,석탄 광업,1010,석탄 광업,석탄 광업,1,05100,B,광업,05,"석탄, 원유 및 천연가스 광업",051,석탄 광업,0510,석탄 광업,석탄 광업,2,1,,,,
,38,101001,B,광업,10,비금속광물 광업; 연료용 제외,101,기타 비금속광물 광업,1010,그 외 기타 비금속광물 광업,그 외 기타 비금속광물 광업,1,07290,B,광업,07,비금속광물 광업; 연료용 제외,072,기타 비금속광물 광업,0729,그 외 기타 비금속광물 광업,그 외 기타 비금속광물 광업,4,,토탄,,,
,39,131000,B,광업,13,금속 광업,131,철 광업,1310,철 광업,철 광업,1,06100,B,광업,06,금속 광업,061,철 광업,0610,철 광업,철 광업,2,1,,,,
,40,131003,B,광업,13,금속 광업,131,비철금속 광업,1310,비철금속 광업,비철금속 광업,1,06200,B,광업,06,금속 광업,062,비철금속 광업,0620,비철금속 광업,비철금속 광업,4,,"텅스텐, 몰리브덴",,,
,41,132002,B,광업,13,금속 광업,132,비철금속 광업,1320,비철금속 광업,비철금속 광업,1,06200,B,광업,06,금속 광업,062,비철금속 광업,0620,비철금속 광업,비철금속 광업,4,,기타 비철금속,,,
,42,132003,B,광업,13,금속 광업,132,비철금속 광업,1320,비철금속 광업,비철금속 광업,1,06200,B,광업,06,금속 광업,062,비철금속 광업,0620,비철금속 광업,비철금속 광업,4,1,"금ㆍ은 및 백금, 동광석",,,
,43,141001,B,광업,14,비금속광물 광업; 연료용 제외,141,토사석 광업,1410,"석재, 쇄석 및 모래, 자갈 채취업",건설용 석재 채굴 및 쇄석 생산업,1,07121,B,광업,07,비금속광물 광업; 연료용 제외,071,토사석 광업,0712,"석재, 쇄석 및 모래, 자갈 채취업",건설용 석재 채굴 및 쇄석 생산업,3,2,건설용 석재 채굴,,,
,44,141002,B,광업,14,비금속광물 광업; 연료용 제외,141,토사석 광업,1410,석회석 및 점토 광업,석회석 및 점토 광업,1,07110,B,광업,07,비금속광물 광업; 연료용 제외,071,토사석 광업,0711,석회석 및 점토 광업,석회석 및 점토 광업,2,1,,,,
,45,141003,B,광업,14,비금속광물 광업; 연료용 제외,141,토사석 광업,1410,"석재, 쇄석 및 모래, 자갈 채취업",건설용 석재 채굴 및 쇄석 생산업,1,07121,B,광업,07,비금속광물 광업; 연료용 제외,071,토사석 광업,0712,"석재, 쇄석 및 모래, 자갈 채취업",건설용 석재 채굴 및 쇄석 생산업,3,2,건설용 쇄석 생산,,,
,46,141004,B,광업,14,비금속광물 광업; 연료용 제외,141,토사석 광업,1410,"석재, 쇄석 및 모래, 자갈 채취업",모래 및 자갈 채취업,1,07122,B,광업,07,비금속광물 광업; 연료용 제외,071,토사석 광업,0712,"석재, 쇄석 및 모래, 자갈 채취업",모래 및 자갈 채취업,3,1,,,,
,47,141006,B,광업,14,비금속광물 광업; 연료용 제외,141,토사석 광업,1410,"석재, 쇄석 및 모래, 자갈 채취업",모래 및 자갈 채취업,1,07122,B,광업,07,비금속광물 광업; 연료용 제외,071,토사석 광업,0712,"석재, 쇄석 및 모래, 자갈 채취업",모래 및 자갈 채취업,3,,공업용 모래 채취,,,
,48,142101,B,광업,14,비금속광물 광업; 연료용 제외,142,기타 비금속광물 광업,1421,그 외 기타 비금속광물 광업,그 외 기타 비금속광물 광업,1,07290,B,광업,07,비금속광물 광업; 연료용 제외,072,기타 비금속광물 광업,0729,그 외 기타 비금속광물 광업,그 외 기타 비금속광물 광업,4,,"활석, 장석 및 규조토",,,
,49,142102,B,광업,14,비금속광물 광업; 연료용 제외,142,기타 비금속광물 광업,1421,화학용 및 비료 원료용 광물 광업,화학용 및 비료 원료용 광물 광업,1,07210,B,광업,07,비금속광물 광업; 연료용 제외,072,기타 비금속광물 광업,0721,화학용 및 비료 원료용 광물 광업,화학용 및 비료 원료용 광물 광업,3,,납석,,,
,50,142104,B,광업,14,비금속광물 광업; 연료용 제외,142,기타 비금속광물 광업,1421,화학용 및 비료 원료용 광물 광업,화학용 및 비료 원료용 광물 광업,1,07210,B,광업,07,비금속광물 광업; 연료용 제외,072,기타 비금속광물 광업,0721,화학용 및 비료 원료용 광물 광업,화학용 및 비료 원료용 광물 광업,3,1,,,,
,51,142200,B,광업,14,비금속광물 광업; 연료용 제외,142,기타 비금속광물 광업,1422,천일염 생산 및 암염 채취업,천일염 생산 및 암염 채취업,1,07220,B,광업,07,비금속광물 광업; 연료용 제외,072,기타 비금속광물 광업,0722,천일염 생산 및 암염 채취업,천일염 생산 및 암염 채취업,1,,,,,
,52,142902,B,광업,14,비금속광물 광업; 연료용 제외,142,기타 비금속광물 광업,1429,그 외 기타 비금속광물 광업,그 외 기타 비금속광물 광업,1,07290,B,광업,07,비금속광물 광업; 연료용 제외,072,기타 비금속광물 광업,0729,그 외 기타 비금속광물 광업,그 외 기타 비금속광물 광업,4,1,,,,
,53,142909,B,광업,14,"석탄, 원유 및 천연가스 광업",142,원유 및 천연가스 채굴업,1429,원유 및 천연가스 채굴업,원유 및 천연가스 채굴업,1,05200,B,광업,05,"석탄, 원유 및 천연가스 광업",052,원유 및 천연가스 채굴업,0520,원유 및 천연가스 채굴업,원유 및 천연가스 채굴업,1,,,,,
,54,142910,B,광업,14,광업 지원 서비스업,142,광업 지원 서비스업,1429,광업 지원 서비스업,광업 지원 서비스업,1,08000,B,광업,08,광업 지원 서비스업,080,광업 지원 서비스업,0800,광업 지원 서비스업,광업 지원 서비스업,1,,,,,
,55,143101,B,광업,14,금속 광업,143,비철금속 광업,1431,비철금속 광업,비철금속 광업(조광권자),1,06200,B,광업,06,금속 광업,062,비철금속 광업,0620,비철금속 광업,비철금속 광업,4,,조광권자,,,
,56,143103,B,광업,14,금속 광업,143,철 광업,1431,철 광업,철 광업(조광권자),1,06100,B,광업,06,금속 광업,061,철 광업,0610,철 광업,철 광업,2,,조광권자,,,
,57,143106,B,광업,14,"석탄, 원유 및 천연가스 광업",143,석탄 광업,1431,석탄 광업,석탄 광업(조광권자),1,05100,B,광업,05,"석탄, 원유 및 천연가스 광업",051,석탄 광업,0510,석탄 광업,석탄 광업,2,,조광권자,,,
,58,143107,B,광업,14,비금속광물 광업; 연료용 제외,143,토사석 광업,1431,석회석 및 점토 광업,석회석 및 점토 광업,5,07110,B,광업,07,비금속광물 광업; 연료용 제외,071,토사석 광업,0711,석회석 및 점토 광업,석회석 및 점토 광업,2,,조광권자,,,
,58,143107,B,광업,14,비금속광물 광업; 연료용 제외,143,토사석 광업,1431,"석재, 쇄석 및 모래, 자갈 채취업",건설용 석재 채굴 및 쇄석 생산업,5,07121,B,광업,07,비금속광물 광업; 연료용 제외,071,토사석 광업,0712,"석재, 쇄석 및 모래, 자갈 채취업",건설용 석재 채굴 및 쇄석 생산업,3,,조광권자,,,
,58,143107,B,광업,14,비금속광물 광업; 연료용 제외,143,토사석 광업,1431,"석재, 쇄석 및 모래, 자갈 채취업",모래 및 자갈 채취업,5,07122,B,광업,07,비금속광물 광업; 연료용 제외,071,토사석 광업,0712,"석재, 쇄석 및 모래, 자갈 채취업",모래 및 자갈 채취업,3,,조광권자,,,
,58,143107,B,광업,14,비금속광물 광업; 연료용 제외,143,기타 비금속광물 광업,1431,화학용 및 비료 원료용 광물 광업,화학용 및 비료 원료용 광물 광업,5,07210,B,광업,07,비금속광물 광업; 연료용 제외,072,기타 비금속광물 광업,0721,화학용 및 비료 원료용 광물 광업,화학용 및 비료 원료용 광물 광업,3,,조광권자,,,
,58,143107,B,광업,14,비금속광물 광업; 연료용 제외,143,기타 비금속광물 광업,1431,그 외 기타 비금속광물 광업,그 외 기타 비금속광물 광업,5,07290,B,광업,07,비금속광물 광업; 연료용 제외,072,기타 비금속광물 광업,0729,그 외 기타 비금속광물 광업,그 외 기타 비금속광물 광업,4,,조광권자,,,
,59,143200,N,"사업시설 관리, 사업 지원 및 임대 서비스업",14,임대업; 부동산 제외,143,무형 재산권 임대업,1432,무형 재산권 임대업,무형 재산권 임대업,1,76400,N,"사업시설 관리, 사업 지원 및 임대 서비스업",76,임대업; 부동산 제외,764,무형 재산권 임대업,7640,무형 재산권 임대업,무형 재산권 임대업,3,,조광료,,,
,60,151101,C,제조업,15,식료품 제조업,151,"도축, 육류 가공 및 저장 처리업",1511,도축업,육류 도축업(가금류 제외),1,10111,C,제조업,10,식료품 제조업,101,"도축, 육류 가공 및 저장 처리업",1011,도축업,육류 도축업(가금류 제외),2,1,,,,
,61,151102,C,제조업,15,식료품 제조업,151,"도축, 육류 가공 및 저장 처리업",1511,육류 가공 및 저장 처리업,가금류 가공 및 저장 처리업,1,10121,C,제조업,10,식료품 제조업,101,"도축, 육류 가공 및 저장 처리업",1012,육류 가공 및 저장 처리업,가금류 가공 및 저장 처리업,2,1,,,,
,62,151103,C,제조업,15,식료품 제조업,151,"도축, 육류 가공 및 저장 처리업",1511,도축업,가금류 도축업,1,10112,C,제조업,10,식료품 제조업,101,"도축, 육류 가공 및 저장 처리업",1011,도축업,가금류 도축업,2,1,,,,
,63,151104,C,제조업,15,식료품 제조업,151,"도축, 육류 가공 및 저장 처리업",1511,육류 가공 및 저장 처리업,육류 포장육 및 냉동육 가공업(가금류 제외),1,10122,C,제조업,10,식료품 제조업,101,"도축, 육류 가공 및 저장 처리업",1012,육류 가공 및 저장 처리업,육류 포장육 및 냉동육 가공업(가금류 제외),2,1,,,,
,64,151105,C,제조업,15,식료품 제조업,151,"도축, 육류 가공 및 저장 처리업",1511,육류 가공 및 저장 처리업,육류 기타 가공 및 저장 처리업(가금류 제외),1,10129,C,제조업,10,식료품 제조업,101,"도축, 육류 가공 및 저장 처리업",1012,육류 가공 및 저장 처리업,육류 기타 가공 및 저장 처리업(가금류 제외),1,,,,,
,65,151200,C,제조업,15,식료품 제조업,151,수산물 가공 및 저장 처리업,1512,수산동물 가공 및 저장 처리업,수산동물 건조 및 염장품 제조업,1,10212,C,제조업,10,식료품 제조업,102,수산물 가공 및 저장 처리업,1021,수산동물 가공 및 저장 처리업,수산동물 건조 및 염장품 제조업,2,1,,,,
,66,151201,C,제조업,15,식료품 제조업,151,수산물 가공 및 저장 처리업,1512,수산동물 가공 및 저장 처리업,"수산동물 훈제, 조리 및 유사 조제식품 제조업",1,10211,C,제조업,10,식료품 제조업,102,수산물 가공 및 저장 처리업,1021,수산동물 가공 및 저장 처리업,"수산동물 훈제, 조리 및 유사 조제식품 제조업",1,,,,,
,67,151202,C,제조업,15,식료품 제조업,151,수산물 가공 및 저장 처리업,1512,수산동물 가공 및 저장 처리업,수산동물 냉동품 제조업,1,10213,C,제조업,10,식료품 제조업,102,수산물 가공 및 저장 처리업,1021,수산동물 가공 및 저장 처리업,수산동물 냉동품 제조업,2,1,,,,
,68,151203,C,제조업,15,식료품 제조업,151,수산물 가공 및 저장 처리업,1512,수산동물 가공 및 저장 처리업,기타 수산동물 가공 및 저장 처리업,1,10219,C,제조업,10,식료품 제조업,102,수산물 가공 및 저장 처리업,1021,수산동물 가공 및 저장 처리업,기타 수산동물 가공 및 저장 처리업,1,,,,,
,69,151301,C,제조업,15,식료품 제조업,151,"과실, 채소 가공 및 저장 처리업",1513,"과실, 채소 가공 및 저장 처리업",김치류 제조업,1,10301,C,제조업,10,식료품 제조업,103,"과실, 채소 가공 및 저장 처리업",1030,"과실, 채소 가공 및 저장 처리업",김치류 제조업,1,,,,,
,70,151302,C,제조업,15,식료품 제조업,151,"과실, 채소 가공 및 저장 처리업",1513,"과실, 채소 가공 및 저장 처리업",기타 과실ㆍ채소 가공 및 저장 처리업,1,10309,C,제조업,10,식료품 제조업,103,"과실, 채소 가공 및 저장 처리업",1030,"과실, 채소 가공 및 저장 처리업",기타 과실ㆍ채소 가공 및 저장 처리업,3,1,,,,
,71,151304,C,제조업,15,식료품 제조업,151,"과실, 채소 가공 및 저장 처리업",1513,"과실, 채소 가공 및 저장 처리업",과실 및 그 외 채소 절임식품 제조업,1,10302,C,제조업,10,식료품 제조업,103,"과실, 채소 가공 및 저장 처리업",1030,"과실, 채소 가공 및 저장 처리업",과실 및 그 외 채소 절임식품 제조업,1,,,,,
,72,151400,C,제조업,15,식료품 제조업,151,동ㆍ식물성 유지 및 낙농제품 제조업,1514,동물성 및 식물성 유지 제조업,식물성 유지 제조업,1,10412,C,제조업,10,식료품 제조업,104,동ㆍ식물성 유지 및 낙농제품 제조업,1041,동물성 및 식물성 유지 제조업,식물성 유지 제조업,2,1,,,,
,73,151401,C,제조업,15,식료품 제조업,151,동ㆍ식물성 유지 및 낙농제품 제조업,1514,동물성 및 식물성 유지 제조업,동물성 유지 제조업,1,10411,C,제조업,10,식료품 제조업,104,동ㆍ식물성 유지 및 낙농제품 제조업,1041,동물성 및 식물성 유지 제조업,동물성 유지 제조업,2,1,,,,
,74,151402,C,제조업,15,식료품 제조업,151,동ㆍ식물성 유지 및 낙농제품 제조업,1514,동물성 및 식물성 유지 제조업,식용 정제유 및 가공유 제조업,1,10413,C,제조업,10,식료품 제조업,104,동ㆍ식물성 유지 및 낙농제품 제조업,1041,동물성 및 식물성 유지 제조업,식용 정제유 및 가공유 제조업,1,,,,,
,75,152001,C,제조업,15,식료품 제조업,152,동ㆍ식물성 유지 및 낙농제품 제조업,1520,낙농제품 및 식용 빙과류 제조업,액상 시유 및 기타 낙농제품 제조업(분유 및 조제분유),1,10421,C,제조업,10,식료품 제조업,104,동ㆍ식물성 유지 및 낙농제품 제조업,1042,낙농제품 및 식용 빙과류 제조업,액상 시유 및 기타 낙농제품 제조업,2,,분유 및 조제분유,,,
,76,152002,C,제조업,15,식료품 제조업,152,동ㆍ식물성 유지 및 낙농제품 제조업,1520,낙농제품 및 식용 빙과류 제조업,액상 시유 및 기타 낙농제품 제조업,1,10421,C,제조업,10,식료품 제조업,104,동ㆍ식물성 유지 및 낙농제품 제조업,1042,낙농제품 및 식용 빙과류 제조업,액상 시유 및 기타 낙농제품 제조업,2,1,,,,
,77,152003,C,제조업,15,식료품 제조업,152,동ㆍ식물성 유지 및 낙농제품 제조업,1520,낙농제품 및 식용 빙과류 제조업,아이스크림 및 기타 식용 빙과류 제조업,1,10422,C,제조업,10,식료품 제조업,104,동ㆍ식물성 유지 및 낙농제품 제조업,1042,낙농제품 및 식용 빙과류 제조업,아이스크림 및 기타 식용 빙과류 제조업,1,,,,,
,78,153101,C,제조업,15,식료품 제조업,153,"곡물 가공품, 전분 및 전분제품 제조업",1531,곡물 가공품 제조업,기타 곡물 가공품 제조업,1,10519,C,제조업,10,식료품 제조업,105,"곡물 가공품, 전분 및 전분제품 제조업",1051,곡물 가공품 제조업,기타 곡물 가공품 제조업,2,1,,,,
,79,153102,C,제조업,15,식료품 제조업,153,"곡물 가공품, 전분 및 전분제품 제조업",1531,곡물 가공품 제조업,곡물 도정업,1,10511,C,제조업,10,식료품 제조업,105,"곡물 가공품, 전분 및 전분제품 제조업",1051,곡물 가공품 제조업,곡물 도정업,2,1,,,,
,80,153103,C,제조업,15,식료품 제조업,153,"곡물 가공품, 전분 및 전분제품 제조업",1531,곡물 가공품 제조업,곡물 제분업,1,10512,C,제조업,10,식료품 제조업,105,"곡물 가공품, 전분 및 전분제품 제조업",1051,곡물 가공품 제조업,곡물 제분업,3,1,,,,
,81,153104,C,제조업,15,식료품 제조업,153,동물용 사료 및 조제식품 제조업,1531,동물용 사료 및 조제식품 제조업,반려동물용 사료 제조업,2,10901,C,제조업,10,식료품 제조업,109,동물용 사료 및 조제식품 제조업,1090,동물용 사료 및 조제식품 제조업,반려동물용 사료 제조업,3,,사료절단 분쇄,,,
,81,153104,C,제조업,15,식료품 제조업,153,동물용 사료 및 조제식품 제조업,1531,동물용 사료 및 조제식품 제조업,단미사료 및 기타 사료 제조업,2,10903,C,제조업,10,식료품 제조업,109,동물용 사료 및 조제식품 제조업,1090,동물용 사료 및 조제식품 제조업,단미사료 및 기타 사료 제조업,2,,사료절단 분쇄,,,
,82,153105,C,제조업,15,식료품 제조업,153,"곡물 가공품, 전분 및 전분제품 제조업",1531,전분제품 및 당류 제조업,전분제품 및 당류 제조업,1,10520,C,제조업,10,식료품 제조업,105,"곡물 가공품, 전분 및 전분제품 제조업",1052,전분제품 및 당류 제조업,전분제품 및 당류 제조업,2,2,전분 및 전분제품,,,
,83,153106,C,제조업,15,식료품 제조업,153,"곡물 가공품, 전분 및 전분제품 제조업",1531,곡물 가공품 제조업,곡물 혼합 분말 및 반죽 제조업,1,10513,C,제조업,10,식료품 제조업,105,"곡물 가공품, 전분 및 전분제품 제조업",1051,곡물 가공품 제조업,곡물 혼합 분말 및 반죽 제조업,1,,,,,
,84,153107,C,제조업,15,식료품 제조업,153,도시락 및 식사용 조리식품 제조업,1531,도시락 및 식사용 조리식품 제조업,도시락류 제조업,1,10701,C,제조업,10,식료품 제조업,107,도시락 및 식사용 조리식품 제조업,1070,도시락 및 식사용 조리식품 제조업,도시락류 제조업,1,,,,,
,85,153202,C,제조업,15,식료품 제조업,153,"곡물 가공품, 전분 및 전분제품 제조업",1532,전분제품 및 당류 제조업,전분제품 및 당류 제조업,1,10520,C,제조업,10,식료품 제조업,105,"곡물 가공품, 전분 및 전분제품 제조업",1052,전분제품 및 당류 제조업,전분제품 및 당류 제조업,2,2,당류,,,
,86,153300,C,제조업,15,식료품 제조업,153,동물용 사료 및 조제식품 제조업,1533,동물용 사료 및 조제식품 제조업,반려동물용 사료 제조업,2,10901,C,제조업,10,식료품 제조업,109,동물용 사료 및 조제식품 제조업,1090,동물용 사료 및 조제식품 제조업,반려동물용 사료 제조업,3,,,,,
,86,153300,C,제조업,15,식료품 제조업,153,동물용 사료 및 조제식품 제조업,1533,동물용 사료 및 조제식품 제조업,배합 사료 제조업,2,10902,C,제조업,10,식료품 제조업,109,동물용 사료 및 조제식품 제조업,1090,동물용 사료 및 조제식품 제조업,배합사료 제조업,1,,,,,
,87,153301,C,제조업,15,식료품 제조업,153,동물용 사료 및 조제식품 제조업,1533,동물용 사료 및 조제식품 제조업,반려동물용 사료 제조업,2,10901,C,제조업,10,식료품 제조업,109,동물용 사료 및 조제식품 제조업,1090,동물용 사료 및 조제식품 제조업,반려동물용 사료 제조업,3,,,,,
,87,153301,C,제조업,15,식료품 제조업,153,동물용 사료 및 조제식품 제조업,1533,동물용 사료 및 조제식품 제조업,단미사료 및 기타 사료 제조업,2,10903,C,제조업,10,식료품 제조업,109,동물용 사료 및 조제식품 제조업,1090,동물용 사료 및 조제식품 제조업,단미사료 및 기타 사료 제조업,2,1,,,,
,88,154101,C,제조업,15,식료품 제조업,154,"떡, 빵 및 과자류 제조업",1541,"떡, 빵 및 과자류 제조업",떡류 제조업,1,10601,C,제조업,10,식료품 제조업,106,"떡, 빵 및 과자류 제조업",1060,"떡, 빵 및 과자류 제조업",떡류 제조업,1,,,,,
,89,154102,C,제조업,15,식료품 제조업,154,"떡, 빵 및 과자류 제조업",1541,"떡, 빵 및 과자류 제조업",과자류 및 코코아 제품 제조업,1,10603,C,제조업,10,식료품 제조업,106,"떡, 빵 및 과자류 제조업",1060,"떡, 빵 및 과자류 제조업",과자류 및 코코아 제품 제조업,1,,,,,
,90,154103,C,제조업,15,식료품 제조업,154,도시락 및 식사용 조리식품 제조업,1541,도시락 및 식사용 조리식품 제조업,기타 식사용 가공처리 조리식품 제조업,1,10709,C,제조업,10,식료품 제조업,107,도시락 및 식사용 조리식품 제조업,1070,도시락 및 식사용 조리식품 제조업,기타 식사용 가공처리 조리식품 제조업,1,,,,,
,91,154104,C,제조업,15,식료품 제조업,154,"떡, 빵 및 과자류 제조업",1541,"떡, 빵 및 과자류 제조업",빵류 제조업,1,10602,C,제조업,10,식료품 제조업,106,"떡, 빵 및 과자류 제조업",1060,"떡, 빵 및 과자류 제조업",빵류 제조업,1,,,,,
,92,154200,C,제조업,15,식료품 제조업,154,기타 식품 제조업,1542,설탕 제조업,설탕 제조업,1,10810,C,제조업,10,식료품 제조업,108,기타 식품 제조업,1081,설탕 제조업,설탕 제조업,1,,,,,
,93,154400,C,제조업,15,식료품 제조업,154,기타 식품 제조업,1544,"면류, 마카로니 및 유사 식품 제조업","면류, 마카로니 및 유사 식품 제조업",1,10820,C,제조업,10,식료품 제조업,108,기타 식품 제조업,1082,"면류, 마카로니 및 유사 식품 제조업","면류, 마카로니 및 유사 식품 제조업",1,,,,,
,94,154501,C,제조업,15,식료품 제조업,154,기타 식품 제조업,1545,조미료 및 식품 첨가물 제조업,천연 및 혼합 조제 조미료 제조업,1,10832,C,제조업,10,식료품 제조업,108,기타 식품 제조업,1083,조미료 및 식품 첨가물 제조업,천연 및 혼합 조제 조미료 제조업,1,,,,,
,95,154502,C,제조업,15,식료품 제조업,154,기타 식품 제조업,1545,조미료 및 식품 첨가물 제조업,장류 제조업,1,10833,C,제조업,10,식료품 제조업,108,기타 식품 제조업,1083,조미료 및 식품 첨가물 제조업,장류 제조업,1,,,,,
,96,154503,C,제조업,15,식료품 제조업,154,기타 식품 제조업,1545,조미료 및 식품 첨가물 제조업,"식초, 발효 및 화학 조미료 제조업",1,10831,C,제조업,10,식료품 제조업,108,기타 식품 제조업,1083,조미료 및 식품 첨가물 제조업,"식초, 발효 및 화학 조미료 제조업",1,,,,,
,97,154509,C,제조업,15,식료품 제조업,154,기타 식품 제조업,1545,조미료 및 식품 첨가물 제조업,기타 식품 첨가물 제조업,1,10839,C,제조업,10,식료품 제조업,108,기타 식품 제조업,1083,조미료 및 식품 첨가물 제조업,기타 식품 첨가물 제조업,1,,,,,
,98,154801,C,제조업,15,식료품 제조업,154,"곡물 가공품, 전분 및 전분제품 제조업",1548,곡물 가공품 제조업,곡물 도정업,1,10511,C,제조업,10,식료품 제조업,105,"곡물 가공품, 전분 및 전분제품 제조업",1051,곡물 가공품 제조업,곡물 도정업,2,,임가공,,,
,99,154802,C,제조업,15,식료품 제조업,154,"곡물 가공품, 전분 및 전분제품 제조업",1548,곡물 가공품 제조업,곡물 제분업,1,10512,C,제조업,10,식료품 제조업,105,"곡물 가공품, 전분 및 전분제품 제조업",1051,곡물 가공품 제조업,곡물 제분업,3,,떡방앗간,,,
,100,154803,C,제조업,15,식료품 제조업,154,"도축, 육류 가공 및 저장 처리업",1548,도축업,육류 도축업(가금류 제외),2,10111,C,제조업,10,식료품 제조업,101,"도축, 육류 가공 및 저장 처리업",1011,도축업,육류 도축업(가금류 제외),2,,임가공,,,
,100,154803,C,제조업,15,식료품 제조업,154,"도축, 육류 가공 및 저장 처리업",1548,도축업,가금류 도축업,2,10112,C,제조업,10,식료품 제조업,101,"도축, 육류 가공 및 저장 처리업",1011,도축업,가금류 도축업,2,,임가공,,,
,101,154804,C,제조업,15,식료품 제조업,154,"도축, 육류 가공 및 저장 처리업",1548,육류 가공 및 저장 처리업,가금류 가공 및 저장 처리업,4,10121,C,제조업,10,식료품 제조업,101,"도축, 육류 가공 및 저장 처리업",1012,육류 가공 및 저장 처리업,가금류 가공 및 저장 처리업,2,,임가공(가금류 냉동),,,
,101,154804,C,제조업,15,식료품 제조업,154,"도축, 육류 가공 및 저장 처리업",1548,육류 가공 및 저장 처리업,육류 포장육 및 냉동육 가공업(가금류 제외),4,10122,C,제조업,10,식료품 제조업,101,"도축, 육류 가공 및 저장 처리업",1012,육류 가공 및 저장 처리업,육류 포장육 및 냉동육 가공업(가금류 제외),2,,임가공(육류 가공냉동),,,
,101,154804,C,제조업,15,식료품 제조업,154,수산물 가공 및 저장 처리업,1548,수산동물 가공 및 저장 처리업,수산동물 냉동품 제조업,4,10213,C,제조업,10,식료품 제조업,102,수산물 가공 및 저장 처리업,1021,수산동물 가공 및 저장 처리업,수산동물 냉동품 제조업,2,,임가공(수산물 및 가공식품냉동),,,
,101,154804,C,제조업,15,식료품 제조업,154,"과실, 채소 가공 및 저장 처리업",1548,"과실, 채소 가공 및 저장 처리업",기타 과실ㆍ채소 가공 및 저장 처리업,4,10309,C,제조업,10,식료품 제조업,103,"과실, 채소 가공 및 저장 처리업",1030,"과실, 채소 가공 및 저장 처리업",기타 과실ㆍ채소 가공 및 저장 처리업,3,,임가공(과실 및 채소 냉동),,,
,102,154805,C,제조업,15,식료품 제조업,154,동ㆍ식물성 유지 및 낙농제품 제조업,1548,동물성 및 식물성 유지 제조업,동물성 유지 제조업,7,10411,C,제조업,10,식료품 제조업,104,동ㆍ식물성 유지 및 낙농제품 제조업,1041,동물성 및 식물성 유지 제조업,동물성 유지 제조업,2,,임가공(동물성 유지 원료의 착유),,,
,102,154805,C,제조업,15,식료품 제조업,154,동ㆍ식물성 유지 및 낙농제품 제조업,1548,동물성 및 식물성 유지 제조업,식물성 유지 제조업,7,10412,C,제조업,10,식료품 제조업,104,동ㆍ식물성 유지 및 낙농제품 제조업,1041,동물성 및 식물성 유지 제조업,식물성 유지 제조업,2,,임가공(식물성 유지 원료의 착유),,,
,102,154805,C,제조업,15,식료품 제조업,154,수산물 가공 및 저장 처리업,1548,수산동물 가공 및 저장 처리업,수산동물 건조 및 염장품 제조업,7,10212,C,제조업,10,식료품 제조업,102,수산물 가공 및 저장 처리업,1021,수산동물 가공 및 저장 처리업,수산동물 건조 및 염장품 제조업,2,,"임가공(어류, 염장품)",,,
,102,154805,C,제조업,15,식료품 제조업,154,수산물 가공 및 저장 처리업,1548,수산식물 가공 및 저장 처리업,수산식물 가공 및 저장 처리업,7,10220,C,제조업,10,식료품 제조업,102,수산물 가공 및 저장 처리업,1022,수산식물 가공 및 저장 처리업,수산식물 가공 및 저장 처리업,2,,임가공(해조류 건조품),,,
,102,154805,C,제조업,15,식료품 제조업,154,"과실, 채소 가공 및 저장 처리업",1548,"과실, 채소 가공 및 저장 처리업",기타 과실ㆍ채소 가공 및 저장 처리업,7,10309,C,제조업,10,식료품 제조업,103,"과실, 채소 가공 및 저장 처리업",1030,"과실, 채소 가공 및 저장 처리업",기타 과실ㆍ채소 가공 및 저장 처리업,3,,임가공(과실 및 채소 건조식품),,,
,102,154805,C,제조업,15,식료품 제조업,154,"곡물 가공품, 전분 및 전분제품 제조업",1548,곡물 가공품 제조업,기타 곡물 가공품 제조업,7,10519,C,제조업,10,식료품 제조업,105,"곡물 가공품, 전분 및 전분제품 제조업",1051,곡물 가공품 제조업,기타 곡물 가공품 제조업,2,,임가공(튀김 곡물),,,
,102,154805,C,제조업,15,식료품 제조업,154,기타 식품 제조업,1548,기타 식료품 제조업,건강 보조용 액화식품 제조업,7,10896,C,제조업,10,식료품 제조업,108,기타 식품 제조업,1089,기타 식료품 제조업,건강 보조용 액화식품 제조업,2,,임가공(한약 및 건강식품 액화처리),,,
,103,154806,C,제조업,15,식료품 제조업,154,"곡물 가공품, 전분 및 전분제품 제조업",1548,곡물 가공품 제조업,곡물 제분업,1,10512,C,제조업,10,식료품 제조업,105,"곡물 가공품, 전분 및 전분제품 제조업",1051,곡물 가공품 제조업,곡물 제분업,3,,임가공,,,
,104,154901,C,제조업,15,식료품 제조업,154,기타 식품 제조업,1549,기타 식료품 제조업,커피 가공업,1,10891,C,제조업,10,식료품 제조업,108,기타 식품 제조업,1089,기타 식료품 제조업,커피 가공업,1,,,,,
,105,154902,C,제조업,15,식료품 제조업,154,기타 식품 제조업,1549,기타 식료품 제조업,두부 및 유사 식품 제조업,1,10894,C,제조업,10,식료품 제조업,108,기타 식품 제조업,1089,기타 식료품 제조업,두부 및 유사 식품 제조업,1,,,,,
,106,154903,C,제조업,15,식료품 제조업,154,기타 식품 제조업,1549,기타 식료품 제조업,건강 보조용 액화식품 제조업,1,10896,C,제조업,10,식료품 제조업,108,기타 식품 제조업,1089,기타 식료품 제조업,건강 보조용 액화식품 제조업,2,1,,,,
,107,154904,C,제조업,15,식료품 제조업,154,수산물 가공 및 저장 처리업,1549,수산식물 가공 및 저장 처리업,수산식물 가공 및 저장 처리업,1,10220,C,제조업,10,식료품 제조업,102,수산물 가공 및 저장 처리업,1022,수산식물 가공 및 저장 처리업,수산식물 가공 및 저장 처리업,2,1,,,,
,108,154905,C,제조업,15,식료품 제조업,154,기타 식품 제조업,1549,기타 식료품 제조업,차류 가공업,1,10892,C,제조업,10,식료품 제조업,108,기타 식품 제조업,1089,기타 식료품 제조업,차류 가공업,1,,,,,
,109,154906,C,제조업,15,식료품 제조업,154,기타 식품 제조업,1549,기타 식료품 제조업,인삼식품 제조업,1,10895,C,제조업,10,식료품 제조업,108,기타 식품 제조업,1089,기타 식료품 제조업,인삼식품 제조업,1,,,,,
,110,154907,C,제조업,15,식료품 제조업,154,기타 식품 제조업,1549,기타 식료품 제조업,수프 및 균질화식품 제조업,1,10893,C,제조업,10,식료품 제조업,108,기타 식품 제조업,1089,기타 식료품 제조업,수프 및 균질화식품 제조업,1,,,,,
,111,154908,C,제조업,15,식료품 제조업,154,기타 식품 제조업,1549,기타 식료품 제조업,건강 기능식품 제조업,1,10897,C,제조업,10,식료품 제조업,108,기타 식품 제조업,1089,기타 식료품 제조업,건강 기능식품 제조업,1,,,,,
,112,154909,C,제조업,15,식료품 제조업,154,기타 식품 제조업,1549,기타 식료품 제조업,그 외 기타 식료품 제조업,1,10899,C,제조업,10,식료품 제조업,108,기타 식품 제조업,1089,기타 식료품 제조업,그 외 기타 식료품 제조업,1,,,,,
,113,155101,C,제조업,15,음료 제조업,155,알코올 음료 제조업,1551,증류주 및 합성주 제조업,주정 제조업,1,11121,C,제조업,11,음료 제조업,111,알코올 음료 제조업,1112,증류주 및 합성주 제조업,주정 제조업,1,,,,,
,114,155102,C,제조업,15,음료 제조업,155,알코올 음료 제조업,1551,증류주 및 합성주 제조업,소주 제조업,1,11122,C,제조업,11,음료 제조업,111,알코올 음료 제조업,1112,증류주 및 합성주 제조업,소주 제조업,1,,,,,
,115,155103,C,제조업,15,음료 제조업,155,알코올 음료 제조업,1551,증류주 및 합성주 제조업,기타 증류주 및 합성주 제조업,1,11129,C,제조업,11,음료 제조업,111,알코올 음료 제조업,1112,증류주 및 합성주 제조업,기타 증류주 및 합성주 제조업,1,,,,,
,116,155201,C,제조업,15,음료 제조업,155,알코올 음료 제조업,1552,발효주 제조업,탁주 및 약주 제조업,1,11111,C,제조업,11,음료 제조업,111,알코올 음료 제조업,1111,발효주 제조업,탁주 및 약주 제조업,2,2,탁주,,,
,117,155202,C,제조업,15,음료 제조업,155,알코올 음료 제조업,1552,발효주 제조업,탁주 및 약주 제조업,1,11111,C,제조업,11,음료 제조업,111,알코올 음료 제조업,1111,발효주 제조업,탁주 및 약주 제조업,2,2,약주,,,
,118,155203,C,제조업,15,음료 제조업,155,알코올 음료 제조업,1552,발효주 제조업,기타 발효주 제조업,1,11119,C,제조업,11,음료 제조업,111,알코올 음료 제조업,1111,발효주 제조업,기타 발효주 제조업,1,,,,,
,119,155300,C,제조업,15,음료 제조업,155,알코올 음료 제조업,1553,발효주 제조업,맥아 및 맥주 제조업,1,11112,C,제조업,11,음료 제조업,111,알코올 음료 제조업,1111,발효주 제조업,맥아 및 맥주 제조업,1,,,,,
,120,155401,C,제조업,15,음료 제조업,155,비알코올 음료 및 얼음 제조업,1554,비알코올 음료 및 얼음 제조업,기타 비알코올 음료 제조업,1,11209,C,제조업,11,음료 제조업,112,비알코올 음료 및 얼음 제조업,1120,비알코올 음료 및 얼음 제조업,기타 비알코올 음료 제조업,2,,탄산음료,,,
,121,155402,C,제조업,15,음료 제조업,155,비알코올 음료 및 얼음 제조업,1554,비알코올 음료 및 얼음 제조업,기타 비알코올 음료 제조업,1,11209,C,제조업,11,음료 제조업,112,비알코올 음료 및 얼음 제조업,1120,비알코올 음료 및 얼음 제조업,기타 비알코올 음료 제조업,2,1,,,,
,122,155403,C,제조업,15,음료 제조업,155,비알코올 음료 및 얼음 제조업,1554,비알코올 음료 및 얼음 제조업,생수 생산업,1,11202,C,제조업,11,음료 제조업,112,비알코올 음료 및 얼음 제조업,1120,비알코올 음료 및 얼음 제조업,생수 생산업,1,,,,,
,123,155404,C,제조업,15,음료 제조업,155,비알코올 음료 및 얼음 제조업,1554,비알코올 음료 및 얼음 제조업,얼음 제조업,1,11201,C,제조업,11,음료 제조업,112,비알코올 음료 및 얼음 제조업,1120,비알코올 음료 및 얼음 제조업,얼음 제조업,1,,,,,
,124,160000,C,제조업,16,담배 제조업,160,담배 제조업,1600,담배 제조업,담배제품 제조업,1,12000,C,제조업,12,담배 제조업,120,담배 제조업,1200,담배 제조업,담배제품 제조업,1,,,,,
,125,171101,C,제조업,17,섬유제품 제조업; 의복 제외,171,방적 및 가공사 제조업,1711,방적 및 가공사 제조업,화학섬유 방적업,1,13103,C,제조업,13,섬유제품 제조업; 의복 제외,131,방적 및 가공사 제조업,1310,방적 및 가공사 제조업,화학섬유 방적업,4,,"인견사, 아세테이드사",,,
,126,171102,C,제조업,17,섬유제품 제조업; 의복 제외,171,방적 및 가공사 제조업,1711,방적 및 가공사 제조업,면 방적업,1,13101,C,제조업,13,섬유제품 제조업; 의복 제외,131,방적 및 가공사 제조업,1310,방적 및 가공사 제조업,면 방적업,1,,,,,
,127,171104,C,제조업,17,섬유제품 제조업; 의복 제외,171,방적 및 가공사 제조업,1711,방적 및 가공사 제조업,모 방적업,1,13102,C,제조업,13,섬유제품 제조업; 의복 제외,131,방적 및 가공사 제조업,1310,방적 및 가공사 제조업,모 방적업,1,,,,,
,128,171105,C,제조업,17,섬유제품 제조업; 의복 제외,171,방적 및 가공사 제조업,1711,방적 및 가공사 제조업,연사 및 가공사 제조업,1,13104,C,제조업,13,섬유제품 제조업; 의복 제외,131,방적 및 가공사 제조업,1310,방적 및 가공사 제조업,연사 및 가공사 제조업,2,1,,,,
,129,171106,C,제조업,17,섬유제품 제조업; 의복 제외,171,방적 및 가공사 제조업,1711,방적 및 가공사 제조업,화학섬유 방적업,1,13103,C,제조업,13,섬유제품 제조업; 의복 제외,131,방적 및 가공사 제조업,1310,방적 및 가공사 제조업,화학섬유 방적업,4,,나일론사,,,
,130,171107,C,제조업,17,섬유제품 제조업; 의복 제외,171,방적 및 가공사 제조업,1711,방적 및 가공사 제조업,화학섬유 방적업,1,13103,C,제조업,13,섬유제품 제조업; 의복 제외,131,방적 및 가공사 제조업,1310,방적 및 가공사 제조업,화학섬유 방적업,4,,PVC사류,,,
,131,171108,C,제조업,17,섬유제품 제조업; 의복 제외,171,방적 및 가공사 제조업,1711,방적 및 가공사 제조업,화학섬유 방적업,1,13103,C,제조업,13,섬유제품 제조업; 의복 제외,131,방적 및 가공사 제조업,1310,방적 및 가공사 제조업,화학섬유 방적업,4,1,,,,
,132,171109,C,제조업,17,섬유제품 제조업; 의복 제외,171,직물 직조 및 직물제품 제조업,1711,직물 직조업,화학섬유직물 직조업,1,13213,C,제조업,13,섬유제품 제조업; 의복 제외,132,직물 직조 및 직물제품 제조업,1321,직물 직조업,화학섬유직물 직조업,1,,,,,
,133,171110,C,제조업,17,섬유제품 제조업; 의복 제외,171,방적 및 가공사 제조업,1711,방적 및 가공사 제조업,기타 방적업,1,13109,C,제조업,13,섬유제품 제조업; 의복 제외,131,방적 및 가공사 제조업,1310,방적 및 가공사 제조업,기타 방적업,2,,"생사, 견방적사",,,
,134,171112,C,제조업,17,섬유제품 제조업; 의복 제외,171,직물 직조 및 직물제품 제조업,1711,직물 직조업,모직물 직조업,1,13212,C,제조업,13,섬유제품 제조업; 의복 제외,132,직물 직조 및 직물제품 제조업,1321,직물 직조업,모직물 직조업,1,,,,,
,135,171114,C,제조업,17,섬유제품 제조업; 의복 제외,171,방적 및 가공사 제조업,1711,방적 및 가공사 제조업,기타 방적업,1,13109,C,제조업,13,섬유제품 제조업; 의복 제외,131,방적 및 가공사 제조업,1310,방적 및 가공사 제조업,기타 방적업,2,1,,,,
,136,171115,C,제조업,17,섬유제품 제조업; 의복 제외,171,직물 직조 및 직물제품 제조업,1711,직물 직조업,면직물 직조업,1,13211,C,제조업,13,섬유제품 제조업; 의복 제외,132,직물 직조 및 직물제품 제조업,1321,직물 직조업,면직물 직조업,1,,,,,
,137,171116,C,제조업,17,섬유제품 제조업; 의복 제외,171,직물 직조 및 직물제품 제조업,1711,직물 직조업,특수직물 및 기타 직물 직조업,1,13219,C,제조업,13,섬유제품 제조업; 의복 제외,132,직물 직조 및 직물제품 제조업,1321,직물 직조업,특수직물 및 기타 직물 직조업,2,1,,,,
,138,171200,C,제조업,17,섬유제품 제조업; 의복 제외,171,"섬유제품 염색, 정리 및 마무리 가공업",1712,"섬유제품 염색, 정리 및 마무리 가공업","직물, 편조 원단 및 의복류 염색 가공업",1,13402,C,제조업,13,섬유제품 제조업; 의복 제외,134,"섬유제품 염색, 정리 및 마무리 가공업",1340,"섬유제품 염색, 정리 및 마무리 가공업","직물, 편조 원단 및 의복류 염색 가공업",2,1,,,,
,139,171201,C,제조업,17,섬유제품 제조업; 의복 제외,171,"섬유제품 염색, 정리 및 마무리 가공업",1712,"섬유제품 염색, 정리 및 마무리 가공업",솜 및 실 염색 가공업,1,13401,C,제조업,13,섬유제품 제조업; 의복 제외,134,"섬유제품 염색, 정리 및 마무리 가공업",1340,"섬유제품 염색, 정리 및 마무리 가공업",솜 및 실 염색 가공업,2,1,,,,
,140,171202,C,제조업,17,섬유제품 제조업; 의복 제외,171,"섬유제품 염색, 정리 및 마무리 가공업",1712,"섬유제품 염색, 정리 및 마무리 가공업",날염 가공업,1,13403,C,제조업,13,섬유제품 제조업; 의복 제외,134,"섬유제품 염색, 정리 및 마무리 가공업",1340,"섬유제품 염색, 정리 및 마무리 가공업",날염 가공업,2,1,,,,
,141,171203,C,제조업,17,섬유제품 제조업; 의복 제외,171,"섬유제품 염색, 정리 및 마무리 가공업",1712,"섬유제품 염색, 정리 및 마무리 가공업",섬유제품 기타 정리 및 마무리 가공업,1,13409,C,제조업,13,섬유제품 제조업; 의복 제외,134,"섬유제품 염색, 정리 및 마무리 가공업",1340,"섬유제품 염색, 정리 및 마무리 가공업",섬유제품 기타 정리 및 마무리 가공업,2,1,,,,
,142,172101,C,제조업,17,섬유제품 제조업; 의복 제외,172,직물 직조 및 직물제품 제조업,1721,직물제품 제조업,침구 및 관련제품 제조업,1,13221,C,제조업,13,섬유제품 제조업; 의복 제외,132,직물 직조 및 직물제품 제조업,1322,직물제품 제조업,침구 및 관련제품 제조업,1,,,,,
,143,172102,C,제조업,17,섬유제품 제조업; 의복 제외,172,직물 직조 및 직물제품 제조업,1721,직물제품 제조업,자수제품 및 자수용 재료 제조업,1,13222,C,제조업,13,섬유제품 제조업; 의복 제외,132,직물 직조 및 직물제품 제조업,1322,직물제품 제조업,자수제품 및 자수용 재료 제조업,2,1,,,,
,144,172103,C,제조업,17,섬유제품 제조업; 의복 제외,172,직물 직조 및 직물제품 제조업,1721,직물제품 제조업,"천막, 텐트 및 유사 제품 제조업",1,13224,C,제조업,13,섬유제품 제조업; 의복 제외,132,직물 직조 및 직물제품 제조업,1322,직물제품 제조업,"천막, 텐트 및 유사 제품 제조업",1,,,,,
,145,172106,C,제조업,17,섬유제품 제조업; 의복 제외,172,직물 직조 및 직물제품 제조업,1721,직물제품 제조업,커튼 및 유사 제품 제조업,1,13223,C,제조업,13,섬유제품 제조업; 의복 제외,132,직물 직조 및 직물제품 제조업,1322,직물제품 제조업,커튼 및 유사 제품 제조업,1,,,,,
,146,172107,C,제조업,17,섬유제품 제조업; 의복 제외,172,직물 직조 및 직물제품 제조업,1721,직물제품 제조업,직물포대 제조업,1,13225,C,제조업,13,섬유제품 제조업; 의복 제외,132,직물 직조 및 직물제품 제조업,1322,직물제품 제조업,직물포대 제조업,1,,,,,
,147,172108,C,제조업,17,자동차 및 트레일러 제조업,172,자동차 신품 부품 제조업,1721,자동차용 기타 신품 부품 제조업,자동차용 신품 의자 제조업,1,30393,C,제조업,30,자동차 및 트레일러 제조업,303,자동차 신품 부품 제조업,3039,자동차용 기타 신품 부품 제조업,자동차용 신품 의자 제조업,1,,,,,
,148,172109,C,제조업,17,섬유제품 제조업; 의복 제외,172,직물 직조 및 직물제품 제조업,1721,직물제품 제조업,기타 직물제품 제조업,1,13229,C,제조업,13,섬유제품 제조업; 의복 제외,132,직물 직조 및 직물제품 제조업,1322,직물제품 제조업,기타 직물제품 제조업,2,1,,,,
,149,172111,C,제조업,17,섬유제품 제조업; 의복 제외,172,직물 직조 및 직물제품 제조업,1721,직물제품 제조업,기타 직물제품 제조업,1,13229,C,제조업,13,섬유제품 제조업; 의복 제외,132,직물 직조 및 직물제품 제조업,1322,직물제품 제조업,기타 직물제품 제조업,2,,수건,,,
,150,172200,C,제조업,17,섬유제품 제조업; 의복 제외,172,기타 섬유제품 제조업,1722,"카펫, 마루덮개 및 유사 제품 제조업","카펫, 마루덮개 및 유사 제품 제조업",1,13910,C,제조업,13,섬유제품 제조업; 의복 제외,139,기타 섬유제품 제조업,1391,"카펫, 마루덮개 및 유사 제품 제조업","카펫, 마루덮개 및 유사 제품 제조업",1,,,,,
,151,172300,C,제조업,17,섬유제품 제조업; 의복 제외,172,기타 섬유제품 제조업,1723,"끈, 로프, 망 및 끈 가공품 제조업",어망 및 기타 끈 가공품 제조업,1,13922,C,제조업,13,섬유제품 제조업; 의복 제외,139,기타 섬유제품 제조업,1392,"끈, 로프, 망 및 끈 가공품 제조업",어망 및 기타 끈 가공품 제조업,1,,,,,
,152,172301,C,제조업,17,섬유제품 제조업; 의복 제외,172,기타 섬유제품 제조업,1723,"끈, 로프, 망 및 끈 가공품 제조업",끈 및 로프 제조업,1,13921,C,제조업,13,섬유제품 제조업; 의복 제외,139,기타 섬유제품 제조업,1392,"끈, 로프, 망 및 끈 가공품 제조업",끈 및 로프 제조업,1,,,,,
,153,172901,C,제조업,17,섬유제품 제조업; 의복 제외,172,기타 섬유제품 제조업,1729,그 외 기타 섬유제품 제조업,세폭직물 제조업,1,13991,C,제조업,13,섬유제품 제조업; 의복 제외,139,기타 섬유제품 제조업,1399,그 외 기타 섬유제품 제조업,세폭직물 제조업,1,,,,,
,154,172902,C,제조업,17,섬유제품 제조업; 의복 제외,172,기타 섬유제품 제조업,1729,그 외 기타 섬유제품 제조업,그 외 기타 분류 안된 섬유제품 제조업,1,13999,C,제조업,13,섬유제품 제조업; 의복 제외,139,기타 섬유제품 제조업,1399,그 외 기타 섬유제품 제조업,그 외 기타 분류 안된 섬유제품 제조업,2,1,,,,
,155,172903,C,제조업,17,섬유제품 제조업; 의복 제외,172,기타 섬유제품 제조업,1729,그 외 기타 섬유제품 제조업,부직포 및 펠트 제조업,1,13992,C,제조업,13,섬유제품 제조업; 의복 제외,139,기타 섬유제품 제조업,1399,그 외 기타 섬유제품 제조업,부직포 및 펠트 제조업,1,,,,,
,156,172904,C,제조업,17,섬유제품 제조업; 의복 제외,172,기타 섬유제품 제조업,1729,그 외 기타 섬유제품 제조업,특수사 및 코드직물 제조업,1,13993,C,제조업,13,섬유제품 제조업; 의복 제외,139,기타 섬유제품 제조업,1399,그 외 기타 섬유제품 제조업,특수사 및 코드직물 제조업,1,,,,,
,157,172905,C,제조업,17,섬유제품 제조업; 의복 제외,172,기타 섬유제품 제조업,1729,그 외 기타 섬유제품 제조업,표면처리 및 적층 직물 제조업,1,13994,C,제조업,13,섬유제품 제조업; 의복 제외,139,기타 섬유제품 제조업,1399,그 외 기타 섬유제품 제조업,표면처리 및 적층 직물 제조업,1,,,,,
,158,173001,C,제조업,17,"의복, 의복 액세서리 및 모피제품 제조업",173,편조의복 제조업,1730,편조의복 제조업,편조의복 제조업,1,14300,C,제조업,14,"의복, 의복 액세서리 및 모피제품 제조업",143,편조의복 제조업,1430,편조의복 제조업,편조의복 제조업,1,,,,,
,159,173002,C,제조업,17,섬유제품 제조업; 의복 제외,173,편조 원단 제조업,1730,편조 원단 제조업,편조 원단 제조업,1,13300,C,제조업,13,섬유제품 제조업; 의복 제외,133,편조 원단 제조업,1330,편조 원단 제조업,편조 원단 제조업,2,1,,,,
,160,173004,C,제조업,17,"의복, 의복 액세서리 및 모피제품 제조업",173,의복 액세서리 제조업,1730,편조 의복 액세서리 제조업,스타킹 및 기타양말 제조업,1,14411,C,제조업,14,"의복, 의복 액세서리 및 모피제품 제조업",144,의복 액세서리 제조업,1441,편조 의복 액세서리 제조업,스타킹 및 기타양말 제조업,1,,,,,
,161,173006,C,제조업,17,"의복, 의복 액세서리 및 모피제품 제조업",173,의복 액세서리 제조업,1730,편조 의복 액세서리 제조업,기타 편조 의복 액세서리 제조업,1,14419,C,제조업,14,"의복, 의복 액세서리 및 모피제품 제조업",144,의복 액세서리 제조업,1441,편조 의복 액세서리 제조업,기타 편조 의복 액세서리 제조업,2,,장갑 편조,,,
,162,173009,C,제조업,17,"의복, 의복 액세서리 및 모피제품 제조업",173,의복 액세서리 제조업,1730,편조 의복 액세서리 제조업,기타 편조 의복 액세서리 제조업,1,14419,C,제조업,14,"의복, 의복 액세서리 및 모피제품 제조업",144,의복 액세서리 제조업,1441,편조 의복 액세서리 제조업,기타 편조 의복 액세서리 제조업,2,1,,,,
,163,181101,C,제조업,18,"의복, 의복 액세서리 및 모피제품 제조업",181,봉제의복 제조업,1811,겉옷 제조업,남자용 겉옷 제조업,1,14111,C,제조업,14,"의복, 의복 액세서리 및 모피제품 제조업",141,봉제의복 제조업,1411,겉옷 제조업,남자용 겉옷 제조업,2,2,남자용 맞춤 겉옷,,,
,164,181103,C,제조업,18,"의복, 의복 액세서리 및 모피제품 제조업",181,봉제의복 제조업,1811,한복 제조업,한복 제조업,1,14130,C,제조업,14,"의복, 의복 액세서리 및 모피제품 제조업",141,봉제의복 제조업,1413,한복 제조업,한복 제조업,2,2,기성 한복,,,
,165,181105,C,제조업,18,"의복, 의복 액세서리 및 모피제품 제조업",181,봉제의복 제조업,1811,겉옷 제조업,여자용 겉옷 제조업,1,14112,C,제조업,14,"의복, 의복 액세서리 및 모피제품 제조업",141,봉제의복 제조업,1411,겉옷 제조업,여자용 겉옷 제조업,2,2,여자용 맞춤 겉옷,,,
,166,181109,C,제조업,18,"의복, 의복 액세서리 및 모피제품 제조업",181,봉제의복 제조업,1811,기타 봉제의복 제조업,셔츠 및 블라우스 제조업,1,14191,C,제조업,14,"의복, 의복 액세서리 및 모피제품 제조업",141,봉제의복 제조업,1419,기타 봉제의복 제조업,셔츠 및 블라우스 제조업,1,,,,,
,167,181110,C,제조업,18,"의복, 의복 액세서리 및 모피제품 제조업",181,봉제의복 제조업,1811,기타 봉제의복 제조업,"근무복, 작업복 및 유사 의복 제조업",1,14192,C,제조업,14,"의복, 의복 액세서리 및 모피제품 제조업",141,봉제의복 제조업,1419,기타 봉제의복 제조업,"근무복, 작업복 및 유사 의복 제조업",2,,"체육복,수영복 및 경기복",,,
,168,181201,C,제조업,18,"의복, 의복 액세서리 및 모피제품 제조업",181,봉제의복 제조업,1812,기타 봉제의복 제조업,가죽의복 제조업,1,14193,C,제조업,14,"의복, 의복 액세서리 및 모피제품 제조업",141,봉제의복 제조업,1419,기타 봉제의복 제조업,가죽의복 제조업,1,,,,,
,169,181202,C,제조업,18,"의복, 의복 액세서리 및 모피제품 제조업",181,의복 액세서리 제조업,1812,기타 의복 액세서리 제조업,모자 제조업,1,14491,C,제조업,14,"의복, 의복 액세서리 및 모피제품 제조업",144,의복 액세서리 제조업,1449,기타 의복 액세서리 제조업,모자 제조업,1,,,,,
,170,181203,C,제조업,18,"의복, 의복 액세서리 및 모피제품 제조업",181,봉제의복 제조업,1812,속옷 및 잠옷 제조업,속옷 및 잠옷 제조업,1,14120,C,제조업,14,"의복, 의복 액세서리 및 모피제품 제조업",141,봉제의복 제조업,1412,속옷 및 잠옷 제조업,속옷 및 잠옷 제조업,1,,,,,
,171,181204,C,제조업,18,"의복, 의복 액세서리 및 모피제품 제조업",181,의복 액세서리 제조업,1812,기타 의복 액세서리 제조업,그 외 기타 의복 액세서리 제조업,1,14499,C,제조업,14,"의복, 의복 액세서리 및 모피제품 제조업",144,의복 액세서리 제조업,1449,기타 의복 액세서리 제조업,그 외 기타 의복 액세서리 제조업,1,,,,,
,172,181205,C,제조업,18,"의복, 의복 액세서리 및 모피제품 제조업",181,봉제의복 제조업,1812,겉옷 제조업,남자용 겉옷 제조업,1,14111,C,제조업,14,"의복, 의복 액세서리 및 모피제품 제조업",141,봉제의복 제조업,1411,겉옷 제조업,남자용 겉옷 제조업,2,2,남자용 기성 겉옷,,,
,173,181206,C,제조업,18,"의복, 의복 액세서리 및 모피제품 제조업",181,봉제의복 제조업,1812,겉옷 제조업,여자용 겉옷 제조업,1,14112,C,제조업,14,"의복, 의복 액세서리 및 모피제품 제조업",141,봉제의복 제조업,1411,겉옷 제조업,여자용 겉옷 제조업,2,2,여자용 기성 겉옷,,,
,174,181207,C,제조업,18,"의복, 의복 액세서리 및 모피제품 제조업",181,봉제의복 제조업,1812,기타 봉제의복 제조업,"근무복, 작업복 및 유사 의복 제조업",1,14192,C,제조업,14,"의복, 의복 액세서리 및 모피제품 제조업",141,봉제의복 제조업,1419,기타 봉제의복 제조업,"근무복, 작업복 및 유사 의복 제조업",2,1,,,,
,175,181208,C,제조업,18,"의복, 의복 액세서리 및 모피제품 제조업",181,봉제의복 제조업,1812,기타 봉제의복 제조업,유아용 의복 제조업,1,14194,C,제조업,14,"의복, 의복 액세서리 및 모피제품 제조업",141,봉제의복 제조업,1419,기타 봉제의복 제조업,유아용 의복 제조업,1,,,,,
,176,181209,C,제조업,18,"의복, 의복 액세서리 및 모피제품 제조업",181,봉제의복 제조업,1812,한복 제조업,한복 제조업,1,14130,C,제조업,14,"의복, 의복 액세서리 및 모피제품 제조업",141,봉제의복 제조업,1413,한복 제조업,한복 제조업,2,2,개인 맞춤 한복,,,
,177,181211,C,제조업,18,"의복, 의복 액세서리 및 모피제품 제조업",181,봉제의복 제조업,1812,기타 봉제의복 제조업,그 외 기타 봉제의복 제조업,1,14199,C,제조업,14,"의복, 의복 액세서리 및 모피제품 제조업",141,봉제의복 제조업,1419,기타 봉제의복 제조업,그 외 기타 봉제의복 제조업,1,,,,,
,178,182001,C,제조업,18,"의복, 의복 액세서리 및 모피제품 제조업",182,모피제품 제조업,1820,모피제품 제조업,모피제품 제조업,1,14200,C,제조업,14,"의복, 의복 액세서리 및 모피제품 제조업",142,모피제품 제조업,1420,모피제품 제조업,모피제품 제조업,1,,,,,
,179,191100,C,제조업,19,"가죽, 가방 및 신발 제조업",191,"가죽, 가방 및 유사 제품 제조업",1911,모피 및 가죽 제조업,모피 및 가죽 제조업,1,15110,C,제조업,15,"가죽, 가방 및 신발 제조업",151,"가죽, 가방 및 유사 제품 제조업",1511,모피 및 가죽 제조업,모피 및 가죽 제조업,1,,,,,
,180,191200,C,제조업,19,"가죽, 가방 및 신발 제조업",191,"가죽, 가방 및 유사 제품 제조업",1912,"핸드백, 가방 및 기타 보호용 케이스 제조업",가방 및 기타 보호용 케이스 제조업,1,15129,C,제조업,15,"가죽, 가방 및 신발 제조업",151,"가죽, 가방 및 유사 제품 제조업",1512,"핸드백, 가방 및 기타 보호용 케이스 제조업",가방 및 기타 보호용 케이스 제조업,1,,,,,
,181,191201,C,제조업,19,"가죽, 가방 및 신발 제조업",191,"가죽, 가방 및 유사 제품 제조업",1912,기타 가죽제품 제조업,기타 가죽제품 제조업,1,15190,C,제조업,15,"가죽, 가방 및 신발 제조업",151,"가죽, 가방 및 유사 제품 제조업",1519,기타 가죽제품 제조업,기타 가죽제품 제조업,1,,,,,
,182,191202,C,제조업,19,"가죽, 가방 및 신발 제조업",191,"가죽, 가방 및 유사 제품 제조업",1912,"핸드백, 가방 및 기타 보호용 케이스 제조업",핸드백 및 지갑 제조업,1,15121,C,제조업,15,"가죽, 가방 및 신발 제조업",151,"가죽, 가방 및 유사 제품 제조업",1512,"핸드백, 가방 및 기타 보호용 케이스 제조업",핸드백 및 지갑 제조업,1,,,,,
,183,192001,C,제조업,19,"가죽, 가방 및 신발 제조업",192,신발 및 신발 부분품 제조업,1920,신발 제조업,구두류 제조업,1,15211,C,제조업,15,"가죽, 가방 및 신발 제조업",152,신발 및 신발 부분품 제조업,1521,신발 제조업,구두류 제조업,1,,,,,
,184,192004,C,제조업,19,"가죽, 가방 및 신발 제조업",192,신발 및 신발 부분품 제조업,1920,신발 제조업,기타 신발 제조업,1,15219,C,제조업,15,"가죽, 가방 및 신발 제조업",152,신발 및 신발 부분품 제조업,1521,신발 제조업,기타 신발 제조업,1,,,,,
,185,192005,C,제조업,19,"가죽, 가방 및 신발 제조업",192,신발 및 신발 부분품 제조업,1920,신발 부분품 제조업,신발 부분품 제조업,1,15220,C,제조업,15,"가죽, 가방 및 신발 제조업",152,신발 및 신발 부분품 제조업,1522,신발 부분품 제조업,신발 부분품 제조업,1,,,,,
,186,193001,C,제조업,19,섬유제품 제조업; 의복 제외,193,방적 및 가공사 제조업,1930,방적 및 가공사 제조업,연사 및 가공사 제조업,6,13104,C,제조업,13,섬유제품 제조업; 의복 제외,131,방적 및 가공사 제조업,1310,방적 및 가공사 제조업,연사 및 가공사 제조업,2,,임가공(실감기),,,
,186,193001,C,제조업,19,섬유제품 제조업; 의복 제외,193,직물 직조 및 직물제품 제조업,1930,직물 직조업,특수직물 및 기타 직물 직조업,6,13219,C,제조업,13,섬유제품 제조업; 의복 제외,132,직물 직조 및 직물제품 제조업,1321,직물 직조업,특수직물 및 기타 직물 직조업,2,,임가공(기타 직물 직조),,,
,186,193001,C,제조업,19,섬유제품 제조업; 의복 제외,193,직물 직조 및 직물제품 제조업,1930,직물제품 제조업,자수제품 및 자수용 재료 제조업,6,13222,C,제조업,13,섬유제품 제조업; 의복 제외,132,직물 직조 및 직물제품 제조업,1322,직물제품 제조업,자수제품 및 자수용 재료 제조업,2,,임가공(직물 자수),,,
,186,193001,C,제조업,19,섬유제품 제조업; 의복 제외,193,편조 원단 제조업,1930,편조 원단 제조업,편조 원단 제조업,6,13300,C,제조업,13,섬유제품 제조업; 의복 제외,133,편조 원단 제조업,1330,편조 원단 제조업,편조 원단 제조업,2,,임가공(섬유 편조 뜨개질),,,
,186,193001,C,제조업,19,섬유제품 제조업; 의복 제외,193,"섬유제품 염색, 정리 및 마무리 가공업",1930,"섬유제품 염색, 정리 및 마무리 가공업",섬유제품 기타 정리 및 마무리 가공업,6,13409,C,제조업,13,섬유제품 제조업; 의복 제외,134,"섬유제품 염색, 정리 및 마무리 가공업",1340,"섬유제품 염색, 정리 및 마무리 가공업",섬유제품 기타 정리 및 마무리 가공업,2,,임가공(의복 액세서리 정리 및 마무리),,,
,186,193001,C,제조업,19,섬유제품 제조업; 의복 제외,193,기타 섬유제품 제조업,1930,그 외 기타 섬유제품 제조업,그 외 기타 분류 안된 섬유제품 제조업,6,13999,C,제조업,13,섬유제품 제조업; 의복 제외,139,기타 섬유제품 제조업,1399,그 외 기타 섬유제품 제조업,그 외 기타 분류 안된 섬유제품 제조업,2,,임가공(그 외 기타 섬유제품),,,
,187,193009,C,제조업,19,섬유제품 제조업; 의복 제외,193,"섬유제품 염색, 정리 및 마무리 가공업",1930,"섬유제품 염색, 정리 및 마무리 가공업",솜 및 실 염색 가공업,3,13401,C,제조업,13,섬유제품 제조업; 의복 제외,134,"섬유제품 염색, 정리 및 마무리 가공업",1340,"섬유제품 염색, 정리 및 마무리 가공업",솜 및 실 염색 가공업,2,,"임가공(솜, 실 염색)",,,
,187,193009,C,제조업,19,섬유제품 제조업; 의복 제외,193,"섬유제품 염색, 정리 및 마무리 가공업",1930,"섬유제품 염색, 정리 및 마무리 가공업","직물, 편조 원단 및 의복류 염색 가공업",3,13402,C,제조업,13,섬유제품 제조업; 의복 제외,134,"섬유제품 염색, 정리 및 마무리 가공업",1340,"섬유제품 염색, 정리 및 마무리 가공업","직물, 편조 원단 및 의복류 염색 가공업",2,,"임가공(직물, 편물 원단 염색)",,,
,187,193009,C,제조업,19,섬유제품 제조업; 의복 제외,193,"섬유제품 염색, 정리 및 마무리 가공업",1930,"섬유제품 염색, 정리 및 마무리 가공업",날염 가공업,3,13403,C,제조업,13,섬유제품 제조업; 의복 제외,134,"섬유제품 염색, 정리 및 마무리 가공업",1340,"섬유제품 염색, 정리 및 마무리 가공업",날염 가공업,2,,임가공(날염),,,
,188,201001,C,제조업,20,목재 및 나무제품 제조업; 가구 제외,201,제재 및 목재 가공업,2010,제재 및 목재 가공업,일반 제재업,1,16101,C,제조업,16,목재 및 나무제품 제조업; 가구 제외,161,제재 및 목재 가공업,1610,제재 및 목재 가공업,일반 제재업,1,,,,,
,189,201002,C,제조업,20,목재 및 나무제품 제조업; 가구 제외,201,제재 및 목재 가공업,2010,제재 및 목재 가공업,"목재 보존, 방부처리, 도장 및 유사 처리업",1,16103,C,제조업,16,목재 및 나무제품 제조업; 가구 제외,161,제재 및 목재 가공업,1610,제재 및 목재 가공업,"목재 보존, 방부처리, 도장 및 유사 처리업",1,,,,,
,190,201009,C,제조업,20,목재 및 나무제품 제조업; 가구 제외,201,제재 및 목재 가공업,2010,제재 및 목재 가공업,표면 가공목재 및 특정 목적용 제재목 제조업,1,16102,C,제조업,16,목재 및 나무제품 제조업; 가구 제외,161,제재 및 목재 가공업,1610,제재 및 목재 가공업,표면 가공목재 및 특정 목적용 제재목 제조업,1,,,,,
,191,202101,C,제조업,20,목재 및 나무제품 제조업; 가구 제외,202,나무제품 제조업,2021,"박판, 합판 및 강화 목제품 제조업",강화 및 재생 목재 제조업,1,16212,C,제조업,16,목재 및 나무제품 제조업; 가구 제외,162,나무제품 제조업,1621,"박판, 합판 및 강화 목제품 제조업",강화 및 재생 목재 제조업,1,,,,,
,192,202102,C,제조업,20,목재 및 나무제품 제조업; 가구 제외,202,나무제품 제조업,2021,"박판, 합판 및 강화 목제품 제조업","박판, 합판 및 유사 적층판 제조업",1,16211,C,제조업,16,목재 및 나무제품 제조업; 가구 제외,162,나무제품 제조업,1621,"박판, 합판 및 강화 목제품 제조업","박판, 합판 및 유사 적층판 제조업",1,,,,,
,193,202200,C,제조업,20,목재 및 나무제품 제조업; 가구 제외,202,나무제품 제조업,2022,건축용 나무제품 제조업,기타 건축용 나무제품 제조업,1,16229,C,제조업,16,목재 및 나무제품 제조업; 가구 제외,162,나무제품 제조업,1622,건축용 나무제품 제조업,기타 건축용 나무제품 제조업,1,,,,,
,194,202201,C,제조업,20,목재 및 나무제품 제조업; 가구 제외,202,나무제품 제조업,2022,"목재 상자, 드럼 및 적재판 제조업","목재 포장용 상자, 드럼 및 유사 용기 제조업",1,16232,C,제조업,16,목재 및 나무제품 제조업; 가구 제외,162,나무제품 제조업,1623,"목재 상자, 드럼 및 적재판 제조업","목재 포장용 상자, 드럼 및 유사 용기 제조업",1,,,,,
,195,202202,C,제조업,20,목재 및 나무제품 제조업; 가구 제외,202,나무제품 제조업,2022,건축용 나무제품 제조업,목재 문 및 관련제품 제조업,1,16221,C,제조업,16,목재 및 나무제품 제조업; 가구 제외,162,나무제품 제조업,1622,건축용 나무제품 제조업,목재 문 및 관련제품 제조업,1,,,,,
,196,202203,C,제조업,20,목재 및 나무제품 제조업; 가구 제외,202,나무제품 제조업,2022,"목재 상자, 드럼 및 적재판 제조업",목재 깔판류 및 기타 적재판 제조업,1,16231,C,제조업,16,목재 및 나무제품 제조업; 가구 제외,162,나무제품 제조업,1623,"목재 상자, 드럼 및 적재판 제조업",목재 깔판류 및 기타 적재판 제조업,1,,,,,
,197,202901,C,제조업,20,목재 및 나무제품 제조업; 가구 제외,202,나무제품 제조업,2029,기타 나무제품 제조업,목재 도구 및 주방용 나무제품 제조업,1,16291,C,제조업,16,목재 및 나무제품 제조업; 가구 제외,162,나무제품 제조업,1629,기타 나무제품 제조업,목재 도구 및 주방용 나무제품 제조업,1,,,,,
,198,202902,C,제조업,20,목재 및 나무제품 제조업; 가구 제외,202,나무제품 제조업,2029,기타 나무제품 제조업,장식용 목제품 제조업,1,16292,C,제조업,16,목재 및 나무제품 제조업; 가구 제외,162,나무제품 제조업,1629,기타 나무제품 제조업,장식용 목제품 제조업,2,,장식용 칠기,,,
,199,202903,C,제조업,20,목재 및 나무제품 제조업; 가구 제외,202,코르크 및 조물 제품 제조업,2029,코르크 및 조물 제품 제조업,코르크 및 조물 제품 제조업,1,16300,C,제조업,16,목재 및 나무제품 제조업; 가구 제외,163,코르크 및 조물 제품 제조업,1630,코르크 및 조물 제품 제조업,코르크 및 조물 제품 제조업,3,,죽세공품,,,
,200,202904,C,제조업,20,목재 및 나무제품 제조업; 가구 제외,202,나무제품 제조업,2029,기타 나무제품 제조업,장식용 목제품 제조업,1,16292,C,제조업,16,목재 및 나무제품 제조업; 가구 제외,162,나무제품 제조업,1629,기타 나무제품 제조업,장식용 목제품 제조업,2,1,,,,
,201,202905,C,제조업,20,목재 및 나무제품 제조업; 가구 제외,202,나무제품 제조업,2029,기타 나무제품 제조업,그 외 기타 나무제품 제조업,1,16299,C,제조업,16,목재 및 나무제품 제조업; 가구 제외,162,나무제품 제조업,1629,기타 나무제품 제조업,그 외 기타 나무제품 제조업,1,,,,,
,202,202906,C,제조업,20,목재 및 나무제품 제조업; 가구 제외,202,코르크 및 조물 제품 제조업,2029,코르크 및 조물 제품 제조업,코르크 및 조물 제품 제조업,1,16300,C,제조업,16,목재 및 나무제품 제조업; 가구 제외,163,코르크 및 조물 제품 제조업,1630,코르크 및 조물 제품 제조업,코르크 및 조물 제품 제조업,3,1,,,,
,203,202907,C,제조업,20,목재 및 나무제품 제조업; 가구 제외,202,코르크 및 조물 제품 제조업,2029,코르크 및 조물 제품 제조업,코르크 및 조물 제품 제조업,1,16300,C,제조업,16,목재 및 나무제품 제조업; 가구 제외,163,코르크 및 조물 제품 제조업,1630,코르크 및 조물 제품 제조업,코르크 및 조물 제품 제조업,3,,"자리, 고공품",,,
,204,210101,C,제조업,21,"펄프, 종이 및 종이제품 제조업",210,"펄프, 종이 및 판지 제조업",2101,"펄프, 종이 및 판지 제조업",신문용지 제조업,1,17102,C,제조업,17,"펄프, 종이 및 종이제품 제조업",171,"펄프, 종이 및 판지 제조업",1710,"펄프, 종이 및 판지 제조업",신문용지 제조업,1,,,,,
,205,210102,C,제조업,21,"펄프, 종이 및 종이제품 제조업",210,기타 종이 및 판지 제품 제조업,2101,기타 종이 및 판지 제품 제조업,"적층, 합성 및 특수 표면처리 종이 제조업",1,17904,C,제조업,17,"펄프, 종이 및 종이제품 제조업",179,기타 종이 및 판지 제품 제조업,1790,기타 종이 및 판지 제품 제조업,"적층, 합성 및 특수 표면처리 종이 제조업",1,,,,,
,206,210104,C,제조업,21,"펄프, 종이 및 종이제품 제조업",210,"펄프, 종이 및 판지 제조업",2101,"펄프, 종이 및 판지 제조업",기타 종이 및 판지 제조업,1,17109,C,제조업,17,"펄프, 종이 및 종이제품 제조업",171,"펄프, 종이 및 판지 제조업",1710,"펄프, 종이 및 판지 제조업",기타 종이 및 판지 제조업,2,1,,,,
,207,210106,C,제조업,21,"펄프, 종이 및 종이제품 제조업",210,"펄프, 종이 및 판지 제조업",2101,"펄프, 종이 및 판지 제조업",펄프 제조업,1,17101,C,제조업,17,"펄프, 종이 및 종이제품 제조업",171,"펄프, 종이 및 판지 제조업",1710,"펄프, 종이 및 판지 제조업",펄프 제조업,1,,,,,
,208,210107,C,제조업,21,"펄프, 종이 및 종이제품 제조업",210,"펄프, 종이 및 판지 제조업",2101,"펄프, 종이 및 판지 제조업",인쇄용 및 필기용 원지 제조업,1,17103,C,제조업,17,"펄프, 종이 및 종이제품 제조업",171,"펄프, 종이 및 판지 제조업",1710,"펄프, 종이 및 판지 제조업",인쇄용 및 필기용 원지 제조업,1,,,,,
,209,210108,C,제조업,21,"펄프, 종이 및 종이제품 제조업",210,"펄프, 종이 및 판지 제조업",2101,"펄프, 종이 및 판지 제조업",위생용 원지 제조업,1,17106,C,제조업,17,"펄프, 종이 및 종이제품 제조업",171,"펄프, 종이 및 판지 제조업",1710,"펄프, 종이 및 판지 제조업",위생용 원지 제조업,1,,,,,
,210,210111,C,제조업,21,"펄프, 종이 및 종이제품 제조업",210,"펄프, 종이 및 판지 제조업",2101,"펄프, 종이 및 판지 제조업",골판지 원지 제조업,2,17104,C,제조업,17,"펄프, 종이 및 종이제품 제조업",171,"펄프, 종이 및 판지 제조업",1710,"펄프, 종이 및 판지 제조업",골판지 원지 제조업,1,,,,,
,210,210111,C,제조업,21,"펄프, 종이 및 종이제품 제조업",210,"펄프, 종이 및 판지 제조업",2101,"펄프, 종이 및 판지 제조업",크라프트지 및 기타 상자용 판지 제조업,2,17105,C,제조업,17,"펄프, 종이 및 종이제품 제조업",171,"펄프, 종이 및 판지 제조업",1710,"펄프, 종이 및 판지 제조업",크라프트지 및 기타 상자용 판지 제조업,1,,,,,
,211,210112,C,제조업,21,"펄프, 종이 및 종이제품 제조업",210,"펄프, 종이 및 판지 제조업",2101,"펄프, 종이 및 판지 제조업",기타 종이 및 판지 제조업,1,17109,C,제조업,17,"펄프, 종이 및 종이제품 제조업",171,"펄프, 종이 및 판지 제조업",1710,"펄프, 종이 및 판지 제조업",기타 종이 및 판지 제조업,2,,한지,,,
,212,210200,C,제조업,21,"펄프, 종이 및 종이제품 제조업",210,"골판지, 종이 상자 및 종이 용기 제조업",2102,골판지 및 골판지 가공제품 제조업,골판지 제조업,1,17211,C,제조업,17,"펄프, 종이 및 종이제품 제조업",172,"골판지, 종이 상자 및 종이 용기 제조업",1721,골판지 및 골판지 가공제품 제조업,골판지 제조업,1,,,,,
,213,210201,C,제조업,21,"펄프, 종이 및 종이제품 제조업",210,"골판지, 종이 상자 및 종이 용기 제조업",2102,"종이 포대, 판지 상자 및 종이 용기 제조업",판지 상자 및 용기 제조업,1,17222,C,제조업,17,"펄프, 종이 및 종이제품 제조업",172,"골판지, 종이 상자 및 종이 용기 제조업",1722,"종이 포대, 판지 상자 및 종이 용기 제조업",판지 상자 및 용기 제조업,1,,,,,
,214,210202,C,제조업,21,"펄프, 종이 및 종이제품 제조업",210,"골판지, 종이 상자 및 종이 용기 제조업",2102,골판지 및 골판지 가공제품 제조업,골판지 상자 및 가공제품 제조업,1,17212,C,제조업,17,"펄프, 종이 및 종이제품 제조업",172,"골판지, 종이 상자 및 종이 용기 제조업",1721,골판지 및 골판지 가공제품 제조업,골판지 상자 및 가공제품 제조업,1,,,,,
,215,210203,C,제조업,21,"펄프, 종이 및 종이제품 제조업",210,"골판지, 종이 상자 및 종이 용기 제조업",2102,"종이 포대, 판지 상자 및 종이 용기 제조업",종이 포대 및 가방 제조업,1,17221,C,제조업,17,"펄프, 종이 및 종이제품 제조업",172,"골판지, 종이 상자 및 종이 용기 제조업",1722,"종이 포대, 판지 상자 및 종이 용기 제조업",종이 포대 및 가방 제조업,1,,,,,
,216,210204,C,제조업,21,"펄프, 종이 및 종이제품 제조업",210,"골판지, 종이 상자 및 종이 용기 제조업",2102,"종이 포대, 판지 상자 및 종이 용기 제조업",식품 위생용 종이 상자 및 용기 제조업,1,17223,C,제조업,17,"펄프, 종이 및 종이제품 제조업",172,"골판지, 종이 상자 및 종이 용기 제조업",1722,"종이 포대, 판지 상자 및 종이 용기 제조업",식품 위생용 종이 상자 및 용기 제조업,1,,,,,
,217,210205,C,제조업,21,"펄프, 종이 및 종이제품 제조업",210,"골판지, 종이 상자 및 종이 용기 제조업",2102,"종이 포대, 판지 상자 및 종이 용기 제조업",기타 종이 상자 및 용기 제조업,1,17229,C,제조업,17,"펄프, 종이 및 종이제품 제조업",172,"골판지, 종이 상자 및 종이 용기 제조업",1722,"종이 포대, 판지 상자 및 종이 용기 제조업",기타 종이 상자 및 용기 제조업,1,,,,,
,218,210206,C,제조업,21,"펄프, 종이 및 종이제품 제조업",210,기타 종이 및 판지 제품 제조업,2102,기타 종이 및 판지 제품 제조업,그 외 기타 종이 및 판지 제품 제조업,1,17909,C,제조업,17,"펄프, 종이 및 종이제품 제조업",179,기타 종이 및 판지 제품 제조업,1790,기타 종이 및 판지 제품 제조업,그 외 기타 종이 및 판지 제품 제조업,2,,종이컵,,,
,219,210901,C,제조업,21,"펄프, 종이 및 종이제품 제조업",210,기타 종이 및 판지 제품 제조업,2109,기타 종이 및 판지 제품 제조업,문구용 종이제품 제조업,1,17901,C,제조업,17,"펄프, 종이 및 종이제품 제조업",179,기타 종이 및 판지 제품 제조업,1790,기타 종이 및 판지 제품 제조업,문구용 종이제품 제조업,1,,,,,
,220,210902,C,제조업,21,"펄프, 종이 및 종이제품 제조업",210,기타 종이 및 판지 제품 제조업,2109,기타 종이 및 판지 제품 제조업,벽지 및 장판지 제조업,1,17903,C,제조업,17,"펄프, 종이 및 종이제품 제조업",179,기타 종이 및 판지 제품 제조업,1790,기타 종이 및 판지 제품 제조업,벽지 및 장판지 제조업,1,,,,,
,221,210903,C,제조업,21,"펄프, 종이 및 종이제품 제조업",210,기타 종이 및 판지 제품 제조업,2109,기타 종이 및 판지 제품 제조업,위생용 종이제품 제조업,1,17902,C,제조업,17,"펄프, 종이 및 종이제품 제조업",179,기타 종이 및 판지 제품 제조업,1790,기타 종이 및 판지 제품 제조업,위생용 종이제품 제조업,1,,,,,
,222,210905,C,제조업,21,"펄프, 종이 및 종이제품 제조업",210,기타 종이 및 판지 제품 제조업,2109,기타 종이 및 판지 제품 제조업,그 외 기타 종이 및 판지 제품 제조업,1,17909,C,제조업,17,"펄프, 종이 및 종이제품 제조업",179,기타 종이 및 판지 제품 제조업,1790,기타 종이 및 판지 제품 제조업,그 외 기타 종이 및 판지 제품 제조업,2,1,,,,
,223,221100,J,정보통신업,22,출판업,221,"서적, 잡지 및 기타 인쇄물 출판업",2211,서적 출판업,일반 서적 출판업,1,58113,J,정보통신업,58,출판업,581,"서적, 잡지 및 기타 인쇄물 출판업",5811,서적 출판업,일반 서적 출판업,1,,,,,
,224,221103,J,정보통신업,22,출판업,221,"서적, 잡지 및 기타 인쇄물 출판업",2211,서적 출판업,교과서 및 학습 서적 출판업,1,58111,J,정보통신업,58,출판업,581,"서적, 잡지 및 기타 인쇄물 출판업",5811,서적 출판업,교과서 및 학습 서적 출판업,1,,,,,
,225,221104,J,정보통신업,22,출판업,221,"서적, 잡지 및 기타 인쇄물 출판업",2211,서적 출판업,만화 출판업,1,58112,J,정보통신업,58,출판업,581,"서적, 잡지 및 기타 인쇄물 출판업",5811,서적 출판업,만화 출판업,1,,,,,
,226,221200,J,정보통신업,22,출판업,221,"서적, 잡지 및 기타 인쇄물 출판업",2212,"신문, 잡지 및 정기 간행물 출판업",잡지 및 정기 간행물 발행업,1,58122,J,정보통신업,58,출판업,581,"서적, 잡지 및 기타 인쇄물 출판업",5812,"신문, 잡지 및 정기 간행물 출판업",잡지 및 정기 간행물 발행업,1,,,,,
,227,221201,J,정보통신업,22,출판업,221,"서적, 잡지 및 기타 인쇄물 출판업",2212,"신문, 잡지 및 정기 간행물 출판업",신문 발행업,1,58121,J,정보통신업,58,출판업,581,"서적, 잡지 및 기타 인쇄물 출판업",5812,"신문, 잡지 및 정기 간행물 출판업",신문 발행업,1,,,,,
,228,221202,J,정보통신업,22,출판업,221,"서적, 잡지 및 기타 인쇄물 출판업",2212,"신문, 잡지 및 정기 간행물 출판업",정기 광고 간행물 발행업,1,58123,J,정보통신업,58,출판업,581,"서적, 잡지 및 기타 인쇄물 출판업",5812,"신문, 잡지 및 정기 간행물 출판업",정기 광고 간행물 발행업,1,,,,,
,229,221300,J,정보통신업,22,영상ㆍ오디오 기록물 제작 및 배급업,221,오디오물 출판 및 원판 녹음업,2213,오디오물 출판 및 원판 녹음업,음악 및 기타 오디오물 출판업,1,59201,J,정보통신업,59,영상ㆍ오디오 기록물 제작 및 배급업,592,오디오물 출판 및 원판 녹음업,5920,오디오물 출판 및 원판 녹음업,음악 및 기타 오디오물 출판업,1,,,,,
,230,221900,J,정보통신업,22,출판업,221,"서적, 잡지 및 기타 인쇄물 출판업",2219,기타 인쇄물 출판업,기타 인쇄물 출판업,1,58190,J,정보통신업,58,출판업,581,"서적, 잡지 및 기타 인쇄물 출판업",5819,기타 인쇄물 출판업,기타 인쇄물 출판업,1,,,,,
,231,222101,C,제조업,22,인쇄 및 기록매체 복제업,222,인쇄 및 인쇄관련 산업,2221,인쇄업,경 인쇄업,1,18111,C,제조업,18,인쇄 및 기록매체 복제업,181,인쇄 및 인쇄관련 산업,1811,인쇄업,경 인쇄업,2,,프린트,,,
,232,222102,C,제조업,22,인쇄 및 기록매체 복제업,222,인쇄 및 인쇄관련 산업,2221,인쇄업,스크린 인쇄업,1,18112,C,제조업,18,인쇄 및 기록매체 복제업,181,인쇄 및 인쇄관련 산업,1811,인쇄업,스크린 인쇄업,1,,,,,
,233,222103,C,제조업,22,인쇄 및 기록매체 복제업,222,인쇄 및 인쇄관련 산업,2221,인쇄업,경 인쇄업,1,18111,C,제조업,18,인쇄 및 기록매체 복제업,181,인쇄 및 인쇄관련 산업,1811,인쇄업,경 인쇄업,2,1,,,,
,234,222104,C,제조업,22,인쇄 및 기록매체 복제업,222,인쇄 및 인쇄관련 산업,2221,인쇄업,오프셋 인쇄업,1,18113,C,제조업,18,인쇄 및 기록매체 복제업,181,인쇄 및 인쇄관련 산업,1811,인쇄업,오프셋 인쇄업,1,,,,,
,235,222105,C,제조업,22,인쇄 및 기록매체 복제업,222,인쇄 및 인쇄관련 산업,2221,인쇄업,기타 인쇄업,1,18119,C,제조업,18,인쇄 및 기록매체 복제업,181,인쇄 및 인쇄관련 산업,1811,인쇄업,기타 인쇄업,1,,,,,
,236,222201,C,제조업,22,인쇄 및 기록매체 복제업,222,인쇄 및 인쇄관련 산업,2222,인쇄관련 산업,제책업,1,18122,C,제조업,18,인쇄 및 기록매체 복제업,181,인쇄 및 인쇄관련 산업,1812,인쇄관련 산업,제책업,1,,,,,
,237,222202,C,제조업,22,인쇄 및 기록매체 복제업,222,인쇄 및 인쇄관련 산업,2222,인쇄관련 산업,기타 인쇄관련 산업,1,18129,C,제조업,18,인쇄 및 기록매체 복제업,181,인쇄 및 인쇄관련 산업,1812,인쇄관련 산업,기타 인쇄관련 산업,1,,,,,
,238,222203,C,제조업,22,인쇄 및 기록매체 복제업,222,인쇄 및 인쇄관련 산업,2222,인쇄관련 산업,제판 및 조판업,1,18121,C,제조업,18,인쇄 및 기록매체 복제업,181,인쇄 및 인쇄관련 산업,1812,인쇄관련 산업,제판 및 조판업,1,,,,,
,239,223001,C,제조업,22,인쇄 및 기록매체 복제업,223,기록매체 복제업,2230,기록매체 복제업,기록매체 복제업,1,18200,C,제조업,18,인쇄 및 기록매체 복제업,182,기록매체 복제업,1820,기록매체 복제업,기록매체 복제업,1,,,,,
,240,231001,C,제조업,23,"코크스, 연탄 및 석유정제품 제조업",231,코크스 및 연탄 제조업,2310,코크스 및 연탄 제조업,코크스 및 연탄 제조업,1,19100,C,제조업,19,"코크스, 연탄 및 석유정제품 제조업",191,코크스 및 연탄 제조업,1910,코크스 및 연탄 제조업,코크스 및 연탄 제조업,2,,,,,
,241,231002,C,제조업,23,"코크스, 연탄 및 석유정제품 제조업",231,코크스 및 연탄 제조업,2310,코크스 및 연탄 제조업,코크스 및 연탄 제조업,1,19100,C,제조업,19,"코크스, 연탄 및 석유정제품 제조업",191,코크스 및 연탄 제조업,1910,코크스 및 연탄 제조업,코크스 및 연탄 제조업,2,,,,,
,242,232100,C,제조업,23,"코크스, 연탄 및 석유정제품 제조업",232,석유 정제품 제조업,2321,원유 정제처리업,원유 정제처리업,1,19210,C,제조업,19,"코크스, 연탄 및 석유정제품 제조업",192,석유 정제품 제조업,1921,원유 정제처리업,원유 정제처리업,1,,,,,
,243,232101,C,제조업,23,화학 물질 및 화학제품 제조업; 의약품 제외,232,기초 화학물질 제조업,2321,기초 무기화학 물질 제조업,기타 기초 무기화학 물질 제조업,1,20129,C,제조업,20,화학물질 및 화학제품 제조업; 의약품 제외,201,기초 화학물질 제조업,2012,기초 무기화학 물질 제조업,기타 기초 무기화학 물질 제조업,3,,방사성물질 혼합ㆍ배합ㆍ농축,,,
,244,232200,C,제조업,23,"코크스, 연탄 및 석유정제품 제조업",232,석유 정제품 제조업,2322,석유 정제물 재처리업,윤활유 및 그리스 제조업,1,19221,C,제조업,19,"코크스, 연탄 및 석유정제품 제조업",192,석유 정제품 제조업,1922,석유 정제물 재처리업,윤활유 및 그리스 제조업,1,,,,,
,245,232201,C,제조업,23,"코크스, 연탄 및 석유정제품 제조업",232,석유 정제품 제조업,2322,석유 정제물 재처리업,기타 석유 정제물 재처리업,1,19229,C,제조업,19,"코크스, 연탄 및 석유정제품 제조업",192,석유 정제품 제조업,1922,석유 정제물 재처리업,기타 석유 정제물 재처리업,1,,,,,
,246,241101,C,제조업,24,화학 물질 및 화학제품 제조업; 의약품 제외,241,기초 화학물질 제조업,2411,기초 무기화학 물질 제조업,수소 제조업,2,20121,C,제조업,20,화학물질 및 화학제품 제조업; 의약품 제외,201,기초 화학물질 제조업,2012,기초 무기화학 물질 제조업,수소 제조업,1,,,,,
,246,241101,C,제조업,24,화학 물질 및 화학제품 제조업; 의약품 제외,241,기초 화학물질 제조업,2411,기초 무기화학 물질 제조업,"산소, 질소 및 기타 산업용 가스 제조업",2,20122,C,제조업,20,화학물질 및 화학제품 제조업; 의약품 제외,201,기초 화학물질 제조업,2012,기초 무기화학 물질 제조업,"산소, 질소 및 기타 산업용 가스 제조업",1,,,,,
,247,241102,C,제조업,24,화학 물질 및 화학제품 제조업; 의약품 제외,241,기초 화학물질 제조업,2411,기초 무기화학 물질 제조업,기타 기초 무기화학 물질 제조업,1,20129,C,제조업,20,화학물질 및 화학제품 제조업; 의약품 제외,201,기초 화학물질 제조업,2012,기초 무기화학 물질 제조업,기타 기초 무기화학 물질 제조업,3,1,,,,
,248,241105,C,제조업,24,화학 물질 및 화학제품 제조업; 의약품 제외,241,기초 화학물질 제조업,2411,기초 무기화학 물질 제조업,기타 기초 무기화학 물질 제조업,1,20129,C,제조업,20,화학물질 및 화학제품 제조업; 의약품 제외,201,기초 화학물질 제조업,2012,기초 무기화학 물질 제조업,기타 기초 무기화학 물질 제조업,3,,가성소다,,,
,249,241106,C,제조업,24,화학 물질 및 화학제품 제조업; 의약품 제외,241,기초 화학물질 제조업,2411,기초 유기화학 물질 제조업,기타 기초 유기 화학물질 제조업,1,20119,C,제조업,20,화학물질 및 화학제품 제조업; 의약품 제외,201,기초 화학물질 제조업,2011,기초 유기화학 물질 제조업,기타 기초 유기 화학물질 제조업,1,,,,,
,250,241109,C,제조업,24,화학 물질 및 화학제품 제조업; 의약품 제외,241,기초 화학물질 제조업,2411,"무기 안료, 염료, 유연제 및 기타 착색제 제조업",무기 안료용 금속 산화물 및 관련 제품 제조업,1,20131,C,제조업,20,화학물질 및 화학제품 제조업; 의약품 제외,201,기초 화학물질 제조업,2013,"무기 안료, 염료, 유연제 및 기타 착색제 제조업",무기 안료용 금속 산화물 및 관련 제품 제조업,1,,,,,
,251,241110,C,제조업,24,화학 물질 및 화학제품 제조업; 의약품 제외,241,기초 화학물질 제조업,2411,기초 유기화학 물질 제조업,석유화학계 기초 화학 물질 제조업,1,20111,C,제조업,20,화학물질 및 화학제품 제조업; 의약품 제외,201,기초 화학물질 제조업,2011,기초 유기화학 물질 제조업,석유화학계 기초 화학 물질 제조업,1,,,,,
,252,241114,C,제조업,24,화학 물질 및 화학제품 제조업; 의약품 제외,241,기초 화학물질 제조업,2411,기초 유기화학 물질 제조업,바이오매스계 기초 화학물질 제조업,1,20112,C,제조업,20,화학물질 및 화학제품 제조업; 의약품 제외,201,기초 화학물질 제조업,2011,기초 유기화학 물질 제조업,바이오매스계 기초 화학물질 제조업,1,,,,,
,253,241115,C,제조업,24,화학 물질 및 화학제품 제조업; 의약품 제외,241,기초 화학물질 제조업,2411,"무기 안료, 염료, 유연제 및 기타 착색제 제조업","염료, 조제 무기 안료, 유연제 및 기타 착색제 제조업",1,20132,C,제조업,20,화학물질 및 화학제품 제조업; 의약품 제외,201,기초 화학물질 제조업,2013,"무기 안료, 염료, 유연제 및 기타 착색제 제조업","염료, 조제 무기 안료, 유연제 및 기타 착색제 제조업",1,,,,,
,254,241200,C,제조업,24,화학 물질 및 화학제품 제조업; 의약품 제외,241,"비료, 농약 및 살균ㆍ살충제 제조업",2412,비료 및 질소 화합물 제조업,복합비료 및 기타 화학비료 제조업,1,20312,C,제조업,20,화학물질 및 화학제품 제조업; 의약품 제외,203,"비료, 농약 및 살균ㆍ살충제 제조업",2031,비료 및 질소 화합물 제조업,복합비료 및 기타 화학비료 제조업,1,,,,,
,255,241201,C,제조업,24,화학 물질 및 화학제품 제조업; 의약품 제외,241,"비료, 농약 및 살균ㆍ살충제 제조업",2412,비료 및 질소 화합물 제조업,"질소 화합물, 질소ㆍ인산 및 칼리질 화학비료 제조업",1,20311,C,제조업,20,화학물질 및 화학제품 제조업; 의약품 제외,203,"비료, 농약 및 살균ㆍ살충제 제조업",2031,비료 및 질소 화합물 제조업,"질소 화합물, 질소ㆍ인산 및 칼리질 화학비료 제조업",1,,,,,
,256,241202,C,제조업,24,화학 물질 및 화학제품 제조업; 의약품 제외,241,"비료, 농약 및 살균ㆍ살충제 제조업",2412,비료 및 질소 화합물 제조업,유기질 비료 및 상토 제조업,1,20313,C,제조업,20,화학물질 및 화학제품 제조업; 의약품 제외,203,"비료, 농약 및 살균ㆍ살충제 제조업",2031,비료 및 질소 화합물 제조업,유기질 비료 및 상토 제조업,1,,,,,
,257,241301,C,제조업,24,화학 물질 및 화학제품 제조업; 의약품 제외,241,합성고무 및 플라스틱 물질 제조업,2413,합성고무 및 플라스틱 물질 제조업,합성고무 제조업,1,20201,C,제조업,20,화학물질 및 화학제품 제조업; 의약품 제외,202,합성고무 및 플라스틱 물질 제조업,2020,합성고무 및 플라스틱 물질 제조업,합성고무 제조업,1,,,,,
,258,241302,C,제조업,24,화학 물질 및 화학제품 제조업; 의약품 제외,241,합성고무 및 플라스틱 물질 제조업,2413,합성고무 및 플라스틱 물질 제조업,합성수지 및 기타 플라스틱 물질 제조업,1,20202,C,제조업,20,화학물질 및 화학제품 제조업; 의약품 제외,202,합성고무 및 플라스틱 물질 제조업,2020,합성고무 및 플라스틱 물질 제조업,합성수지 및 기타 플라스틱 물질 제조업,1,,,,,
,259,241303,C,제조업,24,화학 물질 및 화학제품 제조업; 의약품 제외,241,합성고무 및 플라스틱 물질 제조업,2413,합성고무 및 플라스틱 물질 제조업,혼성 및 재생 플라스틱 소재 물질 제조업,1,20203,C,제조업,20,화학물질 및 화학제품 제조업; 의약품 제외,202,합성고무 및 플라스틱 물질 제조업,2020,합성고무 및 플라스틱 물질 제조업,혼성 및 재생 플라스틱 소재 물질 제조업,1,,,,,
,260,242101,C,제조업,24,화학 물질 및 화학제품 제조업; 의약품 제외,242,"비료, 농약 및 살균ㆍ살충제 제조업",2421,살균ㆍ살충제 및 농약 제조업,화학 살균ㆍ살충제 및 농업용 약제 제조업,1,20321,C,제조업,20,화학물질 및 화학제품 제조업; 의약품 제외,203,"비료, 농약 및 살균ㆍ살충제 제조업",2032,살균ㆍ살충제 및 농약 제조업,화학 살균ㆍ살충제 및 농업용 약제 제조업,2,,"가정용,공중위생용",,,
,261,242102,C,제조업,24,화학 물질 및 화학제품 제조업; 의약품 제외,242,"비료, 농약 및 살균ㆍ살충제 제조업",2421,살균ㆍ살충제 및 농약 제조업,화학 살균ㆍ살충제 및 농업용 약제 제조업,1,20321,C,제조업,20,화학물질 및 화학제품 제조업; 의약품 제외,203,"비료, 농약 및 살균ㆍ살충제 제조업",2032,살균ㆍ살충제 및 농약 제조업,화학 살균ㆍ살충제 및 농업용 약제 제조업,2,1,,,,
,262,242103,C,제조업,24,화학 물질 및 화학제품 제조업; 의약품 제외,242,"비료, 농약 및 살균ㆍ살충제 제조업",2421,살균ㆍ살충제 및 농약 제조업,생물 살균ㆍ살충제 및 식물보호제 제조업,1,20322,C,제조업,20,화학물질 및 화학제품 제조업; 의약품 제외,203,"비료, 농약 및 살균ㆍ살충제 제조업",2032,살균ㆍ살충제 및 농약 제조업,생물 살균ㆍ살충제 및 식물보호제 제조업,2,,"가정용,공중위생용",,,
,263,242104,C,제조업,24,화학 물질 및 화학제품 제조업; 의약품 제외,242,"비료, 농약 및 살균ㆍ살충제 제조업",2421,살균ㆍ살충제 및 농약 제조업,생물 살균ㆍ살충제 및 식물보호제 제조업,1,20322,C,제조업,20,화학물질 및 화학제품 제조업; 의약품 제외,203,"비료, 농약 및 살균ㆍ살충제 제조업",2032,살균ㆍ살충제 및 농약 제조업,생물 살균ㆍ살충제 및 식물보호제 제조업,2,1,,,,
,264,242201,C,제조업,24,화학 물질 및 화학제품 제조업; 의약품 제외,242,기타 화학제품 제조업,2422,"잉크, 페인트, 코팅제 및 유사제품 제조업",인쇄 잉크 및 회화용 물감 제조업,1,20413,C,제조업,20,화학물질 및 화학제품 제조업; 의약품 제외,204,기타 화학제품 제조업,2041,"잉크, 페인트, 코팅제 및 유사제품 제조업",인쇄 잉크 및 회화용 물감 제조업,2,2,인쇄용잉크,,,
,265,242202,C,제조업,24,화학 물질 및 화학제품 제조업; 의약품 제외,242,기타 화학제품 제조업,2422,"잉크, 페인트, 코팅제 및 유사제품 제조업",인쇄 잉크 및 회화용 물감 제조업,1,20413,C,제조업,20,화학물질 및 화학제품 제조업; 의약품 제외,204,기타 화학제품 제조업,2041,"잉크, 페인트, 코팅제 및 유사제품 제조업",인쇄 잉크 및 회화용 물감 제조업,2,2,회화용물감,,,
,266,242203,C,제조업,24,화학 물질 및 화학제품 제조업; 의약품 제외,242,기타 화학제품 제조업,2422,"잉크, 페인트, 코팅제 및 유사제품 제조업",일반용 도료 및 관련제품 제조업,1,20411,C,제조업,20,화학물질 및 화학제품 제조업; 의약품 제외,204,기타 화학제품 제조업,2041,"잉크, 페인트, 코팅제 및 유사제품 제조업",일반용 도료 및 관련제품 제조업,2,,칠기 옻칠 및 캐슈 제조,,,
,267,242204,C,제조업,24,화학 물질 및 화학제품 제조업; 의약품 제외,242,기타 화학제품 제조업,2422,"잉크, 페인트, 코팅제 및 유사제품 제조업",일반용 도료 및 관련제품 제조업,1,20411,C,제조업,20,화학물질 및 화학제품 제조업; 의약품 제외,204,기타 화학제품 제조업,2041,"잉크, 페인트, 코팅제 및 유사제품 제조업",일반용 도료 및 관련제품 제조업,2,1,,,,
,268,242205,C,제조업,24,화학 물질 및 화학제품 제조업; 의약품 제외,242,기타 화학제품 제조업,2422,"잉크, 페인트, 코팅제 및 유사제품 제조업",요업용 도포제 및 관련제품 제조업,1,20412,C,제조업,20,화학물질 및 화학제품 제조업; 의약품 제외,204,기타 화학제품 제조업,2041,"잉크, 페인트, 코팅제 및 유사제품 제조업",요업용 도포제 및 관련제품 제조업,1,,,,,
,269,242301,C,제조업,24,의료용 물질 및 의약품 제조업,242,의약품 제조업,2423,완제 의약품 제조업,생물 의약품 제조업,2,21211,C,제조업,21,의료용 물질 및 의약품 제조업,212,의약품 제조업,2121,완제 의약품 제조업,생물 의약품 제조업,1,,,,,
,269,242301,C,제조업,24,의료용 물질 및 의약품 제조업,242,의약품 제조업,2423,완제 의약품 제조업,합성의약품 및 기타 완제 의약품 제조업,2,21212,C,제조업,21,의료용 물질 및 의약품 제조업,212,의약품 제조업,2121,완제 의약품 제조업,합성의약품 및 기타 완제 의약품 제조업,1,,,,,
,270,242302,C,제조업,24,의료용 물질 및 의약품 제조업,242,의약품 제조업,2423,한의약품 제조업,한의약품 제조업,1,21220,C,제조업,21,의료용 물질 및 의약품 제조업,212,의약품 제조업,2122,한의약품 제조업,한의약품 제조업,1,,,,,
,271,242303,C,제조업,24,의료용 물질 및 의약품 제조업,242,기초 의약 물질 제조업,2423,기초 의약 물질 제조업,기초 의약 물질 제조업,1,21100,C,제조업,21,의료용 물질 및 의약품 제조업,211,기초 의약 물질 제조업,2110,기초 의약 물질 제조업,기초 의약 물질 제조업,2,1,,,,
,272,242304,C,제조업,24,의료용 물질 및 의약품 제조업,242,의약품 제조업,2423,동물용 의약품 제조업,동물용 의약품 제조업,1,21230,C,제조업,21,의료용 물질 및 의약품 제조업,212,의약품 제조업,2123,동물용 의약품 제조업,동물용 의약품 제조업,1,,,,,
,273,242305,C,제조업,24,의료용 물질 및 의약품 제조업,242,의료용품 및 기타 의약 관련제품 제조업,2423,의료용품 및 기타 의약 관련제품 제조업,체외 진단 시약 제조업,2,21301,C,제조업,21,의료용 물질 및 의약품 제조업,213,의료용품 및 기타 의약 관련제품 제조업,2130,의료용품 및 기타 의약 관련제품 제조업,체외 진단 시약 제조업,3,,,,,
,273,242305,C,제조업,24,의료용 물질 및 의약품 제조업,242,기초 의약 물질 제조업,2423,기초 의약 물질 제조업,기초 의약 물질 제조업,2,21100,C,제조업,21,의료용 물질 및 의약품 제조업,211,기초 의약 물질 제조업,2110,기초 의약 물질 제조업,기초 의약 물질 제조업,2,,생물학적 제제 제조,,,
,274,242309,C,제조업,24,의료용 물질 및 의약품 제조업,242,의료용품 및 기타 의약 관련제품 제조업,2423,의료용품 및 기타 의약 관련제품 제조업,체외 진단 시약 제조업,2,21301,C,제조업,21,의료용 물질 및 의약품 제조업,213,의료용품 및 기타 의약 관련제품 제조업,2130,의료용품 및 기타 의약 관련제품 제조업,체외 진단 시약 제조업,3,,,,,
,274,242309,C,제조업,24,의료용 물질 및 의약품 제조업,242,의료용품 및 기타 의약 관련제품 제조업,2423,의료용품 및 기타 의약 관련제품 제조업,그 외 기타 의료용품 및 의약 관련제품 제조업,2,21309,C,제조업,21,의료용 물질 및 의약품 제조업,213,의료용품 및 기타 의약 관련제품 제조업,2130,의료용품 및 기타 의약 관련제품 제조업,그 외 기타 의료용품 및 의약 관련제품 제조업,1,,,,,
,275,242401,C,제조업,24,화학 물질 및 화학제품 제조업; 의약품 제외,242,기타 화학제품 제조업,2424,"세제, 화장품 및 광택제 제조업","치약, 비누 및 기타 세제 제조업",1,20422,C,제조업,20,화학물질 및 화학제품 제조업; 의약품 제외,204,기타 화학제품 제조업,2042,"세제, 화장품 및 광택제 제조업","치약, 비누 및 기타 세제 제조업",2,,세탁비누,,,
,276,242402,C,제조업,24,화학 물질 및 화학제품 제조업; 의약품 제외,242,기타 화학제품 제조업,2424,"세제, 화장품 및 광택제 제조업","치약, 비누 및 기타 세제 제조업",1,20422,C,제조업,20,화학물질 및 화학제품 제조업; 의약품 제외,204,기타 화학제품 제조업,2042,"세제, 화장품 및 광택제 제조업","치약, 비누 및 기타 세제 제조업",2,1,,,,
,277,242403,C,제조업,24,화학 물질 및 화학제품 제조업; 의약품 제외,242,기타 화학제품 제조업,2424,"세제, 화장품 및 광택제 제조업",화장품 제조업,1,20423,C,제조업,20,화학물질 및 화학제품 제조업; 의약품 제외,204,기타 화학제품 제조업,2042,"세제, 화장품 및 광택제 제조업",화장품 제조업,1,,,,,
,278,242404,C,제조업,24,화학 물질 및 화학제품 제조업; 의약품 제외,242,기타 화학제품 제조업,2424,"세제, 화장품 및 광택제 제조업",계면활성제 제조업,1,20421,C,제조업,20,화학물질 및 화학제품 제조업; 의약품 제외,204,기타 화학제품 제조업,2042,"세제, 화장품 및 광택제 제조업",계면활성제 제조업,1,,,,,
,279,242405,C,제조업,24,화학 물질 및 화학제품 제조업; 의약품 제외,242,기타 화학제품 제조업,2424,"세제, 화장품 및 광택제 제조업",표면 광택제 및 실내 가향제 제조업,1,20424,C,제조업,20,화학물질 및 화학제품 제조업; 의약품 제외,204,기타 화학제품 제조업,2042,"세제, 화장품 및 광택제 제조업",표면 광택제 및 실내 가향제 제조업,2,2,표면광택제,,,
,280,242406,C,제조업,24,화학 물질 및 화학제품 제조업; 의약품 제외,242,기타 화학제품 제조업,2424,"세제, 화장품 및 광택제 제조업",표면 광택제 및 실내 가향제 제조업,1,20424,C,제조업,20,화학물질 및 화학제품 제조업; 의약품 제외,204,기타 화학제품 제조업,2042,"세제, 화장품 및 광택제 제조업",표면 광택제 및 실내 가향제 제조업,2,2,실내가향제,,,
,281,242901,C,제조업,24,화학 물질 및 화학제품 제조업; 의약품 제외,242,기타 화학제품 제조업,2429,그 외 기타 화학제품 제조업,접착제 및 젤라틴 제조업,1,20493,C,제조업,20,화학물질 및 화학제품 제조업; 의약품 제외,204,기타 화학제품 제조업,2049,그 외 기타 화학제품 제조업,접착제 및 젤라틴 제조업,1,,,,,
,282,242902,C,제조업,24,"전자 부품, 컴퓨터, 영상, 음향 및 통신장비 제조업",242,마그네틱 및 광학 매체 제조업,2429,마그네틱 및 광학 매체 제조업,마그네틱 및 광학 매체 제조업,1,26600,C,제조업,26,"전자 부품, 컴퓨터, 영상, 음향 및 통신장비 제조업",266,마그네틱 및 광학 매체 제조업,2660,마그네틱 및 광학 매체 제조업,마그네틱 및 광학 매체 제조업,1,,,,,
,283,242903,C,제조업,24,화학 물질 및 화학제품 제조업; 의약품 제외,242,기타 화학제품 제조업,2429,그 외 기타 화학제품 제조업,그 외 기타 분류 안된 화학제품 제조업,1,20499,C,제조업,20,화학물질 및 화학제품 제조업; 의약품 제외,204,기타 화학제품 제조업,2049,그 외 기타 화학제품 제조업,그 외 기타 분류 안된 화학제품 제조업,2,,재료처리용 조제윤활제품,,,
,284,242904,C,제조업,24,화학 물질 및 화학제품 제조업; 의약품 제외,242,기타 화학제품 제조업,2429,그 외 기타 화학제품 제조업,가공 및 정제염 제조업,1,20492,C,제조업,20,화학물질 및 화학제품 제조업; 의약품 제외,204,기타 화학제품 제조업,2049,그 외 기타 화학제품 제조업,가공 및 정제염 제조업,1,,,,,
,285,242905,C,제조업,24,화학 물질 및 화학제품 제조업; 의약품 제외,242,기타 화학제품 제조업,2429,그 외 기타 화학제품 제조업,감광 재료 및 관련 화학제품 제조업,1,20491,C,제조업,20,화학물질 및 화학제품 제조업; 의약품 제외,204,기타 화학제품 제조업,2049,그 외 기타 화학제품 제조업,감광 재료 및 관련 화학제품 제조업,1,,,,,
,286,242906,C,제조업,24,화학 물질 및 화학제품 제조업; 의약품 제외,242,기타 화학제품 제조업,2429,그 외 기타 화학제품 제조업,화약 및 불꽃제품 제조업,1,20494,C,제조업,20,화학물질 및 화학제품 제조업; 의약품 제외,204,기타 화학제품 제조업,2049,그 외 기타 화학제품 제조업,화약 및 불꽃제품 제조업,2,1,,,,
,287,242907,C,제조업,24,의료용 물질 및 의약품 제조업,242,의료용품 및 기타 의약 관련제품 제조업,2429,의료용품 및 기타 의약 관련제품 제조업,체외 진단 시약 제조업,2,21301,C,제조업,21,의료용 물질 및 의약품 제조업,213,의료용품 및 기타 의약 관련제품 제조업,2130,의료용품 및 기타 의약 관련제품 제조업,체외 진단 시약 제조업,3,,,,,
,287,242907,C,제조업,24,화학 물질 및 화학제품 제조업; 의약품 제외,242,기타 화학제품 제조업,2429,그 외 기타 화학제품 제조업,그 외 기타 분류 안된 화학제품 제조업,2,20499,C,제조업,20,화학물질 및 화학제품 제조업; 의약품 제외,204,기타 화학제품 제조업,2049,그 외 기타 화학제품 제조업,그 외 기타 분류 안된 화학제품 제조업,2,1,,,,
,288,242908,C,제조업,24,화학 물질 및 화학제품 제조업; 의약품 제외,242,기타 화학제품 제조업,2429,그 외 기타 화학제품 제조업,바이오 연료 및 혼합물 제조업,1,20495,C,제조업,20,화학물질 및 화학제품 제조업; 의약품 제외,204,기타 화학제품 제조업,2049,그 외 기타 화학제품 제조업,바이오 연료 및 혼합물 제조업,1,,,,,
,289,243000,C,제조업,24,화학 물질 및 화학제품 제조업; 의약품 제외,243,화학섬유 제조업,2430,화학섬유 제조업,합성섬유 제조업,1,20501,C,제조업,20,화학물질 및 화학제품 제조업; 의약품 제외,205,화학섬유 제조업,2050,화학섬유 제조업,합성섬유 제조업,1,,,,,
,290,243001,C,제조업,24,화학 물질 및 화학제품 제조업; 의약품 제외,243,화학섬유 제조업,2430,화학섬유 제조업,재생 섬유 제조업,1,20502,C,제조업,20,화학물질 및 화학제품 제조업; 의약품 제외,205,화학섬유 제조업,2050,화학섬유 제조업,재생 섬유 제조업,1,,,,,
,291,251101,C,제조업,25,고무 및 플라스틱제품 제조업,251,고무제품 제조업,2511,고무 타이어 및 튜브 생산업,고무 타이어 및 튜브 제조업,1,22110,C,제조업,22,고무 및 플라스틱제품 제조업,221,고무제품 제조업,2211,고무 타이어 및 튜브 생산업,고무 타이어 및 튜브 제조업,2,1,,,,
,292,251102,C,제조업,25,고무 및 플라스틱제품 제조업,251,고무제품 제조업,2511,고무 타이어 및 튜브 생산업,고무 타이어 및 튜브 제조업,1,22110,C,제조업,22,고무 및 플라스틱제품 제조업,221,고무제품 제조업,2211,고무 타이어 및 튜브 생산업,고무 타이어 및 튜브 제조업,2,,재생타이어,,,
,293,251901,C,제조업,25,고무 및 플라스틱제품 제조업,251,고무제품 제조업,2519,기타 고무제품 제조업,산업용 그 외 비경화 고무제품 제조업,1,22192,C,제조업,22,고무 및 플라스틱제품 제조업,221,고무제품 제조업,2219,기타 고무제품 제조업,산업용 그 외 비경화 고무제품 제조업,1,,,,,
,294,251902,C,제조업,25,고무 및 플라스틱제품 제조업,251,고무제품 제조업,2519,기타 고무제품 제조업,그 외 기타 고무제품 제조업,1,22199,C,제조업,22,고무 및 플라스틱제품 제조업,221,고무제품 제조업,2219,기타 고무제품 제조업,그 외 기타 고무제품 제조업,1,,,,,
,295,251903,C,제조업,25,고무 및 플라스틱제품 제조업,251,고무제품 제조업,2519,기타 고무제품 제조업,고무 패킹류 제조업,1,22191,C,제조업,22,고무 및 플라스틱제품 제조업,221,고무제품 제조업,2219,기타 고무제품 제조업,고무 패킹류 제조업,1,,,,,
,296,251904,C,제조업,25,고무 및 플라스틱제품 제조업,251,고무제품 제조업,2519,기타 고무제품 제조업,고무 의류 및 기타 위생용 비경화 고무제품 제조업,1,22193,C,제조업,22,고무 및 플라스틱제품 제조업,221,고무제품 제조업,2219,기타 고무제품 제조업,고무 의류 및 기타 위생용 비경화 고무제품 제조업,1,,,,,
,297,252101,C,제조업,25,고무 및 플라스틱제품 제조업,252,플라스틱 제품 제조업,2521,1차 플라스틱제품 제조업,"플라스틱 선, 봉, 관 및 호스 제조업",1,22211,C,제조업,22,고무 및 플라스틱제품 제조업,222,플라스틱 제품 제조업,2221,1차 플라스틱제품 제조업,"플라스틱 선, 봉, 관 및 호스 제조업",1,,,,,
,298,252102,C,제조업,25,고무 및 플라스틱제품 제조업,252,플라스틱 제품 제조업,2521,1차 플라스틱제품 제조업,플라스틱 필름 제조업,1,22212,C,제조업,22,고무 및 플라스틱제품 제조업,222,플라스틱 제품 제조업,2221,1차 플라스틱제품 제조업,플라스틱 필름 제조업,2,,폴리에틸렌필름의 농협 납품분,,,
,299,252103,C,제조업,25,고무 및 플라스틱제품 제조업,252,플라스틱 제품 제조업,2521,1차 플라스틱제품 제조업,플라스틱 합성피혁 제조업,1,22214,C,제조업,22,고무 및 플라스틱제품 제조업,222,플라스틱 제품 제조업,2221,1차 플라스틱제품 제조업,플라스틱 합성피혁 제조업,1,,,,,
,300,252105,C,제조업,25,고무 및 플라스틱제품 제조업,252,플라스틱 제품 제조업,2521,1차 플라스틱제품 제조업,플라스틱 필름 제조업,1,22212,C,제조업,22,고무 및 플라스틱제품 제조업,222,플라스틱 제품 제조업,2221,1차 플라스틱제품 제조업,플라스틱 필름 제조업,2,1,,,,
,301,252106,C,제조업,25,고무 및 플라스틱제품 제조업,252,플라스틱 제품 제조업,2521,1차 플라스틱제품 제조업,플라스틱 시트 및 판 제조업,1,22213,C,제조업,22,고무 및 플라스틱제품 제조업,222,플라스틱 제품 제조업,2221,1차 플라스틱제품 제조업,플라스틱 시트 및 판 제조업,1,,,,,
,302,252200,C,제조업,25,고무 및 플라스틱제품 제조업,252,플라스틱 제품 제조업,2522,플라스틱 발포 성형제품 제조업,폴리스티렌 발포 성형제품 제조업,1,22251,C,제조업,22,고무 및 플라스틱제품 제조업,222,플라스틱 제품 제조업,2225,플라스틱 발포 성형제품 제조업,폴리스티렌 발포 성형제품 제조업,1,,,,,
,303,252201,C,제조업,25,고무 및 플라스틱제품 제조업,252,플라스틱 제품 제조업,2522,플라스틱 발포 성형제품 제조업,기타 플라스틱 발포 성형제품 제조업,1,22259,C,제조업,22,고무 및 플라스틱제품 제조업,222,플라스틱 제품 제조업,2225,플라스틱 발포 성형제품 제조업,기타 플라스틱 발포 성형제품 제조업,1,,,,,
,304,252301,C,제조업,25,고무 및 플라스틱제품 제조업,252,플라스틱 제품 제조업,2523,건축용 플라스틱제품 제조업,설치용 및 위생용 플라스틱제품 제조업,1,22222,C,제조업,22,고무 및 플라스틱제품 제조업,222,플라스틱 제품 제조업,2222,건축용 플라스틱제품 제조업,설치용 및 위생용 플라스틱제품 제조업,1,,,,,
,305,252303,C,제조업,25,고무 및 플라스틱제품 제조업,252,플라스틱 제품 제조업,2523,건축용 플라스틱제품 제조업,벽 및 바닥 피복용 플라스틱 제품 제조업,1,22221,C,제조업,22,고무 및 플라스틱제품 제조업,222,플라스틱 제품 제조업,2222,건축용 플라스틱제품 제조업,벽 및 바닥 피복용 플라스틱 제품 제조업,1,,,,,
,306,252400,C,제조업,25,고무 및 플라스틱제품 제조업,252,플라스틱 제품 제조업,2524,건축용 플라스틱제품 제조업,플라스틱 창호 제조업,1,22223,C,제조업,22,고무 및 플라스틱제품 제조업,222,플라스틱 제품 제조업,2222,건축용 플라스틱제품 제조업,플라스틱 창호 제조업,1,,,,,
,307,252401,C,제조업,25,고무 및 플라스틱제품 제조업,252,플라스틱 제품 제조업,2524,건축용 플라스틱제품 제조업,기타 건축용 플라스틱 조립제품 제조업,1,22229,C,제조업,22,고무 및 플라스틱제품 제조업,222,플라스틱 제품 제조업,2222,건축용 플라스틱제품 제조업,기타 건축용 플라스틱 조립제품 제조업,1,,,,,
,308,252402,C,제조업,25,고무 및 플라스틱제품 제조업,252,플라스틱 제품 제조업,2524,포장용 플라스틱제품 제조업,"플라스틱 포대, 봉투 및 유사제품 제조업",1,22231,C,제조업,22,고무 및 플라스틱제품 제조업,222,플라스틱 제품 제조업,2223,포장용 플라스틱제품 제조업,"플라스틱 포대, 봉투 및 유사제품 제조업",1,,,,,
,309,252403,C,제조업,25,고무 및 플라스틱제품 제조업,252,플라스틱 제품 제조업,2524,기타 플라스틱 제품 제조업,플라스틱 접착처리 제품 제조업,1,22291,C,제조업,22,고무 및 플라스틱제품 제조업,222,플라스틱 제품 제조업,2229,기타 플라스틱 제품 제조업,플라스틱 접착처리 제품 제조업,1,,,,,
,310,252404,C,제조업,25,고무 및 플라스틱제품 제조업,252,플라스틱 제품 제조업,2524,기타 플라스틱 제품 제조업,"플라스틱 적층, 도포 및 기타 표면처리 제품 제조업",1,22292,C,제조업,22,고무 및 플라스틱제품 제조업,222,플라스틱 제품 제조업,2229,기타 플라스틱 제품 제조업,"플라스틱 적층, 도포 및 기타 표면처리 제품 제조업",1,,,,,
,311,252901,C,제조업,25,고무 및 플라스틱제품 제조업,252,플라스틱 제품 제조업,2529,포장용 플라스틱제품 제조업,포장용 플라스틱 성형용기 제조업,1,22232,C,제조업,22,고무 및 플라스틱제품 제조업,222,플라스틱 제품 제조업,2223,포장용 플라스틱제품 제조업,포장용 플라스틱 성형용기 제조업,1,,,,,
,312,252902,C,제조업,25,고무 및 플라스틱제품 제조업,252,플라스틱 제품 제조업,2529,기타 플라스틱 제품 제조업,그 외 기타 플라스틱 제품 제조업,1,22299,C,제조업,22,고무 및 플라스틱제품 제조업,222,플라스틱 제품 제조업,2229,기타 플라스틱 제품 제조업,그 외 기타 플라스틱 제품 제조업,2,,가정용 플라스틱 일반 성형 제품,,,
,313,252903,C,제조업,25,고무 및 플라스틱제품 제조업,252,플라스틱 제품 제조업,2529,기계장비 조립용 플라스틱제품 제조업,운송장비 조립용 플라스틱제품 제조업,1,22241,C,제조업,22,고무 및 플라스틱제품 제조업,222,플라스틱 제품 제조업,2224,기계장비 조립용 플라스틱제품 제조업,운송장비 조립용 플라스틱제품 제조업,1,,,,,
,314,252904,C,제조업,25,고무 및 플라스틱제품 제조업,252,플라스틱 제품 제조업,2529,기계장비 조립용 플라스틱제품 제조업,기타 기계ㆍ장비 조립용 플라스틱제품 제조업,1,22249,C,제조업,22,고무 및 플라스틱제품 제조업,222,플라스틱 제품 제조업,2224,기계장비 조립용 플라스틱제품 제조업,기타 기계ㆍ장비 조립용 플라스틱제품 제조업,1,,,,,
,315,252909,C,제조업,25,고무 및 플라스틱제품 제조업,252,플라스틱 제품 제조업,2529,기타 플라스틱 제품 제조업,그 외 기타 플라스틱 제품 제조업,1,22299,C,제조업,22,고무 및 플라스틱제품 제조업,222,플라스틱 제품 제조업,2229,기타 플라스틱 제품 제조업,그 외 기타 플라스틱 제품 제조업,2,1,,,,
,316,261001,C,제조업,26,비금속 광물제품 제조업,261,유리 및 유리제품 제조업,2610,판유리 및 판유리 가공품 제조업,판유리 제조업,1,23111,C,제조업,23,비금속 광물제품 제조업,231,유리 및 유리제품 제조업,2311,판유리 및 판유리 가공품 제조업,판유리 제조업,1,,,,,
,317,261002,C,제조업,26,비금속 광물제품 제조업,261,유리 및 유리제품 제조업,2610,기타 유리제품 제조업,가정용 유리제품 제조업,1,23191,C,제조업,23,비금속 광물제품 제조업,231,유리 및 유리제품 제조업,2319,기타 유리제품 제조업,가정용 유리제품 제조업,1,,,,,
,318,261004,C,제조업,26,비금속 광물제품 제조업,261,유리 및 유리제품 제조업,2610,판유리 및 판유리 가공품 제조업,안전유리 제조업,1,23112,C,제조업,23,비금속 광물제품 제조업,231,유리 및 유리제품 제조업,2311,판유리 및 판유리 가공품 제조업,안전유리 제조업,1,,,,,
,319,261005,C,제조업,26,비금속 광물제품 제조업,261,유리 및 유리제품 제조업,2610,판유리 및 판유리 가공품 제조업,기타 판유리 가공품 제조업,1,23119,C,제조업,23,비금속 광물제품 제조업,231,유리 및 유리제품 제조업,2311,판유리 및 판유리 가공품 제조업,기타 판유리 가공품 제조업,1,,,,,
,320,261006,C,제조업,26,비금속 광물제품 제조업,261,유리 및 유리제품 제조업,2610,산업용 유리 제조업,"1차 유리제품, 유리섬유 및 광학용 유리 제조업",1,23121,C,제조업,23,비금속 광물제품 제조업,231,유리 및 유리제품 제조업,2312,산업용 유리 제조업,"1차 유리제품, 유리섬유 및 광학용 유리 제조업",1,,,,,
,321,261007,C,제조업,26,비금속 광물제품 제조업,261,유리 및 유리제품 제조업,2610,산업용 유리 제조업,디스플레이 장치용 유리 제조업,1,23122,C,제조업,23,비금속 광물제품 제조업,231,유리 및 유리제품 제조업,2312,산업용 유리 제조업,디스플레이 장치용 유리 제조업,1,,,,,
,322,261008,C,제조업,26,비금속 광물제품 제조업,261,유리 및 유리제품 제조업,2610,산업용 유리 제조업,기타 산업용 유리제품 제조업,1,23129,C,제조업,23,비금속 광물제품 제조업,231,유리 및 유리제품 제조업,2312,산업용 유리 제조업,기타 산업용 유리제품 제조업,1,,,,,
,323,261009,C,제조업,26,비금속 광물제품 제조업,261,유리 및 유리제품 제조업,2610,기타 유리제품 제조업,포장용 유리용기 제조업,1,23192,C,제조업,23,비금속 광물제품 제조업,231,유리 및 유리제품 제조업,2319,기타 유리제품 제조업,포장용 유리용기 제조업,1,,,,,
,324,261011,C,제조업,26,비금속 광물제품 제조업,261,유리 및 유리제품 제조업,2610,기타 유리제품 제조업,그 외 기타 유리제품 제조업,1,23199,C,제조업,23,비금속 광물제품 제조업,231,유리 및 유리제품 제조업,2319,기타 유리제품 제조업,그 외 기타 유리제품 제조업,1,,,,,
,325,269100,C,제조업,26,비금속 광물제품 제조업,269,"내화, 비내화 요업제품 제조업",2691,비내화 일반 도자기 제조업,가정용 및 장식용 도자기 제조업,1,23221,C,제조업,23,비금속 광물제품 제조업,232,"내화, 비내화 요업제품 제조업",2322,비내화 일반 도자기 제조업,가정용 및 장식용 도자기 제조업,1,,,,,
,326,269101,C,제조업,26,비금속 광물제품 제조업,269,"내화, 비내화 요업제품 제조업",2691,비내화 일반 도자기 제조업,위생용 및 산업용 도자기 제조업,1,23222,C,제조업,23,비금속 광물제품 제조업,232,"내화, 비내화 요업제품 제조업",2322,비내화 일반 도자기 제조업,위생용 및 산업용 도자기 제조업,1,,,,,
,327,269102,C,제조업,26,비금속 광물제품 제조업,269,"내화, 비내화 요업제품 제조업",2691,비내화 일반 도자기 제조업,기타 일반 도자기 제조업,1,23229,C,제조업,23,비금속 광물제품 제조업,232,"내화, 비내화 요업제품 제조업",2322,비내화 일반 도자기 제조업,기타 일반 도자기 제조업,1,,,,,
,328,269200,C,제조업,26,비금속 광물제품 제조업,269,"내화, 비내화 요업제품 제조업",2692,내화 요업제품 제조업,정형 내화 요업제품 제조업,1,23211,C,제조업,23,비금속 광물제품 제조업,232,"내화, 비내화 요업제품 제조업",2321,내화 요업제품 제조업,정형 내화 요업제품 제조업,1,,,,,
,329,269201,C,제조업,26,비금속 광물제품 제조업,269,"내화, 비내화 요업제품 제조업",2692,내화 요업제품 제조업,부정형 내화 요업제품 제조업,1,23212,C,제조업,23,비금속 광물제품 제조업,232,"내화, 비내화 요업제품 제조업",2321,내화 요업제품 제조업,부정형 내화 요업제품 제조업,1,,,,,
,330,269300,C,제조업,26,비금속 광물제품 제조업,269,"내화, 비내화 요업제품 제조업",2693,건축용 비내화 요업제품 제조업,타일 및 유사 비내화 요업제품 제조업,1,23232,C,제조업,23,비금속 광물제품 제조업,232,"내화, 비내화 요업제품 제조업",2323,건축용 비내화 요업제품 제조업,타일 및 유사 비내화 요업제품 제조업,1,,,,,
,331,269301,C,제조업,26,비금속 광물제품 제조업,269,"내화, 비내화 요업제품 제조업",2693,건축용 비내화 요업제품 제조업,"점토 벽돌, 블록 및 유사 비내화 요업제품 제조업",1,23231,C,제조업,23,비금속 광물제품 제조업,232,"내화, 비내화 요업제품 제조업",2323,건축용 비내화 요업제품 제조업,"점토 벽돌, 블록 및 유사 비내화 요업제품 제조업",1,,,,,
,332,269302,C,제조업,26,비금속 광물제품 제조업,269,"내화, 비내화 요업제품 제조업",2693,건축용 비내화 요업제품 제조업,기타 건축용 비내화 요업제품 제조업,1,23239,C,제조업,23,비금속 광물제품 제조업,232,"내화, 비내화 요업제품 제조업",2323,건축용 비내화 요업제품 제조업,기타 건축용 비내화 요업제품 제조업,1,,,,,
,333,269401,C,제조업,26,비금속 광물제품 제조업,269,"시멘트, 석회, 플라스터 및 그 제품 제조업",2694,"시멘트, 석회 및 플라스터 제조업",시멘트 제조업,1,23311,C,제조업,23,비금속 광물제품 제조업,233,"시멘트, 석회, 플라스터 및 그 제품 제조업",2331,"시멘트, 석회 및 플라스터 제조업",시멘트 제조업,1,,,,,
,334,269402,C,제조업,26,비금속 광물제품 제조업,269,"시멘트, 석회, 플라스터 및 그 제품 제조업",2694,"시멘트, 석회 및 플라스터 제조업",석회 및 플라스터 제조업,1,23312,C,제조업,23,비금속 광물제품 제조업,233,"시멘트, 석회, 플라스터 및 그 제품 제조업",2331,"시멘트, 석회 및 플라스터 제조업",석회 및 플라스터 제조업,2,2,석회,,,
,335,269403,C,제조업,26,비금속 광물제품 제조업,269,"시멘트, 석회, 플라스터 및 그 제품 제조업",2694,"시멘트, 석회 및 플라스터 제조업",석회 및 플라스터 제조업,1,23312,C,제조업,23,비금속 광물제품 제조업,233,"시멘트, 석회, 플라스터 및 그 제품 제조업",2331,"시멘트, 석회 및 플라스터 제조업",석회 및 플라스터 제조업,2,2,플라스터,,,
,336,269501,C,제조업,26,비금속 광물제품 제조업,269,"시멘트, 석회, 플라스터 및 그 제품 제조업",2695,"콘크리트, 레미콘 및 기타 시멘트, 플라스터 제품 제조업",레미콘 제조업,1,23322,C,제조업,23,비금속 광물제품 제조업,233,"시멘트, 석회, 플라스터 및 그 제품 제조업",2332,"콘크리트, 레미콘 및 기타 시멘트, 플라스터 제품 제조업",레미콘 제조업,1,,,,,
,337,269502,C,제조업,26,비금속 광물제품 제조업,269,"시멘트, 석회, 플라스터 및 그 제품 제조업",2695,"콘크리트, 레미콘 및 기타 시멘트, 플라스터 제품 제조업",플라스터 혼합제품 제조업,1,23323,C,제조업,23,비금속 광물제품 제조업,233,"시멘트, 석회, 플라스터 및 그 제품 제조업",2332,"콘크리트, 레미콘 및 기타 시멘트, 플라스터 제품 제조업",플라스터 혼합제품 제조업,1,,,,,
,338,269503,C,제조업,26,비금속 광물제품 제조업,269,"시멘트, 석회, 플라스터 및 그 제품 제조업",2695,"콘크리트, 레미콘 및 기타 시멘트, 플라스터 제품 제조업",콘크리트 관 및 기타 구조용 콘크리트제품 제조업,1,23325,C,제조업,23,비금속 광물제품 제조업,233,"시멘트, 석회, 플라스터 및 그 제품 제조업",2332,"콘크리트, 레미콘 및 기타 시멘트, 플라스터 제품 제조업",콘크리트 관 및 기타 구조용 콘크리트제품 제조업,2,,"관, 받침대, 빔",,,
,339,269504,C,제조업,26,비금속 광물제품 제조업,269,"시멘트, 석회, 플라스터 및 그 제품 제조업",2695,"콘크리트, 레미콘 및 기타 시멘트, 플라스터 제품 제조업",인조대리석 제품 제조업,2,23326,C,제조업,23,비금속 광물제품 제조업,233,"시멘트, 석회, 플라스터 및 그 제품 제조업",2332,"콘크리트, 레미콘 및 기타 시멘트, 플라스터 제품 제조업",인조대리석 제품 제조업,2,,,,,
,339,269504,C,제조업,26,비금속 광물제품 제조업,269,"시멘트, 석회, 플라스터 및 그 제품 제조업",2695,"콘크리트, 레미콘 및 기타 시멘트, 플라스터 제품 제조업","콘크리트 타일, 기와, 벽돌 및 블록 제조업",2,23324,C,제조업,23,비금속 광물제품 제조업,233,"시멘트, 석회, 플라스터 및 그 제품 제조업",2332,"콘크리트, 레미콘 및 기타 시멘트, 플라스터 제품 제조업","콘크리트 타일, 기와, 벽돌 및 블록 제조업",2,1,,,,
,340,269505,C,제조업,26,비금속 광물제품 제조업,269,"시멘트, 석회, 플라스터 및 그 제품 제조업",2695,"콘크리트, 레미콘 및 기타 시멘트, 플라스터 제품 제조업",비내화 모르타르 제조업,1,23321,C,제조업,23,비금속 광물제품 제조업,233,"시멘트, 석회, 플라스터 및 그 제품 제조업",2332,"콘크리트, 레미콘 및 기타 시멘트, 플라스터 제품 제조업",비내화 모르타르 제조업,1,,,,,
,341,269506,C,제조업,26,비금속 광물제품 제조업,269,"시멘트, 석회, 플라스터 및 그 제품 제조업",2695,"콘크리트, 레미콘 및 기타 시멘트, 플라스터 제품 제조업",그 외 기타 콘크리트 제품 및 유사 제품 제조업,1,23329,C,제조업,23,비금속 광물제품 제조업,233,"시멘트, 석회, 플라스터 및 그 제품 제조업",2332,"콘크리트, 레미콘 및 기타 시멘트, 플라스터 제품 제조업",그 외 기타 콘크리트 제품 및 유사 제품 제조업,2,,기타 건축용 섬유시멘트 제품,,,
,342,269507,C,제조업,26,비금속 광물제품 제조업,269,"시멘트, 석회, 플라스터 및 그 제품 제조업",2695,"콘크리트, 레미콘 및 기타 시멘트, 플라스터 제품 제조업","콘크리트 타일, 기와, 벽돌 및 블록 제조업",1,23324,C,제조업,23,비금속 광물제품 제조업,233,"시멘트, 석회, 플라스터 및 그 제품 제조업",2332,"콘크리트, 레미콘 및 기타 시멘트, 플라스터 제품 제조업","콘크리트 타일, 기와, 벽돌 및 블록 제조업",2,,섬유 시멘트,,,
,343,269508,C,제조업,26,비금속 광물제품 제조업,269,"시멘트, 석회, 플라스터 및 그 제품 제조업",2695,"콘크리트, 레미콘 및 기타 시멘트, 플라스터 제품 제조업",인조대리석 제품 제조업,2,23326,C,제조업,23,비금속 광물제품 제조업,233,"시멘트, 석회, 플라스터 및 그 제품 제조업",2332,"콘크리트, 레미콘 및 기타 시멘트, 플라스터 제품 제조업",인조대리석 제품 제조업,2,,,,,
,343,269508,C,제조업,26,비금속 광물제품 제조업,269,"시멘트, 석회, 플라스터 및 그 제품 제조업",2695,"콘크리트, 레미콘 및 기타 시멘트, 플라스터 제품 제조업",콘크리트 관 및 기타 구조용 콘크리트제품 제조업,2,23325,C,제조업,23,비금속 광물제품 제조업,233,"시멘트, 석회, 플라스터 및 그 제품 제조업",2332,"콘크리트, 레미콘 및 기타 시멘트, 플라스터 제품 제조업",콘크리트 관 및 기타 구조용 콘크리트제품 제조업,2,1,,,,
,344,269509,C,제조업,26,비금속 광물제품 제조업,269,"시멘트, 석회, 플라스터 및 그 제품 제조업",2695,"콘크리트, 레미콘 및 기타 시멘트, 플라스터 제품 제조업",그 외 기타 콘크리트 제품 및 유사 제품 제조업,1,23329,C,제조업,23,비금속 광물제품 제조업,233,"시멘트, 석회, 플라스터 및 그 제품 제조업",2332,"콘크리트, 레미콘 및 기타 시멘트, 플라스터 제품 제조업",그 외 기타 콘크리트 제품 및 유사 제품 제조업,2,1,,,,
,345,269601,C,제조업,26,비금속 광물제품 제조업,269,기타 비금속 광물제품 제조업,2696,석제품 제조업,건설용 석제품 제조업,1,23911,C,제조업,23,비금속 광물제품 제조업,239,기타 비금속 광물제품 제조업,2391,석제품 제조업,건설용 석제품 제조업,1,,,,,
,346,269603,C,제조업,26,비금속 광물제품 제조업,269,기타 비금속 광물제품 제조업,2696,석제품 제조업,기타 석제품 제조업,1,23919,C,제조업,23,비금속 광물제품 제조업,239,기타 비금속 광물제품 제조업,2391,석제품 제조업,기타 석제품 제조업,1,,,,,
,347,269901,C,제조업,26,비금속 광물제품 제조업,269,기타 비금속 광물제품 제조업,2699,그 외 기타 비금속 광물제품 제조업,암면 및 유사 제품 제조업,1,23994,C,제조업,23,비금속 광물제품 제조업,239,기타 비금속 광물제품 제조업,2399,그 외 기타 비금속 광물제품 제조업,암면 및 유사 제품 제조업,1,,,,,
,348,269902,C,제조업,26,비금속 광물제품 제조업,269,기타 비금속 광물제품 제조업,2699,그 외 기타 비금속 광물제품 제조업,연마재 제조업,1,23992,C,제조업,23,비금속 광물제품 제조업,239,기타 비금속 광물제품 제조업,2399,그 외 기타 비금속 광물제품 제조업,연마재 제조업,2,1,,,,
,349,269903,C,제조업,26,비금속 광물제품 제조업,269,기타 비금속 광물제품 제조업,2699,그 외 기타 비금속 광물제품 제조업,아스팔트 콘크리트 및 혼합제품 제조업,1,23991,C,제조업,23,비금속 광물제품 제조업,239,기타 비금속 광물제품 제조업,2399,그 외 기타 비금속 광물제품 제조업,아스팔트 콘크리트 및 혼합제품 제조업,1,,,,,
,350,269904,C,제조업,26,비금속 광물제품 제조업,269,기타 비금속 광물제품 제조업,2699,그 외 기타 비금속 광물제품 제조업,비금속광물 분쇄물 생산업,1,23993,C,제조업,23,비금속 광물제품 제조업,239,기타 비금속 광물제품 제조업,2399,그 외 기타 비금속 광물제품 제조업,비금속광물 분쇄물 생산업,1,,,,,
,351,269905,C,제조업,26,비금속 광물제품 제조업,269,기타 비금속 광물제품 제조업,2699,그 외 기타 비금속 광물제품 제조업,탄소섬유 제조업,1,23995,C,제조업,23,비금속 광물제품 제조업,239,기타 비금속 광물제품 제조업,2399,그 외 기타 비금속 광물제품 제조업,탄소섬유 제조업,1,,,,,
,352,269906,C,제조업,26,비금속 광물제품 제조업,269,기타 비금속 광물제품 제조업,2699,그 외 기타 비금속 광물제품 제조업,그 외 기타 분류 안된 비금속 광물제품 제조업,1,23999,C,제조업,23,비금속 광물제품 제조업,239,기타 비금속 광물제품 제조업,2399,그 외 기타 비금속 광물제품 제조업,그 외 기타 분류 안된 비금속 광물제품 제조업,2,,석면,,,
,353,269907,C,제조업,26,비금속 광물제품 제조업,269,기타 비금속 광물제품 제조업,2699,그 외 기타 비금속 광물제품 제조업,연마재 제조업,1,23992,C,제조업,23,비금속 광물제품 제조업,239,기타 비금속 광물제품 제조업,2399,그 외 기타 비금속 광물제품 제조업,연마재 제조업,2,,연마지,,,
,354,269908,C,제조업,26,비금속 광물제품 제조업,269,기타 비금속 광물제품 제조업,2699,그 외 기타 비금속 광물제품 제조업,그 외 기타 분류 안된 비금속 광물제품 제조업,1,23999,C,제조업,23,비금속 광물제품 제조업,239,기타 비금속 광물제품 제조업,2399,그 외 기타 비금속 광물제품 제조업,그 외 기타 분류 안된 비금속 광물제품 제조업,2,1,,,,
,355,271101,C,제조업,27,1차 금속 제조업,271,1차 철강 제조업,2711,"제철, 제강 및 합금철 제조업",제철업,1,24111,C,제조업,24,1차 금속 제조업,241,1차 철강 제조업,2411,"제철, 제강 및 합금철 제조업",제철업,1,,,,,
,356,271102,C,제조업,27,1차 금속 제조업,271,1차 철강 제조업,2711,"제철, 제강 및 합금철 제조업",제강업,1,24112,C,제조업,24,1차 금속 제조업,241,1차 철강 제조업,2411,"제철, 제강 및 합금철 제조업",제강업,1,,,,,
,357,271103,C,제조업,27,1차 금속 제조업,271,1차 철강 제조업,2711,"제철, 제강 및 합금철 제조업",합금철 제조업,1,24113,C,제조업,24,1차 금속 제조업,241,1차 철강 제조업,2411,"제철, 제강 및 합금철 제조업",합금철 제조업,1,,,,,
,358,271104,C,제조업,27,1차 금속 제조업,271,1차 철강 제조업,2711,"제철, 제강 및 합금철 제조업",기타 제철 및 제강업,1,24119,C,제조업,24,1차 금속 제조업,241,1차 철강 제조업,2411,"제철, 제강 및 합금철 제조업",기타 제철 및 제강업,1,,,,,
,359,271201,C,제조업,27,1차 금속 제조업,271,1차 철강 제조업,2712,기타 1차 철강 제조업,그 외 기타 1차 철강 제조업,1,24199,C,제조업,24,1차 금속 제조업,241,1차 철강 제조업,2419,기타 1차 철강 제조업,그 외 기타 1차 철강 제조업,2,2,"단공 강재, 용접 형강",,,
,360,271202,C,제조업,27,1차 금속 제조업,271,1차 철강 제조업,2712,철강관 제조업,주철관 제조업,1,24131,C,제조업,24,1차 금속 제조업,241,1차 철강 제조업,2413,철강관 제조업,주철관 제조업,1,,,,,
,361,271204,C,제조업,27,1차 금속 제조업,271,1차 철강 제조업,2712,"철강 압연, 압출 및 연신제품 제조업",열간 압연 및 압출제품 제조업,1,24121,C,제조업,24,1차 금속 제조업,241,1차 철강 제조업,2412,"철강 압연, 압출 및 연신제품 제조업",열간 압연 및 압출제품 제조업,1,,,,,
,362,271205,C,제조업,27,1차 금속 제조업,271,1차 철강 제조업,2712,"철강 압연, 압출 및 연신제품 제조업",냉간 압연 및 압출 제품 제조업,1,24122,C,제조업,24,1차 금속 제조업,241,1차 철강 제조업,2412,"철강 압연, 압출 및 연신제품 제조업",냉간 압연 및 압출 제품 제조업,1,,,,,
,363,271206,C,제조업,27,1차 금속 제조업,271,1차 철강 제조업,2712,"철강 압연, 압출 및 연신제품 제조업",철강선 제조업,1,24123,C,제조업,24,1차 금속 제조업,241,1차 철강 제조업,2412,"철강 압연, 압출 및 연신제품 제조업",철강선 제조업,1,,,,,
,364,271207,C,제조업,27,1차 금속 제조업,271,1차 철강 제조업,2712,철강관 제조업,강관 제조업,1,24132,C,제조업,24,1차 금속 제조업,241,1차 철강 제조업,2413,철강관 제조업,강관 제조업,1,,,,,
,365,271208,C,제조업,27,1차 금속 제조업,271,1차 철강 제조업,2712,철강관 제조업,강관 가공품 및 관 연결구류 제조업,1,24133,C,제조업,24,1차 금속 제조업,241,1차 철강 제조업,2413,철강관 제조업,강관 가공품 및 관 연결구류 제조업,1,,,,,
,366,271901,C,제조업,27,1차 금속 제조업,271,1차 철강 제조업,2719,기타 1차 철강 제조업,"도금, 착색 및 기타 표면 처리 강재 제조업",1,24191,C,제조업,24,1차 금속 제조업,241,1차 철강 제조업,2419,기타 1차 철강 제조업,"도금, 착색 및 기타 표면 처리 강재 제조업",1,,,,,
,367,271902,C,제조업,27,1차 금속 제조업,271,1차 철강 제조업,2719,기타 1차 철강 제조업,그 외 기타 1차 철강 제조업,1,24199,C,제조업,24,1차 금속 제조업,241,1차 철강 제조업,2419,기타 1차 철강 제조업,그 외 기타 1차 철강 제조업,2,2,절단 철강재,,,
,368,272100,C,제조업,27,1차 금속 제조업,272,1차 비철금속 제조업,2721,"비철금속 제련, 정련 및 합금 제조업","기타 비철금속 제련, 정련 및 합금 제조업",1,24219,C,제조업,24,1차 금속 제조업,242,1차 비철금속 제조업,2421,"비철금속 제련, 정련 및 합금 제조업","기타 비철금속 제련, 정련 및 합금 제조업",2,2,"기타 비철금속 제1차 제련, 정련",,,
,369,272101,C,제조업,27,1차 금속 제조업,272,1차 비철금속 제조업,2721,"비철금속 제련, 정련 및 합금 제조업","동 제련, 정련 및 합금 제조업",1,24211,C,제조업,24,1차 금속 제조업,242,1차 비철금속 제조업,2421,"비철금속 제련, 정련 및 합금 제조업","동 제련, 정련 및 합금 제조업",2,2,"동 1차 제련, 정련",,,
,370,272102,C,제조업,27,1차 금속 제조업,272,1차 비철금속 제조업,2721,"비철금속 제련, 정련 및 합금 제조업","알루미늄 제련, 정련 및 합금 제조업",1,24212,C,제조업,24,1차 금속 제조업,242,1차 비철금속 제조업,2421,"비철금속 제련, 정련 및 합금 제조업","알루미늄 제련, 정련 및 합금 제조업",2,2,"알루미늄 1차 제련, 정련",,,
,371,272103,C,제조업,27,1차 금속 제조업,272,1차 비철금속 제조업,2721,"비철금속 제련, 정련 및 합금 제조업","연 및 아연 제련, 정련 및 합금 제조업",1,24213,C,제조업,24,1차 금속 제조업,242,1차 비철금속 제조업,2421,"비철금속 제련, 정련 및 합금 제조업","연 및 아연 제련, 정련 및 합금 제조업",2,2,"연 및 아연 제1차 제련, 정련",,,
,372,272200,C,제조업,27,1차 금속 제조업,272,1차 비철금속 제조업,2722,"비철금속 제련, 정련 및 합금 제조업","기타 비철금속 제련, 정련 및 합금 제조업",1,24219,C,제조업,24,1차 금속 제조업,242,1차 비철금속 제조업,2421,"비철금속 제련, 정련 및 합금 제조업","기타 비철금속 제련, 정련 및 합금 제조업",2,2,"기타 비철금속 제2차 제련, 정련 및 합금",,,
,373,272201,C,제조업,27,1차 금속 제조업,272,1차 비철금속 제조업,2722,"비철금속 제련, 정련 및 합금 제조업","동 제련, 정련 및 합금 제조업",1,24211,C,제조업,24,1차 금속 제조업,242,1차 비철금속 제조업,2421,"비철금속 제련, 정련 및 합금 제조업","동 제련, 정련 및 합금 제조업",2,2,"동 2차 제련, 정련 및 합금",,,
,374,272202,C,제조업,27,1차 금속 제조업,272,1차 비철금속 제조업,2722,"비철금속 제련, 정련 및 합금 제조업","알루미늄 제련, 정련 및 합금 제조업",1,24212,C,제조업,24,1차 금속 제조업,242,1차 비철금속 제조업,2421,"비철금속 제련, 정련 및 합금 제조업","알루미늄 제련, 정련 및 합금 제조업",2,2,"알루미늄 2차 제련, 정련 및 합금",,,
,375,272203,C,제조업,27,1차 금속 제조업,272,1차 비철금속 제조업,2722,"비철금속 제련, 정련 및 합금 제조업","연 및 아연 제련, 정련 및 합금 제조업",1,24213,C,제조업,24,1차 금속 제조업,242,1차 비철금속 제조업,2421,"비철금속 제련, 정련 및 합금 제조업","연 및 아연 제련, 정련 및 합금 제조업",2,2,"연 및 아연 제2차 제련, 정련 및 합금",,,
,376,272300,C,제조업,27,1차 금속 제조업,272,1차 비철금속 제조업,2723,"비철금속 압연, 압출 및 연신제품 제조업","알루미늄 압연, 압출 및 연신제품 제조업",1,24222,C,제조업,24,1차 금속 제조업,242,1차 비철금속 제조업,2422,"비철금속 압연, 압출 및 연신제품 제조업","알루미늄 압연, 압출 및 연신제품 제조업",1,,,,,
,377,272301,C,제조업,27,1차 금속 제조업,272,1차 비철금속 제조업,2723,"비철금속 압연, 압출 및 연신제품 제조업","동 압연, 압출 및 연신제품 제조업",1,24221,C,제조업,24,1차 금속 제조업,242,1차 비철금속 제조업,2422,"비철금속 압연, 압출 및 연신제품 제조업","동 압연, 압출 및 연신제품 제조업",1,,,,,
,378,272302,C,제조업,27,1차 금속 제조업,272,1차 비철금속 제조업,2723,"비철금속 압연, 압출 및 연신제품 제조업","기타 비철금속 압연, 압출 및 연신제품 제조업",1,24229,C,제조업,24,1차 금속 제조업,242,1차 비철금속 제조업,2422,"비철금속 압연, 압출 및 연신제품 제조업","기타 비철금속 압연, 압출 및 연신제품 제조업",1,,,,,
,379,272900,C,제조업,27,1차 금속 제조업,272,1차 비철금속 제조업,2729,기타 1차 비철금속 제조업,기타 1차 비철금속 제조업,1,24290,C,제조업,24,1차 금속 제조업,242,1차 비철금속 제조업,2429,기타 1차 비철금속 제조업,기타 1차 비철금속 제조업,1,,,,,
,380,273101,C,제조업,27,1차 금속 제조업,273,금속 주조업,2731,철강 주조업,선철 주물 주조업,1,24311,C,제조업,24,1차 금속 제조업,243,금속 주조업,2431,철강 주조업,선철 주물 주조업,1,,,,,
,381,273102,C,제조업,27,1차 금속 제조업,273,금속 주조업,2731,철강 주조업,강 주물 주조업,1,24312,C,제조업,24,1차 금속 제조업,243,금속 주조업,2431,철강 주조업,강 주물 주조업,1,,,,,
,382,273200,C,제조업,27,1차 금속 제조업,273,금속 주조업,2732,비철금속 주조업,알루미늄 주물 주조업,1,24321,C,제조업,24,1차 금속 제조업,243,금속 주조업,2432,비철금속 주조업,알루미늄 주물 주조업,1,,,,,
,383,273201,C,제조업,27,1차 금속 제조업,273,금속 주조업,2732,비철금속 주조업,기타 비철금속 주조업,1,24329,C,제조업,24,1차 금속 제조업,243,금속 주조업,2432,비철금속 주조업,기타 비철금속 주조업,2,,동주물,,,
,384,273202,C,제조업,27,1차 금속 제조업,273,금속 주조업,2732,비철금속 주조업,기타 비철금속 주조업,1,24329,C,제조업,24,1차 금속 제조업,243,금속 주조업,2432,비철금속 주조업,기타 비철금속 주조업,2,1,,,,
,385,281100,C,제조업,28,금속 가공제품 제조업; 기계 및 가구 제외,281,"구조용 금속제품, 탱크 및 증기발생기 제조업",2811,구조용 금속제품 제조업,"금속 문, 창, 셔터 및 관련제품 제조업",1,25111,C,제조업,25,금속가공제품 제조업; 기계 및 가구 제외,251,"구조용 금속제품, 탱크 및 증기발생기 제조업",2511,구조용 금속제품 제조업,"금속 문, 창, 셔터 및 관련제품 제조업",1,,,,,
,386,281101,C,제조업,28,금속 가공제품 제조업; 기계 및 가구 제외,281,기타 금속 가공제품 제조업,2811,그 외 기타 금속 가공제품 제조업,그 외 기타 분류 안된 금속 가공제품 제조업,1,25999,C,제조업,25,금속가공제품 제조업; 기계 및 가구 제외,259,기타 금속 가공제품 제조업,2599,그 외 기타 금속 가공제품 제조업,그 외 기타 분류 안된 금속 가공제품 제조업,3,1,,,,
,387,281102,C,제조업,28,기타 기계 및 장비 제조업,281,일반 목적용 기계 제조업,2811,"펌프 및 압축기 제조업; 탭, 밸브 및 유사 장치 제조 포함","탭, 밸브 및 유사 장치 제조업",1,29133,C,제조업,29,기타 기계 및 장비 제조업,291,일반 목적용 기계 제조업,2913,"펌프 및 압축기 제조업; 탭, 밸브 및 유사 장치 제조 포함","탭, 밸브 및 유사 장치 제조업",1,,,,,
,388,281103,C,제조업,28,금속 가공제품 제조업; 기계 및 가구 제외,281,"구조용 금속제품, 탱크 및 증기발생기 제조업",2811,구조용 금속제품 제조업,구조용 금속 판제품 및 공작물 제조업,1,25112,C,제조업,25,금속가공제품 제조업; 기계 및 가구 제외,251,"구조용 금속제품, 탱크 및 증기발생기 제조업",2511,구조용 금속제품 제조업,구조용 금속 판제품 및 공작물 제조업,1,,,,,
,389,281104,C,제조업,28,금속 가공제품 제조업; 기계 및 가구 제외,281,"구조용 금속제품, 탱크 및 증기발생기 제조업",2811,구조용 금속제품 제조업,육상 금속 골조 구조재 제조업,1,25113,C,제조업,25,금속가공제품 제조업; 기계 및 가구 제외,251,"구조용 금속제품, 탱크 및 증기발생기 제조업",2511,구조용 금속제품 제조업,육상 금속 골조 구조재 제조업,1,,,,,
,390,281105,C,제조업,28,금속 가공제품 제조업; 기계 및 가구 제외,281,"구조용 금속제품, 탱크 및 증기발생기 제조업",2811,구조용 금속제품 제조업,수상 금속 골조 구조재 제조업,1,25114,C,제조업,25,금속가공제품 제조업; 기계 및 가구 제외,251,"구조용 금속제품, 탱크 및 증기발생기 제조업",2511,구조용 금속제품 제조업,수상 금속 골조 구조재 제조업,1,,,,,
,391,281106,C,제조업,28,금속 가공제품 제조업; 기계 및 가구 제외,281,"구조용 금속제품, 탱크 및 증기발생기 제조업",2811,구조용 금속제품 제조업,기타 구조용 금속제품 제조업,1,25119,C,제조업,25,금속가공제품 제조업; 기계 및 가구 제외,251,"구조용 금속제품, 탱크 및 증기발생기 제조업",2511,구조용 금속제품 제조업,기타 구조용 금속제품 제조업,1,,,,,
,392,281201,C,제조업,28,금속 가공제품 제조업; 기계 및 가구 제외,281,"구조용 금속제품, 탱크 및 증기발생기 제조업",2812,"산업용 난방 보일러, 금속탱크 및 유사 용기 제조업",산업용 난방보일러 및 방열기 제조업,1,25121,C,제조업,25,금속가공제품 제조업; 기계 및 가구 제외,251,"구조용 금속제품, 탱크 및 증기발생기 제조업",2512,"산업용 난방 보일러, 금속탱크 및 유사 용기 제조업",산업용 난방보일러 및 방열기 제조업,2,1,,,,
,393,281202,C,제조업,28,금속 가공제품 제조업; 기계 및 가구 제외,281,"구조용 금속제품, 탱크 및 증기발생기 제조업",2812,"산업용 난방 보일러, 금속탱크 및 유사 용기 제조업",산업용 난방보일러 및 방열기 제조업,1,25121,C,제조업,25,금속가공제품 제조업; 기계 및 가구 제외,251,"구조용 금속제품, 탱크 및 증기발생기 제조업",2512,"산업용 난방 보일러, 금속탱크 및 유사 용기 제조업",산업용 난방보일러 및 방열기 제조업,2,,방열기,,,
,394,281204,C,제조업,28,금속 가공제품 제조업; 기계 및 가구 제외,281,"구조용 금속제품, 탱크 및 증기발생기 제조업",2812,"산업용 난방 보일러, 금속탱크 및 유사 용기 제조업",금속 탱크 및 저장 용기 제조업,1,25122,C,제조업,25,금속가공제품 제조업; 기계 및 가구 제외,251,"구조용 금속제품, 탱크 및 증기발생기 제조업",2512,"산업용 난방 보일러, 금속탱크 및 유사 용기 제조업",금속 탱크 및 저장 용기 제조업,1,,,,,
,395,281205,C,제조업,28,금속 가공제품 제조업; 기계 및 가구 제외,281,"구조용 금속제품, 탱크 및 증기발생기 제조업",2812,"산업용 난방 보일러, 금속탱크 및 유사 용기 제조업",압축 및 액화 가스 용기 제조업,1,25123,C,제조업,25,금속가공제품 제조업; 기계 및 가구 제외,251,"구조용 금속제품, 탱크 및 증기발생기 제조업",2512,"산업용 난방 보일러, 금속탱크 및 유사 용기 제조업",압축 및 액화 가스 용기 제조업,1,,,,,
,396,281300,C,제조업,28,금속 가공제품 제조업; 기계 및 가구 제외,281,"구조용 금속제품, 탱크 및 증기발생기 제조업",2813,핵반응기 및 증기보일러 제조업,핵반응기 및 증기보일러 제조업,1,25130,C,제조업,25,금속가공제품 제조업; 기계 및 가구 제외,251,"구조용 금속제품, 탱크 및 증기발생기 제조업",2513,핵반응기 및 증기보일러 제조업,핵반응기 및 증기보일러 제조업,1,,,,,
,397,289101,C,제조업,28,금속 가공제품 제조업; 기계 및 가구 제외,289,기타 금속 가공제품 제조업,2891,"금속 단조, 압형 및 분말 야금제품 제조업",분말 야금제품 제조업,1,25911,C,제조업,25,금속가공제품 제조업; 기계 및 가구 제외,259,기타 금속 가공제품 제조업,2591,"금속 단조, 압형 및 분말 야금제품 제조업",분말 야금제품 제조업,1,,,,,
,398,289102,C,제조업,28,금속 가공제품 제조업; 기계 및 가구 제외,289,기타 금속 가공제품 제조업,2891,"금속 단조, 압형 및 분말 야금제품 제조업",금속 단조제품 제조업,1,25912,C,제조업,25,금속가공제품 제조업; 기계 및 가구 제외,259,기타 금속 가공제품 제조업,2591,"금속 단조, 압형 및 분말 야금제품 제조업",금속 단조제품 제조업,1,,,,,
,399,289103,C,제조업,28,금속 가공제품 제조업; 기계 및 가구 제외,289,기타 금속 가공제품 제조업,2891,"금속 단조, 압형 및 분말 야금제품 제조업",자동차용 금속 압형제품 제조업,1,25913,C,제조업,25,금속가공제품 제조업; 기계 및 가구 제외,259,기타 금속 가공제품 제조업,2591,"금속 단조, 압형 및 분말 야금제품 제조업",자동차용 금속 압형제품 제조업,1,,,,,
,400,289104,C,제조업,28,금속 가공제품 제조업; 기계 및 가구 제외,289,기타 금속 가공제품 제조업,2891,"금속 단조, 압형 및 분말 야금제품 제조업",그 외 금속 압형제품 제조업,1,25914,C,제조업,25,금속가공제품 제조업; 기계 및 가구 제외,259,기타 금속 가공제품 제조업,2591,"금속 단조, 압형 및 분말 야금제품 제조업",그 외 금속 압형제품 제조업,1,,,,,
,401,289201,C,제조업,28,금속 가공제품 제조업; 기계 및 가구 제외,289,기타 금속 가공제품 제조업,2892,"금속 열처리, 도금 및 기타 금속 가공업",그 외 기타 금속 가공업,1,25929,C,제조업,25,금속가공제품 제조업; 기계 및 가구 제외,259,기타 금속 가공제품 제조업,2592,"금속 열처리, 도금 및 기타 금속 가공업",그 외 기타 금속 가공업,3,,금속용접처리,,,
,402,289202,C,제조업,28,금속 가공제품 제조업; 기계 및 가구 제외,289,기타 금속 가공제품 제조업,2892,"금속 열처리, 도금 및 기타 금속 가공업",도장 및 기타 피막 처리업,1,25923,C,제조업,25,금속가공제품 제조업; 기계 및 가구 제외,259,기타 금속 가공제품 제조업,2592,"금속 열처리, 도금 및 기타 금속 가공업",도장 및 기타 피막 처리업,1,,,,,
,403,289205,C,제조업,28,금속 가공제품 제조업; 기계 및 가구 제외,289,기타 금속 가공제품 제조업,2892,"금속 열처리, 도금 및 기타 금속 가공업",절삭 가공 및 유사 처리업,1,25924,C,제조업,25,금속가공제품 제조업; 기계 및 가구 제외,259,기타 금속 가공제품 제조업,2592,"금속 열처리, 도금 및 기타 금속 가공업",절삭 가공 및 유사 처리업,2,1,,,,
,404,289206,C,제조업,28,금속 가공제품 제조업; 기계 및 가구 제외,289,기타 금속 가공제품 제조업,2892,"금속 열처리, 도금 및 기타 금속 가공업",금속 열처리업,1,25921,C,제조업,25,금속가공제품 제조업; 기계 및 가구 제외,259,기타 금속 가공제품 제조업,2592,"금속 열처리, 도금 및 기타 금속 가공업",금속 열처리업,1,,,,,
,405,289207,C,제조업,28,금속 가공제품 제조업; 기계 및 가구 제외,289,기타 금속 가공제품 제조업,2892,"금속 열처리, 도금 및 기타 금속 가공업",도금업,1,25922,C,제조업,25,금속가공제품 제조업; 기계 및 가구 제외,259,기타 금속 가공제품 제조업,2592,"금속 열처리, 도금 및 기타 금속 가공업",도금업,1,,,,,
,406,289208,C,제조업,28,금속 가공제품 제조업; 기계 및 가구 제외,289,기타 금속 가공제품 제조업,2892,"금속 열처리, 도금 및 기타 금속 가공업",그 외 기타 금속 가공업,1,25929,C,제조업,25,금속가공제품 제조업; 기계 및 가구 제외,259,기타 금속 가공제품 제조업,2592,"금속 열처리, 도금 및 기타 금속 가공업",그 외 기타 금속 가공업,3,1,,,,
,407,289301,C,제조업,28,금속 가공제품 제조업; 기계 및 가구 제외,289,기타 금속 가공제품 제조업,2893,"날붙이, 수공구 및 일반 철물 제조업",비동력식 수공구 제조업,1,25933,C,제조업,25,금속가공제품 제조업; 기계 및 가구 제외,259,기타 금속 가공제품 제조업,2593,"날붙이, 수공구 및 일반 철물 제조업",비동력식 수공구 제조업,2,,농업용 및 정원용,,,
,408,289302,C,제조업,28,금속 가공제품 제조업; 기계 및 가구 제외,289,기타 금속 가공제품 제조업,2893,"날붙이, 수공구 및 일반 철물 제조업",일반 철물 제조업,1,25932,C,제조업,25,금속가공제품 제조업; 기계 및 가구 제외,259,기타 금속 가공제품 제조업,2593,"날붙이, 수공구 및 일반 철물 제조업",일반 철물 제조업,2,1,,,,
,409,289303,C,제조업,28,금속 가공제품 제조업; 기계 및 가구 제외,289,기타 금속 가공제품 제조업,2893,"날붙이, 수공구 및 일반 철물 제조업",톱 및 호환성 공구 제조업,1,25934,C,제조업,25,금속가공제품 제조업; 기계 및 가구 제외,259,기타 금속 가공제품 제조업,2593,"날붙이, 수공구 및 일반 철물 제조업",톱 및 호환성 공구 제조업,1,,,,,
,410,289304,C,제조업,28,금속 가공제품 제조업; 기계 및 가구 제외,289,기타 금속 가공제품 제조업,2893,"날붙이, 수공구 및 일반 철물 제조업",날붙이 제조업,1,25931,C,제조업,25,금속가공제품 제조업; 기계 및 가구 제외,259,기타 금속 가공제품 제조업,2593,"날붙이, 수공구 및 일반 철물 제조업",날붙이 제조업,1,,,,,
,411,289305,C,제조업,28,금속 가공제품 제조업; 기계 및 가구 제외,289,기타 금속 가공제품 제조업,2893,"날붙이, 수공구 및 일반 철물 제조업",일반 철물 제조업,1,25932,C,제조업,25,금속가공제품 제조업; 기계 및 가구 제외,259,기타 금속 가공제품 제조업,2593,"날붙이, 수공구 및 일반 철물 제조업",일반 철물 제조업,2,,자물쇠 및 열쇠,,,
,412,289306,C,제조업,28,금속 가공제품 제조업; 기계 및 가구 제외,289,기타 금속 가공제품 제조업,2893,"날붙이, 수공구 및 일반 철물 제조업",비동력식 수공구 제조업,1,25933,C,제조업,25,금속가공제품 제조업; 기계 및 가구 제외,259,기타 금속 가공제품 제조업,2593,"날붙이, 수공구 및 일반 철물 제조업",비동력식 수공구 제조업,2,1,,,,
,413,289901,C,제조업,28,금속 가공제품 제조업; 기계 및 가구 제외,289,기타 금속 가공제품 제조업,2899,"금속 파스너, 스프링 및 금속선 가공제품 제조업",금속선 가공제품 제조업,1,25944,C,제조업,25,금속가공제품 제조업; 기계 및 가구 제외,259,기타 금속 가공제품 제조업,2594,"금속 파스너, 스프링 및 금속선 가공제품 제조업",금속선 가공제품 제조업,1,,,,,
,414,289902,C,제조업,28,금속 가공제품 제조업; 기계 및 가구 제외,289,기타 금속 가공제품 제조업,2899,그 외 기타 금속 가공제품 제조업,금속 캔 및 기타 포장용기 제조업,1,25991,C,제조업,25,금속가공제품 제조업; 기계 및 가구 제외,259,기타 금속 가공제품 제조업,2599,그 외 기타 금속 가공제품 제조업,금속 캔 및 기타 포장용기 제조업,1,,,,,
,415,289903,C,제조업,28,금속 가공제품 제조업; 기계 및 가구 제외,289,기타 금속 가공제품 제조업,2899,그 외 기타 금속 가공제품 제조업,수동식 식품 가공 기기 및 금속 주방용기 제조업,1,25992,C,제조업,25,금속가공제품 제조업; 기계 및 가구 제외,259,기타 금속 가공제품 제조업,2599,그 외 기타 금속 가공제품 제조업,수동식 식품 가공 기기 및 금속 주방용기 제조업,1,,,,,
,416,289908,C,제조업,28,금속 가공제품 제조업; 기계 및 가구 제외,289,기타 금속 가공제품 제조업,2899,"금속 파스너, 스프링 및 금속선 가공제품 제조업",볼트 및 너트류 제조업,1,25941,C,제조업,25,금속가공제품 제조업; 기계 및 가구 제외,259,기타 금속 가공제품 제조업,2594,"금속 파스너, 스프링 및 금속선 가공제품 제조업",볼트 및 너트류 제조업,1,,,,,
,417,289910,C,제조업,28,금속 가공제품 제조업; 기계 및 가구 제외,289,기타 금속 가공제품 제조업,2899,"금속 파스너, 스프링 및 금속선 가공제품 제조업",그 외 금속 파스너 및 나사제품 제조업,1,25942,C,제조업,25,금속가공제품 제조업; 기계 및 가구 제외,259,기타 금속 가공제품 제조업,2594,"금속 파스너, 스프링 및 금속선 가공제품 제조업",그 외 금속 파스너 및 나사제품 제조업,1,,,,,
,418,289913,C,제조업,28,금속 가공제품 제조업; 기계 및 가구 제외,289,기타 금속 가공제품 제조업,2899,"금속 파스너, 스프링 및 금속선 가공제품 제조업",금속 스프링 제조업,1,25943,C,제조업,25,금속가공제품 제조업; 기계 및 가구 제외,259,기타 금속 가공제품 제조업,2594,"금속 파스너, 스프링 및 금속선 가공제품 제조업",금속 스프링 제조업,1,,,,,
,419,289914,C,제조업,28,금속 가공제품 제조업; 기계 및 가구 제외,289,기타 금속 가공제품 제조업,2899,그 외 기타 금속 가공제품 제조업,피복 및 충전 용접봉 제조업,1,25995,C,제조업,25,금속가공제품 제조업; 기계 및 가구 제외,259,기타 금속 가공제품 제조업,2599,그 외 기타 금속 가공제품 제조업,피복 및 충전 용접봉 제조업,1,,,,,
,420,289915,C,제조업,28,금속 가공제품 제조업; 기계 및 가구 제외,289,기타 금속 가공제품 제조업,2899,그 외 기타 금속 가공제품 제조업,그 외 기타 분류 안된 금속 가공제품 제조업,1,25999,C,제조업,25,금속가공제품 제조업; 기계 및 가구 제외,259,기타 금속 가공제품 제조업,2599,그 외 기타 금속 가공제품 제조업,그 외 기타 분류 안된 금속 가공제품 제조업,3,,사무실용 금속비품,,,
,421,289916,C,제조업,28,금속 가공제품 제조업; 기계 및 가구 제외,289,기타 금속 가공제품 제조업,2899,그 외 기타 금속 가공제품 제조업,금속 위생용품 제조업,1,25993,C,제조업,25,금속가공제품 제조업; 기계 및 가구 제외,259,기타 금속 가공제품 제조업,2599,그 외 기타 금속 가공제품 제조업,금속 위생용품 제조업,1,,,,,
,422,289917,C,제조업,28,금속 가공제품 제조업; 기계 및 가구 제외,289,기타 금속 가공제품 제조업,2899,그 외 기타 금속 가공제품 제조업,금속 표시판 제조업,1,25994,C,제조업,25,금속가공제품 제조업; 기계 및 가구 제외,259,기타 금속 가공제품 제조업,2599,그 외 기타 금속 가공제품 제조업,금속 표시판 제조업,1,,,,,
,423,289918,C,제조업,28,금속 가공제품 제조업; 기계 및 가구 제외,289,기타 금속 가공제품 제조업,2899,그 외 기타 금속 가공제품 제조업,그 외 기타 분류 안된 금속 가공제품 제조업,1,25999,C,제조업,25,금속가공제품 제조업; 기계 및 가구 제외,259,기타 금속 가공제품 제조업,2599,그 외 기타 금속 가공제품 제조업,그 외 기타 분류 안된 금속 가공제품 제조업,3,,금고,,,
,424,291100,C,제조업,29,기타 기계 및 장비 제조업,291,일반 목적용 기계 제조업,2911,내연기관 및 터빈 제조업; 항공기용 및 차량용 제외,내연기관 제조업,1,29111,C,제조업,29,기타 기계 및 장비 제조업,291,일반 목적용 기계 제조업,2911,내연기관 및 터빈 제조업; 항공기용 및 차량용 제외,내연기관 제조업,1,,,,,
,425,291101,C,제조업,29,기타 기계 및 장비 제조업,291,일반 목적용 기계 제조업,2911,내연기관 및 터빈 제조업; 항공기용 및 차량용 제외,기타 기관 및 터빈 제조업,1,29119,C,제조업,29,기타 기계 및 장비 제조업,291,일반 목적용 기계 제조업,2911,내연기관 및 터빈 제조업; 항공기용 및 차량용 제외,기타 기관 및 터빈 제조업,1,,,,,
,426,291200,C,제조업,29,기타 기계 및 장비 제조업,291,일반 목적용 기계 제조업,2912,유압 기기 제조업,유압 기기 제조업,1,29120,C,제조업,29,기타 기계 및 장비 제조업,291,일반 목적용 기계 제조업,2912,유압 기기 제조업,유압 기기 제조업,1,,,,,
,427,291201,C,제조업,29,기타 기계 및 장비 제조업,291,일반 목적용 기계 제조업,2912,"펌프 및 압축기 제조업; 탭, 밸브 및 유사 장치 제조 포함",액체 펌프 제조업,1,29131,C,제조업,29,기타 기계 및 장비 제조업,291,일반 목적용 기계 제조업,2913,"펌프 및 압축기 제조업; 탭, 밸브 및 유사 장치 제조 포함",액체 펌프 제조업,1,,,,,
,428,291202,C,제조업,29,기타 기계 및 장비 제조업,291,일반 목적용 기계 제조업,2912,"펌프 및 압축기 제조업; 탭, 밸브 및 유사 장치 제조 포함",기체 펌프 및 압축기 제조업,1,29132,C,제조업,29,기타 기계 및 장비 제조업,291,일반 목적용 기계 제조업,2913,"펌프 및 압축기 제조업; 탭, 밸브 및 유사 장치 제조 포함",기체 펌프 및 압축기 제조업,1,,,,,
,429,291300,C,제조업,29,기타 기계 및 장비 제조업,291,일반 목적용 기계 제조업,2913,"베어링, 기어 및 동력 전달장치 제조업",기어 및 동력전달장치 제조업,1,29142,C,제조업,29,기타 기계 및 장비 제조업,291,일반 목적용 기계 제조업,2914,"베어링, 기어 및 동력 전달장치 제조업",기어 및 동력전달장치 제조업,1,,,,,
,430,291301,C,제조업,29,기타 기계 및 장비 제조업,291,일반 목적용 기계 제조업,2913,"베어링, 기어 및 동력 전달장치 제조업",구름베어링 제조업,1,29141,C,제조업,29,기타 기계 및 장비 제조업,291,일반 목적용 기계 제조업,2914,"베어링, 기어 및 동력 전달장치 제조업",구름베어링 제조업,1,,,,,
,431,291401,C,제조업,29,기타 기계 및 장비 제조업,291,일반 목적용 기계 제조업,2914,"산업용 오븐, 노 및 노용 버너 제조업","산업용 오븐, 노 및 노용 버너 제조업",1,29150,C,제조업,29,기타 기계 및 장비 제조업,291,일반 목적용 기계 제조업,2915,"산업용 오븐, 노 및 노용 버너 제조업","산업용 오븐, 노 및 노용 버너 제조업",1,,,,,
,432,291501,C,제조업,29,기타 기계 및 장비 제조업,291,일반 목적용 기계 제조업,2915,"산업용 트럭, 승강기 및 물품 취급장비 제조업",산업용 트럭 및 적재기 제조업,1,29161,C,제조업,29,기타 기계 및 장비 제조업,291,일반 목적용 기계 제조업,2916,"산업용 트럭, 승강기 및 물품 취급장비 제조업",산업용 트럭 및 적재기 제조업,1,,,,,
,433,291502,C,제조업,29,기타 기계 및 장비 제조업,291,일반 목적용 기계 제조업,2915,"산업용 트럭, 승강기 및 물품 취급장비 제조업",기타 물품 취급장비 제조업,1,29169,C,제조업,29,기타 기계 및 장비 제조업,291,일반 목적용 기계 제조업,2916,"산업용 트럭, 승강기 및 물품 취급장비 제조업",기타 물품 취급장비 제조업,1,,,,,
,434,291503,C,제조업,29,기타 기계 및 장비 제조업,291,일반 목적용 기계 제조업,2915,"산업용 트럭, 승강기 및 물품 취급장비 제조업",승강기 제조업,1,29162,C,제조업,29,기타 기계 및 장비 제조업,291,일반 목적용 기계 제조업,2916,"산업용 트럭, 승강기 및 물품 취급장비 제조업",승강기 제조업,1,,,,,
,435,291504,C,제조업,29,기타 기계 및 장비 제조업,291,일반 목적용 기계 제조업,2915,"산업용 트럭, 승강기 및 물품 취급장비 제조업",컨베이어 장치 제조업,1,29163,C,제조업,29,기타 기계 및 장비 제조업,291,일반 목적용 기계 제조업,2916,"산업용 트럭, 승강기 및 물품 취급장비 제조업",컨베이어 장치 제조업,1,,,,,
,436,291901,C,제조업,29,기타 기계 및 장비 제조업,291,일반 목적용 기계 제조업,2919,기타 일반 목적용 기계 제조업,그 외 기타 일반 목적용 기계 제조업,1,29199,C,제조업,29,기타 기계 및 장비 제조업,291,일반 목적용 기계 제조업,2919,기타 일반 목적용 기계 제조업,그 외 기타 일반목적용 기계 제조업,2,,일반 저울,,,
,437,291902,C,제조업,29,기타 기계 및 장비 제조업,291,일반 목적용 기계 제조업,2919,"냉각, 공기 조화, 여과, 증류 및 가스 발생기 제조업",산업용 냉장 및 냉동장비 제조업,1,29171,C,제조업,29,기타 기계 및 장비 제조업,291,일반 목적용 기계 제조업,2917,"냉각, 공기 조화, 여과, 증류 및 가스 발생기 제조업",산업용 냉장 및 냉동장비 제조업,1,,,,,
,438,291903,C,제조업,29,기타 기계 및 장비 제조업,291,일반 목적용 기계 제조업,2919,"냉각, 공기 조화, 여과, 증류 및 가스 발생기 제조업",가정용 및 산업용 공기 조화장치 제조업,2,29172,C,제조업,29,기타 기계 및 장비 제조업,291,일반 목적용 기계 제조업,2917,"냉각, 공기 조화, 여과, 증류 및 가스 발생기 제조업",가정용 및 산업용 공기 조화장치 제조업,1,,,,,
,438,291903,C,제조업,29,기타 기계 및 장비 제조업,291,일반 목적용 기계 제조업,2919,"냉각, 공기 조화, 여과, 증류 및 가스 발생기 제조업",운송장비용 공기 조화장치 제조업,2,29173,C,제조업,29,기타 기계 및 장비 제조업,291,일반 목적용 기계 제조업,2917,"냉각, 공기 조화, 여과, 증류 및 가스 발생기 제조업",운송장비용 공기 조화장치 제조업,1,,,,,
,439,291904,C,제조업,29,기타 기계 및 장비 제조업,291,일반 목적용 기계 제조업,2919,"냉각, 공기 조화, 여과, 증류 및 가스 발생기 제조업",산업용 송풍기 및 배기장치 제조업,1,29174,C,제조업,29,기타 기계 및 장비 제조업,291,일반 목적용 기계 제조업,2917,"냉각, 공기 조화, 여과, 증류 및 가스 발생기 제조업",산업용 송풍기 및 배기장치 제조업,1,,,,,
,440,291905,C,제조업,29,기타 기계 및 장비 제조업,291,일반 목적용 기계 제조업,2919,"냉각, 공기 조화, 여과, 증류 및 가스 발생기 제조업",기체 여과기 제조업,1,29175,C,제조업,29,기타 기계 및 장비 제조업,291,일반 목적용 기계 제조업,2917,"냉각, 공기 조화, 여과, 증류 및 가스 발생기 제조업",기체 여과기 제조업,1,,,,,
,441,291906,C,제조업,29,기타 기계 및 장비 제조업,291,일반 목적용 기계 제조업,2919,"냉각, 공기 조화, 여과, 증류 및 가스 발생기 제조업",액체 여과기 제조업,1,29176,C,제조업,29,기타 기계 및 장비 제조업,291,일반 목적용 기계 제조업,2917,"냉각, 공기 조화, 여과, 증류 및 가스 발생기 제조업",액체 여과기 제조업,1,,,,,
,442,291907,C,제조업,29,기타 기계 및 장비 제조업,291,일반 목적용 기계 제조업,2919,"냉각, 공기 조화, 여과, 증류 및 가스 발생기 제조업","증류기, 열 교환기 및 가스 발생기 제조업",1,29177,C,제조업,29,기타 기계 및 장비 제조업,291,일반 목적용 기계 제조업,2917,"냉각, 공기 조화, 여과, 증류 및 가스 발생기 제조업","증류기, 열 교환기 및 가스 발생기 제조업",1,,,,,
,443,291908,C,제조업,29,기타 기계 및 장비 제조업,291,일반 목적용 기계 제조업,2919,기타 일반 목적용 기계 제조업,"용기 세척, 포장 및 충전기 제조업",1,29191,C,제조업,29,기타 기계 및 장비 제조업,291,일반 목적용 기계 제조업,2919,기타 일반 목적용 기계 제조업,"용기 세척, 포장 및 충전기 제조업",1,,,,,
,444,291909,C,제조업,29,기타 기계 및 장비 제조업,291,일반 목적용 기계 제조업,2919,기타 일반 목적용 기계 제조업,분사기 및 소화기 제조업,1,29192,C,제조업,29,기타 기계 및 장비 제조업,291,일반 목적용 기계 제조업,2919,기타 일반 목적용 기계 제조업,분사기 및 소화기 제조업,1,,,,,
,445,291911,C,제조업,29,기타 기계 및 장비 제조업,291,일반 목적용 기계 제조업,2919,기타 일반 목적용 기계 제조업,그 외 기타 일반 목적용 기계 제조업,1,29199,C,제조업,29,기타 기계 및 장비 제조업,291,일반 목적용 기계 제조업,2919,기타 일반 목적용 기계 제조업,그 외 기타 일반목적용 기계 제조업,2,1,,,,
,446,292100,C,제조업,29,기타 기계 및 장비 제조업,292,특수 목적용 기계 제조업,2921,농업 및 임업용 기계 제조업,농업 및 임업용 기계 제조업,1,29210,C,제조업,29,기타 기계 및 장비 제조업,292,특수 목적용 기계 제조업,2921,농업 및 임업용 기계 제조업,농업 및 임업용 기계 제조업,1,,,,,
,447,292201,C,제조업,29,기타 기계 및 장비 제조업,292,일반 목적용 기계 제조업,2922,기타 일반 목적용 기계 제조업,동력식 수지 공구 제조업,1,29193,C,제조업,29,기타 기계 및 장비 제조업,291,일반 목적용 기계 제조업,2919,기타 일반 목적용 기계 제조업,동력식 수지 공구 제조업,1,,,,,
,448,292202,C,제조업,29,기타 기계 및 장비 제조업,292,특수 목적용 기계 제조업,2922,가공 공작기계 제조업,금속 절삭기계 제조업,1,29223,C,제조업,29,기타 기계 및 장비 제조업,292,특수 목적용 기계 제조업,2922,가공 공작기계 제조업,금속 절삭기계 제조업,1,,,,,
,449,292203,C,제조업,29,기타 기계 및 장비 제조업,292,특수 목적용 기계 제조업,2922,가공 공작기계 제조업,전자 응용 절삭기계 제조업,1,29221,C,제조업,29,기타 기계 및 장비 제조업,292,특수 목적용 기계 제조업,2922,가공 공작기계 제조업,전자 응용 절삭기계 제조업,1,,,,,
,450,292204,C,제조업,29,기타 기계 및 장비 제조업,292,특수 목적용 기계 제조업,2922,가공 공작기계 제조업,기타 가공 공작기계 제조업,1,29229,C,제조업,29,기타 기계 및 장비 제조업,292,특수 목적용 기계 제조업,2922,가공 공작기계 제조업,기타 가공 공작기계 제조업,1,,,,,
,451,292205,C,제조업,29,기타 기계 및 장비 제조업,292,특수 목적용 기계 제조업,2922,가공 공작기계 제조업,디지털 적층 성형기계 제조업,1,29222,C,제조업,29,기타 기계 및 장비 제조업,292,특수 목적용 기계 제조업,2922,가공 공작기계 제조업,디지털 적층 성형기계 제조업,1,,,,,
,452,292206,C,제조업,29,기타 기계 및 장비 제조업,292,특수 목적용 기계 제조업,2922,가공 공작기계 제조업,금속 성형기계 제조업,1,29224,C,제조업,29,기타 기계 및 장비 제조업,292,특수 목적용 기계 제조업,2922,가공 공작기계 제조업,금속 성형기계 제조업,1,,,,,
,453,292300,C,제조업,29,기타 기계 및 장비 제조업,292,특수 목적용 기계 제조업,2923,금속 주조 및 기타 야금용 기계 제조업,금속 주조 및 기타 야금용 기계 제조업,1,29230,C,제조업,29,기타 기계 및 장비 제조업,292,특수 목적용 기계 제조업,2923,금속 주조 및 기타 야금용 기계 제조업,금속 주조 및 기타 야금용 기계 제조업,1,,,,,
,454,292400,C,제조업,29,기타 기계 및 장비 제조업,292,특수 목적용 기계 제조업,2924,건설 및 광업용 기계장비 제조업,건설 및 채광용 기계장비 제조업,1,29241,C,제조업,29,기타 기계 및 장비 제조업,292,특수 목적용 기계 제조업,2924,건설 및 광업용 기계장비 제조업,건설 및 채광용 기계장비 제조업,1,,,,,
,455,292401,C,제조업,29,기타 기계 및 장비 제조업,292,특수 목적용 기계 제조업,2924,건설 및 광업용 기계장비 제조업,광물 처리 및 취급장비 제조업,1,29242,C,제조업,29,기타 기계 및 장비 제조업,292,특수 목적용 기계 제조업,2924,건설 및 광업용 기계장비 제조업,광물 처리 및 취급장비 제조업,1,,,,,
,456,292500,C,제조업,29,기타 기계 및 장비 제조업,292,특수 목적용 기계 제조업,2925,음ㆍ식료품 및 담배 가공기계 제조업,음ㆍ식료품 및 담배 가공기계 제조업,1,29250,C,제조업,29,기타 기계 및 장비 제조업,292,특수 목적용 기계 제조업,2925,음ㆍ식료품 및 담배 가공기계 제조업,음ㆍ식료품 및 담배 가공기계 제조업,1,,,,,
,457,292600,C,제조업,29,기타 기계 및 장비 제조업,292,특수 목적용 기계 제조업,2926,"섬유, 의복 및 가죽 가공기계 제조업","기타 섬유, 의복 및 가죽 가공기계 제조업",1,29269,C,제조업,29,기타 기계 및 장비 제조업,292,특수 목적용 기계 제조업,2926,"섬유, 의복 및 가죽 가공기계 제조업","기타 섬유, 의복 및 가죽 가공기계 제조업",1,,,,,
,458,292601,C,제조업,29,기타 기계 및 장비 제조업,292,특수 목적용 기계 제조업,2926,"섬유, 의복 및 가죽 가공기계 제조업","산업용 섬유 세척, 염색, 정리 및 가공 기계 제조업",1,29261,C,제조업,29,기타 기계 및 장비 제조업,292,특수 목적용 기계 제조업,2926,"섬유, 의복 및 가죽 가공기계 제조업","산업용 섬유 세척, 염색, 정리 및 가공 기계 제조업",1,,,,,
,459,292700,C,제조업,29,금속 가공제품 제조업; 기계 및 가구 제외,292,무기 및 총포탄 제조업,2927,무기 및 총포탄 제조업,무기 및 총포탄 제조업,1,25200,C,제조업,25,금속가공제품 제조업; 기계 및 가구 제외,252,무기 및 총포탄 제조업,2520,무기 및 총포탄 제조업,무기 및 총포탄 제조업,1,,,,,
,460,292901,C,제조업,29,기타 기계 및 장비 제조업,292,특수 목적용 기계 제조업,2929,산업용 로봇 제조업,산업용 로봇 제조업,1,29280,C,제조업,29,기타 기계 및 장비 제조업,292,특수 목적용 기계 제조업,2928,산업용 로봇 제조업,산업용 로봇 제조업,1,,,,,
,461,292902,C,제조업,29,기타 기계 및 장비 제조업,292,특수 목적용 기계 제조업,2929,기타 특수 목적용 기계 제조업,인쇄 및 제책용 기계 제조업,1,29292,C,제조업,29,기타 기계 및 장비 제조업,292,특수 목적용 기계 제조업,2929,기타 특수 목적용 기계 제조업,인쇄 및 제책용 기계 제조업,1,,,,,
,462,292903,C,제조업,29,기타 기계 및 장비 제조업,292,특수 목적용 기계 제조업,2929,기타 특수 목적용 기계 제조업,주형 및 금형 제조업,1,29293,C,제조업,29,기타 기계 및 장비 제조업,292,특수 목적용 기계 제조업,2929,기타 특수 목적용 기계 제조업,주형 및 금형 제조업,1,,,,,
,463,292905,C,제조업,29,기타 기계 및 장비 제조업,292,특수 목적용 기계 제조업,2929,기타 특수 목적용 기계 제조업,그 외 기타 특수 목적용 기계 제조업,1,29299,C,제조업,29,기타 기계 및 장비 제조업,292,특수 목적용 기계 제조업,2929,기타 특수 목적용 기계 제조업,그 외 기타 특수목적용 기계 제조업,2,,펄프 및 종이 가공용 기계,,,
,464,292906,C,제조업,29,기타 기계 및 장비 제조업,292,특수 목적용 기계 제조업,2929,기타 특수 목적용 기계 제조업,"고무, 화학섬유 및 플라스틱 성형기 제조업",1,29291,C,제조업,29,기타 기계 및 장비 제조업,292,특수 목적용 기계 제조업,2929,기타 특수 목적용 기계 제조업,"고무, 화학섬유 및 플라스틱 성형기 제조업",1,,,,,
,465,292907,C,제조업,29,기타 기계 및 장비 제조업,292,특수 목적용 기계 제조업,2929,기타 특수 목적용 기계 제조업,그 외 기타 특수 목적용 기계 제조업,1,29299,C,제조업,29,기타 기계 및 장비 제조업,292,특수 목적용 기계 제조업,2929,기타 특수 목적용 기계 제조업,그 외 기타 특수목적용 기계 제조업,2,1,,,,
,466,292908,C,제조업,29,기타 기계 및 장비 제조업,292,특수 목적용 기계 제조업,2929,반도체 및 디스플레이 제조용 기계 제조업,반도체 제조용 기계 제조업,1,29271,C,제조업,29,기타 기계 및 장비 제조업,292,특수 목적용 기계 제조업,2927,반도체 및 디스플레이 제조용 기계 제조업,반도체 제조용 기계 제조업,1,,,,,
,467,292909,C,제조업,29,기타 기계 및 장비 제조업,292,특수 목적용 기계 제조업,2929,반도체 및 디스플레이 제조용 기계 제조업,디스플레이 제조용 기계 제조업,1,29272,C,제조업,29,기타 기계 및 장비 제조업,292,특수 목적용 기계 제조업,2927,반도체 및 디스플레이 제조용 기계 제조업,디스플레이 제조용 기계 제조업,1,,,,,
,468,293001,C,제조업,29,전기장비 제조업,293,가정용 기기 제조업,2930,가정용 전기 기기 제조업,주방용 전기 기기 제조업,1,28511,C,제조업,28,전기장비 제조업,285,가정용 기기 제조업,2851,가정용 전기 기기 제조업,주방용 전기 기기 제조업,1,,,,,
,469,293002,C,제조업,29,전기장비 제조업,293,가정용 기기 제조업,2930,가정용 전기 기기 제조업,기타 가정용 전기 기기 제조업,1,28519,C,제조업,28,전기장비 제조업,285,가정용 기기 제조업,2851,가정용 전기 기기 제조업,기타 가정용 전기 기기 제조업,1,,,,,
,470,293004,C,제조업,29,전기장비 제조업,293,가정용 기기 제조업,2930,가정용 비전기식 조리 및 난방 기구 제조업,가정용 비전기식 조리 및 난방 기구 제조업,1,28520,C,제조업,28,전기장비 제조업,285,가정용 기기 제조업,2852,가정용 비전기식 조리 및 난방 기구 제조업,가정용 비전기식 조리 및 난방 기구 제조업,1,,,,,
,471,293005,C,제조업,29,전기장비 제조업,293,가정용 기기 제조업,2930,가정용 전기 기기 제조업,가정용 전기 난방기기 제조업,1,28512,C,제조업,28,전기장비 제조업,285,가정용 기기 제조업,2851,가정용 전기 기기 제조업,가정용 전기 난방기기 제조업,1,,,,,
,472,300100,C,제조업,30,"전자 부품, 컴퓨터, 영상, 음향 및 통신장비 제조업",300,컴퓨터 및 주변 장치 제조업,3001,컴퓨터 제조업,컴퓨터 제조업,1,26310,C,제조업,26,"전자 부품, 컴퓨터, 영상, 음향 및 통신장비 제조업",263,컴퓨터 및 주변 장치 제조업,2631,컴퓨터 제조업,컴퓨터 제조업,1,,,,,
,473,300101,C,제조업,30,"전자 부품, 컴퓨터, 영상, 음향 및 통신장비 제조업",300,컴퓨터 및 주변 장치 제조업,3001,기억 장치 및 주변 기기 제조업,기타 주변 기기 제조업,1,26329,C,제조업,26,"전자 부품, 컴퓨터, 영상, 음향 및 통신장비 제조업",263,컴퓨터 및 주변 장치 제조업,2632,기억 장치 및 주변 기기 제조업,기타 주변 기기 제조업,1,,,,,
,474,300102,C,제조업,30,"전자 부품, 컴퓨터, 영상, 음향 및 통신장비 제조업",300,컴퓨터 및 주변 장치 제조업,3001,기억 장치 및 주변 기기 제조업,기억 장치 제조업,1,26321,C,제조업,26,"전자 부품, 컴퓨터, 영상, 음향 및 통신장비 제조업",263,컴퓨터 및 주변 장치 제조업,2632,기억 장치 및 주변 기기 제조업,기억 장치 제조업,1,,,,,
,475,300103,C,제조업,30,"전자 부품, 컴퓨터, 영상, 음향 및 통신장비 제조업",300,컴퓨터 및 주변 장치 제조업,3001,기억 장치 및 주변 기기 제조업,컴퓨터 모니터 제조업,1,26322,C,제조업,26,"전자 부품, 컴퓨터, 영상, 음향 및 통신장비 제조업",263,컴퓨터 및 주변 장치 제조업,2632,기억 장치 및 주변 기기 제조업,컴퓨터 모니터 제조업,1,,,,,
,476,300104,C,제조업,30,"전자 부품, 컴퓨터, 영상, 음향 및 통신장비 제조업",300,컴퓨터 및 주변 장치 제조업,3001,기억 장치 및 주변 기기 제조업,컴퓨터 프린터 제조업,1,26323,C,제조업,26,"전자 부품, 컴퓨터, 영상, 음향 및 통신장비 제조업",263,컴퓨터 및 주변 장치 제조업,2632,기억 장치 및 주변 기기 제조업,컴퓨터 프린터 제조업,1,,,,,
,477,300201,C,제조업,30,기타 기계 및 장비 제조업,300,일반 목적용 기계 제조업,3002,사무용 기계 및 장비 제조업,사무용 기계 및 장비 제조업,1,29180,C,제조업,29,기타 기계 및 장비 제조업,291,일반 목적용 기계 제조업,2918,사무용 기계 및 장비 제조업,사무용 기계 및 장비 제조업,2,1,,,,
,478,300202,C,제조업,30,기타 기계 및 장비 제조업,300,일반 목적용 기계 제조업,3002,사무용 기계 및 장비 제조업,사무용 기계 및 장비 제조업,1,29180,C,제조업,29,기타 기계 및 장비 제조업,291,일반 목적용 기계 제조업,2918,사무용 기계 및 장비 제조업,사무용 기계 및 장비 제조업,2,,복사기(사진식 등),,,
,479,311001,C,제조업,31,"전자 부품, 컴퓨터, 영상, 음향 및 통신장비 제조업",311,전자 부품 제조업,3110,기타 전자 부품 제조업,"전자코일, 변성기 및 기타 전자 유도자 제조업",1,26293,C,제조업,26,"전자 부품, 컴퓨터, 영상, 음향 및 통신장비 제조업",262,전자 부품 제조업,2629,기타 전자 부품 제조업,"전자코일, 변성기 및 기타 전자 유도자 제조업",1,,,,,
,480,311002,C,제조업,31,전기장비 제조업,311,"전동기, 발전기 및 전기 변환ㆍ공급ㆍ제어 장치 제조업",3110,"전동기, 발전기 및 전기 변환장치 제조업",전동기 및 발전기 제조업,1,28111,C,제조업,28,전기장비 제조업,281,"전동기, 발전기 및 전기 변환ㆍ공급ㆍ제어 장치 제조업",2811,"전동기, 발전기 및 전기 변환장치 제조업",전동기 및 발전기 제조업,1,,,,,
,481,311003,C,제조업,31,전기장비 제조업,311,"전동기, 발전기 및 전기 변환ㆍ공급ㆍ제어 장치 제조업",3110,"전동기, 발전기 및 전기 변환장치 제조업",변압기 제조업,1,28112,C,제조업,28,전기장비 제조업,281,"전동기, 발전기 및 전기 변환ㆍ공급ㆍ제어 장치 제조업",2811,"전동기, 발전기 및 전기 변환장치 제조업",변압기 제조업,1,,,,,
,482,311004,C,제조업,31,전기장비 제조업,311,"전동기, 발전기 및 전기 변환ㆍ공급ㆍ제어 장치 제조업",3110,"전동기, 발전기 및 전기 변환장치 제조업",기타 전기 변환장치 제조업,1,28119,C,제조업,28,전기장비 제조업,281,"전동기, 발전기 및 전기 변환ㆍ공급ㆍ제어 장치 제조업",2811,"전동기, 발전기 및 전기 변환장치 제조업",기타 전기 변환장치 제조업,2,,방전 램프용 안정기,,,
,483,311005,C,제조업,31,전기장비 제조업,311,"전동기, 발전기 및 전기 변환ㆍ공급ㆍ제어 장치 제조업",3110,"전동기, 발전기 및 전기 변환장치 제조업",에너지 저장장치 제조업,1,28113,C,제조업,28,전기장비 제조업,281,"전동기, 발전기 및 전기 변환ㆍ공급ㆍ제어 장치 제조업",2811,"전동기, 발전기 및 전기 변환장치 제조업",에너지 저장장치 제조업,1,,,,,
,484,311006,C,제조업,31,전기장비 제조업,311,"전동기, 발전기 및 전기 변환ㆍ공급ㆍ제어 장치 제조업",3110,"전동기, 발전기 및 전기 변환장치 제조업",기타 전기 변환장치 제조업,1,28119,C,제조업,28,전기장비 제조업,281,"전동기, 발전기 및 전기 변환ㆍ공급ㆍ제어 장치 제조업",2811,"전동기, 발전기 및 전기 변환장치 제조업",기타 전기 변환장치 제조업,2,1,,,,
,485,312000,C,제조업,31,전기장비 제조업,312,"전동기, 발전기 및 전기 변환ㆍ공급ㆍ제어 장치 제조업",3120,전기 공급 및 제어장치 제조업,배전반 및 전기 자동제어반 제조업,1,28123,C,제조업,28,전기장비 제조업,281,"전동기, 발전기 및 전기 변환ㆍ공급ㆍ제어 장치 제조업",2812,전기 공급 및 제어장치 제조업,배전반 및 전기 자동제어반 제조업,1,,,,,
,486,312001,C,제조업,31,전기장비 제조업,312,"전동기, 발전기 및 전기 변환ㆍ공급ㆍ제어 장치 제조업",3120,전기 공급 및 제어장치 제조업,"전기회로 개폐, 보호 장치 제조업",1,28121,C,제조업,28,전기장비 제조업,281,"전동기, 발전기 및 전기 변환ㆍ공급ㆍ제어 장치 제조업",2812,전기 공급 및 제어장치 제조업,"전기회로 개폐, 보호 장치 제조업",1,,,,,
,487,312002,C,제조업,31,전기장비 제조업,312,"전동기, 발전기 및 전기 변환ㆍ공급ㆍ제어 장치 제조업",3120,전기 공급 및 제어장치 제조업,전기회로 접속장치 제조업,1,28122,C,제조업,28,전기장비 제조업,281,"전동기, 발전기 및 전기 변환ㆍ공급ㆍ제어 장치 제조업",2812,전기 공급 및 제어장치 제조업,전기회로 접속장치 제조업,1,,,,,
,488,313001,C,제조업,31,전기장비 제조업,313,절연선 및 케이블 제조업,3130,절연선 및 케이블 제조업,기타 절연선 및 케이블 제조업,1,28302,C,제조업,28,전기장비 제조업,283,절연선 및 케이블 제조업,2830,절연선 및 케이블 제조업,기타 절연선 및 케이블 제조업,1,,,,,
,489,313002,C,제조업,31,전기장비 제조업,313,절연선 및 케이블 제조업,3130,절연선 및 케이블 제조업,절연 코드세트 및 기타 도체 제조업,1,28303,C,제조업,28,전기장비 제조업,283,절연선 및 케이블 제조업,2830,절연선 및 케이블 제조업,절연 코드세트 및 기타 도체 제조업,1,,,,,
,490,313003,C,제조업,31,전기장비 제조업,313,절연선 및 케이블 제조업,3130,절연선 및 케이블 제조업,광섬유 케이블 제조업,1,28301,C,제조업,28,전기장비 제조업,283,절연선 및 케이블 제조업,2830,절연선 및 케이블 제조업,광섬유 케이블 제조업,1,,,,,
,491,314000,C,제조업,31,전기장비 제조업,314,일차전지 및 이차전지 제조업,3140,일차전지 및 이차전지 제조업,운송장비용 이차전지 제조업,2,28202,C,제조업,28,전기장비 제조업,282,일차전지 및 이차전지 제조업,2820,일차전지 및 이차전지 제조업,운송장비용 이차전지 제조업,1,,,,,
,491,314000,C,제조업,31,전기장비 제조업,314,일차전지 및 이차전지 제조업,3140,일차전지 및 이차전지 제조업,기타 이차전지 제조업,2,28209,C,제조업,28,전기장비 제조업,282,일차전지 및 이차전지 제조업,2820,일차전지 및 이차전지 제조업,기타 이차전지 제조업,1,,,,,
,492,314001,C,제조업,31,전기장비 제조업,314,일차전지 및 이차전지 제조업,3140,일차전지 및 이차전지 제조업,일차전지 제조업,1,28201,C,제조업,28,전기장비 제조업,282,일차전지 및 이차전지 제조업,2820,일차전지 및 이차전지 제조업,일차전지 제조업,1,,,,,
,493,315001,C,제조업,31,전기장비 제조업,315,전구 및 조명장치 제조업,3150,조명장치 제조업,일반용 전기 조명장치 제조업,1,28422,C,제조업,28,전기장비 제조업,284,전구 및 조명장치 제조업,2842,조명장치 제조업,일반용 전기 조명장치 제조업,1,,,,,
,494,315002,C,제조업,31,전기장비 제조업,315,전구 및 조명장치 제조업,3150,조명장치 제조업,전시 및 광고용 조명장치 제조업,1,28423,C,제조업,28,전기장비 제조업,284,전구 및 조명장치 제조업,2842,조명장치 제조업,전시 및 광고용 조명장치 제조업,1,,,,,
,495,315003,C,제조업,31,전기장비 제조업,315,전구 및 조명장치 제조업,3150,전구 및 램프 제조업,전구 및 램프 제조업,1,28410,C,제조업,28,전기장비 제조업,284,전구 및 조명장치 제조업,2841,전구 및 램프 제조업,전구 및 램프 제조업,1,,,,,
,496,315005,C,제조업,31,전기장비 제조업,315,전구 및 조명장치 제조업,3150,조명장치 제조업,기타 조명장치 제조업,1,28429,C,제조업,28,전기장비 제조업,284,전구 및 조명장치 제조업,2842,조명장치 제조업,기타 조명장치 제조업,1,,,,,
,497,319001,C,제조업,31,전기장비 제조업,319,전구 및 조명장치 제조업,3190,조명장치 제조업,운송장비용 조명장치 제조업,1,28421,C,제조업,28,전기장비 제조업,284,전구 및 조명장치 제조업,2842,조명장치 제조업,운송장비용 조명장치 제조업,1,,,,,
,498,319002,C,제조업,31,전기장비 제조업,319,기타 전기장비 제조업,3190,기타 전기장비 제조업,그 외 기타 전기장비 제조업,1,28909,C,제조업,28,전기장비 제조업,289,기타 전기장비 제조업,2890,기타 전기장비 제조업,그 외 기타 전기장비 제조업,1,,,,,
,499,319003,C,제조업,31,전기장비 제조업,319,기타 전기장비 제조업,3190,기타 전기장비 제조업,전기 경보 및 신호장치 제조업,1,28901,C,제조업,28,전기장비 제조업,289,기타 전기장비 제조업,2890,기타 전기장비 제조업,전기 경보 및 신호장치 제조업,1,,,,,
,500,319004,C,제조업,31,전기장비 제조업,319,기타 전기장비 제조업,3190,기타 전기장비 제조업,전기용 탄소제품 및 절연제품 제조업,1,28902,C,제조업,28,전기장비 제조업,289,기타 전기장비 제조업,2890,기타 전기장비 제조업,전기용 탄소제품 및 절연제품 제조업,1,,,,,
,501,319005,C,제조업,31,전기장비 제조업,319,기타 전기장비 제조업,3190,기타 전기장비 제조업,교통 신호장치 제조업,1,28903,C,제조업,28,전기장비 제조업,289,기타 전기장비 제조업,2890,기타 전기장비 제조업,교통 신호장치 제조업,1,,,,,
,502,321000,C,제조업,32,"전자 부품, 컴퓨터, 영상, 음향 및 통신장비 제조업",321,반도체 제조업,3210,"다이오드, 트랜지스터 및 유사 반도체 소자 제조업",기타 반도체 소자 제조업,1,26129,C,제조업,26,"전자 부품, 컴퓨터, 영상, 음향 및 통신장비 제조업",261,반도체 제조업,2612,"다이오드, 트랜지스터 및 유사 반도체 소자 제조업",기타 반도체 소자 제조업,1,,,,,
,503,321001,C,제조업,32,"전자 부품, 컴퓨터, 영상, 음향 및 통신장비 제조업",321,전자 부품 제조업,3210,기타 전자 부품 제조업,그 외 기타 전자 부품 제조업,1,26299,C,제조업,26,"전자 부품, 컴퓨터, 영상, 음향 및 통신장비 제조업",262,전자 부품 제조업,2629,기타 전자 부품 제조업,그 외 기타 전자 부품 제조업,1,,,,,
,504,321002,C,제조업,32,"전자 부품, 컴퓨터, 영상, 음향 및 통신장비 제조업",321,반도체 제조업,3210,전자집적회로 제조업,메모리용 전자집적회로 제조업,1,26111,C,제조업,26,"전자 부품, 컴퓨터, 영상, 음향 및 통신장비 제조업",261,반도체 제조업,2611,전자집적회로 제조업,메모리용 전자집적회로 제조업,1,,,,,
,505,321003,C,제조업,32,"전자 부품, 컴퓨터, 영상, 음향 및 통신장비 제조업",321,반도체 제조업,3210,전자집적회로 제조업,비메모리용 및 기타 전자집적회로 제조업,1,26112,C,제조업,26,"전자 부품, 컴퓨터, 영상, 음향 및 통신장비 제조업",261,반도체 제조업,2611,전자집적회로 제조업,비메모리용 및 기타 전자집적회로 제조업,1,,,,,
,506,321004,C,제조업,32,"전자 부품, 컴퓨터, 영상, 음향 및 통신장비 제조업",321,반도체 제조업,3210,"다이오드, 트랜지스터 및 유사 반도체 소자 제조업",발광 다이오드 제조업,1,26121,C,제조업,26,"전자 부품, 컴퓨터, 영상, 음향 및 통신장비 제조업",261,반도체 제조업,2612,"다이오드, 트랜지스터 및 유사 반도체 소자 제조업",발광 다이오드 제조업,1,,,,,
,507,321005,C,제조업,32,"전자 부품, 컴퓨터, 영상, 음향 및 통신장비 제조업",321,전자 부품 제조업,3210,표시장치 제조업,액정 표시장치 제조업,1,26211,C,제조업,26,"전자 부품, 컴퓨터, 영상, 음향 및 통신장비 제조업",262,전자 부품 제조업,2621,표시장치 제조업,액정 표시장치 제조업,1,,,,,
,508,321006,C,제조업,32,"전자 부품, 컴퓨터, 영상, 음향 및 통신장비 제조업",321,전자 부품 제조업,3210,표시장치 제조업,유기 발광 표시장치 제조업,1,26212,C,제조업,26,"전자 부품, 컴퓨터, 영상, 음향 및 통신장비 제조업",262,전자 부품 제조업,2621,표시장치 제조업,유기 발광 표시장치 제조업,1,,,,,
,509,321007,C,제조업,32,"전자 부품, 컴퓨터, 영상, 음향 및 통신장비 제조업",321,전자 부품 제조업,3210,표시장치 제조업,기타 표시장치 제조업,1,26219,C,제조업,26,"전자 부품, 컴퓨터, 영상, 음향 및 통신장비 제조업",262,전자 부품 제조업,2621,표시장치 제조업,기타 표시장치 제조업,1,,,,,
,510,321008,C,제조업,32,"전자 부품, 컴퓨터, 영상, 음향 및 통신장비 제조업",321,전자 부품 제조업,3210,인쇄회로기판 및 전자부품 실장기판 제조업,인쇄회로기판용 적층판 제조업,1,26221,C,제조업,26,"전자 부품, 컴퓨터, 영상, 음향 및 통신장비 제조업",262,전자 부품 제조업,2622,인쇄회로기판 및 전자부품 실장기판 제조업,인쇄회로기판용 적층판 제조업,1,,,,,
,511,321009,C,제조업,32,"전자 부품, 컴퓨터, 영상, 음향 및 통신장비 제조업",321,전자 부품 제조업,3210,인쇄회로기판 및 전자부품 실장기판 제조업,경성 인쇄회로기판 제조업,1,26222,C,제조업,26,"전자 부품, 컴퓨터, 영상, 음향 및 통신장비 제조업",262,전자 부품 제조업,2622,인쇄회로기판 및 전자부품 실장기판 제조업,경성 인쇄회로기판 제조업,1,,,,,
,512,321011,C,제조업,32,"전자 부품, 컴퓨터, 영상, 음향 및 통신장비 제조업",321,전자 부품 제조업,3210,인쇄회로기판 및 전자부품 실장기판 제조업,연성 및 기타 인쇄회로기판 제조업,1,26223,C,제조업,26,"전자 부품, 컴퓨터, 영상, 음향 및 통신장비 제조업",262,전자 부품 제조업,2622,인쇄회로기판 및 전자부품 실장기판 제조업,연성 및 기타 인쇄회로기판 제조업,1,,,,,
,513,321012,C,제조업,32,"전자 부품, 컴퓨터, 영상, 음향 및 통신장비 제조업",321,전자 부품 제조업,3210,인쇄회로기판 및 전자부품 실장기판 제조업,전자 부품 실장기판 제조업,1,26224,C,제조업,26,"전자 부품, 컴퓨터, 영상, 음향 및 통신장비 제조업",262,전자 부품 제조업,2622,인쇄회로기판 및 전자부품 실장기판 제조업,전자 부품 실장기판 제조업,1,,,,,
,514,321013,C,제조업,32,"전자 부품, 컴퓨터, 영상, 음향 및 통신장비 제조업",321,전자 부품 제조업,3210,기타 전자 부품 제조업,전자 축전기 제조업,1,26291,C,제조업,26,"전자 부품, 컴퓨터, 영상, 음향 및 통신장비 제조업",262,전자 부품 제조업,2629,기타 전자 부품 제조업,전자 축전기 제조업,1,,,,,
,515,321014,C,제조업,32,"전자 부품, 컴퓨터, 영상, 음향 및 통신장비 제조업",321,전자 부품 제조업,3210,기타 전자 부품 제조업,전자저항기 및 전자카드 제조업,1,26292,C,제조업,26,"전자 부품, 컴퓨터, 영상, 음향 및 통신장비 제조업",262,전자 부품 제조업,2629,기타 전자 부품 제조업,전자저항기 및 전자카드 제조업,2,,,,,
,516,321015,C,제조업,32,"전자 부품, 컴퓨터, 영상, 음향 및 통신장비 제조업",321,전자 부품 제조업,3210,기타 전자 부품 제조업,전자저항기 및 전자카드 제조업,1,26292,C,제조업,26,"전자 부품, 컴퓨터, 영상, 음향 및 통신장비 제조업",262,전자 부품 제조업,2629,기타 전자 부품 제조업,전자저항기 및 전자카드 제조업,2,,,,,
,517,321016,C,제조업,32,"전자 부품, 컴퓨터, 영상, 음향 및 통신장비 제조업",321,전자 부품 제조업,3210,기타 전자 부품 제조업,전자 감지장치 제조업,1,26294,C,제조업,26,"전자 부품, 컴퓨터, 영상, 음향 및 통신장비 제조업",262,전자 부품 제조업,2629,기타 전자 부품 제조업,전자 감지장치 제조업,1,,,,,
,518,322002,C,제조업,32,"전자 부품, 컴퓨터, 영상, 음향 및 통신장비 제조업",322,통신 및 방송장비 제조업,3220,유선 통신장비 제조업,유선 통신장비 제조업,1,26410,C,제조업,26,"전자 부품, 컴퓨터, 영상, 음향 및 통신장비 제조업",264,통신 및 방송장비 제조업,2641,유선 통신장비 제조업,유선 통신장비 제조업,1,,,,,
,519,322003,C,제조업,32,"전자 부품, 컴퓨터, 영상, 음향 및 통신장비 제조업",322,통신 및 방송장비 제조업,3220,방송 및 무선 통신장비 제조업,방송장비 제조업,1,26421,C,제조업,26,"전자 부품, 컴퓨터, 영상, 음향 및 통신장비 제조업",264,통신 및 방송장비 제조업,2642,방송 및 무선 통신장비 제조업,방송장비 제조업,1,,,,,
,520,322004,C,제조업,32,"전자 부품, 컴퓨터, 영상, 음향 및 통신장비 제조업",322,통신 및 방송장비 제조업,3220,방송 및 무선 통신장비 제조업,이동 전화기 제조업,1,26422,C,제조업,26,"전자 부품, 컴퓨터, 영상, 음향 및 통신장비 제조업",264,통신 및 방송장비 제조업,2642,방송 및 무선 통신장비 제조업,이동 전화기 제조업,1,,,,,
,521,322005,C,제조업,32,"전자 부품, 컴퓨터, 영상, 음향 및 통신장비 제조업",322,통신 및 방송장비 제조업,3220,방송 및 무선 통신장비 제조업,기타 무선 통신장비 제조업,1,26429,C,제조업,26,"전자 부품, 컴퓨터, 영상, 음향 및 통신장비 제조업",264,통신 및 방송장비 제조업,2642,방송 및 무선 통신장비 제조업,기타 무선 통신장비 제조업,1,,,,,
,522,323001,C,제조업,32,"전자 부품, 컴퓨터, 영상, 음향 및 통신장비 제조업",323,영상 및 음향 기기 제조업,3230,"텔레비전, 비디오 및 기타 영상 기기 제조업",비디오 및 기타 영상 기기 제조업,1,26519,C,제조업,26,"전자 부품, 컴퓨터, 영상, 음향 및 통신장비 제조업",265,영상 및 음향 기기 제조업,2651,"텔레비전, 비디오 및 기타 영상 기기 제조업",비디오 및 기타 영상 기기 제조업,1,,,,,
,523,323005,C,제조업,32,"전자 부품, 컴퓨터, 영상, 음향 및 통신장비 제조업",323,영상 및 음향 기기 제조업,3230,"텔레비전, 비디오 및 기타 영상 기기 제조업",텔레비전 제조업,1,26511,C,제조업,26,"전자 부품, 컴퓨터, 영상, 음향 및 통신장비 제조업",265,영상 및 음향 기기 제조업,2651,"텔레비전, 비디오 및 기타 영상 기기 제조업",텔레비전 제조업,1,,,,,
,524,323006,C,제조업,32,"전자 부품, 컴퓨터, 영상, 음향 및 통신장비 제조업",323,영상 및 음향 기기 제조업,3230,"오디오, 스피커 및 기타 음향 기기 제조업","라디오, 녹음 및 재생 기기 제조업",1,26521,C,제조업,26,"전자 부품, 컴퓨터, 영상, 음향 및 통신장비 제조업",265,영상 및 음향 기기 제조업,2652,"오디오, 스피커 및 기타 음향 기기 제조업","라디오, 녹음 및 재생 기기 제조업",1,,,,,
,525,323007,C,제조업,32,"전자 부품, 컴퓨터, 영상, 음향 및 통신장비 제조업",323,영상 및 음향 기기 제조업,3230,"오디오, 스피커 및 기타 음향 기기 제조업",기타 음향기기 제조업,1,26529,C,제조업,26,"전자 부품, 컴퓨터, 영상, 음향 및 통신장비 제조업",265,영상 및 음향 기기 제조업,2652,"오디오, 스피커 및 기타 음향 기기 제조업",기타 음향기기 제조업,1,,,,,
,526,331100,C,제조업,33,"의료, 정밀, 광학 기기 및 시계 제조업",331,의료용 기기 제조업,3311,방사선 장치 및 전기식 진단 기기 제조업,전기식 진단 및 요법 기기 제조업,1,27112,C,제조업,27,"의료, 정밀, 광학 기기 및 시계 제조업",271,의료용 기기 제조업,2711,방사선 장치 및 전기식 진단 기기 제조업,전기식 진단 및 요법 기기 제조업,1,,,,,
,527,331101,C,제조업,33,"의료, 정밀, 광학 기기 및 시계 제조업",331,의료용 기기 제조업,3311,기타 의료용 기기 제조업,치과기공물 제조업,2,27192,C,제조업,27,"의료, 정밀, 광학 기기 및 시계 제조업",271,의료용 기기 제조업,2719,기타 의료용 기기 제조업,치과기공물 제조업,1,,치과기공소,,,
,527,331101,C,제조업,33,"의료, 정밀, 광학 기기 및 시계 제조업",331,의료용 기기 제조업,3311,기타 의료용 기기 제조업,치과용 임플란트 제조업,2,27193,C,제조업,27,"의료, 정밀, 광학 기기 및 시계 제조업",271,의료용 기기 제조업,2719,기타 의료용 기기 제조업,치과용 임플란트 제조업,1,,치과기공소,,,
,528,331102,C,제조업,33,"의료, 정밀, 광학 기기 및 시계 제조업",331,의료용 기기 제조업,3311,기타 의료용 기기 제조업,그 외 기타 의료용 기기 제조업,1,27199,C,제조업,27,"의료, 정밀, 광학 기기 및 시계 제조업",271,의료용 기기 제조업,2719,기타 의료용 기기 제조업,그 외 기타 의료용 기기 제조업,1,,,,,
,529,331103,C,제조업,33,"의료, 정밀, 광학 기기 및 시계 제조업",331,의료용 기기 제조업,3311,방사선 장치 및 전기식 진단 기기 제조업,방사선 장치 제조업,1,27111,C,제조업,27,"의료, 정밀, 광학 기기 및 시계 제조업",271,의료용 기기 제조업,2711,방사선 장치 및 전기식 진단 기기 제조업,방사선 장치 제조업,1,,,,,
,530,331104,C,제조업,33,"의료, 정밀, 광학 기기 및 시계 제조업",331,의료용 기기 제조업,3311,기타 의료용 기기 제조업,치과용 기기 제조업,1,27191,C,제조업,27,"의료, 정밀, 광학 기기 및 시계 제조업",271,의료용 기기 제조업,2719,기타 의료용 기기 제조업,치과용 기기 제조업,1,,,,,
,531,331105,C,제조업,33,"의료, 정밀, 광학 기기 및 시계 제조업",331,의료용 기기 제조업,3311,기타 의료용 기기 제조업,정형 외과용 및 신체 보정용 기기 제조업,1,27194,C,제조업,27,"의료, 정밀, 광학 기기 및 시계 제조업",271,의료용 기기 제조업,2719,기타 의료용 기기 제조업,정형 외과용 및 신체 보정용 기기 제조업,1,,,,,
,532,331106,C,제조업,33,"의료, 정밀, 광학 기기 및 시계 제조업",331,의료용 기기 제조업,3311,기타 의료용 기기 제조업,의료용 가구 제조업,1,27196,C,제조업,27,"의료, 정밀, 광학 기기 및 시계 제조업",271,의료용 기기 제조업,2719,기타 의료용 기기 제조업,의료용 가구 제조업,1,,,,,
,533,331201,C,제조업,33,"의료, 정밀, 광학 기기 및 시계 제조업",331,"측정, 시험, 항해, 제어 및 기타 정밀 기기 제조업; 광학 기기 제외",3312,"측정, 시험, 항해, 제어 및 기타 정밀 기기 제조업","물질 검사, 측정 및 분석 기구 제조업",1,27213,C,제조업,27,"의료, 정밀, 광학 기기 및 시계 제조업",272,"측정, 시험, 항해, 제어 및 기타 정밀기기 제조업; 광학기기 제외",2721,"측정, 시험, 항해, 제어 및 기타 정밀 기기 제조업","물질 검사, 측정 및 분석 기구 제조업",1,,,,,
,534,331203,C,제조업,33,"의료, 정밀, 광학 기기 및 시계 제조업",331,"측정, 시험, 항해, 제어 및 기타 정밀 기기 제조업; 광학 기기 제외",3312,"측정, 시험, 항해, 제어 및 기타 정밀 기기 제조업","레이더, 항행용 무선 기기 및 측량 기구 제조업",1,27211,C,제조업,27,"의료, 정밀, 광학 기기 및 시계 제조업",272,"측정, 시험, 항해, 제어 및 기타 정밀기기 제조업; 광학기기 제외",2721,"측정, 시험, 항해, 제어 및 기타 정밀 기기 제조업","레이더, 항행용 무선 기기 및 측량 기구 제조업",1,,,,,
,535,331204,C,제조업,33,"의료, 정밀, 광학 기기 및 시계 제조업",331,"측정, 시험, 항해, 제어 및 기타 정밀 기기 제조업; 광학 기기 제외",3312,"측정, 시험, 항해, 제어 및 기타 정밀 기기 제조업","전자기 측정, 시험 및 분석 기구 제조업",1,27212,C,제조업,27,"의료, 정밀, 광학 기기 및 시계 제조업",272,"측정, 시험, 항해, 제어 및 기타 정밀기기 제조업; 광학기기 제외",2721,"측정, 시험, 항해, 제어 및 기타 정밀 기기 제조업","전자기 측정, 시험 및 분석 기구 제조업",1,,,,,
,536,331205,C,제조업,33,"의료, 정밀, 광학 기기 및 시계 제조업",331,"측정, 시험, 항해, 제어 및 기타 정밀 기기 제조업; 광학 기기 제외",3312,"측정, 시험, 항해, 제어 및 기타 정밀 기기 제조업",속도계 및 적산계기 제조업,1,27214,C,제조업,27,"의료, 정밀, 광학 기기 및 시계 제조업",272,"측정, 시험, 항해, 제어 및 기타 정밀기기 제조업; 광학기기 제외",2721,"측정, 시험, 항해, 제어 및 기타 정밀 기기 제조업",속도계 및 적산계기 제조업,1,,,,,
,537,331206,C,제조업,33,"의료, 정밀, 광학 기기 및 시계 제조업",331,"측정, 시험, 항해, 제어 및 기타 정밀 기기 제조업; 광학 기기 제외",3312,"측정, 시험, 항해, 제어 및 기타 정밀 기기 제조업",기기용 자동 측정 및 제어장치 제조업,1,27215,C,제조업,27,"의료, 정밀, 광학 기기 및 시계 제조업",272,"측정, 시험, 항해, 제어 및 기타 정밀기기 제조업; 광학기기 제외",2721,"측정, 시험, 항해, 제어 및 기타 정밀 기기 제조업",기기용 자동 측정 및 제어장치 제조업,1,,,,,
,538,331207,C,제조업,33,"의료, 정밀, 광학 기기 및 시계 제조업",331,"측정, 시험, 항해, 제어 및 기타 정밀 기기 제조업; 광학 기기 제외",3312,"측정, 시험, 항해, 제어 및 기타 정밀 기기 제조업","기타 측정, 시험, 항해, 제어 및 정밀 기기 제조업",1,27219,C,제조업,27,"의료, 정밀, 광학 기기 및 시계 제조업",272,"측정, 시험, 항해, 제어 및 기타 정밀기기 제조업; 광학기기 제외",2721,"측정, 시험, 항해, 제어 및 기타 정밀 기기 제조업","기타 측정, 시험, 항해, 제어 및 정밀 기기 제조업",1,,,,,
,539,331300,C,제조업,33,"의료, 정밀, 광학 기기 및 시계 제조업",331,"측정, 시험, 항해, 제어 및 기타 정밀 기기 제조업; 광학 기기 제외",3313,"측정, 시험, 항해, 제어 및 기타 정밀 기기 제조업",산업 처리공정 제어장비 제조업,1,27216,C,제조업,27,"의료, 정밀, 광학 기기 및 시계 제조업",272,"측정, 시험, 항해, 제어 및 기타 정밀기기 제조업; 광학기기 제외",2721,"측정, 시험, 항해, 제어 및 기타 정밀 기기 제조업",산업 처리공정 제어장비 제조업,1,,,,,
,540,332000,C,제조업,33,"의료, 정밀, 광학 기기 및 시계 제조업",332,의료용 기기 제조업,3320,기타 의료용 기기 제조업,안경 및 안경렌즈 제조업,1,27195,C,제조업,27,"의료, 정밀, 광학 기기 및 시계 제조업",271,의료용 기기 제조업,2719,기타 의료용 기기 제조업,안경 및 안경렌즈 제조업,2,1,,,,
,541,332001,C,제조업,33,"의료, 정밀, 광학 기기 및 시계 제조업",332,사진장비 및 광학 기기 제조업,3320,사진장비 및 광학기기 제조업,기타 광학기기 및 사진기 제조업,1,27309,C,제조업,27,"의료, 정밀, 광학 기기 및 시계 제조업",273,사진장비 및 광학 기기 제조업,2730,사진장비 및 광학기기 제조업,기타 광학기기 및 사진기 제조업,2,,,,,
,542,332002,C,제조업,33,"의료, 정밀, 광학 기기 및 시계 제조업",332,의료용 기기 제조업,3320,기타 의료용 기기 제조업,안경 및 안경렌즈 제조업,1,27195,C,제조업,27,"의료, 정밀, 광학 기기 및 시계 제조업",271,의료용 기기 제조업,2719,기타 의료용 기기 제조업,안경 및 안경렌즈 제조업,2,,안경렌즈,,,
,543,332003,C,제조업,33,"의료, 정밀, 광학 기기 및 시계 제조업",332,사진장비 및 광학 기기 제조업,3320,사진장비 및 광학기기 제조업,광학 렌즈 및 광학 요소 제조업,1,27301,C,제조업,27,"의료, 정밀, 광학 기기 및 시계 제조업",273,사진장비 및 광학 기기 제조업,2730,사진장비 및 광학기기 제조업,광학 렌즈 및 광학 요소 제조업,1,,,,,
,544,332004,C,제조업,33,"의료, 정밀, 광학 기기 및 시계 제조업",332,사진장비 및 광학 기기 제조업,3320,사진장비 및 광학기기 제조업,기타 광학기기 및 사진기 제조업,1,27309,C,제조업,27,"의료, 정밀, 광학 기기 및 시계 제조업",273,사진장비 및 광학 기기 제조업,2730,사진장비 및 광학기기 제조업,기타 광학기기 및 사진기 제조업,2,,,,,
,545,333000,C,제조업,33,"의료, 정밀, 광학 기기 및 시계 제조업",333,"측정, 시험, 항해, 제어 및 기타 정밀기기 제조업; 광학기기 제외",3330,시계 및 시계 부품 제조업,시계 및 시계 부품 제조업,1,27220,C,제조업,27,"의료, 정밀, 광학 기기 및 시계 제조업",272,"측정, 시험, 항해, 제어 및 기타 정밀기기 제조업; 광학기기 제외",2722,시계 및 시계 부품 제조업,시계 및 시계 부품 제조업,1,,,,,
,546,341001,C,제조업,34,자동차 및 트레일러 제조업,341,자동차용 엔진 및 자동차 제조업,3410,자동차 제조업,내연기관 화물자동차 및 특수목적용 자동차 제조업,2,30123,C,제조업,30,자동차 및 트레일러 제조업,301,자동차용 엔진 및 자동차 제조업,3012,자동차 제조업,내연기관 화물자동차 및 특수목적용 자동차 제조업,1,,,,,
,546,341001,C,제조업,34,자동차 및 트레일러 제조업,341,자동차용 엔진 및 자동차 제조업,3410,자동차 제조업,전기 화물자동차 및 특수목적용 전기 자동차 제조업,2,30124,C,제조업,30,자동차 및 트레일러 제조업,301,자동차용 엔진 및 자동차 제조업,3012,자동차 제조업,전기 화물자동차 및 특수목적용 전기 자동차 제조업,1,,,,,
,547,341003,C,제조업,34,자동차 및 트레일러 제조업,341,자동차용 엔진 및 자동차 제조업,3410,자동차용 엔진 제조업,자동차용 엔진 제조업,1,30110,C,제조업,30,자동차 및 트레일러 제조업,301,자동차용 엔진 및 자동차 제조업,3011,자동차용 엔진 제조업,자동차용 엔진 제조업,1,,,,,
,548,341004,C,제조업,34,자동차 및 트레일러 제조업,341,자동차용 엔진 및 자동차 제조업,3410,자동차 제조업,내연기관 승용차 및 기타 여객용 자동차 제조,2,30121,C,제조업,30,자동차 및 트레일러 제조업,301,자동차용 엔진 및 자동차 제조업,3012,자동차 제조업,내연기관 승용차 및 기타 여객용 자동차 제조,1,,,,,
,548,341004,C,제조업,34,자동차 및 트레일러 제조업,341,자동차용 엔진 및 자동차 제조업,3410,자동차 제조업,전기 승용차 및 기타 여객용 전기 자동차 제조업,2,30122,C,제조업,30,자동차 및 트레일러 제조업,301,자동차용 엔진 및 자동차 제조업,3012,자동차 제조업,전기 승용차 및 기타 여객용 전기 자동차 제조업,1,,,,,
,549,342000,C,제조업,34,자동차 및 트레일러 제조업,342,자동차 차체 및 트레일러 제조업,3420,자동차 차체 및 트레일러 제조업,트레일러 및 세미 트레일러 제조업,1,30203,C,제조업,30,자동차 및 트레일러 제조업,302,자동차 차체 및 트레일러 제조업,3020,자동차 차체 및 트레일러 제조업,트레일러 및 세미 트레일러 제조업,1,,,,,
,550,342001,C,제조업,34,자동차 및 트레일러 제조업,342,자동차 차체 및 트레일러 제조업,3420,자동차 차체 및 트레일러 제조업,차체 및 특장차 제조업,1,30201,C,제조업,30,자동차 및 트레일러 제조업,302,자동차 차체 및 트레일러 제조업,3020,자동차 차체 및 트레일러 제조업,차체 및 특장차 제조업,1,,,,,
,551,342002,C,제조업,34,자동차 및 트레일러 제조업,342,자동차 차체 및 트레일러 제조업,3420,자동차 차체 및 트레일러 제조업,자동차 구조 및 장치 변경업,1,30202,C,제조업,30,자동차 및 트레일러 제조업,302,자동차 차체 및 트레일러 제조업,3020,자동차 차체 및 트레일러 제조업,자동차 구조 및 장치 변경업,1,,,,,
,552,343000,C,제조업,34,자동차 및 트레일러 제조업,343,자동차 신품 부품 제조업,3430,자동차용 기타 신품 부품 제조업,그 외 자동차용 신품 부품 제조업,1,30399,C,제조업,30,자동차 및 트레일러 제조업,303,자동차 신품 부품 제조업,3039,자동차용 기타 신품 부품 제조업,그 외 자동차용 신품 부품 제조업,2,1,,,,
,553,343001,C,제조업,34,자동차 및 트레일러 제조업,343,자동차 신품 부품 제조업,3430,자동차 엔진용 신품 부품 제조업,자동차 엔진용 신품 부품 제조업,1,30310,C,제조업,30,자동차 및 트레일러 제조업,303,자동차 신품 부품 제조업,3031,자동차 엔진용 신품 부품 제조업,자동차 엔진용 신품 부품 제조업,1,,,,,
,554,343002,C,제조업,34,자동차 및 트레일러 제조업,343,자동차 신품 부품 제조업,3430,자동차 차체용 신품 부품 제조업,자동차 차체용 신품 부품 제조업,1,30320,C,제조업,30,자동차 및 트레일러 제조업,303,자동차 신품 부품 제조업,3032,자동차 차체용 신품 부품 제조업,자동차 차체용 신품 부품 제조업,1,,,,,
,555,343003,C,제조업,34,자동차 및 트레일러 제조업,343,자동차 신품 부품 제조업,3430,자동차용 신품 동력 전달장치 및 전기장치 제조업,자동차용 신품 동력 전달장치 제조업,1,30331,C,제조업,30,자동차 및 트레일러 제조업,303,자동차 신품 부품 제조업,3033,자동차용 신품 동력 전달장치 및 전기장치 제조업,자동차용 신품 동력 전달장치 제조업,1,,,,,
,556,343004,C,제조업,34,자동차 및 트레일러 제조업,343,자동차 신품 부품 제조업,3430,자동차용 신품 동력 전달장치 및 전기장치 제조업,자동차용 신품 전기장치 제조업,1,30332,C,제조업,30,자동차 및 트레일러 제조업,303,자동차 신품 부품 제조업,3033,자동차용 신품 동력 전달장치 및 전기장치 제조업,자동차용 신품 전기장치 제조업,1,,,,,
,557,343005,C,제조업,34,자동차 및 트레일러 제조업,343,자동차 신품 부품 제조업,3430,자동차용 기타 신품 부품 제조업,자동차용 신품 조향장치 및 현가장치 제조업,1,30391,C,제조업,30,자동차 및 트레일러 제조업,303,자동차 신품 부품 제조업,3039,자동차용 기타 신품 부품 제조업,자동차용 신품 조향장치 및 현가장치 제조업,1,,,,,
,558,343006,C,제조업,34,자동차 및 트레일러 제조업,343,자동차 신품 부품 제조업,3430,자동차용 기타 신품 부품 제조업,자동차용 신품 제동장치 제조업,1,30392,C,제조업,30,자동차 및 트레일러 제조업,303,자동차 신품 부품 제조업,3039,자동차용 기타 신품 부품 제조업,자동차용 신품 제동장치 제조업,1,,,,,
,559,343007,C,제조업,34,자동차 및 트레일러 제조업,343,자동차 재제조 부품 제조업,3430,자동차 재제조 부품 제조업,자동차 재제조 부품 제조업,1,30400,C,제조업,30,자동차 및 트레일러 제조업,304,자동차 재제조 부품 제조업,3040,자동차 재제조 부품 제조업,자동차 재제조 부품 제조업,1,,,,,
,560,351101,C,제조업,35,기타 운송장비 제조업,351,선박 및 보트 건조업,3511,선박 및 수상 부유 구조물 건조업,강선 건조업,1,31111,C,제조업,31,기타 운송장비 제조업,311,선박 및 보트 건조업,3111,선박 및 수상 부유 구조물 건조업,강선 건조업,1,,,,,
,561,351102,C,제조업,35,기타 운송장비 제조업,351,선박 및 보트 건조업,3511,선박 및 수상 부유 구조물 건조업,기타 선박 건조업,1,31113,C,제조업,31,기타 운송장비 제조업,311,선박 및 보트 건조업,3111,선박 및 수상 부유 구조물 건조업,기타 선박 건조업,3,,목선,,,
,562,351103,C,제조업,35,기타 운송장비 제조업,351,선박 및 보트 건조업,3511,선박 및 수상 부유 구조물 건조업,선박 구성 부분품 제조업,1,31114,C,제조업,31,기타 운송장비 제조업,311,선박 및 보트 건조업,3111,선박 및 수상 부유 구조물 건조업,선박 구성 부분품 제조업,1,,,,,
,563,351104,E,"수도, 하수 및 폐기물 처리, 원료 재생업",35,"폐기물 수집, 운반, 처리 및 원료 재생업",351,"해체, 선별 및 원료 재생업",3511,"금속류 해체, 선별 및 원료 재생업",금속류 해체 및 선별업,1,38311,E,"수도, 하수 및 폐기물 처리, 원료 재생업",38,"폐기물 수집, 운반, 처리 및 원료 재생업",383,"해체, 선별 및 원료 재생업",3831,"금속류 해체, 선별 및 원료 재생업",금속류 해체 및 선별업,3,,선박해체,,,
,564,351105,C,제조업,35,기타 운송장비 제조업,351,선박 및 보트 건조업,3511,선박 및 수상 부유 구조물 건조업,기타 선박 건조업,1,31113,C,제조업,31,기타 운송장비 제조업,311,선박 및 보트 건조업,3111,선박 및 수상 부유 구조물 건조업,기타 선박 건조업,3,,"쇄빙선,공장선 및 특수선박",,,
,565,351106,C,제조업,35,기타 운송장비 제조업,351,선박 및 보트 건조업,3511,선박 및 수상 부유 구조물 건조업,합성수지선 건조업,1,31112,C,제조업,31,기타 운송장비 제조업,311,선박 및 보트 건조업,3111,선박 및 수상 부유 구조물 건조업,합성수지선 건조업,1,,,,,
,566,351107,C,제조업,35,기타 운송장비 제조업,351,선박 및 보트 건조업,3511,선박 및 수상 부유 구조물 건조업,기타 선박 건조업,1,31113,C,제조업,31,기타 운송장비 제조업,311,선박 및 보트 건조업,3111,선박 및 수상 부유 구조물 건조업,기타 선박 건조업,3,1,,,,
,567,351200,C,제조업,35,기타 운송장비 제조업,351,선박 및 보트 건조업,3512,오락 및 스포츠용 보트 건조업,오락 및 스포츠용 보트 건조업,1,31120,C,제조업,31,기타 운송장비 제조업,311,선박 및 보트 건조업,3112,오락 및 스포츠용 보트 건조업,오락 및 스포츠용 보트 건조업,1,,,,,
,568,352000,C,제조업,35,기타 운송장비 제조업,352,철도장비 제조업,3520,철도장비 제조업,철도 차량 부품 및 관련 장치물 제조업,1,31202,C,제조업,31,기타 운송장비 제조업,312,철도장비 제조업,3120,철도장비 제조업,철도 차량 부품 및 관련 장치물 제조업,1,,,,,
,569,352001,C,제조업,35,기타 운송장비 제조업,352,철도장비 제조업,3520,철도장비 제조업,기관차 및 기타 철도 차량 제조업,1,31201,C,제조업,31,기타 운송장비 제조업,312,철도장비 제조업,3120,철도장비 제조업,기관차 및 기타 철도 차량 제조업,1,,,,,
,570,353000,C,제조업,35,기타 운송장비 제조업,353,"항공기, 우주선 및 부품 제조업",3530,항공기용 엔진 및 부품 제조업,항공기용 부품 제조업,1,31322,C,제조업,31,기타 운송장비 제조업,313,"항공기, 우주선 및 부품 제조업",3132,항공기용 엔진 및 부품 제조업,항공기용 부품 제조업,1,,,,,
,571,353001,C,제조업,35,기타 운송장비 제조업,353,"항공기, 우주선 및 부품 제조업",3530,"항공기, 우주선 및 보조장치 제조업","유인 항공기, 항공 우주선 및 보조장치 제조업",1,31311,C,제조업,31,기타 운송장비 제조업,313,"항공기, 우주선 및 부품 제조업",3131,"항공기, 우주선 및 보조장치 제조업","유인 항공기, 항공 우주선 및 보조장치 제조업",1,,,,,
,572,353002,C,제조업,35,기타 운송장비 제조업,353,"항공기, 우주선 및 부품 제조업",3530,"항공기, 우주선 및 보조장치 제조업",무인 항공기 및 무인 비행장치 제조업,1,31312,C,제조업,31,기타 운송장비 제조업,313,"항공기, 우주선 및 부품 제조업",3131,"항공기, 우주선 및 보조장치 제조업",무인 항공기 및 무인 비행장치 제조업,1,,,,,
,573,353003,C,제조업,35,기타 운송장비 제조업,353,"항공기, 우주선 및 부품 제조업",3530,항공기용 엔진 및 부품 제조업,항공기용 엔진 제조업,1,31321,C,제조업,31,기타 운송장비 제조업,313,"항공기, 우주선 및 부품 제조업",3132,항공기용 엔진 및 부품 제조업,항공기용 엔진 제조업,1,,,,,
,574,359100,C,제조업,35,기타 운송장비 제조업,359,그 외 기타 운송장비 제조업,3591,모터사이클 및 개인용 전기식 이동수단 제조업,모터사이클 제조업,2,31921,C,제조업,31,기타 운송장비 제조업,319,그 외 기타 운송장비 제조업,3192,모터사이클 및 개인용 전기식 이동수단 제조업,모터사이클 제조업,1,,,,,
,574,359100,C,제조업,35,기타 운송장비 제조업,359,그 외 기타 운송장비 제조업,3591,모터사이클 및 개인용 전기식 이동수단 제조업,개인용 전기식 이동수단 제조업,2,31922,C,제조업,31,기타 운송장비 제조업,319,그 외 기타 운송장비 제조업,3192,모터사이클 및 개인용 전기식 이동수단 제조업,개인용 전기식 이동수단 제조업,1,,,,,
,575,359200,C,제조업,35,기타 운송장비 제조업,359,그 외 기타 운송장비 제조업,3592,그 외 기타 분류 안된 운송장비 제조업,자전거 및 환자용 차량 제조업,1,31991,C,제조업,31,기타 운송장비 제조업,319,그 외 기타 운송장비 제조업,3199,그 외 기타 분류 안된 운송장비 제조업,자전거 및 환자용 차량 제조업,1,,,,,
,576,359201,C,제조업,35,기타 운송장비 제조업,359,그 외 기타 운송장비 제조업,3592,전투용 차량 제조업,전투용 차량 제조업,1,31910,C,제조업,31,기타 운송장비 제조업,319,그 외 기타 운송장비 제조업,3191,전투용 차량 제조업,전투용 차량 제조업,1,,,,,
,577,359202,C,제조업,35,기타 운송장비 제조업,359,그 외 기타 운송장비 제조업,3592,그 외 기타 분류 안된 운송장비 제조업,그 외 기타 달리 분류되지 않은 운송장비 제조업,1,31999,C,제조업,31,기타 운송장비 제조업,319,그 외 기타 운송장비 제조업,3199,그 외 기타 분류 안된 운송장비 제조업,그 외 기타 달리 분류되지 않은 운송장비 제조업,1,,,,,
,578,361001,C,제조업,36,가구 제조업,361,가구 제조업,3610,기타 가구 제조업,금속 가구 제조업,1,32091,C,제조업,32,가구 제조업,320,가구 제조업,3209,기타 가구 제조업,금속 가구 제조업,1,,,,,
,579,361002,C,제조업,36,가구 제조업,361,가구 제조업,3610,목재 가구 제조업,기타 목재 가구 제조업,1,32029,C,제조업,32,가구 제조업,320,가구 제조업,3202,목재 가구 제조업,기타 목재 가구 제조업,1,,,,,
,580,361003,C,제조업,36,가구 제조업,361,가구 제조업,3610,기타 가구 제조업,그 외 기타 가구 제조업,1,32099,C,제조업,32,가구 제조업,320,가구 제조업,3209,기타 가구 제조업,그 외 기타 가구 제조업,1,,,,,
,581,361005,C,제조업,36,가구 제조업,361,가구 제조업,3610,침대 및 내장 가구 제조업,매트리스 및 침대 제조업,1,32011,C,제조업,32,가구 제조업,320,가구 제조업,3201,침대 및 내장 가구 제조업,매트리스 및 침대 제조업,1,,,,,
,582,361006,C,제조업,36,가구 제조업,361,가구 제조업,3610,침대 및 내장 가구 제조업,소파 및 기타 내장 가구 제조업,1,32019,C,제조업,32,가구 제조업,320,가구 제조업,3201,침대 및 내장 가구 제조업,소파 및 기타 내장 가구 제조업,1,,,,,
,583,361007,C,제조업,36,가구 제조업,361,가구 제조업,3610,목재 가구 제조업,주방용 및 음식점용 목재 가구 제조업,1,32021,C,제조업,32,가구 제조업,320,가구 제조업,3202,목재 가구 제조업,주방용 및 음식점용 목재 가구 제조업,1,,,,,
,584,369101,C,제조업,36,기타 제품 제조업,369,귀금속 및 장신용품 제조업,3691,귀금속 및 관련제품 제조업,귀금속 및 관련제품 제조업,1,33110,C,제조업,33,기타 제품 제조업,331,귀금속 및 장신용품 제조업,3311,귀금속 및 관련제품 제조업,귀금속 및 관련제품 제조업,1,,,,,
,585,369200,C,제조업,36,기타 제품 제조업,369,악기 제조업,3692,악기 제조업,기타 악기 및 전자 악기 제조업,1,33209,C,제조업,33,기타 제품 제조업,332,악기 제조업,3320,악기 제조업,기타 악기 및 전자 악기 제조업,2,1,,,,
,586,369201,C,제조업,36,기타 제품 제조업,369,악기 제조업,3692,악기 제조업,건반 악기 제조업,1,33201,C,제조업,33,기타 제품 제조업,332,악기 제조업,3320,악기 제조업,건반 악기 제조업,1,,,,,
,587,369202,C,제조업,36,기타 제품 제조업,369,악기 제조업,3692,악기 제조업,기타 악기 및 전자 악기 제조업,1,33209,C,제조업,33,기타 제품 제조업,332,악기 제조업,3320,악기 제조업,기타 악기 및 전자 악기 제조업,2,,"전자건반악기, 전자현악기",,,
,588,369301,C,제조업,36,기타 제품 제조업,369,운동 및 경기용구 제조업,3693,운동 및 경기용구 제조업,"체조, 육상 및 체력 단련용 장비 제조업",1,33301,C,제조업,33,기타 제품 제조업,333,운동 및 경기용구 제조업,3330,운동 및 경기용구 제조업,"체조, 육상 및 체력 단련용 장비 제조업",1,,,,,
,589,369302,C,제조업,36,기타 제품 제조업,369,운동 및 경기용구 제조업,3693,운동 및 경기용구 제조업,기타 운동 및 경기용구 제조업,1,33309,C,제조업,33,기타 제품 제조업,333,운동 및 경기용구 제조업,3330,운동 및 경기용구 제조업,기타 운동 및 경기용구 제조업,1,,,,,
,590,369305,C,제조업,36,기타 제품 제조업,369,운동 및 경기용구 제조업,3693,운동 및 경기용구 제조업,놀이터용 장비 제조업,1,33302,C,제조업,33,기타 제품 제조업,333,운동 및 경기용구 제조업,3330,운동 및 경기용구 제조업,놀이터용 장비 제조업,1,,,,,
,591,369306,C,제조업,36,기타 제품 제조업,369,운동 및 경기용구 제조업,3693,운동 및 경기용구 제조업,낚시 및 수렵용구 제조업,1,33303,C,제조업,33,기타 제품 제조업,333,운동 및 경기용구 제조업,3330,운동 및 경기용구 제조업,낚시 및 수렵용구 제조업,1,,,,,
,592,369401,C,제조업,36,기타 제품 제조업,369,"인형, 장난감 및 오락용품 제조업",3694,"인형, 장난감 및 오락용품 제조업",인형 및 장난감 제조업,1,33401,C,제조업,33,기타 제품 제조업,334,"인형, 장난감 및 오락용품 제조업",3340,"인형, 장난감 및 오락용품 제조업",인형 및 장난감 제조업,2,2,인형,,,
,593,369402,C,제조업,36,기타 제품 제조업,369,"인형, 장난감 및 오락용품 제조업",3694,"인형, 장난감 및 오락용품 제조업",인형 및 장난감 제조업,1,33401,C,제조업,33,기타 제품 제조업,334,"인형, 장난감 및 오락용품 제조업",3340,"인형, 장난감 및 오락용품 제조업",인형 및 장난감 제조업,2,2,장난감,,,
,594,369404,C,제조업,36,기타 제품 제조업,369,"인형, 장난감 및 오락용품 제조업",3694,"인형, 장난감 및 오락용품 제조업",영상게임기 제조업,1,33402,C,제조업,33,기타 제품 제조업,334,"인형, 장난감 및 오락용품 제조업",3340,"인형, 장난감 및 오락용품 제조업",영상게임기 제조업,1,,,,,
,595,369405,C,제조업,36,기타 제품 제조업,369,"인형, 장난감 및 오락용품 제조업",3694,"인형, 장난감 및 오락용품 제조업",기타 오락용품 제조업,1,33409,C,제조업,33,기타 제품 제조업,334,"인형, 장난감 및 오락용품 제조업",3340,"인형, 장난감 및 오락용품 제조업",기타 오락용품 제조업,2,1,,,,
,596,369409,C,제조업,36,기타 제품 제조업,369,"인형, 장난감 및 오락용품 제조업",3694,"인형, 장난감 및 오락용품 제조업",기타 오락용품 제조업,1,33409,C,제조업,33,기타 제품 제조업,334,"인형, 장난감 및 오락용품 제조업",3340,"인형, 장난감 및 오락용품 제조업",기타 오락용품 제조업,2,,"놀이용 카드, 도박게임장비 등 유희용구",,,
,597,369501,C,제조업,36,기타 제품 제조업,369,귀금속 및 장신용품 제조업,3695,모조 귀금속 및 모조 장신용품 제조업,모조 귀금속 및 모조 장신용품 제조업,1,33120,C,제조업,33,기타 제품 제조업,331,귀금속 및 장신용품 제조업,3312,모조 귀금속 및 모조 장신용품 제조업,모조 귀금속 및 모조 장신용품 제조업,1,,,,,
,598,369502,C,제조업,36,기타 제품 제조업,369,그 외 기타 제품 제조업,3695,"가발, 장식용품 및 전시용 모형 제조업",가발 및 유사 제품 제조업,1,33931,C,제조업,33,기타 제품 제조업,339,그 외 기타 제품 제조업,3393,"가발, 장식용품 및 전시용 모형 제조업",가발 및 유사 제품 제조업,1,,,,,
,599,369503,C,제조업,36,기타 제품 제조업,369,그 외 기타 제품 제조업,3695,간판 및 광고물 제조업,간판 및 광고물 제조업,1,33910,C,제조업,33,기타 제품 제조업,339,그 외 기타 제품 제조업,3391,간판 및 광고물 제조업,간판 및 광고물 제조업,1,,,,,
,600,369504,C,제조업,36,기타 제품 제조업,369,그 외 기타 제품 제조업,3695,"가발, 장식용품 및 전시용 모형 제조업",표구 처리업,1,33933,C,제조업,33,기타 제품 제조업,339,그 외 기타 제품 제조업,3393,"가발, 장식용품 및 전시용 모형 제조업",표구 처리업,1,,,,,
,601,369505,C,제조업,36,기타 제품 제조업,369,그 외 기타 제품 제조업,3695,"가발, 장식용품 및 전시용 모형 제조업",전시용 모형 제조업,1,33932,C,제조업,33,기타 제품 제조업,339,그 외 기타 제품 제조업,3393,"가발, 장식용품 및 전시용 모형 제조업",전시용 모형 제조업,1,,,,,
,602,369902,C,제조업,36,기타 제품 제조업,369,그 외 기타 제품 제조업,3699,사무 및 회화용품 제조업,사무 및 회화용품 제조업,1,33920,C,제조업,33,기타 제품 제조업,339,그 외 기타 제품 제조업,3392,사무 및 회화용품 제조업,사무 및 회화용품 제조업,1,,,,,
,603,369903,C,제조업,36,기타 제품 제조업,369,그 외 기타 제품 제조업,3699,그 외 기타 분류 안된 제품 제조업,비 및 솔 제조업,1,33993,C,제조업,33,기타 제품 제조업,339,그 외 기타 제품 제조업,3399,그 외 기타 분류 안된 제품 제조업,비 및 솔 제조업,1,,,,,
,604,369904,C,제조업,36,기타 제품 제조업,369,그 외 기타 제품 제조업,3699,그 외 기타 분류 안된 제품 제조업,그 외 기타 달리 분류되지 않은 제품 제조업,1,33999,C,제조업,33,기타 제품 제조업,339,그 외 기타 제품 제조업,3399,그 외 기타 분류 안된 제품 제조업,그 외 기타 달리 분류되지 않은 제품 제조업,3,,"우산, 지팡이",,,
,605,369905,C,제조업,36,기타 제품 제조업,369,그 외 기타 제품 제조업,3699,그 외 기타 분류 안된 제품 제조업,단추 및 유사 파스너 제조업,1,33991,C,제조업,33,기타 제품 제조업,339,그 외 기타 제품 제조업,3399,그 외 기타 분류 안된 제품 제조업,단추 및 유사 파스너 제조업,1,,,,,
,606,369906,C,제조업,36,기타 제품 제조업,369,그 외 기타 제품 제조업,3699,그 외 기타 분류 안된 제품 제조업,"라이터, 연소물 및 흡연용품 제조업",1,33992,C,제조업,33,기타 제품 제조업,339,그 외 기타 제품 제조업,3399,그 외 기타 분류 안된 제품 제조업,"라이터, 연소물 및 흡연용품 제조업",1,,,,,
,607,369907,C,제조업,36,화학 물질 및 화학제품 제조업; 의약품 제외,369,기타 화학제품 제조업,3699,그 외 기타 화학제품 제조업,화약 및 불꽃제품 제조업,1,20494,C,제조업,20,화학물질 및 화학제품 제조업; 의약품 제외,204,기타 화학제품 제조업,2049,그 외 기타 화학제품 제조업,화약 및 불꽃제품 제조업,2,,성냥,,,
,608,369908,C,제조업,36,기타 제품 제조업,369,그 외 기타 제품 제조업,3699,그 외 기타 분류 안된 제품 제조업,그 외 기타 달리 분류되지 않은 제품 제조업,1,33999,C,제조업,33,기타 제품 제조업,339,그 외 기타 제품 제조업,3399,그 외 기타 분류 안된 제품 제조업,그 외 기타 달리 분류되지 않은 제품 제조업,3,1,,,,
,609,371000,E,"수도, 하수 및 폐기물 처리, 원료 재생업",37,"폐기물 수집, 운반, 처리 및 원료 재생업",371,"해체, 선별 및 원료 재생업",3710,"금속류 해체, 선별 및 원료 재생업",금속류 원료 재생업,1,38312,E,"수도, 하수 및 폐기물 처리, 원료 재생업",38,"폐기물 수집, 운반, 처리 및 원료 재생업",383,"해체, 선별 및 원료 재생업",3831,"금속류 해체, 선별 및 원료 재생업",금속류 원료 재생업,1,,,,,
,610,371001,E,"수도, 하수 및 폐기물 처리, 원료 재생업",37,"폐기물 수집, 운반, 처리 및 원료 재생업",371,"해체, 선별 및 원료 재생업",3710,"금속류 해체, 선별 및 원료 재생업",금속류 해체 및 선별업,1,38311,E,"수도, 하수 및 폐기물 처리, 원료 재생업",38,"폐기물 수집, 운반, 처리 및 원료 재생업",383,"해체, 선별 및 원료 재생업",3831,"금속류 해체, 선별 및 원료 재생업",금속류 해체 및 선별업,3,1,,,,
,611,372000,E,"수도, 하수 및 폐기물 처리, 원료 재생업",37,"폐기물 수집, 운반, 처리 및 원료 재생업",372,"해체, 선별 및 원료 재생업",3720,"비금속류 해체, 선별 및 원료 재생업",비금속류 원료 재생업,1,38322,E,"수도, 하수 및 폐기물 처리, 원료 재생업",38,"폐기물 수집, 운반, 처리 및 원료 재생업",383,"해체, 선별 및 원료 재생업",3832,"비금속류 해체, 선별 및 원료 재생업",비금속류 원료 재생업,1,,,,,
,612,372001,E,"수도, 하수 및 폐기물 처리, 원료 재생업",37,"폐기물 수집, 운반, 처리 및 원료 재생업",372,"해체, 선별 및 원료 재생업",3720,"비금속류 해체, 선별 및 원료 재생업",비금속류 해체 및 선별업,1,38321,E,"수도, 하수 및 폐기물 처리, 원료 재생업",38,"폐기물 수집, 운반, 처리 및 원료 재생업",383,"해체, 선별 및 원료 재생업",3832,"비금속류 해체, 선별 및 원료 재생업",비금속류 해체 및 선별업,1,,,,,
,613,372002,E,"수도, 하수 및 폐기물 처리, 원료 재생업",37,환경 정화 및 복원업,372,환경 정화 및 복원업,3720,환경 정화 및 복원업,토양 및 지하수 정화업,1,39001,E,"수도, 하수 및 폐기물 처리, 원료 재생업",39,환경 정화 및 복원업,390,환경 정화 및 복원업,3900,환경 정화 및 복원업,토양 및 지하수 정화업,1,,,,,
,614,372003,E,"수도, 하수 및 폐기물 처리, 원료 재생업",37,환경 정화 및 복원업,372,환경 정화 및 복원업,3720,환경 정화 및 복원업,기타 환경 정화 및 복원업,1,39009,E,"수도, 하수 및 폐기물 처리, 원료 재생업",39,환경 정화 및 복원업,390,환경 정화 및 복원업,3900,환경 정화 및 복원업,기타 환경 정화 및 복원업,1,,,,,
,615,381000,C,제조업,38,기타 제품 제조업,381,그외 기타 제품 제조업,3810,"금속 열처리, 도금 및 기타 금속 가공업",절삭 가공 및 유사 처리업,1,25924,C,제조업,25,금속가공제품 제조업; 기계 및 가구 제외,259,기타 금속 가공제품 제조업,2592,"금속 열처리, 도금 및 기타 금속 가공업",절삭 가공 및 유사 처리업,2,,소사장제,,,
,616,381003,C,제조업,38,기타 제품 제조업,381,그외 기타 제품 제조업,3810,"금속 열처리, 도금 및 기타 금속 가공업",그 외 기타 금속 가공업,1,25929,C,제조업,25,금속가공제품 제조업; 기계 및 가구 제외,259,기타 금속 가공제품 제조업,2592,"금속 열처리, 도금 및 기타 금속 가공업",그 외 기타 금속 가공업,3,,소사장제,,,
,617,381004,C,제조업,38,기타 제품 제조업,381,그외 기타 제품 제조업,3810,자동차용 기타 신품 부품 제조업,그 외 자동차용 신품 부품 제조업,1,30399,C,제조업,30,자동차 및 트레일러 제조업,303,자동차 신품 부품 제조업,3039,자동차용 기타 신품 부품 제조업,그 외 자동차용 신품 부품 제조업,2,,소사장제,,,
,618,381005,C,제조업,38,기타 제품 제조업,381,그외 기타 제품 제조업,3810,그 외 기타 분류 안된 제품 제조업,그 외 기타 달리 분류되지 않은 제품 제조업,1,33999,C,제조업,33,기타 제품 제조업,339,그 외 기타 제품 제조업,3399,그 외 기타 분류 안된 제품 제조업,그 외 기타 달리 분류되지 않은 제품 제조업,3,,소사장제,,,
,619,381006,C,제조업,38,기타 제품 제조업,381,그외 기타 제품 제조업,3810,그 외 기타 사업 지원 서비스업,포장 및 충전업,1,75994,N,"사업시설 관리, 사업 지원 및 임대 서비스업",75,사업 지원 서비스업,759,기타 사업 지원 서비스업,7599,그 외 기타 사업 지원 서비스업,포장 및 충전업,2,,소사장제,,,
,620,381007,C,제조업,38,기타 제품 제조업,381,그외 기타 제품 제조업,3810,기타 소사장제,기타 소사장제,1,,,해당사항 없음,,해당사항 없음,,해당사항 없음,,해당사항 없음,해당사항 없음,0,,소사장제,,,
,621,401000,D,"전기, 가스, 증기 및 공기 조절 공급업",40,"전기, 가스, 증기 및 공기 조절 공급업",401,전기업,4010,발전업,태양력 발전업,1,35114,D,"전기, 가스, 증기 및 공기 조절 공급업",35,"전기, 가스, 증기 및 공기 조절 공급업",351,전기업,3511,발전업,태양력 발전업,1,,,,,
,622,401001,D,"전기, 가스, 증기 및 공기 조절 공급업",40,"전기, 가스, 증기 및 공기 조절 공급업",401,전기업,4010,발전업,원자력 발전업,1,35111,D,"전기, 가스, 증기 및 공기 조절 공급업",35,"전기, 가스, 증기 및 공기 조절 공급업",351,전기업,3511,발전업,원자력 발전업,1,,,,,
,623,401002,D,"전기, 가스, 증기 및 공기 조절 공급업",40,"전기, 가스, 증기 및 공기 조절 공급업",401,전기업,4010,발전업,수력 발전업,1,35112,D,"전기, 가스, 증기 및 공기 조절 공급업",35,"전기, 가스, 증기 및 공기 조절 공급업",351,전기업,3511,발전업,수력 발전업,1,,,,,
,624,401003,D,"전기, 가스, 증기 및 공기 조절 공급업",40,"전기, 가스, 증기 및 공기 조절 공급업",401,전기업,4010,발전업,화력 발전업,1,35113,D,"전기, 가스, 증기 및 공기 조절 공급업",35,"전기, 가스, 증기 및 공기 조절 공급업",351,전기업,3511,발전업,화력 발전업,1,,,,,
,625,401004,D,"전기, 가스, 증기 및 공기 조절 공급업",40,"전기, 가스, 증기 및 공기 조절 공급업",401,전기업,4010,발전업,풍력 발전업,2,35115,D,"전기, 가스, 증기 및 공기 조절 공급업",35,"전기, 가스, 증기 및 공기 조절 공급업",351,전기업,3511,발전업,풍력 발전업,1,,,,,
,625,401004,D,"전기, 가스, 증기 및 공기 조절 공급업",40,"전기, 가스, 증기 및 공기 조절 공급업",401,전기업,4010,발전업,기타 발전업,2,35119,D,"전기, 가스, 증기 및 공기 조절 공급업",35,"전기, 가스, 증기 및 공기 조절 공급업",351,전기업,3511,발전업,기타 발전업,1,,,,,
,626,401005,D,"전기, 가스, 증기 및 공기 조절 공급업",40,"전기, 가스, 증기 및 공기 조절 공급업",401,전기업,4010,송전 및 배전업,송전 및 배전업,1,35120,D,"전기, 가스, 증기 및 공기 조절 공급업",35,"전기, 가스, 증기 및 공기 조절 공급업",351,전기업,3512,송전 및 배전업,송전 및 배전업,1,,,,,
,627,401006,D,"전기, 가스, 증기 및 공기 조절 공급업",40,"전기, 가스, 증기 및 공기 조절 공급업",401,전기업,4010,전기 판매업,전기 판매업,1,35130,D,"전기, 가스, 증기 및 공기 조절 공급업",35,"전기, 가스, 증기 및 공기 조절 공급업",351,전기업,3513,전기 판매업,전기 판매업,1,,,,,
,628,402001,D,"전기, 가스, 증기 및 공기 조절 공급업",40,"전기, 가스, 증기 및 공기 조절 공급업",402,연료용 가스 제조 및 배관공급업,4020,연료용 가스 제조 및 배관공급업,연료용 가스 제조 및 배관공급업,1,35200,D,"전기, 가스, 증기 및 공기 조절 공급업",35,"전기, 가스, 증기 및 공기 조절 공급업",352,연료용 가스 제조 및 배관공급업,3520,연료용 가스 제조 및 배관공급업,연료용 가스 제조 및 배관공급업,1,,,,,
,629,403000,D,"전기, 가스, 증기 및 공기 조절 공급업",40,"전기, 가스, 증기 및 공기 조절 공급업",403,"증기, 냉ㆍ온수 및 공기 조절 공급업",4030,"증기, 냉ㆍ온수 및 공기 조절 공급업","증기, 냉ㆍ온수 및 공기 조절 공급업",1,35300,D,"전기, 가스, 증기 및 공기 조절 공급업",35,"전기, 가스, 증기 및 공기 조절 공급업",353,"증기, 냉ㆍ온수 및 공기 조절 공급업",3530,"증기, 냉ㆍ온수 및 공기 조절 공급업","증기, 냉ㆍ온수 및 공기 조절 공급업",1,,,,,
,630,410000,E,"수도, 하수 및 폐기물 처리, 원료 재생업",41,수도업,410,수도업,4100,생활용수 공급업,생활용수 공급업,1,36010,E,"수도, 하수 및 폐기물 처리, 원료 재생업",36,수도업,360,수도업,3601,생활용수 공급업,생활용수 공급업,1,,,,,
,631,410001,E,"수도, 하수 및 폐기물 처리, 원료 재생업",41,수도업,410,수도업,4100,산업용수 공급업,산업용수 공급업,1,36020,E,"수도, 하수 및 폐기물 처리, 원료 재생업",36,수도업,360,수도업,3602,산업용수 공급업,산업용수 공급업,1,,,,,
,632,451101,F,건 설 업,45,종합 건설업,451,건물 건설업,4511,주거용 건물 건설업,아파트 건설업,1,41112,F,건설업,41,종합 건설업,411,건물 건설업,4111,주거용 건물 건설업,아파트 건설업,2,1,,,,
,633,451102,F,건 설 업,45,종합 건설업,451,건물 건설업,4511,주거용 건물 건설업,주거용 건물 건설업,1,68121,L,부동산업,68,부동산업,681,부동산 임대 및 공급업,6812,부동산 개발 및 공급업,주거용 건물 개발 및 공급업,4,,건축시행사(토지보유 5년 미만),,,
,634,451103,F,건 설 업,45,종합 건설업,451,건물 건설업,4511,주거용 건물 건설업,주거용 건물 건설업,1,68121,L,부동산업,68,부동산업,681,부동산 임대 및 공급업,6812,부동산 개발 및 공급업,주거용 건물 개발 및 공급업,4,,건축시행사(토지보유 5년 이상),,,
,635,451104,F,건 설 업,45,종합 건설업,451,건물 건설업,4511,비주거용 건물 건설업,기타 비주거용 건물 건설업,1,41129,F,건설업,41,종합 건설업,411,건물 건설업,4112,비주거용 건물 건설업,기타 비주거용 건물 건설업,1,,,,,
,636,451105,F,건 설 업,45,종합 건설업,451,건물 건설업,4511,주거용 건물 건설업,단독 주택 건설업,3,41111,F,건설업,41,종합 건설업,411,건물 건설업,4111,주거용 건물 건설업,단독 주택 건설업,2,,건설하여 분양(판매),,,
,636,451105,F,건 설 업,45,종합 건설업,451,건물 건설업,4511,주거용 건물 건설업,아파트 건설업,3,41112,F,건설업,41,종합 건설업,411,건물 건설업,4111,주거용 건물 건설업,아파트 건설업,2,,건설하여 분양(판매),,,
,636,451105,F,건 설 업,45,종합 건설업,451,건물 건설업,4511,주거용 건물 건설업,기타 공동 주택 건설업,3,41119,F,건설업,41,종합 건설업,411,건물 건설업,4111,주거용 건물 건설업,기타 공동 주택 건설업,2,,건설하여 분양(판매),,,
,637,451106,F,건 설 업,45,종합 건설업,451,건물 건설업,4511,주거용 건물 건설업,단독 주택 건설업,1,41111,F,건설업,41,종합 건설업,411,건물 건설업,4111,주거용 건물 건설업,단독 주택 건설업,2,1,,,,
,638,451107,F,건 설 업,45,종합 건설업,451,건물 건설업,4511,주거용 건물 건설업,기타 공동 주택 건설업,1,41119,F,건설업,41,종합 건설업,411,건물 건설업,4111,주거용 건물 건설업,기타 공동 주택 건설업,2,1,,,,
,639,451108,F,건 설 업,45,종합 건설업,451,건물 건설업,4511,비주거용 건물 건설업,사무ㆍ상업용 및 공공기관용 건물 건설업,1,41121,F,건설업,41,종합 건설업,411,건물 건설업,4112,비주거용 건물 건설업,사무ㆍ상업용 및 공공기관용 건물 건설업,1,,,,,
,640,451109,F,건 설 업,45,종합 건설업,451,건물 건설업,4511,비주거용 건물 건설업,제조업 및 유사 산업용 건물 건설업,1,41122,F,건설업,41,종합 건설업,411,건물 건설업,4112,비주거용 건물 건설업,제조업 및 유사 산업용 건물 건설업,1,,,,,
,641,451200,F,건 설 업,45,종합 건설업,451,토목 건설업,4512,토목 시설물 건설업,기타 토목 시설물 건설업,1,41229,F,건설업,41,종합 건설업,412,토목 건설업,4122,토목 시설물 건설업,기타 토목 시설물 건설업,1,,,,,
,642,451204,F,건 설 업,45,종합 건설업,451,토목 건설업,4512,지반조성 건설업,지반조성 건설업,1,41210,F,건설업,41,종합 건설업,412,토목 건설업,4121,지반조성 건설업,지반조성 건설업,1,,,,,
,643,451205,F,건 설 업,45,종합 건설업,451,토목 건설업,4512,토목 시설물 건설업,도로 건설업,1,41221,F,건설업,41,종합 건설업,412,토목 건설업,4122,토목 시설물 건설업,도로 건설업,1,,,,,
,644,451206,F,건 설 업,45,종합 건설업,451,토목 건설업,4512,토목 시설물 건설업,"교량, 터널 및 철도 건설업",1,41222,F,건설업,41,종합 건설업,412,토목 건설업,4122,토목 시설물 건설업,"교량, 터널 및 철도 건설업",1,,,,,
,645,451207,F,건 설 업,45,종합 건설업,451,토목 건설업,4512,토목 시설물 건설업,"항만, 수로, 댐 및 유사 구조물 건설업",1,41223,F,건설업,41,종합 건설업,412,토목 건설업,4122,토목 시설물 건설업,"항만, 수로, 댐 및 유사 구조물 건설업",1,,,,,
,646,451208,F,건 설 업,45,종합 건설업,451,토목 건설업,4512,토목 시설물 건설업,환경설비 건설업,1,41224,F,건설업,41,종합 건설업,412,토목 건설업,4122,토목 시설물 건설업,환경설비 건설업,1,,,,,
,647,451300,F,건 설 업,45,종합 건설업,451,토목 건설업,4513,토목 시설물 건설업,산업 생산시설 종합 건설업,1,41225,F,건설업,41,종합 건설업,412,토목 건설업,4122,토목 시설물 건설업,산업 생산시설 종합 건설업,1,,,,,
,648,451400,F,건 설 업,45,종합 건설업,451,토목 건설업,4514,토목 시설물 건설업,조경 건설업,1,41226,F,건설업,41,종합 건설업,412,토목 건설업,4122,토목 시설물 건설업,조경 건설업,1,,,,,
,649,452101,F,건 설 업,45,전문직별 공사업,452,실내건축 및 건축마무리 공사업,4521,기타 건축 마무리 공사업,"미장, 타일 및 방수 공사업",1,42491,F,건설업,42,전문직별 공사업,424,실내건축 및 건축마무리 공사업,4249,기타 건축 마무리 공사업,"미장, 타일 및 방수 공사업",1,,,,,
,650,452102,F,건 설 업,45,전문직별 공사업,452,실내건축 및 건축마무리 공사업,4521,유리 및 창호 공사업,유리 및 창호 공사업,1,42420,F,건설업,42,전문직별 공사업,424,실내건축 및 건축마무리 공사업,4242,유리 및 창호 공사업,유리 및 창호 공사업,1,,,,,
,651,452103,F,건 설 업,45,전문직별 공사업,452,기반조성 및 시설물 축조관련 전문공사업,4521,기반조성 관련 전문공사업,"보링, 그라우팅 및 관정 공사업",1,42122,F,건설업,42,전문직별 공사업,421,기반조성 및 시설물 축조관련 전문공사업,4212,기반조성 관련 전문공사업,"보링, 그라우팅 및 관정 공사업",2,2,"보링, 그라우팅 공사",,,
,652,452104,F,건 설 업,45,전문직별 공사업,452,건물설비 설치 공사업,4521,건물설비 설치 공사업,배관 및 냉ㆍ난방 공사업,1,42201,F,건설업,42,전문직별 공사업,422,건물설비 설치 공사업,4220,건물설비 설치 공사업,배관 및 냉ㆍ난방 공사업,2,1,,,,
,653,452105,F,건 설 업,45,전문직별 공사업,452,실내건축 및 건축마무리 공사업,4521,"도장, 도배 및 내장 공사업","도배, 실내 장식 및 내장 목공사업",1,42412,F,건설업,42,전문직별 공사업,424,실내건축 및 건축마무리 공사업,4241,"도장, 도배 및 내장 공사업","도배, 실내 장식 및 내장 목공사업",3,,도배,,,
,654,452106,F,건 설 업,45,전문직별 공사업,452,실내건축 및 건축마무리 공사업,4521,"도장, 도배 및 내장 공사업","도배, 실내 장식 및 내장 목공사업",1,42412,F,건설업,42,전문직별 공사업,424,실내건축 및 건축마무리 공사업,4241,"도장, 도배 및 내장 공사업","도배, 실내 장식 및 내장 목공사업",3,,인테리어공사 등,,,
,655,452107,F,건 설 업,45,전문직별 공사업,452,실내건축 및 건축마무리 공사업,4521,"도장, 도배 및 내장 공사업","도배, 실내 장식 및 내장 목공사업",1,42412,F,건설업,42,전문직별 공사업,424,실내건축 및 건축마무리 공사업,4241,"도장, 도배 및 내장 공사업","도배, 실내 장식 및 내장 목공사업",3,1,,,,
,656,452108,F,건 설 업,45,전문직별 공사업,452,기반조성 및 시설물 축조관련 전문공사업,4521,기타 시설물 축조 관련 전문공사업,포장 공사업,1,42192,F,건설업,42,전문직별 공사업,421,기반조성 및 시설물 축조관련 전문공사업,4219,기타 시설물 축조 관련 전문공사업,포장 공사업,1,,,,,
,657,452109,F,건 설 업,45,전문직별 공사업,452,기반조성 및 시설물 축조관련 전문공사업,4521,기타 시설물 축조 관련 전문공사업,수중 공사업,1,42194,F,건설업,42,전문직별 공사업,421,기반조성 및 시설물 축조관련 전문공사업,4219,기타 시설물 축조 관련 전문공사업,수중 공사업,1,,,,,
,658,452110,F,건 설 업,45,전문직별 공사업,452,기반조성 및 시설물 축조관련 전문공사업,4521,기반조성 관련 전문공사업,토공사업,1,42121,F,건설업,42,전문직별 공사업,421,기반조성 및 시설물 축조관련 전문공사업,4212,기반조성 관련 전문공사업,토공사업,1,,,,,
,659,452111,F,건 설 업,45,전문직별 공사업,452,시설물 유지관리 공사업,4521,시설물 유지관리 공사업,시설물 유지관리 공사업,1,42500,F,건설업,42,전문직별 공사업,425,시설물 유지관리 공사업,4250,시설물 유지관리 공사업,시설물 유지관리 공사업,1,,,,,
,660,452112,F,건 설 업,45,전문직별 공사업,452,기반조성 및 시설물 축조관련 전문공사업,4521,기반조성 관련 전문공사업,"보링, 그라우팅 및 관정 공사업",1,42122,F,건설업,42,전문직별 공사업,421,기반조성 및 시설물 축조관련 전문공사업,4212,기반조성 관련 전문공사업,"보링, 그라우팅 및 관정 공사업",2,2,관정공사,,,
,661,452113,F,건 설 업,45,전문직별 공사업,452,기반조성 및 시설물 축조관련 전문공사업,4521,기반조성 관련 전문공사업,파일공사 및 축조관련 기초 공사업,1,42123,F,건설업,42,전문직별 공사업,421,기반조성 및 시설물 축조관련 전문공사업,4212,기반조성 관련 전문공사업,파일공사 및 축조관련 기초 공사업,1,,,,,
,662,452114,F,건 설 업,45,전문직별 공사업,452,기반조성 및 시설물 축조관련 전문공사업,4521,기타 시설물 축조 관련 전문공사업,조적 및 석공사업,1,42191,F,건설업,42,전문직별 공사업,421,기반조성 및 시설물 축조관련 전문공사업,4219,기타 시설물 축조 관련 전문공사업,조적 및 석공사업,1,,,,,
,663,452115,F,건 설 업,45,전문직별 공사업,452,건물설비 설치 공사업,4521,건물설비 설치 공사업,"방음, 방진 및 내화 공사업",1,42204,F,건설업,42,전문직별 공사업,422,건물설비 설치 공사업,4220,건물설비 설치 공사업,"방음, 방진 및 내화 공사업",1,,,,,
,664,452116,F,건 설 업,45,전문직별 공사업,452,건물설비 설치 공사업,4521,건물설비 설치 공사업,소방시설 공사업,1,42205,F,건설업,42,전문직별 공사업,422,건물설비 설치 공사업,4220,건물설비 설치 공사업,소방시설 공사업,1,,,,,
,665,452117,F,건 설 업,45,전문직별 공사업,452,기반조성 및 시설물 축조관련 전문공사업,4521,건물 및 구축물 해체 공사업,건물 및 구축물 해체 공사업,1,42110,F,건설업,42,전문직별 공사업,421,기반조성 및 시설물 축조관련 전문공사업,4211,건물 및 구축물 해체 공사업,건물 및 구축물 해체 공사업,1,,,,,
,666,452118,F,건 설 업,45,전문직별 공사업,452,기반조성 및 시설물 축조관련 전문공사업,4521,"철골, 철근 및 콘크리트 공사업",철골 및 관련 구조물 공사업,1,42131,F,건설업,42,전문직별 공사업,421,기반조성 및 시설물 축조관련 전문공사업,4213,"철골, 철근 및 콘크리트 공사업",철골 및 관련 구조물 공사업,1,,,,,
,667,452119,F,건 설 업,45,전문직별 공사업,452,기반조성 및 시설물 축조관련 전문공사업,4521,"철골, 철근 및 콘크리트 공사업",콘크리트 및 철근 공사업,1,42132,F,건설업,42,전문직별 공사업,421,기반조성 및 시설물 축조관련 전문공사업,4213,"철골, 철근 및 콘크리트 공사업",콘크리트 및 철근 공사업,1,,,,,
,668,452120,F,건 설 업,45,전문직별 공사업,452,기반조성 및 시설물 축조관련 전문공사업,4521,기타 시설물 축조 관련 전문공사업,비계 및 형틀 공사업,1,42195,F,건설업,42,전문직별 공사업,421,기반조성 및 시설물 축조관련 전문공사업,4219,기타 시설물 축조 관련 전문공사업,비계 및 형틀 공사업,1,,,,,
,669,452121,F,건 설 업,45,전문직별 공사업,452,실내건축 및 건축마무리 공사업,4521,기타 건축 마무리 공사업,건물용 금속 공작물 설치 공사업,1,42492,F,건설업,42,전문직별 공사업,424,실내건축 및 건축마무리 공사업,4249,기타 건축 마무리 공사업,건물용 금속 공작물 설치 공사업,1,,,,,
,670,452122,F,건 설 업,45,전문직별 공사업,452,기반조성 및 시설물 축조관련 전문공사업,4521,기타 시설물 축조 관련 전문공사업,철도 궤도 전문공사업,1,42193,F,건설업,42,전문직별 공사업,421,기반조성 및 시설물 축조관련 전문공사업,4219,기타 시설물 축조 관련 전문공사업,철도 궤도 전문공사업,1,,,,,
,671,452123,F,건 설 업,45,전문직별 공사업,452,기반조성 및 시설물 축조관련 전문공사업,4521,기타 시설물 축조 관련 전문공사업,"지붕, 내ㆍ외벽 축조 관련 전문공사업",1,42196,F,건설업,42,전문직별 공사업,421,기반조성 및 시설물 축조관련 전문공사업,4219,기타 시설물 축조 관련 전문공사업,"지붕, 내ㆍ외벽 축조 관련 전문공사업",1,,,,,
,672,452124,F,건 설 업,45,전문직별 공사업,452,건물설비 설치 공사업,4521,건물설비 설치 공사업,승강설비 설치 공사업,2,42203,F,건설업,42,전문직별 공사업,422,건물설비 설치 공사업,4220,건물설비 설치 공사업,승강설비 설치 공사업,1,,,,,
,672,452124,F,건 설 업,45,전문직별 공사업,452,건물설비 설치 공사업,4521,건물설비 설치 공사업,건물용 기계ㆍ장비 설치 공사업,2,42202,F,건설업,42,전문직별 공사업,422,건물설비 설치 공사업,4220,건물설비 설치 공사업,건물용 기계ㆍ장비 설치 공사업,1,,,,,
,673,452125,F,건 설 업,45,전문직별 공사업,452,전기 및 통신 공사업,4521,전기 공사업,일반 전기 공사업,1,42311,F,건설업,42,전문직별 공사업,423,전기 및 통신 공사업,4231,전기 공사업,일반 전기 공사업,1,,,,,
,674,452126,F,건 설 업,45,전문직별 공사업,452,전기 및 통신 공사업,4521,전기 공사업,내부 전기배선 공사업,1,42312,F,건설업,42,전문직별 공사업,423,전기 및 통신 공사업,4231,전기 공사업,내부 전기배선 공사업,1,,,,,
,675,452127,F,건 설 업,45,전문직별 공사업,452,전기 및 통신 공사업,4521,통신 공사업,일반 통신 공사업,1,42321,F,건설업,42,전문직별 공사업,423,전기 및 통신 공사업,4232,통신 공사업,일반 통신 공사업,1,,,,,
,676,452128,F,건 설 업,45,전문직별 공사업,452,전기 및 통신 공사업,4521,통신 공사업,내부 통신배선 공사업,1,42322,F,건설업,42,전문직별 공사업,423,전기 및 통신 공사업,4232,통신 공사업,내부 통신배선 공사업,1,,,,,
,677,452129,F,건 설 업,45,전문직별 공사업,452,실내건축 및 건축마무리 공사업,4521,"도장, 도배 및 내장 공사업",도장 공사업,1,42411,F,건설업,42,전문직별 공사업,424,실내건축 및 건축마무리 공사업,4241,"도장, 도배 및 내장 공사업",도장 공사업,1,,,,,
,678,452130,F,건 설 업,45,전문직별 공사업,452,기반조성 및 시설물 축조관련 전문공사업,4521,기반조성 관련 전문공사업,기타 기반조성 관련 전문공사업,1,42129,F,건설업,42,전문직별 공사업,421,기반조성 및 시설물 축조관련 전문공사업,4212,기반조성 관련 전문공사업,기타 기반조성 관련 전문공사업,1,,,,,
,679,452131,F,건 설 업,45,전문직별 공사업,452,기반조성 및 시설물 축조관련 전문공사업,4521,기타 시설물 축조 관련 전문공사업,기타 옥외 시설물 축조관련 전문공사업,1,42199,F,건설업,42,전문직별 공사업,421,기반조성 및 시설물 축조관련 전문공사업,4219,기타 시설물 축조 관련 전문공사업,기타 옥외 시설물 축조관련 전문공사업,1,,,,,
,680,452132,F,건 설 업,45,전문직별 공사업,452,건물설비 설치 공사업,4521,건물설비 설치 공사업,배관 및 냉ㆍ난방 공사업,1,42201,F,건설업,42,전문직별 공사업,422,건물설비 설치 공사업,4220,건물설비 설치 공사업,배관 및 냉ㆍ난방 공사업,2,,상하수도설비공사,,,
,681,452200,F,건 설 업,45,전문직별 공사업,452,실내건축 및 건축마무리 공사업,4522,기타 건축 마무리 공사업,그 외 기타 건축 마무리 공사업,1,42499,F,건설업,42,전문직별 공사업,424,실내건축 및 건축마무리 공사업,4249,기타 건축 마무리 공사업,그 외 기타 건축 마무리 공사업,1,,,,,
,682,452201,F,건 설 업,45,전문직별 공사업,452,건물설비 설치 공사업,4522,건물설비 설치 공사업,기타 건물 관련설비 설치 공사업,1,42209,F,건설업,42,전문직별 공사업,422,건물설비 설치 공사업,4220,건물설비 설치 공사업,기타 건물 관련설비 설치 공사업,1,,,,,
,683,453000,F,건 설 업,45,전문직별 공사업,453,건설장비 운영업,4530,건설장비 운영업,건설장비 운영업,1,42600,F,건설업,42,전문직별 공사업,426,건설장비 운영업,4260,건설장비 운영업,건설장비 운영업,1,,,,,
,684,501101,G,도매 및 소매업,50,자동차 및 부품 판매업,501,자동차 판매업,5011,자동차 신품 판매업,자동차 신품 판매업,1,45110,G,도매 및 소매업,45,자동차 및 부품 판매업,451,자동차 판매업,4511,자동차 신품 판매업,자동차 신품 판매업,4,2,도매,,,
,685,501103,G,도매 및 소매업,50,자동차 및 부품 판매업,501,자동차 판매업,5011,중고 자동차 판매업,중고 자동차 판매업,1,45120,G,도매 및 소매업,45,자동차 및 부품 판매업,451,자동차 판매업,4512,중고 자동차 판매업,중고 자동차 판매업,3,2,도매,,,
,686,501201,G,도매 및 소매업,50,자동차 및 부품 판매업,501,자동차 판매업,5012,자동차 신품 판매업,자동차 신품 판매업,1,45110,G,도매 및 소매업,45,자동차 및 부품 판매업,451,자동차 판매업,4511,자동차 신품 판매업,자동차 신품 판매업,4,2,소매,,,
,687,501202,G,도매 및 소매업,50,자동차 및 부품 판매업,501,자동차 판매업,5012,중고 자동차 판매업,중고 자동차 판매업,1,45120,G,도매 및 소매업,45,자동차 및 부품 판매업,451,자동차 판매업,4512,중고 자동차 판매업,중고 자동차 판매업,3,2,소매,,,
,688,501301,G,도매 및 소매업,50,자동차 및 부품 판매업,501,자동차 판매업,5013,자동차 신품 판매업,자동차 신품 판매업,1,45110,G,도매 및 소매업,45,자동차 및 부품 판매업,451,자동차 판매업,4511,자동차 신품 판매업,자동차 신품 판매업,4,,중개 매매 알선업,,,
,689,501302,G,도매 및 소매업,50,자동차 및 부품 판매업,501,자동차 판매업,5013,자동차 신품 판매업,자동차 신품 판매업,1,45110,G,도매 및 소매업,45,자동차 및 부품 판매업,451,자동차 판매업,4511,자동차 신품 판매업,자동차 신품 판매업,4,,판매대리,,,
,690,501303,G,도매 및 소매업,50,자동차 및 부품 판매업,501,자동차 판매업,5013,중고 자동차 판매업,중고 자동차 판매업,1,45120,G,도매 및 소매업,45,자동차 및 부품 판매업,451,자동차 판매업,4512,중고 자동차 판매업,중고 자동차 판매업,3,,판매대리,,,
,691,503001,G,도매 및 소매업,50,자동차 및 부품 판매업,503,자동차 부품 및 내장품 판매업,5030,자동차 신품 부품 및 내장품 판매업,자동차 신품 타이어 및 튜브 판매업,1,45211,G,도매 및 소매업,45,자동차 및 부품 판매업,452,자동차 부품 및 내장품 판매업,4521,자동차 신품 부품 및 내장품 판매업,자동차 신품 타이어 및 튜브 판매업,2,2,도매,,,
,692,503002,G,도매 및 소매업,50,자동차 및 부품 판매업,503,자동차 부품 및 내장품 판매업,5030,자동차 신품 부품 및 내장품 판매업,자동차 신품 타이어 및 튜브 판매업,1,45211,G,도매 및 소매업,45,자동차 및 부품 판매업,452,자동차 부품 및 내장품 판매업,4521,자동차 신품 부품 및 내장품 판매업,자동차 신품 타이어 및 튜브 판매업,2,2,소매,,,
,693,503003,G,도매 및 소매업,50,자동차 및 부품 판매업,503,자동차 부품 및 내장품 판매업,5030,자동차 중고 부품 및 내장품 판매업,자동차 중고 부품 및 내장품 판매업,1,45220,G,도매 및 소매업,45,자동차 및 부품 판매업,452,자동차 부품 및 내장품 판매업,4522,자동차 중고 부품 및 내장품 판매업,자동차 중고 부품 및 내장품 판매업,2,2,도매,,,
,694,503004,G,도매 및 소매업,50,자동차 및 부품 판매업,503,자동차 부품 및 내장품 판매업,5030,자동차 중고 부품 및 내장품 판매업,자동차 중고 부품 및 내장품 판매업,1,45220,G,도매 및 소매업,45,자동차 및 부품 판매업,452,자동차 부품 및 내장품 판매업,4522,자동차 중고 부품 및 내장품 판매업,자동차 중고 부품 및 내장품 판매업,2,2,소매,,,
,695,503005,G,도매 및 소매업,50,자동차 및 부품 판매업,503,자동차 부품 및 내장품 판매업,5030,자동차 신품 부품 및 내장품 판매업,기타 자동차 신품 부품 및 내장품 판매업,1,45219,G,도매 및 소매업,45,자동차 및 부품 판매업,452,자동차 부품 및 내장품 판매업,4521,자동차 신품 부품 및 내장품 판매업,기타 자동차 신품 부품 및 내장품 판매업,3,,카인테리어(액세서리),,,
,696,503006,G,도매 및 소매업,50,자동차 및 부품 판매업,503,자동차 부품 및 내장품 판매업,5030,자동차 신품 부품 및 내장품 판매업,자동차용 전용 신품 부품 판매업,1,45212,G,도매 및 소매업,45,자동차 및 부품 판매업,452,자동차 부품 및 내장품 판매업,4521,자동차 신품 부품 및 내장품 판매업,자동차용 전용 신품 부품 판매업,2,2,도매,,,
,697,503007,G,도매 및 소매업,50,자동차 및 부품 판매업,503,자동차 부품 및 내장품 판매업,5030,자동차 신품 부품 및 내장품 판매업,자동차 내장용 신품 전기ㆍ전자ㆍ정밀기기 판매업,1,45213,G,도매 및 소매업,45,자동차 및 부품 판매업,452,자동차 부품 및 내장품 판매업,4521,자동차 신품 부품 및 내장품 판매업,자동차 내장용 신품 전기ㆍ전자ㆍ정밀기기 판매업,2,2,도매,,,
,698,503008,G,도매 및 소매업,50,자동차 및 부품 판매업,503,자동차 부품 및 내장품 판매업,5030,자동차 신품 부품 및 내장품 판매업,기타 자동차 신품 부품 및 내장품 판매업,1,45219,G,도매 및 소매업,45,자동차 및 부품 판매업,452,자동차 부품 및 내장품 판매업,4521,자동차 신품 부품 및 내장품 판매업,기타 자동차 신품 부품 및 내장품 판매업,3,2,도매,,,
,699,503009,G,도매 및 소매업,50,자동차 및 부품 판매업,503,자동차 부품 및 내장품 판매업,5030,자동차 신품 부품 및 내장품 판매업,자동차용 전용 신품 부품 판매업,1,45212,G,도매 및 소매업,45,자동차 및 부품 판매업,452,자동차 부품 및 내장품 판매업,4521,자동차 신품 부품 및 내장품 판매업,자동차용 전용 신품 부품 판매업,2,2,소매,,,
,700,503010,G,도매 및 소매업,50,자동차 및 부품 판매업,503,자동차 부품 및 내장품 판매업,5030,자동차 신품 부품 및 내장품 판매업,자동차 내장용 신품 전기ㆍ전자ㆍ정밀기기 판매업,1,45213,G,도매 및 소매업,45,자동차 및 부품 판매업,452,자동차 부품 및 내장품 판매업,4521,자동차 신품 부품 및 내장품 판매업,자동차 내장용 신품 전기ㆍ전자ㆍ정밀기기 판매업,2,2,소매,,,
,701,503013,G,도매 및 소매업,50,자동차 및 부품 판매업,503,자동차 부품 및 내장품 판매업,5030,자동차 신품 부품 및 내장품 판매업,기타 자동차 신품 부품 및 내장품 판매업,1,45219,G,도매 및 소매업,45,자동차 및 부품 판매업,452,자동차 부품 및 내장품 판매업,4521,자동차 신품 부품 및 내장품 판매업,기타 자동차 신품 부품 및 내장품 판매업,3,2,소매,,,
,702,504001,G,도매 및 소매업,50,자동차 및 부품 판매업,504,모터사이클 및 부품 판매업,5040,모터사이클 및 부품 판매업,모터사이클 및 부품 도매업,1,45301,G,도매 및 소매업,45,자동차 및 부품 판매업,453,모터사이클 및 부품 판매업,4530,모터사이클 및 부품 판매업,모터사이클 및 부품 도매업,1,,,,,
,703,504002,G,도매 및 소매업,50,자동차 및 부품 판매업,504,모터사이클 및 부품 판매업,5040,모터사이클 및 부품 판매업,모터사이클 및 부품 소매업,1,45302,G,도매 및 소매업,45,자동차 및 부품 판매업,453,모터사이클 및 부품 판매업,4530,모터사이클 및 부품 판매업,모터사이클 및 부품 소매업,1,,,,,
,704,505001,G,도매 및 소매업,50,소매업; 자동차 제외,505,연료 소매업,5050,운송장비용 연료 소매업,운송장비용 주유소 운영업,1,47711,G,도매 및 소매업,47,소매업; 자동차 제외,477,연료 소매업,4771,운송장비용 연료 소매업,운송장비용 주유소 운영업,1,,,,,
,705,505002,G,도매 및 소매업,50,소매업; 자동차 제외,505,연료 소매업,5050,운송장비용 연료 소매업,운송장비용 수소 충전업,2,47712,G,도매 및 소매업,47,소매업; 자동차 제외,477,연료 소매업,4771,운송장비용 연료 소매업,운송장비용 수소 충전업,1,,,,,
,705,505002,G,도매 및 소매업,50,소매업; 자동차 제외,505,연료 소매업,5050,운송장비용 연료 소매업,운송장비용 기타 가스 충전업,2,47713,G,도매 및 소매업,47,소매업; 자동차 제외,477,연료 소매업,4771,운송장비용 연료 소매업,운송장비용 기타 가스 충전업,1,,,,,
,706,511111,G,도매 및 소매업,51,도매 및 상품 중개업,511,상품 중개업,5111,상품 중개업,"산업용 농ㆍ축산물, 섬유 원료 및 동물 중개업",1,46101,G,도매 및 소매업,46,도매 및 상품 중개업,461,상품 중개업,4610,상품 중개업,"산업용 농ㆍ축산물, 섬유 원료 및 동물 중개업",3,1,,,,
,707,511112,G,도매 및 소매업,51,도매 및 상품 중개업,511,상품 중개업,5111,상품 중개업,"산업용 농ㆍ축산물, 섬유 원료 및 동물 중개업",1,46101,G,도매 및 소매업,46,도매 및 상품 중개업,461,상품 중개업,4610,상품 중개업,"산업용 농ㆍ축산물, 섬유 원료 및 동물 중개업",3,,법정도매시장 중매인,,,
,708,511113,G,도매 및 소매업,51,도매 및 상품 중개업,511,상품 중개업,5111,상품 중개업,음ㆍ식료품 및 담배 중개업,1,46102,G,도매 및 소매업,46,도매 및 상품 중개업,461,상품 중개업,4610,상품 중개업,음ㆍ식료품 및 담배 중개업,7,,위탁판매,,,
,709,511114,G,도매 및 소매업,51,도매 및 상품 중개업,511,상품 중개업,5111,상품 중개업,음ㆍ식료품 및 담배 중개업,1,46102,G,도매 및 소매업,46,도매 및 상품 중개업,461,상품 중개업,4610,상품 중개업,음ㆍ식료품 및 담배 중개업,7,,위탁매매(수산물),,,
,710,511115,G,도매 및 소매업,51,도매 및 상품 중개업,511,상품 중개업,5111,상품 중개업,"섬유, 의복, 신발 및 가죽제품 중개업",6,46103,G,도매 및 소매업,46,도매 및 상품 중개업,461,상품 중개업,4610,상품 중개업,"섬유, 의복, 신발 및 가죽제품 중개업",6,1,,,,
,710,511115,G,도매 및 소매업,51,도매 및 상품 중개업,511,상품 중개업,5111,상품 중개업,목재 및 건축자재 중개업,6,46104,G,도매 및 소매업,46,도매 및 상품 중개업,461,상품 중개업,4610,상품 중개업,목재 및 건축자재 중개업,6,1,,,,
,710,511115,G,도매 및 소매업,51,도매 및 상품 중개업,511,상품 중개업,5111,상품 중개업,"연료, 광물, 1차 금속, 비료 및 화학제품 중개업",6,46105,G,도매 및 소매업,46,도매 및 상품 중개업,461,상품 중개업,4610,상품 중개업,"연료, 광물, 1차 금속, 비료 및 화학제품 중개업",6,1,,,,
,710,511115,G,도매 및 소매업,51,도매 및 상품 중개업,511,상품 중개업,5111,상품 중개업,기계 및 장비 중개업,6,46106,G,도매 및 소매업,46,도매 및 상품 중개업,461,상품 중개업,4610,상품 중개업,기계 및 장비 중개업,6,1,,,,
,710,511115,G,도매 및 소매업,51,도매 및 상품 중개업,511,상품 중개업,5111,상품 중개업,그 외 기타 특정 상품 중개업,6,46107,G,도매 및 소매업,46,도매 및 상품 중개업,461,상품 중개업,4610,상품 중개업,그 외 기타 특정 상품 중개업,3,1,,,,
,710,511115,G,도매 및 소매업,51,도매 및 상품 중개업,511,상품 중개업,5111,상품 중개업,상품 종합 중개업,6,46109,G,도매 및 소매업,46,도매 및 상품 중개업,461,상품 중개업,4610,상품 중개업,상품 종합 중개업,5,1,,,,
,711,511116,G,도매 및 소매업,51,도매 및 상품 중개업,511,상품 중개업,5111,상품 중개업,"섬유, 의복, 신발 및 가죽제품 중개업",5,46103,G,도매 및 소매업,46,도매 및 상품 중개업,461,상품 중개업,4610,상품 중개업,"섬유, 의복, 신발 및 가죽제품 중개업",6,,수출주선,,,
,711,511116,G,도매 및 소매업,51,도매 및 상품 중개업,511,상품 중개업,5111,상품 중개업,목재 및 건축자재 중개업,5,46104,G,도매 및 소매업,46,도매 및 상품 중개업,461,상품 중개업,4610,상품 중개업,목재 및 건축자재 중개업,6,,수출주선,,,
,711,511116,G,도매 및 소매업,51,도매 및 상품 중개업,511,상품 중개업,5111,상품 중개업,"연료, 광물, 1차 금속, 비료 및 화학제품 중개업",5,46105,G,도매 및 소매업,46,도매 및 상품 중개업,461,상품 중개업,4610,상품 중개업,"연료, 광물, 1차 금속, 비료 및 화학제품 중개업",6,,수출주선,,,
,711,511116,G,도매 및 소매업,51,도매 및 상품 중개업,511,상품 중개업,5111,상품 중개업,기계 및 장비 중개업,5,46106,G,도매 및 소매업,46,도매 및 상품 중개업,461,상품 중개업,4610,상품 중개업,기계 및 장비 중개업,6,,수출주선,,,
,711,511116,G,도매 및 소매업,51,도매 및 상품 중개업,511,상품 중개업,5111,상품 중개업,상품 종합 중개업,5,46109,G,도매 및 소매업,46,도매 및 상품 중개업,461,상품 중개업,4610,상품 중개업,상품 종합 중개업,5,,수출주선,,,
,712,511117,G,도매 및 소매업,51,도매 및 상품 중개업,511,상품 중개업,5111,상품 중개업,"섬유, 의복, 신발 및 가죽제품 중개업",5,46103,G,도매 및 소매업,46,도매 및 상품 중개업,461,상품 중개업,4610,상품 중개업,"섬유, 의복, 신발 및 가죽제품 중개업",6,,기타주선,,,
,712,511117,G,도매 및 소매업,51,도매 및 상품 중개업,511,상품 중개업,5111,상품 중개업,목재 및 건축자재 중개업,5,46104,G,도매 및 소매업,46,도매 및 상품 중개업,461,상품 중개업,4610,상품 중개업,목재 및 건축자재 중개업,6,,기타주선,,,
,712,511117,G,도매 및 소매업,51,도매 및 상품 중개업,511,상품 중개업,5111,상품 중개업,"연료, 광물, 1차 금속, 비료 및 화학제품 중개업",5,46105,G,도매 및 소매업,46,도매 및 상품 중개업,461,상품 중개업,4610,상품 중개업,"연료, 광물, 1차 금속, 비료 및 화학제품 중개업",6,,기타주선,,,
,712,511117,G,도매 및 소매업,51,도매 및 상품 중개업,511,상품 중개업,5111,상품 중개업,기계 및 장비 중개업,5,46106,G,도매 및 소매업,46,도매 및 상품 중개업,461,상품 중개업,4610,상품 중개업,기계 및 장비 중개업,6,,기타주선,,,
,712,511117,G,도매 및 소매업,51,도매 및 상품 중개업,511,상품 중개업,5111,상품 중개업,그 외 기타 특정 상품 중개업,5,46107,G,도매 및 소매업,46,도매 및 상품 중개업,461,상품 중개업,4610,상품 중개업,그 외 기타 특정 상품 중개업,3,,기타주선,,,
,713,511118,G,도매 및 소매업,51,도매 및 상품 중개업,511,상품 중개업,5111,상품 중개업,음ㆍ식료품 및 담배 중개업,1,46102,G,도매 및 소매업,46,도매 및 상품 중개업,461,상품 중개업,4610,상품 중개업,음ㆍ식료품 및 담배 중개업,7,,위탁판매,,,
,714,511119,G,도매 및 소매업,51,도매 및 상품 중개업,511,상품 중개업,5111,상품 중개업,"섬유, 의복, 신발 및 가죽제품 중개업",5,46103,G,도매 및 소매업,46,도매 및 상품 중개업,461,상품 중개업,4610,상품 중개업,"섬유, 의복, 신발 및 가죽제품 중개업",6,,상품대리,,,
,714,511119,G,도매 및 소매업,51,도매 및 상품 중개업,511,상품 중개업,5111,상품 중개업,목재 및 건축자재 중개업,5,46104,G,도매 및 소매업,46,도매 및 상품 중개업,461,상품 중개업,4610,상품 중개업,목재 및 건축자재 중개업,6,,상품대리,,,
,714,511119,G,도매 및 소매업,51,도매 및 상품 중개업,511,상품 중개업,5111,상품 중개업,"연료, 광물, 1차 금속, 비료 및 화학제품 중개업",5,46105,G,도매 및 소매업,46,도매 및 상품 중개업,461,상품 중개업,4610,상품 중개업,"연료, 광물, 1차 금속, 비료 및 화학제품 중개업",6,,상품대리,,,
,714,511119,G,도매 및 소매업,51,도매 및 상품 중개업,511,상품 중개업,5111,상품 중개업,기계 및 장비 중개업,5,46106,G,도매 및 소매업,46,도매 및 상품 중개업,461,상품 중개업,4610,상품 중개업,기계 및 장비 중개업,6,,상품대리,,,
,714,511119,G,도매 및 소매업,51,도매 및 상품 중개업,511,상품 중개업,5111,상품 중개업,상품 종합 중개업,5,46109,G,도매 및 소매업,46,도매 및 상품 중개업,461,상품 중개업,4610,상품 중개업,상품 종합 중개업,5,,상품대리,,,
,715,511121,G,도매 및 소매업,51,도매 및 상품 중개업,511,상품 중개업,5111,상품 중개업,음ㆍ식료품 및 담배 중개업,1,46102,G,도매 및 소매업,46,도매 및 상품 중개업,461,상품 중개업,4610,상품 중개업,음ㆍ식료품 및 담배 중개업,7,,"위탁판매(아동용 급식빵, 우유보급)",,,
,716,511122,G,도매 및 소매업,51,도매 및 상품 중개업,511,상품 중개업,5111,상품 중개업,음ㆍ식료품 및 담배 중개업,1,46102,G,도매 및 소매업,46,도매 및 상품 중개업,461,상품 중개업,4610,상품 중개업,음ㆍ식료품 및 담배 중개업,7,1,,,,
,717,511123,G,도매 및 소매업,51,도매 및 상품 중개업,511,상품 중개업,5111,상품 중개업,음ㆍ식료품 및 담배 중개업,1,46102,G,도매 및 소매업,46,도매 및 상품 중개업,461,상품 중개업,4610,상품 중개업,음ㆍ식료품 및 담배 중개업,7,,법정도매시장 중매인,,,
,718,512111,G,도매 및 소매업,51,도매 및 상품 중개업,512,산업용 농ㆍ축산물 및 동ㆍ식물 도매업,5121,산업용 농ㆍ축산물 및 동ㆍ식물 도매업,곡물 및 유지작물 도매업,1,46201,G,도매 및 소매업,46,도매 및 상품 중개업,462,산업용 농ㆍ축산물 및 동ㆍ식물 도매업,4620,산업용 농ㆍ축산물 및 동ㆍ식물 도매업,곡물 및 유지작물 도매업,3,2,식량작물,,,
,719,512112,G,도매 및 소매업,51,도매 및 상품 중개업,512,산업용 농ㆍ축산물 및 동ㆍ식물 도매업,5121,산업용 농ㆍ축산물 및 동ㆍ식물 도매업,곡물 및 유지작물 도매업,1,46201,G,도매 및 소매업,46,도매 및 상품 중개업,462,산업용 농ㆍ축산물 및 동ㆍ식물 도매업,4620,산업용 농ㆍ축산물 및 동ㆍ식물 도매업,곡물 및 유지작물 도매업,3,,법정도매시장 중도매인,,,
,720,512113,G,도매 및 소매업,51,도매 및 상품 중개업,512,산업용 농ㆍ축산물 및 동ㆍ식물 도매업,5121,산업용 농ㆍ축산물 및 동ㆍ식물 도매업,종자 및 묘목 도매업,1,46202,G,도매 및 소매업,46,도매 및 상품 중개업,462,산업용 농ㆍ축산물 및 동ㆍ식물 도매업,4620,산업용 농ㆍ축산물 및 동ㆍ식물 도매업,종자 및 묘목 도매업,2,2,종자,,,
,721,512116,G,도매 및 소매업,51,도매 및 상품 중개업,512,음ㆍ식료품 및 담배 도매업,5121,가공식품 도매업,기타 가공식품 도매업,1,46329,G,도매 및 소매업,46,도매 및 상품 중개업,463,음ㆍ식료품 및 담배 도매업,4632,가공식품 도매업,기타 가공식품 도매업,8,2,곡물가루,,,
,722,512119,G,도매 및 소매업,51,도매 및 상품 중개업,512,산업용 농ㆍ축산물 및 동ㆍ식물 도매업,5121,산업용 농ㆍ축산물 및 동ㆍ식물 도매업,곡물 및 유지작물 도매업,1,46201,G,도매 및 소매업,46,도매 및 상품 중개업,462,산업용 농ㆍ축산물 및 동ㆍ식물 도매업,4620,산업용 농ㆍ축산물 및 동ㆍ식물 도매업,곡물 및 유지작물 도매업,3,2,유지작물,,,
,723,512120,G,도매 및 소매업,51,도매 및 상품 중개업,512,산업용 농ㆍ축산물 및 동ㆍ식물 도매업,5121,산업용 농ㆍ축산물 및 동ㆍ식물 도매업,사료 도매업,1,46203,G,도매 및 소매업,46,도매 및 상품 중개업,462,산업용 농ㆍ축산물 및 동ㆍ식물 도매업,4620,산업용 농ㆍ축산물 및 동ㆍ식물 도매업,사료 도매업,1,,,,,
,724,512131,G,도매 및 소매업,51,도매 및 상품 중개업,512,산업용 농ㆍ축산물 및 동ㆍ식물 도매업,5121,산업용 농ㆍ축산물 및 동ㆍ식물 도매업,화훼류 및 식물 도매업,1,46204,G,도매 및 소매업,46,도매 및 상품 중개업,462,산업용 농ㆍ축산물 및 동ㆍ식물 도매업,4620,산업용 농ㆍ축산물 및 동ㆍ식물 도매업,화훼류 및 식물 도매업,3,2,"과실수, 관상수",,,
,725,512132,G,도매 및 소매업,51,도매 및 상품 중개업,512,산업용 농ㆍ축산물 및 동ㆍ식물 도매업,5121,산업용 농ㆍ축산물 및 동ㆍ식물 도매업,화훼류 및 식물 도매업,1,46204,G,도매 및 소매업,46,도매 및 상품 중개업,462,산업용 농ㆍ축산물 및 동ㆍ식물 도매업,4620,산업용 농ㆍ축산물 및 동ㆍ식물 도매업,화훼류 및 식물 도매업,3,2,화초,,,
,726,512133,G,도매 및 소매업,51,도매 및 상품 중개업,512,산업용 농ㆍ축산물 및 동ㆍ식물 도매업,5121,산업용 농ㆍ축산물 및 동ㆍ식물 도매업,화훼류 및 식물 도매업,1,46204,G,도매 및 소매업,46,도매 및 상품 중개업,462,산업용 농ㆍ축산물 및 동ㆍ식물 도매업,4620,산업용 농ㆍ축산물 및 동ㆍ식물 도매업,화훼류 및 식물 도매업,3,,생화(법정도매시장),,,
,727,512135,G,도매 및 소매업,51,도매 및 상품 중개업,512,산업용 농ㆍ축산물 및 동ㆍ식물 도매업,5121,산업용 농ㆍ축산물 및 동ㆍ식물 도매업,종자 및 묘목 도매업,1,46202,G,도매 및 소매업,46,도매 및 상품 중개업,462,산업용 농ㆍ축산물 및 동ㆍ식물 도매업,4620,산업용 농ㆍ축산물 및 동ㆍ식물 도매업,종자 및 묘목 도매업,2,2,묘목,,,
,728,512140,G,도매 및 소매업,51,도매 및 상품 중개업,512,산업용 농ㆍ축산물 및 동ㆍ식물 도매업,5121,산업용 농ㆍ축산물 및 동ㆍ식물 도매업,육지동물 및 반려동물도매업,1,46205,G,도매 및 소매업,46,도매 및 상품 중개업,462,산업용 농ㆍ축산물 및 동ㆍ식물 도매업,4620,산업용 농ㆍ축산물 및 동ㆍ식물 도매업,육지동물 및 반려동물도매업,2,1,,,,
,729,512190,G,도매 및 소매업,51,도매 및 상품 중개업,512,산업용 농ㆍ축산물 및 동ㆍ식물 도매업,5121,산업용 농ㆍ축산물 및 동ㆍ식물 도매업,기타 산업용 농산물 도매업,1,46209,G,도매 및 소매업,46,도매 및 상품 중개업,462,산업용 농ㆍ축산물 및 동ㆍ식물 도매업,4620,산업용 농ㆍ축산물 및 동ㆍ식물 도매업,기타 산업용 농산물 도매업,3,1,,,,
,730,512192,G,도매 및 소매업,51,도매 및 상품 중개업,512,산업용 농ㆍ축산물 및 동ㆍ식물 도매업,5121,산업용 농ㆍ축산물 및 동ㆍ식물 도매업,육지동물 및 반려동물도매업,1,46205,G,도매 및 소매업,46,도매 및 상품 중개업,462,산업용 농ㆍ축산물 및 동ㆍ식물 도매업,4620,산업용 농ㆍ축산물 및 동ㆍ식물 도매업,육지동물 및 반려동물도매업,2,,관상용 열대어 등,,,
,731,512211,G,도매 및 소매업,51,도매 및 상품 중개업,512,음ㆍ식료품 및 담배 도매업,5122,신선 식품 및 단순 가공 식품 도매업,과실류 도매업,1,46311,G,도매 및 소매업,46,도매 및 상품 중개업,463,음ㆍ식료품 및 담배 도매업,4631,신선 식품 및 단순 가공 식품 도매업,과실류 도매업,2,1,,,,
,732,512212,G,도매 및 소매업,51,도매 및 상품 중개업,512,음ㆍ식료품 및 담배 도매업,5122,신선 식품 및 단순 가공 식품 도매업,"채소류, 서류 및 향신작물류 도매업",1,46312,G,도매 및 소매업,46,도매 및 상품 중개업,463,음ㆍ식료품 및 담배 도매업,4631,신선 식품 및 단순 가공 식품 도매업,"채소류, 서류 및 향신작물류 도매업",2,1,,,,
,733,512214,G,도매 및 소매업,51,도매 및 상품 중개업,512,음ㆍ식료품 및 담배 도매업,5122,신선 식품 및 단순 가공 식품 도매업,과실류 도매업,1,46311,G,도매 및 소매업,46,도매 및 상품 중개업,463,음ㆍ식료품 및 담배 도매업,4631,신선 식품 및 단순 가공 식품 도매업,과실류 도매업,2,,과실(법정도매시장),,,
,734,512215,G,도매 및 소매업,51,도매 및 상품 중개업,512,음ㆍ식료품 및 담배 도매업,5122,신선 식품 및 단순 가공 식품 도매업,"채소류, 서류 및 향신작물류 도매업",1,46312,G,도매 및 소매업,46,도매 및 상품 중개업,463,음ㆍ식료품 및 담배 도매업,4631,신선 식품 및 단순 가공 식품 도매업,"채소류, 서류 및 향신작물류 도매업",2,,채소(법정도매시장),,,
,735,512221,G,도매 및 소매업,51,도매 및 상품 중개업,512,산업용 농ㆍ축산물 및 동ㆍ식물 도매업,5122,산업용 농ㆍ축산물 및 동ㆍ식물 도매업,기타 산업용 농산물 도매업,1,46209,G,도매 및 소매업,46,도매 및 상품 중개업,462,산업용 농ㆍ축산물 및 동ㆍ식물 도매업,4620,산업용 농ㆍ축산물 및 동ㆍ식물 도매업,기타 산업용 농산물 도매업,3,,임산물(일반),,,
,736,512222,G,도매 및 소매업,51,도매 및 상품 중개업,512,산업용 농ㆍ축산물 및 동ㆍ식물 도매업,5122,산업용 농ㆍ축산물 및 동ㆍ식물 도매업,기타 산업용 농산물 도매업,1,46209,G,도매 및 소매업,46,도매 및 상품 중개업,462,산업용 농ㆍ축산물 및 동ㆍ식물 도매업,4620,산업용 농ㆍ축산물 및 동ㆍ식물 도매업,기타 산업용 농산물 도매업,3,,임산물(법정도매시장),,,
,737,512223,G,도매 및 소매업,51,도매 및 상품 중개업,512,음ㆍ식료품 및 담배 도매업,5122,신선 식품 및 단순 가공 식품 도매업,육류 도매업,1,46313,G,도매 및 소매업,46,도매 및 상품 중개업,463,음ㆍ식료품 및 담배 도매업,4631,신선 식품 및 단순 가공 식품 도매업,육류 도매업,2,1,,,,
,738,512224,G,도매 및 소매업,51,도매 및 상품 중개업,512,음ㆍ식료품 및 담배 도매업,5122,신선 식품 및 단순 가공 식품 도매업,육류 도매업,1,46313,G,도매 및 소매업,46,도매 및 상품 중개업,463,음ㆍ식료품 및 담배 도매업,4631,신선 식품 및 단순 가공 식품 도매업,육류 도매업,2,,축산물(법정도매시장),,,
,739,512231,G,도매 및 소매업,51,도매 및 상품 중개업,512,음ㆍ식료품 및 담배 도매업,5122,신선 식품 및 단순 가공 식품 도매업,"신선, 냉동 및 기타 수산물 도매업",1,46315,G,도매 및 소매업,46,도매 및 상품 중개업,463,음ㆍ식료품 및 담배 도매업,4631,신선 식품 및 단순 가공 식품 도매업,"신선, 냉동 및 기타 수산물 도매업",4,2,생선(일반),,,
,740,512232,G,도매 및 소매업,51,도매 및 상품 중개업,512,음ㆍ식료품 및 담배 도매업,5122,신선 식품 및 단순 가공 식품 도매업,"신선, 냉동 및 기타 수산물 도매업",1,46315,G,도매 및 소매업,46,도매 및 상품 중개업,463,음ㆍ식료품 및 담배 도매업,4631,신선 식품 및 단순 가공 식품 도매업,"신선, 냉동 및 기타 수산물 도매업",4,2,냉동수산물(일반),,,
,741,512233,G,도매 및 소매업,51,도매 및 상품 중개업,512,음ㆍ식료품 및 담배 도매업,5122,신선 식품 및 단순 가공 식품 도매업,건어물 및 젓갈류 도매업,1,46314,G,도매 및 소매업,46,도매 및 상품 중개업,463,음ㆍ식료품 및 담배 도매업,4631,신선 식품 및 단순 가공 식품 도매업,건어물 및 젓갈류 도매업,2,1,,,,
,742,512234,G,도매 및 소매업,51,도매 및 상품 중개업,512,음ㆍ식료품 및 담배 도매업,5122,신선 식품 및 단순 가공 식품 도매업,"신선, 냉동 및 기타 수산물 도매업",1,46315,G,도매 및 소매업,46,도매 및 상품 중개업,463,음ㆍ식료품 및 담배 도매업,4631,신선 식품 및 단순 가공 식품 도매업,"신선, 냉동 및 기타 수산물 도매업",4,,생선(법정도매시장),,,
,743,512235,G,도매 및 소매업,51,도매 및 상품 중개업,512,음ㆍ식료품 및 담배 도매업,5122,신선 식품 및 단순 가공 식품 도매업,"신선, 냉동 및 기타 수산물 도매업",1,46315,G,도매 및 소매업,46,도매 및 상품 중개업,463,음ㆍ식료품 및 담배 도매업,4631,신선 식품 및 단순 가공 식품 도매업,"신선, 냉동 및 기타 수산물 도매업",4,,냉동수산물(법정도매시장),,,
,744,512236,G,도매 및 소매업,51,도매 및 상품 중개업,512,음ㆍ식료품 및 담배 도매업,5122,신선 식품 및 단순 가공 식품 도매업,건어물 및 젓갈류 도매업,1,46314,G,도매 및 소매업,46,도매 및 상품 중개업,463,음ㆍ식료품 및 담배 도매업,4631,신선 식품 및 단순 가공 식품 도매업,건어물 및 젓갈류 도매업,2,,기타수산물(법정도매시장),,,
,745,512241,G,도매 및 소매업,51,도매 및 상품 중개업,512,음ㆍ식료품 및 담배 도매업,5122,가공식품 도매업,"빵류, 과자류, 당류, 초콜릿 도매업",1,46323,G,도매 및 소매업,46,도매 및 상품 중개업,463,음ㆍ식료품 및 담배 도매업,4632,가공식품 도매업,"빵류, 과자류, 당류, 초콜릿 도매업",4,2,당류,,,
,746,512242,G,도매 및 소매업,51,도매 및 상품 중개업,512,음ㆍ식료품 및 담배 도매업,5122,가공식품 도매업,"빵류, 과자류, 당류, 초콜릿 도매업",1,46323,G,도매 및 소매업,46,도매 및 상품 중개업,463,음ㆍ식료품 및 담배 도매업,4632,가공식품 도매업,"빵류, 과자류, 당류, 초콜릿 도매업",4,2,빵류(식빵 등),,,
,747,512243,G,도매 및 소매업,51,도매 및 상품 중개업,512,음ㆍ식료품 및 담배 도매업,5122,가공식품 도매업,"빵류, 과자류, 당류, 초콜릿 도매업",1,46323,G,도매 및 소매업,46,도매 및 상품 중개업,463,음ㆍ식료품 및 담배 도매업,4632,가공식품 도매업,"빵류, 과자류, 당류, 초콜릿 도매업",4,2,"고급빵류(케이크, 피자 등)",,,
,748,512244,G,도매 및 소매업,51,도매 및 상품 중개업,512,음ㆍ식료품 및 담배 도매업,5122,가공식품 도매업,"빵류, 과자류, 당류, 초콜릿 도매업",1,46323,G,도매 및 소매업,46,도매 및 상품 중개업,463,음ㆍ식료품 및 담배 도매업,4632,가공식품 도매업,"빵류, 과자류, 당류, 초콜릿 도매업",4,2,"과자류, 초코릿",,,
,749,512245,G,도매 및 소매업,51,도매 및 상품 중개업,512,음ㆍ식료품 및 담배 도매업,5122,가공식품 도매업,낙농품 및 동ㆍ식물성 유지 도매업,1,46324,G,도매 및 소매업,46,도매 및 상품 중개업,463,음ㆍ식료품 및 담배 도매업,4632,가공식품 도매업,낙농품 및 동ㆍ식물성 유지 도매업,6,,식용 빙과,,,
,750,512251,G,도매 및 소매업,51,도매 및 상품 중개업,512,음ㆍ식료품 및 담배 도매업,5122,음료 및 담배 도매업,주류 도매업,1,46331,G,도매 및 소매업,46,도매 및 상품 중개업,463,음ㆍ식료품 및 담배 도매업,4633,음료 및 담배 도매업,주류 도매업,2,,"약주, 탁주",,,
,751,512252,G,도매 및 소매업,51,도매 및 상품 중개업,512,음ㆍ식료품 및 담배 도매업,5122,음료 및 담배 도매업,주류 도매업,1,46331,G,도매 및 소매업,46,도매 및 상품 중개업,463,음ㆍ식료품 및 담배 도매업,4633,음료 및 담배 도매업,주류 도매업,2,1,,,,
,752,512260,G,도매 및 소매업,51,도매 및 상품 중개업,512,음ㆍ식료품 및 담배 도매업,5122,음료 및 담배 도매업,비알코올 음료 도매업,1,46332,G,도매 및 소매업,46,도매 및 상품 중개업,463,음ㆍ식료품 및 담배 도매업,4633,음료 및 담배 도매업,비알코올 음료 도매업,1,,,,,
,753,512271,G,도매 및 소매업,51,도매 및 상품 중개업,512,음ㆍ식료품 및 담배 도매업,5122,가공식품 도매업,육류 가공식품 도매업,1,46321,G,도매 및 소매업,46,도매 및 상품 중개업,463,음ㆍ식료품 및 담배 도매업,4632,가공식품 도매업,육류 가공식품 도매업,1,,,,,
,754,512272,G,도매 및 소매업,51,도매 및 상품 중개업,512,음ㆍ식료품 및 담배 도매업,5122,가공식품 도매업,조미료 도매업,1,46326,G,도매 및 소매업,46,도매 및 상품 중개업,463,음ㆍ식료품 및 담배 도매업,4632,가공식품 도매업,조미료 도매업,1,,,,,
,755,512273,G,도매 및 소매업,51,도매 및 상품 중개업,512,음ㆍ식료품 및 담배 도매업,5122,가공식품 도매업,커피 및 차류 도매업,1,46325,G,도매 및 소매업,46,도매 및 상품 중개업,463,음ㆍ식료품 및 담배 도매업,4632,가공식품 도매업,커피 및 차류 도매업,1,,,,,
,756,512274,G,도매 및 소매업,51,도매 및 상품 중개업,512,음ㆍ식료품 및 담배 도매업,5122,가공식품 도매업,기타 가공식품 도매업,1,46329,G,도매 및 소매업,46,도매 및 상품 중개업,463,음ㆍ식료품 및 담배 도매업,4632,가공식품 도매업,기타 가공식품 도매업,8,,라면,,,
,757,512279,G,도매 및 소매업,51,도매 및 상품 중개업,512,음ㆍ식료품 및 담배 도매업,5122,가공식품 도매업,기타 가공식품 도매업,1,46329,G,도매 및 소매업,46,도매 및 상품 중개업,463,음ㆍ식료품 및 담배 도매업,4632,가공식품 도매업,기타 가공식품 도매업,8,2,국수 및 인스턴트면류,,,
,758,512280,G,도매 및 소매업,51,도매 및 상품 중개업,512,음ㆍ식료품 및 담배 도매업,5122,가공식품 도매업,기타 가공식품 도매업,1,46329,G,도매 및 소매업,46,도매 및 상품 중개업,463,음ㆍ식료품 및 담배 도매업,4632,가공식품 도매업,기타 가공식품 도매업,8,2,과실 및 채소 가공식품,,,
,759,512281,G,도매 및 소매업,51,도매 및 상품 중개업,512,음ㆍ식료품 및 담배 도매업,5122,신선 식품 및 단순 가공 식품 도매업,기타 신선 식품 및 단순 가공 식품 도매업,1,46319,G,도매 및 소매업,46,도매 및 상품 중개업,463,음ㆍ식료품 및 담배 도매업,4631,신선 식품 및 단순 가공 식품 도매업,기타 신선 식품 및 단순 가공 식품 도매업,1,,,,,
,760,512282,G,도매 및 소매업,51,도매 및 상품 중개업,512,음ㆍ식료품 및 담배 도매업,5122,가공식품 도매업,낙농품 및 동ㆍ식물성 유지 도매업,1,46324,G,도매 및 소매업,46,도매 및 상품 중개업,463,음ㆍ식료품 및 담배 도매업,4632,가공식품 도매업,낙농품 및 동ㆍ식물성 유지 도매업,6,2,"연유, 시유(양유포함)",,,
,761,512283,G,도매 및 소매업,51,도매 및 상품 중개업,512,음ㆍ식료품 및 담배 도매업,5122,가공식품 도매업,낙농품 및 동ㆍ식물성 유지 도매업,1,46324,G,도매 및 소매업,46,도매 및 상품 중개업,463,음ㆍ식료품 및 담배 도매업,4632,가공식품 도매업,낙농품 및 동ㆍ식물성 유지 도매업,6,2,식물성 유지,,,
,762,512284,G,도매 및 소매업,51,도매 및 상품 중개업,512,음ㆍ식료품 및 담배 도매업,5122,가공식품 도매업,기타 가공식품 도매업,1,46329,G,도매 및 소매업,46,도매 및 상품 중개업,463,음ㆍ식료품 및 담배 도매업,4632,가공식품 도매업,기타 가공식품 도매업,8,2,"기타(전분, 만두, 물엿 등)",,,
,763,512285,G,도매 및 소매업,51,도매 및 상품 중개업,512,음ㆍ식료품 및 담배 도매업,5122,가공식품 도매업,낙농품 및 동ㆍ식물성 유지 도매업,1,46324,G,도매 및 소매업,46,도매 및 상품 중개업,463,음ㆍ식료품 및 담배 도매업,4632,가공식품 도매업,낙농품 및 동ㆍ식물성 유지 도매업,6,2,동물성 유지,,,
,764,512286,G,도매 및 소매업,51,도매 및 상품 중개업,512,음ㆍ식료품 및 담배 도매업,5122,음료 및 담배 도매업,담배 도매업,1,46333,G,도매 및 소매업,46,도매 및 상품 중개업,463,음ㆍ식료품 및 담배 도매업,4633,음료 및 담배 도매업,담배 도매업,1,,,,,
,765,512287,G,도매 및 소매업,51,도매 및 상품 중개업,512,음ㆍ식료품 및 담배 도매업,5122,가공식품 도매업,기타 가공식품 도매업,1,46329,G,도매 및 소매업,46,도매 및 상품 중개업,463,음ㆍ식료품 및 담배 도매업,4632,가공식품 도매업,기타 가공식품 도매업,8,2,조제건강식품,,,
,766,512288,G,도매 및 소매업,51,도매 및 상품 중개업,512,음ㆍ식료품 및 담배 도매업,5122,가공식품 도매업,기타 가공식품 도매업,1,46329,G,도매 및 소매업,46,도매 및 상품 중개업,463,음ㆍ식료품 및 담배 도매업,4632,가공식품 도매업,기타 가공식품 도매업,8,,인삼제품,,,
,767,512289,G,도매 및 소매업,51,도매 및 상품 중개업,512,음ㆍ식료품 및 담배 도매업,5122,가공식품 도매업,수산물 가공식품 도매업,1,46322,G,도매 및 소매업,46,도매 및 상품 중개업,463,음ㆍ식료품 및 담배 도매업,4632,가공식품 도매업,수산물 가공식품 도매업,1,,,,,
,768,512290,G,도매 및 소매업,51,도매 및 상품 중개업,512,음ㆍ식료품 및 담배 도매업,5122,가공식품 도매업,낙농품 및 동ㆍ식물성 유지 도매업,1,46324,G,도매 및 소매업,46,도매 및 상품 중개업,463,음ㆍ식료품 및 담배 도매업,4632,가공식품 도매업,낙농품 및 동ㆍ식물성 유지 도매업,6,,분유,,,
,769,512293,R,"예술, 스포츠 및 여가관련 서비스업",51,스포츠 및 오락관련 서비스업,512,유원지 및 기타 오락관련 서비스업,5122,사행시설 관리 및 운영업,복권 발행 및 판매업,1,91241,R,"예술, 스포츠 및 여가관련 서비스업",91,스포츠 및 오락관련 서비스업,912,유원지 및 기타 오락관련 서비스업,9124,사행시설 관리 및 운영업,복권 발행 및 판매업,3,2,복권(도매),,,
,770,512294,G,도매 및 소매업,51,도매 및 상품 중개업,512,음ㆍ식료품 및 담배 도매업,5122,가공식품 도매업,낙농품 및 동ㆍ식물성 유지 도매업,1,46324,G,도매 및 소매업,46,도매 및 상품 중개업,463,음ㆍ식료품 및 담배 도매업,4632,가공식품 도매업,낙농품 및 동ㆍ식물성 유지 도매업,6,,발효유(야쿠르트) 및 치즈,,,
,771,512295,G,도매 및 소매업,51,도매 및 상품 중개업,512,음ㆍ식료품 및 담배 도매업,5122,가공식품 도매업,기타 가공식품 도매업,1,46329,G,도매 및 소매업,46,도매 및 상품 중개업,463,음ㆍ식료품 및 담배 도매업,4632,가공식품 도매업,기타 가공식품 도매업,8,,"김치, 단무지",,,
,772,513111,G,도매 및 소매업,51,도매 및 상품 중개업,513,생활용품 도매업,5131,"생활용 섬유제품, 의복, 의복 액세서리 및 모피제품 도매업",생활용 섬유 및 실 도매업,1,46411,G,도매 및 소매업,46,도매 및 상품 중개업,464,생활용품 도매업,4641,"생활용 섬유제품, 의복, 의복 액세서리 및 모피제품 도매업",생활용 섬유 및 실 도매업,1,,,,,
,773,513112,G,도매 및 소매업,51,도매 및 상품 중개업,513,생활용품 도매업,5131,"생활용 섬유제품, 의복, 의복 액세서리 및 모피제품 도매업",커튼 및 침구용품 도매업,1,46412,G,도매 및 소매업,46,도매 및 상품 중개업,464,생활용품 도매업,4641,"생활용 섬유제품, 의복, 의복 액세서리 및 모피제품 도매업",커튼 및 침구용품 도매업,2,2,침구용품,,,
,774,513113,G,도매 및 소매업,51,도매 및 상품 중개업,513,생활용품 도매업,5131,"생활용 섬유제품, 의복, 의복 액세서리 및 모피제품 도매업",커튼 및 침구용품 도매업,1,46412,G,도매 및 소매업,46,도매 및 상품 중개업,464,생활용품 도매업,4641,"생활용 섬유제품, 의복, 의복 액세서리 및 모피제품 도매업",커튼 및 침구용품 도매업,2,2,커튼,,,
,775,513119,G,도매 및 소매업,51,도매 및 상품 중개업,513,생활용품 도매업,5131,"생활용 섬유제품, 의복, 의복 액세서리 및 모피제품 도매업",기타 생활용 섬유 및 직물 제품 도매업,1,46419,G,도매 및 소매업,46,도매 및 상품 중개업,464,생활용품 도매업,4641,"생활용 섬유제품, 의복, 의복 액세서리 및 모피제품 도매업",기타 생활용 섬유 및 직물 제품 도매업,2,1,,,,
,776,513121,G,도매 및 소매업,51,도매 및 상품 중개업,513,생활용품 도매업,5131,"생활용 섬유제품, 의복, 의복 액세서리 및 모피제품 도매업",남녀용 겉옷 및 셔츠 도매업,1,46413,G,도매 및 소매업,46,도매 및 상품 중개업,464,생활용품 도매업,4641,"생활용 섬유제품, 의복, 의복 액세서리 및 모피제품 도매업",남녀용 겉옷 및 셔츠 도매업,2,2,겉옷,,,
,777,513130,G,도매 및 소매업,51,도매 및 상품 중개업,513,생활용품 도매업,5131,"생활용 섬유제품, 의복, 의복 액세서리 및 모피제품 도매업",남녀용 겉옷 및 셔츠 도매업,1,46413,G,도매 및 소매업,46,도매 및 상품 중개업,464,생활용품 도매업,4641,"생활용 섬유제품, 의복, 의복 액세서리 및 모피제품 도매업",남녀용 겉옷 및 셔츠 도매업,2,2,셔츠,,,
,778,513131,G,도매 및 소매업,51,도매 및 상품 중개업,513,생활용품 도매업,5131,"생활용 섬유제품, 의복, 의복 액세서리 및 모피제품 도매업",유아용 의류 도매업,1,46414,G,도매 및 소매업,46,도매 및 상품 중개업,464,생활용품 도매업,4641,"생활용 섬유제품, 의복, 의복 액세서리 및 모피제품 도매업",유아용 의류 도매업,1,,,,,
,779,513132,G,도매 및 소매업,51,도매 및 상품 중개업,513,생활용품 도매업,5131,"생활용 섬유제품, 의복, 의복 액세서리 및 모피제품 도매업",속옷 및 잠옷 도매업,1,46415,G,도매 및 소매업,46,도매 및 상품 중개업,464,생활용품 도매업,4641,"생활용 섬유제품, 의복, 의복 액세서리 및 모피제품 도매업",속옷 및 잠옷 도매업,1,,,,,
,780,513141,G,도매 및 소매업,51,도매 및 상품 중개업,513,생활용품 도매업,5131,신발 도매업,신발 도매업,1,46420,G,도매 및 소매업,46,도매 및 상품 중개업,464,생활용품 도매업,4642,신발 도매업,신발 도매업,1,,,,,
,781,513150,G,도매 및 소매업,51,도매 및 상품 중개업,513,생활용품 도매업,5131,"생활용 섬유제품, 의복, 의복 액세서리 및 모피제품 도매업",가죽 및 모피 제품 도매업,1,46416,G,도매 및 소매업,46,도매 및 상품 중개업,464,생활용품 도매업,4641,"생활용 섬유제품, 의복, 의복 액세서리 및 모피제품 도매업",가죽 및 모피 제품 도매업,1,,,,,
,782,513191,G,도매 및 소매업,51,도매 및 상품 중개업,513,생활용품 도매업,5131,"생활용 섬유제품, 의복, 의복 액세서리 및 모피제품 도매업",의복 액세서리 및 모조 장신구 도매업,1,46417,G,도매 및 소매업,46,도매 및 상품 중개업,464,생활용품 도매업,4641,"생활용 섬유제품, 의복, 의복 액세서리 및 모피제품 도매업",의복 액세서리 및 모조 장신구 도매업,3,2,의복 액세서리,,,
,783,513211,G,도매 및 소매업,51,도매 및 상품 중개업,513,생활용품 도매업,5132,"생활용 가구, 조명기구 및 비전기식 생활용기기 도매업",생활용 가구 도매업,1,46431,G,도매 및 소매업,46,도매 및 상품 중개업,464,생활용품 도매업,4643,"생활용 가구, 조명기구 및 비전기식 생활용기기 도매업",생활용 가구 도매업,2,1,,,,
,784,513221,G,도매 및 소매업,51,도매 및 상품 중개업,513,기계장비 및 관련 물품 도매업,5132,"가전제품, 통신장비 및 부품 도매업",가전제품 및 부품 도매업,1,46521,G,도매 및 소매업,46,도매 및 상품 중개업,465,기계장비 및 관련 물품 도매업,4652,"가전제품, 통신장비 및 부품 도매업",가전제품 및 부품 도매업,2,1,,,,
,785,513230,G,도매 및 소매업,51,도매 및 상품 중개업,513,생활용품 도매업,5132,"생활용 가구, 조명기구 및 비전기식 생활용기기 도매업",생활용 유리ㆍ요업ㆍ목재ㆍ금속 제품 및 날붙이 도매업,1,46433,G,도매 및 소매업,46,도매 및 상품 중개업,464,생활용품 도매업,4643,"생활용 가구, 조명기구 및 비전기식 생활용기기 도매업",생활용 유리ㆍ요업ㆍ목재ㆍ금속 제품 및 날붙이 도매업,4,2,"생활용 목재제품, 주방용 금속제품 등",,,
,786,513231,G,도매 및 소매업,51,도매 및 상품 중개업,513,기계장비 및 관련 물품 도매업,5132,기타 기계 및 장비 도매업,그 외 기타 기계 및 장비 도매업,1,46599,G,도매 및 소매업,46,도매 및 상품 중개업,465,기계장비 및 관련 물품 도매업,4659,기타 기계 및 장비 도매업,그 외 기타 기계 및 장비 도매업,3,,자동판매기,,,
,787,513241,G,도매 및 소매업,51,도매 및 상품 중개업,513,생활용품 도매업,5132,"생활용 가구, 조명기구 및 비전기식 생활용기기 도매업","전구, 램프 및 조명장치 도매업",1,46432,G,도매 및 소매업,46,도매 및 상품 중개업,464,생활용품 도매업,4643,"생활용 가구, 조명기구 및 비전기식 생활용기기 도매업","전구, 램프 및 조명장치 도매업",1,,,,,
,788,513250,G,도매 및 소매업,51,도매 및 상품 중개업,513,생활용품 도매업,5132,"음반 및 비디오물, 악기, 오락 및 경기용품 도매업",악기 도매업,1,46462,G,도매 및 소매업,46,도매 및 상품 중개업,464,생활용품 도매업,4646,"음반 및 비디오물, 악기, 오락 및 경기용품 도매업",악기 도매업,1,,,,,
,789,513253,G,도매 및 소매업,51,도매 및 상품 중개업,513,생활용품 도매업,5132,"음반 및 비디오물, 악기, 오락 및 경기용품 도매업",음반 및 비디오물 도매업,1,46461,G,도매 및 소매업,46,도매 및 상품 중개업,464,생활용품 도매업,4646,"음반 및 비디오물, 악기, 오락 및 경기용품 도매업",음반 및 비디오물 도매업,1,,,,,
,790,513261,G,도매 및 소매업,51,도매 및 상품 중개업,513,생활용품 도매업,5132,"생활용 섬유제품, 의복, 의복 액세서리 및 모피제품 도매업",기타 생활용 섬유 및 직물 제품 도매업,1,46419,G,도매 및 소매업,46,도매 및 상품 중개업,464,생활용품 도매업,4641,"생활용 섬유제품, 의복, 의복 액세서리 및 모피제품 도매업",기타 생활용 섬유 및 직물 제품 도매업,2,,"카펫, 융단, 자리",,,
,791,513263,G,도매 및 소매업,51,도매 및 상품 중개업,513,"건축 자재, 철물 및 난방장치 도매업",5132,기타 건축자재 도매업,벽지 및 장판류 도매업,1,46692,G,도매 및 소매업,46,도매 및 상품 중개업,466,"건축 자재, 철물 및 난방장치 도매업",4669,기타 건축자재 도매업,벽지 및 장판류 도매업,1,,,,,
,792,513271,G,도매 및 소매업,51,도매 및 상품 중개업,513,생활용품 도매업,5132,"생활용 가구, 조명기구 및 비전기식 생활용기기 도매업",생활용 유리ㆍ요업ㆍ목재ㆍ금속 제품 및 날붙이 도매업,1,46433,G,도매 및 소매업,46,도매 및 상품 중개업,464,생활용품 도매업,4643,"생활용 가구, 조명기구 및 비전기식 생활용기기 도매업",생활용 유리ㆍ요업ㆍ목재ㆍ금속 제품 및 날붙이 도매업,4,2,"생활용 요업제품, 유리제품",,,
,793,513272,G,도매 및 소매업,51,도매 및 상품 중개업,513,생활용품 도매업,5132,"생활용 가구, 조명기구 및 비전기식 생활용기기 도매업",생활용 유리ㆍ요업ㆍ목재ㆍ금속 제품 및 날붙이 도매업,1,46433,G,도매 및 소매업,46,도매 및 상품 중개업,464,생활용품 도매업,4643,"생활용 가구, 조명기구 및 비전기식 생활용기기 도매업",생활용 유리ㆍ요업ㆍ목재ㆍ금속 제품 및 날붙이 도매업,4,2,주방용 요업제품,,,
,794,513290,G,도매 및 소매업,51,도매 및 상품 중개업,513,생활용품 도매업,5132,"생활용 가구, 조명기구 및 비전기식 생활용기기 도매업",생활용 가구 도매업,1,46431,G,도매 및 소매업,46,도매 및 상품 중개업,464,생활용품 도매업,4643,"생활용 가구, 조명기구 및 비전기식 생활용기기 도매업",생활용 가구 도매업,2,,싱크대 및 조리대,,,
,795,513291,G,도매 및 소매업,51,도매 및 상품 중개업,513,기계장비 및 관련 물품 도매업,5132,"가전제품, 통신장비 및 부품 도매업",가전제품 및 부품 도매업,1,46521,G,도매 및 소매업,46,도매 및 상품 중개업,465,기계장비 및 관련 물품 도매업,4652,"가전제품, 통신장비 및 부품 도매업",가전제품 및 부품 도매업,2,,가정용 비전기식 조리 및 난방기구,,,
,796,513295,G,도매 및 소매업,51,도매 및 상품 중개업,513,생활용품 도매업,5132,"생활용 가구, 조명기구 및 비전기식 생활용기기 도매업",생활용 유리ㆍ요업ㆍ목재ㆍ금속 제품 및 날붙이 도매업,1,46433,G,도매 및 소매업,46,도매 및 상품 중개업,464,생활용품 도매업,4643,"생활용 가구, 조명기구 및 비전기식 생활용기기 도매업",생활용 유리ㆍ요업ㆍ목재ㆍ금속 제품 및 날붙이 도매업,4,,비전기식 이ㆍ미용기구,,,
,797,513296,G,도매 및 소매업,51,도매 및 상품 중개업,513,생활용품 도매업,5132,"생활용 가구, 조명기구 및 비전기식 생활용기기 도매업",기타 비전기식 생활용 기기 및 기구 도매업,1,46439,G,도매 및 소매업,46,도매 및 상품 중개업,464,생활용품 도매업,4643,"생활용 가구, 조명기구 및 비전기식 생활용기기 도매업",기타 비전기식 생활용 기기 및 기구 도매업,1,,,,,
,798,513297,G,도매 및 소매업,51,도매 및 상품 중개업,513,생활용품 도매업,5132,"음반 및 비디오물, 악기, 오락 및 경기용품 도매업",자전거 및 기타 운송장비 도매업,1,46465,G,도매 및 소매업,46,도매 및 상품 중개업,464,생활용품 도매업,4646,"음반 및 비디오물, 악기, 오락 및 경기용품 도매업",자전거 및 기타 운송장비 도매업,3,,유모차,,,
,799,513298,G,도매 및 소매업,51,도매 및 상품 중개업,513,기타 전문 도매업,5132,재생용 재료 및 기타 상품 전문 도매업,그 외 기타 상품 전문 도매업,1,46799,G,도매 및 소매업,46,도매 및 상품 중개업,467,기타 전문 도매업,4679,재생용 재료 및 기타 상품 전문 도매업,그 외 기타 상품 전문 도매업,5,,총포,,,
,800,513311,G,도매 및 소매업,51,도매 및 상품 중개업,513,생활용품 도매업,5133,"의약품, 의료용품 및 화장품 도매업",의약품 도매업,1,46441,G,도매 및 소매업,46,도매 및 상품 중개업,464,생활용품 도매업,4644,"의약품, 의료용품 및 화장품 도매업",의약품 도매업,2,1,,,,
,801,513312,G,도매 및 소매업,51,도매 및 상품 중개업,513,생활용품 도매업,5133,"의약품, 의료용품 및 화장품 도매업",의약품 도매업,1,46441,G,도매 및 소매업,46,도매 및 상품 중개업,464,생활용품 도매업,4644,"의약품, 의료용품 및 화장품 도매업",의약품 도매업,2,,각종 한약류,,,
,802,513313,G,도매 및 소매업,51,도매 및 상품 중개업,513,생활용품 도매업,5133,"의약품, 의료용품 및 화장품 도매업",의료용품 도매업,1,46442,G,도매 및 소매업,46,도매 및 상품 중개업,464,생활용품 도매업,4644,"의약품, 의료용품 및 화장품 도매업",의료용품 도매업,1,,,,,
,803,513320,G,도매 및 소매업,51,도매 및 상품 중개업,513,생활용품 도매업,5133,"의약품, 의료용품 및 화장품 도매업",화장품 및 화장용품 도매업,1,46443,G,도매 및 소매업,46,도매 및 상품 중개업,464,생활용품 도매업,4644,"의약품, 의료용품 및 화장품 도매업",화장품 및 화장용품 도매업,1,,,,,
,804,513330,G,도매 및 소매업,51,도매 및 상품 중개업,513,생활용품 도매업,5133,"의약품, 의료용품 및 화장품 도매업",비누 및 세정제 도매업,1,46444,G,도매 및 소매업,46,도매 및 상품 중개업,464,생활용품 도매업,4644,"의약품, 의료용품 및 화장품 도매업",비누 및 세정제 도매업,1,,,,,
,805,513410,G,도매 및 소매업,51,도매 및 상품 중개업,513,생활용품 도매업,5134,"생활용 포장ㆍ위생용품, 문구용품 및 출판 인쇄물 도매업","생활용 포장 및 위생용품, 봉투 및 유사 제품 도매업",1,46451,G,도매 및 소매업,46,도매 및 상품 중개업,464,생활용품 도매업,4645,"생활용 포장ㆍ위생용품, 문구용품 및 출판 인쇄물 도매업","생활용 포장 및 위생용품, 봉투 및 유사 제품 도매업",1,,,,,
,806,513414,G,도매 및 소매업,51,도매 및 상품 중개업,513,기타 전문 도매업,5134,"종이 원지, 판지, 종이상자 도매업","종이 원지, 판지, 종이상자 도매업",1,46750,G,도매 및 소매업,46,도매 및 상품 중개업,467,기타 전문 도매업,4675,"종이 원지, 판지, 종이상자 도매업","종이 원지, 판지, 종이상자 도매업",1,,,,,
,807,513415,G,도매 및 소매업,51,도매 및 상품 중개업,513,기타 전문 도매업,5134,재생용 재료 및 기타 상품 전문 도매업,그 외 기타 상품 전문 도매업,1,46799,G,도매 및 소매업,46,도매 및 상품 중개업,467,기타 전문 도매업,4679,재생용 재료 및 기타 상품 전문 도매업,그 외 기타 상품 전문 도매업,5,,"플라스틱필름, 폴리에틸렌필름",,,
,808,513421,G,도매 및 소매업,51,도매 및 상품 중개업,513,생활용품 도매업,5134,"생활용 포장ㆍ위생용품, 문구용품 및 출판 인쇄물 도매업","서적, 잡지 및 기타 인쇄물 도매업",1,46453,G,도매 및 소매업,46,도매 및 상품 중개업,464,생활용품 도매업,4645,"생활용 포장ㆍ위생용품, 문구용품 및 출판 인쇄물 도매업","서적, 잡지 및 기타 인쇄물 도매업",1,,,,,
,809,513430,G,도매 및 소매업,51,도매 및 상품 중개업,513,생활용품 도매업,5134,"생활용 포장ㆍ위생용품, 문구용품 및 출판 인쇄물 도매업","문구용품, 회화용품, 사무용품 도매업",1,46452,G,도매 및 소매업,46,도매 및 상품 중개업,464,생활용품 도매업,4645,"생활용 포장ㆍ위생용품, 문구용품 및 출판 인쇄물 도매업","문구용품, 회화용품, 사무용품 도매업",1,,,,,
,810,513911,G,도매 및 소매업,51,도매 및 상품 중개업,513,생활용품 도매업,5139,"가방, 시계, 안경 및 기타 생활용품 도매업","안경, 사진장비 및 광학용품 도매업",1,46493,G,도매 및 소매업,46,도매 및 상품 중개업,464,생활용품 도매업,4649,"가방, 시계, 안경 및 기타 생활용품 도매업","안경, 사진장비 및 광학용품 도매업",3,2,광학용품,,,
,811,513912,G,도매 및 소매업,51,도매 및 상품 중개업,513,생활용품 도매업,5139,"가방, 시계, 안경 및 기타 생활용품 도매업","안경, 사진장비 및 광학용품 도매업",1,46493,G,도매 및 소매업,46,도매 및 상품 중개업,464,생활용품 도매업,4649,"가방, 시계, 안경 및 기타 생활용품 도매업","안경, 사진장비 및 광학용품 도매업",3,,사진장비,,,
,812,513913,G,도매 및 소매업,51,도매 및 상품 중개업,513,생활용품 도매업,5139,"가방, 시계, 안경 및 기타 생활용품 도매업","안경, 사진장비 및 광학용품 도매업",1,46493,G,도매 및 소매업,46,도매 및 상품 중개업,464,생활용품 도매업,4649,"가방, 시계, 안경 및 기타 생활용품 도매업","안경, 사진장비 및 광학용품 도매업",3,2,안경,,,
,813,513920,G,도매 및 소매업,51,도매 및 상품 중개업,513,생활용품 도매업,5139,"생활용 섬유제품, 의복, 의복 액세서리 및 모피제품 도매업",의복 액세서리 및 모조 장신구 도매업,1,46417,G,도매 및 소매업,46,도매 및 상품 중개업,464,생활용품 도매업,4641,"생활용 섬유제품, 의복, 의복 액세서리 및 모피제품 도매업",의복 액세서리 및 모조 장신구 도매업,3,2,모조 장신구,,,
,814,513921,G,도매 및 소매업,51,도매 및 상품 중개업,513,생활용품 도매업,5139,"음반 및 비디오물, 악기, 오락 및 경기용품 도매업","장난감 및 취미, 오락용품 도매업",1,46463,G,도매 및 소매업,46,도매 및 상품 중개업,464,생활용품 도매업,4646,"음반 및 비디오물, 악기, 오락 및 경기용품 도매업","장난감 및 취미, 오락용품 도매업",3,1,,,,
,815,513931,G,도매 및 소매업,51,도매 및 상품 중개업,513,생활용품 도매업,5139,"가방, 시계, 안경 및 기타 생활용품 도매업",시계 및 귀금속 제품 도매업,1,46492,G,도매 및 소매업,46,도매 및 상품 중개업,464,생활용품 도매업,4649,"가방, 시계, 안경 및 기타 생활용품 도매업",시계 및 귀금속 제품 도매업,3,2,시계,,,
,816,513933,G,도매 및 소매업,51,도매 및 상품 중개업,513,생활용품 도매업,5139,"가방, 시계, 안경 및 기타 생활용품 도매업",시계 및 귀금속 제품 도매업,1,46492,G,도매 및 소매업,46,도매 및 상품 중개업,464,생활용품 도매업,4649,"가방, 시계, 안경 및 기타 생활용품 도매업",시계 및 귀금속 제품 도매업,3,,제품화 하거나 세공하지 않은 황금,,,
,817,513934,G,도매 및 소매업,51,도매 및 상품 중개업,513,생활용품 도매업,5139,"가방, 시계, 안경 및 기타 생활용품 도매업",시계 및 귀금속 제품 도매업,1,46492,G,도매 및 소매업,46,도매 및 상품 중개업,464,생활용품 도매업,4649,"가방, 시계, 안경 및 기타 생활용품 도매업",시계 및 귀금속 제품 도매업,3,2,귀금속,,,
,818,513941,G,도매 및 소매업,51,도매 및 상품 중개업,513,생활용품 도매업,5139,"음반 및 비디오물, 악기, 오락 및 경기용품 도매업",운동 및 경기용품 도매업,1,46464,G,도매 및 소매업,46,도매 및 상품 중개업,464,생활용품 도매업,4646,"음반 및 비디오물, 악기, 오락 및 경기용품 도매업",운동 및 경기용품 도매업,2,1,,,,
,819,513942,G,도매 및 소매업,51,도매 및 상품 중개업,513,생활용품 도매업,5139,"음반 및 비디오물, 악기, 오락 및 경기용품 도매업",운동 및 경기용품 도매업,1,46464,G,도매 및 소매업,46,도매 및 상품 중개업,464,생활용품 도매업,4646,"음반 및 비디오물, 악기, 오락 및 경기용품 도매업",운동 및 경기용품 도매업,2,,골프장비,,,
,820,513945,G,도매 및 소매업,51,도매 및 상품 중개업,513,생활용품 도매업,5139,"음반 및 비디오물, 악기, 오락 및 경기용품 도매업","장난감 및 취미, 오락용품 도매업",1,46463,G,도매 및 소매업,46,도매 및 상품 중개업,464,생활용품 도매업,4646,"음반 및 비디오물, 악기, 오락 및 경기용품 도매업","장난감 및 취미, 오락용품 도매업",3,,낚시도구,,,
,821,513950,G,도매 및 소매업,51,도매 및 상품 중개업,513,생활용품 도매업,5139,"가방, 시계, 안경 및 기타 생활용품 도매업",가방 및 보호용 케이스 도매업,1,46491,G,도매 및 소매업,46,도매 및 상품 중개업,464,생활용품 도매업,4649,"가방, 시계, 안경 및 기타 생활용품 도매업",가방 및 보호용 케이스 도매업,1,,,,,
,822,513960,G,도매 및 소매업,51,도매 및 상품 중개업,513,생활용품 도매업,5139,"음반 및 비디오물, 악기, 오락 및 경기용품 도매업",자전거 및 기타 운송장비 도매업,1,46465,G,도매 및 소매업,46,도매 및 상품 중개업,464,생활용품 도매업,4646,"음반 및 비디오물, 악기, 오락 및 경기용품 도매업",자전거 및 기타 운송장비 도매업,3,1,,,,
,823,513991,G,도매 및 소매업,51,도매 및 상품 중개업,513,생활용품 도매업,5139,"생활용 섬유제품, 의복, 의복 액세서리 및 모피제품 도매업",의복 액세서리 및 모조 장신구 도매업,1,46417,G,도매 및 소매업,46,도매 및 상품 중개업,464,생활용품 도매업,4641,"생활용 섬유제품, 의복, 의복 액세서리 및 모피제품 도매업",의복 액세서리 및 모조 장신구 도매업,3,,의복부착물,,,
,824,513992,G,도매 및 소매업,51,도매 및 상품 중개업,513,생활용품 도매업,5139,"가방, 시계, 안경 및 기타 생활용품 도매업",그 외 기타 생활용품 도매업,1,46499,G,도매 및 소매업,46,도매 및 상품 중개업,464,생활용품 도매업,4649,"가방, 시계, 안경 및 기타 생활용품 도매업",그 외 기타 생활용품 도매업,1,,,,,
,825,514111,G,도매 및 소매업,51,도매 및 상품 중개업,514,기타 전문 도매업,5141,"연료, 연료용 광물 및 관련제품 도매업",고체 연료 및 관련제품 도매업,1,46711,G,도매 및 소매업,46,도매 및 상품 중개업,467,기타 전문 도매업,4671,"연료, 연료용 광물 및 관련제품 도매업",고체 연료 및 관련제품 도매업,2,,연탄,,,
,826,514112,G,도매 및 소매업,51,도매 및 상품 중개업,514,기타 전문 도매업,5141,"연료, 연료용 광물 및 관련제품 도매업",고체 연료 및 관련제품 도매업,1,46711,G,도매 및 소매업,46,도매 및 상품 중개업,467,기타 전문 도매업,4671,"연료, 연료용 광물 및 관련제품 도매업",고체 연료 및 관련제품 도매업,2,1,,,,
,827,514121,G,도매 및 소매업,51,도매 및 상품 중개업,514,기타 전문 도매업,5141,"연료, 연료용 광물 및 관련제품 도매업",액체 연료 및 관련제품 도매업,1,46712,G,도매 및 소매업,46,도매 및 상품 중개업,467,기타 전문 도매업,4671,"연료, 연료용 광물 및 관련제품 도매업",액체 연료 및 관련제품 도매업,1,,,,,
,828,514122,G,도매 및 소매업,51,도매 및 상품 중개업,514,기타 전문 도매업,5141,재생용 재료 및 기타 상품 전문 도매업,그 외 기타 상품 전문 도매업,1,46799,G,도매 및 소매업,46,도매 및 상품 중개업,467,기타 전문 도매업,4679,재생용 재료 및 기타 상품 전문 도매업,그 외 기타 상품 전문 도매업,5,,아스팔트,,,
,829,514130,G,도매 및 소매업,51,도매 및 상품 중개업,514,기타 전문 도매업,5141,"연료, 연료용 광물 및 관련제품 도매업",기체 연료 및 관련제품 도매업,1,46713,G,도매 및 소매업,46,도매 및 상품 중개업,467,기타 전문 도매업,4671,"연료, 연료용 광물 및 관련제품 도매업",기체 연료 및 관련제품 도매업,1,,,,,
,830,514210,G,도매 및 소매업,51,도매 및 상품 중개업,514,기타 전문 도매업,5142,1차 금속제품 및 금속광물 도매업,1차 금속제품 도매업,1,46721,G,도매 및 소매업,46,도매 및 상품 중개업,467,기타 전문 도매업,4672,1차 금속제품 및 금속광물 도매업,1차 금속제품 도매업,7,2,철근,,,
,831,514220,G,도매 및 소매업,51,도매 및 상품 중개업,514,기타 전문 도매업,5142,1차 금속제품 및 금속광물 도매업,1차 금속제품 도매업,1,46721,G,도매 및 소매업,46,도매 및 상품 중개업,467,기타 전문 도매업,4672,1차 금속제품 및 금속광물 도매업,1차 금속제품 도매업,7,2,관,,,
,832,514232,G,도매 및 소매업,51,도매 및 상품 중개업,514,기타 전문 도매업,5142,1차 금속제품 및 금속광물 도매업,1차 금속제품 도매업,1,46721,G,도매 및 소매업,46,도매 및 상품 중개업,467,기타 전문 도매업,4672,1차 금속제품 및 금속광물 도매업,1차 금속제품 도매업,7,,"함석, 철판 등",,,
,833,514239,G,도매 및 소매업,51,도매 및 상품 중개업,514,기타 전문 도매업,5142,1차 금속제품 및 금속광물 도매업,1차 금속제품 도매업,1,46721,G,도매 및 소매업,46,도매 및 상품 중개업,467,기타 전문 도매업,4672,1차 금속제품 및 금속광물 도매업,1차 금속제품 도매업,7,2,판재,,,
,834,514240,G,도매 및 소매업,51,도매 및 상품 중개업,514,기타 전문 도매업,5142,1차 금속제품 및 금속광물 도매업,1차 금속제품 도매업,1,46721,G,도매 및 소매업,46,도매 및 상품 중개업,467,기타 전문 도매업,4672,1차 금속제품 및 금속광물 도매업,1차 금속제품 도매업,7,2,선재,,,
,835,514250,G,도매 및 소매업,51,도매 및 상품 중개업,514,기타 전문 도매업,5142,1차 금속제품 및 금속광물 도매업,금속광물 도매업,1,46722,G,도매 및 소매업,46,도매 및 상품 중개업,467,기타 전문 도매업,4672,1차 금속제품 및 금속광물 도매업,금속광물 도매업,1,,,,,
,836,514291,G,도매 및 소매업,51,도매 및 상품 중개업,514,기타 전문 도매업,5142,1차 금속제품 및 금속광물 도매업,1차 금속제품 도매업,1,46721,G,도매 및 소매업,46,도매 및 상품 중개업,467,기타 전문 도매업,4672,1차 금속제품 및 금속광물 도매업,1차 금속제품 도매업,7,,"연, 주물",,,
,837,514292,G,도매 및 소매업,51,도매 및 상품 중개업,514,기타 전문 도매업,5142,1차 금속제품 및 금속광물 도매업,1차 금속제품 도매업,1,46721,G,도매 및 소매업,46,도매 및 상품 중개업,467,기타 전문 도매업,4672,1차 금속제품 및 금속광물 도매업,1차 금속제품 도매업,7,2,동관 및 기타,,,
,838,514312,G,도매 및 소매업,51,도매 및 상품 중개업,514,"건축 자재, 철물 및 난방장치 도매업",5143,일반 건축자재 도매업,원목 및 건축관련 목제품 도매업,1,46611,G,도매 및 소매업,46,도매 및 상품 중개업,466,"건축 자재, 철물 및 난방장치 도매업",4661,일반 건축자재 도매업,원목 및 건축관련 목제품 도매업,1,,,,,
,839,514320,G,도매 및 소매업,51,도매 및 상품 중개업,514,"건축 자재, 철물 및 난방장치 도매업",5143,일반 건축자재 도매업,"골재, 벽돌 및 시멘트 도매업",1,46612,G,도매 및 소매업,46,도매 및 상품 중개업,466,"건축 자재, 철물 및 난방장치 도매업",4661,일반 건축자재 도매업,"골재, 벽돌 및 시멘트 도매업",3,2,시멘트,,,
,840,514321,G,도매 및 소매업,51,도매 및 상품 중개업,514,"건축 자재, 철물 및 난방장치 도매업",5143,일반 건축자재 도매업,유리 및 창호 도매업,1,46613,G,도매 및 소매업,46,도매 및 상품 중개업,466,"건축 자재, 철물 및 난방장치 도매업",4661,일반 건축자재 도매업,유리 및 창호 도매업,1,,,,,
,841,514330,G,도매 및 소매업,51,도매 및 상품 중개업,514,"건축 자재, 철물 및 난방장치 도매업",5143,일반 건축자재 도매업,"골재, 벽돌 및 시멘트 도매업",1,46612,G,도매 및 소매업,46,도매 및 상품 중개업,466,"건축 자재, 철물 및 난방장치 도매업",4661,일반 건축자재 도매업,"골재, 벽돌 및 시멘트 도매업",3,2,골재,,,
,842,514350,G,도매 및 소매업,51,도매 및 상품 중개업,514,"건축 자재, 철물 및 난방장치 도매업",5143,기타 건축자재 도매업,도료 도매업,1,46691,G,도매 및 소매업,46,도매 및 상품 중개업,466,"건축 자재, 철물 및 난방장치 도매업",4669,기타 건축자재 도매업,도료 도매업,1,,,,,
,843,514361,G,도매 및 소매업,51,도매 및 상품 중개업,514,"건축 자재, 철물 및 난방장치 도매업",5143,"냉ㆍ난방장치 및 철물, 수공구 도매업","철물, 금속 파스너 및 수공구 도매업",1,46622,G,도매 및 소매업,46,도매 및 상품 중개업,466,"건축 자재, 철물 및 난방장치 도매업",4662,"냉ㆍ난방장치 및 철물, 수공구 도매업","철물, 금속 파스너 및 수공구 도매업",1,,,,,
,844,514366,G,도매 및 소매업,51,도매 및 상품 중개업,514,"건축 자재, 철물 및 난방장치 도매업",5143,"냉ㆍ난방장치 및 철물, 수공구 도매업",배관 및 냉ㆍ난방장치 도매업,1,46621,G,도매 및 소매업,46,도매 및 상품 중개업,466,"건축 자재, 철물 및 난방장치 도매업",4662,"냉ㆍ난방장치 및 철물, 수공구 도매업",배관 및 냉ㆍ난방장치 도매업,1,,,,,
,845,514370,G,도매 및 소매업,51,도매 및 상품 중개업,514,"건축 자재, 철물 및 난방장치 도매업",5143,기타 건축자재 도매업,그 외 기타 건축자재 도매업,1,46699,G,도매 및 소매업,46,도매 및 상품 중개업,466,"건축 자재, 철물 및 난방장치 도매업",4669,기타 건축자재 도매업,그 외 기타 건축자재 도매업,3,,조립식 건축자재 세트,,,
,846,514380,G,도매 및 소매업,51,도매 및 상품 중개업,514,"건축 자재, 철물 및 난방장치 도매업",5143,일반 건축자재 도매업,"골재, 벽돌 및 시멘트 도매업",1,46612,G,도매 및 소매업,46,도매 및 상품 중개업,466,"건축 자재, 철물 및 난방장치 도매업",4661,일반 건축자재 도매업,"골재, 벽돌 및 시멘트 도매업",3,2,벽돌,,,
,847,514392,G,도매 및 소매업,51,도매 및 상품 중개업,514,"건축 자재, 철물 및 난방장치 도매업",5143,기타 건축자재 도매업,그 외 기타 건축자재 도매업,1,46699,G,도매 및 소매업,46,도매 및 상품 중개업,466,"건축 자재, 철물 및 난방장치 도매업",4669,기타 건축자재 도매업,그 외 기타 건축자재 도매업,3,,정화조,,,
,848,514393,G,도매 및 소매업,51,도매 및 상품 중개업,514,"건축 자재, 철물 및 난방장치 도매업",5143,기타 건축자재 도매업,그 외 기타 건축자재 도매업,1,46699,G,도매 및 소매업,46,도매 및 상품 중개업,466,"건축 자재, 철물 및 난방장치 도매업",4669,기타 건축자재 도매업,그 외 기타 건축자재 도매업,3,1,,,,
,849,514911,G,도매 및 소매업,51,도매 및 상품 중개업,514,기타 전문 도매업,5149,화학 물질 및 화학제품 도매업,기타 화학 물질 및 화학제품 도매업,1,46739,G,도매 및 소매업,46,도매 및 상품 중개업,467,기타 전문 도매업,4673,화학 물질 및 화학제품 도매업,기타 화학 물질 및 화학제품 도매업,3,,"유황, 산소",,,
,850,514912,G,도매 및 소매업,51,도매 및 상품 중개업,514,기타 전문 도매업,5149,화학 물질 및 화학제품 도매업,기타 화학 물질 및 화학제품 도매업,1,46739,G,도매 및 소매업,46,도매 및 상품 중개업,467,기타 전문 도매업,4673,화학 물질 및 화학제품 도매업,기타 화학 물질 및 화학제품 도매업,3,,탄산나트륨,,,
,851,514916,G,도매 및 소매업,51,도매 및 상품 중개업,514,기타 전문 도매업,5149,화학 물질 및 화학제품 도매업,플라스틱 물질 및 합성고무 도매업,1,46733,G,도매 및 소매업,46,도매 및 상품 중개업,467,기타 전문 도매업,4673,화학 물질 및 화학제품 도매업,플라스틱 물질 및 합성고무 도매업,2,,생고무,,,
,852,514919,G,도매 및 소매업,51,도매 및 상품 중개업,514,기타 전문 도매업,5149,화학 물질 및 화학제품 도매업,기타 화학 물질 및 화학제품 도매업,1,46739,G,도매 및 소매업,46,도매 및 상품 중개업,467,기타 전문 도매업,4673,화학 물질 및 화학제품 도매업,기타 화학 물질 및 화학제품 도매업,3,1,,,,
,853,514920,G,도매 및 소매업,51,도매 및 상품 중개업,514,기타 전문 도매업,5149,화학 물질 및 화학제품 도매업,"염료, 안료 및 관련제품 도매업",1,46731,G,도매 및 소매업,46,도매 및 상품 중개업,467,기타 전문 도매업,4673,화학 물질 및 화학제품 도매업,"염료, 안료 및 관련제품 도매업",1,,,,,
,854,514930,G,도매 및 소매업,51,도매 및 상품 중개업,514,기타 전문 도매업,5149,화학 물질 및 화학제품 도매업,비료 및 농약 도매업,1,46732,G,도매 및 소매업,46,도매 및 상품 중개업,467,기타 전문 도매업,4673,화학 물질 및 화학제품 도매업,비료 및 농약 도매업,2,2,비료,,,
,855,514940,G,도매 및 소매업,51,도매 및 상품 중개업,514,기타 전문 도매업,5149,화학 물질 및 화학제품 도매업,비료 및 농약 도매업,1,46732,G,도매 및 소매업,46,도매 및 상품 중개업,467,기타 전문 도매업,4673,화학 물질 및 화학제품 도매업,비료 및 농약 도매업,2,2,농약,,,
,856,514950,G,도매 및 소매업,51,도매 및 상품 중개업,514,기타 전문 도매업,5149,화학 물질 및 화학제품 도매업,플라스틱 물질 및 합성고무 도매업,1,46733,G,도매 및 소매업,46,도매 및 상품 중개업,467,기타 전문 도매업,4673,화학 물질 및 화학제품 도매업,플라스틱 물질 및 합성고무 도매업,2,1,,,,
,857,514961,G,도매 및 소매업,51,도매 및 상품 중개업,514,기타 전문 도매업,5149,"방직용 섬유, 실 및 직물 도매업",방직용 섬유 및 실 도매업,1,46741,G,도매 및 소매업,46,도매 및 상품 중개업,467,기타 전문 도매업,4674,"방직용 섬유, 실 및 직물 도매업",방직용 섬유 및 실 도매업,1,,,,,
,858,514969,G,도매 및 소매업,51,도매 및 상품 중개업,514,기타 전문 도매업,5149,"방직용 섬유, 실 및 직물 도매업",직물 도매업,1,46742,G,도매 및 소매업,46,도매 및 상품 중개업,467,기타 전문 도매업,4674,"방직용 섬유, 실 및 직물 도매업",직물 도매업,1,,,,,
,859,514971,G,도매 및 소매업,51,도매 및 상품 중개업,514,기타 전문 도매업,5149,재생용 재료 및 기타 상품 전문 도매업,재생용 재료 수집 및 판매업,1,46791,G,도매 및 소매업,46,도매 및 상품 중개업,467,기타 전문 도매업,4679,재생용 재료 및 기타 상품 전문 도매업,재생용 재료 수집 및 판매업,2,1,,,,
,860,514990,G,도매 및 소매업,51,도매 및 상품 중개업,514,기타 전문 도매업,5149,재생용 재료 및 기타 상품 전문 도매업,그 외 기타 상품 전문 도매업,1,46799,G,도매 및 소매업,46,도매 및 상품 중개업,467,기타 전문 도매업,4679,재생용 재료 및 기타 상품 전문 도매업,그 외 기타 상품 전문 도매업,5,,기타 산업용 중간재,,,
,861,515010,G,도매 및 소매업,51,도매 및 상품 중개업,515,기계장비 및 관련 물품 도매업,5150,기타 기계 및 장비 도매업,그 외 기타 기계 및 장비 도매업,1,46599,G,도매 및 소매업,46,도매 및 상품 중개업,465,기계장비 및 관련 물품 도매업,4659,기타 기계 및 장비 도매업,그 외 기타 기계 및 장비 도매업,3,1,,,,
,862,515020,G,도매 및 소매업,51,도매 및 상품 중개업,515,기계장비 및 관련 물품 도매업,5150,산업용 기계 및 장비 도매업,농림업용 기계 및 장비 도매업,1,46531,G,도매 및 소매업,46,도매 및 상품 중개업,465,기계장비 및 관련 물품 도매업,4653,산업용 기계 및 장비 도매업,농림업용 기계 및 장비 도매업,1,,,,,
,863,515030,G,도매 및 소매업,51,도매 및 상품 중개업,515,기계장비 및 관련 물품 도매업,5150,산업용 기계 및 장비 도매업,건설ㆍ광업용 기계 및 장비 도매업,1,46532,G,도매 및 소매업,46,도매 및 상품 중개업,465,기계장비 및 관련 물품 도매업,4653,산업용 기계 및 장비 도매업,건설ㆍ광업용 기계 및 장비 도매업,1,,,,,
,864,515031,G,도매 및 소매업,51,도매 및 상품 중개업,515,기계장비 및 관련 물품 도매업,5150,기타 기계 및 장비 도매업,그 외 기타 기계 및 장비 도매업,1,46599,G,도매 및 소매업,46,도매 및 상품 중개업,465,기계장비 및 관련 물품 도매업,4659,기타 기계 및 장비 도매업,그 외 기타 기계 및 장비 도매업,3,,"기중기, 호이스트",,,
,865,515040,G,도매 및 소매업,51,도매 및 상품 중개업,515,기계장비 및 관련 물품 도매업,5150,산업용 기계 및 장비 도매업,공작용 기계 및 장비 도매업,1,46533,G,도매 및 소매업,46,도매 및 상품 중개업,465,기계장비 및 관련 물품 도매업,4653,산업용 기계 및 장비 도매업,공작용 기계 및 장비 도매업,1,,,,,
,866,515050,G,도매 및 소매업,51,도매 및 상품 중개업,515,기계장비 및 관련 물품 도매업,5150,"컴퓨터 및 주변장치, 소프트웨어 도매업","컴퓨터 및 주변장치, 소프트웨어 도매업",1,46510,G,도매 및 소매업,46,도매 및 상품 중개업,465,기계장비 및 관련 물품 도매업,4651,"컴퓨터 및 주변장치, 소프트웨어 도매업","컴퓨터 및 주변장치, 소프트웨어 도매업",1,,,,,
,867,515051,G,도매 및 소매업,51,도매 및 상품 중개업,515,기계장비 및 관련 물품 도매업,5150,기타 기계 및 장비 도매업,사무용 가구 및 기기 도매업,1,46591,G,도매 및 소매업,46,도매 및 상품 중개업,465,기계장비 및 관련 물품 도매업,4659,기타 기계 및 장비 도매업,사무용 가구 및 기기 도매업,1,,,,,
,868,515060,G,도매 및 소매업,51,도매 및 상품 중개업,515,기계장비 및 관련 물품 도매업,5150,"가전제품, 통신장비 및 부품 도매업",통신ㆍ방송장비 및 부품 도매업,1,46522,G,도매 및 소매업,46,도매 및 상품 중개업,465,기계장비 및 관련 물품 도매업,4652,"가전제품, 통신장비 및 부품 도매업",통신ㆍ방송장비 및 부품 도매업,1,,,,,
,869,515070,G,도매 및 소매업,51,도매 및 상품 중개업,515,기계장비 및 관련 물품 도매업,5150,기타 기계 및 장비 도매업,전기용 기계ㆍ장비 및 관련 기자재 도매업,1,46595,G,도매 및 소매업,46,도매 및 상품 중개업,465,기계장비 및 관련 물품 도매업,4659,기타 기계 및 장비 도매업,전기용 기계ㆍ장비 및 관련 기자재 도매업,1,,,,,
,870,515074,G,도매 및 소매업,51,도매 및 상품 중개업,515,기계장비 및 관련 물품 도매업,5150,기타 기계 및 장비 도매업,전지 및 케이블 도매업,1,46596,G,도매 및 소매업,46,도매 및 상품 중개업,465,기계장비 및 관련 물품 도매업,4659,기타 기계 및 장비 도매업,전지 및 케이블 도매업,1,,,,,
,871,515080,G,도매 및 소매업,51,도매 및 상품 중개업,515,기계장비 및 관련 물품 도매업,5150,기타 기계 및 장비 도매업,의료 기기 도매업,1,46592,G,도매 및 소매업,46,도매 및 상품 중개업,465,기계장비 및 관련 물품 도매업,4659,기타 기계 및 장비 도매업,의료 기기 도매업,1,,,,,
,872,515081,G,도매 및 소매업,51,도매 및 상품 중개업,515,기계장비 및 관련 물품 도매업,5150,기타 기계 및 장비 도매업,정밀 기기 및 과학 기기 도매업,1,46593,G,도매 및 소매업,46,도매 및 상품 중개업,465,기계장비 및 관련 물품 도매업,4659,기타 기계 및 장비 도매업,정밀 기기 및 과학 기기 도매업,1,,,,,
,873,515090,G,도매 및 소매업,51,도매 및 상품 중개업,515,기계장비 및 관련 물품 도매업,5150,산업용 기계 및 장비 도매업,기타 산업용 기계 및 장비 도매업,1,46539,G,도매 및 소매업,46,도매 및 상품 중개업,465,기계장비 및 관련 물품 도매업,4653,산업용 기계 및 장비 도매업,기타 산업용 기계 및 장비 도매업,1,,,,,
,874,515093,G,도매 및 소매업,51,도매 및 상품 중개업,515,생활용품 도매업,5150,"음반 및 비디오물, 악기, 오락 및 경기용품 도매업",자전거 및 기타 운송장비 도매업,1,46465,G,도매 및 소매업,46,도매 및 상품 중개업,464,생활용품 도매업,4646,"음반 및 비디오물, 악기, 오락 및 경기용품 도매업",자전거 및 기타 운송장비 도매업,3,,"리어카, 휠체어",,,
,875,515094,G,도매 및 소매업,51,도매 및 상품 중개업,515,기계장비 및 관련 물품 도매업,5150,기타 기계 및 장비 도매업,수송용 운송장비 도매업,1,46594,G,도매 및 소매업,46,도매 및 상품 중개업,465,기계장비 및 관련 물품 도매업,4659,기타 기계 및 장비 도매업,수송용 운송장비 도매업,1,,,,,
,876,519111,G,도매 및 소매업,51,도매 및 상품 중개업,519,상품 종합 도매업,5191,상품 종합 도매업,상품 종합 도매업,1,46800,G,도매 및 소매업,46,도매 및 상품 중개업,468,상품 종합 도매업,4680,상품 종합 도매업,상품 종합 도매업,4,,"직수출, 대행(위탁)수출",,,
,877,519112,G,도매 및 소매업,51,도매 및 상품 중개업,519,상품 종합 도매업,5191,상품 종합 도매업,상품 종합 도매업,1,46800,G,도매 및 소매업,46,도매 및 상품 중개업,468,상품 종합 도매업,4680,상품 종합 도매업,상품 종합 도매업,4,,수입한 산업용 재화 도소매,,,
,878,519113,G,도매 및 소매업,51,도매 및 상품 중개업,519,상품 종합 도매업,5191,상품 종합 도매업,상품 종합 도매업,1,46800,G,도매 및 소매업,46,도매 및 상품 중개업,468,상품 종합 도매업,4680,상품 종합 도매업,상품 종합 도매업,4,,수입한 기타 물품 도소매,,,
,879,519910,G,도매 및 소매업,51,도매 및 상품 중개업,519,상품 종합 도매업,5199,상품 종합 도매업,상품 종합 도매업,1,46800,G,도매 및 소매업,46,도매 및 상품 중개업,468,상품 종합 도매업,4680,상품 종합 도매업,상품 종합 도매업,4,1,,,,
,880,519991,G,도매 및 소매업,51,도매 및 상품 중개업,519,생활용품 도매업,5199,"음반 및 비디오물, 악기, 오락 및 경기용품 도매업","장난감 및 취미, 오락용품 도매업",1,46463,G,도매 및 소매업,46,도매 및 상품 중개업,464,생활용품 도매업,4646,"음반 및 비디오물, 악기, 오락 및 경기용품 도매업","장난감 및 취미, 오락용품 도매업",3,,"휘, 트로피, 페난트, 뺏지, 메달 등 ",,,
,881,519992,G,도매 및 소매업,51,도매 및 상품 중개업,519,기타 전문 도매업,5199,재생용 재료 및 기타 상품 전문 도매업,그 외 기타 상품 전문 도매업,1,46799,G,도매 및 소매업,46,도매 및 상품 중개업,467,기타 전문 도매업,4679,재생용 재료 및 기타 상품 전문 도매업,그 외 기타 상품 전문 도매업,5,1,,,,
,882,521100,G,도매 및 소매업,52,소매업; 자동차 제외,521,종합 소매업,5211,음ㆍ식료품 위주 종합 소매업,슈퍼마켓,1,47121,G,도매 및 소매업,47,소매업; 자동차 제외,471,종합 소매업,4712,음ㆍ식료품 위주 종합 소매업,슈퍼마켓,1,,,,,
,883,521910,G,도매 및 소매업,52,소매업; 자동차 제외,521,종합 소매업,5219,대형 종합 소매업,백화점,1,47111,G,도매 및 소매업,47,소매업; 자동차 제외,471,종합 소매업,4711,대형 종합 소매업,백화점,1,,,,,
,884,521911,G,도매 및 소매업,52,소매업; 자동차 제외,521,종합 소매업,5219,대형 종합 소매업,기타 대형 종합 소매업,1,47119,G,도매 및 소매업,47,소매업; 자동차 제외,471,종합 소매업,4711,대형 종합 소매업,기타 대형 종합 소매업,1,,,,,
,885,521912,G,도매 및 소매업,52,소매업; 자동차 제외,521,종합 소매업,5219,대형 종합 소매업,대형 마트,1,47112,G,도매 및 소매업,47,소매업; 자동차 제외,471,종합 소매업,4711,대형 종합 소매업,대형 마트,1,,,,,
,886,521913,G,도매 및 소매업,52,소매업; 자동차 제외,521,종합 소매업,5219,면세점,면세점,1,47130,G,도매 및 소매업,47,소매업; 자동차 제외,471,종합 소매업,4713,면세점,면세점,1,,,,,
,887,521991,G,도매 및 소매업,52,소매업; 자동차 제외,521,종합 소매업,5219,그 외 기타 종합 소매업,그 외 기타 종합 소매업,1,47190,G,도매 및 소매업,47,소매업; 자동차 제외,471,종합 소매업,4719,그 외 기타 종합 소매업,그 외 기타 종합 소매업,1,,,,,
,888,521992,G,도매 및 소매업,52,소매업; 자동차 제외,521,종합 소매업,5219,음ㆍ식료품 위주 종합 소매업,체인화 편의점,1,47122,G,도매 및 소매업,47,소매업; 자동차 제외,471,종합 소매업,4712,음ㆍ식료품 위주 종합 소매업,체인화 편의점,1,,,,,
,889,522011,G,도매 및 소매업,52,소매업; 자동차 제외,522,음ㆍ식료품 및 담배 소매업,5220,신선식품 및 단순 가공식품 소매업,"곡물, 곡분 및 가축 사료 소매업",1,47211,G,도매 및 소매업,47,소매업; 자동차 제외,472,음ㆍ식료품 및 담배 소매업,4721,신선식품 및 단순 가공식품 소매업,"곡물, 곡분 및 가축 사료 소매업",2,1,,,,
,890,522012,G,도매 및 소매업,52,소매업; 자동차 제외,522,음ㆍ식료품 및 담배 소매업,5220,신선식품 및 단순 가공식품 소매업,"곡물, 곡분 및 가축 사료 소매업",1,47211,G,도매 및 소매업,47,소매업; 자동차 제외,472,음ㆍ식료품 및 담배 소매업,4721,신선식품 및 단순 가공식품 소매업,"곡물, 곡분 및 가축 사료 소매업",2,,가축용사료,,,
,891,522020,G,도매 및 소매업,52,소매업; 자동차 제외,522,음ㆍ식료품 및 담배 소매업,5220,신선식품 및 단순 가공식품 소매업,육류 소매업,1,47212,G,도매 및 소매업,47,소매업; 자동차 제외,472,음ㆍ식료품 및 담배 소매업,4721,신선식품 및 단순 가공식품 소매업,육류 소매업,1,,,,,
,892,522031,G,도매 및 소매업,52,소매업; 자동차 제외,522,음ㆍ식료품 및 담배 소매업,5220,신선식품 및 단순 가공식품 소매업,"신선, 냉동 및 기타 수산물 소매업",1,47214,G,도매 및 소매업,47,소매업; 자동차 제외,472,음ㆍ식료품 및 담배 소매업,4721,신선식품 및 단순 가공식품 소매업,"신선, 냉동 및 기타 수산물 소매업",1,,,,,
,893,522039,G,도매 및 소매업,52,소매업; 자동차 제외,522,음ㆍ식료품 및 담배 소매업,5220,신선식품 및 단순 가공식품 소매업,건어물 및 젓갈류 소매업,1,47213,G,도매 및 소매업,47,소매업; 자동차 제외,472,음ㆍ식료품 및 담배 소매업,4721,신선식품 및 단순 가공식품 소매업,건어물 및 젓갈류 소매업,1,,,,,
,894,522040,G,도매 및 소매업,52,소매업; 자동차 제외,522,음ㆍ식료품 및 담배 소매업,5220,신선식품 및 단순 가공식품 소매업,"채소, 과실 및 뿌리작물 소매업",1,47215,G,도매 및 소매업,47,소매업; 자동차 제외,472,음ㆍ식료품 및 담배 소매업,4721,신선식품 및 단순 가공식품 소매업,"채소, 과실 및 뿌리작물 소매업",2,2,채소 및 뿌리작물,,,
,895,522050,G,도매 및 소매업,52,소매업; 자동차 제외,522,음ㆍ식료품 및 담배 소매업,5220,신선식품 및 단순 가공식품 소매업,"채소, 과실 및 뿌리작물 소매업",1,47215,G,도매 및 소매업,47,소매업; 자동차 제외,472,음ㆍ식료품 및 담배 소매업,4721,신선식품 및 단순 가공식품 소매업,"채소, 과실 및 뿌리작물 소매업",2,2,과실,,,
,896,522061,G,도매 및 소매업,52,소매업; 자동차 제외,522,음ㆍ식료품 및 담배 소매업,5220,가공식품 소매업,"빵류, 과자류 및 당류 소매업",1,47221,G,도매 및 소매업,47,소매업; 자동차 제외,472,음ㆍ식료품 및 담배 소매업,4722,가공식품 소매업,"빵류, 과자류 및 당류 소매업",2,1,,,,
,897,522062,G,도매 및 소매업,52,소매업; 자동차 제외,522,음ㆍ식료품 및 담배 소매업,5220,가공식품 소매업,"빵류, 과자류 및 당류 소매업",1,47221,G,도매 및 소매업,47,소매업; 자동차 제외,472,음ㆍ식료품 및 담배 소매업,4722,가공식품 소매업,"빵류, 과자류 및 당류 소매업",2,,설탕,,,
,898,522063,G,도매 및 소매업,52,소매업; 자동차 제외,522,음ㆍ식료품 및 담배 소매업,5220,신선식품 및 단순 가공식품 소매업,기타 신선식품 및 단순 가공식품 소매업,2,47219,G,도매 및 소매업,47,소매업; 자동차 제외,472,음ㆍ식료품 및 담배 소매업,4721,신선식품 및 단순 가공식품 소매업,기타 신선식품 및 단순 가공식품 소매업,2,,제조하여 소매,,,
,898,522063,G,도매 및 소매업,52,소매업; 자동차 제외,522,음ㆍ식료품 및 담배 소매업,5220,가공식품 소매업,기타 가공식품 소매업,2,47229,G,도매 및 소매업,47,소매업; 자동차 제외,472,음ㆍ식료품 및 담배 소매업,4722,가공식품 소매업,기타 가공식품 소매업,2,,제조하여 소매,,,
,899,522071,G,도매 및 소매업,52,소매업; 자동차 제외,522,종합 소매업,5220,음ㆍ식료품 위주 종합 소매업,기타 음ㆍ식료품 위주 종합 소매업,1,47129,G,도매 및 소매업,47,소매업; 자동차 제외,471,종합 소매업,4712,음ㆍ식료품 위주 종합 소매업,기타 음ㆍ식료품 위주 종합 소매업,1,,,,,
,900,522080,G,도매 및 소매업,52,소매업; 자동차 제외,522,음ㆍ식료품 및 담배 소매업,5220,음료 및 담배 소매업,담배 소매업,1,47232,G,도매 및 소매업,47,소매업; 자동차 제외,472,음ㆍ식료품 및 담배 소매업,4723,음료 및 담배 소매업,담배 소매업,1,,,,,
,901,522081,G,도매 및 소매업,52,소매업; 자동차 제외,522,기타 생활용품 소매업,5220,그 외 기타 가정용품 소매업,그 외 기타 분류 안된 가정용품 소매업,1,47599,G,도매 및 소매업,47,소매업; 자동차 제외,475,기타 생활용품 소매업,4759,그 외 기타 가정용품 소매업,그 외 기타 분류 안된 가정용품 소매업,5,,쓰레기봉투,,,
,902,522082,R,"예술, 스포츠 및 여가관련 서비스업",52,스포츠 및 오락관련 서비스업,522,유원지 및 기타 오락관련 서비스업,5220,사행시설 관리 및 운영업,복권 발행 및 판매업,1,91241,R,"예술, 스포츠 및 여가관련 서비스업",91,스포츠 및 오락관련 서비스업,912,유원지 및 기타 오락관련 서비스업,9124,사행시설 관리 및 운영업,복권 발행 및 판매업,3,2,복권(소매),,,
,903,522091,G,도매 및 소매업,52,소매업; 자동차 제외,522,음ㆍ식료품 및 담배 소매업,5220,가공식품 소매업,건강 보조식품 소매업,1,47222,G,도매 및 소매업,47,소매업; 자동차 제외,472,음ㆍ식료품 및 담배 소매업,4722,가공식품 소매업,건강 보조식품 소매업,2,,홍삼과 홍삼제품,,,
,904,522092,G,도매 및 소매업,52,소매업; 자동차 제외,522,기타 상품 전문 소매업,5220,그 외 기타 상품 전문 소매업,그 외 기타 분류 안된 상품 전문 소매업,1,47859,G,도매 및 소매업,47,소매업; 자동차 제외,478,기타 상품 전문 소매업,4785,그 외 기타 상품 전문 소매업,그 외 기타 분류 안된 상품 전문 소매업,9,,인삼제품,,,
,905,522093,G,도매 및 소매업,52,소매업; 자동차 제외,522,음료 소매업,5220,음료 및 담배 소매업,음료 소매업,1,47231,G,도매 및 소매업,47,소매업; 자동차 제외,472,음료 소매업,4723,음료 및 담배 소매업,음료 소매업,5,,얼음,,,
,906,522094,G,도매 및 소매업,52,소매업; 자동차 제외,522,음료 소매업,5220,음료 및 담배 소매업,음료 소매업,1,47231,G,도매 및 소매업,47,소매업; 자동차 제외,472,음료 소매업,4723,음료 및 담배 소매업,음료 소매업,5,,알콜성음료,,,
,907,522095,G,도매 및 소매업,52,소매업; 자동차 제외,522,음료 소매업,5220,음료 및 담배 소매업,음료 소매업,1,47231,G,도매 및 소매업,47,소매업; 자동차 제외,472,음료 소매업,4723,음료 및 담배 소매업,음료 소매업,5,1,,,,
,908,522096,G,도매 및 소매업,52,소매업; 자동차 제외,522,음ㆍ식료품 및 담배 소매업,5220,신선식품 및 단순 가공식품 소매업,기타 신선식품 및 단순 가공식품 소매업,2,47219,G,도매 및 소매업,47,소매업; 자동차 제외,472,음ㆍ식료품 및 담배 소매업,4721,신선식품 및 단순 가공식품 소매업,기타 신선식품 및 단순 가공식품 소매업,2,1,,,,
,908,522096,G,도매 및 소매업,52,소매업; 자동차 제외,522,음ㆍ식료품 및 담배 소매업,5220,가공식품 소매업,기타 가공식품 소매업,2,47229,G,도매 및 소매업,47,소매업; 자동차 제외,472,음ㆍ식료품 및 담배 소매업,4722,가공식품 소매업,기타 가공식품 소매업,2,1,,,,
,909,522098,G,도매 및 소매업,52,소매업; 자동차 제외,522,음료 소매업,5220,음료 및 담배 소매업,음료 소매업,1,47231,G,도매 및 소매업,47,소매업; 자동차 제외,472,음료 소매업,4723,음료 및 담배 소매업,음료 소매업,5,,우유,,,
,910,522099,G,도매 및 소매업,52,소매업; 자동차 제외,522,음료 소매업,5220,음료 및 담배 소매업,음료 소매업,1,47231,G,도매 및 소매업,47,소매업; 자동차 제외,472,음료 소매업,4723,음료 및 담배 소매업,음료 소매업,5,,자기명의 외판원 수수료,,,
,911,522101,G,도매 및 소매업,52,소매업; 자동차 제외,522,음ㆍ식료품 및 담배 소매업,5221,가공식품 소매업,건강 보조식품 소매업,1,47222,G,도매 및 소매업,47,소매업; 자동차 제외,472,음ㆍ식료품 및 담배 소매업,4722,가공식품 소매업,건강 보조식품 소매업,2,1,,,,
,912,522105,G,도매 및 소매업,52,소매업; 자동차 제외,522,기타 상품 전문 소매업,5221,그 외 기타 상품 전문 소매업,그 외 기타 분류 안된 상품 전문 소매업,1,47859,G,도매 및 소매업,47,소매업; 자동차 제외,478,기타 상품 전문 소매업,4785,그 외 기타 상품 전문 소매업,그 외 기타 분류 안된 상품 전문 소매업,9,,한약업사,,,
,913,522109,G,도매 및 소매업,52,소매업; 자동차 제외,522,음ㆍ식료품 및 담배 소매업,5221,가공식품 소매업,조리 반찬류 소매업,1,47223,G,도매 및 소매업,47,소매업; 자동차 제외,472,음ㆍ식료품 및 담배 소매업,4722,가공식품 소매업,조리 반찬류 소매업,1,,,,,
,914,523111,G,도매 및 소매업,52,소매업; 자동차 제외,523,기타 상품 전문 소매업,5231,"의약품, 의료용 기구, 화장품 및 방향제 소매업",의약품 및 의료용품 소매업,1,47811,G,도매 및 소매업,47,소매업; 자동차 제외,478,기타 상품 전문 소매업,4781,"의약품, 의료용 기구, 화장품 및 방향제 소매업",의약품 및 의료용품 소매업,3,2,의약품,,,
,915,523114,G,도매 및 소매업,52,소매업; 자동차 제외,523,기타 상품 전문 소매업,5231,"의약품, 의료용 기구, 화장품 및 방향제 소매업",의약품 및 의료용품 소매업,1,47811,G,도매 및 소매업,47,소매업; 자동차 제외,478,기타 상품 전문 소매업,4781,"의약품, 의료용 기구, 화장품 및 방향제 소매업",의약품 및 의료용품 소매업,3,,한약소매 등,,,
,916,523116,G,도매 및 소매업,52,소매업; 자동차 제외,523,기타 상품 전문 소매업,5231,"의약품, 의료용 기구, 화장품 및 방향제 소매업",의약품 및 의료용품 소매업,1,47811,G,도매 및 소매업,47,소매업; 자동차 제외,478,기타 상품 전문 소매업,4781,"의약품, 의료용 기구, 화장품 및 방향제 소매업",의약품 및 의료용품 소매업,3,2,의료용품,,,
,917,523120,G,도매 및 소매업,52,소매업; 자동차 제외,523,기타 상품 전문 소매업,5231,"의약품, 의료용 기구, 화장품 및 방향제 소매업",의료용 기구 소매업,1,47812,G,도매 및 소매업,47,소매업; 자동차 제외,478,기타 상품 전문 소매업,4781,"의약품, 의료용 기구, 화장품 및 방향제 소매업",의료용 기구 소매업,1,,,,,
,918,523131,G,도매 및 소매업,52,소매업; 자동차 제외,523,기타 상품 전문 소매업,5231,"의약품, 의료용 기구, 화장품 및 방향제 소매업","화장품, 비누 및 방향제 소매업",1,47813,G,도매 및 소매업,47,소매업; 자동차 제외,478,기타 상품 전문 소매업,4781,"의약품, 의료용 기구, 화장품 및 방향제 소매업","화장품, 비누 및 방향제 소매업",1,,,,,
,919,523132,G,도매 및 소매업,52,소매업; 자동차 제외,523,무점포 소매업,5231,기타 무점포 소매업,방문 판매업,1,47993,G,도매 및 소매업,47,소매업; 자동차 제외,479,무점포 소매업,4799,기타 무점포 소매업,방문 판매업,2,2,자기명의의 화장품 외판원,,,
,920,523211,G,도매 및 소매업,52,소매업; 자동차 제외,523,"섬유, 의복, 신발 및 가죽제품 소매업",5232,"섬유, 직물 및 의복 액세서리 소매업","섬유 원단, 실 및 기타 섬유제품 소매업",1,47429,G,도매 및 소매업,47,소매업; 자동차 제외,474,"섬유, 의복, 신발 및 가죽제품 소매업",4742,"섬유, 직물 및 의복 액세서리 소매업","섬유 원단, 실 및 기타 섬유제품 소매업",3,,한복지,,,
,921,523214,G,도매 및 소매업,52,소매업; 자동차 제외,523,"섬유, 의복, 신발 및 가죽제품 소매업",5232,"섬유, 직물 및 의복 액세서리 소매업","섬유 원단, 실 및 기타 섬유제품 소매업",1,47429,G,도매 및 소매업,47,소매업; 자동차 제외,474,"섬유, 의복, 신발 및 가죽제품 소매업",4742,"섬유, 직물 및 의복 액세서리 소매업","섬유 원단, 실 및 기타 섬유제품 소매업",3,1,,,,
,922,523221,G,도매 및 소매업,52,소매업; 자동차 제외,523,"섬유, 의복, 신발 및 가죽제품 소매업",5232,의복 소매업,속옷 및 잠옷 소매업,1,47413,G,도매 및 소매업,47,소매업; 자동차 제외,474,"섬유, 의복, 신발 및 가죽제품 소매업",4741,의복 소매업,속옷 및 잠옷 소매업,1,,,,,
,923,523223,G,도매 및 소매업,52,소매업; 자동차 제외,523,"섬유, 의복, 신발 및 가죽제품 소매업",5232,의복 소매업,유아용 의류 소매업,1,47417,G,도매 및 소매업,47,소매업; 자동차 제외,474,"섬유, 의복, 신발 및 가죽제품 소매업",4741,의복 소매업,유아용 의류 소매업,1,,,,,
,924,523231,G,도매 및 소매업,52,소매업; 자동차 제외,523,"섬유, 의복, 신발 및 가죽제품 소매업",5232,의복 소매업,셔츠 및 블라우스 소매업,1,47414,G,도매 및 소매업,47,소매업; 자동차 제외,474,"섬유, 의복, 신발 및 가죽제품 소매업",4741,의복 소매업,셔츠 및 블라우스 소매업,1,,,,,
,925,523233,G,도매 및 소매업,52,소매업; 자동차 제외,523,"섬유, 의복, 신발 및 가죽제품 소매업",5232,의복 소매업,남자용 겉옷 소매업,1,47411,G,도매 및 소매업,47,소매업; 자동차 제외,474,"섬유, 의복, 신발 및 가죽제품 소매업",4741,의복 소매업,남자용 겉옷 소매업,1,,,,,
,926,523234,G,도매 및 소매업,52,소매업; 자동차 제외,523,"섬유, 의복, 신발 및 가죽제품 소매업",5232,의복 소매업,여자용 겉옷 소매업,1,47412,G,도매 및 소매업,47,소매업; 자동차 제외,474,"섬유, 의복, 신발 및 가죽제품 소매업",4741,의복 소매업,여자용 겉옷 소매업,1,,,,,
,927,523235,G,도매 및 소매업,52,소매업; 자동차 제외,523,"섬유, 의복, 신발 및 가죽제품 소매업",5232,의복 소매업,한복 소매업,1,47415,G,도매 및 소매업,47,소매업; 자동차 제외,474,"섬유, 의복, 신발 및 가죽제품 소매업",4741,의복 소매업,한복 소매업,1,,,,,
,928,523236,G,도매 및 소매업,52,소매업; 자동차 제외,523,"섬유, 의복, 신발 및 가죽제품 소매업",5232,의복 소매업,가죽 및 모피 의복 소매업,1,47416,G,도매 및 소매업,47,소매업; 자동차 제외,474,"섬유, 의복, 신발 및 가죽제품 소매업",4741,의복 소매업,가죽 및 모피 의복 소매업,1,,,,,
,929,523237,G,도매 및 소매업,52,소매업; 자동차 제외,523,"섬유, 의복, 신발 및 가죽제품 소매업",5232,의복 소매업,기타 의복 소매업,1,47419,G,도매 및 소매업,47,소매업; 자동차 제외,474,"섬유, 의복, 신발 및 가죽제품 소매업",4741,의복 소매업,기타 의복 소매업,3,1,,,,
,930,523241,G,도매 및 소매업,52,소매업; 자동차 제외,523,"섬유, 의복, 신발 및 가죽제품 소매업",5232,신발 소매업,신발 소매업,1,47430,G,도매 및 소매업,47,소매업; 자동차 제외,474,"섬유, 의복, 신발 및 가죽제품 소매업",4743,신발 소매업,신발 소매업,2,,"구두, 캐주얼화",,,
,931,523242,G,도매 및 소매업,52,소매업; 자동차 제외,523,"섬유, 의복, 신발 및 가죽제품 소매업",5232,신발 소매업,신발 소매업,1,47430,G,도매 및 소매업,47,소매업; 자동차 제외,474,"섬유, 의복, 신발 및 가죽제품 소매업",4743,신발 소매업,신발 소매업,2,1,,,,
,932,523252,G,도매 및 소매업,52,소매업; 자동차 제외,523,"섬유, 의복, 신발 및 가죽제품 소매업",5232,"섬유, 직물 및 의복 액세서리 소매업",의복 액세서리 및 모조 장신구 소매업,1,47422,G,도매 및 소매업,47,소매업; 자동차 제외,474,"섬유, 의복, 신발 및 가죽제품 소매업",4742,"섬유, 직물 및 의복 액세서리 소매업",의복 액세서리 및 모조 장신구 소매업,3,2,의복 액세서리,,,
,933,523260,G,도매 및 소매업,52,소매업; 자동차 제외,523,"섬유, 의복, 신발 및 가죽제품 소매업",5232,가방 및 기타 가죽제품 소매업,가방 및 기타 가죽제품 소매업,1,47440,G,도매 및 소매업,47,소매업; 자동차 제외,474,"섬유, 의복, 신발 및 가죽제품 소매업",4744,가방 및 기타 가죽제품 소매업,가방 및 기타 가죽제품 소매업,2,1,,,,
,934,523291,G,도매 및 소매업,52,소매업; 자동차 제외,523,"섬유, 의복, 신발 및 가죽제품 소매업",5232,"섬유, 직물 및 의복 액세서리 소매업","섬유 원단, 실 및 기타 섬유제품 소매업",1,47429,G,도매 및 소매업,47,소매업; 자동차 제외,474,"섬유, 의복, 신발 및 가죽제품 소매업",4742,"섬유, 직물 및 의복 액세서리 소매업","섬유 원단, 실 및 기타 섬유제품 소매업",3,,실,,,
,935,523292,G,도매 및 소매업,52,소매업; 자동차 제외,523,"섬유, 의복, 신발 및 가죽제품 소매업",5232,"섬유, 직물 및 의복 액세서리 소매업",의복 액세서리 및 모조 장신구 소매업,1,47422,G,도매 및 소매업,47,소매업; 자동차 제외,474,"섬유, 의복, 신발 및 가죽제품 소매업",4742,"섬유, 직물 및 의복 액세서리 소매업",의복 액세서리 및 모조 장신구 소매업,3,2,모조 장신구,,,
,936,523311,G,도매 및 소매업,52,소매업; 자동차 제외,523,기타 생활용품 소매업,5233,가구 소매업,가구 소매업,1,47520,G,도매 및 소매업,47,소매업; 자동차 제외,475,기타 생활용품 소매업,4752,가구 소매업,가구 소매업,4,,금속제가구,,,
,937,523312,G,도매 및 소매업,52,소매업; 자동차 제외,523,기타 생활용품 소매업,5233,가구 소매업,가구 소매업,1,47520,G,도매 및 소매업,47,소매업; 자동차 제외,475,기타 생활용품 소매업,4752,가구 소매업,가구 소매업,4,1,,,,
,938,523314,G,도매 및 소매업,52,소매업; 자동차 제외,523,기타 생활용품 소매업,5233,가구 소매업,가구 소매업,1,47520,G,도매 및 소매업,47,소매업; 자동차 제외,475,기타 생활용품 소매업,4752,가구 소매업,가구 소매업,4,,가구 전문 판매 대리점(성실신고 회원),,,
,939,523321,G,도매 및 소매업,52,소매업; 자동차 제외,523,가전제품 및 정보 통신장비 소매업,5233,가전제품 소매업,가전제품 소매업,1,47320,G,도매 및 소매업,47,소매업; 자동차 제외,473,가전제품 및 정보 통신장비 소매업,4732,가전제품 소매업,가전제품 소매업,3,1,,,,
,940,523323,G,도매 및 소매업,52,소매업; 자동차 제외,523,가전제품 및 정보 통신장비 소매업,5233,"컴퓨터 및 주변장치, 소프트웨어 및 통신기기 소매업",통신기기 소매업,1,47312,G,도매 및 소매업,47,소매업; 자동차 제외,473,가전제품 및 정보 통신장비 소매업,4731,"컴퓨터 및 주변장치, 소프트웨어 및 통신기기 소매업",통신기기 소매업,1,,,,,
,941,523330,G,도매 및 소매업,52,소매업; 자동차 제외,523,가전제품 및 정보 통신장비 소매업,5233,가전제품 소매업,가전제품 소매업,1,47320,G,도매 및 소매업,47,소매업; 자동차 제외,473,가전제품 및 정보 통신장비 소매업,4732,가전제품 소매업,가전제품 소매업,3,,가스렌지,,,
,942,523331,G,도매 및 소매업,52,소매업; 자동차 제외,523,기타 생활용품 소매업,5233,가구 소매업,가구 소매업,1,47520,G,도매 및 소매업,47,소매업; 자동차 제외,475,기타 생활용품 소매업,4752,가구 소매업,가구 소매업,4,,싱크대,,,
,943,523332,G,도매 및 소매업,52,소매업; 자동차 제외,523,기타 생활용품 소매업,5233,그 외 기타 가정용품 소매업,"주방용품 및 가정용 유리, 요업제품 소매업",1,47592,G,도매 및 소매업,47,소매업; 자동차 제외,475,기타 생활용품 소매업,4759,그 외 기타 가정용품 소매업,"주방용품 및 가정용 유리, 요업제품 소매업",2,1,,,,
,944,523341,G,도매 및 소매업,52,소매업; 자동차 제외,523,기타 생활용품 소매업,5233,그 외 기타 가정용품 소매업,악기 소매업,1,47593,G,도매 및 소매업,47,소매업; 자동차 제외,475,기타 생활용품 소매업,4759,그 외 기타 가정용품 소매업,악기 소매업,2,,피아노,,,
,945,523349,G,도매 및 소매업,52,소매업; 자동차 제외,523,기타 생활용품 소매업,5233,그 외 기타 가정용품 소매업,악기 소매업,1,47593,G,도매 및 소매업,47,소매업; 자동차 제외,475,기타 생활용품 소매업,4759,그 외 기타 가정용품 소매업,악기 소매업,2,1,기타악기,,,
,946,523352,G,도매 및 소매업,52,소매업; 자동차 제외,523,기타 생활용품 소매업,5233,그 외 기타 가정용품 소매업,전기용품 및 조명장치 소매업,1,47591,G,도매 및 소매업,47,소매업; 자동차 제외,475,기타 생활용품 소매업,4759,그 외 기타 가정용품 소매업,전기용품 및 조명장치 소매업,1,,,,,
,947,523361,G,도매 및 소매업,52,소매업; 자동차 제외,523,"섬유, 의복, 신발 및 가죽제품 소매업",5233,"섬유, 직물 및 의복 액세서리 소매업",가정용 직물제품 소매업,1,47421,G,도매 및 소매업,47,소매업; 자동차 제외,474,"섬유, 의복, 신발 및 가죽제품 소매업",4742,"섬유, 직물 및 의복 액세서리 소매업",가정용 직물제품 소매업,2,,"커튼, 카페트",,,
,948,523363,G,도매 및 소매업,52,소매업; 자동차 제외,523,"섬유, 의복, 신발 및 가죽제품 소매업",5233,"섬유, 직물 및 의복 액세서리 소매업",가정용 직물제품 소매업,1,47421,G,도매 및 소매업,47,소매업; 자동차 제외,474,"섬유, 의복, 신발 및 가죽제품 소매업",4742,"섬유, 직물 및 의복 액세서리 소매업",가정용 직물제품 소매업,2,1,,,,
,949,523370,G,도매 및 소매업,52,소매업; 자동차 제외,523,기타 생활용품 소매업,5233,그 외 기타 가정용품 소매업,그 외 기타 분류 안된 가정용품 소매업,1,47599,G,도매 및 소매업,47,소매업; 자동차 제외,475,기타 생활용품 소매업,4759,그 외 기타 가정용품 소매업,그 외 기타 분류 안된 가정용품 소매업,5,,"등세공품, 조물제품 및 기타 목제품, 고공품 및 돗자리, 죽세공품",,,
,950,523390,G,도매 및 소매업,52,소매업; 자동차 제외,523,가전제품 및 정보 통신장비 소매업,5233,가전제품 소매업,가전제품 소매업,1,47320,G,도매 및 소매업,47,소매업; 자동차 제외,473,가전제품 및 정보 통신장비 소매업,4732,가전제품 소매업,가전제품 소매업,3,,전기식 정수기,,,
,951,523391,G,도매 및 소매업,52,소매업; 자동차 제외,523,기타 생활용품 소매업,5233,그 외 기타 가정용품 소매업,그 외 기타 분류 안된 가정용품 소매업,1,47599,G,도매 및 소매업,47,소매업; 자동차 제외,475,기타 생활용품 소매업,4759,그 외 기타 가정용품 소매업,그 외 기타 분류 안된 가정용품 소매업,5,1,,,,
,952,523411,G,도매 및 소매업,52,소매업; 자동차 제외,523,기타 생활용품 소매업,5234,"철물, 공구, 창호 및 건설자재 소매업",철물 및 난방용구 소매업,1,47511,G,도매 및 소매업,47,소매업; 자동차 제외,475,기타 생활용품 소매업,4751,"철물, 공구, 창호 및 건설자재 소매업",철물 및 난방용구 소매업,2,2,철물,,,
,953,523412,G,도매 및 소매업,52,소매업; 자동차 제외,523,기타 생활용품 소매업,5234,"철물, 공구, 창호 및 건설자재 소매업",철물 및 난방용구 소매업,1,47511,G,도매 및 소매업,47,소매업; 자동차 제외,475,기타 생활용품 소매업,4751,"철물, 공구, 창호 및 건설자재 소매업",철물 및 난방용구 소매업,2,2,난방용구,,,
,954,523413,G,도매 및 소매업,52,소매업; 자동차 제외,523,기타 생활용품 소매업,5234,"철물, 공구, 창호 및 건설자재 소매업",공구 소매업,1,47512,G,도매 및 소매업,47,소매업; 자동차 제외,475,기타 생활용품 소매업,4751,"철물, 공구, 창호 및 건설자재 소매업",공구 소매업,2,,농업용,,,
,955,523421,G,도매 및 소매업,52,소매업; 자동차 제외,523,기타 생활용품 소매업,5234,"철물, 공구, 창호 및 건설자재 소매업","페인트, 창호 및 기타 건설자재 소매업",1,47519,G,도매 및 소매업,47,소매업; 자동차 제외,475,기타 생활용품 소매업,4751,"철물, 공구, 창호 및 건설자재 소매업","페인트, 창호 및 기타 건설자재 소매업",5,,페인트,,,
,956,523422,G,도매 및 소매업,52,소매업; 자동차 제외,523,기타 생활용품 소매업,5234,그 외 기타 가정용품 소매업,"주방용품 및 가정용 유리, 요업제품 소매업",1,47592,G,도매 및 소매업,47,소매업; 자동차 제외,475,기타 생활용품 소매업,4759,그 외 기타 가정용품 소매업,"주방용품 및 가정용 유리, 요업제품 소매업",2,,가정용 유리제품,,,
,957,523491,G,도매 및 소매업,52,소매업; 자동차 제외,523,기타 생활용품 소매업,5234,"철물, 공구, 창호 및 건설자재 소매업","페인트, 창호 및 기타 건설자재 소매업",1,47519,G,도매 및 소매업,47,소매업; 자동차 제외,475,기타 생활용품 소매업,4751,"철물, 공구, 창호 및 건설자재 소매업","페인트, 창호 및 기타 건설자재 소매업",5,,시멘트,,,
,958,523492,G,도매 및 소매업,52,소매업; 자동차 제외,523,기타 생활용품 소매업,5234,"철물, 공구, 창호 및 건설자재 소매업","페인트, 창호 및 기타 건설자재 소매업",1,47519,G,도매 및 소매업,47,소매업; 자동차 제외,475,기타 생활용품 소매업,4751,"철물, 공구, 창호 및 건설자재 소매업","페인트, 창호 및 기타 건설자재 소매업",5,,"철근, 각종 타일, 위생용도기",,,
,959,523494,G,도매 및 소매업,52,소매업; 자동차 제외,523,기타 생활용품 소매업,5234,"철물, 공구, 창호 및 건설자재 소매업","페인트, 창호 및 기타 건설자재 소매업",1,47519,G,도매 및 소매업,47,소매업; 자동차 제외,475,기타 생활용품 소매업,4751,"철물, 공구, 창호 및 건설자재 소매업","페인트, 창호 및 기타 건설자재 소매업",5,,"하드보드, 목재류",,,
,960,523499,G,도매 및 소매업,52,소매업; 자동차 제외,523,기타 생활용품 소매업,5234,"철물, 공구, 창호 및 건설자재 소매업","페인트, 창호 및 기타 건설자재 소매업",1,47519,G,도매 및 소매업,47,소매업; 자동차 제외,475,기타 생활용품 소매업,4751,"철물, 공구, 창호 및 건설자재 소매업","페인트, 창호 및 기타 건설자재 소매업",5,1,,,,
,961,523511,G,도매 및 소매업,52,소매업; 자동차 제외,523,"문화, 오락 및 여가 용품 소매업",5235,서적 및 문구용품 소매업,"서적, 신문 및 잡지류 소매업",1,47611,G,도매 및 소매업,47,소매업; 자동차 제외,476,"문화, 오락 및 여가 용품 소매업",4761,서적 및 문구용품 소매업,"서적, 신문 및 잡지류 소매업",2,1,,,,
,962,523520,G,도매 및 소매업,52,소매업; 자동차 제외,523,"문화, 오락 및 여가 용품 소매업",5235,서적 및 문구용품 소매업,문구용품 및 회화용품 소매업,1,47612,G,도매 및 소매업,47,소매업; 자동차 제외,476,"문화, 오락 및 여가 용품 소매업",4761,서적 및 문구용품 소매업,문구용품 및 회화용품 소매업,2,1,,,,
,963,523521,G,도매 및 소매업,52,소매업; 자동차 제외,523,"문화, 오락 및 여가 용품 소매업",5235,서적 및 문구용품 소매업,"서적, 신문 및 잡지류 소매업",1,47611,G,도매 및 소매업,47,소매업; 자동차 제외,476,"문화, 오락 및 여가 용품 소매업",4761,서적 및 문구용품 소매업,"서적, 신문 및 잡지류 소매업",2,,교구,,,
,964,523531,G,도매 및 소매업,52,소매업; 자동차 제외,523,가전제품 및 정보 통신장비 소매업,5235,"컴퓨터 및 주변장치, 소프트웨어 및 통신기기 소매업","컴퓨터 및 주변장치, 소프트웨어 소매업",1,47311,G,도매 및 소매업,47,소매업; 자동차 제외,473,가전제품 및 정보 통신장비 소매업,4731,"컴퓨터 및 주변장치, 소프트웨어 및 통신기기 소매업","컴퓨터 및 주변장치, 소프트웨어 소매업",1,,,,,
,965,523532,G,도매 및 소매업,52,소매업; 자동차 제외,523,기타 상품 전문 소매업,5235,"사무용 기기, 안경, 사진장비 및 정밀기기 소매업",사무용 기기 소매업,1,47821,G,도매 및 소매업,47,소매업; 자동차 제외,478,기타 상품 전문 소매업,4782,"사무용 기기, 안경, 사진장비 및 정밀기기 소매업",사무용 기기 소매업,1,,,,,
,966,523541,G,도매 및 소매업,52,소매업; 자동차 제외,523,기타 상품 전문 소매업,5235,"사무용 기기, 안경, 사진장비 및 정밀기기 소매업",안경 및 렌즈 소매업,1,47822,G,도매 및 소매업,47,소매업; 자동차 제외,478,기타 상품 전문 소매업,4782,"사무용 기기, 안경, 사진장비 및 정밀기기 소매업",안경 및 렌즈 소매업,1,,,,,
,967,523550,G,도매 및 소매업,52,소매업; 자동차 제외,523,기타 상품 전문 소매업,5235,"사무용 기기, 안경, 사진장비 및 정밀기기 소매업",사진기 및 사진용품 소매업,1,47823,G,도매 및 소매업,47,소매업; 자동차 제외,478,기타 상품 전문 소매업,4782,"사무용 기기, 안경, 사진장비 및 정밀기기 소매업",사진기 및 사진용품 소매업,1,,,,,
,968,523552,G,도매 및 소매업,52,소매업; 자동차 제외,523,기타 상품 전문 소매업,5235,"사무용 기기, 안경, 사진장비 및 정밀기기 소매업",기타 광학 및 정밀 기기 소매업,1,47829,G,도매 및 소매업,47,소매업; 자동차 제외,478,기타 상품 전문 소매업,4782,"사무용 기기, 안경, 사진장비 및 정밀기기 소매업",기타 광학 및 정밀 기기 소매업,1,,,,,
,969,523611,G,도매 및 소매업,52,소매업; 자동차 제외,523,연료 소매업,5236,가정용 연료 소매업,가정용 고체 연료 소매업,1,47721,G,도매 및 소매업,47,소매업; 자동차 제외,477,연료 소매업,4772,가정용 연료 소매업,가정용 고체 연료 소매업,3,,연탄,,,
,970,523612,G,도매 및 소매업,52,소매업; 자동차 제외,523,연료 소매업,5236,가정용 연료 소매업,가정용 고체 연료 소매업,1,47721,G,도매 및 소매업,47,소매업; 자동차 제외,477,연료 소매업,4772,가정용 연료 소매업,가정용 고체 연료 소매업,3,,"무연탄, 연탄을 제외한 석탄연료, 유연탄, 토탄",,,
,971,523619,G,도매 및 소매업,52,소매업; 자동차 제외,523,연료 소매업,5236,가정용 연료 소매업,가정용 고체 연료 소매업,1,47721,G,도매 및 소매업,47,소매업; 자동차 제외,477,연료 소매업,4772,가정용 연료 소매업,가정용 고체 연료 소매업,3,1,,,,
,972,523621,G,도매 및 소매업,52,소매업; 자동차 제외,523,연료 소매업,5236,가정용 연료 소매업,가정용 액체 연료 소매업,1,47722,G,도매 및 소매업,47,소매업; 자동차 제외,477,연료 소매업,4772,가정용 연료 소매업,가정용 액체 연료 소매업,1,,,,,
,973,523630,G,도매 및 소매업,52,소매업; 자동차 제외,523,연료 소매업,5236,가정용 연료 소매업,가정용 가스 연료 소매업,1,47723,G,도매 및 소매업,47,소매업; 자동차 제외,477,연료 소매업,4772,가정용 연료 소매업,가정용 가스 연료 소매업,1,,,,,
,974,523910,G,도매 및 소매업,52,소매업; 자동차 제외,523,기타 생활용품 소매업,5239,"철물, 공구, 창호 및 건설자재 소매업","벽지, 마루덮개 및 장판류 소매업",1,47513,G,도매 및 소매업,47,소매업; 자동차 제외,475,기타 생활용품 소매업,4751,"철물, 공구, 창호 및 건설자재 소매업","벽지, 마루덮개 및 장판류 소매업",1,,,,,
,975,523921,G,도매 및 소매업,52,소매업; 자동차 제외,523,기타 상품 전문 소매업,5239,시계 및 귀금속 소매업,시계 및 귀금속 소매업,1,47830,G,도매 및 소매업,47,소매업; 자동차 제외,478,기타 상품 전문 소매업,4783,시계 및 귀금속 소매업,시계 및 귀금속 소매업,3,,제품화하거나 세공하지 않은 황금,,,
,976,523922,G,도매 및 소매업,52,소매업; 자동차 제외,523,기타 상품 전문 소매업,5239,시계 및 귀금속 소매업,시계 및 귀금속 소매업,1,47830,G,도매 및 소매업,47,소매업; 자동차 제외,478,기타 상품 전문 소매업,4783,시계 및 귀금속 소매업,시계 및 귀금속 소매업,3,2,귀금속,,,
,977,523923,G,도매 및 소매업,52,소매업; 자동차 제외,523,기타 상품 전문 소매업,5239,시계 및 귀금속 소매업,시계 및 귀금속 소매업,1,47830,G,도매 및 소매업,47,소매업; 자동차 제외,478,기타 상품 전문 소매업,4783,시계 및 귀금속 소매업,시계 및 귀금속 소매업,3,2,시계,,,
,978,523931,G,도매 및 소매업,52,소매업; 자동차 제외,523,"문화, 오락 및 여가 용품 소매업",5239,운동용품 및 자전거 소매업,운동 및 경기용품 소매업,1,47631,G,도매 및 소매업,47,소매업; 자동차 제외,476,"문화, 오락 및 여가 용품 소매업",4763,운동용품 및 자전거 소매업,운동 및 경기용품 소매업,2,,골프장비,,,
,979,523932,G,도매 및 소매업,52,소매업; 자동차 제외,523,"문화, 오락 및 여가 용품 소매업",5239,운동용품 및 자전거 소매업,운동 및 경기용품 소매업,1,47631,G,도매 및 소매업,47,소매업; 자동차 제외,476,"문화, 오락 및 여가 용품 소매업",4763,운동용품 및 자전거 소매업,운동 및 경기용품 소매업,2,1,,,,
,980,523935,G,도매 및 소매업,52,소매업; 자동차 제외,523,"섬유, 의복, 신발 및 가죽제품 소매업",5239,의복 소매업,기타 의복 소매업,1,47419,G,도매 및 소매업,47,소매업; 자동차 제외,474,"섬유, 의복, 신발 및 가죽제품 소매업",4741,의복 소매업,기타 의복 소매업,3,,등산용의류,,,
,981,523936,G,도매 및 소매업,52,소매업; 자동차 제외,523,"섬유, 의복, 신발 및 가죽제품 소매업",5239,의복 소매업,기타 의복 소매업,1,47419,G,도매 및 소매업,47,소매업; 자동차 제외,474,"섬유, 의복, 신발 및 가죽제품 소매업",4741,의복 소매업,기타 의복 소매업,3,,스포츠의류,,,
,982,523940,G,도매 및 소매업,52,소매업; 자동차 제외,523,"문화, 오락 및 여가 용품 소매업",5239,"게임용구, 인형 및 장난감 소매업","게임용구, 인형 및 장난감 소매업",1,47640,G,도매 및 소매업,47,소매업; 자동차 제외,476,"문화, 오락 및 여가 용품 소매업",4764,"게임용구, 인형 및 장난감 소매업","게임용구, 인형 및 장난감 소매업",1,,,,,
,983,523951,G,도매 및 소매업,52,소매업; 자동차 제외,523,기타 상품 전문 소매업,5239,"예술품, 기념품 및 장식용품 소매업",예술품 및 골동품 소매업,1,47841,G,도매 및 소매업,47,소매업; 자동차 제외,478,기타 상품 전문 소매업,4784,"예술품, 기념품 및 장식용품 소매업",예술품 및 골동품 소매업,2,1,,,,
,984,523952,G,도매 및 소매업,52,소매업; 자동차 제외,523,기타 상품 전문 소매업,5239,"예술품, 기념품 및 장식용품 소매업",예술품 및 골동품 소매업,1,47841,G,도매 및 소매업,47,소매업; 자동차 제외,478,기타 상품 전문 소매업,4784,"예술품, 기념품 및 장식용품 소매업",예술품 및 골동품 소매업,2,,화랑(미술품),,,
,985,523954,G,도매 및 소매업,52,소매업; 자동차 제외,523,기타 상품 전문 소매업,5239,그 외 기타 상품 전문 소매업,그 외 기타 분류 안된 상품 전문 소매업,1,47859,G,도매 및 소매업,47,소매업; 자동차 제외,478,기타 상품 전문 소매업,4785,그 외 기타 상품 전문 소매업,그 외 기타 분류 안된 상품 전문 소매업,9,,수석,,,
,986,523961,G,도매 및 소매업,52,소매업; 자동차 제외,523,기타 상품 전문 소매업,5239,"예술품, 기념품 및 장식용품 소매업","기념품, 관광 민예품 및 장식용품 소매업",1,47842,G,도매 및 소매업,47,소매업; 자동차 제외,478,기타 상품 전문 소매업,4784,"예술품, 기념품 및 장식용품 소매업","기념품, 관광 민예품 및 장식용품 소매업",1,,,,,
,987,523970,G,도매 및 소매업,52,소매업; 자동차 제외,523,"문화, 오락 및 여가 용품 소매업",5239,운동용품 및 자전거 소매업,자전거 및 기타 운송장비 소매업,1,47632,G,도매 및 소매업,47,소매업; 자동차 제외,476,"문화, 오락 및 여가 용품 소매업",4763,운동용품 및 자전거 소매업,자전거 및 기타 운송장비 소매업,1,,,,,
,988,523980,G,도매 및 소매업,52,소매업; 자동차 제외,523,"문화, 오락 및 여가 용품 소매업",5239,음반 및 비디오물 소매업,음반 및 비디오물 소매업,1,47620,G,도매 및 소매업,47,소매업; 자동차 제외,476,"문화, 오락 및 여가 용품 소매업",4762,음반 및 비디오물 소매업,음반 및 비디오물 소매업,1,,,,,
,989,523981,G,도매 및 소매업,52,소매업; 자동차 제외,523,기타 생활용품 소매업,5239,그 외 기타 가정용품 소매업,그 외 기타 분류 안된 가정용품 소매업,1,47599,G,도매 및 소매업,47,소매업; 자동차 제외,475,기타 생활용품 소매업,4759,그 외 기타 가정용품 소매업,그 외 기타 분류 안된 가정용품 소매업,5,,"우산, 양산",,,
,990,523982,G,도매 및 소매업,52,소매업; 자동차 제외,523,기타 생활용품 소매업,5239,그 외 기타 가정용품 소매업,그 외 기타 분류 안된 가정용품 소매업,1,47599,G,도매 및 소매업,47,소매업; 자동차 제외,475,기타 생활용품 소매업,4759,그 외 기타 가정용품 소매업,그 외 기타 분류 안된 가정용품 소매업,5,,이ㆍ 미용기구,,,
,991,523983,G,도매 및 소매업,52,소매업; 자동차 제외,523,"문화, 오락 및 여가 용품 소매업",5239,서적 및 문구용품 소매업,문구용품 및 회화용품 소매업,1,47612,G,도매 및 소매업,47,소매업; 자동차 제외,476,"문화, 오락 및 여가 용품 소매업",4761,서적 및 문구용품 소매업,문구용품 및 회화용품 소매업,2,,도장(인장류),,,
,992,523984,G,도매 및 소매업,52,소매업; 자동차 제외,523,기타 상품 전문 소매업,5239,그 외 기타 상품 전문 소매업,그 외 기타 분류 안된 상품 전문 소매업,1,47859,G,도매 및 소매업,47,소매업; 자동차 제외,478,기타 상품 전문 소매업,4785,그 외 기타 상품 전문 소매업,그 외 기타 분류 안된 상품 전문 소매업,9,,우표,,,
,993,523985,G,도매 및 소매업,52,소매업; 자동차 제외,523,기타 상품 전문 소매업,5239,그 외 기타 상품 전문 소매업,그 외 기타 분류 안된 상품 전문 소매업,1,47859,G,도매 및 소매업,47,소매업; 자동차 제외,478,기타 상품 전문 소매업,4785,그 외 기타 상품 전문 소매업,그 외 기타 분류 안된 상품 전문 소매업,9,,인지,,,
,994,523986,G,도매 및 소매업,52,소매업; 자동차 제외,523,기타 상품 전문 소매업,5239,그 외 기타 상품 전문 소매업,그 외 기타 분류 안된 상품 전문 소매업,1,47859,G,도매 및 소매업,47,소매업; 자동차 제외,478,기타 상품 전문 소매업,4785,그 외 기타 상품 전문 소매업,그 외 기타 분류 안된 상품 전문 소매업,9,,소방기구,,,
,995,523987,G,도매 및 소매업,52,소매업; 자동차 제외,523,기타 상품 전문 소매업,5239,그 외 기타 상품 전문 소매업,화초 및 식물 소매업,1,47851,G,도매 및 소매업,47,소매업; 자동차 제외,478,기타 상품 전문 소매업,4785,그 외 기타 상품 전문 소매업,화초 및 식물 소매업,2,,종자,,,
,996,523988,G,도매 및 소매업,52,소매업; 자동차 제외,523,기타 상품 전문 소매업,5239,그 외 기타 상품 전문 소매업,화초 및 식물 소매업,1,47851,G,도매 및 소매업,47,소매업; 자동차 제외,478,기타 상품 전문 소매업,4785,그 외 기타 상품 전문 소매업,화초 및 식물 소매업,2,1,,,,
,997,523990,N,"사업시설 관리, 사업 지원 및 임대 서비스업",52,사업 지원 서비스업,523,여행사 및 기타 여행 보조 서비스업,5239,기타 여행 보조 및 예약 서비스업,기타 여행 보조 및 예약 서비스업,1,75290,N,"사업시설 관리, 사업 지원 및 임대 서비스업",75,사업 지원 서비스업,752,여행사 및 기타 여행 보조 서비스업,7529,기타 여행 보조 및 예약 서비스업,기타 여행 보조 및 예약 서비스업,2,,버스표,,,
,998,523993,G,도매 및 소매업,52,소매업; 자동차 제외,523,"섬유, 의복, 신발 및 가죽제품 소매업",5239,가방 및 기타 가죽제품 소매업,가방 및 기타 가죽제품 소매업,1,47440,G,도매 및 소매업,47,소매업; 자동차 제외,474,"섬유, 의복, 신발 및 가죽제품 소매업",4744,가방 및 기타 가죽제품 소매업,가방 및 기타 가죽제품 소매업,2,,피혁류,,,
,999,523994,G,도매 및 소매업,52,소매업; 자동차 제외,523,기타 상품 전문 소매업,5239,그 외 기타 상품 전문 소매업,그 외 기타 분류 안된 상품 전문 소매업,1,47859,G,도매 및 소매업,47,소매업; 자동차 제외,478,기타 상품 전문 소매업,4785,그 외 기타 상품 전문 소매업,그 외 기타 분류 안된 상품 전문 소매업,9,,살충제 등 농업용약품,,,
,1000,523995,G,도매 및 소매업,52,소매업; 자동차 제외,523,기타 상품 전문 소매업,5239,그 외 기타 상품 전문 소매업,그 외 기타 분류 안된 상품 전문 소매업,1,47859,G,도매 및 소매업,47,소매업; 자동차 제외,478,기타 상품 전문 소매업,4785,그 외 기타 상품 전문 소매업,그 외 기타 분류 안된 상품 전문 소매업,9,,비료,,,
,1001,523996,G,도매 및 소매업,52,소매업; 자동차 제외,523,기타 상품 전문 소매업,5239,그 외 기타 상품 전문 소매업,반려용동물 및 관련용품 소매업,1,47852,G,도매 및 소매업,47,소매업; 자동차 제외,478,기타 상품 전문 소매업,4785,그 외 기타 상품 전문 소매업,반려용동물 및 관련용품 소매업,1,,,,,
,1002,523999,G,도매 및 소매업,52,소매업; 자동차 제외,523,기타 상품 전문 소매업,5239,그 외 기타 상품 전문 소매업,그 외 기타 분류 안된 상품 전문 소매업,1,47859,G,도매 및 소매업,47,소매업; 자동차 제외,478,기타 상품 전문 소매업,4785,그 외 기타 상품 전문 소매업,그 외 기타 분류 안된 상품 전문 소매업,9,1,,,,
,1003,524000,G,도매 및 소매업,52,소매업; 자동차 제외,524,"섬유, 의복, 신발 및 가죽제품 소매업",5240,"섬유, 직물 및 의복 액세서리 소매업",의복 액세서리 및 모조 장신구 소매업,1,47422,G,도매 및 소매업,47,소매업; 자동차 제외,474,"섬유, 의복, 신발 및 가죽제품 소매업",4742,"섬유, 직물 및 의복 액세서리 소매업",의복 액세서리 및 모조 장신구 소매업,3,,가발,,,
,1004,524001,G,도매 및 소매업,52,소매업; 자동차 제외,524,기타 생활용품 소매업,5240,"철물, 공구, 창호 및 건설자재 소매업",공구 소매업,1,47512,G,도매 및 소매업,47,소매업; 자동차 제외,475,기타 생활용품 소매업,4751,"철물, 공구, 창호 및 건설자재 소매업",공구 소매업,2,1,,,,
,1005,524010,G,도매 및 소매업,52,소매업; 자동차 제외,524,기타 상품 전문 소매업,5240,중고 상품 소매업,중고 가구 소매업,1,47861,G,도매 및 소매업,47,소매업; 자동차 제외,478,기타 상품 전문 소매업,4786,중고 상품 소매업,중고 가구 소매업,1,,,,,
,1006,524020,G,도매 및 소매업,52,소매업; 자동차 제외,524,기타 상품 전문 소매업,5240,중고 상품 소매업,기타 중고 상품 소매업,1,47869,G,도매 및 소매업,47,소매업; 자동차 제외,478,기타 상품 전문 소매업,4786,중고 상품 소매업,기타 중고 상품 소매업,3,,중고서적,,,
,1007,524091,G,도매 및 소매업,52,소매업; 자동차 제외,524,기타 상품 전문 소매업,5240,중고 상품 소매업,기타 중고 상품 소매업,1,47869,G,도매 및 소매업,47,소매업; 자동차 제외,478,기타 상품 전문 소매업,4786,중고 상품 소매업,기타 중고 상품 소매업,3,,고철 등 각종고물,,,
,1008,524092,G,도매 및 소매업,52,소매업; 자동차 제외,524,기타 상품 전문 소매업,5240,중고 상품 소매업,중고 가전제품 및 통신장비 소매업,1,47862,G,도매 및 소매업,47,소매업; 자동차 제외,478,기타 상품 전문 소매업,4786,중고 상품 소매업,중고 가전제품 및 통신장비 소매업,1,,,,,
,1009,524093,G,도매 및 소매업,52,소매업; 자동차 제외,524,기타 상품 전문 소매업,5240,중고 상품 소매업,기타 중고 상품 소매업,1,47869,G,도매 및 소매업,47,소매업; 자동차 제외,478,기타 상품 전문 소매업,4786,중고 상품 소매업,기타 중고 상품 소매업,3,1,,,,
,1010,525101,G,도매 및 소매업,52,소매업; 자동차 제외,525,무점포 소매업,5251,통신 판매업,전자상거래 소매업,1,47912,G,도매 및 소매업,47,소매업; 자동차 제외,479,무점포 소매업,4791,통신 판매업,전자상거래 소매업,2,1,,,,
,1011,525102,G,도매 및 소매업,52,소매업; 자동차 제외,525,무점포 소매업,5251,통신 판매업,기타 통신 판매업,1,47919,G,도매 및 소매업,47,소매업; 자동차 제외,479,무점포 소매업,4791,통신 판매업,기타 통신 판매업,1,,,,,
,1012,525103,G,도매 및 소매업,52,소매업; 자동차 제외,525,무점포 소매업,5251,통신 판매업,전자상거래 소매 중개업,1,47911,G,도매 및 소매업,47,소매업; 자동차 제외,479,무점포 소매업,4791,통신 판매업,전자상거래 소매 중개업,3,1,,,,
,1013,525104,G,도매 및 소매업,52,소매업; 자동차 제외,525,무점포 소매업,5251,통신 판매업,SNS마켓,2,47911,G,도매 및 소매업,47,소매업; 자동차 제외,479,무점포 소매업,4791,통신 판매업,전자상거래 소매 중개업,3,,SNS마켓(전자상거래 소매중개업),,,
,1013,525104,G,도매 및 소매업,52,소매업; 자동차 제외,525,무점포 소매업,5251,통신 판매업,SNS마켓,2,47912,G,도매 및 소매업,47,소매업; 자동차 제외,479,무점포 소매업,4791,통신 판매업,전자상거래 소매업,2,,SNS마켓(전자상거래 소매업),,,
,1014,525105,G,도매 및 소매업,52,소매업; 자동차 제외,525,무점포 소매업,5251,통신 판매업,해외직구대행업,9,47911,G,도매 및 소매업,47,소매업; 자동차 제외,479,무점포 소매업,4791,통신 판매업,전자상거래 소매 중개업,3,,해외직구대행(전자상거래 소매중개업),,,
,1014,525105,G,도매 및 소매업,52,소매업; 자동차 제외,525,무점포 소매업,5251,통신 판매업,해외직구대행업,9,46101,G,도매 및 소매업,46,도매 및 상품 중개업,461,상품 중개업,4610,상품 중개업,"산업용 농ㆍ축산물, 섬유 원료 및 동물 중개업",3,,해외직구대행(상품중개업),,,
,1014,525105,G,도매 및 소매업,52,소매업; 자동차 제외,525,무점포 소매업,5251,통신 판매업,해외직구대행업,9,46102,G,도매 및 소매업,46,도매 및 상품 중개업,461,상품 중개업,4610,상품 중개업,음ㆍ식료품 및 담배 중개업,7,,해외직구대행(상품중개업),,,
,1014,525105,G,도매 및 소매업,52,소매업; 자동차 제외,525,무점포 소매업,5251,통신 판매업,해외직구대행업,9,46103,G,도매 및 소매업,46,도매 및 상품 중개업,461,상품 중개업,4610,상품 중개업,"섬유, 의복, 신발 및 가죽제품 중개업",6,,해외직구대행(상품중개업),,,
,1014,525105,G,도매 및 소매업,52,소매업; 자동차 제외,525,무점포 소매업,5251,통신 판매업,해외직구대행업,9,46104,G,도매 및 소매업,46,도매 및 상품 중개업,461,상품 중개업,4610,상품 중개업,목재 및 건축자재 중개업,6,,해외직구대행(상품중개업),,,
,1014,525105,G,도매 및 소매업,52,소매업; 자동차 제외,525,무점포 소매업,5251,통신 판매업,해외직구대행업,9,46105,G,도매 및 소매업,46,도매 및 상품 중개업,461,상품 중개업,4610,상품 중개업,"연료, 광물, 1차 금속, 비료 및 화학제품 중개업",6,,해외직구대행(상품중개업),,,
,1014,525105,G,도매 및 소매업,52,소매업; 자동차 제외,525,무점포 소매업,5251,통신 판매업,해외직구대행업,9,46106,G,도매 및 소매업,46,도매 및 상품 중개업,461,상품 중개업,4610,상품 중개업,기계 및 장비 중개업,6,,해외직구대행(상품중개업),,,
,1014,525105,G,도매 및 소매업,52,소매업; 자동차 제외,525,무점포 소매업,5251,통신 판매업,해외직구대행업,9,46107,G,도매 및 소매업,46,도매 및 상품 중개업,461,상품 중개업,4610,상품 중개업,그 외 기타 특정 상품 중개업,3,,해외직구대행(상품중개업),,,
,1014,525105,G,도매 및 소매업,52,소매업; 자동차 제외,525,무점포 소매업,5251,통신 판매업,해외직구대행업,9,46109,G,도매 및 소매업,46,도매 및 상품 중개업,461,상품 중개업,4610,상품 중개업,상품 종합 중개업,5,,해외직구대행(상품중개업),,,
,1015,525200,G,도매 및 소매업,52,소매업; 자동차 제외,525,무점포 소매업,5252,기타 무점포 소매업,방문 판매업,1,47993,G,도매 및 소매업,47,소매업; 자동차 제외,479,무점포 소매업,4799,기타 무점포 소매업,방문 판매업,2,2,다단계 판매원,,,
,1016,525300,G,도매 및 소매업,52,소매업; 자동차 제외,525,무점포 소매업,5253,기타 무점포 소매업,계약배달 판매업,1,47992,G,도매 및 소매업,47,소매업; 자동차 제외,479,무점포 소매업,4799,기타 무점포 소매업,계약배달 판매업,1,,,,,
,1017,525910,G,도매 및 소매업,52,소매업; 자동차 제외,525,무점포 소매업,5259,기타 무점포 소매업,자동 판매기 운영업,1,47991,G,도매 및 소매업,47,소매업; 자동차 제외,479,무점포 소매업,4799,기타 무점포 소매업,자동 판매기 운영업,1,,,,,
,1018,525911,G,도매 및 소매업,52,소매업; 자동차 제외,525,무점포 소매업,5259,노점 및 유사 이동 소매업,노점 및 유사 이동 소매업,1,47920,G,도매 및 소매업,47,소매업; 자동차 제외,479,무점포 소매업,4792,노점 및 유사 이동 소매업,노점 및 유사 이동 소매업,1,,,,,
,1019,525912,G,도매 및 소매업,52,소매업; 자동차 제외,525,무점포 소매업,5259,기타 무점포 소매업,그 외 기타 무점포 소매업,1,47999,G,도매 및 소매업,47,소매업; 자동차 제외,479,무점포 소매업,4799,기타 무점포 소매업,그 외 기타 무점포 소매업,1,,,,,
,1020,551001,I,숙박 및 음식점업,55,숙박업,551,일반 및 생활 숙박시설 운영업,5510,일반 및 생활 숙박시설 운영업,호텔업,1,55101,I,숙박 및 음식점업,55,숙박업,551,일반 및 생활 숙박시설 운영업,5510,일반 및 생활 숙박시설 운영업,호텔업,1,,,,,
,1021,551002,I,숙박 및 음식점업,55,숙박업,551,일반 및 생활 숙박시설 운영업,5510,일반 및 생활 숙박시설 운영업,여관업,1,55102,I,숙박 및 음식점업,55,숙박업,551,일반 및 생활 숙박시설 운영업,5510,일반 및 생활 숙박시설 운영업,여관업,2,1,,,,
,1022,551003,P,교육서비스업,55,교육 서비스업,551,기타 교육기관,5510,스포츠 및 레크리에이션 교육기관,청소년 수련시설 운영업,1,85614,P,교육 서비스업,85,교육 서비스업,856,기타 교육기관,8561,스포츠 및 레크리에이션 교육기관,청소년 수련시설 운영업,1,,,,,
,1023,551004,I,숙박 및 음식점업,55,숙박업,551,일반 및 생활 숙박시설 운영업,5510,일반 및 생활 숙박시설 운영업,휴양 콘도 운영업,1,55103,I,숙박 및 음식점업,55,숙박업,551,일반 및 생활 숙박시설 운영업,5510,일반 및 생활 숙박시설 운영업,휴양 콘도 운영업,2,1,,,,
,1024,551005,I,숙박 및 음식점업,55,숙박업,551,일반 및 생활 숙박시설 운영업,5510,일반 및 생활 숙박시설 운영업,민박업,1,55104,I,숙박 및 음식점업,55,숙박업,551,일반 및 생활 숙박시설 운영업,5510,일반 및 생활 숙박시설 운영업,민박업,2,1,,,,
,1025,551006,I,숙박 및 음식점업,55,숙박업,551,일반 및 생활 숙박시설 운영업,5510,일반 및 생활 숙박시설 운영업,기타 일반 및 생활 숙박시설 운영업,1,55109,I,숙박 및 음식점업,55,숙박업,551,일반 및 생활 숙박시설 운영업,5510,일반 및 생활 숙박시설 운영업,기타 일반 및 생활 숙박시설 운영업,1,,,,,
,1026,551007,I,숙박 및 음식점업,55,숙박업,551,일반 및 생활 숙박시설 운영업,5510,일반 및 생활 숙박시설 운영업,숙박공유업,1,55104,I,숙박 및 음식점업,55,숙박업,551,일반 및 생활 숙박시설 운영업,5510,일반 및 생활 숙박시설 운영업,민박업,2,,숙박공유업,,,
,1027,551009,I,숙박 및 음식점업,55,숙박업,551,일반 및 생활 숙박시설 운영업,5510,일반 및 생활 숙박시설 운영업,여관업,1,55102,I,숙박 및 음식점업,55,숙박업,551,일반 및 생활 숙박시설 운영업,5510,일반 및 생활 숙박시설 운영업,여관업,2,,여인숙,,,
,1028,551010,I,숙박 및 음식점업,55,숙박업,551,일반 및 생활 숙박시설 운영업,5510,일반 및 생활 숙박시설 운영업,휴양 콘도 운영업,1,55103,I,숙박 및 음식점업,55,숙박업,551,일반 및 생활 숙박시설 운영업,5510,일반 및 생활 숙박시설 운영업,휴양 콘도 운영업,2,,휴가센터 및 휴식소 운영,,,
,1029,551015,I,숙박 및 음식점업,55,숙박업,551,일반 및 생활 숙박시설 운영업,5510,일반 및 생활 숙박시설 운영업,야영장업,1,55105,I,숙박 및 음식점업,55,숙박업,551,일반 및 생활 숙박시설 운영업,5510,일반 및 생활 숙박시설 운영업,야영장업,1,,야영장 및 캠프장 운영,,,
,1030,551016,I,숙박 및 음식점업,55,숙박업,551,기타 숙박업,5510,기타 숙박업,기숙사 및 고시원 운영업,1,55901,I,숙박 및 음식점업,55,숙박업,559,기타 숙박업,5590,기타 숙박업,기숙사 및 고시원 운영업,1,,,,,
,1031,551017,I,숙박 및 음식점업,55,숙박업,551,기타 숙박업,5510,기타 숙박업,그 외 기타 숙박업,1,55909,I,숙박 및 음식점업,55,숙박업,559,기타 숙박업,5590,기타 숙박업,그 외 기타 숙박업,1,,,,,
,1032,552101,I,숙박 및 음식점업,55,음식점 및 주점업,552,음식점업,5521,한식 음식점업,한식 일반 음식점업,1,56111,I,숙박 및 음식점업,56,음식점 및 주점업,561,음식점업,5611,한식 음식점업,한식 일반 음식점업,1,,,,,
,1033,552102,I,숙박 및 음식점업,55,음식점 및 주점업,552,음식점업,5521,외국식 음식점업,중식 음식점업,1,56121,I,숙박 및 음식점업,56,음식점 및 주점업,561,음식점업,5612,외국식 음식점업,중식 음식점업,1,,,,,
,1034,552103,I,숙박 및 음식점업,55,음식점 및 주점업,552,음식점업,5521,외국식 음식점업,일식 음식점업,1,56122,I,숙박 및 음식점업,56,음식점 및 주점업,561,음식점업,5612,외국식 음식점업,일식 음식점업,1,,,,,
,1035,552104,I,숙박 및 음식점업,55,음식점 및 주점업,552,음식점업,5521,외국식 음식점업,서양식 음식점업,1,56123,I,숙박 및 음식점업,56,음식점 및 주점업,561,음식점업,5612,외국식 음식점업,서양식 음식점업,1,,,,,
,1036,552105,I,숙박 및 음식점업,55,음식점 및 주점업,552,음식점업,5521,출장 및 이동 음식점업,출장 음식 서비스업,1,56141,I,숙박 및 음식점업,56,음식점 및 주점업,561,음식점업,5614,출장 및 이동 음식점업,출장 음식 서비스업,1,,,,,
,1037,552107,I,숙박 및 음식점업,55,음식점 및 주점업,552,음식점업,5521,"피자, 햄버거 및 치킨 전문점",치킨 전문점,1,56162,I,숙박 및 음식점업,56,음식점 및 주점업,561,음식점업,5616,"피자, 햄버거 및 치킨 전문점",치킨 전문점,1,,,,,
,1038,552108,I,숙박 및 음식점업,55,음식점 및 주점업,552,음식점업,5521,김밥 및 기타 간이 음식점업,김밥 및 기타 간이 음식점업,1,56191,I,숙박 및 음식점업,56,음식점 및 주점업,561,음식점업,5619,김밥 및 기타 간이 음식점업,김밥 및 기타 간이 음식점업,2,1,,,,
,1039,552109,I,숙박 및 음식점업,55,음식점 및 주점업,552,음식점업,5521,기관 구내식당업,기관 구내식당업,1,56130,I,숙박 및 음식점업,56,음식점 및 주점업,561,음식점업,5613,기관 구내식당업,기관 구내식당업,1,,,,,
,1040,552114,I,숙박 및 음식점업,55,음식점 및 주점업,552,음식점업,5521,한식 음식점업,한식 면 요리 전문점,1,56112,I,숙박 및 음식점업,56,음식점 및 주점업,561,음식점업,5611,한식 음식점업,한식 면 요리 전문점,1,,,,,
,1041,552115,I,숙박 및 음식점업,55,음식점 및 주점업,552,음식점업,5521,한식 음식점업,한식 육류 요리 전문점,1,56113,I,숙박 및 음식점업,56,음식점 및 주점업,561,음식점업,5611,한식 음식점업,한식 육류 요리 전문점,1,,,,,
,1042,552116,I,숙박 및 음식점업,55,음식점 및 주점업,552,음식점업,5521,한식 음식점업,한식 해산물 요리 전문점,1,56114,I,숙박 및 음식점업,56,음식점 및 주점업,561,음식점업,5611,한식 음식점업,한식 해산물 요리 전문점,1,,,,,
,1043,552117,I,숙박 및 음식점업,55,음식점 및 주점업,552,음식점업,5521,외국식 음식점업,기타 외국식 음식점업,1,56129,I,숙박 및 음식점업,56,음식점 및 주점업,561,음식점업,5612,외국식 음식점업,기타 외국식 음식점업,1,,,,,
,1044,552118,I,숙박 및 음식점업,55,음식점 및 주점업,552,음식점업,5521,"피자, 햄버거 및 치킨 전문점","피자, 햄버거, 샌드위치 및 유사 음식점업",1,56161,I,숙박 및 음식점업,56,음식점 및 주점업,561,음식점업,5616,"피자, 햄버거 및 치킨 전문점","피자, 햄버거, 샌드위치 및 유사 음식점업",2,1,,,,
,1045,552119,I,숙박 및 음식점업,55,음식점 및 주점업,552,음식점업,5521,김밥 및 기타 간이 음식점업,김밥 및 기타 간이 음식점업,1,56191,I,숙박 및 음식점업,56,음식점 및 주점업,561,음식점업,5619,김밥 및 기타 간이 음식점업,김밥 및 기타 간이 음식점업,2,,아이스크림 체인점,,,
,1046,552123,I,숙박 및 음식점업,55,음식점 및 주점업,552,음식점업,5521,김밥 및 기타 간이 음식점업,간이 음식 포장 판매 전문점,1,56199,I,숙박 및 음식점업,56,음식점 및 주점업,561,음식점업,5619,김밥 및 기타 간이 음식점업,간이 음식 포장 판매 전문점,2,1,,,,
,1047,552201,I,숙박 및 음식점업,55,음식점 및 주점업,552,주점 및 비알코올 음료점업,5522,주점업,일반 유흥 주점업,1,56211,I,숙박 및 음식점업,56,음식점 및 주점업,562,주점 및 비알코올 음료점업,5621,주점업,일반 유흥 주점업,5,2,고급주점(독립된 객실),,,
,1048,552202,I,숙박 및 음식점업,55,음식점 및 주점업,552,주점 및 비알코올 음료점업,5522,주점업,일반 유흥 주점업,1,56211,I,숙박 및 음식점업,56,음식점 및 주점업,562,주점 및 비알코올 음료점업,5621,주점업,일반 유흥 주점업,5,2,"빠, 비어홀, 극장식식당",,,
,1049,552203,I,숙박 및 음식점업,55,음식점 및 주점업,552,주점 및 비알코올 음료점업,5522,주점업,무도 유흥 주점업,1,56212,I,숙박 및 음식점업,56,음식점 및 주점업,562,주점 및 비알코올 음료점업,5621,주점업,무도 유흥 주점업,2,,,,,
,1050,552204,I,숙박 및 음식점업,55,음식점 및 주점업,552,주점 및 비알코올 음료점업,5522,주점업,일반 유흥 주점업,1,56211,I,숙박 및 음식점업,56,음식점 및 주점업,562,주점 및 비알코올 음료점업,5621,주점업,일반 유흥 주점업,5,2,"관광음식점, 외국인 전용 유흥음식점",,,
,1051,552205,I,숙박 및 음식점업,55,음식점 및 주점업,552,주점 및 비알코올 음료점업,5522,주점업,생맥주 전문점,1,56213,I,숙박 및 음식점업,56,음식점 및 주점업,562,주점 및 비알코올 음료점업,5621,주점업,생맥주 전문점,2,,,,,
,1052,552206,I,숙박 및 음식점업,55,음식점 및 주점업,552,주점 및 비알코올 음료점업,5522,주점업,일반 유흥 주점업,1,56211,I,숙박 및 음식점업,56,음식점 및 주점업,562,주점 및 비알코올 음료점업,5621,주점업,일반 유흥 주점업,5,2,기타 유흥 주점,,,
,1053,552207,I,숙박 및 음식점업,55,음식점 및 주점업,552,주점 및 비알코올 음료점업,5522,주점업,기타 주점업,1,56219,I,숙박 및 음식점업,56,음식점 및 주점업,562,주점 및 비알코올 음료점업,5621,주점업,기타 주점업,5,,단란주점,,,
,1054,552208,I,숙박 및 음식점업,55,음식점 및 주점업,552,주점 및 비알코올 음료점업,5522,주점업,기타 주점업,1,56219,I,숙박 및 음식점업,56,음식점 및 주점업,562,주점 및 비알코올 음료점업,5621,주점업,기타 주점업,5,,기타 서양식 주점,,,
,1055,552209,I,숙박 및 음식점업,55,음식점 및 주점업,552,주점 및 비알코올 음료점업,5522,주점업,기타 주점업,1,56219,I,숙박 및 음식점업,56,음식점 및 주점업,562,주점 및 비알코올 음료점업,5621,주점업,기타 주점업,5,1,,,,
,1056,552210,I,숙박 및 음식점업,55,음식점 및 주점업,552,주점 및 비알코올 음료점업,5522,주점업,기타 주점업,1,56219,I,숙박 및 음식점업,56,음식점 및 주점업,562,주점 및 비알코올 음료점업,5621,주점업,기타 주점업,5,,소주방,,,
,1057,552211,I,숙박 및 음식점업,55,음식점 및 주점업,552,주점 및 비알코올 음료점업,5522,주점업,기타 주점업,4,56211,I,숙박 및 음식점업,56,음식점 및 주점업,562,주점 및 비알코올 음료점업,5621,주점업,일반 유흥 주점업,5,,홀덤펍,,,
,1057,552211,I,숙박 및 음식점업,55,음식점 및 주점업,552,주점 및 비알코올 음료점업,5522,주점업,기타 주점업,4,56212,I,숙박 및 음식점업,56,음식점 및 주점업,562,주점 및 비알코올 음료점업,5621,주점업,무도 유흥 주점업,2,,홀덤펍,,,
,1057,552211,I,숙박 및 음식점업,55,음식점 및 주점업,552,주점 및 비알코올 음료점업,5522,주점업,기타 주점업,4,56213,I,숙박 및 음식점업,56,음식점 및 주점업,562,주점 및 비알코올 음료점업,5621,주점업,생맥주 전문점,2,,홀덤펍,,,
,1057,552211,I,숙박 및 음식점업,55,음식점 및 주점업,552,주점 및 비알코올 음료점업,5522,주점업,기타 주점업,4,56219,I,숙박 및 음식점업,56,음식점 및 주점업,562,주점 및 비알코올 음료점업,5621,주점업,기타 주점업,5,,홀덤펍,,,
,1058,552301,I,숙박 및 음식점업,55,음식점 및 주점업,552,음식점업,5523,제과점업,제과점업,1,56150,I,숙박 및 음식점업,56,음식점 및 주점업,561,음식점업,5615,제과점업,제과점업,1,,,,,
,1059,552303,I,숙박 및 음식점업,55,음식점 및 주점업,552,주점 및 비알코올 음료점업,5523,비알코올 음료점업,커피 전문점,1,56221,I,숙박 및 음식점업,56,음식점 및 주점업,562,주점 및 비알코올 음료점업,5622,비알코올 음료점업,커피 전문점,2,,,,,
,1060,552305,I,숙박 및 음식점업,55,음식점 및 주점업,552,음식점업,5523,김밥 및 기타 간이 음식점업,간이 음식 포장 판매 전문점,1,56199,I,숙박 및 음식점업,56,음식점 및 주점업,561,음식점업,5619,김밥 및 기타 간이 음식점업,간이 음식 포장 판매 전문점,2,,고속도로 휴게소 등 기타,,,
,1061,552307,I,숙박 및 음식점업,55,음식점 및 주점업,552,주점 및 비알코올 음료점업,5523,비알코올 음료점업,기타 비알코올 음료점업,1,56229,I,숙박 및 음식점업,56,음식점 및 주점업,562,주점 및 비알코올 음료점업,5622,비알코올 음료점업,기타 비알코올 음료점업,2,,,,,
,1062,552308,I,숙박 및 음식점업,55,음식점 및 주점업,552,음식점업,5523,출장 및 이동 음식점업,이동 음식점업,1,56142,I,숙박 및 음식점업,56,음식점 및 주점업,561,음식점업,5614,출장 및 이동 음식점업,이동 음식점업,1,,,,,
,1063,552309,I,숙박 및 음식점업,55,음식점 및 주점업,552,음식점업,5523,"피자, 햄버거 및 치킨 전문점","피자, 햄버거, 샌드위치 및 유사 음식점업",1,56161,I,숙박 및 음식점업,56,음식점 및 주점업,561,음식점업,5616,"피자, 햄버거 및 치킨 전문점","피자, 햄버거, 샌드위치 및 유사 음식점업",2,,간이 양식,,,
,1064,552310,I,숙박 및 음식점업,55,음식점 및 주점업,552,주점 및 비알코올 음료점업,5523,비알코올 음료점업,동물카페,2,56221,I,숙박 및 음식점업,56,음식점 및 주점업,562,주점 및 비알코올 음료점업,5622,비알코올 음료점업,커피 전문점,2,,,,,
,1064,552310,I,숙박 및 음식점업,55,음식점 및 주점업,552,주점 및 비알코올 음료점업,5523,비알코올 음료점업,동물카페,2,56229,I,숙박 및 음식점업,56,음식점 및 주점업,562,주점 및 비알코올 음료점업,5622,비알코올 음료점업,기타 비알코올 음료점업,2,,,,,
,1065,601000,H,운수 및 창고업,60,육상 운송 및 파이프라인 운송업,601,육상 여객 운송업,6010,도시 정기 육상 여객 운송업,도시철도 운송업,1,49211,H,운수 및 창고업,49,육상 운송 및 파이프라인 운송업,492,육상 여객 운송업,4921,도시 정기 육상 여객 운송업,도시철도 운송업,1,,,,,
,1066,601001,H,운수 및 창고업,60,육상 운송 및 파이프라인 운송업,601,철도 운송업,6010,철도 운송업,철도 여객 운송업,1,49101,H,운수 및 창고업,49,육상 운송 및 파이프라인 운송업,491,철도 운송업,4910,철도 운송업,철도 여객 운송업,1,,,,,
,1067,601002,H,운수 및 창고업,60,육상 운송 및 파이프라인 운송업,601,철도 운송업,6010,철도 운송업,철도 화물 운송업,1,49102,H,운수 및 창고업,49,육상 운송 및 파이프라인 운송업,491,철도 운송업,4910,철도 운송업,철도 화물 운송업,1,,,,,
,1068,602101,H,운수 및 창고업,60,육상 운송 및 파이프라인 운송업,602,육상 여객 운송업,6021,시외버스 운송업,시외버스 운송업,1,49220,H,운수 및 창고업,49,육상 운송 및 파이프라인 운송업,492,육상 여객 운송업,4922,시외버스 운송업,시외버스 운송업,4,,고속버스,,,
,1069,602102,H,운수 및 창고업,60,육상 운송 및 파이프라인 운송업,602,육상 여객 운송업,6021,시외버스 운송업,시외버스 운송업,1,49220,H,운수 및 창고업,49,육상 운송 및 파이프라인 운송업,492,육상 여객 운송업,4922,시외버스 운송업,시외버스 운송업,4,1,,,,
,1070,602103,H,운수 및 창고업,60,육상 운송 및 파이프라인 운송업,602,육상 여객 운송업,6021,도시 정기 육상 여객 운송업,시내버스 운송업,1,49212,H,운수 및 창고업,49,육상 운송 및 파이프라인 운송업,492,육상 여객 운송업,4921,도시 정기 육상 여객 운송업,시내버스 운송업,3,1,,,,
,1071,602104,H,운수 및 창고업,60,육상 운송 및 파이프라인 운송업,602,육상 여객 운송업,6021,도시 정기 육상 여객 운송업,기타 도시 정기 육상 여객 운송업,1,49219,H,운수 및 창고업,49,육상 운송 및 파이프라인 운송업,492,육상 여객 운송업,4921,도시 정기 육상 여객 운송업,기타 도시 정기 육상 여객 운송업,3,,공항버스,,,
,1072,602109,H,운수 및 창고업,60,육상 운송 및 파이프라인 운송업,602,육상 여객 운송업,6021,도시 정기 육상 여객 운송업,기타 도시 정기 육상 여객 운송업,1,49219,H,운수 및 창고업,49,육상 운송 및 파이프라인 운송업,492,육상 여객 운송업,4921,도시 정기 육상 여객 운송업,기타 도시 정기 육상 여객 운송업,3,1,,,,
,1073,602110,H,운수 및 창고업,60,육상 운송 및 파이프라인 운송업,602,육상 여객 운송업,6021,도시 정기 육상 여객 운송업,기타 도시 정기 육상 여객 운송업,1,49219,H,운수 및 창고업,49,육상 운송 및 파이프라인 운송업,492,육상 여객 운송업,4921,도시 정기 육상 여객 운송업,기타 도시 정기 육상 여객 운송업,3,,어린이통학버스운송업(기사소유차량),,,
,1074,602201,H,운수 및 창고업,60,육상 운송 및 파이프라인 운송업,602,육상 여객 운송업,6022,부정기 육상 여객 운송업,택시 운송업,1,49231,H,운수 및 창고업,49,육상 운송 및 파이프라인 운송업,492,육상 여객 운송업,4923,부정기 육상 여객 운송업,택시 운송업,4,1,,,,
,1075,602203,H,운수 및 창고업,60,육상 운송 및 파이프라인 운송업,602,육상 여객 운송업,6022,부정기 육상 여객 운송업,택시 운송업,1,49231,H,운수 및 창고업,49,육상 운송 및 파이프라인 운송업,492,육상 여객 운송업,4923,부정기 육상 여객 운송업,택시 운송업,4,,모범택시,,,
,1076,602204,H,운수 및 창고업,60,육상 운송 및 파이프라인 운송업,602,육상 여객 운송업,6022,도시 정기 육상 여객 운송업,시내버스 운송업,2,49212,H,운수 및 창고업,49,육상 운송 및 파이프라인 운송업,492,육상 여객 운송업,4921,도시 정기 육상 여객 운송업,시내버스 운송업,3,,직영 시내버스,,,
,1076,602204,H,운수 및 창고업,60,육상 운송 및 파이프라인 운송업,602,육상 여객 운송업,6022,시외버스 운송업,시외버스 운송업,2,49220,H,운수 및 창고업,49,육상 운송 및 파이프라인 운송업,492,육상 여객 운송업,4922,시외버스 운송업,시외버스 운송업,4,,직영 시외버스,,,
,1077,602205,H,운수 및 창고업,60,육상 운송 및 파이프라인 운송업,602,육상 여객 운송업,6022,부정기 육상 여객 운송업,전세버스 운송업,1,49232,H,운수 및 창고업,49,육상 운송 및 파이프라인 운송업,492,육상 여객 운송업,4923,부정기 육상 여객 운송업,전세버스 운송업,1,,,,,
,1078,602206,H,운수 및 창고업,60,육상 운송 및 파이프라인 운송업,602,육상 여객 운송업,6022,부정기 육상 여객 운송업,택시 운송업,1,49231,H,운수 및 창고업,49,육상 운송 및 파이프라인 운송업,492,육상 여객 운송업,4923,부정기 육상 여객 운송업,택시 운송업,4,,직영 택시,,,
,1079,602209,H,운수 및 창고업,60,육상 운송 및 파이프라인 운송업,602,육상 여객 운송업,6022,부정기 육상 여객 운송업,기타 부정기 여객 육상 운송업,1,49239,H,운수 및 창고업,49,육상 운송 및 파이프라인 운송업,492,육상 여객 운송업,4923,부정기 육상 여객 운송업,기타 부정기 여객 육상 운송업,1,,,,,
,1080,602301,H,운수 및 창고업,60,육상 운송 및 파이프라인 운송업,602,도로 화물 운송업,6023,도로 화물 운송업,일반 화물 자동차 운송업,2,49301,H,운수 및 창고업,49,육상 운송 및 파이프라인 운송업,493,도로 화물 운송업,4930,도로 화물 운송업,일반 화물자동차 운송업,12,2,,,,
,1080,602301,H,운수 및 창고업,60,육상 운송 및 파이프라인 운송업,602,도로 화물 운송업,6023,도로 화물 운송업,개인 화물 자동차 운송업,2,49302,H,운수 및 창고업,49,육상 운송 및 파이프라인 운송업,493,도로 화물 운송업,4930,도로 화물 운송업,개인 화물자동차 운송업,12,,,,,
,1081,602302,H,운수 및 창고업,60,육상 운송 및 파이프라인 운송업,602,도로 화물 운송업,6023,도로 화물 운송업,일반 화물 자동차 운송업,2,49301,H,운수 및 창고업,49,육상 운송 및 파이프라인 운송업,493,도로 화물 운송업,4930,도로 화물 운송업,일반 화물자동차 운송업,12,2,대형 화물 자동차(5톤 이상),,,
,1081,602302,H,운수 및 창고업,60,육상 운송 및 파이프라인 운송업,602,도로 화물 운송업,6023,도로 화물 운송업,개인 화물 자동차 운송업,2,49302,H,운수 및 창고업,49,육상 운송 및 파이프라인 운송업,493,도로 화물 운송업,4930,도로 화물 운송업,개인 화물자동차 운송업,12,,대형 화물 자동차(5톤 이상),,,
,1082,602303,H,운수 및 창고업,60,육상 운송 및 파이프라인 운송업,602,도로 화물 운송업,6023,도로 화물 운송업,일반 화물 자동차 운송업,2,49301,H,운수 및 창고업,49,육상 운송 및 파이프라인 운송업,493,도로 화물 운송업,4930,도로 화물 운송업,일반 화물 자동차 운송업,12,,덤프트럭(12톤 미만),,,
,1082,602303,H,운수 및 창고업,60,육상 운송 및 파이프라인 운송업,602,도로 화물 운송업,6023,도로 화물 운송업,개인 화물 자동차 운송업,2,49302,H,운수 및 창고업,49,육상 운송 및 파이프라인 운송업,493,도로 화물 운송업,4930,도로 화물 운송업,개인 화물자동차 운송업,12,,덤프트럭(12톤 미만),,,
,1083,602304,H,운수 및 창고업,60,육상 운송 및 파이프라인 운송업,602,도로 화물 운송업,6023,도로 화물 운송업,일반 화물 자동차 운송업,2,49301,H,운수 및 창고업,49,육상 운송 및 파이프라인 운송업,493,도로 화물 운송업,4930,도로 화물 운송업,일반 화물 자동차 운송업,12,,덤프트럭(12톤 이상),,,
,1083,602304,H,운수 및 창고업,60,육상 운송 및 파이프라인 운송업,602,도로 화물 운송업,6023,도로 화물 운송업,개인 화물 자동차 운송업,2,49302,H,운수 및 창고업,49,육상 운송 및 파이프라인 운송업,493,도로 화물 운송업,4930,도로 화물 운송업,개인 화물자동차 운송업,12,,덤프트럭(12톤 이상),,,
,1084,602305,H,운수 및 창고업,60,육상 운송 및 파이프라인 운송업,602,도로 화물 운송업,6023,도로 화물 운송업,일반 화물 자동차 운송업,2,49301,H,운수 및 창고업,49,육상 운송 및 파이프라인 운송업,493,도로 화물 운송업,4930,도로 화물 운송업,일반 화물 자동차 운송업,12,,대형 특수 자동차(10톤 이상),,,
,1084,602305,H,운수 및 창고업,60,육상 운송 및 파이프라인 운송업,602,도로 화물 운송업,6023,도로 화물 운송업,개인 화물 자동차 운송업,2,49302,H,운수 및 창고업,49,육상 운송 및 파이프라인 운송업,493,도로 화물 운송업,4930,도로 화물 운송업,개인 화물자동차 운송업,12,,대형 특수 자동차(10톤 이상),,,
,1085,602306,H,운수 및 창고업,60,육상 운송 및 파이프라인 운송업,602,육상 여객 운송업,6023,부정기 육상 여객 운송업,특수 여객 자동차 운송업,1,49233,H,운수 및 창고업,49,육상 운송 및 파이프라인 운송업,492,육상 여객 운송업,4923,부정기 육상 여객 운송업,특수 여객 자동차 운송업,1,,,,,
,1086,602307,H,운수 및 창고업,60,육상 운송 및 파이프라인 운송업,602,도로 화물 운송업,6023,도로 화물 운송업,일반 화물 자동차 운송업,2,49301,H,운수 및 창고업,49,육상 운송 및 파이프라인 운송업,493,도로 화물 운송업,4930,도로 화물 운송업,일반 화물자동차 운송업,12,,1톤이하 도시내 주행거리요금,,,
,1086,602307,H,운수 및 창고업,60,육상 운송 및 파이프라인 운송업,602,도로 화물 운송업,6023,도로 화물 운송업,개인 화물 자동차 운송업,2,49302,H,운수 및 창고업,49,육상 운송 및 파이프라인 운송업,493,도로 화물 운송업,4930,도로 화물 운송업,개인 화물자동차 운송업,12,,1톤이하 도시내 주행거리요금,,,
,1087,602308,H,운수 및 창고업,60,육상 운송 및 파이프라인 운송업,602,도로 화물 운송업,6023,도로 화물 운송업,일반 화물 자동차 운송업,2,49301,H,운수 및 창고업,49,육상 운송 및 파이프라인 운송업,493,도로 화물 운송업,4930,도로 화물 운송업,일반 화물자동차 운송업,12,,1톤이하 이사화물,,,
,1087,602308,H,운수 및 창고업,60,육상 운송 및 파이프라인 운송업,602,도로 화물 운송업,6023,도로 화물 운송업,개인 화물 자동차 운송업,2,49302,H,운수 및 창고업,49,육상 운송 및 파이프라인 운송업,493,도로 화물 운송업,4930,도로 화물 운송업,개인 화물자동차 운송업,12,,1톤초과 5톤미만 이사화물,,,
,1088,602309,H,운수 및 창고업,60,창고 및 운송관련 서비스업,602,기타 운송관련 서비스업,6023,그 외 기타 운송관련 서비스업,"화물 운송 중개, 대리 및 관련 서비스업",1,52992,H,운수 및 창고업,52,창고 및 운송관련 서비스업,529,기타 운송관련 서비스업,5299,그 외 기타 운송관련 서비스업,"화물 운송 중개, 대리 및 관련 서비스업",2,,자기명의 화물운송 주선,,,
,1089,602310,H,운수 및 창고업,60,육상 운송 및 파이프라인 운송업,602,도로 화물 운송업,6023,도로 화물 운송업,개인 화물 자동차 운송업,1,49302,H,운수 및 창고업,49,육상 운송 및 파이프라인 운송업,493,도로 화물 운송업,4930,도로 화물 운송업,개인 화물자동차 운송업,12,,,,,
,1090,602313,H,운수 및 창고업,60,육상 운송 및 파이프라인 운송업,602,도로 화물 운송업,6023,도로 화물 운송업,기타 도로 화물 운송업,1,49309,H,운수 및 창고업,49,육상 운송 및 파이프라인 운송업,493,도로 화물 운송업,4930,도로 화물 운송업,기타 도로 화물 운송업,3,,,,,
,1091,602314,H,운수 및 창고업,60,육상 운송 및 파이프라인 운송업,602,도로 화물 운송업,6023,도로 화물 운송업,기타 도로 화물 운송업,3,49309,H,운수 및 창고업,49,육상 운송 및 파이프라인 운송업,493,도로 화물 운송업,4930,도로 화물 운송업,기타 도로 화물 운송업,3,,"수출입컨테이너, 시멘트, 철강재, 위험물질 운송",,,
,1091,602314,H,운수 및 창고업,60,육상 운송 및 파이프라인 운송업,602,도로 화물 운송업,6023,도로 화물 운송업,개인 화물 자동차 운송업,3,49302,H,운수 및 창고업,49,육상 운송 및 파이프라인 운송업,493,도로 화물 운송업,4930,도로 화물 운송업,개인 화물자동차 운송업,12,,"수출입컨테이너, 시멘트, 철강재, 위험물질 운송",,,
,1091,602314,H,운수 및 창고업,60,육상 운송 및 파이프라인 운송업,602,도로 화물 운송업,6023,도로 화물 운송업,일반 화물 자동차 운송업,3,49301,H,운수 및 창고업,49,육상 운송 및 파이프라인 운송업,493,도로 화물 운송업,4930,도로 화물 운송업,일반 화물 자동차 운송업,12,,"수출입컨테이너, 시멘트, 철강재, 위험물질 운송",,,
,1092,602315,H,운수 및 창고업,60,육상 운송 및 파이프라인 운송업,602,도로 화물 운송업,6023,도로 화물 운송업,일반 화물 자동차 운송업,2,49301,H,운수 및 창고업,49,육상 운송 및 파이프라인 운송업,493,도로 화물 운송업,4930,도로 화물 운송업,일반 화물 자동차 운송업,12,,가전제품 운송,,,
,1092,602315,H,운수 및 창고업,60,육상 운송 및 파이프라인 운송업,602,도로 화물 운송업,6023,도로 화물 운송업,개인 화물 자동차 운송업,2,49302,H,운수 및 창고업,49,육상 운송 및 파이프라인 운송업,493,도로 화물 운송업,4930,도로 화물 운송업,개인 화물자동차 운송업,12,,가전제품 운송,,,
,1093,602316,H,운수 및 창고업,60,육상 운송 및 파이프라인 운송업,602,도로 화물 운송업,6023,도로 화물 운송업,개인 화물 자동차 운송업,3,49302,H,운수 및 창고업,49,육상 운송 및 파이프라인 운송업,493,도로 화물 운송업,4930,도로 화물 운송업,개인 화물자동차 운송업,12,,유통물류 운송,,,
,1093,602316,H,운수 및 창고업,60,육상 운송 및 파이프라인 운송업,602,도로 화물 운송업,6023,도로 화물 운송업,일반 화물 자동차 운송업,3,49301,H,운수 및 창고업,49,육상 운송 및 파이프라인 운송업,493,도로 화물 운송업,4930,도로 화물 운송업,일반 화물 자동차 운송업,12,,유통물류 운송,,,
,1093,602316,H,운수 및 창고업,60,육상 운송 및 파이프라인 운송업,602,도로 화물 운송업,6023,도로 화물 운송업,기타 도로 화물 운송업,3,49309,H,운수 및 창고업,49,육상 운송 및 파이프라인 운송업,493,도로 화물 운송업,4930,도로 화물 운송업,기타 도로 화물 운송업,3,,유통물류 운송,,,
,1094,603000,H,운수 및 창고업,60,육상 운송 및 파이프라인 운송업,603,파이프라인 운송업,6030,파이프라인 운송업,파이프라인 운송업,1,49500,H,운수 및 창고업,49,육상 운송 및 파이프라인 운송업,495,파이프라인 운송업,4950,파이프라인 운송업,파이프라인 운송업,1,,,,,
,1095,611001,H,운수 및 창고업,61,수상 운송업,611,해상 운송업,6110,내항 운송업,내항 여객 운송업,1,50121,H,운수 및 창고업,50,수상 운송업,501,해상 운송업,5012,내항 운송업,내항 여객 운송업,1,,,,,
,1096,611002,H,운수 및 창고업,61,수상 운송업,611,해상 운송업,6110,외항 운송업,외항 화물 운송업,1,50112,H,운수 및 창고업,50,수상 운송업,501,해상 운송업,5011,외항 운송업,외항 화물 운송업,1,,,,,
,1097,611003,H,운수 및 창고업,61,수상 운송업,611,해상 운송업,6110,내항 운송업,내항 화물 운송업,1,50122,H,운수 및 창고업,50,수상 운송업,501,해상 운송업,5012,내항 운송업,내항 화물 운송업,1,,,,,
,1098,611004,H,운수 및 창고업,61,수상 운송업,611,해상 운송업,6110,기타 해상 운송업,기타 해상 운송업,1,50130,H,운수 및 창고업,50,수상 운송업,501,해상 운송업,5013,기타 해상 운송업,기타 해상 운송업,1,,,,,
,1099,611005,H,운수 및 창고업,61,수상 운송업,611,해상 운송업,6110,외항 운송업,외항 여객 운송업,1,50111,H,운수 및 창고업,50,수상 운송업,501,해상 운송업,5011,외항 운송업,외항 여객 운송업,1,,,,,
,1100,612000,H,운수 및 창고업,61,수상 운송업,612,내륙 수상 및 항만 내 운송업,6120,내륙 수상 및 항만 내 운송업,기타 내륙 수상 여객 및 화물 운송업,1,50209,H,운수 및 창고업,50,수상 운송업,502,내륙 수상 및 항만 내 운송업,5020,내륙 수상 및 항만 내 운송업,기타 내륙 수상 여객 및 화물 운송업,2,1,,,,
,1101,612001,H,운수 및 창고업,61,수상 운송업,612,내륙 수상 및 항만 내 운송업,6120,내륙 수상 및 항만 내 운송업,항만 내 여객 운송업,1,50201,H,운수 및 창고업,50,수상 운송업,502,내륙 수상 및 항만 내 운송업,5020,내륙 수상 및 항만 내 운송업,항만 내 여객 운송업,1,,,,,
,1102,612002,H,운수 및 창고업,61,수상 운송업,612,내륙 수상 및 항만 내 운송업,6120,내륙 수상 및 항만 내 운송업,기타 내륙 수상 여객 및 화물 운송업,1,50209,H,운수 및 창고업,50,수상 운송업,502,내륙 수상 및 항만 내 운송업,5020,내륙 수상 및 항만 내 운송업,기타 내륙 수상 여객 및 화물 운송업,2,,"예인선, 견인선 등 기타내륙수상",,,
,1103,612003,H,운수 및 창고업,61,창고 및 운송관련 서비스업,612,기타 운송관련 서비스업,6120,화물 취급업,수상 화물 취급업,1,52942,H,운수 및 창고업,52,창고 및 운송관련 서비스업,529,기타 운송관련 서비스업,5294,화물 취급업,수상 화물 취급업,2,,"강ㆍ운하, 항만내 화물운송",,,
,1104,621000,H,운수 및 창고업,62,항공 운송업,621,항공 여객 운송업,6210,항공 여객 운송업,항공 여객 운송업,1,51100,H,운수 및 창고업,51,항공 운송업,511,항공 여객 운송업,5110,항공 여객 운송업,항공 여객 운송업,1,,,,,
,1105,621001,H,운수 및 창고업,62,항공 운송업,621,항공 화물 운송업,6210,항공 화물 운송업,항공 화물 운송업,1,51200,H,운수 및 창고업,51,항공 운송업,512,항공 화물 운송업,5120,항공 화물 운송업,항공 화물 운송업,1,,,,,
,1106,630101,H,운수 및 창고업,63,창고 및 운송관련 서비스업,630,기타 운송관련 서비스업,6301,화물 취급업,항공 및 육상 화물 취급업,1,52941,H,운수 및 창고업,52,창고 및 운송관련 서비스업,529,기타 운송관련 서비스업,5294,화물 취급업,항공 및 육상 화물 취급업,1,,,,,
,1107,630102,H,운수 및 창고업,63,창고 및 운송관련 서비스업,630,기타 운송관련 서비스업,6301,화물 취급업,수상 화물 취급업,1,52942,H,운수 및 창고업,52,창고 및 운송관련 서비스업,529,기타 운송관련 서비스업,5294,화물 취급업,수상 화물 취급업,2,1,,,,
,1108,630201,H,운수 및 창고업,63,창고 및 운송관련 서비스업,630,보관 및 창고업,6302,보관 및 창고업,일반 창고업,1,52101,H,운수 및 창고업,52,창고 및 운송관련 서비스업,521,보관 및 창고업,5210,보관 및 창고업,일반 창고업,1,,,,,
,1109,630202,H,운수 및 창고업,63,창고 및 운송관련 서비스업,630,보관 및 창고업,6302,보관 및 창고업,냉장 및 냉동 창고업,1,52102,H,운수 및 창고업,52,창고 및 운송관련 서비스업,521,보관 및 창고업,5210,보관 및 창고업,냉장 및 냉동 창고업,1,,,,,
,1110,630203,H,운수 및 창고업,63,창고 및 운송관련 서비스업,630,보관 및 창고업,6302,보관 및 창고업,농산물 창고업,1,52103,H,운수 및 창고업,52,창고 및 운송관련 서비스업,521,보관 및 창고업,5210,보관 및 창고업,농산물 창고업,1,,,,,
,1111,630204,H,운수 및 창고업,63,창고 및 운송관련 서비스업,630,보관 및 창고업,6302,보관 및 창고업,위험 물품 보관업,1,52104,H,운수 및 창고업,52,창고 및 운송관련 서비스업,521,보관 및 창고업,5210,보관 및 창고업,위험 물품 보관업,1,,,,,
,1112,630205,H,운수 및 창고업,63,창고 및 운송관련 서비스업,630,보관 및 창고업,6302,보관 및 창고업,기타 보관 및 창고업,1,52109,H,운수 및 창고업,52,창고 및 운송관련 서비스업,521,보관 및 창고업,5210,보관 및 창고업,기타 보관 및 창고업,1,,,,,
,1113,630301,H,운수 및 창고업,63,창고 및 운송관련 서비스업,630,기타 운송관련 서비스업,6303,육상 운송 지원 서비스업,철도 운송 지원 서비스업,1,52911,H,운수 및 창고업,52,창고 및 운송관련 서비스업,529,기타 운송관련 서비스업,5291,육상 운송 지원 서비스업,철도 운송 지원 서비스업,1,,,,,
,1114,630302,H,운수 및 창고업,63,창고 및 운송관련 서비스업,630,기타 운송관련 서비스업,6303,육상 운송 지원 서비스업,여객 자동차 터미널 운영업,1,52912,H,운수 및 창고업,52,창고 및 운송관련 서비스업,529,기타 운송관련 서비스업,5291,육상 운송 지원 서비스업,여객 자동차 터미널 운영업,1,,,,,
,1115,630303,H,운수 및 창고업,63,창고 및 운송관련 서비스업,630,기타 운송관련 서비스업,6303,육상 운송 지원 서비스업,주차장 운영업,1,52915,H,운수 및 창고업,52,창고 및 운송관련 서비스업,529,기타 운송관련 서비스업,5291,육상 운송 지원 서비스업,주차장 운영업,1,,,,,
,1116,630304,N,"사업시설 관리, 사업 지원 및 임대 서비스업",63,임대업; 부동산 제외,630,운송장비 임대업,6303,자동차 임대업,자동차 임대업(렌트카),1,76110,N,"사업시설 관리, 사업 지원 및 임대 서비스업",76,임대업; 부동산 제외,761,운송장비 임대업,7611,자동차 임대업,자동차 임대업,1,,,,,
,1117,630305,H,운수 및 창고업,63,창고 및 운송관련 서비스업,630,기타 운송관련 서비스업,6303,육상 운송 지원 서비스업,물류 터미널 운영업,1,52913,H,운수 및 창고업,52,창고 및 운송관련 서비스업,529,기타 운송관련 서비스업,5291,육상 운송 지원 서비스업,물류 터미널 운영업,1,,,,,
,1118,630309,H,운수 및 창고업,63,창고 및 운송관련 서비스업,630,기타 운송관련 서비스업,6303,육상 운송 지원 서비스업,기타 육상 운송지원 서비스업,1,52919,H,운수 및 창고업,52,창고 및 운송관련 서비스업,529,기타 운송관련 서비스업,5291,육상 운송 지원 서비스업,기타 육상 운송지원 서비스업,1,,,,,
,1119,630311,H,운수 및 창고업,63,창고 및 운송관련 서비스업,630,기타 운송관련 서비스업,6303,육상 운송 지원 서비스업,도로 및 관련시설 운영업,1,52914,H,운수 및 창고업,52,창고 및 운송관련 서비스업,529,기타 운송관련 서비스업,5291,육상 운송 지원 서비스업,도로 및 관련시설 운영업,2,1,,,,
,1120,630401,H,운수 및 창고업,63,창고 및 운송관련 서비스업,630,기타 운송관련 서비스업,6304,수상 운송 지원 서비스업,기타 수상 운송 지원 서비스업,1,52929,H,운수 및 창고업,52,창고 및 운송관련 서비스업,529,기타 운송관련 서비스업,5292,수상 운송 지원 서비스업,기타 수상 운송 지원 서비스업,3,,선박 구난 및 인양,,,
,1121,630402,H,운수 및 창고업,63,창고 및 운송관련 서비스업,630,기타 운송관련 서비스업,6304,수상 운송 지원 서비스업,선박관리업,2,52922,H,운수 및 창고업,52,창고 및 운송관련 서비스업,529,기타 운송관련 서비스업,5292,수상 운송 지원 서비스업,선박관리업,1,,,,,
,1121,630402,H,운수 및 창고업,63,창고 및 운송관련 서비스업,630,기타 운송관련 서비스업,6304,수상 운송 지원 서비스업,기타 수상 운송 지원 서비스업,2,52929,H,운수 및 창고업,52,창고 및 운송관련 서비스업,529,기타 운송관련 서비스업,5292,수상 운송 지원 서비스업,기타 수상 운송 지원 서비스업,3,1,,,,
,1122,630403,H,운수 및 창고업,63,창고 및 운송관련 서비스업,630,기타 운송관련 서비스업,6304,수상 운송 지원 서비스업,기타 수상 운송 지원 서비스업,1,52929,H,운수 및 창고업,52,창고 및 운송관련 서비스업,529,기타 운송관련 서비스업,5292,수상 운송 지원 서비스업,기타 수상 운송 지원 서비스업,3,,도선사,,,
,1123,630405,H,운수 및 창고업,63,창고 및 운송관련 서비스업,630,기타 운송관련 서비스업,6304,수상 운송 지원 서비스업,항구 및 기타 해상 터미널 운영업,1,52921,H,운수 및 창고업,52,창고 및 운송관련 서비스업,529,기타 운송관련 서비스업,5292,수상 운송 지원 서비스업,항구 및 기타 해상 터미널 운영업,1,,,,,
,1124,630500,H,운수 및 창고업,63,창고 및 운송관련 서비스업,630,기타 운송관련 서비스업,6305,항공 운송 지원 서비스업,기타 항공 운송지원 서비스업,1,52939,H,운수 및 창고업,52,창고 및 운송관련 서비스업,529,기타 운송관련 서비스업,5293,항공 운송 지원 서비스업,기타 항공 운송지원 서비스업,1,,,,,
,1125,630501,H,운수 및 창고업,63,창고 및 운송관련 서비스업,630,기타 운송관련 서비스업,6305,항공 운송 지원 서비스업,공항 운영업,1,52931,H,운수 및 창고업,52,창고 및 운송관련 서비스업,529,기타 운송관련 서비스업,5293,항공 운송 지원 서비스업,공항 운영업,1,,,,,
,1126,630600,N,"사업시설 관리, 사업 지원 및 임대 서비스업",63,사업 지원 서비스업,630,여행사 및 기타 여행 보조 서비스업,6306,여행사업,여행사업,1,75210,N,"사업시설 관리, 사업 지원 및 임대 서비스업",75,사업 지원 서비스업,752,여행사 및 기타 여행 보조 서비스업,7521,여행사업,여행사업,1,,,,,
,1127,630601,N,"사업시설 관리, 사업 지원 및 임대 서비스업",63,사업 지원 서비스업,630,여행사 및 기타 여행 보조 서비스업,6306,기타 여행 보조 및 예약 서비스업,기타 여행 보조 및 예약 서비스업,1,75290,N,"사업시설 관리, 사업 지원 및 임대 서비스업",75,사업 지원 서비스업,752,여행사 및 기타 여행 보조 서비스업,7529,기타 여행 보조 및 예약 서비스업,기타 여행 보조 및 예약 서비스업,2,1,,,,
,1128,630701,H,운수 및 창고업,63,육상 운송 및 파이프라인 운송업,630,육상 여객 운송업,6307,도시 정기 육상 여객 운송업,시내버스 운송업,3,49212,H,운수 및 창고업,49,육상 운송 및 파이프라인 운송업,492,육상 여객 운송업,4921,도시 정기 육상 여객 운송업,시내버스 운송업,3,,지입 시내버스,,,
,1128,630701,H,운수 및 창고업,63,육상 운송 및 파이프라인 운송업,630,육상 여객 운송업,6307,시외버스 운송업,시외버스 운송업,3,49220,H,운수 및 창고업,49,육상 운송 및 파이프라인 운송업,492,육상 여객 운송업,4922,시외버스 운송업,시외버스 운송업,4,,지입 시외버스,,,
,1128,630701,H,운수 및 창고업,63,육상 운송 및 파이프라인 운송업,630,육상 여객 운송업,6307,부정기 육상 여객 운송업,택시 운송업,3,49231,H,운수 및 창고업,49,육상 운송 및 파이프라인 운송업,492,육상 여객 운송업,4923,부정기 육상 여객 운송업,택시 운송업,4,,지입 택시,,,
,1129,630702,H,운수 및 창고업,63,육상 운송 및 파이프라인 운송업,630,도로 화물 운송업,6307,도로 화물 운송업,일반 화물 자동차 운송업,3,49301,H,운수 및 창고업,49,육상 운송 및 파이프라인 운송업,493,도로 화물 운송업,4930,도로 화물 운송업,일반 화물 자동차 운송업,12,,지입,,,
,1129,630702,H,운수 및 창고업,63,육상 운송 및 파이프라인 운송업,630,도로 화물 운송업,6307,도로 화물 운송업,개인 화물 자동차 운송업,3,49302,H,운수 및 창고업,49,육상 운송 및 파이프라인 운송업,493,도로 화물 운송업,4930,도로 화물 운송업,개인 화물자동차 운송업,12,,지입,,,
,1129,630702,H,운수 및 창고업,63,육상 운송 및 파이프라인 운송업,630,도로 화물 운송업,6307,도로 화물 운송업,일반 화물 자동차 운송업,3,49301,H,운수 및 창고업,49,육상 운송 및 파이프라인 운송업,493,도로 화물 운송업,4930,도로 화물 운송업,일반 화물자동차 운송업,12,,지입,,,
,1130,630901,H,운수 및 창고업,63,육상 운송 및 파이프라인 운송업,630,소화물 전문 운송업,6309,소화물 전문 운송업,택배업,1,49401,H,운수 및 창고업,49,육상 운송 및 파이프라인 운송업,494,소화물 전문 운송업,4940,소화물 전문 운송업,택배업,2,1,,,,
,1131,630902,H,운수 및 창고업,63,창고 및 운송관련 서비스업,630,기타 운송관련 서비스업,6309,그 외 기타 운송관련 서비스업,통관 대리 및 관련서비스업,2,52991,H,운수 및 창고업,52,창고 및 운송관련 서비스업,529,기타 운송관련 서비스업,5299,그 외 기타 운송관련 서비스업,통관 대리 및 관련서비스업,2,1,,,,
,1131,630902,H,운수 및 창고업,63,창고 및 운송관련 서비스업,630,기타 운송관련 서비스업,6309,그 외 기타 운송관련 서비스업,"화물 운송 중개, 대리 및 관련 서비스업",2,52992,H,운수 및 창고업,52,창고 및 운송관련 서비스업,529,기타 운송관련 서비스업,5299,그 외 기타 운송관련 서비스업,"화물 운송 중개, 대리 및 관련 서비스업",2,1,,,,
,1132,630903,H,운수 및 창고업,63,창고 및 운송관련 서비스업,630,기타 운송관련 서비스업,6309,그 외 기타 운송관련 서비스업,"화물 포장, 검수 및 계량 서비스업",1,52993,H,운수 및 창고업,52,창고 및 운송관련 서비스업,529,기타 운송관련 서비스업,5299,그 외 기타 운송관련 서비스업,"화물 포장, 검수 및 계량 서비스업",2,1,,,,
,1133,630904,H,운수 및 창고업,63,육상 운송 및 파이프라인 운송업,630,소화물 전문 운송업,6309,소화물 전문 운송업,늘찬 배달업,1,49402,H,운수 및 창고업,49,육상 운송 및 파이프라인 운송업,494,소화물 전문 운송업,4940,소화물 전문 운송업,늘찬 배달업,1,,,,,
,1134,630905,H,운수 및 창고업,63,창고 및 운송관련 서비스업,630,기타 운송관련 서비스업,6309,그 외 기타 운송관련 서비스업,"화물 포장, 검수 및 계량 서비스업",1,52993,H,운수 및 창고업,52,창고 및 운송관련 서비스업,529,기타 운송관련 서비스업,5299,그 외 기타 운송관련 서비스업,"화물 포장, 검수 및 계량 서비스업",2,,포장이사,,,
,1135,630909,H,운수 및 창고업,63,창고 및 운송관련 서비스업,630,기타 운송관련 서비스업,6309,그 외 기타 운송관련 서비스업,그 외 기타 분류 안된 운송관련 서비스업,1,52999,H,운수 및 창고업,52,창고 및 운송관련 서비스업,529,기타 운송관련 서비스업,5299,그 외 기타 운송관련 서비스업,그 외 기타 분류 안된 운송관련 서비스업,1,,,,,
,1136,641100,K,금융 및 보험업,64,금융업,641,은행 및 저축기관,6411,중앙은행,중앙은행,1,64110,K,금융 및 보험업,64,금융업,641,은행 및 저축기관,6411,중앙은행,중앙은행,1,,,,,
,1137,641200,J,정보통신업,64,우편 및 통신업,641,공영 우편업,6412,공영 우편업,공영 우편업,1,61100,J,정보통신업,61,우편 및 통신업,611,공영 우편업,6110,공영 우편업,공영 우편업,1,,,,,
,1138,641201,H,운수 및 창고업,64,육상 운송 및 파이프라인 운송업,641,소화물 전문 운송업,6412,소화물 전문 운송업,택배업,1,49401,H,운수 및 창고업,49,육상 운송 및 파이프라인 운송업,494,소화물 전문 운송업,4940,소화물 전문 운송업,택배업,2,,"서신송달, 소화물 수집ㆍ운반ㆍ배달",,,
,1139,642001,J,정보통신업,64,우편 및 통신업,642,전기 통신업,6420,무선 및 위성 통신업,무선 및 위성 통신업,1,61220,J,정보통신업,61,우편 및 통신업,612,전기 통신업,6122,무선 및 위성 통신업,무선 및 위성 통신업,1,,,,,
,1140,642002,J,정보통신업,64,우편 및 통신업,642,전기 통신업,6420,기타 전기 통신업,통신 재판매업,1,61291,J,정보통신업,61,우편 및 통신업,612,전기 통신업,6129,기타 전기 통신업,통신 재판매업,1,,,,,
,1141,642003,J,정보통신업,64,우편 및 통신업,642,전기 통신업,6420,기타 전기 통신업,그 외 기타 전기 통신업,1,61299,J,정보통신업,61,우편 및 통신업,612,전기 통신업,6129,기타 전기 통신업,그 외 기타 전기 통신업,1,,,,,
,1142,642004,J,정보통신업,64,정보서비스업,642,"자료 처리, 호스팅, 포털 및 기타 인터넷 정보 매개 서비스업",6420,포털 및 기타 인터넷 정보 매개 서비스업,포털 및 기타 인터넷 정보 매개 서비스업,1,63120,J,정보통신업,63,정보서비스업,631,"자료 처리, 호스팅, 포털 및 기타 인터넷 정보 매개 서비스업",6312,포털 및 기타 인터넷 정보 매개 서비스업,포털 및 기타 인터넷 정보 매개 서비스업,1,,,,,
,1143,642005,J,정보통신업,64,우편 및 통신업,642,전기 통신업,6420,유선 통신업,유선 통신업,1,61210,J,정보통신업,61,우편 및 통신업,612,전기 통신업,6121,유선 통신업,유선 통신업,1,,,,,
,1144,659201,K,금융 및 보험업,65,금융업,659,은행 및 저축기관,6592,일반은행,국내은행,1,64121,K,금융 및 보험업,64,금융업,641,은행 및 저축기관,6412,일반은행,국내은행,1,,,,,
,1145,659202,K,금융 및 보험업,65,금융업,659,은행 및 저축기관,6592,신용조합 및 저축기관,신용조합,1,64131,K,금융 및 보험업,64,금융업,641,은행 및 저축기관,6413,신용조합 및 저축기관,신용조합,1,,,,,
,1146,659203,K,금융 및 보험업,65,금융업,659,기타 금융업,6592,여신 금융업,그 외 기타 여신 금융업,1,64919,K,금융 및 보험업,64,금융업,649,기타 금융업,6491,여신 금융업,그 외 기타 여신 금융업,3,,금융기관 이외,,,
,1147,659204,K,금융 및 보험업,65,금융업,659,기타 금융업,6592,여신 금융업,그 외 기타 여신 금융업,1,64919,K,금융 및 보험업,64,금융업,649,기타 금융업,6491,여신 금융업,그 외 기타 여신 금융업,3,,전당포업,,,
,1148,659205,K,금융 및 보험업,65,금융업,659,은행 및 저축기관,6592,신용조합 및 저축기관,상호 저축은행 및 기타 저축기관,1,64132,K,금융 및 보험업,64,금융업,641,은행 및 저축기관,6413,신용조합 및 저축기관,상호 저축은행 및 기타 저축기관,1,,,,,
,1149,659206,K,금융 및 보험업,65,금융업,659,기타 금융업,6592,여신 금융업,신용카드 및 할부 금융업,1,64913,K,금융 및 보험업,64,금융업,649,기타 금융업,6491,여신 금융업,신용카드 및 할부 금융업,1,,,,,
,1150,659207,K,금융 및 보험업,65,금융업,659,은행 및 저축기관,6592,일반은행,외국은행,1,64122,K,금융 및 보험업,64,금융업,641,은행 및 저축기관,6412,일반은행,외국은행,1,,,,,
,1151,659208,K,금융 및 보험업,65,금융업,659,기타 금융업,6592,여신 금융업,금융 리스업,1,64911,K,금융 및 보험업,64,금융업,649,기타 금융업,6491,여신 금융업,금융 리스업,1,,,,,
,1152,659209,K,금융 및 보험업,65,금융업,659,기타 금융업,6592,여신 금융업,개발 금융기관,1,64912,K,금융 및 보험업,64,금융업,649,기타 금융업,6491,여신 금융업,개발 금융기관,1,,,,,
,1153,659900,K,금융 및 보험업,65,금융업,659,신탁업 및 집합 투자업,6599,신탁업 및 집합 투자업,기타 금융 투자업,1,64209,K,금융 및 보험업,64,금융업,642,신탁업 및 집합 투자업,6420,신탁업 및 집합 투자업,기타 금융 투자업,1,,,,,
,1154,659901,N,"사업시설 관리, 사업 지원 및 임대 서비스업",65,사업 지원 서비스업,659,기타 사업 지원 서비스업,6599,그 외 기타 사업 지원 서비스업,온라인 활용 마케팅 및 관련 사업지원 서비스업,2,75995,N,"사업시설 관리, 사업 지원 및 임대 서비스업",75,사업 지원 서비스업,759,기타 사업 지원 서비스업,7599,그 외 기타 사업 지원 서비스업,온라인 활용 마케팅 및 관련 사업지원 서비스업,3,,상품권 매매업,,,
,1154,659901,N,"사업시설 관리, 사업 지원 및 임대 서비스업",65,사업 지원 서비스업,659,기타 사업 지원 서비스업,6599,그 외 기타 사업 지원 서비스업,그 외 기타 분류 안된 사업 지원 서비스업,2,75999,N,"사업시설 관리, 사업 지원 및 임대 서비스업",75,사업 지원 서비스업,759,기타 사업 지원 서비스업,7599,그 외 기타 사업 지원 서비스업,그 외 기타 분류 안된 사업지원 서비스업,7,,상품권 매매업,,,
,1155,659902,K,금융 및 보험업,65,금융업,659,기타 금융업,6599,그 외 기타 금융업,그 외 기타 분류 안된 금융업,1,64999,K,금융 및 보험업,64,금융업,649,기타 금융업,6499,그 외 기타 금융업,그 외 기타 분류 안된 금융업,1,,,,,
,1156,659903,K,금융 및 보험업,65,금융업,659,신탁업 및 집합 투자업,6599,신탁업 및 집합 투자업,신탁업 및 집합 투자업,1,64201,K,금융 및 보험업,64,금융업,642,신탁업 및 집합 투자업,6420,신탁업 및 집합 투자업,신탁업 및 집합 투자업,1,,,,,
,1157,659904,K,금융 및 보험업,65,금융업,659,기타 금융업,6599,여신 금융업,그 외 기타 여신 금융업,1,64919,K,금융 및 보험업,64,금융업,649,기타 금융업,6491,여신 금융업,그 외 기타 여신 금융업,3,1,,,,
,1158,659905,K,금융 및 보험업,65,금융업,659,기타 금융업,6599,그 외 기타 금융업,기금 운영업,1,64991,K,금융 및 보험업,64,금융업,649,기타 금융업,6499,그 외 기타 금융업,기금 운영업,1,,,,,
,1159,659906,K,금융 및 보험업,65,금융업,659,기타 금융업,6599,그 외 기타 금융업,지주회사,1,64992,K,금융 및 보험업,64,금융업,649,기타 금융업,6499,그 외 기타 금융업,지주회사,1,,,,,
,1160,660100,K,금융 및 보험업,66,보험업,660,보험업,6601,생명보험업,생명보험업,1,65110,K,금융 및 보험업,65,보험업,651,보험업,6511,생명보험업,생명보험업,1,,,,,
,1161,660101,K,금융 및 보험업,66,보험업,660,재보험업,6601,재보험업,재보험업,1,65200,K,금융 및 보험업,65,보험업,652,재보험업,6520,재보험업,재보험업,1,,,,,
,1162,660301,K,금융 및 보험업,66,보험업,660,보험업,6603,손해 및 보증보험업,손해보험업,1,65121,K,금융 및 보험업,65,보험업,651,보험업,6512,손해 및 보증보험업,손해보험업,3,,"자동차보험, 해상보험",,,
,1163,660302,K,금융 및 보험업,66,보험업,660,보험업,6603,손해 및 보증보험업,손해보험업,1,65121,K,금융 및 보험업,65,보험업,651,보험업,6512,손해 및 보증보험업,손해보험업,3,,화재보험,,,
,1164,660303,K,금융 및 보험업,66,보험업,660,보험업,6603,손해 및 보증보험업,손해보험업,1,65121,K,금융 및 보험업,65,보험업,651,보험업,6512,손해 및 보증보험업,손해보험업,3,1,,,,
,1165,660304,K,금융 및 보험업,66,보험업,660,보험업,6603,손해 및 보증보험업,보증보험업,1,65122,K,금융 및 보험업,65,보험업,651,보험업,6512,손해 및 보증보험업,보증보험업,1,,,,,
,1166,660305,O,"공공 행정, 국방 및 사회보장 행정",66,"공공 행정, 국방 및 사회보장 행정",660,사회보장 보험업 및 연금업,6603,사회보장보험업,건강보험업,1,84611,O,"공공 행정, 국방 및 사회보장 행정",84,"공공 행정, 국방 및 사회보장 행정",846,사회보장 보험업 및 연금업,8461,사회보장 보험업,건강 보험업,1,,,,,
,1167,660306,O,"공공 행정, 국방 및 사회보장 행정",66,"공공 행정, 국방 및 사회보장 행정",660,사회보장 보험업 및 연금업,6603,사회보장보험업,산업 재해 및 기타 사회보장보험업,1,84619,O,"공공 행정, 국방 및 사회보장 행정",84,"공공 행정, 국방 및 사회보장 행정",846,사회보장 보험업 및 연금업,8461,사회보장 보험업,산업재해 및 기타 사회보장 보험업,1,,,,,
,1168,660307,K,금융 및 보험업,66,보험업,660,공제업,6603,공제업,개인 공제업,1,65301,K,금융 및 보험업,65,보험업,653,공제업,6530,공제업,개인 공제업,1,,,,,
,1169,660308,K,금융 및 보험업,66,보험업,660,공제업,6603,공제업,사업 공제업,1,65302,K,금융 및 보험업,65,보험업,653,공제업,6530,공제업,사업 공제업,1,,,,,
,1170,660309,O,"공공 행정, 국방 및 사회보장 행정",66,"공공 행정, 국방 및 사회보장 행정",660,사회보장 보험업 및 연금업,6603,연금업,연금업,1,84620,O,"공공 행정, 국방 및 사회보장 행정",84,"공공 행정, 국방 및 사회보장 행정",846,사회보장 보험업 및 연금업,8462,연금업,연금업,1,,,,,
,1171,671201,K,금융 및 보험업,67,금융 및 보험관련 서비스업,671,금융 지원 서비스업,6712,기타 금융 지원 서비스업,그 외 기타 금융 지원 서비스업,1,66199,K,금융 및 보험업,66,금융 및 보험관련 서비스업,661,금융 지원 서비스업,6619,기타 금융 지원 서비스업,그 외 기타 금융 지원 서비스업,2,,국공채를 매입하여 증권회사에 직접 납품,,,
,1172,671202,K,금융 및 보험업,67,금융 및 보험관련 서비스업,671,금융 지원 서비스업,6712,증권 및 선물 중개업,증권 중개업,1,66121,K,금융 및 보험업,66,금융 및 보험관련 서비스업,661,금융 지원 서비스업,6612,증권 및 선물 중개업,증권 중개업,1,,,,,
,1173,671203,K,금융 및 보험업,67,금융 및 보험관련 서비스업,671,금융 지원 서비스업,6712,증권 및 선물 중개업,선물 중개업,1,66122,K,금융 및 보험업,66,금융 및 보험관련 서비스업,661,금융 지원 서비스업,6612,증권 및 선물 중개업,선물 중개업,1,,,,,
,1174,671900,K,금융 및 보험업,67,금융 및 보험관련 서비스업,671,금융 지원 서비스업,6719,기타 금융 지원 서비스업,그 외 기타 금융 지원 서비스업,1,66199,K,금융 및 보험업,66,금융 및 보험관련 서비스업,661,금융 지원 서비스업,6619,기타 금융 지원 서비스업,그 외 기타 금융 지원 서비스업,2,1,,,,
,1175,671901,K,금융 및 보험업,67,금융 및 보험관련 서비스업,671,금융 지원 서비스업,6719,금융시장 관리업,금융시장 관리업,1,66110,K,금융 및 보험업,66,금융 및 보험관련 서비스업,661,금융 지원 서비스업,6611,금융시장 관리업,금융시장 관리업,1,,,,,
,1176,671902,K,금융 및 보험업,67,금융 및 보험관련 서비스업,671,금융 지원 서비스업,6719,기타 금융 지원 서비스업,"증권 발행, 관리, 보관 및 거래 지원 서비스업",1,66191,K,금융 및 보험업,66,금융 및 보험관련 서비스업,661,금융 지원 서비스업,6619,기타 금융 지원 서비스업,"증권 발행, 관리, 보관 및 거래 지원 서비스업",1,,,,,
,1177,671903,K,금융 및 보험업,67,금융 및 보험관련 서비스업,671,금융 지원 서비스업,6719,기타 금융 지원 서비스업,투자 자문업 및 투자 일임업,1,66192,K,금융 및 보험업,66,금융 및 보험관련 서비스업,661,금융 지원 서비스업,6619,기타 금융 지원 서비스업,투자 자문업 및 투자 일임업,1,,,,,
,1178,672000,K,금융 및 보험업,67,금융 및 보험관련 서비스업,672,보험 및 연금관련 서비스업,6720,보험 및 연금관련 서비스업,보험 대리 및 중개업,1,66202,K,금융 및 보험업,66,금융 및 보험관련 서비스업,662,보험 및 연금관련 서비스업,6620,보험 및 연금관련 서비스업,보험 대리 및 중개업,1,,,,,
,1179,672001,K,금융 및 보험업,67,금융 및 보험관련 서비스업,672,보험 및 연금관련 서비스업,6720,보험 및 연금관련 서비스업,기타 보험 및 연금관련 서비스업,1,66209,K,금융 및 보험업,66,금융 및 보험관련 서비스업,662,보험 및 연금관련 서비스업,6620,보험 및 연금관련 서비스업,기타 보험 및 연금관련 서비스업,1,,,,,
,1180,701101,L,부동산업,70,부동산업,701,부동산 임대 및 공급업,7011,부동산 임대업,주거용 건물 임대업,1,68111,L,부동산업,68,부동산업,681,부동산 임대 및 공급업,6811,부동산 임대업,주거용 건물 임대업,5,,기준싯가 9억 초과,,,
,1181,701102,L,부동산업,70,부동산업,701,부동산 임대 및 공급업,7011,부동산 임대업,주거용 건물 임대업,1,68111,L,부동산업,68,부동산업,681,부동산 임대 및 공급업,6811,부동산 임대업,주거용 건물 임대업,5,1,,,,
,1182,701103,L,부동산업,70,부동산업,701,부동산 임대 및 공급업,7011,부동산 임대업,주거용 건물 임대업(장기임대공동·단독주택),1,68111,L,부동산업,68,부동산업,681,부동산 임대 및 공급업,6811,부동산 임대업,주거용 건물 임대업,5,,국민주택 5호 이상을 5년 이상 임대한 경우(공동주택 및 단독주택),,,
,1183,701104,L,부동산업,70,부동산업,701,부동산 임대 및 공급업,7011,부동산 임대업,주거용 건물 임대업(장기임대다가구주택),1,68111,L,부동산업,68,부동산업,681,부동산 임대 및 공급업,6811,부동산 임대업,주거용 건물 임대업,5,,국민주택 5호 이상을 5년 이상 임대한 경우(다가구주택),,,
,1184,701201,L,부동산업,70,부동산업,701,부동산 임대 및 공급업,7012,부동산 임대업,"비주거용 건물 임대업(점포, 자기땅)",1,68112,L,부동산업,68,부동산업,681,부동산 임대 및 공급업,6811,부동산 임대업,비주거용 건물 임대업,11,1,,,,
,1185,701202,L,부동산업,70,부동산업,701,부동산 임대 및 공급업,7012,부동산 임대업,"비주거용 건물 임대업(점포, 타인땅)",1,68112,L,부동산업,68,부동산업,681,부동산 임대 및 공급업,6811,부동산 임대업,비주거용 건물 임대업,11,,"타인땅, 소규모 점포",,,
,1186,701203,L,부동산업,70,부동산업,701,부동산 임대 및 공급업,7012,부동산 임대업,비주거용 건물 임대업,1,68112,L,부동산업,68,부동산업,681,부동산 임대 및 공급업,6811,부동산 임대업,비주거용 건물 임대업,11,,지식산업센터,,,
,1187,701204,L,부동산업,70,부동산업,701,부동산 임대 및 공급업,7012,부동산 임대업,비주거용 건물 임대업,1,68112,L,부동산업,68,부동산업,681,부동산 임대 및 공급업,6811,부동산 임대업,비주거용 건물 임대업,11,,광고용 건물 임대,,,
,1188,701205,L,부동산업,70,부동산업,701,부동산 임대 및 공급업,7012,부동산 임대업,비주거용 건물 임대업,1,68112,L,부동산업,68,부동산업,681,부동산 임대 및 공급업,6811,부동산 임대업,비주거용 건물 임대업,11,,공유주방,,,
,1189,701206,L,부동산업,70,부동산업,701,부동산 임대 및 공급업,7012,부동산 임대업,"비주거용 건물 임대업(점포, 자기땅)",1,68112,L,부동산업,68,부동산업,681,부동산 임대 및 공급업,6811,부동산 임대업,비주거용 건물 임대업,11,,,,,
,1190,701300,L,부동산업,70,부동산업,701,부동산 임대 및 공급업,7013,부동산 임대업,비주거용 건물 임대업,1,68112,L,부동산업,68,부동산업,681,부동산 임대 및 공급업,6811,부동산 임대업,비주거용 건물 임대업,11,,,,,
,1191,701301,L,부동산업,70,부동산업,701,부동산 임대 및 공급업,7013,부동산 임대업,주거용 건물 임대업,1,68111,L,부동산업,68,부동산업,681,부동산 임대 및 공급업,6811,부동산 임대업,주거용 건물 임대업,5,,전대,,,
,1192,701302,L,부동산업,70,부동산업,701,부동산 임대 및 공급업,7013,부동산 임대업,비주거용 건물 임대업,1,68112,L,부동산업,68,부동산업,681,부동산 임대 및 공급업,6811,부동산 임대업,비주거용 건물 임대업,11,,,,,
,1193,701400,L,부동산업,70,부동산업,701,부동산 임대 및 공급업,7014,부동산 임대업,기타 부동산 임대업,1,68119,L,부동산업,68,부동산업,681,부동산 임대 및 공급업,6811,부동산 임대업,기타 부동산 임대업,3,1,,,,
,1194,701501,L,부동산업,70,부동산업,701,부동산 임대 및 공급업,7015,부동산 임대업,비주거용 건물 임대업(자기땅),1,68112,L,부동산업,68,부동산업,681,부동산 임대 및 공급업,6811,부동산 임대업,비주거용 건물 임대업,11,,공장재단(자기땅),,,
,1195,701502,L,부동산업,70,부동산업,701,부동산 임대 및 공급업,7015,부동산 임대업,비주거용 건물 임대업(타인땅),1,68112,L,부동산업,68,부동산업,681,부동산 임대 및 공급업,6811,부동산 임대업,비주거용 건물 임대업,11,,공장재단(타인땅),,,
,1196,701503,L,부동산업,70,부동산업,701,부동산 임대 및 공급업,7015,부동산 임대업,기타 부동산 임대업(자기땅),1,68119,L,부동산업,68,부동산업,681,부동산 임대 및 공급업,6811,부동산 임대업,기타 부동산 임대업,3,,광업재단(자기땅),,,
,1197,701504,L,부동산업,70,부동산업,701,부동산 임대 및 공급업,7015,부동산 임대업,기타 부동산 임대업(타인땅),1,68119,L,부동산업,68,부동산업,681,부동산 임대 및 공급업,6811,부동산 임대업,기타 부동산 임대업,3,,광업재단(타인땅),,,
,1198,701600,N,"사업시설 관리, 사업 지원 및 임대 서비스업",70,임대업; 부동산 제외,701,무형 재산권 임대업,7016,무형 재산권 임대업,무형 재산권 임대업,1,76400,N,"사업시설 관리, 사업 지원 및 임대 서비스업",76,임대업; 부동산 제외,764,무형 재산권 임대업,7640,무형 재산권 임대업,무형 재산권 임대업,3,,광업권자ㆍ조광권자의 채굴에 관한 권리의 대여로 인한 수입,,,
,1199,701700,S,"협회 및 단체, 수리 및 기타 개인 서비스업",70,기타 개인 서비스업,701,그 외 기타 개인 서비스업,7017,장례식장 및 관련 서비스업,"화장터 운영, 묘지 분양 및 관리업",1,96922,S,"협회 및 단체, 수리 및 기타 개인 서비스업",96,기타 개인 서비스업,969,그 외 기타 개인 서비스업,9692,장례식장 및 관련 서비스업,"화장터 운영, 묘지 분양 및 관리업",2,,분묘임대수입,,,
,1200,702001,L,부동산업,70,부동산업,702,부동산관련 서비스업,7020,"부동산 중개, 자문 및 감정 평가업",부동산 분양 대행업,2,68224,L,부동산업,68,부동산업,682,부동산관련 서비스업,6822,"부동산 중개, 자문 및 감정 평가업",부동산 분양 대행업,1,,,,,
,1200,702001,L,부동산업,70,부동산업,702,부동산관련 서비스업,7020,"부동산 중개, 자문 및 감정 평가업",부동산 중개 및 대리업,2,68221,L,부동산업,68,부동산업,682,부동산관련 서비스업,6822,"부동산 중개, 자문 및 감정 평가업",부동산 중개 및 대리업,1,,,,,
,1201,702002,L,부동산업,70,부동산업,702,부동산관련 서비스업,7020,"부동산 중개, 자문 및 감정 평가업",부동산 감정 평가업,1,68223,L,부동산업,68,부동산업,682,부동산관련 서비스업,6822,"부동산 중개, 자문 및 감정 평가업",부동산 감정 평가업,1,,,,,
,1202,702003,L,부동산업,70,부동산업,702,부동산관련 서비스업,7020,부동산 관리업,비주거용 부동산 관리업,1,68212,L,부동산업,68,부동산업,682,부동산관련 서비스업,6821,부동산 관리업,비주거용 부동산 관리업,1,,,,,
,1203,702004,L,부동산업,70,부동산업,702,부동산관련 서비스업,7020,"부동산 중개, 자문 및 감정 평가업",부동산 투자 자문업,1,68222,L,부동산업,68,부동산업,682,부동산관련 서비스업,6822,"부동산 중개, 자문 및 감정 평가업",부동산 투자 자문업,1,,,,,
,1204,702005,L,부동산업,70,부동산업,702,부동산관련 서비스업,7020,부동산 관리업,주거용 부동산 관리업,1,68211,L,부동산업,68,부동산업,682,부동산관련 서비스업,6821,부동산 관리업,주거용 부동산 관리업,1,,,,,
,1205,703011,L,부동산업,70,부동산업,703,부동산 임대 및 공급업,7030,부동산 개발 및 공급업,주거용 건물 개발 및 공급업,1,68121,L,부동산업,68,부동산업,681,부동산 임대 및 공급업,6812,부동산 개발 및 공급업,주거용 건물 개발 및 공급업,4,1,토지보유 (5년 미만),,,
,1206,703012,L,부동산업,70,부동산업,703,부동산 임대 및 공급업,7030,부동산 개발 및 공급업,주거용 건물 개발 및 공급업,1,68121,L,부동산업,68,부동산업,681,부동산 임대 및 공급업,6812,부동산 개발 및 공급업,주거용 건물 개발 및 공급업,4,,토지보유 (5년 이상),,,
,1207,703014,L,부동산업,70,부동산업,703,부동산 임대 및 공급업,7030,부동산 개발 및 공급업,비주거용 건물 개발 및 공급업,1,68122,L,부동산업,68,부동산업,681,부동산 임대 및 공급업,6812,부동산 개발 및 공급업,비주거용 건물 개발 및 공급업,6,1,토지보유 (5년 미만),,,
,1208,703015,L,부동산업,70,부동산업,703,부동산 임대 및 공급업,7030,부동산 개발 및 공급업,기타 부동산 개발 및 공급업,1,68129,L,부동산업,68,부동산업,681,부동산 임대 및 공급업,6812,부동산 개발 및 공급업,기타 부동산 개발 및 공급업,2,1,토지매매(토지보유5년 미만),,,
,1209,703016,L,부동산업,70,부동산업,703,부동산 임대 및 공급업,7030,부동산 개발 및 공급업,비주거용 건물 개발 및 공급업,1,68122,L,부동산업,68,부동산업,681,부동산 임대 및 공급업,6812,부동산 개발 및 공급업,비주거용 건물 개발 및 공급업,6,,토지보유 (5년 이상),,,
,1210,703017,L,부동산업,70,부동산업,703,부동산 임대 및 공급업,7030,부동산 개발 및 공급업,기타 부동산 개발 및 공급업,1,68129,L,부동산업,68,부동산업,681,부동산 임대 및 공급업,6812,부동산 개발 및 공급업,기타 부동산 개발 및 공급업,2,,토지매매(토지보유5년 이상),,,
,1211,703021,L,부동산업,70,부동산업,703,부동산 임대 및 공급업,7030,부동산 개발 및 공급업,비주거용 건물 개발 및 공급업,1,68122,L,부동산업,68,부동산업,681,부동산 임대 및 공급업,6812,부동산 개발 및 공급업,비주거용 건물 개발 및 공급업,6,,도급건설판매(토지보유 5년 미만),,,
,1212,703022,L,부동산업,70,부동산업,703,부동산 임대 및 공급업,7030,부동산 개발 및 공급업,비주거용 건물 개발 및 공급업,1,68122,L,부동산업,68,부동산업,681,부동산 임대 및 공급업,6812,부동산 개발 및 공급업,비주거용 건물 개발 및 공급업,6,,도급건설판매(토지보유 5년 이상),,,
,1213,703023,L,부동산업,70,부동산업,703,부동산 임대 및 공급업,7030,부동산 개발 및 공급업,비주거용 건물 개발 및 공급업,1,68122,L,부동산업,68,부동산업,681,부동산 임대 및 공급업,6812,부동산 개발 및 공급업,비주거용 건물 개발 및 공급업,6,,건축시행사(토지보유 5년 미만),,,
,1214,703024,L,부동산업,70,부동산업,703,부동산 임대 및 공급업,7030,부동산 개발 및 공급업,비주거용 건물 개발 및 공급업,1,68122,L,부동산업,68,부동산업,681,부동산 임대 및 공급업,6812,부동산 개발 및 공급업,비주거용 건물 개발 및 공급업,6,,건축시행사(토지보유 5년 이상),,,
,1215,712100,N,"사업시설 관리, 사업 지원 및 임대 서비스업",71,임대업; 부동산 제외,712,산업용 기계 및 장비 임대업,7121,기타 산업용 기계 및 장비 임대업,기타 산업용 기계 및 장비 임대업,1,76390,N,"사업시설 관리, 사업 지원 및 임대 서비스업",76,임대업; 부동산 제외,763,산업용 기계 및 장비 임대업,7639,기타 산업용 기계 및 장비 임대업,기타 산업용 기계 및 장비 임대업,3,,농업용,,,
,1216,712200,N,"사업시설 관리, 사업 지원 및 임대 서비스업",71,임대업; 부동산 제외,712,운송장비 임대업,7122,기타 운송장비 임대업,기타 운송장비 임대업,1,76190,N,"사업시설 관리, 사업 지원 및 임대 서비스업",76,임대업; 부동산 제외,761,운송장비 임대업,7619,기타 운송장비 임대업,기타 운송장비 임대업,1,,,,,
,1217,712201,N,"사업시설 관리, 사업 지원 및 임대 서비스업",71,임대업; 부동산 제외,712,산업용 기계 및 장비 임대업,7122,기타 산업용 기계 및 장비 임대업,기타 산업용 기계 및 장비 임대업,1,76390,N,"사업시설 관리, 사업 지원 및 임대 서비스업",76,임대업; 부동산 제외,763,산업용 기계 및 장비 임대업,7639,기타 산업용 기계 및 장비 임대업,기타 산업용 기계 및 장비 임대업,3,1,,,,
,1218,712202,N,"사업시설 관리, 사업 지원 및 임대 서비스업",71,임대업; 부동산 제외,712,산업용 기계 및 장비 임대업,7122,건설 및 토목공사용 기계ㆍ장비 임대업,건설 및 토목공사용 기계ㆍ장비 임대업,1,76310,N,"사업시설 관리, 사업 지원 및 임대 서비스업",76,임대업; 부동산 제외,763,산업용 기계 및 장비 임대업,7631,건설 및 토목공사용 기계ㆍ장비 임대업,건설 및 토목공사용 기계ㆍ장비 임대업,1,,,,,
,1219,712203,N,"사업시설 관리, 사업 지원 및 임대 서비스업",71,임대업; 부동산 제외,712,산업용 기계 및 장비 임대업,7122,컴퓨터 및 사무용 기계ㆍ장비 임대업,컴퓨터 및 사무용 기계ㆍ장비 임대업,1,76320,N,"사업시설 관리, 사업 지원 및 임대 서비스업",76,임대업; 부동산 제외,763,산업용 기계 및 장비 임대업,7632,컴퓨터 및 사무용 기계ㆍ장비 임대업,컴퓨터 및 사무용 기계ㆍ장비 임대업,1,,,,,
,1220,713001,N,"사업시설 관리, 사업 지원 및 임대 서비스업",71,임대업; 부동산 제외,713,개인 및 가정용품 임대업,7130,기타 개인 및 가정용품 임대업,그 외 기타 개인 및 가정용품 임대업,1,76299,N,"사업시설 관리, 사업 지원 및 임대 서비스업",76,임대업; 부동산 제외,762,개인 및 가정용품 임대업,7629,기타 개인 및 가정용품 임대업,그 외 기타 개인 및 가정용품 임대업,1,,,,,
,1221,713002,N,"사업시설 관리, 사업 지원 및 임대 서비스업",71,임대업; 부동산 제외,713,개인 및 가정용품 임대업,7130,스포츠 및 레크리에이션 용품 임대업,스포츠 및 레크리에이션 용품 임대업,1,76210,N,"사업시설 관리, 사업 지원 및 임대 서비스업",76,임대업; 부동산 제외,762,개인 및 가정용품 임대업,7621,스포츠 및 레크리에이션 용품 임대업,스포츠 및 레크리에이션 용품 임대업,1,,,,,
,1222,713003,N,"사업시설 관리, 사업 지원 및 임대 서비스업",71,임대업; 부동산 제외,713,산업용 기계 및 장비 임대업,7130,기타 산업용 기계 및 장비 임대업,기타 산업용 기계 및 장비 임대업,1,76390,N,"사업시설 관리, 사업 지원 및 임대 서비스업",76,임대업; 부동산 제외,763,산업용 기계 및 장비 임대업,7639,기타 산업용 기계 및 장비 임대업,기타 산업용 기계 및 장비 임대업,3,,연극공연 및 영화제작 용품임대,,,
,1223,713004,N,"사업시설 관리, 사업 지원 및 임대 서비스업",71,임대업; 부동산 제외,713,개인 및 가정용품 임대업,7130,음반 및 비디오물 임대업,음반 및 비디오물 임대업,1,76220,N,"사업시설 관리, 사업 지원 및 임대 서비스업",76,임대업; 부동산 제외,762,개인 및 가정용품 임대업,7622,음반 및 비디오물 임대업,음반 및 비디오물 임대업,1,,,,,
,1224,713005,N,"사업시설 관리, 사업 지원 및 임대 서비스업",71,임대업; 부동산 제외,713,개인 및 가정용품 임대업,7130,기타 개인 및 가정용품 임대업,서적 임대업,1,76291,N,"사업시설 관리, 사업 지원 및 임대 서비스업",76,임대업; 부동산 제외,762,개인 및 가정용품 임대업,7629,기타 개인 및 가정용품 임대업,서적 임대업,1,,,,,
,1225,713006,N,"사업시설 관리, 사업 지원 및 임대 서비스업",71,임대업; 부동산 제외,713,개인 및 가정용품 임대업,7130,기타 개인 및 가정용품 임대업,의류 임대업,1,76292,N,"사업시설 관리, 사업 지원 및 임대 서비스업",76,임대업; 부동산 제외,762,개인 및 가정용품 임대업,7629,기타 개인 및 가정용품 임대업,의류 임대업,2,1,,,,
,1226,721000,J,정보통신업,72,"컴퓨터 프로그래밍, 시스템 통합 및 관리업",721,"컴퓨터 프로그래밍, 시스템 통합 및 관리업",7210,"컴퓨터 시스템 통합 자문, 구축 및 관리업",컴퓨터 시스템 통합 자문 및 구축 서비스업,1,62021,J,정보통신업,62,"컴퓨터 프로그래밍, 시스템 통합 및 관리업",620,"컴퓨터 프로그래밍, 시스템 통합 및 관리업",6202,"컴퓨터 시스템 통합 자문, 구축 및 관리업",컴퓨터 시스템 통합 자문 및 구축 서비스업,1,,,,,
,1227,721001,J,정보통신업,72,"컴퓨터 프로그래밍, 시스템 통합 및 관리업",721,"컴퓨터 프로그래밍, 시스템 통합 및 관리업",7210,"컴퓨터 시스템 통합 자문, 구축 및 관리업",컴퓨터시설 관리업,1,62022,J,정보통신업,62,"컴퓨터 프로그래밍, 시스템 통합 및 관리업",620,"컴퓨터 프로그래밍, 시스템 통합 및 관리업",6202,"컴퓨터 시스템 통합 자문, 구축 및 관리업",컴퓨터시설 관리업,1,,,,,
,1228,722000,J,정보통신업,72,출판업,722,소프트웨어 개발 및 공급업,7220,시스템ㆍ응용 소프트웨어 개발 및 공급업,응용 소프트웨어 개발 및 공급업,1,58222,J,정보통신업,58,출판업,582,소프트웨어 개발 및 공급업,5822,시스템ㆍ응용 소프트웨어 개발 및 공급업,응용 소프트웨어 개발 및 공급업,1,,,,,
,1229,722001,J,정보통신업,72,출판업,722,소프트웨어 개발 및 공급업,7220,게임 소프트웨어 개발 및 공급업,유선 온라인 게임 소프트웨어 개발 및 공급업,1,58211,J,정보통신업,58,출판업,582,소프트웨어 개발 및 공급업,5821,게임 소프트웨어 개발 및 공급업,유선 온라인 게임 소프트웨어 개발 및 공급업,1,,,,,
,1230,722002,J,정보통신업,72,출판업,722,소프트웨어 개발 및 공급업,7220,게임 소프트웨어 개발 및 공급업,모바일 게임 소프트웨어 개발 및 공급업,1,58212,J,정보통신업,58,출판업,582,소프트웨어 개발 및 공급업,5821,게임 소프트웨어 개발 및 공급업,모바일 게임 소프트웨어 개발 및 공급업,1,,,,,
,1231,722003,J,정보통신업,72,출판업,722,소프트웨어 개발 및 공급업,7220,게임 소프트웨어 개발 및 공급업,기타 게임 소프트웨어 개발 및 공급업,1,58219,J,정보통신업,58,출판업,582,소프트웨어 개발 및 공급업,5821,게임 소프트웨어 개발 및 공급업,기타 게임 소프트웨어 개발 및 공급업,1,,,,,
,1232,722004,J,정보통신업,72,출판업,722,소프트웨어 개발 및 공급업,7220,시스템ㆍ응용 소프트웨어 개발 및 공급업,시스템 소프트웨어 개발 및 공급업,1,58221,J,정보통신업,58,출판업,582,소프트웨어 개발 및 공급업,5822,시스템ㆍ응용 소프트웨어 개발 및 공급업,시스템 소프트웨어 개발 및 공급업,1,,,,,
,1233,722005,J,정보통신업,72,"컴퓨터 프로그래밍, 시스템 통합 및 관리업",722,"컴퓨터 프로그래밍, 시스템 통합 및 관리업",7220,컴퓨터 프로그래밍 서비스업,컴퓨터 프로그래밍 서비스업,1,62010,J,정보통신업,62,"컴퓨터 프로그래밍, 시스템 통합 및 관리업",620,"컴퓨터 프로그래밍, 시스템 통합 및 관리업",6201,컴퓨터 프로그래밍 서비스업,컴퓨터 프로그래밍 서비스업,1,,,,,
,1234,723000,J,정보통신업,72,정보서비스업,723,"자료 처리, 호스팅, 포털 및 기타 인터넷 정보 매개 서비스업",7230,"자료 처리, 호스팅 및 관련 서비스업",자료 처리업,1,63111,J,정보통신업,63,정보서비스업,631,"자료 처리, 호스팅, 포털 및 기타 인터넷 정보 매개 서비스업",6311,"자료 처리, 호스팅 및 관련 서비스업",자료 처리업,1,,,,,
,1235,723001,J,정보통신업,72,방송 및 영상·오디오물 제공 서비스업,723,영상·오디오물 제공 서비스업,7230,오디오물 제공 서비스업,오디오물 제공 서비스업,2,60320,J,정보통신업,60,방송 및 영상·오디오물 제공 서비스업,603,영상·오디오물 제공 서비스업,6032,오디오물 제공 서비스업,오디오물 제공 서비스업,2,,,,,
,1235,723001,J,정보통신업,72,정보서비스업,723,"자료 처리, 호스팅, 포털 및 기타 인터넷 정보 매개 서비스업",7230,"자료 처리, 호스팅 및 관련 서비스업",호스팅 및 관련 서비스업,2,63112,J,정보통신업,63,정보서비스업,631,"자료 처리, 호스팅, 포털 및 기타 인터넷 정보 매개 서비스업",6311,"자료 처리, 호스팅 및 관련 서비스업",호스팅 및 관련 서비스업,1,,,,,
,1236,724000,J,정보통신업,72,방송 및 영상·오디오물 제공 서비스업,724,영상·오디오물 제공 서비스업,7240,영상물 제공 서비스업,영상물 제공 서비스업,3,60310,J,정보통신업,60,방송 및 영상·오디오물 제공 서비스업,603,영상·오디오물 제공 서비스업,6031,영상물 제공 서비스업,영상물 제공 서비스업,1,,,,,
,1236,724000,J,정보통신업,72,방송 및 영상·오디오물 제공 서비스업,724,영상·오디오물 제공 서비스업,7240,오디오물 제공 서비스업,오디오물 제공 서비스업,3,60320,J,정보통신업,60,방송 및 영상·오디오물 제공 서비스업,603,영상·오디오물 제공 서비스업,6032,오디오물 제공 서비스업,오디오물 제공 서비스업,2,,,,,
,1236,724000,J,정보통신업,72,정보서비스업,724,기타 정보 서비스업,7240,그 외 기타 정보 서비스업,데이터베이스 및 온라인 정보 제공업,3,63991,J,정보통신업,63,정보서비스업,639,기타 정보 서비스업,6399,그 외 기타 정보 서비스업,데이터베이스 및 온라인 정보 제공업,1,,,,,
,1237,724001,J,정보통신업,72,정보서비스업,724,기타 정보 서비스업,7240,뉴스 제공업,뉴스 제공업,1,63910,J,정보통신업,63,정보서비스업,639,기타 정보 서비스업,6391,뉴스 제공업,뉴스 제공업,1,,,,,
,1238,724002,J,정보통신업,72,정보서비스업,724,기타 정보 서비스업,7240,그 외 기타 정보 서비스업,가상자산 매매 및 중개업,2,63992,J,정보통신업,63,정보서비스업,639,기타 정보 서비스업,6399,그 외 기타 정보 서비스업,가상자산 매매 및 중개업,1,,,,,
,1238,724002,J,정보통신업,72,정보서비스업,724,기타 정보 서비스업,7240,그 외 기타 정보 서비스업,그 외 기타 정보 서비스업,2,63999,J,정보통신업,63,정보서비스업,639,기타 정보 서비스업,6399,그 외 기타 정보 서비스업,그 외 기타 정보 서비스업,1,,,,,
,1239,725000,S,"협회 및 단체, 수리 및 기타 개인 서비스업",72,개인 및 소비용품 수리업,725,컴퓨터 및 통신장비 수리업,7250,컴퓨터 및 주변 기기 수리업,컴퓨터 및 주변 기기 수리업,1,95110,S,"협회 및 단체, 수리 및 기타 개인 서비스업",95,개인 및 소비용품 수리업,951,컴퓨터 및 통신장비 수리업,9511,컴퓨터 및 주변 기기 수리업,컴퓨터 및 주변 기기 수리업,1,,,,,
,1240,729000,J,정보통신업,72,"컴퓨터 프로그래밍, 시스템 통합 및 관리업",729,"컴퓨터 프로그래밍, 시스템 통합 및 관리업",7290,기타 정보 기술 및 컴퓨터 운영 관련 서비스업,기타 정보 기술 및 컴퓨터 운영 관련 서비스업,1,62090,J,정보통신업,62,"컴퓨터 프로그래밍, 시스템 통합 및 관리업",620,"컴퓨터 프로그래밍, 시스템 통합 및 관리업",6209,기타 정보 기술 및 컴퓨터 운영 관련 서비스업,기타 정보 기술 및 컴퓨터 운영 관련 서비스업,1,,,,,
,1241,730000,M,"전문, 과학 및 기술 서비스업",73,연구개발업,730,인문 및 사회과학 연구개발업,7300,인문 및 사회과학 연구개발업,기타 인문 및 사회과학 연구개발업,1,70209,M,"전문, 과학 및 기술 서비스업",70,연구개발업,702,인문 및 사회과학 연구개발업,7020,인문 및 사회과학 연구개발업,기타 인문 및 사회과학 연구개발업,1,,,,,
,1242,730001,M,"전문, 과학 및 기술 서비스업",73,연구개발업,730,자연과학 및 공학 연구개발업,7300,자연과학 연구개발업,"물리, 화학 및 생물학 연구개발업",1,70111,M,"전문, 과학 및 기술 서비스업",70,연구개발업,701,자연과학 및 공학 연구개발업,7011,자연과학 연구개발업,"물리, 화학 및 생물학 연구개발업",1,,,,,
,1243,730002,M,"전문, 과학 및 기술 서비스업",73,연구개발업,730,자연과학 및 공학 연구개발업,7300,자연과학 연구개발업,농림수산학 및 수의학 연구개발업,1,70112,M,"전문, 과학 및 기술 서비스업",70,연구개발업,701,자연과학 및 공학 연구개발업,7011,자연과학 연구개발업,농림수산학 및 수의학 연구개발업,1,,,,,
,1244,730003,M,"전문, 과학 및 기술 서비스업",73,연구개발업,730,자연과학 및 공학 연구개발업,7300,자연과학 연구개발업,의학 및 약학 연구개발업,1,70113,M,"전문, 과학 및 기술 서비스업",70,연구개발업,701,자연과학 및 공학 연구개발업,7011,자연과학 연구개발업,의학 및 약학 연구개발업,1,,,,,
,1245,730004,M,"전문, 과학 및 기술 서비스업",73,연구개발업,730,자연과학 및 공학 연구개발업,7300,자연과학 연구개발업,기타 자연과학 연구개발업,1,70119,M,"전문, 과학 및 기술 서비스업",70,연구개발업,701,자연과학 및 공학 연구개발업,7011,자연과학 연구개발업,기타 자연과학 연구개발업,1,,,,,
,1246,730005,M,"전문, 과학 및 기술 서비스업",73,연구개발업,730,자연과학 및 공학 연구개발업,7300,공학 연구개발업,전기ㆍ전자공학 연구개발업,1,70121,M,"전문, 과학 및 기술 서비스업",70,연구개발업,701,자연과학 및 공학 연구개발업,7012,공학 연구개발업,전기ㆍ전자공학 연구개발업,1,,,,,
,1247,730006,M,"전문, 과학 및 기술 서비스업",73,연구개발업,730,자연과학 및 공학 연구개발업,7300,공학 연구개발업,기타 공학 연구개발업,1,70129,M,"전문, 과학 및 기술 서비스업",70,연구개발업,701,자연과학 및 공학 연구개발업,7012,공학 연구개발업,기타 공학 연구개발업,1,,,,,
,1248,730007,M,"전문, 과학 및 기술 서비스업",73,연구개발업,730,자연과학 및 공학 연구개발업,7300,자연과학 및 공학 융합 연구개발업,자연과학 및 공학 융합 연구개발업,1,70130,M,"전문, 과학 및 기술 서비스업",70,연구개발업,701,자연과학 및 공학 연구개발업,7013,자연과학 및 공학 융합 연구개발업,자연과학 및 공학 융합 연구개발업,1,,,,,
,1249,730008,M,"전문, 과학 및 기술 서비스업",73,연구개발업,730,인문 및 사회과학 연구개발업,7300,인문 및 사회과학 연구개발업,경제 및 경영학 연구개발업,1,70201,M,"전문, 과학 및 기술 서비스업",70,연구개발업,702,인문 및 사회과학 연구개발업,7020,인문 및 사회과학 연구개발업,경제 및 경영학 연구개발업,1,,,,,
,1250,741101,M,"전문, 과학 및 기술 서비스업",74,전문 서비스업,741,법무관련 서비스업,7411,법무관련 서비스업,변호사업,1,71101,M,"전문, 과학 및 기술 서비스업",71,전문 서비스업,711,법무관련 서비스업,7110,법무관련 서비스업,변호사업,1,,,,,
,1251,741104,M,"전문, 과학 및 기술 서비스업",74,전문 서비스업,741,법무관련 서비스업,7411,법무관련 서비스업,변리사업,1,71102,M,"전문, 과학 및 기술 서비스업",71,전문 서비스업,711,법무관련 서비스업,7110,법무관련 서비스업,변리사업,1,,,,,
,1252,741106,M,"전문, 과학 및 기술 서비스업",74,전문 서비스업,741,법무관련 서비스업,7411,법무관련 서비스업,기타 법무관련 서비스업(공증인),1,71109,M,"전문, 과학 및 기술 서비스업",71,전문 서비스업,711,법무관련 서비스업,7110,법무관련 서비스업,기타 법무관련 서비스업,5,,공증인,,,
,1253,741107,M,"전문, 과학 및 기술 서비스업",74,전문 서비스업,741,법무관련 서비스업,7411,법무관련 서비스업,법무사업,1,71103,M,"전문, 과학 및 기술 서비스업",71,전문 서비스업,711,법무관련 서비스업,7110,법무관련 서비스업,법무사업,1,,,,,
,1254,741108,M,"전문, 과학 및 기술 서비스업",74,전문 서비스업,741,법무관련 서비스업,7411,법무관련 서비스업,기타 법무관련 서비스업(집행관),1,71109,M,"전문, 과학 및 기술 서비스업",71,전문 서비스업,711,법무관련 서비스업,7110,법무관련 서비스업,기타 법무관련 서비스업,5,,집행관,,,
,1255,741109,M,"전문, 과학 및 기술 서비스업",74,전문 서비스업,741,법무관련 서비스업,7411,법무관련 서비스업,기타 법무관련 서비스업,1,71109,M,"전문, 과학 및 기술 서비스업",71,전문 서비스업,711,법무관련 서비스업,7110,법무관련 서비스업,기타 법무관련 서비스업,5,,행정사,,,
,1256,741110,M,"전문, 과학 및 기술 서비스업",74,전문 서비스업,741,법무관련 서비스업,7411,법무관련 서비스업,기타 법무관련 서비스업(노무사),1,71109,M,"전문, 과학 및 기술 서비스업",71,전문 서비스업,711,법무관련 서비스업,7110,법무관련 서비스업,기타 법무관련 서비스업,5,,공인노무사,,,
,1257,741114,M,"전문, 과학 및 기술 서비스업",74,전문 서비스업,741,법무관련 서비스업,7411,법무관련 서비스업,기타 법무관련 서비스업,1,71109,M,"전문, 과학 및 기술 서비스업",71,전문 서비스업,711,법무관련 서비스업,7110,법무관련 서비스업,기타 법무관련 서비스업,5,1,,,,
,1258,741201,M,"전문, 과학 및 기술 서비스업",74,전문 서비스업,741,회계 및 세무관련 서비스업,7412,회계 및 세무관련 서비스업,세무사업,1,71202,M,"전문, 과학 및 기술 서비스업",71,전문 서비스업,712,회계 및 세무관련 서비스업,7120,회계 및 세무관련 서비스업,세무사업,2,1,,,,
,1259,741202,M,"전문, 과학 및 기술 서비스업",74,전문 서비스업,741,회계 및 세무관련 서비스업,7412,회계 및 세무관련 서비스업,공인회계사업,1,71201,M,"전문, 과학 및 기술 서비스업",71,전문 서비스업,712,회계 및 세무관련 서비스업,7120,회계 및 세무관련 서비스업,공인회계사업,2,1,,,,
,1260,741203,M,"전문, 과학 및 기술 서비스업",74,전문 서비스업,741,회계 및 세무관련 서비스업,7412,회계 및 세무관련 서비스업,세무사업(기장대리),2,71202,M,"전문, 과학 및 기술 서비스업",71,전문 서비스업,712,회계 및 세무관련 서비스업,7120,회계 및 세무관련 서비스업,세무사업,2,,세무사의 기장대리 보수,,,
,1260,741203,M,"전문, 과학 및 기술 서비스업",74,전문 서비스업,741,회계 및 세무관련 서비스업,7412,회계 및 세무관련 서비스업,기타 회계 관련 서비스업,2,71209,M,"전문, 과학 및 기술 서비스업",71,전문 서비스업,712,회계 및 세무관련 서비스업,7120,회계 및 세무관련 서비스업,기타 회계 관련 서비스업,2,2,기장대리 보수(세무사 제외),,,
,1261,741204,M,"전문, 과학 및 기술 서비스업",74,전문 서비스업,741,회계 및 세무관련 서비스업,7412,회계 및 세무관련 서비스업,공인회계사업(기장대리),2,71201,M,"전문, 과학 및 기술 서비스업",71,전문 서비스업,712,회계 및 세무관련 서비스업,7120,회계 및 세무관련 서비스업,공인회계사업,2,,공인회계사의 기장대리 보수,,,
,1261,741204,M,"전문, 과학 및 기술 서비스업",74,전문 서비스업,741,회계 및 세무관련 서비스업,7412,회계 및 세무관련 서비스업,기타 회계 관련 서비스업,2,71209,M,"전문, 과학 및 기술 서비스업",71,전문 서비스업,712,회계 및 세무관련 서비스업,7120,회계 및 세무관련 서비스업,기타 회계 관련 서비스업,2,2,기장대리 보수(공인회계사 제외),,,
,1262,741300,M,"전문, 과학 및 기술 서비스업",74,전문 서비스업,741,시장 조사 및 여론 조사업,7413,시장 조사 및 여론 조사업,시장 조사 및 여론 조사업,1,71400,M,"전문, 과학 및 기술 서비스업",71,전문 서비스업,714,시장 조사 및 여론 조사업,7140,시장 조사 및 여론 조사업,시장 조사 및 여론 조사업,1,,,,,
,1263,741400,M,"전문, 과학 및 기술 서비스업",74,전문 서비스업,741,회사 본부 및 경영 컨설팅 서비스업,7414,경영 컨설팅 및 공공 관계 서비스업,경영 컨설팅업,1,71531,M,"전문, 과학 및 기술 서비스업",71,전문 서비스업,715,회사본부 및 경영 컨설팅 서비스업,7153,경영 컨설팅 및 공공 관계 서비스업,경영 컨설팅업,2,1,,,,
,1264,741401,M,"전문, 과학 및 기술 서비스업",74,전문 서비스업,741,회사 본부 및 경영 컨설팅 서비스업,7414,경영 컨설팅 및 공공 관계 서비스업,경영 컨설팅업(경영지도사),1,71531,M,"전문, 과학 및 기술 서비스업",71,전문 서비스업,715,회사본부 및 경영 컨설팅 서비스업,7153,경영 컨설팅 및 공공 관계 서비스업,경영 컨설팅업,2,,경영지도사,,,
,1265,741402,P,교육서비스업,74,교육 서비스업,741,기타 교육기관,7414,직원 훈련기관,직원 훈련기관,1,85650,P,교육 서비스업,85,교육 서비스업,856,기타 교육기관,8565,직원 훈련기관,직원 훈련기관,1,,,,,
,1266,741403,M,"전문, 과학 및 기술 서비스업",74,전문 서비스업,741,회사 본부 및 경영 컨설팅 서비스업,7414,경영 컨설팅 및 공공 관계 서비스업,공공관계 서비스업,1,71532,M,"전문, 과학 및 기술 서비스업",71,전문 서비스업,715,회사본부 및 경영 컨설팅 서비스업,7153,경영 컨설팅 및 공공 관계 서비스업,공공관계 서비스업,1,,,,,
,1267,742101,M,"전문, 과학 및 기술 서비스업",74,"건축 기술, 엔지니어링 및 기타 과학기술 서비스업",742,기타 과학기술 서비스업,7421,"측량, 지질 조사 및 지도 제작업",측량업,1,72921,M,"전문, 과학 및 기술 서비스업",72,"건축 기술, 엔지니어링 및 기타 과학기술 서비스업",729,기타 과학기술 서비스업,7292,"측량, 지질 조사 및 지도 제작업",측량업,1,,,,,
,1268,742102,M,"전문, 과학 및 기술 서비스업",74,"건축 기술, 엔지니어링 및 기타 과학기술 서비스업",742,기타 과학기술 서비스업,7421,"측량, 지질 조사 및 지도 제작업",지질 조사·탐사 및 지도 제작업,1,72923,M,"전문, 과학 및 기술 서비스업",72,"건축 기술, 엔지니어링 및 기타 과학기술 서비스업",729,기타 과학기술 서비스업,7292,"측량, 지질 조사 및 지도 제작업",지질 조사·탐사 및 지도 제작업,2,,,,,
,1269,742103,M,"전문, 과학 및 기술 서비스업",74,"건축 기술, 엔지니어링 및 기타 과학기술 서비스업",742,"건축 기술, 엔지니어링 및 관련 기술 서비스업",7421,건축 및 조경 설계 서비스업,건축 설계 및 관련 서비스업,1,72111,M,"전문, 과학 및 기술 서비스업",72,"건축 기술, 엔지니어링 및 기타 과학기술 서비스업",721,"건축 기술, 엔지니어링 및 관련 기술 서비스업",7211,건축 및 조경 설계 서비스업,건축 설계 및 관련 서비스업,2,1,,,,
,1270,742104,M,"전문, 과학 및 기술 서비스업",74,"건축 기술, 엔지니어링 및 기타 과학기술 서비스업",742,"건축 기술, 엔지니어링 및 관련 기술 서비스업",7421,엔지니어링 서비스업,기타 엔지니어링 서비스업,1,72129,M,"전문, 과학 및 기술 서비스업",72,"건축 기술, 엔지니어링 및 기타 과학기술 서비스업",721,"건축 기술, 엔지니어링 및 관련 기술 서비스업",7212,엔지니어링 서비스업,기타 엔지니어링 서비스업,1,,,,,
,1271,742105,M,"전문, 과학 및 기술 서비스업",74,"건축 기술, 엔지니어링 및 기타 과학기술 서비스업",742,"건축 기술, 엔지니어링 및 관련 기술 서비스업",7421,건축 및 조경 설계 서비스업,건축 설계 및 관련 서비스업(건축사),1,72111,M,"전문, 과학 및 기술 서비스업",72,"건축 기술, 엔지니어링 및 기타 과학기술 서비스업",721,"건축 기술, 엔지니어링 및 관련 기술 서비스업",7211,건축 및 조경 설계 서비스업,건축 설계 및 관련 서비스업,2,,건축사,,,
,1272,742106,M,"전문, 과학 및 기술 서비스업",74,"건축 기술, 엔지니어링 및 기타 과학기술 서비스업",742,"건축 기술, 엔지니어링 및 관련 기술 서비스업",7421,엔지니어링 서비스업,건물 및 토목 엔지니어링 서비스업(기술사),1,72121,M,"전문, 과학 및 기술 서비스업",72,"건축 기술, 엔지니어링 및 기타 과학기술 서비스업",721,"건축 기술, 엔지니어링 및 관련 기술 서비스업",7212,엔지니어링 서비스업,건물 및 토목 엔지니어링 서비스업,2,,기술사,,,
,1273,742107,M,"전문, 과학 및 기술 서비스업",74,"건축 기술, 엔지니어링 및 기타 과학기술 서비스업",742,"건축 기술, 엔지니어링 및 관련 기술 서비스업",7421,건축 및 조경 설계 서비스업,도시 계획 및 조경 설계 서비스업,1,72112,M,"전문, 과학 및 기술 서비스업",72,"건축 기술, 엔지니어링 및 기타 과학기술 서비스업",721,"건축 기술, 엔지니어링 및 관련 기술 서비스업",7211,건축 및 조경 설계 서비스업,도시 계획 및 조경 설계 서비스업,1,,,,,
,1274,742108,M,"전문, 과학 및 기술 서비스업",74,"건축 기술, 엔지니어링 및 기타 과학기술 서비스업",742,기타 과학기술 서비스업,7421,"측량, 지질 조사 및 지도 제작업",제도업,1,72922,M,"전문, 과학 및 기술 서비스업",72,"건축 기술, 엔지니어링 및 기타 과학기술 서비스업",729,기타 과학기술 서비스업,7292,"측량, 지질 조사 및 지도 제작업",제도업,1,,,,,
,1275,742109,M,"전문, 과학 및 기술 서비스업",74,"건축 기술, 엔지니어링 및 기타 과학기술 서비스업",742,"건축 기술, 엔지니어링 및 관련 기술 서비스업",7421,엔지니어링 서비스업,건물 및 토목 엔지니어링 서비스업,1,72121,M,"전문, 과학 및 기술 서비스업",72,"건축 기술, 엔지니어링 및 기타 과학기술 서비스업",721,"건축 기술, 엔지니어링 및 관련 기술 서비스업",7212,엔지니어링 서비스업,건물 및 토목 엔지니어링 서비스업,2,1,,,,
,1276,742110,M,"전문, 과학 및 기술 서비스업",74,"건축 기술, 엔지니어링 및 기타 과학기술 서비스업",742,"건축 기술, 엔지니어링 및 관련 기술 서비스업",7421,엔지니어링 서비스업,환경 관련 엔지니어링 서비스업,1,72122,M,"전문, 과학 및 기술 서비스업",72,"건축 기술, 엔지니어링 및 기타 과학기술 서비스업",721,"건축 기술, 엔지니어링 및 관련 기술 서비스업",7212,엔지니어링 서비스업,환경 관련 엔지니어링 서비스업,1,,,,,
,1277,742113,M,"전문, 과학 및 기술 서비스업",74,"건축 기술, 엔지니어링 및 기타 과학기술 서비스업",742,기타 과학기술 서비스업,7421,"측량, 지질 조사 및 지도 제작업",지질 조사·탐사 및 지도 제작업,1,72923,M,"전문, 과학 및 기술 서비스업",72,"건축 기술, 엔지니어링 및 기타 과학기술 서비스업",729,기타 과학기술 서비스업,7292,"측량, 지질 조사 및 지도 제작업",지질 조사·탐사 및 지도 제작업,2,,,,,
,1278,742201,M,"전문, 과학 및 기술 서비스업",74,"건축 기술, 엔지니어링 및 기타 과학기술 서비스업",742,기타 과학기술 서비스업,7422,"기술 시험, 검사 및 분석업","기타 기술 시험, 검사 및 분석업",1,72919,M,"전문, 과학 및 기술 서비스업",72,"건축 기술, 엔지니어링 및 기타 과학기술 서비스업",729,기타 과학기술 서비스업,7291,"기술 시험, 검사 및 분석업","기타 기술 시험, 검사 및 분석업",2,1,,,,
,1279,742202,M,"전문, 과학 및 기술 서비스업",74,"건축 기술, 엔지니어링 및 기타 과학기술 서비스업",742,기타 과학기술 서비스업,7422,"기술 시험, 검사 및 분석업","기타 기술 시험, 검사 및 분석업(기술지도사)",1,72919,M,"전문, 과학 및 기술 서비스업",72,"건축 기술, 엔지니어링 및 기타 과학기술 서비스업",729,기타 과학기술 서비스업,7291,"기술 시험, 검사 및 분석업","기타 기술 시험, 검사 및 분석업",2,,기술지도사,,,
,1280,742203,M,"전문, 과학 및 기술 서비스업",74,"건축 기술, 엔지니어링 및 기타 과학기술 서비스업",742,기타 과학기술 서비스업,7422,"기술 시험, 검사 및 분석업",물질 성분 검사 및 분석업,1,72911,M,"전문, 과학 및 기술 서비스업",72,"건축 기술, 엔지니어링 및 기타 과학기술 서비스업",729,기타 과학기술 서비스업,7291,"기술 시험, 검사 및 분석업",물질 성분 검사 및 분석업,1,,,,,
,1281,743001,M,"전문, 과학 및 기술 서비스업",74,전문 서비스업,743,광고업,7430,기타 광고업,옥외 광고업,1,71391,M,"전문, 과학 및 기술 서비스업",71,전문 서비스업,713,광고업,7139,기타 광고업,옥외 광고업,1,,,,,
,1282,743002,M,"전문, 과학 및 기술 서비스업",74,전문 서비스업,743,광고업,7430,광고 대행업,광고 대행업,1,71310,M,"전문, 과학 및 기술 서비스업",71,전문 서비스업,713,광고업,7131,광고 대행업,광고 대행업,1,,,,,
,1283,743003,M,"전문, 과학 및 기술 서비스업",74,전문 서비스업,743,광고업,7430,기타 광고업,그 외 기타 광고 관련 서비스업,1,71399,M,"전문, 과학 및 기술 서비스업",71,전문 서비스업,713,광고업,7139,기타 광고업,그 외 기타 광고 관련 서비스업,2,,,,,
,1284,743004,M,"전문, 과학 및 기술 서비스업",74,전문 서비스업,743,광고업,7430,기타 광고업,"광고물 문안, 도안, 설계 등 작성업",1,71392,M,"전문, 과학 및 기술 서비스업",71,전문 서비스업,713,광고업,7139,기타 광고업,"광고물 문안, 도안, 설계 등 작성업",1,,,,,
,1285,743005,M,"전문, 과학 및 기술 서비스업",74,전문 서비스업,743,광고업,7430,기타 광고업,그 외 기타 광고 관련 서비스업,1,71399,M,"전문, 과학 및 기술 서비스업",71,전문 서비스업,713,광고업,7139,기타 광고업,그 외 기타 광고 관련 서비스업,2,1,,,,
,1286,749100,N,"사업시설 관리, 사업 지원 및 임대 서비스업",74,사업 지원 서비스업,749,고용 알선 및 인력 공급업,7491,고용 알선업,고용 알선업,1,75110,N,"사업시설 관리, 사업 지원 및 임대 서비스업",75,사업 지원 서비스업,751,고용 알선 및 인력 공급업,7511,고용 알선업,고용 알선업,1,,,,,
,1287,749101,N,"사업시설 관리, 사업 지원 및 임대 서비스업",74,사업 지원 서비스업,749,고용 알선 및 인력 공급업,7491,인력 공급업,임시 및 일용 인력 공급업,1,75121,N,"사업시설 관리, 사업 지원 및 임대 서비스업",75,사업 지원 서비스업,751,고용 알선 및 인력 공급업,7512,인력 공급업,임시 및 일용 인력 공급업,1,,,,,
,1288,749102,N,"사업시설 관리, 사업 지원 및 임대 서비스업",74,사업 지원 서비스업,749,고용 알선 및 인력 공급업,7491,인력 공급업,상용 인력 공급 및 인사관리 서비스업,1,75122,N,"사업시설 관리, 사업 지원 및 임대 서비스업",75,사업 지원 서비스업,751,고용 알선 및 인력 공급업,7512,인력 공급업,상용 인력 공급 및 인사관리 서비스업,1,,,,,
,1289,749200,N,"사업시설 관리, 사업 지원 및 임대 서비스업",74,사업 지원 서비스업,749,"경비, 경호 및 탐정업",7492,경비 및 경호 서비스업,경비 및 경호 서비스업,1,75310,N,"사업시설 관리, 사업 지원 및 임대 서비스업",75,사업 지원 서비스업,753,"경비, 경호 및 탐정업",7531,경비 및 경호 서비스업,경비 및 경호 서비스업,1,,,,,
,1290,749201,N,"사업시설 관리, 사업 지원 및 임대 서비스업",74,사업 지원 서비스업,749,"경비, 경호 및 탐정업",7492,보안 시스템 서비스업,보안 시스템 서비스업,1,75320,N,"사업시설 관리, 사업 지원 및 임대 서비스업",75,사업 지원 서비스업,753,"경비, 경호 및 탐정업",7532,보안 시스템 서비스업,보안 시스템 서비스업,1,,,,,
,1291,749300,N,"사업시설 관리, 사업 지원 및 임대 서비스업",74,사업시설 관리 및 조경 서비스업,749,건물ㆍ산업설비 청소 및 방제 서비스업,7493,건물 및 산업설비 청소업,건축물 일반 청소업,1,74211,N,"사업시설 관리, 사업 지원 및 임대 서비스업",74,사업시설 관리 및 조경 서비스업,742,건물ㆍ산업설비 청소 및 방제 서비스업,7421,건물 및 산업설비 청소업,건축물 일반 청소업,1,,,,,
,1292,749301,E,"수도, 하수 및 폐기물 처리, 원료 재생업",74,"하수, 폐수 및 분뇨 처리업",749,"하수, 폐수 및 분뇨 처리업",7493,하수 및 폐수 처리업,하수 처리업,1,37011,E,"수도, 하수 및 폐기물 처리, 원료 재생업",37,"하수, 폐수 및 분뇨 처리업",370,"하수, 폐수 및 분뇨 처리업",3701,하수 및 폐수 처리업,하수 처리업,2,,하수도관 청소,,,
,1293,749302,N,"사업시설 관리, 사업 지원 및 임대 서비스업",74,사업시설 관리 및 조경 서비스업,749,건물ㆍ산업설비 청소 및 방제 서비스업,7493,"소독, 구충 및 방제 서비스업","소독, 구충 및 방제 서비스업",1,74220,N,"사업시설 관리, 사업 지원 및 임대 서비스업",74,사업시설 관리 및 조경 서비스업,742,건물ㆍ산업설비 청소 및 방제 서비스업,7422,"소독, 구충 및 방제 서비스업","소독, 구충 및 방제 서비스업",1,,,,,
,1294,749303,N,"사업시설 관리, 사업 지원 및 임대 서비스업",74,사업시설 관리 및 조경 서비스업,749,조경관리 및 유지 서비스업,7493,조경관리 및 유지 서비스업,조경관리 및 유지 서비스업,1,74300,N,"사업시설 관리, 사업 지원 및 임대 서비스업",74,사업시설 관리 및 조경 서비스업,743,조경관리 및 유지 서비스업,7430,조경관리 및 유지 서비스업,조경관리 및 유지 서비스업,1,,,,,
,1295,749400,M,"전문, 과학 및 기술 서비스업",74,"기타 전문, 과학 및 기술 서비스업",749,사진 촬영 및 처리업,7494,사진 촬영 및 처리업,인물 사진 및 행사용 영상 촬영업,1,73301,M,"전문, 과학 및 기술 서비스업",73,"기타 전문, 과학 및 기술 서비스업",733,사진 촬영 및 처리업,7330,사진 촬영 및 처리업,인물 사진 및 행사용 영상 촬영업,2,1,,,,
,1296,749401,S,"협회 및 단체, 수리 및 기타 개인 서비스업",74,기타 개인 서비스업,749,그 외 기타 개인 서비스업,7494,그 외 기타 분류 안된 개인 서비스업,그 외 기타 달리 분류되지 않은 개인 서비스업,1,96999,S,"협회 및 단체, 수리 및 기타 개인 서비스업",96,기타 개인 서비스업,969,그 외 기타 개인 서비스업,9699,그 외 기타 분류 안된 개인 서비스업,그 외 기타 달리 분류되지 않은 개인 서비스업,5,,즉석 자동사진촬영기 운영,,,
,1297,749402,M,"전문, 과학 및 기술 서비스업",74,"기타 전문, 과학 및 기술 서비스업",749,사진 촬영 및 처리업,7494,사진 촬영 및 처리업,상업용 사진 촬영업,1,73302,M,"전문, 과학 및 기술 서비스업",73,"기타 전문, 과학 및 기술 서비스업",733,사진 촬영 및 처리업,7330,사진 촬영 및 처리업,상업용 사진 촬영업,1,,,,,
,1298,749403,M,"전문, 과학 및 기술 서비스업",74,"기타 전문, 과학 및 기술 서비스업",749,사진 촬영 및 처리업,7494,사진 촬영 및 처리업,사진 처리업,1,73303,M,"전문, 과학 및 기술 서비스업",73,"기타 전문, 과학 및 기술 서비스업",733,사진 촬영 및 처리업,7330,사진 촬영 및 처리업,사진 처리업,1,,,,,
,1299,749500,N,"사업시설 관리, 사업 지원 및 임대 서비스업",74,사업 지원 서비스업,749,기타 사업 지원 서비스업,7495,그 외 기타 사업 지원 서비스업,포장 및 충전업,1,75994,N,"사업시설 관리, 사업 지원 및 임대 서비스업",75,사업 지원 서비스업,759,기타 사업 지원 서비스업,7599,그 외 기타 사업 지원 서비스업,포장 및 충전업,2,1,,,,
,1300,749601,N,"사업시설 관리, 사업 지원 및 임대 서비스업",74,사업 지원 서비스업,749,기타 사업 지원 서비스업,7496,그 외 기타 사업 지원 서비스업,그 외 기타 분류 안된 사업 지원 서비스업,1,75999,N,"사업시설 관리, 사업 지원 및 임대 서비스업",75,사업 지원 서비스업,759,기타 사업 지원 서비스업,7599,그 외 기타 사업 지원 서비스업,그 외 기타 분류 안된 사업 지원 서비스업,7,,종이재단 지원 서비스,,,
,1301,749602,N,"사업시설 관리, 사업 지원 및 임대 서비스업",74,사업 지원 서비스업,749,기타 사업 지원 서비스업,7496,그 외 기타 사업 지원 서비스업,그 외 기타 분류 안된 사업 지원 서비스업,1,75999,N,"사업시설 관리, 사업 지원 및 임대 서비스업",75,사업 지원 서비스업,759,기타 사업 지원 서비스업,7599,그 외 기타 사업 지원 서비스업,그 외 기타 분류 안된 사업 지원 서비스업,7,,"해태건조, 마세크탄(조개탄) 도급가공, 갈포가공",,,
,1302,749603,N,"사업시설 관리, 사업 지원 및 임대 서비스업",74,사업 지원 서비스업,749,기타 사업 지원 서비스업,7496,그 외 기타 사업 지원 서비스업,그 외 기타 분류 안된 사업 지원 서비스업,1,75999,N,"사업시설 관리, 사업 지원 및 임대 서비스업",75,사업 지원 서비스업,759,기타 사업 지원 서비스업,7599,그 외 기타 사업 지원 서비스업,그 외 기타 분류 안된 사업 지원 서비스업,7,,선박 임가공,,,
,1303,749604,N,"사업시설 관리, 사업 지원 및 임대 서비스업",74,사업 지원 서비스업,749,기타 사업 지원 서비스업,7496,그 외 기타 사업 지원 서비스업,그 외 기타 분류 안된 사업 지원 서비스업(기타임가공),1,75999,N,"사업시설 관리, 사업 지원 및 임대 서비스업",75,사업 지원 서비스업,759,기타 사업 지원 서비스업,7599,그 외 기타 사업 지원 서비스업,그 외 기타 분류 안된 사업 지원 서비스업,7,,기타 임가공,,,
,1304,749609,N,"사업시설 관리, 사업 지원 및 임대 서비스업",74,사업 지원 서비스업,749,기타 사업 지원 서비스업,7496,그 외 기타 사업 지원 서비스업,온라인 활용 마케팅 및 관련 사업지원 서비스업,2,75995,N,"사업시설 관리, 사업 지원 및 임대 서비스업",75,사업 지원 서비스업,759,기타 사업 지원 서비스업,7599,그 외 기타 사업 지원 서비스업,온라인 활용 마케팅 및 관련 사업지원 서비스업,3,1,,,,
,1304,749609,N,"사업시설 관리, 사업 지원 및 임대 서비스업",74,사업 지원 서비스업,749,기타 사업 지원 서비스업,7496,그 외 기타 사업 지원 서비스업,그 외 기타 분류 안된 사업 지원 서비스업,2,75999,N,"사업시설 관리, 사업 지원 및 임대 서비스업",75,사업 지원 서비스업,759,기타 사업 지원 서비스업,7599,그 외 기타 사업 지원 서비스업,그 외 기타 분류 안된 사업 지원 서비스업,7,1,,,,
,1305,749901,N,"사업시설 관리, 사업 지원 및 임대 서비스업",74,사업 지원 서비스업,749,기타 사업 지원 서비스업,7499,사무 지원 서비스업,문서 작성 및 복사업,1,75911,N,"사업시설 관리, 사업 지원 및 임대 서비스업",75,사업 지원 서비스업,759,기타 사업 지원 서비스업,7591,사무 지원 서비스업,문서 작성 및 복사업,3,,속기사,,,
,1306,749902,M,"전문, 과학 및 기술 서비스업",74,"기타 전문, 과학 및 기술 서비스업",749,"그 외 기타 전문, 과학 및 기술 서비스업",7499,"그 외 기타 전문, 과학 및 기술 서비스업",번역 및 통역 서비스업,1,73902,M,"전문, 과학 및 기술 서비스업",73,"기타 전문, 과학 및 기술 서비스업",739,"그 외 기타 전문, 과학 및 기술 서비스업",7390,"그 외 기타 전문, 과학 및 기술 서비스업",번역 및 통역 서비스업,1,,,,,
,1307,749903,M,"전문, 과학 및 기술 서비스업",74,"기타 전문, 과학 및 기술 서비스업",749,"그 외 기타 전문, 과학 및 기술 서비스업",7499,"그 외 기타 전문, 과학 및 기술 서비스업",사업 및 무형 재산권 중개업,1,73903,M,"전문, 과학 및 기술 서비스업",73,"기타 전문, 과학 및 기술 서비스업",739,"그 외 기타 전문, 과학 및 기술 서비스업",7390,"그 외 기타 전문, 과학 및 기술 서비스업",사업 및 무형 재산권 중개업,2,2,사업 재산권 중개업,,,
,1308,749904,K,금융 및 보험업,74,금융 및 보험관련 서비스업,749,보험 및 연금관련 서비스업,7499,보험 및 연금관련 서비스업,손해 사정업,1,66201,K,금융 및 보험업,66,금융 및 보험관련 서비스업,662,보험 및 연금관련 서비스업,6620,보험 및 연금관련 서비스업,손해 사정업,1,,,,,
,1309,749905,N,"사업시설 관리, 사업 지원 및 임대 서비스업",74,사업 지원 서비스업,749,기타 사업 지원 서비스업,7499,사무 지원 서비스업,문서 작성 및 복사업,1,75911,N,"사업시설 관리, 사업 지원 및 임대 서비스업",75,사업 지원 서비스업,759,기타 사업 지원 서비스업,7591,사무 지원 서비스업,문서 작성 및 복사업,3,1,,,,
,1310,749906,H,운수 및 창고업,74,창고 및 운송관련 서비스업,749,기타 운송관련 서비스업,7499,그 외 기타 운송관련 서비스업,통관 대리 및 관련서비스업,1,52991,H,운수 및 창고업,52,창고 및 운송관련 서비스업,529,기타 운송관련 서비스업,5299,그 외 기타 운송관련 서비스업,통관 대리 및 관련서비스업,2,,관세사,,,
,1311,749907,N,"사업시설 관리, 사업 지원 및 임대 서비스업",74,사업 지원 서비스업,749,기타 사업 지원 서비스업,7499,그 외 기타 사업 지원 서비스업,"전시, 컨벤션 및 행사 대행업",1,75992,N,"사업시설 관리, 사업 지원 및 임대 서비스업",75,사업 지원 서비스업,759,기타 사업 지원 서비스업,7599,그 외 기타 사업 지원 서비스업,"전시, 컨벤션 및 행사 대행업",1,,,,,
,1312,749909,N,"사업시설 관리, 사업 지원 및 임대 서비스업",74,사업 지원 서비스업,749,기타 사업 지원 서비스업,7499,사무 지원 서비스업,문서 작성 및 복사업,1,75911,N,"사업시설 관리, 사업 지원 및 임대 서비스업",75,사업 지원 서비스업,759,기타 사업 지원 서비스업,7591,사무 지원 서비스업,문서 작성 및 복사업,3,,복사업,,,
,1313,749910,M,"전문, 과학 및 기술 서비스업",74,"기타 전문, 과학 및 기술 서비스업",749,전문 디자인업,7499,전문 디자인업,시각 디자인업,1,73203,M,"전문, 과학 및 기술 서비스업",73,"기타 전문, 과학 및 기술 서비스업",732,전문 디자인업,7320,전문 디자인업,시각 디자인업,1,,,,,
,1314,749911,M,"전문, 과학 및 기술 서비스업",74,"기타 전문, 과학 및 기술 서비스업",749,"그 외 기타 전문, 과학 및 기술 서비스업",7499,"그 외 기타 전문, 과학 및 기술 서비스업",매니저업,1,73901,M,"전문, 과학 및 기술 서비스업",73,"기타 전문, 과학 및 기술 서비스업",739,"그 외 기타 전문, 과학 및 기술 서비스업",7390,"그 외 기타 전문, 과학 및 기술 서비스업",매니저업,1,,,,,
,1315,749912,M,"전문, 과학 및 기술 서비스업",74,"기타 전문, 과학 및 기술 서비스업",749,"그 외 기타 전문, 과학 및 기술 서비스업",7499,"그 외 기타 전문, 과학 및 기술 서비스업","물품 감정, 계량 및 견본 추출업",1,73904,M,"전문, 과학 및 기술 서비스업",73,"기타 전문, 과학 및 기술 서비스업",739,"그 외 기타 전문, 과학 및 기술 서비스업",7390,"그 외 기타 전문, 과학 및 기술 서비스업","물품 감정, 계량 및 견본 추출업",1,,,,,
,1316,749913,N,"사업시설 관리, 사업 지원 및 임대 서비스업",74,사업 지원 서비스업,749,기타 사업 지원 서비스업,7499,그 외 기타 사업 지원 서비스업,신용 조사 및 추심 대행업,1,75993,N,"사업시설 관리, 사업 지원 및 임대 서비스업",75,사업 지원 서비스업,759,기타 사업 지원 서비스업,7599,그 외 기타 사업 지원 서비스업,신용 조사 및 추심 대행업,1,,,,,
,1317,749914,M,"전문, 과학 및 기술 서비스업",74,"기타 전문, 과학 및 기술 서비스업",749,전문 디자인업,7499,전문 디자인업,인테리어 디자인업,1,73201,M,"전문, 과학 및 기술 서비스업",73,"기타 전문, 과학 및 기술 서비스업",732,전문 디자인업,7320,전문 디자인업,인테리어 디자인업,1,,,,,
,1318,749915,M,"전문, 과학 및 기술 서비스업",74,"기타 전문, 과학 및 기술 서비스업",749,전문 디자인업,7499,전문 디자인업,제품 디자인업,1,73202,M,"전문, 과학 및 기술 서비스업",73,"기타 전문, 과학 및 기술 서비스업",732,전문 디자인업,7320,전문 디자인업,제품 디자인업,1,,,,,
,1319,749916,M,"전문, 과학 및 기술 서비스업",74,"기타 전문, 과학 및 기술 서비스업",749,전문 디자인업,7499,전문 디자인업,"패션, 섬유류 및 기타 전문 디자인업",1,73209,M,"전문, 과학 및 기술 서비스업",73,"기타 전문, 과학 및 기술 서비스업",732,전문 디자인업,7320,전문 디자인업,"패션, 섬유류 및 기타 전문 디자인업",1,,,,,
,1320,749921,N,"사업시설 관리, 사업 지원 및 임대 서비스업",74,사업 지원 서비스업,749,기타 사업 지원 서비스업,7499,그 외 기타 사업 지원 서비스업,온라인 활용 마케팅 및 관련 사업지원 서비스업,2,75995,N,"사업시설 관리, 사업 지원 및 임대 서비스업",75,사업 지원 서비스업,759,기타 사업 지원 서비스업,7599,그 외 기타 사업 지원 서비스업,온라인 활용 마케팅 및 관련 사업지원 서비스업,3,,기타대리,,,
,1320,749921,N,"사업시설 관리, 사업 지원 및 임대 서비스업",74,사업 지원 서비스업,749,기타 사업 지원 서비스업,7499,그 외 기타 사업 지원 서비스업,그 외 기타 분류 안된 사업 지원 서비스업,2,75999,N,"사업시설 관리, 사업 지원 및 임대 서비스업",75,사업 지원 서비스업,759,기타 사업 지원 서비스업,7599,그 외 기타 사업 지원 서비스업,그 외 기타 분류 안된 사업 지원 서비스업,7,,기타대리,,,
,1321,749927,G,도매 및 소매업,74,도매 및 상품 중개업,749,상품 중개업,7499,상품 중개업,"섬유, 의복, 신발 및 가죽제품 중개업",5,46103,G,도매 및 소매업,46,도매 및 상품 중개업,461,상품 중개업,4610,상품 중개업,"섬유, 의복, 신발 및 가죽제품 중개업",6,,물품매도확약서 발행업,,,
,1321,749927,G,도매 및 소매업,74,도매 및 상품 중개업,749,상품 중개업,7499,상품 중개업,목재 및 건축자재 중개업,5,46104,G,도매 및 소매업,46,도매 및 상품 중개업,461,상품 중개업,4610,상품 중개업,목재 및 건축자재 중개업,6,,물품매도확약서 발행업,,,
,1321,749927,G,도매 및 소매업,74,도매 및 상품 중개업,749,상품 중개업,7499,상품 중개업,"연료, 광물, 1차 금속, 비료 및 화학제품 중개업",5,46105,G,도매 및 소매업,46,도매 및 상품 중개업,461,상품 중개업,4610,상품 중개업,"연료, 광물, 1차 금속, 비료 및 화학제품 중개업",6,,물품매도확약서 발행업,,,
,1321,749927,G,도매 및 소매업,74,도매 및 상품 중개업,749,상품 중개업,7499,상품 중개업,기계 및 장비 중개업,5,46106,G,도매 및 소매업,46,도매 및 상품 중개업,461,상품 중개업,4610,상품 중개업,기계 및 장비 중개업,6,,물품매도확약서 발행업,,,
,1321,749927,G,도매 및 소매업,74,도매 및 상품 중개업,749,상품 중개업,7499,상품 중개업,상품 종합 중개업,5,46109,G,도매 및 소매업,46,도매 및 상품 중개업,461,상품 중개업,4610,상품 중개업,상품 종합 중개업,5,,물품매도확약서 발행업,,,
,1322,749930,H,운수 및 창고업,74,창고 및 운송관련 서비스업,749,기타 운송관련 서비스업,7499,육상 운송 지원 서비스업,도로 및 관련시설 운영업,1,52914,H,운수 및 창고업,52,창고 및 운송관련 서비스업,529,기타 운송관련 서비스업,5291,육상 운송 지원 서비스업,도로 및 관련시설 운영업,2,,고속도로 통행료 징수대행,,,
,1323,749934,N,"사업시설 관리, 사업 지원 및 임대 서비스업",74,임대업; 부동산 제외,749,무형 재산권 임대업,7499,무형 재산권 임대업,무형 재산권 임대업,1,76400,N,"사업시설 관리, 사업 지원 및 임대 서비스업",76,임대업; 부동산 제외,764,무형 재산권 임대업,7640,무형 재산권 임대업,무형 재산권 임대업,3,1,,,,
,1324,749935,N,"사업시설 관리, 사업 지원 및 임대 서비스업",74,사업시설 관리 및 조경 서비스업,749,사업시설 유지ㆍ관리 서비스업,7499,사업시설 유지ㆍ관리 서비스업,사업시설 유지ㆍ관리 서비스업,1,74100,N,"사업시설 관리, 사업 지원 및 임대 서비스업",74,사업시설 관리 및 조경 서비스업,741,사업시설 유지ㆍ관리 서비스업,7410,사업시설 유지ㆍ관리 서비스업,사업시설 유지ㆍ관리 서비스업,1,,,,,
,1325,749937,N,"사업시설 관리, 사업 지원 및 임대 서비스업",74,사업 지원 서비스업,749,기타 사업 지원 서비스업,7499,사무 지원 서비스업,기타 사무 지원 서비스업,1,75919,N,"사업시설 관리, 사업 지원 및 임대 서비스업",75,사업 지원 서비스업,759,기타 사업 지원 서비스업,7591,사무 지원 서비스업,기타 사무 지원 서비스업,1,,,,,
,1326,749938,N,"사업시설 관리, 사업 지원 및 임대 서비스업",74,사업 지원 서비스업,749,기타 사업 지원 서비스업,7499,그 외 기타 사업 지원 서비스업,콜센터 및 텔레마케팅 서비스업,1,75991,N,"사업시설 관리, 사업 지원 및 임대 서비스업",75,사업 지원 서비스업,759,기타 사업 지원 서비스업,7599,그 외 기타 사업 지원 서비스업,콜센터 및 텔레마케팅 서비스업,2,1,,,,
,1327,749939,M,"전문, 과학 및 기술 서비스업",74,"기타 전문, 과학 및 기술 서비스업",749,"그 외 기타 전문, 과학 및 기술 서비스업",7499,"그 외 기타 전문, 과학 및 기술 서비스업",고고유산 조사연구 서비스업,2,73905,M,"전문, 과학 및 기술 서비스업",73,"기타 전문, 과학 및 기술 서비스업",739,"그 외 기타 전문, 과학 및 기술 서비스업",7390,"그 외 기타 전문, 과학 및 기술 서비스업",고고유산 조사연구 서비스업,1,,,,,
,1327,749939,M,"전문, 과학 및 기술 서비스업",74,"기타 전문, 과학 및 기술 서비스업",749,"그 외 기타 전문, 과학 및 기술 서비스업",7499,"그 외 기타 전문, 과학 및 기술 서비스업","그 외 기타 분류 안된 전문, 과학 및 기술 서비스업",2,73909,M,"전문, 과학 및 기술 서비스업",73,"기타 전문, 과학 및 기술 서비스업",739,"그 외 기타 전문, 과학 및 기술 서비스업",7390,"그 외 기타 전문, 과학 및 기술 서비스업","그 외 기타 분류 안된 전문, 과학 및 기술 서비스업",1,,,,,
,1328,749940,G,도매 및 소매업,74,도매 및 상품 중개업,749,기타 전문 도매업,7499,재생용 재료 및 기타 상품 전문 도매업,재생용 재료 수집 및 판매업,1,46791,G,도매 및 소매업,46,도매 및 상품 중개업,467,기타 전문 도매업,4679,재생용 재료 및 기타 상품 전문 도매업,재생용 재료 수집 및 판매업,2,,공병보증금제 공병취급 수수료,,,
,1329,749941,M,"전문, 과학 및 기술 서비스업",74,"기타 전문, 과학 및 기술 서비스업",749,"그 외 기타 전문, 과학 및 기술 서비스업",7499,"그 외 기타 전문, 과학 및 기술 서비스업",사업 및 무형 재산권 중개업,1,73903,M,"전문, 과학 및 기술 서비스업",73,"기타 전문, 과학 및 기술 서비스업",739,"그 외 기타 전문, 과학 및 기술 서비스업",7390,"그 외 기타 전문, 과학 및 기술 서비스업",사업 및 무형 재산권 중개업,2,2,무형 재산권 중개업,,,
,1330,749942,M,"전문, 과학 및 기술 서비스업",74,전문 서비스업,749,기타 전문 서비스업,7499,기타 전문 서비스업,기타 전문 서비스업,1,71600,M,"전문, 과학 및 기술 서비스업",71,전문 서비스업,716,기타 전문 서비스업,7160,기타 전문 서비스업,기타 전문 서비스업,1,,,,,
,1331,804101,P,교육서비스업,80,교육 서비스업,804,"특수학교, 외국인학교 및 대안학교",8041,외국인학교,외국인학교,1,85420,P,교육 서비스업,85,교육 서비스업,854,"특수학교, 외국인학교 및 대안학교",8542,외국인학교,외국인학교,1,,,,,
,1332,809001,P,교육서비스업,80,교육 서비스업,809,기타 교육기관,8090,기술 및 직업 훈련학원,운전학원,1,85661,P,교육 서비스업,85,교육 서비스업,856,기타 교육기관,8566,기술 및 직업 훈련학원,운전학원,2,2,자동차운전학원 제외,,,
,1333,809002,P,교육서비스업,80,교육 서비스업,809,기타 교육기관,8090,기술 및 직업 훈련학원,기타 기술 및 직업 훈련학원,1,85669,P,교육 서비스업,85,교육 서비스업,856,기타 교육기관,8566,기술 및 직업 훈련학원,기타 기술 및 직업 훈련학원,2,1,,,,
,1334,809003,P,교육서비스업,80,교육 서비스업,809,기타 교육기관,8090,스포츠 및 레크리에이션 교육기관,레크리에이션 교육기관,1,85613,P,교육 서비스업,85,교육 서비스업,856,기타 교육기관,8561,스포츠 및 레크리에이션 교육기관,레크리에이션 교육기관,2,1,,,,
,1335,809004,P,교육서비스업,80,교육 서비스업,809,일반 교습학원,8090,일반 교습학원,일반 교과학원,1,85501,P,교육 서비스업,85,교육 서비스업,855,일반 교습학원,8550,일반 교습학원,일반 교과학원,4,,체육계열 입시 전문학원,,,
,1336,809005,P,교육서비스업,80,교육 서비스업,809,일반 교습학원,8090,일반 교습학원,일반 교과학원,1,85501,P,교육 서비스업,85,교육 서비스업,855,일반 교습학원,8550,일반 교습학원,일반 교과학원,4,1,,,,
,1337,809006,R,"예술, 스포츠 및 여가관련 서비스업",80,스포츠 및 오락관련 서비스업,809,스포츠 서비스업,8090,기타 스포츠시설 운영업,그 외 기타 스포츠시설 운영업,1,91139,R,"예술, 스포츠 및 여가관련 서비스업",91,스포츠 및 오락관련 서비스업,911,스포츠 서비스업,9113,기타 스포츠시설 운영업,그 외 기타 스포츠시설 운영업,5,,"정구장, 테니스장, 탁구장",,,
,1338,809007,P,교육서비스업,80,교육 서비스업,809,일반 교습학원,8090,일반 교습학원,일반 교과학원,5,85501,P,교육 서비스업,85,교육 서비스업,855,일반 교습학원,8550,일반 교습학원,일반 교과학원,4,,독립된 자격의 과외교습,,,
,1338,809007,P,교육서비스업,80,교육 서비스업,809,기타 교육기관,8090,예술학원,음악학원,5,85621,P,교육 서비스업,85,교육 서비스업,856,기타 교육기관,8562,예술학원,음악학원,2,,독립된 자격의 과외교습,,,
,1338,809007,P,교육서비스업,80,교육 서비스업,809,기타 교육기관,8090,예술학원,미술학원,5,85622,P,교육 서비스업,85,교육 서비스업,856,기타 교육기관,8562,예술학원,미술학원,2,,독립된 자격의 과외교습,,,
,1338,809007,P,교육서비스업,80,교육 서비스업,809,기타 교육기관,8090,예술학원,기타 예술학원,5,85629,P,교육 서비스업,85,교육 서비스업,856,기타 교육기관,8562,예술학원,기타 예술학원,2,,독립된 자격의 과외교습,,,
,1338,809007,P,교육서비스업,80,교육 서비스업,809,기타 교육기관,8090,외국어학원 및 기타 교습학원,외국어학원,5,85631,P,교육 서비스업,85,교육 서비스업,856,기타 교육기관,8563,외국어학원 및 기타 교습학원,외국어학원,2,,독립된 자격의 과외교습,,,
,1339,809009,P,교육서비스업,80,교육 서비스업,809,기타 교육기관,8090,예술학원,음악학원,1,85621,P,교육 서비스업,85,교육 서비스업,856,기타 교육기관,8562,예술학원,음악학원,2,1,,,,
,1340,809010,P,교육서비스업,80,교육 서비스업,809,기타 교육기관,8090,기술 및 직업 훈련학원,기타 기술 및 직업 훈련학원,1,85669,P,교육 서비스업,85,교육 서비스업,856,기타 교육기관,8566,기술 및 직업 훈련학원,기타 기술 및 직업 훈련학원,2,,가정계열학원,,,
,1341,809011,P,교육서비스업,80,교육 서비스업,809,기타 교육기관,8090,기술 및 직업 훈련학원,운전학원,1,85661,P,교육 서비스업,85,교육 서비스업,856,기타 교육기관,8566,기술 및 직업 훈련학원,운전학원,2,2,자동차운전학원으로 지정된 학원,,,
,1342,809012,P,교육서비스업,80,교육 서비스업,809,일반 교습학원,8090,일반 교습학원,일반 교과학원,1,85501,P,교육 서비스업,85,교육 서비스업,855,일반 교습학원,8550,일반 교습학원,일반 교과학원,4,,예능계열 입시 전문학원,,,
,1343,809013,P,교육서비스업,80,교육 서비스업,809,기타 교육기관,8090,그 외 기타 교육기관,컴퓨터 학원,1,85691,P,교육 서비스업,85,교육 서비스업,856,기타 교육기관,8569,그 외 기타 교육기관,컴퓨터 학원,1,,,,,
,1344,809014,P,교육서비스업,80,교육 서비스업,809,기타 교육기관,8090,스포츠 및 레크리에이션 교육기관,태권도 및 무술 교육기관,1,85611,P,교육 서비스업,85,교육 서비스업,856,기타 교육기관,8561,스포츠 및 레크리에이션 교육기관,태권도 및 무술 교육기관,1,,,,,
,1345,809015,P,교육서비스업,80,교육 서비스업,809,기타 교육기관,8090,스포츠 및 레크리에이션 교육기관,기타 스포츠 교육기관,1,85612,P,교육 서비스업,85,교육 서비스업,856,기타 교육기관,8561,스포츠 및 레크리에이션 교육기관,기타 스포츠 교육기관,1,,,,,
,1346,809016,P,교육서비스업,80,교육 서비스업,809,일반 교습학원,8090,일반 교습학원,온라인 교육학원,1,85503,P,교육 서비스업,85,교육 서비스업,855,일반 교습학원,8550,일반 교습학원,온라인 교육학원,1,,,,,
,1347,809017,P,교육서비스업,80,교육 서비스업,809,기타 교육기관,8090,외국어학원 및 기타 교습학원,외국어학원,1,85631,P,교육 서비스업,85,교육 서비스업,856,기타 교육기관,8563,외국어학원 및 기타 교습학원,외국어학원,2,1,,,,
,1348,809018,P,교육서비스업,80,교육 서비스업,809,기타 교육기관,8090,외국어학원 및 기타 교습학원,기타 교습학원,1,85632,P,교육 서비스업,85,교육 서비스업,856,기타 교육기관,8563,외국어학원 및 기타 교습학원,기타 교습학원,1,,,,,
,1349,809019,R,"예술, 스포츠 및 여가관련 서비스업",80,스포츠 및 오락관련 서비스업,809,유원지 및 기타 오락관련 서비스업,8090,그 외 기타 오락관련 서비스업,기원 운영업,1,91293,R,"예술, 스포츠 및 여가관련 서비스업",91,스포츠 및 오락관련 서비스업,912,유원지 및 기타 오락관련 서비스업,9129,그 외 기타 오락관련 서비스업,기원 운영업,1,,,,,
,1350,809020,P,교육서비스업,80,교육 서비스업,809,기타 교육기관,8090,예술학원,미술학원,1,85622,P,교육 서비스업,85,교육 서비스업,856,기타 교육기관,8562,예술학원,미술학원,2,1,,,,
,1351,809021,P,교육서비스업,80,교육 서비스업,809,기타 교육기관,8090,예술학원,기타 예술학원,1,85629,P,교육 서비스업,85,교육 서비스업,856,기타 교육기관,8562,예술학원,기타 예술학원,2,1,,,,
,1352,809022,P,교육서비스업,80,교육 서비스업,809,기타 교육기관,8090,그 외 기타 교육기관,그 외 기타 분류 안된 교육기관,1,85699,P,교육 서비스업,85,교육 서비스업,856,기타 교육기관,8569,그 외 기타 교육기관,그 외 기타 분류 안된 교육기관,1,,,,,
,1353,841110,O,"공공 행정, 국방 및 사회보장 행정",84,"공공 행정, 국방 및 사회보장 행정",841,입법 및 일반 정부 행정,8411,일반 공공 행정,입법기관,1,84111,O,"공공 행정, 국방 및 사회보장 행정",84,"공공 행정, 국방 및 사회보장 행정",841,입법 및 일반 정부 행정,8411,일반 공공 행정,입법기관,1,,,,,
,1354,841121,O,"공공 행정, 국방 및 사회보장 행정",84,"공공 행정, 국방 및 사회보장 행정",841,입법 및 일반 정부 행정,8411,일반 공공 행정,중앙 최고 집행기관,1,84112,O,"공공 행정, 국방 및 사회보장 행정",84,"공공 행정, 국방 및 사회보장 행정",841,입법 및 일반 정부 행정,8411,일반 공공 행정,중앙 최고 집행기관,1,,,,,
,1355,841131,O,"공공 행정, 국방 및 사회보장 행정",84,"공공 행정, 국방 및 사회보장 행정",841,입법 및 일반 정부 행정,8411,일반 공공 행정,지방행정 집행기관,1,84113,O,"공공 행정, 국방 및 사회보장 행정",84,"공공 행정, 국방 및 사회보장 행정",841,입법 및 일반 정부 행정,8411,일반 공공 행정,지방행정 집행기관,1,,,,,
,1356,841141,O,"공공 행정, 국방 및 사회보장 행정",84,"공공 행정, 국방 및 사회보장 행정",841,입법 및 일반 정부 행정,8411,일반 공공 행정,재정 및 경제정책 행정,1,84114,O,"공공 행정, 국방 및 사회보장 행정",84,"공공 행정, 국방 및 사회보장 행정",841,입법 및 일반 정부 행정,8411,일반 공공 행정,재정 및 경제정책 행정,1,,,,,
,1357,841190,O,"공공 행정, 국방 및 사회보장 행정",84,"공공 행정, 국방 및 사회보장 행정",841,입법 및 일반 정부 행정,8411,일반 공공 행정,기타 일반 공공 행정,1,84119,O,"공공 행정, 국방 및 사회보장 행정",84,"공공 행정, 국방 및 사회보장 행정",841,입법 및 일반 정부 행정,8411,일반 공공 행정,기타 일반 공공 행정,1,,,,,
,1358,841200,O,"공공 행정, 국방 및 사회보장 행정",84,"공공 행정, 국방 및 사회보장 행정",841,입법 및 일반 정부 행정,8412,정부기관 일반 보조 행정,정부기관 일반 보조 행정,1,84120,O,"공공 행정, 국방 및 사회보장 행정",84,"공공 행정, 국방 및 사회보장 행정",841,입법 및 일반 정부 행정,8412,정부기관 일반 보조 행정,정부기관 일반 보조 행정,1,,,,,
,1359,842110,O,"공공 행정, 국방 및 사회보장 행정",84,"공공 행정, 국방 및 사회보장 행정",842,사회 및 산업정책 행정,8421,사회서비스 관리 행정,교육 행정,1,84211,O,"공공 행정, 국방 및 사회보장 행정",84,"공공 행정, 국방 및 사회보장 행정",842,사회 및 산업정책 행정,8421,사회서비스 관리 행정,교육 행정,1,,,,,
,1360,842121,O,"공공 행정, 국방 및 사회보장 행정",84,"공공 행정, 국방 및 사회보장 행정",842,사회 및 산업정책 행정,8421,사회서비스 관리 행정,문화 및 관광 행정,1,84212,O,"공공 행정, 국방 및 사회보장 행정",84,"공공 행정, 국방 및 사회보장 행정",842,사회 및 산업정책 행정,8421,사회서비스 관리 행정,문화 및 관광 행정,1,,,,,
,1361,842130,O,"공공 행정, 국방 및 사회보장 행정",84,"공공 행정, 국방 및 사회보장 행정",842,사회 및 산업정책 행정,8421,사회서비스 관리 행정,환경 행정,1,84213,O,"공공 행정, 국방 및 사회보장 행정",84,"공공 행정, 국방 및 사회보장 행정",842,사회 및 산업정책 행정,8421,사회서비스 관리 행정,환경 행정,1,,,,,
,1362,842140,O,"공공 행정, 국방 및 사회보장 행정",84,"공공 행정, 국방 및 사회보장 행정",842,사회 및 산업정책 행정,8421,사회서비스 관리 행정,보건 및 복지 행정,1,84214,O,"공공 행정, 국방 및 사회보장 행정",84,"공공 행정, 국방 및 사회보장 행정",842,사회 및 산업정책 행정,8421,사회서비스 관리 행정,보건 및 복지 행정,1,,,,,
,1363,842190,O,"공공 행정, 국방 및 사회보장 행정",84,"공공 행정, 국방 및 사회보장 행정",842,사회 및 산업정책 행정,8421,사회서비스 관리 행정,기타 사회서비스 관리 행정,1,84219,O,"공공 행정, 국방 및 사회보장 행정",84,"공공 행정, 국방 및 사회보장 행정",842,사회 및 산업정책 행정,8421,사회서비스 관리 행정,기타 사회서비스 관리 행정,1,,,,,
,1364,842211,O,"공공 행정, 국방 및 사회보장 행정",84,"공공 행정, 국방 및 사회보장 행정",842,사회 및 산업정책 행정,8422,노동 및 산업 진흥 행정,노동 행정,1,84221,O,"공공 행정, 국방 및 사회보장 행정",84,"공공 행정, 국방 및 사회보장 행정",842,사회 및 산업정책 행정,8422,노동 및 산업 진흥 행정,노동 행정,1,,,,,
,1365,842221,O,"공공 행정, 국방 및 사회보장 행정",84,"공공 행정, 국방 및 사회보장 행정",842,사회 및 산업정책 행정,8422,노동 및 산업 진흥 행정,농림수산 행정,1,84222,O,"공공 행정, 국방 및 사회보장 행정",84,"공공 행정, 국방 및 사회보장 행정",842,사회 및 산업정책 행정,8422,노동 및 산업 진흥 행정,농림수산 행정,1,,,,,
,1366,842231,O,"공공 행정, 국방 및 사회보장 행정",84,"공공 행정, 국방 및 사회보장 행정",842,사회 및 산업정책 행정,8422,노동 및 산업 진흥 행정,건설 및 운송 행정,1,84223,O,"공공 행정, 국방 및 사회보장 행정",84,"공공 행정, 국방 및 사회보장 행정",842,사회 및 산업정책 행정,8422,노동 및 산업 진흥 행정,건설 및 운송 행정,1,,,,,
,1367,842241,O,"공공 행정, 국방 및 사회보장 행정",84,"공공 행정, 국방 및 사회보장 행정",842,사회 및 산업정책 행정,8422,노동 및 산업 진흥 행정,우편 및 통신 행정,1,84224,O,"공공 행정, 국방 및 사회보장 행정",84,"공공 행정, 국방 및 사회보장 행정",842,사회 및 산업정책 행정,8422,노동 및 산업 진흥 행정,우편 및 통신 행정,1,,,,,
,1368,842291,O,"공공 행정, 국방 및 사회보장 행정",84,"공공 행정, 국방 및 사회보장 행정",842,사회 및 산업정책 행정,8422,노동 및 산업 진흥 행정,기타 산업 진흥 행정,1,84229,O,"공공 행정, 국방 및 사회보장 행정",84,"공공 행정, 국방 및 사회보장 행정",842,사회 및 산업정책 행정,8422,노동 및 산업 진흥 행정,기타 산업 진흥 행정,1,,,,,
,1369,843100,O,"공공 행정, 국방 및 사회보장 행정",84,"공공 행정, 국방 및 사회보장 행정",843,외무 및 국방 행정,8431,외무 행정,외무 행정,1,84310,O,"공공 행정, 국방 및 사회보장 행정",84,"공공 행정, 국방 및 사회보장 행정",843,외무 및 국방 행정,8431,외무 행정,외무 행정,1,,,,,
,1370,843200,O,"공공 행정, 국방 및 사회보장 행정",84,"공공 행정, 국방 및 사회보장 행정",843,외무 및 국방 행정,8432,국방 행정,국방 행정,1,84320,O,"공공 행정, 국방 및 사회보장 행정",84,"공공 행정, 국방 및 사회보장 행정",843,외무 및 국방 행정,8432,국방 행정,국방 행정,1,,,,,
,1371,844010,O,"공공 행정, 국방 및 사회보장 행정",84,"공공 행정, 국방 및 사회보장 행정",844,사법 및 공공 질서 행정,8440,사법 및 공공 질서 행정,법원,1,84401,O,"공공 행정, 국방 및 사회보장 행정",84,"공공 행정, 국방 및 사회보장 행정",844,사법 및 공공 질서 행정,8440,사법 및 공공 질서 행정,법원,1,,,,,
,1372,844020,O,"공공 행정, 국방 및 사회보장 행정",84,"공공 행정, 국방 및 사회보장 행정",844,사법 및 공공 질서 행정,8440,사법 및 공공 질서 행정,검찰,1,84402,O,"공공 행정, 국방 및 사회보장 행정",84,"공공 행정, 국방 및 사회보장 행정",844,사법 및 공공 질서 행정,8440,사법 및 공공 질서 행정,검찰,1,,,,,
,1373,844030,O,"공공 행정, 국방 및 사회보장 행정",84,"공공 행정, 국방 및 사회보장 행정",844,사법 및 공공 질서 행정,8440,사법 및 공공 질서 행정,교도기관,1,84403,O,"공공 행정, 국방 및 사회보장 행정",84,"공공 행정, 국방 및 사회보장 행정",844,사법 및 공공 질서 행정,8440,사법 및 공공 질서 행정,교도기관,1,,,,,
,1374,844040,O,"공공 행정, 국방 및 사회보장 행정",84,"공공 행정, 국방 및 사회보장 행정",844,사법 및 공공 질서 행정,8440,사법 및 공공 질서 행정,경찰,1,84404,O,"공공 행정, 국방 및 사회보장 행정",84,"공공 행정, 국방 및 사회보장 행정",844,사법 및 공공 질서 행정,8440,사법 및 공공 질서 행정,경찰,1,,,,,
,1375,844050,O,"공공 행정, 국방 및 사회보장 행정",84,"공공 행정, 국방 및 사회보장 행정",844,사법 및 공공 질서 행정,8440,사법 및 공공 질서 행정,소방서,1,84405,O,"공공 행정, 국방 및 사회보장 행정",84,"공공 행정, 국방 및 사회보장 행정",844,사법 및 공공 질서 행정,8440,사법 및 공공 질서 행정,소방서,1,,,,,
,1376,844090,O,"공공 행정, 국방 및 사회보장 행정",84,"공공 행정, 국방 및 사회보장 행정",844,사법 및 공공 질서 행정,8440,사법 및 공공 질서 행정,기타 사법 및 공공 질서 행정,1,84409,O,"공공 행정, 국방 및 사회보장 행정",84,"공공 행정, 국방 및 사회보장 행정",844,사법 및 공공 질서 행정,8440,사법 및 공공 질서 행정,기타 사법 및 공공 질서 행정,1,,,,,
,1377,845000,O,"공공 행정, 국방 및 사회보장 행정",84,"공공 행정, 국방 및 사회보장 행정",845,사회보장 행정,8450,사회보장 행정,사회보장 행정,1,84500,O,"공공 행정, 국방 및 사회보장 행정",84,"공공 행정, 국방 및 사회보장 행정",845,사회보장 행정,8450,사회보장 행정,사회보장 행정,1,,,,,
,1378,851100,P,교육서비스업,85,교육 서비스업,851,초등 교육기관,8511,유아 교육기관,유아 교육기관,1,85110,P,교육 서비스업,85,교육 서비스업,851,초등 교육기관,8511,유아 교육기관,유아 교육기관,1,,,,,
,1379,851101,Q,보건업 및 사회복지 서비스업,85,보건업,851,병원,8511,병원,요양병원,1,86105,Q,보건업 및 사회복지 서비스업,86,보건업,861,병원,8610,병원,요양병원,1,,,,,
,1380,851102,Q,보건업 및 사회복지 서비스업,85,보건업,851,병원,8511,병원,치과병원,1,86103,Q,보건업 및 사회복지 서비스업,86,보건업,861,병원,8610,병원,치과병원,1,,,,,
,1381,851103,Q,보건업 및 사회복지 서비스업,85,보건업,851,병원,8511,병원,한방병원,1,86104,Q,보건업 및 사회복지 서비스업,86,보건업,861,병원,8610,병원,한방병원,1,,,,,
,1382,851113,Q,보건업 및 사회복지 서비스업,85,보건업,851,병원,8511,병원,종합병원,1,86101,Q,보건업 및 사회복지 서비스업,86,보건업,861,병원,8610,병원,종합병원,1,,,,,
,1383,851114,Q,보건업 및 사회복지 서비스업,85,보건업,851,병원,8511,병원,일반병원,1,86102,Q,보건업 및 사회복지 서비스업,86,보건업,861,병원,8610,병원,일반병원,1,,,,,
,1384,851200,P,교육서비스업,85,교육 서비스업,851,초등 교육기관,8512,초등학교,초등학교,1,85120,P,교육 서비스업,85,교육 서비스업,851,초등 교육기관,8512,초등학교,초등학교,1,,,,,
,1385,851201,Q,보건업 및 사회복지 서비스업,85,보건업,851,의원,8512,의원,일반의원,1,86201,Q,보건업 및 사회복지 서비스업,86,보건업,862,의원,8620,의원,일반의원,9,2,"일반과, 내과, 소아과",,,
,1386,851202,Q,보건업 및 사회복지 서비스업,85,보건업,851,의원,8512,의원,일반의원,1,86201,Q,보건업 및 사회복지 서비스업,86,보건업,862,의원,8620,의원,일반의원,9,2,"일반외과, 정형외과, 항문과, 신경외과",,,
,1387,851203,Q,보건업 및 사회복지 서비스업,85,보건업,851,의원,8512,의원,일반의원,1,86201,Q,보건업 및 사회복지 서비스업,86,보건업,862,의원,8620,의원,일반의원,9,2,"신경과, 정신과, 신경정신과",,,
,1388,851204,Q,보건업 및 사회복지 서비스업,85,보건업,851,의원,8512,의원,일반의원,1,86201,Q,보건업 및 사회복지 서비스업,86,보건업,862,의원,8620,의원,일반의원,9,2,"피부과, 비뇨기과",,,
,1389,851205,Q,보건업 및 사회복지 서비스업,85,보건업,851,의원,8512,의원,일반의원,1,86201,Q,보건업 및 사회복지 서비스업,86,보건업,862,의원,8620,의원,일반의원,9,2,안과,,,
,1390,851206,Q,보건업 및 사회복지 서비스업,85,보건업,851,의원,8512,의원,일반의원,1,86201,Q,보건업 및 사회복지 서비스업,86,보건업,862,의원,8620,의원,일반의원,9,2,이비인후과,,,
,1391,851207,Q,보건업 및 사회복지 서비스업,85,보건업,851,의원,8512,의원,일반의원,1,86201,Q,보건업 및 사회복지 서비스업,86,보건업,862,의원,8620,의원,일반의원,9,2,산부인과,,,
,1392,851208,Q,보건업 및 사회복지 서비스업,85,보건업,851,의원,8512,의원,방사선 진단 및 병리 검사 의원,1,86204,Q,보건업 및 사회복지 서비스업,86,보건업,862,의원,8620,의원,방사선 진단 및 병리 검사 의원,3,1,,,,
,1393,851209,Q,보건업 및 사회복지 서비스업,85,보건업,851,의원,8512,의원,일반의원,1,86201,Q,보건업 및 사회복지 서비스업,86,보건업,862,의원,8620,의원,일반의원,9,2,성형외과,,,
,1394,851211,Q,보건업 및 사회복지 서비스업,85,보건업,851,의원,8512,의원,치과의원,1,86202,Q,보건업 및 사회복지 서비스업,86,보건업,862,의원,8620,의원,치과의원,1,,,,,
,1395,851212,Q,보건업 및 사회복지 서비스업,85,보건업,851,의원,8512,의원,한의원,1,86203,Q,보건업 및 사회복지 서비스업,86,보건업,862,의원,8620,의원,한의원,1,,,,,
,1396,851219,Q,보건업 및 사회복지 서비스업,85,보건업,851,의원,8512,의원,일반의원,1,86201,Q,보건업 및 사회복지 서비스업,86,보건업,862,의원,8620,의원,일반의원,9,2,기타의원,,,
,1397,851901,Q,보건업 및 사회복지 서비스업,85,보건업,851,기타 보건업,8519,기타 보건업,그 외 기타 보건업,1,86909,Q,보건업 및 사회복지 서비스업,86,보건업,869,기타 보건업,8690,기타 보건업,그 외 기타 보건업,3,,"조산소, 조산원",,,
,1398,851902,Q,보건업 및 사회복지 서비스업,85,보건업,851,기타 보건업,8519,기타 보건업,유사 의료업,1,86902,Q,보건업 및 사회복지 서비스업,86,보건업,869,기타 보건업,8690,기타 보건업,유사 의료업,5,2,침구치료 등,,,
,1399,851903,Q,보건업 및 사회복지 서비스업,85,보건업,851,기타 보건업,8519,기타 보건업,유사 의료업,1,86902,Q,보건업 및 사회복지 서비스업,86,보건업,869,기타 보건업,8690,기타 보건업,유사 의료업,5,,안마원 또는 안마시술소 미개설,,,
,1400,851904,Q,보건업 및 사회복지 서비스업,85,보건업,851,기타 보건업,8519,기타 보건업,유사 의료업,1,86902,Q,보건업 및 사회복지 서비스업,86,보건업,869,기타 보건업,8690,기타 보건업,유사 의료업,5,2,지압치료 등,,,
,1401,851905,Q,보건업 및 사회복지 서비스업,85,보건업,851,의원,8519,의원,방사선 진단 및 병리 검사 의원,1,86204,Q,보건업 및 사회복지 서비스업,86,보건업,862,의원,8620,의원,방사선 진단 및 병리 검사 의원,3,,세균검사,,,
,1402,851906,Q,보건업 및 사회복지 서비스업,85,보건업,851,기타 보건업,8519,기타 보건업,그 외 기타 보건업,1,86909,Q,보건업 및 사회복지 서비스업,86,보건업,869,기타 보건업,8690,기타 보건업,그 외 기타 보건업,3,,혈액원,,,
,1403,851907,Q,보건업 및 사회복지 서비스업,85,보건업,851,기타 보건업,8519,기타 보건업,그 외 기타 보건업,1,86909,Q,보건업 및 사회복지 서비스업,86,보건업,869,기타 보건업,8690,기타 보건업,그 외 기타 보건업,3,1,,,,
,1404,851908,Q,보건업 및 사회복지 서비스업,85,보건업,851,기타 보건업,8519,기타 보건업,유사 의료업,1,86902,Q,보건업 및 사회복지 서비스업,86,보건업,869,기타 보건업,8690,기타 보건업,유사 의료업,5,,안마시술소 ,,,
,1405,851909,Q,보건업 및 사회복지 서비스업,85,보건업,851,의원,8519,의원,방사선 진단 및 병리 검사 의원,1,86204,Q,보건업 및 사회복지 서비스업,86,보건업,862,의원,8620,의원,방사선 진단 및 병리 검사 의원,3,,기타 병리실험서비스,,,
,1406,851911,Q,보건업 및 사회복지 서비스업,85,보건업,851,기타 보건업,8519,기타 보건업,앰뷸런스 서비스업,1,86901,Q,보건업 및 사회복지 서비스업,86,보건업,869,기타 보건업,8690,기타 보건업,앰뷸런스 서비스업,1,,,,,
,1407,851912,Q,보건업 및 사회복지 서비스업,85,보건업,851,기타 보건업,8519,기타 보건업,유사 의료업,1,86902,Q,보건업 및 사회복지 서비스업,86,보건업,869,기타 보건업,8690,기타 보건업,유사 의료업,5,,안마원,,,
,1408,852000,M,"전문, 과학 및 기술 서비스업",85,"기타 전문, 과학 및 기술 서비스업",852,수의업,8520,수의업,수의업,1,73100,M,"전문, 과학 및 기술 서비스업",73,"기타 전문, 과학 및 기술 서비스업",731,수의업,7310,수의업,수의업,1,,,,,
,1409,852110,P,교육서비스업,85,교육 서비스업,852,중등 교육기관,8521,일반 중등 교육기관,중학교,1,85211,P,교육 서비스업,85,교육 서비스업,852,중등 교육기관,8521,일반 중등 교육기관,중학교,1,,,,,
,1410,852120,P,교육서비스업,85,교육 서비스업,852,중등 교육기관,8521,일반 중등 교육기관,일반 고등학교,1,85212,P,교육 서비스업,85,교육 서비스업,852,중등 교육기관,8521,일반 중등 교육기관,일반 고등학교,1,,,,,
,1411,852210,P,교육서비스업,85,교육 서비스업,852,중등 교육기관,8522,특성화 고등학교,상업 및 정보산업 특성화 고등학교,1,85221,P,교육 서비스업,85,교육 서비스업,852,중등 교육기관,8522,특성화 고등학교,상업 및 정보산업 특성화 고등학교,1,,,,,
,1412,852220,P,교육서비스업,85,교육 서비스업,852,중등 교육기관,8522,특성화 고등학교,공업 특성화 고등학교,1,85222,P,교육 서비스업,85,교육 서비스업,852,중등 교육기관,8522,특성화 고등학교,공업 특성화 고등학교,1,,,,,
,1413,852290,P,교육서비스업,85,교육 서비스업,852,중등 교육기관,8522,특성화 고등학교,기타 특성화 고등학교,1,85229,P,교육 서비스업,85,교육 서비스업,852,중등 교육기관,8522,특성화 고등학교,기타 특성화 고등학교,1,,,,,
,1414,853010,P,교육서비스업,85,교육 서비스업,853,고등 교육기관,8530,고등 교육기관,전문대학,1,85301,P,교육 서비스업,85,교육 서비스업,853,고등 교육기관,8530,고등 교육기관,전문대학,1,,,,,
,1415,853020,P,교육서비스업,85,교육 서비스업,853,고등 교육기관,8530,고등 교육기관,대학교,1,85302,P,교육 서비스업,85,교육 서비스업,853,고등 교육기관,8530,고등 교육기관,대학교,1,,,,,
,1416,853030,P,교육서비스업,85,교육 서비스업,853,고등 교육기관,8530,고등 교육기관,대학원,1,85303,P,교육 서비스업,85,교육 서비스업,853,고등 교육기관,8530,고등 교육기관,대학원,1,,,,,
,1417,854100,P,교육서비스업,85,교육 서비스업,854,"특수학교, 외국인학교 및 대안학교",8541,특수학교,특수학교,1,85410,P,교육 서비스업,85,교육 서비스업,854,"특수학교, 외국인학교 및 대안학교",8541,특수학교,특수학교,1,,,,,
,1418,854300,P,교육서비스업,85,교육 서비스업,854,"특수학교, 외국인학교 및 대안학교",8543,대안학교,대안학교,1,85430,P,교육 서비스업,85,교육 서비스업,854,"특수학교, 외국인학교 및 대안학교",8543,대안학교,대안학교,1,,,,,
,1419,856400,P,교육서비스업,85,교육 서비스업,856,"특수학교, 외국인학교 및 대안학교",8564,사회교육시설,사회교육시설,1,85640,P,교육 서비스업,85,교육 서비스업,856,"특수학교, 외국인학교 및 대안학교",8564,사회교육시설,사회교육시설,1,,,,,
,1420,863000,Q,보건업 및 사회복지 서비스업,86,보건업,863,공중 보건 의료업,8630,공중 보건 의료업,공중 보건 의료업,1,86300,Q,보건업 및 사회복지 서비스업,86,보건업,863,공중 보건 의료업,8630,공중 보건 의료업,공중 보건 의료업,1,,,,,
,1421,871110,Q,보건업 및 사회복지 서비스업,87,사회복지 서비스업,871,거주 복지시설 운영업,8711,노인 거주 복지시설 운영업,노인 요양 복지시설 운영업,1,87111,Q,보건업 및 사회복지 서비스업,87,사회복지 서비스업,871,거주 복지시설 운영업,8711,노인 거주 복지시설 운영업,노인 요양 복지시설 운영업,1,,,,,
,1422,871210,Q,보건업 및 사회복지 서비스업,87,사회복지 서비스업,871,거주 복지시설 운영업,8712,심신 장애인 거주 복지시설 운영업,신체 부자유자 거주 복지시설 운영업,1,87121,Q,보건업 및 사회복지 서비스업,87,사회복지 서비스업,871,거주 복지시설 운영업,8712,심신 장애인 거주 복지시설 운영업,신체 부자유자 거주 복지시설 운영업,1,,,,,
,1423,871220,Q,보건업 및 사회복지 서비스업,87,사회복지 서비스업,871,거주 복지시설 운영업,8712,심신 장애인 거주 복지시설 운영업,"정신 질환, 정신 지체 및 약물 중독자 거주 복지시설 운영업",1,87122,Q,보건업 및 사회복지 서비스업,87,사회복지 서비스업,871,거주 복지시설 운영업,8712,심신 장애인 거주 복지시설 운영업,"정신 질환, 정신 지체 및 약물 중독자 거주 복지시설 운영업",1,,,,,
,1424,871310,Q,보건업 및 사회복지 서비스업,87,사회복지 서비스업,871,거주 복지시설 운영업,8713,기타 거주 복지시설 운영업,아동 및 부녀자 거주 복지시설 운영업,1,87131,Q,보건업 및 사회복지 서비스업,87,사회복지 서비스업,871,거주 복지시설 운영업,8713,기타 거주 복지시설 운영업,아동 및 부녀자 거주 복지시설 운영업,1,,,,,
,1425,871390,Q,보건업 및 사회복지 서비스업,87,사회복지 서비스업,871,거주 복지시설 운영업,8713,기타 거주 복지시설 운영업,그 외 기타 거주 복지시설 운영업,1,87139,Q,보건업 및 사회복지 서비스업,87,사회복지 서비스업,871,거주 복지시설 운영업,8713,기타 거주 복지시설 운영업,그 외 기타 거주 복지시설 운영업,1,,,,,
,1426,872100,Q,보건업 및 사회복지 서비스업,87,사회복지 서비스업,872,비거주 복지시설 운영업,8721,보육시설 운영업,보육시설 운영업,1,87210,Q,보건업 및 사회복지 서비스업,87,사회복지 서비스업,872,비거주 복지시설 운영업,8721,보육시설 운영업,보육시설 운영업,2,2,인가된 경우,,,
,1427,872910,Q,보건업 및 사회복지 서비스업,87,사회복지 서비스업,872,비거주 복지시설 운영업,8729,기타 비거주 복지 서비스업,직업 재활원 운영업,1,87291,Q,보건업 및 사회복지 서비스업,87,사회복지 서비스업,872,비거주 복지시설 운영업,8729,기타 비거주 복지 서비스업,직업 재활원 운영업,1,,,,,
,1428,872920,Q,보건업 및 사회복지 서비스업,87,사회복지 서비스업,872,비거주 복지시설 운영업,8729,기타 비거주 복지 서비스업,종합복지관 운영업,1,87292,Q,보건업 및 사회복지 서비스업,87,사회복지 서비스업,872,비거주 복지시설 운영업,8729,기타 비거주 복지 서비스업,종합복지관 운영업,1,,,,,
,1429,872930,Q,보건업 및 사회복지 서비스업,87,사회복지 서비스업,872,비거주 복지시설 운영업,8729,기타 비거주 복지 서비스업,방문 복지서비스 제공업,1,87293,Q,보건업 및 사회복지 서비스업,87,사회복지 서비스업,872,비거주 복지시설 운영업,8729,기타 비거주 복지 서비스업,방문 복지서비스 제공업,1,,,,,
,1430,872940,Q,보건업 및 사회복지 서비스업,87,사회복지 서비스업,872,비거주 복지시설 운영업,8729,기타 비거주 복지 서비스업,사회복지 상담 서비스 제공업,1,87294,Q,보건업 및 사회복지 서비스업,87,사회복지 서비스업,872,비거주 복지시설 운영업,8729,기타 비거주 복지 서비스업,사회복지 상담 서비스 제공업,1,,,,,
,1431,872990,Q,보건업 및 사회복지 서비스업,87,사회복지 서비스업,872,비거주 복지시설 운영업,8729,기타 비거주 복지 서비스업,그 외 기타 비거주 복지 서비스업,1,87299,Q,보건업 및 사회복지 서비스업,87,사회복지 서비스업,872,비거주 복지시설 운영업,8729,기타 비거주 복지 서비스업,그 외 기타 비거주 복지 서비스업,1,,,,,
,1432,900100,E,"수도, 하수 및 폐기물 처리, 원료 재생업",90,"폐기물 수집, 운반, 처리 및 원료 재생업",900,"폐기물 수집, 운반업",9001,"지정 외 폐기물 수집, 운반업","지정 외 폐기물 수집, 운반업",1,38110,E,"수도, 하수 및 폐기물 처리, 원료 재생업",38,"폐기물 수집, 운반, 처리 및 원료 재생업",381,"폐기물 수집, 운반업",3811,"지정 외 폐기물 수집, 운반업","지정 외 폐기물 수집, 운반업",1,,,,,
,1433,900101,E,"수도, 하수 및 폐기물 처리, 원료 재생업",90,"폐기물 수집, 운반, 처리 및 원료 재생업",900,폐기물 처리업,9001,지정 외 폐기물 처리업,지정 외 폐기물 처리업,1,38210,E,"수도, 하수 및 폐기물 처리, 원료 재생업",38,"폐기물 수집, 운반, 처리 및 원료 재생업",382,폐기물 처리업,3821,지정 외 폐기물 처리업,지정 외 폐기물 처리업,1,,,,,
,1434,900102,E,"수도, 하수 및 폐기물 처리, 원료 재생업",90,"폐기물 수집, 운반, 처리 및 원료 재생업",900,폐기물 처리업,9001,"방사성 폐기물 수집, 운반 및 처리업","방사성 폐기물 수집, 운반 및 처리업",1,38240,E,"수도, 하수 및 폐기물 처리, 원료 재생업",38,"폐기물 수집, 운반, 처리 및 원료 재생업",382,폐기물 처리업,3824,"방사성 폐기물 수집, 운반 및 처리업","방사성 폐기물 수집, 운반 및 처리업",1,,,,,
,1435,900103,E,"수도, 하수 및 폐기물 처리, 원료 재생업",90,"폐기물 수집, 운반, 처리 및 원료 재생업",900,"폐기물 수집, 운반업",9001,"지정 폐기물 수집, 운반업","지정 폐기물 수집, 운반업",1,38120,E,"수도, 하수 및 폐기물 처리, 원료 재생업",38,"폐기물 수집, 운반, 처리 및 원료 재생업",381,"폐기물 수집, 운반업",3812,"지정 폐기물 수집, 운반업","지정 폐기물 수집, 운반업",1,,,,,
,1436,900104,E,"수도, 하수 및 폐기물 처리, 원료 재생업",90,"폐기물 수집, 운반, 처리 및 원료 재생업",900,"폐기물 수집, 운반업",9001,"건설 폐기물 수집, 운반업","건설 폐기물 수집, 운반업",1,38130,E,"수도, 하수 및 폐기물 처리, 원료 재생업",38,"폐기물 수집, 운반, 처리 및 원료 재생업",381,"폐기물 수집, 운반업",3813,"건설 폐기물 수집, 운반업","건설 폐기물 수집, 운반업",1,,,,,
,1437,900105,E,"수도, 하수 및 폐기물 처리, 원료 재생업",90,"폐기물 수집, 운반, 처리 및 원료 재생업",900,폐기물 처리업,9001,지정 폐기물 처리업,지정 폐기물 처리업,1,38220,E,"수도, 하수 및 폐기물 처리, 원료 재생업",38,"폐기물 수집, 운반, 처리 및 원료 재생업",382,폐기물 처리업,3822,지정 폐기물 처리업,지정 폐기물 처리업,1,,,,,
,1438,900106,E,"수도, 하수 및 폐기물 처리, 원료 재생업",90,"폐기물 수집, 운반, 처리 및 원료 재생업",900,폐기물 처리업,9001,건설 폐기물 처리업,건설 폐기물 처리업,1,38230,E,"수도, 하수 및 폐기물 처리, 원료 재생업",38,"폐기물 수집, 운반, 처리 및 원료 재생업",382,폐기물 처리업,3823,건설 폐기물 처리업,건설 폐기물 처리업,1,,,,,
,1439,900200,E,"수도, 하수 및 폐기물 처리, 원료 재생업",90,"하수, 폐수 및 분뇨 처리업",900,"하수, 폐수 및 분뇨 처리업",9002,하수 및 폐수 처리업,하수 처리업,1,37011,E,"수도, 하수 및 폐기물 처리, 원료 재생업",37,"하수, 폐수 및 분뇨 처리업",370,"하수, 폐수 및 분뇨 처리업",3701,하수 및 폐수 처리업,하수 처리업,2,1,,,,
,1440,900201,E,"수도, 하수 및 폐기물 처리, 원료 재생업",90,"하수, 폐수 및 분뇨 처리업",900,"하수, 폐수 및 분뇨 처리업",9002,분뇨 처리업,사람 분뇨 처리업,1,37021,E,"수도, 하수 및 폐기물 처리, 원료 재생업",37,"하수, 폐수 및 분뇨 처리업",370,"하수, 폐수 및 분뇨 처리업",3702,분뇨 처리업,사람 분뇨 처리업,1,,,,,
,1441,900202,E,"수도, 하수 및 폐기물 처리, 원료 재생업",90,"하수, 폐수 및 분뇨 처리업",900,"하수, 폐수 및 분뇨 처리업",9002,하수 및 폐수 처리업,폐수 처리업,1,37012,E,"수도, 하수 및 폐기물 처리, 원료 재생업",37,"하수, 폐수 및 분뇨 처리업",370,"하수, 폐수 및 분뇨 처리업",3701,하수 및 폐수 처리업,폐수 처리업,1,,,,,
,1442,900203,E,"수도, 하수 및 폐기물 처리, 원료 재생업",90,"하수, 폐수 및 분뇨 처리업",900,"하수, 폐수 및 분뇨 처리업",9002,분뇨 처리업,축산 분뇨 처리업,1,37022,E,"수도, 하수 및 폐기물 처리, 원료 재생업",37,"하수, 폐수 및 분뇨 처리업",370,"하수, 폐수 및 분뇨 처리업",3702,분뇨 처리업,축산 분뇨 처리업,1,,,,,
,1443,900300,E,"수도, 하수 및 폐기물 처리, 원료 재생업",90,"폐기물 수집, 운반, 처리 및 원료 재생업",900,"해체, 선별 및 원료 재생업",9003,"금속류 해체, 선별 및 원료 재생업",금속류 해체 및 선별업,1,38311,E,"수도, 하수 및 폐기물 처리, 원료 재생업",38,"폐기물 수집, 운반, 처리 및 원료 재생업",383,"해체, 선별 및 원료 재생업",3831,"금속류 해체, 선별 및 원료 재생업",금속류 해체 및 선별업,3,,폐차처리업,,,
,1444,900900,N,"사업시설 관리, 사업 지원 및 임대 서비스업",90,사업시설 관리 및 조경 서비스업,900,건물ㆍ산업설비 청소 및 방제 서비스업,9009,건물 및 산업설비 청소업,"산업설비, 운송장비 및 공공장소 청소업",1,74212,N,"사업시설 관리, 사업 지원 및 임대 서비스업",74,사업시설 관리 및 조경 서비스업,742,건물ㆍ산업설비 청소 및 방제 서비스업,7421,건물 및 산업설비 청소업,"산업설비, 운송장비 및 공공장소 청소업",1,,,,,
,1445,921100,J,정보통신업,92,영상ㆍ오디오 기록물 제작 및 배급업,921,"영화, 비디오물, 방송 프로그램 제작 및 배급업",9211,"영화, 비디오물 및 방송 프로그램 배급업","영화, 비디오물 및 방송 프로그램 배급업",1,59130,J,정보통신업,59,영상ㆍ오디오 기록물 제작 및 배급업,591,"영화, 비디오물, 방송 프로그램 제작 및 배급업",5913,"영화, 비디오물 및 방송 프로그램 배급업","영화, 비디오물 및 방송 프로그램 배급업",1,,,,,
,1446,921200,J,정보통신업,92,영상ㆍ오디오 기록물 제작 및 배급업,921,"영화, 비디오물, 방송 프로그램 제작 및 배급업",9212,영화 및 비디오물 상영업,영화관 운영업,1,59141,J,정보통신업,59,영상ㆍ오디오 기록물 제작 및 배급업,591,"영화, 비디오물, 방송 프로그램 제작 및 배급업",5914,영화 및 비디오물 상영업,영화관 운영업,1,,,,,
,1447,921301,J,정보통신업,92,방송 및 영상·오디오물 제공 서비스업,921,라디오 방송업,9213,라디오 방송업,라디오 방송업,1,60100,J,정보통신업,60,방송 및 영상·오디오물 제공 서비스업,601,라디오 방송업,6010,라디오 방송업,라디오 방송업,1,,,,,
,1448,921302,J,정보통신업,92,방송 및 영상·오디오물 제공 서비스업,921,텔레비전 방송업,9213,지상파 방송업,지상파 방송업,1,60210,J,정보통신업,60,방송 및 영상·오디오물 제공 서비스업,602,텔레비전 방송업,6021,지상파 방송업,지상파 방송업,1,,,,,
,1449,921303,J,정보통신업,92,방송 및 영상·오디오물 제공 서비스업,921,텔레비전 방송업,9213,"유선, 위성 및 기타 방송업",유선 방송업,1,60222,J,정보통신업,60,방송 및 영상·오디오물 제공 서비스업,602,텔레비전 방송업,6022,"유선, 위성 및 기타 방송업",유선 방송업,1,,,,,
,1450,921304,J,정보통신업,92,영상ㆍ오디오 기록물 제작 및 배급업,921,"영화, 비디오물, 방송 프로그램 제작 및 배급업",9213,"영화, 비디오물 및 방송 프로그램 제작업",방송 프로그램 제작업,1,59114,J,정보통신업,59,영상ㆍ오디오 기록물 제작 및 배급업,591,"영화, 비디오물, 방송 프로그램 제작 및 배급업",5911,"영화, 비디오물 및 방송 프로그램 제작업",방송 프로그램 제작업,1,,,,,
,1451,921305,J,정보통신업,92,방송 및 영상·오디오물 제공 서비스업,921,텔레비전 방송업,9213,"유선, 위성 및 기타 방송업",위성 및 기타 방송업,1,60229,J,정보통신업,60,방송 및 영상·오디오물 제공 서비스업,602,텔레비전 방송업,6022,"유선, 위성 및 기타 방송업",위성 및 기타 방송업,1,,,,,
,1452,921306,J,정보통신업,92,방송 및 영상·오디오물 제공 서비스업,921,텔레비전 방송업,9213,"유선, 위성 및 기타 방송업",프로그램 공급업,1,60221,J,정보통신업,60,방송 및 영상·오디오물 제공 서비스업,602,텔레비전 방송업,6022,"유선, 위성 및 기타 방송업",프로그램 공급업,1,,,,,
,1453,921401,R,"예술, 스포츠 및 여가관련 서비스업",92,"창작, 예술 및 여가관련 서비스업",921,창작 및 예술관련 서비스업,9214,기타 창작 및 예술관련 서비스업,공연 기획업,1,90191,R,"예술, 스포츠 및 여가관련 서비스업",90,"창작, 예술 및 여가관련 서비스업",901,창작 및 예술관련 서비스업,9019,기타 창작 및 예술관련 서비스업,공연 기획업,1,,,,,
,1454,921402,R,"예술, 스포츠 및 여가관련 서비스업",92,"창작, 예술 및 여가관련 서비스업",921,창작 및 예술관련 서비스업,9214,공연단체,무용 및 음악단체,1,90122,R,"예술, 스포츠 및 여가관련 서비스업",90,"창작, 예술 및 여가관련 서비스업",901,창작 및 예술관련 서비스업,9012,공연단체,무용 및 음악단체,1,,,,,
,1455,921403,R,"예술, 스포츠 및 여가관련 서비스업",92,"창작, 예술 및 여가관련 서비스업",921,창작 및 예술관련 서비스업,9214,공연단체,연극단체,1,90121,R,"예술, 스포츠 및 여가관련 서비스업",90,"창작, 예술 및 여가관련 서비스업",901,창작 및 예술관련 서비스업,9012,공연단체,연극단체,1,,,,,
,1456,921404,L,부동산업,92,부동산업,921,부동산 임대 및 공급업,9214,부동산 임대업,비주거용 건물 임대업,1,68112,L,부동산업,68,부동산업,681,부동산 임대 및 공급업,6811,부동산 임대업,비주거용 건물 임대업,11,,극장대관,,,
,1457,921405,R,"예술, 스포츠 및 여가관련 서비스업",92,"창작, 예술 및 여가관련 서비스업",921,창작 및 예술관련 서비스업,9214,기타 창작 및 예술관련 서비스업,그 외 기타 창작 및 예술관련 서비스업,1,90199,R,"예술, 스포츠 및 여가관련 서비스업",90,"창작, 예술 및 여가관련 서비스업",901,창작 및 예술관련 서비스업,9019,기타 창작 및 예술관련 서비스업,그 외 기타 창작 및 예술관련 서비스업,2,,공연 및 제작관련 대리,,,
,1458,921406,R,"예술, 스포츠 및 여가관련 서비스업",92,"창작, 예술 및 여가관련 서비스업",921,창작 및 예술관련 서비스업,9214,기타 창작 및 예술관련 서비스업,그 외 기타 창작 및 예술관련 서비스업,1,90199,R,"예술, 스포츠 및 여가관련 서비스업",90,"창작, 예술 및 여가관련 서비스업",901,창작 및 예술관련 서비스업,9019,기타 창작 및 예술관련 서비스업,그 외 기타 창작 및 예술관련 서비스업,2,1,,,,
,1459,921407,R,"예술, 스포츠 및 여가관련 서비스업",92,"창작, 예술 및 여가관련 서비스업",921,창작 및 예술관련 서비스업,9214,공연단체,기타 공연단체,1,90123,R,"예술, 스포츠 및 여가관련 서비스업",90,"창작, 예술 및 여가관련 서비스업",901,창작 및 예술관련 서비스업,9012,공연단체,기타 공연단체,1,,,,,
,1460,921501,J,정보통신업,92,영상ㆍ오디오 기록물 제작 및 배급업,921,"영화, 비디오물, 방송 프로그램 제작 및 배급업",9215,"영화, 비디오물 및 방송 프로그램 제작업",광고 영화 및 비디오물 제작업,1,59113,J,정보통신업,59,영상ㆍ오디오 기록물 제작 및 배급업,591,"영화, 비디오물, 방송 프로그램 제작 및 배급업",5911,"영화, 비디오물 및 방송 프로그램 제작업",광고 영화 및 비디오물 제작업,1,,,,,
,1461,921502,J,정보통신업,92,영상ㆍ오디오 기록물 제작 및 배급업,921,"영화, 비디오물, 방송 프로그램 제작 및 배급업",9215,"영화, 비디오물 및 방송 프로그램 제작업",일반 영화 및 비디오물 제작업,1,59111,J,정보통신업,59,영상ㆍ오디오 기록물 제작 및 배급업,591,"영화, 비디오물, 방송 프로그램 제작 및 배급업",5911,"영화, 비디오물 및 방송 프로그램 제작업",일반 영화 및 비디오물 제작업,2,1,,,,
,1462,921503,J,정보통신업,92,영상ㆍ오디오 기록물 제작 및 배급업,921,"영화, 비디오물, 방송 프로그램 제작 및 배급업",9215,"영화, 비디오물 및 방송 프로그램 제작 관련 서비스업","영화, 비디오물 및 방송 프로그램 제작 관련 서비스업",1,59120,J,정보통신업,59,영상ㆍ오디오 기록물 제작 및 배급업,591,"영화, 비디오물, 방송 프로그램 제작 및 배급업",5912,"영화, 비디오물 및 방송 프로그램 제작 관련 서비스업","영화, 비디오물 및 방송 프로그램 제작 관련 서비스업",1,,,,,
,1463,921504,J,정보통신업,92,영상ㆍ오디오 기록물 제작 및 배급업,921,"영화, 비디오물, 방송 프로그램 제작 및 배급업",9215,"영화, 비디오물 및 방송 프로그램 제작업",애니메이션 영화 및 비디오물 제작업,1,59112,J,정보통신업,59,영상ㆍ오디오 기록물 제작 및 배급업,591,"영화, 비디오물, 방송 프로그램 제작 및 배급업",5911,"영화, 비디오물 및 방송 프로그램 제작업",애니메이션 영화 및 비디오물 제작업,2,,,,,
,1464,921505,J,정보통신업,92,영상ㆍ오디오 기록물 제작 및 배급업,921,"영화, 비디오물, 방송 프로그램 제작 및 배급업",9215,"영화, 비디오물 및 방송 프로그램 제작업",미디어콘텐츠창작업,2,59111,J,정보통신업,59,영상ㆍ오디오 기록물 제작 및 배급업,591,"영화, 비디오물, 방송 프로그램 제작 및 배급업",5911,"영화, 비디오물 및 방송 프로그램 제작업",일반 영화 및 비디오물 제작업,2,,미디어콘텐츠창작업,,,
,1464,921505,J,정보통신업,92,영상ㆍ오디오 기록물 제작 및 배급업,921,"영화, 비디오물, 방송 프로그램 제작 및 배급업",9215,"영화, 비디오물 및 방송 프로그램 제작업",미디어콘텐츠창작업,2,59112,J,정보통신업,59,영상ㆍ오디오 기록물 제작 및 배급업,591,"영화, 비디오물, 방송 프로그램 제작 및 배급업",5911,"영화, 비디오물 및 방송 프로그램 제작업",애니메이션 영화 및 비디오물 제작업,2,,미디어콘텐츠창작업,,,
,1465,921901,R,"예술, 스포츠 및 여가관련 서비스업",92,"창작, 예술 및 여가관련 서비스업",921,창작 및 예술관련 서비스업,9219,공연시설 운영업,공연시설 운영업,1,90110,R,"예술, 스포츠 및 여가관련 서비스업",90,"창작, 예술 및 여가관련 서비스업",901,창작 및 예술관련 서비스업,9011,공연시설 운영업,공연시설 운영업,1,,,,,
,1466,921902,P,교육서비스업,92,교육 서비스업,921,기타 교육기관,9219,스포츠 및 레크리에이션 교육기관,레크리에이션 교육기관,1,85613,P,교육 서비스업,85,교육 서비스업,856,기타 교육기관,8561,스포츠 및 레크리에이션 교육기관,레크리에이션 교육기관,2,,댄스교습소,,,
,1467,921903,R,"예술, 스포츠 및 여가관련 서비스업",92,스포츠 및 오락관련 서비스업,921,유원지 및 기타 오락관련 서비스업,9219,유원지 및 테마파크 운영업,유원지 및 테마파크 운영업,1,91210,R,"예술, 스포츠 및 여가관련 서비스업",91,스포츠 및 오락관련 서비스업,912,유원지 및 기타 오락관련 서비스업,9121,유원지 및 테마파크 운영업,유원지 및 테마파크 운영업,1,,,,,
,1468,921904,R,"예술, 스포츠 및 여가관련 서비스업",92,스포츠 및 오락관련 서비스업,921,유원지 및 기타 오락관련 서비스업,9219,그 외 기타 오락관련 서비스업,무도장 운영업,1,91291,R,"예술, 스포츠 및 여가관련 서비스업",91,스포츠 및 오락관련 서비스업,912,유원지 및 기타 오락관련 서비스업,9129,그 외 기타 오락관련 서비스업,무도장 운영업,1,,,,,
,1469,922101,S,"협회 및 단체, 수리 및 기타 개인 서비스업",92,개인 및 소비용품 수리업,922,개인 및 가정용품 수리업,9221,기타 개인 및 가정용품 수리업,그 외 기타 개인 및 가정용품 수리업,1,95399,S,"협회 및 단체, 수리 및 기타 개인 서비스업",95,개인 및 소비용품 수리업,953,개인 및 가정용품 수리업,9539,기타 개인 및 가정용품 수리업,그 외 기타 개인 및 가정용품 수리업,1,,,,,
,1470,922102,C,제조업,92,산업용 기계 및 장비 수리업,922,산업용 기계 및 장비 수리업,9221,일반 기계류 수리업,기타 일반 기계 및 장비 수리업,1,34019,C,제조업,34,산업용 기계 및 장비 수리업,340,산업용 기계 및 장비 수리업,3401,일반 기계류 수리업,기타 일반 기계 및 장비 수리업,1,,,,,
,1471,922103,C,제조업,92,산업용 기계 및 장비 수리업,922,산업용 기계 및 장비 수리업,9221,전기ㆍ전자 및 정밀 기기 수리업,전기ㆍ전자 및 정밀 기기 수리업,1,34020,C,제조업,34,산업용 기계 및 장비 수리업,340,산업용 기계 및 장비 수리업,3402,전기ㆍ전자 및 정밀 기기 수리업,전기ㆍ전자 및 정밀 기기 수리업,1,,,,,
,1472,922104,S,"협회 및 단체, 수리 및 기타 개인 서비스업",92,개인 및 소비용품 수리업,922,개인 및 가정용품 수리업,9221,가전제품 수리업,가전제품 수리업,1,95310,S,"협회 및 단체, 수리 및 기타 개인 서비스업",95,개인 및 소비용품 수리업,953,개인 및 가정용품 수리업,9531,가전제품 수리업,가전제품 수리업,1,,,,,
,1473,922105,S,"협회 및 단체, 수리 및 기타 개인 서비스업",92,개인 및 소비용품 수리업,922,개인 및 가정용품 수리업,9221,기타 개인 및 가정용품 수리업,의복 및 기타 가정용 직물제품 수리업,1,95391,S,"협회 및 단체, 수리 및 기타 개인 서비스업",95,개인 및 소비용품 수리업,953,개인 및 가정용품 수리업,9539,기타 개인 및 가정용품 수리업,의복 및 기타 가정용 직물제품 수리업,1,,,,,
,1474,922106,C,제조업,92,산업용 기계 및 장비 수리업,922,산업용 기계 및 장비 수리업,9221,일반 기계류 수리업,건설ㆍ광업용 기계 및 장비 수리업,1,34011,C,제조업,34,산업용 기계 및 장비 수리업,340,산업용 기계 및 장비 수리업,3401,일반 기계류 수리업,건설ㆍ광업용 기계 및 장비 수리업,1,,,,,
,1475,922107,S,"협회 및 단체, 수리 및 기타 개인 서비스업",92,개인 및 소비용품 수리업,922,컴퓨터 및 통신장비 수리업,9221,통신장비 수리업,통신장비 수리업,1,95120,S,"협회 및 단체, 수리 및 기타 개인 서비스업",95,개인 및 소비용품 수리업,951,컴퓨터 및 통신장비 수리업,9512,통신장비 수리업,통신장비 수리업,1,,,,,
,1476,922108,S,"협회 및 단체, 수리 및 기타 개인 서비스업",92,개인 및 소비용품 수리업,922,개인 및 가정용품 수리업,9221,기타 개인 및 가정용품 수리업,"가죽, 가방 및 신발 수리업",1,95392,S,"협회 및 단체, 수리 및 기타 개인 서비스업",95,개인 및 소비용품 수리업,953,개인 및 가정용품 수리업,9539,기타 개인 및 가정용품 수리업,"가죽, 가방 및 신발 수리업",1,,,,,
,1477,922109,S,"협회 및 단체, 수리 및 기타 개인 서비스업",92,개인 및 소비용품 수리업,922,개인 및 가정용품 수리업,9221,기타 개인 및 가정용품 수리업,"시계, 귀금속 및 악기 수리업",1,95393,S,"협회 및 단체, 수리 및 기타 개인 서비스업",95,개인 및 소비용품 수리업,953,개인 및 가정용품 수리업,9539,기타 개인 및 가정용품 수리업,"시계, 귀금속 및 악기 수리업",1,,,,,
,1478,922201,S,"협회 및 단체, 수리 및 기타 개인 서비스업",92,개인 및 소비용품 수리업,922,자동차 및 모터사이클 수리업,9222,자동차 수리 및 세차업,자동차 종합 수리업,1,95211,S,"협회 및 단체, 수리 및 기타 개인 서비스업",95,개인 및 소비용품 수리업,952,자동차 및 모터사이클 수리업,9521,자동차 수리 및 세차업,자동차 종합 수리업,1,,,,,
,1479,922202,S,"협회 및 단체, 수리 및 기타 개인 서비스업",92,개인 및 소비용품 수리업,922,자동차 및 모터사이클 수리업,9222,자동차 수리 및 세차업,자동차 전문 수리업,1,95212,S,"협회 및 단체, 수리 및 기타 개인 서비스업",95,개인 및 소비용품 수리업,952,자동차 및 모터사이클 수리업,9521,자동차 수리 및 세차업,자동차 전문 수리업,1,,,,,
,1480,922203,S,"협회 및 단체, 수리 및 기타 개인 서비스업",92,개인 및 소비용품 수리업,922,자동차 및 모터사이클 수리업,9222,자동차 수리 및 세차업,자동차 세차업,1,95213,S,"협회 및 단체, 수리 및 기타 개인 서비스업",95,개인 및 소비용품 수리업,952,자동차 및 모터사이클 수리업,9521,자동차 수리 및 세차업,자동차 세차업,1,,,,,
,1481,922204,S,"협회 및 단체, 수리 및 기타 개인 서비스업",92,개인 및 소비용품 수리업,922,자동차 및 모터사이클 수리업,9222,모터사이클 수리업,모터사이클 수리업,1,95220,S,"협회 및 단체, 수리 및 기타 개인 서비스업",95,개인 및 소비용품 수리업,952,자동차 및 모터사이클 수리업,9522,모터사이클 수리업,모터사이클 수리업,1,,,,,
,1482,923100,R,"예술, 스포츠 및 여가관련 서비스업",92,"창작, 예술 및 여가관련 서비스업",923,"도서관, 사적지 및 유사 여가관련 서비스업",9231,"도서관, 기록 보존소 및 독서실 운영업",독서실 운영업,1,90212,R,"예술, 스포츠 및 여가관련 서비스업",90,"창작, 예술 및 여가관련 서비스업",902,"도서관, 사적지 및 유사 여가관련 서비스업",9021,"도서관, 기록 보존소 및 독서실 운영업",독서실 운영업,2,,,,,
,1483,923101,R,"예술, 스포츠 및 여가관련 서비스업",92,"창작, 예술 및 여가관련 서비스업",923,"도서관, 사적지 및 유사 여가관련 서비스업",9231,"도서관, 기록 보존소 및 독서실 운영업",도서관 및 기록 보존소 운영업,1,90211,R,"예술, 스포츠 및 여가관련 서비스업",90,"창작, 예술 및 여가관련 서비스업",902,"도서관, 사적지 및 유사 여가관련 서비스업",9021,"도서관, 기록 보존소 및 독서실 운영업",도서관 및 기록 보존소 운영업,1,,,,,
,1484,923102,R,"예술, 스포츠 및 여가관련 서비스업",92,"창작, 예술 및 여가관련 서비스업",923,"도서관, 사적지 및 유사 여가관련 서비스업",9231,"도서관, 기록 보존소 및 독서실 운영업",독서실 운영업,1,90212,R,"예술, 스포츠 및 여가관련 서비스업",90,"창작, 예술 및 여가관련 서비스업",902,"도서관, 사적지 및 유사 여가관련 서비스업",9021,"도서관, 기록 보존소 및 독서실 운영업",독서실 운영업,2,,스터디카페,,,
,1485,923200,R,"예술, 스포츠 및 여가관련 서비스업",92,"창작, 예술 및 여가관련 서비스업",923,"도서관, 사적지 및 유사 여가관련 서비스업",9232,박물관 및 사적지 관리 운영업,박물관 운영업,1,90221,R,"예술, 스포츠 및 여가관련 서비스업",90,"창작, 예술 및 여가관련 서비스업",902,"도서관, 사적지 및 유사 여가관련 서비스업",9022,박물관 및 사적지 관리 운영업,박물관 운영업,1,,,,,
,1486,923201,R,"예술, 스포츠 및 여가관련 서비스업",92,"창작, 예술 및 여가관련 서비스업",923,"도서관, 사적지 및 유사 여가관련 서비스업",9232,박물관 및 사적지 관리 운영업,사적지 관리 운영업,1,90222,R,"예술, 스포츠 및 여가관련 서비스업",90,"창작, 예술 및 여가관련 서비스업",902,"도서관, 사적지 및 유사 여가관련 서비스업",9022,박물관 및 사적지 관리 운영업,사적지 관리 운영업,1,,,,,
,1487,923300,R,"예술, 스포츠 및 여가관련 서비스업",92,"창작, 예술 및 여가관련 서비스업",923,"도서관, 사적지 및 유사 여가관련 서비스업",9233,"식물원, 동물원 및 자연공원 운영업",식물원 및 동물원 운영업,1,90231,R,"예술, 스포츠 및 여가관련 서비스업",90,"창작, 예술 및 여가관련 서비스업",902,"도서관, 사적지 및 유사 여가관련 서비스업",9023,"식물원, 동물원 및 자연공원 운영업",식물원 및 동물원 운영업,1,,,,,
,1488,923301,R,"예술, 스포츠 및 여가관련 서비스업",92,"창작, 예술 및 여가관련 서비스업",923,"도서관, 사적지 및 유사 여가관련 서비스업",9233,기타 유사 여가관련 서비스업,기타 유사 여가관련 서비스업,1,90290,R,"예술, 스포츠 및 여가관련 서비스업",90,"창작, 예술 및 여가관련 서비스업",902,"도서관, 사적지 및 유사 여가관련 서비스업",9029,기타 유사 여가관련 서비스업,기타 유사 여가관련 서비스업,1,,,,,
,1489,924101,R,"예술, 스포츠 및 여가관련 서비스업",92,스포츠 및 오락관련 서비스업,924,스포츠 서비스업,9241,기타 스포츠 서비스업,그 외 기타 스포츠 서비스업,1,91199,R,"예술, 스포츠 및 여가관련 서비스업",91,스포츠 및 오락관련 서비스업,911,스포츠 서비스업,9119,기타 스포츠 서비스업,그 외 기타 스포츠 서비스업,2,1,,,,
,1490,924102,R,"예술, 스포츠 및 여가관련 서비스업",92,스포츠 및 오락관련 서비스업,924,스포츠 서비스업,9241,기타 스포츠 서비스업,그 외 기타 스포츠 서비스업,1,91199,R,"예술, 스포츠 및 여가관련 서비스업",91,스포츠 및 오락관련 서비스업,911,스포츠 서비스업,9119,기타 스포츠 서비스업,그 외 기타 스포츠 서비스업,2,,개인마주,,,
,1491,924103,R,"예술, 스포츠 및 여가관련 서비스업",92,스포츠 및 오락관련 서비스업,924,스포츠 서비스업,9241,기타 스포츠 서비스업,스포츠 클럽 운영업,1,91191,R,"예술, 스포츠 및 여가관련 서비스업",91,스포츠 및 오락관련 서비스업,911,스포츠 서비스업,9119,기타 스포츠 서비스업,스포츠 클럽 운영업,1,,,,,
,1492,924200,R,"예술, 스포츠 및 여가관련 서비스업",92,스포츠 및 오락관련 서비스업,924,스포츠 서비스업,9242,경기장 운영업,실내 경기장 운영업,1,91111,R,"예술, 스포츠 및 여가관련 서비스업",91,스포츠 및 오락관련 서비스업,911,스포츠 서비스업,9111,경기장 운영업,실내 경기장 운영업,1,,,,,
,1493,924201,R,"예술, 스포츠 및 여가관련 서비스업",92,스포츠 및 오락관련 서비스업,924,스포츠 서비스업,9242,경기장 운영업,실외 경기장 운영업,1,91112,R,"예술, 스포츠 및 여가관련 서비스업",91,스포츠 및 오락관련 서비스업,911,스포츠 서비스업,9111,경기장 운영업,실외 경기장 운영업,1,,,,,
,1494,924202,R,"예술, 스포츠 및 여가관련 서비스업",92,스포츠 및 오락관련 서비스업,924,스포츠 서비스업,9242,경기장 운영업,경주장 및 동물 경기장 운영업,1,91113,R,"예술, 스포츠 및 여가관련 서비스업",91,스포츠 및 오락관련 서비스업,911,스포츠 서비스업,9111,경기장 운영업,경주장 및 동물 경기장 운영업,1,,,,,
,1495,924302,R,"예술, 스포츠 및 여가관련 서비스업",92,스포츠 및 오락관련 서비스업,924,스포츠 서비스업,9243,기타 스포츠시설 운영업,볼링장 운영업,1,91134,R,"예술, 스포츠 및 여가관련 서비스업",91,스포츠 및 오락관련 서비스업,911,스포츠 서비스업,9113,기타 스포츠시설 운영업,볼링장 운영업,1,,,,,
,1496,924303,R,"예술, 스포츠 및 여가관련 서비스업",92,스포츠 및 오락관련 서비스업,924,스포츠 서비스업,9243,골프장 및 스키장 운영업,골프장 운영업,1,91121,R,"예술, 스포츠 및 여가관련 서비스업",91,스포츠 및 오락관련 서비스업,911,스포츠 서비스업,9112,골프장 및 스키장 운영업,골프장 운영업,1,,,,,
,1497,924304,R,"예술, 스포츠 및 여가관련 서비스업",92,스포츠 및 오락관련 서비스업,924,스포츠 서비스업,9243,골프장 및 스키장 운영업,스키장 운영업,1,91122,R,"예술, 스포츠 및 여가관련 서비스업",91,스포츠 및 오락관련 서비스업,911,스포츠 서비스업,9112,골프장 및 스키장 운영업,스키장 운영업,1,,,,,
,1498,924305,R,"예술, 스포츠 및 여가관련 서비스업",92,스포츠 및 오락관련 서비스업,924,스포츠 서비스업,9243,기타 스포츠시설 운영업,체력 단련시설 운영업,1,91132,R,"예술, 스포츠 및 여가관련 서비스업",91,스포츠 및 오락관련 서비스업,911,스포츠 서비스업,9113,기타 스포츠시설 운영업,체력 단련시설 운영업,1,,,,,
,1499,924306,R,"예술, 스포츠 및 여가관련 서비스업",92,스포츠 및 오락관련 서비스업,924,스포츠 서비스업,9243,기타 스포츠시설 운영업,그 외 기타 스포츠시설 운영업,1,91139,R,"예술, 스포츠 및 여가관련 서비스업",91,스포츠 및 오락관련 서비스업,911,스포츠 서비스업,9113,기타 스포츠시설 운영업,그 외 기타 스포츠시설 운영업,5,,스트레스해소방,,,
,1500,924307,R,"예술, 스포츠 및 여가관련 서비스업",92,스포츠 및 오락관련 서비스업,924,스포츠 서비스업,9243,기타 스포츠시설 운영업,골프 연습장 운영업,1,91136,R,"예술, 스포츠 및 여가관련 서비스업",91,스포츠 및 오락관련 서비스업,911,스포츠 서비스업,9113,기타 스포츠시설 운영업,골프 연습장 운영업,2,2,야외 그물망설치 골프연습장,,,
,1501,924308,R,"예술, 스포츠 및 여가관련 서비스업",92,스포츠 및 오락관련 서비스업,924,스포츠 서비스업,9243,기타 스포츠시설 운영업,골프 연습장 운영업,1,91136,R,"예술, 스포츠 및 여가관련 서비스업",91,스포츠 및 오락관련 서비스업,911,스포츠 서비스업,9113,기타 스포츠시설 운영업,골프 연습장 운영업,2,2,실내 스크린 골프연습장,,,
,1502,924309,R,"예술, 스포츠 및 여가관련 서비스업",92,스포츠 및 오락관련 서비스업,924,스포츠 서비스업,9243,기타 스포츠시설 운영업,당구장 운영업,1,91135,R,"예술, 스포츠 및 여가관련 서비스업",91,스포츠 및 오락관련 서비스업,911,스포츠 서비스업,9113,기타 스포츠시설 운영업,당구장 운영업,1,,,,,
,1503,924310,R,"예술, 스포츠 및 여가관련 서비스업",92,스포츠 및 오락관련 서비스업,924,스포츠 서비스업,9243,기타 스포츠시설 운영업,그 외 기타 스포츠시설 운영업,1,91139,R,"예술, 스포츠 및 여가관련 서비스업",91,스포츠 및 오락관련 서비스업,911,스포츠 서비스업,9113,기타 스포츠시설 운영업,그 외 기타 스포츠시설 운영업,5,,눈썰매장,,,
,1504,924311,R,"예술, 스포츠 및 여가관련 서비스업",92,스포츠 및 오락관련 서비스업,924,스포츠 서비스업,9243,기타 스포츠시설 운영업,수영장 운영업,1,91133,R,"예술, 스포츠 및 여가관련 서비스업",91,스포츠 및 오락관련 서비스업,911,스포츠 서비스업,9113,기타 스포츠시설 운영업,수영장 운영업,1,,,,,
,1505,924312,R,"예술, 스포츠 및 여가관련 서비스업",92,스포츠 및 오락관련 서비스업,924,스포츠 서비스업,9243,기타 스포츠시설 운영업,그 외 기타 스포츠시설 운영업,1,91139,R,"예술, 스포츠 및 여가관련 서비스업",91,스포츠 및 오락관련 서비스업,911,스포츠 서비스업,9113,기타 스포츠시설 운영업,그 외 기타 스포츠시설 운영업,5,,라켓볼ㆍ스쿼시 경기장,,,
,1506,924313,R,"예술, 스포츠 및 여가관련 서비스업",92,스포츠 및 오락관련 서비스업,924,스포츠 서비스업,9243,기타 스포츠시설 운영업,종합 스포츠시설 운영업,1,91131,R,"예술, 스포츠 및 여가관련 서비스업",91,스포츠 및 오락관련 서비스업,911,스포츠 서비스업,9113,기타 스포츠시설 운영업,종합 스포츠시설 운영업,1,,,,,
,1507,924314,R,"예술, 스포츠 및 여가관련 서비스업",92,스포츠 및 오락관련 서비스업,924,스포츠 서비스업,9243,기타 스포츠시설 운영업,그 외 기타 스포츠시설 운영업,1,91139,R,"예술, 스포츠 및 여가관련 서비스업",91,스포츠 및 오락관련 서비스업,911,스포츠 서비스업,9113,기타 스포츠시설 운영업,그 외 기타 스포츠시설 운영업,5,1,,,,
,1508,924901,J,정보통신업,92,영상ㆍ오디오 기록물 제작 및 배급업,924,오디오물 출판 및 원판 녹음업,9249,오디오물 출판 및 원판 녹음업,녹음시설 운영업,1,59202,J,정보통신업,59,영상ㆍ오디오 기록물 제작 및 배급업,592,오디오물 출판 및 원판 녹음업,5920,오디오물 출판 및 원판 녹음업,녹음시설 운영업,1,,,,,
,1509,924902,R,"예술, 스포츠 및 여가관련 서비스업",92,스포츠 및 오락관련 서비스업,924,유원지 및 기타 오락관련 서비스업,9249,오락장 운영업,기타 오락장 운영업,1,91229,R,"예술, 스포츠 및 여가관련 서비스업",91,스포츠 및 오락관련 서비스업,912,유원지 및 기타 오락관련 서비스업,9122,오락장 운영업,기타 오락장 운영업,3,1,,,,
,1510,924903,R,"예술, 스포츠 및 여가관련 서비스업",92,스포츠 및 오락관련 서비스업,924,유원지 및 기타 오락관련 서비스업,9249,오락장 운영업,노래 연습장 운영업,1,91223,R,"예술, 스포츠 및 여가관련 서비스업",91,스포츠 및 오락관련 서비스업,912,유원지 및 기타 오락관련 서비스업,9122,오락장 운영업,노래 연습장 운영업,1,,,,,
,1511,924904,R,"예술, 스포츠 및 여가관련 서비스업",92,스포츠 및 오락관련 서비스업,924,유원지 및 기타 오락관련 서비스업,9249,오락장 운영업,기타 오락장 운영업,1,91229,R,"예술, 스포츠 및 여가관련 서비스업",91,스포츠 및 오락관련 서비스업,912,유원지 및 기타 오락관련 서비스업,9122,오락장 운영업,기타 오락장 운영업,3,,전화방,,,
,1512,924905,R,"예술, 스포츠 및 여가관련 서비스업",92,"창작, 예술 및 여가관련 서비스업",924,"도서관, 사적지 및 유사 여가관련 서비스업",9249,"식물원, 동물원 및 자연공원 운영업",자연공원 운영업,1,90232,R,"예술, 스포츠 및 여가관련 서비스업",90,"창작, 예술 및 여가관련 서비스업",902,"도서관, 사적지 및 유사 여가관련 서비스업",9023,"식물원, 동물원 및 자연공원 운영업",자연공원 운영업,1,,,,,
,1513,924906,R,"예술, 스포츠 및 여가관련 서비스업",92,스포츠 및 오락관련 서비스업,924,유원지 및 기타 오락관련 서비스업,9249,사행시설 관리 및 운영업,복권 발행 및 판매업,1,91241,R,"예술, 스포츠 및 여가관련 서비스업",91,스포츠 및 오락관련 서비스업,912,유원지 및 기타 오락관련 서비스업,9124,사행시설 관리 및 운영업,복권 발행 및 판매업,3,2,복권 발행,,,
,1514,924907,R,"예술, 스포츠 및 여가관련 서비스업",92,스포츠 및 오락관련 서비스업,924,유원지 및 기타 오락관련 서비스업,9249,오락장 운영업,전자 게임장 운영업,1,91221,R,"예술, 스포츠 및 여가관련 서비스업",91,스포츠 및 오락관련 서비스업,912,유원지 및 기타 오락관련 서비스업,9122,오락장 운영업,전자 게임장 운영업,3,1,,,,
,1515,924908,R,"예술, 스포츠 및 여가관련 서비스업",92,스포츠 및 오락관련 서비스업,924,유원지 및 기타 오락관련 서비스업,9249,오락장 운영업,전자 게임장 운영업,1,91221,R,"예술, 스포츠 및 여가관련 서비스업",91,스포츠 및 오락관련 서비스업,912,유원지 및 기타 오락관련 서비스업,9122,오락장 운영업,전자 게임장 운영업,3,,청소년게임장,,,
,1516,924909,R,"예술, 스포츠 및 여가관련 서비스업",92,스포츠 및 오락관련 서비스업,924,유원지 및 기타 오락관련 서비스업,9249,오락장 운영업,컴퓨터 게임방 운영업,1,91222,R,"예술, 스포츠 및 여가관련 서비스업",91,스포츠 및 오락관련 서비스업,912,유원지 및 기타 오락관련 서비스업,9122,오락장 운영업,컴퓨터 게임방 운영업,1,,,,,
,1517,924910,J,정보통신업,92,영상ㆍ오디오 기록물 제작 및 배급업,924,"영화, 비디오물, 방송 프로그램 제작 및 배급업",9249,영화 및 비디오물 상영업,비디오물 감상실 운영업,1,59142,J,정보통신업,59,영상ㆍ오디오 기록물 제작 및 배급업,591,"영화, 비디오물, 방송 프로그램 제작 및 배급업",5914,영화 및 비디오물 상영업,비디오물 감상실 운영업,1,,,,,
,1518,924911,R,"예술, 스포츠 및 여가관련 서비스업",92,스포츠 및 오락관련 서비스업,924,유원지 및 기타 오락관련 서비스업,9249,그 외 기타 오락관련 서비스업,그 외 기타 분류 안된 오락관련 서비스업,1,91299,R,"예술, 스포츠 및 여가관련 서비스업",91,스포츠 및 오락관련 서비스업,912,유원지 및 기타 오락관련 서비스업,9129,그 외 기타 오락관련 서비스업,그 외 기타 분류 안된 오락관련 서비스업,1,,,,,
,1519,924912,R,"예술, 스포츠 및 여가관련 서비스업",92,스포츠 및 오락관련 서비스업,924,유원지 및 기타 오락관련 서비스업,9249,오락장 운영업,전자 게임장 운영업,1,91221,R,"예술, 스포츠 및 여가관련 서비스업",91,스포츠 및 오락관련 서비스업,912,유원지 및 기타 오락관련 서비스업,9122,오락장 운영업,전자 게임장 운영업,3,,실내운전연습실,,,
,1520,924913,R,"예술, 스포츠 및 여가관련 서비스업",92,스포츠 및 오락관련 서비스업,924,유원지 및 기타 오락관련 서비스업,9249,오락장 운영업,기타 오락장 운영업,1,91229,R,"예술, 스포츠 및 여가관련 서비스업",91,스포츠 및 오락관련 서비스업,912,유원지 및 기타 오락관련 서비스업,9122,오락장 운영업,기타 오락장 운영업,3,,보드게임방,,,
,1521,924914,R,"예술, 스포츠 및 여가관련 서비스업",92,스포츠 및 오락관련 서비스업,924,유원지 및 기타 오락관련 서비스업,9249,수상오락 서비스업,낚시장 운영업,1,91231,R,"예술, 스포츠 및 여가관련 서비스업",91,스포츠 및 오락관련 서비스업,912,유원지 및 기타 오락관련 서비스업,9123,수상오락 서비스업,낚시장 운영업,1,,,,,
,1522,924915,R,"예술, 스포츠 및 여가관련 서비스업",92,스포츠 및 오락관련 서비스업,924,유원지 및 기타 오락관련 서비스업,9249,수상오락 서비스업,기타 수상오락 서비스업,1,91239,R,"예술, 스포츠 및 여가관련 서비스업",91,스포츠 및 오락관련 서비스업,912,유원지 및 기타 오락관련 서비스업,9123,수상오락 서비스업,기타 수상오락 서비스업,1,,,,,
,1523,924916,R,"예술, 스포츠 및 여가관련 서비스업",92,스포츠 및 오락관련 서비스업,924,유원지 및 기타 오락관련 서비스업,9249,그 외 기타 오락관련 서비스업,체육 공원 및 유사 공원 운영업,1,91292,R,"예술, 스포츠 및 여가관련 서비스업",91,스포츠 및 오락관련 서비스업,912,유원지 및 기타 오락관련 서비스업,9129,그 외 기타 오락관련 서비스업,체육 공원 및 유사 공원 운영업,1,,,,,
,1524,924917,R,"예술, 스포츠 및 여가관련 서비스업",92,스포츠 및 오락관련 서비스업,924,유원지 및 기타 오락관련 서비스업,9249,사행시설 관리 및 운영업,카지노 운영업,2,91242,R,"예술, 스포츠 및 여가관련 서비스업",91,스포츠 및 오락관련 서비스업,912,유원지 및 기타 오락관련 서비스업,9124,사행시설 관리 및 운영업,카지노 운영업,1,,,,,
,1524,924917,R,"예술, 스포츠 및 여가관련 서비스업",92,스포츠 및 오락관련 서비스업,924,유원지 및 기타 오락관련 서비스업,9249,사행시설 관리 및 운영업,기타 사행시설 관리 및 운영업,2,91249,R,"예술, 스포츠 및 여가관련 서비스업",91,스포츠 및 오락관련 서비스업,912,유원지 및 기타 오락관련 서비스업,9124,사행시설 관리 및 운영업,기타 사행시설 관리 및 운영업,1,,,,,
,1525,930100,S,"협회 및 단체, 수리 및 기타 개인 서비스업",93,기타 개인 서비스업,930,그 외 기타 개인 서비스업,9301,세탁업,가정용 세탁업,1,96912,S,"협회 및 단체, 수리 및 기타 개인 서비스업",96,기타 개인 서비스업,969,그 외 기타 개인 서비스업,9691,세탁업,가정용 세탁업,1,,,,,
,1526,930101,S,"협회 및 단체, 수리 및 기타 개인 서비스업",93,기타 개인 서비스업,930,그 외 기타 개인 서비스업,9301,세탁업,산업용 세탁업,1,96911,S,"협회 및 단체, 수리 및 기타 개인 서비스업",96,기타 개인 서비스업,969,그 외 기타 개인 서비스업,9691,세탁업,산업용 세탁업,1,,,,,
,1527,930102,S,"협회 및 단체, 수리 및 기타 개인 서비스업",93,기타 개인 서비스업,930,그 외 기타 개인 서비스업,9301,세탁업,세탁물 공급업,1,96913,S,"협회 및 단체, 수리 및 기타 개인 서비스업",96,기타 개인 서비스업,969,그 외 기타 개인 서비스업,9691,세탁업,세탁물 공급업,1,,,,,
,1528,930201,S,"협회 및 단체, 수리 및 기타 개인 서비스업",93,기타 개인 서비스업,930,"미용, 욕탕 및 유사 서비스업",9302,이용 및 미용업,이용업,1,96111,S,"협회 및 단체, 수리 및 기타 개인 서비스업",96,기타 개인 서비스업,961,"미용, 욕탕 및 유사 서비스업",9611,이용 및 미용업,이용업,1,,,,,
,1529,930203,S,"협회 및 단체, 수리 및 기타 개인 서비스업",93,기타 개인 서비스업,930,"미용, 욕탕 및 유사 서비스업",9302,이용 및 미용업,두발 미용업,1,96112,S,"협회 및 단체, 수리 및 기타 개인 서비스업",96,기타 개인 서비스업,961,"미용, 욕탕 및 유사 서비스업",9611,이용 및 미용업,두발 미용업,1,,,,,
,1530,930205,S,"협회 및 단체, 수리 및 기타 개인 서비스업",93,기타 개인 서비스업,930,"미용, 욕탕 및 유사 서비스업",9302,이용 및 미용업,피부 미용업,1,96113,S,"협회 및 단체, 수리 및 기타 개인 서비스업",96,기타 개인 서비스업,961,"미용, 욕탕 및 유사 서비스업",9611,이용 및 미용업,피부 미용업,1,,,,,
,1531,930207,S,"협회 및 단체, 수리 및 기타 개인 서비스업",93,기타 개인 서비스업,930,"미용, 욕탕 및 유사 서비스업",9302,이용 및 미용업,기타 미용업,1,96119,S,"협회 및 단체, 수리 및 기타 개인 서비스업",96,기타 개인 서비스업,961,"미용, 욕탕 및 유사 서비스업",9611,이용 및 미용업,기타 미용업,1,,,,,
,1532,930208,S,"협회 및 단체, 수리 및 기타 개인 서비스업",93,기타 개인 서비스업,930,"미용, 욕탕 및 유사 서비스업",9302,"욕탕, 마사지 및 기타 신체 관리 서비스업",마사지업,1,96122,S,"협회 및 단체, 수리 및 기타 개인 서비스업",96,기타 개인 서비스업,961,"미용, 욕탕 및 유사 서비스업",9612,"욕탕, 마사지 및 기타 신체 관리 서비스업",마사지업,1,,,,,
,1533,930209,S,"협회 및 단체, 수리 및 기타 개인 서비스업",93,기타 개인 서비스업,930,"미용, 욕탕 및 유사 서비스업",9302,"욕탕, 마사지 및 기타 신체 관리 서비스업",체형 등 기타 신체 관리 서비스업,1,96129,S,"협회 및 단체, 수리 및 기타 개인 서비스업",96,기타 개인 서비스업,961,"미용, 욕탕 및 유사 서비스업",9612,"욕탕, 마사지 및 기타 신체 관리 서비스업",체형 등 기타 신체 관리 서비스업,1,,,,,
,1534,930301,S,"협회 및 단체, 수리 및 기타 개인 서비스업",93,기타 개인 서비스업,930,그 외 기타 개인 서비스업,9303,장례식장 및 관련 서비스업,장례식장 및 장의관련 서비스업,1,96921,S,"협회 및 단체, 수리 및 기타 개인 서비스업",96,기타 개인 서비스업,969,그 외 기타 개인 서비스업,9692,장례식장 및 관련 서비스업,장례식장 및 장의관련 서비스업,1,,,,,
,1535,930302,S,"협회 및 단체, 수리 및 기타 개인 서비스업",93,기타 개인 서비스업,930,그 외 기타 개인 서비스업,9303,장례식장 및 관련 서비스업,"화장터 운영, 묘지 분양 및 관리업",1,96922,S,"협회 및 단체, 수리 및 기타 개인 서비스업",96,기타 개인 서비스업,969,그 외 기타 개인 서비스업,9692,장례식장 및 관련 서비스업,"화장터 운영, 묘지 분양 및 관리업",2,1,,,,
,1536,930901,S,"협회 및 단체, 수리 및 기타 개인 서비스업",93,기타 개인 서비스업,930,그 외 기타 개인 서비스업,9309,그 외 기타 분류 안된 개인 서비스업,예식장업,1,96991,S,"협회 및 단체, 수리 및 기타 개인 서비스업",96,기타 개인 서비스업,969,그 외 기타 개인 서비스업,9699,그 외 기타 분류 안된 개인 서비스업,예식장업,1,,,,,
,1537,930902,S,"협회 및 단체, 수리 및 기타 개인 서비스업",93,기타 개인 서비스업,930,"미용, 욕탕 및 유사 서비스업",9309,"욕탕, 마사지 및 기타 신체 관리 서비스업",욕탕업,1,96121,S,"협회 및 단체, 수리 및 기타 개인 서비스업",96,기타 개인 서비스업,961,"미용, 욕탕 및 유사 서비스업",9612,"욕탕, 마사지 및 기타 신체 관리 서비스업",욕탕업,1,,,,,
,1538,930903,N,"사업시설 관리, 사업 지원 및 임대 서비스업",93,임대업; 부동산 제외,930,개인 및 가정용품 임대업,9309,기타 개인 및 가정용품 임대업,의류 임대업,1,76292,N,"사업시설 관리, 사업 지원 및 임대 서비스업",76,임대업; 부동산 제외,762,개인 및 가정용품 임대업,7629,기타 개인 및 가정용품 임대업,의류 임대업,2,,드레스대여 전문점,,,
,1539,930904,M,"전문, 과학 및 기술 서비스업",93,"기타 전문, 과학 및 기술 서비스업",930,사진 촬영 및 처리업,9309,사진 촬영 및 처리업,인물 사진 및 행사용 영상 촬영업,1,73301,M,"전문, 과학 및 기술 서비스업",73,"기타 전문, 과학 및 기술 서비스업",733,사진 촬영 및 처리업,7330,사진 촬영 및 처리업,인물 사진 및 행사용 영상 촬영업,2,,예식사진촬영업,,,
,1540,930908,S,"협회 및 단체, 수리 및 기타 개인 서비스업",93,기타 개인 서비스업,930,그 외 기타 개인 서비스업,9309,그 외 기타 분류 안된 개인 서비스업,그 외 기타 달리 분류되지 않은 개인 서비스업,1,96999,S,"협회 및 단체, 수리 및 기타 개인 서비스업",96,기타 개인 서비스업,969,그 외 기타 개인 서비스업,9699,그 외 기타 분류 안된 개인 서비스업,그 외 기타 달리 분류되지 않은 개인 서비스업,5,,간단한 수화물의 일시적 보관,,,
,1541,930909,S,"협회 및 단체, 수리 및 기타 개인 서비스업",93,기타 개인 서비스업,930,그 외 기타 개인 서비스업,9309,그 외 기타 분류 안된 개인 서비스업,점술 및 유사 서비스업,1,96992,S,"협회 및 단체, 수리 및 기타 개인 서비스업",96,기타 개인 서비스업,969,그 외 기타 개인 서비스업,9699,그 외 기타 분류 안된 개인 서비스업,점술 및 유사 서비스업,1,,,,,
,1542,930911,S,"협회 및 단체, 수리 및 기타 개인 서비스업",93,기타 개인 서비스업,930,그 외 기타 개인 서비스업,9309,그 외 기타 분류 안된 개인 서비스업,그 외 기타 달리 분류되지 않은 개인 서비스업,1,96999,S,"협회 및 단체, 수리 및 기타 개인 서비스업",96,기타 개인 서비스업,969,그 외 기타 개인 서비스업,9699,그 외 기타 분류 안된 개인 서비스업,그 외 기타 달리 분류되지 않은 개인 서비스업,5,,목공,,,
,1543,930912,S,"협회 및 단체, 수리 및 기타 개인 서비스업",93,기타 개인 서비스업,930,그 외 기타 개인 서비스업,9309,그 외 기타 분류 안된 개인 서비스업,결혼 상담 및 준비 서비스업,1,96994,S,"협회 및 단체, 수리 및 기타 개인 서비스업",96,기타 개인 서비스업,969,그 외 기타 개인 서비스업,9699,그 외 기타 분류 안된 개인 서비스업,결혼 상담 및 준비 서비스업,1,,,,,
,1544,930913,S,"협회 및 단체, 수리 및 기타 개인 서비스업",93,기타 개인 서비스업,930,그 외 기타 개인 서비스업,9309,그 외 기타 분류 안된 개인 서비스업,개인 간병 및 유사 서비스업,1,96993,S,"협회 및 단체, 수리 및 기타 개인 서비스업",96,기타 개인 서비스업,969,그 외 기타 개인 서비스업,9699,그 외 기타 분류 안된 개인 서비스업,개인 간병 및 유사 서비스업,1,,,,,
,1545,930914,Q,보건업 및 사회복지 서비스업,93,사회복지 서비스업,930,거주 복지시설 운영업,9309,노인 거주 복지시설 운영업,노인 양로 복지시설 운영업,1,87112,Q,보건업 및 사회복지 서비스업,87,사회복지 서비스업,871,거주 복지시설 운영업,8711,노인 거주 복지시설 운영업,노인 양로 복지시설 운영업,1,,,,,
,1546,930915,P,교육서비스업,93,교육 서비스업,930,교육 지원 서비스업,9309,교육 지원 서비스업,기타 교육지원 서비스업,1,85709,P,교육 서비스업,85,교육 서비스업,857,교육 지원 서비스업,8570,교육 지원 서비스업,기타 교육지원 서비스업,1,,,,,
,1547,930916,N,"사업시설 관리, 사업 지원 및 임대 서비스업",93,사업 지원 서비스업,930,"경비, 경호 및 탐정업",9309,탐정 및 조사 서비스업,탐정 및 조사 서비스업,1,75330,N,"사업시설 관리, 사업 지원 및 임대 서비스업",75,사업 지원 서비스업,753,"경비, 경호 및 탐정업",7533,탐정 및 조사 서비스업,탐정 및 조사 서비스업,1,,,,,
,1548,930917,N,"사업시설 관리, 사업 지원 및 임대 서비스업",93,사업지원서비스업,930,기타 사업지원 서비스업,9309,그 외 기타 사업 지원 서비스업,콜센터 및 텔레마케팅 서비스업,1,75991,N,"사업시설 관리, 사업 지원 및 임대 서비스업",75,사업지원서비스업,759,기타 사업지원 서비스업,7599,그 외 기타 사업 지원 서비스업,콜센터 및 텔레마케팅 서비스업,2,,대리운전연결업체,,,
,1549,930919,S,"협회 및 단체, 수리 및 기타 개인 서비스업",93,기타 개인 서비스업,930,그 외 기타 개인 서비스업,9309,그 외 기타 분류 안된 개인 서비스업,반려동물장묘 및 보호 서비스업,1,96995,S,"협회 및 단체, 수리 및 기타 개인 서비스업",96,기타 개인 서비스업,969,그 외 기타 개인 서비스업,9699,그 외 기타 분류 안된 개인 서비스업,반려동물장묘 및 보호 서비스업,1,,,,,
,1550,930921,P,교육서비스업,93,교육 서비스업,930,교육 지원 서비스업,9309,교육 지원 서비스업,교육관련 자문 및 평가업,1,85701,P,교육 서비스업,85,교육 서비스업,857,교육 지원 서비스업,8570,교육 지원 서비스업,교육관련 자문 및 평가업,1,,,,,
,1551,930925,S,"협회 및 단체, 수리 및 기타 개인 서비스업",93,기타 개인 서비스업,930,그 외 기타 개인 서비스업,9309,그 외 기타 분류 안된 개인 서비스업,그 외 기타 달리 분류되지 않은 개인 서비스업,1,96999,S,"협회 및 단체, 수리 및 기타 개인 서비스업",96,기타 개인 서비스업,969,그 외 기타 개인 서비스업,9699,그 외 기타 분류 안된 개인 서비스업,그 외 기타 달리 분류되지 않은 개인 서비스업,5,1,,,,
,1552,940100,S,"협회 및 단체, 수리 및 기타 개인서비스",94,인적용역,940,인적용역,9401,저술가,작가,2,73902+,M,"전문, 과학 및 기술 서비스업",73,"기타 전문, 과학 및 기술 서비스업",739,"그 외 기타 전문, 과학 및 기술 서비스업",7390,"그 외 기타 전문, 과학 및 기술 서비스업",번역 및 통역 서비스업,2,,인적용역(작가),,,
,1552,940100,S,"협회 및 단체, 수리 및 기타 개인서비스",94,인적용역,940,인적용역,9401,저술가,작가,2,90132+,R,"예술, 스포츠 및 여가관련 서비스업",90,"창작, 예술 및 여가관련 서비스업",901,창작 및 예술관련 서비스업,9013,자영 예술가,비공연 예술가,4,,인적용역(작가),,,
,1553,940200,S,"협회 및 단체, 수리 및 기타 개인서비스",94,인적용역,940,인적용역,9402,화가및관련예술가,화가 및 관련예술가,1,90132+,R,"예술, 스포츠 및 여가관련 서비스업",90,"창작, 예술 및 여가관련 서비스업",901,창작 및 예술관련 서비스업,9013,자영 예술가,비공연 예술가,4,,인적용역(화가 및 관련예술가),,,
,1554,940301,S,"협회 및 단체, 수리 및 기타 개인서비스",94,인적용역,940,인적용역,9403,음악가및연예인,작곡가,1,90132+,R,"예술, 스포츠 및 여가관련 서비스업",90,"창작, 예술 및 여가관련 서비스업",901,창작 및 예술관련 서비스업,9013,자영 예술가,비공연 예술가,4,,인적용역(작곡가),,,
,1555,940302,S,"협회 및 단체, 수리 및 기타 개인서비스",94,인적용역,940,인적용역,9403,음악가및연예인,"배우,탤런트등",1,90131+,R,"예술, 스포츠 및 여가관련 서비스업",90,"창작, 예술 및 여가관련 서비스업",901,창작 및 예술관련 서비스업,9013,자영 예술가,공연 예술가,5,,"인적용역(배우, 탤런트 등)",,,
,1556,940303,S,"협회 및 단체, 수리 및 기타 개인서비스",94,인적용역,940,인적용역,9403,음악가및연예인,모델,1,90131+,R,"예술, 스포츠 및 여가관련 서비스업",90,"창작, 예술 및 여가관련 서비스업",901,창작 및 예술관련 서비스업,9013,자영 예술가,공연 예술가,5,,인적용역(모델),,,
,1557,940304,S,"협회 및 단체, 수리 및 기타 개인서비스",94,인적용역,940,인적용역,9403,음악가및연예인,가수,1,90131+,R,"예술, 스포츠 및 여가관련 서비스업",90,"창작, 예술 및 여가관련 서비스업",901,창작 및 예술관련 서비스업,9013,자영 예술가,공연 예술가,5,,인적용역(가수),,,
,1558,940305,S,"협회 및 단체, 수리 및 기타 개인서비스",94,인적용역,940,인적용역,9403,음악가및연예인,성악가 등,2,90131+,R,"예술, 스포츠 및 여가관련 서비스업",90,"창작, 예술 및 여가관련 서비스업",901,창작 및 예술관련 서비스업,9013,자영 예술가,공연 예술가,5,,인적용역(성악가 등),,,
,1558,940305,S,"협회 및 단체, 수리 및 기타 개인서비스",94,인적용역,940,인적용역,9403,음악가및연예인,성악가 등,2,90132+,R,"예술, 스포츠 및 여가관련 서비스업",90,"창작, 예술 및 여가관련 서비스업",901,창작 및 예술관련 서비스업,9013,자영 예술가,비공연 예술가,4,,"인적용역(영화감독, 연출가)",,,
,1559,940306,S,"협회 및 단체, 수리 및 기타 개인서비스",94,인적용역,940,인적용역,9409,기타자영업,1인미디어콘텐츠창작자,2,59111+,J,정보통신업,59,영상ㆍ오디오 기록물 제작 및 배급업,591,"영화, 비디오물, 방송 프로그램 제작 및 배급업",5911,"영화, 비디오물 및 방송 프로그램 제작업",일반 영화 및 비디오물 제작업,1,,인적용역(1인미디어콘텐츠창작자),,,
,1559,940306,S,"협회 및 단체, 수리 및 기타 개인서비스",94,인적용역,940,인적용역,9409,기타자영업,1인미디어콘텐츠창작자,2,59112+,J,정보통신업,59,영상ㆍ오디오 기록물 제작 및 배급업,591,"영화, 비디오물, 방송 프로그램 제작 및 배급업",5911,"영화, 비디오물 및 방송 프로그램 제작업",애니메이션 영화 및 비디오물 제작업,1,,인적용역(1인미디어콘텐츠창작자),,,
,1560,940500,S,"협회 및 단체, 수리 및 기타 개인서비스",94,인적용역,940,인적용역,9405,연예보조서비스,연예보조서비스,2,90131+,R,"예술, 스포츠 및 여가관련 서비스업",90,"창작, 예술 및 여가관련 서비스업",901,창작 및 예술관련 서비스업,9013,자영 예술가,공연 예술가,5,,인적용역(연예보조출연자),,,
,1560,940500,S,"협회 및 단체, 수리 및 기타 개인서비스",94,인적용역,940,인적용역,9405,연예보조서비스,연예보조서비스,2,90199+,R,"예술, 스포츠 및 여가관련 서비스업",90,"창작, 예술 및 여가관련 서비스업",901,창작 및 예술관련 서비스업,9019,기타 창작 및 예술관련 서비스업,그 외 기타 창작 및 예술관련 서비스업,1,,인적용역(기타 연예보조서비스),,,
,1561,940600,S,"협회 및 단체, 수리 및 기타 개인서비스",94,인적용역,940,인적용역,9406,기타자영업,"자문,감독,지도료,고문료,교정료",3,59202+,J,정보통신업,59,영상ㆍ오디오 기록물 제작 및 배급업,592,오디오물 출판 및 원판 녹음업,5920,오디오물 출판 및 원판 녹음업,녹음시설 운영업,1,,인적용역(음반취입대가),,,
,1561,940600,S,"협회 및 단체, 수리 및 기타 개인서비스",94,인적용역,940,인적용역,9406,기타자영업,"자문,감독,지도료,고문료,교정료",3,71531+,M,"전문, 과학 및 기술 서비스업",71,전문 서비스업,715,회사본부 및 경영 컨설팅 서비스업,7153,경영 컨설팅 및 공공 관계 서비스업,경영 컨설팅업,1,,인적용역(일시적 경영컨설팅),,,
,1561,940600,S,"협회 및 단체, 수리 및 기타 개인서비스",94,인적용역,940,인적용역,9406,기타자영업,"자문,감독,지도료,고문료,교정료",3,75911+,N,"사업시설 관리, 사업 지원 및 임대 서비스업",75,사업 지원 서비스업,759,기타 사업 지원 서비스업,7591,사무 지원 서비스업,문서 작성 및 복사업,1,,"인적용역(교정, 고증, 필경, 타자)",,,
,1562,940901,S,"협회 및 단체, 수리 및 기타 개인서비스",94,인적용역,940,인적용역,9409,기타자영업,바둑기사,1,91199+,R,"예술, 스포츠 및 여가관련 서비스업",91,스포츠 및 오락관련 서비스업,911,스포츠 서비스업,9119,기타 스포츠 서비스업,그 외 기타 스포츠 서비스업,3,,인적용역(바둑기사),,,
,1563,940902,S,"협회 및 단체, 수리 및 기타 개인서비스",94,인적용역,940,인적용역,9409,기타자영업,꽃꽂이교사,5,85501+,P,교육 서비스업,85,교육 서비스업,855,일반 교습학원,8550,일반 교습학원,일반 교과학원,2,,"인적용역(무용, 음악입시전문교사)",,,
,1563,940902,S,"협회 및 단체, 수리 및 기타 개인서비스",94,인적용역,940,인적용역,9409,기타자영업,꽃꽂이교사,5,85613+,P,교육 서비스업,85,교육 서비스업,856,기타 교육기관,8561,스포츠 및 레크리에이션 교육기관,레크리에이션 교육기관,3,,인적용역(사교댄스교사),,,
,1563,940902,S,"협회 및 단체, 수리 및 기타 개인서비스",94,인적용역,940,인적용역,9409,기타자영업,꽃꽂이교사,5,85621+,P,교육 서비스업,85,교육 서비스업,856,기타 교육기관,8562,예술학원,음악학원,3,,인적용역(음악교사),,,
,1563,940902,S,"협회 및 단체, 수리 및 기타 개인서비스",94,인적용역,940,인적용역,9409,기타자영업,꽃꽂이교사,5,85629+,P,교육 서비스업,85,교육 서비스업,856,기타 교육기관,8562,예술학원,기타 예술학원,3,,인적용역(무용교사),,,
,1563,940902,S,"협회 및 단체, 수리 및 기타 개인서비스",94,인적용역,940,인적용역,9409,기타자영업,꽃꽂이교사,5,85669+,P,교육 서비스업,85,교육 서비스업,856,기타 교육기관,8566,기술 및 직업 훈련학원,기타 기술 및 직업 훈련학원,3,,"인적용역(꽃꽂이교사, 요리교사)",,,
,1564,940903,S,"협회 및 단체, 수리 및 기타 개인서비스",94,인적용역,940,인적용역,9409,기타자영업,"학원강사,강사,과외교습자,재단사",15,85501+,P,교육 서비스업,85,교육 서비스업,855,일반 교습학원,8550,일반 교습학원,일반 교과학원,2,,"인적용역(일반 교과학원강사, 강사, 과외교습자)",,,
,1564,940903,S,"협회 및 단체, 수리 및 기타 개인서비스",94,인적용역,940,인적용역,9409,기타자영업,"학원강사,강사,과외교습자,재단사",15,85502+,P,교육 서비스업,85,교육 서비스업,855,일반 교습학원,8550,일반 교습학원,방문 교육학원,3,,인적용역(방문교육학원 강사),,,
,1564,940903,S,"협회 및 단체, 수리 및 기타 개인서비스",94,인적용역,940,인적용역,9409,기타자영업,"학원강사,강사,과외교습자,재단사",15,85503+,P,교육 서비스업,85,교육 서비스업,855,일반 교습학원,8550,일반 교습학원,온라인 교육학원,1,,인적용역(온라인교사 학원 강사),,,
,1564,940903,S,"협회 및 단체, 수리 및 기타 개인서비스",94,인적용역,940,인적용역,9409,기타자영업,"학원강사,강사,과외교습자,재단사",15,85611+,P,교육 서비스업,85,교육 서비스업,856,기타 교육기관,8561,스포츠 및 레크리에이션 교육기관,태권도 및 무술 교육기관,2,,인적용역(태권도 및 무술학원 강사),,,
,1564,940903,S,"협회 및 단체, 수리 및 기타 개인서비스",94,인적용역,940,인적용역,9409,기타자영업,"학원강사,강사,과외교습자,재단사",15,85612+,P,교육 서비스업,85,교육 서비스업,856,기타 교육기관,8561,스포츠 및 레크리에이션 교육기관,기타 스포츠 교육기관,2,,인적용역(기타 스포츠 교육 강사),,,
,1564,940903,S,"협회 및 단체, 수리 및 기타 개인서비스",94,인적용역,940,인적용역,9409,기타자영업,"학원강사,강사,과외교습자,재단사",15,85613+,P,교육 서비스업,85,교육 서비스업,856,기타 교육기관,8561,스포츠 및 레크리에이션 교육기관,레크리에이션 교육기관,3,,"인적용역(레크레이션 학원강사, 강사)",,,
,1564,940903,S,"협회 및 단체, 수리 및 기타 개인서비스",94,인적용역,940,인적용역,9409,기타자영업,"학원강사,강사,과외교습자,재단사",15,85621+,P,교육 서비스업,85,교육 서비스업,856,기타 교육기관,8562,예술학원,음악학원,3,,인적용역(음악학원 강사),,,
,1564,940903,S,"협회 및 단체, 수리 및 기타 개인서비스",94,인적용역,940,인적용역,9409,기타자영업,"학원강사,강사,과외교습자,재단사",15,85622+,P,교육 서비스업,85,교육 서비스업,856,기타 교육기관,8562,예술학원,미술학원,2,,인적용역(미술학원 강사),,,
,1564,940903,S,"협회 및 단체, 수리 및 기타 개인서비스",94,인적용역,940,인적용역,9409,기타자영업,"학원강사,강사,과외교습자,재단사",15,85629+,P,교육 서비스업,85,교육 서비스업,856,기타 교육기관,8562,예술학원,기타 예술학원,3,,인적용역(기타 예술학원 강사),,,
,1564,940903,S,"협회 및 단체, 수리 및 기타 개인서비스",94,인적용역,940,인적용역,9409,기타자영업,"학원강사,강사,과외교습자,재단사",15,85631+,P,교육 서비스업,85,교육 서비스업,856,기타 교육기관,8563,외국어학원 및 기타 교습학원,외국어학원,2,,"인적용역(외국어 학원강사, 강사, 과외교습자)",,,
,1564,940903,S,"협회 및 단체, 수리 및 기타 개인서비스",94,인적용역,940,인적용역,9409,기타자영업,"학원강사,강사,과외교습자,재단사",15,85632+,P,교육 서비스업,85,교육 서비스업,856,기타 교육기관,8563,외국어학원 및 기타 교습학원,기타 교습학원,2,,인적용역(고시학원 등 기타 학원 강사),,,
,1564,940903,S,"협회 및 단체, 수리 및 기타 개인서비스",94,인적용역,940,인적용역,9409,기타자영업,"학원강사,강사,과외교습자,재단사",15,85661+,P,교육 서비스업,85,교육 서비스업,856,기타 교육기관,8566,기술 및 직업 훈련학원,운전학원,2,,인적용역(운전학원 강사),,,
,1564,940903,S,"협회 및 단체, 수리 및 기타 개인서비스",94,인적용역,940,인적용역,9409,기타자영업,"학원강사,강사,과외교습자,재단사",15,85669+,P,교육 서비스업,85,교육 서비스업,856,기타 교육기관,8566,기술 및 직업 훈련학원,기타 기술 및 직업 훈련학원,3,,인적용역(재단사),,,
,1564,940903,S,"협회 및 단체, 수리 및 기타 개인서비스",94,인적용역,940,인적용역,9409,기타자영업,"학원강사,강사,과외교습자,재단사",15,85691+,P,교육 서비스업,85,교육 서비스업,856,기타 교육기관,8569,그 외 기타 교육기관,컴퓨터 학원,2,,인적용역(컴퓨터학원 강사),,,
,1564,940903,S,"협회 및 단체, 수리 및 기타 개인서비스",94,인적용역,940,인적용역,9409,기타자영업,"학원강사,강사,과외교습자,재단사",15,85699+,P,교육 서비스업,85,교육 서비스업,856,기타 교육기관,8569,그 외 기타 교육기관,그 외 기타 분류 안된 교육기관,3,,"인적용역(기타 교육기관의 학원강사, 강사)",,,
,1565,940904,S,"협회 및 단체, 수리 및 기타 개인서비스",94,인적용역,940,인적용역,9409,기타자영업,직업운동가,1,91199+,R,"예술, 스포츠 및 여가관련 서비스업",91,스포츠 및 오락관련 서비스업,911,스포츠 서비스업,9119,기타 스포츠 서비스업,그 외 기타 스포츠 서비스업,3,,인적용역(직업운동가),,,
,1566,940905,S,"협회 및 단체, 수리 및 기타 개인서비스",94,인적용역,940,인적용역,9409,기타자영업,유흥접객원 및 댄서,1,96999+,S,"협회 및 단체, 수리 및 기타 개인 서비스업",96,기타 개인 서비스업,969,그 외 기타 개인 서비스업,9699,그 외 기타 분류 안된 개인 서비스업,그 외 기타 달리 분류되지 않은 개인 서비스업,3,,인적용역(일반 유흥주점 접객원 및 댄서),,,
,1567,940906,S,"협회 및 단체, 수리 및 기타 개인서비스",94,인적용역,940,인적용역,9409,기타자영업,보험설계사,1,66202+,K,금융 및 보험업,66,금융 및 보험관련 서비스업,662,보험 및 연금관련 서비스업,6620,보험 및 연금관련 서비스업,보험 대리 및 중개업,1,,"인적용역(보험설계사, 보험중개사)",,,
,1568,940907,S,"협회 및 단체, 수리 및 기타 개인서비스",94,인적용역,940,인적용역,9409,기타자영업,음료품배달원,1,47992+,G,도매 및 소매업,47,소매업; 자동차 제외,479,무점포 소매업,4799,기타 무점포 소매업,계약배달 판매업,1,,인적용역(음료품배달원),,,
,1569,940908,S,"협회 및 단체, 수리 및 기타 개인서비스",94,인적용역,940,인적용역,9409,기타자영업,"서적방문판매원,학습지방문판매원,화장품방문판매원,정수기방문판매원,자동차방문판매원,일반(기타)방문판매원",3,45110+,G,도매 및 소매업,45,자동차 및 부품 판매업,451,자동차 판매업,4511,자동차 신품 판매업,자동차 신품 판매업,1,,인적용역(자동차 방문 판매원),,,
,1569,940908,S,"협회 및 단체, 수리 및 기타 개인서비스",94,인적용역,940,인적용역,9409,기타자영업,"서적방문판매원,학습지방문판매원,화장품방문판매원,정수기방문판매원,자동차방문판매원,일반(기타)방문판매원",3,47993+,G,도매 및 소매업,47,소매업; 자동차 제외,479,무점포 소매업,4799,기타 무점포 소매업,방문 판매업,2,,인적용역(서적방문판매원/화장품방문판매원/정수기방문판매원/일반(기타)방문판매원),,,
,1569,940908,S,"협회 및 단체, 수리 및 기타 개인서비스",94,인적용역,940,인적용역,9409,기타자영업,"서적방문판매원,학습지방문판매원,화장품방문판매원,정수기방문판매원,자동차방문판매원,일반(기타)방문판매원",3,85502+,P,교육 서비스업,85,교육 서비스업,855,일반 교습학원,8550,일반 교습학원,방문 교육학원,3,,인적용역(학습지방문판매원),,,
,1570,940909,S,"협회 및 단체, 수리 및 기타 개인서비스",94,인적용역,940,인적용역,9409,기타자영업,기타자영업,6,03111+,A,"농업, 임업 및 어업",03,어업,031,어로 어업,0311,해수면 어업,원양 어업,1,,인적용역(어로장),,,
,1570,940909,S,"협회 및 단체, 수리 및 기타 개인서비스",94,인적용역,940,인적용역,9409,기타자영업,기타자영업,6,03112+,A,"농업, 임업 및 어업",03,어업,031,어로 어업,0311,해수면 어업,연근해 어업,1,,인적용역(어로장),,,
,1570,940909,S,"협회 및 단체, 수리 및 기타 개인서비스",94,인적용역,940,인적용역,9409,기타자영업,기타자영업,6,03120+,A,"농업, 임업 및 어업",03,어업,031,어로 어업,0312,내수면 어업,내수면 어업,1,,인적용역(어로장),,,
,1570,940909,S,"협회 및 단체, 수리 및 기타 개인서비스",94,인적용역,940,인적용역,9409,기타자영업,기타자영업,6,62010+,J,정보통신업,62,"컴퓨터 프로그래밍, 시스템 통합 및 관리업",620,"컴퓨터 프로그래밍, 시스템 통합 및 관리업",6201,컴퓨터 프로그래밍 서비스업,컴퓨터 프로그래밍 서비스업,2,,인적용역(컴퓨터 프로그래머),,,
,1570,940909,S,"협회 및 단체, 수리 및 기타 개인서비스",94,인적용역,940,인적용역,9409,기타자영업,기타자영업,6,75999+,N,"사업시설 관리, 사업 지원 및 임대 서비스업",75,사업 지원 서비스업,759,기타 사업 지원 서비스업,7599,그 외 기타 사업 지원 서비스업,그 외 기타 분류 안된 사업 지원 서비스업,4,,"인적용역(전기, 가스 검침원)",,,
,1570,940909,S,"협회 및 단체, 수리 및 기타 개인서비스",94,인적용역,940,인적용역,9409,기타자영업,기타자영업,6,95393+,S,"협회 및 단체, 수리 및 기타 개인 서비스업",95,개인 및 소비용품 수리업,953,개인 및 가정용품 수리업,9539,기타 개인 및 가정용품 수리업,"시계, 귀금속 및 악기 수리업",1,,인적용역(조율사),,,
,1571,940910,S,"협회 및 단체, 수리 및 기타 개인서비스",94,인적용역,940,인적용역,9409,기타자영업,다단계판매원의후원수당,1,47993+,G,도매 및 소매업,47,소매업; 자동차 제외,479,무점포 소매업,4799,기타 무점포 소매업,방문 판매업,2,,인적용역(다단계판매원의 후원수당),,,
,1572,940911,S,"협회 및 단체, 수리 및 기타 개인서비스",94,인적용역,940,인적용역,9409,기타자영업,"기타모집수당,채권회수수당",4,66192+,K,금융 및 보험업,66,금융 및 보험관련 서비스업,661,금융 지원 서비스업,6619,기타 금융 지원 서비스업,투자 자문업 및 투자 일임업,1,,인적용역(증권투자상담사),,,
,1572,940911,S,"협회 및 단체, 수리 및 기타 개인서비스",94,인적용역,940,인적용역,9409,기타자영업,"기타모집수당,채권회수수당",4,66199+,K,금융 및 보험업,66,금융 및 보험관련 서비스업,661,금융 지원 서비스업,6619,기타 금융 지원 서비스업,그 외 기타 금융 지원 서비스업,3,,인적용역(기타 모집수당 증권매입권유),,,
,1572,940911,S,"협회 및 단체, 수리 및 기타 개인서비스",94,인적용역,940,인적용역,9409,기타자영업,"기타모집수당,채권회수수당",4,75993+,N,"사업시설 관리, 사업 지원 및 임대 서비스업",75,사업 지원 서비스업,759,기타 사업 지원 서비스업,7599,그 외 기타 사업 지원 서비스업,신용 조사 및 추심 대행업,1,,인적용역(채권회수수당),,,
,1572,940911,S,"협회 및 단체, 수리 및 기타 개인서비스",94,인적용역,940,인적용역,9409,기타자영업,"기타모집수당,채권회수수당",4,75999+,N,"사업시설 관리, 사업 지원 및 임대 서비스업",75,사업 지원 서비스업,759,기타 사업 지원 서비스업,7599,그 외 기타 사업 지원 서비스업,그 외 기타 분류 안된 사업 지원 서비스업,4,,인적용역(기타모집수당),,,
,1573,940912,S,"협회 및 단체, 수리 및 기타 개인서비스",94,인적용역,940,인적용역,9409,기타자영업,개인간병인,1,96993+,S,"협회 및 단체, 수리 및 기타 개인 서비스업",96,기타 개인 서비스업,969,그 외 기타 개인 서비스업,9699,그 외 기타 분류 안된 개인 서비스업,개인 간병 및 유사 서비스업,1,,인적용역(개인 간병인),,,
,1574,940913,S,"협회 및 단체, 수리 및 기타 개인서비스",94,인적용역,940,인적용역,9409,기타자영업,대리운전기사,1,96999+,S,"협회 및 단체, 수리 및 기타 개인 서비스업",96,기타 개인 서비스업,969,그 외 기타 개인 서비스업,9699,그 외 기타 분류 안된 개인 서비스업,그 외 기타 달리 분류되지 않은 개인 서비스업,3,,인적용역(대리운전기사),,,
,1575,940914,S,"협회 및 단체, 수리 및 기타 개인서비스",94,인적용역,940,인적용역,9409,기타자영업,골프장캐디,1,91199+,R,"예술, 스포츠 및 여가관련 서비스업",91,스포츠 및 오락관련 서비스업,911,스포츠 서비스업,9119,기타 스포츠 서비스업,그 외 기타 스포츠 서비스업,3,,인적용역(골프장캐디),,,
,1576,940915,S,"협회 및 단체, 수리 및 기타 개인서비스",94,인적용역,940,인적용역,9409,기타자영업,목욕관리사,1,96129+,S,"협회 및 단체, 수리 및 기타 개인 서비스업",96,기타 개인 서비스업,961,"미용, 욕탕 및 유사 서비스업",9612,"욕탕, 마사지 및 기타 신체 관리 서비스업",체형 등 기타 신체 관리 서비스업,1,,인적용역(목욕관리사),,,
,1577,940916,S,"협회 및 단체, 수리 및 기타 개인서비스",94,인적용역,940,인적용역,9409,기타자영업,행사도우미,1,75999+,N,"사업시설 관리, 사업 지원 및 임대 서비스업",75,사업 지원 서비스업,759,기타 사업 지원 서비스업,7599,그 외 기타 사업 지원 서비스업,"전시, 컨벤션 및 행사 대행업",4,,인적용역(행사도우미),,,
,1578,940917,S,"협회 및 단체, 수리 및 기타 개인서비스",94,인적용역,940,인적용역,9409,기타자영업,심부름용역원,1,96999+,S,"협회 및 단체, 수리 및 기타 개인 서비스업",96,기타 개인 서비스업,969,그 외 기타 개인 서비스업,9699,그 외 기타 분류 안된 개인 서비스업,그 외 기타 달리 분류되지 않은 개인 서비스업,3,,인적용역(심부름용역원),,,
,1579,940918,S,"협회 및 단체, 수리 및 기타 개인서비스",94,인적용역,940,인적용역,9409,기타자영업,퀵서비스배달원,1,49402+,H,운수 및 창고업,49,육상 운송 및 파이프라인 운송업,494,소화물 전문 운송업,4940,소화물 전문 운송업,늘찬 배달업,2,,인적용역(퀵서비스 배달원),,,
,1580,940919,S,"협회 및 단체, 수리 및 기타 개인서비스",94,인적용역,940,인적용역,9409,기타자영업,기타물품운반원,1,49402+,H,운수 및 창고업,49,육상 운송 및 파이프라인 운송업,494,소화물 전문 운송업,4940,소화물 전문 운송업,늘찬 배달업,2,,인적용역(기타 물품운반원),,,
,1581,940920,S,"협회 및 단체, 수리 및 기타 개인서비스업",94,인적용역,940,인적용역,9409,기타자영업,학습지 방문강사,1,85502+,P,교육 서비스업,85,교육 서비스업,855,일반 교습학원,8550,일반 교습학원,방문 교육학원,3,,"(인적용역)학습지(국어, 영어 등) 회원 가정 방문하여 학습내용 지도",,,
,1582,940921,S,"협회 및 단체, 수리 및 기타 개인서비스업",94,인적용역,940,인적용역,9409,기타자영업,교육교구 방문강사,1,85699+,P,교육 서비스업,85,교육 서비스업,856,기타 교육기관,8569,그 외 기타 교육기관,그 외 기타 분류 안된 교육기관,3,,(인적용역)유아 및 아동의 사고력과 창의력 발달을 위해 학습지가 아닌 교재 및 교구를 활용하여 지도,,,
,1583,940922,S,"협회 및 단체, 수리 및 기타 개인서비스업",94,인적용역,940,인적용역,9409,기타자영업,대여제품 방문점검원,1,75999+,N,"사업시설 관리, 사업 지원 및 임대 서비스업",75,사업 지원 서비스업,759,기타 사업 지원 서비스업,7599,그 외 기타 사업 지원 서비스업,그 외 기타 분류 안된 사업 지원 서비스업,4,,(인적용역)가정 및 사무실 등을 방문하여 대여 제품의 유지·관리를 위한 정기적인 점검,,,
,1584,940923,S,"협회 및 단체, 수리 및 기타 개인서비스업",94,인적용역,940,인적용역,9409,기타자영업,대출모집인,1,66199+,K,금융 및 보험업,66,금융 및 보험관련 서비스업,661,금융 지원 서비스업,6619,기타 금융 지원 서비스업,그 외 기타 금융 지원 서비스업,3,,(인적용역)금융회사나 대출모집법인에서 업무 위탁받아 대출신청 상담업무를 수행하거나 대출 수요자 발굴하여 대출신청자 모집,,,
,1585,940924,S,"협회 및 단체, 수리 및 기타 개인서비스업",94,인적용역,940,인적용역,9409,기타자영업,신용카드회원 모집인,1,66199+,K,금융 및 보험업,66,금융 및 보험관련 서비스업,661,금융 지원 서비스업,6619,기타 금융 지원 서비스업,그 외 기타 금융 지원 서비스업,3,,(인적용역)신용카드 회사로부터 업무를 위탁받아 신용카드 발급계약의 체결을 중개,,,
,1586,940925,S,"협회 및 단체, 수리 및 기타 개인서비스업",94,인적용역,940,인적용역,9409,기타자영업,방과후강사,15,85611+,P,교육 서비스업,85,교육 서비스업,856,기타 교육기관,8561,스포츠 및 레크리에이션 교육기관,태권도 및 무술 교육기관,2,,"(인적용역)학교 교육계획에 따라 일정기간 동안 정규수업 이외 방과후학교 프로그램(단, 돌봄과정 제외) 운영",,,
,1586,940925,S,"협회 및 단체, 수리 및 기타 개인서비스업",94,인적용역,940,인적용역,9409,기타자영업,방과후강사,15,85612+,P,교육 서비스업,85,교육 서비스업,856,기타 교육기관,8561,스포츠 및 레크리에이션 교육기관,기타 스포츠 교육기관,2,,"(인적용역)학교 교육계획에 따라 일정기간 동안 정규수업 이외 방과후학교 프로그램(단, 돌봄과정 제외) 운영",,,
,1586,940925,S,"협회 및 단체, 수리 및 기타 개인서비스업",94,인적용역,940,인적용역,9409,기타자영업,방과후강사,15,85613+,P,교육 서비스업,85,교육 서비스업,856,기타 교육기관,8561,스포츠 및 레크리에이션 교육기관,레크리에이션 교육기관,3,,"(인적용역)학교 교육계획에 따라 일정기간 동안 정규수업 이외 방과후학교 프로그램(단, 돌봄과정 제외) 운영",,,
,1586,940925,S,"협회 및 단체, 수리 및 기타 개인서비스업",94,인적용역,940,인적용역,9409,기타자영업,방과후강사,15,85614+,P,교육 서비스업,85,교육 서비스업,856,기타 교육기관,8561,스포츠 및 레크리에이션 교육기관,청소년 수련시설 운영업,1,,"(인적용역)학교 교육계획에 따라 일정기간 동안 정규수업 이외 방과후학교 프로그램(단, 돌봄과정 제외) 운영",,,
,1586,940925,S,"협회 및 단체, 수리 및 기타 개인서비스업",94,인적용역,940,인적용역,9409,기타자영업,방과후강사,15,85621+,P,교육 서비스업,85,교육 서비스업,856,기타 교육기관,8562,예술학원,음악학원,3,,"(인적용역)학교 교육계획에 따라 일정기간 동안 정규수업 이외 방과후학교 프로그램(단, 돌봄과정 제외) 운영",,,
,1586,940925,S,"협회 및 단체, 수리 및 기타 개인서비스업",94,인적용역,940,인적용역,9409,기타자영업,방과후강사,15,85622+,P,교육 서비스업,85,교육 서비스업,856,기타 교육기관,8562,예술학원,미술학원,2,,"(인적용역)학교 교육계획에 따라 일정기간 동안 정규수업 이외 방과후학교 프로그램(단, 돌봄과정 제외) 운영",,,
,1586,940925,S,"협회 및 단체, 수리 및 기타 개인서비스업",94,인적용역,940,인적용역,9409,기타자영업,방과후강사,15,85629+,P,교육 서비스업,85,교육 서비스업,856,기타 교육기관,8562,예술학원,기타 예술학원,3,,"(인적용역)학교 교육계획에 따라 일정기간 동안 정규수업 이외 방과후학교 프로그램(단, 돌봄과정 제외) 운영",,,
,1586,940925,S,"협회 및 단체, 수리 및 기타 개인서비스업",94,인적용역,940,인적용역,9409,기타자영업,방과후강사,15,85631+,P,교육 서비스업,85,교육 서비스업,856,기타 교육기관,8563,외국어학원 및 기타 교습학원,외국어학원,2,,"(인적용역)학교 교육계획에 따라 일정기간 동안 정규수업 이외 방과후학교 프로그램(단, 돌봄과정 제외) 운영",,,
,1586,940925,S,"협회 및 단체, 수리 및 기타 개인서비스업",94,인적용역,940,인적용역,9409,기타자영업,방과후강사,15,85632+,P,교육 서비스업,85,교육 서비스업,856,기타 교육기관,8563,외국어학원 및 기타 교습학원,기타 교습학원,2,,"(인적용역)학교 교육계획에 따라 일정기간 동안 정규수업 이외 방과후학교 프로그램(단, 돌봄과정 제외) 운영",,,
,1586,940925,S,"협회 및 단체, 수리 및 기타 개인서비스업",94,인적용역,940,인적용역,9409,기타자영업,방과후강사,15,85640+,P,교육 서비스업,85,교육 서비스업,856,"특수학교, 외국인학교 및 대안학교",8564,사회교육시설,사회교육시설,1,,"(인적용역)학교 교육계획에 따라 일정기간 동안 정규수업 이외 방과후학교 프로그램(단, 돌봄과정 제외) 운영",,,
,1586,940925,S,"협회 및 단체, 수리 및 기타 개인서비스업",94,인적용역,940,인적용역,9409,기타자영업,방과후강사,15,85650+,P,교육 서비스업,85,교육 서비스업,856,기타 교육기관,8565,직원 훈련기관,직원 훈련기관,1,,"(인적용역)학교 교육계획에 따라 일정기간 동안 정규수업 이외 방과후학교 프로그램(단, 돌봄과정 제외) 운영",,,
,1586,940925,S,"협회 및 단체, 수리 및 기타 개인서비스업",94,인적용역,940,인적용역,9409,기타자영업,방과후강사,15,85661+,P,교육 서비스업,85,교육 서비스업,856,기타 교육기관,8566,기술 및 직업 훈련학원,운전학원,2,,"(인적용역)학교 교육계획에 따라 일정기간 동안 정규수업 이외 방과후학교 프로그램(단, 돌봄과정 제외) 운영",,,
,1586,940925,S,"협회 및 단체, 수리 및 기타 개인서비스업",94,인적용역,940,인적용역,9409,기타자영업,방과후강사,15,85669+,P,교육 서비스업,85,교육 서비스업,856,기타 교육기관,8566,기술 및 직업 훈련학원,기타 기술 및 직업 훈련학원,3,,"(인적용역)학교 교육계획에 따라 일정기간 동안 정규수업 이외 방과후학교 프로그램(단, 돌봄과정 제외) 운영",,,
,1586,940925,S,"협회 및 단체, 수리 및 기타 개인서비스업",94,인적용역,940,인적용역,9409,기타자영업,방과후강사,15,85691+,P,교육 서비스업,85,교육 서비스업,856,기타 교육기관,8569,그 외 기타 교육기관,컴퓨터 학원,2,,"(인적용역)학교 교육계획에 따라 일정기간 동안 정규수업 이외 방과후학교 프로그램(단, 돌봄과정 제외) 운영",,,
,1586,940925,S,"협회 및 단체, 수리 및 기타 개인서비스업",94,인적용역,940,인적용역,9409,기타자영업,방과후강사,15,85699+,P,교육 서비스업,85,교육 서비스업,856,기타 교육기관,8569,그 외 기타 교육기관,그 외 기타 분류 안된 교육기관,3,,"(인적용역)학교 교육계획에 따라 일정기간 동안 정규수업 이외 방과후학교 프로그램(단, 돌봄과정 제외) 운영",,,
,1587,940926,S,"협회 및 단체, 수리 및 기타 개인서비스업",94,인적용역,940,인적용역,9409,기타자영업,소프트웨어 프리랜서,9,58211+,J,정보통신업,58,출판업,582,소프트웨어 개발 및 공급업,5821,게임 소프트웨어 개발 및 공급업,유선 온라인 게임 소프트웨어 개발 및 공급업,1,,,,,
,1587,940926,S,"협회 및 단체, 수리 및 기타 개인서비스업",94,인적용역,940,인적용역,9409,기타자영업,소프트웨어 프리랜서,9,58212+,J,정보통신업,58,출판업,582,소프트웨어 개발 및 공급업,5821,게임 소프트웨어 개발 및 공급업,모바일 게임 소프트웨어 개발 및 공급업,1,,,,,
,1587,940926,S,"협회 및 단체, 수리 및 기타 개인서비스업",94,인적용역,940,인적용역,9409,기타자영업,소프트웨어 프리랜서,9,58219+,J,정보통신업,58,출판업,582,소프트웨어 개발 및 공급업,5821,게임 소프트웨어 개발 및 공급업,기타 게임 소프트웨어 개발 및 공급업,1,,,,,
,1587,940926,S,"협회 및 단체, 수리 및 기타 개인서비스업",94,인적용역,940,인적용역,9409,기타자영업,소프트웨어 프리랜서,9,58221+,J,정보통신업,58,출판업,582,소프트웨어 개발 및 공급업,5822,시스템ㆍ응용 소프트웨어 개발 및 공급업,시스템 소프트웨어 개발 및 공급업,1,,,,,
,1587,940926,S,"협회 및 단체, 수리 및 기타 개인서비스업",94,인적용역,940,인적용역,9409,기타자영업,소프트웨어 프리랜서,9,58222+,J,정보통신업,58,출판업,582,소프트웨어 개발 및 공급업,5822,시스템ㆍ응용 소프트웨어 개발 및 공급업,응용 소프트웨어 개발 및 공급업,1,,,,,
,1587,940926,S,"협회 및 단체, 수리 및 기타 개인서비스업",94,인적용역,940,인적용역,9409,기타자영업,소프트웨어 프리랜서,9,62010+,J,정보통신업,62,"컴퓨터 프로그래밍, 시스템 통합 및 관리업",620,"컴퓨터 프로그래밍, 시스템 통합 및 관리업",6201,컴퓨터 프로그래밍 서비스업,컴퓨터 프로그래밍 서비스업,2,,,,,
,1587,940926,S,"협회 및 단체, 수리 및 기타 개인서비스업",94,인적용역,940,인적용역,9409,기타자영업,소프트웨어 프리랜서,9,62021+,J,정보통신업,62,"컴퓨터 프로그래밍, 시스템 통합 및 관리업",620,"컴퓨터 프로그래밍, 시스템 통합 및 관리업",6202,"컴퓨터 시스템 통합 자문, 구축 및 관리업",컴퓨터 시스템 통합 자문 및 구축 서비스업,1,,,,,
,1587,940926,S,"협회 및 단체, 수리 및 기타 개인서비스업",94,인적용역,940,인적용역,9409,기타자영업,소프트웨어 프리랜서,9,62022+,J,정보통신업,62,"컴퓨터 프로그래밍, 시스템 통합 및 관리업",620,"컴퓨터 프로그래밍, 시스템 통합 및 관리업",6202,"컴퓨터 시스템 통합 자문, 구축 및 관리업",컴퓨터시설 관리업,1,,,,,
,1587,940926,S,"협회 및 단체, 수리 및 기타 개인서비스업",94,인적용역,940,인적용역,9409,기타자영업,소프트웨어 프리랜서,9,62090+,J,정보통신업,62,"컴퓨터 프로그래밍, 시스템 통합 및 관리업",620,"컴퓨터 프로그래밍, 시스템 통합 및 관리업",6209,기타 정보 기술 및 컴퓨터 운영 관련 서비스업,기타 정보 기술 및 컴퓨터 운영 관련 서비스업,1,,,,,
,1588,940927,S,"협회 및 단체, 수리 및 기타 개인서비스업",94,인적용역,940,인적용역,9409,기타자영업,관광통역 안내사,3,73902+,M,"전문, 과학 및 기술 서비스업",73,"기타 전문, 과학 및 기술 서비스업",739,"그 외 기타 전문, 과학 및 기술 서비스업",7390,"그 외 기타 전문, 과학 및 기술 서비스업",번역 및 통역 서비스업,2,,,,,
,1588,940927,S,"협회 및 단체, 수리 및 기타 개인서비스업",94,인적용역,940,인적용역,9409,기타자영업,관광통역 안내사,3,75210+,N,"사업시설 관리, 사업 지원 및 임대 서비스업",75,사업 지원 서비스업,752,여행사 및 기타 여행 보조 서비스업,7521,여행사업,여행사업,1,,,,,
,1588,940927,S,"협회 및 단체, 수리 및 기타 개인서비스업",94,인적용역,940,인적용역,9409,기타자영업,관광통역 안내사,3,75290+,N,"사업시설 관리, 사업 지원 및 임대 서비스업",75,사업 지원 서비스업,752,여행사 및 기타 여행 보조 서비스업,7529,기타 여행 보조 및 예약 서비스업,기타 여행 보조 및 예약 서비스업,1,,,,,
,1589,940928,S,"협회 및 단체, 수리 및 기타 개인서비스업",94,인적용역,940,인적용역,9409,기타자영업,어린이 통학버스 기사,1,49219+,H,운수 및 창고업,49,육상 운송 및 파이프라인 운송업,492,육상 여객 운송업,4921,도시 정기 육상 여객 운송업,기타 도시 정기 육상 여객 운송업,1,,어린이통학버스기사(교육시설운영자소유차량),,,
,1590,940929,S,"협회 및 단체, 수리 및 기타 개인서비스업",94,인적용역,940,인적용역,9409,기타자영업,중고자동차 판매원,1,45120+,G,도매 및 소매업,45,자동차 및 부품 판매업,451,자동차 판매업,4512,중고 자동차 판매업,중고 자동차 판매업,1,,,,,
,1591,941100,S,"협회 및 단체, 수리 및 기타 개인 서비스업",94,협회 및 단체,941,산업 및 전문가 단체,9411,산업 단체,산업 단체,1,94110,S,"협회 및 단체, 수리 및 기타 개인 서비스업",94,협회 및 단체,941,산업 및 전문가 단체,9411,산업 단체,산업 단체,1,,,,,
,1592,941200,S,"협회 및 단체, 수리 및 기타 개인 서비스업",94,협회 및 단체,941,산업 및 전문가 단체,9412,전문가 단체,전문가 단체,1,94120,S,"협회 및 단체, 수리 및 기타 개인 서비스업",94,협회 및 단체,941,산업 및 전문가 단체,9412,전문가 단체,전문가 단체,1,,,,,
,1593,942000,S,"협회 및 단체, 수리 및 기타 개인 서비스업",94,협회 및 단체,942,노동조합,9420,노동조합,노동조합,1,94200,S,"협회 및 단체, 수리 및 기타 개인 서비스업",94,협회 및 단체,942,노동조합,9420,노동조합,노동조합,1,,,,,
,1594,949111,S,"협회 및 단체, 수리 및 기타 개인 서비스업",94,협회 및 단체,949,기타 협회 및 단체,9491,종교 단체,불교 단체,1,94911,S,"협회 및 단체, 수리 및 기타 개인 서비스업",94,협회 및 단체,949,기타 협회 및 단체,9491,종교 단체,불교 단체,1,,,,,
,1595,949121,S,"협회 및 단체, 수리 및 기타 개인 서비스업",94,협회 및 단체,949,기타 협회 및 단체,9491,종교 단체,기독교 단체,1,94912,S,"협회 및 단체, 수리 및 기타 개인 서비스업",94,협회 및 단체,949,기타 협회 및 단체,9491,종교 단체,기독교 단체,1,,,,,
,1596,949131,S,"협회 및 단체, 수리 및 기타 개인 서비스업",94,협회 및 단체,949,기타 협회 및 단체,9491,종교 단체,천주교 단체,1,94913,S,"협회 및 단체, 수리 및 기타 개인 서비스업",94,협회 및 단체,949,기타 협회 및 단체,9491,종교 단체,천주교 단체,1,,,,,
,1597,949141,S,"협회 및 단체, 수리 및 기타 개인 서비스업",94,협회 및 단체,949,기타 협회 및 단체,9491,종교 단체,민족 종교 단체,1,94914,S,"협회 및 단체, 수리 및 기타 개인 서비스업",94,협회 및 단체,949,기타 협회 및 단체,9491,종교 단체,민족 종교 단체,3,1,,,,
,1598,949142,S,"협회 및 단체, 수리 및 기타 개인 서비스업",94,협회 및 단체,949,기타 협회 및 단체,9491,종교 단체,천도교 단체,1,94914,S,"협회 및 단체, 수리 및 기타 개인 서비스업",94,협회 및 단체,949,기타 협회 및 단체,9491,종교 단체,민족 종교 단체,3,,천도교,,,
,1599,949143,S,"협회 및 단체, 수리 및 기타 개인 서비스업",94,협회 및 단체,949,기타 협회 및 단체,9491,종교 단체,원불교 단체,1,94914,S,"협회 및 단체, 수리 및 기타 개인 서비스업",94,협회 및 단체,949,기타 협회 및 단체,9491,종교 단체,민족 종교 단체,3,,원불교,,,
,1600,949190,S,"협회 및 단체, 수리 및 기타 개인 서비스업",94,협회 및 단체,949,기타 협회 및 단체,9491,종교 단체,기타 종교 단체,1,94919,S,"협회 및 단체, 수리 및 기타 개인 서비스업",94,협회 및 단체,949,기타 협회 및 단체,9491,종교 단체,기타 종교 단체,2,,,,,
,1601,949191,S,"협회 및 단체, 수리 및 기타 개인 서비스업",94,협회 및 단체,949,기타 협회 및 단체,9491,종교 단체,유교 단체,1,94919,S,"협회 및 단체, 수리 및 기타 개인 서비스업",94,협회 및 단체,949,기타 협회 및 단체,9491,종교 단체,기타 종교 단체,2,,유교,,,
,1602,949200,S,"협회 및 단체, 수리 및 기타 개인 서비스업",94,협회 및 단체,949,기타 협회 및 단체,9492,정치 단체,정치 단체,1,94920,S,"협회 및 단체, 수리 및 기타 개인 서비스업",94,협회 및 단체,949,기타 협회 및 단체,9492,정치 단체,정치 단체,1,,,,,
,1603,949311,S,"협회 및 단체, 수리 및 기타 개인 서비스업",94,협회 및 단체,949,기타 협회 및 단체,9493,시민운동 단체,환경운동 단체,1,94931,S,"협회 및 단체, 수리 및 기타 개인 서비스업",94,협회 및 단체,949,기타 협회 및 단체,9493,시민운동 단체,환경운동 단체,1,,,,,
,1604,949390,S,"협회 및 단체, 수리 및 기타 개인 서비스업",94,협회 및 단체,949,기타 협회 및 단체,9493,시민운동 단체,기타 시민운동 단체,1,94939,S,"협회 및 단체, 수리 및 기타 개인 서비스업",94,협회 및 단체,949,기타 협회 및 단체,9493,시민운동 단체,기타 시민운동 단체,1,,,,,
,1605,949900,S,"협회 및 단체, 수리 및 기타 개인 서비스업",94,협회 및 단체,949,기타 협회 및 단체,9499,그 외 기타 협회 및 단체,그 외 기타 협회 및 단체,1,94990,S,"협회 및 단체, 수리 및 기타 개인 서비스업",94,협회 및 단체,949,기타 협회 및 단체,9499,그 외 기타 협회 및 단체,그 외 기타 협회 및 단체,3,1,,,,
,1606,949901,S,"협회 및 단체, 수리 및 기타 개인 서비스업",94,협회 및 단체,949,기타 협회 및 단체,9499,그 외 기타 협회 및 단체,그 외 기타 협회 및 단체,1,94990,S,"협회 및 단체, 수리 및 기타 개인 서비스업",94,협회 및 단체,949,기타 협회 및 단체,9499,그 외 기타 협회 및 단체,그 외 기타 협회 및 단체,3,,입주자대표회의,,,
,1607,949902,S,"협회 및 단체, 수리 및 기타 개인 서비스업",94,협회 및 단체,949,기타 협회 및 단체,9499,그 외 기타 협회 및 단체,그 외 기타 협회 및 단체,1,94990,S,"협회 및 단체, 수리 및 기타 개인 서비스업",94,협회 및 단체,949,기타 협회 및 단체,9499,그 외 기타 협회 및 단체,그 외 기타 협회 및 단체,3,,종중,,,
,1608,950000,S,"협회 및 단체, 수리 및 기타 개인 서비스업",95,기타 개인 서비스업,950,그 외 기타 개인 서비스업,9500,그 외 기타 분류 안된 개인 서비스업,그 외 기타 달리 분류되지 않은 개인 서비스업,1,96999,S,"협회 및 단체, 수리 및 기타 개인 서비스업",96,기타 개인 서비스업,969,그 외 기타 개인 서비스업,9699,그 외 기타 분류 안된 개인 서비스업,그 외 기타 달리 분류되지 않은 개인 서비스업,5,,가구내 기타 개인 서비스,,,
,1609,950001,T,가구 내 고용활동 및 달리 분류되지 않은 자가 소비 생산활동,95,가구 내 고용활동,950,가구 내 고용활동,9500,가구 내 고용활동,가구 내 고용활동,1,97000,T,가구내 고용활동 및 달리 분류되지 않은 자가소비 생산활동,97,가구 내 고용활동,970,가구 내 고용활동,9700,가구 내 고용활동,가구 내 고용활동,1,,,,,
,1610,950002,Q,보건업 및 사회복지 서비스업,95,사회복지 서비스업,950,비거주 복지시설 운영업,9500,보육시설 운영업,보육시설 운영업,1,87210,Q,보건업 및 사회복지 서비스업,87,사회복지 서비스업,872,비거주 복지시설 운영업,8721,보육시설 운영업,보육시설 운영업,2,2,인가된 경우 제외,,,
,1611,990010,U,국제 및 외국기관,99,국제 및 외국기관,990,국제 및 외국기관,9900,국제 및 외국기관,주한 외국 공관,1,99001,U,국제 및 외국기관,99,국제 및 외국기관,990,국제 및 외국기관,9900,국제 및 외국기관,주한 외국 공관,1,,,,,
,1612,990090,U,국제 및 외국기관,99,국제 및 외국기관,990,국제 및 외국기관,9900,국제 및 외국기관,기타 국제 및 외국기관,1,99009,U,국제 및 외국기관,99,국제 및 외국기관,990,국제 및 외국기관,9900,국제 및 외국기관,기타 국제 및 외국기관,1,,,,,
,,,,,,,,,,,,,71511,M,"전문, 과학 및 기술 서비스업",71,전문 서비스업,715,회사본부 및 경영 컨설팅 서비스업,7151,회사본부,제조업 회사본부,1,,표준산업분류에 해당하는 국세청 업종코드가 없음,,,
,,,,,,,,,,,,,71519,M,"전문, 과학 및 기술 서비스업",71,전문 서비스업,715,회사본부 및 경영 컨설팅 서비스업,7151,회사본부,기타 산업 회사본부,1,,표준산업분류에 해당하는 국세청 업종코드가 없음,,,
,,,,,,,,,,,,,98100,T,가구내 고용활동 및 달리 분류되지 않은 자가소비 생산활동,98,달리 분류되지 않은 자가 소비를 위한 가구의 재화 및 서비스 생산활동,981,자가 소비를 위한 가사 생산 활동,9810,자가 소비를 위한 가사 생산 활동,자가 소비를 위한 가사 생산 활동,1,,표준산업분류에 해당하는 국세청 업종코드가 없음,,,
,,,,,,,,,,,,,98200,T,가구내 고용활동 및 달리 분류되지 않은 자가소비 생산활동,98,달리 분류되지 않은 자가 소비를 위한 가구의 재화 및 서비스 생산활동,982,자가 소비를 위한 가사 서비스 활동,9820,자가 소비를 위한 가사 서비스 활동,자가 소비를 위한 가사 서비스 활동,1,,표준산업분류에 해당하는 국세청 업종코드가 없음,,,
